1544345721,3003-eth3,0.00,0.00,0.00,0,0,0.00,0.00,0.00,0,0,0.00,0.00,0,0
1544345721,2002-eth1,0.00,0.00,0.00,0,0,0.00,0.00,0.00,0,0,0.00,0.00,0,0
1544345721,lo,0.00,0.00,0.00,0,0,0.00,0.00,0.00,0,0,0.00,0.00,0,0
1544345721,3005-eth3,0.00,0.00,0.00,0,0,0.00,0.00,0.00,0,0,0.00,0.00,0,0
1544345721,2005-eth3,0.00,0.00,0.00,0,0,0.00,0.00,0.00,0,0,0.00,0.00,0,0
1544345721,3004-eth4,0.00,0.00,0.00,0,0,0.00,0.00,0.00,0,0,0.00,0.00,0,0
1544345721,1004-eth2,0.00,0.00,0.00,0,0,0.00,0.00,0.00,0,0,0.00,0.00,0,0
1544345721,2004-eth4,0.00,0.00,0.00,0,0,0.00,0.00,0.00,0,0,0.00,0.00,0,0
1544345721,1001-eth2,0.00,0.00,0.00,0,0,0.00,0.00,0.00,0,0,0.00,0.00,0,0
1544345721,1003-eth3,0.00,0.00,0.00,0,0,0.00,0.00,0.00,0,0,0.00,0.00,0,0
1544345721,2002-eth4,0.00,0.00,0.00,0,0,0.00,0.00,0.00,0,0,0.00,0.00,0,0
1544345721,1001-eth4,0.00,0.00,0.00,0,0,0.00,0.00,0.00,0,0,0.00,0.00,0,0
1544345721,3001-eth2,0.00,0.00,0.00,0,0,0.00,0.00,0.00,0,0,0.00,0.00,0,0
1544345721,1004-eth1,0.00,0.00,0.00,0,0,0.00,0.00,0.00,0,0,0.00,0.00,0,0
1544345721,3005-eth4,0.00,0.00,0.00,0,0,0.00,0.00,0.00,0,0,0.00,0.00,0,0
1544345721,1003-eth2,0.00,0.00,0.00,0,0,0.00,0.00,0.00,0,0,0.00,0.00,0,0
1544345721,3008-eth1,0.00,0.00,0.00,0,0,0.00,0.00,0.00,0,0,0.00,0.00,0,0
1544345721,1002-eth3,0.00,0.00,0.00,0,0,0.00,0.00,0.00,0,0,0.00,0.00,0,0
1544345721,2006-eth1,0.00,0.00,0.00,0,0,0.00,0.00,0.00,0,0,0.00,0.00,0,0
1544345721,3003-eth1,0.00,0.00,0.00,0,0,0.00,0.00,0.00,0,0,0.00,0.00,0,0
1544345721,2001-eth3,0.00,0.00,0.00,0,0,0.00,0.00,0.00,0,0,0.00,0.00,0,0
1544345721,2008-eth2,0.00,0.00,0.00,0,0,0.00,0.00,0.00,0,0,0.00,0.00,0,0
1544345721,2008-eth3,0.00,0.00,0.00,0,0,0.00,0.00,0.00,0,0,0.00,0.00,0,0
1544345721,1001-eth3,0.00,0.00,0.00,0,0,0.00,0.00,0.00,0,0,0.00,0.00,0,0
1544345721,2007-eth4,0.00,0.00,0.00,0,0,0.00,0.00,0.00,0,0,0.00,0.00,0,0
1544345721,2004-eth2,0.00,0.00,0.00,0,0,0.00,0.00,0.00,0,0,0.00,0.00,0,0
1544345721,3002-eth1,0.00,0.00,0.00,0,0,0.00,0.00,0.00,0,0,0.00,0.00,0,0
1544345721,3004-eth1,0.00,0.00,0.00,0,0,0.00,0.00,0.00,0,0,0.00,0.00,0,0
1544345721,2006-eth3,0.00,0.00,0.00,0,0,0.00,0.00,0.00,0,0,0.00,0.00,0,0
1544345721,3004-eth2,0.00,0.00,0.00,0,0,0.00,0.00,0.00,0,0,0.00,0.00,0,0
1544345721,3001-eth3,0.00,0.00,0.00,0,0,0.00,0.00,0.00,0,0,0.00,0.00,0,0
1544345721,2003-eth4,0.00,0.00,0.00,0,0,0.00,0.00,0.00,0,0,0.00,0.00,0,0
1544345721,2008-eth4,0.00,0.00,0.00,0,0,0.00,0.00,0.00,0,0,0.00,0.00,0,0
1544345721,3008-eth3,0.00,0.00,0.00,0,0,0.00,0.00,0.00,0,0,0.00,0.00,0,0
1544345721,2005-eth2,0.00,0.00,0.00,0,0,0.00,0.00,0.00,0,0,0.00,0.00,0,0
1544345721,2006-eth4,0.00,0.00,0.00,0,0,0.00,0.00,0.00,0,0,0.00,0.00,0,0
1544345721,3006-eth2,0.00,0.00,0.00,0,0,0.00,0.00,0.00,0,0,0.00,0.00,0,0
1544345721,1003-eth4,0.00,0.00,0.00,0,0,0.00,0.00,0.00,0,0,0.00,0.00,0,0
1544345721,2006-eth2,0.00,0.00,0.00,0,0,0.00,0.00,0.00,0,0,0.00,0.00,0,0
1544345721,3001-eth1,0.00,0.00,0.00,0,0,0.00,0.00,0.00,0,0,0.00,0.00,0,0
1544345721,3008-eth2,0.00,0.00,0.00,0,0,0.00,0.00,0.00,0,0,0.00,0.00,0,0
1544345721,2004-eth3,0.00,0.00,0.00,0,0,0.00,0.00,0.00,0,0,0.00,0.00,0,0
1544345721,3001-eth4,0.00,0.00,0.00,0,0,0.00,0.00,0.00,0,0,0.00,0.00,0,0
1544345721,1003-eth1,0.00,0.00,0.00,0,0,0.00,0.00,0.00,0,0,0.00,0.00,0,0
1544345721,3002-eth2,0.00,0.00,0.00,0,0,0.00,0.00,0.00,0,0,0.00,0.00,0,0
1544345721,2005-eth4,0.00,0.00,0.00,0,0,0.00,0.00,0.00,0,0,0.00,0.00,0,0
1544345721,3003-eth2,0.00,0.00,0.00,0,0,0.00,0.00,0.00,0,0,0.00,0.00,0,0
1544345721,2007-eth1,0.00,0.00,0.00,0,0,0.00,0.00,0.00,0,0,0.00,0.00,0,0
1544345721,1002-eth4,0.00,0.00,0.00,0,0,0.00,0.00,0.00,0,0,0.00,0.00,0,0
1544345721,3002-eth4,0.00,0.00,0.00,0,0,0.00,0.00,0.00,0,0,0.00,0.00,0,0
1544345721,2007-eth3,0.00,0.00,0.00,0,0,0.00,0.00,0.00,0,0,0.00,0.00,0,0
1544345721,3005-eth1,0.00,0.00,0.00,0,0,0.00,0.00,0.00,0,0,0.00,0.00,0,0
1544345721,2001-eth4,0.00,0.00,0.00,0,0,0.00,0.00,0.00,0,0,0.00,0.00,0,0
1544345721,3003-eth4,0.00,0.00,0.00,0,0,0.00,0.00,0.00,0,0,0.00,0.00,0,0
1544345721,2004-eth1,0.00,0.00,0.00,0,0,0.00,0.00,0.00,0,0,0.00,0.00,0,0
1544345721,3006-eth4,0.00,0.00,0.00,0,0,0.00,0.00,0.00,0,0,0.00,0.00,0,0
1544345721,3007-eth1,0.00,0.00,0.00,0,0,0.00,0.00,0.00,0,0,0.00,0.00,0,0
1544345721,2008-eth1,0.00,0.00,0.00,0,0,0.00,0.00,0.00,0,0,0.00,0.00,0,0
1544345721,2002-eth2,0.00,0.00,0.00,0,0,0.00,0.00,0.00,0,0,0.00,0.00,0,0
1544345721,2003-eth1,0.00,0.00,0.00,0,0,0.00,0.00,0.00,0,0,0.00,0.00,0,0
1544345721,3008-eth4,0.00,0.00,0.00,0,0,0.00,0.00,0.00,0,0,0.00,0.00,0,0
1544345721,1004-eth4,0.00,0.00,0.00,0,0,0.00,0.00,0.00,0,0,0.00,0.00,0,0
1544345721,3006-eth1,0.00,0.00,0.00,0,0,0.00,0.00,0.00,0,0,0.00,0.00,0,0
1544345721,1004-eth3,0.00,0.00,0.00,0,0,0.00,0.00,0.00,0,0,0.00,0.00,0,0
1544345721,1002-eth2,0.00,0.00,0.00,0,0,0.00,0.00,0.00,0,0,0.00,0.00,0,0
1544345721,3004-eth3,0.00,0.00,0.00,0,0,0.00,0.00,0.00,0,0,0.00,0.00,0,0
1544345721,2003-eth3,0.00,0.00,0.00,0,0,0.00,0.00,0.00,0,0,0.00,0.00,0,0
1544345721,2005-eth1,0.00,0.00,0.00,0,0,0.00,0.00,0.00,0,0,0.00,0.00,0,0
1544345721,3002-eth3,0.00,0.00,0.00,0,0,0.00,0.00,0.00,0,0,0.00,0.00,0,0
1544345721,3006-eth3,0.00,0.00,0.00,0,0,0.00,0.00,0.00,0,0,0.00,0.00,0,0
1544345721,2001-eth1,0.00,0.00,0.00,0,0,0.00,0.00,0.00,0,0,0.00,0.00,0,0
1544345721,3005-eth2,0.00,0.00,0.00,0,0,0.00,0.00,0.00,0,0,0.00,0.00,0,0
1544345721,2001-eth2,0.00,0.00,0.00,0,0,0.00,0.00,0.00,0,0,0.00,0.00,0,0
1544345721,3007-eth2,0.00,0.00,0.00,0,0,0.00,0.00,0.00,0,0,0.00,0.00,0,0
1544345721,1001-eth1,0.00,0.00,0.00,0,0,0.00,0.00,0.00,0,0,0.00,0.00,0,0
1544345721,3007-eth4,0.00,0.00,0.00,0,0,0.00,0.00,0.00,0,0,0.00,0.00,0,0
1544345721,2003-eth2,0.00,0.00,0.00,0,0,0.00,0.00,0.00,0,0,0.00,0.00,0,0
1544345721,3007-eth3,0.00,0.00,0.00,0,0,0.00,0.00,0.00,0,0,0.00,0.00,0,0
1544345721,1002-eth1,0.00,0.00,0.00,0,0,0.00,0.00,0.00,0,0,0.00,0.00,0,0
1544345721,2002-eth3,0.00,0.00,0.00,0,0,0.00,0.00,0.00,0,0,0.00,0.00,0,0
1544345721,2007-eth2,0.00,0.00,0.00,0,0,0.00,0.00,0.00,0,0,0.00,0.00,0,0
1544345721,total,0.00,0.00,0.00,0,0,0.00,0.00,0.00,0,0,0.00,0.00,0,0
1544345722,3003-eth3,627494.50,107682.32,735176.81,107790,628122,260.74,250.75,511.49,251,261,0.00,0.00,0,0
1544345722,2002-eth1,0.00,0.00,0.00,0,0,0.00,0.00,0.00,0,0,0.00,0.00,0,0
1544345722,lo,1198.80,1198.80,2397.60,1200,1200,19.98,19.98,39.96,20,20,0.00,0.00,0,0
1544345722,3005-eth3,1107770.25,853466.56,1961236.88,854320,1108878,738.26,723.28,1461.54,724,739,0.00,0.00,0,0
1544345722,2005-eth3,22945.05,953272.75,976217.81,954226,22968,347.65,328.67,676.32,329,348,0.00,0.00,0,0
1544345722,3004-eth4,1216601.38,696695.31,1913296.75,697392,1217818,636.36,627.37,1263.74,628,637,0.00,0.00,0,0
1544345722,1004-eth2,31304.70,1216269.75,1247574.50,1217486,31336,431.57,458.54,890.11,459,432,0.00,0.00,0,0
1544345722,2004-eth4,3720.28,4797.20,8517.48,4802,3724,37.96,48.95,86.91,49,38,0.00,0.00,0,0
1544345722,1001-eth2,642399.62,688157.88,1330557.50,688846,643042,484.52,478.52,963.04,479,485,0.00,0.00,0,0
1544345722,1003-eth3,0.00,0.00,0.00,0,0,0.00,0.00,0.00,0,0,0.00,0.00,0,0
1544345722,2002-eth4,3916.08,3916.08,7832.17,3920,3920,39.96,39.96,79.92,40,40,0.00,0.00,0,0
1544345722,1001-eth4,1216801.25,26745.26,1243546.50,26772,1218018,420.58,405.59,826.17,406,421,0.00,0.00,0,0
1544345722,3001-eth2,144553.45,11578.42,156131.88,11590,144698,140.86,146.85,287.71,147,141,0.00,0.00,0,0
1544345722,1004-eth1,11578.42,144553.45,156131.88,144698,11590,146.85,140.86,287.71,141,147,0.00,0.00,0,0
1544345722,3005-eth4,1216082.00,992149.88,2208231.75,993142,1217298,672.33,742.26,1414.59,743,673,0.00,0.00,0,0
1544345722,1003-eth2,0.00,0.00,0.00,0,0,0.00,0.00,0.00,0,0,0.00,0.00,0,0
1544345722,3008-eth1,19780.22,929600.44,949380.62,930530,19800,299.70,320.68,620.38,321,300,0.00,0.00,0,0
1544345722,1002-eth3,0.00,0.00,0.00,0,0,0.00,0.00,0.00,0,0,0.00,0.00,0,0
1544345722,2006-eth1,0.00,0.00,0.00,0,0,0.00,0.00,0.00,0,0,0.00,0.00,0,0
1544345722,3003-eth1,15778.22,625804.19,641582.44,626430,15794,228.77,242.76,471.53,243,229,0.00,0.00,0,0
1544345722,2001-eth3,0.00,0.00,0.00,0,0,0.00,0.00,0.00,0,0,0.00,0.00,0,0
1544345722,2008-eth2,28087.91,1215316.75,1243404.62,1216532,28116,425.57,441.56,867.13,442,426,0.00,0.00,0,0
1544345722,2008-eth3,1032135.88,396769.25,1428905.12,397166,1033168,471.53,466.53,938.06,467,472,0.00,0.00,0,0
1544345722,1001-eth3,22945.05,953314.69,976259.75,954268,22968,347.65,329.67,677.32,330,348,0.00,0.00,0,0
1544345722,2007-eth4,929600.44,19780.22,949380.62,19800,930530,320.68,299.70,620.38,300,321,0.00,0.00,0,0
1544345722,2004-eth2,1216269.75,31304.70,1247574.50,31336,1217486,458.54,431.57,890.11,432,459,0.00,0.00,0,0
1544345722,3002-eth1,1214683.38,989051.00,2203734.25,990040,1215898,804.20,763.24,1567.43,764,805,0.00,0.00,0,0
1544345722,3004-eth1,672379.62,16595.40,688975.06,16612,673052,249.75,241.76,491.51,242,250,0.00,0.00,0,0
1544345722,2006-eth3,1215312.75,27726.28,1243039.00,27754,1216528,419.58,400.60,820.18,401,420,0.00,0.00,0,0
1544345722,3004-eth2,4797.20,3720.28,8517.48,3724,4802,48.95,37.96,86.91,38,49,0.00,0.00,0,0
1544345722,3001-eth3,1216841.25,164269.73,1381110.88,164434,1218058,508.49,472.53,981.02,473,509,0.00,0.00,0,0
1544345722,2003-eth4,16595.40,672379.62,688975.06,673052,16612,241.76,249.75,491.51,250,242,0.00,0.00,0,0
1544345722,2008-eth4,565444.56,13582.42,579027.00,13596,566010,216.78,205.79,422.58,206,217,0.00,0.00,0,0
1544345722,3008-eth3,1217608.38,39184.82,1256793.25,39224,1218826,628.37,399.60,1027.97,400,629,0.00,0.00,0,0
1544345722,2005-eth2,0.00,0.00,0.00,0,0,0.00,0.00,0.00,0,0,0.00,0.00,0,0
1544345722,2006-eth4,29182.82,1198765.25,1227948.12,1199964,29212,413.59,469.53,883.12,470,414,0.00,0.00,0,0
1544345722,3006-eth2,1198765.25,29182.82,1227948.12,29212,1199964,469.53,413.59,883.12,414,470,0.00,0.00,0,0
1544345722,1003-eth4,0.00,0.00,0.00,0,0,0.00,0.00,0.00,0,0,0.00,0.00,0,0
1544345722,2006-eth2,9988.02,169932.14,179920.17,170272,10008,103.79,115.77,219.56,116,104,0.00,0.00,0,0
1544345722,3001-eth1,0.00,0.00,0.00,0,0,0.00,0.00,0.00,0,0,0.00,0.00,0,0
1544345722,3008-eth2,13568.86,564880.25,578449.12,566010,13596,205.59,216.57,422.16,217,206,0.00,0.00,0,0
1544345722,2004-eth3,28437.13,1212588.88,1241026.00,1215014,28494,402.20,418.16,820.36,419,403,0.00,0.00,0,0
1544345722,3001-eth4,32117.77,1213327.38,1245445.12,1215754,32182,458.08,484.03,942.12,485,459,0.00,0.00,0,0
1544345722,1003-eth1,0.00,0.00,0.00,0,0,0.00,0.00,0.00,0,0,0.00,0.00,0,0
1544345722,3002-eth2,3912.18,3912.18,7824.35,3920,3920,39.92,39.92,79.84,40,40,0.00,0.00,0,0
1544345722,2005-eth4,0.00,41.92,41.92,42,0,0.00,1.00,1.00,1,0,0.00,0.00,0,0
1544345722,3003-eth2,1212588.88,28437.13,1241026.00,28494,1215014,418.16,402.20,820.36,403,419,0.00,0.00,0,0
1544345722,2007-eth1,26718.56,1215586.88,1242305.38,1218018,26772,405.19,420.16,825.35,421,406,0.00,0.00,0,0
1544345722,1002-eth4,0.00,0.00,0.00,0,0,0.00,0.00,0.00,0,0,0.00,0.00,0,0
1544345722,3002-eth4,20041.92,565049.94,585091.81,566180,20082,264.47,269.46,533.93,270,265,0.00,0.00,0,0
1544345722,2007-eth3,558231.56,278275.47,836507.00,278832,559348,269.46,275.45,544.91,276,270,0.00,0.00,0,0
1544345722,3005-eth1,952321.38,22922.16,975243.56,22968,954226,328.34,347.31,675.65,348,329,0.00,0.00,0,0
1544345722,2001-eth4,988063.88,1213471.12,2201535.00,1215898,990040,762.48,803.39,1565.87,805,764,0.00,0.00,0,0
1544345722,3003-eth4,26748.50,1216465.12,1243213.62,1218898,26802,384.23,488.02,872.26,489,385,0.00,0.00,0,0
1544345722,2004-eth1,0.00,0.00,0.00,0,0,0.00,0.00,0.00,0,0,0.00,0.00,0,0
1544345722,3006-eth4,31788.42,1215347.38,1247135.75,1217778,31852,453.09,476.05,929.14,477,454,0.00,0.00,0,0
1544345722,3007-eth1,278275.47,558231.56,836507.00,559348,278832,275.45,269.46,544.91,270,276,0.00,0.00,0,0
1544345722,2008-eth1,0.00,0.00,0.00,0,0,0.00,0.00,0.00,0,0,0.00,0.00,0,0
1544345722,2002-eth2,144409.19,11566.87,155976.05,11590,144698,140.72,146.71,287.43,147,141,0.00,0.00,0,0
1544345722,2003-eth1,687471.06,641758.50,1329229.62,643042,688846,478.04,484.03,962.08,485,479,0.00,0.00,0,0
1544345722,3008-eth4,879499.00,853381.25,1732880.25,855088,881258,519.96,602.79,1122.75,604,521,0.00,0.00,0,0
1544345722,1004-eth4,1214103.88,28059.88,1242163.75,28116,1216532,441.12,425.15,866.27,426,442,0.00,0.00,0,0
1544345722,3006-eth1,41.92,0.00,41.92,0,42,1.00,0.00,1.00,0,1,0.00,0.00,0,0
1544345722,1004-eth3,169932.14,9988.02,179920.17,10008,170272,115.77,103.79,219.56,104,116,0.00,0.00,0,0
1544345722,1002-eth2,0.00,0.00,0.00,0,0,0.00,0.00,0.00,0,0,0.00,0.00,0,0
1544345722,3004-eth3,31822.36,1213425.12,1245247.50,1215852,31886,454.09,485.03,939.12,486,455,0.00,0.00,0,0
1544345722,2003-eth3,625179.69,15762.48,640942.12,15794,626430,242.51,228.54,471.06,229,243,0.00,0.00,0,0
1544345722,2005-eth1,952363.31,22922.16,975285.44,22968,954268,329.34,347.31,676.65,348,330,0.00,0.00,0,0
1544345722,3002-eth3,971934.19,651119.75,1623053.88,652422,973878,537.92,537.92,1075.85,539,539,0.00,0.00,0,0
1544345722,3006-eth3,1213702.62,1214958.12,2428660.75,1217388,1216130,763.47,804.39,1567.86,806,765,0.00,0.00,0,0
1544345722,2001-eth1,1216361.25,982020.00,2198381.25,983984,1218794,803.39,758.48,1561.88,760,805,0.00,0.00,0,0
1544345722,3005-eth2,27698.60,1214099.88,1241798.38,1216528,27754,400.20,419.16,819.36,420,401,0.00,0.00,0,0
1544345722,2001-eth2,0.00,0.00,0.00,0,0,0.00,0.00,0.00,0,0,0.00,0.00,0,0
1544345722,3007-eth2,396373.25,1031105.81,1427479.12,1033168,397166,466.07,471.06,937.13,472,467,0.00,0.00,0,0
1544345722,1001-eth1,982020.00,1216361.25,2198381.25,1218794,983984,758.48,803.39,1561.88,805,760,0.00,0.00,0,0
1544345722,3007-eth4,558189.62,278233.53,836423.19,278790,559306,268.46,274.45,542.91,275,269,0.00,0.00,0,0
1544345722,2003-eth2,0.00,0.00,0.00,0,0,0.00,0.00,0.00,0,0,0.00,0.00,0,0
1544345722,3007-eth3,1031147.75,396415.19,1427562.88,397208,1033210,472.06,467.07,939.12,468,473,0.00,0.00,0,0
1544345722,1002-eth1,0.00,0.00,0.00,0,0,0.00,0.00,0.00,0,0,0.00,0.00,0,0
1544345722,2002-eth3,11566.87,144409.19,155976.05,144698,11590,146.71,140.72,287.43,141,147,0.00,0.00,0,0
1544345722,2007-eth2,0.00,0.00,0.00,0,0,0.00,0.00,0.00,0,0,0.00,0.00,0,0
1544345722,total,32142364.00,32417888.00,64560248.00,32482722,32206648,23029.94,23114.77,46144.71,23161,23076,0.00,0.00,0,0
1544345723,3003-eth3,624437.12,149421.16,773858.31,149720,625686,280.44,271.46,551.90,272,281,0.00,0.00,0,0
1544345723,2002-eth1,0.00,0.00,0.00,0,0,0.00,0.00,0.00,0,0,0.00,0.00,0,0
1544345723,lo,0.00,0.00,0.00,0,0,0.00,0.00,0.00,0,0,0.00,0.00,0,0
1544345723,3005-eth3,1111672.62,423455.09,1535127.75,424302,1113896,836.33,569.86,1406.19,571,838,0.00,0.00,0,0
1544345723,2005-eth3,24239.52,1171203.62,1195443.12,1173546,24288,367.27,404.19,771.46,405,368,0.00,0.00,0,0
1544345723,3004-eth4,1217014.00,437441.12,1654455.12,438316,1219448,550.90,540.92,1091.82,542,552,0.00,0.00,0,0
1544345723,1004-eth2,34956.09,1219443.12,1254399.25,1221882,35026,458.08,492.02,950.10,493,459,0.00,0.00,0,0
1544345723,2004-eth4,5714.57,5770.46,11485.03,5782,5726,58.88,58.88,117.76,59,59,0.00,0.00,0,0
1544345723,1001-eth2,630654.69,428443.12,1059097.88,429300,631916,385.23,385.23,770.46,386,386,0.00,0.00,0,0
1544345723,1003-eth3,0.00,0.00,0.00,0,0,0.00,0.00,0.00,0,0,0.00,0.00,0,0
1544345723,2002-eth4,3954.09,3912.18,7866.27,3920,3962,40.92,39.92,80.84,40,41,0.00,0.00,0,0
1544345723,1001-eth4,1057295.50,21736.53,1079032.00,21780,1059410,364.27,329.34,693.61,330,365,0.00,0.00,0,0
1544345723,3001-eth2,304690.62,17980.04,322670.66,18016,305300,221.56,235.53,457.09,236,222,0.00,0.00,0,0
1544345723,1004-eth1,18021.96,304690.62,322712.59,305300,18058,236.53,221.56,458.08,222,237,0.00,0.00,0,0
1544345723,3005-eth4,1225624.75,1221487.00,2447111.75,1223930,1228076,944.11,939.12,1883.23,941,946,0.00,0.00,0,0
1544345723,1003-eth2,0.00,0.00,0.00,0,0,0.00,0.00,0.00,0,0,0.00,0.00,0,0
1544345723,3008-eth1,12778.44,692053.94,704832.38,693438,12804,193.61,238.52,432.14,239,194,0.00,0.00,0,0
1544345723,1002-eth3,0.00,0.00,0.00,0,0,0.00,0.00,0.00,0,0,0.00,0.00,0,0
1544345723,2006-eth1,0.00,0.00,0.00,0,0,0.00,0.00,0.00,0,0,0.00,0.00,0,0
1544345723,3003-eth1,15393.21,620177.69,635570.88,621418,15424,223.55,236.53,460.08,237,224,0.00,0.00,0,0
1544345723,2001-eth3,0.00,41.92,41.92,42,0,0.00,1.00,1.00,1,0,0.00,0.00,0,0
1544345723,2008-eth2,30233.53,1225870.25,1256103.88,1228322,30294,458.08,488.02,946.11,489,459,0.00,0.00,0,0
1544345723,2008-eth3,916143.75,359974.06,1276117.75,360694,917976,415.17,418.16,833.33,419,416,0.00,0.00,0,0
1544345723,1001-eth3,24239.52,1171245.50,1195485.12,1173588,24288,367.27,405.19,772.46,406,368,0.00,0.00,0,0
1544345723,2007-eth4,692053.94,12778.44,704832.38,12804,693438,238.52,193.61,432.14,194,239,0.00,0.00,0,0
1544345723,2004-eth2,1219443.12,34956.09,1254399.25,35026,1221882,492.02,458.08,950.10,459,493,0.00,0.00,0,0
1544345723,3002-eth1,1217002.00,1201726.62,2418728.50,1204130,1219436,816.37,847.31,1663.67,849,818,0.00,0.00,0,0
1544345723,3004-eth1,413091.81,10518.96,423610.78,10540,413918,162.67,149.70,312.38,150,163,0.00,0.00,0,0
1544345723,2006-eth3,1218501.00,29668.66,1248169.75,29728,1220938,420.16,421.16,841.32,422,421,0.00,0.00,0,0
1544345723,3004-eth2,5770.46,5714.57,11485.03,5726,5782,58.88,58.88,117.76,59,59,0.00,0.00,0,0
1544345723,3001-eth3,1221324.75,323666.34,1544991.00,323990,1222546,576.42,542.46,1118.88,543,577,0.00,0.00,0,0
1544345723,2003-eth4,10529.47,413504.50,424033.97,413918,10540,149.85,162.84,312.69,163,150,0.00,0.00,0,0
1544345723,2008-eth4,657248.75,17142.86,674391.62,17160,657906,292.71,259.74,552.45,260,293,0.00,0.00,0,0
1544345723,3008-eth3,1219850.12,827156.88,2047007.00,827984,1221070,422.58,675.32,1097.90,676,423,0.00,0.00,0,0
1544345723,2005-eth2,0.00,0.00,0.00,0,0,0.00,0.00,0.00,0,0,0.00,0.00,0,0
1544345723,2006-eth4,30049.95,1202038.00,1232088.00,1203240,30080,423.58,503.50,927.07,504,424,0.00,0.00,0,0
1544345723,3006-eth2,1202038.00,30049.95,1232088.00,30080,1203240,503.50,423.58,927.07,424,504,0.00,0.00,0,0
1544345723,1003-eth4,0.00,0.00,0.00,0,0,0.00,0.00,0.00,0,0,0.00,0.00,0,0
1544345723,2006-eth2,15242.76,154991.02,170233.77,155146,15258,158.84,124.88,283.72,125,159,0.00,0.00,0,0
1544345723,3001-eth1,41.96,0.00,41.96,0,42,1.00,0.00,1.00,0,1,0.00,0.00,0,0
1544345723,3008-eth2,17142.86,657248.75,674391.62,657906,17160,259.74,292.71,552.45,293,260,0.00,0.00,0,0
1544345723,2004-eth3,32935.07,1223216.88,1256151.88,1224440,32968,437.56,475.52,913.09,476,438,0.00,0.00,0,0
1544345723,3001-eth4,33888.11,1221478.50,1255366.62,1222700,33922,476.52,497.50,974.03,498,477,0.00,0.00,0,0
1544345723,1003-eth1,0.00,0.00,0.00,0,0,0.00,0.00,0.00,0,0,0.00,0.00,0,0
1544345723,3002-eth2,3916.08,3958.04,7874.13,3962,3920,39.96,40.96,80.92,41,40,0.00,0.00,0,0
1544345723,2005-eth4,0.00,41.96,41.96,42,0,0.00,1.00,1.00,1,0,0.00,0.00,0,0
1544345723,3003-eth2,1223216.88,32935.07,1256151.88,32968,1224440,475.52,437.56,913.09,438,476,0.00,0.00,0,0
1544345723,2007-eth1,21758.24,1058351.62,1080109.88,1059410,21780,329.67,364.64,694.31,365,330,0.00,0.00,0,0
1544345723,1002-eth4,0.00,0.00,0.00,0,0,0.00,0.00,0.00,0,0,0.00,0.00,0,0
1544345723,3002-eth4,21060.94,616155.88,637216.81,616772,21082,280.72,289.71,570.43,290,281,0.00,0.00,0,0
1544345723,2007-eth3,609640.38,253001.00,862641.38,253254,610250,272.73,282.72,555.44,283,273,0.00,0.00,0,0
1544345723,3005-eth1,1172373.62,24263.74,1196637.38,24288,1173546,404.60,367.63,772.23,368,405,0.00,0.00,0,0
1544345723,2001-eth4,1202927.12,1218217.88,2421145.00,1219436,1204130,848.15,817.18,1665.33,818,849,0.00,0.00,0,0
1544345723,3003-eth4,28671.33,1178463.62,1207134.88,1179642,28700,393.61,496.50,890.11,497,394,0.00,0.00,0,0
1544345723,2004-eth1,0.00,0.00,0.00,0,0,0.00,0.00,0.00,0,0,0.00,0.00,0,0
1544345723,3006-eth4,32691.31,1216875.12,1249566.50,1218092,32724,463.54,509.49,973.03,510,464,0.00,0.00,0,0
1544345723,3007-eth1,253001.00,609640.38,862641.38,610250,253254,282.72,272.73,555.44,273,283,0.00,0.00,0,0
1544345723,2008-eth1,0.00,0.00,0.00,0,0,0.00,0.00,0.00,0,0,0.00,0.00,0,0
1544345723,2002-eth2,304995.00,18039.96,323034.97,18058,305300,221.78,236.76,458.54,237,222,0.00,0.00,0,0
1544345723,2003-eth1,428871.12,631284.75,1060155.88,631916,429300,385.61,385.61,771.23,386,386,0.00,0.00,0,0
1544345723,3008-eth4,1194841.25,615037.00,1809878.12,615652,1196036,657.34,661.34,1318.68,662,658,0.00,0.00,0,0
1544345723,1004-eth4,1227095.00,30263.74,1257358.62,30294,1228322,488.51,458.54,947.05,459,489,0.00,0.00,0,0
1544345723,3006-eth1,41.96,0.00,41.96,0,42,1.00,0.00,1.00,0,1,0.00,0.00,0,0
1544345723,1004-eth3,154991.02,15242.76,170233.77,15258,155146,124.88,158.84,283.72,159,125,0.00,0.00,0,0
1544345723,1002-eth2,0.00,0.00,0.00,0,0,0.00,0.00,0.00,0,0,0.00,0.00,0,0
1544345723,3004-eth3,34051.95,1221478.50,1255530.50,1222700,34086,478.52,497.50,976.02,498,479,0.00,0.00,0,0
1544345723,2003-eth3,620797.25,15408.59,636205.81,15424,621418,236.76,223.78,460.54,224,237,0.00,0.00,0,0
1544345723,2005-eth1,1172415.62,24263.74,1196679.38,24288,1173588,405.59,367.63,773.23,368,406,0.00,0.00,0,0
1544345723,3002-eth3,1185824.25,645732.31,1831556.50,646378,1187010,608.39,600.40,1208.79,601,609,0.00,0.00,0,0
1544345723,3006-eth3,1219122.88,1219065.00,2438188.00,1220284,1220342,762.24,805.19,1567.43,806,763,0.00,0.00,0,0
1544345723,2001-eth1,1218293.75,1202927.12,2421220.75,1204130,1219512,819.18,848.15,1667.33,849,820,0.00,0.00,0,0
1544345723,3005-eth2,29698.30,1219718.38,1249416.62,1220938,29728,421.58,420.58,842.16,421,422,0.00,0.00,0,0
1544345723,2001-eth2,0.00,0.00,0.00,0,0,0.00,0.00,0.00,0,0,0.00,0.00,0,0
1544345723,3007-eth2,360333.69,917058.94,1277392.62,917976,360694,418.58,415.58,834.17,416,419,0.00,0.00,0,0
1544345723,1001-eth1,1202927.12,1218293.75,2421220.75,1219512,1204130,848.15,819.18,1667.33,820,849,0.00,0.00,0,0
1544345723,3007-eth4,609640.38,253001.00,862641.38,253254,610250,272.73,282.72,555.44,283,273,0.00,0.00,0,0
1544345723,2003-eth2,0.00,0.00,0.00,0,0,0.00,0.00,0.00,0,0,0.00,0.00,0,0
1544345723,3007-eth3,917058.94,360333.69,1277392.62,360694,917976,415.58,418.58,834.17,419,416,0.00,0.00,0,0
1544345723,1002-eth1,0.00,0.00,0.00,0,0,0.00,0.00,0.00,0,0,0.00,0.00,0,0
1544345723,2002-eth3,17998.00,304995.00,322993.03,305300,18016,235.76,221.78,457.54,222,236,0.00,0.00,0,0
1544345723,2007-eth2,0.00,0.00,0.00,0,0,0.00,0.00,0.00,0,0,0.00,0.00,0,0
1544345723,total,32943484.00,32975012.00,65918496.00,33007986,32976426,23895.11,24072.93,47968.03,24097,23919,0.00,0.00,0,0
1544345724,3003-eth3,604807.19,193866.14,798673.38,194060,605412,293.71,285.71,579.42,286,294,0.00,0.00,0,0
1544345724,2002-eth1,0.00,0.00,0.00,0,0,0.00,0.00,0.00,0,0,0.00,0.00,0,0
1544345724,lo,1198.80,1198.80,2397.60,1200,1200,19.98,19.98,39.96,20,20,0.00,0.00,0,0
1544345724,3005-eth3,1110643.38,866869.12,1977512.50,867736,1111754,786.21,663.34,1449.55,664,787,0.00,0.00,0,0
1544345724,2005-eth3,24725.28,1178291.75,1203017.00,1179470,24750,374.63,406.59,781.22,407,375,0.00,0.00,0,0
1544345724,3004-eth4,1223146.88,184979.03,1408125.88,185164,1224370,472.53,457.54,930.07,458,473,0.00,0.00,0,0
1544345724,1004-eth2,37758.24,1222769.25,1260527.50,1223992,37796,497.50,499.50,997.00,500,498,0.00,0.00,0,0
1544345724,2004-eth4,5580.42,5678.32,11258.74,5684,5586,56.94,57.94,114.89,58,57,0.00,0.00,0,0
1544345724,1001-eth2,603594.44,175158.84,778753.25,175334,604198,294.71,290.71,585.41,291,295,0.00,0.00,0,0
1544345724,1003-eth3,0.00,0.00,0.00,0,0,0.00,0.00,0.00,0,0,0.00,0.00,0,0
1544345724,2002-eth4,3818.18,3818.18,7636.36,3822,3822,38.96,38.96,77.92,39,39,0.00,0.00,0,0
1544345724,1001-eth4,754951.06,16417.58,771368.62,16434,755706,260.74,248.75,509.49,249,261,0.00,0.00,0,0
1544345724,3001-eth2,121430.57,11492.51,132923.08,11504,121552,135.86,135.86,271.73,136,136,0.00,0.00,0,0
1544345724,1004-eth1,11394.61,121332.67,132727.28,121454,11406,134.87,134.87,269.73,135,135,0.00,0.00,0,0
1544345724,3005-eth4,1228331.75,1219580.50,2447912.25,1220800,1229560,1142.86,909.09,2051.95,910,1144,0.00,0.00,0,0
1544345724,1003-eth2,0.00,0.00,0.00,0,0,0.00,0.00,0.00,0,0,0.00,0.00,0,0
1544345724,3008-eth1,8439.56,445566.44,454006.00,446012,8448,127.87,153.85,281.72,154,128,0.00,0.00,0,0
1544345724,1002-eth3,0.00,0.00,0.00,0,0,0.00,0.00,0.00,0,0,0.00,0.00,0,0
1544345724,2006-eth1,0.00,0.00,0.00,0,0,0.00,0.00,0.00,0,0,0.00,0.00,0,0
1544345724,3003-eth1,14891.11,598403.62,613294.75,599002,14906,216.78,224.78,441.56,225,217,0.00,0.00,0,0
1544345724,2001-eth3,0.00,0.00,0.00,0,0,0.00,0.00,0.00,0,0,0.00,0.00,0,0
1544345724,2008-eth2,25714.29,1222945.12,1248659.38,1224168,25740,389.61,447.55,837.16,448,390,0.00,0.00,0,0
1544345724,2008-eth3,1014048.00,338705.31,1352753.25,339044,1015062,438.56,441.56,880.12,442,439,0.00,0.00,0,0
1544345724,1001-eth3,24725.28,1178291.75,1203017.00,1179470,24750,374.63,406.59,781.22,407,375,0.00,0.00,0,0
1544345724,2007-eth4,445566.44,8439.56,454006.00,8448,446012,153.85,127.87,281.72,128,154,0.00,0.00,0,0
1544345724,2004-eth2,1222769.25,37758.24,1260527.50,37796,1223992,499.50,497.50,997.00,498,500,0.00,0.00,0,0
1544345724,3002-eth1,1221270.75,1207966.12,2429236.75,1209174,1222492,821.18,838.16,1659.34,839,822,0.00,0.00,0,0
1544345724,3004-eth1,160267.73,5190.81,165458.55,5196,160428,73.93,69.93,143.86,70,74,0.00,0.00,0,0
1544345724,2006-eth3,1222677.38,31802.20,1254479.50,31834,1223900,421.58,444.56,866.13,445,422,0.00,0.00,0,0
1544345724,3004-eth2,5678.32,5580.42,11258.74,5586,5684,57.94,56.94,114.89,57,58,0.00,0.00,0,0
1544345724,3001-eth3,1222030.00,140267.73,1362297.75,140408,1223252,477.52,459.54,937.06,460,478,0.00,0.00,0,0
1544345724,2003-eth4,5190.81,160267.73,165458.55,160428,5196,69.93,73.93,143.86,74,70,0.00,0.00,0,0
1544345724,2008-eth4,531646.38,9758.24,541404.62,9768,532178,208.79,147.85,356.64,148,209,0.00,0.00,0,0
1544345724,3008-eth3,1221238.75,817096.94,2038335.75,817914,1222460,465.53,676.32,1141.86,677,466,0.00,0.00,0,0
1544345724,2005-eth2,0.00,0.00,0.00,0,0,0.00,0.00,0.00,0,0,0.00,0.00,0,0
1544345724,2006-eth4,30237.76,1203486.50,1233724.25,1204690,30268,425.57,488.51,914.09,489,426,0.00,0.00,0,0
1544345724,3006-eth2,1203486.50,30237.76,1233724.25,30268,1204690,488.51,425.57,914.09,426,489,0.00,0.00,0,0
1544345724,1003-eth4,0.00,0.00,0.00,0,0,0.00,0.00,0.00,0,0,0.00,0.00,0,0
1544345724,2006-eth2,15704.30,76929.07,92633.37,77006,15720,163.84,102.90,266.73,103,164,0.00,0.00,0,0
1544345724,3001-eth1,0.00,0.00,0.00,0,0,0.00,0.00,0.00,0,0,0.00,0.00,0,0
1544345724,3008-eth2,9758.24,531646.38,541404.62,532178,9768,147.85,208.79,356.64,209,148,0.00,0.00,0,0
1544345724,2004-eth3,35996.00,1223672.38,1259668.38,1224896,36032,479.52,479.52,959.04,480,480,0.00,0.00,0,0
1544345724,3001-eth4,34305.70,1221534.50,1255840.25,1222756,34340,481.52,497.50,979.02,498,482,0.00,0.00,0,0
1544345724,1003-eth1,0.00,0.00,0.00,0,0,0.00,0.00,0.00,0,0,0.00,0.00,0,0
1544345724,3002-eth2,3818.18,3818.18,7636.36,3822,3822,38.96,38.96,77.92,39,39,0.00,0.00,0,0
1544345724,2005-eth4,0.00,0.00,0.00,0,0,0.00,0.00,0.00,0,0,0.00,0.00,0,0
1544345724,3003-eth2,1223672.38,35996.00,1259668.38,36032,1224896,479.52,479.52,959.04,480,480,0.00,0.00,0,0
1544345724,2007-eth1,16417.58,754951.06,771368.62,755706,16434,248.75,260.74,509.49,261,249,0.00,0.00,0,0
1544345724,1002-eth4,0.00,0.00,0.00,0,0,0.00,0.00,0.00,0,0,0.00,0.00,0,0
1544345724,3002-eth4,20527.47,607236.75,627764.25,607844,20548,273.73,285.71,559.44,286,274,0.00,0.00,0,0
1544345724,2007-eth3,601554.44,300147.88,901702.31,300448,602156,281.72,295.70,577.42,296,282,0.00,0.00,0,0
1544345724,3005-eth1,1178291.75,24725.28,1203017.00,24750,1179470,406.59,374.63,781.22,375,407,0.00,0.00,0,0
1544345724,2001-eth4,1207966.12,1221270.75,2429236.75,1222492,1209174,838.16,821.18,1659.34,822,839,0.00,0.00,0,0
1544345724,3003-eth4,29592.41,1221436.62,1251029.00,1222658,29622,410.59,496.50,907.09,497,411,0.00,0.00,0,0
1544345724,2004-eth1,0.00,0.00,0.00,0,0,0.00,0.00,0.00,0,0,0.00,0.00,0,0
1544345724,3006-eth4,32941.06,1222753.25,1255694.38,1223976,32974,466.53,495.50,962.04,496,467,0.00,0.00,0,0
1544345724,3007-eth1,300147.88,601554.44,901702.31,602156,300448,295.70,281.72,577.42,282,296,0.00,0.00,0,0
1544345724,2008-eth1,0.00,0.00,0.00,0,0,0.00,0.00,0.00,0,0,0.00,0.00,0,0
1544345724,2002-eth2,121332.67,11394.61,132727.28,11406,121454,134.87,134.87,269.73,135,135,0.00,0.00,0,0
1544345724,2003-eth1,175158.84,603594.44,778753.25,604198,175334,290.71,294.71,585.41,295,291,0.00,0.00,0,0
1544345724,3008-eth4,1223566.50,555786.25,1779352.75,556342,1224790,610.39,618.38,1228.77,619,611,0.00,0.00,0,0
1544345724,1004-eth4,1222945.12,25714.29,1248659.38,25740,1224168,447.55,389.61,837.16,390,448,0.00,0.00,0,0
1544345724,3006-eth1,0.00,0.00,0.00,0,0,0.00,0.00,0.00,0,0,0.00,0.00,0,0
1544345724,1004-eth3,76929.07,15704.30,92633.37,15720,77006,102.90,163.84,266.73,164,103,0.00,0.00,0,0
1544345724,1002-eth2,0.00,0.00,0.00,0,0,0.00,0.00,0.00,0,0,0.00,0.00,0,0
1544345724,3004-eth3,33914.09,1221338.75,1255252.75,1222560,33948,477.52,495.50,973.03,496,478,0.00,0.00,0,0
1544345724,2003-eth3,598403.62,14891.11,613294.75,14906,599002,224.78,216.78,441.56,217,225,0.00,0.00,0,0
1544345724,2005-eth1,1178291.75,24725.28,1203017.00,24750,1179470,406.59,374.63,781.22,375,407,0.00,0.00,0,0
1544345724,3002-eth3,1191256.75,622233.81,1813490.50,622856,1192448,603.40,595.40,1198.80,596,604,0.00,0.00,0,0
1544345724,3006-eth3,1222279.75,1222287.75,2444567.50,1223510,1223502,766.23,810.19,1576.42,811,767,0.00,0.00,0,0
1544345724,2001-eth1,1221434.62,1207966.12,2429400.75,1209174,1222656,823.18,838.16,1661.34,839,824,0.00,0.00,0,0
1544345724,3005-eth2,31802.20,1222677.38,1254479.50,1223900,31834,444.56,421.58,866.13,422,445,0.00,0.00,0,0
1544345724,2001-eth2,0.00,0.00,0.00,0,0,0.00,0.00,0.00,0,0,0.00,0.00,0,0
1544345724,3007-eth2,338705.31,1014048.00,1352753.25,1015062,339044,441.56,438.56,880.12,439,442,0.00,0.00,0,0
1544345724,1001-eth1,1207966.12,1221434.62,2429400.75,1222656,1209174,838.16,823.18,1661.34,824,839,0.00,0.00,0,0
1544345724,3007-eth4,601554.44,300147.88,901702.31,300448,602156,281.72,295.70,577.42,296,282,0.00,0.00,0,0
1544345724,2003-eth2,0.00,0.00,0.00,0,0,0.00,0.00,0.00,0,0,0.00,0.00,0,0
1544345724,3007-eth3,1014048.00,338705.31,1352753.25,339044,1015062,438.56,441.56,880.12,442,439,0.00,0.00,0,0
1544345724,1002-eth1,0.00,0.00,0.00,0,0,0.00,0.00,0.00,0,0,0.00,0.00,0,0
1544345724,2002-eth3,11492.51,121430.57,132923.08,121552,11504,135.86,135.86,271.73,136,136,0.00,0.00,0,0
1544345724,2007-eth2,0.00,0.00,0.00,0,0,0.00,0.00,0.00,0,0,0.00,0.00,0,0
1544345724,total,31493034.00,31434970.00,62928000.00,31466404,31524526,22702.30,22737.26,45439.56,22760,22725,0.00,0.00,0,0
1544345725,3003-eth3,587274.75,113926.08,701200.81,114040,587862,244.76,235.76,480.52,236,245,0.00,0.00,0,0
1544345725,2002-eth1,0.00,0.00,0.00,0,0,0.00,0.00,0.00,0,0,0.00,0.00,0,0
1544345725,lo,0.00,0.00,0.00,0,0,0.00,0.00,0.00,0,0,0.00,0.00,0,0
1544345725,3005-eth3,1145216.88,1217548.50,2362765.25,1218766,1146362,760.24,782.22,1542.46,783,761,0.00,0.00,0,0
1544345725,2005-eth3,25516.48,1187168.88,1212685.38,1188356,25542,386.61,409.59,796.20,410,387,0.00,0.00,0,0
1544345725,3004-eth4,1214995.00,217330.67,1432325.75,217548,1216210,480.52,465.53,946.05,466,481,0.00,0.00,0,0
1544345725,1004-eth2,33632.37,1218030.00,1251662.38,1219248,33666,454.55,511.49,966.03,512,455,0.00,0.00,0,0
1544345725,2004-eth4,5776.22,5580.42,11356.64,5586,5782,58.94,56.94,115.88,57,59,0.00,0.00,0,0
1544345725,1001-eth2,591240.75,207598.41,798839.19,207806,591832,303.70,298.70,602.40,299,304,0.00,0.00,0,0
1544345725,1003-eth3,0.00,0.00,0.00,0,0,0.00,0.00,0.00,0,0,0.00,0.00,0,0
1544345725,2002-eth4,3818.18,3916.08,7734.27,3920,3822,38.96,39.96,78.92,40,39,0.00,0.00,0,0
1544345725,1001-eth4,796377.62,17274.73,813652.38,17292,797174,274.73,261.74,536.46,262,275,0.00,0.00,0,0
1544345725,3001-eth2,330769.25,16999.00,347768.25,17016,331100,217.78,219.78,437.56,220,218,0.00,0.00,0,0
1544345725,1004-eth1,16999.00,330867.16,347866.16,331198,17016,219.78,218.78,438.56,219,220,0.00,0.00,0,0
1544345725,3005-eth4,1216757.25,1215866.12,2432623.50,1217082,1217974,770.23,826.17,1596.40,827,771,0.00,0.00,0,0
1544345725,1003-eth2,0.00,0.00,0.00,0,0,0.00,0.00,0.00,0,0,0.00,0.00,0,0
1544345725,3008-eth1,11406.59,639482.56,650889.12,640122,11418,172.83,220.78,393.61,221,173,0.00,0.00,0,0
1544345725,1002-eth3,0.00,0.00,0.00,0,0,0.00,0.00,0.00,0,0,0.00,0.00,0,0
1544345725,2006-eth1,0.00,0.00,0.00,0,0,0.00,0.00,0.00,0,0,0.00,0.00,0,0
1544345725,3003-eth1,14753.25,585194.81,599948.06,585780,14768,213.79,221.78,435.56,222,214,0.00,0.00,0,0
1544345725,2001-eth3,0.00,0.00,0.00,0,0,0.00,0.00,0.00,0,0,0.00,0.00,0,0
1544345725,2008-eth2,31516.48,1217818.25,1249334.75,1219036,31548,477.52,457.54,935.06,458,478,0.00,0.00,0,0
1544345725,2008-eth3,1025888.12,427740.28,1453628.38,428168,1026914,464.54,475.52,940.06,476,465,0.00,0.00,0,0
1544345725,1001-eth3,25516.48,1187168.88,1212685.38,1188356,25542,386.61,409.59,796.20,410,387,0.00,0.00,0,0
1544345725,2007-eth4,639482.56,11406.59,650889.12,11418,640122,220.78,172.83,393.61,173,221,0.00,0.00,0,0
1544345725,2004-eth2,1218030.00,33632.37,1251662.38,33666,1219248,511.49,454.55,966.03,455,512,0.00,0.00,0,0
1544345725,3002-eth1,1218155.88,1214038.00,2432193.75,1215252,1219374,838.16,841.16,1679.32,842,839,0.00,0.00,0,0
1544345725,3004-eth1,192915.09,6045.95,198961.05,6052,193108,85.91,81.92,167.83,82,86,0.00,0.00,0,0
1544345725,2006-eth3,1220443.62,28499.50,1248943.12,28528,1221664,431.57,413.59,845.15,414,432,0.00,0.00,0,0
1544345725,3004-eth2,5580.42,5776.22,11356.64,5782,5586,56.94,58.94,115.88,59,57,0.00,0.00,0,0
1544345725,3001-eth3,1220269.75,349440.56,1569710.38,349790,1221490,560.44,538.46,1098.90,539,561,0.00,0.00,0,0
1544345725,2003-eth4,6045.95,192915.09,198961.05,193108,6052,81.92,85.91,167.83,86,82,0.00,0.00,0,0
1544345725,2008-eth4,604967.06,16813.19,621780.25,16830,605572,245.75,254.75,500.50,255,246,0.00,0.00,0,0
1544345725,3008-eth3,1220103.88,1034091.94,2254195.75,1035126,1221324,733.27,742.26,1475.52,743,734,0.00,0.00,0,0
1544345725,2005-eth2,0.00,0.00,0.00,0,0,0.00,0.00,0.00,0,0,0.00,0.00,0,0
1544345725,2006-eth4,32237.76,1197666.38,1229904.12,1198864,32270,450.55,487.51,938.06,488,451,0.00,0.00,0,0
1544345725,3006-eth2,1197666.38,32237.76,1229904.12,32270,1198864,487.51,450.55,938.06,451,488,0.00,0.00,0,0
1544345725,1003-eth4,0.00,0.00,0.00,0,0,0.00,0.00,0.00,0,0,0.00,0.00,0,0
1544345725,2006-eth2,11576.42,107992.01,119568.44,108100,11588,119.88,129.87,249.75,130,120,0.00,0.00,0,0
1544345725,3001-eth1,0.00,0.00,0.00,0,0,0.00,0.00,0.00,0,0,0.00,0.00,0,0
1544345725,3008-eth2,16813.19,604967.06,621780.25,605572,16830,254.75,245.75,500.50,246,255,0.00,0.00,0,0
1544345725,2004-eth3,31576.42,1223600.38,1255176.88,1224824,31608,433.57,495.50,929.07,496,434,0.00,0.00,0,0
1544345725,3001-eth4,33944.06,1218477.50,1252421.62,1219696,33978,476.52,495.50,972.03,496,477,0.00,0.00,0,0
1544345725,1003-eth1,0.00,0.00,0.00,0,0,0.00,0.00,0.00,0,0,0.00,0.00,0,0
1544345725,3002-eth2,3916.08,3818.18,7734.27,3822,3920,39.96,38.96,78.92,39,40,0.00,0.00,0,0
1544345725,2005-eth4,0.00,0.00,0.00,0,0,0.00,0.00,0.00,0,0,0.00,0.00,0,0
1544345725,3003-eth2,1223600.38,31576.42,1255176.88,31608,1224824,495.50,433.57,929.07,434,496,0.00,0.00,0,0
1544345725,2007-eth1,17274.73,796377.62,813652.38,797174,17292,261.74,274.73,536.46,275,262,0.00,0.00,0,0
1544345725,1002-eth4,0.00,0.00,0.00,0,0,0.00,0.00,0.00,0,0,0.00,0.00,0,0
1544345725,3002-eth4,20855.14,616211.81,637066.94,616828,20876,277.72,289.71,567.43,290,278,0.00,0.00,0,0
1544345725,2007-eth3,612739.25,461712.31,1074451.62,462174,613352,319.68,354.65,674.33,355,320,0.00,0.00,0,0
1544345725,3005-eth1,1187168.88,25516.48,1212685.38,25542,1188356,409.59,386.61,796.20,387,410,0.00,0.00,0,0
1544345725,2001-eth4,1214038.00,1218155.88,2432193.75,1219374,1215252,841.16,838.16,1679.32,839,842,0.00,0.00,0,0
1544345725,3003-eth4,29496.50,1215714.38,1245210.88,1216930,29526,410.59,496.50,907.09,497,411,0.00,0.00,0,0
1544345725,2004-eth1,0.00,0.00,0.00,0,0,0.00,0.00,0.00,0,0,0.00,0.00,0,0
1544345725,3006-eth4,33754.25,1218379.62,1252133.88,1219598,33788,473.53,494.51,968.03,495,474,0.00,0.00,0,0
1544345725,3007-eth1,461712.31,612739.25,1074451.62,613352,462174,354.65,319.68,674.33,320,355,0.00,0.00,0,0
1544345725,2008-eth1,0.00,0.00,0.00,0,0,0.00,0.00,0.00,0,0,0.00,0.00,0,0
1544345725,2002-eth2,330867.16,16999.00,347866.16,17016,331198,218.78,219.78,438.56,220,219,0.00,0.00,0,0
1544345725,2003-eth1,207598.41,591240.75,798839.19,591832,207806,298.70,303.70,602.40,304,299,0.00,0.00,0,0
1544345725,3008-eth4,1221340.75,658763.25,1880104.00,659422,1222562,664.34,666.33,1330.67,667,665,0.00,0.00,0,0
1544345725,1004-eth4,1217818.25,31516.48,1249334.75,31548,1219036,457.54,477.52,935.06,478,458,0.00,0.00,0,0
1544345725,3006-eth1,0.00,0.00,0.00,0,0,0.00,0.00,0.00,0,0,0.00,0.00,0,0
1544345725,1004-eth3,107992.01,11576.42,119568.44,11588,108100,129.87,119.88,249.75,120,130,0.00,0.00,0,0
1544345725,1002-eth2,0.00,0.00,0.00,0,0,0.00,0.00,0.00,0,0,0.00,0.00,0,0
1544345725,3004-eth3,34107.89,1218379.62,1252487.50,1219598,34142,478.52,494.51,973.03,495,479,0.00,0.00,0,0
1544345725,2003-eth3,585194.81,14753.25,599948.06,14768,585780,221.78,213.79,435.56,214,222,0.00,0.00,0,0
1544345725,2005-eth1,1187168.88,25516.48,1212685.38,25542,1188356,409.59,386.61,796.20,387,410,0.00,0.00,0,0
1544345725,3002-eth3,1197001.00,619364.62,1816365.62,619984,1198198,602.40,595.40,1197.80,596,603,0.00,0.00,0,0
1544345725,3006-eth3,1216295.75,1216105.88,2432401.75,1217322,1217512,763.24,804.20,1567.43,805,764,0.00,0.00,0,0
1544345725,2001-eth1,1218090.00,1214103.88,2432193.75,1215318,1219308,837.16,842.16,1679.32,843,838,0.00,0.00,0,0
1544345725,3005-eth2,28499.50,1220443.62,1248943.12,1221664,28528,413.59,431.57,845.15,432,414,0.00,0.00,0,0
1544345725,2001-eth2,0.00,0.00,0.00,0,0,0.00,0.00,0.00,0,0,0.00,0.00,0,0
1544345725,3007-eth2,427740.28,1025888.12,1453628.38,1026914,428168,475.52,464.54,940.06,465,476,0.00,0.00,0,0
1544345725,1001-eth1,1214103.88,1218090.00,2432193.75,1219308,1215318,842.16,837.16,1679.32,838,843,0.00,0.00,0,0
1544345725,3007-eth4,612739.25,461712.31,1074451.62,462174,613352,319.68,354.65,674.33,355,320,0.00,0.00,0,0
1544345725,2003-eth2,0.00,0.00,0.00,0,0,0.00,0.00,0.00,0,0,0.00,0.00,0,0
1544345725,3007-eth3,1025888.12,427740.28,1453628.38,428168,1026914,464.54,475.52,940.06,476,465,0.00,0.00,0,0
1544345725,1002-eth1,0.00,0.00,0.00,0,0,0.00,0.00,0.00,0,0,0.00,0.00,0,0
1544345725,2002-eth3,16999.00,330769.25,347768.25,331100,17016,219.78,217.78,437.56,218,220,0.00,0.00,0,0
1544345725,2007-eth2,0.00,0.00,0.00,0,0,0.00,0.00,0.00,0,0,0.00,0.00,0,0
1544345725,total,32601264.00,33590276.00,66191540.00,33623866,32633864,23616.38,23893.11,47509.49,23917,23640,0.00,0.00,0,0
1544345726,3003-eth3,602601.44,82035.97,684637.38,82118,603204,239.76,234.77,474.53,235,240,0.00,0.00,0,0
1544345726,2002-eth1,0.00,0.00,0.00,0,0,0.00,0.00,0.00,0,0,0.00,0.00,0,0
1544345726,lo,1198.80,1198.80,2397.60,1200,1200,19.98,19.98,39.96,20,20,0.00,0.00,0,0
1544345726,3005-eth3,1172903.12,1221298.75,2394201.75,1222520,1174076,785.21,795.20,1580.42,796,786,0.00,0.00,0,0
1544345726,2005-eth3,25516.48,1194533.50,1220050.00,1195728,25542,386.61,411.59,798.20,412,387,0.00,0.00,0,0
1544345726,3004-eth4,1223146.88,189384.62,1412531.50,189574,1224370,472.53,458.54,931.07,459,473,0.00,0.00,0,0
1544345726,1004-eth2,41998.00,1224233.75,1266231.75,1225458,42040,475.52,516.48,992.01,517,476,0.00,0.00,0,0
1544345726,2004-eth4,5972.03,5972.03,11944.06,5978,5978,60.94,60.94,121.88,61,61,0.00,0.00,0,0
1544345726,1001-eth2,606913.12,179784.22,786697.31,179964,607520,299.70,293.71,593.41,294,300,0.00,0.00,0,0
1544345726,1003-eth3,0.00,0.00,0.00,0,0,0.00,0.00,0.00,0,0,0.00,0.00,0,0
1544345726,2002-eth4,3916.08,3818.18,7734.27,3822,3920,39.96,38.96,78.92,39,40,0.00,0.00,0,0
1544345726,1001-eth4,756397.62,16417.58,772815.19,16434,757154,260.74,248.75,509.49,249,261,0.00,0.00,0,0
1544345726,3001-eth2,114489.52,9878.12,124367.63,9888,114604,117.88,111.89,229.77,112,118,0.00,0.00,0,0
1544345726,1004-eth1,9976.02,114489.52,124465.54,114604,9986,112.89,117.88,230.77,118,113,0.00,0.00,0,0
1544345726,3005-eth4,1222415.62,1223412.62,2445828.25,1224636,1223638,790.21,835.16,1625.37,836,791,0.00,0.00,0,0
1544345726,1003-eth2,0.00,0.00,0.00,0,0,0.00,0.00,0.00,0,0,0.00,0.00,0,0
1544345726,3008-eth1,11700.30,389678.34,401378.62,390068,11712,145.85,161.84,307.69,162,146,0.00,0.00,0,0
1544345726,1002-eth3,0.00,0.00,0.00,0,0,0.00,0.00,0.00,0,0,0.00,0.00,0,0
1544345726,2006-eth1,0.00,0.00,0.00,0,0,0.00,0.00,0.00,0,0,0.00,0.00,0,0
1544345726,3003-eth1,15012.99,601460.56,616473.56,602062,15028,217.78,226.77,444.56,227,218,0.00,0.00,0,0
1544345726,2001-eth3,0.00,0.00,0.00,0,0,0.00,0.00,0.00,0,0,0.00,0.00,0,0
1544345726,2008-eth2,33210.79,1225244.75,1258455.62,1226470,33244,395.60,438.56,834.17,439,396,0.00,0.00,0,0
1544345726,2008-eth3,1069250.75,301168.84,1370419.62,301470,1070320,485.51,488.51,974.03,489,486,0.00,0.00,0,0
1544345726,1001-eth3,25516.48,1194533.50,1220050.00,1195728,25542,386.61,411.59,798.20,412,387,0.00,0.00,0,0
1544345726,2007-eth4,389678.34,11700.30,401378.62,11712,390068,161.84,145.85,307.69,146,162,0.00,0.00,0,0
1544345726,2004-eth2,1224233.75,41998.00,1266231.75,42040,1225458,516.48,475.52,992.01,476,517,0.00,0.00,0,0
1544345726,3002-eth1,1222519.50,1224427.62,2446947.00,1225652,1223742,838.16,845.15,1683.32,846,839,0.00,0.00,0,0
1544345726,3004-eth1,164771.23,5452.55,170223.78,5458,164936,75.92,72.93,148.85,73,76,0.00,0.00,0,0
1544345726,2006-eth3,1220509.50,28351.65,1248861.12,28380,1221730,432.57,415.58,848.15,416,433,0.00,0.00,0,0
1544345726,3004-eth2,5972.03,5972.03,11944.06,5978,5978,60.94,60.94,121.88,61,61,0.00,0.00,0,0
1544345726,3001-eth3,1221828.25,133294.70,1355122.88,133428,1223050,452.55,441.56,894.11,442,453,0.00,0.00,0,0
1544345726,2003-eth4,5452.55,164771.23,170223.78,164936,5458,72.93,75.92,148.85,76,73,0.00,0.00,0,0
1544345726,2008-eth4,437027.00,13074.93,450101.91,13088,437464,199.80,153.85,353.65,154,200,0.00,0.00,0,0
1544345726,3008-eth3,1222519.50,833312.69,2055832.25,834146,1223742,638.36,688.31,1326.67,689,639,0.00,0.00,0,0
1544345726,2005-eth2,0.00,0.00,0.00,0,0,0.00,0.00,0.00,0,0,0.00,0.00,0,0
1544345726,2006-eth4,33084.91,1203976.00,1237061.00,1205180,33118,462.54,493.51,956.04,494,463,0.00,0.00,0,0
1544345726,3006-eth2,1203976.00,33084.91,1237061.00,33118,1205180,493.51,462.54,956.04,463,494,0.00,0.00,0,0
1544345726,1003-eth4,0.00,0.00,0.00,0,0,0.00,0.00,0.00,0,0,0.00,0.00,0,0
1544345726,2006-eth2,11028.97,121528.48,132557.45,121650,11040,113.89,136.86,250.75,137,114,0.00,0.00,0,0
1544345726,3001-eth1,0.00,0.00,0.00,0,0,0.00,0.00,0.00,0,0,0.00,0.00,0,0
1544345726,3008-eth2,13074.93,437027.00,450101.91,437464,13088,153.85,199.80,353.65,200,154,0.00,0.00,0,0
1544345726,2004-eth3,40137.86,1226681.38,1266819.25,1227908,40178,456.54,497.50,954.05,498,457,0.00,0.00,0,0
1544345726,3001-eth4,34273.73,1223144.88,1257418.62,1224368,34308,481.52,499.50,981.02,500,482,0.00,0.00,0,0
1544345726,1003-eth1,0.00,0.00,0.00,0,0,0.00,0.00,0.00,0,0,0.00,0.00,0,0
1544345726,3002-eth2,3818.18,3916.08,7734.27,3920,3822,38.96,39.96,78.92,40,39,0.00,0.00,0,0
1544345726,2005-eth4,0.00,0.00,0.00,0,0,0.00,0.00,0.00,0,0,0.00,0.00,0,0
1544345726,3003-eth2,1226681.38,40137.86,1266819.25,40178,1227908,497.50,456.54,954.05,457,498,0.00,0.00,0,0
1544345726,2007-eth1,16417.58,756397.62,772815.19,757154,16434,248.75,260.74,509.49,261,249,0.00,0.00,0,0
1544345726,1002-eth4,0.00,0.00,0.00,0,0,0.00,0.00,0.00,0,0,0.00,0.00,0,0
1544345726,3002-eth4,20821.18,619072.94,639894.12,619692,20842,276.72,289.71,566.43,290,277,0.00,0.00,0,0
1544345726,2007-eth3,601790.25,239788.22,841578.44,240028,602392,297.70,301.70,599.40,302,298,0.00,0.00,0,0
1544345726,3005-eth1,1194533.50,25516.48,1220050.00,25542,1195728,411.59,386.61,798.20,387,412,0.00,0.00,0,0
1544345726,2001-eth4,1224427.62,1222519.50,2446947.00,1223742,1225652,845.15,838.16,1683.32,839,846,0.00,0.00,0,0
1544345726,3003-eth4,38997.00,869786.25,908783.25,870656,39036,443.56,471.53,915.08,472,444,0.00,0.00,0,0
1544345726,2004-eth1,0.00,0.00,0.00,0,0,0.00,0.00,0.00,0,0,0.00,0.00,0,0
1544345726,3006-eth4,33876.12,1224689.38,1258565.50,1225914,33910,474.53,500.50,975.03,501,475,0.00,0.00,0,0
1544345726,3007-eth1,239788.22,601790.25,841578.44,602392,240028,301.70,297.70,599.40,298,302,0.00,0.00,0,0
1544345726,2008-eth1,0.00,0.00,0.00,0,0,0.00,0.00,0.00,0,0,0.00,0.00,0,0
1544345726,2002-eth2,114489.52,9976.02,124465.54,9986,114604,117.88,112.89,230.77,113,118,0.00,0.00,0,0
1544345726,2003-eth1,179784.22,606913.12,786697.31,607520,179964,293.71,299.70,593.41,300,294,0.00,0.00,0,0
1544345726,3008-eth4,1223025.00,569394.62,1792419.62,569964,1224248,645.35,605.39,1250.75,606,646,0.00,0.00,0,0
1544345726,1004-eth4,1225244.75,33210.79,1258455.62,33244,1226470,438.56,395.60,834.17,396,439,0.00,0.00,0,0
1544345726,3006-eth1,0.00,0.00,0.00,0,0,0.00,0.00,0.00,0,0,0.00,0.00,0,0
1544345726,1004-eth3,121528.48,11028.97,132557.45,11040,121650,136.86,113.89,250.75,114,137,0.00,0.00,0,0
1544345726,1002-eth2,0.00,0.00,0.00,0,0,0.00,0.00,0.00,0,0,0.00,0.00,0,0
1544345726,3004-eth3,34501.50,1223242.75,1257744.25,1224466,34536,483.52,500.50,984.02,501,484,0.00,0.00,0,0
1544345726,2003-eth3,601460.56,15012.99,616473.56,15028,602062,226.77,217.78,444.56,218,227,0.00,0.00,0,0
1544345726,2005-eth1,1194533.50,25516.48,1220050.00,25542,1195728,411.59,386.61,798.20,387,412,0.00,0.00,0,0
1544345726,3002-eth3,1207522.50,637316.69,1844839.25,637954,1208730,608.39,604.40,1212.79,605,609,0.00,0.00,0,0
1544345726,3006-eth3,1223994.00,1222090.00,2446084.00,1223312,1225218,792.21,807.19,1599.40,808,793,0.00,0.00,0,0
1544345726,2001-eth1,1222519.50,1224361.62,2446881.25,1225586,1223742,838.16,844.16,1682.32,845,839,0.00,0.00,0,0
1544345726,3005-eth2,28351.65,1220509.50,1248861.12,1221730,28380,415.58,432.57,848.15,433,416,0.00,0.00,0,0
1544345726,2001-eth2,0.00,0.00,0.00,0,0,0.00,0.00,0.00,0,0,0.00,0.00,0,0
1544345726,3007-eth2,301168.84,1069250.75,1370419.62,1070320,301470,488.51,485.51,974.03,486,489,0.00,0.00,0,0
1544345726,1001-eth1,1224361.62,1222519.50,2446881.25,1223742,1225586,844.16,838.16,1682.32,839,845,0.00,0.00,0,0
1544345726,3007-eth4,601790.25,239788.22,841578.44,240028,602392,297.70,301.70,599.40,302,298,0.00,0.00,0,0
1544345726,2003-eth2,0.00,0.00,0.00,0,0,0.00,0.00,0.00,0,0,0.00,0.00,0,0
1544345726,3007-eth3,1069250.75,301168.84,1370419.62,301470,1070320,485.51,488.51,974.03,489,486,0.00,0.00,0,0
1544345726,1002-eth1,0.00,0.00,0.00,0,0,0.00,0.00,0.00,0,0,0.00,0.00,0,0
1544345726,2002-eth3,9878.12,114489.52,124367.63,114604,9888,111.89,117.88,229.77,118,112,0.00,0.00,0,0
1544345726,2007-eth2,0.00,0.00,0.00,0,0,0.00,0.00,0.00,0,0,0.00,0.00,0,0
1544345726,total,31576780.00,31235748.00,62812524.00,31266982,31608356,22777.22,22932.07,45709.29,22955,22800,0.00,0.00,0,0
1544345727,3003-eth3,612605.44,144703.30,757308.69,144848,613218,254.75,263.74,518.48,264,255,0.00,0.00,0,0
1544345727,2002-eth1,0.00,0.00,0.00,0,0,0.00,0.00,0.00,0,0,0.00,0.00,0,0
1544345727,lo,0.00,0.00,0.00,0,0,0.00,0.00,0.00,0,0,0.00,0.00,0,0
1544345727,3005-eth3,1153764.25,1223598.38,2377362.75,1224822,1154918,758.24,786.21,1544.46,787,759,0.00,0.00,0,0
1544345727,2005-eth3,25384.62,1193087.00,1218471.50,1194280,25410,384.62,411.59,796.20,412,385,0.00,0.00,0,0
1544345727,3004-eth4,1224857.12,202733.27,1427590.50,202936,1226082,476.52,463.54,940.06,464,477,0.00,0.00,0,0
1544345727,1004-eth2,43320.68,1223410.62,1266731.25,1224634,43364,457.54,504.50,962.04,505,458,0.00,0.00,0,0
1544345727,2004-eth4,5580.42,5678.32,11258.74,5684,5586,56.94,57.94,114.89,58,57,0.00,0.00,0,0
1544345727,1001-eth2,615562.44,193232.77,808795.25,193426,616178,300.70,300.70,601.40,301,301,0.00,0.00,0,0
1544345727,1003-eth3,0.00,0.00,0.00,0,0,0.00,0.00,0.00,0,0,0.00,0.00,0,0
1544345727,2002-eth4,3916.08,3916.08,7832.17,3920,3920,39.96,39.96,79.92,40,40,0.00,0.00,0,0
1544345727,1001-eth4,763828.19,16351.65,780179.81,16368,764592,263.74,247.75,511.49,248,264,0.00,0.00,0,0
1544345727,3001-eth2,290421.59,13008.99,303430.56,13022,290712,175.82,158.84,334.67,159,176,0.00,0.00,0,0
1544345727,1004-eth1,13008.99,290421.59,303430.56,290712,13022,158.84,175.82,334.67,176,159,0.00,0.00,0,0
1544345727,3005-eth4,1223664.38,1221576.50,2445240.75,1222798,1224888,787.21,824.18,1611.39,825,788,0.00,0.00,0,0
1544345727,1003-eth2,0.00,0.00,0.00,0,0,0.00,0.00,0.00,0,0,0.00,0.00,0,0
1544345727,3008-eth1,15674.33,466745.28,482419.59,467212,15690,182.82,189.81,372.63,190,183,0.00,0.00,0,0
1544345727,1002-eth3,0.00,0.00,0.00,0,0,0.00,0.00,0.00,0,0,0.00,0.00,0,0
1544345727,2006-eth1,0.00,0.00,0.00,0,0,0.00,0.00,0.00,0,0,0.00,0.00,0,0
1544345727,3003-eth1,15210.79,610239.75,625450.56,610850,15226,220.78,228.77,449.55,229,221,0.00,0.00,0,0
1544345727,2001-eth3,0.00,0.00,0.00,0,0,0.00,0.00,0.00,0,0,0.00,0.00,0,0
1544345727,2008-eth2,36733.27,1223077.00,1259810.25,1224300,36770,414.59,449.55,864.14,450,415,0.00,0.00,0,0
1544345727,2008-eth3,981374.62,357682.31,1339057.00,358040,982356,475.52,477.52,953.05,478,476,0.00,0.00,0,0
1544345727,1001-eth3,25384.62,1193087.00,1218471.50,1194280,25410,384.62,411.59,796.20,412,385,0.00,0.00,0,0
1544345727,2007-eth4,466745.28,15674.33,482419.59,15690,467212,189.81,182.82,372.63,183,190,0.00,0.00,0,0
1544345727,2004-eth2,1223410.62,43320.68,1266731.25,43364,1224634,504.50,457.54,962.04,458,505,0.00,0.00,0,0
1544345727,3002-eth1,1225053.00,1219760.25,2444813.25,1220980,1226278,834.17,841.16,1675.32,842,835,0.00,0.00,0,0
1544345727,3004-eth1,178021.98,5322.68,183344.66,5328,178200,79.92,71.93,151.85,72,80,0.00,0.00,0,0
1544345727,2006-eth3,1223666.38,28819.18,1252485.50,28848,1224890,436.56,417.58,854.15,418,437,0.00,0.00,0,0
1544345727,3004-eth2,5678.32,5580.42,11258.74,5586,5684,57.94,56.94,114.89,57,58,0.00,0.00,0,0
1544345727,3001-eth3,1222231.75,309192.81,1531424.62,309502,1223454,502.50,498.50,1001.00,499,503,0.00,0.00,0,0
1544345727,2003-eth4,5322.68,178021.98,183344.66,178200,5328,71.93,79.92,151.85,80,72,0.00,0.00,0,0
1544345727,2008-eth4,581166.88,18515.48,599682.31,18534,581748,257.74,220.78,478.52,221,258,0.00,0.00,0,0
1544345727,3008-eth3,1224777.25,1040865.19,2265642.50,1041906,1226002,760.24,788.21,1548.45,789,761,0.00,0.00,0,0
1544345727,2005-eth2,0.00,0.00,0.00,0,0,0.00,0.00,0.00,0,0,0.00,0.00,0,0
1544345727,2006-eth4,32327.67,1206739.25,1239067.00,1207946,32360,451.55,492.51,944.06,493,452,0.00,0.00,0,0
1544345727,3006-eth2,1206739.25,32327.67,1239067.00,32360,1207946,492.51,451.55,944.06,452,493,0.00,0.00,0,0
1544345727,1003-eth4,0.00,0.00,0.00,0,0,0.00,0.00,0.00,0,0,0.00,0.00,0,0
1544345727,2006-eth2,11960.04,104397.60,116357.65,104502,11972,123.88,118.88,242.76,119,124,0.00,0.00,0,0
1544345727,3001-eth1,0.00,0.00,0.00,0,0,0.00,0.00,0.00,0,0,0.00,0.00,0,0
1544345727,3008-eth2,18515.48,581166.88,599682.31,581748,18534,220.78,257.74,478.52,258,221,0.00,0.00,0,0
1544345727,2004-eth3,41166.84,1222671.38,1263838.25,1223894,41208,435.56,482.52,918.08,483,436,0.00,0.00,0,0
1544345727,3001-eth4,34239.76,1221534.50,1255774.25,1222756,34274,480.52,497.50,978.02,498,481,0.00,0.00,0,0
1544345727,1003-eth1,0.00,0.00,0.00,0,0,0.00,0.00,0.00,0,0,0.00,0.00,0,0
1544345727,3002-eth2,3916.08,3916.08,7832.17,3920,3920,39.96,39.96,79.92,40,40,0.00,0.00,0,0
1544345727,2005-eth4,0.00,0.00,0.00,0,0,0.00,0.00,0.00,0,0,0.00,0.00,0,0
1544345727,3003-eth2,1222671.38,41166.84,1263838.25,41208,1223894,482.52,435.56,918.08,436,483,0.00,0.00,0,0
1544345727,2007-eth1,16351.65,763828.19,780179.81,764592,16368,247.75,263.74,511.49,264,248,0.00,0.00,0,0
1544345727,1002-eth4,0.00,0.00,0.00,0,0,0.00,0.00,0.00,0,0,0.00,0.00,0,0
1544345727,3002-eth4,20361.64,619170.88,639532.50,619790,20382,270.73,290.71,561.44,291,271,0.00,0.00,0,0
1544345727,2007-eth3,599780.25,303374.62,903154.88,303678,600380,331.67,322.68,654.35,323,332,0.00,0.00,0,0
1544345727,3005-eth1,1193087.00,25384.62,1218471.50,25410,1194280,411.59,384.62,796.20,385,412,0.00,0.00,0,0
1544345727,2001-eth4,1219760.25,1225053.00,2444813.25,1226278,1220980,841.16,834.17,1675.32,835,842,0.00,0.00,0,0
1544345727,3003-eth4,38801.20,693035.00,731836.19,693728,38840,409.59,423.58,833.17,424,410,0.00,0.00,0,0
1544345727,2004-eth1,0.00,0.00,0.00,0,0,0.00,0.00,0.00,0,0,0.00,0.00,0,0
1544345727,3006-eth4,33844.16,1221534.50,1255378.62,1222756,33878,474.53,497.50,972.03,498,475,0.00,0.00,0,0
1544345727,3007-eth1,303374.62,599780.25,903154.88,600380,303678,322.68,331.67,654.35,332,323,0.00,0.00,0,0
1544345727,2008-eth1,0.00,0.00,0.00,0,0,0.00,0.00,0.00,0,0,0.00,0.00,0,0
1544345727,2002-eth2,290421.59,13008.99,303430.56,13022,290712,175.82,158.84,334.67,159,176,0.00,0.00,0,0
1544345727,2003-eth1,193232.77,615562.44,808795.25,616178,193426,300.70,300.70,601.40,301,301,0.00,0.00,0,0
1544345727,3008-eth4,1222121.88,310383.62,1532505.50,310694,1223344,573.43,538.46,1111.89,539,574,0.00,0.00,0,0
1544345727,1004-eth4,1223077.00,36733.27,1259810.25,36770,1224300,449.55,414.59,864.14,415,450,0.00,0.00,0,0
1544345727,3006-eth1,0.00,0.00,0.00,0,0,0.00,0.00,0.00,0,0,0.00,0.00,0,0
1544345727,1004-eth3,104397.60,11960.04,116357.65,11972,104502,118.88,123.88,242.76,124,119,0.00,0.00,0,0
1544345727,1002-eth2,0.00,0.00,0.00,0,0,0.00,0.00,0.00,0,0,0.00,0.00,0,0
1544345727,3004-eth3,33914.09,1224297.75,1258211.88,1225522,33948,477.52,496.50,974.03,497,478,0.00,0.00,0,0
1544345727,2003-eth3,610239.75,15210.79,625450.56,15226,610850,228.77,220.78,449.55,221,229,0.00,0.00,0,0
1544345727,2005-eth1,1193087.00,25384.62,1218471.50,25410,1194280,411.59,384.62,796.20,385,412,0.00,0.00,0,0
1544345727,3002-eth3,1203314.75,656583.44,1859898.12,657240,1204518,610.39,611.39,1221.78,612,611,0.00,0.00,0,0
1544345727,3006-eth3,1220375.62,1225114.88,2445490.50,1226340,1221596,781.22,809.19,1590.41,810,782,0.00,0.00,0,0
1544345727,2001-eth1,1225053.00,1219760.25,2444813.25,1220980,1226278,834.17,841.16,1675.32,842,835,0.00,0.00,0,0
1544345727,3005-eth2,28819.18,1223666.38,1252485.50,1224890,28848,417.58,436.56,854.15,437,418,0.00,0.00,0,0
1544345727,2001-eth2,0.00,0.00,0.00,0,0,0.00,0.00,0.00,0,0,0.00,0.00,0,0
1544345727,3007-eth2,357682.31,981374.62,1339057.00,982356,358040,477.52,475.52,953.05,476,478,0.00,0.00,0,0
1544345727,1001-eth1,1219760.25,1225053.00,2444813.25,1226278,1220980,841.16,834.17,1675.32,835,842,0.00,0.00,0,0
1544345727,3007-eth4,599780.25,303374.62,903154.88,303678,600380,331.67,322.68,654.35,323,332,0.00,0.00,0,0
1544345727,2003-eth2,0.00,0.00,0.00,0,0,0.00,0.00,0.00,0,0,0.00,0.00,0,0
1544345727,3007-eth3,981374.62,357682.31,1339057.00,358040,982356,475.52,477.52,953.05,478,476,0.00,0.00,0,0
1544345727,1002-eth1,0.00,0.00,0.00,0,0,0.00,0.00,0.00,0,0,0.00,0.00,0,0
1544345727,2002-eth3,13008.99,290421.59,303430.56,290712,13022,158.84,175.82,334.67,176,159,0.00,0.00,0,0
1544345727,2007-eth2,0.00,0.00,0.00,0,0,0.00,0.00,0.00,0,0,0.00,0.00,0,0
1544345727,total,32122924.00,32048276.00,64171200.00,32080324,32155046,23189.81,23354.65,46544.46,23378,23213,0.00,0.00,0,0
1544345728,3003-eth3,608645.38,112285.72,720931.06,112398,609254,258.74,254.75,513.49,255,259,0.00,0.00,0,0
1544345728,2002-eth1,0.00,0.00,0.00,0,0,0.00,0.00,0.00,0,0,0.00,0.00,0,0
1544345728,lo,1198.80,1198.80,2397.60,1200,1200,19.98,19.98,39.96,20,20,0.00,0.00,0,0
1544345728,3005-eth3,1138639.38,1220507.50,2359147.00,1221728,1139778,748.25,783.22,1531.47,784,749,0.00,0.00,0,0
1544345728,2005-eth3,24923.08,1193087.00,1218010.00,1194280,24948,377.62,411.59,789.21,412,378,0.00,0.00,0,0
1544345728,3004-eth4,1221168.88,199440.56,1420609.38,199640,1222390,442.56,435.56,878.12,436,443,0.00,0.00,0,0
1544345728,1004-eth2,48893.11,1231644.38,1280537.50,1232876,48942,516.48,665.33,1181.82,666,517,0.00,0.00,0,0
1544345728,2004-eth4,6461.54,6069.93,12531.47,6076,6468,65.93,61.94,127.87,62,66,0.00,0.00,0,0
1544345728,1001-eth2,611023.00,191588.42,802611.44,191780,611634,296.70,297.70,594.41,298,297,0.00,0.00,0,0
1544345728,1003-eth3,0.00,0.00,0.00,0,0,0.00,0.00,0.00,0,0,0.00,0.00,0,0
1544345728,2002-eth4,3818.18,3916.08,7734.27,3920,3822,38.96,39.96,78.92,40,39,0.00,0.00,0,0
1544345728,1001-eth4,762315.69,16021.98,778337.69,16038,763078,262.74,242.76,505.49,243,263,0.00,0.00,0,0
1544345728,3001-eth2,147266.73,11088.91,158355.66,11100,147414,130.87,125.87,256.74,126,131,0.00,0.00,0,0
1544345728,1004-eth1,10991.01,147266.73,158257.75,147414,11002,124.88,130.87,255.74,131,125,0.00,0.00,0,0
1544345728,3005-eth4,1223071.00,1221754.25,2444825.25,1222976,1224294,778.22,825.17,1603.40,826,779,0.00,0.00,0,0
1544345728,1003-eth2,0.00,0.00,0.00,0,0,0.00,0.00,0.00,0,0,0.00,0.00,0,0
1544345728,3008-eth1,19288.71,551180.81,570469.56,551732,19308,219.78,241.76,461.54,242,220,0.00,0.00,0,0
1544345728,1002-eth3,0.00,0.00,0.00,0,0,0.00,0.00,0.00,0,0,0.00,0.00,0,0
1544345728,2006-eth1,0.00,0.00,0.00,0,0,0.00,0.00,0.00,0,0,0.00,0.00,0,0
1544345728,3003-eth1,14981.02,605834.19,620815.19,606440,14996,217.78,227.77,445.55,228,218,0.00,0.00,0,0
1544345728,2001-eth3,0.00,0.00,0.00,0,0,0.00,0.00,0.00,0,0,0.00,0.00,0,0
1544345728,2008-eth2,38443.56,1222677.38,1261120.88,1223900,38482,420.58,421.58,842.16,422,421,0.00,0.00,0,0
1544345728,2008-eth3,1123454.62,422463.56,1545918.12,422886,1124578,554.45,562.44,1116.88,563,555,0.00,0.00,0,0
1544345728,1001-eth3,24923.08,1193087.00,1218010.00,1194280,24948,377.62,411.59,789.21,412,378,0.00,0.00,0,0
1544345728,2007-eth4,551180.81,19288.71,570469.56,19308,551732,241.76,219.78,461.54,220,242,0.00,0.00,0,0
1544345728,2004-eth2,1231644.38,48893.11,1280537.50,48942,1232876,665.33,516.48,1181.82,517,666,0.00,0.00,0,0
1544345728,3002-eth1,1220315.75,1222915.12,2443230.75,1224138,1221536,827.17,844.16,1671.33,845,828,0.00,0.00,0,0
1544345728,3004-eth1,176607.39,5188.81,181796.20,5194,176784,79.92,68.93,148.85,69,80,0.00,0.00,0,0
1544345728,2006-eth3,1223468.62,29062.94,1252531.50,29092,1224692,433.57,419.58,853.15,420,434,0.00,0.00,0,0
1544345728,3004-eth2,6069.93,6461.54,12531.47,6468,6076,61.94,65.93,127.87,66,62,0.00,0.00,0,0
1544345728,3001-eth3,1223868.12,165712.30,1389580.50,165878,1225092,461.54,450.55,912.09,451,462,0.00,0.00,0,0
1544345728,2003-eth4,5188.81,176607.39,181796.20,176784,5194,68.93,79.92,148.85,80,69,0.00,0.00,0,0
1544345728,2008-eth4,502059.97,18817.18,520877.12,18836,502562,220.78,211.79,432.57,212,221,0.00,0.00,0,0
1544345728,3008-eth3,1229470.62,1223730.25,2453200.75,1224954,1230700,897.10,966.03,1863.14,967,898,0.00,0.00,0,0
1544345728,2005-eth2,0.00,0.00,0.00,0,0,0.00,0.00,0.00,0,0,0.00,0.00,0,0
1544345728,2006-eth4,32979.02,1204074.00,1237053.00,1205278,33012,457.54,494.51,952.05,495,458,0.00,0.00,0,0
1544345728,3006-eth2,1204074.00,32979.02,1237053.00,33012,1205278,494.51,457.54,952.05,458,495,0.00,0.00,0,0
1544345728,1003-eth4,0.00,0.00,0.00,0,0,0.00,0.00,0.00,0,0,0.00,0.00,0,0
1544345728,2006-eth2,12629.37,104525.48,117154.85,104630,12642,130.87,138.86,269.73,139,131,0.00,0.00,0,0
1544345728,3001-eth1,0.00,0.00,0.00,0,0,0.00,0.00,0.00,0,0,0.00,0.00,0,0
1544345728,3008-eth2,18817.18,502059.97,520877.12,502562,18836,211.79,220.78,432.57,221,212,0.00,0.00,0,0
1544345728,2004-eth3,47130.87,1232147.88,1279278.75,1233380,47178,498.50,657.34,1155.84,658,499,0.00,0.00,0,0
1544345728,3001-eth4,35088.91,1221926.12,1257015.00,1223148,35124,489.51,501.50,991.01,502,490,0.00,0.00,0,0
1544345728,1003-eth1,0.00,0.00,0.00,0,0,0.00,0.00,0.00,0,0,0.00,0.00,0,0
1544345728,3002-eth2,3916.08,3818.18,7734.27,3822,3920,39.96,38.96,78.92,39,40,0.00,0.00,0,0
1544345728,2005-eth4,0.00,0.00,0.00,0,0,0.00,0.00,0.00,0,0,0.00,0.00,0,0
1544345728,3003-eth2,1232147.88,47130.87,1279278.75,47178,1233380,657.34,498.50,1155.84,499,658,0.00,0.00,0,0
1544345728,2007-eth1,16021.98,762315.69,778337.69,763078,16038,242.76,262.74,505.49,263,243,0.00,0.00,0,0
1544345728,1002-eth4,0.00,0.00,0.00,0,0,0.00,0.00,0.00,0,0,0.00,0.00,0,0
1544345728,3002-eth4,20393.61,628048.00,648441.56,628676,20414,270.73,293.71,564.44,294,271,0.00,0.00,0,0
1544345728,2007-eth3,603724.31,389322.69,993047.00,389712,604328,373.63,375.62,749.25,376,374,0.00,0.00,0,0
1544345728,3005-eth1,1193087.00,24923.08,1218010.00,24948,1194280,411.59,377.62,789.21,378,412,0.00,0.00,0,0
1544345728,2001-eth4,1222915.12,1220315.75,2443230.75,1221536,1224138,844.16,827.17,1671.33,828,845,0.00,0.00,0,0
1544345728,3003-eth4,44389.61,791412.62,835802.25,792204,44434,468.53,469.53,938.06,470,469,0.00,0.00,0,0
1544345728,2004-eth1,0.00,0.00,0.00,0,0,0.00,0.00,0.00,0,0,0.00,0.00,0,0
1544345728,3006-eth4,34561.44,1221926.12,1256487.50,1223148,34596,481.52,501.50,983.02,502,482,0.00,0.00,0,0
1544345728,3007-eth1,389322.69,603724.31,993047.00,604328,389712,375.62,373.63,749.25,374,376,0.00,0.00,0,0
1544345728,2008-eth1,0.00,0.00,0.00,0,0,0.00,0.00,0.00,0,0,0.00,0.00,0,0
1544345728,2002-eth2,147266.73,10991.01,158257.75,11002,147414,130.87,124.88,255.74,125,131,0.00,0.00,0,0
1544345728,2003-eth1,191588.42,611023.00,802611.44,611634,191780,297.70,296.70,594.41,297,298,0.00,0.00,0,0
1544345728,3008-eth4,1224975.00,527576.44,1752551.50,528104,1226200,633.37,607.39,1240.76,608,634,0.00,0.00,0,0
1544345728,1004-eth4,1222677.38,38443.56,1261120.88,38482,1223900,421.58,420.58,842.16,421,422,0.00,0.00,0,0
1544345728,3006-eth1,0.00,0.00,0.00,0,0,0.00,0.00,0.00,0,0,0.00,0.00,0,0
1544345728,1004-eth3,104525.48,12629.37,117154.85,12642,104630,138.86,130.87,269.73,131,139,0.00,0.00,0,0
1544345728,1002-eth2,0.00,0.00,0.00,0,0,0.00,0.00,0.00,0,0,0.00,0.00,0,0
1544345728,3004-eth3,33210.79,1221494.50,1254705.38,1222716,33244,461.54,473.53,935.06,474,462,0.00,0.00,0,0
1544345728,2003-eth3,605834.19,14981.02,620815.19,14996,606440,227.77,217.78,445.55,218,228,0.00,0.00,0,0
1544345728,2005-eth1,1193087.00,24923.08,1218010.00,24948,1194280,411.59,377.62,789.21,378,412,0.00,0.00,0,0
1544345728,3002-eth3,1206339.75,675718.31,1882058.00,676394,1207546,612.39,616.38,1228.77,617,613,0.00,0.00,0,0
1544345728,3006-eth3,1223071.00,1222090.00,2445161.00,1223312,1224294,778.22,807.19,1585.41,808,779,0.00,0.00,0,0
1544345728,2001-eth1,1220381.62,1222915.12,2443296.75,1224138,1221602,828.17,844.16,1672.33,845,829,0.00,0.00,0,0
1544345728,3005-eth2,29062.94,1223468.62,1252531.50,1224692,29092,419.58,433.57,853.15,434,420,0.00,0.00,0,0
1544345728,2001-eth2,0.00,0.00,0.00,0,0,0.00,0.00,0.00,0,0,0.00,0.00,0,0
1544345728,3007-eth2,422463.56,1123454.62,1545918.12,1124578,422886,562.44,554.45,1116.88,555,563,0.00,0.00,0,0
1544345728,1001-eth1,1222915.12,1220381.62,2443296.75,1221602,1224138,844.16,828.17,1672.33,829,845,0.00,0.00,0,0
1544345728,3007-eth4,603724.31,389322.69,993047.00,389712,604328,373.63,375.62,749.25,376,374,0.00,0.00,0,0
1544345728,2003-eth2,0.00,0.00,0.00,0,0,0.00,0.00,0.00,0,0,0.00,0.00,0,0
1544345728,3007-eth3,1123454.62,422463.56,1545918.12,422886,1124578,554.45,562.44,1116.88,563,555,0.00,0.00,0,0
1544345728,1002-eth1,0.00,0.00,0.00,0,0,0.00,0.00,0.00,0,0,0.00,0.00,0,0
1544345728,2002-eth3,11088.91,147266.73,158355.66,147414,11100,125.87,130.87,256.74,131,126,0.00,0.00,0,0
1544345728,2007-eth2,0.00,0.00,0.00,0,0,0.00,0.00,0.00,0,0,0.00,0.00,0,0
1544345728,total,32296246.00,32567584.00,64863828.00,32600150,32328542,24080.92,24294.71,48375.63,24319,24105,0.00,0.00,0,0
1544345729,3003-eth3,598411.62,106891.11,705302.69,106998,599010,240.76,238.76,479.52,239,241,0.00,0.00,0,0
1544345729,2002-eth1,0.00,0.00,0.00,0,0,0.00,0.00,0.00,0,0,0.00,0.00,0,0
1544345729,lo,0.00,0.00,0.00,0,0,0.00,0.00,0.00,0,0,0.00,0.00,0,0
1544345729,3005-eth3,1162377.62,1220837.25,2383214.75,1222058,1163540,757.24,788.21,1545.45,789,758,0.00,0.00,0,0
1544345729,2005-eth3,24197.80,1193087.00,1217284.75,1194280,24222,366.63,411.59,778.22,412,367,0.00,0.00,0,0
1544345729,3004-eth4,1210231.75,170621.39,1380853.12,170792,1211442,320.68,327.67,648.35,328,321,0.00,0.00,0,0
1544345729,1004-eth2,43642.36,1232933.12,1276575.50,1234166,43686,460.54,706.29,1166.83,707,461,0.00,0.00,0,0
1544345729,2004-eth4,6559.44,6265.73,12825.17,6272,6566,66.93,63.94,130.87,64,67,0.00,0.00,0,0
1544345729,1001-eth2,601192.81,169198.81,770391.62,169368,601794,280.72,287.71,568.43,288,281,0.00,0.00,0,0
1544345729,1003-eth3,0.00,0.00,0.00,0,0,0.00,0.00,0.00,0,0,0.00,0.00,0,0
1544345729,2002-eth4,3916.08,3818.18,7734.27,3822,3920,39.96,38.96,78.92,39,40,0.00,0.00,0,0
1544345729,1001-eth4,751992.00,15692.31,767684.31,15708,752744,259.74,237.76,497.50,238,260,0.00,0.00,0,0
1544345729,3001-eth2,117840.16,11186.81,129026.98,11198,117958,122.88,126.87,249.75,127,123,0.00,0.00,0,0
1544345729,1004-eth1,11186.81,117742.26,128929.08,117860,11198,126.87,121.88,248.75,122,127,0.00,0.00,0,0
1544345729,3005-eth4,1222016.00,1220467.62,2442483.50,1221688,1223238,762.24,811.19,1573.43,812,763,0.00,0.00,0,0
1544345729,1003-eth2,0.00,0.00,0.00,0,0,0.00,0.00,0.00,0,0,0.00,0.00,0,0
1544345729,3008-eth1,14113.89,427622.38,441736.28,428050,14128,191.81,188.81,380.62,189,192,0.00,0.00,0,0
1544345729,1002-eth3,0.00,0.00,0.00,0,0,0.00,0.00,0.00,0,0,0.00,0.00,0,0
1544345729,2006-eth1,0.00,0.00,0.00,0,0,0.00,0.00,0.00,0,0,0.00,0.00,0,0
1544345729,3003-eth1,14849.15,596793.25,611642.38,597390,14864,215.78,222.78,438.56,223,216,0.00,0.00,0,0
1544345729,2001-eth3,0.00,0.00,0.00,0,0,0.00,0.00,0.00,0,0,0.00,0.00,0,0
1544345729,2008-eth2,34217.78,1221230.75,1255448.62,1222452,34252,375.62,421.58,797.20,422,376,0.00,0.00,0,0
1544345729,2008-eth3,984523.50,323086.91,1307610.38,323410,985508,477.52,478.52,956.04,479,478,0.00,0.00,0,0
1544345729,1001-eth3,24197.80,1193087.00,1217284.75,1194280,24222,366.63,411.59,778.22,412,367,0.00,0.00,0,0
1544345729,2007-eth4,427622.38,14113.89,441736.28,14128,428050,188.81,191.81,380.62,192,189,0.00,0.00,0,0
1544345729,2004-eth2,1232933.12,43642.36,1276575.50,43686,1234166,706.29,460.54,1166.83,461,707,0.00,0.00,0,0
1544345729,3002-eth1,1222321.75,1219728.25,2442050.00,1220948,1223544,815.18,841.16,1656.34,842,816,0.00,0.00,0,0
1544345729,3004-eth1,154349.66,4399.60,158749.25,4404,154504,71.93,57.94,129.87,58,72,0.00,0.00,0,0
1544345729,2006-eth3,1221824.25,28171.83,1249996.00,28200,1223046,430.57,411.59,842.16,412,431,0.00,0.00,0,0
1544345729,3004-eth2,6265.73,6559.44,12825.17,6566,6272,63.94,66.93,130.87,67,64,0.00,0.00,0,0
1544345729,3001-eth3,1222157.88,136121.88,1358279.75,136258,1223380,457.54,440.56,898.10,441,458,0.00,0.00,0,0
1544345729,2003-eth4,4399.60,154349.66,158749.25,154504,4404,57.94,71.93,129.87,72,58,0.00,0.00,0,0
1544345729,2008-eth4,538619.38,13042.96,551662.38,13056,539158,226.77,179.82,406.59,180,227,0.00,0.00,0,0
1544345729,3008-eth3,1229788.25,1001714.31,2231502.50,1002716,1231018,836.16,827.17,1663.34,828,837,0.00,0.00,0,0
1544345729,2005-eth2,0.00,0.00,0.00,0,0,0.00,0.00,0.00,0,0,0.00,0.00,0,0
1544345729,2006-eth4,33210.79,1201310.75,1234521.50,1202512,33244,461.54,495.50,957.04,496,462,0.00,0.00,0,0
1544345729,3006-eth2,1201310.75,33210.79,1234521.50,33244,1202512,495.50,461.54,957.04,462,496,0.00,0.00,0,0
1544345729,1003-eth4,0.00,0.00,0.00,0,0,0.00,0.00,0.00,0,0,0.00,0.00,0,0
1544345729,2006-eth2,11604.40,188006.00,199610.39,188194,11616,119.88,176.82,296.70,177,120,0.00,0.00,0,0
1544345729,3001-eth1,0.00,0.00,0.00,0,0,0.00,0.00,0.00,0,0,0.00,0.00,0,0
1544345729,3008-eth2,13042.96,538619.38,551662.38,539158,13056,179.82,226.77,406.59,227,180,0.00,0.00,0,0
1544345729,2004-eth3,42075.93,1234653.38,1276729.25,1235888,42118,444.56,695.30,1139.86,696,445,0.00,0.00,0,0
1544345729,3001-eth4,35120.88,1222024.00,1257144.88,1223246,35156,489.51,502.50,992.01,503,490,0.00,0.00,0,0
1544345729,1003-eth1,0.00,0.00,0.00,0,0,0.00,0.00,0.00,0,0,0.00,0.00,0,0
1544345729,3002-eth2,3818.18,3916.08,7734.27,3920,3822,38.96,39.96,78.92,40,39,0.00,0.00,0,0
1544345729,2005-eth4,0.00,0.00,0.00,0,0,0.00,0.00,0.00,0,0,0.00,0.00,0,0
1544345729,3003-eth2,1234653.38,42075.93,1276729.25,42118,1235888,695.30,444.56,1139.86,445,696,0.00,0.00,0,0
1544345729,2007-eth1,15692.31,751992.00,767684.31,752744,15708,237.76,259.74,497.50,260,238,0.00,0.00,0,0
1544345729,1002-eth4,0.00,0.00,0.00,0,0,0.00,0.00,0.00,0,0,0.00,0.00,0,0
1544345729,3002-eth4,20659.34,664873.12,685532.50,665538,20680,275.72,304.70,580.42,305,276,0.00,0.00,0,0
1544345729,2007-eth3,610979.06,288187.81,899166.88,288476,611590,358.64,333.67,692.31,334,359,0.00,0.00,0,0
1544345729,3005-eth1,1193087.00,24197.80,1217284.75,24222,1194280,411.59,366.63,778.22,367,412,0.00,0.00,0,0
1544345729,2001-eth4,1219728.25,1222321.75,2442050.00,1223544,1220948,841.16,815.18,1656.34,816,842,0.00,0.00,0,0
1544345729,3003-eth4,40457.54,829932.06,870389.62,830762,40498,426.57,416.58,843.16,417,427,0.00,0.00,0,0
1544345729,2004-eth1,0.00,0.00,0.00,0,0,0.00,0.00,0.00,0,0,0.00,0.00,0,0
1544345729,3006-eth4,34529.47,1220479.50,1255009.00,1221700,34564,481.52,501.50,983.02,502,482,0.00,0.00,0,0
1544345729,3007-eth1,288187.81,610979.06,899166.88,611590,288476,333.67,358.64,692.31,359,334,0.00,0.00,0,0
1544345729,2008-eth1,0.00,0.00,0.00,0,0,0.00,0.00,0.00,0,0,0.00,0.00,0,0
1544345729,2002-eth2,117742.26,11186.81,128929.08,11198,117860,121.88,126.87,248.75,127,122,0.00,0.00,0,0
1544345729,2003-eth1,169198.81,601192.81,770391.62,601794,169368,287.71,280.72,568.43,281,288,0.00,0.00,0,0
1544345729,3008-eth4,1220333.75,348785.22,1569118.88,349134,1221554,564.44,550.45,1114.89,551,565,0.00,0.00,0,0
1544345729,1004-eth4,1221230.75,34217.78,1255448.62,34252,1222452,421.58,375.62,797.20,376,422,0.00,0.00,0,0
1544345729,3006-eth1,0.00,0.00,0.00,0,0,0.00,0.00,0.00,0,0,0.00,0.00,0,0
1544345729,1004-eth3,188006.00,11604.40,199610.39,11616,188194,176.82,119.88,296.70,120,177,0.00,0.00,0,0
1544345729,1002-eth2,0.00,0.00,0.00,0,0,0.00,0.00,0.00,0,0,0.00,0.00,0,0
1544345729,3004-eth3,26453.55,1211314.75,1237768.25,1212526,26480,359.64,362.64,722.28,363,360,0.00,0.00,0,0
1544345729,2003-eth3,596793.25,14849.15,611642.38,14864,597390,222.78,215.78,438.56,216,223,0.00,0.00,0,0
1544345729,2005-eth1,1193087.00,24197.80,1217284.75,24222,1194280,411.59,366.63,778.22,367,412,0.00,0.00,0,0
1544345729,3002-eth3,1202985.00,671378.62,1874363.62,672050,1204188,605.39,616.38,1221.78,617,606,0.00,0.00,0,0
1544345729,3006-eth3,1220177.88,1222155.88,2442333.75,1223378,1221398,778.22,808.19,1586.41,809,779,0.00,0.00,0,0
1544345729,2001-eth1,1222255.75,1219728.25,2441984.00,1220948,1223478,814.19,841.16,1655.34,842,815,0.00,0.00,0,0
1544345729,3005-eth2,28171.83,1221824.25,1249996.00,1223046,28200,411.59,430.57,842.16,431,412,0.00,0.00,0,0
1544345729,2001-eth2,0.00,0.00,0.00,0,0,0.00,0.00,0.00,0,0,0.00,0.00,0,0
1544345729,3007-eth2,323086.91,984523.50,1307610.38,985508,323410,478.52,477.52,956.04,478,479,0.00,0.00,0,0
1544345729,1001-eth1,1219728.25,1222255.75,2441984.00,1223478,1220948,841.16,814.19,1655.34,815,842,0.00,0.00,0,0
1544345729,3007-eth4,610979.06,288187.81,899166.88,288476,611590,358.64,333.67,692.31,334,359,0.00,0.00,0,0
1544345729,2003-eth2,0.00,0.00,0.00,0,0,0.00,0.00,0.00,0,0,0.00,0.00,0,0
1544345729,3007-eth3,984523.50,323086.91,1307610.38,323410,985508,477.52,478.52,956.04,479,478,0.00,0.00,0,0
1544345729,1002-eth1,0.00,0.00,0.00,0,0,0.00,0.00,0.00,0,0,0.00,0.00,0,0
1544345729,2002-eth3,11186.81,117840.16,129026.98,117958,11198,126.87,122.88,249.75,123,127,0.00,0.00,0,0
1544345729,2007-eth2,0.00,0.00,0.00,0,0,0.00,0.00,0.00,0,0,0.00,0.00,0,0
1544345729,total,31639848.00,31457516.00,63097360.00,31488972,31671486,23037.96,23154.85,46192.81,23178,23061,0.00,0.00,0,0
1544345730,3003-eth3,599924.06,81970.03,681894.12,82052,600524,241.76,233.77,475.52,234,242,0.00,0.00,0,0
1544345730,2002-eth1,0.00,0.00,0.00,0,0,0.00,0.00,0.00,0,0,0.00,0.00,0,0
1544345730,lo,1198.80,1198.80,2397.60,1200,1200,19.98,19.98,39.96,20,20,0.00,0.00,0,0
1544345730,3005-eth3,1090177.88,1207616.38,2297794.25,1208824,1091268,737.26,763.24,1500.50,764,738,0.00,0.00,0,0
1544345730,2005-eth3,23604.40,1181320.75,1204925.12,1182502,23628,357.64,408.59,766.23,409,358,0.00,0.00,0,0
1544345730,3004-eth4,1192609.38,214083.92,1406693.38,214298,1193802,316.68,328.67,645.35,329,317,0.00,0.00,0,0
1544345730,1004-eth2,56405.60,1214935.12,1271340.75,1216150,56462,596.40,610.39,1206.79,611,597,0.00,0.00,0,0
1544345730,2004-eth4,6461.54,6167.83,12629.37,6174,6468,65.93,62.94,128.87,63,66,0.00,0.00,0,0
1544345730,1001-eth2,603298.69,213584.42,816883.12,213798,603902,290.71,302.70,593.41,303,291,0.00,0.00,0,0
1544345730,1003-eth3,0.00,0.00,0.00,0,0,0.00,0.00,0.00,0,0,0.00,0.00,0,0
1544345730,2002-eth4,3916.08,3916.08,7832.17,3920,3920,39.96,39.96,79.92,40,40,0.00,0.00,0,0
1544345730,1001-eth4,781582.44,15956.04,797538.50,15972,782364,269.73,241.76,511.49,242,270,0.00,0.00,0,0
1544345730,3001-eth2,244981.03,13430.57,258411.59,13444,245226,164.84,161.84,326.67,162,165,0.00,0.00,0,0
1544345730,1004-eth1,13430.57,244981.03,258411.59,245226,13444,161.84,164.84,326.67,165,162,0.00,0.00,0,0
1544345730,3005-eth4,1209260.75,1209027.00,2418287.75,1210236,1210470,766.23,813.19,1579.42,814,767,0.00,0.00,0,0
1544345730,1003-eth2,0.00,0.00,0.00,0,0,0.00,0.00,0.00,0,0,0.00,0.00,0,0
1544345730,3008-eth1,10615.38,578987.00,589602.44,579566,10626,160.84,202.80,363.64,203,161,0.00,0.00,0,0
1544345730,1002-eth3,0.00,0.00,0.00,0,0,0.00,0.00,0.00,0,0,0.00,0.00,0,0
1544345730,2006-eth1,0.00,0.00,0.00,0,0,0.00,0.00,0.00,0,0,0.00,0.00,0,0
1544345730,3003-eth1,14849.15,598305.69,613154.88,598904,14864,215.78,223.78,439.56,224,216,0.00,0.00,0,0
1544345730,2001-eth3,0.00,0.00,0.00,0,0,0.00,0.00,0.00,0,0,0.00,0.00,0,0
1544345730,2008-eth2,49616.39,1215069.00,1264685.38,1216284,49666,550.45,525.47,1075.92,526,551,0.00,0.00,0,0
1544345730,2008-eth3,1076014.00,411988.03,1488002.00,412400,1077090,588.41,605.39,1193.81,606,589,0.00,0.00,0,0
1544345730,1001-eth3,23604.40,1181250.75,1204855.12,1182432,23628,357.64,407.59,765.23,408,358,0.00,0.00,0,0
1544345730,2007-eth4,578987.00,10615.38,589602.44,10626,579566,202.80,160.84,363.64,161,203,0.00,0.00,0,0
1544345730,2004-eth2,1214935.12,56405.60,1271340.75,56462,1216150,610.39,596.40,1206.79,597,611,0.00,0.00,0,0
1544345730,3002-eth1,1208313.75,1204635.38,2412949.00,1205840,1209522,800.20,831.17,1631.37,832,801,0.00,0.00,0,0
1544345730,3004-eth1,198735.27,4993.01,203728.28,4998,198934,86.91,66.93,153.85,67,87,0.00,0.00,0,0
1544345730,2006-eth3,1207820.25,26787.21,1234607.38,26814,1209028,437.56,390.61,828.17,391,438,0.00,0.00,0,0
1544345730,3004-eth2,6167.83,6461.54,12629.37,6468,6174,62.94,65.93,128.87,66,63,0.00,0.00,0,0
1544345730,3001-eth3,1206975.00,263096.91,1470072.00,263360,1208182,490.51,479.52,970.03,480,491,0.00,0.00,0,0
1544345730,2003-eth4,4993.01,198735.27,203728.28,198934,4998,66.93,86.91,153.85,87,67,0.00,0.00,0,0
1544345730,2008-eth4,512441.56,12527.47,524969.06,12540,512954,180.82,189.81,370.63,190,181,0.00,0.00,0,0
1544345730,3008-eth3,1213764.25,1157180.88,2370945.00,1158338,1214978,944.06,762.24,1706.29,763,945,0.00,0.00,0,0
1544345730,2005-eth2,0.00,0.00,0.00,0,0,0.00,0.00,0.00,0,0,0.00,0.00,0,0
1544345730,2006-eth4,31826.17,1193782.25,1225608.38,1194976,31858,440.56,491.51,932.07,492,441,0.00,0.00,0,0
1544345730,3006-eth2,1193782.25,31826.17,1225608.38,31858,1194976,491.51,440.56,932.07,441,492,0.00,0.00,0,0
1544345730,1003-eth4,0.00,0.00,0.00,0,0,0.00,0.00,0.00,0,0,0.00,0.00,0,0
1544345730,2006-eth2,11506.49,132241.77,143748.25,132374,11518,118.88,142.86,261.74,143,119,0.00,0.00,0,0
1544345730,3001-eth1,0.00,0.00,0.00,0,0,0.00,0.00,0.00,0,0,0.00,0.00,0,0
1544345730,3008-eth2,12527.47,512441.56,524969.06,512954,12540,189.81,180.82,370.63,181,190,0.00,0.00,0,0
1544345730,2004-eth3,54741.26,1214779.25,1269520.50,1215994,54796,579.42,592.41,1171.83,593,580,0.00,0.00,0,0
1544345730,3001-eth4,34661.34,1210090.00,1244751.25,1211300,34696,483.52,497.50,981.02,498,484,0.00,0.00,0,0
1544345730,1003-eth1,0.00,0.00,0.00,0,0,0.00,0.00,0.00,0,0,0.00,0.00,0,0
1544345730,3002-eth2,3916.08,3916.08,7832.17,3920,3920,39.96,39.96,79.92,40,40,0.00,0.00,0,0
1544345730,2005-eth4,0.00,0.00,0.00,0,0,0.00,0.00,0.00,0,0,0.00,0.00,0,0
1544345730,3003-eth2,1214779.25,54741.26,1269520.50,54796,1215994,592.41,579.42,1171.83,580,593,0.00,0.00,0,0
1544345730,2007-eth1,15956.04,781582.44,797538.50,782364,15972,241.76,269.73,511.49,270,242,0.00,0.00,0,0
1544345730,1002-eth4,0.00,0.00,0.00,0,0,0.00,0.00,0.00,0,0,0.00,0.00,0,0
1544345730,3002-eth4,20361.64,668028.00,688389.62,668696,20382,270.73,307.69,578.42,308,271,0.00,0.00,0,0
1544345730,2007-eth3,592091.94,394837.19,986929.12,395232,592684,313.69,327.67,641.36,328,314,0.00,0.00,0,0
1544345730,3005-eth1,1181320.75,23604.40,1204925.12,23628,1182502,408.59,357.64,766.23,358,409,0.00,0.00,0,0
1544345730,2001-eth4,1204635.38,1208313.75,2412949.00,1209522,1205840,831.17,800.20,1631.37,801,832,0.00,0.00,0,0
1544345730,3003-eth4,53122.88,1123572.50,1176695.38,1124696,53176,561.44,547.45,1108.89,548,562,0.00,0.00,0,0
1544345730,2004-eth1,0.00,0.00,0.00,0,0,0.00,0.00,0.00,0,0,0.00,0.00,0,0
1544345730,3006-eth4,34265.73,1204171.88,1238437.62,1205376,34300,477.52,495.50,973.03,496,478,0.00,0.00,0,0
1544345730,3007-eth1,394837.19,592091.94,986929.12,592684,395232,327.67,313.69,641.36,314,328,0.00,0.00,0,0
1544345730,2008-eth1,0.00,0.00,0.00,0,0,0.00,0.00,0.00,0,0,0.00,0.00,0,0
1544345730,2002-eth2,244981.03,13430.57,258411.59,13444,245226,164.84,161.84,326.67,162,165,0.00,0.00,0,0
1544345730,2003-eth1,213584.42,603298.69,816883.12,603902,213798,302.70,290.71,593.41,291,303,0.00,0.00,0,0
1544345730,3008-eth4,1205654.38,490357.66,1696012.00,490848,1206860,593.41,591.41,1184.82,592,594,0.00,0.00,0,0
1544345730,1004-eth4,1215069.00,49616.39,1264685.38,49666,1216284,525.47,550.45,1075.92,551,526,0.00,0.00,0,0
1544345730,3006-eth1,0.00,0.00,0.00,0,0,0.00,0.00,0.00,0,0,0.00,0.00,0,0
1544345730,1004-eth3,132241.77,11506.49,143748.25,11518,132374,142.86,118.88,261.74,119,143,0.00,0.00,0,0
1544345730,1002-eth2,0.00,0.00,0.00,0,0,0.00,0.00,0.00,0,0,0.00,0.00,0,0
1544345730,3004-eth3,25432.57,1197406.62,1222839.25,1198604,25458,344.66,349.65,694.31,350,345,0.00,0.00,0,0
1544345730,2003-eth3,598305.69,14849.15,613154.88,14864,598904,223.78,215.78,439.56,216,224,0.00,0.00,0,0
1544345730,2005-eth1,1181250.75,23604.40,1204855.12,23628,1182432,407.59,357.64,765.23,358,408,0.00,0.00,0,0
1544345730,3002-eth3,1188189.88,691696.31,1879886.12,692388,1189378,600.40,617.38,1217.78,618,601,0.00,0.00,0,0
1544345730,3006-eth3,1211630.38,1208543.50,2420174.00,1209752,1212842,780.22,799.20,1579.42,800,781,0.00,0.00,0,0
1544345730,2001-eth1,1208379.62,1204701.38,2413081.00,1205906,1209588,801.20,832.17,1633.37,833,802,0.00,0.00,0,0
1544345730,3005-eth2,26787.21,1207820.25,1234607.38,1209028,26814,390.61,437.56,828.17,438,391,0.00,0.00,0,0
1544345730,2001-eth2,0.00,0.00,0.00,0,0,0.00,0.00,0.00,0,0,0.00,0.00,0,0
1544345730,3007-eth2,411988.03,1076014.00,1488002.00,1077090,412400,605.39,588.41,1193.81,589,606,0.00,0.00,0,0
1544345730,1001-eth1,1204701.38,1208379.62,2413081.00,1209588,1205906,832.17,801.20,1633.37,802,833,0.00,0.00,0,0
1544345730,3007-eth4,592091.94,394837.19,986929.12,395232,592684,313.69,327.67,641.36,328,314,0.00,0.00,0,0
1544345730,2003-eth2,0.00,0.00,0.00,0,0,0.00,0.00,0.00,0,0,0.00,0.00,0,0
1544345730,3007-eth3,1076014.00,411988.03,1488002.00,412400,1077090,588.41,605.39,1193.81,606,589,0.00,0.00,0,0
1544345730,1002-eth1,0.00,0.00,0.00,0,0,0.00,0.00,0.00,0,0,0.00,0.00,0,0
1544345730,2002-eth3,13430.57,244981.03,258411.59,245226,13444,161.84,164.84,326.67,165,162,0.00,0.00,0,0
1544345730,2007-eth2,0.00,0.00,0.00,0,0,0.00,0.00,0.00,0,0,0.00,0.00,0,0
1544345730,total,32158748.00,32938278.00,65097024.00,32971216,32190906,23933.07,23942.06,47875.13,23966,23957,0.00,0.00,0,0
1544345731,3003-eth3,582403.62,154631.38,737035.00,154786,582986,268.73,260.74,529.47,261,269,0.00,0.00,0,0
1544345731,2002-eth1,0.00,0.00,0.00,0,0,0.00,0.00,0.00,0,0,0.00,0.00,0,0
1544345731,lo,0.00,0.00,0.00,0,0,0.00,0.00,0.00,0,0,0.00,0.00,0,0
1544345731,3005-eth3,1112399.62,1159154.88,2271554.50,1160314,1113512,723.28,752.25,1475.52,753,724,0.00,0.00,0,0
1544345731,2005-eth3,23010.99,1184209.88,1207220.75,1185394,23034,348.65,408.59,757.24,409,349,0.00,0.00,0,0
1544345731,3004-eth4,1206551.50,252683.33,1459234.75,252936,1207758,330.67,343.66,674.33,344,331,0.00,0.00,0,0
1544345731,1004-eth2,69998.00,1223362.62,1293360.62,1224586,70068,741.26,612.39,1353.65,613,742,0.00,0.00,0,0
1544345731,2004-eth4,5874.13,5874.13,11748.25,5880,5880,59.94,59.94,119.88,60,60,0.00,0.00,0,0
1544345731,1001-eth2,583047.00,251492.52,834539.50,251744,583630,290.71,307.69,598.40,308,291,0.00,0.00,0,0
1544345731,1003-eth3,0.00,0.00,0.00,0,0,0.00,0.00,0.00,0,0,0.00,0.00,0,0
1544345731,2002-eth4,3958.04,3958.04,7916.08,3962,3962,40.96,40.96,81.92,41,41,0.00,0.00,0,0
1544345731,1001-eth4,846681.31,17010.99,863692.31,17028,847528,291.71,257.74,549.45,258,292,0.00,0.00,0,0
1544345731,3001-eth2,136583.42,10469.53,147052.95,10480,136720,123.88,119.88,243.76,120,124,0.00,0.00,0,0
1544345731,1004-eth1,10511.49,136625.38,147136.86,136762,10522,120.88,124.88,245.75,125,121,0.00,0.00,0,0
1544345731,3005-eth4,1216621.38,1213728.25,2430349.75,1214942,1217838,746.25,826.17,1572.43,827,747,0.00,0.00,0,0
1544345731,1003-eth2,0.00,0.00,0.00,0,0,0.00,0.00,0.00,0,0,0.00,0.00,0,0
1544345731,3008-eth1,12197.80,646847.19,659045.00,647494,12210,184.82,222.78,407.59,223,185,0.00,0.00,0,0
1544345731,1002-eth3,0.00,0.00,0.00,0,0,0.00,0.00,0.00,0,0,0.00,0.00,0,0
1544345731,2006-eth1,0.00,0.00,0.00,0,0,0.00,0.00,0.00,0,0,0.00,0.00,0,0
1544345731,3003-eth1,14289.71,577592.44,591882.12,578170,14304,207.79,216.78,424.58,217,208,0.00,0.00,0,0
1544345731,2001-eth3,0.00,0.00,0.00,0,0,0.00,0.00,0.00,0,0,0.00,0.00,0,0
1544345731,2008-eth2,58271.73,1225672.38,1283944.12,1226898,58330,632.37,620.38,1252.75,621,633,0.00,0.00,0,0
1544345731,2008-eth3,1151192.88,461220.78,1612413.62,461682,1152344,719.28,732.27,1451.55,733,720,0.00,0.00,0,0
1544345731,1001-eth3,23010.99,1184209.88,1207220.75,1185394,23034,348.65,408.59,757.24,409,349,0.00,0.00,0,0
1544345731,2007-eth4,646847.19,12197.80,659045.00,12210,647494,222.78,184.82,407.59,185,223,0.00,0.00,0,0
1544345731,2004-eth2,1223362.62,69998.00,1293360.62,70068,1224586,612.39,741.26,1353.65,742,613,0.00,0.00,0,0
1544345731,3002-eth1,1210745.25,1216703.38,2427448.50,1217920,1211956,793.21,839.16,1632.37,840,794,0.00,0.00,0,0
1544345731,3004-eth1,237202.80,5454.55,242657.34,5460,237440,99.90,73.93,173.83,74,100,0.00,0.00,0,0
1544345731,2006-eth3,1215646.38,30375.62,1246022.00,30406,1216862,446.55,430.57,877.12,431,447,0.00,0.00,0,0
1544345731,3004-eth2,5874.13,5874.13,11748.25,5880,5880,59.94,59.94,119.88,60,60,0.00,0.00,0,0
1544345731,3001-eth3,1216503.50,155190.81,1371694.38,155346,1217720,459.54,444.56,904.10,445,460,0.00,0.00,0,0
1544345731,2003-eth4,5454.55,237202.80,242657.34,237440,5460,73.93,99.90,173.83,100,74,0.00,0.00,0,0
1544345731,2008-eth4,490018.00,11076.92,501094.91,11088,490508,169.83,167.83,337.66,168,170,0.00,0.00,0,0
1544345731,3008-eth3,1217144.88,956303.75,2173448.50,957260,1218362,732.27,725.27,1457.54,726,733,0.00,0.00,0,0
1544345731,2005-eth2,0.00,0.00,0.00,0,0,0.00,0.00,0.00,0,0,0.00,0.00,0,0
1544345731,2006-eth4,31634.37,1197960.12,1229594.50,1199158,31666,440.56,490.51,931.07,491,441,0.00,0.00,0,0
1544345731,3006-eth2,1197960.12,31634.37,1229594.50,31666,1199158,490.51,440.56,931.07,441,491,0.00,0.00,0,0
1544345731,1003-eth4,0.00,0.00,0.00,0,0,0.00,0.00,0.00,0,0,0.00,0.00,0,0
1544345731,2006-eth2,14405.59,78391.61,92797.20,78470,14420,149.85,118.88,268.73,119,150,0.00,0.00,0,0
1544345731,3001-eth1,0.00,0.00,0.00,0,0,0.00,0.00,0.00,0,0,0.00,0.00,0,0
1544345731,3008-eth2,11076.92,490018.00,501094.91,490508,11088,167.83,169.83,337.66,170,168,0.00,0.00,0,0
1544345731,2004-eth3,68039.96,1220419.62,1288459.62,1221640,68108,721.28,599.40,1320.68,600,722,0.00,0.00,0,0
1544345731,3001-eth4,34271.73,1218673.38,1252945.12,1219892,34306,480.52,497.50,978.02,498,481,0.00,0.00,0,0
1544345731,1003-eth1,0.00,0.00,0.00,0,0,0.00,0.00,0.00,0,0,0.00,0.00,0,0
1544345731,3002-eth2,3958.04,3958.04,7916.08,3962,3962,40.96,40.96,81.92,41,41,0.00,0.00,0,0
1544345731,2005-eth4,0.00,0.00,0.00,0,0,0.00,0.00,0.00,0,0,0.00,0.00,0,0
1544345731,3003-eth2,1220419.62,68039.96,1288459.62,68108,1221640,599.40,721.28,1320.68,722,600,0.00,0.00,0,0
1544345731,2007-eth1,17010.99,846681.31,863692.31,847528,17028,257.74,291.71,549.45,292,258,0.00,0.00,0,0
1544345731,1002-eth4,0.00,0.00,0.00,0,0,0.00,0.00,0.00,0,0,0.00,0.00,0,0
1544345731,3002-eth4,20833.17,713870.12,734703.31,714584,20854,278.72,323.68,602.40,324,279,0.00,0.00,0,0
1544345731,2007-eth3,619844.19,424823.19,1044667.38,425248,620464,339.66,343.66,683.32,344,340,0.00,0.00,0,0
1544345731,3005-eth1,1184209.88,23010.99,1207220.75,23034,1185394,408.59,348.65,757.24,349,409,0.00,0.00,0,0
1544345731,2001-eth4,1216703.38,1210745.25,2427448.50,1211956,1217920,839.16,793.21,1632.37,794,840,0.00,0.00,0,0
1544345731,3003-eth4,63228.77,859352.69,922581.44,860212,63292,669.33,577.42,1246.75,578,670,0.00,0.00,0,0
1544345731,2004-eth1,0.00,0.00,0.00,0,0,0.00,0.00,0.00,0,0,0.00,0.00,0,0
1544345731,3006-eth4,33744.26,1218673.38,1252417.62,1219892,33778,472.53,497.50,970.03,498,473,0.00,0.00,0,0
1544345731,3007-eth1,424823.19,619844.19,1044667.38,620464,425248,343.66,339.66,683.32,340,344,0.00,0.00,0,0
1544345731,2008-eth1,0.00,0.00,0.00,0,0,0.00,0.00,0.00,0,0,0.00,0.00,0,0
1544345731,2002-eth2,136625.38,10511.49,147136.86,10522,136762,124.88,120.88,245.75,121,125,0.00,0.00,0,0
1544345731,2003-eth1,251492.52,583047.00,834539.50,583630,251744,307.69,290.71,598.40,291,308,0.00,0.00,0,0
1544345731,3008-eth4,1215290.75,269282.72,1484573.50,269552,1216506,528.47,507.49,1035.96,508,529,0.00,0.00,0,0
1544345731,1004-eth4,1225672.38,58271.73,1283944.12,58330,1226898,620.38,632.37,1252.75,633,621,0.00,0.00,0,0
1544345731,3006-eth1,0.00,0.00,0.00,0,0,0.00,0.00,0.00,0,0,0.00,0.00,0,0
1544345731,1004-eth3,78391.61,14405.59,92797.20,14420,78470,118.88,149.85,268.73,150,119,0.00,0.00,0,0
1544345731,1002-eth2,0.00,0.00,0.00,0,0,0.00,0.00,0.00,0,0,0.00,0.00,0,0
1544345731,3004-eth3,24977.02,1210593.50,1235570.50,1211804,25002,340.66,353.65,694.31,354,341,0.00,0.00,0,0
1544345731,2003-eth3,577592.44,14289.71,591882.12,14304,578170,216.78,207.79,424.58,208,217,0.00,0.00,0,0
1544345731,2005-eth1,1184209.88,23010.99,1207220.75,23034,1185394,408.59,348.65,757.24,349,409,0.00,0.00,0,0
1544345731,3002-eth3,1199828.25,697878.12,1897706.38,698576,1201028,601.40,623.38,1224.78,624,602,0.00,0.00,0,0
1544345731,3006-eth3,1213138.88,1216040.00,2429179.00,1217256,1214352,759.24,803.20,1562.44,804,760,0.00,0.00,0,0
1544345731,2001-eth1,1213704.38,1216637.38,2430341.75,1217854,1214918,794.21,838.16,1632.37,839,795,0.00,0.00,0,0
1544345731,3005-eth2,30375.62,1215646.38,1246022.00,1216862,30406,430.57,446.55,877.12,447,431,0.00,0.00,0,0
1544345731,2001-eth2,0.00,0.00,0.00,0,0,0.00,0.00,0.00,0,0,0.00,0.00,0,0
1544345731,3007-eth2,461220.78,1151192.88,1612413.62,1152344,461682,732.27,719.28,1451.55,720,733,0.00,0.00,0,0
1544345731,1001-eth1,1216637.38,1213704.38,2430341.75,1214918,1217854,838.16,794.21,1632.37,795,839,0.00,0.00,0,0
1544345731,3007-eth4,619844.19,424865.16,1044709.31,425290,620464,339.66,344.66,684.32,345,340,0.00,0.00,0,0
1544345731,2003-eth2,0.00,0.00,0.00,0,0,0.00,0.00,0.00,0,0,0.00,0.00,0,0
1544345731,3007-eth3,1151192.88,461178.84,1612371.62,461640,1152344,719.28,731.27,1450.55,732,720,0.00,0.00,0,0
1544345731,1002-eth1,0.00,0.00,0.00,0,0,0.00,0.00,0.00,0,0,0.00,0.00,0,0
1544345731,2002-eth3,10469.53,136583.42,147052.95,136720,10480,119.88,123.88,243.76,124,120,0.00,0.00,0,0
1544345731,2007-eth2,0.00,0.00,0.00,0,0,0.00,0.00,0.00,0,0,0.00,0.00,0,0
1544345731,total,32498230.00,32552356.00,65050588.00,32584908,32530728,24551.45,24713.29,49264.74,24738,24576,0.00,0.00,0,0
1544345732,3003-eth3,598697.31,117202.80,715900.12,117320,599296,269.73,255.74,525.47,256,270,0.00,0.00,0,0
1544345732,2002-eth1,0.00,0.00,0.00,0,0,0.00,0.00,0.00,0,0,0.00,0.00,0,0
1544345732,lo,1198.80,1198.80,2397.60,1200,1200,19.98,19.98,39.96,20,20,0.00,0.00,0,0
1544345732,3005-eth3,1132259.75,1137258.75,2269518.50,1138396,1133392,739.26,749.25,1488.51,750,740,0.00,0.00,0,0
1544345732,2005-eth3,22087.91,1190127.88,1212215.88,1191318,22110,334.67,410.59,745.25,411,335,0.00,0.00,0,0
1544345732,3004-eth4,1206159.88,331262.75,1537422.62,331594,1207366,346.65,372.63,719.28,373,347,0.00,0.00,0,0
1544345732,1004-eth2,51048.95,1062749.25,1113798.25,1063812,51100,549.45,725.27,1274.73,726,550,0.00,0.00,0,0
1544345732,2004-eth4,7636.36,6755.25,14391.61,6762,7644,77.92,68.93,146.85,69,78,0.00,0.00,0,0
1544345732,1001-eth2,601824.19,330881.12,932705.31,331212,602426,312.69,341.66,654.35,342,313,0.00,0.00,0,0
1544345732,1003-eth3,0.00,0.00,0.00,0,0,0.00,0.00,0.00,0,0,0.00,0.00,0,0
1544345732,2002-eth4,3958.04,3958.04,7916.08,3962,3962,40.96,40.96,81.92,41,41,0.00,0.00,0,0
1544345732,1001-eth4,907440.56,19005.00,926445.56,19024,908348,313.69,271.73,585.41,272,314,0.00,0.00,0,0
1544345732,3001-eth2,78943.06,12037.96,90981.02,12050,79022,122.88,126.87,249.75,127,123,0.00,0.00,0,0
1544345732,1004-eth1,12079.92,78985.02,91064.94,79064,12092,127.87,123.88,251.75,124,128,0.00,0.00,0,0
1544345732,3005-eth4,1221294.75,1218779.25,2440074.00,1219998,1222516,773.23,832.17,1605.39,833,774,0.00,0.00,0,0
1544345732,1003-eth2,0.00,0.00,0.00,0,0,0.00,0.00,0.00,0,0,0.00,0.00,0,0
1544345732,3008-eth1,14307.69,762381.62,776689.31,763144,14322,216.78,263.74,480.52,264,217,0.00,0.00,0,0
1544345732,1002-eth3,0.00,0.00,0.00,0,0,0.00,0.00,0.00,0,0,0.00,0.00,0,0
1544345732,2006-eth1,0.00,0.00,0.00,0,0,0.00,0.00,0.00,0,0,0.00,0.00,0,0
1544345732,3003-eth1,15262.74,595248.75,610511.50,595844,15278,214.79,221.78,436.56,222,215,0.00,0.00,0,0
1544345732,2001-eth3,0.00,0.00,0.00,0,0,0.00,0.00,0.00,0,0,0.00,0.00,0,0
1544345732,2008-eth2,38827.18,1223514.50,1262341.75,1224738,38866,416.58,456.54,873.13,457,417,0.00,0.00,0,0
1544345732,2008-eth3,1034493.56,550008.00,1584501.50,550558,1035528,551.45,564.44,1115.88,565,552,0.00,0.00,0,0
1544345732,1001-eth3,22087.91,1190127.88,1212215.88,1191318,22110,334.67,410.59,745.25,411,335,0.00,0.00,0,0
1544345732,2007-eth4,762381.62,14307.69,776689.31,14322,763144,263.74,216.78,480.52,217,264,0.00,0.00,0,0
1544345732,2004-eth2,1062749.25,51048.95,1113798.25,51100,1063812,725.27,549.45,1274.73,550,726,0.00,0.00,0,0
1544345732,3002-eth1,1215642.38,1216737.25,2432379.75,1217954,1216858,780.22,840.16,1620.38,841,781,0.00,0.00,0,0
1544345732,3004-eth1,315618.38,6575.42,322193.81,6582,315934,126.87,90.91,217.78,91,127,0.00,0.00,0,0
1544345732,2006-eth3,1220509.50,29244.76,1249754.25,29274,1221730,432.57,430.57,863.14,431,433,0.00,0.00,0,0
1544345732,3004-eth2,6755.25,7636.36,14391.61,7644,6762,68.93,77.92,146.85,78,69,0.00,0.00,0,0
1544345732,3001-eth3,1217860.12,96669.34,1314529.50,96766,1219078,450.55,434.57,885.11,435,451,0.00,0.00,0,0
1544345732,2003-eth4,6575.42,315618.38,322193.81,315934,6582,90.91,126.87,217.78,127,91,0.00,0.00,0,0
1544345732,2008-eth4,713458.56,13256.74,726715.31,13270,714172,245.75,192.81,438.56,193,246,0.00,0.00,0,0
1544345732,3008-eth3,1219980.00,1045334.69,2265314.75,1046380,1221200,775.22,737.26,1512.49,738,776,0.00,0.00,0,0
1544345732,2005-eth2,0.00,0.00,0.00,0,0,0.00,0.00,0.00,0,0,0.00,0.00,0,0
1544345732,2006-eth4,33824.18,1198841.25,1232665.38,1200040,33858,464.54,499.50,964.04,500,465,0.00,0.00,0,0
1544345732,3006-eth2,1198841.25,33824.18,1232665.38,33858,1200040,499.50,464.54,964.04,465,500,0.00,0.00,0,0
1544345732,1003-eth4,0.00,0.00,0.00,0,0,0.00,0.00,0.00,0,0,0.00,0.00,0,0
1544345732,2006-eth2,13826.17,248002.00,261828.17,248250,13840,153.85,224.78,378.62,225,154,0.00,0.00,0,0
1544345732,3001-eth1,0.00,0.00,0.00,0,0,0.00,0.00,0.00,0,0,0.00,0.00,0,0
1544345732,3008-eth2,13256.74,713458.56,726715.31,714172,13270,192.81,245.75,438.56,246,193,0.00,0.00,0,0
1544345732,2004-eth3,49972.03,1021784.25,1071756.25,1022806,50022,538.46,698.30,1236.76,699,539,0.00,0.00,0,0
1544345732,3001-eth4,36033.97,1218107.88,1254141.88,1219326,36070,498.50,506.49,1005.00,507,499,0.00,0.00,0,0
1544345732,1003-eth1,0.00,0.00,0.00,0,0,0.00,0.00,0.00,0,0,0.00,0.00,0,0
1544345732,3002-eth2,3958.04,3958.04,7916.08,3962,3962,40.96,40.96,81.92,41,41,0.00,0.00,0,0
1544345732,2005-eth4,0.00,0.00,0.00,0,0,0.00,0.00,0.00,0,0,0.00,0.00,0,0
1544345732,3003-eth2,1021784.25,49972.03,1071756.25,50022,1022806,698.30,538.46,1236.76,539,699,0.00,0.00,0,0
1544345732,2007-eth1,19005.00,907440.56,926445.56,908348,19024,271.73,313.69,585.41,314,272,0.00,0.00,0,0
1544345732,1002-eth4,0.00,0.00,0.00,0,0,0.00,0.00,0.00,0,0,0.00,0.00,0,0
1544345732,3002-eth4,21782.22,665804.19,687586.44,666470,21804,277.72,318.68,596.40,319,278,0.00,0.00,0,0
1544345732,2007-eth3,606038.00,465676.34,1071714.38,466142,606644,349.65,354.65,704.30,355,350,0.00,0.00,0,0
1544345732,3005-eth1,1190127.88,22087.91,1212215.88,22110,1191318,410.59,334.67,745.25,335,411,0.00,0.00,0,0
1544345732,2001-eth4,1216737.25,1215642.38,2432379.75,1216858,1217954,840.16,780.22,1620.38,781,841,0.00,0.00,0,0
1544345732,3003-eth4,46523.48,43838.16,90361.64,43882,46570,490.51,100.90,591.41,101,491,0.00,0.00,0,0
1544345732,2004-eth1,0.00,0.00,0.00,0,0,0.00,0.00,0.00,0,0,0.00,0.00,0,0
1544345732,3006-eth4,35736.27,1216595.50,1252331.75,1217812,35772,493.51,505.49,999.00,506,494,0.00,0.00,0,0
1544345732,3007-eth1,465676.34,606038.00,1071714.38,606644,466142,354.65,349.65,704.30,350,355,0.00,0.00,0,0
1544345732,2008-eth1,0.00,0.00,0.00,0,0,0.00,0.00,0.00,0,0,0.00,0.00,0,0
1544345732,2002-eth2,78985.02,12079.92,91064.94,12092,79064,123.88,127.87,251.75,128,124,0.00,0.00,0,0
1544345732,2003-eth1,330881.12,601824.19,932705.31,602426,331212,341.66,312.69,654.35,313,342,0.00,0.00,0,0
1544345732,3008-eth4,1218101.88,340373.62,1558475.62,340714,1219320,571.43,546.45,1117.88,547,572,0.00,0.00,0,0
1544345732,1004-eth4,1223514.50,38827.18,1262341.75,38866,1224738,456.54,416.58,873.13,417,457,0.00,0.00,0,0
1544345732,3006-eth1,0.00,0.00,0.00,0,0,0.00,0.00,0.00,0,0,0.00,0.00,0,0
1544345732,1004-eth3,248002.00,13826.17,261828.17,13840,248250,224.78,153.85,378.62,154,225,0.00,0.00,0,0
1544345732,1002-eth2,0.00,0.00,0.00,0,0,0.00,0.00,0.00,0,0,0.00,0.00,0,0
1544345732,3004-eth3,26805.20,1209864.12,1236669.38,1211074,26832,359.64,360.64,720.28,361,360,0.00,0.00,0,0
1544345732,2003-eth3,595248.75,15262.74,610511.50,15278,595844,221.78,214.79,436.56,215,222,0.00,0.00,0,0
1544345732,2005-eth1,1190127.88,22087.91,1212215.88,22110,1191318,410.59,334.67,745.25,335,411,0.00,0.00,0,0
1544345732,3002-eth3,1198913.12,695380.62,1894293.75,696076,1200112,603.40,629.37,1232.77,630,604,0.00,0.00,0,0
1544345732,3006-eth3,1216757.25,1216171.88,2432929.25,1217388,1217974,770.23,805.19,1575.42,806,771,0.00,0.00,0,0
1544345732,2001-eth1,1215642.38,1216737.25,2432379.75,1217954,1216858,780.22,840.16,1620.38,841,781,0.00,0.00,0,0
1544345732,3005-eth2,29244.76,1220509.50,1249754.25,1221730,29274,430.57,432.57,863.14,433,431,0.00,0.00,0,0
1544345732,2001-eth2,0.00,0.00,0.00,0,0,0.00,0.00,0.00,0,0,0.00,0.00,0,0
1544345732,3007-eth2,550008.00,1034493.56,1584501.50,1035528,550558,564.44,551.45,1115.88,552,565,0.00,0.00,0,0
1544345732,1001-eth1,1216737.25,1215642.38,2432379.75,1216858,1217954,840.16,780.22,1620.38,781,841,0.00,0.00,0,0
1544345732,3007-eth4,606079.94,465718.28,1071798.25,466184,606686,350.65,355.64,706.29,356,351,0.00,0.00,0,0
1544345732,2003-eth2,0.00,0.00,0.00,0,0,0.00,0.00,0.00,0,0,0.00,0.00,0,0
1544345732,3007-eth3,1034451.56,549966.06,1584417.62,550516,1035486,550.45,563.44,1113.89,564,551,0.00,0.00,0,0
1544345732,1002-eth1,0.00,0.00,0.00,0,0,0.00,0.00,0.00,0,0,0.00,0.00,0,0
1544345732,2002-eth3,12037.96,78943.06,90981.02,79022,12050,126.87,122.88,249.75,123,127,0.00,0.00,0,0
1544345732,2007-eth2,0.00,0.00,0.00,0,0,0.00,0.00,0.00,0,0,0.00,0.00,0,0
1544345732,total,32675802.00,32206692.00,64882496.00,32238898,32708476,24025.97,23779.22,47805.20,23803,24050,0.00,0.00,0,0
1544345733,3003-eth3,612275.75,96131.87,708407.62,96228,612888,259.74,249.75,509.49,250,260,0.00,0.00,0,0
1544345733,2002-eth1,0.00,0.00,0.00,0,0,0.00,0.00,0.00,0,0,0.00,0.00,0,0
1544345733,lo,1038.96,1038.96,2077.92,1040,1040,15.98,15.98,31.97,16,16,0.00,0.00,0,0
1544345733,3005-eth3,1173884.12,1125031.00,2298915.25,1126156,1175058,756.24,761.24,1517.48,762,757,0.00,0.00,0,0
1544345733,2005-eth3,19780.22,1188615.38,1208395.62,1189804,19800,299.70,409.59,709.29,410,300,0.00,0.00,0,0
1544345733,3004-eth4,1208002.00,369862.16,1577864.12,370232,1209210,352.65,387.61,740.26,388,353,0.00,0.00,0,0
1544345733,1004-eth2,64033.97,87300.70,151334.67,87388,64098,686.31,121.88,808.19,122,687,0.00,0.00,0,0
1544345733,2004-eth4,5874.13,5874.13,11748.25,5880,5880,59.94,59.94,119.88,60,60,0.00,0.00,0,0
1544345733,1001-eth2,616557.44,372445.56,989003.00,372818,617174,318.68,364.64,683.32,365,319,0.00,0.00,0,0
1544345733,1003-eth3,0.00,0.00,0.00,0,0,0.00,0.00,0.00,0,0,0.00,0.00,0,0
1544345733,2002-eth4,3916.08,3916.08,7832.17,3920,3920,39.96,39.96,79.92,40,40,0.00,0.00,0,0
1544345733,1001-eth4,928087.94,23830.17,951918.12,23854,929016,319.68,276.72,596.40,277,320,0.00,0.00,0,0
1544345733,3001-eth2,152367.64,12903.10,165270.73,12916,152520,143.86,133.87,277.72,134,144,0.00,0.00,0,0
1544345733,1004-eth1,12903.10,152367.64,165270.73,152520,12916,133.87,143.86,277.72,144,134,0.00,0.00,0,0
1544345733,3005-eth4,1216621.38,1216247.75,2432869.25,1217464,1217838,746.25,819.18,1565.43,820,747,0.00,0.00,0,0
1544345733,1003-eth2,0.00,0.00,0.00,0,0,0.00,0.00,0.00,0,0,0.00,0.00,0,0
1544345733,3008-eth1,15362.64,815578.44,830941.06,816394,15378,232.77,280.72,513.49,281,233,0.00,0.00,0,0
1544345733,1002-eth3,0.00,0.00,0.00,0,0,0.00,0.00,0.00,0,0,0.00,0.00,0,0
1544345733,2006-eth1,0.00,0.00,0.00,0,0,0.00,0.00,0.00,0,0,0.00,0.00,0,0
1544345733,3003-eth1,21482.52,609946.06,631428.56,610556,21504,227.77,225.77,453.55,226,228,0.00,0.00,0,0
1544345733,2001-eth3,0.00,0.00,0.00,0,0,0.00,0.00,0.00,0,0,0.00,0.00,0,0
1544345733,2008-eth2,57376.62,1228207.88,1285584.50,1229436,57434,610.39,593.41,1203.80,594,611,0.00,0.00,0,0
1544345733,2008-eth3,1137029.00,494913.09,1631942.12,495408,1138166,702.30,709.29,1411.59,710,703,0.00,0.00,0,0
1544345733,1001-eth3,19780.22,1188615.38,1208395.62,1189804,19800,299.70,409.59,709.29,410,300,0.00,0.00,0,0
1544345733,2007-eth4,815578.44,15362.64,830941.06,15378,816394,280.72,232.77,513.49,233,281,0.00,0.00,0,0
1544345733,2004-eth2,87300.70,64033.97,151334.67,64098,87388,121.88,686.31,808.19,687,122,0.00,0.00,0,0
1544345733,3002-eth1,1216034.00,1219844.25,2435878.25,1221064,1217250,744.26,847.15,1591.41,848,745,0.00,0.00,0,0
1544345733,3004-eth1,350963.03,6611.39,357574.44,6618,351314,136.86,92.91,229.77,93,137,0.00,0.00,0,0
1544345733,2006-eth3,1219194.88,29082.92,1248277.75,29112,1220414,434.57,431.57,866.13,432,435,0.00,0.00,0,0
1544345733,3004-eth2,5874.13,5874.13,11748.25,5880,5880,59.94,59.94,119.88,60,60,0.00,0.00,0,0
1544345733,3001-eth3,1215724.25,170909.09,1386633.38,171080,1216940,469.53,463.54,933.07,464,470,0.00,0.00,0,0
1544345733,2003-eth4,6611.39,350963.03,357574.44,351314,6618,92.91,136.86,229.77,137,93,0.00,0.00,0,0
1544345733,2008-eth4,540321.69,14631.37,554953.06,14646,540862,186.81,198.80,385.61,199,187,0.00,0.00,0,0
1544345733,3008-eth3,1221744.25,857666.38,2079410.62,858524,1222966,714.29,677.32,1391.61,678,715,0.00,0.00,0,0
1544345733,2005-eth2,0.00,0.00,0.00,0,0,0.00,0.00,0.00,0,0,0.00,0.00,0,0
1544345733,2006-eth4,33018.98,1197960.12,1230979.00,1199158,33052,461.54,490.51,952.05,491,462,0.00,0.00,0,0
1544345733,3006-eth2,1197960.12,33018.98,1230979.00,33052,1199158,490.51,461.54,952.05,462,491,0.00,0.00,0,0
1544345733,1003-eth4,0.00,0.00,0.00,0,0,0.00,0.00,0.00,0,0,0.00,0.00,0,0
1544345733,2006-eth2,11728.27,84243.76,95972.03,84328,11740,129.87,119.88,249.75,120,130,0.00,0.00,0,0
1544345733,3001-eth1,0.00,0.00,0.00,0,0,0.00,0.00,0.00,0,0,0.00,0.00,0,0
1544345733,3008-eth2,14631.37,540321.69,554953.06,540862,14646,198.80,186.81,385.61,187,199,0.00,0.00,0,0
1544345733,2004-eth3,62075.93,85342.66,147418.58,85428,62138,666.33,101.90,768.23,102,667,0.00,0.00,0,0
1544345733,3001-eth4,34205.80,1215714.38,1249920.12,1216930,34240,479.52,496.50,976.02,497,480,0.00,0.00,0,0
1544345733,1003-eth1,0.00,0.00,0.00,0,0,0.00,0.00,0.00,0,0,0.00,0.00,0,0
1544345733,3002-eth2,3916.08,3916.08,7832.17,3920,3920,39.96,39.96,79.92,40,40,0.00,0.00,0,0
1544345733,2005-eth4,0.00,0.00,0.00,0,0,0.00,0.00,0.00,0,0,0.00,0.00,0,0
1544345733,3003-eth2,85342.66,62075.93,147418.58,62138,85428,101.90,666.33,768.23,667,102,0.00,0.00,0,0
1544345733,2007-eth1,23830.17,928087.94,951918.12,929016,23854,276.72,319.68,596.40,320,277,0.00,0.00,0,0
1544345733,1002-eth4,0.00,0.00,0.00,0,0,0.00,0.00,0.00,0,0,0.00,0.00,0,0
1544345733,3002-eth4,25748.25,418789.22,444537.47,419208,25774,270.73,279.72,550.45,280,271,0.00,0.00,0,0
1544345733,2007-eth3,589009.00,493844.16,1082853.12,494338,589598,354.65,362.64,717.28,363,355,0.00,0.00,0,0
1544345733,3005-eth1,1188615.38,19780.22,1208395.62,19800,1189804,409.59,299.70,709.29,300,410,0.00,0.00,0,0
1544345733,2001-eth4,1219844.25,1216034.00,2435878.25,1217250,1221064,847.15,744.26,1591.41,745,848,0.00,0.00,0,0
1544345733,3003-eth4,59746.25,10693.31,70439.56,10704,59806,632.37,79.92,712.29,80,633,0.00,0.00,0,0
1544345733,2004-eth1,0.00,0.00,0.00,0,0,0.00,0.00,0.00,0,0,0.00,0.00,0,0
1544345733,3006-eth4,33744.26,1215714.38,1249458.62,1216930,33778,472.53,496.50,969.03,497,473,0.00,0.00,0,0
1544345733,3007-eth1,493844.16,589009.00,1082853.12,589598,494338,362.64,354.65,717.28,355,363,0.00,0.00,0,0
1544345733,2008-eth1,0.00,0.00,0.00,0,0,0.00,0.00,0.00,0,0,0.00,0.00,0,0
1544345733,2002-eth2,152367.64,12903.10,165270.73,12916,152520,143.86,133.87,277.72,134,144,0.00,0.00,0,0
1544345733,2003-eth1,372445.56,616557.44,989003.00,617174,372818,364.64,318.68,683.32,319,365,0.00,0.00,0,0
1544345733,3008-eth4,1215061.00,264937.06,1479998.00,265202,1216276,481.52,484.52,966.03,485,482,0.00,0.00,0,0
1544345733,1004-eth4,1228207.88,57376.62,1285584.50,57434,1229436,593.41,610.39,1203.80,611,594,0.00,0.00,0,0
1544345733,3006-eth1,0.00,0.00,0.00,0,0,0.00,0.00,0.00,0,0,0.00,0.00,0,0
1544345733,1004-eth3,84243.76,11728.27,95972.03,11740,84328,119.88,129.87,249.75,130,120,0.00,0.00,0,0
1544345733,1002-eth2,0.00,0.00,0.00,0,0,0.00,0.00,0.00,0,0,0.00,0.00,0,0
1544345733,3004-eth3,24947.05,1210397.62,1235344.75,1211608,24972,341.66,351.65,693.31,352,342,0.00,0.00,0,0
1544345733,2003-eth3,609946.06,21482.52,631428.56,21504,610556,225.77,227.77,453.55,228,226,0.00,0.00,0,0
1544345733,2005-eth1,1188615.38,19780.22,1208395.62,19800,1189804,409.59,299.70,709.29,300,410,0.00,0.00,0,0
1544345733,3002-eth3,1198012.00,462481.53,1660493.50,462944,1199210,616.38,607.39,1223.78,608,617,0.00,0.00,0,0
1544345733,3006-eth3,1214325.75,1216105.88,2430431.75,1217322,1215540,777.22,804.20,1581.42,805,778,0.00,0.00,0,0
1544345733,2001-eth1,1213009.00,1219844.25,2432853.25,1221064,1214222,742.26,847.15,1589.41,848,743,0.00,0.00,0,0
1544345733,3005-eth2,29082.92,1219194.88,1248277.75,1220414,29112,431.57,434.57,866.13,435,432,0.00,0.00,0,0
1544345733,2001-eth2,0.00,0.00,0.00,0,0,0.00,0.00,0.00,0,0,0.00,0.00,0,0
1544345733,3007-eth2,494913.09,1137029.00,1631942.12,1138166,495408,709.29,702.30,1411.59,703,710,0.00,0.00,0,0
1544345733,1001-eth1,1219844.25,1213009.00,2432853.25,1214222,1221064,847.15,742.26,1589.41,743,848,0.00,0.00,0,0
1544345733,3007-eth4,589050.94,493844.16,1082895.12,494338,589640,355.64,362.64,718.28,363,356,0.00,0.00,0,0
1544345733,2003-eth2,0.00,0.00,0.00,0,0,0.00,0.00,0.00,0,0,0.00,0.00,0,0
1544345733,3007-eth3,1136987.00,494913.09,1631900.12,495408,1138124,701.30,709.29,1410.59,710,702,0.00,0.00,0,0
1544345733,1002-eth1,0.00,0.00,0.00,0,0,0.00,0.00,0.00,0,0,0.00,0.00,0,0
1544345733,2002-eth3,12903.10,152367.64,165270.73,152520,12916,133.87,143.86,277.72,144,134,0.00,0.00,0,0
1544345733,2007-eth2,0.00,0.00,0.00,0,0,0.00,0.00,0.00,0,0,0.00,0.00,0,0
1544345733,total,31006944.00,29666302.00,60673248.00,29695968,31037950,23637.36,23240.76,46878.12,23264,23661,0.00,0.00,0,0
1544345734,3003-eth3,611202.81,81776.23,692979.06,81858,611814,314.69,310.69,625.37,311,315,0.00,0.00,0,0
1544345734,2002-eth1,0.00,0.00,0.00,0,0,0.00,0.00,0.00,0,0,0.00,0.00,0,0
1544345734,lo,1198.80,1198.80,2397.60,1200,1200,19.98,19.98,39.96,20,20,0.00,0.00,0,0
1544345734,3005-eth3,1038559.50,1172301.75,2210861.25,1173474,1039598,722.28,732.27,1454.55,733,723,0.00,0.00,0,0
1544345734,2005-eth3,30131.87,1193087.00,1223218.88,1194280,30162,456.54,411.59,868.13,412,457,0.00,0.00,0,0
1544345734,3004-eth4,1206295.75,413196.81,1619492.50,413610,1207502,370.63,408.59,779.22,409,371,0.00,0.00,0,0
1544345734,1004-eth2,43084.92,715132.88,758217.81,715848,43128,507.49,255.74,763.24,256,508,0.00,0.00,0,0
1544345734,2004-eth4,5678.32,5776.22,11454.55,5782,5684,57.94,58.94,116.88,59,58,0.00,0.00,0,0
1544345734,1001-eth2,618861.12,428709.31,1047570.44,429138,619480,411.59,460.54,872.13,461,412,0.00,0.00,0,0
1544345734,1003-eth3,0.00,0.00,0.00,0,0,0.00,0.00,0.00,0,0,0.00,0.00,0,0
1544345734,2002-eth4,3916.08,3916.08,7832.17,3920,3920,39.96,39.96,79.92,40,40,0.00,0.00,0,0
1544345734,1001-eth4,988925.12,31250.75,1020175.88,31282,989914,408.59,358.64,767.23,359,409,0.00,0.00,0,0
1544345734,3001-eth2,135136.86,11772.23,146909.09,11784,135272,123.88,121.88,245.75,122,124,0.00,0.00,0,0
1544345734,1004-eth1,11772.23,135136.86,146909.09,135272,11784,121.88,123.88,245.75,124,122,0.00,0.00,0,0
1544345734,3005-eth4,1220499.50,1220425.62,2440925.25,1221646,1221720,739.26,822.18,1561.44,823,740,0.00,0.00,0,0
1544345734,1003-eth2,0.00,0.00,0.00,0,0,0.00,0.00,0.00,0,0,0.00,0.00,0,0
1544345734,3008-eth1,15956.04,879296.75,895252.75,880176,15972,241.76,303.70,545.45,304,242,0.00,0.00,0,0
1544345734,1002-eth3,0.00,0.00,0.00,0,0,0.00,0.00,0.00,0,0,0.00,0.00,0,0
1544345734,2006-eth1,0.00,0.00,0.00,0,0,0.00,0.00,0.00,0,0,0.00,0.00,0,0
1544345734,3003-eth1,28165.83,610709.31,638875.12,611320,28194,298.70,299.70,598.40,300,299,0.00,0.00,0,0
1544345734,2001-eth3,0.00,0.00,0.00,0,0,0.00,0.00,0.00,0,0,0.00,0.00,0,0
1544345734,2008-eth2,36643.36,1230919.12,1267562.50,1232150,36680,433.57,546.45,980.02,547,434,0.00,0.00,0,0
1544345734,2008-eth3,942601.44,532947.06,1475548.50,533480,943544,583.42,563.44,1146.85,564,584,0.00,0.00,0,0
1544345734,1001-eth3,30131.87,1193087.00,1223218.88,1194280,30162,456.54,411.59,868.13,412,457,0.00,0.00,0,0
1544345734,2007-eth4,879296.75,15956.04,895252.75,15972,880176,303.70,241.76,545.45,242,304,0.00,0.00,0,0
1544345734,2004-eth2,715132.88,43084.92,758217.81,43128,715848,255.74,507.49,763.24,508,256,0.00,0.00,0,0
1544345734,3002-eth1,1230869.12,1216335.75,2447204.75,1217552,1232100,1048.95,977.02,2025.97,978,1050,0.00,0.00,0,0
1544345734,3004-eth1,400473.53,8151.85,408625.38,8160,400874,160.84,111.89,272.73,112,161,0.00,0.00,0,0
1544345734,2006-eth3,1219067.00,24899.10,1243966.12,24924,1220286,454.55,373.63,828.17,374,455,0.00,0.00,0,0
1544345734,3004-eth2,5776.22,5678.32,11454.55,5684,5782,58.94,57.94,116.88,58,59,0.00,0.00,0,0
1544345734,3001-eth3,1217932.12,153678.33,1371610.38,153832,1219150,462.54,443.56,906.09,444,463,0.00,0.00,0,0
1544345734,2003-eth4,8151.85,400473.53,408625.38,400874,8160,111.89,160.84,272.73,161,112,0.00,0.00,0,0
1544345734,2008-eth4,799472.56,14851.15,814323.69,14866,800272,299.70,206.79,506.49,207,300,0.00,0.00,0,0
1544345734,3008-eth3,1215690.38,865294.75,2080985.12,866160,1216906,688.31,683.32,1371.63,684,689,0.00,0.00,0,0
1544345734,2005-eth2,0.00,0.00,0.00,0,0,0.00,0.00,0.00,0,0,0.00,0.00,0,0
1544345734,2006-eth4,29888.11,1200821.25,1230709.38,1202022,29918,414.59,490.51,905.09,491,415,0.00,0.00,0,0
1544345734,3006-eth2,1200821.25,29888.11,1230709.38,29918,1202022,490.51,414.59,905.09,415,491,0.00,0.00,0,0
1544345734,1003-eth4,0.00,0.00,0.00,0,0,0.00,0.00,0.00,0,0,0.00,0.00,0,0
1544345734,2006-eth2,10479.52,60473.53,70953.05,60534,10490,116.88,110.89,227.77,111,117,0.00,0.00,0,0
1544345734,3001-eth1,0.00,0.00,0.00,0,0,0.00,0.00,0.00,0,0,0.00,0.00,0,0
1544345734,3008-eth2,14851.15,799472.56,814323.69,800272,14866,206.79,299.70,506.49,300,207,0.00,0.00,0,0
1544345734,2004-eth3,41028.97,712979.06,754008.00,713692,41070,486.51,233.77,720.28,234,487,0.00,0.00,0,0
1544345734,3001-eth4,34107.89,1218673.38,1252781.25,1219892,34142,478.52,497.50,976.02,498,479,0.00,0.00,0,0
1544345734,1003-eth1,0.00,0.00,0.00,0,0,0.00,0.00,0.00,0,0,0.00,0.00,0,0
1544345734,3002-eth2,3916.08,3916.08,7832.17,3920,3920,39.96,39.96,79.92,40,40,0.00,0.00,0,0
1544345734,2005-eth4,0.00,0.00,0.00,0,0,0.00,0.00,0.00,0,0,0.00,0.00,0,0
1544345734,3003-eth2,712979.06,41028.97,754008.00,41070,713692,233.77,486.51,720.28,487,234,0.00,0.00,0,0
1544345734,2007-eth1,31250.75,988925.12,1020175.88,989914,31282,358.64,408.59,767.23,409,359,0.00,0.00,0,0
1544345734,1002-eth4,0.00,0.00,0.00,0,0,0.00,0.00,0.00,0,0,0.00,0.00,0,0
1544345734,3002-eth4,33194.80,622571.44,655766.25,623194,33228,349.65,364.64,714.29,365,350,0.00,0.00,0,0
1544345734,2007-eth3,597898.12,494687.31,1092585.50,495182,598496,423.58,432.57,856.14,433,424,0.00,0.00,0,0
1544345734,3005-eth1,1193087.00,30131.87,1223218.88,30162,1194280,411.59,456.54,868.13,457,412,0.00,0.00,0,0
1544345734,2001-eth4,1216335.75,1230869.12,2447204.75,1232100,1217552,977.02,1048.95,2025.97,1050,978,0.00,0.00,0,0
1544345734,3003-eth4,40535.46,675674.38,716209.81,676350,40576,471.53,226.77,698.30,227,472,0.00,0.00,0,0
1544345734,2004-eth1,0.00,0.00,0.00,0,0,0.00,0.00,0.00,0,0,0.00,0.00,0,0
1544345734,3006-eth4,33778.22,1221534.50,1255312.75,1222756,33812,473.53,497.50,971.03,498,474,0.00,0.00,0,0
1544345734,3007-eth1,494687.31,597898.12,1092585.50,598496,495182,432.57,423.58,856.14,424,433,0.00,0.00,0,0
1544345734,2008-eth1,0.00,0.00,0.00,0,0,0.00,0.00,0.00,0,0,0.00,0.00,0,0
1544345734,2002-eth2,135136.86,11772.23,146909.09,11784,135272,123.88,121.88,245.75,122,124,0.00,0.00,0,0
1544345734,2003-eth1,428709.31,618861.12,1047570.44,619480,429138,460.54,411.59,872.13,412,461,0.00,0.00,0,0
1544345734,3008-eth4,1219338.75,343076.94,1562415.62,343420,1220558,502.50,511.49,1013.99,512,503,0.00,0.00,0,0
1544345734,1004-eth4,1230919.12,36643.36,1267562.50,36680,1232150,546.45,433.57,980.02,434,547,0.00,0.00,0,0
1544345734,3006-eth1,0.00,0.00,0.00,0,0,0.00,0.00,0.00,0,0,0.00,0.00,0,0
1544345734,1004-eth3,60473.53,10479.52,70953.05,10490,60534,110.89,116.88,227.77,117,111,0.00,0.00,0,0
1544345734,1002-eth2,0.00,0.00,0.00,0,0,0.00,0.00,0.00,0,0,0.00,0.00,0,0
1544345734,3004-eth3,25962.04,1212927.12,1238889.12,1214140,25988,353.65,365.63,719.28,366,354,0.00,0.00,0,0
1544345734,2003-eth3,610709.31,28165.83,638875.12,28194,611320,299.70,298.70,598.40,299,300,0.00,0.00,0,0
1544345734,2005-eth1,1193087.00,30131.87,1223218.88,30162,1194280,411.59,456.54,868.13,457,412,0.00,0.00,0,0
1544345734,3002-eth3,1186963.12,606291.75,1793254.75,606898,1188150,666.33,660.34,1326.67,661,667,0.00,0.00,0,0
1544345734,3006-eth3,1220639.38,1219065.00,2439704.25,1220284,1221860,785.21,805.19,1590.41,806,786,0.00,0.00,0,0
1544345734,2001-eth1,1227910.12,1220995.00,2448905.25,1222216,1229138,1047.95,981.02,2028.97,982,1049,0.00,0.00,0,0
1544345734,3005-eth2,24899.10,1219067.00,1243966.12,1220286,24924,373.63,454.55,828.17,455,374,0.00,0.00,0,0
1544345734,2001-eth2,0.00,0.00,0.00,0,0,0.00,0.00,0.00,0,0,0.00,0.00,0,0
1544345734,3007-eth2,532947.06,942601.44,1475548.50,943544,533480,563.44,583.42,1146.85,584,564,0.00,0.00,0,0
1544345734,1001-eth1,1220995.00,1227910.12,2448905.25,1229138,1222216,981.02,1047.95,2028.97,1049,982,0.00,0.00,0,0
1544345734,3007-eth4,597898.12,494687.31,1092585.50,495182,598496,423.58,432.57,856.14,433,424,0.00,0.00,0,0
1544345734,2003-eth2,0.00,0.00,0.00,0,0,0.00,0.00,0.00,0,0,0.00,0.00,0,0
1544345734,3007-eth3,942601.44,532947.06,1475548.50,533480,943544,583.42,563.44,1146.85,564,584,0.00,0.00,0,0
1544345734,1002-eth1,0.00,0.00,0.00,0,0,0.00,0.00,0.00,0,0,0.00,0.00,0,0
1544345734,2002-eth3,11772.23,135136.86,146909.09,135272,11784,121.88,123.88,245.75,124,122,0.00,0.00,0,0
1544345734,2007-eth2,0.00,0.00,0.00,0,0,0.00,0.00,0.00,0,0,0.00,0.00,0,0
1544345734,total,32220424.00,32429348.00,64649772.00,32461776,32252644,24875.13,24815.19,49690.31,24840,24900,0.00,0.00,0,0
1544345735,3003-eth3,583684.31,216233.77,799918.12,216450,584268,361.64,364.64,726.27,365,362,0.00,0.00,0,0
1544345735,2002-eth1,0.00,0.00,0.00,0,0,0.00,0.00,0.00,0,0,0.00,0.00,0,0
1544345735,lo,0.00,0.00,0.00,0,0,0.00,0.00,0.00,0,0,0.00,0.00,0,0
1544345735,3005-eth3,1136265.75,1038229.81,2174495.50,1039268,1137402,712.29,717.28,1429.57,718,713,0.00,0.00,0,0
1544345735,2005-eth3,24923.08,1184209.88,1209132.88,1185394,24948,377.62,408.59,786.21,409,378,0.00,0.00,0,0
1544345735,3004-eth4,1207700.38,554983.06,1762683.38,555538,1208908,501.50,540.46,1041.96,541,502,0.00,0.00,0,0
1544345735,1004-eth2,19702.30,1208635.38,1228337.75,1209844,19722,260.74,237.76,498.50,238,261,0.00,0.00,0,0
1544345735,2004-eth4,5678.32,5776.22,11454.55,5782,5684,57.94,58.94,116.88,59,58,0.00,0.00,0,0
1544345735,1001-eth2,590010.00,559220.81,1149230.75,559780,590600,439.56,501.50,941.06,502,440,0.00,0.00,0,0
1544345735,1003-eth3,0.00,0.00,0.00,0,0,0.00,0.00,0.00,0,0,0.00,0.00,0,0
1544345735,2002-eth4,3916.08,3916.08,7832.17,3920,3920,39.96,39.96,79.92,40,40,0.00,0.00,0,0
1544345735,1001-eth4,1143256.75,32299.70,1175556.50,32332,1144400,467.53,407.59,875.12,408,468,0.00,0.00,0,0
1544345735,3001-eth2,77766.23,11862.14,89628.38,11874,77844,109.89,122.88,232.77,123,110,0.00,0.00,0,0
1544345735,1004-eth1,11862.14,77766.23,89628.38,77844,11874,122.88,109.89,232.77,110,123,0.00,0.00,0,0
1544345735,3005-eth4,1216575.50,1211242.75,2427818.25,1212454,1217792,855.14,818.18,1673.33,819,856,0.00,0.00,0,0
1544345735,1003-eth2,0.00,0.00,0.00,0,0,0.00,0.00,0.00,0,0,0.00,0.00,0,0
1544345735,3008-eth1,17736.26,973986.06,991722.31,974960,17754,268.73,335.66,604.40,336,269,0.00,0.00,0,0
1544345735,1002-eth3,0.00,0.00,0.00,0,0,0.00,0.00,0.00,0,0,0.00,0.00,0,0
1544345735,2006-eth1,0.00,0.00,0.00,0,0,0.00,0.00,0.00,0,0,0.00,0.00,0,0
1544345735,3003-eth1,25982.02,580137.88,606119.88,580718,26008,299.70,298.70,598.40,299,300,0.00,0.00,0,0
1544345735,2001-eth3,0.00,0.00,0.00,0,0,0.00,0.00,0.00,0,0,0.00,0.00,0,0
1544345735,2008-eth2,10885.12,1206581.50,1217466.62,1207788,10896,145.85,133.87,279.72,134,146,0.00,0.00,0,0
1544345735,2008-eth3,1140521.50,450713.31,1591234.75,451164,1141662,250.75,253.75,504.50,254,251,0.00,0.00,0,0
1544345735,1001-eth3,24923.08,1184209.88,1209132.88,1185394,24948,377.62,408.59,786.21,409,378,0.00,0.00,0,0
1544345735,2007-eth4,973986.06,17736.26,991722.31,17754,974960,335.66,268.73,604.40,269,336,0.00,0.00,0,0
1544345735,2004-eth2,1208635.38,19702.30,1228337.75,19722,1209844,237.76,260.74,498.50,261,238,0.00,0.00,0,0
1544345735,3002-eth1,1218833.25,1215069.00,2433902.25,1216284,1220052,981.02,993.01,1974.03,994,982,0.00,0.00,0,0
1544345735,3004-eth1,533238.75,9872.13,543110.88,9882,533772,201.80,140.86,342.66,141,202,0.00,0.00,0,0
1544345735,2006-eth3,1213672.38,29670.33,1243342.75,29700,1214886,438.56,449.55,888.11,450,439,0.00,0.00,0,0
1544345735,3004-eth2,5776.22,5678.32,11454.55,5684,5782,58.94,57.94,116.88,58,59,0.00,0.00,0,0
1544345735,3001-eth3,1210793.25,96339.66,1307132.88,96436,1212004,447.55,429.57,877.12,430,448,0.00,0.00,0,0
1544345735,2003-eth4,9872.13,533238.75,543110.88,533772,9882,140.86,201.80,342.66,202,141,0.00,0.00,0,0
1544345735,2008-eth4,522765.25,13852.15,536617.38,13866,523288,183.82,190.81,374.63,191,184,0.00,0.00,0,0
1544345735,3008-eth3,1211083.00,795724.31,2006807.25,796520,1212294,662.34,659.34,1321.68,660,663,0.00,0.00,0,0
1544345735,2005-eth2,0.00,0.00,0.00,0,0,0.00,0.00,0.00,0,0,0.00,0.00,0,0
1544345735,2006-eth4,31900.10,1166759.25,1198659.38,1167926,31932,445.55,478.52,924.08,479,446,0.00,0.00,0,0
1544345735,3006-eth2,1166759.25,31900.10,1198659.38,31932,1167926,478.52,445.55,924.08,446,479,0.00,0.00,0,0
1544345735,1003-eth4,0.00,0.00,0.00,0,0,0.00,0.00,0.00,0,0,0.00,0.00,0,0
1544345735,2006-eth2,13140.86,149014.98,162155.84,149164,13154,160.84,137.86,298.70,138,161,0.00,0.00,0,0
1544345735,3001-eth1,0.00,0.00,0.00,0,0,0.00,0.00,0.00,0,0,0.00,0.00,0,0
1544345735,3008-eth2,13852.15,522765.25,536617.38,523288,13866,190.81,183.82,374.63,184,191,0.00,0.00,0,0
1544345735,2004-eth3,17646.35,1206481.50,1224127.88,1207688,17664,239.76,215.78,455.54,216,240,0.00,0.00,0,0
1544345735,3001-eth4,33944.06,1209698.38,1243642.38,1210908,33978,476.52,493.51,970.03,494,477,0.00,0.00,0,0
1544345735,1003-eth1,0.00,0.00,0.00,0,0,0.00,0.00,0.00,0,0,0.00,0.00,0,0
1544345735,3002-eth2,3916.08,3916.08,7832.17,3920,3920,39.96,39.96,79.92,40,40,0.00,0.00,0,0
1544345735,2005-eth4,0.00,0.00,0.00,0,0,0.00,0.00,0.00,0,0,0.00,0.00,0,0
1544345735,3003-eth2,1206481.50,17646.35,1224127.88,17664,1207688,215.78,239.76,455.54,240,216,0.00,0.00,0,0
1544345735,2007-eth1,32299.70,1143256.75,1175556.50,1144400,32332,407.59,467.53,875.12,468,408,0.00,0.00,0,0
1544345735,1002-eth4,0.00,0.00,0.00,0,0,0.00,0.00,0.00,0,0,0.00,0.00,0,0
1544345735,3002-eth4,31720.28,529460.56,561180.81,529990,31752,359.64,334.67,694.31,335,360,0.00,0.00,0,0
1544345735,2007-eth3,621504.50,466797.22,1088301.75,467264,622126,430.57,437.56,868.13,438,431,0.00,0.00,0,0
1544345735,3005-eth1,1184209.88,24923.08,1209132.88,24948,1185394,408.59,377.62,786.21,378,409,0.00,0.00,0,0
1544345735,2001-eth4,1215069.00,1218833.25,2433902.25,1220052,1216284,993.01,981.02,1974.03,982,994,0.00,0.00,0,0
1544345735,3003-eth4,14099.90,1210563.50,1224663.38,1211774,14114,176.82,198.80,375.62,199,177,0.00,0.00,0,0
1544345735,2004-eth1,0.00,0.00,0.00,0,0,0.00,0.00,0.00,0,0,0.00,0.00,0,0
1544345735,3006-eth4,33614.39,1209698.38,1243312.75,1210908,33648,471.53,493.51,965.03,494,472,0.00,0.00,0,0
1544345735,3007-eth1,466797.22,621504.50,1088301.75,622126,467264,437.56,430.57,868.13,431,438,0.00,0.00,0,0
1544345735,2008-eth1,0.00,0.00,0.00,0,0,0.00,0.00,0.00,0,0,0.00,0.00,0,0
1544345735,2002-eth2,77766.23,11862.14,89628.38,11874,77844,109.89,122.88,232.77,123,110,0.00,0.00,0,0
1544345735,2003-eth1,559220.81,590010.00,1149230.75,590600,559780,501.50,439.56,941.06,440,502,0.00,0.00,0,0
1544345735,3008-eth4,1210329.75,252325.69,1462655.38,252578,1211540,497.50,494.51,992.01,495,498,0.00,0.00,0,0
1544345735,1004-eth4,1206581.50,10885.12,1217466.62,10896,1207788,133.87,145.85,279.72,146,134,0.00,0.00,0,0
1544345735,3006-eth1,0.00,0.00,0.00,0,0,0.00,0.00,0.00,0,0,0.00,0.00,0,0
1544345735,1004-eth3,149014.98,13140.86,162155.84,13154,149164,137.86,160.84,298.70,161,138,0.00,0.00,0,0
1544345735,1002-eth2,0.00,0.00,0.00,0,0,0.00,0.00,0.00,0,0,0.00,0.00,0,0
1544345735,3004-eth3,31044.96,1214789.25,1245834.25,1216004,31076,433.57,461.54,895.10,462,434,0.00,0.00,0,0
1544345735,2003-eth3,580137.88,25982.02,606119.88,26008,580718,298.70,299.70,598.40,300,299,0.00,0.00,0,0
1544345735,2005-eth1,1184209.88,24923.08,1209132.88,24948,1185394,408.59,377.62,786.21,378,409,0.00,0.00,0,0
1544345735,3002-eth3,1187358.62,559738.25,1747097.00,560298,1188546,674.33,656.34,1330.67,657,675,0.00,0.00,0,0
1544345735,3006-eth3,1214383.62,1185069.00,2399452.50,1186254,1215598,734.27,794.21,1528.47,795,735,0.00,0.00,0,0
1544345735,2001-eth1,1218767.25,1213446.62,2432213.75,1214660,1219986,980.02,991.01,1971.03,992,981,0.00,0.00,0,0
1544345735,3005-eth2,29670.33,1213672.38,1243342.75,1214886,29700,449.55,438.56,888.11,439,450,0.00,0.00,0,0
1544345735,2001-eth2,0.00,0.00,0.00,0,0,0.00,0.00,0.00,0,0,0.00,0.00,0,0
1544345735,3007-eth2,450713.31,1140521.50,1591234.75,1141662,451164,253.75,250.75,504.50,251,254,0.00,0.00,0,0
1544345735,1001-eth1,1213446.62,1218767.25,2432213.75,1219986,1214660,991.01,980.02,1971.03,981,992,0.00,0.00,0,0
1544345735,3007-eth4,621504.50,466797.22,1088301.75,467264,622126,430.57,437.56,868.13,438,431,0.00,0.00,0,0
1544345735,2003-eth2,0.00,0.00,0.00,0,0,0.00,0.00,0.00,0,0,0.00,0.00,0,0
1544345735,3007-eth3,1140521.50,450713.31,1591234.75,451164,1141662,250.75,253.75,504.50,254,251,0.00,0.00,0,0
1544345735,1002-eth1,0.00,0.00,0.00,0,0,0.00,0.00,0.00,0,0,0.00,0.00,0,0
1544345735,2002-eth3,11862.14,77766.23,89628.38,77844,11874,122.88,109.89,232.77,110,123,0.00,0.00,0,0
1544345735,2007-eth2,0.00,0.00,0.00,0,0,0.00,0.00,0.00,0,0,0.00,0.00,0,0
1544345735,total,33523534.00,33640516.00,67164056.00,33674156,33557056,22679.32,22781.22,45460.54,22804,22702,0.00,0.00,0,0
1544345736,3003-eth3,598281.75,123920.09,722201.81,124044,598880,363.64,233.77,597.40,234,364,0.00,0.00,0,0
1544345736,2002-eth1,0.00,0.00,0.00,0,0,0.00,0.00,0.00,0,0,0.00,0.00,0,0
1544345736,lo,1198.80,1198.80,2397.60,1200,1200,19.98,19.98,39.96,20,20,0.00,0.00,0,0
1544345736,3005-eth3,1191440.62,1143180.88,2334621.50,1144324,1192632,759.24,773.23,1532.47,774,760,0.00,0.00,0,0
1544345736,2005-eth3,30395.61,1187168.88,1217564.50,1188356,30426,460.54,409.59,870.13,410,461,0.00,0.00,0,0
1544345736,3004-eth4,1215266.75,532501.50,1747768.25,533034,1216482,528.47,572.43,1100.90,573,529,0.00,0.00,0,0
1544345736,1004-eth2,18549.45,1195922.12,1214471.50,1197118,18568,243.76,286.71,530.47,287,244,0.00,0.00,0,0
1544345736,2004-eth4,5678.32,5776.22,11454.55,5782,5684,57.94,58.94,116.88,59,58,0.00,0.00,0,0
1544345736,1001-eth2,606279.75,522535.47,1128815.25,523058,606886,462.54,400.60,863.14,401,463,0.00,0.00,0,0
1544345736,1003-eth3,0.00,0.00,0.00,0,0,0.00,0.00,0.00,0,0,0.00,0.00,0,0
1544345736,2002-eth4,3916.08,3916.08,7832.17,3920,3920,39.96,39.96,79.92,40,40,0.00,0.00,0,0
1544345736,1001-eth4,1085328.75,19642.36,1104971.00,19662,1086414,466.53,294.71,761.24,295,467,0.00,0.00,0,0
1544345736,3001-eth2,296014.00,14939.06,310953.06,14954,296310,194.81,174.83,369.63,175,195,0.00,0.00,0,0
1544345736,1004-eth1,14939.06,296014.00,310953.06,296310,14954,174.83,194.81,369.63,195,175,0.00,0.00,0,0
1544345736,3005-eth4,1212627.38,1214597.38,2427224.75,1215812,1213840,839.16,825.17,1664.34,826,840,0.00,0.00,0,0
1544345736,1003-eth2,0.00,0.00,0.00,0,0,0.00,0.00,0.00,0,0,0.00,0.00,0,0
1544345736,3008-eth1,18065.93,988781.25,1006847.19,989770,18084,273.73,340.66,614.39,341,274,0.00,0.00,0,0
1544345736,1002-eth3,0.00,0.00,0.00,0,0,0.00,0.00,0.00,0,0,0.00,0.00,0,0
1544345736,2006-eth1,0.00,0.00,0.00,0,0,0.00,0.00,0.00,0,0,0.00,0.00,0,0
1544345736,3003-eth1,14219.78,596709.31,610929.06,597306,14234,204.80,328.67,533.47,329,205,0.00,0.00,0,0
1544345736,2001-eth3,0.00,0.00,0.00,0,0,0.00,0.00,0.00,0,0,0.00,0.00,0,0
1544345736,2008-eth2,14489.51,1195354.62,1209844.25,1196550,14504,205.79,226.77,432.57,227,206,0.00,0.00,0,0
1544345736,2008-eth3,929328.69,498651.38,1427980.00,499150,930258,272.73,278.72,551.45,279,273,0.00,0.00,0,0
1544345736,1001-eth3,30395.61,1187168.88,1217564.50,1188356,30426,460.54,409.59,870.13,410,461,0.00,0.00,0,0
1544345736,2007-eth4,988781.25,18065.93,1006847.19,18084,989770,340.66,273.73,614.39,274,341,0.00,0.00,0,0
1544345736,2004-eth2,1195922.12,18549.45,1214471.50,18568,1197118,286.71,243.76,530.47,244,287,0.00,0.00,0,0
1544345736,3002-eth1,1227922.12,1213786.25,2441708.25,1215000,1229150,1113.89,829.17,1943.06,830,1115,0.00,0.00,0,0
1544345736,3004-eth1,508315.69,9570.43,517886.12,9580,508824,195.80,133.87,329.67,134,196,0.00,0.00,0,0
1544345736,2006-eth3,1213210.88,29406.59,1242617.38,29436,1214424,431.57,445.55,877.12,446,432,0.00,0.00,0,0
1544345736,3004-eth2,5776.22,5678.32,11454.55,5684,5782,58.94,57.94,116.88,58,59,0.00,0.00,0,0
1544345736,3001-eth3,1216555.50,314587.41,1531142.88,314902,1217772,527.47,514.49,1041.96,515,528,0.00,0.00,0,0
1544345736,2003-eth4,9570.43,508315.69,517886.12,508824,9580,133.87,195.80,329.67,196,134,0.00,0.00,0,0
1544345736,2008-eth4,765146.88,17918.08,783064.94,17936,765912,283.72,257.74,541.46,258,284,0.00,0.00,0,0
1544345736,3008-eth3,1211474.50,758901.12,1970375.62,759660,1212686,646.35,649.35,1295.70,650,647,0.00,0.00,0,0
1544345736,2005-eth2,0.00,0.00,0.00,0,0,0.00,0.00,0.00,0,0,0.00,0.00,0,0
1544345736,2006-eth4,33120.88,1197764.25,1230885.12,1198962,33154,464.54,488.51,953.05,489,465,0.00,0.00,0,0
1544345736,3006-eth2,1197764.25,33120.88,1230885.12,33154,1198962,488.51,464.54,953.05,465,489,0.00,0.00,0,0
1544345736,1003-eth4,0.00,0.00,0.00,0,0,0.00,0.00,0.00,0,0,0.00,0.00,0,0
1544345736,2006-eth2,11460.54,149444.56,160905.09,149594,11472,135.86,144.86,280.72,145,136,0.00,0.00,0,0
1544345736,3001-eth1,0.00,0.00,0.00,0,0,0.00,0.00,0.00,0,0,0.00,0.00,0,0
1544345736,3008-eth2,17918.08,765146.88,783064.94,765912,17936,257.74,283.72,541.46,284,258,0.00,0.00,0,0
1544345736,2004-eth3,16493.51,1205570.50,1222064.00,1206776,16510,222.78,267.73,490.51,268,223,0.00,0.00,0,0
1544345736,3001-eth4,33944.06,1215616.38,1249560.50,1216832,33978,476.52,495.50,972.03,496,477,0.00,0.00,0,0
1544345736,1003-eth1,0.00,0.00,0.00,0,0,0.00,0.00,0.00,0,0,0.00,0.00,0,0
1544345736,3002-eth2,3916.08,3916.08,7832.17,3920,3920,39.96,39.96,79.92,40,40,0.00,0.00,0,0
1544345736,2005-eth4,0.00,0.00,0.00,0,0,0.00,0.00,0.00,0,0,0.00,0.00,0,0
1544345736,3003-eth2,1205570.50,16493.51,1222064.00,16510,1206776,267.73,222.78,490.51,223,268,0.00,0.00,0,0
1544345736,2007-eth1,19642.36,1085328.75,1104971.00,1086414,19662,294.71,466.53,761.24,467,295,0.00,0.00,0,0
1544345736,1002-eth4,0.00,0.00,0.00,0,0,0.00,0.00,0.00,0,0,0.00,0.00,0,0
1544345736,3002-eth4,20581.42,515642.38,536223.81,516158,20602,266.73,278.72,545.45,279,267,0.00,0.00,0,0
1544345736,2007-eth3,601652.38,508193.81,1109846.12,508702,602254,458.54,354.65,813.19,355,459,0.00,0.00,0,0
1544345736,3005-eth1,1187168.88,30395.61,1217564.50,30426,1188356,409.59,460.54,870.13,461,410,0.00,0.00,0,0
1544345736,2001-eth4,1213786.25,1227922.12,2441708.25,1229150,1215000,829.17,1113.89,1943.06,1115,830,0.00,0.00,0,0
1544345736,3003-eth4,14921.08,1194531.50,1209452.62,1195726,14936,187.81,262.74,450.55,263,188,0.00,0.00,0,0
1544345736,2004-eth1,0.00,0.00,0.00,0,0,0.00,0.00,0.00,0,0,0.00,0.00,0,0
1544345736,3006-eth4,33450.55,1215518.50,1248969.12,1216734,33484,469.53,494.51,964.04,495,470,0.00,0.00,0,0
1544345736,3007-eth1,508193.81,601652.38,1109846.12,602254,508702,354.65,458.54,813.19,459,355,0.00,0.00,0,0
1544345736,2008-eth1,0.00,0.00,0.00,0,0,0.00,0.00,0.00,0,0,0.00,0.00,0,0
1544345736,2002-eth2,296014.00,14939.06,310953.06,14954,296310,194.81,174.83,369.63,175,195,0.00,0.00,0,0
1544345736,2003-eth1,522535.47,606279.75,1128815.25,606886,523058,400.60,462.54,863.14,463,401,0.00,0.00,0,0
1544345736,3008-eth4,1214010.00,224881.12,1438891.12,225106,1215224,487.51,478.52,966.03,479,488,0.00,0.00,0,0
1544345736,1004-eth4,1195354.62,14489.51,1209844.25,14504,1196550,226.77,205.79,432.57,206,227,0.00,0.00,0,0
1544345736,3006-eth1,0.00,0.00,0.00,0,0,0.00,0.00,0.00,0,0,0.00,0.00,0,0
1544345736,1004-eth3,149444.56,11460.54,160905.09,11472,149594,144.86,135.86,280.72,136,145,0.00,0.00,0,0
1544345736,1002-eth2,0.00,0.00,0.00,0,0,0.00,0.00,0.00,0,0,0.00,0.00,0,0
1544345736,3004-eth3,34171.83,1215714.38,1249886.12,1216930,34206,478.52,496.50,975.03,497,479,0.00,0.00,0,0
1544345736,2003-eth3,596709.31,14219.78,610929.06,14234,597306,328.67,204.80,533.47,205,329,0.00,0.00,0,0
1544345736,2005-eth1,1187168.88,30395.61,1217564.50,30426,1188356,409.59,460.54,870.13,461,410,0.00,0.00,0,0
1544345736,3002-eth3,1197120.88,542829.19,1739950.12,543372,1198318,602.40,597.40,1199.80,598,603,0.00,0.00,0,0
1544345736,3006-eth3,1213340.75,1215974.00,2429314.75,1217190,1214554,784.22,802.20,1586.41,803,785,0.00,0.00,0,0
1544345736,2001-eth1,1226179.88,1213708.38,2439888.25,1214922,1227406,1109.89,828.17,1938.06,829,1111,0.00,0.00,0,0
1544345736,3005-eth2,29406.59,1213210.88,1242617.38,1214424,29436,445.55,431.57,877.12,432,446,0.00,0.00,0,0
1544345736,2001-eth2,0.00,0.00,0.00,0,0,0.00,0.00,0.00,0,0,0.00,0.00,0,0
1544345736,3007-eth2,498651.38,929328.69,1427980.00,930258,499150,278.72,272.73,551.45,273,279,0.00,0.00,0,0
1544345736,1001-eth1,1213708.38,1226179.88,2439888.25,1227406,1214922,828.17,1109.89,1938.06,1111,829,0.00,0.00,0,0
1544345736,3007-eth4,601652.38,508193.81,1109846.12,508702,602254,458.54,354.65,813.19,355,459,0.00,0.00,0,0
1544345736,2003-eth2,0.00,0.00,0.00,0,0,0.00,0.00,0.00,0,0,0.00,0.00,0,0
1544345736,3007-eth3,929328.69,498651.38,1427980.00,499150,930258,272.73,278.72,551.45,279,273,0.00,0.00,0,0
1544345736,1002-eth1,0.00,0.00,0.00,0,0,0.00,0.00,0.00,0,0,0.00,0.00,0,0
1544345736,2002-eth3,14939.06,296014.00,310953.06,296310,14954,174.83,194.81,369.63,195,175,0.00,0.00,0,0
1544345736,2007-eth2,0.00,0.00,0.00,0,0,0.00,0.00,0.00,0,0,0.00,0.00,0,0
1544345736,total,33868412.00,34365484.00,68233896.00,34399850,33902280,23298.70,23257.74,46556.44,23281,23322,0.00,0.00,0,0
1544345737,3003-eth3,600759.25,65200.80,665960.06,65266,601360,247.75,220.78,468.53,221,248,0.00,0.00,0,0
1544345737,2002-eth1,0.00,0.00,0.00,0,0,0.00,0.00,0.00,0,0,0.00,0.00,0,0
1544345737,lo,0.00,0.00,0.00,0,0,0.00,0.00,0.00,0,0,0.00,0.00,0,0
1544345737,3005-eth3,1139562.50,1217416.62,2356979.00,1218634,1140702,762.24,780.22,1542.46,781,763,0.00,0.00,0,0
1544345737,2005-eth3,27296.70,1193087.00,1220383.62,1194280,27324,413.59,411.59,825.17,412,414,0.00,0.00,0,0
1544345737,3004-eth4,1218605.38,736849.19,1955454.62,737586,1219824,579.42,644.36,1223.78,645,580,0.00,0.00,0,0
1544345737,1004-eth2,24547.45,1213652.38,1238199.88,1214866,24572,333.67,356.64,690.31,357,334,0.00,0.00,0,0
1544345737,2004-eth4,5874.13,5776.22,11650.35,5782,5880,59.94,58.94,118.88,59,60,0.00,0.00,0,0
1544345737,1001-eth2,613640.38,727106.94,1340747.25,727834,614254,422.58,476.52,899.10,477,423,0.00,0.00,0,0
1544345737,1003-eth3,0.00,0.00,0.00,0,0,0.00,0.00,0.00,0,0,0.00,0.00,0,0
1544345737,2002-eth4,3916.08,3916.08,7832.17,3920,3920,39.96,39.96,79.92,40,40,0.00,0.00,0,0
1544345737,1001-eth4,1220245.75,22549.45,1242795.25,22572,1221466,428.57,341.66,770.23,342,429,0.00,0.00,0,0
1544345737,3001-eth2,80263.74,8987.01,89250.75,8996,80344,103.90,97.90,201.80,98,104,0.00,0.00,0,0
1544345737,1004-eth1,8987.01,80263.74,89250.75,80344,8996,97.90,103.90,201.80,104,98,0.00,0.00,0,0
1544345737,3005-eth4,1219212.88,1219922.12,2439135.00,1221142,1220432,895.10,818.18,1713.29,819,896,0.00,0.00,0,0
1544345737,1003-eth2,0.00,0.00,0.00,0,0,0.00,0.00,0.00,0,0,0.00,0.00,0,0
1544345737,3008-eth1,20637.36,1126475.50,1147112.88,1127602,20658,312.69,388.61,701.30,389,313,0.00,0.00,0,0
1544345737,1002-eth3,0.00,0.00,0.00,0,0,0.00,0.00,0.00,0,0,0.00,0.00,0,0
1544345737,2006-eth1,0.00,0.00,0.00,0,0,0.00,0.00,0.00,0,0,0.00,0.00,0,0
1544345737,3003-eth1,14551.45,600837.19,615388.62,601438,14566,210.79,238.76,449.55,239,211,0.00,0.00,0,0
1544345737,2001-eth3,0.00,0.00,0.00,0,0,0.00,0.00,0.00,0,0,0.00,0.00,0,0
1544345737,2008-eth2,16087.91,1212062.00,1228149.88,1213274,16104,243.76,260.74,504.50,261,244,0.00,0.00,0,0
1544345737,2008-eth3,1141930.12,541808.19,1683738.25,542350,1143072,403.60,406.59,810.19,407,404,0.00,0.00,0,0
1544345737,1001-eth3,27296.70,1193087.00,1220383.62,1194280,27324,413.59,411.59,825.17,412,414,0.00,0.00,0,0
1544345737,2007-eth4,1126475.50,20637.36,1147112.88,20658,1127602,388.61,312.69,701.30,313,389,0.00,0.00,0,0
1544345737,2004-eth2,1213652.38,24547.45,1238199.88,24572,1214866,356.64,333.67,690.31,334,357,0.00,0.00,0,0
1544345737,3002-eth1,1218022.00,1220935.12,2438957.00,1222156,1219240,879.12,813.19,1692.31,814,880,0.00,0.00,0,0
1544345737,3004-eth1,712555.44,12737.26,725292.75,12750,713268,265.73,182.82,448.55,183,266,0.00,0.00,0,0
1544345737,2006-eth3,1219194.88,26307.69,1245502.50,26334,1220414,434.57,398.60,833.17,399,435,0.00,0.00,0,0
1544345737,3004-eth2,5776.22,5874.13,11650.35,5880,5782,58.94,59.94,118.88,60,59,0.00,0.00,0,0
1544345737,3001-eth3,1216631.38,99034.97,1315666.38,99134,1217848,439.56,426.57,866.13,427,440,0.00,0.00,0,0
1544345737,2003-eth4,12737.26,712555.44,725292.75,713268,12750,182.82,265.73,448.55,266,183,0.00,0.00,0,0
1544345737,2008-eth4,611338.69,12527.47,623866.12,12540,611950,210.79,189.81,400.60,190,211,0.00,0.00,0,0
1544345737,3008-eth3,1222255.75,716093.94,1938349.75,716810,1223478,634.37,636.36,1270.73,637,635,0.00,0.00,0,0
1544345737,2005-eth2,0.00,0.00,0.00,0,0,0.00,0.00,0.00,0,0,0.00,0.00,0,0
1544345737,2006-eth4,32063.94,1200919.12,1232983.00,1202120,32096,447.55,491.51,939.06,492,448,0.00,0.00,0,0
1544345737,3006-eth2,1200919.12,32063.94,1232983.00,32096,1202120,491.51,447.55,939.06,448,492,0.00,0.00,0,0
1544345737,1003-eth4,0.00,0.00,0.00,0,0,0.00,0.00,0.00,0,0,0.00,0.00,0,0
1544345737,2006-eth2,9810.19,67640.36,77450.55,67708,9820,109.89,109.89,219.78,110,110,0.00,0.00,0,0
1544345737,3001-eth1,0.00,0.00,0.00,0,0,0.00,0.00,0.00,0,0,0.00,0.00,0,0
1544345737,3008-eth2,12527.47,611338.69,623866.12,611950,12540,189.81,210.79,400.60,211,190,0.00,0.00,0,0
1544345737,2004-eth3,22491.51,1213108.88,1235600.38,1214322,22514,312.69,336.66,649.35,337,313,0.00,0.00,0,0
1544345737,3001-eth4,34239.76,1224493.50,1258733.25,1225718,34274,480.52,498.50,979.02,499,481,0.00,0.00,0,0
1544345737,1003-eth1,0.00,0.00,0.00,0,0,0.00,0.00,0.00,0,0,0.00,0.00,0,0
1544345737,3002-eth2,3916.08,3916.08,7832.17,3920,3920,39.96,39.96,79.92,40,40,0.00,0.00,0,0
1544345737,2005-eth4,0.00,0.00,0.00,0,0,0.00,0.00,0.00,0,0,0.00,0.00,0,0
1544345737,3003-eth2,1213108.88,22491.51,1235600.38,22514,1214322,336.66,312.69,649.35,313,337,0.00,0.00,0,0
1544345737,2007-eth1,22549.45,1220245.75,1242795.25,1221466,22572,341.66,428.57,770.23,429,342,0.00,0.00,0,0
1544345737,1002-eth4,0.00,0.00,0.00,0,0,0.00,0.00,0.00,0,0,0.00,0.00,0,0
1544345737,3002-eth4,19566.43,589580.44,609146.88,590170,19586,256.74,280.72,537.46,281,257,0.00,0.00,0,0
1544345737,2007-eth3,568493.50,475122.88,1043616.44,475598,569062,350.65,338.66,689.31,339,351,0.00,0.00,0,0
1544345737,3005-eth1,1193087.00,27296.70,1220383.62,27324,1194280,411.59,413.59,825.17,414,412,0.00,0.00,0,0
1544345737,2001-eth4,1220935.12,1218022.00,2438957.00,1219240,1222156,813.19,879.12,1692.31,880,814,0.00,0.00,0,0
1544345737,3003-eth4,22569.43,1210363.62,1232933.12,1211574,22592,303.70,350.65,654.35,351,304,0.00,0.00,0,0
1544345737,2004-eth1,0.00,0.00,0.00,0,0,0.00,0.00,0.00,0,0,0.00,0.00,0,0
1544345737,3006-eth4,33886.11,1217268.75,1251154.88,1218486,33920,475.52,498.50,974.03,499,476,0.00,0.00,0,0
1544345737,3007-eth1,475122.88,568493.50,1043616.44,569062,475598,338.66,350.65,689.31,351,339,0.00,0.00,0,0
1544345737,2008-eth1,0.00,0.00,0.00,0,0,0.00,0.00,0.00,0,0,0.00,0.00,0,0
1544345737,2002-eth2,80263.74,8987.01,89250.75,8996,80344,103.90,97.90,201.80,98,104,0.00,0.00,0,0
1544345737,2003-eth1,727106.94,613640.38,1340747.25,614254,727834,476.52,422.58,899.10,423,477,0.00,0.00,0,0
1544345737,3008-eth4,1218485.50,305050.97,1523536.50,305356,1219704,511.49,501.50,1012.99,502,512,0.00,0.00,0,0
1544345737,1004-eth4,1212062.00,16087.91,1228149.88,16104,1213274,260.74,243.76,504.50,244,261,0.00,0.00,0,0
1544345737,3006-eth1,0.00,0.00,0.00,0,0,0.00,0.00,0.00,0,0,0.00,0.00,0,0
1544345737,1004-eth3,67640.36,9810.19,77450.55,9820,67708,109.89,109.89,219.78,110,110,0.00,0.00,0,0
1544345737,1002-eth2,0.00,0.00,0.00,0,0,0.00,0.00,0.00,0,0,0.00,0.00,0,0
1544345737,3004-eth3,34279.72,1220227.75,1254507.50,1221448,34314,480.52,499.50,980.02,500,481,0.00,0.00,0,0
1544345737,2003-eth3,600837.19,14551.45,615388.62,14566,601438,238.76,210.79,449.55,211,239,0.00,0.00,0,0
1544345737,2005-eth1,1193087.00,27296.70,1220383.62,27324,1194280,411.59,413.59,825.17,414,412,0.00,0.00,0,0
1544345737,3002-eth3,1205284.75,640275.75,1845560.50,640916,1206490,596.40,605.39,1201.80,606,597,0.00,0.00,0,0
1544345737,3006-eth3,1218117.88,1219238.75,2437356.75,1220458,1219336,791.21,808.19,1599.40,809,792,0.00,0.00,0,0
1544345737,2001-eth1,1219830.25,1221001.00,2440831.25,1222222,1221050,884.12,814.19,1698.30,815,885,0.00,0.00,0,0
1544345737,3005-eth2,26307.69,1219194.88,1245502.50,1220414,26334,398.60,434.57,833.17,435,399,0.00,0.00,0,0
1544345737,2001-eth2,0.00,0.00,0.00,0,0,0.00,0.00,0.00,0,0,0.00,0.00,0,0
1544345737,3007-eth2,541808.19,1141930.12,1683738.25,1143072,542350,406.59,403.60,810.19,404,407,0.00,0.00,0,0
1544345737,1001-eth1,1221001.00,1219830.25,2440831.25,1221050,1222222,814.19,884.12,1698.30,885,815,0.00,0.00,0,0
1544345737,3007-eth4,568493.50,475122.88,1043616.44,475598,569062,350.65,338.66,689.31,339,351,0.00,0.00,0,0
1544345737,2003-eth2,0.00,0.00,0.00,0,0,0.00,0.00,0.00,0,0,0.00,0.00,0,0
1544345737,3007-eth3,1141930.12,541808.19,1683738.25,542350,1143072,403.60,406.59,810.19,407,404,0.00,0.00,0,0
1544345737,1002-eth1,0.00,0.00,0.00,0,0,0.00,0.00,0.00,0,0,0.00,0.00,0,0
1544345737,2002-eth3,8987.01,80263.74,89250.75,80344,8996,97.90,103.90,201.80,104,98,0.00,0.00,0,0
1544345737,2007-eth2,0.00,0.00,0.00,0,0,0.00,0.00,0.00,0,0,0.00,0.00,0,0
1544345737,total,34312864.00,34896932.00,69209800.00,34931828,34347176,22857.14,22963.04,45820.18,22986,22880,0.00,0.00,0,0
1544345738,3003-eth3,635150.88,126817.19,761968.06,126944,635786,264.74,255.74,520.48,256,265,0.00,0.00,0,0
1544345738,2002-eth1,0.00,0.00,0.00,0,0,0.00,0.00,0.00,0,0,0.00,0.00,0,0
1544345738,lo,1198.80,1198.80,2397.60,1200,1200,19.98,19.98,39.96,20,20,0.00,0.00,0,0
1544345738,3005-eth3,1129630.38,1211968.12,2341598.50,1213180,1130760,743.26,785.21,1528.47,786,744,0.00,0.00,0,0
1544345738,2005-eth3,24923.08,1193087.00,1218010.00,1194280,24948,377.62,411.59,789.21,412,378,0.00,0.00,0,0
1544345738,3004-eth4,1222279.75,363316.69,1585596.50,363680,1223502,548.45,551.45,1099.90,552,549,0.00,0.00,0,0
1544345738,1004-eth2,26297.70,1214249.75,1240547.50,1215464,26324,361.64,367.63,729.27,368,362,0.00,0.00,0,0
1544345738,2004-eth4,5580.42,5776.22,11356.64,5782,5586,56.94,58.94,115.88,59,57,0.00,0.00,0,0
1544345738,1001-eth2,647458.56,354541.47,1002000.00,354896,648106,388.61,399.60,788.21,400,389,0.00,0.00,0,0
1544345738,1003-eth3,0.00,0.00,0.00,0,0,0.00,0.00,0.00,0,0,0.00,0.00,0,0
1544345738,2002-eth4,3818.18,3818.18,7636.36,3822,3822,38.96,38.96,77.92,39,39,0.00,0.00,0,0
1544345738,1001-eth4,994179.88,24577.42,1018757.25,24602,995174,378.62,328.67,707.29,329,379,0.00,0.00,0,0
1544345738,3001-eth2,192351.66,13644.36,205996.02,13658,192544,159.84,148.85,308.69,149,160,0.00,0.00,0,0
1544345738,1004-eth1,13742.26,192519.48,206261.75,192712,13756,149.85,161.84,311.69,162,150,0.00,0.00,0,0
1544345738,3005-eth4,1221364.62,1220054.00,2441418.75,1221274,1222586,796.20,820.18,1616.38,821,797,0.00,0.00,0,0
1544345738,1003-eth2,0.00,0.00,0.00,0,0,0.00,0.00,0.00,0,0,0.00,0.00,0,0
1544345738,3008-eth1,22137.86,897978.06,920115.94,898876,22160,291.71,345.65,637.36,346,292,0.00,0.00,0,0
1544345738,1002-eth3,0.00,0.00,0.00,0,0,0.00,0.00,0.00,0,0,0.00,0.00,0,0
1544345738,2006-eth1,0.00,0.00,0.00,0,0,0.00,0.00,0.00,0,0,0.00,0.00,0,0
1544345738,3003-eth1,15738.26,634010.00,649748.25,634644,15754,228.77,237.76,466.53,238,229,0.00,0.00,0,0
1544345738,2001-eth3,0.00,0.00,0.00,0,0,0.00,0.00,0.00,0,0,0.00,0.00,0,0
1544345738,2008-eth2,21962.04,1215226.75,1237188.88,1216442,21984,311.69,308.69,620.38,309,312,0.00,0.00,0,0
1544345738,2008-eth3,1063222.75,502751.25,1565974.12,503254,1064286,394.61,406.59,801.20,407,395,0.00,0.00,0,0
1544345738,1001-eth3,24923.08,1193087.00,1218010.00,1194280,24948,377.62,411.59,789.21,412,378,0.00,0.00,0,0
1544345738,2007-eth4,897978.06,22137.86,920115.94,22160,898876,345.65,291.71,637.36,292,346,0.00,0.00,0,0
1544345738,2004-eth2,1214249.75,26297.70,1240547.50,26324,1215464,367.63,361.64,729.27,362,368,0.00,0.00,0,0
1544345738,3002-eth1,1221960.12,1219302.75,2441262.75,1220522,1223182,830.17,856.14,1686.31,857,831,0.00,0.00,0,0
1544345738,3004-eth1,338803.22,13514.49,352317.69,13528,339142,170.83,151.85,322.68,152,171,0.00,0.00,0,0
1544345738,2006-eth3,1220443.62,36775.23,1257218.88,36812,1221664,431.57,425.57,857.14,426,432,0.00,0.00,0,0
1544345738,3004-eth2,5776.22,5580.42,11356.64,5586,5782,58.94,56.94,115.88,57,59,0.00,0.00,0,0
1544345738,3001-eth3,1222747.25,211416.59,1434163.88,211628,1223970,490.51,485.51,976.02,486,491,0.00,0.00,0,0
1544345738,2003-eth4,13514.49,338803.22,352317.69,339142,13528,151.85,170.83,322.68,171,152,0.00,0.00,0,0
1544345738,2008-eth4,649282.75,16489.51,665772.25,16506,649932,237.76,228.77,466.53,229,238,0.00,0.00,0,0
1544345738,3008-eth3,1219782.25,738583.44,1958365.75,739322,1221002,638.36,648.35,1286.71,649,639,0.00,0.00,0,0
1544345738,2005-eth2,0.00,0.00,0.00,0,0,0.00,0.00,0.00,0,0,0.00,0.00,0,0
1544345738,2006-eth4,41214.79,1145852.12,1187067.00,1146998,41256,455.54,490.51,946.05,491,456,0.00,0.00,0,0
1544345738,3006-eth2,1145852.12,41214.79,1187067.00,41256,1146998,490.51,455.54,946.05,456,491,0.00,0.00,0,0
1544345738,1003-eth4,0.00,0.00,0.00,0,0,0.00,0.00,0.00,0,0,0.00,0.00,0,0
1544345738,2006-eth2,10833.17,77900.10,88733.27,77978,10844,125.87,112.89,238.76,113,126,0.00,0.00,0,0
1544345738,3001-eth1,0.00,0.00,0.00,0,0,0.00,0.00,0.00,0,0,0.00,0.00,0,0
1544345738,3008-eth2,16489.51,649282.75,665772.25,649932,16506,228.77,237.76,466.53,238,229,0.00,0.00,0,0
1544345738,2004-eth3,24339.66,1207886.12,1232225.75,1209094,24364,341.66,346.65,688.31,347,342,0.00,0.00,0,0
1544345738,3001-eth4,33946.05,1219794.25,1253740.25,1221014,33980,477.52,494.51,972.03,495,478,0.00,0.00,0,0
1544345738,1003-eth1,0.00,0.00,0.00,0,0,0.00,0.00,0.00,0,0,0.00,0.00,0,0
1544345738,3002-eth2,3818.18,3818.18,7636.36,3822,3822,38.96,38.96,77.92,39,39,0.00,0.00,0,0
1544345738,2005-eth4,0.00,0.00,0.00,0,0,0.00,0.00,0.00,0,0,0.00,0.00,0,0
1544345738,3003-eth2,1207886.12,24339.66,1232225.75,24364,1209094,346.65,341.66,688.31,342,347,0.00,0.00,0,0
1544345738,2007-eth1,24577.42,994179.88,1018757.25,995174,24602,328.67,378.62,707.29,379,329,0.00,0.00,0,0
1544345738,1002-eth4,0.00,69.93,69.93,70,0,0.00,1.00,1.00,1,0,0.00,0.00,0,0
1544345738,3002-eth4,20593.41,633868.12,654461.56,634502,20614,274.73,294.71,569.43,295,275,0.00,0.00,0,0
1544345738,2007-eth3,607092.94,513400.62,1120493.50,513914,607700,365.63,370.63,736.26,371,366,0.00,0.00,0,0
1544345738,3005-eth1,1193087.00,24923.08,1218010.00,24948,1194280,411.59,377.62,789.21,378,412,0.00,0.00,0,0
1544345738,2001-eth4,1219302.75,1221960.12,2441262.75,1223182,1220522,856.14,830.17,1686.31,831,857,0.00,0.00,0,0
1544345738,3003-eth4,23198.80,1215104.88,1238303.75,1216320,23222,314.69,399.60,714.29,400,315,0.00,0.00,0,0
1544345738,2004-eth1,0.00,0.00,0.00,0,0,0.00,0.00,0.00,0,0,0.00,0.00,0,0
1544345738,3006-eth4,33648.35,1221534.50,1255182.88,1222756,33682,472.53,497.50,970.03,498,473,0.00,0.00,0,0
1544345738,3007-eth1,513400.62,607092.94,1120493.50,607700,513914,370.63,365.63,736.26,366,371,0.00,0.00,0,0
1544345738,2008-eth1,0.00,0.00,0.00,0,0,0.00,0.00,0.00,0,0,0.00,0.00,0,0
1544345738,2002-eth2,192519.48,13742.26,206261.75,13756,192712,161.84,149.85,311.69,150,162,0.00,0.00,0,0
1544345738,2003-eth1,354541.47,647458.56,1002000.00,648106,354896,399.60,388.61,788.21,389,400,0.00,0.00,0,0
1544345738,3008-eth4,1222297.75,256717.30,1479015.00,256974,1223520,503.50,492.51,996.00,493,504,0.00,0.00,0,0
1544345738,1004-eth4,1215226.75,21962.04,1237188.88,21984,1216442,308.69,311.69,620.38,312,309,0.00,0.00,0,0
1544345738,3006-eth1,0.00,0.00,0.00,0,0,0.00,0.00,0.00,0,0,0.00,0.00,0,0
1544345738,1004-eth3,77900.10,10833.17,88733.27,10844,77978,112.89,125.87,238.76,126,113,0.00,0.00,0,0
1544345738,1002-eth2,0.00,0.00,0.00,0,0,0.00,0.00,0.00,0,0,0.00,0.00,0,0
1544345738,3004-eth3,33814.19,1221436.62,1255250.75,1222658,33848,475.52,496.50,972.03,497,476,0.00,0.00,0,0
1544345738,2003-eth3,634010.00,15738.26,649748.25,15754,634644,237.76,228.77,466.53,229,238,0.00,0.00,0,0
1544345738,2005-eth1,1193087.00,24923.08,1218010.00,24948,1194280,411.59,377.62,789.21,378,412,0.00,0.00,0,0
1544345738,3002-eth3,1202527.50,692091.94,1894619.38,692784,1203730,620.38,623.38,1243.76,624,621,0.00,0.00,0,0
1544345738,3006-eth3,1220813.25,1165740.25,2386553.50,1166906,1222034,770.23,808.19,1578.42,809,771,0.00,0.00,0,0
1544345738,2001-eth1,1220315.75,1220913.12,2441228.75,1222134,1221536,827.17,858.14,1685.31,859,828,0.00,0.00,0,0
1544345738,3005-eth2,36775.23,1220443.62,1257218.88,1221664,36812,425.57,431.57,857.14,432,426,0.00,0.00,0,0
1544345738,2001-eth2,0.00,0.00,0.00,0,0,0.00,0.00,0.00,0,0,0.00,0.00,0,0
1544345738,3007-eth2,502751.25,1063222.75,1565974.12,1064286,503254,406.59,394.61,801.20,395,407,0.00,0.00,0,0
1544345738,1001-eth1,1220913.12,1220315.75,2441228.75,1221536,1222134,858.14,827.17,1685.31,828,859,0.00,0.00,0,0
1544345738,3007-eth4,607092.94,513330.69,1120423.62,513844,607700,365.63,369.63,735.26,370,366,0.00,0.00,0,0
1544345738,2003-eth2,0.00,0.00,0.00,0,0,0.00,0.00,0.00,0,0,0.00,0.00,0,0
1544345738,3007-eth3,1063222.75,502751.25,1565974.12,503254,1064286,394.61,406.59,801.20,407,395,0.00,0.00,0,0
1544345738,1002-eth1,0.00,0.00,0.00,0,0,0.00,0.00,0.00,0,0,0.00,0.00,0,0
1544345738,2002-eth3,13644.36,192351.66,205996.02,192544,13658,148.85,159.84,308.69,160,149,0.00,0.00,0,0
1544345738,2007-eth2,69.93,0.00,69.93,0,70,1.00,0.00,1.00,0,1,0.00,0.00,0,0
1544345738,total,33401302.00,33803716.00,67205024.00,33837520,33434702,22942.06,23220.78,46162.84,23244,22965,0.00,0.00,0,0
1544345739,3003-eth3,576769.25,106495.51,683264.75,106602,577346,244.76,232.77,477.52,233,245,0.00,0.00,0,0
1544345739,2002-eth1,0.00,0.00,0.00,0,0,0.00,0.00,0.00,0,0,0.00,0.00,0,0
1544345739,lo,0.00,0.00,0.00,0,0,0.00,0.00,0.00,0,0,0.00,0.00,0,0
1544345739,3005-eth3,1149684.38,1162817.25,2312501.50,1163980,1150834,740.26,775.22,1515.48,776,741,0.00,0.00,0,0
1544345739,2005-eth3,24000.00,1167902.12,1191902.12,1169070,24024,363.64,402.60,766.23,403,364,0.00,0.00,0,0
1544345739,3004-eth4,1193174.88,437490.53,1630665.38,437928,1194368,595.40,579.42,1174.83,580,596,0.00,0.00,0,0
1544345739,1004-eth2,33160.84,1201942.12,1235102.88,1203144,33194,452.55,487.51,940.06,488,453,0.00,0.00,0,0
1544345739,2004-eth4,5678.32,5580.42,11258.74,5586,5684,57.94,56.94,114.89,57,58,0.00,0.00,0,0
1544345739,1001-eth2,594519.50,428089.91,1022609.44,428518,595114,426.57,418.58,845.15,419,427,0.00,0.00,0,0
1544345739,1003-eth3,0.00,0.00,0.00,0,0,0.00,0.00,0.00,0,0,0.00,0.00,0,0
1544345739,2002-eth4,3916.08,3916.08,7832.17,3920,3920,39.96,39.96,79.92,40,40,0.00,0.00,0,0
1544345739,1001-eth4,990697.31,30783.22,1021480.56,30814,991688,391.61,384.62,776.22,385,392,0.00,0.00,0,0
1544345739,3001-eth2,62543.46,9510.49,72053.95,9520,62606,98.90,97.90,196.80,98,99,0.00,0.00,0,0
1544345739,1004-eth1,9510.49,62543.46,72053.95,62606,9520,97.90,98.90,196.80,99,98,0.00,0.00,0,0
1544345739,3005-eth4,1197095.00,1195009.00,2392104.00,1196204,1198292,757.24,801.20,1558.44,802,758,0.00,0.00,0,0
1544345739,1003-eth2,0.00,0.00,0.00,0,0,0.00,0.00,0.00,0,0,0.00,0.00,0,0
1544345739,3008-eth1,29003.00,931450.56,960453.56,932382,29032,357.64,370.63,728.27,371,358,0.00,0.00,0,0
1544345739,1002-eth3,0.00,0.00,0.00,0,0,0.00,0.00,0.00,0,0,0.00,0.00,0,0
1544345739,2006-eth1,0.00,0.00,0.00,0,0,0.00,0.00,0.00,0,0,0.00,0.00,0,0
1544345739,3003-eth1,14321.68,574633.38,588955.06,575208,14336,207.79,215.78,423.58,216,208,0.00,0.00,0,0
1544345739,2001-eth3,0.00,0.00,0.00,0,0,0.00,0.00,0.00,0,0,0.00,0.00,0,0
1544345739,2008-eth2,23598.40,1199458.62,1223057.00,1200658,23622,348.65,376.62,725.27,377,349,0.00,0.00,0,0
1544345739,2008-eth3,1126297.75,523414.59,1649712.38,523938,1127424,495.50,500.50,996.00,501,496,0.00,0.00,0,0
1544345739,1001-eth3,24000.00,1167902.12,1191902.12,1169070,24024,363.64,402.60,766.23,403,364,0.00,0.00,0,0
1544345739,2007-eth4,931450.56,29003.00,960453.56,29032,932382,370.63,357.64,728.27,358,371,0.00,0.00,0,0
1544345739,2004-eth2,1201942.12,33160.84,1235102.88,33194,1203144,487.51,452.55,940.06,453,488,0.00,0.00,0,0
1544345739,3002-eth1,1195458.62,1192567.50,2388026.00,1193760,1196654,802.20,823.18,1625.37,824,803,0.00,0.00,0,0
1544345739,3004-eth1,413768.25,19886.12,433654.34,19906,414182,210.79,210.79,421.58,211,211,0.00,0.00,0,0
1544345739,2006-eth3,1196705.38,40145.86,1236851.12,40186,1197902,422.58,432.57,855.14,433,423,0.00,0.00,0,0
1544345739,3004-eth2,5580.42,5678.32,11258.74,5684,5586,56.94,57.94,114.89,58,57,0.00,0.00,0,0
1544345739,3001-eth3,1198111.88,80951.05,1279063.00,81032,1199310,434.57,415.58,850.15,416,435,0.00,0.00,0,0
1544345739,2003-eth4,19886.12,413768.25,433654.34,414182,19906,210.79,210.79,421.58,211,211,0.00,0.00,0,0
1544345739,2008-eth4,582275.75,12323.68,594599.44,12336,582858,208.79,177.82,386.61,178,209,0.00,0.00,0,0
1544345739,3008-eth3,1194293.75,439794.22,1634088.00,440234,1195488,607.39,592.41,1199.80,593,608,0.00,0.00,0,0
1544345739,2005-eth2,0.00,0.00,0.00,0,0,0.00,0.00,0.00,0,0,0.00,0.00,0,0
1544345739,2006-eth4,43786.21,768821.19,812607.44,769590,43830,462.54,454.55,917.08,455,463,0.00,0.00,0,0
1544345739,3006-eth2,768821.19,43786.21,812607.44,43830,769590,454.55,462.54,917.08,463,455,0.00,0.00,0,0
1544345739,1003-eth4,0.00,0.00,0.00,0,0,0.00,0.00,0.00,0,0,0.00,0.00,0,0
1544345739,2006-eth2,11632.37,136619.39,148251.75,136756,11644,125.87,125.87,251.75,126,126,0.00,0.00,0,0
1544345739,3001-eth1,0.00,0.00,0.00,0,0,0.00,0.00,0.00,0,0,0.00,0.00,0,0
1544345739,3008-eth2,12323.68,582275.75,594599.44,582858,12336,177.82,208.79,386.61,209,178,0.00,0.00,0,0
1544345739,2004-eth3,31104.90,1199952.12,1231057.00,1201152,31136,431.57,467.53,899.10,468,432,0.00,0.00,0,0
1544345739,3001-eth4,33582.42,1199210.88,1232793.25,1200410,33616,471.53,488.51,960.04,489,472,0.00,0.00,0,0
1544345739,1003-eth1,0.00,0.00,0.00,0,0,0.00,0.00,0.00,0,0,0.00,0.00,0,0
1544345739,3002-eth2,3916.08,3916.08,7832.17,3920,3920,39.96,39.96,79.92,40,40,0.00,0.00,0,0
1544345739,2005-eth4,0.00,0.00,0.00,0,0,0.00,0.00,0.00,0,0,0.00,0.00,0,0
1544345739,3003-eth2,1199952.12,31104.90,1231057.00,31136,1201152,467.53,431.57,899.10,432,468,0.00,0.00,0,0
1544345739,2007-eth1,30783.22,990697.31,1021480.56,991688,30814,384.62,391.61,776.22,392,385,0.00,0.00,0,0
1544345739,1002-eth4,0.00,0.00,0.00,0,0,0.00,0.00,0.00,0,0,0.00,0.00,0,0
1544345739,3002-eth4,20327.67,604375.62,624703.31,604980,20348,269.73,285.71,555.44,286,270,0.00,0.00,0,0
1544345739,2007-eth3,592627.38,542591.44,1135218.75,543134,593220,365.63,374.63,740.26,375,366,0.00,0.00,0,0
1544345739,3005-eth1,1167902.12,24000.00,1191902.12,24024,1169070,402.60,363.64,766.23,364,403,0.00,0.00,0,0
1544345739,2001-eth4,1192567.50,1195458.62,2388026.00,1196654,1193760,823.18,802.20,1625.37,803,824,0.00,0.00,0,0
1544345739,3003-eth4,28969.03,1197862.12,1226831.25,1199060,28998,402.60,489.51,892.11,490,403,0.00,0.00,0,0
1544345739,2004-eth1,0.00,0.00,0.00,0,0,0.00,0.00,0.00,0,0,0.00,0.00,0,0
1544345739,3006-eth4,32857.14,1203780.25,1236637.38,1204984,32890,460.54,491.51,952.05,492,461,0.00,0.00,0,0
1544345739,3007-eth1,542591.44,592627.38,1135218.75,593220,543134,374.63,365.63,740.26,366,375,0.00,0.00,0,0
1544345739,2008-eth1,0.00,0.00,0.00,0,0,0.00,0.00,0.00,0,0,0.00,0.00,0,0
1544345739,2002-eth2,62543.46,9510.49,72053.95,9520,62606,98.90,97.90,196.80,98,99,0.00,0.00,0,0
1544345739,2003-eth1,428089.91,594519.50,1022609.44,595114,428518,418.58,426.57,845.15,427,419,0.00,0.00,0,0
1544345739,3008-eth4,1194149.88,251778.23,1445928.12,252030,1195344,471.53,484.52,956.04,485,472,0.00,0.00,0,0
1544345739,1004-eth4,1199458.62,23598.40,1223057.00,23622,1200658,376.62,348.65,725.27,349,377,0.00,0.00,0,0
1544345739,3006-eth1,0.00,0.00,0.00,0,0,0.00,0.00,0.00,0,0,0.00,0.00,0,0
1544345739,1004-eth3,136619.39,11632.37,148251.75,11644,136756,125.87,125.87,251.75,126,126,0.00,0.00,0,0
1544345739,1002-eth2,0.00,0.00,0.00,0,0,0.00,0.00,0.00,0,0,0.00,0.00,0,0
1544345739,3004-eth3,33022.98,1200527.50,1233550.50,1201728,33056,463.54,487.51,951.05,488,464,0.00,0.00,0,0
1544345739,2003-eth3,574633.38,14321.68,588955.06,14336,575208,215.78,207.79,423.58,208,216,0.00,0.00,0,0
1544345739,2005-eth1,1167902.12,24000.00,1191902.12,24024,1169070,402.60,363.64,766.23,364,403,0.00,0.00,0,0
1544345739,3002-eth3,1176155.88,624821.19,1800977.12,625446,1177332,593.41,590.41,1183.82,591,594,0.00,0.00,0,0
1544345739,3006-eth3,1192993.00,783328.00,1976321.00,785678,1196572,769.69,756.73,1526.42,759,772,0.00,0.00,0,0
1544345739,2001-eth1,1191599.25,1188648.12,2380247.25,1192214,1195174,800.60,820.54,1621.14,823,803,0.00,0.00,0,0
1544345739,3005-eth2,40065.80,1194319.00,1234384.88,1197902,40186,431.70,421.73,853.44,423,433,0.00,0.00,0,0
1544345739,2001-eth2,0.00,0.00,0.00,0,0,0.00,0.00,0.00,0,0,0.00,0.00,0,0
1544345739,3007-eth2,522370.88,1124051.88,1646422.75,1127424,523938,499.50,494.52,994.02,496,501,0.00,0.00,0,0
1544345739,1001-eth1,1188648.12,1191599.25,2380247.25,1195174,1192214,820.54,800.60,1621.14,803,823,0.00,0.00,0,0
1544345739,3007-eth4,591445.69,541509.50,1132955.12,543134,593220,364.91,373.88,738.78,375,366,0.00,0.00,0,0
1544345739,2003-eth2,0.00,0.00,0.00,0,0,0.00,0.00,0.00,0,0,0.00,0.00,0,0
1544345739,3007-eth3,1124051.88,522370.88,1646422.75,523938,1127424,494.52,499.50,994.02,501,496,0.00,0.00,0,0
1544345739,1002-eth1,0.00,0.00,0.00,0,0,0.00,0.00,0.00,0,0,0.00,0.00,0,0
1544345739,2002-eth3,9491.53,62418.75,71910.27,62606,9520,97.71,98.70,196.41,99,98,0.00,0.00,0,0
1544345739,2007-eth2,0.00,0.00,0.00,0,0,0.00,0.00,0.00,0,0,0.00,0.00,0,0
1544345739,total,32491220.00,32105308.00,64596532.00,32201624,32588694,23374.88,23577.27,46952.14,23648,23445,0.00,0.00,0,0
1544345740,3003-eth3,595493.50,62315.05,657808.56,62502,597280,237.29,222.33,459.62,223,238,0.00,0.00,0,0
1544345740,2002-eth1,0.00,0.00,0.00,0,0,0.00,0.00,0.00,0,0,0.00,0.00,0,0
1544345740,lo,1196.41,1196.41,2392.82,1200,1200,19.94,19.94,39.88,20,20,0.00,0.00,0,0
1544345740,3005-eth3,1188345.00,1209248.25,2397593.25,1212876,1191910,768.69,805.58,1574.28,808,771,0.00,0.00,0,0
1544345740,2005-eth3,25227.54,1185984.12,1211211.62,1188356,25278,382.24,409.18,791.42,410,383,0.00,0.00,0,0
1544345740,3004-eth4,1215774.50,426279.44,1642053.88,427132,1218206,573.85,568.86,1142.71,570,575,0.00,0.00,0,0
1544345740,1004-eth2,34371.26,1215030.00,1249401.25,1217460,34440,469.06,504.99,974.05,506,470,0.00,0.00,0,0
1544345740,2004-eth4,5477.05,5770.46,11247.50,5782,5488,55.89,58.88,114.77,59,56,0.00,0.00,0,0
1544345740,1001-eth2,612101.81,416854.31,1028956.12,417688,613326,406.19,407.19,813.37,408,407,0.00,0.00,0,0
1544345740,1003-eth3,0.00,0.00,0.00,0,0,0.00,0.00,0.00,0,0,0.00,0.00,0,0
1544345740,2002-eth4,3912.18,3912.18,7824.35,3920,3920,39.92,39.92,79.84,40,40,0.00,0.00,0,0
1544345740,1001-eth4,1004946.12,28305.39,1033251.50,28362,1006956,381.24,360.28,741.52,361,382,0.00,0.00,0,0
1544345740,3001-eth2,177145.72,13445.11,190590.83,13472,177500,149.70,139.72,289.42,140,150,0.00,0.00,0,0
1544345740,1004-eth1,13445.11,177145.72,190590.83,177500,13472,139.72,149.70,289.42,150,140,0.00,0.00,0,0
1544345740,3005-eth4,1211668.75,1213319.38,2424988.00,1215746,1214092,776.45,809.38,1585.83,811,778,0.00,0.00,0,0
1544345740,1003-eth2,0.00,0.00,0.00,0,0,0.00,0.00,0.00,0,0,0.00,0.00,0,0
1544345740,3008-eth1,25011.98,896950.12,921962.12,898744,25062,310.38,343.31,653.69,344,311,0.00,0.00,0,0
1544345740,1002-eth3,0.00,0.00,0.00,0,0,0.00,0.00,0.00,0,0,0.00,0.00,0,0
1544345740,2006-eth1,0.00,0.00,0.00,0,0,0.00,0.00,0.00,0,0,0.00,0.00,0,0
1544345740,3003-eth1,14866.27,594948.12,609814.38,596138,14896,215.57,224.55,440.12,225,216,0.00,0.00,0,0
1544345740,2001-eth3,0.00,0.00,0.00,0,0,0.00,0.00,0.00,0,0,0.00,0.00,0,0
1544345740,2008-eth2,29463.07,1215610.75,1245073.88,1218042,29522,420.16,420.16,840.32,421,421,0.00,0.00,0,0
1544345740,2008-eth3,1098185.62,584121.75,1682307.38,585290,1100382,545.91,551.90,1097.80,553,547,0.00,0.00,0,0
1544345740,1001-eth3,25227.54,1185984.12,1211211.62,1188356,25278,382.24,409.18,791.42,410,383,0.00,0.00,0,0
1544345740,2007-eth4,896950.12,25011.98,921962.12,25062,898744,343.31,310.38,653.69,311,344,0.00,0.00,0,0
1544345740,2004-eth2,1215030.00,34371.26,1249401.25,34440,1217460,504.99,469.06,974.05,470,506,0.00,0.00,0,0
1544345740,3002-eth1,1212069.88,1215552.88,2427622.75,1217984,1214494,829.34,838.32,1667.66,840,831,0.00,0.00,0,0
1544345740,3004-eth1,401988.03,17153.69,419141.72,17188,402792,191.62,181.64,373.25,182,192,0.00,0.00,0,0
1544345740,2006-eth3,1216137.75,40996.01,1257133.75,41078,1218570,428.14,436.13,864.27,437,429,0.00,0.00,0,0
1544345740,3004-eth2,5770.46,5477.05,11247.50,5488,5782,58.88,55.89,114.77,56,59,0.00,0.00,0,0
1544345740,3001-eth3,1215261.50,195766.47,1411028.00,196158,1217692,477.05,470.06,947.11,471,478,0.00,0.00,0,0
1544345740,2003-eth4,17153.69,401988.03,419141.72,402792,17188,181.64,191.62,373.25,192,182,0.00,0.00,0,0
1544345740,2008-eth4,690608.81,17079.84,707688.62,17114,691990,238.52,232.53,471.06,233,239,0.00,0.00,0,0
1544345740,3008-eth3,1212996.00,390546.91,1603543.00,391328,1215422,589.82,574.85,1164.67,576,591,0.00,0.00,0,0
1544345740,2005-eth2,0.00,0.00,0.00,0,0,0.00,0.00,0.00,0,0,0.00,0.00,0,0
1544345740,2006-eth4,45626.75,802181.69,847808.44,803786,45718,482.04,468.06,950.10,469,483,0.00,0.00,0,0
1544345740,3006-eth2,802181.69,45626.75,847808.44,45718,803786,468.06,482.04,950.10,483,469,0.00,0.00,0,0
1544345740,1003-eth4,0.00,0.00,0.00,0,0,0.00,0.00,0.00,0,0,0.00,0.00,0,0
1544345740,2006-eth2,10724.55,60215.57,70940.12,60336,10746,110.78,107.78,218.56,108,111,0.00,0.00,0,0
1544345740,3001-eth1,0.00,0.00,0.00,0,0,0.00,0.00,0.00,0,0,0.00,0.00,0,0
1544345740,3008-eth2,17079.84,690608.81,707688.62,691990,17114,232.53,238.52,471.06,239,233,0.00,0.00,0,0
1544345740,2004-eth3,32512.97,1215932.12,1248445.12,1218364,32578,450.10,485.03,935.13,486,451,0.00,0.00,0,0
1544345740,3001-eth4,33976.05,1212958.12,1246934.12,1215384,34044,477.05,495.01,972.06,496,478,0.00,0.00,0,0
1544345740,1003-eth1,0.00,0.00,0.00,0,0,0.00,0.00,0.00,0,0,0.00,0.00,0,0
1544345740,3002-eth2,3912.18,3912.18,7824.35,3920,3920,39.92,39.92,79.84,40,40,0.00,0.00,0,0
1544345740,2005-eth4,0.00,0.00,0.00,0,0,0.00,0.00,0.00,0,0,0.00,0.00,0,0
1544345740,3003-eth2,1215932.12,32512.97,1248445.12,32578,1218364,485.03,450.10,935.13,451,486,0.00,0.00,0,0
1544345740,2007-eth1,28305.39,1004946.12,1033251.50,1006956,28362,360.28,381.24,741.52,382,361,0.00,0.00,0,0
1544345740,1002-eth4,0.00,0.00,0.00,0,0,0.00,0.00,0.00,0,0,0.00,0.00,0,0
1544345740,3002-eth4,20834.33,618552.94,639387.25,619790,20876,277.45,290.42,567.86,291,278,0.00,0.00,0,0
1544345740,2007-eth3,611674.69,502570.88,1114245.50,503576,612898,356.29,367.27,723.55,368,357,0.00,0.00,0,0
1544345740,3005-eth1,1185984.12,25227.54,1211211.62,25278,1188356,409.18,382.24,791.42,383,410,0.00,0.00,0,0
1544345740,2001-eth4,1214341.00,1210861.38,2425202.50,1214494,1217984,837.49,828.51,1666.00,831,840,0.00,0.00,0,0
1544345740,3003-eth4,31341.97,1216047.88,1247389.88,1219696,31436,436.69,494.52,931.21,496,438,0.00,0.00,0,0
1544345740,2004-eth1,0.00,0.00,0.00,0,0,0.00,0.00,0.00,0,0,0.00,0.00,0,0
1544345740,3006-eth4,33447.66,1213094.75,1246542.38,1216734,33548,468.59,493.52,962.11,495,470,0.00,0.00,0,0
1544345740,3007-eth1,502069.78,611064.81,1113134.62,612898,503576,366.90,355.93,722.83,357,368,0.00,0.00,0,0
1544345740,2008-eth1,0.00,0.00,0.00,0,0,0.00,0.00,0.00,0,0,0.00,0.00,0,0
1544345740,2002-eth2,176969.09,13431.71,190400.80,13472,177500,149.55,139.58,289.13,140,150,0.00,0.00,0,0
1544345740,2003-eth1,416438.69,611491.50,1027930.19,613326,417688,406.78,405.78,812.56,407,408,0.00,0.00,0,0
1544345740,3008-eth4,1216520.50,320837.50,1537357.88,321800,1220170,539.38,554.34,1093.72,556,541,0.00,0.00,0,0
1544345740,1004-eth4,1214398.75,29433.70,1243832.50,29522,1218042,419.74,419.74,839.48,421,421,0.00,0.00,0,0
1544345740,3006-eth1,0.00,0.00,0.00,0,0,0.00,0.00,0.00,0,0,0.00,0.00,0,0
1544345740,1004-eth3,60155.54,10713.86,70869.39,10746,60336,107.68,110.67,218.34,111,108,0.00,0.00,0,0
1544345740,1002-eth2,0.00,0.00,0.00,0,0,0.00,0.00,0.00,0,0,0.00,0.00,0,0
1544345740,3004-eth3,33549.35,1216047.88,1249597.25,1219696,33650,471.59,494.52,966.10,496,473,0.00,0.00,0,0
1544345740,2003-eth3,594354.94,14851.45,609206.38,14896,596138,224.33,215.35,439.68,216,225,0.00,0.00,0,0
1544345740,2005-eth1,1184801.62,25202.39,1210004.00,25278,1188356,408.77,381.85,790.63,383,410,0.00,0.00,0,0
1544345740,3002-eth3,1197435.75,618195.44,1815631.12,620050,1201028,600.20,595.21,1195.41,597,602,0.00,0.00,0,0
1544345740,3006-eth3,1216173.88,821126.88,2037300.75,821948,1217390,794.21,781.22,1575.42,782,795,0.00,0.00,0,0
1544345740,2001-eth1,1213378.62,1219890.12,2433268.75,1221110,1214592,831.17,842.16,1673.33,843,832,0.00,0.00,0,0
1544345740,3005-eth2,41036.96,1217352.62,1258389.62,1218570,41078,436.56,428.57,865.13,429,437,0.00,0.00,0,0
1544345740,2001-eth2,0.00,0.00,0.00,0,0,0.00,0.00,0.00,0,0,0.00,0.00,0,0
1544345740,3007-eth2,584705.31,1099282.75,1683988.00,1100382,585290,552.45,546.45,1098.90,547,553,0.00,0.00,0,0
1544345740,1001-eth1,1219890.12,1213378.62,2433268.75,1214592,1221110,842.16,831.17,1673.33,832,843,0.00,0.00,0,0
1544345740,3007-eth4,612285.75,503072.94,1115358.62,503576,612898,356.64,367.63,724.28,368,357,0.00,0.00,0,0
1544345740,2003-eth2,0.00,0.00,0.00,0,0,0.00,0.00,0.00,0,0,0.00,0.00,0,0
1544345740,3007-eth3,1099282.75,584705.31,1683988.00,585290,1100382,546.45,552.45,1098.90,553,547,0.00,0.00,0,0
1544345740,1002-eth1,0.00,0.00,0.00,0,0,0.00,0.00,0.00,0,0,0.00,0.00,0,0
1544345740,2002-eth3,13458.54,177322.69,190781.22,177500,13472,139.86,149.85,289.71,150,140,0.00,0.00,0,0
1544345740,2007-eth2,0.00,0.00,0.00,0,0,0.00,0.00,0.00,0,0,0.00,0.00,0,0
1544345740,total,33287482.00,32977474.00,66264952.00,33010450,33320768,24229.77,24408.59,48638.36,24433,24254,0.00,0.00,0,0
1544345741,3003-eth3,601944.06,50801.20,652745.25,50852,602546,232.77,221.78,454.55,222,233,0.00,0.00,0,0
1544345741,2002-eth1,0.00,0.00,0.00,0,0,0.00,0.00,0.00,0,0,0.00,0.00,0,0
1544345741,lo,0.00,0.00,0.00,0,0,0.00,0.00,0.00,0,0,0.00,0.00,0,0
1544345741,3005-eth3,1099276.75,1219138.88,2318415.75,1220358,1100376,875.12,902.10,1777.22,903,876,0.00,0.00,0,0
1544345741,2005-eth3,25582.42,1193087.00,1218669.38,1194280,25608,387.61,411.59,799.20,412,388,0.00,0.00,0,0
1544345741,3004-eth4,1222105.88,602739.25,1824845.25,603342,1223328,659.34,650.35,1309.69,651,660,0.00,0.00,0,0
1544345741,1004-eth2,33882.12,1222064.00,1255946.12,1223286,33916,465.53,506.49,972.03,507,466,0.00,0.00,0,0
1544345741,2004-eth4,5776.22,5678.32,11454.55,5684,5782,58.94,57.94,116.88,58,59,0.00,0.00,0,0
1544345741,1001-eth2,626801.19,593502.50,1220303.75,594096,627428,495.50,491.51,987.01,492,496,0.00,0.00,0,0
1544345741,1003-eth3,0.00,0.00,0.00,0,0,0.00,0.00,0.00,0,0,0.00,0.00,0,0
1544345741,2002-eth4,3916.08,3916.08,7832.17,3920,3920,39.96,39.96,79.92,40,40,0.00,0.00,0,0
1544345741,1001-eth4,1145029.00,36041.96,1181071.00,36078,1146174,450.55,440.56,891.11,441,451,0.00,0.00,0,0
1544345741,3001-eth2,101604.40,11016.98,112621.38,11028,101706,120.88,113.89,234.77,114,121,0.00,0.00,0,0
1544345741,1004-eth1,11016.98,101604.40,112621.38,101706,11028,113.89,120.88,234.77,121,114,0.00,0.00,0,0
1544345741,3005-eth4,1218339.75,1220517.50,2438857.25,1221738,1219558,794.21,816.18,1610.39,817,795,0.00,0.00,0,0
1544345741,1003-eth2,0.00,0.00,0.00,0,0,0.00,0.00,0.00,0,0,0.00,0.00,0,0
1544345741,3008-eth1,33536.46,1084401.62,1117938.12,1085486,33570,402.60,430.57,833.17,431,403,0.00,0.00,0,0
1544345741,1002-eth3,0.00,0.00,0.00,0,0,0.00,0.00,0.00,0,0,0.00,0.00,0,0
1544345741,2006-eth1,0.00,0.00,0.00,0,0,0.00,0.00,0.00,0,0,0.00,0.00,0,0
1544345741,3003-eth1,14915.08,601460.56,616375.62,602062,14930,216.78,226.77,443.56,227,217,0.00,0.00,0,0
1544345741,2001-eth3,0.00,0.00,0.00,0,0,0.00,0.00,0.00,0,0,0.00,0.00,0,0
1544345741,2008-eth2,27380.62,1221234.75,1248615.38,1222456,27408,399.60,443.56,843.16,444,400,0.00,0.00,0,0
1544345741,2008-eth3,1111840.25,565768.25,1677608.38,566334,1112952,539.46,550.45,1089.91,551,540,0.00,0.00,0,0
1544345741,1001-eth3,25582.42,1193087.00,1218669.38,1194280,25608,387.61,411.59,799.20,412,388,0.00,0.00,0,0
1544345741,2007-eth4,1084401.62,33536.46,1117938.12,33570,1085486,430.57,402.60,833.17,403,431,0.00,0.00,0,0
1544345741,2004-eth2,1222064.00,33882.12,1255946.12,33916,1223286,506.49,465.53,972.03,466,507,0.00,0.00,0,0
1544345741,3002-eth1,1219692.38,1219824.25,2439516.50,1221044,1220912,839.16,841.16,1680.32,842,840,0.00,0.00,0,0
1544345741,3004-eth1,578587.44,25340.66,603928.06,25366,579166,274.73,268.73,543.46,269,275,0.00,0.00,0,0
1544345741,2006-eth3,1225858.12,49112.89,1274971.12,49162,1227084,557.44,522.48,1079.92,523,558,0.00,0.00,0,0
1544345741,3004-eth2,5678.32,5776.22,11454.55,5782,5684,57.94,58.94,116.88,59,58,0.00,0.00,0,0
1544345741,3001-eth3,1220421.62,120407.59,1340829.25,120528,1221642,458.54,443.56,902.10,444,459,0.00,0.00,0,0
1544345741,2003-eth4,25340.66,578587.44,603928.06,579166,25366,268.73,274.73,543.46,275,269,0.00,0.00,0,0
1544345741,2008-eth4,663224.81,13864.14,677088.94,13878,663888,251.75,194.81,446.55,195,252,0.00,0.00,0,0
1544345741,3008-eth3,1219063.00,593070.94,1812133.88,593664,1220282,642.36,635.36,1277.72,636,643,0.00,0.00,0,0
1544345741,2005-eth2,0.00,0.00,0.00,0,0,0.00,0.00,0.00,0,0,0.00,0.00,0,0
1544345741,2006-eth4,54209.79,892737.31,946947.06,893630,54264,573.43,470.53,1043.96,471,574,0.00,0.00,0,0
1544345741,3006-eth2,892737.31,54209.79,946947.06,54264,893630,470.53,573.43,1043.96,574,471,0.00,0.00,0,0
1544345741,1003-eth4,0.00,0.00,0.00,0,0,0.00,0.00,0.00,0,0,0.00,0.00,0,0
1544345741,2006-eth2,9882.12,43772.23,53654.35,43816,9892,101.90,99.90,201.80,100,102,0.00,0.00,0,0
1544345741,3001-eth1,0.00,0.00,0.00,0,0,0.00,0.00,0.00,0,0,0.00,0.00,0,0
1544345741,3008-eth2,13864.14,663224.81,677088.94,663888,13878,194.81,251.75,446.55,252,195,0.00,0.00,0,0
1544345741,2004-eth3,31924.08,1223130.88,1255055.00,1224354,31956,445.55,488.51,934.07,489,446,0.00,0.00,0,0
1544345741,3001-eth4,34075.93,1218477.50,1252553.50,1219696,34110,478.52,495.50,974.03,496,479,0.00,0.00,0,0
1544345741,1003-eth1,0.00,0.00,0.00,0,0,0.00,0.00,0.00,0,0,0.00,0.00,0,0
1544345741,3002-eth2,3916.08,3916.08,7832.17,3920,3920,39.96,39.96,79.92,40,40,0.00,0.00,0,0
1544345741,2005-eth4,0.00,0.00,0.00,0,0,0.00,0.00,0.00,0,0,0.00,0.00,0,0
1544345741,3003-eth2,1223130.88,31924.08,1255055.00,31956,1224354,488.51,445.55,934.07,446,489,0.00,0.00,0,0
1544345741,2007-eth1,36041.96,1145029.00,1181071.00,1146174,36078,440.56,450.55,891.11,451,441,0.00,0.00,0,0
1544345741,1002-eth4,0.00,0.00,0.00,0,0,0.00,0.00,0.00,0,0,0.00,0.00,0,0
1544345741,3002-eth4,20491.51,592539.50,613031.00,593132,20512,271.73,281.72,553.45,282,272,0.00,0.00,0,0
1544345741,2007-eth3,591902.12,536673.31,1128575.50,537210,592494,354.65,372.63,727.27,373,355,0.00,0.00,0,0
1544345741,3005-eth1,1193087.00,25582.42,1218669.38,25608,1194280,411.59,387.61,799.20,388,412,0.00,0.00,0,0
1544345741,2001-eth4,1219824.25,1219692.38,2439516.50,1220912,1221044,841.16,839.16,1680.32,840,842,0.00,0.00,0,0
1544345741,3003-eth4,31440.56,1218379.62,1249820.25,1219598,31472,439.56,494.51,934.07,495,440,0.00,0.00,0,0
1544345741,2004-eth1,0.00,0.00,0.00,0,0,0.00,0.00,0.00,0,0,0.00,0.00,0,0
1544345741,3006-eth4,33384.62,1218281.75,1251666.38,1219500,33418,468.53,493.51,962.04,494,469,0.00,0.00,0,0
1544345741,3007-eth1,536673.31,591902.12,1128575.50,592494,537210,372.63,354.65,727.27,355,373,0.00,0.00,0,0
1544345741,2008-eth1,0.00,0.00,0.00,0,0,0.00,0.00,0.00,0,0,0.00,0.00,0,0
1544345741,2002-eth2,101604.40,11016.98,112621.38,11028,101706,120.88,113.89,234.77,114,121,0.00,0.00,0,0
1544345741,2003-eth1,593502.50,626801.19,1220303.75,627428,594096,491.51,495.50,987.01,496,492,0.00,0.00,0,0
1544345741,3008-eth4,1228042.00,324199.81,1552241.75,324524,1229270,634.37,645.35,1279.72,646,635,0.00,0.00,0,0
1544345741,1004-eth4,1221234.75,27380.62,1248615.38,27408,1222456,443.56,399.60,843.16,400,444,0.00,0.00,0,0
1544345741,3006-eth1,0.00,0.00,0.00,0,0,0.00,0.00,0.00,0,0,0.00,0.00,0,0
1544345741,1004-eth3,43772.23,9882.12,53654.35,9892,43816,99.90,101.90,201.80,102,100,0.00,0.00,0,0
1544345741,1002-eth2,0.00,0.00,0.00,0,0,0.00,0.00,0.00,0,0,0.00,0.00,0,0
1544345741,3004-eth3,33844.16,1218477.50,1252321.75,1219696,33878,474.53,495.50,970.03,496,475,0.00,0.00,0,0
1544345741,2003-eth3,601460.56,14915.08,616375.62,14930,602062,226.77,216.78,443.56,217,227,0.00,0.00,0,0
1544345741,2005-eth1,1193087.00,25582.42,1218669.38,25608,1194280,411.59,387.61,799.20,388,412,0.00,0.00,0,0
1544345741,3002-eth3,1203248.75,631332.69,1834581.50,631964,1204452,609.39,601.40,1210.79,602,610,0.00,0.00,0,0
1544345741,3006-eth3,1221302.75,911142.88,2132445.50,912054,1222524,803.20,786.21,1589.41,787,804,0.00,0.00,0,0
1544345741,2001-eth1,1222585.50,1216569.50,2439155.00,1217786,1223808,839.16,836.16,1675.32,837,840,0.00,0.00,0,0
1544345741,3005-eth2,49112.89,1225858.12,1274971.12,1227084,49162,522.48,557.44,1079.92,558,523,0.00,0.00,0,0
1544345741,2001-eth2,0.00,0.00,0.00,0,0,0.00,0.00,0.00,0,0,0.00,0.00,0,0
1544345741,3007-eth2,565768.25,1111840.25,1677608.38,1112952,566334,550.45,539.46,1089.91,540,551,0.00,0.00,0,0
1544345741,1001-eth1,1216569.50,1222585.50,2439155.00,1223808,1217786,836.16,839.16,1675.32,840,837,0.00,0.00,0,0
1544345741,3007-eth4,591902.12,536673.31,1128575.50,537210,592494,354.65,372.63,727.27,373,355,0.00,0.00,0,0
1544345741,2003-eth2,0.00,0.00,0.00,0,0,0.00,0.00,0.00,0,0,0.00,0.00,0,0
1544345741,3007-eth3,1111840.25,565768.25,1677608.38,566334,1112952,539.46,550.45,1089.91,551,540,0.00,0.00,0,0
1544345741,1002-eth1,0.00,0.00,0.00,0,0,0.00,0.00,0.00,0,0,0.00,0.00,0,0
1544345741,2002-eth3,11016.98,101604.40,112621.38,101706,11028,113.89,120.88,234.77,121,114,0.00,0.00,0,0
1544345741,2007-eth2,0.00,0.00,0.00,0,0,0.00,0.00,0.00,0,0,0.00,0.00,0,0
1544345741,total,33909340.00,34060564.00,67969904.00,34094626,33943250,25393.61,25543.46,50937.06,25569,25419,0.00,0.00,0,0
1544345742,3003-eth3,607156.88,139374.62,746531.50,139514,607764,257.74,248.75,506.49,249,258,0.00,0.00,0,0
1544345742,2002-eth1,0.00,0.00,0.00,0,0,0.00,0.00,0.00,0,0,0.00,0.00,0,0
1544345742,lo,1198.80,1198.80,2397.60,1200,1200,19.98,19.98,39.96,20,20,0.00,0.00,0,0
1544345742,3005-eth3,1180357.62,1221146.88,2401504.50,1222368,1181538,920.08,969.03,1889.11,970,921,0.00,0.00,0,0
1544345742,2005-eth3,26043.96,1193087.00,1219130.88,1194280,26070,394.61,411.59,806.19,412,395,0.00,0.00,0,0
1544345742,3004-eth4,1221027.00,367792.22,1588819.25,368160,1222248,655.34,575.42,1230.77,576,656,0.00,0.00,0,0
1544345742,1004-eth2,35536.93,1221171.75,1256708.62,1223614,35608,479.04,509.98,989.02,511,480,0.00,0.00,0,0
1544345742,2004-eth4,5672.65,5672.65,11345.31,5684,5684,57.88,57.88,115.77,58,58,0.00,0.00,0,0
1544345742,1001-eth2,624115.81,358229.56,982345.31,358946,625364,483.03,416.17,899.20,417,484,0.00,0.00,0,0
1544345742,1003-eth3,0.00,0.00,0.00,0,0,0.00,0.00,0.00,0,0,0.00,0.00,0,0
1544345742,2002-eth4,3814.37,3814.37,7628.74,3822,3822,38.92,38.92,77.84,39,39,0.00,0.00,0,0
1544345742,1001-eth4,953449.12,31580.84,985029.94,31644,955356,389.22,435.13,824.35,436,390,0.00,0.00,0,0
1544345742,3001-eth2,213277.45,15666.67,228944.12,15698,213704,171.66,166.67,338.32,167,172,0.00,0.00,0,0
1544345742,1004-eth1,15568.86,213179.64,228748.52,213606,15600,165.67,170.66,336.33,171,166,0.00,0.00,0,0
1544345742,3005-eth4,1221257.50,1219904.25,2441161.75,1222344,1223700,768.46,814.37,1582.83,816,770,0.00,0.00,0,0
1544345742,1003-eth2,69.86,0.00,69.86,0,70,1.00,0.00,1.00,0,1,0.00,0.00,0,0
1544345742,3008-eth1,28748.50,906085.88,934834.38,907898,28806,392.22,372.26,764.47,373,393,0.00,0.00,0,0
1544345742,1002-eth3,0.00,0.00,0.00,0,0,0.00,0.00,0.00,0,0,0.00,0.00,0,0
1544345742,2006-eth1,0.00,0.00,0.00,0,0,0.00,0.00,0.00,0,0,0.00,0.00,0,0
1544345742,3003-eth1,15063.87,603718.56,618782.44,604926,15094,218.56,226.55,445.11,227,219,0.00,0.00,0,0
1544345742,2001-eth3,0.00,0.00,0.00,0,0,0.00,0.00,0.00,0,0,0.00,0.00,0,0
1544345742,2008-eth2,31059.88,1220473.12,1251533.00,1222914,31122,438.12,428.14,866.27,429,439,0.00,0.00,0,0
1544345742,2008-eth3,1072433.12,595419.19,1667852.38,596610,1074578,527.94,547.90,1075.85,549,529,0.00,0.00,0,0
1544345742,1001-eth3,26017.96,1191896.25,1217914.25,1194280,26070,394.21,411.18,805.39,412,395,0.00,0.00,0,0
1544345742,2007-eth4,906085.88,28748.50,934834.38,28806,907898,372.26,392.22,764.47,393,373,0.00,0.00,0,0
1544345742,2004-eth2,1221171.75,35536.93,1256708.62,35608,1223614,509.98,479.04,989.02,480,511,0.00,0.00,0,0
1544345742,3002-eth1,1218936.12,1218936.12,2437872.25,1221374,1221374,845.31,845.31,1690.62,847,847,0.00,0.00,0,0
1544345742,3004-eth1,343165.69,20397.21,363562.88,20438,343852,197.60,256.49,454.09,257,198,0.00,0.00,0,0
1544345742,2006-eth3,1232461.12,57976.05,1290437.12,58092,1234926,609.78,616.77,1226.55,618,611,0.00,0.00,0,0
1544345742,3004-eth2,5672.65,5672.65,11345.31,5684,5684,57.88,57.88,115.77,58,58,0.00,0.00,0,0
1544345742,3001-eth3,1217535.00,231964.08,1449499.00,232428,1219970,503.99,493.01,997.01,494,505,0.00,0.00,0,0
1544345742,2003-eth4,20397.21,343165.69,363562.88,343852,20438,256.49,197.60,454.09,198,257,0.00,0.00,0,0
1544345742,2008-eth4,731010.00,18610.78,749620.75,18648,732472,259.48,249.50,508.98,250,260,0.00,0.00,0,0
1544345742,3008-eth3,1220042.00,504195.62,1724237.62,505204,1222482,649.70,632.73,1282.44,634,651,0.00,0.00,0,0
1544345742,2005-eth2,0.00,0.00,0.00,0,0,0.00,0.00,0.00,0,0,0.00,0.00,0,0
1544345742,2006-eth4,61011.98,307718.56,368730.56,308334,61134,645.71,234.53,880.24,235,647,0.00,0.00,0,0
1544345742,3006-eth2,307411.78,60951.15,368362.91,61134,308334,234.30,645.06,879.36,647,235,0.00,0.00,0,0
1544345742,1003-eth4,0.00,0.00,0.00,0,0,0.00,0.00,0.00,0,0,0.00,0.00,0,0
1544345742,2006-eth2,12404.79,57334.00,69738.78,57506,12442,128.61,108.67,237.29,109,129,0.00,0.00,0,0
1544345742,3001-eth1,0.00,0.00,0.00,0,0,0.00,0.00,0.00,0,0,0.00,0.00,0,0
1544345742,3008-eth2,18658.03,730281.19,748939.19,732472,18714,250.25,259.22,509.47,260,251,0.00,0.00,0,0
1544345742,2004-eth3,33515.45,1222201.38,1255716.88,1225868,33616,458.62,488.53,947.16,490,460,0.00,0.00,0,0
1544345742,3001-eth4,34171.48,1222051.88,1256223.38,1225718,34274,479.56,497.51,977.07,499,481,0.00,0.00,0,0
1544345742,1003-eth1,0.00,0.00,0.00,0,0,0.00,0.00,0.00,0,0,0.00,0.00,0,0
1544345742,3002-eth2,3810.57,3810.57,7621.14,3822,3822,38.88,38.88,77.77,39,39,0.00,0.00,0,0
1544345742,2005-eth4,0.00,0.00,0.00,0,0,0.00,0.00,0.00,0,0,0.00,0.00,0,0
1544345742,3003-eth2,1222201.38,33515.45,1255716.88,33616,1225868,488.53,458.62,947.16,460,490,0.00,0.00,0,0
1544345742,2007-eth1,31615.15,955451.62,987066.81,958318,31710,435.69,389.83,825.52,391,437,0.00,0.00,0,0
1544345742,1002-eth4,0.00,0.00,0.00,0,0,0.00,0.00,0.00,0,0,0.00,0.00,0,0
1544345742,3002-eth4,20681.96,606025.94,626707.88,607844,20744,275.17,285.14,560.32,286,276,0.00,0.00,0,0
1544345742,2007-eth3,611459.62,559688.94,1171148.50,561368,613294,361.91,386.84,748.75,388,363,0.00,0.00,0,0
1544345742,3005-eth1,1193661.00,26123.63,1219784.62,26202,1197242,411.76,395.81,807.58,397,413,0.00,0.00,0,0
1544345742,2001-eth4,1220674.00,1220674.00,2441348.00,1224336,1224336,845.46,845.46,1690.93,848,848,0.00,0.00,0,0
1544345742,3003-eth4,30783.65,1220705.88,1251489.50,1224368,30876,428.71,498.50,927.22,500,430,0.00,0.00,0,0
1544345742,2004-eth1,0.00,69.79,69.79,70,0,0.00,1.00,1.00,1,0,0.00,0.00,0,0
1544345742,3006-eth4,33250.25,1222051.88,1255302.12,1225718,33350,465.60,497.51,963.11,499,467,0.00,0.00,0,0
1544345742,3007-eth1,559688.94,611459.62,1171148.50,613294,561368,386.84,361.91,748.75,363,388,0.00,0.00,0,0
1544345742,2008-eth1,0.00,0.00,0.00,0,0,0.00,0.00,0.00,0,0,0.00,0.00,0,0
1544345742,2002-eth2,212967.09,15553.34,228520.44,15600,213606,170.49,165.50,335.99,166,171,0.00,0.00,0,0
1544345742,2003-eth1,357872.38,623688.94,981561.31,625560,358946,415.75,484.55,900.30,486,417,0.00,0.00,0,0
1544345742,3008-eth4,1231116.62,375431.72,1606548.38,376558,1234810,694.92,676.97,1371.88,679,697,0.00,0.00,0,0
1544345742,1004-eth4,1222209.38,31094.72,1253304.12,31188,1225876,428.71,438.68,867.40,440,430,0.00,0.00,0,0
1544345742,3006-eth1,0.00,0.00,0.00,0,0,0.00,0.00,0.00,0,0,0.00,0.00,0,0
1544345742,1004-eth3,57334.00,12404.79,69738.78,12442,57506,108.67,128.61,237.29,129,109,0.00,0.00,0,0
1544345742,1002-eth2,0.00,0.00,0.00,0,0,0.00,0.00,0.00,0,0,0.00,0.00,0,0
1544345742,3004-eth3,33876.37,1221954.12,1255830.50,1225620,33978,475.57,496.51,972.08,498,477,0.00,0.00,0,0
1544345742,2003-eth3,603214.38,15048.85,618263.19,15094,605024,227.32,218.34,445.66,219,228,0.00,0.00,0,0
1544345742,2005-eth1,1193661.00,26123.63,1219784.62,26202,1197242,411.76,395.81,807.58,397,413,0.00,0.00,0,0
1544345742,3002-eth3,1203802.62,630139.56,1833942.12,632030,1207414,609.17,601.20,1210.37,603,611,0.00,0.00,0,0
1544345742,3006-eth3,1218207.38,325224.34,1543431.75,326200,1221862,916.25,542.37,1458.62,544,919,0.00,0.00,0,0
1544345742,2001-eth1,1220739.75,1220739.75,2441479.50,1224402,1224402,846.46,846.46,1692.92,849,849,0.00,0.00,0,0
1544345742,3005-eth2,58011.96,1232741.75,1290753.75,1236440,58186,617.15,610.17,1227.32,612,619,0.00,0.00,0,0
1544345742,2001-eth2,0.00,0.00,0.00,0,0,0.00,0.00,0.00,0,0,0.00,0.00,0,0
1544345742,3007-eth2,594891.31,1074317.00,1669208.38,1077540,596676,548.35,528.41,1076.77,530,550,0.00,0.00,0,0
1544345742,1001-eth1,1220739.75,1220739.75,2441479.50,1224402,1224402,846.46,846.46,1692.92,849,849,0.00,0.00,0,0
1544345742,3007-eth4,611459.62,559688.94,1171148.50,561368,613294,361.91,386.84,748.75,388,363,0.00,0.00,0,0
1544345742,2003-eth2,0.00,0.00,0.00,0,0,0.00,0.00,0.00,0,0,0.00,0.00,0,0
1544345742,3007-eth3,1074317.00,594891.31,1669208.38,596676,1077540,528.41,548.35,1076.77,550,530,0.00,0.00,0,0
1544345742,1002-eth1,0.00,0.00,0.00,0,0,0.00,0.00,0.00,0,0,0.00,0.00,0,0
1544345742,2002-eth3,15651.05,213064.81,228715.86,213704,15698,166.50,171.49,337.99,172,167,0.00,0.00,0,0
1544345742,2007-eth2,0.00,0.00,0.00,0,0,0.00,0.00,0.00,0,0,0.00,0.00,0,0
1544345742,total,32904980.00,32411422.00,65316404.00,32508656,33003694,25731.80,25507.48,51239.28,25584,25809,0.00,0.00,0,0
1544345743,3003-eth3,583296.12,102346.96,685643.06,102654,585046,244.27,238.29,482.55,239,245,0.00,0.00,0,0
1544345743,2002-eth1,0.00,0.00,0.00,0,0,0.00,0.00,0.00,0,0,0.00,0.00,0,0
1544345743,lo,0.00,0.00,0.00,0,0,0.00,0.00,0.00,0,0,0.00,0.00,0,0
1544345743,3005-eth3,857738.81,1183930.25,2041669.00,1187482,860312,749.75,794.62,1544.37,797,752,0.00,0.00,0,0
1544345743,2005-eth3,25597.21,1193661.00,1219258.25,1197242,25674,387.84,411.76,799.60,413,389,0.00,0.00,0,0
1544345743,3004-eth4,1218502.50,500139.59,1718642.12,501640,1222158,613.16,578.27,1191.43,580,615,0.00,0.00,0,0
1544345743,1004-eth2,36189.62,1223079.88,1259269.50,1225526,36262,492.02,498.00,990.02,499,493,0.00,0.00,0,0
1544345743,2004-eth4,5672.65,5770.46,11443.11,5782,5684,57.88,58.88,116.77,59,58,0.00,0.00,0,0
1544345743,1001-eth2,597105.81,490818.38,1087924.12,491800,598300,445.11,411.18,856.29,412,446,0.00,0.00,0,0
1544345743,1003-eth3,0.00,0.00,0.00,0,0,0.00,0.00,0.00,0,0,0.00,0.00,0,0
1544345743,2002-eth4,3912.18,3954.09,7866.27,3962,3920,39.92,40.92,80.84,41,40,0.00,0.00,0,0
1544345743,1001-eth4,1083640.75,27005.99,1110646.75,27060,1085808,391.22,409.18,800.40,410,392,0.00,0.00,0,0
1544345743,3001-eth2,94285.43,10536.93,104822.36,10558,94474,120.76,122.75,243.51,123,121,0.00,0.00,0,0
1544345743,1004-eth1,10536.93,94327.35,104864.27,94516,10558,122.75,121.76,244.51,122,123,0.00,0.00,0,0
1544345743,3005-eth4,1223369.25,1224061.88,2447431.25,1226510,1225816,800.40,827.35,1627.74,829,802,0.00,0.00,0,0
1544345743,1003-eth2,0.00,0.00,0.00,0,0,0.00,0.00,0.00,0,0,0.00,0.00,0,0
1544345743,3008-eth1,24437.13,1067415.25,1091852.38,1069550,24486,370.26,386.23,756.49,387,371,0.00,0.00,0,0
1544345743,1002-eth3,0.00,0.00,0.00,0,0,0.00,0.00,0.00,0,0,0.00,0.00,0,0
1544345743,2006-eth1,0.00,0.00,0.00,0,0,0.00,0.00,0.00,0,0,0.00,0.00,0,0
1544345743,3003-eth1,14504.99,581515.00,596020.00,582678,14534,210.58,218.56,429.14,219,211,0.00,0.00,0,0
1544345743,2001-eth3,0.00,0.00,0.00,0,0,0.00,0.00,0.00,0,0,0.00,0.00,0,0
1544345743,2008-eth2,27443.12,1224261.50,1251704.62,1226710,27498,416.17,442.12,858.28,443,417,0.00,0.00,0,0
1544345743,2008-eth3,1134309.38,522768.47,1657077.88,523814,1136578,523.95,541.92,1065.87,543,525,0.00,0.00,0,0
1544345743,1001-eth3,25622.76,1194852.38,1220475.12,1197242,25674,388.22,412.18,800.40,413,389,0.00,0.00,0,0
1544345743,2007-eth4,1067415.25,24437.13,1091852.38,24486,1069550,386.23,370.26,756.49,371,387,0.00,0.00,0,0
1544345743,2004-eth2,1223079.88,36189.62,1259269.50,36262,1225526,498.00,492.02,990.02,493,499,0.00,0.00,0,0
1544345743,3002-eth1,1222451.12,1225966.12,2448417.25,1228418,1224896,834.33,843.31,1677.64,845,836,0.00,0.00,0,0
1544345743,3004-eth1,476379.25,15590.82,491970.06,15622,477332,201.60,226.55,428.14,227,202,0.00,0.00,0,0
1544345743,2006-eth3,1040710.62,37792.42,1078503.00,37868,1042792,475.05,427.15,902.20,428,476,0.00,0.00,0,0
1544345743,3004-eth2,5770.46,5672.65,11443.11,5684,5782,58.88,57.88,116.77,58,59,0.00,0.00,0,0
1544345743,3001-eth3,1222886.25,113103.80,1335990.00,113330,1225332,465.07,444.11,909.18,445,466,0.00,0.00,0,0
1544345743,2003-eth4,15590.82,476379.25,491970.06,477332,15622,226.55,201.60,428.14,202,227,0.00,0.00,0,0
1544345743,2008-eth4,597241.56,11964.07,609205.62,11988,598436,225.55,181.64,407.19,182,226,0.00,0.00,0,0
1544345743,3008-eth3,1222670.75,440013.97,1662684.62,440894,1225116,616.77,601.80,1218.56,603,618,0.00,0.00,0,0
1544345743,2005-eth2,0.00,0.00,0.00,0,0,0.00,0.00,0.00,0,0,0.00,0.00,0,0
1544345743,2006-eth4,41003.99,7628.74,48632.73,7644,41086,458.08,77.84,535.93,78,459,0.00,0.00,0,0
1544345743,3006-eth2,7636.36,41044.96,48681.32,41086,7644,77.92,458.54,536.46,459,78,0.00,0.00,0,0
1544345743,1003-eth4,0.00,0.00,0.00,0,0,0.00,0.00,0.00,0,0,0.00,0.00,0,0
1544345743,2006-eth2,11862.14,149978.03,161840.17,150128,11874,122.88,131.87,254.75,132,123,0.00,0.00,0,0
1544345743,3001-eth1,0.00,0.00,0.00,0,0,0.00,0.00,0.00,0,0,0.00,0.00,0,0
1544345743,3008-eth2,11910.09,597838.19,609748.25,598436,11922,180.82,225.77,406.59,226,181,0.00,0.00,0,0
1544345743,2004-eth3,34103.90,1223856.12,1257960.12,1225080,34138,470.53,479.52,950.05,480,471,0.00,0.00,0,0
1544345743,3001-eth4,34043.96,1221534.50,1255578.50,1222756,34078,478.52,497.50,976.02,498,479,0.00,0.00,0,0
1544345743,1003-eth1,0.00,0.00,0.00,0,0,0.00,0.00,0.00,0,0,0.00,0.00,0,0
1544345743,3002-eth2,3958.04,3916.08,7874.13,3920,3962,40.96,39.96,80.92,40,41,0.00,0.00,0,0
1544345743,2005-eth4,0.00,0.00,0.00,0,0,0.00,0.00,0.00,0,0,0.00,0.00,0,0
1544345743,3003-eth2,1223856.12,34103.90,1257960.12,34138,1225080,479.52,470.53,950.05,471,480,0.00,0.00,0,0
1544345743,2007-eth1,26967.03,1081764.25,1108731.25,1082846,26994,408.59,390.61,799.20,391,409,0.00,0.00,0,0
1544345743,1002-eth4,0.00,0.00,0.00,0,0,0.00,0.00,0.00,0,0,0.00,0.00,0,0
1544345743,3002-eth4,20691.31,607041.00,627732.31,607648,20712,275.72,283.72,559.44,284,276,0.00,0.00,0,0
1544345743,2007-eth3,622151.88,609862.12,1232014.00,610472,622774,374.63,407.59,782.22,408,375,0.00,0.00,0,0
1544345743,3005-eth1,1193087.00,25516.48,1218603.38,25542,1194280,411.59,386.61,798.20,387,412,0.00,0.00,0,0
1544345743,2001-eth4,1224231.75,1220713.38,2444945.00,1221934,1225456,843.16,834.17,1677.32,835,844,0.00,0.00,0,0
1544345743,3003-eth4,31640.36,1224395.62,1256036.00,1225620,31672,443.56,497.50,941.06,498,444,0.00,0.00,0,0
1544345743,2004-eth1,0.00,0.00,0.00,0,0,0.00,0.00,0.00,0,0,0.00,0.00,0,0
1544345743,3006-eth4,32957.04,1219990.00,1252947.12,1221210,32990,462.54,496.50,959.04,497,463,0.00,0.00,0,0
1544345743,3007-eth1,609862.12,622151.88,1232014.00,622774,610472,407.59,374.63,782.22,375,408,0.00,0.00,0,0
1544345743,2008-eth1,0.00,0.00,0.00,0,0,0.00,0.00,0.00,0,0,0.00,0.00,0,0
1544345743,2002-eth2,94421.58,10547.45,104969.03,10558,94516,121.88,122.88,244.76,123,122,0.00,0.00,0,0
1544345743,2003-eth1,491308.72,597506.50,1088815.25,598104,491800,411.59,443.56,855.14,444,412,0.00,0.00,0,0
1544345743,3008-eth4,1231132.88,346773.25,1577906.12,347120,1232364,637.36,589.41,1226.77,590,638,0.00,0.00,0,0
1544345743,1004-eth4,1222525.50,27404.60,1249930.12,27432,1223748,441.56,415.58,857.14,416,442,0.00,0.00,0,0
1544345743,3006-eth1,0.00,0.00,0.00,0,0,0.00,0.00,0.00,0,0,0.00,0.00,0,0
1544345743,1004-eth3,149978.03,11862.14,161840.17,11874,150128,131.87,122.88,254.75,123,132,0.00,0.00,0,0
1544345743,1002-eth2,0.00,0.00,0.00,0,0,0.00,0.00,0.00,0,0,0.00,0.00,0,0
1544345743,3004-eth3,33714.29,1220088.00,1253802.25,1221308,33748,473.53,497.50,971.03,498,474,0.00,0.00,0,0
1544345743,2003-eth3,581998.00,14519.48,596517.50,14534,582580,217.78,210.79,428.57,211,218,0.00,0.00,0,0
1544345743,2005-eth1,1193087.00,25516.48,1218603.38,25542,1194280,411.59,386.61,798.20,387,412,0.00,0.00,0,0
1544345743,3002-eth3,1207456.62,619604.44,1827061.00,620224,1208664,607.39,599.40,1206.79,600,608,0.00,0.00,0,0
1544345743,3006-eth3,1222697.38,25516.48,1248213.88,25542,1223920,955.04,386.61,1341.66,387,956,0.00,0.00,0,0
1544345743,2001-eth1,1220713.38,1222785.25,2443498.50,1224008,1221934,834.17,843.16,1677.32,844,835,0.00,0.00,0,0
1544345743,3005-eth2,37736.27,1040237.81,1077974.00,1041278,37774,426.57,474.53,901.10,475,427,0.00,0.00,0,0
1544345743,2001-eth2,0.00,0.00,0.00,0,0,0.00,0.00,0.00,0,0,0.00,0.00,0,0
1544345743,3007-eth2,523224.78,1132483.50,1655708.38,1133616,523748,541.46,523.48,1064.94,524,542,0.00,0.00,0,0
1544345743,1001-eth1,1222785.25,1220713.38,2443498.50,1221934,1224008,843.16,834.17,1677.32,835,844,0.00,0.00,0,0
1544345743,3007-eth4,622151.88,609862.12,1232014.00,610472,622774,374.63,407.59,782.22,408,375,0.00,0.00,0,0
1544345743,2003-eth2,0.00,0.00,0.00,0,0,0.00,0.00,0.00,0,0,0.00,0.00,0,0
1544345743,3007-eth3,1132483.50,523224.78,1655708.38,523748,1133616,523.48,541.46,1064.94,542,524,0.00,0.00,0,0
1544345743,1002-eth1,0.00,0.00,0.00,0,0,0.00,0.00,0.00,0,0,0.00,0.00,0,0
1544345743,2002-eth3,10547.45,94379.62,104927.08,94474,10558,122.88,120.88,243.76,121,123,0.00,0.00,0,0
1544345743,2007-eth2,0.00,0.00,0.00,0,0,0.00,0.00,0.00,0,0,0.00,0.00,0,0
1544345743,total,32406054.00,31687924.00,64093980.00,31719612,32438460,24387.61,23946.05,48333.67,23970,24412,0.00,0.00,0,0
1544345744,3003-eth3,606030.00,77894.11,683924.12,77972,606636,245.75,237.76,483.52,238,246,0.00,0.00,0,0
1544345744,2002-eth1,0.00,0.00,0.00,0,0,0.00,0.00,0.00,0,0,0.00,0.00,0,0
1544345744,lo,1198.80,1198.80,2397.60,1200,1200,19.98,19.98,39.96,20,20,0.00,0.00,0,0
1544345744,3005-eth3,818597.44,826020.00,1644617.38,826846,819416,705.29,702.30,1407.59,703,706,0.00,0.00,0,0
1544345744,2005-eth3,25780.22,1175332.75,1201112.88,1176508,25806,390.61,405.59,796.20,406,391,0.00,0.00,0,0
1544345744,3004-eth4,1219560.50,595762.25,1815322.75,596358,1220780,637.36,610.39,1247.75,611,638,0.00,0.00,0,0
1544345744,1004-eth2,34907.09,1219564.50,1254471.62,1220784,34942,474.53,511.49,986.01,512,475,0.00,0.00,0,0
1544345744,2004-eth4,5678.32,5776.22,11454.55,5782,5684,57.94,58.94,116.88,59,58,0.00,0.00,0,0
1544345744,1001-eth2,620851.19,586525.50,1207376.62,587112,621472,467.53,451.55,919.08,452,468,0.00,0.00,0,0
1544345744,1003-eth3,0.00,0.00,0.00,0,0,0.00,0.00,0.00,0,0,0.00,0.00,0,0
1544345744,2002-eth4,3818.18,3860.14,7678.32,3864,3822,38.96,39.96,78.92,40,39,0.00,0.00,0,0
1544345744,1001-eth4,1121612.38,26967.03,1148579.50,26994,1122734,402.60,408.59,811.19,409,403,0.00,0.00,0,0
1544345744,3001-eth2,135774.23,11106.89,146881.12,11118,135910,134.87,130.87,265.73,131,135,0.00,0.00,0,0
1544345744,1004-eth1,11204.80,135914.09,147118.89,136050,11216,131.87,136.86,268.73,137,132,0.00,0.00,0,0
1544345744,3005-eth4,1220375.62,1215156.88,2435532.50,1216372,1221596,781.22,835.16,1616.38,836,782,0.00,0.00,0,0
1544345744,1003-eth2,0.00,0.00,0.00,0,0,0.00,0.00,0.00,0,0,0.00,0.00,0,0
1544345744,3008-eth1,24461.54,1103792.25,1128253.75,1104896,24486,370.63,395.60,766.23,396,371,0.00,0.00,0,0
1544345744,1002-eth3,0.00,0.00,0.00,0,0,0.00,0.00,0.00,0,0,0.00,0.00,0,0
1544345744,2006-eth1,0.00,0.00,0.00,0,0,0.00,0.00,0.00,0,0,0.00,0.00,0,0
1544345744,3003-eth1,15078.92,604419.62,619498.50,605024,15094,218.78,227.77,446.55,228,219,0.00,0.00,0,0
1544345744,2001-eth3,0.00,0.00,0.00,0,0,0.00,0.00,0.00,0,0,0.00,0.00,0,0
1544345744,2008-eth2,27074.93,1222525.50,1249600.38,1223748,27102,410.59,441.56,852.15,442,411,0.00,0.00,0,0
1544345744,2008-eth3,1091192.88,623106.94,1714299.75,623730,1092284,533.47,564.44,1097.90,565,534,0.00,0.00,0,0
1544345744,1001-eth3,25780.22,1175332.75,1201112.88,1176508,25806,390.61,405.59,796.20,406,391,0.00,0.00,0,0
1544345744,2007-eth4,1103792.25,24461.54,1128253.75,24486,1104896,395.60,370.63,766.23,371,396,0.00,0.00,0,0
1544345744,2004-eth2,1218347.38,34872.26,1253219.62,34942,1220784,510.98,474.05,985.03,475,512,0.00,0.00,0,0
1544345744,3002-eth1,1215650.75,1215421.25,2431072.00,1217852,1218082,839.32,836.33,1675.65,838,841,0.00,0.00,0,0
1544345744,3004-eth1,570810.38,16415.17,587225.56,16448,571952,231.54,239.52,471.06,240,232,0.00,0.00,0,0
1544345744,2006-eth3,843157.69,24247.51,867405.19,24296,844844,349.30,351.30,700.60,352,350,0.00,0.00,0,0
1544345744,3004-eth2,5770.46,5672.65,11443.11,5684,5782,58.88,57.88,116.77,58,59,0.00,0.00,0,0
1544345744,3001-eth3,1219209.62,154423.16,1373632.75,154732,1221648,475.05,457.09,932.14,458,476,0.00,0.00,0,0
1544345744,2003-eth4,16415.17,570810.38,587225.56,571952,16448,239.52,231.54,471.06,232,240,0.00,0.00,0,0
1544345744,2008-eth4,740710.62,14071.86,754782.44,14100,742192,275.45,213.57,489.02,214,276,0.00,0.00,0,0
1544345744,3008-eth3,1217644.75,572902.19,1790547.00,574048,1220080,632.73,622.75,1255.49,624,634,0.00,0.00,0,0
1544345744,2005-eth2,0.00,0.00,0.00,0,0,0.00,0.00,0.00,0,0,0.00,0.00,0,0
1544345744,2006-eth4,28506.99,802720.56,831227.56,804326,28564,393.21,398.20,791.42,399,394,0.00,0.00,0,0
1544345744,3006-eth2,802720.56,28506.99,831227.56,28564,804326,398.20,393.21,791.42,394,399,0.00,0.00,0,0
1544345744,1003-eth4,0.00,0.00,0.00,0,0,0.00,0.00,0.00,0,0,0.00,0.00,0,0
1544345744,2006-eth2,11389.22,70932.14,82321.36,71074,11412,117.76,116.77,234.53,117,118,0.00,0.00,0,0
1544345744,3001-eth1,0.00,0.00,0.00,0,0,0.00,0.00,0.00,0,0,0.00,0.00,0,0
1544345744,3008-eth2,14071.86,740710.62,754782.44,742192,14100,213.57,275.45,489.02,276,214,0.00,0.00,0,0
1544345744,2004-eth3,32818.36,1215934.12,1248752.50,1218366,32884,453.09,486.03,939.12,487,454,0.00,0.00,0,0
1544345744,3001-eth4,34041.92,1217261.50,1251303.38,1219696,34110,478.04,495.01,973.05,496,479,0.00,0.00,0,0
1544345744,1003-eth1,0.00,0.00,0.00,0,0,0.00,0.00,0.00,0,0,0.00,0.00,0,0
1544345744,3002-eth2,3856.29,3814.37,7670.66,3822,3864,39.92,38.92,78.84,39,40,0.00,0.00,0,0
1544345744,2005-eth4,0.00,0.00,0.00,0,0,0.00,0.00,0.00,0,0,0.00,0.00,0,0
1544345744,3003-eth2,1215934.12,32818.36,1248752.50,32884,1218366,486.03,453.09,939.12,454,487,0.00,0.00,0,0
1544345744,2007-eth1,26940.12,1120493.00,1147433.12,1122734,26994,408.18,402.20,810.38,403,409,0.00,0.00,0,0
1544345744,1002-eth4,0.00,0.00,0.00,0,0,0.00,0.00,0.00,0,0,0.00,0.00,0,0
1544345744,3002-eth4,20538.92,609684.62,630223.56,610904,20580,273.45,287.43,560.88,288,274,0.00,0.00,0,0
1544345744,2007-eth3,579223.56,580215.56,1159439.12,581376,580382,346.31,383.23,729.54,384,347,0.00,0.00,0,0
1544345744,3005-eth1,1174159.75,25754.49,1199914.25,25806,1176508,405.19,390.22,795.41,391,406,0.00,0.00,0,0
1544345744,2001-eth4,1215421.25,1215650.75,2431072.00,1218082,1217852,836.33,839.32,1675.65,841,838,0.00,0.00,0,0
1544345744,3003-eth4,31209.58,1214403.25,1245612.75,1216832,31272,435.13,495.01,930.14,496,436,0.00,0.00,0,0
1544345744,2004-eth1,0.00,0.00,0.00,0,0,0.00,0.00,0.00,0,0,0.00,0.00,0,0
1544345744,3006-eth4,33644.71,1217457.12,1251101.88,1219892,33712,471.06,497.01,968.06,498,472,0.00,0.00,0,0
1544345744,3007-eth1,580215.56,579223.56,1159439.12,580382,581376,383.23,346.31,729.54,347,384,0.00,0.00,0,0
1544345744,2008-eth1,0.00,0.00,0.00,0,0,0.00,0.00,0.00,0,0,0.00,0.00,0,0
1544345744,2002-eth2,135778.45,11193.61,146972.06,11216,136050,136.73,131.74,268.46,132,137,0.00,0.00,0,0
1544345744,2003-eth1,585940.12,620231.56,1206171.75,621472,587112,451.10,467.07,918.16,468,452,0.00,0.00,0,0
1544345744,3008-eth4,1224499.00,397349.31,1621848.38,398144,1226948,664.67,546.91,1211.58,548,666,0.00,0.00,0,0
1544345744,1004-eth4,1221305.38,27047.90,1248353.38,27102,1223748,441.12,410.18,851.30,411,442,0.00,0.00,0,0
1544345744,3006-eth1,0.00,0.00,0.00,0,0,0.00,0.00,0.00,0,0,0.00,0.00,0,0
1544345744,1004-eth3,70932.14,11389.22,82321.36,11412,71074,116.77,117.76,234.53,118,117,0.00,0.00,0,0
1544345744,1002-eth2,0.00,0.00,0.00,0,0,0.00,0.00,0.00,0,0,0.00,0.00,0,0
1544345744,3004-eth3,33746.51,1217261.50,1251008.00,1219696,33814,474.05,495.01,969.06,496,475,0.00,0.00,0,0
1544345744,2003-eth3,603816.38,15063.87,618880.25,15094,605024,227.54,218.56,446.11,219,228,0.00,0.00,0,0
1544345744,2005-eth1,1174159.75,25754.49,1199914.25,25806,1176508,405.19,390.22,795.41,391,406,0.00,0.00,0,0
1544345744,3002-eth3,1198630.75,613008.00,1811638.75,614234,1201028,600.80,595.81,1196.61,597,602,0.00,0.00,0,0
1544345744,3006-eth3,1219417.25,820716.56,2040133.75,822358,1221856,698.60,709.58,1408.18,711,700,0.00,0.00,0,0
1544345744,2001-eth1,1218509.00,1216866.25,2435375.25,1219300,1220946,839.32,836.33,1675.65,838,841,0.00,0.00,0,0
1544345744,3005-eth2,24247.51,843157.69,867405.19,844844,24296,351.30,349.30,700.60,350,352,0.00,0.00,0,0
1544345744,2001-eth2,0.00,0.00,0.00,0,0,0.00,0.00,0.00,0,0,0.00,0.00,0,0
1544345744,3007-eth2,622485.06,1090103.88,1712588.88,1092284,623730,563.87,532.93,1096.81,534,565,0.00,0.00,0,0
1544345744,1001-eth1,1216866.25,1218509.00,2435375.25,1220946,1219300,836.33,839.32,1675.65,841,838,0.00,0.00,0,0
1544345744,3007-eth4,579223.56,580215.56,1159439.12,581376,580382,346.31,383.23,729.54,384,347,0.00,0.00,0,0
1544345744,2003-eth2,0.00,0.00,0.00,0,0,0.00,0.00,0.00,0,0,0.00,0.00,0,0
1544345744,3007-eth3,1090103.88,622485.06,1712588.88,623730,1092284,532.93,563.87,1096.81,565,534,0.00,0.00,0,0
1544345744,1002-eth1,0.00,0.00,0.00,0,0,0.00,0.00,0.00,0,0,0.00,0.00,0,0
1544345744,2002-eth3,11095.81,135638.72,146734.53,135910,11118,130.74,134.73,265.47,135,131,0.00,0.00,0,0
1544345744,2007-eth2,0.00,0.00,0.00,0,0,0.00,0.00,0.00,0,0,0.00,0.00,0,0
1544345744,total,33187840.00,33374514.00,66562352.00,33441262,33254214,24370.26,24452.10,48822.36,24501,24419,0.00,0.00,0,0
1544345745,3003-eth3,616976.06,192317.38,809293.44,192702,618210,292.42,286.43,578.84,287,293,0.00,0.00,0,0
1544345745,2002-eth1,0.00,0.00,0.00,0,0,0.00,0.00,0.00,0,0,0.00,0.00,0,0
1544345745,lo,0.00,0.00,0.00,0,0,0.00,0.00,0.00,0,0,0.00,0.00,0,0
1544345745,3005-eth3,1157754.50,1049808.38,2207563.00,1051908,1160070,855.29,864.27,1719.56,866,857,0.00,0.00,0,0
1544345745,2005-eth3,25688.62,1166736.50,1192425.12,1169070,25740,389.22,402.20,791.42,403,390,0.00,0.00,0,0
1544345745,3004-eth4,1221073.88,576814.38,1797888.25,577968,1223516,612.77,594.81,1207.58,596,614,0.00,0.00,0,0
1544345745,1004-eth2,39570.86,1221053.88,1260624.75,1223496,39650,527.94,510.98,1038.92,512,529,0.00,0.00,0,0
1544345745,2004-eth4,5616.77,5812.38,11429.14,5824,5628,57.88,59.88,117.76,60,58,0.00,0.00,0,0
1544345745,1001-eth2,626105.81,567576.88,1193682.62,568712,627358,446.11,435.13,881.24,436,447,0.00,0.00,0,0
1544345745,1003-eth3,0.00,0.00,0.00,0,0,0.00,0.00,0.00,0,0,0.00,0.00,0,0
1544345745,2002-eth4,3898.20,3912.18,7810.38,3920,3906,40.92,39.92,80.84,40,41,0.00,0.00,0,0
1544345745,1001-eth4,1165686.62,25886.23,1191572.88,25938,1168018,408.18,392.22,800.40,393,409,0.00,0.00,0,0
1544345745,3001-eth2,159966.08,10165.67,170131.73,10186,160286,130.74,116.77,247.50,117,131,0.00,0.00,0,0
1544345745,1004-eth1,10151.70,159966.08,170117.77,160286,10172,117.76,130.74,248.50,131,118,0.00,0.00,0,0
1544345745,3005-eth4,1228850.38,1218834.38,2447684.75,1221272,1231308,1015.97,958.08,1974.05,960,1018,0.00,0.00,0,0
1544345745,1003-eth2,0.00,0.00,0.00,0,0,0.00,0.00,0.00,0,0,0.00,0.00,0,0
1544345745,3008-eth1,22724.55,1146505.00,1169229.62,1148798,22770,344.31,402.20,746.51,403,345,0.00,0.00,0,0
1544345745,1002-eth3,0.00,0.00,0.00,0,0,0.00,0.00,0.00,0,0,0.00,0.00,0,0
1544345745,2006-eth1,0.00,0.00,0.00,0,0,0.00,0.00,0.00,0,0,0.00,0.00,0,0
1544345745,3003-eth1,15195.61,611239.56,626435.12,612462,15226,220.56,230.54,451.10,231,221,0.00,0.00,0,0
1544345745,2001-eth3,0.00,0.00,0.00,0,0,0.00,0.00,0.00,0,0,0.00,0.00,0,0
1544345745,2008-eth2,26982.04,1224413.25,1251395.25,1226862,27036,409.18,422.16,831.34,423,410,0.00,0.00,0,0
1544345745,2008-eth3,1127548.88,683842.31,1811391.25,685210,1129804,552.89,595.81,1148.70,597,554,0.00,0.00,0,0
1544345745,1001-eth3,25688.62,1166736.50,1192425.12,1169070,25740,389.22,402.20,791.42,403,390,0.00,0.00,0,0
1544345745,2007-eth4,1146505.00,22724.55,1169229.62,22770,1148798,402.20,344.31,746.51,345,403,0.00,0.00,0,0
1544345745,2004-eth2,1221053.88,39570.86,1260624.75,39650,1223496,510.98,527.94,1038.92,529,512,0.00,0.00,0,0
1544345745,3002-eth1,1219822.38,1222616.75,2442439.25,1225062,1222262,837.33,857.29,1694.61,859,839,0.00,0.00,0,0
1544345745,3004-eth1,552933.06,14881.12,567814.19,14896,553486,214.79,215.78,430.57,216,215,0.00,0.00,0,0
1544345745,2006-eth3,1225376.62,32443.56,1257820.25,32476,1226602,440.56,457.54,898.10,458,441,0.00,0.00,0,0
1544345745,3004-eth2,5818.18,5622.38,11440.56,5628,5824,59.94,57.94,117.88,58,60,0.00,0.00,0,0
1544345745,3001-eth3,1215898.12,174445.56,1390343.75,174620,1217114,384.62,385.61,770.23,386,385,0.00,0.00,0,0
1544345745,2003-eth4,14881.12,552933.06,567814.19,553486,14896,215.78,214.79,430.57,215,216,0.00,0.00,0,0
1544345745,2008-eth4,768233.81,13756.24,781990.00,13770,769002,264.74,208.79,473.53,209,265,0.00,0.00,0,0
1544345745,3008-eth3,1221910.12,325570.44,1547480.50,325896,1223132,541.46,527.47,1068.93,528,542,0.00,0.00,0,0
1544345745,2005-eth2,0.00,0.00,0.00,0,0,0.00,0.00,0.00,0,0,0.00,0.00,0,0
1544345745,2006-eth4,32197.80,1203682.38,1235880.12,1204886,32230,450.55,490.51,941.06,491,451,0.00,0.00,0,0
1544345745,3006-eth2,1203682.38,32197.80,1235880.12,32230,1204886,490.51,450.55,941.06,451,491,0.00,0.00,0,0
1544345745,1003-eth4,0.00,0.00,0.00,0,0,0.00,0.00,0.00,0,0,0.00,0.00,0,0
1544345745,2006-eth2,15420.58,150825.17,166245.77,150976,15436,161.84,143.86,305.69,144,162,0.00,0.00,0,0
1544345745,3001-eth1,0.00,0.00,0.00,0,0,0.00,0.00,0.00,0,0,0.00,0.00,0,0
1544345745,3008-eth2,13756.24,768233.81,781990.00,769002,13770,208.79,264.74,473.53,265,209,0.00,0.00,0,0
1544345745,2004-eth3,37512.49,1223200.88,1260713.38,1224424,37550,506.49,491.51,998.00,492,507,0.00,0.00,0,0
1544345745,3001-eth4,29494.51,1214781.25,1244275.75,1215996,29524,409.59,417.58,827.17,418,410,0.00,0.00,0,0
1544345745,1003-eth1,0.00,0.00,0.00,0,0,0.00,0.00,0.00,0,0,0.00,0.00,0,0
1544345745,3002-eth2,3916.08,3902.10,7818.18,3906,3920,39.96,40.96,80.92,41,40,0.00,0.00,0,0
1544345745,2005-eth4,0.00,0.00,0.00,0,0,0.00,0.00,0.00,0,0,0.00,0.00,0,0
1544345745,3003-eth2,1223200.88,37512.49,1260713.38,37550,1224424,491.51,506.49,998.00,507,492,0.00,0.00,0,0
1544345745,2007-eth1,25912.09,1166851.12,1192763.25,1168018,25938,392.61,408.59,801.20,409,393,0.00,0.00,0,0
1544345745,1002-eth4,0.00,0.00,0.00,0,0,0.00,0.00,0.00,0,0,0.00,0.00,0,0
1544345745,3002-eth4,20921.08,626503.50,647424.56,627130,20942,278.72,292.71,571.43,293,279,0.00,0.00,0,0
1544345745,2007-eth3,606367.62,597696.31,1204064.00,598294,606974,354.65,398.60,753.25,399,355,0.00,0.00,0,0
1544345745,3005-eth1,1167902.12,25714.29,1193616.38,25740,1169070,402.60,389.61,792.21,390,403,0.00,0.00,0,0
1544345745,2001-eth4,1223838.25,1221041.00,2444879.25,1222262,1225062,858.14,838.16,1696.30,839,859,0.00,0.00,0,0
1544345745,3003-eth4,31770.23,1224591.50,1256361.62,1225816,31802,444.56,499.50,944.06,500,445,0.00,0.00,0,0
1544345745,2004-eth1,0.00,0.00,0.00,0,0,0.00,0.00,0.00,0,0,0.00,0.00,0,0
1544345745,3006-eth4,33714.29,1224493.50,1258207.88,1225718,33748,473.53,498.50,972.03,499,474,0.00,0.00,0,0
1544345745,3007-eth1,597696.31,606367.62,1204064.00,606974,598294,398.60,354.65,753.25,355,399,0.00,0.00,0,0
1544345745,2008-eth1,0.00,0.00,0.00,0,0,0.00,0.00,0.00,0,0,0.00,0.00,0,0
1544345745,2002-eth2,160125.88,10161.84,170287.72,10172,160286,130.87,117.88,248.75,118,131,0.00,0.00,0,0
1544345745,2003-eth1,568143.88,626731.31,1194875.12,627358,568712,435.56,446.55,882.12,447,436,0.00,0.00,0,0
1544345745,3008-eth4,1228533.50,323110.91,1551644.38,323434,1229762,576.42,512.49,1088.91,513,577,0.00,0.00,0,0
1544345745,1004-eth4,1225636.38,27008.99,1252645.38,27036,1226862,422.58,409.59,832.17,410,423,0.00,0.00,0,0
1544345745,3006-eth1,0.00,0.00,0.00,0,0,0.00,0.00,0.00,0,0,0.00,0.00,0,0
1544345745,1004-eth3,150825.17,15420.58,166245.77,15436,150976,143.86,161.84,305.69,162,144,0.00,0.00,0,0
1544345745,1002-eth2,0.00,0.00,0.00,0,0,0.00,0.00,0.00,0,0,0.00,0.00,0,0
1544345745,3004-eth3,33912.09,1221534.50,1255446.62,1222756,33946,476.52,497.50,974.03,498,477,0.00,0.00,0,0
1544345745,2003-eth3,611850.19,15210.79,627060.94,15226,612462,230.77,220.78,451.55,221,231,0.00,0.00,0,0
1544345745,2005-eth1,1167902.12,25714.29,1193616.38,25740,1169070,402.60,389.61,792.21,390,403,0.00,0.00,0,0
1544345745,3002-eth3,1206885.12,669932.06,1876817.25,670602,1208092,621.38,616.38,1237.76,617,622,0.00,0.00,0,0
1544345745,3006-eth3,1223466.62,1222221.75,2445688.50,1223444,1224690,784.22,809.19,1593.41,810,785,0.00,0.00,0,0
1544345745,2001-eth1,1221270.75,1223838.25,2445109.00,1225062,1222492,841.16,858.14,1699.30,859,842,0.00,0.00,0,0
1544345745,3005-eth2,32443.56,1225376.62,1257820.25,1226602,32476,457.54,440.56,898.10,441,458,0.00,0.00,0,0
1544345745,2001-eth2,0.00,0.00,0.00,0,0,0.00,0.00,0.00,0,0,0.00,0.00,0,0
1544345745,3007-eth2,684525.50,1128675.38,1813200.88,1129804,685210,596.40,553.45,1149.85,554,597,0.00,0.00,0,0
1544345745,1001-eth1,1223838.25,1221270.75,2445109.00,1222492,1225062,858.14,841.16,1699.30,842,859,0.00,0.00,0,0
1544345745,3007-eth4,606367.62,597696.31,1204064.00,598294,606974,354.65,398.60,753.25,399,355,0.00,0.00,0,0
1544345745,2003-eth2,0.00,0.00,0.00,0,0,0.00,0.00,0.00,0,0,0.00,0.00,0,0
1544345745,3007-eth3,1128675.38,684525.50,1813200.88,685210,1129804,553.45,596.40,1149.85,597,554,0.00,0.00,0,0
1544345745,1002-eth1,0.00,0.00,0.00,0,0,0.00,0.00,0.00,0,0,0.00,0.00,0,0
1544345745,2002-eth3,10175.82,160125.88,170301.70,160286,10186,116.88,130.87,247.75,131,117,0.00,0.00,0,0
1544345745,2007-eth2,0.00,0.00,0.00,0,0,0.00,0.00,0.00,0,0,0.00,0.00,0,0
1544345745,total,34834848.00,35174644.00,70009488.00,35209814,34869682,25057.94,25137.86,50195.81,25163,25083,0.00,0.00,0,0
1544345746,3003-eth3,607772.25,141810.19,749582.44,141952,608380,269.73,263.74,533.47,264,270,0.00,0.00,0,0
1544345746,2002-eth1,0.00,0.00,0.00,0,0,0.00,0.00,0.00,0,0,0.00,0.00,0,0
1544345746,lo,1198.80,1198.80,2397.60,1200,1200,19.98,19.98,39.96,20,20,0.00,0.00,0,0
1544345746,3005-eth3,1150347.62,873206.81,2023554.50,874080,1151498,892.11,803.20,1695.30,804,893,0.00,0.00,0,0
1544345746,2005-eth3,24593.41,1178291.75,1202885.12,1179470,24618,372.63,406.59,779.22,407,373,0.00,0.00,0,0
1544345746,3004-eth4,1221514.50,750197.81,1971712.38,750948,1222736,667.33,649.35,1316.68,650,668,0.00,0.00,0,0
1544345746,1004-eth2,36395.61,1224375.62,1260771.25,1225600,36432,495.50,519.48,1014.99,520,496,0.00,0.00,0,0
1544345746,2004-eth4,5818.18,5818.18,11636.36,5824,5824,59.94,59.94,119.88,60,60,0.00,0.00,0,0
1544345746,1001-eth2,623029.00,740723.31,1363752.25,741464,623652,501.50,487.51,989.01,488,502,0.00,0.00,0,0
1544345746,1003-eth3,0.00,0.00,0.00,0,0,0.00,0.00,0.00,0,0,0.00,0.00,0,0
1544345746,2002-eth4,3986.01,3818.18,7804.20,3822,3990,40.96,38.96,79.92,39,41,0.00,0.00,0,0
1544345746,1001-eth4,1219850.12,28879.12,1248729.25,28908,1221070,422.58,437.56,860.14,438,423,0.00,0.00,0,0
1544345746,3001-eth2,161768.23,10833.17,172601.41,10844,161930,132.87,125.87,258.74,126,133,0.00,0.00,0,0
1544345746,1004-eth1,10833.17,161670.33,172503.50,161832,10844,125.87,131.87,257.74,132,126,0.00,0.00,0,0
1544345746,3005-eth4,1233336.75,1225134.88,2458471.50,1226360,1234570,956.04,977.02,1933.07,978,957,0.00,0.00,0,0
1544345746,1003-eth2,0.00,0.00,0.00,0,0,0.00,0.00,0.00,0,0,0.00,0.00,0,0
1544345746,3008-eth1,27758.24,1222809.25,1250567.50,1224032,27786,420.58,423.58,844.16,424,421,0.00,0.00,0,0
1544345746,1002-eth3,0.00,0.00,0.00,0,0,0.00,0.00,0.00,0,0,0.00,0.00,0,0
1544345746,2006-eth1,0.00,0.00,0.00,0,0,0.00,0.00,0.00,0,0,0.00,0.00,0,0
1544345746,3003-eth1,14981.02,604223.81,619204.81,604828,14996,217.78,225.77,443.56,226,218,0.00,0.00,0,0
1544345746,2001-eth3,0.00,0.00,0.00,0,0,0.00,0.00,0.00,0,0,0.00,0.00,0,0
1544345746,2008-eth2,26547.45,1222719.38,1249266.75,1223942,26574,402.60,422.58,825.17,423,403,0.00,0.00,0,0
1544345746,2008-eth3,1084153.88,605154.88,1689308.75,605760,1085238,514.49,555.44,1069.93,556,515,0.00,0.00,0,0
1544345746,1001-eth3,24593.41,1178361.62,1202955.12,1179540,24618,372.63,407.59,780.22,408,373,0.00,0.00,0,0
1544345746,2007-eth4,1222809.25,27758.24,1250567.50,27786,1224032,423.58,420.58,844.16,421,424,0.00,0.00,0,0
1544345746,2004-eth2,1224375.62,36395.61,1260771.25,36432,1225600,519.48,495.50,1014.99,496,520,0.00,0.00,0,0
1544345746,3002-eth1,1221368.62,1222355.62,2443724.25,1223578,1222590,822.18,836.16,1658.34,837,823,0.00,0.00,0,0
1544345746,3004-eth1,725742.25,18805.20,744547.50,18824,726468,269.73,275.72,545.45,276,270,0.00,0.00,0,0
1544345746,2006-eth3,1225376.62,29442.56,1254819.25,29472,1226602,440.56,427.57,868.13,428,441,0.00,0.00,0,0
1544345746,3004-eth2,5818.18,5818.18,11636.36,5824,5824,59.94,59.94,119.88,60,60,0.00,0.00,0,0
1544345746,3001-eth3,1214637.38,172067.94,1386705.38,172240,1215852,321.68,327.67,649.35,328,322,0.00,0.00,0,0
1544345746,2003-eth4,18805.20,725742.25,744547.50,726468,18824,275.72,269.73,545.45,270,276,0.00,0.00,0,0
1544345746,2008-eth4,729808.19,12635.37,742443.56,12648,730538,252.75,191.81,444.56,192,253,0.00,0.00,0,0
1544345746,3008-eth3,1221188.88,337736.28,1558925.12,338074,1222410,552.45,536.46,1088.91,537,553,0.00,0.00,0,0
1544345746,2005-eth2,0.00,0.00,0.00,0,0,0.00,0.00,0.00,0,0,0.00,0.00,0,0
1544345746,2006-eth4,31768.23,1203682.38,1235450.62,1204886,31800,443.56,490.51,934.07,491,444,0.00,0.00,0,0
1544345746,3006-eth2,1203682.38,31768.23,1235450.62,31800,1204886,490.51,443.56,934.07,444,491,0.00,0.00,0,0
1544345746,1003-eth4,0.00,0.00,0.00,0,0,0.00,0.00,0.00,0,0,0.00,0.00,0,0
1544345746,2006-eth2,12947.05,97858.14,110805.20,97956,12960,139.86,129.87,269.73,130,140,0.00,0.00,0,0
1544345746,3001-eth1,0.00,0.00,0.00,0,0,0.00,0.00,0.00,0,0,0.00,0.00,0,0
1544345746,3008-eth2,12635.37,729808.19,742443.56,730538,12648,191.81,252.75,444.56,253,192,0.00,0.00,0,0
1544345746,2004-eth3,34297.70,1222016.00,1256313.75,1223238,34332,473.53,494.51,968.03,495,474,0.00,0.00,0,0
1544345746,3001-eth4,25866.13,1214965.12,1240831.25,1216180,25892,353.65,353.65,707.29,354,354,0.00,0.00,0,0
1544345746,1003-eth1,0.00,0.00,0.00,0,0,0.00,0.00,0.00,0,0,0.00,0.00,0,0
1544345746,3002-eth2,3818.18,3986.01,7804.20,3990,3822,38.96,40.96,79.92,41,39,0.00,0.00,0,0
1544345746,2005-eth4,0.00,0.00,0.00,0,0,0.00,0.00,0.00,0,0,0.00,0.00,0,0
1544345746,3003-eth2,1222016.00,34297.70,1256313.75,34332,1223238,494.51,473.53,968.03,474,495,0.00,0.00,0,0
1544345746,2007-eth1,28879.12,1219850.12,1248729.25,1221070,28908,437.56,422.58,860.14,423,438,0.00,0.00,0,0
1544345746,1002-eth4,0.00,0.00,0.00,0,0,0.00,0.00,0.00,0,0,0.00,0.00,0,0
1544345746,3002-eth4,19866.13,590929.06,610795.25,591520,19886,262.74,279.72,542.46,280,263,0.00,0.00,0,0
1544345746,2007-eth3,558499.50,675088.94,1233588.50,675764,559058,352.65,409.59,762.24,410,353,0.00,0.00,0,0
1544345746,3005-eth1,1178291.75,24593.41,1202885.12,24618,1179470,406.59,372.63,779.22,373,407,0.00,0.00,0,0
1544345746,2001-eth4,1222355.62,1221368.62,2443724.25,1222590,1223578,836.16,822.18,1658.34,823,837,0.00,0.00,0,0
1544345746,3003-eth4,30749.25,1221338.75,1252088.00,1222560,30780,429.57,495.50,925.07,496,430,0.00,0.00,0,0
1544345746,2004-eth1,0.00,0.00,0.00,0,0,0.00,0.00,0.00,0,0,0.00,0.00,0,0
1544345746,3006-eth4,33680.32,1221338.75,1255019.00,1222560,33714,472.53,495.50,968.03,496,473,0.00,0.00,0,0
1544345746,3007-eth1,675088.94,558499.50,1233588.50,559058,675764,409.59,352.65,762.24,353,410,0.00,0.00,0,0
1544345746,2008-eth1,0.00,0.00,0.00,0,0,0.00,0.00,0.00,0,0,0.00,0.00,0,0
1544345746,2002-eth2,161670.33,10833.17,172503.50,10844,161832,131.87,125.87,257.74,126,132,0.00,0.00,0,0
1544345746,2003-eth1,740723.31,623029.00,1363752.25,623652,741464,487.51,501.50,989.01,502,488,0.00,0.00,0,0
1544345746,3008-eth4,1222417.62,436737.28,1659154.88,437174,1223640,571.43,546.45,1117.88,547,572,0.00,0.00,0,0
1544345746,1004-eth4,1222719.38,26547.45,1249266.75,26574,1223942,422.58,402.60,825.17,403,423,0.00,0.00,0,0
1544345746,3006-eth1,0.00,0.00,0.00,0,0,0.00,0.00,0.00,0,0,0.00,0.00,0,0
1544345746,1004-eth3,97858.14,12947.05,110805.20,12960,97956,129.87,139.86,269.73,140,130,0.00,0.00,0,0
1544345746,1002-eth2,0.00,0.00,0.00,0,0,0.00,0.00,0.00,0,0,0.00,0.00,0,0
1544345746,3004-eth3,33812.19,1224395.62,1258207.88,1225620,33846,474.53,497.50,972.03,498,475,0.00,0.00,0,0
1544345746,2003-eth3,604223.81,14981.02,619204.81,14996,604828,225.77,217.78,443.56,218,226,0.00,0.00,0,0
1544345746,2005-eth1,1178361.62,24593.41,1202955.12,24618,1179540,407.59,372.63,780.22,373,408,0.00,0.00,0,0
1544345746,3002-eth3,1206405.62,659542.50,1865948.12,660202,1207612,613.39,612.39,1225.77,613,614,0.00,0.00,0,0
1544345746,3006-eth3,1219452.62,1222155.88,2441608.50,1223378,1220672,767.23,808.19,1575.42,809,768,0.00,0.00,0,0
1544345746,2001-eth1,1221302.75,1222355.62,2443658.50,1223578,1222524,821.18,836.16,1657.34,837,822,0.00,0.00,0,0
1544345746,3005-eth2,29442.56,1225376.62,1254819.25,1226602,29472,427.57,440.56,868.13,441,428,0.00,0.00,0,0
1544345746,2001-eth2,0.00,0.00,0.00,0,0,0.00,0.00,0.00,0,0,0.00,0.00,0,0
1544345746,3007-eth2,605154.88,1084153.88,1689308.75,1085238,605760,555.44,514.49,1069.93,515,556,0.00,0.00,0,0
1544345746,1001-eth1,1222355.62,1221302.75,2443658.50,1222524,1223578,836.16,821.18,1657.34,822,837,0.00,0.00,0,0
1544345746,3007-eth4,558499.50,675088.94,1233588.50,675764,559058,352.65,409.59,762.24,410,353,0.00,0.00,0,0
1544345746,2003-eth2,0.00,0.00,0.00,0,0,0.00,0.00,0.00,0,0,0.00,0.00,0,0
1544345746,3007-eth3,1084153.88,605154.88,1689308.75,605760,1085238,514.49,555.44,1069.93,556,515,0.00,0.00,0,0
1544345746,1002-eth1,0.00,0.00,0.00,0,0,0.00,0.00,0.00,0,0,0.00,0.00,0,0
1544345746,2002-eth3,10833.17,161768.23,172601.41,161930,10844,125.87,132.87,258.74,133,126,0.00,0.00,0,0
1544345746,2007-eth2,0.00,0.00,0.00,0,0,0.00,0.00,0.00,0,0,0.00,0.00,0,0
1544345746,total,35002240.00,35490336.00,70492576.00,35525826,35037238,24922.08,25061.94,49984.02,25087,24947,0.00,0.00,0,0
1544345747,3003-eth3,624411.62,90191.81,714603.44,90282,625036,273.73,248.75,522.48,249,274,0.00,0.00,0,0
1544345747,2002-eth1,0.00,0.00,0.00,0,0,0.00,0.00,0.00,0,0,0.00,0.00,0,0
1544345747,lo,0.00,0.00,0.00,0,0,0.00,0.00,0.00,0,0,0.00,0.00,0,0
1544345747,3005-eth3,1148893.12,1127594.38,2276487.50,1128722,1150042,728.27,756.24,1484.52,757,729,0.00,0.00,0,0
1544345747,2005-eth3,25648.35,1196046.00,1221694.38,1197242,25674,388.61,412.59,801.20,413,389,0.00,0.00,0,0
1544345747,3004-eth4,1223838.25,739898.12,1963736.38,740638,1225062,658.34,646.35,1304.70,647,659,0.00,0.00,0,0
1544345747,1004-eth2,34613.39,1225256.75,1259870.12,1226482,34648,483.52,512.49,996.00,513,484,0.00,0.00,0,0
1544345747,2004-eth4,5678.32,5776.22,11454.55,5782,5684,57.94,58.94,116.88,59,58,0.00,0.00,0,0
1544345747,1001-eth2,639990.00,731023.00,1371013.00,731754,640630,494.51,492.51,987.01,493,495,0.00,0.00,0,0
1544345747,1003-eth3,0.00,0.00,0.00,0,0,0.00,0.00,0.00,0,0,0.00,0.00,0,0
1544345747,2002-eth4,3916.08,3916.08,7832.17,3920,3920,39.96,39.96,79.92,40,40,0.00,0.00,0,0
1544345747,1001-eth4,1222809.25,27824.18,1250633.38,27852,1224032,423.58,421.58,845.15,422,424,0.00,0.00,0,0
1544345747,3001-eth2,176367.64,11164.84,187532.47,11176,176544,135.86,131.87,267.73,132,136,0.00,0.00,0,0
1544345747,1004-eth1,11164.84,176367.64,187532.47,176544,11176,131.87,135.86,267.73,136,132,0.00,0.00,0,0
1544345747,3005-eth4,1235812.25,1222659.38,2458471.50,1223882,1237048,1058.94,812.19,1871.13,813,1060,0.00,0.00,0,0
1544345747,1003-eth2,0.00,0.00,0.00,0,0,0.00,0.00,0.00,0,0,0.00,0.00,0,0
1544345747,3008-eth1,28669.33,1228076.00,1256745.25,1229304,28698,394.61,459.54,854.15,460,395,0.00,0.00,0,0
1544345747,1002-eth3,0.00,0.00,0.00,0,0,0.00,0.00,0.00,0,0,0.00,0.00,0,0
1544345747,2006-eth1,0.00,0.00,0.00,0,0,0.00,0.00,0.00,0,0,0.00,0.00,0,0
1544345747,3003-eth1,15474.53,622173.81,637648.38,622796,15490,224.78,233.77,458.54,234,225,0.00,0.00,0,0
1544345747,2001-eth3,0.00,0.00,0.00,0,0,0.00,0.00,0.00,0,0,0.00,0.00,0,0
1544345747,2008-eth2,26505.50,1224231.75,1250737.25,1225456,26532,401.60,423.58,825.17,424,402,0.00,0.00,0,0
1544345747,2008-eth3,1064759.25,541572.44,1606331.75,542114,1065824,535.46,556.44,1091.91,557,536,0.00,0.00,0,0
1544345747,1001-eth3,25648.35,1196046.00,1221694.38,1197242,25674,388.61,412.59,801.20,413,389,0.00,0.00,0,0
1544345747,2007-eth4,1228076.00,28669.33,1256745.25,28698,1229304,459.54,394.61,854.15,395,460,0.00,0.00,0,0
1544345747,2004-eth2,1225256.75,34613.39,1259870.12,34648,1226482,512.49,483.52,996.00,484,513,0.00,0.00,0,0
1544345747,3002-eth1,1223934.12,1225346.62,2449280.75,1226572,1225158,838.16,837.16,1675.32,838,839,0.00,0.00,0,0
1544345747,3004-eth1,715548.50,17816.18,733364.62,17834,716264,267.73,260.74,528.47,261,268,0.00,0.00,0,0
1544345747,2006-eth3,1223864.12,28657.34,1252521.50,28686,1225088,439.56,430.57,870.13,431,440,0.00,0.00,0,0
1544345747,3004-eth2,5776.22,5678.32,11454.55,5684,5782,58.94,57.94,116.88,58,59,0.00,0.00,0,0
1544345747,3001-eth3,1211744.25,185676.33,1397420.62,185862,1212956,321.68,314.69,636.36,315,322,0.00,0.00,0,0
1544345747,2003-eth4,17816.18,715548.50,733364.62,716264,17834,260.74,267.73,528.47,268,261,0.00,0.00,0,0
1544345747,2008-eth4,691938.06,17398.60,709336.69,17416,692630,270.73,227.77,498.50,228,271,0.00,0.00,0,0
1544345747,3008-eth3,1221514.50,403852.16,1625366.62,404256,1222736,535.46,563.44,1098.90,564,536,0.00,0.00,0,0
1544345747,2005-eth2,0.00,0.00,0.00,0,0,0.00,0.00,0.00,0,0,0.00,0.00,0,0
1544345747,2006-eth4,32000.00,1203780.25,1235780.25,1204984,32032,447.55,491.51,939.06,492,448,0.00,0.00,0,0
1544345747,3006-eth2,1203780.25,32000.00,1235780.25,32032,1204984,491.51,447.55,939.06,448,492,0.00,0.00,0,0
1544345747,1003-eth4,0.00,0.00,0.00,0,0,0.00,0.00,0.00,0,0,0.00,0.00,0,0
1544345747,2006-eth2,11930.07,130177.83,142107.89,130308,11942,138.86,137.86,276.72,138,139,0.00,0.00,0,0
1544345747,3001-eth1,0.00,0.00,0.00,0,0,0.00,0.00,0.00,0,0,0.00,0.00,0,0
1544345747,3008-eth2,17398.60,691938.06,709336.69,692630,17416,227.77,270.73,498.50,271,228,0.00,0.00,0,0
1544345747,2004-eth3,32557.44,1223102.88,1255660.38,1224326,32590,462.54,490.51,953.05,491,463,0.00,0.00,0,0
1544345747,3001-eth4,24483.52,1215820.25,1240303.75,1217036,24508,333.67,345.65,679.32,346,334,0.00,0.00,0,0
1544345747,1003-eth1,0.00,0.00,0.00,0,0,0.00,0.00,0.00,0,0,0.00,0.00,0,0
1544345747,3002-eth2,3916.08,3916.08,7832.17,3920,3920,39.96,39.96,79.92,40,40,0.00,0.00,0,0
1544345747,2005-eth4,0.00,0.00,0.00,0,0,0.00,0.00,0.00,0,0,0.00,0.00,0,0
1544345747,3003-eth2,1223102.88,32557.44,1255660.38,32590,1224326,490.51,462.54,953.05,463,491,0.00,0.00,0,0
1544345747,2007-eth1,27824.18,1222809.25,1250633.38,1224032,27852,421.58,423.58,845.15,424,422,0.00,0.00,0,0
1544345747,1002-eth4,0.00,0.00,0.00,0,0,0.00,0.00,0.00,0,0,0.00,0.00,0,0
1544345747,3002-eth4,19700.30,589482.56,609182.81,590072,19720,259.74,279.72,539.46,280,260,0.00,0.00,0,0
1544345747,2007-eth3,557440.56,442119.91,999560.44,442562,557998,340.66,364.64,705.29,365,341,0.00,0.00,0,0
1544345747,3005-eth1,1196046.00,25648.35,1221694.38,25674,1197242,412.59,388.61,801.20,389,413,0.00,0.00,0,0
1544345747,2001-eth4,1225346.62,1223934.12,2449280.75,1225158,1226572,837.16,838.16,1675.32,839,838,0.00,0.00,0,0
1544345747,3003-eth4,30319.68,1223047.00,1253366.62,1224270,30350,422.58,498.50,921.08,499,423,0.00,0.00,0,0
1544345747,2004-eth1,0.00,0.00,0.00,0,0,0.00,0.00,0.00,0,0,0.00,0.00,0,0
1544345747,3006-eth4,33648.35,1223047.00,1256695.38,1224270,33682,472.53,498.50,971.03,499,473,0.00,0.00,0,0
1544345747,3007-eth1,442119.91,557440.56,999560.44,557998,442562,364.64,340.66,705.29,341,365,0.00,0.00,0,0
1544345747,2008-eth1,0.00,0.00,0.00,0,0,0.00,0.00,0.00,0,0,0.00,0.00,0,0
1544345747,2002-eth2,176367.64,11164.84,187532.47,11176,176544,135.86,131.87,267.73,132,136,0.00,0.00,0,0
1544345747,2003-eth1,731023.00,639990.00,1371013.00,640630,731754,492.51,494.51,987.01,495,493,0.00,0.00,0,0
1544345747,3008-eth4,1225504.50,374093.91,1599598.50,374468,1226730,552.45,517.48,1069.93,518,553,0.00,0.00,0,0
1544345747,1004-eth4,1224231.75,26505.50,1250737.25,26532,1225456,423.58,401.60,825.17,402,424,0.00,0.00,0,0
1544345747,3006-eth1,0.00,0.00,0.00,0,0,0.00,0.00,0.00,0,0,0.00,0.00,0,0
1544345747,1004-eth3,130177.83,11930.07,142107.89,11942,130308,137.86,138.86,276.72,139,138,0.00,0.00,0,0
1544345747,1002-eth2,0.00,0.00,0.00,0,0,0.00,0.00,0.00,0,0,0.00,0.00,0,0
1544345747,3004-eth3,33846.16,1224395.62,1258241.75,1225620,33880,475.52,497.50,973.03,498,476,0.00,0.00,0,0
1544345747,2003-eth3,622173.81,15474.53,637648.38,15490,622796,233.77,224.78,458.54,225,234,0.00,0.00,0,0
1544345747,2005-eth1,1196046.00,25648.35,1221694.38,25674,1197242,412.59,388.61,801.20,389,413,0.00,0.00,0,0
1544345747,3002-eth3,1206603.38,686173.88,1892777.25,686860,1207810,616.38,621.38,1237.76,622,617,0.00,0.00,0,0
1544345747,3006-eth3,1223466.62,1222090.00,2445556.50,1223312,1224690,784.22,807.19,1591.41,808,785,0.00,0.00,0,0
1544345747,2001-eth1,1224000.00,1222321.75,2446321.75,1223544,1225224,839.16,835.16,1674.33,836,840,0.00,0.00,0,0
1544345747,3005-eth2,28657.34,1223864.12,1252521.50,1225088,28686,430.57,439.56,870.13,440,431,0.00,0.00,0,0
1544345747,2001-eth2,0.00,0.00,0.00,0,0,0.00,0.00,0.00,0,0,0.00,0.00,0,0
1544345747,3007-eth2,541572.44,1064759.25,1606331.75,1065824,542114,556.44,535.46,1091.91,536,557,0.00,0.00,0,0
1544345747,1001-eth1,1222321.75,1224000.00,2446321.75,1225224,1223544,835.16,839.16,1674.33,840,836,0.00,0.00,0,0
1544345747,3007-eth4,557440.56,442119.91,999560.44,442562,557998,340.66,364.64,705.29,365,341,0.00,0.00,0,0
1544345747,2003-eth2,0.00,0.00,0.00,0,0,0.00,0.00,0.00,0,0,0.00,0.00,0,0
1544345747,3007-eth3,1064759.25,541572.44,1606331.75,542114,1065824,535.46,556.44,1091.91,557,536,0.00,0.00,0,0
1544345747,1002-eth1,0.00,0.00,0.00,0,0,0.00,0.00,0.00,0,0,0.00,0.00,0,0
1544345747,2002-eth3,11164.84,176367.64,187532.47,176544,11176,131.87,135.86,267.73,136,132,0.00,0.00,0,0
1544345747,2007-eth2,0.00,0.00,0.00,0,0,0.00,0.00,0.00,0,0,0.00,0.00,0,0
1544345747,total,34780640.00,35206372.00,69987008.00,35241574,34815420,24883.12,24842.16,49725.28,24867,24908,0.00,0.00,0,0
1544345748,3003-eth3,638835.19,130435.57,769270.75,130566,639474,276.72,266.73,543.46,267,277,0.00,0.00,0,0
1544345748,2002-eth1,0.00,0.00,0.00,0,0,0.00,0.00,0.00,0,0,0.00,0.00,0,0
1544345748,lo,1198.80,1198.80,2397.60,1200,1200,19.98,19.98,39.96,20,20,0.00,0.00,0,0
1544345748,3005-eth3,1150080.00,1154028.00,2304108.00,1155182,1151230,746.25,762.24,1508.49,763,747,0.00,0.00,0,0
1544345748,2005-eth3,25054.95,1196046.00,1221100.88,1197242,25080,379.62,412.59,792.21,413,380,0.00,0.00,0,0
1544345748,3004-eth4,1223508.50,729574.44,1953083.00,730304,1224732,653.35,643.36,1296.70,644,654,0.00,0.00,0,0
1544345748,1004-eth2,34405.59,1220915.12,1255320.75,1222136,34440,483.52,511.49,995.01,512,484,0.00,0.00,0,0
1544345748,2004-eth4,5678.32,5776.22,11454.55,5782,5684,57.94,58.94,116.88,59,58,0.00,0.00,0,0
1544345748,1001-eth2,654355.69,720767.25,1375122.88,721488,655010,492.51,491.51,984.02,492,493,0.00,0.00,0,0
1544345748,1003-eth3,0.00,69.93,69.93,70,0,0.00,1.00,1.00,1,0,0.00,0.00,0,0
1544345748,2002-eth4,3916.08,3916.08,7832.17,3920,3920,39.96,39.96,79.92,40,40,0.00,0.00,0,0
1544345748,1001-eth4,1222743.25,27230.77,1249974.00,27258,1223966,422.58,412.59,835.16,413,423,0.00,0.00,0,0
1544345748,3001-eth2,169100.91,10999.00,180099.91,11010,169270,134.87,128.87,263.74,129,135,0.00,0.00,0,0
1544345748,1004-eth1,10999.00,169100.91,180099.91,169270,11010,128.87,134.87,263.74,135,129,0.00,0.00,0,0
1544345748,3005-eth4,1224191.88,1223474.50,2447666.50,1224698,1225416,795.20,828.17,1623.38,829,796,0.00,0.00,0,0
1544345748,1003-eth2,0.00,0.00,0.00,0,0,0.00,0.00,0.00,0,0,0.00,0.00,0,0
1544345748,3008-eth1,30359.64,1033636.38,1063996.00,1034670,30390,392.61,406.59,799.20,407,393,0.00,0.00,0,0
1544345748,1002-eth3,0.00,0.00,0.00,0,0,0.00,0.00,0.00,0,0,0.00,0.00,0,0
1544345748,2006-eth1,69.93,0.00,69.93,0,70,1.00,0.00,1.00,0,1,0.00,0.00,0,0
1544345748,3003-eth1,15608.39,636969.06,652577.44,637606,15624,227.77,238.76,466.53,239,228,0.00,0.00,0,0
1544345748,2001-eth3,0.00,0.00,0.00,0,0,0.00,0.00,0.00,0,0,0.00,0.00,0,0
1544345748,2008-eth2,26307.69,1221230.75,1247538.50,1222452,26334,398.60,421.58,820.18,422,399,0.00,0.00,0,0
1544345748,2008-eth3,1068407.62,348843.16,1417250.75,349192,1069476,517.48,507.49,1024.98,508,518,0.00,0.00,0,0
1544345748,1001-eth3,25054.95,1196046.00,1221100.88,1197242,25080,379.62,412.59,792.21,413,380,0.00,0.00,0,0
1544345748,2007-eth4,1033636.38,30359.64,1063996.00,30390,1034670,406.59,392.61,799.20,393,407,0.00,0.00,0,0
1544345748,2004-eth2,1220915.12,34405.59,1255320.75,34440,1222136,511.49,483.52,995.01,484,512,0.00,0.00,0,0
1544345748,3002-eth1,1222058.00,1222455.62,2444513.50,1223678,1223280,831.17,838.16,1669.33,839,832,0.00,0.00,0,0
1544345748,3004-eth1,705158.88,17386.61,722545.50,17404,705864,263.74,253.75,517.48,254,264,0.00,0.00,0,0
1544345748,2006-eth3,1220905.12,28417.58,1249322.75,28446,1222126,438.56,430.57,869.13,431,439,0.00,0.00,0,0
1544345748,3004-eth2,5776.22,5678.32,11454.55,5684,5782,58.94,57.94,116.88,58,59,0.00,0.00,0,0
1544345748,3001-eth3,1214633.38,176597.41,1391230.75,176774,1215848,299.70,286.71,586.41,287,300,0.00,0.00,0,0
1544345748,2003-eth4,17386.61,705158.88,722545.50,705864,17404,253.75,263.74,517.48,264,254,0.00,0.00,0,0
1544345748,2008-eth4,493182.84,17824.18,511007.00,17842,493676,217.78,204.80,422.58,205,218,0.00,0.00,0,0
1544345748,3008-eth3,1223150.88,363714.28,1586865.12,364078,1224374,494.51,532.47,1026.97,533,495,0.00,0.00,0,0
1544345748,2005-eth2,0.00,0.00,0.00,0,0,0.00,0.00,0.00,0,0,0.00,0.00,0,0
1544345748,2006-eth4,32229.77,1202267.75,1234497.50,1203470,32262,450.55,490.51,941.06,491,451,0.00,0.00,0,0
1544345748,3006-eth2,1202267.75,32229.77,1234497.50,32262,1203470,490.51,450.55,941.06,451,491,0.00,0.00,0,0
1544345748,1003-eth4,0.00,0.00,0.00,0,0,0.00,0.00,0.00,0,0,0.00,0.00,0,0
1544345748,2006-eth2,11558.44,82799.20,94357.65,82882,11570,136.86,120.88,257.74,121,137,0.00,0.00,0,0
1544345748,3001-eth1,0.00,0.00,0.00,0,0,0.00,0.00,0.00,0,0,0.00,0.00,0,0
1544345748,3008-eth2,17824.18,493182.84,511007.00,493676,17842,204.80,217.78,422.58,218,205,0.00,0.00,0,0
1544345748,2004-eth3,32349.65,1223428.62,1255778.25,1224652,32382,462.54,493.51,956.04,494,463,0.00,0.00,0,0
1544345748,3001-eth4,22867.13,1214467.62,1237334.75,1215682,22890,308.69,324.68,633.37,325,309,0.00,0.00,0,0
1544345748,1003-eth1,0.00,0.00,0.00,0,0,0.00,0.00,0.00,0,0,0.00,0.00,0,0
1544345748,3002-eth2,3916.08,3916.08,7832.17,3920,3920,39.96,39.96,79.92,40,40,0.00,0.00,0,0
1544345748,2005-eth4,0.00,0.00,0.00,0,0,0.00,0.00,0.00,0,0,0.00,0.00,0,0
1544345748,3003-eth2,1223428.62,32349.65,1255778.25,32382,1224652,493.51,462.54,956.04,463,494,0.00,0.00,0,0
1544345748,2007-eth1,27230.77,1222743.25,1249974.00,1223966,27258,412.59,422.58,835.16,423,413,0.00,0.00,0,0
1544345748,1002-eth4,0.00,0.00,0.00,0,0,0.00,0.00,0.00,0,0,0.00,0.00,0,0
1544345748,3002-eth4,19504.50,604375.62,623880.12,604980,19524,257.74,285.71,543.46,286,258,0.00,0.00,0,0
1544345748,2007-eth3,556699.31,350983.03,907682.31,351334,557256,345.65,342.66,688.31,343,346,0.00,0.00,0,0
1544345748,3005-eth1,1196046.00,25054.95,1221100.88,25080,1197242,412.59,379.62,792.21,380,413,0.00,0.00,0,0
1544345748,2001-eth4,1222455.62,1222058.00,2444513.50,1223280,1223678,838.16,831.17,1669.33,832,839,0.00,0.00,0,0
1544345748,3003-eth4,30483.52,1221338.75,1251822.25,1222560,30514,424.58,495.50,920.08,496,425,0.00,0.00,0,0
1544345748,2004-eth1,0.00,0.00,0.00,0,0,0.00,0.00,0.00,0,0,0.00,0.00,0,0
1544345748,3006-eth4,33812.19,1224493.50,1258305.75,1225718,33846,474.53,498.50,973.03,499,475,0.00,0.00,0,0
1544345748,3007-eth1,350983.03,556699.31,907682.31,557256,351334,342.66,345.65,688.31,346,343,0.00,0.00,0,0
1544345748,2008-eth1,0.00,0.00,0.00,0,0,0.00,0.00,0.00,0,0,0.00,0.00,0,0
1544345748,2002-eth2,169100.91,10999.00,180099.91,11010,169270,134.87,128.87,263.74,129,135,0.00,0.00,0,0
1544345748,2003-eth1,720767.25,654355.69,1375122.88,655010,721488,491.51,492.51,984.02,493,492,0.00,0.00,0,0
1544345748,3008-eth4,1223920.12,232195.81,1456115.88,232428,1225144,519.48,493.51,1012.99,494,520,0.00,0.00,0,0
1544345748,1004-eth4,1221230.75,26307.69,1247538.50,26334,1222452,421.58,398.60,820.18,399,422,0.00,0.00,0,0
1544345748,3006-eth1,0.00,0.00,0.00,0,0,0.00,0.00,0.00,0,0,0.00,0.00,0,0
1544345748,1004-eth3,82799.20,11558.44,94357.65,11570,82882,120.88,136.86,257.74,137,121,0.00,0.00,0,0
1544345748,1002-eth2,0.00,0.00,0.00,0,0,0.00,0.00,0.00,0,0,0.00,0.00,0,0
1544345748,3004-eth3,34009.99,1223047.00,1257057.00,1224270,34044,477.52,498.50,976.02,499,478,0.00,0.00,0,0
1544345748,2003-eth3,636969.06,15608.39,652577.44,15624,637606,238.76,227.77,466.53,228,239,0.00,0.00,0,0
1544345748,2005-eth1,1196046.00,25054.95,1221100.88,25080,1197242,412.59,379.62,792.21,380,413,0.00,0.00,0,0
1544345748,3002-eth3,1209826.25,712871.12,1922697.38,713584,1211036,621.38,631.37,1252.75,632,622,0.00,0.00,0,0
1544345748,3006-eth3,1223005.00,1220775.25,2443780.25,1221996,1224228,777.22,809.19,1586.41,810,778,0.00,0.00,0,0
1544345748,2001-eth1,1222058.00,1222455.62,2444513.50,1223678,1223280,831.17,838.16,1669.33,839,832,0.00,0.00,0,0
1544345748,3005-eth2,28417.58,1220905.12,1249322.75,1222126,28446,430.57,438.56,869.13,439,431,0.00,0.00,0,0
1544345748,2001-eth2,0.00,0.00,0.00,0,0,0.00,0.00,0.00,0,0,0.00,0.00,0,0
1544345748,3007-eth2,348843.16,1068407.62,1417250.75,1069476,349192,507.49,517.48,1024.98,518,508,0.00,0.00,0,0
1544345748,1001-eth1,1222455.62,1222058.00,2444513.50,1223280,1223678,838.16,831.17,1669.33,832,839,0.00,0.00,0,0
1544345748,3007-eth4,556699.31,350983.03,907682.31,351334,557256,345.65,342.66,688.31,343,346,0.00,0.00,0,0
1544345748,2003-eth2,0.00,0.00,0.00,0,0,0.00,0.00,0.00,0,0,0.00,0.00,0,0
1544345748,3007-eth3,1068407.62,348843.16,1417250.75,349192,1069476,517.48,507.49,1024.98,508,518,0.00,0.00,0,0
1544345748,1002-eth1,0.00,0.00,0.00,0,0,0.00,0.00,0.00,0,0,0.00,0.00,0,0
1544345748,2002-eth3,10999.00,169100.91,180099.91,169270,11010,128.87,134.87,263.74,135,129,0.00,0.00,0,0
1544345748,2007-eth2,0.00,0.00,0.00,0,0,0.00,0.00,0.00,0,0,0.00,0.00,0,0
1544345748,total,34045892.00,34080168.00,68126056.00,34114250,34079936,24235.76,24452.55,48688.31,24477,24260,0.00,0.00,0,0
1544345749,3003-eth3,642317.69,96307.70,738625.38,96404,642960,263.74,253.75,517.48,254,264,0.00,0.00,0,0
1544345749,2002-eth1,0.00,0.00,0.00,0,0,0.00,0.00,0.00,0,0,0.00,0.00,0,0
1544345749,lo,0.00,0.00,0.00,0,0,0.00,0.00,0.00,0,0,0.00,0.00,0,0
1544345749,3005-eth3,1177568.50,1190129.88,2367698.25,1191320,1178746,768.23,783.22,1551.45,784,769,0.00,0.00,0,0
1544345749,2005-eth3,24000.00,1193087.00,1217087.00,1194280,24024,363.64,411.59,775.22,412,364,0.00,0.00,0,0
1544345749,3004-eth4,1220285.75,741212.81,1961498.50,741954,1221506,648.35,644.36,1292.71,645,649,0.00,0.00,0,0
1544345749,1004-eth2,34173.83,1220979.00,1255152.88,1222200,34208,479.52,511.49,991.01,512,480,0.00,0.00,0,0
1544345749,2004-eth4,5678.32,5678.32,11356.64,5684,5684,57.94,57.94,115.88,58,58,0.00,0.00,0,0
1544345749,1001-eth2,658831.19,732701.31,1391532.50,733434,659490,496.50,496.50,993.01,497,497,0.00,0.00,0,0
1544345749,1003-eth3,0.00,0.00,0.00,0,0,0.00,0.00,0.00,0,0,0.00,0.00,0,0
1544345749,2002-eth4,3916.08,3916.08,7832.17,3920,3920,39.96,39.96,79.92,40,40,0.00,0.00,0,0
1544345749,1001-eth4,1224189.88,27494.51,1251684.38,27522,1225414,422.58,416.58,839.16,417,423,0.00,0.00,0,0
1544345749,3001-eth2,189912.09,11624.38,201536.47,11636,190102,142.86,137.86,280.72,138,143,0.00,0.00,0,0
1544345749,1004-eth1,11624.38,189912.09,201536.47,190102,11636,137.86,142.86,280.72,143,138,0.00,0.00,0,0
1544345749,3005-eth4,1222024.00,1220383.62,2442407.75,1221604,1223246,806.19,825.17,1631.37,826,807,0.00,0.00,0,0
1544345749,1003-eth2,0.00,0.00,0.00,0,0,0.00,0.00,0.00,0,0,0.00,0.00,0,0
1544345749,3008-eth1,34699.30,1168107.88,1202807.25,1169276,34734,440.56,449.55,890.11,450,441,0.00,0.00,0,0
1544345749,1002-eth3,0.00,0.00,0.00,0,0,0.00,0.00,0.00,0,0,0.00,0.00,0,0
1544345749,2006-eth1,0.00,0.00,0.00,0,0,0.00,0.00,0.00,0,0,0.00,0.00,0,0
1544345749,3003-eth1,15870.13,641244.75,657114.88,641886,15886,230.77,238.76,469.53,239,231,0.00,0.00,0,0
1544345749,2001-eth3,0.00,0.00,0.00,0,0,0.00,0.00,0.00,0,0,0.00,0.00,0,0
1544345749,2008-eth2,27494.51,1222677.38,1250171.88,1223900,27522,416.58,421.58,838.16,422,417,0.00,0.00,0,0
1544345749,2008-eth3,1101472.50,550321.69,1651794.25,550872,1102574,564.44,579.42,1143.86,580,565,0.00,0.00,0,0
1544345749,1001-eth3,24000.00,1193087.00,1217087.00,1194280,24024,363.64,411.59,775.22,412,364,0.00,0.00,0,0
1544345749,2007-eth4,1168107.88,34699.30,1202807.25,34734,1169276,449.55,440.56,890.11,441,450,0.00,0.00,0,0
1544345749,2004-eth2,1220979.00,34173.83,1255152.88,34208,1222200,511.49,479.52,991.01,480,512,0.00,0.00,0,0
1544345749,3002-eth1,1223768.25,1222257.75,2446026.00,1223480,1224992,815.18,835.16,1650.35,836,816,0.00,0.00,0,0
1544345749,3004-eth1,716831.19,17586.41,734417.62,17604,717548,265.73,257.74,523.48,258,266,0.00,0.00,0,0
1544345749,2006-eth3,1225047.00,28021.98,1253069.00,28050,1226272,435.56,424.58,860.14,425,436,0.00,0.00,0,0
1544345749,3004-eth2,5678.32,5678.32,11356.64,5684,5684,57.94,57.94,115.88,58,58,0.00,0.00,0,0
1544345749,3001-eth3,1207396.62,195332.67,1402729.25,195528,1208604,277.72,263.74,541.46,264,278,0.00,0.00,0,0
1544345749,2003-eth4,17586.41,716831.19,734417.62,717548,17604,257.74,265.73,523.48,266,258,0.00,0.00,0,0
1544345749,2008-eth4,662899.12,21826.17,684725.31,21848,663562,268.73,249.75,518.48,250,269,0.00,0.00,0,0
1544345749,3008-eth3,1225404.62,474671.34,1700076.00,475146,1226630,594.41,646.35,1240.76,647,595,0.00,0.00,0,0
1544345749,2005-eth2,0.00,0.00,0.00,0,0,0.00,0.00,0.00,0,0,0.00,0.00,0,0
1544345749,2006-eth4,32823.18,1206739.25,1239562.50,1207946,32856,459.54,492.51,952.05,493,460,0.00,0.00,0,0
1544345749,3006-eth2,1206739.25,32823.18,1239562.50,32856,1207946,492.51,459.54,952.05,460,493,0.00,0.00,0,0
1544345749,1003-eth4,0.00,0.00,0.00,0,0,0.00,0.00,0.00,0,0,0.00,0.00,0,0
1544345749,2006-eth2,10569.43,103380.62,113950.05,103484,10580,121.88,125.87,247.75,126,122,0.00,0.00,0,0
1544345749,3001-eth1,0.00,0.00,0.00,0,0,0.00,0.00,0.00,0,0,0.00,0.00,0,0
1544345749,3008-eth2,21804.39,662237.56,684041.94,663562,21848,249.50,268.46,517.96,269,250,0.00,0.00,0,0
1544345749,2004-eth3,31988.03,1221814.38,1253802.38,1224258,32052,457.09,488.02,945.11,489,458,0.00,0.00,0,0
1544345749,3001-eth4,20966.07,1205794.50,1226760.50,1208206,21008,279.44,298.40,577.84,299,280,0.00,0.00,0,0
1544345749,1003-eth1,0.00,0.00,0.00,0,0,0.00,0.00,0.00,0,0,0.00,0.00,0,0
1544345749,3002-eth2,3912.18,3912.18,7824.35,3920,3920,39.92,39.92,79.84,40,40,0.00,0.00,0,0
1544345749,2005-eth4,0.00,0.00,0.00,0,0,0.00,0.00,0.00,0,0,0.00,0.00,0,0
1544345749,3003-eth2,1221814.38,31988.03,1253802.38,32052,1224258,488.02,457.09,945.11,458,489,0.00,0.00,0,0
1544345749,2007-eth1,27467.07,1222968.12,1250435.12,1225414,27522,416.17,422.16,838.32,423,417,0.00,0.00,0,0
1544345749,1002-eth4,0.00,0.00,0.00,0,0,0.00,0.00,0.00,0,0,0.00,0.00,0,0
1544345749,3002-eth4,19221.56,609586.81,628808.38,610806,19260,253.49,286.43,539.92,287,254,0.00,0.00,0,0
1544345749,2007-eth3,554171.69,519129.75,1073301.38,520168,555280,385.23,399.20,784.43,400,386,0.00,0.00,0,0
1544345749,3005-eth1,1191896.25,23976.05,1215872.25,24024,1194280,411.18,363.27,774.45,364,412,0.00,0.00,0,0
1544345749,2001-eth4,1221038.00,1222547.00,2443585.00,1224992,1223480,834.33,814.37,1648.70,816,836,0.00,0.00,0,0
1544345749,3003-eth4,30916.17,1223271.50,1254187.62,1225718,30978,432.14,498.00,930.14,499,433,0.00,0.00,0,0
1544345749,2004-eth1,0.00,0.00,0.00,0,0,0.00,0.00,0.00,0,0,0.00,0.00,0,0
1544345749,3006-eth4,33712.57,1220315.38,1254028.00,1222756,33780,473.05,497.01,970.06,498,474,0.00,0.00,0,0
1544345749,3007-eth1,519129.75,554171.69,1073301.38,555280,520168,399.20,385.23,784.43,386,400,0.00,0.00,0,0
1544345749,2008-eth1,0.00,0.00,0.00,0,0,0.00,0.00,0.00,0,0,0.00,0.00,0,0
1544345749,2002-eth2,189722.56,11612.77,201335.33,11636,190102,142.71,137.72,280.44,138,143,0.00,0.00,0,0
1544345749,2003-eth1,731970.06,658173.69,1390143.75,659490,733434,496.01,496.01,992.02,497,497,0.00,0.00,0,0
1544345749,3008-eth4,1220261.50,262776.47,1483038.00,263302,1222702,529.94,521.96,1051.90,523,531,0.00,0.00,0,0
1544345749,1004-eth4,1221457.12,27467.07,1248924.12,27522,1223900,421.16,416.17,837.33,417,422,0.00,0.00,0,0
1544345749,3006-eth1,0.00,0.00,0.00,0,0,0.00,0.00,0.00,0,0,0.00,0.00,0,0
1544345749,1004-eth3,103277.45,10558.88,113836.33,10580,103484,125.75,121.76,247.50,122,126,0.00,0.00,0,0
1544345749,1002-eth2,0.00,0.00,0.00,0,0,0.00,0.00,0.00,0,0,0.00,0.00,0,0
1544345749,3004-eth3,33648.70,1220119.75,1253768.50,1222560,33716,473.05,495.01,968.06,496,474,0.00,0.00,0,0
1544345749,2003-eth3,640604.81,15854.29,656459.12,15886,641886,238.52,230.54,469.06,231,239,0.00,0.00,0,0
1544345749,2005-eth1,1191896.25,23976.05,1215872.25,24024,1194280,411.18,363.27,774.45,364,412,0.00,0.00,0,0
1544345749,3002-eth3,1205728.62,734297.44,1940026.00,735766,1208140,620.76,637.72,1258.48,639,622,0.00,0.00,0,0
1544345749,3006-eth3,1219091.88,1223826.38,2442918.25,1226274,1221530,779.44,807.39,1586.83,809,781,0.00,0.00,0,0
1544345749,2001-eth1,1219393.25,1224125.75,2443519.00,1226574,1221832,810.38,837.33,1647.70,839,812,0.00,0.00,0,0
1544345749,3005-eth2,27994.01,1223824.38,1251818.38,1226272,28050,424.15,435.13,859.28,436,425,0.00,0.00,0,0
1544345749,2001-eth2,0.00,0.00,0.00,0,0,0.00,0.00,0.00,0,0,0.00,0.00,0,0
1544345749,3007-eth2,549772.50,1100373.25,1650145.75,1102574,550872,578.84,563.87,1142.71,565,580,0.00,0.00,0,0
1544345749,1001-eth1,1224125.75,1219393.25,2443519.00,1221832,1226574,837.33,810.38,1647.70,812,839,0.00,0.00,0,0
1544345749,3007-eth4,554171.69,519129.75,1073301.38,520168,555280,385.23,399.20,784.43,400,386,0.00,0.00,0,0
1544345749,2003-eth2,0.00,0.00,0.00,0,0,0.00,0.00,0.00,0,0,0.00,0.00,0,0
1544345749,3007-eth3,1100373.25,549772.50,1650145.75,550872,1102574,563.87,578.84,1142.71,580,565,0.00,0.00,0,0
1544345749,1002-eth1,0.00,0.00,0.00,0,0,0.00,0.00,0.00,0,0,0.00,0.00,0,0
1544345749,2002-eth3,11612.77,189722.56,201335.33,190102,11636,137.72,142.71,280.44,143,138,0.00,0.00,0,0
1544345749,2007-eth2,0.00,0.00,0.00,0,0,0.00,0.00,0.00,0,0,0.00,0.00,0,0
1544345749,total,34867520.00,35424132.00,70291656.00,35494980,34937256,24734.53,25021.96,49756.49,25072,24784,0.00,0.00,0,0
1544345750,3003-eth3,647457.12,104948.11,752405.19,105158,648752,263.47,254.49,517.96,255,264,0.00,0.00,0,0
1544345750,2002-eth1,0.00,0.00,0.00,0,0,0.00,0.00,0.00,0,0,0.00,0.00,0,0
1544345750,lo,1197.60,1197.60,2395.21,1200,1200,19.96,19.96,39.92,20,20,0.00,0.00,0,0
1544345750,3005-eth3,1140656.75,1162992.00,2303648.75,1165318,1142938,751.50,761.48,1512.97,763,753,0.00,0.00,0,0
1544345750,2005-eth3,23712.58,1190385.25,1214097.88,1192766,23760,359.28,410.18,769.46,411,360,0.00,0.00,0,0
1544345750,3004-eth4,1217421.25,654614.81,1872036.00,655924,1219856,622.75,612.77,1235.53,614,624,0.00,0.00,0,0
1544345750,1004-eth2,33219.56,1216379.25,1249598.88,1218812,33286,466.07,504.99,971.06,506,467,0.00,0.00,0,0
1544345750,2004-eth4,5742.52,5770.46,11512.97,5782,5754,58.88,58.88,117.76,59,59,0.00,0.00,0,0
1544345750,1001-eth2,661550.94,646113.81,1307664.75,647406,662874,460.08,466.07,926.15,467,461,0.00,0.00,0,0
1544345750,1003-eth3,0.00,0.00,0.00,0,0,0.00,0.00,0.00,0,0,0.00,0.00,0,0
1544345750,2002-eth4,3912.18,3912.18,7824.35,3920,3920,39.92,39.92,79.84,40,40,0.00,0.00,0,0
1544345750,1001-eth4,1215545.00,25556.89,1241101.88,25608,1217976,419.16,387.23,806.39,388,420,0.00,0.00,0,0
1544345750,3001-eth2,143674.66,10433.13,154107.78,10454,143962,124.75,120.76,245.51,121,125,0.00,0.00,0,0
1544345750,1004-eth1,10363.27,143674.66,154037.92,143962,10384,119.76,124.75,244.51,125,120,0.00,0.00,0,0
1544345750,3005-eth4,1214163.75,1217259.50,2431423.25,1219694,1216592,770.46,817.37,1587.82,819,772,0.00,0.00,0,0
1544345750,1003-eth2,0.00,0.00,0.00,0,0,0.00,0.00,0.00,0,0,0.00,0.00,0,0
1544345750,3008-eth1,31758.48,1141782.50,1173541.00,1144066,31822,398.20,440.12,838.32,441,399,0.00,0.00,0,0
1544345750,1002-eth3,0.00,0.00,0.00,0,0,0.00,0.00,0.00,0,0,0.00,0.00,0,0
1544345750,2006-eth1,0.00,0.00,0.00,0,0,0.00,0.00,0.00,0,0,0.00,0.00,0,0
1544345750,3003-eth1,15790.42,646419.19,662209.62,647712,15822,230.54,239.52,470.06,240,231,0.00,0.00,0,0
1544345750,2001-eth3,0.00,0.00,0.00,0,0,0.00,0.00,0.00,0,0,0.00,0.00,0,0
1544345750,2008-eth2,25890.22,1215545.00,1241435.12,1217976,25942,392.22,419.16,811.38,420,393,0.00,0.00,0,0
1544345750,2008-eth3,1077896.25,569612.81,1647509.00,570752,1080052,598.80,594.81,1193.61,596,600,0.00,0.00,0,0
1544345750,1001-eth3,23782.44,1190385.25,1214167.75,1192766,23830,360.28,410.18,770.46,411,361,0.00,0.00,0,0
1544345750,2007-eth4,1141782.50,31758.48,1173541.00,31822,1144066,440.12,398.20,838.32,399,441,0.00,0.00,0,0
1544345750,2004-eth2,1216379.25,33219.56,1249598.88,33286,1218812,504.99,466.07,971.06,467,506,0.00,0.00,0,0
1544345750,3002-eth1,1218900.25,1215982.12,2434882.25,1218414,1221338,803.39,845.31,1648.70,847,805,0.00,0.00,0,0
1544345750,3004-eth1,630323.38,15131.74,645455.12,15162,631584,235.53,220.56,456.09,221,236,0.00,0.00,0,0
1544345750,2006-eth3,1215022.00,26940.12,1241962.12,26994,1217452,433.13,408.18,841.32,409,434,0.00,0.00,0,0
1544345750,3004-eth2,5770.46,5742.52,11512.97,5754,5782,58.88,58.88,117.76,59,59,0.00,0.00,0,0
1544345750,3001-eth3,1210523.00,149021.95,1359545.00,149320,1212944,255.49,243.51,499.00,244,256,0.00,0.00,0,0
1544345750,2003-eth4,15131.74,630323.38,645455.12,631584,15162,220.56,235.53,456.09,236,221,0.00,0.00,0,0
1544345750,2008-eth4,709275.44,24878.24,734153.69,24928,710694,302.40,277.45,579.84,278,303,0.00,0.00,0,0
1544345750,3008-eth3,1224852.38,569964.06,1794816.38,571104,1227302,669.66,720.56,1390.22,722,671,0.00,0.00,0,0
1544345750,2005-eth2,0.00,0.00,0.00,0,0,0.00,0.00,0.00,0,0,0.00,0.00,0,0
1544345750,2006-eth4,31966.07,1202578.88,1234545.00,1204984,32030,446.11,491.02,937.13,492,447,0.00,0.00,0,0
1544345750,3006-eth2,1202578.88,31966.07,1234545.00,32030,1204984,491.02,446.11,937.13,447,492,0.00,0.00,0,0
1544345750,1003-eth4,0.00,0.00,0.00,0,0,0.00,0.00,0.00,0,0,0.00,0.00,0,0
1544345750,2006-eth2,10437.56,97428.57,107866.14,97526,10448,119.88,122.88,242.76,123,120,0.00,0.00,0,0
1544345750,3001-eth1,0.00,0.00,0.00,0,0,0.00,0.00,0.00,0,0,0.00,0.00,0,0
1544345750,3008-eth2,24903.10,709984.06,734887.12,710694,24928,277.72,302.70,580.42,303,278,0.00,0.00,0,0
1544345750,2004-eth3,31196.80,1224579.50,1255776.25,1225804,31228,445.55,489.51,935.06,490,446,0.00,0.00,0,0
1544345750,3001-eth4,20527.47,1210549.50,1231077.00,1211760,20548,273.73,287.71,561.44,288,274,0.00,0.00,0,0
1544345750,1003-eth1,0.00,0.00,0.00,0,0,0.00,0.00,0.00,0,0,0.00,0.00,0,0
1544345750,3002-eth2,3916.08,3916.08,7832.17,3920,3920,39.96,39.96,79.92,40,40,0.00,0.00,0,0
1544345750,2005-eth4,0.00,69.93,69.93,70,0,0.00,1.00,1.00,1,0,0.00,0.00,0,0
1544345750,3003-eth2,1224579.50,31196.80,1255776.25,31228,1225804,489.51,445.55,935.06,446,490,0.00,0.00,0,0
1544345750,2007-eth1,25582.42,1216759.25,1242341.75,1217976,25608,387.61,419.58,807.19,420,388,0.00,0.00,0,0
1544345750,1002-eth4,0.00,0.00,0.00,0,0,0.00,0.00,0.00,0,0,0.00,0.00,0,0
1544345750,3002-eth4,19834.17,662109.94,681944.06,662772,19854,262.74,305.69,568.43,306,263,0.00,0.00,0,0
1544345750,2007-eth3,579440.56,468227.78,1047668.38,468696,580020,389.61,387.61,777.22,388,390,0.00,0.00,0,0
1544345750,3005-eth1,1191574.50,23736.26,1215310.75,23760,1192766,410.59,359.64,770.23,360,411,0.00,0.00,0,0
1544345750,2001-eth4,1217196.88,1220117.88,2437314.75,1221338,1218414,846.15,804.20,1650.35,805,847,0.00,0.00,0,0
1544345750,3003-eth4,30157.84,1221338.75,1251496.50,1222560,30188,421.58,495.50,917.08,496,422,0.00,0.00,0,0
1544345750,2004-eth1,0.00,0.00,0.00,0,0,0.00,0.00,0.00,0,0,0.00,0.00,0,0
1544345750,3006-eth4,33778.22,1221534.50,1255312.75,1222756,33812,473.53,497.50,971.03,498,474,0.00,0.00,0,0
1544345750,3007-eth1,468227.78,579440.56,1047668.38,580020,468696,387.61,389.61,777.22,390,388,0.00,0.00,0,0
1544345750,2008-eth1,0.00,0.00,0.00,0,0,0.00,0.00,0.00,0,0,0.00,0.00,0,0
1544345750,2002-eth2,143818.19,10373.63,154191.81,10384,143962,124.88,119.88,244.76,120,125,0.00,0.00,0,0
1544345750,2003-eth1,646759.25,662211.81,1308971.12,662874,647406,466.53,460.54,927.07,461,467,0.00,0.00,0,0
1544345750,3008-eth4,1220325.75,343650.34,1563976.12,343994,1221546,518.48,516.48,1034.97,517,519,0.00,0.00,0,0
1544345750,1004-eth4,1216759.25,25916.08,1242675.38,25942,1217976,419.58,392.61,812.19,393,420,0.00,0.00,0,0
1544345750,3006-eth1,69.93,0.00,69.93,0,70,1.00,0.00,1.00,0,1,0.00,0.00,0,0
1544345750,1004-eth3,97428.57,10437.56,107866.14,10448,97526,122.88,119.88,242.76,120,123,0.00,0.00,0,0
1544345750,1002-eth2,69.86,0.00,69.86,0,70,1.00,0.00,1.00,0,1,0.00,0.00,0,0
1544345750,3004-eth3,33582.84,1220217.62,1253800.38,1222658,33650,472.06,496.01,968.06,497,473,0.00,0.00,0,0
1544345750,2003-eth3,646419.19,15790.42,662209.62,15822,647712,239.52,230.54,470.06,231,240,0.00,0.00,0,0
1544345750,2005-eth1,1190385.25,23782.44,1214167.75,23830,1192766,410.18,360.28,770.46,361,411,0.00,0.00,0,0
1544345750,3002-eth3,1200079.88,766682.62,1966762.50,768216,1202480,622.75,646.71,1269.46,648,624,0.00,0.00,0,0
1544345750,3006-eth3,1219421.25,1220870.25,2440291.50,1223312,1221860,784.43,806.39,1590.82,808,786,0.00,0.00,0,0
1544345750,2001-eth1,1221988.00,1215916.25,2437904.25,1218348,1224432,806.39,844.31,1650.70,846,808,0.00,0.00,0,0
1544345750,3005-eth2,26940.12,1215022.00,1241962.12,1217452,26994,408.18,433.13,841.32,434,409,0.00,0.00,0,0
1544345750,2001-eth2,0.00,0.00,0.00,0,0,0.00,0.00,0.00,0,0,0.00,0.00,0,0
1544345750,3007-eth2,569612.81,1077896.25,1647509.00,1080052,570752,594.81,598.80,1193.61,600,596,0.00,0.00,0,0
1544345750,1001-eth1,1215916.25,1221988.00,2437904.25,1224432,1218348,844.31,806.39,1650.70,808,846,0.00,0.00,0,0
1544345750,3007-eth4,578862.31,467760.50,1046622.81,468696,580020,389.22,387.23,776.45,388,390,0.00,0.00,0,0
1544345750,2003-eth2,0.00,69.86,69.86,70,0,0.00,1.00,1.00,1,0,0.00,0.00,0,0
1544345750,3007-eth3,1077896.25,569682.62,1647578.88,570822,1080052,598.80,595.81,1194.61,597,600,0.00,0.00,0,0
1544345750,1002-eth1,0.00,0.00,0.00,0,0,0.00,0.00,0.00,0,0,0.00,0.00,0,0
1544345750,2002-eth3,10433.13,143674.66,154107.78,143962,10454,120.76,124.75,245.51,125,121,0.00,0.00,0,0
1544345750,2007-eth2,0.00,0.00,0.00,0,0,0.00,0.00,0.00,0,0,0.00,0.00,0,0
1544345750,total,34506172.00,35176500.00,69682672.00,35246852,34575182,24482.04,24776.45,49258.48,24826,24531,0.00,0.00,0,0
1544345751,3003-eth3,643187.62,110794.41,753982.06,111016,644474,264.47,255.49,519.96,256,265,0.00,0.00,0,0
1544345751,2002-eth1,0.00,0.00,0.00,0,0,0.00,0.00,0.00,0,0,0.00,0.00,0,0
1544345751,lo,0.00,0.00,0.00,0,0,0.00,0.00,0.00,0,0,0.00,0.00,0,0
1544345751,3005-eth3,1190910.25,1150644.75,2341555.00,1152946,1193292,768.46,771.46,1539.92,773,770,0.00,0.00,0,0
1544345751,2005-eth3,22461.08,1191896.25,1214357.38,1194280,22506,340.32,411.18,751.50,412,341,0.00,0.00,0,0
1544345751,3004-eth4,1216762.50,628075.88,1844838.38,629332,1219196,612.77,604.79,1217.56,606,614,0.00,0.00,0,0
1544345751,1004-eth2,33878.25,1219301.38,1253179.62,1221740,33946,476.05,504.99,981.04,506,477,0.00,0.00,0,0
1544345751,2004-eth4,5672.65,5770.46,11443.11,5782,5684,57.88,58.88,116.77,59,58,0.00,0.00,0,0
1544345751,1001-eth2,656888.25,619443.12,1276331.38,620682,658202,456.09,456.09,912.18,457,457,0.00,0.00,0,0
1544345751,1003-eth3,0.00,0.00,0.00,0,0,0.00,0.00,0.00,0,0,0.00,0.00,0,0
1544345751,2002-eth4,3912.18,3912.18,7824.35,3920,3920,39.92,39.92,79.84,40,40,0.00,0.00,0,0
1544345751,1001-eth4,1218501.00,26149.70,1244650.75,26202,1220938,420.16,396.21,816.37,397,421,0.00,0.00,0,0
1544345751,3001-eth2,155499.00,10822.36,166321.36,10844,155810,128.74,125.75,254.49,126,129,0.00,0.00,0,0
1544345751,1004-eth1,10822.36,155499.00,166321.36,155810,10844,125.75,128.74,254.49,129,126,0.00,0.00,0,0
1544345751,3005-eth4,1220207.62,1218968.12,2439175.75,1221406,1222648,774.45,821.36,1595.81,823,776,0.00,0.00,0,0
1544345751,1003-eth2,0.00,0.00,0.00,0,0,0.00,0.00,0.00,0,0,0.00,0.00,0,0
1544345751,3008-eth1,38231.54,1200055.88,1238287.50,1202456,38308,467.07,491.02,958.08,492,468,0.00,0.00,0,0
1544345751,1002-eth3,0.00,0.00,0.00,0,0,0.00,0.00,0.00,0,0,0.00,0.00,0,0
1544345751,2006-eth1,0.00,0.00,0.00,0,0,0.00,0.00,0.00,0,0,0.00,0.00,0,0
1544345751,3003-eth1,15822.36,641952.12,657774.50,643236,15854,230.54,237.52,468.06,238,231,0.00,0.00,0,0
1544345751,2001-eth3,0.00,0.00,0.00,0,0,0.00,0.00,0.00,0,0,0.00,0.00,0,0
1544345751,2008-eth2,26544.91,1218501.00,1245046.00,1220938,26598,402.20,420.16,822.36,421,403,0.00,0.00,0,0
1544345751,2008-eth3,1096712.62,504385.25,1601097.88,505394,1098906,585.83,591.82,1177.64,593,587,0.00,0.00,0,0
1544345751,1001-eth3,22461.08,1191896.25,1214357.38,1194280,22506,340.32,411.18,751.50,412,341,0.00,0.00,0,0
1544345751,2007-eth4,1200055.88,38231.54,1238287.50,38308,1202456,491.02,467.07,958.08,468,492,0.00,0.00,0,0
1544345751,2004-eth2,1219301.38,33878.25,1253179.62,33946,1221740,504.99,476.05,981.04,477,506,0.00,0.00,0,0
1544345751,3002-eth1,1223562.88,1219235.50,2442798.50,1221674,1226010,787.43,851.30,1638.72,853,789,0.00,0.00,0,0
1544345751,3004-eth1,603620.75,14936.13,618556.88,14966,604828,225.55,218.56,444.11,219,226,0.00,0.00,0,0
1544345751,2006-eth3,1222181.62,28257.49,1250439.12,28314,1224626,432.14,428.14,860.28,429,433,0.00,0.00,0,0
1544345751,3004-eth2,5770.46,5672.65,11443.11,5684,5782,58.88,57.88,116.77,58,59,0.00,0.00,0,0
1544345751,3001-eth3,1198954.12,158540.92,1357495.00,158858,1201352,211.58,212.57,424.15,213,212,0.00,0.00,0,0
1544345751,2003-eth4,14936.13,603620.75,618556.88,604828,14966,218.56,225.55,444.11,226,219,0.00,0.00,0,0
1544345751,2008-eth4,622894.25,23265.47,646159.69,23312,624140,285.43,261.48,546.91,262,286,0.00,0.00,0,0
1544345751,3008-eth3,1228211.62,479872.28,1708083.88,480832,1230668,720.56,736.53,1457.09,738,722,0.00,0.00,0,0
1544345751,2005-eth2,0.00,0.00,0.00,0,0,0.00,0.00,0.00,0,0,0.00,0.00,0,0
1544345751,2006-eth4,32890.22,1199622.75,1232513.00,1202022,32956,461.08,490.02,951.10,491,462,0.00,0.00,0,0
1544345751,3006-eth2,1199622.75,32890.22,1232513.00,32956,1202022,490.02,461.08,951.10,462,491,0.00,0.00,0,0
1544345751,1003-eth4,0.00,0.00,0.00,0,0,0.00,0.00,0.00,0,0,0.00,0.00,0,0
1544345751,2006-eth2,10624.75,70399.20,81023.95,70540,10646,122.75,109.78,232.53,110,123,0.00,0.00,0,0
1544345751,3001-eth1,0.00,0.00,0.00,0,0,0.00,0.00,0.00,0,0,0.00,0.00,0,0
1544345751,3008-eth2,23242.27,622273.19,645515.44,624140,23312,261.22,285.14,546.36,286,262,0.00,0.00,0,0
1544345751,2004-eth3,31890.33,1220430.75,1252321.00,1224092,31986,455.63,484.55,940.18,486,457,0.00,0.00,0,0
1544345751,3001-eth4,18378.86,1202287.12,1220666.00,1205894,18434,240.28,242.27,482.55,243,241,0.00,0.00,0,0
1544345751,1003-eth1,0.00,0.00,0.00,0,0,0.00,0.00,0.00,0,0,0.00,0.00,0,0
1544345751,3002-eth2,3908.28,3908.28,7816.55,3920,3920,39.88,39.88,79.76,40,40,0.00,0.00,0,0
1544345751,2005-eth4,0.00,0.00,0.00,0,0,0.00,0.00,0.00,0,0,0.00,0.00,0,0
1544345751,3003-eth2,1220430.75,31890.33,1252321.00,31986,1224092,484.55,455.63,940.18,457,486,0.00,0.00,0,0
1544345751,2007-eth1,26123.63,1217286.12,1243409.75,1220938,26202,395.81,419.74,815.55,421,397,0.00,0.00,0,0
1544345751,1002-eth4,0.00,0.00,0.00,0,0,0.00,0.00,0.00,0,0,0.00,0.00,0,0
1544345751,3002-eth4,20289.13,712404.81,732693.94,714542,20350,270.19,322.03,592.22,323,271,0.00,0.00,0,0
1544345751,2007-eth3,609820.56,582277.19,1192097.75,584024,611650,465.60,466.60,932.20,468,467,0.00,0.00,0,0
1544345751,3005-eth1,1190707.88,22438.68,1213146.62,22506,1194280,410.77,339.98,750.75,341,412,0.00,0.00,0,0
1544345751,2001-eth4,1218020.00,1222343.00,2440363.00,1226010,1221674,850.45,786.64,1637.09,789,853,0.00,0.00,0,0
1544345751,3003-eth4,30656.03,1220608.12,1251264.25,1224270,30748,428.71,497.51,926.22,499,430,0.00,0.00,0,0
1544345751,2004-eth1,0.00,0.00,0.00,0,0,0.00,0.00,0.00,0,0,0.00,0.00,0,0
1544345751,3006-eth4,33515.45,1219098.75,1252614.12,1222756,33616,470.59,496.51,967.10,498,472,0.00,0.00,0,0
1544345751,3007-eth1,582277.19,609820.56,1192097.75,611650,584024,466.60,465.60,932.20,467,468,0.00,0.00,0,0
1544345751,2008-eth1,0.00,0.00,0.00,0,0,0.00,0.00,0.00,0,0,0.00,0.00,0,0
1544345751,2002-eth2,155343.97,10811.57,166155.53,10844,155810,128.61,125.62,254.24,126,129,0.00,0.00,0,0
1544345751,2003-eth1,618825.50,656233.31,1275058.88,658202,620682,455.63,455.63,911.27,457,457,0.00,0.00,0,0
1544345751,3008-eth4,1217011.00,262777.66,1479788.62,263566,1220662,523.43,525.42,1048.85,527,525,0.00,0.00,0,0
1544345751,1004-eth4,1217286.12,26518.45,1243804.62,26598,1220938,419.74,401.79,821.54,403,421,0.00,0.00,0,0
1544345751,3006-eth1,0.00,0.00,0.00,0,0,0.00,0.00,0.00,0,0,0.00,0.00,0,0
1544345751,1004-eth3,70329.02,10614.16,80943.17,10646,70540,109.67,122.63,232.30,123,110,0.00,0.00,0,0
1544345751,1002-eth2,0.00,0.00,0.00,0,0,0.00,0.00,0.00,0,0,0.00,0.00,0,0
1544345751,3004-eth3,33453.09,1220119.75,1253572.88,1222560,33520,471.06,495.01,966.07,496,472,0.00,0.00,0,0
1544345751,2003-eth3,641952.12,15822.36,657774.50,15854,643236,237.52,230.54,468.06,231,238,0.00,0.00,0,0
1544345751,2005-eth1,1191896.25,22461.08,1214357.38,22506,1194280,411.18,340.32,751.50,341,412,0.00,0.00,0,0
1544345751,3002-eth3,1202838.38,778572.88,1981411.25,780130,1205244,620.76,651.70,1272.46,653,622,0.00,0.00,0,0
1544345751,3006-eth3,1218960.12,1217914.25,2436874.25,1220350,1221398,777.45,805.39,1582.83,807,779,0.00,0.00,0,0
1544345751,2001-eth1,1220541.00,1219169.75,2439710.75,1221608,1222982,785.43,850.30,1635.73,852,787,0.00,0.00,0,0
1544345751,3005-eth2,28257.49,1222181.62,1250439.12,1224626,28314,428.14,432.14,860.28,433,429,0.00,0.00,0,0
1544345751,2001-eth2,0.00,0.00,0.00,0,0,0.00,0.00,0.00,0,0,0.00,0.00,0,0
1544345751,3007-eth2,504385.25,1096712.62,1601097.88,1098906,505394,591.82,585.83,1177.64,587,593,0.00,0.00,0,0
1544345751,1001-eth1,1219169.75,1220541.00,2439710.75,1222982,1221608,850.30,785.43,1635.73,787,852,0.00,0.00,0,0
1544345751,3007-eth4,610429.19,582858.31,1193287.50,584024,611650,466.07,467.07,933.13,468,467,0.00,0.00,0,0
1544345751,2003-eth2,0.00,0.00,0.00,0,0,0.00,0.00,0.00,0,0,0.00,0.00,0,0
1544345751,3007-eth3,1096712.62,504385.25,1601097.88,505394,1098906,585.83,591.82,1177.64,593,587,0.00,0.00,0,0
1544345751,1002-eth1,0.00,0.00,0.00,0,0,0.00,0.00,0.00,0,0,0.00,0.00,0,0
1544345751,2002-eth3,10822.36,155499.00,166321.36,155810,10844,125.75,128.74,254.49,129,126,0.00,0.00,0,0
1544345751,2007-eth2,0.00,0.00,0.00,0,0,0.00,0.00,0.00,0,0,0.00,0.00,0,0
1544345751,total,34636848.00,35127584.00,69764432.00,35197838,34706120,24736.53,25026.95,49763.47,25077,24786,0.00,0.00,0,0
1544345752,3003-eth3,636155.69,72477.05,708632.75,72622,637428,245.51,242.51,488.02,243,246,0.00,0.00,0,0
1544345752,2002-eth1,0.00,0.00,0.00,0,0,0.00,0.00,0.00,0,0,0.00,0.00,0,0
1544345752,lo,1197.60,1197.60,2395.21,1200,1200,19.96,19.96,39.92,20,20,0.00,0.00,0,0
1544345752,3005-eth3,1144337.38,1179349.38,2323686.75,1181708,1146626,763.47,768.46,1531.94,770,765,0.00,0.00,0,0
1544345752,2005-eth3,20748.50,1191896.25,1212644.75,1194280,20790,314.37,411.18,725.55,412,315,0.00,0.00,0,0
1544345752,3004-eth4,1217552.88,668081.88,1885634.75,669418,1219988,624.75,619.76,1244.51,621,626,0.00,0.00,0,0
1544345752,1004-eth2,32890.22,1222059.88,1254950.12,1224504,32956,461.08,502.99,964.07,504,462,0.00,0.00,0,0
1544345752,2004-eth4,5672.65,5770.46,11443.11,5782,5684,57.88,58.88,116.77,59,58,0.00,0.00,0,0
1544345752,1001-eth2,651077.88,663996.00,1315073.88,665324,652380,457.09,473.05,930.14,474,458,0.00,0.00,0,0
1544345752,1003-eth3,0.00,0.00,0.00,0,0,0.00,0.00,0.00,0,0,0.00,0.00,0,0
1544345752,2002-eth4,3912.18,3912.18,7824.35,3920,3920,39.92,39.92,79.84,40,40,0.00,0.00,0,0
1544345752,1001-eth4,1221457.12,29473.05,1250930.12,29532,1223900,421.16,399.20,820.36,400,422,0.00,0.00,0,0
1544345752,3001-eth2,161508.98,10724.55,172233.53,10746,161832,131.74,124.75,256.49,125,132,0.00,0.00,0,0
1544345752,1004-eth1,10724.55,161508.98,172233.53,161832,10746,124.75,131.74,256.49,132,125,0.00,0.00,0,0
1544345752,3005-eth4,1220928.12,1218572.88,2439501.00,1221010,1223370,763.47,815.37,1578.84,817,765,0.00,0.00,0,0
1544345752,1003-eth2,0.00,0.00,0.00,0,0,0.00,0.00,0.00,0,0,0.00,0.00,0,0
1544345752,3008-eth1,34451.10,1065912.25,1100363.25,1068044,34520,429.14,429.14,858.28,430,430,0.00,0.00,0,0
1544345752,1002-eth3,0.00,0.00,0.00,0,0,0.00,0.00,0.00,0,0,0.00,0.00,0,0
1544345752,2006-eth1,0.00,0.00,0.00,0,0,0.00,0.00,0.00,0,0,0.00,0.00,0,0
1544345752,3003-eth1,20435.13,635746.50,656181.62,637018,20476,233.53,232.53,466.07,233,234,0.00,0.00,0,0
1544345752,2001-eth3,0.00,0.00,0.00,0,0,0.00,0.00,0.00,0,0,0.00,0.00,0,0
1544345752,2008-eth2,26676.65,1221457.12,1248133.75,1223900,26730,404.19,421.16,825.35,422,405,0.00,0.00,0,0
1544345752,2008-eth3,1103187.62,543666.69,1646854.38,544754,1105394,593.81,595.81,1189.62,597,595,0.00,0.00,0,0
1544345752,1001-eth3,20748.50,1191896.25,1212644.75,1194280,20790,314.37,411.18,725.55,412,315,0.00,0.00,0,0
1544345752,2007-eth4,1065912.25,34451.10,1100363.25,34520,1068044,429.14,429.14,858.28,430,430,0.00,0.00,0,0
1544345752,2004-eth2,1222059.88,32890.22,1254950.12,32956,1224504,502.99,461.08,964.07,462,504,0.00,0.00,0,0
1544345752,3002-eth1,1218535.00,1221329.38,2439864.25,1223772,1220972,756.49,844.31,1600.80,846,758,0.00,0.00,0,0
1544345752,3004-eth1,643560.88,15331.34,658892.25,15362,644848,239.52,224.55,464.07,225,240,0.00,0.00,0,0
1544345752,2006-eth3,1220670.75,26215.57,1246886.25,26268,1223112,431.14,397.21,828.34,398,432,0.00,0.00,0,0
1544345752,3004-eth2,5770.46,5672.65,11443.11,5684,5782,58.88,57.88,116.77,58,59,0.00,0.00,0,0
1544345752,3001-eth3,1203487.00,164584.83,1368071.88,164914,1205894,214.57,216.57,431.14,217,215,0.00,0.00,0,0
1544345752,2003-eth4,15331.34,643560.88,658892.25,644848,15362,224.55,239.52,464.07,240,225,0.00,0.00,0,0
1544345752,2008-eth4,659087.81,23828.34,682916.19,23876,660406,286.43,267.47,553.89,268,287,0.00,0.00,0,0
1544345752,3008-eth3,1227285.50,571802.44,1799087.88,572946,1229740,684.63,725.55,1410.18,727,686,0.00,0.00,0,0
1544345752,2005-eth2,0.00,0.00,0.00,0,0,0.00,0.00,0.00,0,0,0.00,0.00,0,0
1544345752,2006-eth4,32065.87,1202481.12,1234547.00,1204886,32130,448.10,490.02,938.12,491,449,0.00,0.00,0,0
1544345752,3006-eth2,1202481.12,32065.87,1234547.00,32130,1204886,490.02,448.10,938.12,449,491,0.00,0.00,0,0
1544345752,1003-eth4,69.86,0.00,69.86,0,70,1.00,0.00,1.00,0,1,0.00,0.00,0,0
1544345752,2006-eth2,9407.19,117596.81,127003.99,117832,9426,104.79,123.75,228.54,124,105,0.00,0.00,0,0
1544345752,3001-eth1,0.00,0.00,0.00,0,0,0.00,0.00,0.00,0,0,0.00,0.00,0,0
1544345752,3008-eth2,23828.34,659087.81,682916.19,660406,23876,267.47,286.43,553.89,287,268,0.00,0.00,0,0
1544345752,2004-eth3,30934.13,1218495.00,1249429.12,1220932,30996,441.12,481.04,922.16,482,442,0.00,0.00,0,0
1544345752,3001-eth4,18431.14,1208183.62,1226614.75,1210600,18468,241.52,247.50,489.02,248,242,0.00,0.00,0,0
1544345752,1003-eth1,0.00,0.00,0.00,0,0,0.00,0.00,0.00,0,0,0.00,0.00,0,0
1544345752,3002-eth2,3912.18,3912.18,7824.35,3920,3920,39.92,39.92,79.84,40,40,0.00,0.00,0,0
1544345752,2005-eth4,0.00,0.00,0.00,0,0,0.00,0.00,0.00,0,0,0.00,0.00,0,0
1544345752,3003-eth2,1218495.00,30934.13,1249429.12,30996,1220932,481.04,441.12,922.16,442,482,0.00,0.00,0,0
1544345752,2007-eth1,29473.05,1221457.12,1250930.12,1223900,29532,399.20,421.16,820.36,422,400,0.00,0.00,0,0
1544345752,1002-eth4,0.00,0.00,0.00,0,0,0.00,0.00,0.00,0,0,0.00,0.00,0,0
1544345752,3002-eth4,22467.07,530830.38,553297.44,531892,22512,261.48,297.41,558.88,298,262,0.00,0.00,0,0
1544345752,2007-eth3,585560.88,428059.91,1013620.81,428916,586732,415.17,395.21,810.38,396,416,0.00,0.00,0,0
1544345752,3005-eth1,1191896.25,20748.50,1212644.75,20790,1194280,411.18,314.37,725.55,315,412,0.00,0.00,0,0
1544345752,2001-eth4,1221329.38,1218535.00,2439864.25,1220972,1223772,844.31,756.49,1600.80,758,846,0.00,0.00,0,0
1544345752,3003-eth4,30524.95,1217261.50,1247786.50,1219696,30586,428.14,495.01,923.15,496,429,0.00,0.00,0,0
1544345752,2004-eth1,0.00,0.00,0.00,0,0,0.00,0.00,0.00,0,0,0.00,0.00,0,0
1544345752,3006-eth4,33712.57,1221798.38,1255511.00,1224242,33780,473.05,498.00,971.06,499,474,0.00,0.00,0,0
1544345752,3007-eth1,428059.91,585560.88,1013620.81,586732,428916,395.21,415.17,810.38,416,396,0.00,0.00,0,0
1544345752,2008-eth1,0.00,69.86,69.86,70,0,0.00,1.00,1.00,1,0,0.00,0.00,0,0
1544345752,2002-eth2,161508.98,10724.55,172233.53,10746,161832,131.74,124.75,256.49,125,132,0.00,0.00,0,0
1544345752,2003-eth1,663996.00,651077.88,1315073.88,652380,665324,473.05,457.09,930.14,458,474,0.00,0.00,0,0
1544345752,3008-eth4,1218441.12,296866.28,1515307.38,297460,1220878,525.95,512.97,1038.92,514,527,0.00,0.00,0,0
1544345752,1004-eth4,1221457.12,26676.65,1248133.75,26730,1223900,421.16,404.19,825.35,405,422,0.00,0.00,0,0
1544345752,3006-eth1,0.00,0.00,0.00,0,0,0.00,0.00,0.00,0,0,0.00,0.00,0,0
1544345752,1004-eth3,117596.81,9407.19,127003.99,9426,117832,123.75,104.79,228.54,105,124,0.00,0.00,0,0
1544345752,1002-eth2,0.00,0.00,0.00,0,0,0.00,0.00,0.00,0,0,0.00,0.00,0,0
1544345752,3004-eth3,33518.96,1218674.62,1252193.62,1221112,33586,472.06,495.01,967.07,496,473,0.00,0.00,0,0
1544345752,2003-eth3,635746.50,20435.13,656181.62,20476,637018,232.53,233.53,466.07,234,233,0.00,0.00,0,0
1544345752,2005-eth1,1191896.25,20748.50,1212644.75,20790,1194280,411.18,314.37,725.55,315,412,0.00,0.00,0,0
1544345752,3002-eth3,1202774.50,565808.38,1768582.88,566940,1205180,622.75,624.75,1247.51,626,624,0.00,0.00,0,0
1544345752,3006-eth3,1219882.25,1220936.12,2440818.50,1223378,1222322,791.42,807.39,1598.80,809,793,0.00,0.00,0,0
1544345752,2001-eth1,1218469.12,1221521.00,2439990.00,1223964,1220906,755.49,846.31,1601.80,848,757,0.00,0.00,0,0
1544345752,3005-eth2,26215.57,1220670.75,1246886.25,1223112,26268,397.21,431.14,828.34,432,398,0.00,0.00,0,0
1544345752,2001-eth2,0.00,69.86,69.86,70,0,0.00,1.00,1.00,1,0,0.00,0.00,0,0
1544345752,3007-eth2,543666.69,1103187.62,1646854.38,1105394,544754,595.81,593.81,1189.62,595,597,0.00,0.00,0,0
1544345752,1001-eth1,1221521.00,1218469.12,2439990.00,1220906,1223964,846.31,755.49,1601.80,757,848,0.00,0.00,0,0
1544345752,3007-eth4,585560.88,428059.91,1013620.81,428916,586732,415.17,395.21,810.38,396,416,0.00,0.00,0,0
1544345752,2003-eth2,0.00,0.00,0.00,0,0,0.00,0.00,0.00,0,0,0.00,0.00,0,0
1544345752,3007-eth3,1103187.62,543666.69,1646854.38,544754,1105394,593.81,595.81,1189.62,597,595,0.00,0.00,0,0
1544345752,1002-eth1,69.86,0.00,69.86,0,70,1.00,0.00,1.00,0,1,0.00,0.00,0,0
1544345752,2002-eth3,10724.55,161508.98,172233.53,161832,10746,124.75,131.74,256.49,132,125,0.00,0.00,0,0
1544345752,2007-eth2,0.00,0.00,0.00,0,0,0.00,0.00,0.00,0,0,0.00,0.00,0,0
1544345752,total,34474244.00,34682956.00,69157200.00,34752318,34543194,24306.39,24541.92,48848.30,24591,24355,0.00,0.00,0,0
1544345753,3003-eth3,616039.94,134411.19,750451.12,134680,617272,291.42,291.42,582.83,292,292,0.00,0.00,0,0
1544345753,2002-eth1,0.00,0.00,0.00,0,0,0.00,0.00,0.00,0,0,0.00,0.00,0,0
1544345753,lo,0.00,0.00,0.00,0,0,0.00,0.00,0.00,0,0,0.00,0.00,0,0
1544345753,3005-eth3,1161085.88,1125065.88,2286151.75,1127316,1163408,754.49,756.49,1510.98,758,756,0.00,0.00,0,0
1544345753,2005-eth3,23646.71,1194894.25,1218541.00,1197284,23694,358.28,413.17,771.46,414,359,0.00,0.00,0,0
1544345753,3004-eth4,1222872.25,651790.44,1874662.75,653094,1225318,617.76,613.77,1231.54,615,619,0.00,0.00,0,0
1544345753,1004-eth2,34115.77,1222159.75,1256275.50,1224604,34184,479.04,504.99,984.03,506,480,0.00,0.00,0,0
1544345753,2004-eth4,5672.65,5868.26,11540.92,5880,5684,57.88,59.88,117.76,60,58,0.00,0.00,0,0
1544345753,1001-eth2,630020.00,652409.19,1282429.12,653714,631280,483.03,500.00,983.03,501,484,0.00,0.00,0,0
1544345753,1003-eth3,0.00,0.00,0.00,0,0,0.00,0.00,0.00,0,0,0.00,0.00,0,0
1544345753,2002-eth4,3912.18,3912.18,7824.35,3920,3920,39.92,39.92,79.84,40,40,0.00,0.00,0,0
1544345753,1001-eth4,1222313.38,33465.07,1255778.50,33532,1224758,434.13,415.17,849.30,416,435,0.00,0.00,0,0
1544345753,3001-eth2,165976.05,10429.14,176405.19,10450,166308,133.73,120.76,254.49,121,134,0.00,0.00,0,0
1544345753,1004-eth1,10429.14,165976.05,176405.19,166308,10450,120.76,133.73,254.49,134,121,0.00,0.00,0,0
1544345753,3005-eth4,1223810.38,1221900.25,2445710.75,1224344,1226258,719.56,822.36,1541.92,824,721,0.00,0.00,0,0
1544345753,1003-eth2,0.00,0.00,0.00,0,0,0.00,0.00,0.00,0,0,0.00,0.00,0,0
1544345753,3008-eth1,32841.16,1044751.25,1077592.38,1045796,32874,408.59,421.58,830.17,422,409,0.00,0.00,0,0
1544345753,1002-eth3,0.00,0.00,0.00,0,0,0.00,0.00,0.00,0,0,0.00,0.00,0,0
1544345753,2006-eth1,0.00,0.00,0.00,0,0,0.00,0.00,0.00,0,0,0.00,0.00,0,0
1544345753,3003-eth1,24773.23,615374.62,640147.88,615990,24798,262.74,262.74,525.47,263,263,0.00,0.00,0,0
1544345753,2001-eth3,0.00,0.00,0.00,0,0,0.00,0.00,0.00,0,0,0.00,0.00,0,0
1544345753,2008-eth2,26175.82,1224189.88,1250365.62,1225414,26202,396.60,422.58,819.18,423,397,0.00,0.00,0,0
1544345753,2008-eth3,1091091.00,496865.16,1587956.12,497362,1092182,606.39,580.42,1186.81,581,607,0.00,0.00,0,0
1544345753,1001-eth3,23670.33,1196046.00,1219716.38,1197242,23694,358.64,412.59,771.23,413,359,0.00,0.00,0,0
1544345753,2007-eth4,1044751.25,32841.16,1077592.38,32874,1045796,421.58,408.59,830.17,409,422,0.00,0.00,0,0
1544345753,2004-eth2,1223380.62,34149.85,1257530.50,34184,1224604,505.49,479.52,985.02,480,506,0.00,0.00,0,0
1544345753,3002-eth1,1224595.50,1223808.25,2448403.75,1225032,1225820,869.13,889.11,1758.24,890,870,0.00,0.00,0,0
1544345753,3004-eth1,628287.75,15274.73,643562.44,15290,628916,237.76,220.78,458.54,221,238,0.00,0.00,0,0
1544345753,2006-eth3,1224783.25,27998.00,1252781.25,28026,1226008,431.57,424.58,856.14,425,432,0.00,0.00,0,0
1544345753,3004-eth2,5874.13,5678.32,11552.45,5684,5880,59.94,57.94,117.88,58,60,0.00,0.00,0,0
1544345753,3001-eth3,1213236.75,168561.44,1381798.25,168730,1214450,212.79,208.79,421.58,209,213,0.00,0.00,0,0
1544345753,2003-eth4,15274.73,628287.75,643562.44,628916,15290,220.78,237.76,458.54,238,221,0.00,0.00,0,0
1544345753,2008-eth4,626079.94,25250.75,651330.69,25276,626706,280.72,281.72,562.44,282,281,0.00,0.00,0,0
1544345753,3008-eth3,1232657.38,503404.59,1736062.00,503908,1233890,704.30,723.28,1427.57,724,705,0.00,0.00,0,0
1544345753,2005-eth2,0.00,0.00,0.00,0,0,0.00,0.00,0.00,0,0,0.00,0.00,0,0
1544345753,2006-eth4,32493.51,1203878.12,1236371.62,1205082,32526,454.55,492.51,947.05,493,455,0.00,0.00,0,0
1544345753,3006-eth2,1203878.12,32493.51,1236371.62,32526,1205082,492.51,454.55,947.05,455,493,0.00,0.00,0,0
1544345753,1003-eth4,0.00,0.00,0.00,0,0,0.00,0.00,0.00,0,0,0.00,0.00,0,0
1544345753,2006-eth2,10973.03,70567.44,81540.46,70638,10984,127.87,110.89,238.76,111,128,0.00,0.00,0,0
1544345753,3001-eth1,0.00,0.00,0.00,0,0,0.00,0.00,0.00,0,0,0.00,0.00,0,0
1544345753,3008-eth2,25250.75,626079.94,651330.69,626706,25276,281.72,280.72,562.44,281,282,0.00,0.00,0,0
1544345753,2004-eth3,32191.81,1226090.00,1258281.75,1227316,32224,459.54,489.51,949.05,490,460,0.00,0.00,0,0
1544345753,3001-eth4,17692.31,1210705.38,1228397.62,1211916,17710,230.77,245.75,476.52,246,231,0.00,0.00,0,0
1544345753,1003-eth1,0.00,0.00,0.00,0,0,0.00,0.00,0.00,0,0,0.00,0.00,0,0
1544345753,3002-eth2,3916.08,3916.08,7832.17,3920,3920,39.96,39.96,79.92,40,40,0.00,0.00,0,0
1544345753,2005-eth4,41.96,0.00,41.96,0,42,1.00,0.00,1.00,0,1,0.00,0.00,0,0
1544345753,3003-eth2,1226090.00,32191.81,1258281.75,32224,1227316,489.51,459.54,949.05,460,490,0.00,0.00,0,0
1544345753,2007-eth1,33498.50,1223534.50,1257033.00,1224758,33532,415.58,434.57,850.15,435,416,0.00,0.00,0,0
1544345753,1002-eth4,0.00,0.00,0.00,0,0,0.00,0.00,0.00,0,0,0.00,0.00,0,0
1544345753,3002-eth4,27364.64,530639.38,558004.00,531170,27392,287.71,308.69,596.40,309,288,0.00,0.00,0,0
1544345753,2007-eth3,611202.81,431564.44,1042767.25,431996,611814,426.57,419.58,846.15,420,427,0.00,0.00,0,0
1544345753,3005-eth1,1196088.00,23670.33,1219758.25,23694,1197284,413.59,358.64,772.23,359,414,0.00,0.00,0,0
1544345753,2001-eth4,1223808.25,1224595.50,2448403.75,1225820,1225032,889.11,869.13,1758.24,870,890,0.00,0.00,0,0
1544345753,3003-eth4,30911.09,1224297.75,1255208.88,1225522,30942,430.57,496.50,927.07,497,431,0.00,0.00,0,0
1544345753,2004-eth1,0.00,0.00,0.00,0,0,0.00,0.00,0.00,0,0,0.00,0.00,0,0
1544345753,3006-eth4,33680.32,1221632.38,1255312.75,1222854,33714,472.53,498.50,971.03,499,473,0.00,0.00,0,0
1544345753,3007-eth1,431564.44,611202.81,1042767.25,611814,431996,419.58,426.57,846.15,427,420,0.00,0.00,0,0
1544345753,2008-eth1,0.00,0.00,0.00,0,0,0.00,0.00,0.00,0,0,0.00,0.00,0,0
1544345753,2002-eth2,166141.86,10439.56,176581.42,10450,166308,133.87,120.88,254.75,121,134,0.00,0.00,0,0
1544345753,2003-eth1,653060.94,630649.38,1283710.38,631280,653714,500.50,483.52,984.02,484,501,0.00,0.00,0,0
1544345753,3008-eth4,1224609.38,240219.78,1464829.25,240460,1225834,518.48,505.49,1023.98,506,519,0.00,0.00,0,0
1544345753,1004-eth4,1224189.88,26175.82,1250365.62,26202,1225414,422.58,396.60,819.18,397,423,0.00,0.00,0,0
1544345753,3006-eth1,0.00,41.96,41.96,42,0,0.00,1.00,1.00,1,0,0.00,0.00,0,0
1544345753,1004-eth3,70567.44,10973.03,81540.46,10984,70638,110.89,127.87,238.76,128,111,0.00,0.00,0,0
1544345753,1002-eth2,0.00,0.00,0.00,0,0,0.00,0.00,0.00,0,0,0.00,0.00,0,0
1544345753,3004-eth3,34139.86,1224787.25,1258927.12,1226012,34174,478.52,501.50,980.02,502,479,0.00,0.00,0,0
1544345753,2003-eth3,615374.62,24773.23,640147.88,24798,615990,262.74,262.74,525.47,263,263,0.00,0.00,0,0
1544345753,2005-eth1,1196046.00,23670.33,1219716.38,23694,1197242,412.59,358.64,771.23,359,413,0.00,0.00,0,0
1544345753,3002-eth3,1200265.75,561246.75,1761512.50,561808,1201466,640.36,635.36,1275.72,636,641,0.00,0.00,0,0
1544345753,3006-eth3,1223005.00,1222090.00,2445095.00,1223312,1224228,777.22,807.19,1584.42,808,778,0.00,0.00,0,0
1544345753,2001-eth1,1224661.38,1226575.50,2451236.75,1227802,1225886,870.13,888.11,1758.24,889,871,0.00,0.00,0,0
1544345753,3005-eth2,27998.00,1224783.25,1252781.25,1226008,28026,424.58,431.57,856.14,432,425,0.00,0.00,0,0
1544345753,2001-eth2,0.00,0.00,0.00,0,0,0.00,0.00,0.00,0,0,0.00,0.00,0,0
1544345753,3007-eth2,496865.16,1091091.00,1587956.12,1092182,497362,580.42,606.39,1186.81,607,581,0.00,0.00,0,0
1544345753,1001-eth1,1226575.50,1224661.38,2451236.75,1225886,1227802,888.11,870.13,1758.24,871,889,0.00,0.00,0,0
1544345753,3007-eth4,611202.81,431564.44,1042767.25,431996,611814,426.57,419.58,846.15,420,427,0.00,0.00,0,0
1544345753,2003-eth2,0.00,0.00,0.00,0,0,0.00,0.00,0.00,0,0,0.00,0.00,0,0
1544345753,3007-eth3,1091091.00,496865.16,1587956.12,497362,1092182,606.39,580.42,1186.81,581,607,0.00,0.00,0,0
1544345753,1002-eth1,0.00,0.00,0.00,0,0,0.00,0.00,0.00,0,0,0.00,0.00,0,0
1544345753,2002-eth3,10439.56,166141.86,176581.42,166308,10450,120.88,133.87,254.75,134,121,0.00,0.00,0,0
1544345753,2007-eth2,0.00,0.00,0.00,0,0,0.00,0.00,0.00,0,0,0.00,0.00,0,0
1544345753,total,34400560.00,34404988.00,68805552.00,34439392,34434960,24979.02,25224.78,50203.80,25250,25004,0.00,0.00,0,0
1544345754,3003-eth3,608375.62,109970.03,718345.69,110080,608984,319.68,319.68,639.36,320,320,0.00,0.00,0,0
1544345754,2002-eth1,0.00,0.00,0.00,0,0,0.00,0.00,0.00,0,0,0.00,0.00,0,0
1544345754,lo,1198.80,1198.80,2397.60,1200,1200,19.98,19.98,39.96,20,20,0.00,0.00,0,0
1544345754,3005-eth3,1199774.25,1146139.88,2345914.25,1147286,1200974,776.22,774.23,1550.45,775,777,0.00,0.00,0,0
1544345754,2005-eth3,27932.07,1190127.88,1218060.00,1191318,27960,423.58,410.59,834.17,411,424,0.00,0.00,0,0
1544345754,3004-eth4,1219886.12,671708.31,1891594.50,672380,1221106,620.38,621.38,1241.76,622,621,0.00,0.00,0,0
1544345754,1004-eth2,33590.41,1220419.62,1254010.00,1221640,33624,471.53,503.50,975.03,504,472,0.00,0.00,0,0
1544345754,2004-eth4,5678.32,5776.22,11454.55,5782,5684,57.94,58.94,116.88,59,58,0.00,0.00,0,0
1544345754,1001-eth2,623620.38,675798.25,1299418.62,676474,624244,529.47,544.46,1073.93,545,530,0.00,0.00,0,0
1544345754,1003-eth3,0.00,0.00,0.00,0,0,0.00,0.00,0.00,0,0,0.00,0.00,0,0
1544345754,2002-eth4,3916.08,3916.08,7832.17,3920,3920,39.96,39.96,79.92,40,40,0.00,0.00,0,0
1544345754,1001-eth4,1225582.50,38119.88,1263702.38,38158,1226808,487.51,466.53,954.05,467,488,0.00,0.00,0,0
1544345754,3001-eth2,185342.66,10735.26,196077.92,10746,185528,139.86,124.88,264.74,125,140,0.00,0.00,0,0
1544345754,1004-eth1,10735.26,185342.66,196077.92,185528,10746,124.88,139.86,264.74,140,125,0.00,0.00,0,0
1544345754,3005-eth4,1224393.62,1216939.12,2441332.75,1218156,1225618,820.18,817.18,1637.36,818,821,0.00,0.00,0,0
1544345754,1003-eth2,0.00,0.00,0.00,0,0,0.00,0.00,0.00,0,0,0.00,0.00,0,0
1544345754,3008-eth1,35512.49,1099530.50,1135043.00,1100630,35548,439.56,462.54,902.10,463,440,0.00,0.00,0,0
1544345754,1002-eth3,0.00,0.00,0.00,0,0,0.00,0.00,0.00,0,0,0.00,0.00,0,0
1544345754,2006-eth1,0.00,0.00,0.00,0,0,0.00,0.00,0.00,0,0,0.00,0.00,0,0
1544345754,3003-eth1,28439.56,608047.94,636487.50,608656,28468,301.70,303.70,605.39,304,302,0.00,0.00,0,0
1544345754,2001-eth3,0.00,0.00,0.00,0,0,0.00,0.00,0.00,0,0,0.00,0.00,0,0
1544345754,2008-eth2,26571.43,1221230.75,1247802.25,1222452,26598,402.60,421.58,824.18,422,403,0.00,0.00,0,0
1544345754,2008-eth3,1101168.88,468985.03,1570153.88,469454,1102270,614.39,574.43,1188.81,575,615,0.00,0.00,0,0
1544345754,1001-eth3,27890.11,1190127.88,1218018.00,1191318,27918,422.58,410.59,833.17,411,423,0.00,0.00,0,0
1544345754,2007-eth4,1099530.50,35512.49,1135043.00,35548,1100630,462.54,439.56,902.10,440,463,0.00,0.00,0,0
1544345754,2004-eth2,1220419.62,33590.41,1254010.00,33624,1221640,503.50,471.53,975.03,472,504,0.00,0.00,0,0
1544345754,3002-eth1,1231260.75,1218223.75,2449484.50,1219442,1232492,1012.99,982.02,1995.01,983,1014,0.00,0.00,0,0
1544345754,3004-eth1,647358.69,15572.43,662931.06,15588,648006,242.76,225.77,468.53,226,243,0.00,0.00,0,0
1544345754,2006-eth3,1223336.75,28063.94,1251400.62,28092,1224560,431.57,425.57,857.14,426,432,0.00,0.00,0,0
1544345754,3004-eth2,5776.22,5678.32,11454.55,5684,5782,58.94,57.94,116.88,58,59,0.00,0.00,0,0
1544345754,3001-eth3,1194101.88,187366.64,1381468.62,187554,1195296,207.79,208.79,416.58,209,208,0.00,0.00,0,0
1544345754,2003-eth4,15572.43,647358.69,662931.06,648006,15588,225.77,242.76,468.53,243,226,0.00,0.00,0,0
1544345754,2008-eth4,587612.38,25136.86,612749.25,25162,588200,267.73,288.71,556.44,289,268,0.00,0.00,0,0
1544345754,3008-eth3,1233324.75,578753.25,1812078.00,579332,1234558,758.24,771.23,1529.47,772,759,0.00,0.00,0,0
1544345754,2005-eth2,0.00,0.00,0.00,0,0,0.00,0.00,0.00,0,0,0.00,0.00,0,0
1544345754,2006-eth4,33316.68,1200821.25,1234137.88,1202022,33350,466.53,490.51,957.04,491,467,0.00,0.00,0,0
1544345754,3006-eth2,1200821.25,33316.68,1234137.88,33350,1202022,490.51,466.53,957.04,467,491,0.00,0.00,0,0
1544345754,1003-eth4,0.00,0.00,0.00,0,0,0.00,0.00,0.00,0,0,0.00,0.00,0,0
1544345754,2006-eth2,10215.78,91180.82,101396.61,91272,10226,116.88,115.88,232.77,116,117,0.00,0.00,0,0
1544345754,3001-eth1,0.00,0.00,0.00,0,0,0.00,0.00,0.00,0,0,0.00,0.00,0,0
1544345754,3008-eth2,25136.86,587612.38,612749.25,588200,25162,288.71,267.73,556.44,268,289,0.00,0.00,0,0
1544345754,2004-eth3,31534.47,1221126.88,1252661.38,1222348,31566,450.55,481.52,932.07,482,451,0.00,0.00,0,0
1544345754,3001-eth4,17394.61,1198807.25,1216201.88,1200006,17412,225.77,240.76,466.53,241,226,0.00,0.00,0,0
1544345754,1003-eth1,0.00,0.00,0.00,0,0,0.00,0.00,0.00,0,0,0.00,0.00,0,0
1544345754,3002-eth2,3916.08,3916.08,7832.17,3920,3920,39.96,39.96,79.92,40,40,0.00,0.00,0,0
1544345754,2005-eth4,0.00,41.96,41.96,42,0,0.00,1.00,1.00,1,0,0.00,0.00,0,0
1544345754,3003-eth2,1221126.88,31534.47,1252661.38,31566,1222348,481.52,450.55,932.07,451,482,0.00,0.00,0,0
1544345754,2007-eth1,38119.88,1225582.50,1263702.38,1226808,38158,466.53,487.51,954.05,488,467,0.00,0.00,0,0
1544345754,1002-eth4,0.00,0.00,0.00,0,0,0.00,0.00,0.00,0,0,0.00,0.00,0,0
1544345754,3002-eth4,32255.75,579796.25,612051.94,580376,32288,339.66,351.65,691.31,352,340,0.00,0.00,0,0
1544345754,2007-eth3,593300.69,468409.59,1061710.38,468878,593894,496.50,498.50,995.01,499,497,0.00,0.00,0,0
1544345754,3005-eth1,1190127.88,27932.07,1218060.00,27960,1191318,410.59,423.58,834.17,424,411,0.00,0.00,0,0
1544345754,2001-eth4,1218223.75,1231260.75,2449484.50,1232492,1219442,982.02,1012.99,1995.01,1014,983,0.00,0.00,0,0
1544345754,3003-eth4,31206.79,1221534.50,1252741.25,1222756,31238,434.57,497.50,932.07,498,435,0.00,0.00,0,0
1544345754,2004-eth1,0.00,0.00,0.00,0,0,0.00,0.00,0.00,0,0,0.00,0.00,0,0
1544345754,3006-eth4,33778.22,1221534.50,1255312.75,1222756,33812,473.53,497.50,971.03,498,474,0.00,0.00,0,0
1544345754,3007-eth1,468409.59,593300.69,1061710.38,593894,468878,498.50,496.50,995.01,497,499,0.00,0.00,0,0
1544345754,2008-eth1,0.00,0.00,0.00,0,0,0.00,0.00,0.00,0,0,0.00,0.00,0,0
1544345754,2002-eth2,185342.66,10735.26,196077.92,10746,185528,139.86,124.88,264.74,125,140,0.00,0.00,0,0
1544345754,2003-eth1,675798.25,623620.38,1299418.62,624244,676474,544.46,529.47,1073.93,530,545,0.00,0.00,0,0
1544345754,3008-eth4,1221546.50,214049.95,1435596.50,214264,1222768,531.47,503.50,1034.97,504,532,0.00,0.00,0,0
1544345754,1004-eth4,1221230.75,26571.43,1247802.25,26598,1222452,421.58,402.60,824.18,403,422,0.00,0.00,0,0
1544345754,3006-eth1,41.96,0.00,41.96,0,42,1.00,0.00,1.00,0,1,0.00,0.00,0,0
1544345754,1004-eth3,91180.82,10215.78,101396.61,10226,91272,115.88,116.88,232.77,117,116,0.00,0.00,0,0
1544345754,1002-eth2,0.00,0.00,0.00,0,0,0.00,0.00,0.00,0,0,0.00,0.00,0,0
1544345754,3004-eth3,34111.89,1221534.50,1255646.38,1222756,34146,478.52,497.50,976.02,498,479,0.00,0.00,0,0
1544345754,2003-eth3,608047.94,28439.56,636487.50,28468,608656,303.70,301.70,605.39,302,304,0.00,0.00,0,0
1544345754,2005-eth1,1190127.88,27890.11,1218018.00,27918,1191318,410.59,422.58,833.17,423,411,0.00,0.00,0,0
1544345754,3002-eth3,1189884.12,652321.69,1842205.88,652974,1191074,682.32,678.32,1360.64,679,683,0.00,0.00,0,0
1544345754,3006-eth3,1220549.50,1219172.88,2439722.25,1220392,1221770,784.22,807.19,1591.41,808,785,0.00,0.00,0,0
1544345754,2001-eth1,1228169.88,1215452.62,2443622.50,1216668,1229398,1009.99,983.02,1993.01,984,1011,0.00,0.00,0,0
1544345754,3005-eth2,28063.94,1223336.75,1251400.62,1224560,28092,425.57,431.57,857.14,432,426,0.00,0.00,0,0
1544345754,2001-eth2,0.00,0.00,0.00,0,0,0.00,0.00,0.00,0,0,0.00,0.00,0,0
1544345754,3007-eth2,468985.03,1101168.88,1570153.88,1102270,469454,574.43,614.39,1188.81,615,575,0.00,0.00,0,0
1544345754,1001-eth1,1215452.62,1228169.88,2443622.50,1229398,1216668,983.02,1009.99,1993.01,1011,984,0.00,0.00,0,0
1544345754,3007-eth4,593300.69,468409.59,1061710.38,468878,593894,496.50,498.50,995.01,499,497,0.00,0.00,0,0
1544345754,2003-eth2,0.00,0.00,0.00,0,0,0.00,0.00,0.00,0,0,0.00,0.00,0,0
1544345754,3007-eth3,1101168.88,468985.03,1570153.88,469454,1102270,614.39,574.43,1188.81,575,615,0.00,0.00,0,0
1544345754,1002-eth1,0.00,0.00,0.00,0,0,0.00,0.00,0.00,0,0,0.00,0.00,0,0
1544345754,2002-eth3,10735.26,185342.66,196077.92,185528,10746,124.88,139.86,264.74,140,125,0.00,0.00,0,0
1544345754,2007-eth2,0.00,0.00,0.00,0,0,0.00,0.00,0.00,0,0,0.00,0.00,0,0
1544345754,total,34480528.00,34702500.00,69183024.00,34737198,34515006,26488.51,26584.42,53072.93,26611,26515,0.00,0.00,0,0
1544345755,3003-eth3,624287.75,80221.78,704509.50,80302,624912,319.68,292.71,612.39,293,320,0.00,0.00,0,0
1544345755,2002-eth1,0.00,0.00,0.00,0,0,0.00,0.00,0.00,0,0,0.00,0.00,0,0
1544345755,lo,0.00,0.00,0.00,0,0,0.00,0.00,0.00,0,0,0.00,0.00,0,0
1544345755,3005-eth3,1142191.88,1156723.25,2298915.25,1157880,1143334,758.24,759.24,1517.48,760,759,0.00,0.00,0,0
1544345755,2005-eth3,25252.75,1187168.88,1212421.62,1188356,25278,382.62,409.59,792.21,410,383,0.00,0.00,0,0
1544345755,3004-eth4,1214953.12,661186.81,1876139.88,661848,1216168,611.39,615.38,1226.77,616,612,0.00,0.00,0,0
1544345755,1004-eth2,32141.86,1214247.75,1246389.62,1215462,32174,450.55,498.50,949.05,499,451,0.00,0.00,0,0
1544345755,2004-eth4,5678.32,5580.42,11258.74,5586,5684,57.94,56.94,114.89,57,58,0.00,0.00,0,0
1544345755,1001-eth2,639338.69,662291.75,1301630.38,662954,639978,528.47,522.48,1050.95,523,529,0.00,0.00,0,0
1544345755,1003-eth3,0.00,0.00,0.00,0,0,0.00,0.00,0.00,0,0,0.00,0.00,0,0
1544345755,2002-eth4,3916.08,3916.08,7832.17,3920,3920,39.96,39.96,79.92,40,40,0.00,0.00,0,0
1544345755,1001-eth4,1219140.88,37018.98,1256159.88,37056,1220360,499.50,479.52,979.02,480,500,0.00,0.00,0,0
1544345755,3001-eth2,183896.11,10569.43,194465.55,10580,184080,139.86,121.88,261.74,122,140,0.00,0.00,0,0
1544345755,1004-eth1,10569.43,183896.11,194465.55,184080,10580,121.88,139.86,261.74,140,122,0.00,0.00,0,0
1544345755,3005-eth4,1209928.12,1213650.38,2423578.50,1214864,1211138,820.18,811.19,1631.37,812,821,0.00,0.00,0,0
1544345755,1003-eth2,0.00,0.00,0.00,0,0,0.00,0.00,0.00,0,0,0.00,0.00,0,0
1544345755,3008-eth1,24657.34,981796.25,1006453.56,982778,24682,368.63,388.61,757.24,389,369,0.00,0.00,0,0
1544345755,1002-eth3,0.00,0.00,0.00,0,0,0.00,0.00,0.00,0,0,0.00,0.00,0,0
1544345755,2006-eth1,0.00,0.00,0.00,0,0,0.00,0.00,0.00,0,0,0.00,0.00,0,0
1544345755,3003-eth1,25322.68,624259.75,649582.44,624884,25348,283.72,309.69,593.41,310,284,0.00,0.00,0,0
1544345755,2001-eth3,0.00,0.00,0.00,0,0,0.00,0.00,0.00,0,0,0.00,0.00,0,0
1544345755,2008-eth2,25648.35,1212287.75,1237936.12,1213500,25674,388.61,417.58,806.19,418,389,0.00,0.00,0,0
1544345755,2008-eth3,1062667.38,529340.69,1592008.00,529870,1063730,550.45,546.45,1096.90,547,551,0.00,0.00,0,0
1544345755,1001-eth3,25252.75,1187168.88,1212421.62,1188356,25278,382.62,409.59,792.21,410,383,0.00,0.00,0,0
1544345755,2007-eth4,981796.25,24657.34,1006453.56,24682,982778,388.61,368.63,757.24,369,389,0.00,0.00,0,0
1544345755,2004-eth2,1214247.75,32141.86,1246389.62,32174,1215462,498.50,450.55,949.05,451,499,0.00,0.00,0,0
1544345755,3002-eth1,1225017.00,1214195.88,2439212.75,1215410,1226242,986.01,984.02,1970.03,985,987,0.00,0.00,0,0
1544345755,3004-eth1,636969.06,15078.92,652048.00,15094,637606,238.76,218.78,457.54,219,239,0.00,0.00,0,0
1544345755,2006-eth3,1214303.75,26217.78,1240521.50,26244,1215518,426.57,397.60,824.18,398,427,0.00,0.00,0,0
1544345755,3004-eth2,5580.42,5678.32,11258.74,5684,5586,56.94,57.94,114.89,58,57,0.00,0.00,0,0
1544345755,3001-eth3,1200741.25,185986.02,1386727.25,186172,1201942,198.80,209.79,408.59,210,199,0.00,0.00,0,0
1544345755,2003-eth4,15078.92,636969.06,652048.00,637606,15094,218.78,238.76,457.54,239,219,0.00,0.00,0,0
1544345755,2008-eth4,672299.69,16027.97,688327.69,16044,672972,257.74,231.77,489.51,232,258,0.00,0.00,0,0
1544345755,3008-eth3,1227154.88,547230.81,1774385.62,547778,1228382,818.18,656.34,1474.53,657,819,0.00,0.00,0,0
1544345755,2005-eth2,0.00,0.00,0.00,0,0,0.00,0.00,0.00,0,0,0.00,0.00,0,0
1544345755,2006-eth4,31868.13,1194707.38,1226575.50,1195902,31900,445.55,486.51,932.07,487,446,0.00,0.00,0,0
1544345755,3006-eth2,1194707.38,31868.13,1226575.50,31900,1195902,486.51,445.55,932.07,446,487,0.00,0.00,0,0
1544345755,1003-eth4,0.00,0.00,0.00,0,0,0.00,0.00,0.00,0,0,0.00,0.00,0,0
1544345755,2006-eth2,9426.57,96747.26,106173.83,96844,9436,105.89,113.89,219.78,114,106,0.00,0.00,0,0
1544345755,3001-eth1,0.00,0.00,0.00,0,0,0.00,0.00,0.00,0,0,0.00,0.00,0,0
1544345755,3008-eth2,16027.97,672299.69,688327.69,672972,16044,231.77,257.74,489.51,258,232,0.00,0.00,0,0
1544345755,2004-eth3,29988.01,1212191.88,1242179.88,1213404,30018,428.57,477.52,906.09,478,429,0.00,0.00,0,0
1544345755,3001-eth4,17558.44,1205640.38,1223198.88,1206846,17576,227.77,234.77,462.54,235,228,0.00,0.00,0,0
1544345755,1003-eth1,0.00,0.00,0.00,0,0,0.00,0.00,0.00,0,0,0.00,0.00,0,0
1544345755,3002-eth2,3916.08,3916.08,7832.17,3920,3920,39.96,39.96,79.92,40,40,0.00,0.00,0,0
1544345755,2005-eth4,0.00,0.00,0.00,0,0,0.00,0.00,0.00,0,0,0.00,0.00,0,0
1544345755,3003-eth2,1212191.88,29988.01,1242179.88,30018,1213404,477.52,428.57,906.09,429,478,0.00,0.00,0,0
1544345755,2007-eth1,37018.98,1219140.88,1256159.88,1220360,37056,479.52,499.50,979.02,500,480,0.00,0.00,0,0
1544345755,1002-eth4,0.00,0.00,0.00,0,0,0.00,0.00,0.00,0,0,0.00,0.00,0,0
1544345755,3002-eth4,31978.02,531434.56,563412.62,531966,32010,356.64,342.66,699.30,343,357,0.00,0.00,0,0
1544345755,2007-eth3,600071.94,372063.94,972135.88,372436,600672,451.55,449.55,901.10,450,452,0.00,0.00,0,0
1544345755,3005-eth1,1187168.88,25252.75,1212421.62,25278,1188356,409.59,382.62,792.21,383,410,0.00,0.00,0,0
1544345755,2001-eth4,1214195.88,1225017.00,2439212.75,1226242,1215410,984.02,986.01,1970.03,987,985,0.00,0.00,0,0
1544345755,3003-eth4,29960.04,1212559.50,1242519.50,1213772,29990,418.58,493.51,912.09,494,419,0.00,0.00,0,0
1544345755,2004-eth1,0.00,0.00,0.00,0,0,0.00,0.00,0.00,0,0,0.00,0.00,0,0
1544345755,3006-eth4,33384.62,1212461.62,1245846.25,1213674,33418,468.53,492.51,961.04,493,469,0.00,0.00,0,0
1544345755,3007-eth1,372063.94,600071.94,972135.88,600672,372436,449.55,451.55,901.10,452,450,0.00,0.00,0,0
1544345755,2008-eth1,0.00,0.00,0.00,0,0,0.00,0.00,0.00,0,0,0.00,0.00,0,0
1544345755,2002-eth2,183896.11,10569.43,194465.55,10580,184080,139.86,121.88,261.74,122,140,0.00,0.00,0,0
1544345755,2003-eth1,662291.75,639338.69,1301630.38,639978,662954,522.48,528.47,1050.95,529,523,0.00,0.00,0,0
1544345755,3008-eth4,1212199.88,241534.47,1453734.25,241776,1213412,523.48,503.50,1026.97,504,524,0.00,0.00,0,0
1544345755,1004-eth4,1212287.75,25648.35,1237936.12,25674,1213500,417.58,388.61,806.19,389,418,0.00,0.00,0,0
1544345755,3006-eth1,0.00,0.00,0.00,0,0,0.00,0.00,0.00,0,0,0.00,0.00,0,0
1544345755,1004-eth3,96747.26,9426.57,106173.83,9436,96844,113.89,105.89,219.78,106,114,0.00,0.00,0,0
1544345755,1002-eth2,0.00,0.00,0.00,0,0,0.00,0.00,0.00,0,0,0.00,0.00,0,0
1544345755,3004-eth3,33746.25,1215420.62,1249166.88,1216636,33780,473.53,493.51,967.03,494,474,0.00,0.00,0,0
1544345755,2003-eth3,624259.75,25322.68,649582.44,25348,624884,309.69,283.72,593.41,284,310,0.00,0.00,0,0
1544345755,2005-eth1,1187168.88,25252.75,1212421.62,25278,1188356,409.59,382.62,792.21,383,410,0.00,0.00,0,0
1544345755,3002-eth3,1186227.75,511536.47,1697764.25,512048,1187414,668.33,627.37,1295.70,628,669,0.00,0.00,0,0
1544345755,3006-eth3,1212289.75,1213015.00,2425304.75,1214228,1213502,790.21,801.20,1591.41,802,791,0.00,0.00,0,0
1544345755,2001-eth1,1221856.12,1214008.00,2435864.25,1215222,1223078,982.02,982.02,1964.04,983,983,0.00,0.00,0,0
1544345755,3005-eth2,26217.78,1214303.75,1240521.50,1215518,26244,397.60,426.57,824.18,427,398,0.00,0.00,0,0
1544345755,2001-eth2,0.00,0.00,0.00,0,0,0.00,0.00,0.00,0,0,0.00,0.00,0,0
1544345755,3007-eth2,529340.69,1062667.38,1592008.00,1063730,529870,546.45,550.45,1096.90,551,547,0.00,0.00,0,0
1544345755,1001-eth1,1214008.00,1221856.12,2435864.25,1223078,1215222,982.02,982.02,1964.04,983,983,0.00,0.00,0,0
1544345755,3007-eth4,600030.00,372022.00,972052.00,372394,600630,450.55,448.55,899.10,449,451,0.00,0.00,0,0
1544345755,2003-eth2,0.00,0.00,0.00,0,0,0.00,0.00,0.00,0,0,0.00,0.00,0,0
1544345755,3007-eth3,1062709.38,532341.69,1595051.00,532874,1063772,551.45,548.45,1099.90,549,552,0.00,0.00,0,0
1544345755,1002-eth1,0.00,0.00,0.00,0,0,0.00,0.00,0.00,0,0,0.00,0.00,0,0
1544345755,2002-eth3,10569.43,183896.11,194465.55,184080,10580,121.88,139.86,261.74,140,122,0.00,0.00,0,0
1544345755,2007-eth2,0.00,0.00,0.00,0,0,0.00,0.00,0.00,0,0,0.00,0.00,0,0
1544345755,total,34165404.00,34219028.00,68384432.00,34253248,34199570,25655.35,25530.47,51185.82,25556,25681,0.00,0.00,0,0
1544345756,3003-eth3,580915.12,113460.54,694375.62,113574,581496,319.68,206.79,526.47,207,320,0.00,0.00,0,0
1544345756,2002-eth1,0.00,0.00,0.00,0,0,0.00,0.00,0.00,0,0,0.00,0.00,0,0
1544345756,lo,1198.80,1198.80,2397.60,1200,1200,19.98,19.98,39.96,20,20,0.00,0.00,0,0
1544345756,3005-eth3,1171254.75,1136603.38,2307858.25,1137740,1172426,760.24,761.24,1521.48,762,761,0.00,0.00,0,0
1544345756,2005-eth3,31318.68,1196046.00,1227364.62,1197242,31350,474.53,412.59,887.11,413,475,0.00,0.00,0,0
1544345756,3004-eth4,1223302.75,656913.12,1880215.88,657570,1224526,606.39,616.38,1222.78,617,607,0.00,0.00,0,0
1544345756,1004-eth2,33282.72,1223584.50,1256867.12,1224808,33316,465.53,507.49,973.03,508,466,0.00,0.00,0,0
1544345756,2004-eth4,5874.13,5874.13,11748.25,5880,5880,59.94,59.94,119.88,60,60,0.00,0.00,0,0
1544345756,1001-eth2,595900.12,646055.94,1241956.12,646702,596496,523.48,430.57,954.05,431,524,0.00,0.00,0,0
1544345756,1003-eth3,0.00,0.00,0.00,0,0,0.00,0.00,0.00,0,0,0.00,0.00,0,0
1544345756,2002-eth4,3818.18,3818.18,7636.36,3822,3822,38.96,38.96,77.92,39,39,0.00,0.00,0,0
1544345756,1001-eth4,1228809.25,25054.95,1253864.12,25080,1230038,514.49,379.62,894.11,380,515,0.00,0.00,0,0
1544345756,3001-eth2,240117.89,11064.94,251182.83,11076,240358,158.84,129.87,288.71,130,159,0.00,0.00,0,0
1544345756,1004-eth1,11162.84,240215.80,251378.62,240456,11174,130.87,159.84,290.71,160,131,0.00,0.00,0,0
1544345756,3005-eth4,1222985.00,1222485.50,2445470.50,1223708,1224208,799.20,813.19,1612.39,814,800,0.00,0.00,0,0
1544345756,1003-eth2,0.00,0.00,0.00,0,0,0.00,0.00,0.00,0,0,0.00,0.00,0,0
1544345756,3008-eth1,20613.39,1017230.81,1037844.19,1018248,20634,312.69,355.64,668.33,356,313,0.00,0.00,0,0
1544345756,1002-eth3,0.00,0.00,0.00,0,0,0.00,0.00,0.00,0,0,0.00,0.00,0,0
1544345756,2006-eth1,0.00,0.00,0.00,0,0,0.00,0.00,0.00,0,0,0.00,0.00,0,0
1544345756,3003-eth1,13296.70,580891.12,594187.81,581472,13310,190.81,307.69,498.50,308,191,0.00,0.00,0,0
1544345756,2001-eth3,0.00,0.00,0.00,0,0,0.00,0.00,0.00,0,0,0.00,0.00,0,0
1544345756,2008-eth2,26505.50,1221230.75,1247736.25,1222452,26532,401.60,421.58,823.18,422,402,0.00,0.00,0,0
1544345756,2008-eth3,1069300.75,631456.56,1700757.25,632088,1070370,552.45,559.44,1111.89,560,553,0.00,0.00,0,0
1544345756,1001-eth3,31318.68,1196046.00,1227364.62,1197242,31350,474.53,412.59,887.11,413,475,0.00,0.00,0,0
1544345756,2007-eth4,1017230.81,20613.39,1037844.19,20634,1018248,355.64,312.69,668.33,313,356,0.00,0.00,0,0
1544345756,2004-eth2,1223584.50,33282.72,1256867.12,33316,1224808,507.49,465.53,973.03,466,508,0.00,0.00,0,0
1544345756,3002-eth1,1232293.75,1221200.88,2453494.50,1222422,1233526,1113.89,816.18,1930.07,817,1115,0.00,0.00,0,0
1544345756,3004-eth1,632759.25,15008.99,647768.25,15024,633392,239.76,215.78,455.54,216,240,0.00,0.00,0,0
1544345756,2006-eth3,1221734.25,27296.70,1249031.00,27324,1222956,429.57,413.59,843.16,414,430,0.00,0.00,0,0
1544345756,3004-eth2,5874.13,5874.13,11748.25,5880,5880,59.94,59.94,119.88,60,60,0.00,0.00,0,0
1544345756,3001-eth3,1201796.25,242211.80,1444008.00,242454,1202998,214.79,228.77,443.56,229,215,0.00,0.00,0,0
1544345756,2003-eth4,15008.99,632759.25,647768.25,633392,15024,215.78,239.76,455.54,240,216,0.00,0.00,0,0
1544345756,2008-eth4,772705.31,15824.18,788529.50,15840,773478,266.73,239.76,506.49,240,267,0.00,0.00,0,0
1544345756,3008-eth3,1229216.88,570333.69,1799550.50,570904,1230446,718.28,575.42,1293.71,576,719,0.00,0.00,0,0
1544345756,2005-eth2,0.00,0.00,0.00,0,0,0.00,0.00,0.00,0,0,0.00,0.00,0,0
1544345756,2006-eth4,32657.34,1203878.12,1236535.50,1205082,32690,456.54,492.51,949.05,493,457,0.00,0.00,0,0
1544345756,3006-eth2,1203878.12,32657.34,1236535.50,32690,1205082,492.51,456.54,949.05,457,493,0.00,0.00,0,0
1544345756,1003-eth4,0.00,0.00,0.00,0,0,0.00,0.00,0.00,0,0,0.00,0.00,0,0
1544345756,2006-eth2,10205.79,67616.38,77822.18,67684,10216,115.88,109.89,225.77,110,116,0.00,0.00,0,0
1544345756,3001-eth1,0.00,0.00,0.00,0,0,0.00,0.00,0.00,0,0,0.00,0.00,0,0
1544345756,3008-eth2,15824.18,772705.31,788529.50,773478,15840,239.76,266.73,506.49,267,240,0.00,0.00,0,0
1544345756,2004-eth3,31394.61,1224557.50,1255952.12,1225782,31426,446.55,488.51,935.06,489,447,0.00,0.00,0,0
1544345756,3001-eth4,17377.25,1204898.25,1222275.50,1207308,17412,225.55,241.52,467.07,242,226,0.00,0.00,0,0
1544345756,1003-eth1,0.00,0.00,0.00,0,0,0.00,0.00,0.00,0,0,0.00,0.00,0,0
1544345756,3002-eth2,3814.37,3814.37,7628.74,3822,3822,38.92,38.92,77.84,39,39,0.00,0.00,0,0
1544345756,2005-eth4,0.00,0.00,0.00,0,0,0.00,0.00,0.00,0,0,0.00,0.00,0,0
1544345756,3003-eth2,1223335.38,31363.27,1254698.62,31426,1225782,488.02,446.11,934.13,447,489,0.00,0.00,0,0
1544345756,2007-eth1,25029.94,1227582.88,1252612.75,1230038,25080,379.24,513.97,893.21,515,380,0.00,0.00,0,0
1544345756,1002-eth4,0.00,0.00,0.00,0,0,0.00,0.00,0.00,0,0,0.00,0.00,0,0
1544345756,3002-eth4,20834.33,500842.34,521676.66,501844,20876,275.45,281.44,556.89,282,276,0.00,0.00,0,0
1544345756,2007-eth3,621844.31,414914.19,1036758.50,415744,623088,423.15,331.34,754.49,332,424,0.00,0.00,0,0
1544345756,3005-eth1,1194852.38,31287.43,1226139.75,31350,1197242,412.18,474.05,886.23,475,413,0.00,0.00,0,0
1544345756,2001-eth4,1219982.12,1231063.88,2451046.00,1233526,1222422,815.37,1112.77,1928.14,1115,817,0.00,0.00,0,0
1544345756,3003-eth4,31339.32,1219163.75,1250503.00,1221602,31402,434.13,500.00,934.13,501,435,0.00,0.00,0,0
1544345756,2004-eth1,0.00,0.00,0.00,0,0,0.00,0.00,0.00,0,0,0.00,0.00,0,0
1544345756,3006-eth4,33942.12,1220413.25,1254355.38,1222854,34010,476.05,498.00,974.05,499,477,0.00,0.00,0,0
1544345756,3007-eth1,414914.19,621844.31,1036758.50,623088,415744,331.34,423.15,754.49,424,332,0.00,0.00,0,0
1544345756,2008-eth1,0.00,0.00,0.00,0,0,0.00,0.00,0.00,0,0,0.00,0.00,0,0
1544345756,2002-eth2,239976.05,11151.70,251127.75,11174,240456,159.68,130.74,290.42,131,160,0.00,0.00,0,0
1544345756,2003-eth1,645411.19,595305.38,1240716.62,596496,646702,430.14,522.95,953.09,524,431,0.00,0.00,0,0
1544345756,3008-eth4,1223948.12,234792.42,1458740.50,235262,1226396,532.93,513.97,1046.91,515,534,0.00,0.00,0,0
1544345756,1004-eth4,1220012.00,26479.04,1246491.00,26532,1222452,421.16,401.20,822.36,402,422,0.00,0.00,0,0
1544345756,3006-eth1,0.00,0.00,0.00,0,0,0.00,0.00,0.00,0,0,0.00,0.00,0,0
1544345756,1004-eth3,67548.91,10195.61,77744.52,10216,67684,109.78,115.77,225.55,116,110,0.00,0.00,0,0
1544345756,1002-eth2,0.00,0.00,0.00,0,0,0.00,0.00,0.00,0,0,0.00,0.00,0,0
1544345756,3004-eth3,34562.88,1220608.88,1255171.75,1223050,34632,483.03,500.00,983.03,501,484,0.00,0.00,0,0
1544345756,2003-eth3,580311.38,13283.43,593594.81,13310,581472,307.39,190.62,498.00,191,308,0.00,0.00,0,0
1544345756,2005-eth1,1194852.38,31287.43,1226139.75,31350,1197242,412.18,474.05,886.23,475,413,0.00,0.00,0,0
1544345756,3002-eth3,1202962.12,562123.75,1765085.88,563248,1205368,578.84,590.82,1169.66,592,580,0.00,0.00,0,0
1544345756,3006-eth3,1222048.00,1221067.88,2443115.75,1223510,1224492,780.44,809.38,1589.82,811,782,0.00,0.00,0,0
1544345756,2001-eth1,1232640.75,1220047.88,2452688.75,1222488,1235106,1114.77,816.37,1931.14,818,1117,0.00,0.00,0,0
1544345756,3005-eth2,27269.46,1220515.00,1247784.50,1222956,27324,413.17,429.14,842.32,430,414,0.00,0.00,0,0
1544345756,2001-eth2,0.00,0.00,0.00,0,0,0.00,0.00,0.00,0,0,0.00,0.00,0,0
1544345756,3007-eth2,630826.38,1068233.50,1699059.88,1070370,632088,558.88,551.90,1110.78,553,560,0.00,0.00,0,0
1544345756,1001-eth1,1220047.88,1232640.75,2452688.75,1235106,1222488,816.37,1114.77,1931.14,1117,818,0.00,0.00,0,0
1544345756,3007-eth4,621802.44,414872.28,1036674.69,415702,623046,422.16,330.34,752.50,331,423,0.00,0.00,0,0
1544345756,2003-eth2,0.00,0.00,0.00,0,0,0.00,0.00,0.00,0,0,0.00,0.00,0,0
1544345756,3007-eth3,1068275.50,627912.19,1696187.62,629168,1070412,552.89,558.88,1111.78,560,554,0.00,0.00,0,0
1544345756,1002-eth1,0.00,0.00,0.00,0,0,0.00,0.00,0.00,0,0,0.00,0.00,0,0
1544345756,2002-eth3,11053.89,239878.25,250932.14,240358,11076,129.74,158.68,288.42,159,130,0.00,0.00,0,0
1544345756,2007-eth2,0.00,0.00,0.00,0,0,0.00,0.00,0.00,0,0,0.00,0.00,0,0
1544345756,total,34590632.00,34855456.00,69446088.00,34925164,34659812,25187.63,25033.93,50221.56,25084,25238,0.00,0.00,0,0
1544345757,3003-eth3,633199.62,105339.33,738538.94,105550,634466,244.51,238.52,483.03,239,245,0.00,0.00,0,0
1544345757,2002-eth1,0.00,0.00,0.00,0,0,0.00,0.00,0.00,0,0,0.00,0.00,0,0
1544345757,lo,0.00,0.00,0.00,0,0,0.00,0.00,0.00,0,0,0.00,0.00,0,0
1544345757,3005-eth3,1193998.00,1156688.62,2350686.75,1159002,1196386,771.46,775.45,1546.91,777,773,0.00,0.00,0,0
1544345757,2005-eth3,27401.20,1194852.38,1222253.50,1197242,27456,415.17,412.18,827.35,413,416,0.00,0.00,0,0
1544345757,3004-eth4,1221884.25,660724.56,1882608.88,662046,1224328,602.79,617.76,1220.56,619,604,0.00,0.00,0,0
1544345757,1004-eth2,31243.51,1220393.25,1251636.75,1222834,31306,436.13,500.00,936.13,501,437,0.00,0.00,0,0
1544345757,2004-eth4,5574.85,5770.46,11345.31,5782,5586,56.89,58.88,115.77,59,57,0.00,0.00,0,0
1544345757,1001-eth2,647888.25,651966.06,1299854.38,653270,649184,447.11,466.07,913.17,467,448,0.00,0.00,0,0
1544345757,1003-eth3,0.00,0.00,0.00,0,0,0.00,0.00,0.00,0,0,0.00,0.00,0,0
1544345757,2002-eth4,3912.18,3912.18,7824.35,3920,3920,39.92,39.92,79.84,40,40,0.00,0.00,0,0
1544345757,1001-eth4,1223277.50,23688.62,1246966.12,23736,1225724,449.10,359.28,808.38,360,450,0.00,0.00,0,0
1544345757,3001-eth2,226413.19,10790.42,237203.59,10812,226866,152.69,125.75,278.44,126,153,0.00,0.00,0,0
1544345757,1004-eth1,10790.42,226413.19,237203.59,226866,10812,125.75,152.69,278.44,153,126,0.00,0.00,0,0
1544345757,3005-eth4,1221916.25,1220738.50,2442654.75,1223180,1224360,910.18,804.39,1714.57,806,912,0.00,0.00,0,0
1544345757,1003-eth2,0.00,0.00,0.00,0,0,0.00,0.00,0.00,0,0,0.00,0.00,0,0
1544345757,3008-eth1,20790.42,1075139.75,1095930.12,1077290,20832,315.37,372.26,687.62,373,316,0.00,0.00,0,0
1544345757,1002-eth3,0.00,0.00,0.00,0,0,0.00,0.00,0.00,0,0,0.00,0.00,0,0
1544345757,2006-eth1,0.00,0.00,0.00,0,0,0.00,0.00,0.00,0,0,0.00,0.00,0,0
1544345757,3003-eth1,15632.74,633812.38,649445.12,635080,15664,227.54,243.51,471.06,244,228,0.00,0.00,0,0
1544345757,2001-eth3,0.00,0.00,0.00,0,0,0.00,0.00,0.00,0,0,0.00,0.00,0,0
1544345757,2008-eth2,25293.41,1222968.12,1248261.50,1225414,25344,383.23,422.16,805.39,423,384,0.00,0.00,0,0
1544345757,2008-eth3,1033550.94,658020.00,1691570.88,659336,1035618,551.90,554.89,1106.79,556,553,0.00,0.00,0,0
1544345757,1001-eth3,27401.20,1194852.38,1222253.50,1197242,27456,415.17,412.18,827.35,413,416,0.00,0.00,0,0
1544345757,2007-eth4,1075139.75,20790.42,1095930.12,20832,1077290,372.26,315.37,687.62,316,373,0.00,0.00,0,0
1544345757,2004-eth2,1220393.25,31243.51,1251636.75,31306,1222834,500.00,436.13,936.13,437,501,0.00,0.00,0,0
1544345757,3002-eth1,1223343.38,1223529.00,2446872.25,1225976,1225790,889.22,826.35,1715.57,828,891,0.00,0.00,0,0
1544345757,3004-eth1,636333.38,14075.85,650409.19,14104,637606,238.52,203.59,442.12,204,239,0.00,0.00,0,0
1544345757,2006-eth3,1220449.12,27005.99,1247455.12,27060,1222890,428.14,409.18,837.33,410,429,0.00,0.00,0,0
1544345757,3004-eth2,5770.46,5574.85,11345.31,5586,5782,58.88,56.89,115.77,57,59,0.00,0.00,0,0
1544345757,3001-eth3,1200069.88,228630.75,1428700.62,229088,1202470,206.59,223.55,430.14,224,207,0.00,0.00,0,0
1544345757,2003-eth4,14075.85,636333.38,650409.19,637606,14104,203.59,238.52,442.12,239,204,0.00,0.00,0,0
1544345757,2008-eth4,838479.06,16335.33,854814.38,16368,840156,289.42,247.50,536.93,248,290,0.00,0.00,0,0
1544345757,3008-eth3,1224622.75,506786.44,1731409.25,507800,1227072,622.75,562.87,1185.63,564,624,0.00,0.00,0,0
1544345757,2005-eth2,0.00,0.00,0.00,0,0,0.00,0.00,0.00,0,0,0.00,0.00,0,0
1544345757,2006-eth4,32956.09,1202578.88,1235535.00,1204984,33022,462.08,491.02,953.09,492,463,0.00,0.00,0,0
1544345757,3006-eth2,1202578.88,32956.09,1235535.00,33022,1204984,491.02,462.08,953.09,463,492,0.00,0.00,0,0
1544345757,1003-eth4,0.00,0.00,0.00,0,0,0.00,0.00,0.00,0,0,0.00,0.00,0,0
1544345757,2006-eth2,9307.39,86271.46,95578.84,86444,9326,102.79,109.78,212.57,110,103,0.00,0.00,0,0
1544345757,3001-eth1,0.00,0.00,0.00,0,0,0.00,0.00,0.00,0,0,0.00,0.00,0,0
1544345757,3008-eth2,16335.33,838479.06,854814.38,840156,16368,247.50,289.42,536.93,290,248,0.00,0.00,0,0
1544345757,2004-eth3,29287.43,1222806.38,1252093.88,1225252,29346,416.17,481.04,897.21,482,417,0.00,0.00,0,0
1544345757,3001-eth4,17394.61,1205642.38,1223037.00,1206848,17412,225.77,235.76,461.54,236,226,0.00,0.00,0,0
1544345757,1003-eth1,0.00,0.00,0.00,0,0,0.00,0.00,0.00,0,0,0.00,0.00,0,0
1544345757,3002-eth2,3916.08,3916.08,7832.17,3920,3920,39.96,39.96,79.92,40,40,0.00,0.00,0,0
1544345757,2005-eth4,0.00,0.00,0.00,0,0,0.00,0.00,0.00,0,0,0.00,0.00,0,0
1544345757,3003-eth2,1224028.00,29316.68,1253344.75,29346,1225252,481.52,416.58,898.10,417,482,0.00,0.00,0,0
1544345757,2007-eth1,23712.29,1224499.50,1248211.88,1225724,23736,359.64,449.55,809.19,450,360,0.00,0.00,0,0
1544345757,1002-eth4,0.00,0.00,0.00,0,0,0.00,0.00,0.00,0,0,0.00,0.00,0,0
1544345757,3002-eth4,19368.63,610195.81,629564.44,610806,19388,253.75,286.71,540.46,287,254,0.00,0.00,0,0
1544345757,2007-eth3,584819.19,439434.56,1024253.75,439874,585404,357.64,324.68,682.32,325,358,0.00,0.00,0,0
1544345757,3005-eth1,1196046.00,27428.57,1223474.50,27456,1197242,412.59,415.58,828.17,416,413,0.00,0.00,0,0
1544345757,2001-eth4,1224751.25,1224565.50,2449316.75,1225790,1225976,827.17,890.11,1717.28,891,828,0.00,0.00,0,0
1544345757,3003-eth4,29930.07,1221674.38,1251604.38,1222896,29960,415.58,499.50,915.08,500,416,0.00,0.00,0,0
1544345757,2004-eth1,0.00,0.00,0.00,0,0,0.00,0.00,0.00,0,0,0.00,0.00,0,0
1544345757,3006-eth4,33582.42,1223047.00,1256629.38,1224270,33616,471.53,498.50,970.03,499,472,0.00,0.00,0,0
1544345757,3007-eth1,439434.56,584819.19,1024253.75,585404,439874,324.68,357.64,682.32,358,325,0.00,0.00,0,0
1544345757,2008-eth1,0.00,0.00,0.00,0,0,0.00,0.00,0.00,0,0,0.00,0.00,0,0
1544345757,2002-eth2,226639.36,10801.20,237440.56,10812,226866,152.85,125.87,278.72,126,153,0.00,0.00,0,0
1544345757,2003-eth1,652617.38,648535.50,1301152.88,649184,653270,466.53,447.55,914.09,448,467,0.00,0.00,0,0
1544345757,3008-eth4,1218937.12,237256.75,1456193.88,237494,1220156,493.51,482.52,976.02,483,494,0.00,0.00,0,0
1544345757,1004-eth4,1224189.88,25318.68,1249508.50,25344,1225414,422.58,383.62,806.19,384,423,0.00,0.00,0,0
1544345757,3006-eth1,0.00,0.00,0.00,0,0,0.00,0.00,0.00,0,0,0.00,0.00,0,0
1544345757,1004-eth3,86357.65,9316.68,95674.33,9326,86444,109.89,102.90,212.79,103,110,0.00,0.00,0,0
1544345757,1002-eth2,0.00,0.00,0.00,0,0,0.00,0.00,0.00,0,0,0.00,0.00,0,0
1544345757,3004-eth3,33912.09,1223047.00,1256959.12,1224270,33946,476.52,498.50,975.03,499,477,0.00,0.00,0,0
1544345757,2003-eth3,634445.56,15648.35,650093.94,15664,635080,243.76,227.77,471.53,228,244,0.00,0.00,0,0
1544345757,2005-eth1,1196046.00,27428.57,1223474.50,27456,1197242,412.59,415.58,828.17,416,413,0.00,0.00,0,0
1544345757,3002-eth3,1209298.75,680321.69,1889620.38,681002,1210508,613.39,620.38,1233.77,621,614,0.00,0.00,0,0
1544345757,3006-eth3,1223598.38,1222090.00,2445688.50,1223312,1224822,786.21,807.19,1593.41,808,787,0.00,0.00,0,0
1544345757,2001-eth1,1224631.38,1224817.25,2449448.50,1226042,1225856,891.11,828.17,1719.28,829,892,0.00,0.00,0,0
1544345757,3005-eth2,27032.97,1221668.38,1248701.38,1222890,27060,409.59,428.57,838.16,429,410,0.00,0.00,0,0
1544345757,2001-eth2,0.00,0.00,0.00,0,0,0.00,0.00,0.00,0,0,0.00,0.00,0,0
1544345757,3007-eth2,658677.31,1034583.44,1693260.75,1035618,659336,555.44,552.45,1107.89,553,556,0.00,0.00,0,0
1544345757,1001-eth1,1224817.25,1224631.38,2449448.50,1225856,1226042,828.17,891.11,1719.28,892,829,0.00,0.00,0,0
1544345757,3007-eth4,584777.25,439392.62,1024169.88,439832,585362,356.64,323.68,680.32,324,357,0.00,0.00,0,0
1544345757,2003-eth2,0.00,0.00,0.00,0,0,0.00,0.00,0.00,0,0,0.00,0.00,0,0
1544345757,3007-eth3,1034625.38,658785.25,1693410.62,659444,1035660,553.45,557.44,1110.89,558,554,0.00,0.00,0,0
1544345757,1002-eth1,0.00,0.00,0.00,0,0,0.00,0.00,0.00,0,0,0.00,0.00,0,0
1544345757,2002-eth3,10801.20,226639.36,237440.56,226866,10812,125.87,152.85,278.72,153,126,0.00,0.00,0,0
1544345757,2007-eth2,0.00,0.00,0.00,0,0,0.00,0.00,0.00,0,0,0.00,0.00,0,0
1544345757,total,34805200.00,35301632.00,70106832.00,35336932,34840004,24153.85,24181.82,48335.67,24206,24178,0.00,0.00,0,0
1544345758,3003-eth3,625940.06,89005.00,714945.06,89094,626566,234.77,230.77,465.53,231,235,0.00,0.00,0,0
1544345758,2002-eth1,0.00,0.00,0.00,0,0,0.00,0.00,0.00,0,0,0.00,0.00,0,0
1544345758,lo,1198.80,1198.80,2397.60,1200,1200,19.98,19.98,39.96,20,20,0.00,0.00,0,0
1544345758,3005-eth3,1154225.75,1195590.50,2349816.25,1196786,1155380,765.23,778.22,1543.46,779,766,0.00,0.00,0,0
1544345758,2005-eth3,24329.67,1196046.00,1220375.62,1197242,24354,368.63,412.59,781.22,413,369,0.00,0.00,0,0
1544345758,3004-eth4,1217516.50,702811.19,1920327.75,703514,1218734,606.39,632.37,1238.76,633,607,0.00,0.00,0,0
1544345758,1004-eth2,31108.89,1223049.00,1254157.88,1224272,31140,433.57,499.50,933.07,500,434,0.00,0.00,0,0
1544345758,2004-eth4,5678.32,5776.22,11454.55,5782,5684,57.94,58.94,116.88,59,58,0.00,0.00,0,0
1544345758,1001-eth2,640739.25,693740.25,1334479.50,694434,641380,441.56,476.52,918.08,477,442,0.00,0.00,0,0
1544345758,1003-eth3,0.00,0.00,0.00,0,0,0.00,0.00,0.00,0,0,0.00,0.00,0,0
1544345758,2002-eth4,3916.08,3916.08,7832.17,3920,3920,39.96,39.96,79.92,40,40,0.00,0.00,0,0
1544345758,1001-eth4,1222677.38,24725.28,1247402.62,24750,1223900,421.58,374.63,796.20,375,422,0.00,0.00,0,0
1544345758,3001-eth2,268261.75,11296.70,279558.44,11308,268530,168.83,133.87,302.70,134,169,0.00,0.00,0,0
1544345758,1004-eth1,11296.70,268261.75,279558.44,268530,11308,133.87,168.83,302.70,169,134,0.00,0.00,0,0
1544345758,3005-eth4,1218385.62,1222090.00,2440475.50,1223312,1219604,817.18,807.19,1624.38,808,818,0.00,0.00,0,0
1544345758,1003-eth2,0.00,0.00,0.00,0,0,0.00,0.00,0.00,0,0,0.00,0.00,0,0
1544345758,3008-eth1,21206.79,1079106.88,1100313.75,1080186,21228,321.68,372.63,694.31,373,322,0.00,0.00,0,0
1544345758,1002-eth3,0.00,0.00,0.00,0,0,0.00,0.00,0.00,0,0,0.00,0.00,0,0
1544345758,2006-eth1,0.00,0.00,0.00,0,0,0.00,0.00,0.00,0,0,0.00,0.00,0,0
1544345758,3003-eth1,15376.62,626449.56,641826.19,627076,15392,223.78,233.77,457.54,234,224,0.00,0.00,0,0
1544345758,2001-eth3,0.00,0.00,0.00,0,0,0.00,0.00,0.00,0,0,0.00,0.00,0,0
1544345758,2008-eth2,25978.02,1219718.38,1245696.38,1220938,26004,393.61,420.58,814.19,421,394,0.00,0.00,0,0
1544345758,2008-eth3,1030177.88,651312.69,1681490.50,651964,1031208,551.45,553.45,1104.90,554,552,0.00,0.00,0,0
1544345758,1001-eth3,24329.67,1196046.00,1220375.62,1197242,24354,368.63,412.59,781.22,413,369,0.00,0.00,0,0
1544345758,2007-eth4,1079106.88,21206.79,1100313.75,21228,1080186,372.63,321.68,694.31,322,373,0.00,0.00,0,0
1544345758,2004-eth2,1223049.00,31108.89,1254157.88,31140,1224272,499.50,433.57,933.07,434,500,0.00,0.00,0,0
1544345758,3002-eth1,1219690.38,1219760.25,2439450.50,1220980,1220910,818.18,841.16,1659.34,842,819,0.00,0.00,0,0
1544345758,3004-eth1,678363.62,14289.71,692653.38,14304,679042,252.75,207.79,460.54,208,253,0.00,0.00,0,0
1544345758,2006-eth3,1221560.50,25912.09,1247472.50,25938,1222782,426.57,392.61,819.18,393,427,0.00,0.00,0,0
1544345758,3004-eth2,5776.22,5678.32,11454.55,5684,5782,58.94,57.94,116.88,58,59,0.00,0.00,0,0
1544345758,3001-eth3,1199628.38,270417.59,1470046.00,270688,1200828,225.77,239.76,465.53,240,226,0.00,0.00,0,0
1544345758,2003-eth4,14289.71,678363.62,692653.38,679042,14304,207.79,252.75,460.54,253,208,0.00,0.00,0,0
1544345758,2008-eth4,828927.12,17010.99,845938.06,17028,829756,285.71,257.74,543.46,258,286,0.00,0.00,0,0
1544345758,3008-eth3,1220447.62,520641.38,1741089.00,521162,1221668,585.41,568.43,1153.85,569,586,0.00,0.00,0,0
1544345758,2005-eth2,0.00,0.00,0.00,0,0,0.00,0.00,0.00,0,0,0.00,0.00,0,0
1544345758,2006-eth4,32393.61,1203682.38,1236076.00,1204886,32426,452.55,490.51,943.06,491,453,0.00,0.00,0,0
1544345758,3006-eth2,1203682.38,32393.61,1236076.00,32426,1204886,490.51,452.55,943.06,453,491,0.00,0.00,0,0
1544345758,1003-eth4,0.00,0.00,0.00,0,0,0.00,0.00,0.00,0,0,0.00,0.00,0,0
1544345758,2006-eth2,8889.11,99728.27,108617.38,99828,8898,96.90,113.89,210.79,114,97,0.00,0.00,0,0
1544345758,3001-eth1,0.00,0.00,0.00,0,0,0.00,0.00,0.00,0,0,0.00,0.00,0,0
1544345758,3008-eth2,17010.99,828927.12,845938.06,829756,17028,257.74,285.71,543.46,286,258,0.00,0.00,0,0
1544345758,2004-eth3,29052.95,1222341.75,1251394.62,1223564,29082,412.59,477.52,890.11,478,413,0.00,0.00,0,0
1544345758,3001-eth4,17428.57,1203604.38,1221033.00,1204808,17446,226.77,247.75,474.53,248,227,0.00,0.00,0,0
1544345758,1003-eth1,0.00,0.00,0.00,0,0,0.00,0.00,0.00,0,0,0.00,0.00,0,0
1544345758,3002-eth2,3916.08,3916.08,7832.17,3920,3920,39.96,39.96,79.92,40,40,0.00,0.00,0,0
1544345758,2005-eth4,0.00,0.00,0.00,0,0,0.00,0.00,0.00,0,0,0.00,0.00,0,0
1544345758,3003-eth2,1221121.75,29023.95,1250145.75,29082,1223564,477.05,412.18,889.22,413,478,0.00,0.00,0,0
1544345758,2007-eth1,24700.60,1221457.12,1246157.75,1223900,24750,374.25,421.16,795.41,422,375,0.00,0.00,0,0
1544345758,1002-eth4,0.00,0.00,0.00,0,0,0.00,0.00,0.00,0,0,0.00,0.00,0,0
1544345758,3002-eth4,19880.24,600816.38,620696.62,602018,19920,263.47,284.43,547.90,285,264,0.00,0.00,0,0
1544345758,2007-eth3,567634.75,429233.53,996868.31,430092,568770,324.35,329.34,653.69,330,325,0.00,0.00,0,0
1544345758,3005-eth1,1194852.38,24305.39,1219157.75,24354,1197242,412.18,368.26,780.44,369,413,0.00,0.00,0,0
1544345758,2001-eth4,1218543.00,1218473.12,2437016.00,1220910,1220980,840.32,817.37,1657.68,819,842,0.00,0.00,0,0
1544345758,3003-eth4,29532.94,1220217.62,1249750.50,1222658,29592,411.18,496.01,907.19,497,412,0.00,0.00,0,0
1544345758,2004-eth1,0.00,0.00,0.00,0,0,0.00,0.00,0.00,0,0,0.00,0.00,0,0
1544345758,3006-eth4,33810.38,1220315.38,1254125.75,1222756,33878,474.05,497.01,971.06,498,475,0.00,0.00,0,0
1544345758,3007-eth1,429233.53,567634.75,996868.31,568770,430092,329.34,324.35,653.69,325,330,0.00,0.00,0,0
1544345758,2008-eth1,0.00,0.00,0.00,0,0,0.00,0.00,0.00,0,0,0.00,0.00,0,0
1544345758,2002-eth2,267994.03,11285.43,279279.44,11308,268530,168.66,133.73,302.40,134,169,0.00,0.00,0,0
1544345758,2003-eth1,693047.94,640099.81,1333147.75,641380,694434,476.05,441.12,917.17,442,477,0.00,0.00,0,0
1544345758,3008-eth4,1219497.00,233536.94,1453034.00,234004,1221936,479.04,473.05,952.10,474,480,0.00,0.00,0,0
1544345758,1004-eth4,1218501.00,25952.10,1244453.12,26004,1220938,420.16,393.21,813.37,394,421,0.00,0.00,0,0
1544345758,3006-eth1,0.00,0.00,0.00,0,0,0.00,0.00,0.00,0,0,0.00,0.00,0,0
1544345758,1004-eth3,99628.74,8880.24,108508.98,8898,99828,113.77,96.81,210.58,97,114,0.00,0.00,0,0
1544345758,1002-eth2,0.00,0.00,0.00,0,0,0.00,0.00,0.00,0,0,0.00,0.00,0,0
1544345758,3004-eth3,33714.57,1220217.62,1253932.12,1222658,33782,474.05,496.01,970.06,497,475,0.00,0.00,0,0
1544345758,2003-eth3,625824.38,15361.28,641185.62,15392,627076,233.53,223.55,457.09,224,234,0.00,0.00,0,0
1544345758,2005-eth1,1194852.38,24305.39,1219157.75,24354,1197242,412.18,368.26,780.44,369,413,0.00,0.00,0,0
1544345758,3002-eth3,1202574.88,679511.00,1882085.88,680870,1204980,616.77,617.76,1234.53,619,618,0.00,0.00,0,0
1544345758,3006-eth3,1219750.50,1220936.12,2440686.75,1223378,1222190,789.42,807.39,1596.81,809,791,0.00,0.00,0,0
1544345758,2001-eth1,1219722.62,1218411.25,2438133.75,1220848,1222162,815.37,838.32,1653.69,840,817,0.00,0.00,0,0
1544345758,3005-eth2,25886.23,1220341.38,1246227.62,1222782,25938,392.22,426.15,818.36,427,393,0.00,0.00,0,0
1544345758,2001-eth2,0.00,0.00,0.00,0,0,0.00,0.00,0.00,0,0,0.00,0.00,0,0
1544345758,3007-eth2,650662.69,1029149.75,1679812.38,1031208,651964,552.89,550.90,1103.79,552,554,0.00,0.00,0,0
1544345758,1001-eth1,1218411.25,1219722.62,2438133.75,1222162,1220848,838.32,815.37,1653.69,817,840,0.00,0.00,0,0
1544345758,3007-eth4,567634.75,429233.53,996868.31,430092,568770,324.35,329.34,653.69,330,325,0.00,0.00,0,0
1544345758,2003-eth2,0.00,0.00,0.00,0,0,0.00,0.00,0.00,0,0,0.00,0.00,0,0
1544345758,3007-eth3,1029149.75,650596.81,1679746.50,651898,1031208,550.90,551.90,1102.79,553,552,0.00,0.00,0,0
1544345758,1002-eth1,0.00,0.00,0.00,0,0,0.00,0.00,0.00,0,0,0.00,0.00,0,0
1544345758,2002-eth3,11285.43,267994.03,279279.44,268530,11308,133.73,168.66,302.40,169,134,0.00,0.00,0,0
1544345758,2007-eth2,0.00,0.00,0.00,0,0,0.00,0.00,0.00,0,0,0.00,0.00,0,0
1544345758,total,34765492.00,35437368.00,70202864.00,35508238,34835024,23764.47,23977.05,47741.52,24025,23812,0.00,0.00,0,0
1544345759,3003-eth3,630873.12,141084.92,771958.06,141226,631504,243.76,252.75,496.50,253,244,0.00,0.00,0,0
1544345759,2002-eth1,0.00,0.00,0.00,0,0,0.00,0.00,0.00,0,0,0.00,0.00,0,0
1544345759,lo,0.00,0.00,0.00,0,0,0.00,0.00,0.00,0,0,0.00,0.00,0,0
1544345759,3005-eth3,1162509.50,1176451.62,2338961.00,1177628,1163672,759.24,773.23,1532.47,774,760,0.00,0.00,0,0
1544345759,2005-eth3,25252.75,1196046.00,1221298.75,1197242,25278,382.62,412.59,795.20,413,383,0.00,0.00,0,0
1544345759,3004-eth4,1223830.25,739634.38,1963464.62,740374,1225054,614.39,642.36,1256.74,643,615,0.00,0.00,0,0
1544345759,1004-eth2,31306.69,1224297.75,1255604.38,1225522,31338,436.56,496.50,933.07,497,437,0.00,0.00,0,0
1544345759,2004-eth4,5678.32,5678.32,11356.64,5684,5684,57.94,57.94,115.88,58,58,0.00,0.00,0,0
1544345759,1001-eth2,645868.12,731056.94,1376925.12,731788,646514,452.55,493.51,946.05,494,453,0.00,0.00,0,0
1544345759,1003-eth3,0.00,0.00,0.00,0,0,0.00,0.00,0.00,0,0,0.00,0.00,0,0
1544345759,2002-eth4,3916.08,3916.08,7832.17,3920,3920,39.96,39.96,79.92,40,40,0.00,0.00,0,0
1544345759,1001-eth4,1222677.38,24857.14,1247534.50,24882,1223900,421.58,376.62,798.20,377,422,0.00,0.00,0,0
1544345759,3001-eth2,280000.00,11756.24,291756.25,11768,280280,171.83,139.86,311.69,140,172,0.00,0.00,0,0
1544345759,1004-eth1,11756.24,280000.00,291756.25,280280,11768,139.86,171.83,311.69,172,140,0.00,0.00,0,0
1544345759,3005-eth4,1222279.75,1222024.00,2444303.75,1223246,1223502,766.23,806.19,1572.43,807,767,0.00,0.00,0,0
1544345759,1003-eth2,0.00,0.00,0.00,0,0,0.00,0.00,0.00,0,0,0.00,0.00,0,0
1544345759,3008-eth1,21956.04,1099844.12,1121800.25,1100944,21978,332.67,379.62,712.29,380,333,0.00,0.00,0,0
1544345759,1002-eth3,0.00,0.00,0.00,0,0,0.00,0.00,0.00,0,0,0.00,0.00,0,0
1544345759,2006-eth1,0.00,0.00,0.00,0,0,0.00,0.00,0.00,0,0,0.00,0.00,0,0
1544345759,3003-eth1,15640.36,630855.19,646495.50,631486,15656,227.77,234.77,462.54,235,228,0.00,0.00,0,0
1544345759,2001-eth3,0.00,0.00,0.00,0,0,0.00,0.00,0.00,0,0,0.00,0.00,0,0
1544345759,2008-eth2,25912.09,1222677.38,1248589.50,1223900,25938,392.61,421.58,814.19,422,393,0.00,0.00,0,0
1544345759,2008-eth3,1021168.88,633228.81,1654397.62,633862,1022190,546.45,542.46,1088.91,543,547,0.00,0.00,0,0
1544345759,1001-eth3,25252.75,1196046.00,1221298.75,1197242,25278,382.62,412.59,795.20,413,383,0.00,0.00,0,0
1544345759,2007-eth4,1099844.12,21956.04,1121800.25,21978,1100944,379.62,332.67,712.29,333,380,0.00,0.00,0,0
1544345759,2004-eth2,1224297.75,31306.69,1255604.38,31338,1225522,496.50,436.56,933.07,437,497,0.00,0.00,0,0
1544345759,3002-eth1,1221798.25,1222157.88,2443956.00,1223380,1223020,829.17,833.17,1662.34,834,830,0.00,0.00,0,0
1544345759,3004-eth1,715416.62,15012.99,730429.56,15028,716132,265.73,217.78,483.52,218,266,0.00,0.00,0,0
1544345759,2006-eth3,1221296.75,26571.43,1247868.12,26598,1222518,422.58,402.60,825.17,403,423,0.00,0.00,0,0
1544345759,3004-eth2,5678.32,5678.32,11356.64,5684,5684,57.94,57.94,115.88,58,58,0.00,0.00,0,0
1544345759,3001-eth3,1208967.12,282715.28,1491682.38,282998,1210176,235.76,250.75,486.51,251,236,0.00,0.00,0,0
1544345759,2003-eth4,15012.99,715416.62,730429.56,716132,15028,217.78,265.73,483.52,266,218,0.00,0.00,0,0
1544345759,2008-eth4,825968.06,17142.86,843110.94,17160,826794,284.72,259.74,544.46,260,285,0.00,0.00,0,0
1544345759,3008-eth3,1220839.25,498703.31,1719542.50,499202,1222060,569.43,564.44,1133.87,565,570,0.00,0.00,0,0
1544345759,2005-eth2,0.00,0.00,0.00,0,0,0.00,0.00,0.00,0,0,0.00,0.00,0,0
1544345759,2006-eth4,32329.67,1203780.25,1236109.88,1204984,32362,452.55,491.51,944.06,492,453,0.00,0.00,0,0
1544345759,3006-eth2,1203780.25,32329.67,1236109.88,32362,1204984,491.51,452.55,944.06,453,492,0.00,0.00,0,0
1544345759,1003-eth4,0.00,0.00,0.00,0,0,0.00,0.00,0.00,0,0,0.00,0.00,0,0
1544345759,2006-eth2,9514.49,85986.02,95500.50,86072,9524,105.89,103.90,209.79,104,106,0.00,0.00,0,0
1544345759,3001-eth1,0.00,0.00,0.00,0,0,0.00,0.00,0.00,0,0,0.00,0.00,0,0
1544345759,3008-eth2,17142.86,825968.06,843110.94,826794,17160,259.74,284.72,544.46,285,260,0.00,0.00,0,0
1544345759,2004-eth3,29250.75,1225102.88,1254353.62,1226328,29280,415.58,475.52,891.11,476,416,0.00,0.00,0,0
1544345759,3001-eth4,18085.91,1212581.50,1230667.38,1213794,18104,235.76,252.75,488.51,253,236,0.00,0.00,0,0
1544345759,1003-eth1,0.00,0.00,0.00,0,0,0.00,0.00,0.00,0,0,0.00,0.00,0,0
1544345759,3002-eth2,3916.08,3916.08,7832.17,3920,3920,39.96,39.96,79.92,40,40,0.00,0.00,0,0
1544345759,2005-eth4,0.00,0.00,0.00,0,0,0.00,0.00,0.00,0,0,0.00,0.00,0,0
1544345759,3003-eth2,1225102.88,29250.75,1254353.62,29280,1226328,475.52,415.58,891.11,416,476,0.00,0.00,0,0
1544345759,2007-eth1,24857.14,1222677.38,1247534.50,1223900,24882,376.62,421.58,798.20,422,377,0.00,0.00,0,0
1544345759,1002-eth4,0.00,0.00,0.00,0,0,0.00,0.00,0.00,0,0,0.00,0.00,0,0
1544345759,3002-eth4,19404.60,564395.62,583800.19,564960,19424,255.74,271.73,527.47,272,256,0.00,0.00,0,0
1544345759,2007-eth3,550669.38,432183.81,982853.19,432616,551220,321.68,323.68,645.35,324,322,0.00,0.00,0,0
1544345759,3005-eth1,1196046.00,25252.75,1221298.75,25278,1197242,412.59,382.62,795.20,383,413,0.00,0.00,0,0
1544345759,2001-eth4,1222157.88,1221798.25,2443956.00,1223020,1223380,833.17,829.17,1662.34,830,834,0.00,0.00,0,0
1544345759,3003-eth4,29232.77,1224395.62,1253628.38,1225620,29262,406.59,497.50,904.10,498,407,0.00,0.00,0,0
1544345759,2004-eth1,0.00,0.00,0.00,0,0,0.00,0.00,0.00,0,0,0.00,0.00,0,0
1544345759,3006-eth4,33516.48,1221436.62,1254953.12,1222658,33550,470.53,496.50,967.03,497,471,0.00,0.00,0,0
1544345759,3007-eth1,432183.81,550669.38,982853.19,551220,432616,323.68,321.68,645.35,322,324,0.00,0.00,0,0
1544345759,2008-eth1,0.00,0.00,0.00,0,0,0.00,0.00,0.00,0,0,0.00,0.00,0,0
1544345759,2002-eth2,280000.00,11756.24,291756.25,11768,280280,171.83,139.86,311.69,140,172,0.00,0.00,0,0
1544345759,2003-eth1,731056.94,645868.12,1376925.12,646514,731788,493.51,452.55,946.05,453,494,0.00,0.00,0,0
1544345759,3008-eth4,1223146.88,210031.97,1433178.88,210242,1224370,472.53,464.54,937.06,465,473,0.00,0.00,0,0
1544345759,1004-eth4,1222677.38,25912.09,1248589.50,25938,1223900,421.58,392.61,814.19,393,422,0.00,0.00,0,0
1544345759,3006-eth1,0.00,0.00,0.00,0,0,0.00,0.00,0.00,0,0,0.00,0.00,0,0
1544345759,1004-eth3,85986.02,9514.49,95500.50,9524,86072,103.90,105.89,209.79,106,104,0.00,0.00,0,0
1544345759,1002-eth2,0.00,0.00,0.00,0,0,0.00,0.00,0.00,0,0,0.00,0.00,0,0
1544345759,3004-eth3,33812.19,1221436.62,1255248.75,1222658,33846,474.53,496.50,971.03,497,475,0.00,0.00,0,0
1544345759,2003-eth3,630855.19,15640.36,646495.50,15656,631486,234.77,227.77,462.54,228,235,0.00,0.00,0,0
1544345759,2005-eth1,1196046.00,25252.75,1221298.75,25278,1197242,412.59,382.62,795.20,383,413,0.00,0.00,0,0
1544345759,3002-eth3,1206669.38,668419.62,1875089.00,669088,1207876,617.38,615.38,1232.77,616,618,0.00,0.00,0,0
1544345759,3006-eth3,1220441.62,1222024.00,2442465.50,1223246,1221662,782.22,806.19,1588.41,807,783,0.00,0.00,0,0
1544345759,2001-eth1,1222060.00,1222223.75,2444283.75,1223446,1223282,832.17,834.17,1666.33,835,833,0.00,0.00,0,0
1544345759,3005-eth2,26571.43,1221296.75,1247868.12,1222518,26598,402.60,422.58,825.17,423,403,0.00,0.00,0,0
1544345759,2001-eth2,0.00,0.00,0.00,0,0,0.00,0.00,0.00,0,0,0.00,0.00,0,0
1544345759,3007-eth2,633228.81,1021168.88,1654397.62,1022190,633862,542.46,546.45,1088.91,547,543,0.00,0.00,0,0
1544345759,1001-eth1,1222223.75,1222060.00,2444283.75,1223282,1223446,834.17,832.17,1666.33,833,835,0.00,0.00,0,0
1544345759,3007-eth4,550669.38,432183.81,982853.19,432616,551220,321.68,323.68,645.35,324,322,0.00,0.00,0,0
1544345759,2003-eth2,0.00,0.00,0.00,0,0,0.00,0.00,0.00,0,0,0.00,0.00,0,0
1544345759,3007-eth3,1021102.94,633228.81,1654331.75,633862,1022124,545.45,542.46,1087.91,543,546,0.00,0.00,0,0
1544345759,1002-eth1,0.00,0.00,0.00,0,0,0.00,0.00,0.00,0,0,0.00,0.00,0,0
1544345759,2002-eth3,11756.24,280000.00,291756.25,280280,11768,139.86,171.83,311.69,172,140,0.00,0.00,0,0
1544345759,2007-eth2,0.00,0.00,0.00,0,0,0.00,0.00,0.00,0,0,0.00,0.00,0,0
1544345759,total,34900492.00,35545860.00,70446352.00,35581404,34935392,23808.19,24093.91,47902.10,24118,23832,0.00,0.00,0,0
1544345760,3003-eth3,632319.69,132141.86,764461.56,132274,632952,243.76,248.75,492.51,249,244,0.00,0.00,0,0
1544345760,2002-eth1,0.00,0.00,0.00,0,0,0.00,0.00,0.00,0,0,0.00,0.00,0,0
1544345760,lo,1198.80,1198.80,2397.60,1200,1200,19.98,19.98,39.96,20,20,0.00,0.00,0,0
1544345760,3005-eth3,1166849.12,1189734.25,2356583.50,1190924,1168016,759.24,777.22,1536.46,778,760,0.00,0.00,0,0
1544345760,2005-eth3,25582.42,1184209.88,1209792.25,1185394,25608,387.61,408.59,796.20,409,388,0.00,0.00,0,0
1544345760,3004-eth4,1209039.00,772315.69,1981354.75,773088,1210248,609.39,655.34,1264.74,656,610,0.00,0.00,0,0
1544345760,1004-eth2,30449.55,1209502.50,1239952.12,1210712,30480,423.58,491.51,915.08,492,424,0.00,0.00,0,0
1544345760,2004-eth4,5678.32,5874.13,11552.45,5880,5684,57.94,59.94,117.88,60,58,0.00,0.00,0,0
1544345760,1001-eth2,647774.25,763704.31,1411478.50,764468,648422,458.54,505.49,964.04,506,459,0.00,0.00,0,0
1544345760,1003-eth3,0.00,0.00,0.00,0,0,0.00,0.00,0.00,0,0,0.00,0.00,0,0
1544345760,2002-eth4,3818.18,3916.08,7734.27,3920,3822,38.96,39.96,78.92,40,39,0.00,0.00,0,0
1544345760,1001-eth4,1210841.25,24461.54,1235302.75,24486,1212052,417.58,370.63,788.21,371,418,0.00,0.00,0,0
1544345760,3001-eth2,282959.06,11592.41,294551.47,11604,283242,172.83,137.86,310.69,138,173,0.00,0.00,0,0
1544345760,1004-eth1,11592.41,283056.94,294649.34,283340,11604,137.86,173.83,311.69,174,138,0.00,0.00,0,0
1544345760,3005-eth4,1208605.38,1209990.00,2418595.50,1211200,1209814,778.22,799.20,1577.42,800,779,0.00,0.00,0,0
1544345760,1003-eth2,0.00,0.00,0.00,0,0,0.00,0.00,0.00,0,0,0.00,0.00,0,0
1544345760,3008-eth1,22483.52,1126475.50,1148959.12,1127602,22506,340.66,388.61,729.27,389,341,0.00,0.00,0,0
1544345760,1002-eth3,0.00,0.00,0.00,0,0,0.00,0.00,0.00,0,0,0.00,0.00,0,0
1544345760,2006-eth1,0.00,0.00,0.00,0,0,0.00,0.00,0.00,0,0,0.00,0.00,0,0
1544345760,3003-eth1,15672.33,632563.44,648235.81,633196,15688,227.77,237.76,465.53,238,228,0.00,0.00,0,0
1544345760,2001-eth3,0.00,0.00,0.00,0,0,0.00,0.00,0.00,0,0,0.00,0.00,0,0
1544345760,2008-eth2,25054.95,1210841.25,1235896.12,1212052,25080,379.62,417.58,797.20,418,380,0.00,0.00,0,0
1544345760,2008-eth3,978295.75,635466.56,1613762.25,636102,979274,532.47,532.47,1064.94,533,533,0.00,0.00,0,0
1544345760,1001-eth3,25582.42,1184209.88,1209792.25,1185394,25608,387.61,408.59,796.20,409,388,0.00,0.00,0,0
1544345760,2007-eth4,1126475.50,22483.52,1148959.12,22506,1127602,388.61,340.66,729.27,341,389,0.00,0.00,0,0
1544345760,2004-eth2,1209502.50,30449.55,1239952.12,30480,1210712,491.51,423.58,915.08,424,492,0.00,0.00,0,0
1544345760,3002-eth1,1210683.38,1211570.50,2422253.75,1212782,1211894,834.17,826.17,1660.34,827,835,0.00,0.00,0,0
1544345760,3004-eth1,748032.00,15210.79,763242.75,15226,748780,277.72,220.78,498.50,221,278,0.00,0.00,0,0
1544345760,2006-eth3,1212353.62,26505.50,1238859.12,26532,1213566,418.58,401.60,820.18,402,419,0.00,0.00,0,0
1544345760,3004-eth2,5874.13,5678.32,11552.45,5684,5880,59.94,57.94,117.88,58,60,0.00,0.00,0,0
1544345760,3001-eth3,1192197.88,285080.94,1477278.75,285366,1193390,222.78,242.76,465.53,243,223,0.00,0.00,0,0
1544345760,2003-eth4,15210.79,748032.00,763242.75,748780,15226,220.78,277.72,498.50,278,221,0.00,0.00,0,0
1544345760,2008-eth4,860030.00,17142.86,877172.88,17160,860890,296.70,259.74,556.44,260,297,0.00,0.00,0,0
1544345760,3008-eth3,1209814.25,483578.44,1693392.62,484062,1211024,555.44,554.45,1109.89,555,556,0.00,0.00,0,0
1544345760,2005-eth2,0.00,0.00,0.00,0,0,0.00,0.00,0.00,0,0,0.00,0.00,0,0
1544345760,2006-eth4,32525.47,1191944.12,1224469.62,1193136,32558,454.55,487.51,942.06,488,455,0.00,0.00,0,0
1544345760,3006-eth2,1191944.12,32525.47,1224469.62,32558,1193136,487.51,454.55,942.06,455,488,0.00,0.00,0,0
1544345760,1003-eth4,0.00,0.00,0.00,0,0,0.00,0.00,0.00,0,0,0.00,0.00,0,0
1544345760,2006-eth2,9448.55,77304.70,86753.25,77382,9458,104.90,102.90,207.79,103,105,0.00,0.00,0,0
1544345760,3001-eth1,0.00,0.00,0.00,0,0,0.00,0.00,0.00,0,0,0.00,0.00,0,0
1544345760,3008-eth2,17142.86,860030.00,877172.88,860890,17160,259.74,296.70,556.44,297,260,0.00,0.00,0,0
1544345760,2004-eth3,28589.41,1207544.50,1236133.88,1208752,28618,404.60,471.53,876.12,472,405,0.00,0.00,0,0
1544345760,3001-eth4,17394.61,1195878.12,1213272.75,1197074,17412,225.77,240.76,466.53,241,226,0.00,0.00,0,0
1544345760,1003-eth1,0.00,0.00,0.00,0,0,0.00,0.00,0.00,0,0,0.00,0.00,0,0
1544345760,3002-eth2,3916.08,3818.18,7734.27,3822,3920,39.96,38.96,78.92,39,40,0.00,0.00,0,0
1544345760,2005-eth4,0.00,0.00,0.00,0,0,0.00,0.00,0.00,0,0,0.00,0.00,0,0
1544345760,3003-eth2,1207544.50,28589.41,1236133.88,28618,1208752,471.53,404.60,876.12,405,472,0.00,0.00,0,0
1544345760,2007-eth1,24461.54,1210841.25,1235302.75,1212052,24486,370.63,417.58,788.21,418,371,0.00,0.00,0,0
1544345760,1002-eth4,0.00,0.00,0.00,0,0,0.00,0.00,0.00,0,0,0.00,0.00,0,0
1544345760,3002-eth4,18977.02,540625.38,559602.44,541166,18996,249.75,262.74,512.49,263,250,0.00,0.00,0,0
1544345760,2007-eth3,524367.62,441980.03,966347.69,442422,524892,317.68,318.68,636.36,319,318,0.00,0.00,0,0
1544345760,3005-eth1,1184209.88,25582.42,1209792.25,25608,1185394,408.59,387.61,796.20,388,409,0.00,0.00,0,0
1544345760,2001-eth4,1211570.50,1210683.38,2422253.75,1211894,1212782,826.17,834.17,1660.34,835,827,0.00,0.00,0,0
1544345760,3003-eth4,28833.17,1209796.25,1238629.38,1211006,28862,398.60,494.51,893.11,495,399,0.00,0.00,0,0
1544345760,2004-eth1,0.00,0.00,0.00,0,0,0.00,0.00,0.00,0,0,0.00,0.00,0,0
1544345760,3006-eth4,33580.42,1212657.38,1246237.75,1213870,33614,470.53,494.51,965.03,495,471,0.00,0.00,0,0
1544345760,3007-eth1,441980.03,524367.62,966347.69,524892,442422,318.68,317.68,636.36,318,319,0.00,0.00,0,0
1544345760,2008-eth1,0.00,0.00,0.00,0,0,0.00,0.00,0.00,0,0,0.00,0.00,0,0
1544345760,2002-eth2,283056.94,11592.41,294649.34,11604,283340,173.83,137.86,311.69,138,174,0.00,0.00,0,0
1544345760,2003-eth1,763704.31,647774.25,1411478.50,648422,764468,505.49,458.54,964.04,459,506,0.00,0.00,0,0
1544345760,3008-eth4,1209011.00,226141.86,1435152.88,226368,1210220,477.52,467.53,945.05,468,478,0.00,0.00,0,0
1544345760,1004-eth4,1210841.25,25054.95,1235896.12,25080,1212052,417.58,379.62,797.20,380,418,0.00,0.00,0,0
1544345760,3006-eth1,0.00,0.00,0.00,0,0,0.00,0.00,0.00,0,0,0.00,0.00,0,0
1544345760,1004-eth3,77304.70,9448.55,86753.25,9458,77382,102.90,104.90,207.79,105,103,0.00,0.00,0,0
1544345760,1002-eth2,0.00,0.00,0.00,0,0,0.00,0.00,0.00,0,0,0.00,0.00,0,0
1544345760,3004-eth3,33878.12,1212755.25,1246633.38,1213968,33912,475.52,495.50,971.03,496,476,0.00,0.00,0,0
1544345760,2003-eth3,632563.44,15672.33,648235.81,15688,633196,237.76,227.77,465.53,228,238,0.00,0.00,0,0
1544345760,2005-eth1,1184209.88,25582.42,1209792.25,25608,1185394,408.59,387.61,796.20,388,409,0.00,0.00,0,0
1544345760,3002-eth3,1196411.62,666709.31,1863120.88,667376,1197608,615.38,611.39,1226.77,612,616,0.00,0.00,0,0
1544345760,3006-eth3,1208341.75,1210056.00,2418397.75,1211266,1209550,774.23,800.20,1574.43,801,775,0.00,0.00,0,0
1544345760,2001-eth1,1210749.25,1208611.38,2419360.75,1209820,1211960,835.16,825.17,1660.34,826,836,0.00,0.00,0,0
1544345760,3005-eth2,26505.50,1212353.62,1238859.12,1213566,26532,401.60,418.58,820.18,419,402,0.00,0.00,0,0
1544345760,2001-eth2,69.93,0.00,69.93,0,70,1.00,0.00,1.00,0,1,0.00,0.00,0,0
1544345760,3007-eth2,635466.56,978295.75,1613762.25,979274,636102,532.47,532.47,1064.94,533,533,0.00,0.00,0,0
1544345760,1001-eth1,1208611.38,1210749.25,2419360.75,1211960,1209820,825.17,835.16,1660.34,836,826,0.00,0.00,0,0
1544345760,3007-eth4,524367.62,441980.03,966347.69,442422,524892,317.68,318.68,636.36,319,318,0.00,0.00,0,0
1544345760,2003-eth2,0.00,0.00,0.00,0,0,0.00,0.00,0.00,0,0,0.00,0.00,0,0
1544345760,3007-eth3,978361.69,635396.62,1613758.25,636032,979340,533.47,531.47,1064.94,532,534,0.00,0.00,0,0
1544345760,1002-eth1,0.00,69.93,69.93,70,0,0.00,1.00,1.00,1,0,0.00,0.00,0,0
1544345760,2002-eth3,11592.41,282959.06,294551.47,283242,11604,137.86,172.83,310.69,173,138,0.00,0.00,0,0
1544345760,2007-eth2,0.00,0.00,0.00,0,0,0.00,0.00,0.00,0,0,0.00,0.00,0,0
1544345760,total,34665504.00,35422360.00,70087864.00,35457780,34700168,23722.28,24009.99,47732.27,24034,23746,0.00,0.00,0,0
1544345761,3003-eth3,655794.25,113402.60,769196.81,113516,656450,248.75,249.75,498.50,250,249,0.00,0.00,0,0
1544345761,2002-eth1,0.00,0.00,0.00,0,0,0.00,0.00,0.00,0,0,0.00,0.00,0,0
1544345761,lo,0.00,0.00,0.00,0,0,0.00,0.00,0.00,0,0,0.00,0.00,0,0
1544345761,3005-eth3,1162971.00,1220837.25,2383808.25,1222058,1164134,766.23,788.21,1554.45,789,767,0.00,0.00,0,0
1544345761,2005-eth3,26043.96,1196046.00,1222090.00,1197242,26070,394.61,412.59,807.19,413,395,0.00,0.00,0,0
1544345761,3004-eth4,1221200.88,809336.69,2030537.50,810146,1222422,618.38,668.33,1286.71,669,619,0.00,0.00,0,0
1544345761,1004-eth2,30681.32,1222655.38,1253336.75,1223878,30712,427.57,494.51,922.08,495,428,0.00,0.00,0,0
1544345761,2004-eth4,5678.32,5678.32,11356.64,5684,5684,57.94,57.94,115.88,58,58,0.00,0.00,0,0
1544345761,1001-eth2,671446.56,801088.94,1472535.50,801890,672118,466.53,524.48,991.01,525,467,0.00,0.00,0,0
1544345761,1003-eth3,0.00,0.00,0.00,0,0,0.00,0.00,0.00,0,0,0.00,0.00,0,0
1544345761,2002-eth4,3916.08,3916.08,7832.17,3920,3920,39.96,39.96,79.92,40,40,0.00,0.00,0,0
1544345761,1001-eth4,1221230.75,24329.67,1245560.50,24354,1222452,421.58,368.63,790.21,369,422,0.00,0.00,0,0
1544345761,3001-eth2,321524.47,12087.91,333612.41,12100,321846,186.81,145.85,332.67,146,187,0.00,0.00,0,0
1544345761,1004-eth1,12087.91,321524.47,333612.41,321846,12100,145.85,186.81,332.67,187,146,0.00,0.00,0,0
1544345761,3005-eth4,1220639.38,1222221.75,2442861.25,1223444,1221860,785.21,809.19,1594.41,810,786,0.00,0.00,0,0
1544345761,1003-eth2,0.00,0.00,0.00,0,0,0.00,0.00,0.00,0,0,0.00,0.00,0,0
1544345761,3008-eth1,22285.71,1123516.50,1145802.25,1124640,22308,337.66,387.61,725.27,388,338,0.00,0.00,0,0
1544345761,1002-eth3,0.00,0.00,0.00,0,0,0.00,0.00,0.00,0,0,0.00,0.00,0,0
1544345761,2006-eth1,0.00,0.00,0.00,0,0,0.00,0.00,0.00,0,0,0.00,0.00,0,0
1544345761,3003-eth1,16199.80,656235.81,672435.56,656892,16216,235.76,245.75,481.52,246,236,0.00,0.00,0,0
1544345761,2001-eth3,0.00,0.00,0.00,0,0,0.00,0.00,0.00,0,0,0.00,0.00,0,0
1544345761,2008-eth2,26175.82,1219718.38,1245894.12,1220938,26202,396.60,420.58,817.18,421,397,0.00,0.00,0,0
1544345761,2008-eth3,1006109.94,615210.81,1621320.75,615826,1007116,537.46,532.47,1069.93,533,538,0.00,0.00,0,0
1544345761,1001-eth3,26043.96,1196046.00,1222090.00,1197242,26070,394.61,412.59,807.19,413,395,0.00,0.00,0,0
1544345761,2007-eth4,1123516.50,22285.71,1145802.25,22308,1124640,387.61,337.66,725.27,338,388,0.00,0.00,0,0
1544345761,2004-eth2,1222655.38,30681.32,1253336.75,30712,1223878,494.51,427.57,922.08,428,495,0.00,0.00,0,0
1544345761,3002-eth1,1220219.88,1222157.88,2442377.75,1223380,1221440,847.15,833.17,1680.32,834,848,0.00,0.00,0,0
1544345761,3004-eth1,784889.12,15210.79,800099.94,15226,785674,288.71,220.78,509.49,221,289,0.00,0.00,0,0
1544345761,2006-eth3,1219718.38,26307.69,1246026.00,26334,1220938,420.58,398.60,819.18,399,421,0.00,0.00,0,0
1544345761,3004-eth2,5678.32,5678.32,11356.64,5684,5684,57.94,57.94,115.88,58,58,0.00,0.00,0,0
1544345761,3001-eth3,1203114.88,323482.53,1526597.50,323806,1204318,234.77,254.75,489.51,255,235,0.00,0.00,0,0
1544345761,2003-eth4,15210.79,784889.12,800099.94,785674,15226,220.78,288.71,509.49,289,221,0.00,0.00,0,0
1544345761,2008-eth4,823009.00,17406.59,840415.62,17424,823832,283.72,263.74,547.45,264,284,0.00,0.00,0,0
1544345761,3008-eth3,1222771.25,473386.62,1696157.88,473860,1223994,554.45,553.45,1107.89,554,555,0.00,0.00,0,0
1544345761,2005-eth2,0.00,0.00,0.00,0,0,0.00,0.00,0.00,0,0,0.00,0.00,0,0
1544345761,2006-eth4,32329.67,1203584.50,1235914.12,1204788,32362,452.55,489.51,942.06,490,453,0.00,0.00,0,0
1544345761,3006-eth2,1203584.50,32329.67,1235914.12,32362,1204788,489.51,452.55,942.06,453,490,0.00,0.00,0,0
1544345761,1003-eth4,0.00,0.00,0.00,0,0,0.00,0.00,0.00,0,0,0.00,0.00,0,0
1544345761,2006-eth2,9054.95,125966.04,135020.98,126092,9064,99.90,117.88,217.78,118,100,0.00,0.00,0,0
1544345761,3001-eth1,0.00,0.00,0.00,0,0,0.00,0.00,0.00,0,0,0.00,0.00,0,0
1544345761,3008-eth2,17406.59,823009.00,840415.62,823832,17424,263.74,283.72,547.45,284,264,0.00,0.00,0,0
1544345761,2004-eth3,28625.38,1221850.12,1250475.50,1223072,28654,406.59,471.53,878.12,472,407,0.00,0.00,0,0
1544345761,3001-eth4,17230.77,1206299.75,1223530.50,1207506,17248,223.78,244.76,468.53,245,224,0.00,0.00,0,0
1544345761,1003-eth1,0.00,0.00,0.00,0,0,0.00,0.00,0.00,0,0,0.00,0.00,0,0
1544345761,3002-eth2,3916.08,3916.08,7832.17,3920,3920,39.96,39.96,79.92,40,40,0.00,0.00,0,0
1544345761,2005-eth4,0.00,0.00,0.00,0,0,0.00,0.00,0.00,0,0,0.00,0.00,0,0
1544345761,3003-eth2,1221850.12,28625.38,1250475.50,28654,1223072,471.53,406.59,878.12,407,472,0.00,0.00,0,0
1544345761,2007-eth1,24329.67,1221230.75,1245560.50,1222452,24354,368.63,421.58,790.21,422,369,0.00,0.00,0,0
1544345761,1002-eth4,0.00,0.00,0.00,0,0,0.00,0.00,0.00,0,0,0.00,0.00,0,0
1544345761,3002-eth4,18811.19,525634.38,544445.56,526160,18830,246.75,255.74,502.50,256,247,0.00,0.00,0,0
1544345761,2007-eth3,518251.75,428499.50,946751.25,428928,518770,312.69,311.69,624.38,312,313,0.00,0.00,0,0
1544345761,3005-eth1,1196046.00,26043.96,1222090.00,26070,1197242,412.59,394.61,807.19,395,413,0.00,0.00,0,0
1544345761,2001-eth4,1222157.88,1220219.88,2442377.75,1221440,1223380,833.17,847.15,1680.32,848,834,0.00,0.00,0,0
1544345761,3003-eth4,29066.93,1220088.00,1249154.88,1221308,29096,403.60,497.50,901.10,498,404,0.00,0.00,0,0
1544345761,2004-eth1,0.00,0.00,0.00,0,0,0.00,0.00,0.00,0,0,0.00,0.00,0,0
1544345761,3006-eth4,33648.35,1221338.75,1254987.00,1222560,33682,472.53,495.50,968.03,496,473,0.00,0.00,0,0
1544345761,3007-eth1,428499.50,518251.75,946751.25,518770,428928,311.69,312.69,624.38,313,312,0.00,0.00,0,0
1544345761,2008-eth1,0.00,0.00,0.00,0,0,0.00,0.00,0.00,0,0,0.00,0.00,0,0
1544345761,2002-eth2,321524.47,12087.91,333612.41,12100,321846,186.81,145.85,332.67,146,187,0.00,0.00,0,0
1544345761,2003-eth1,801088.94,671446.56,1472535.50,672118,801890,524.48,466.53,991.01,467,525,0.00,0.00,0,0
1544345761,3008-eth4,1220847.12,226339.67,1447186.88,226566,1222068,481.52,470.53,952.05,471,482,0.00,0.00,0,0
1544345761,1004-eth4,1219718.38,26175.82,1245894.12,26202,1220938,420.58,396.60,817.18,397,421,0.00,0.00,0,0
1544345761,3006-eth1,0.00,0.00,0.00,0,0,0.00,0.00,0.00,0,0,0.00,0.00,0,0
1544345761,1004-eth3,125966.04,9054.95,135020.98,9064,126092,117.88,99.90,217.78,100,118,0.00,0.00,0,0
1544345761,1002-eth2,0.00,0.00,0.00,0,0,0.00,0.00,0.00,0,0,0.00,0.00,0,0
1544345761,3004-eth3,33944.06,1221338.75,1255282.75,1222560,33978,476.52,495.50,972.03,496,477,0.00,0.00,0,0
1544345761,2003-eth3,656235.81,16199.80,672435.56,16216,656892,245.75,235.76,481.52,236,246,0.00,0.00,0,0
1544345761,2005-eth1,1196046.00,26043.96,1222090.00,26070,1197242,412.59,394.61,807.19,395,413,0.00,0.00,0,0
1544345761,3002-eth3,1207262.75,680189.81,1887452.62,680870,1208470,626.37,618.38,1244.76,619,627,0.00,0.00,0,0
1544345761,3006-eth3,1220705.38,1222155.88,2442861.25,1223378,1221926,786.21,808.19,1594.41,809,787,0.00,0.00,0,0
1544345761,2001-eth1,1220088.00,1225214.88,2445302.75,1226440,1221308,845.15,835.16,1680.32,836,846,0.00,0.00,0,0
1544345761,3005-eth2,26307.69,1219718.38,1246026.00,1220938,26334,398.60,420.58,819.18,421,399,0.00,0.00,0,0
1544345761,2001-eth2,0.00,0.00,0.00,0,0,0.00,0.00,0.00,0,0,0.00,0.00,0,0
1544345761,3007-eth2,615210.81,1006109.94,1621320.75,1007116,615826,532.47,537.46,1069.93,538,533,0.00,0.00,0,0
1544345761,1001-eth1,1225214.88,1220088.00,2445302.75,1221308,1226440,835.16,845.15,1680.32,846,836,0.00,0.00,0,0
1544345761,3007-eth4,518251.75,428499.50,946751.25,428928,518770,312.69,311.69,624.38,312,313,0.00,0.00,0,0
1544345761,2003-eth2,0.00,0.00,0.00,0,0,0.00,0.00,0.00,0,0,0.00,0.00,0,0
1544345761,3007-eth3,1006109.94,615210.81,1621320.75,615826,1007116,537.46,532.47,1069.93,533,538,0.00,0.00,0,0
1544345761,1002-eth1,0.00,0.00,0.00,0,0,0.00,0.00,0.00,0,0,0.00,0.00,0,0
1544345761,2002-eth3,12087.91,321524.47,333612.41,321846,12100,145.85,186.81,332.67,187,146,0.00,0.00,0,0
1544345761,2007-eth2,0.00,0.00,0.00,0,0,0.00,0.00,0.00,0,0,0.00,0.00,0,0
1544345761,total,35122232.00,35859624.00,70981864.00,35895484,35157354,23947.05,24225.77,48172.83,24250,23971,0.00,0.00,0,0
1544345762,3003-eth3,673746.25,133064.94,806811.19,133198,674420,257.74,262.74,520.48,263,258,0.00,0.00,0,0
1544345762,2002-eth1,0.00,0.00,0.00,0,0,0.00,0.00,0.00,0,0,0.00,0.00,0,0
1544345762,lo,1198.80,1198.80,2397.60,1200,1200,19.98,19.98,39.96,20,20,0.00,0.00,0,0
1544345762,3005-eth3,1140481.50,1226293.75,2366775.25,1227520,1141622,754.25,783.22,1537.46,784,755,0.00,0.00,0,0
1544345762,2005-eth3,26703.30,1197492.50,1224195.88,1198690,26730,404.60,412.59,817.18,413,405,0.00,0.00,0,0
1544345762,3004-eth4,1222185.88,810783.25,2032969.12,811594,1223408,611.39,668.33,1279.72,669,612,0.00,0.00,0,0
1544345762,1004-eth2,30483.52,1224297.75,1254781.25,1225522,30514,424.58,496.50,921.08,497,425,0.00,0.00,0,0
1544345762,2004-eth4,5678.32,5678.32,11356.64,5684,5684,57.94,57.94,115.88,58,58,0.00,0.00,0,0
1544345762,1001-eth2,689007.00,803029.00,1492036.00,803832,689696,469.53,531.47,1001.00,532,470,0.00,0.00,0,0
1544345762,1003-eth3,0.00,0.00,0.00,0,0,0.00,0.00,0.00,0,0,0.00,0.00,0,0
1544345762,2002-eth4,3916.08,3986.01,7902.10,3990,3920,39.96,40.96,80.92,41,40,0.00,0.00,0,0
1544345762,1001-eth4,1222677.38,23604.40,1246281.75,23628,1223900,421.58,357.64,779.22,358,422,0.00,0.00,0,0
1544345762,3001-eth2,314159.84,12217.78,326377.62,12230,314474,184.82,146.85,331.67,147,185,0.00,0.00,0,0
1544345762,1004-eth1,12217.78,314159.84,326377.62,314474,12230,146.85,184.82,331.67,185,147,0.00,0.00,0,0
1544345762,3005-eth4,1226623.38,1223602.38,2450225.75,1224826,1227850,788.21,808.19,1596.40,809,789,0.00,0.00,0,0
1544345762,1003-eth2,0.00,0.00,0.00,0,0,0.00,0.00,0.00,0,0,0.00,0.00,0,0
1544345762,3008-eth1,21758.24,1147188.88,1168947.12,1148336,21780,329.67,395.60,725.27,396,330,0.00,0.00,0,0
1544345762,1002-eth3,0.00,0.00,0.00,0,0,0.00,0.00,0.00,0,0,0.00,0.00,0,0
1544345762,2006-eth1,0.00,0.00,0.00,0,0,0.00,0.00,0.00,0,0,0.00,0.00,0,0
1544345762,3003-eth1,16595.40,673990.00,690585.44,674664,16612,241.76,251.75,493.51,252,242,0.00,0.00,0,0
1544345762,2001-eth3,69.93,0.00,69.93,0,70,1.00,0.00,1.00,0,1,0.00,0.00,0,0
1544345762,2008-eth2,25714.29,1224189.88,1249904.12,1225414,25740,389.61,422.58,812.19,423,390,0.00,0.00,0,0
1544345762,2008-eth3,988821.19,631122.88,1619944.12,631754,989810,538.46,532.47,1070.93,533,539,0.00,0.00,0,0
1544345762,1001-eth3,26703.30,1197492.50,1224195.88,1198690,26730,404.60,412.59,817.18,413,405,0.00,0.00,0,0
1544345762,2007-eth4,1147188.88,21758.24,1168947.12,21780,1148336,395.60,329.67,725.27,330,396,0.00,0.00,0,0
1544345762,2004-eth2,1224297.75,30483.52,1254781.25,30514,1225522,496.50,424.58,921.08,425,497,0.00,0.00,0,0
1544345762,3002-eth1,1223640.38,1221926.12,2445566.50,1223148,1224864,855.14,829.17,1684.32,830,856,0.00,0.00,0,0
1544345762,3004-eth1,786499.50,14947.05,801446.56,14962,787286,290.71,216.78,507.49,217,291,0.00,0.00,0,0
1544345762,2006-eth3,1222677.38,26043.96,1248721.38,26070,1223900,421.58,394.61,816.18,395,422,0.00,0.00,0,0
1544345762,3004-eth2,5678.32,5678.32,11356.64,5684,5684,57.94,57.94,115.88,58,58,0.00,0.00,0,0
1544345762,3001-eth3,1204363.62,316183.81,1520547.50,316500,1205568,231.77,253.75,485.51,254,232,0.00,0.00,0,0
1544345762,2003-eth4,14947.05,786499.50,801446.56,787286,14962,216.78,290.71,507.49,291,217,0.00,0.00,0,0
1544345762,2008-eth4,858583.44,17736.26,876319.69,17754,859442,296.70,268.73,565.43,269,297,0.00,0.00,0,0
1544345762,3008-eth3,1222767.25,495612.41,1718379.62,496108,1223990,554.45,561.44,1115.88,562,555,0.00,0.00,0,0
1544345762,2005-eth2,0.00,0.00,0.00,0,0,0.00,0.00,0.00,0,0,0.00,0.00,0,0
1544345762,2006-eth4,31966.04,1203682.38,1235648.38,1204886,31998,446.55,490.51,937.06,491,447,0.00,0.00,0,0
1544345762,3006-eth2,1203682.38,31966.04,1235648.38,31998,1204886,490.51,446.55,937.06,447,491,0.00,0.00,0,0
1544345762,1003-eth4,0.00,0.00,0.00,0,0,0.00,0.00,0.00,0,0,0.00,0.00,0,0
1544345762,2006-eth2,9350.65,123104.90,132455.55,123228,9360,103.90,117.88,221.78,118,104,0.00,0.00,0,0
1544345762,3001-eth1,0.00,69.93,69.93,70,0,0.00,1.00,1.00,1,0,0.00,0.00,0,0
1544345762,3008-eth2,17736.26,858583.44,876319.69,859442,17754,268.73,296.70,565.43,297,269,0.00,0.00,0,0
1544345762,2004-eth3,28427.57,1220599.38,1249027.00,1221820,28456,403.60,473.53,877.12,474,404,0.00,0.00,0,0
1544345762,3001-eth4,17492.51,1207614.38,1225106.88,1208822,17510,226.77,242.76,469.53,243,227,0.00,0.00,0,0
1544345762,1003-eth1,0.00,0.00,0.00,0,0,0.00,0.00,0.00,0,0,0.00,0.00,0,0
1544345762,3002-eth2,3986.01,3916.08,7902.10,3920,3990,40.96,39.96,80.92,40,41,0.00,0.00,0,0
1544345762,2005-eth4,0.00,0.00,0.00,0,0,0.00,0.00,0.00,0,0,0.00,0.00,0,0
1544345762,3003-eth2,1220599.38,28427.57,1249027.00,28456,1221820,473.53,403.60,877.12,404,474,0.00,0.00,0,0
1544345762,2007-eth1,23604.40,1222677.38,1246281.75,1223900,23628,357.64,421.58,779.22,422,358,0.00,0.00,0,0
1544345762,1002-eth4,0.00,0.00,0.00,0,0,0.00,0.00,0.00,0,0,0.00,0.00,0,0
1544345762,3002-eth4,18249.75,488907.09,507156.84,489396,18268,237.76,245.75,483.52,246,238,0.00,0.00,0,0
1544345762,2007-eth3,492807.22,413176.84,905984.06,413590,493300,299.70,298.70,598.40,299,300,0.00,0.00,0,0
1544345762,3005-eth1,1197492.50,26703.30,1224195.88,26730,1198690,412.59,404.60,817.18,405,413,0.00,0.00,0,0
1544345762,2001-eth4,1221926.12,1223640.38,2445566.50,1224864,1223148,829.17,855.14,1684.32,856,830,0.00,0.00,0,0
1544345762,3003-eth4,28671.33,1221534.50,1250205.88,1222756,28700,397.60,497.50,895.10,498,398,0.00,0.00,0,0
1544345762,2004-eth1,0.00,0.00,0.00,0,0,0.00,0.00,0.00,0,0,0.00,0.00,0,0
1544345762,3006-eth4,33812.19,1222949.12,1256761.25,1224172,33846,474.53,497.50,972.03,498,475,0.00,0.00,0,0
1544345762,3007-eth1,413176.84,492807.22,905984.06,493300,413590,298.70,299.70,598.40,300,299,0.00,0.00,0,0
1544345762,2008-eth1,0.00,0.00,0.00,0,0,0.00,0.00,0.00,0,0,0.00,0.00,0,0
1544345762,2002-eth2,314159.84,12217.78,326377.62,12230,314474,184.82,146.85,331.67,147,185,0.00,0.00,0,0
1544345762,2003-eth1,803029.00,689007.00,1492036.00,689696,803832,531.47,469.53,1001.00,470,532,0.00,0.00,0,0
1544345762,3008-eth4,1223015.00,179060.94,1402076.00,179240,1224238,470.53,455.54,926.07,456,471,0.00,0.00,0,0
1544345762,1004-eth4,1224189.88,25714.29,1249904.12,25740,1225414,422.58,389.61,812.19,390,423,0.00,0.00,0,0
1544345762,3006-eth1,0.00,0.00,0.00,0,0,0.00,0.00,0.00,0,0,0.00,0.00,0,0
1544345762,1004-eth3,123104.90,9350.65,132455.55,9360,123228,117.88,103.90,221.78,104,118,0.00,0.00,0,0
1544345762,1002-eth2,0.00,0.00,0.00,0,0,0.00,0.00,0.00,0,0,0.00,0.00,0,0
1544345762,3004-eth3,33878.12,1222949.12,1256827.25,1224172,33912,475.52,497.50,973.03,498,476,0.00,0.00,0,0
1544345762,2003-eth3,673990.00,16595.40,690585.44,16612,674664,251.75,241.76,493.51,242,252,0.00,0.00,0,0
1544345762,2005-eth1,1197492.50,26703.30,1224195.88,26730,1198690,412.59,404.60,817.18,405,413,0.00,0.00,0,0
1544345762,3002-eth3,1207592.50,695116.88,1902709.38,695812,1208800,631.37,625.37,1256.74,626,632,0.00,0.00,0,0
1544345762,3006-eth3,1226623.38,1225180.88,2451804.25,1226406,1227850,788.21,810.19,1598.40,811,789,0.00,0.00,0,0
1544345762,2001-eth1,1223706.38,1221894.12,2445600.50,1223116,1224930,856.14,829.17,1685.31,830,857,0.00,0.00,0,0
1544345762,3005-eth2,26043.96,1222677.38,1248721.38,1223900,26070,394.61,421.58,816.18,422,395,0.00,0.00,0,0
1544345762,2001-eth2,0.00,0.00,0.00,0,0,0.00,0.00,0.00,0,0,0.00,0.00,0,0
1544345762,3007-eth2,631122.88,988821.19,1619944.12,989810,631754,532.47,538.46,1070.93,539,533,0.00,0.00,0,0
1544345762,1001-eth1,1221894.12,1223706.38,2445600.50,1224930,1223116,829.17,856.14,1685.31,857,830,0.00,0.00,0,0
1544345762,3007-eth4,492737.28,413176.84,905914.12,413590,493230,298.70,298.70,597.40,299,299,0.00,0.00,0,0
1544345762,2003-eth2,0.00,0.00,0.00,0,0,0.00,0.00,0.00,0,0,0.00,0.00,0,0
1544345762,3007-eth3,988751.25,631122.88,1619874.12,631754,989740,537.46,532.47,1069.93,533,538,0.00,0.00,0,0
1544345762,1002-eth1,0.00,0.00,0.00,0,0,0.00,0.00,0.00,0,0,0.00,0.00,0,0
1544345762,2002-eth3,12217.78,314159.84,326377.62,314474,12230,146.85,184.82,331.67,185,147,0.00,0.00,0,0
1544345762,2007-eth2,0.00,0.00,0.00,0,0,0.00,0.00,0.00,0,0,0.00,0.00,0,0
1544345762,total,35145916.00,35898080.00,71043992.00,35933974,35181060,23948.05,24252.75,48200.80,24277,23972,0.00,0.00,0,0
1544345763,3003-eth3,697814.19,163182.83,860997.00,163346,698512,271.73,280.72,552.45,281,272,0.00,0.00,0,0
1544345763,2002-eth1,0.00,0.00,0.00,0,0,0.00,0.00,0.00,0,0,0.00,0.00,0,0
1544345763,lo,1038.96,1038.96,2077.92,1040,1040,15.98,15.98,31.97,16,16,0.00,0.00,0,0
1544345763,3005-eth3,1141598.38,1223334.75,2364933.25,1224558,1142740,749.25,782.22,1531.47,783,750,0.00,0.00,0,0
1544345763,2005-eth3,26703.30,1199005.00,1225708.38,1200204,26730,404.60,413.59,818.18,414,405,0.00,0.00,0,0
1544345763,3004-eth4,1224489.50,862797.25,2087286.75,863660,1225714,624.38,689.31,1313.69,690,625,0.00,0.00,0,0
1544345763,1004-eth2,30449.55,1224199.88,1254649.38,1225424,30480,423.58,495.50,919.08,496,424,0.00,0.00,0,0
1544345763,2004-eth4,5776.22,5678.32,11454.55,5684,5782,58.94,57.94,116.88,58,59,0.00,0.00,0,0
1544345763,1001-eth2,713334.69,855504.50,1568839.25,856360,714048,487.51,559.44,1046.95,560,488,0.00,0.00,0,0
1544345763,1003-eth3,0.00,0.00,0.00,0,0,0.00,0.00,0.00,0,0,0.00,0.00,0,0
1544345763,2002-eth4,3818.18,3720.28,7538.46,3724,3822,38.96,37.96,76.92,38,39,0.00,0.00,0,0
1544345763,1001-eth4,1222677.38,23736.26,1246413.62,23760,1223900,421.58,359.64,781.22,360,422,0.00,0.00,0,0
1544345763,3001-eth2,308241.78,11890.11,320131.88,11902,308550,182.82,142.86,325.67,143,183,0.00,0.00,0,0
1544345763,1004-eth1,11890.11,308143.88,320033.97,308452,11902,142.86,181.82,324.68,182,143,0.00,0.00,0,0
1544345763,3005-eth4,1223334.75,1225246.75,2448581.50,1226472,1224558,782.22,811.19,1593.41,812,783,0.00,0.00,0,0
1544345763,1003-eth2,0.00,0.00,0.00,0,0,0.00,0.00,0.00,0,0,0.00,0.00,0,0
1544345763,3008-eth1,22813.19,1184209.88,1207023.00,1185394,22836,345.65,408.59,754.25,409,346,0.00,0.00,0,0
1544345763,1002-eth3,0.00,0.00,0.00,0,0,0.00,0.00,0.00,0,0,0.00,0.00,0,0
1544345763,2006-eth1,0.00,0.00,0.00,0,0,0.00,0.00,0.00,0,0,0.00,0.00,0,0
1544345763,3003-eth1,17122.88,697662.38,714785.25,698360,17140,249.75,259.74,509.49,260,250,0.00,0.00,0,0
1544345763,2001-eth3,0.00,0.00,0.00,0,0,0.00,0.00,0.00,0,0,0.00,0.00,0,0
1544345763,2008-eth2,25054.95,1222677.38,1247732.25,1223900,25080,379.62,421.58,801.20,422,380,0.00,0.00,0,0
1544345763,2008-eth3,964159.88,664591.44,1628751.25,665256,965124,537.46,535.46,1072.93,536,538,0.00,0.00,0,0
1544345763,1001-eth3,26703.30,1199005.00,1225708.38,1200204,26730,404.60,413.59,818.18,414,405,0.00,0.00,0,0
1544345763,2007-eth4,1184209.88,22813.19,1207023.00,22836,1185394,408.59,345.65,754.25,346,409,0.00,0.00,0,0
1544345763,2004-eth2,1224199.88,30449.55,1254649.38,30480,1225424,495.50,423.58,919.08,424,496,0.00,0.00,0,0
1544345763,3002-eth1,1225218.88,1225214.88,2450433.75,1226440,1226444,857.14,835.16,1692.31,836,858,0.00,0.00,0,0
1544345763,3004-eth1,838315.69,15672.33,853988.06,15688,839154,308.69,227.77,536.46,228,309,0.00,0.00,0,0
1544345763,2006-eth3,1221230.75,26439.56,1247670.38,26466,1222452,421.58,400.60,822.18,401,422,0.00,0.00,0,0
1544345763,3004-eth2,5678.32,5776.22,11454.55,5782,5684,57.94,58.94,116.88,59,58,0.00,0.00,0,0
1544345763,3001-eth3,1205744.25,310331.69,1516076.00,310642,1206950,230.77,252.75,483.52,253,231,0.00,0.00,0,0
1544345763,2003-eth4,15672.33,838315.69,853988.06,839154,15688,227.77,308.69,536.46,309,228,0.00,0.00,0,0
1544345763,2008-eth4,916251.75,18197.80,934449.56,18216,917168,315.68,275.72,591.41,276,316,0.00,0.00,0,0
1544345763,3008-eth3,1223096.88,532831.19,1755928.12,533364,1224320,559.44,577.42,1136.86,578,560,0.00,0.00,0,0
1544345763,2005-eth2,0.00,0.00,0.00,0,0,0.00,0.00,0.00,0,0,0.00,0.00,0,0
1544345763,2006-eth4,31868.13,1206641.38,1238509.50,1207848,31900,445.55,491.51,937.06,492,446,0.00,0.00,0,0
1544345763,3006-eth2,1206641.38,31868.13,1238509.50,31900,1207848,491.51,445.55,937.06,446,492,0.00,0.00,0,0
1544345763,1003-eth4,0.00,0.00,0.00,0,0,0.00,0.00,0.00,0,0,0.00,0.00,0,0
1544345763,2006-eth2,9746.25,100781.22,110527.48,100882,9756,109.89,108.89,218.78,109,110,0.00,0.00,0,0
1544345763,3001-eth1,0.00,0.00,0.00,0,0,0.00,0.00,0.00,0,0,0.00,0.00,0,0
1544345763,3008-eth2,18197.80,916251.75,934449.56,917168,18216,275.72,315.68,591.41,316,276,0.00,0.00,0,0
1544345763,2004-eth3,28295.71,1225298.75,1253594.50,1226524,28324,401.60,477.52,879.12,478,402,0.00,0.00,0,0
1544345763,3001-eth4,17362.64,1209126.88,1226489.50,1210336,17380,225.77,243.76,469.53,244,226,0.00,0.00,0,0
1544345763,1003-eth1,0.00,0.00,0.00,0,0,0.00,0.00,0.00,0,0,0.00,0.00,0,0
1544345763,3002-eth2,3720.28,3818.18,7538.46,3822,3724,37.96,38.96,76.92,39,38,0.00,0.00,0,0
1544345763,2005-eth4,0.00,0.00,0.00,0,0,0.00,0.00,0.00,0,0,0.00,0.00,0,0
1544345763,3003-eth2,1225298.75,28295.71,1253594.50,28324,1226524,477.52,401.60,879.12,402,478,0.00,0.00,0,0
1544345763,2007-eth1,23736.26,1222677.38,1246413.62,1223900,23760,359.64,421.58,781.22,422,360,0.00,0.00,0,0
1544345763,1002-eth4,0.00,0.00,0.00,0,0,0.00,0.00,0.00,0,0,0.00,0.00,0,0
1544345763,3002-eth4,17888.11,473916.09,491804.22,474390,17906,232.77,238.76,471.53,239,233,0.00,0.00,0,0
1544345763,2007-eth3,472485.53,434941.06,907426.62,435376,472958,298.70,299.70,598.40,300,299,0.00,0.00,0,0
1544345763,3005-eth1,1199005.00,26703.30,1225708.38,26730,1200204,413.59,404.60,818.18,405,414,0.00,0.00,0,0
1544345763,2001-eth4,1225214.88,1225218.88,2450433.75,1226444,1226440,835.16,857.14,1692.31,858,836,0.00,0.00,0,0
1544345763,3003-eth4,28143.86,1224297.75,1252441.62,1225522,28172,389.61,496.50,886.11,497,390,0.00,0.00,0,0
1544345763,2004-eth1,0.00,0.00,0.00,0,0,0.00,0.00,0.00,0,0,0.00,0.00,0,0
1544345763,3006-eth4,33714.29,1224395.62,1258109.88,1225620,33748,473.53,497.50,971.03,498,474,0.00,0.00,0,0
1544345763,3007-eth1,434941.06,472485.53,907426.62,472958,435376,299.70,298.70,598.40,299,300,0.00,0.00,0,0
1544345763,2008-eth1,0.00,0.00,0.00,0,0,0.00,0.00,0.00,0,0,0.00,0.00,0,0
1544345763,2002-eth2,308143.88,11890.11,320033.97,11902,308452,181.82,142.86,324.68,143,182,0.00,0.00,0,0
1544345763,2003-eth1,855504.50,713334.69,1568839.25,714048,856360,559.44,487.51,1046.95,488,560,0.00,0.00,0,0
1544345763,3008-eth4,1224923.12,204179.83,1429102.88,204384,1226148,477.52,463.54,941.06,464,478,0.00,0.00,0,0
1544345763,1004-eth4,1222677.38,25054.95,1247732.25,25080,1223900,421.58,379.62,801.20,380,422,0.00,0.00,0,0
1544345763,3006-eth1,0.00,0.00,0.00,0,0,0.00,0.00,0.00,0,0,0.00,0.00,0,0
1544345763,1004-eth3,100781.22,9746.25,110527.48,9756,100882,108.89,109.89,218.78,110,109,0.00,0.00,0,0
1544345763,1002-eth2,0.00,0.00,0.00,0,0,0.00,0.00,0.00,0,0,0.00,0.00,0,0
1544345763,3004-eth3,34173.83,1224395.62,1258569.50,1225620,34208,479.52,497.50,977.02,498,480,0.00,0.00,0,0
1544345763,2003-eth3,697662.38,17122.88,714785.25,17140,698360,259.74,249.75,509.49,250,260,0.00,0.00,0,0
1544345763,2005-eth1,1199005.00,26703.30,1225708.38,26730,1200204,413.59,404.60,818.18,405,414,0.00,0.00,0,0
1544345763,3002-eth3,1211144.88,720301.69,1931446.62,721022,1212356,641.36,634.37,1275.72,635,642,0.00,0.00,0,0
1544345763,3006-eth3,1222873.12,1222221.75,2445095.00,1223444,1224096,775.22,809.19,1584.42,810,776,0.00,0.00,0,0
1544345763,2001-eth1,1222259.75,1225148.88,2447408.75,1226374,1223482,856.14,834.17,1690.31,835,857,0.00,0.00,0,0
1544345763,3005-eth2,26439.56,1221230.75,1247670.38,1222452,26466,400.60,421.58,822.18,422,401,0.00,0.00,0,0
1544345763,2001-eth2,0.00,0.00,0.00,0,0,0.00,0.00,0.00,0,0,0.00,0.00,0,0
1544345763,3007-eth2,664591.44,964159.88,1628751.25,965124,665256,535.46,537.46,1072.93,538,536,0.00,0.00,0,0
1544345763,1001-eth1,1225148.88,1222259.75,2447408.75,1223482,1226374,834.17,856.14,1690.31,857,835,0.00,0.00,0,0
1544345763,3007-eth4,472485.53,434941.06,907426.62,435376,472958,298.70,299.70,598.40,300,299,0.00,0.00,0,0
1544345763,2003-eth2,0.00,0.00,0.00,0,0,0.00,0.00,0.00,0,0,0.00,0.00,0,0
1544345763,3007-eth3,964159.88,664591.44,1628751.25,665256,965124,537.46,535.46,1072.93,536,538,0.00,0.00,0,0
1544345763,1002-eth1,0.00,0.00,0.00,0,0,0.00,0.00,0.00,0,0,0.00,0.00,0,0
1544345763,2002-eth3,11890.11,308241.78,320131.88,308550,11902,142.86,182.82,325.67,183,143,0.00,0.00,0,0
1544345763,2007-eth2,0.00,0.00,0.00,0,0,0.00,0.00,0.00,0,0,0.00,0.00,0,0
1544345763,total,35366764.00,36343908.00,71710672.00,36380252,35402130,24096.90,24457.54,48554.45,24482,24121,0.00,0.00,0,0
1544345764,3003-eth3,717080.94,157660.34,874741.31,157818,717798,278.72,284.72,563.44,285,279,0.00,0.00,0,0
1544345764,2002-eth1,0.00,0.00,0.00,0,0,0.00,0.00,0.00,0,0,0.00,0.00,0,0
1544345764,lo,1198.80,1198.80,2397.60,1200,1200,19.98,19.98,39.96,20,20,0.00,0.00,0,0
1544345764,3005-eth3,1153302.75,1217680.38,2370983.00,1218898,1154456,751.25,784.22,1535.46,785,752,0.00,0.00,0,0
1544345764,2005-eth3,26703.30,1193087.00,1219790.25,1194280,26730,404.60,411.59,816.18,412,405,0.00,0.00,0,0
1544345764,3004-eth4,1221332.75,927764.25,2149097.00,928692,1222554,620.38,709.29,1329.67,710,621,0.00,0.00,0,0
1544345764,1004-eth2,30777.22,1221436.62,1252213.88,1222658,30808,427.57,496.50,924.08,497,428,0.00,0.00,0,0
1544345764,2004-eth4,5776.22,5874.13,11650.35,5880,5782,58.94,59.94,118.88,60,59,0.00,0.00,0,0
1544345764,1001-eth2,732403.62,920933.06,1653336.75,921854,733136,491.51,586.41,1077.92,587,492,0.00,0.00,0,0
1544345764,1003-eth3,0.00,0.00,0.00,0,0,0.00,0.00,0.00,0,0,0.00,0.00,0,0
1544345764,2002-eth4,3916.08,3916.08,7832.17,3920,3920,39.96,39.96,79.92,40,40,0.00,0.00,0,0
1544345764,1001-eth4,1224189.88,23208.79,1247398.62,23232,1225414,422.58,351.65,774.23,352,423,0.00,0.00,0,0
1544345764,3001-eth2,324581.44,12283.72,336865.16,12296,324906,188.81,147.85,336.66,148,189,0.00,0.00,0,0
1544345764,1004-eth1,12283.72,324581.44,336865.16,324906,12296,147.85,188.81,336.66,189,148,0.00,0.00,0,0
1544345764,3005-eth4,1217680.38,1218999.00,2436679.50,1220218,1218898,784.22,804.20,1588.41,805,785,0.00,0.00,0,0
1544345764,1003-eth2,0.00,0.00,0.00,0,0,0.00,0.00,0.00,0,0,0.00,0.00,0,0
1544345764,3008-eth1,22417.58,1199005.00,1221422.62,1200204,22440,339.66,413.59,753.25,414,340,0.00,0.00,0,0
1544345764,1002-eth3,0.00,0.00,0.00,0,0,0.00,0.00,0.00,0,0,0.00,0.00,0,0
1544345764,2006-eth1,0.00,0.00,0.00,0,0,0.00,0.00,0.00,0,0,0.00,0.00,0,0
1544345764,3003-eth1,17518.48,716929.06,734447.56,717646,17536,255.74,266.73,522.48,267,256,0.00,0.00,0,0
1544345764,2001-eth3,0.00,0.00,0.00,0,0,0.00,0.00,0.00,0,0,0.00,0.00,0,0
1544345764,2008-eth2,25384.62,1224189.88,1249574.50,1225414,25410,384.62,422.58,807.19,423,385,0.00,0.00,0,0
1544345764,2008-eth3,971392.62,657358.69,1628751.25,658016,972364,537.46,535.46,1072.93,536,538,0.00,0.00,0,0
1544345764,1001-eth3,26703.30,1193087.00,1219790.25,1194280,26730,404.60,411.59,816.18,412,405,0.00,0.00,0,0
1544345764,2007-eth4,1199005.00,22417.58,1221422.62,22440,1200204,413.59,339.66,753.25,340,414,0.00,0.00,0,0
1544345764,2004-eth2,1221436.62,30777.22,1252213.88,30808,1222658,496.50,427.57,924.08,428,497,0.00,0.00,0,0
1544345764,3002-eth1,1223706.38,1219362.62,2443069.00,1220582,1224930,856.14,834.17,1690.31,835,857,0.00,0.00,0,0
1544345764,3004-eth1,903414.62,15474.53,918889.12,15490,904318,330.67,224.78,555.44,225,331,0.00,0.00,0,0
1544345764,2006-eth3,1222677.38,26637.36,1249314.75,26664,1223900,421.58,403.60,825.17,404,422,0.00,0.00,0,0
1544345764,3004-eth2,5874.13,5776.22,11650.35,5782,5880,59.94,58.94,118.88,59,60,0.00,0.00,0,0
1544345764,3001-eth3,1198709.38,326573.44,1525282.75,326900,1199908,233.77,257.74,491.51,258,234,0.00,0.00,0,0
1544345764,2003-eth4,15474.53,903414.62,918889.12,904318,15490,224.78,330.67,555.44,331,225,0.00,0.00,0,0
1544345764,2008-eth4,897051.00,18197.80,915248.75,18216,897948,309.69,275.72,585.41,276,310,0.00,0.00,0,0
1544345764,3008-eth3,1217570.50,483776.25,1701346.75,484260,1218788,541.46,557.44,1098.90,558,542,0.00,0.00,0,0
1544345764,2005-eth2,0.00,0.00,0.00,0,0,0.00,0.00,0.00,0,0,0.00,0.00,0,0
1544345764,2006-eth4,32261.74,1202365.62,1234627.38,1203568,32294,450.55,491.51,942.06,492,451,0.00,0.00,0,0
1544345764,3006-eth2,1202365.62,32261.74,1234627.38,32294,1203568,491.51,450.55,942.06,451,492,0.00,0.00,0,0
1544345764,1003-eth4,0.00,0.00,0.00,0,0,0.00,0.00,0.00,0,0,0.00,0.00,0,0
1544345764,2006-eth2,9942.06,89140.86,99082.92,89230,9952,111.89,106.89,218.78,107,112,0.00,0.00,0,0
1544345764,3001-eth1,0.00,0.00,0.00,0,0,0.00,0.00,0.00,0,0,0.00,0.00,0,0
1544345764,3008-eth2,18197.80,897051.00,915248.75,897948,18216,275.72,309.69,585.41,310,276,0.00,0.00,0,0
1544345764,2004-eth3,28819.18,1219282.75,1248101.88,1220502,28848,407.59,474.53,882.12,475,408,0.00,0.00,0,0
1544345764,3001-eth4,17558.44,1201992.00,1219550.50,1203194,17576,227.77,244.76,472.53,245,228,0.00,0.00,0,0
1544345764,1003-eth1,0.00,0.00,0.00,0,0,0.00,0.00,0.00,0,0,0.00,0.00,0,0
1544345764,3002-eth2,3916.08,3916.08,7832.17,3920,3920,39.96,39.96,79.92,40,40,0.00,0.00,0,0
1544345764,2005-eth4,0.00,0.00,0.00,0,0,0.00,0.00,0.00,0,0,0.00,0.00,0,0
1544345764,3003-eth2,1219282.75,28819.18,1248101.88,28848,1220502,474.53,407.59,882.12,408,475,0.00,0.00,0,0
1544345764,2007-eth1,23208.79,1224189.88,1247398.62,1225414,23232,351.65,422.58,774.23,423,352,0.00,0.00,0,0
1544345764,1002-eth4,0.00,0.00,0.00,0,0,0.00,0.00,0.00,0,0,0.00,0.00,0,0
1544345764,3002-eth4,17722.28,468193.81,485916.09,468662,17740,229.77,238.76,468.53,239,230,0.00,0.00,0,0
1544345764,2007-eth3,454467.53,430073.94,884541.50,430504,454922,288.71,291.71,580.42,292,289,0.00,0.00,0,0
1544345764,3005-eth1,1193087.00,26703.30,1219790.25,26730,1194280,411.59,404.60,816.18,405,412,0.00,0.00,0,0
1544345764,2001-eth4,1219362.62,1223706.38,2443069.00,1224930,1220582,834.17,856.14,1690.31,857,835,0.00,0.00,0,0
1544345764,3003-eth4,28667.33,1221632.38,1250299.75,1222854,28696,395.60,498.50,894.11,499,396,0.00,0.00,0,0
1544345764,2004-eth1,0.00,0.00,0.00,0,0,0.00,0.00,0.00,0,0,0.00,0.00,0,0
1544345764,3006-eth4,33778.22,1221632.38,1255410.62,1222854,33812,473.53,498.50,972.03,499,474,0.00,0.00,0,0
1544345764,3007-eth1,430073.94,454467.53,884541.50,454922,430504,291.71,288.71,580.42,289,292,0.00,0.00,0,0
1544345764,2008-eth1,0.00,0.00,0.00,0,0,0.00,0.00,0.00,0,0,0.00,0.00,0,0
1544345764,2002-eth2,324581.44,12283.72,336865.16,12296,324906,188.81,147.85,336.66,148,189,0.00,0.00,0,0
1544345764,2003-eth1,920933.06,732403.62,1653336.75,733136,921854,586.41,491.51,1077.92,492,587,0.00,0.00,0,0
1544345764,3008-eth4,1219136.88,208519.48,1427656.38,208728,1220356,477.52,463.54,941.06,464,478,0.00,0.00,0,0
1544345764,1004-eth4,1224189.88,25384.62,1249574.50,25410,1225414,422.58,384.62,807.19,385,423,0.00,0.00,0,0
1544345764,3006-eth1,0.00,0.00,0.00,0,0,0.00,0.00,0.00,0,0,0.00,0.00,0,0
1544345764,1004-eth3,89140.86,9942.06,99082.92,9952,89230,106.89,111.89,218.78,112,107,0.00,0.00,0,0
1544345764,1002-eth2,0.00,0.00,0.00,0,0,0.00,0.00,0.00,0,0,0.00,0.00,0,0
1544345764,3004-eth3,34041.96,1221632.38,1255674.38,1222854,34076,477.52,498.50,976.02,499,478,0.00,0.00,0,0
1544345764,2003-eth3,716929.06,17518.48,734447.56,17536,717646,266.73,255.74,522.48,256,267,0.00,0.00,0,0
1544345764,2005-eth1,1193087.00,26703.30,1219790.25,26730,1194280,411.59,404.60,816.18,405,412,0.00,0.00,0,0
1544345764,3002-eth3,1205556.50,742329.69,1947886.12,743072,1206762,644.36,639.36,1283.72,640,645,0.00,0.00,0,0
1544345764,3006-eth3,1217087.00,1220577.50,2437664.50,1221798,1218304,775.22,806.19,1581.42,807,776,0.00,0.00,0,0
1544345764,2001-eth1,1220747.25,1219498.50,2440245.75,1220718,1221968,855.14,836.16,1691.31,837,856,0.00,0.00,0,0
1544345764,3005-eth2,26637.36,1222677.38,1249314.75,1223900,26664,403.60,421.58,825.17,422,404,0.00,0.00,0,0
1544345764,2001-eth2,0.00,0.00,0.00,0,0,0.00,0.00,0.00,0,0,0.00,0.00,0,0
1544345764,3007-eth2,657358.69,971392.62,1628751.25,972364,658016,535.46,537.46,1072.93,538,536,0.00,0.00,0,0
1544345764,1001-eth1,1219498.50,1220747.25,2440245.75,1221968,1220718,836.16,855.14,1691.31,856,837,0.00,0.00,0,0
1544345764,3007-eth4,454467.53,430073.94,884541.50,430504,454922,288.71,291.71,580.42,292,289,0.00,0.00,0,0
1544345764,2003-eth2,0.00,0.00,0.00,0,0,0.00,0.00,0.00,0,0,0.00,0.00,0,0
1544345764,3007-eth3,971392.62,657358.69,1628751.25,658016,972364,537.46,535.46,1072.93,536,538,0.00,0.00,0,0
1544345764,1002-eth1,0.00,0.00,0.00,0,0,0.00,0.00,0.00,0,0,0.00,0.00,0,0
1544345764,2002-eth3,12283.72,324581.44,336865.16,324906,12296,147.85,188.81,336.66,189,148,0.00,0.00,0,0
1544345764,2007-eth2,0.00,0.00,0.00,0,0,0.00,0.00,0.00,0,0,0.00,0.00,0,0
1544345764,total,35479344.00,36480656.00,71959992.00,36517134,35514822,24164.84,24540.46,48705.30,24565,24189,0.00,0.00,0,0
1544345765,3003-eth3,740621.38,155228.78,895850.19,155384,741362,284.72,291.71,576.42,292,285,0.00,0.00,0,0
1544345765,2002-eth1,0.00,0.00,0.00,0,0,0.00,0.00,0.00,0,0,0.00,0.00,0,0
1544345765,lo,0.00,0.00,0.00,0,0,0.00,0.00,0.00,0,0,0.00,0.00,0,0
1544345765,3005-eth3,1159352.62,1214853.12,2374205.75,1216068,1160512,755.24,785.21,1540.46,786,756,0.00,0.00,0,0
1544345765,2005-eth3,26241.76,1187168.88,1213410.62,1188356,26268,397.60,409.59,807.19,410,398,0.00,0.00,0,0
1544345765,3004-eth4,1216373.62,643374.62,1859748.25,644018,1217590,626.37,652.35,1278.72,653,627,0.00,0.00,0,0
1544345765,1004-eth2,30251.75,1214103.88,1244355.62,1215318,30282,420.58,494.51,915.08,495,421,0.00,0.00,0,0
1544345765,2004-eth4,5678.32,5776.22,11454.55,5782,5684,57.94,58.94,116.88,59,58,0.00,0.00,0,0
1544345765,1001-eth2,760869.12,637236.75,1398105.88,637874,761630,506.49,540.46,1046.95,541,507,0.00,0.00,0,0
1544345765,1003-eth3,0.00,0.00,0.00,0,0,0.00,0.00,0.00,0,0,0.00,0.00,0,0
1544345765,2002-eth4,3916.08,3916.08,7832.17,3920,3920,39.96,39.96,79.92,40,40,0.00,0.00,0,0
1544345765,1001-eth4,1212423.62,27210.79,1239634.38,27238,1213636,419.58,346.65,766.23,347,420,0.00,0.00,0,0
1544345765,3001-eth2,183538.47,13604.40,197142.86,13618,183722,156.84,146.85,303.70,147,157,0.00,0.00,0,0
1544345765,1004-eth1,13604.40,183538.47,197142.86,183722,13618,146.85,156.84,303.70,157,147,0.00,0.00,0,0
1544345765,3005-eth4,1214721.25,1213081.00,2427802.25,1214294,1215936,783.22,802.20,1585.41,803,784,0.00,0.00,0,0
1544345765,1003-eth2,0.00,0.00,0.00,0,0,0.00,0.00,0.00,0,0,0.00,0.00,0,0
1544345765,3008-eth1,27870.13,1215312.75,1243182.88,1216528,27898,356.64,419.58,776.22,420,357,0.00,0.00,0,0
1544345765,1002-eth3,0.00,0.00,0.00,0,0,0.00,0.00,0.00,0,0,0.00,0.00,0,0
1544345765,2006-eth1,0.00,0.00,0.00,0,0,0.00,0.00,0.00,0,0,0.00,0.00,0,0
1544345765,3003-eth1,17948.05,740601.44,758549.50,741342,17966,262.74,274.73,537.46,275,263,0.00,0.00,0,0
1544345765,2001-eth3,0.00,0.00,0.00,0,0,0.00,0.00,0.00,0,0,0.00,0.00,0,0
1544345765,2008-eth2,26507.49,1216759.25,1243266.75,1217976,26534,380.62,419.58,800.20,420,381,0.00,0.00,0,0
1544345765,2008-eth3,960211.81,631976.06,1592187.88,632608,961172,521.48,523.48,1044.96,524,522,0.00,0.00,0,0
1544345765,1001-eth3,26241.76,1187168.88,1213410.62,1188356,26268,397.60,409.59,807.19,410,398,0.00,0.00,0,0
1544345765,2007-eth4,1215312.75,27870.13,1243182.88,27898,1216528,419.58,356.64,776.22,357,420,0.00,0.00,0,0
1544345765,2004-eth2,1214103.88,30251.75,1244355.62,30282,1215318,494.51,420.58,915.08,421,495,0.00,0.00,0,0
1544345765,3002-eth1,1214793.25,1212917.12,2427710.25,1214130,1216008,851.15,824.18,1675.32,825,852,0.00,0.00,0,0
1544345765,3004-eth1,619288.75,20267.73,639556.44,20288,619908,277.72,231.77,509.49,232,278,0.00,0.00,0,0
1544345765,2006-eth3,1213800.25,26703.30,1240503.50,26730,1215014,418.58,404.60,823.18,405,419,0.00,0.00,0,0
1544345765,3004-eth2,5776.22,5678.32,11454.55,5684,5782,58.94,57.94,116.88,58,59,0.00,0.00,0,0
1544345765,3001-eth3,1204279.75,185570.44,1389850.25,185756,1205484,231.77,225.77,457.54,226,232,0.00,0.00,0,0
1544345765,2003-eth4,20267.73,619288.75,639556.44,619908,20288,231.77,277.72,509.49,278,232,0.00,0.00,0,0
1544345765,2008-eth4,883702.31,18727.27,902429.62,18746,884586,304.70,262.74,567.43,263,305,0.00,0.00,0,0
1544345765,3008-eth3,1216453.62,541312.69,1757766.25,541854,1217670,546.45,574.43,1120.88,575,547,0.00,0.00,0,0
1544345765,2005-eth2,0.00,0.00,0.00,0,0,0.00,0.00,0.00,0,0,0.00,0.00,0,0
1544345765,2006-eth4,32557.44,1195001.00,1227558.50,1196196,32590,454.55,489.51,944.06,490,455,0.00,0.00,0,0
1544345765,3006-eth2,1195001.00,32557.44,1227558.50,32590,1196196,489.51,454.55,944.06,455,490,0.00,0.00,0,0
1544345765,1003-eth4,0.00,0.00,0.00,0,0,0.00,0.00,0.00,0,0,0.00,0.00,0,0
1544345765,2006-eth2,9810.19,112911.09,122721.28,113024,9820,109.89,115.88,225.77,116,110,0.00,0.00,0,0
1544345765,3001-eth1,0.00,0.00,0.00,0,0,0.00,0.00,0.00,0,0,0.00,0.00,0,0
1544345765,3008-eth2,18727.27,883702.31,902429.62,884586,18746,262.74,304.70,567.43,305,263,0.00,0.00,0,0
1544345765,2004-eth3,28293.71,1215104.88,1243398.62,1216320,28322,400.60,475.52,876.12,476,401,0.00,0.00,0,0
1544345765,3001-eth4,17402.60,1206046.00,1223448.62,1207252,17420,225.77,241.76,467.53,242,226,0.00,0.00,0,0
1544345765,1003-eth1,0.00,0.00,0.00,0,0,0.00,0.00,0.00,0,0,0.00,0.00,0,0
1544345765,3002-eth2,3916.08,3916.08,7832.17,3920,3920,39.96,39.96,79.92,40,40,0.00,0.00,0,0
1544345765,2005-eth4,0.00,0.00,0.00,0,0,0.00,0.00,0.00,0,0,0.00,0.00,0,0
1544345765,3003-eth2,1215104.88,28293.71,1243398.62,28322,1216320,475.52,400.60,876.12,401,476,0.00,0.00,0,0
1544345765,2007-eth1,27210.79,1212423.62,1239634.38,1213636,27238,346.65,419.58,766.23,420,347,0.00,0.00,0,0
1544345765,1002-eth4,0.00,0.00,0.00,0,0,0.00,0.00,0.00,0,0,0.00,0.00,0,0
1544345765,3002-eth4,16733.27,422295.72,439028.97,422718,16750,214.79,222.78,437.56,223,215,0.00,0.00,0,0
1544345765,2007-eth3,418105.91,466303.72,884409.62,466770,418524,285.71,292.71,578.42,293,286,0.00,0.00,0,0
1544345765,3005-eth1,1187168.88,26241.76,1213410.62,26268,1188356,409.59,397.60,807.19,398,410,0.00,0.00,0,0
1544345765,2001-eth4,1212917.12,1214793.25,2427710.25,1216008,1214130,824.18,851.15,1675.32,852,825,0.00,0.00,0,0
1544345765,3003-eth4,28273.73,1212755.25,1241029.00,1213968,28302,390.61,495.50,886.11,496,391,0.00,0.00,0,0
1544345765,2004-eth1,0.00,0.00,0.00,0,0,0.00,0.00,0.00,0,0,0.00,0.00,0,0
1544345765,3006-eth4,33744.26,1218673.38,1252417.62,1219892,33778,472.53,497.50,970.03,498,473,0.00,0.00,0,0
1544345765,3007-eth1,466303.72,418105.91,884409.62,418524,466770,292.71,285.71,578.42,286,293,0.00,0.00,0,0
1544345765,2008-eth1,0.00,0.00,0.00,0,0,0.00,0.00,0.00,0,0,0.00,0.00,0,0
1544345765,2002-eth2,183538.47,13604.40,197142.86,13618,183722,156.84,146.85,303.70,147,157,0.00,0.00,0,0
1544345765,2003-eth1,637236.75,760869.12,1398105.88,761630,637874,540.46,506.49,1046.95,507,541,0.00,0.00,0,0
1544345765,3008-eth4,1215254.75,188499.50,1403754.25,188688,1216470,462.54,467.53,930.07,468,463,0.00,0.00,0,0
1544345765,1004-eth4,1216759.25,26507.49,1243266.75,26534,1217976,419.58,380.62,800.20,381,420,0.00,0.00,0,0
1544345765,3006-eth1,0.00,0.00,0.00,0,0,0.00,0.00,0.00,0,0,0.00,0.00,0,0
1544345765,1004-eth3,112911.09,9810.19,122721.28,9820,113024,115.88,109.89,225.77,110,116,0.00,0.00,0,0
1544345765,1002-eth2,0.00,0.00,0.00,0,0,0.00,0.00,0.00,0,0,0.00,0.00,0,0
1544345765,3004-eth3,33680.32,1218575.50,1252255.75,1219794,33714,472.53,496.50,969.03,497,473,0.00,0.00,0,0
1544345765,2003-eth3,740601.44,17948.05,758549.50,17966,741342,274.73,262.74,537.46,263,275,0.00,0.00,0,0
1544345765,2005-eth1,1187168.88,26241.76,1213410.62,26268,1188356,409.59,397.60,807.19,398,410,0.00,0.00,0,0
1544345765,3002-eth3,1200099.88,767382.62,1967482.62,768150,1201300,649.35,646.35,1295.70,647,650,0.00,0.00,0,0
1544345765,3006-eth3,1212483.50,1213081.00,2425564.50,1214294,1213696,771.23,802.20,1573.43,803,772,0.00,0.00,0,0
1544345765,2001-eth1,1214301.75,1215810.25,2430112.00,1217026,1215516,845.15,824.18,1669.33,825,846,0.00,0.00,0,0
1544345765,3005-eth2,26703.30,1213800.25,1240503.50,1215014,26730,404.60,418.58,823.18,419,405,0.00,0.00,0,0
1544345765,2001-eth2,0.00,0.00,0.00,0,0,0.00,0.00,0.00,0,0,0.00,0.00,0,0
1544345765,3007-eth2,631976.06,960211.81,1592187.88,961172,632608,523.48,521.48,1044.96,522,524,0.00,0.00,0,0
1544345765,1001-eth1,1215810.25,1214301.75,2430112.00,1215516,1217026,824.18,845.15,1669.33,846,825,0.00,0.00,0,0
1544345765,3007-eth4,418105.91,466303.72,884409.62,466770,418524,285.71,292.71,578.42,293,286,0.00,0.00,0,0
1544345765,2003-eth2,0.00,0.00,0.00,0,0,0.00,0.00,0.00,0,0,0.00,0.00,0,0
1544345765,3007-eth3,960211.81,631976.06,1592187.88,632608,961172,521.48,523.48,1044.96,524,522,0.00,0.00,0,0
1544345765,1002-eth1,0.00,0.00,0.00,0,0,0.00,0.00,0.00,0,0,0.00,0.00,0,0
1544345765,2002-eth3,13604.40,183538.47,197142.86,183722,13618,146.85,156.84,303.70,157,147,0.00,0.00,0,0
1544345765,2007-eth2,0.00,0.00,0.00,0,0,0.00,0.00,0.00,0,0,0.00,0.00,0,0
1544345765,total,34565868.00,35177088.00,69742952.00,35212262,34600434,23869.13,24192.81,48061.94,24217,23893,0.00,0.00,0,0
1544345766,3003-eth3,752197.81,64091.91,816289.75,64156,752950,278.72,269.73,548.45,270,279,0.00,0.00,0,0
1544345766,2002-eth1,69.93,0.00,69.93,0,70,1.00,0.00,1.00,0,1,0.00,0.00,0,0
1544345766,lo,1198.80,1198.80,2397.60,1200,1200,19.98,19.98,39.96,20,20,0.00,0.00,0,0
1544345766,3005-eth3,1158549.50,873924.12,2032473.62,874798,1159708,777.22,770.23,1547.45,771,778,0.00,0.00,0,0
1544345766,2005-eth3,25516.48,1184209.88,1209726.25,1185394,25542,386.61,408.59,795.20,409,387,0.00,0.00,0,0
1544345766,3004-eth4,1219476.50,472413.59,1691890.12,472886,1220696,631.37,626.37,1257.74,627,632,0.00,0.00,0,0
1544345766,1004-eth2,36017.98,1223176.88,1259194.88,1224400,36054,428.57,499.50,928.07,500,429,0.00,0.00,0,0
1544345766,2004-eth4,5874.13,5944.06,11818.18,5950,5880,59.94,60.94,120.88,61,60,0.00,0.00,0,0
1544345766,1001-eth2,776275.75,466505.50,1242781.25,466972,777052,531.47,517.48,1048.95,518,532,0.00,0.00,0,0
1544345766,1003-eth3,0.00,0.00,0.00,0,0,0.00,0.00,0.00,0,0,0.00,0.00,0,0
1544345766,2002-eth4,3818.18,3916.08,7734.27,3920,3822,38.96,39.96,78.92,40,39,0.00,0.00,0,0
1544345766,1001-eth4,1228285.75,34869.13,1263154.88,34904,1229514,528.47,429.57,958.04,430,529,0.00,0.00,0,0
1544345766,3001-eth2,145860.14,14221.78,160081.92,14236,146006,154.85,147.85,302.70,148,155,0.00,0.00,0,0
1544345766,1004-eth1,14123.88,145860.14,159984.02,146006,14138,146.85,154.85,301.70,155,147,0.00,0.00,0,0
1544345766,3005-eth4,1221954.12,1221148.88,2443103.00,1222370,1223176,783.22,820.18,1603.40,821,784,0.00,0.00,0,0
1544345766,1003-eth2,0.00,0.00,0.00,0,0,0.00,0.00,0.00,0,0,0.00,0.00,0,0
1544345766,3008-eth1,31378.62,1143920.12,1175298.75,1145064,31410,376.62,499.50,876.12,500,377,0.00,0.00,0,0
1544345766,1002-eth3,0.00,0.00,0.00,0,0,0.00,0.00,0.00,0,0,0.00,0.00,0,0
1544345766,2006-eth1,0.00,0.00,0.00,0,0,0.00,0.00,0.00,0,0,0.00,0.00,0,0
1544345766,3003-eth1,18309.69,752437.56,770747.25,753190,18328,267.73,278.72,546.45,279,268,0.00,0.00,0,0
1544345766,2001-eth3,0.00,0.00,0.00,0,0,0.00,0.00,0.00,0,0,0.00,0.00,0,0
1544345766,2008-eth2,32759.24,1221230.75,1253990.00,1222452,32792,395.60,421.58,817.18,422,396,0.00,0.00,0,0
1544345766,2008-eth3,986451.56,701458.56,1687910.12,702160,987438,546.45,561.44,1107.89,562,547,0.00,0.00,0,0
1544345766,1001-eth3,25516.48,1184209.88,1209726.25,1185394,25542,386.61,408.59,795.20,409,387,0.00,0.00,0,0
1544345766,2007-eth4,1143920.12,31378.62,1175298.75,31410,1145064,499.50,376.62,876.12,377,500,0.00,0.00,0,0
1544345766,2004-eth2,1223176.88,36017.98,1259194.88,36054,1224400,499.50,428.57,928.07,429,500,0.00,0.00,0,0
1544345766,3002-eth1,1222028.00,1223318.75,2445346.75,1224542,1223250,832.17,894.11,1726.27,895,833,0.00,0.00,0,0
1544345766,3004-eth1,448195.81,23838.16,472033.97,23862,448644,249.75,252.75,502.50,253,250,0.00,0.00,0,0
1544345766,2006-eth3,1222677.38,26311.69,1248989.00,26338,1223900,421.58,392.61,814.19,393,422,0.00,0.00,0,0
1544345766,3004-eth2,5944.06,5874.13,11818.18,5880,5950,60.94,59.94,120.88,60,61,0.00,0.00,0,0
1544345766,3001-eth3,1207684.38,147720.28,1355404.62,147868,1208892,231.77,221.78,453.55,222,232,0.00,0.00,0,0
1544345766,2003-eth4,23838.16,448195.81,472033.97,448644,23862,252.75,249.75,502.50,250,253,0.00,0.00,0,0
1544345766,2008-eth4,926641.38,20203.80,946845.19,20224,927568,319.68,277.72,597.40,278,320,0.00,0.00,0,0
1544345766,3008-eth3,1223426.62,373574.44,1597001.00,373948,1224650,550.45,553.45,1103.90,554,551,0.00,0.00,0,0
1544345766,2005-eth2,0.00,0.00,0.00,0,0,0.00,0.00,0.00,0,0,0.00,0.00,0,0
1544345766,2006-eth4,32425.58,1203850.12,1236275.75,1205054,32458,452.55,492.51,945.05,493,453,0.00,0.00,0,0
1544345766,3006-eth2,1203850.12,32425.58,1236275.75,32458,1205054,492.51,452.55,945.05,453,493,0.00,0.00,0,0
1544345766,1003-eth4,0.00,0.00,0.00,0,0,0.00,0.00,0.00,0,0,0.00,0.00,0,0
1544345766,2006-eth2,9452.55,118829.17,128281.72,118948,9462,98.90,117.88,216.78,118,99,0.00,0.00,0,0
1544345766,3001-eth1,0.00,0.00,0.00,0,0,0.00,0.00,0.00,0,0,0.00,0.00,0,0
1544345766,3008-eth2,20203.80,926641.38,946845.19,927568,20224,277.72,319.68,597.40,320,278,0.00,0.00,0,0
1544345766,2004-eth3,34059.94,1221023.00,1255083.00,1222244,34094,408.59,477.52,886.11,478,409,0.00,0.00,0,0
1544345766,3001-eth4,17622.38,1209224.75,1226847.12,1210434,17640,227.77,244.76,472.53,245,228,0.00,0.00,0,0
1544345766,1003-eth1,0.00,69.93,69.93,70,0,0.00,1.00,1.00,1,0,0.00,0.00,0,0
1544345766,3002-eth2,3916.08,3818.18,7734.27,3822,3920,39.96,38.96,78.92,39,40,0.00,0.00,0,0
1544345766,2005-eth4,69.93,0.00,69.93,0,70,1.00,0.00,1.00,0,1,0.00,0.00,0,0
1544345766,3003-eth2,1221023.00,34059.94,1255083.00,34094,1222244,477.52,408.59,886.11,409,478,0.00,0.00,0,0
1544345766,2007-eth1,34869.13,1228285.75,1263154.88,1229514,34904,429.57,528.47,958.04,529,430,0.00,0.00,0,0
1544345766,1002-eth4,0.00,0.00,0.00,0,0,0.00,0.00,0.00,0,0,0.00,0.00,0,0
1544345766,3002-eth4,20393.61,610293.75,630687.31,610904,20414,270.73,287.71,558.44,288,271,0.00,0.00,0,0
1544345766,2007-eth3,605972.06,476309.72,1082281.75,476786,606578,348.65,356.64,705.29,357,349,0.00,0.00,0,0
1544345766,3005-eth1,1184209.88,25516.48,1209726.25,25542,1185394,408.59,386.61,795.20,387,409,0.00,0.00,0,0
1544345766,2001-eth4,1223318.75,1222028.00,2445346.75,1223250,1224542,894.11,832.17,1726.27,833,895,0.00,0.00,0,0
1544345766,3003-eth4,34299.70,950101.94,984401.62,951052,34334,408.59,461.54,870.13,462,409,0.00,0.00,0,0
1544345766,2004-eth1,0.00,0.00,0.00,0,0,0.00,0.00,0.00,0,0,0.00,0.00,0,0
1544345766,3006-eth4,34007.99,1223047.00,1257055.00,1224270,34042,476.52,498.50,975.03,499,477,0.00,0.00,0,0
1544345766,3007-eth1,476309.72,605972.06,1082281.75,606578,476786,356.64,348.65,705.29,349,357,0.00,0.00,0,0
1544345766,2008-eth1,0.00,0.00,0.00,0,0,0.00,0.00,0.00,0,0,0.00,0.00,0,0
1544345766,2002-eth2,145860.14,14123.88,159984.02,14138,146006,154.85,146.85,301.70,147,155,0.00,0.00,0,0
1544345766,2003-eth1,466505.50,776275.75,1242781.25,777052,466972,517.48,531.47,1048.95,532,518,0.00,0.00,0,0
1544345766,3008-eth4,1224395.62,240815.19,1465210.88,241056,1225620,469.53,489.51,959.04,490,470,0.00,0.00,0,0
1544345766,1004-eth4,1221230.75,32759.24,1253990.00,32792,1222452,421.58,395.60,817.18,396,422,0.00,0.00,0,0
1544345766,3006-eth1,0.00,69.93,69.93,70,0,0.00,1.00,1.00,1,0,0.00,0.00,0,0
1544345766,1004-eth3,118829.17,9452.55,128281.72,9462,118948,117.88,98.90,216.78,99,118,0.00,0.00,0,0
1544345766,1002-eth2,0.00,0.00,0.00,0,0,0.00,0.00,0.00,0,0,0.00,0.00,0,0
1544345766,3004-eth3,34007.99,1218673.38,1252681.38,1219892,34042,476.52,497.50,974.03,498,477,0.00,0.00,0,0
1544345766,2003-eth3,752437.56,18309.69,770747.25,18328,753190,278.72,267.73,546.45,268,279,0.00,0.00,0,0
1544345766,2005-eth1,1184209.88,25516.48,1209726.25,25542,1185394,408.59,386.61,795.20,387,409,0.00,0.00,0,0
1544345766,3002-eth3,1203784.25,816305.69,2020090.00,817122,1204988,661.34,664.34,1325.67,665,662,0.00,0.00,0,0
1544345766,3006-eth3,1223730.25,1222221.75,2445952.00,1223444,1224954,788.21,809.19,1597.40,810,789,0.00,0.00,0,0
1544345766,2001-eth1,1222519.50,1223384.62,2445904.25,1224608,1223742,838.16,895.10,1733.27,896,839,0.00,0.00,0,0
1544345766,3005-eth2,26311.69,1222677.38,1248989.00,1223900,26338,392.61,421.58,814.19,422,393,0.00,0.00,0,0
1544345766,2001-eth2,0.00,0.00,0.00,0,0,0.00,0.00,0.00,0,0,0.00,0.00,0,0
1544345766,3007-eth2,701458.56,986451.56,1687910.12,987438,702160,561.44,546.45,1107.89,547,562,0.00,0.00,0,0
1544345766,1001-eth1,1223384.62,1222519.50,2445904.25,1223742,1224608,895.10,838.16,1733.27,839,896,0.00,0.00,0,0
1544345766,3007-eth4,605972.06,476309.72,1082281.75,476786,606578,348.65,356.64,705.29,357,349,0.00,0.00,0,0
1544345766,2003-eth2,0.00,0.00,0.00,0,0,0.00,0.00,0.00,0,0,0.00,0.00,0,0
1544345766,3007-eth3,986451.56,701458.56,1687910.12,702160,987438,546.45,561.44,1107.89,562,547,0.00,0.00,0,0
1544345766,1002-eth1,0.00,0.00,0.00,0,0,0.00,0.00,0.00,0,0,0.00,0.00,0,0
1544345766,2002-eth3,14221.78,145860.14,160081.92,146006,14236,147.85,154.85,302.70,155,148,0.00,0.00,0,0
1544345766,2007-eth2,0.00,0.00,0.00,0,0,0.00,0.00,0.00,0,0,0.00,0.00,0,0
1544345766,total,34842484.00,34495852.00,69338336.00,34530348,34877324,24753.25,24959.04,49712.29,24984,24778,0.00,0.00,0,0
1544345767,3003-eth3,663952.06,95322.68,759274.75,95418,664616,267.73,260.74,528.47,261,268,0.00,0.00,0,0
1544345767,2002-eth1,0.00,0.00,0.00,0,0,0.00,0.00,0.00,0,0,0.00,0.00,0,0
1544345767,lo,0.00,0.00,0.00,0,0,0.00,0.00,0.00,0,0,0.00,0.00,0,0
1544345767,3005-eth3,1164787.25,1069356.62,2234144.00,1070426,1165952,857.14,860.14,1717.28,861,858,0.00,0.00,0,0
1544345767,2005-eth3,22087.91,1175332.75,1197420.62,1176508,22110,334.67,405.59,740.26,406,335,0.00,0.00,0,0
1544345767,3004-eth4,1220040.00,524555.44,1744595.50,525080,1221260,637.36,627.37,1264.74,628,638,0.00,0.00,0,0
1544345767,1004-eth2,45300.70,1218543.50,1263844.25,1219762,45346,478.52,496.50,975.03,497,479,0.00,0.00,0,0
1544345767,2004-eth4,5874.13,5874.13,11748.25,5880,5880,59.94,59.94,119.88,60,60,0.00,0.00,0,0
1544345767,1001-eth2,685220.81,516644.38,1201865.12,517161,685906,492.51,487.51,980.02,488,493,0.00,0.00,0,0
1544345767,1003-eth3,0.00,0.00,0.00,0,0,0.00,0.00,0.00,0,0,0.00,0.00,0,0
1544345767,2002-eth4,3916.08,3860.14,7776.22,3864,3920,39.96,39.96,79.92,40,40,0.00,0.00,0,0
1544345767,1001-eth4,1227957.12,35642.36,1263599.38,35678,1229185,499.50,442.56,942.06,443,500,0.00,0.00,0,0
1544345767,3001-eth2,132313.69,13180.82,145494.52,13194,132446,146.85,136.86,283.72,137,147,0.00,0.00,0,0
1544345767,1004-eth1,13180.82,132257.75,145438.56,132390,13194,136.86,146.85,283.72,147,137,0.00,0.00,0,0
1544345767,3005-eth4,1226127.88,1223130.88,2449258.75,1224354,1227354,956.04,914.09,1870.13,915,957,0.00,0.00,0,0
1544345767,1003-eth2,0.00,0.00,0.00,0,0,0.00,0.00,0.00,0,0,0.00,0.00,0,0
1544345767,3008-eth1,31092.91,1061982.00,1093075.00,1063044,31124,373.63,441.56,815.18,442,374,0.00,0.00,0,0
1544345767,1002-eth3,0.00,0.00,0.00,0,0,0.00,0.00,0.00,0,0,0.00,0.00,0,0
1544345767,2006-eth1,0.00,0.00,0.00,0,0,0.00,0.00,0.00,0,0,0.00,0.00,0,0
1544345767,3003-eth1,16233.77,661958.06,678191.81,662620,16250,236.76,245.75,482.52,246,237,0.00,0.00,0,0
1544345767,2001-eth3,0.00,0.00,0.00,0,0,0.00,0.00,0.00,0,0,0.00,0.00,0,0
1544345767,2008-eth2,39158.84,1223138.88,1262297.75,1224362,39198,416.58,428.57,845.15,429,417,0.00,0.00,0,0
1544345767,2008-eth3,1053454.62,673194.81,1726649.38,673868,1054508,553.45,579.42,1132.87,580,554,0.00,0.00,0,0
1544345767,1001-eth3,22087.91,1175535.50,1197623.38,1176711,22110,334.67,406.59,741.26,407,335,0.00,0.00,0,0
1544345767,2007-eth4,1061982.00,31092.91,1093075.00,31124,1063044,441.56,373.63,815.18,374,442,0.00,0.00,0,0
1544345767,2004-eth2,1218543.50,45300.70,1263844.25,45346,1219762,496.50,478.52,975.03,479,497,0.00,0.00,0,0
1544345767,3002-eth1,1221626.38,1217730.25,2439356.75,1218948,1222848,783.22,877.12,1660.34,878,784,0.00,0.00,0,0
1544345767,3004-eth1,500207.81,23262.74,523470.53,23286,500708,249.75,246.75,496.50,247,250,0.00,0.00,0,0
1544345767,2006-eth3,1222677.38,28217.78,1250895.12,28246,1223900,421.58,410.59,832.17,411,422,0.00,0.00,0,0
1544345767,3004-eth2,5874.13,5874.13,11748.25,5880,5880,59.94,59.94,119.88,60,60,0.00,0.00,0,0
1544345767,3001-eth3,1196092.00,134041.97,1330133.88,134176,1197288,213.79,211.79,425.57,212,214,0.00,0.00,0,0
1544345767,2003-eth4,23262.74,500207.81,523470.53,500708,23286,246.75,249.75,496.50,250,247,0.00,0.00,0,0
1544345767,2008-eth4,822024.00,18303.70,840327.69,18322,822846,290.71,252.75,543.46,253,291,0.00,0.00,0,0
1544345767,3008-eth3,1222617.38,253964.05,1476581.50,254218,1223840,527.47,516.48,1043.96,517,528,0.00,0.00,0,0
1544345767,2005-eth2,0.00,0.00,0.00,0,0,0.00,0.00,0.00,0,0,0.00,0.00,0,0
1544345767,2006-eth4,32097.90,1200919.12,1233017.00,1202120,32130,448.55,491.51,940.06,492,449,0.00,0.00,0,0
1544345767,3006-eth2,1200919.12,32097.90,1233017.00,32130,1202120,491.51,448.55,940.06,449,492,0.00,0.00,0,0
1544345767,1003-eth4,0.00,0.00,0.00,0,0,0.00,0.00,0.00,0,0,0.00,0.00,0,0
1544345767,2006-eth2,11588.41,96515.48,108103.90,96612,11600,119.88,109.89,229.77,110,120,0.00,0.00,0,0
1544345767,3001-eth1,0.00,0.00,0.00,0,0,0.00,0.00,0.00,0,0,0.00,0.00,0,0
1544345767,3008-eth2,18303.70,822024.00,840327.69,822846,18322,252.75,290.71,543.46,291,253,0.00,0.00,0,0
1544345767,2004-eth3,43342.66,1222699.38,1266042.00,1223922,43386,458.54,480.52,939.06,481,459,0.00,0.00,0,0
1544345767,3001-eth4,17294.71,1198571.50,1215866.12,1199770,17312,223.78,236.76,460.54,237,224,0.00,0.00,0,0
1544345767,1003-eth1,0.00,0.00,0.00,0,0,0.00,0.00,0.00,0,0,0.00,0.00,0,0
1544345767,3002-eth2,3860.14,3916.08,7776.22,3920,3864,39.96,39.96,79.92,40,40,0.00,0.00,0,0
1544345767,2005-eth4,0.00,0.00,0.00,0,0,0.00,0.00,0.00,0,0,0.00,0.00,0,0
1544345767,3003-eth2,1222699.38,43342.66,1266042.00,43386,1223922,480.52,458.54,939.06,459,481,0.00,0.00,0,0
1544345767,2007-eth1,35642.36,1227957.12,1263599.38,1229185,35678,442.56,499.50,942.06,500,443,0.00,0.00,0,0
1544345767,1002-eth4,0.00,0.00,0.00,0,0,0.00,0.00,0.00,0,0,0.00,0.00,0,0
1544345767,3002-eth4,21418.58,682725.31,704143.88,683408,21440,287.71,311.69,599.40,312,288,0.00,0.00,0,0
1544345767,2007-eth3,656341.69,498077.94,1154419.62,498576,656998,366.63,379.62,746.25,380,367,0.00,0.00,0,0
1544345767,3005-eth1,1175332.75,22087.91,1197420.62,22110,1176508,405.59,334.67,740.26,335,406,0.00,0.00,0,0
1544345767,2001-eth4,1217730.25,1221626.38,2439356.75,1222848,1218948,877.12,783.22,1660.34,784,878,0.00,0.00,0,0
1544345767,3003-eth4,41348.65,744295.75,785644.38,745040,41390,436.56,455.54,892.11,456,437,0.00,0.00,0,0
1544345767,2004-eth1,0.00,0.00,0.00,0,0,0.00,0.00,0.00,0,0,0.00,0.00,0,0
1544345767,3006-eth4,33680.32,1224591.50,1258271.75,1225816,33714,472.53,499.50,972.03,500,473,0.00,0.00,0,0
1544345767,3007-eth1,498077.94,656341.69,1154419.62,656998,498576,379.62,366.63,746.25,367,380,0.00,0.00,0,0
1544345767,2008-eth1,0.00,0.00,0.00,0,0,0.00,0.00,0.00,0,0,0.00,0.00,0,0
1544345767,2002-eth2,132257.75,13180.82,145438.56,13194,132390,146.85,136.86,283.72,137,147,0.00,0.00,0,0
1544345767,2003-eth1,516644.38,685220.81,1201865.12,685906,517161,487.51,492.51,980.02,493,488,0.00,0.00,0,0
1544345767,3008-eth4,1220056.00,233262.75,1453318.75,233496,1221276,469.53,485.51,955.04,486,470,0.00,0.00,0,0
1544345767,1004-eth4,1223138.88,39158.84,1262297.75,39198,1224362,428.57,416.58,845.15,417,429,0.00,0.00,0,0
1544345767,3006-eth1,0.00,0.00,0.00,0,0,0.00,0.00,0.00,0,0,0.00,0.00,0,0
1544345767,1004-eth3,96515.48,11588.41,108103.90,11600,96612,109.89,119.88,229.77,120,110,0.00,0.00,0,0
1544345767,1002-eth2,0.00,0.00,0.00,0,0,0.00,0.00,0.00,0,0,0.00,0.00,0,0
1544345767,3004-eth3,33648.35,1219990.00,1253638.38,1221210,33682,472.53,496.50,969.03,497,473,0.00,0.00,0,0
1544345767,2003-eth3,661958.06,16233.77,678191.81,16250,662620,245.75,236.76,482.52,237,246,0.00,0.00,0,0
1544345767,2005-eth1,1175535.50,22087.91,1197623.38,22110,1176711,406.59,334.67,741.26,335,407,0.00,0.00,0,0
1544345767,3002-eth3,1203186.88,732048.00,1935234.88,732780,1204390,630.37,637.36,1267.73,638,631,0.00,0.00,0,0
1544345767,3006-eth3,1220046.00,1219130.88,2439177.00,1220350,1221266,776.22,806.19,1582.42,807,777,0.00,0.00,0,0
1544345767,2001-eth1,1221763.25,1219675.38,2441438.75,1220895,1222985,783.22,882.12,1665.33,883,784,0.00,0.00,0,0
1544345767,3005-eth2,28217.78,1222677.38,1250895.12,1223900,28246,410.59,421.58,832.17,422,411,0.00,0.00,0,0
1544345767,2001-eth2,0.00,0.00,0.00,0,0,0.00,0.00,0.00,0,0,0.00,0.00,0,0
1544345767,3007-eth2,673194.81,1053454.62,1726649.38,1054508,673868,579.42,553.45,1132.87,554,580,0.00,0.00,0,0
1544345767,1001-eth1,1219675.38,1221763.25,2441438.75,1222985,1220895,882.12,783.22,1665.33,784,883,0.00,0.00,0,0
1544345767,3007-eth4,656341.69,498077.94,1154419.62,498576,656998,366.63,379.62,746.25,380,367,0.00,0.00,0,0
1544345767,2003-eth2,0.00,0.00,0.00,0,0,0.00,0.00,0.00,0,0,0.00,0.00,0,0
1544345767,3007-eth3,1053454.62,673194.81,1726649.38,673868,1054508,553.45,579.42,1132.87,580,554,0.00,0.00,0,0
1544345767,1002-eth1,0.00,0.00,0.00,0,0,0.00,0.00,0.00,0,0,0.00,0.00,0,0
1544345767,2002-eth3,13180.82,132313.69,145494.52,132446,13194,136.86,146.85,283.72,147,137,0.00,0.00,0,0
1544345767,2007-eth2,0.00,0.00,0.00,0,0,0.00,0.00,0.00,0,0,0.00,0.00,0,0
1544345767,total,34646188.00,34178356.00,68824544.00,34212533,34680833,24623.38,24753.25,49376.62,24778,24648,0.00,0.00,0,0
1544345768,3003-eth3,602187.62,93449.10,695636.75,93636,603392,241.52,233.53,475.05,234,242,0.00,0.00,0,0
1544345768,2002-eth1,202.59,202.59,405.19,203,203,1.00,1.00,2.00,1,1,0.00,0.00,0,0
1544345768,lo,1197.60,1197.60,2395.21,1200,1200,19.96,19.96,39.92,20,20,0.00,0.00,0,0
1544345768,3005-eth3,1161511.00,847834.38,2009345.38,849530,1163834,869.26,803.39,1672.65,805,871,0.00,0.00,0,0
1544345768,2005-eth3,21934.13,1166736.50,1188670.75,1169070,21978,332.34,402.20,734.53,403,333,0.00,0.00,0,0
1544345768,3004-eth4,1213283.50,707906.19,1921189.62,709322,1215710,699.60,719.56,1419.16,721,701,0.00,0.00,0,0
1544345768,1004-eth2,46866.27,1214377.25,1261243.50,1216806,46960,495.01,577.84,1072.85,579,496,0.00,0.00,0,0
1544345768,2004-eth4,6357.29,6161.68,12518.96,6174,6370,64.87,62.87,127.74,63,65,0.00,0.00,0,0
1544345768,1001-eth2,631134.75,698812.38,1329947.12,700210,632397,546.91,563.87,1110.78,565,548,0.00,0.00,0,0
1544345768,1003-eth3,0.00,0.00,0.00,0,0,0.00,0.00,0.00,0,0,0.00,0.00,0,0
1544345768,2002-eth4,3912.18,3954.09,7866.27,3962,3920,39.92,40.92,80.84,41,40,0.00,0.00,0,0
1544345768,1001-eth4,1213786.50,41348.30,1255134.75,41431,1216214,502.00,494.01,996.01,495,503,0.00,0.00,0,0
1544345768,3001-eth2,293742.53,16471.06,310213.59,16504,294330,184.63,171.66,356.29,172,185,0.00,0.00,0,0
1544345768,1004-eth1,16471.06,293784.44,310255.50,294372,16504,171.66,185.63,357.29,186,172,0.00,0.00,0,0
1544345768,3005-eth4,1221545.00,1212091.88,2433636.75,1214516,1223988,904.19,920.16,1824.35,922,906,0.00,0.00,0,0
1544345768,1003-eth2,0.00,202.59,202.59,203,0,0.00,1.00,1.00,1,0,0.00,0.00,0,0
1544345768,3008-eth1,38313.38,1147175.62,1185489.00,1149470,38390,450.10,478.04,928.14,479,451,0.00,0.00,0,0
1544345768,1002-eth3,202.59,202.59,405.19,203,203,1.00,1.00,2.00,1,1,0.00,0.00,0,0
1544345768,2006-eth1,0.00,0.00,0.00,0,0,0.00,0.00,0.00,0,0,0.00,0.00,0,0
1544345768,3003-eth1,14802.40,600469.06,615271.50,601670,14832,215.57,222.55,438.12,223,216,0.00,0.00,0,0
1544345768,2001-eth3,0.00,0.00,0.00,0,0,0.00,0.00,0.00,0,0,0.00,0.00,0,0
1544345768,2008-eth2,43622.75,1214103.88,1257726.62,1216532,43710,464.07,441.12,905.19,442,465,0.00,0.00,0,0
1544345768,2008-eth3,1104628.75,712640.75,1817269.50,714066,1106838,577.84,609.78,1187.62,611,579,0.00,0.00,0,0
1544345768,1001-eth3,22136.73,1166736.50,1188873.25,1169070,22181,333.33,402.20,735.53,403,334,0.00,0.00,0,0
1544345768,2007-eth4,1147175.62,38313.38,1185489.00,38390,1149470,478.04,450.10,928.14,451,479,0.00,0.00,0,0
1544345768,2004-eth2,1214377.25,46866.27,1261243.50,46960,1216806,577.84,495.01,1072.85,496,579,0.00,0.00,0,0
1544345768,3002-eth1,1211145.75,1215916.25,2427062.00,1218348,1213568,774.45,844.31,1618.76,846,776,0.00,0.00,0,0
1544345768,3004-eth1,684079.88,30439.12,714519.00,30500,685448,349.30,323.35,672.65,324,350,0.00,0.00,0,0
1544345768,2006-eth3,1211143.75,27654.69,1238798.38,27710,1213566,418.16,404.19,822.36,405,419,0.00,0.00,0,0
1544345768,3004-eth2,6161.68,6357.29,12518.96,6370,6174,62.87,64.87,127.74,65,63,0.00,0.00,0,0
1544345768,3001-eth3,1206900.25,295373.25,1502273.50,295964,1209314,250.50,249.50,500.00,250,251,0.00,0.00,0,0
1544345768,2003-eth4,30439.12,684079.88,714519.00,685448,30500,323.35,349.30,672.65,350,324,0.00,0.00,0,0
1544345768,2008-eth4,797097.81,21630.74,818728.56,21674,798692,297.41,290.42,587.82,291,298,0.00,0.00,0,0
1544345768,3008-eth3,1211702.62,340289.44,1551992.00,340970,1214126,545.91,535.93,1081.84,537,547,0.00,0.00,0,0
1544345768,2005-eth2,202.59,202.59,405.19,203,203,1.00,1.00,2.00,1,1,0.00,0.00,0,0
1544345768,2006-eth4,32586.83,1196862.25,1229449.12,1199256,32652,453.09,491.02,944.11,492,454,0.00,0.00,0,0
1544345768,3006-eth2,1196862.25,32586.83,1229449.12,32652,1199256,491.02,453.09,944.11,454,492,0.00,0.00,0,0
1544345768,1003-eth4,0.00,0.00,0.00,0,0,0.00,0.00,0.00,0,0,0.00,0.00,0,0
1544345768,2006-eth2,11275.45,69285.43,80560.88,69424,11298,116.77,111.78,228.54,112,117,0.00,0.00,0,0
1544345768,3001-eth1,0.00,0.00,0.00,0,0,0.00,0.00,0.00,0,0,0.00,0.00,0,0
1544345768,3008-eth2,21630.74,797097.81,818728.56,798692,21674,290.42,297.41,587.82,298,291,0.00,0.00,0,0
1544345768,2004-eth3,45301.40,1215634.75,1260936.12,1218066,45392,479.04,579.84,1058.88,581,480,0.00,0.00,0,0
1544345768,3001-eth4,17964.07,1206668.75,1224632.75,1209082,18000,231.54,244.51,476.05,245,232,0.00,0.00,0,0
1544345768,1003-eth1,202.59,202.59,405.19,203,203,1.00,1.00,2.00,1,1,0.00,0.00,0,0
1544345768,3002-eth2,3954.09,3912.18,7866.27,3920,3962,40.92,39.92,80.84,40,41,0.00,0.00,0,0
1544345768,2005-eth4,0.00,0.00,0.00,0,0,0.00,0.00,0.00,0,0,0.00,0.00,0,0
1544345768,3003-eth2,1215634.75,45301.40,1260936.12,45392,1218066,579.84,479.04,1058.88,480,581,0.00,0.00,0,0
1544345768,2007-eth1,41348.30,1213786.50,1255134.75,1216214,41431,494.01,502.00,996.01,503,495,0.00,0.00,0,0
1544345768,1002-eth4,272.46,202.59,475.05,203,273,2.00,1.00,2.99,1,2,0.00,0.00,0,0
1544345768,3002-eth4,20275.45,634844.31,655119.75,636114,20316,269.46,296.41,565.87,297,270,0.00,0.00,0,0
1544345768,2007-eth3,569894.25,507626.75,1077521.00,508642,571034,336.33,356.29,692.61,357,337,0.00,0.00,0,0
1544345768,3005-eth1,1166736.50,21934.13,1188670.75,21978,1169070,402.20,332.34,734.53,333,403,0.00,0.00,0,0
1544345768,2001-eth4,1215916.25,1211145.75,2427062.00,1213568,1218348,844.31,774.45,1618.76,776,846,0.00,0.00,0,0
1544345768,3003-eth4,43582.84,780702.62,824285.44,782264,43670,460.08,471.06,931.14,472,461,0.00,0.00,0,0
1544345768,2004-eth1,202.59,0.00,202.59,0,203,1.00,0.00,1.00,0,1,0.00,0.00,0,0
1544345768,3006-eth4,34167.66,1214598.88,1248766.50,1217028,34236,477.05,497.01,974.05,498,478,0.00,0.00,0,0
1544345768,3007-eth1,507626.75,569894.25,1077521.00,571034,508642,356.29,336.33,692.61,337,357,0.00,0.00,0,0
1544345768,2008-eth1,0.00,0.00,0.00,0,0,0.00,0.00,0.00,0,0,0.00,0.00,0,0
1544345768,2002-eth2,293784.44,16471.06,310255.50,16504,294372,185.63,171.66,357.29,172,186,0.00,0.00,0,0
1544345768,2003-eth1,698812.38,631134.75,1329947.12,632397,700210,563.87,546.91,1110.78,548,565,0.00,0.00,0,0
1544345768,3008-eth4,1221093.88,272684.62,1493778.50,273230,1223536,590.82,617.76,1208.58,619,592,0.00,0.00,0,0
1544345768,1004-eth4,1214103.88,43622.75,1257726.62,43710,1216532,441.12,464.07,905.19,465,442,0.00,0.00,0,0
1544345768,3006-eth1,0.00,0.00,0.00,0,0,0.00,0.00,0.00,0,0,0.00,0.00,0,0
1544345768,1004-eth3,69285.43,11275.45,80560.88,11298,69424,111.78,116.77,228.54,117,112,0.00,0.00,0,0
1544345768,1002-eth2,202.59,202.59,405.19,203,203,1.00,1.00,2.00,1,1,0.00,0.00,0,0
1544345768,3004-eth3,33774.45,1217652.75,1251427.12,1220088,33842,472.06,499.00,971.06,500,473,0.00,0.00,0,0
1544345768,2003-eth3,600469.06,14802.40,615271.50,14832,601670,222.55,215.57,438.12,216,223,0.00,0.00,0,0
1544345768,2005-eth1,1166736.50,22136.73,1188873.25,22181,1169070,402.20,333.33,735.53,334,403,0.00,0.00,0,0
1544345768,3002-eth3,1199552.88,700047.94,1899600.88,701448,1201952,614.77,622.75,1237.52,624,616,0.00,0.00,0,0
1544345768,3006-eth3,1212850.38,1214892.25,2427742.50,1217322,1215276,772.46,803.39,1575.85,805,774,0.00,0.00,0,0
1544345768,2001-eth1,1214101.88,1214109.88,2428211.75,1216538,1216530,775.45,839.32,1614.77,841,777,0.00,0.00,0,0
1544345768,3005-eth2,27654.69,1211143.75,1238798.38,1213566,27710,404.19,418.16,822.36,419,405,0.00,0.00,0,0
1544345768,2001-eth2,202.59,202.59,405.19,203,203,1.00,1.00,2.00,1,1,0.00,0.00,0,0
1544345768,3007-eth2,712640.75,1104628.75,1817269.50,1106838,714066,609.78,577.84,1187.62,579,611,0.00,0.00,0,0
1544345768,1001-eth1,1214109.88,1214101.88,2428211.75,1216530,1216538,839.32,775.45,1614.77,777,841,0.00,0.00,0,0
1544345768,3007-eth4,569894.25,507626.75,1077521.00,508642,571034,336.33,356.29,692.61,357,337,0.00,0.00,0,0
1544345768,2003-eth2,202.59,202.59,405.19,203,203,1.00,1.00,2.00,1,1,0.00,0.00,0,0
1544345768,3007-eth3,1104628.75,712640.75,1817269.50,714066,1106838,577.84,609.78,1187.62,611,579,0.00,0.00,0,0
1544345768,1002-eth1,202.59,202.59,405.19,203,203,1.00,1.00,2.00,1,1,0.00,0.00,0,0
1544345768,2002-eth3,16471.06,293742.53,310213.59,294330,16504,171.66,184.63,356.29,185,172,0.00,0.00,0,0
1544345768,2007-eth2,202.59,272.46,475.05,273,203,1.00,2.00,2.99,2,1,0.00,0.00,0,0
1544345768,total,35094676.00,34979068.00,70073744.00,35049024,35164866,25616.77,25783.43,51400.20,25835,25668,0.00,0.00,0,0
1544345769,3003-eth3,620393.25,137790.42,758183.62,138066,621634,252.50,248.50,501.00,249,253,0.00,0.00,0,0
1544345769,2002-eth1,0.00,0.00,0.00,0,0,0.00,0.00,0.00,0,0,0.00,0.00,0,0
1544345769,lo,0.00,0.00,0.00,0,0,0.00,0.00,0.00,0,0,0.00,0.00,0,0
1544345769,3005-eth3,1185385.25,1076022.00,2261407.25,1078174,1187756,728.54,757.49,1486.03,759,730,0.00,0.00,0,0
1544345769,2005-eth3,23910.18,1194852.38,1218762.50,1197242,23958,362.28,412.18,774.45,413,363,0.00,0.00,0,0
1544345769,3004-eth4,1218199.62,733988.06,1952187.62,735456,1220636,736.53,742.51,1479.04,744,738,0.00,0.00,0,0
1544345769,1004-eth2,49152.70,1234495.00,1283647.75,1236964,49251,517.96,724.55,1242.52,726,519,0.00,0.00,0,0
1544345769,2004-eth4,6846.31,6357.29,13203.59,6370,6860,69.86,64.87,134.73,65,70,0.00,0.00,0,0
1544345769,1001-eth2,651401.19,725189.62,1376590.88,726640,652704,580.84,590.82,1171.66,592,582,0.00,0.00,0,0
1544345769,1003-eth3,202.59,202.59,405.19,203,203,1.00,1.00,2.00,1,1,0.00,0.00,0,0
1544345769,2002-eth4,3954.09,3912.18,7866.27,3920,3962,40.92,39.92,80.84,40,41,0.00,0.00,0,0
1544345769,1001-eth4,1230411.25,43199.60,1273610.88,43286,1232872,534.93,513.97,1048.90,515,536,0.00,0.00,0,0
1544345769,3001-eth2,194782.44,16115.77,210898.20,16148,195172,173.65,167.66,341.32,168,174,0.00,0.00,0,0
1544345769,1004-eth1,16360.28,194985.03,211345.31,195375,16393,169.66,174.65,344.31,175,170,0.00,0.00,0,0
1544345769,3005-eth4,1228766.50,1220251.50,2449018.00,1222692,1231224,1013.97,780.44,1794.41,782,1016,0.00,0.00,0,0
1544345769,1003-eth2,202.59,0.00,202.59,0,203,1.00,0.00,1.00,0,1,0.00,0.00,0,0
1544345769,3008-eth1,40103.79,1166888.25,1206992.00,1169222,40184,467.07,513.97,981.04,515,468,0.00,0.00,0,0
1544345769,1002-eth3,0.00,0.00,0.00,0,0,0.00,0.00,0.00,0,0,0.00,0.00,0,0
1544345769,2006-eth1,202.59,202.59,405.19,203,203,1.00,1.00,2.00,1,1,0.00,0.00,0,0
1544345769,3003-eth1,15295.41,618401.19,633696.62,619638,15326,222.55,230.54,453.09,231,223,0.00,0.00,0,0
1544345769,2001-eth3,202.59,202.59,405.19,203,203,1.00,1.00,2.00,1,1,0.00,0.00,0,0
1544345769,2008-eth2,44106.79,1219950.12,1264056.88,1222390,44195,468.06,442.12,910.18,443,469,0.00,0.00,0,0
1544345769,2008-eth3,1135503.00,725590.81,1861093.88,727042,1137774,585.83,625.75,1211.58,627,587,0.00,0.00,0,0
1544345769,1001-eth3,23910.18,1194852.38,1218762.50,1197242,23958,362.28,412.18,774.45,413,363,0.00,0.00,0,0
1544345769,2007-eth4,1166888.25,40103.79,1206992.00,40184,1169222,513.97,467.07,981.04,468,515,0.00,0.00,0,0
1544345769,2004-eth2,1234495.00,49152.70,1283647.75,49251,1236964,724.55,517.96,1242.52,519,726,0.00,0.00,0,0
1544345769,3002-eth1,1220804.38,1220874.25,2441678.75,1223316,1223246,809.38,832.34,1641.72,834,811,0.00,0.00,0,0
1544345769,3004-eth1,709894.25,33093.81,742988.06,33160,711314,368.26,351.30,719.56,352,369,0.00,0.00,0,0
1544345769,2006-eth3,1224652.75,29153.69,1253806.38,29212,1227102,426.15,425.15,851.30,426,427,0.00,0.00,0,0
1544345769,3004-eth2,6357.29,6846.31,13203.59,6860,6370,64.87,69.86,134.73,70,65,0.00,0.00,0,0
1544345769,3001-eth3,1206291.50,196578.84,1402870.25,196972,1208704,245.51,241.52,487.03,242,246,0.00,0.00,0,0
1544345769,2003-eth4,33093.81,709894.25,742988.06,711314,33160,351.30,368.26,719.56,369,352,0.00,0.00,0,0
1544345769,2008-eth4,789542.94,20453.09,809996.00,20494,791122,292.42,276.45,568.86,277,293,0.00,0.00,0,0
1544345769,3008-eth3,1219670.75,365906.19,1585576.88,366638,1222110,523.95,529.94,1053.89,531,525,0.00,0.00,0,0
1544345769,2005-eth2,0.00,0.00,0.00,0,0,0.00,0.00,0.00,0,0,0.00,0.00,0,0
1544345769,2006-eth4,34097.90,1204367.62,1238465.62,1205572,34132,473.53,497.50,971.03,498,474,0.00,0.00,0,0
1544345769,3006-eth2,1204367.62,34097.90,1238465.62,34132,1205572,497.50,473.53,971.03,474,498,0.00,0.00,0,0
1544345769,1003-eth4,202.80,202.80,405.59,203,203,1.00,1.00,2.00,1,1,0.00,0.00,0,0
1544345769,2006-eth2,12322.68,127144.86,139467.53,127272,12335,126.87,151.85,278.72,152,127,0.00,0.00,0,0
1544345769,3001-eth1,202.80,202.80,405.59,203,203,1.00,1.00,2.00,1,1,0.00,0.00,0,0
1544345769,3008-eth2,20473.53,790331.69,810805.19,791122,20494,276.72,292.71,569.43,293,277,0.00,0.00,0,0
1544345769,2004-eth3,47530.47,1237806.25,1285336.75,1239044,47578,502.50,717.28,1219.78,718,503,0.00,0.00,0,0
1544345769,3001-eth4,18735.27,1208301.75,1227037.00,1209510,18754,240.76,250.75,491.51,251,241,0.00,0.00,0,0
1544345769,1003-eth1,0.00,0.00,0.00,0,0,0.00,0.00,0.00,0,0,0.00,0.00,0,0
1544345769,3002-eth2,3916.08,3958.04,7874.13,3962,3920,39.96,40.96,80.92,41,40,0.00,0.00,0,0
1544345769,2005-eth4,0.00,0.00,0.00,0,0,0.00,0.00,0.00,0,0,0.00,0.00,0,0
1544345769,3003-eth2,1237806.25,47530.47,1285336.75,47578,1239044,717.28,502.50,1219.78,503,718,0.00,0.00,0,0
1544345769,2007-eth1,43242.76,1231640.38,1274883.12,1232872,43286,514.49,535.46,1049.95,536,515,0.00,0.00,0,0
1544345769,1002-eth4,0.00,0.00,0.00,0,0,0.00,0.00,0.00,0,0,0.00,0.00,0,0
1544345769,3002-eth4,19538.46,619072.94,638611.38,619692,19558,258.74,289.71,548.45,290,259,0.00,0.00,0,0
1544345769,2007-eth3,562571.44,500571.44,1063142.88,501072,563134,326.67,351.65,678.32,352,327,0.00,0.00,0,0
1544345769,3005-eth1,1196046.00,23934.07,1219980.00,23958,1197242,412.59,362.64,775.22,363,413,0.00,0.00,0,0
1544345769,2001-eth4,1222094.00,1222024.00,2444118.00,1223246,1223316,833.17,810.19,1643.36,811,834,0.00,0.00,0,0
1544345769,3003-eth4,45536.46,831158.88,876695.31,831990,45582,480.52,478.52,959.04,479,481,0.00,0.00,0,0
1544345769,2004-eth1,0.00,202.80,202.80,203,0,0.00,1.00,1.00,1,0,0.00,0.00,0,0
1544345769,3006-eth4,34823.18,1222121.88,1256945.12,1223344,34858,484.52,503.50,988.01,504,485,0.00,0.00,0,0
1544345769,3007-eth1,500571.44,562571.44,1063142.88,563134,501072,351.65,326.67,678.32,327,352,0.00,0.00,0,0
1544345769,2008-eth1,202.80,202.80,405.59,203,203,1.00,1.00,2.00,1,1,0.00,0.00,0,0
1544345769,2002-eth2,195179.83,16376.62,211556.45,16393,195375,174.83,169.83,344.66,170,175,0.00,0.00,0,0
1544345769,2003-eth1,725914.12,652051.94,1377966.12,652704,726640,591.41,581.42,1172.83,582,592,0.00,0.00,0,0
1544345769,3008-eth4,1230407.62,336035.97,1566443.62,336372,1231638,626.37,649.35,1275.72,650,627,0.00,0.00,0,0
1544345769,1004-eth4,1221168.88,44150.85,1265319.75,44195,1222390,442.56,468.53,911.09,469,443,0.00,0.00,0,0
1544345769,3006-eth1,0.00,0.00,0.00,0,0,0.00,0.00,0.00,0,0,0.00,0.00,0,0
1544345769,1004-eth3,127144.86,12322.68,139467.53,12335,127272,151.85,126.87,278.72,127,152,0.00,0.00,0,0
1544345769,1002-eth2,0.00,0.00,0.00,0,0,0.00,0.00,0.00,0,0,0.00,0.00,0,0
1544345769,3004-eth3,34593.41,1224983.00,1259576.50,1226208,34628,481.52,503.50,985.02,504,482,0.00,0.00,0,0
1544345769,2003-eth3,619019.00,15310.69,634329.69,15326,619638,230.77,222.78,453.55,223,231,0.00,0.00,0,0
1544345769,2005-eth1,1196046.00,23934.07,1219980.00,23958,1197242,412.59,362.64,775.22,363,413,0.00,0.00,0,0
1544345769,3002-eth3,1206513.50,706887.12,1913400.62,707594,1207720,615.38,628.37,1243.76,629,616,0.00,0.00,0,0
1544345769,3006-eth3,1223334.75,1222155.88,2445490.50,1223378,1224558,782.22,808.19,1590.41,809,783,0.00,0.00,0,0
1544345769,2001-eth1,1221992.00,1222125.88,2444118.00,1223348,1223214,810.19,833.17,1643.36,834,811,0.00,0.00,0,0
1544345769,3005-eth2,29182.82,1225876.12,1255059.00,1227102,29212,425.57,426.57,852.15,427,426,0.00,0.00,0,0
1544345769,2001-eth2,0.00,0.00,0.00,0,0,0.00,0.00,0.00,0,0,0.00,0.00,0,0
1544345769,3007-eth2,726315.69,1136637.38,1862953.12,1137774,727042,626.37,586.41,1212.79,587,627,0.00,0.00,0,0
1544345769,1001-eth1,1222125.88,1221992.00,2444118.00,1223214,1223348,833.17,810.19,1643.36,811,834,0.00,0.00,0,0
1544345769,3007-eth4,562571.44,500571.44,1063142.88,501072,563134,326.67,351.65,678.32,352,327,0.00,0.00,0,0
1544345769,2003-eth2,0.00,0.00,0.00,0,0,0.00,0.00,0.00,0,0,0.00,0.00,0,0
1544345769,3007-eth3,1136637.38,726315.69,1862953.12,727042,1137774,586.41,626.37,1212.79,627,587,0.00,0.00,0,0
1544345769,1002-eth1,0.00,0.00,0.00,0,0,0.00,0.00,0.00,0,0,0.00,0.00,0,0
1544345769,2002-eth3,16131.87,194977.03,211108.89,195172,16148,167.83,173.83,341.66,174,168,0.00,0.00,0,0
1544345769,2007-eth2,0.00,0.00,0.00,0,0,0.00,0.00,0.00,0,0,0.00,0.00,0,0
1544345769,total,35416028.00,35549828.00,70965856.00,35585376,35451444,26449.55,26455.55,52905.10,26482,26476,0.00,0.00,0,0
1544345770,3003-eth3,630181.81,144373.62,774555.44,144518,630812,243.76,258.74,502.50,259,244,0.00,0.00,0,0
1544345770,2002-eth1,0.00,0.00,0.00,0,0,0.00,0.00,0.00,0,0,0.00,0.00,0,0
1544345770,lo,1198.80,1198.80,2397.60,1200,1200,19.98,19.98,39.96,20,20,0.00,0.00,0,0
1544345770,3005-eth3,1142455.62,1206895.12,2349350.75,1208102,1143598,762.24,774.23,1536.46,775,763,0.00,0.00,0,0
1544345770,2005-eth3,23736.26,1193087.00,1216823.25,1194280,23760,359.64,411.59,771.23,412,360,0.00,0.00,0,0
1544345770,3004-eth4,1221632.38,810803.25,2032435.62,811614,1222854,776.22,778.22,1554.45,779,777,0.00,0.00,0,0
1544345770,1004-eth2,47488.51,1230438.62,1277927.12,1231669,47536,501.50,689.31,1190.81,690,502,0.00,0.00,0,0
1544345770,2004-eth4,6461.54,6167.83,12629.37,6174,6468,65.93,62.94,128.87,63,66,0.00,0.00,0,0
1544345770,1001-eth2,667530.50,802161.88,1469692.38,802964,668198,654.35,629.37,1283.72,630,655,0.00,0.00,0,0
1544345770,1003-eth3,0.00,0.00,0.00,0,0,0.00,0.00,0.00,0,0,0.00,0.00,0,0
1544345770,2002-eth4,4160.84,4118.88,8279.72,4123,4165,41.96,40.96,82.92,41,42,0.00,0.00,0,0
1544345770,1001-eth4,1222957.12,47968.04,1270925.12,48016,1224180,513.49,577.42,1090.91,578,514,0.00,0.00,0,0
1544345770,3001-eth2,133369.64,15011.99,148381.62,15027,133503,158.84,154.85,313.69,155,159,0.00,0.00,0,0
1544345770,1004-eth1,14851.15,133166.84,148017.98,133300,14866,154.85,157.84,312.69,158,155,0.00,0.00,0,0
1544345770,3005-eth4,1221996.00,1220521.50,2442517.50,1221742,1223218,784.22,816.18,1600.40,817,785,0.00,0.00,0,0
1544345770,1003-eth2,0.00,0.00,0.00,0,0,0.00,0.00,0.00,0,0,0.00,0.00,0,0
1544345770,3008-eth1,45656.34,1217039.00,1262695.38,1218256,45702,542.46,511.49,1053.95,512,543,0.00,0.00,0,0
1544345770,1002-eth3,0.00,0.00,0.00,0,0,0.00,0.00,0.00,0,0,0.00,0.00,0,0
1544345770,2006-eth1,0.00,0.00,0.00,0,0,0.00,0.00,0.00,0,0,0.00,0.00,0,0
1544345770,3003-eth1,15711.29,629408.62,645119.88,630038,15727,226.77,234.77,461.54,235,227,0.00,0.00,0,0
1544345770,2001-eth3,0.00,0.00,0.00,0,0,0.00,0.00,0.00,0,0,0.00,0.00,0,0
1544345770,2008-eth2,42727.27,1221894.12,1264621.38,1223116,42770,454.55,453.55,908.09,454,455,0.00,0.00,0,0
1544345770,2008-eth3,1073248.75,667041.00,1740289.75,667708,1074322,568.43,605.39,1173.83,606,569,0.00,0.00,0,0
1544345770,1001-eth3,23736.26,1193087.00,1216823.25,1194280,23760,359.64,411.59,771.23,412,360,0.00,0.00,0,0
1544345770,2007-eth4,1217039.00,45656.34,1262695.38,45702,1218256,511.49,542.46,1053.95,543,512,0.00,0.00,0,0
1544345770,2004-eth2,1230438.62,47488.51,1277927.12,47536,1231669,689.31,501.50,1190.81,502,690,0.00,0.00,0,0
1544345770,3002-eth1,1222031.00,1222130.88,2444162.00,1223353,1223253,809.19,831.17,1640.36,832,810,0.00,0.00,0,0
1544345770,3004-eth1,786856.19,38121.88,824978.06,38160,787643,404.60,419.58,824.18,420,405,0.00,0.00,0,0
1544345770,2006-eth3,1218119.88,26775.22,1244895.12,26802,1219338,440.56,394.61,835.16,395,441,0.00,0.00,0,0
1544345770,3004-eth2,6167.83,6461.54,12629.37,6468,6174,62.94,65.93,128.87,66,63,0.00,0.00,0,0
1544345770,3001-eth3,1200187.88,134635.38,1334823.25,134770,1201388,227.77,220.78,448.55,221,228,0.00,0.00,0,0
1544345770,2003-eth4,38121.88,786856.19,824978.06,787643,38160,419.58,404.60,824.18,405,420,0.00,0.00,0,0
1544345770,2008-eth4,790921.12,17962.04,808883.12,17980,791712,279.72,243.76,523.48,244,280,0.00,0.00,0,0
1544345770,3008-eth3,1222391.62,294735.28,1517126.88,295030,1223614,540.46,542.46,1082.92,543,541,0.00,0.00,0,0
1544345770,2005-eth2,0.00,0.00,0.00,0,0,0.00,0.00,0.00,0,0,0.00,0.00,0,0
1544345770,2006-eth4,32617.38,1201212.88,1233830.25,1202414,32650,452.55,494.51,947.05,495,453,0.00,0.00,0,0
1544345770,3006-eth2,1201212.88,32617.38,1233830.25,32650,1202414,494.51,452.55,947.05,453,495,0.00,0.00,0,0
1544345770,1003-eth4,0.00,0.00,0.00,0,0,0.00,0.00,0.00,0,0,0.00,0.00,0,0
1544345770,2006-eth2,10703.30,162756.25,173459.55,162919,10714,110.89,142.86,253.75,143,111,0.00,0.00,0,0
1544345770,3001-eth1,0.00,0.00,0.00,0,0,0.00,0.00,0.00,0,0,0.00,0.00,0,0
1544345770,3008-eth2,17962.04,790921.12,808883.12,791712,17980,243.76,279.72,523.48,280,244,0.00,0.00,0,0
1544345770,2004-eth3,46026.97,1226529.50,1272556.50,1227756,46073,485.51,661.34,1146.85,662,486,0.00,0.00,0,0
1544345770,3001-eth4,18143.86,1202119.88,1220263.75,1203322,18162,232.77,244.76,477.52,245,233,0.00,0.00,0,0
1544345770,1003-eth1,0.00,0.00,0.00,0,0,0.00,0.00,0.00,0,0,0.00,0.00,0,0
1544345770,3002-eth2,4118.88,4160.84,8279.72,4165,4123,40.96,41.96,82.92,42,41,0.00,0.00,0,0
1544345770,2005-eth4,0.00,0.00,0.00,0,0,0.00,0.00,0.00,0,0,0.00,0.00,0,0
1544345770,3003-eth2,1226529.50,46026.97,1272556.50,46073,1227756,661.34,485.51,1146.85,486,662,0.00,0.00,0,0
1544345770,2007-eth1,47968.04,1222957.12,1270925.12,1224180,48016,577.42,513.49,1090.91,514,578,0.00,0.00,0,0
1544345770,1002-eth4,0.00,0.00,0.00,0,0,0.00,0.00,0.00,0,0,0.00,0.00,0,0
1544345770,3002-eth4,19306.69,625088.94,644395.62,625714,19326,254.75,292.71,547.45,293,255,0.00,0.00,0,0
1544345770,2007-eth3,542187.81,541470.56,1083658.38,542012,542730,324.68,357.64,682.32,358,325,0.00,0.00,0,0
1544345770,3005-eth1,1193087.00,23736.26,1216823.25,23760,1194280,411.59,359.64,771.23,360,412,0.00,0.00,0,0
1544345770,2001-eth4,1222130.88,1222031.00,2444162.00,1223253,1223353,831.17,809.19,1640.36,810,832,0.00,0.00,0,0
1544345770,3003-eth4,45050.95,1065236.75,1110287.75,1066302,45096,475.52,474.53,950.05,475,476,0.00,0.00,0,0
1544345770,2004-eth1,0.00,0.00,0.00,0,0,0.00,0.00,0.00,0,0,0.00,0.00,0,0
1544345770,3006-eth4,34463.54,1221926.12,1256389.62,1223148,34498,480.52,501.50,982.02,502,481,0.00,0.00,0,0
1544345770,3007-eth1,541470.56,542187.81,1083658.38,542730,542012,357.64,324.68,682.32,325,358,0.00,0.00,0,0
1544345770,2008-eth1,0.00,0.00,0.00,0,0,0.00,0.00,0.00,0,0,0.00,0.00,0,0
1544345770,2002-eth2,133166.84,14851.15,148017.98,14866,133300,157.84,154.85,312.69,155,158,0.00,0.00,0,0
1544345770,2003-eth1,802161.88,667530.50,1469692.38,668198,802964,629.37,654.35,1283.72,655,630,0.00,0.00,0,0
1544345770,3008-eth4,1231210.88,301034.97,1532245.75,301336,1232442,682.32,703.30,1385.61,704,683,0.00,0.00,0,0
1544345770,1004-eth4,1221894.12,42727.27,1264621.38,42770,1223116,453.55,454.55,908.09,455,454,0.00,0.00,0,0
1544345770,3006-eth1,0.00,0.00,0.00,0,0,0.00,0.00,0.00,0,0,0.00,0.00,0,0
1544345770,1004-eth3,162593.81,10692.62,173286.44,10714,162919,142.71,110.78,253.49,111,143,0.00,0.00,0,0
1544345770,1002-eth2,0.00,0.00,0.00,0,0,0.00,0.00,0.00,0,0,0.00,0.00,0,0
1544345770,3004-eth3,34101.80,1220511.00,1254612.75,1222952,34170,476.05,499.00,975.05,500,477,0.00,0.00,0,0
1544345770,2003-eth3,628780.44,15695.61,644476.06,15727,630038,234.53,226.55,461.08,227,235,0.00,0.00,0,0
1544345770,2005-eth1,1191896.25,23712.58,1215608.88,23760,1194280,411.18,359.28,770.46,360,412,0.00,0.00,0,0
1544345770,3002-eth3,1205375.25,740341.31,1945716.62,741822,1207786,615.77,641.72,1257.49,643,617,0.00,0.00,0,0
1544345770,3006-eth3,1219487.00,1217914.25,2437401.25,1220350,1221926,785.43,805.39,1590.82,807,787,0.00,0.00,0,0
1544345770,2001-eth1,1220640.75,1220742.50,2441383.25,1223184,1223082,807.39,830.34,1637.72,832,809,0.00,0.00,0,0
1544345770,3005-eth2,26748.50,1216904.25,1243652.75,1219338,26802,394.21,440.12,834.33,441,395,0.00,0.00,0,0
1544345770,2001-eth2,0.00,0.00,0.00,0,0,0.00,0.00,0.00,0,0,0.00,0.00,0,0
1544345770,3007-eth2,666375.25,1072177.62,1738553.00,1074322,667708,604.79,567.86,1172.65,569,606,0.00,0.00,0,0
1544345770,1001-eth1,1220742.50,1220640.75,2441383.25,1223082,1223184,830.34,807.39,1637.72,809,832,0.00,0.00,0,0
1544345770,3007-eth4,541646.75,540930.12,1082576.88,542012,542730,324.35,357.29,681.64,358,325,0.00,0.00,0,0
1544345770,2003-eth2,0.00,0.00,0.00,0,0,0.00,0.00,0.00,0,0,0.00,0.00,0,0
1544345770,3007-eth3,1072177.62,666375.25,1738553.00,667708,1074322,567.86,604.79,1172.65,606,569,0.00,0.00,0,0
1544345770,1002-eth1,0.00,0.00,0.00,0,0,0.00,0.00,0.00,0,0,0.00,0.00,0,0
1544345770,2002-eth3,14997.01,133236.53,148233.53,133503,15027,154.69,158.68,313.37,159,155,0.00,0.00,0,0
1544345770,2007-eth2,0.00,0.00,0.00,0,0,0.00,0.00,0.00,0,0,0.00,0.00,0,0
1544345770,total,35242340.00,35795732.00,71038080.00,35867325,35312825,26262.48,26547.90,52810.38,26601,26315,0.00,0.00,0,0
1544345771,3003-eth3,651918.12,117482.52,769400.62,117600,652570,276.72,267.73,544.46,268,277,0.00,0.00,0,0
1544345771,2002-eth1,0.00,0.00,0.00,0,0,0.00,0.00,0.00,0,0,0.00,0.00,0,0
1544345771,lo,0.00,0.00,0.00,0,0,0.00,0.00,0.00,0,0,0.00,0.00,0,0
1544345771,3005-eth3,1123580.50,1153434.62,2277015.00,1154588,1124704,739.26,753.25,1492.51,754,740,0.00,0.00,0,0
1544345771,2005-eth3,24070.93,1184412.62,1208483.50,1185597,24095,362.64,409.59,772.23,410,363,0.00,0.00,0,0
1544345771,3004-eth4,1216105.88,547840.19,1763946.12,548388,1217322,720.28,673.33,1393.61,674,721,0.00,0.00,0,0
1544345771,1004-eth2,68303.70,1218611.38,1286915.12,1219830,68372,723.28,518.48,1241.76,519,724,0.00,0.00,0,0
1544345771,2004-eth4,6076.92,6076.92,12153.85,6083,6083,60.94,60.94,121.88,61,61,0.00,0.00,0,0
1544345771,1001-eth2,668785.25,539626.38,1208411.62,540166,669454,524.48,530.47,1054.95,531,525,0.00,0.00,0,0
1544345771,1003-eth3,0.00,0.00,0.00,0,0,0.00,0.00,0.00,0,0,0.00,0.00,0,0
1544345771,2002-eth4,3818.18,3818.18,7636.36,3822,3822,38.96,38.96,77.92,39,39,0.00,0.00,0,0
1544345771,1001-eth4,1223356.62,31138.86,1254495.50,31170,1224580,541.46,458.54,1000.00,459,542,0.00,0.00,0,0
1544345771,3001-eth2,155436.56,13786.21,169222.78,13800,155592,147.85,143.86,291.71,144,148,0.00,0.00,0,0
1544345771,1004-eth1,13884.12,155534.47,169418.59,155690,13898,144.86,148.85,293.71,149,145,0.00,0.00,0,0
1544345771,3005-eth4,1217742.25,1213017.00,2430759.25,1214230,1218960,763.24,822.18,1585.41,823,764,0.00,0.00,0,0
1544345771,1003-eth2,0.00,0.00,0.00,0,0,0.00,0.00,0.00,0,0,0.00,0.00,0,0
1544345771,3008-eth1,27710.29,1190741.25,1218451.62,1191932,27738,406.59,529.47,936.06,530,407,0.00,0.00,0,0
1544345771,1002-eth3,0.00,0.00,0.00,0,0,0.00,0.00,0.00,0,0,0.00,0.00,0,0
1544345771,2006-eth1,0.00,0.00,0.00,0,0,0.00,0.00,0.00,0,0,0.00,0.00,0,0
1544345771,3003-eth1,15970.03,648812.19,664782.25,649461,15986,232.77,241.76,474.53,242,233,0.00,0.00,0,0
1544345771,2001-eth3,0.00,0.00,0.00,0,0,0.00,0.00,0.00,0,0,0.00,0.00,0,0
1544345771,2008-eth2,61550.45,1229620.38,1291170.88,1230850,61612,655.34,636.36,1291.71,637,656,0.00,0.00,0,0
1544345771,2008-eth3,1135226.75,794141.88,1929368.62,794936,1136362,784.22,845.15,1629.37,846,785,0.00,0.00,0,0
1544345771,1001-eth3,23868.13,1184209.88,1208078.00,1185394,23892,361.64,408.59,770.23,409,362,0.00,0.00,0,0
1544345771,2007-eth4,1190741.25,27710.29,1218451.62,27738,1191932,529.47,406.59,936.06,407,530,0.00,0.00,0,0
1544345771,2004-eth2,1218611.38,68303.70,1286915.12,68372,1219830,518.48,723.28,1241.76,724,519,0.00,0.00,0,0
1544345771,3002-eth1,1216137.88,1214435.62,2430573.50,1215650,1217354,808.19,848.15,1656.34,849,809,0.00,0.00,0,0
1544345771,3004-eth1,523656.34,20378.62,544035.00,20399,524180,297.70,284.72,582.42,285,298,0.00,0.00,0,0
1544345771,2006-eth3,1220245.75,29273.73,1249519.50,29303,1221466,428.57,418.58,847.15,419,429,0.00,0.00,0,0
1544345771,3004-eth2,6076.92,6076.92,12153.85,6083,6083,60.94,60.94,121.88,61,61,0.00,0.00,0,0
1544345771,3001-eth3,1198501.50,157492.52,1355994.00,157650,1199700,225.77,216.78,442.56,217,226,0.00,0.00,0,0
1544345771,2003-eth4,20378.62,523656.34,544035.00,524180,20399,284.72,297.70,582.42,298,285,0.00,0.00,0,0
1544345771,2008-eth4,845960.06,18975.03,864935.06,18994,846806,302.70,260.74,563.44,261,303,0.00,0.00,0,0
1544345771,3008-eth3,1214078.00,289406.59,1503484.50,289696,1215292,543.46,527.47,1070.93,528,544,0.00,0.00,0,0
1544345771,2005-eth2,0.00,0.00,0.00,0,0,0.00,0.00,0.00,0,0,0.00,0.00,0,0
1544345771,2006-eth4,32034.97,1201121.88,1233156.88,1202323,32067,444.56,492.51,937.06,493,445,0.00,0.00,0,0
1544345771,3006-eth2,1201121.88,32034.97,1233156.88,32067,1202323,492.51,444.56,937.06,445,493,0.00,0.00,0,0
1544345771,1003-eth4,0.00,0.00,0.00,0,0,0.00,0.00,0.00,0,0,0.00,0.00,0,0
1544345771,2006-eth2,12903.10,141384.62,154287.72,141526,12916,133.87,130.87,264.74,131,134,0.00,0.00,0,0
1544345771,3001-eth1,0.00,0.00,0.00,0,0,0.00,0.00,0.00,0,0,0.00,0.00,0,0
1544345771,3008-eth2,18975.03,845960.06,864935.06,846806,18994,260.74,302.70,563.44,303,261,0.00,0.00,0,0
1544345771,2004-eth3,66345.66,1219516.50,1285862.12,1220736,66412,703.30,519.48,1222.78,520,704,0.00,0.00,0,0
1544345771,3001-eth4,17492.51,1200086.00,1217578.50,1201286,17510,226.77,238.76,465.53,239,227,0.00,0.00,0,0
1544345771,1003-eth1,0.00,0.00,0.00,0,0,0.00,0.00,0.00,0,0,0.00,0.00,0,0
1544345771,3002-eth2,3818.18,3818.18,7636.36,3822,3822,38.96,38.96,77.92,39,39,0.00,0.00,0,0
1544345771,2005-eth4,202.80,202.80,405.59,203,203,1.00,1.00,2.00,1,1,0.00,0.00,0,0
1544345771,3003-eth2,1219516.50,66345.66,1285862.12,66412,1220736,519.48,703.30,1222.78,704,520,0.00,0.00,0,0
1544345771,2007-eth1,31138.86,1223356.62,1254495.50,1224580,31170,458.54,541.46,1000.00,542,459,0.00,0.00,0,0
1544345771,1002-eth4,0.00,0.00,0.00,0,0,0.00,0.00,0.00,0,0,0.00,0.00,0,0
1544345771,3002-eth4,19934.07,685586.44,705520.50,686272,19954,264.74,311.69,576.42,312,265,0.00,0.00,0,0
1544345771,2007-eth3,591045.00,569491.50,1160536.50,570061,591636,341.66,385.61,727.27,386,342,0.00,0.00,0,0
1544345771,3005-eth1,1184412.62,24070.93,1208483.50,24095,1185597,409.59,362.64,772.23,363,410,0.00,0.00,0,0
1544345771,2001-eth4,1214435.62,1216137.88,2430573.50,1217354,1215650,848.15,808.19,1656.34,809,849,0.00,0.00,0,0
1544345771,3003-eth4,63036.96,675294.75,738331.69,675970,63100,667.33,484.52,1151.85,485,668,0.00,0.00,0,0
1544345771,2004-eth1,0.00,0.00,0.00,0,0,0.00,0.00,0.00,0,0,0.00,0.00,0,0
1544345771,3006-eth4,33942.06,1217226.75,1251168.88,1218444,33976,475.52,497.50,973.03,498,476,0.00,0.00,0,0
1544345771,3007-eth1,569491.50,591045.00,1160536.50,591636,570061,385.61,341.66,727.27,342,386,0.00,0.00,0,0
1544345771,2008-eth1,0.00,0.00,0.00,0,0,0.00,0.00,0.00,0,0,0.00,0.00,0,0
1544345771,2002-eth2,155534.47,13884.12,169418.59,13898,155690,148.85,144.86,293.71,145,149,0.00,0.00,0,0
1544345771,2003-eth1,539626.38,668785.25,1208411.62,669454,540166,530.47,524.48,1054.95,525,531,0.00,0.00,0,0
1544345771,3008-eth4,1224753.25,340295.72,1565049.00,340636,1225978,628.37,597.40,1225.77,598,629,0.00,0.00,0,0
1544345771,1004-eth4,1229620.38,61550.45,1291170.88,61612,1230850,636.36,655.34,1291.71,656,637,0.00,0.00,0,0
1544345771,3006-eth1,202.80,202.80,405.59,203,203,1.00,1.00,2.00,1,1,0.00,0.00,0,0
1544345771,1004-eth3,141384.62,12903.10,154287.72,12916,141526,130.87,133.87,264.74,134,131,0.00,0.00,0,0
1544345771,1002-eth2,0.00,0.00,0.00,0,0,0.00,0.00,0.00,0,0,0.00,0.00,0,0
1544345771,3004-eth3,33680.32,1215616.38,1249296.75,1216832,33714,472.53,495.50,968.03,496,473,0.00,0.00,0,0
1544345771,2003-eth3,648812.19,15970.03,664782.25,15986,649461,241.76,232.77,474.53,233,242,0.00,0.00,0,0
1544345771,2005-eth1,1184209.88,23868.13,1208078.00,23892,1185394,408.59,361.64,770.23,362,409,0.00,0.00,0,0
1544345771,3002-eth3,1198319.75,790989.06,1989308.75,791780,1199518,622.38,653.35,1275.72,654,623,0.00,0.00,0,0
1544345771,3006-eth3,1217284.75,1219196.88,2436481.50,1220416,1218502,778.22,807.19,1585.41,808,779,0.00,0.00,0,0
1544345771,2001-eth1,1218967.12,1214369.62,2433336.75,1215584,1220186,808.19,847.15,1655.34,848,809,0.00,0.00,0,0
1544345771,3005-eth2,29273.73,1220245.75,1249519.50,1221466,29303,418.58,428.57,847.15,429,419,0.00,0.00,0,0
1544345771,2001-eth2,0.00,0.00,0.00,0,0,0.00,0.00,0.00,0,0,0.00,0.00,0,0
1544345771,3007-eth2,794141.88,1135226.75,1929368.62,1136362,794936,845.15,784.22,1629.37,785,846,0.00,0.00,0,0
1544345771,1001-eth1,1214369.62,1218967.12,2433336.75,1220186,1215584,847.15,808.19,1655.34,809,848,0.00,0.00,0,0
1544345771,3007-eth4,591045.00,569288.75,1160333.75,569858,591636,341.66,384.62,726.27,385,342,0.00,0.00,0,0
1544345771,2003-eth2,0.00,0.00,0.00,0,0,0.00,0.00,0.00,0,0,0.00,0.00,0,0
1544345771,3007-eth3,1135226.75,794141.88,1929368.62,794936,1136362,784.22,845.15,1629.37,846,785,0.00,0.00,0,0
1544345771,1002-eth1,0.00,0.00,0.00,0,0,0.00,0.00,0.00,0,0,0.00,0.00,0,0
1544345771,2002-eth3,13786.21,155436.56,169222.78,155592,13800,143.86,147.85,291.71,148,144,0.00,0.00,0,0
1544345771,2007-eth2,0.00,0.00,0.00,0,0,0.00,0.00,0.00,0,0,0.00,0.00,0,0
1544345771,total,35141880.00,35171632.00,70313512.00,35206804,35177020,26945.06,26991.01,53936.07,27018,26972,0.00,0.00,0,0
1544345772,3003-eth3,654285.75,144579.42,798865.19,144724,654940,271.73,271.73,543.46,272,272,0.00,0.00,0,0
1544345772,2002-eth1,0.00,0.00,0.00,0,0,0.00,0.00,0.00,0,0,0.00,0.00,0,0
1544345772,lo,1198.80,1198.80,2397.60,1200,1200,19.98,19.98,39.96,20,20,0.00,0.00,0,0
1544345772,3005-eth3,1078601.38,1116937.12,2195538.50,1118054,1079680,715.28,726.27,1441.56,727,716,0.00,0.00,0,0
1544345772,2005-eth3,21362.64,1190127.88,1211490.50,1191318,21384,323.68,410.59,734.27,411,324,0.00,0.00,0,0
1544345772,3004-eth4,1217920.12,750357.69,1968277.75,751108,1219138,656.34,673.33,1329.67,674,657,0.00,0.00,0,0
1544345772,1004-eth2,61634.37,1197484.50,1259118.88,1198682,61696,651.35,812.19,1463.54,813,652,0.00,0.00,0,0
1544345772,2004-eth4,7930.07,6755.25,14685.32,6762,7938,80.92,68.93,149.85,69,81,0.00,0.00,0,0
1544345772,1001-eth2,669158.88,747578.44,1416737.25,748326,669828,501.50,536.46,1037.96,537,502,0.00,0.00,0,0
1544345772,1003-eth3,0.00,0.00,0.00,0,0,0.00,0.00,0.00,0,0,0.00,0.00,0,0
1544345772,2002-eth4,3916.08,3916.08,7832.17,3920,3920,39.96,39.96,79.92,40,40,0.00,0.00,0,0
1544345772,1001-eth4,1219132.88,32165.84,1251298.75,32198,1220352,455.54,428.57,884.12,429,456,0.00,0.00,0,0
1544345772,3001-eth2,202565.44,15620.38,218185.81,15636,202768,175.82,161.84,337.66,162,176,0.00,0.00,0,0
1544345772,1004-eth1,15620.38,202565.44,218185.81,202768,15636,161.84,175.82,337.66,176,162,0.00,0.00,0,0
1544345772,3005-eth4,1214123.88,1217882.12,2432006.00,1219100,1215338,752.25,811.19,1563.44,812,753,0.00,0.00,0,0
1544345772,1003-eth2,0.00,0.00,0.00,0,0,0.00,0.00,0.00,0,0,0.00,0.00,0,0
1544345772,3008-eth1,27499.50,1177649.38,1205148.88,1178827,27527,392.61,460.54,853.15,461,393,0.00,0.00,0,0
1544345772,1002-eth3,0.00,0.00,0.00,0,0,0.00,0.00,0.00,0,0,0.00,0.00,0,0
1544345772,2006-eth1,0.00,0.00,0.00,0,0,0.00,0.00,0.00,0,0,0.00,0.00,0,0
1544345772,3003-eth1,21568.43,651438.56,673007.00,652090,21590,240.76,240.76,481.52,241,241,0.00,0.00,0,0
1544345772,2001-eth3,0.00,0.00,0.00,0,0,0.00,0.00,0.00,0,0,0.00,0.00,0,0
1544345772,2008-eth2,52869.13,1228751.25,1281620.38,1229980,52922,562.44,557.44,1119.88,558,563,0.00,0.00,0,0
1544345772,2008-eth3,1147860.12,592432.56,1740292.75,593025,1149008,681.32,717.28,1398.60,718,682,0.00,0.00,0,0
1544345772,1001-eth3,21362.64,1190127.88,1211490.50,1191318,21384,323.68,410.59,734.27,411,324,0.00,0.00,0,0
1544345772,2007-eth4,1177649.38,27499.50,1205148.88,27527,1178827,460.54,392.61,853.15,393,461,0.00,0.00,0,0
1544345772,2004-eth2,1197484.50,61634.37,1259118.88,61696,1198682,812.19,651.35,1463.54,652,813,0.00,0.00,0,0
1544345772,3002-eth1,1218833.25,1215902.12,2434735.25,1217118,1220052,765.23,844.16,1609.39,845,766,0.00,0.00,0,0
1544345772,3004-eth1,726107.94,17720.28,743828.19,17738,726834,296.70,260.74,557.44,261,297,0.00,0.00,0,0
1544345772,2006-eth3,1216891.12,27490.51,1244381.62,27518,1218108,421.58,396.60,818.18,397,422,0.00,0.00,0,0
1544345772,3004-eth2,6755.25,7930.07,14685.32,7938,6762,68.93,80.92,149.85,81,69,0.00,0.00,0,0
1544345772,3001-eth3,1205585.50,203414.59,1409000.00,203618,1206791,222.78,232.77,455.54,233,223,0.00,0.00,0,0
1544345772,2003-eth4,17720.28,726107.94,743828.19,726834,17738,260.74,296.70,557.44,297,261,0.00,0.00,0,0
1544345772,2008-eth4,640023.00,19568.43,659591.44,19588,640663,270.73,239.76,510.49,240,271,0.00,0.00,0,0
1544345772,3008-eth3,1217262.75,388085.94,1605348.75,388474,1218480,531.47,532.47,1063.94,533,532,0.00,0.00,0,0
1544345772,2005-eth2,0.00,0.00,0.00,0,0,0.00,0.00,0.00,0,0,0.00,0.00,0,0
1544345772,2006-eth4,33160.84,1196078.00,1229238.75,1197274,33194,452.55,500.50,953.05,501,453,0.00,0.00,0,0
1544345772,3006-eth2,1196078.00,33160.84,1229238.75,33194,1197274,500.50,452.55,953.05,453,501,0.00,0.00,0,0
1544345772,1003-eth4,0.00,0.00,0.00,0,0,0.00,0.00,0.00,0,0,0.00,0.00,0,0
1544345772,2006-eth2,13322.68,244181.83,257504.50,244426,13336,137.86,208.79,346.65,209,138,0.00,0.00,0,0
1544345772,3001-eth1,0.00,0.00,0.00,0,0,0.00,0.00,0.00,0,0,0.00,0.00,0,0
1544345772,3008-eth2,19568.43,640023.00,659591.44,640663,19588,239.76,270.73,510.49,271,240,0.00,0.00,0,0
1544345772,2004-eth3,60361.64,1115593.38,1175955.12,1116709,60422,638.36,757.24,1395.60,758,639,0.00,0.00,0,0
1544345772,3001-eth4,19744.26,1208657.38,1228401.62,1209866,19764,249.75,252.75,502.50,253,250,0.00,0.00,0,0
1544345772,1003-eth1,0.00,0.00,0.00,0,0,0.00,0.00,0.00,0,0,0.00,0.00,0,0
1544345772,3002-eth2,3916.08,3916.08,7832.17,3920,3920,39.96,39.96,79.92,40,40,0.00,0.00,0,0
1544345772,2005-eth4,0.00,0.00,0.00,0,0,0.00,0.00,0.00,0,0,0.00,0.00,0,0
1544345772,3003-eth2,1115593.38,60361.64,1175955.12,60422,1116709,757.24,638.36,1395.60,639,758,0.00,0.00,0,0
1544345772,2007-eth1,32165.84,1222092.00,1254257.75,1223314,32198,428.57,456.54,885.11,457,429,0.00,0.00,0,0
1544345772,1002-eth4,0.00,0.00,0.00,0,0,0.00,0.00,0.00,0,0,0.00,0.00,0,0
1544345772,3002-eth4,22575.43,486909.09,509484.53,487396,22598,256.74,281.72,538.46,282,257,0.00,0.00,0,0
1544345772,2007-eth3,550088.94,496761.25,1046850.19,497258,550639,332.67,366.63,699.30,367,333,0.00,0.00,0,0
1544345772,3005-eth1,1193087.00,21362.64,1214449.62,21384,1194280,411.59,323.68,735.26,324,412,0.00,0.00,0,0
1544345772,2001-eth4,1215902.12,1218833.25,2434735.25,1220052,1217118,844.16,765.23,1609.39,766,845,0.00,0.00,0,0
1544345772,3003-eth4,57612.39,229150.86,286763.25,229380,57670,608.39,213.79,822.18,214,609,0.00,0.00,0,0
1544345772,2004-eth1,0.00,0.00,0.00,0,0,0.00,0.00,0.00,0,0,0.00,0.00,0,0
1544345772,3006-eth4,36027.97,1222807.25,1258835.25,1224030,36064,495.50,510.49,1005.99,511,496,0.00,0.00,0,0
1544345772,3007-eth1,496761.25,550088.94,1046850.19,550639,497258,366.63,332.67,699.30,333,367,0.00,0.00,0,0
1544345772,2008-eth1,0.00,0.00,0.00,0,0,0.00,0.00,0.00,0,0,0.00,0.00,0,0
1544345772,2002-eth2,202565.44,15620.38,218185.81,15636,202768,175.82,161.84,337.66,162,176,0.00,0.00,0,0
1544345772,2003-eth1,747676.38,669158.88,1416835.25,669828,748424,537.46,501.50,1038.96,502,538,0.00,0.00,0,0
1544345772,3008-eth4,1232595.50,414591.41,1647186.88,415006,1233828,725.27,546.45,1271.73,547,726,0.00,0.00,0,0
1544345772,1004-eth4,1228751.25,52869.13,1281620.38,52922,1229980,557.44,562.44,1119.88,563,558,0.00,0.00,0,0
1544345772,3006-eth1,0.00,0.00,0.00,0,0,0.00,0.00,0.00,0,0,0.00,0.00,0,0
1544345772,1004-eth3,244279.73,13420.58,257700.31,13434,244524,209.79,138.86,348.65,139,210,0.00,0.00,0,0
1544345772,1002-eth2,0.00,0.00,0.00,0,0,0.00,0.00,0.00,0,0,0.00,0.00,0,0
1544345772,3004-eth3,35672.33,1218010.00,1253682.38,1219228,35708,493.51,505.49,999.00,506,494,0.00,0.00,0,0
1544345772,2003-eth3,651438.56,21568.43,673007.00,21590,652090,240.76,240.76,481.52,241,241,0.00,0.00,0,0
1544345772,2005-eth1,1193087.00,21362.64,1214449.62,21384,1194280,411.59,323.68,735.26,324,412,0.00,0.00,0,0
1544345772,3002-eth3,1197312.75,541824.19,1739136.88,542366,1198510,628.37,626.37,1254.75,627,629,0.00,0.00,0,0
1544345772,3006-eth3,1216889.12,1213015.00,2429904.25,1214228,1218106,772.23,801.20,1573.43,802,773,0.00,0.00,0,0
1544345772,2001-eth1,1216135.88,1216215.88,2432351.75,1217432,1217352,767.23,847.15,1614.39,848,768,0.00,0.00,0,0
1544345772,3005-eth2,27490.51,1216891.12,1244381.62,1218108,27518,396.60,421.58,818.18,422,397,0.00,0.00,0,0
1544345772,2001-eth2,0.00,0.00,0.00,0,0,0.00,0.00,0.00,0,0,0.00,0.00,0,0
1544345772,3007-eth2,592432.56,1147860.12,1740292.75,1149008,593025,717.28,681.32,1398.60,682,718,0.00,0.00,0,0
1544345772,1001-eth1,1216215.88,1216135.88,2432351.75,1217352,1217432,847.15,767.23,1614.39,768,848,0.00,0.00,0,0
1544345772,3007-eth4,549886.12,496761.25,1046647.38,497258,550436,331.67,366.63,698.30,367,332,0.00,0.00,0,0
1544345772,2003-eth2,0.00,0.00,0.00,0,0,0.00,0.00,0.00,0,0,0.00,0.00,0,0
1544345772,3007-eth3,1146714.62,591638.75,1738353.38,592822,1149008,680.64,715.57,1396.21,717,682,0.00,0.00,0,0
1544345772,1002-eth1,0.00,0.00,0.00,0,0,0.00,0.00,0.00,0,0,0.00,0.00,0,0
1544345772,2002-eth3,15604.79,202363.28,217968.06,202768,15636,161.68,175.65,337.33,176,162,0.00,0.00,0,0
1544345772,2007-eth2,0.00,0.00,0.00,0,0,0.00,0.00,0.00,0,0,0.00,0.00,0,0
1544345772,total,35009824.00,34348688.00,69358512.00,34417382,35079843,26506.99,26181.64,52688.62,26234,26560,0.00,0.00,0,0
1544345773,3003-eth3,623749.50,163594.81,787344.31,163922,624997,309.38,310.38,619.76,311,310,0.00,0.00,0,0
1544345773,2002-eth1,0.00,0.00,0.00,0,0,0.00,0.00,0.00,0,0,0.00,0.00,0,0
1544345773,lo,0.00,0.00,0.00,0,0,0.00,0.00,0.00,0,0,0.00,0.00,0,0
1544345773,3005-eth3,1154515.00,1104067.88,2258583.00,1106276,1156824,742.51,744.51,1487.03,746,744,0.00,0.00,0,0
1544345773,2005-eth3,27467.07,1197808.38,1225275.50,1200204,27522,416.17,413.17,829.34,414,417,0.00,0.00,0,0
1544345773,3004-eth4,1221562.88,805638.75,2027201.62,807250,1224006,641.72,667.66,1309.38,669,643,0.00,0.00,0,0
1544345773,1004-eth2,57744.51,155958.09,213702.59,156270,57860,618.76,134.73,753.49,135,620,0.00,0.00,0,0
1544345773,2004-eth4,5868.26,5868.26,11736.53,5880,5880,59.88,59.88,119.76,60,60,0.00,0.00,0,0
1544345773,1001-eth2,638836.38,808024.00,1446860.38,809640,640114,527.94,572.85,1100.80,574,529,0.00,0.00,0,0
1544345773,1003-eth3,0.00,0.00,0.00,0,0,0.00,0.00,0.00,0,0,0.00,0.00,0,0
1544345773,2002-eth4,3912.18,3912.18,7824.35,3920,3920,39.92,39.92,79.84,40,40,0.00,0.00,0,0
1544345773,1001-eth4,1224022.00,33263.47,1257285.50,33330,1226470,438.12,420.16,858.28,421,439,0.00,0.00,0,0
1544345773,3001-eth2,116590.82,13870.26,130461.08,13898,116824,151.70,144.71,296.41,145,152,0.00,0.00,0,0
1544345773,1004-eth1,13870.26,116590.82,130461.08,116824,13898,144.71,151.70,296.41,152,145,0.00,0.00,0,0
1544345773,3005-eth4,1222562.88,1224696.62,2447259.50,1227146,1225008,722.55,811.38,1533.93,813,724,0.00,0.00,0,0
1544345773,1003-eth2,0.00,0.00,0.00,0,0,0.00,0.00,0.00,0,0,0.00,0.00,0,0
1544345773,3008-eth1,28948.11,1017824.38,1046772.50,1019860,29006,374.25,401.20,775.45,402,375,0.00,0.00,0,0
1544345773,1002-eth3,0.00,0.00,0.00,0,0,0.00,0.00,0.00,0,0,0.00,0.00,0,0
1544345773,2006-eth1,0.00,0.00,0.00,0,0,0.00,0.00,0.00,0,0,0.00,0.00,0,0
1544345773,3003-eth1,26483.04,621930.19,648413.19,623174,26536,281.44,282.44,563.87,283,282,0.00,0.00,0,0
1544345773,2001-eth3,0.00,0.00,0.00,0,0,0.00,0.00,0.00,0,0,0.00,0.00,0,0
1544345773,2008-eth2,52295.41,1229407.25,1281702.62,1231866,52400,556.89,563.87,1120.76,565,558,0.00,0.00,0,0
1544345773,2008-eth3,1066881.25,460245.53,1527126.75,461166,1069015,687.62,699.60,1387.23,701,689,0.00,0.00,0,0
1544345773,1001-eth3,27467.07,1197808.38,1225275.50,1200204,27522,416.17,413.17,829.34,414,417,0.00,0.00,0,0
1544345773,2007-eth4,1017824.38,28948.11,1046772.50,29006,1019860,401.20,374.25,775.45,375,402,0.00,0.00,0,0
1544345773,2004-eth2,155958.09,57744.51,213702.59,57860,156270,134.73,618.76,753.49,620,135,0.00,0.00,0,0
1544345773,3002-eth1,1226219.62,1223229.62,2449449.25,1225676,1228672,954.09,880.24,1834.33,882,956,0.00,0.00,0,0
1544345773,3004-eth1,781443.12,16906.19,798349.31,16940,783006,290.42,245.51,535.93,246,291,0.00,0.00,0,0
1544345773,2006-eth3,1221070.88,28271.46,1249342.38,28328,1223513,435.13,419.16,854.29,420,436,0.00,0.00,0,0
1544345773,3004-eth2,5868.26,5868.26,11736.53,5880,5880,59.88,59.88,119.76,60,60,0.00,0.00,0,0
1544345773,3001-eth3,1204173.62,118383.23,1322556.88,118620,1206582,220.56,217.56,438.12,218,221,0.00,0.00,0,0
1544345773,2003-eth4,16906.19,781443.12,798349.31,783006,16940,245.51,290.42,535.93,291,246,0.00,0.00,0,0
1544345773,2008-eth4,595018.00,24541.92,619559.88,24591,596208,279.44,260.48,539.92,261,280,0.00,0.00,0,0
1544345773,3008-eth3,1221730.62,465768.47,1687499.00,466700,1224174,531.94,594.81,1126.75,596,533,0.00,0.00,0,0
1544345773,2005-eth2,0.00,0.00,0.00,0,0,0.00,0.00,0.00,0,0,0.00,0.00,0,0
1544345773,2006-eth4,32327.35,1205632.75,1237960.12,1208044,32392,451.10,493.01,944.11,494,452,0.00,0.00,0,0
1544345773,3006-eth2,1205632.75,32327.35,1237960.12,32392,1208044,493.01,451.10,944.11,452,494,0.00,0.00,0,0
1544345773,1003-eth4,0.00,0.00,0.00,0,0,0.00,0.00,0.00,0,0,0.00,0.00,0,0
1544345773,2006-eth2,11495.01,146892.22,158387.23,147186,11518,126.75,128.74,255.49,129,127,0.00,0.00,0,0
1544345773,3001-eth1,0.00,0.00,0.00,0,0,0.00,0.00,0.00,0,0,0.00,0.00,0,0
1544345773,3008-eth2,24541.92,595018.00,619559.88,596208,24591,260.48,279.44,539.92,280,261,0.00,0.00,0,0
1544345773,2004-eth3,55788.43,154002.00,209790.42,154310,55900,598.80,114.77,713.57,115,600,0.00,0.00,0,0
1544345773,3001-eth4,17643.71,1206046.00,1223689.62,1208458,17679,226.55,236.53,463.07,237,227,0.00,0.00,0,0
1544345773,1003-eth1,0.00,0.00,0.00,0,0,0.00,0.00,0.00,0,0,0.00,0.00,0,0
1544345773,3002-eth2,3912.18,3912.18,7824.35,3920,3920,39.92,39.92,79.84,40,40,0.00,0.00,0,0
1544345773,2005-eth4,0.00,0.00,0.00,0,0,0.00,0.00,0.00,0,0,0.00,0.00,0,0
1544345773,3003-eth2,154002.00,55788.43,209790.42,55900,154310,114.77,598.80,713.57,600,115,0.00,0.00,0,0
1544345773,2007-eth1,33263.47,1221065.88,1254329.38,1223508,33330,420.16,437.13,857.29,438,421,0.00,0.00,0,0
1544345773,1002-eth4,0.00,0.00,0.00,0,0,0.00,0.00,0.00,0,0,0.00,0.00,0,0
1544345773,3002-eth4,25663.67,457389.22,483052.91,458304,25715,268.46,279.44,547.90,280,269,0.00,0.00,0,0
1544345773,2007-eth3,540249.50,341323.38,881572.88,342006,541330,348.30,358.28,706.59,359,349,0.00,0.00,0,0
1544345773,3005-eth1,1194852.38,27467.07,1222319.38,27522,1197242,412.18,416.17,828.34,417,413,0.00,0.00,0,0
1544345773,2001-eth4,1223229.62,1226219.62,2449449.25,1228672,1225676,880.24,954.09,1834.33,956,882,0.00,0.00,0,0
1544345773,3003-eth4,54073.86,16792.42,70866.27,16826,54182,571.86,84.83,656.69,85,573,0.00,0.00,0,0
1544345773,2004-eth1,0.00,0.00,0.00,0,0,0.00,0.00,0.00,0,0,0.00,0.00,0,0
1544345773,3006-eth4,33942.12,1220315.38,1254257.50,1222756,34010,476.05,497.01,973.05,498,477,0.00,0.00,0,0
1544345773,3007-eth1,341323.38,540249.50,881572.88,541330,342006,358.28,348.30,706.59,349,359,0.00,0.00,0,0
1544345773,2008-eth1,0.00,0.00,0.00,0,0,0.00,0.00,0.00,0,0,0.00,0.00,0,0
1544345773,2002-eth2,116590.82,13870.26,130461.08,13898,116824,151.70,144.71,296.41,145,152,0.00,0.00,0,0
1544345773,2003-eth1,807926.19,638836.38,1446762.50,640114,809542,571.86,527.94,1099.80,529,573,0.00,0.00,0,0
1544345773,3008-eth4,1228493.00,335878.25,1564371.25,336550,1230950,583.83,529.94,1113.77,531,585,0.00,0.00,0,0
1544345773,1004-eth4,1229407.25,52295.41,1281702.62,52400,1231866,563.87,556.89,1120.76,558,565,0.00,0.00,0,0
1544345773,3006-eth1,0.00,0.00,0.00,0,0,0.00,0.00,0.00,0,0,0.00,0.00,0,0
1544345773,1004-eth3,146794.42,11397.21,158191.62,11420,147088,127.74,125.75,253.49,126,128,0.00,0.00,0,0
1544345773,1002-eth2,0.00,0.00,0.00,0,0,0.00,0.00,0.00,0,0,0.00,0.00,0,0
1544345773,3004-eth3,34503.99,1223564.88,1258068.88,1226012,34573,481.04,501.00,982.04,502,482,0.00,0.00,0,0
1544345773,2003-eth3,621930.19,26483.04,648413.19,26536,623174,282.44,281.44,563.87,282,283,0.00,0.00,0,0
1544345773,2005-eth1,1194852.38,27467.07,1222319.38,27522,1197242,412.18,416.17,828.34,417,413,0.00,0.00,0,0
1544345773,3002-eth3,1201883.25,620179.69,1822062.88,621420,1204287,653.69,660.68,1314.37,662,655,0.00,0.00,0,0
1544345773,3006-eth3,1224411.25,1224024.00,2448435.25,1226472,1226860,772.46,810.38,1582.83,812,774,0.00,0.00,0,0
1544345773,2001-eth1,1227598.88,1223225.62,2450824.50,1225672,1230054,953.09,880.24,1833.33,882,955,0.00,0.00,0,0
1544345773,3005-eth2,28271.46,1221070.88,1249342.38,1223513,28328,419.16,435.13,854.29,436,420,0.00,0.00,0,0
1544345773,2001-eth2,0.00,0.00,0.00,0,0,0.00,0.00,0.00,0,0,0.00,0.00,0,0
1544345773,3007-eth2,460245.53,1066881.25,1527126.75,1069015,461166,699.60,687.62,1387.23,689,701,0.00,0.00,0,0
1544345773,1001-eth1,1223225.62,1227598.88,2450824.50,1230054,1225672,880.24,953.09,1833.33,955,882,0.00,0.00,0,0
1544345773,3007-eth4,540249.50,341323.38,881572.88,342006,541330,348.30,358.28,706.59,359,349,0.00,0.00,0,0
1544345773,2003-eth2,0.00,0.00,0.00,0,0,0.00,0.00,0.00,0,0,0.00,0.00,0,0
1544345773,3007-eth3,1067744.25,460799.22,1528543.50,461260,1068812,687.31,701.30,1388.61,702,688,0.00,0.00,0,0
1544345773,1002-eth1,0.00,0.00,0.00,0,0,0.00,0.00,0.00,0,0,0.00,0.00,0,0
1544345773,2002-eth3,13884.12,116707.30,130591.41,116824,13898,144.86,151.85,296.70,152,145,0.00,0.00,0,0
1544345773,2007-eth2,0.00,0.00,0.00,0,0,0.00,0.00,0.00,0,0,0.00,0.00,0,0
1544345773,total,32310108.00,31224244.00,63534352.00,31255467,32342418,25487.51,25256.74,50744.26,25282,25513,0.00,0.00,0,0
1544345774,3003-eth3,672291.75,156415.59,828707.31,156572,672964,345.65,353.65,699.30,354,346,0.00,0.00,0,0
1544345774,2002-eth1,0.00,0.00,0.00,0,0,0.00,0.00,0.00,0,0,0.00,0.00,0,0
1544345774,lo,1198.80,1198.80,2397.60,1200,1200,19.98,19.98,39.96,20,20,0.00,0.00,0,0
1544345774,3005-eth3,1007391.62,1081358.62,2088750.25,1082440,1008399,686.31,691.31,1377.62,692,687,0.00,0.00,0,0
1544345774,2005-eth3,27428.57,1170861.12,1198289.75,1172032,27456,415.58,403.60,819.18,404,416,0.00,0.00,0,0
1544345774,3004-eth4,1201853.12,743818.19,1945671.38,744562,1203055,630.37,640.36,1270.73,641,631,0.00,0.00,0,0
1544345774,1004-eth2,47236.77,750661.38,797898.12,751412,47284,551.45,333.67,885.11,334,552,0.00,0.00,0,0
1544345774,2004-eth4,5818.18,5818.18,11636.36,5824,5824,59.94,59.94,119.88,60,60,0.00,0.00,0,0
1544345774,1001-eth2,687644.38,750859.19,1438503.50,751610,688332,557.44,596.40,1153.85,597,558,0.00,0.00,0,0
1544345774,1003-eth3,0.00,0.00,0.00,0,0,0.00,0.00,0.00,0,0,0.00,0.00,0,0
1544345774,2002-eth4,3916.08,3916.08,7832.17,3920,3920,39.96,39.96,79.92,40,40,0.00,0.00,0,0
1544345774,1001-eth4,1201514.50,34579.42,1236094.00,34614,1202716,473.53,428.57,902.10,429,474,0.00,0.00,0,0
1544345774,3001-eth2,166875.12,13598.40,180473.53,13612,167042,144.86,141.86,286.71,142,145,0.00,0.00,0,0
1544345774,1004-eth1,13598.40,166875.12,180473.53,167042,13612,141.86,144.86,286.71,145,142,0.00,0.00,0,0
1544345774,3005-eth4,1192450.62,1196048.00,2388498.50,1197244,1193643,860.14,785.21,1645.35,786,861,0.00,0.00,0,0
1544345774,1003-eth2,0.00,0.00,0.00,0,0,0.00,0.00,0.00,0,0,0.00,0.00,0,0
1544345774,3008-eth1,28757.24,1184807.25,1213564.50,1185992,28786,366.63,439.56,806.19,440,367,0.00,0.00,0,0
1544345774,1002-eth3,0.00,0.00,0.00,0,0,0.00,0.00,0.00,0,0,0.00,0.00,0,0
1544345774,2006-eth1,0.00,0.00,0.00,0,0,0.00,0.00,0.00,0,0,0.00,0.00,0,0
1544345774,3003-eth1,30971.03,672040.00,703011.00,672712,31002,328.67,331.67,660.34,332,329,0.00,0.00,0,0
1544345774,2001-eth3,0.00,0.00,0.00,0,0,0.00,0.00,0.00,0,0,0.00,0.00,0,0
1544345774,2008-eth2,42961.04,1213772.25,1256733.25,1214986,43004,499.50,660.34,1159.84,661,500,0.00,0.00,0,0
1544345774,2008-eth3,897246.75,601122.88,1498369.62,601724,898144,687.31,675.32,1362.64,676,688,0.00,0.00,0,0
1544345774,1001-eth3,27428.57,1167902.12,1195330.75,1169070,27456,415.58,402.60,818.18,403,416,0.00,0.00,0,0
1544345774,2007-eth4,1184807.25,28757.24,1213564.50,28786,1185992,439.56,366.63,806.19,367,440,0.00,0.00,0,0
1544345774,2004-eth2,750661.38,47236.77,797898.12,47284,751412,333.67,551.45,885.11,552,334,0.00,0.00,0,0
1544345774,3002-eth1,1196515.50,1194777.25,2391292.75,1195972,1197712,991.01,961.04,1952.05,962,992,0.00,0.00,0,0
1544345774,3004-eth1,719888.12,15604.40,735492.50,15620,720608,267.73,225.77,493.51,226,268,0.00,0.00,0,0
1544345774,2006-eth3,1204597.38,23802.20,1228399.62,23826,1205802,432.57,360.64,793.21,361,433,0.00,0.00,0,0
1544345774,3004-eth2,5818.18,5818.18,11636.36,5824,5824,59.94,59.94,119.88,60,60,0.00,0.00,0,0
1544345774,3001-eth3,1186703.38,168669.33,1355372.62,168838,1187890,222.78,210.79,433.57,211,223,0.00,0.00,0,0
1544345774,2003-eth4,15604.40,719888.12,735492.50,720608,15620,225.77,267.73,493.51,268,226,0.00,0.00,0,0
1544345774,2008-eth4,899562.44,24875.12,924437.56,24900,900462,414.59,265.73,680.32,266,415,0.00,0.00,0,0
1544345774,3008-eth3,1201528.50,274137.88,1475666.38,274412,1202730,578.42,577.42,1155.84,578,579,0.00,0.00,0,0
1544345774,2005-eth2,0.00,0.00,0.00,0,0,0.00,0.00,0.00,0,0,0.00,0.00,0,0
1544345774,2006-eth4,29228.77,1175636.38,1204865.12,1176812,29258,404.60,481.52,886.11,482,405,0.00,0.00,0,0
1544345774,3006-eth2,1175636.38,29228.77,1204865.12,29258,1176812,481.52,404.60,886.11,405,482,0.00,0.00,0,0
1544345774,1003-eth4,0.00,0.00,0.00,0,0,0.00,0.00,0.00,0,0,0.00,0.00,0,0
1544345774,2006-eth2,10139.86,126161.84,136301.70,126288,10150,114.89,119.88,234.77,120,115,0.00,0.00,0,0
1544345774,3001-eth1,0.00,0.00,0.00,0,0,0.00,0.00,0.00,0,0,0.00,0.00,0,0
1544345774,3008-eth2,24875.12,899562.44,924437.56,900462,24900,265.73,414.59,680.32,415,266,0.00,0.00,0,0
1544345774,2004-eth3,45138.86,748563.44,793702.31,749312,45184,529.47,311.69,841.16,312,530,0.00,0.00,0,0
1544345774,3001-eth4,17360.64,1195876.12,1213236.75,1197072,17378,224.78,239.76,464.54,240,225,0.00,0.00,0,0
1544345774,1003-eth1,0.00,0.00,0.00,0,0,0.00,0.00,0.00,0,0,0.00,0.00,0,0
1544345774,3002-eth2,3916.08,3916.08,7832.17,3920,3920,39.96,39.96,79.92,40,40,0.00,0.00,0,0
1544345774,2005-eth4,0.00,0.00,0.00,0,0,0.00,0.00,0.00,0,0,0.00,0.00,0,0
1544345774,3003-eth2,748563.44,45138.86,793702.31,45184,749312,311.69,529.47,841.16,530,312,0.00,0.00,0,0
1544345774,2007-eth1,34579.42,1201514.50,1236094.00,1202716,34614,428.57,473.53,902.10,474,429,0.00,0.00,0,0
1544345774,1002-eth4,0.00,0.00,0.00,0,0,0.00,0.00,0.00,0,0,0.00,0.00,0,0
1544345774,3002-eth4,29626.38,478827.19,508453.56,479306,29656,311.69,312.69,624.38,313,312,0.00,0.00,0,0
1544345774,2007-eth3,495932.09,485046.97,980979.06,485532,496428,387.61,415.58,803.20,416,388,0.00,0.00,0,0
1544345774,3005-eth1,1170861.12,27428.57,1198289.75,27456,1172032,403.60,415.58,819.18,416,404,0.00,0.00,0,0
1544345774,2001-eth4,1194777.25,1196515.50,2391292.75,1197712,1195972,961.04,991.01,1952.05,992,962,0.00,0.00,0,0
1544345774,3003-eth4,45089.91,671348.69,716438.56,672020,45135,516.48,293.71,810.19,294,517,0.00,0.00,0,0
1544345774,2004-eth1,0.00,0.00,0.00,0,0,0.00,0.00,0.00,0,0,0.00,0.00,0,0
1544345774,3006-eth4,33519.48,1203780.25,1237299.75,1204984,33553,467.53,491.51,959.04,492,468,0.00,0.00,0,0
1544345774,3007-eth1,485046.97,495932.09,980979.06,496428,485532,415.58,387.61,803.20,388,416,0.00,0.00,0,0
1544345774,2008-eth1,0.00,0.00,0.00,0,0,0.00,0.00,0.00,0,0,0.00,0.00,0,0
1544345774,2002-eth2,166875.12,13598.40,180473.53,13612,167042,144.86,141.86,286.71,142,145,0.00,0.00,0,0
1544345774,2003-eth1,750859.19,687644.38,1438503.50,688332,751610,596.40,557.44,1153.85,558,597,0.00,0.00,0,0
1544345774,3008-eth4,1202573.50,154581.42,1357154.88,154736,1203776,507.49,475.52,983.02,476,508,0.00,0.00,0,0
1544345774,1004-eth4,1213772.25,42961.04,1256733.25,43004,1214986,660.34,499.50,1159.84,500,661,0.00,0.00,0,0
1544345774,3006-eth1,0.00,0.00,0.00,0,0,0.00,0.00,0.00,0,0,0.00,0.00,0,0
1544345774,1004-eth3,126161.84,10139.86,136301.70,10150,126288,119.88,114.89,234.77,115,120,0.00,0.00,0,0
1544345774,1002-eth2,0.00,0.00,0.00,0,0,0.00,0.00,0.00,0,0,0.00,0.00,0,0
1544345774,3004-eth3,33776.23,1197862.12,1231638.38,1199060,33810,472.53,489.51,962.04,490,473,0.00,0.00,0,0
1544345774,2003-eth3,672040.00,30971.03,703011.00,31002,672712,331.67,328.67,660.34,329,332,0.00,0.00,0,0
1544345774,2005-eth1,1167902.12,27428.57,1195330.75,27456,1169070,402.60,415.58,818.18,416,403,0.00,0.00,0,0
1544345774,3002-eth3,1164944.12,682479.06,1847423.25,683844,1167274,687.62,684.63,1372.26,686,689,0.00,0.00,0,0
1544345774,3006-eth3,1191042.00,1192293.50,2383335.50,1194678,1193424,748.50,789.42,1537.92,791,750,0.00,0.00,0,0
1544345774,2001-eth1,1202942.12,1190628.75,2393571.00,1193010,1205348,996.01,959.08,1955.09,961,998,0.00,0.00,0,0
1544345774,3005-eth2,23778.44,1203395.25,1227173.62,1205802,23826,360.28,432.14,792.42,433,361,0.00,0.00,0,0
1544345774,2001-eth2,0.00,0.00,0.00,0,0,0.00,0.00,0.00,0,0,0.00,0.00,0,0
1544345774,3007-eth2,600523.00,896351.31,1496874.25,898144,601724,674.65,686.63,1361.28,688,676,0.00,0.00,0,0
1544345774,1001-eth1,1190628.75,1202942.12,2393571.00,1205348,1193010,959.08,996.01,1955.09,998,961,0.00,0.00,0,0
1544345774,3007-eth4,495437.12,484562.88,980000.00,485532,496428,387.23,415.17,802.40,416,388,0.00,0.00,0,0
1544345774,2003-eth2,0.00,0.00,0.00,0,0,0.00,0.00,0.00,0,0,0.00,0.00,0,0
1544345774,3007-eth3,896351.31,600429.19,1496780.50,601630,898144,686.63,673.65,1360.28,675,688,0.00,0.00,0,0
1544345774,1002-eth1,0.00,0.00,0.00,0,0,0.00,0.00,0.00,0,0,0.00,0.00,0,0
1544345774,2002-eth3,13584.83,166708.59,180293.42,167042,13612,141.72,144.71,286.43,145,142,0.00,0.00,0,0
1544345774,2007-eth2,0.00,0.00,0.00,0,0,0.00,0.00,0.00,0,0,0.00,0.00,0,0
1544345774,total,33253306.00,33163156.00,66416460.00,33229482,33319811,26312.38,26102.80,52415.17,26155,26365,0.00,0.00,0,0
1544345775,3003-eth3,592818.38,239838.33,832656.69,240318,594004,333.33,312.38,645.71,313,334,0.00,0.00,0,0
1544345775,2002-eth1,0.00,0.00,0.00,0,0,0.00,0.00,0.00,0,0,0.00,0.00,0,0
1544345775,lo,0.00,0.00,0.00,0,0,0.00,0.00,0.00,0,0,0.00,0.00,0,0
1544345775,3005-eth3,949874.25,861722.56,1811596.88,863446,951774,597.80,597.80,1195.61,599,599,0.00,0.00,0,0
1544345775,2005-eth3,22658.68,1014465.12,1037123.75,1016494,22704,343.31,350.30,693.61,351,344,0.00,0.00,0,0
1544345775,3004-eth4,1033329.38,658193.62,1691523.00,659510,1035396,548.90,557.88,1106.79,559,550,0.00,0.00,0,0
1544345775,1004-eth2,16964.07,1060896.25,1077860.25,1063018,16998,222.55,232.53,455.09,233,223,0.00,0.00,0,0
1544345775,2004-eth4,5127.74,5323.35,10451.10,5334,5138,52.89,54.89,107.78,55,53,0.00,0.00,0,0
1544345775,1001-eth2,605331.38,659018.00,1264349.38,660336,606542,505.99,493.01,999.00,494,507,0.00,0.00,0,0
1544345775,1003-eth3,0.00,0.00,0.00,0,0,0.00,0.00,0.00,0,0,0.00,0.00,0,0
1544345775,2002-eth4,3716.57,3716.57,7433.13,3724,3724,37.92,37.92,75.85,38,38,0.00,0.00,0,0
1544345775,1001-eth4,1048307.44,32365.27,1080672.62,32430,1050404,425.15,412.18,837.33,413,426,0.00,0.00,0,0
1544345775,3001-eth2,418171.66,19049.90,437221.56,19088,419008,235.53,221.56,457.09,222,236,0.00,0.00,0,0
1544345775,1004-eth1,19049.90,418171.66,437221.56,419008,19088,221.56,235.53,457.09,236,222,0.00,0.00,0,0
1544345775,3005-eth4,1044020.00,1036530.94,2080551.00,1038604,1046108,688.62,684.63,1373.25,686,690,0.00,0.00,0,0
1544345775,1003-eth2,0.00,0.00,0.00,0,0,0.00,0.00,0.00,0,0,0.00,0.00,0,0
1544345775,3008-eth1,29045.91,952131.75,981177.69,954036,29104,367.27,369.26,736.53,370,368,0.00,0.00,0,0
1544345775,1002-eth3,0.00,0.00,0.00,0,0,0.00,0.00,0.00,0,0,0.00,0.00,0,0
1544345775,2006-eth1,0.00,0.00,0.00,0,0,0.00,0.00,0.00,0,0,0.00,0.00,0,0
1544345775,3003-eth1,21369.26,590828.38,612197.62,592010,21412,255.49,294.41,549.90,295,256,0.00,0.00,0,0
1544345775,2001-eth3,0.00,0.00,0.00,0,0,0.00,0.00,0.00,0,0,0.00,0.00,0,0
1544345775,2008-eth2,18109.78,1065910.25,1084020.00,1068042,18146,242.51,188.62,431.14,189,243,0.00,0.00,0,0
1544345775,2008-eth3,856530.94,423534.94,1280065.88,424382,858244,285.43,286.43,571.86,287,286,0.00,0.00,0,0
1544345775,1001-eth3,22658.68,1017421.19,1040079.88,1019456,22704,343.31,351.30,694.61,352,344,0.00,0.00,0,0
1544345775,2007-eth4,952131.75,29045.91,981177.69,29104,954036,369.26,367.27,736.53,368,370,0.00,0.00,0,0
1544345775,2004-eth2,1060896.25,16964.07,1077860.25,16998,1063018,232.53,222.55,455.09,223,233,0.00,0.00,0,0
1544345775,3002-eth1,1042213.62,1033497.06,2075710.62,1035564,1044298,863.27,828.34,1691.62,830,865,0.00,0.00,0,0
1544345775,3004-eth1,637648.75,14572.85,652221.56,14602,638924,237.52,212.57,450.10,213,238,0.00,0.00,0,0
1544345775,2006-eth3,1039558.94,24107.79,1063666.75,24156,1041638,358.28,365.27,723.55,366,359,0.00,0.00,0,0
1544345775,3004-eth2,5323.35,5127.74,10451.10,5138,5334,54.89,52.89,107.78,53,55,0.00,0.00,0,0
1544345775,3001-eth3,1048117.81,421570.88,1469688.62,422414,1050214,324.35,322.36,646.71,323,325,0.00,0.00,0,0
1544345775,2003-eth4,14572.85,637648.75,652221.56,638924,14602,212.57,237.52,450.10,238,213,0.00,0.00,0,0
1544345775,2008-eth4,634431.12,29874.25,664305.44,29934,635700,285.43,340.32,625.75,341,286,0.00,0.00,0,0
1544345775,3008-eth3,1043736.56,339632.75,1383369.25,340312,1045824,574.85,594.81,1169.66,596,576,0.00,0.00,0,0
1544345775,2005-eth2,0.00,0.00,0.00,0,0,0.00,0.00,0.00,0,0,0.00,0.00,0,0
1544345775,2006-eth4,27231.54,1020093.81,1047325.38,1022134,27286,378.24,422.16,800.40,423,379,0.00,0.00,0,0
1544345775,3006-eth2,1020093.81,27231.54,1047325.38,27286,1022134,422.16,378.24,800.40,379,423,0.00,0.00,0,0
1544345775,1003-eth4,0.00,0.00,0.00,0,0,0.00,0.00,0.00,0,0,0.00,0.00,0,0
1544345775,2006-eth2,10960.08,203622.77,214582.84,204030,10982,130.74,138.72,269.46,139,131,0.00,0.00,0,0
1544345775,3001-eth1,0.00,0.00,0.00,0,0,0.00,0.00,0.00,0,0,0.00,0.00,0,0
1544345775,3008-eth2,29874.25,634431.12,664305.44,635700,29934,340.32,285.43,625.75,286,341,0.00,0.00,0,0
1544345775,2004-eth3,15161.68,1058898.25,1074059.88,1061016,15192,203.59,211.58,415.17,212,204,0.00,0.00,0,0
1544345775,3001-eth4,17580.84,1049227.62,1066808.38,1051326,17616,231.54,250.50,482.04,251,232,0.00,0.00,0,0
1544345775,1003-eth1,0.00,0.00,0.00,0,0,0.00,0.00,0.00,0,0,0.00,0.00,0,0
1544345775,3002-eth2,3716.57,3716.57,7433.13,3724,3724,37.92,37.92,75.85,38,38,0.00,0.00,0,0
1544345775,2005-eth4,0.00,0.00,0.00,0,0,0.00,0.00,0.00,0,0,0.00,0.00,0,0
1544345775,3003-eth2,1058898.25,15161.68,1074059.88,15192,1061016,211.58,203.59,415.17,204,212,0.00,0.00,0,0
1544345775,2007-eth1,32365.27,1048307.44,1080672.62,1050404,32430,412.18,425.15,837.33,426,413,0.00,0.00,0,0
1544345775,1002-eth4,0.00,0.00,0.00,0,0,0.00,0.00,0.00,0,0,0.00,0.00,0,0
1544345775,3002-eth4,25646.71,460381.25,486027.97,461302,25698,270.46,282.44,552.89,283,271,0.00,0.00,0,0
1544345775,2007-eth3,459626.75,408221.56,867848.31,409038,460546,388.22,392.22,780.44,393,389,0.00,0.00,0,0
1544345775,3005-eth1,1014465.12,22658.68,1037123.75,22704,1016494,350.30,343.31,693.61,344,351,0.00,0.00,0,0
1544345775,2001-eth4,1033497.06,1042213.62,2075710.62,1044298,1035564,828.34,863.27,1691.62,865,830,0.00,0.00,0,0
1544345775,3003-eth4,13101.80,1055389.25,1068491.00,1057500,13128,163.67,209.58,373.25,210,164,0.00,0.00,0,0
1544345775,2004-eth1,0.00,0.00,0.00,0,0,0.00,0.00,0.00,0,0,0.00,0.00,0,0
1544345775,3006-eth4,29075.85,1037830.38,1066906.25,1039906,29134,406.19,428.14,834.33,429,407,0.00,0.00,0,0
1544345775,3007-eth1,408221.56,459626.75,867848.31,460546,409038,392.22,388.22,780.44,389,393,0.00,0.00,0,0
1544345775,2008-eth1,0.00,0.00,0.00,0,0,0.00,0.00,0.00,0,0,0.00,0.00,0,0
1544345775,2002-eth2,418171.66,19049.90,437221.56,19088,419008,235.53,221.56,457.09,222,236,0.00,0.00,0,0
1544345775,2003-eth1,659018.00,605331.38,1264349.38,606542,660336,493.01,505.99,999.00,507,494,0.00,0.00,0,0
1544345775,3008-eth4,1040235.56,202996.02,1243231.62,203402,1042316,510.98,482.04,993.01,483,512,0.00,0.00,0,0
1544345775,1004-eth4,1065910.25,18109.78,1084020.00,18146,1068042,188.62,242.51,431.14,243,189,0.00,0.00,0,0
1544345775,3006-eth1,0.00,0.00,0.00,0,0,0.00,0.00,0.00,0,0,0.00,0.00,0,0
1544345775,1004-eth3,203622.77,10960.08,214582.84,10982,204030,138.72,130.74,269.46,131,139,0.00,0.00,0,0
1544345775,1002-eth2,0.00,0.00,0.00,0,0,0.00,0.00,0.00,0,0,0.00,0.00,0,0
1544345775,3004-eth3,29011.98,1040688.62,1069700.62,1042770,29070,406.19,428.14,834.33,429,407,0.00,0.00,0,0
1544345775,2003-eth3,590828.38,21369.26,612197.62,21412,592010,294.41,255.49,549.90,256,295,0.00,0.00,0,0
1544345775,2005-eth1,1017421.19,22658.68,1040079.88,22704,1019456,351.30,343.31,694.61,344,352,0.00,0.00,0,0
1544345775,3002-eth3,1014523.00,567772.50,1582295.50,568908,1016552,596.81,588.82,1185.63,590,598,0.00,0.00,0,0
1544345775,3006-eth3,1032126.75,1038111.81,2070238.62,1040188,1034191,637.72,686.63,1324.35,688,639,0.00,0.00,0,0
1544345775,2001-eth1,1045169.69,1039333.38,2084503.00,1041412,1047260,864.27,830.34,1694.61,832,866,0.00,0.00,0,0
1544345775,3005-eth2,24107.79,1039558.94,1063666.75,1041638,24156,365.27,358.28,723.55,359,366,0.00,0.00,0,0
1544345775,2001-eth2,0.00,0.00,0.00,0,0,0.00,0.00,0.00,0,0,0.00,0.00,0,0
1544345775,3007-eth2,423534.94,856530.94,1280065.88,858244,424382,286.43,285.43,571.86,286,287,0.00,0.00,0,0
1544345775,1001-eth1,1039333.38,1045169.69,2084503.00,1047260,1041412,830.34,864.27,1694.61,866,832,0.00,0.00,0,0
1544345775,3007-eth4,459829.34,408221.56,868050.94,409038,460749,389.22,392.22,781.44,393,390,0.00,0.00,0,0
1544345775,2003-eth2,0.00,0.00,0.00,0,0,0.00,0.00,0.00,0,0,0.00,0.00,0,0
1544345775,3007-eth3,856733.56,423534.94,1280268.50,424382,858447,286.43,286.43,572.85,287,287,0.00,0.00,0,0
1544345775,1002-eth1,0.00,0.00,0.00,0,0,0.00,0.00,0.00,0,0,0.00,0.00,0,0
1544345775,2002-eth3,19049.90,418171.66,437221.56,419008,19088,221.56,235.53,457.09,236,222,0.00,0.00,0,0
1544345775,2007-eth2,0.00,0.00,0.00,0,0,0.00,0.00,0.00,0,0,0.00,0.00,0,0
1544345775,total,30323862.00,30935742.00,61259604.00,30997612,30384507,21485.03,21622.76,43107.79,21666,21528,0.00,0.00,0,0
1544345776,3003-eth3,620604.81,157033.94,777638.75,157348,621846,338.32,233.53,571.86,234,339,0.00,0.00,0,0
1544345776,2002-eth1,0.00,0.00,0.00,0,0,0.00,0.00,0.00,0,0,0.00,0.00,0,0
1544345776,lo,1197.60,1197.60,2395.21,1200,1200,19.96,19.96,39.92,20,20,0.00,0.00,0,0
1544345776,3005-eth3,1077850.38,1030029.94,2107880.25,1032090,1080006,697.60,695.61,1393.21,697,699,0.00,0.00,0,0
1544345776,2005-eth3,25556.89,1129752.50,1155309.38,1132012,25608,387.23,389.22,776.45,390,388,0.00,0.00,0,0
1544345776,3004-eth4,1155974.12,647493.06,1803467.12,648788,1158286,589.82,592.81,1182.63,594,591,0.00,0.00,0,0
1544345776,1004-eth2,19658.68,1147419.25,1167077.88,1149714,19698,260.48,336.33,596.81,337,261,0.00,0.00,0,0
1544345776,2004-eth4,5714.57,5812.38,11526.95,5824,5726,58.88,59.88,118.76,60,59,0.00,0.00,0,0
1544345776,1001-eth2,636071.88,638878.25,1274950.12,640156,637344,550.90,441.12,992.02,442,552,0.00,0.00,0,0
1544345776,1003-eth3,0.00,0.00,0.00,0,0,0.00,0.00,0.00,0,0,0.00,0.00,0,0
1544345776,2002-eth4,3954.09,3954.09,7908.18,3962,3962,40.92,40.92,81.84,41,41,0.00,0.00,0,0
1544345776,1001-eth4,1168914.25,23910.18,1192824.38,23958,1171252,457.09,362.28,819.36,363,458,0.00,0.00,0,0
1544345776,3001-eth2,210383.23,12009.98,222393.22,12034,210804,149.70,144.71,294.41,145,150,0.00,0.00,0,0
1544345776,1004-eth1,12051.90,210425.16,222477.05,210846,12076,145.71,150.70,296.41,151,146,0.00,0.00,0,0
1544345776,3005-eth4,1156626.75,1155898.25,2312525.00,1158210,1158940,796.41,763.47,1559.88,765,798,0.00,0.00,0,0
1544345776,1003-eth2,0.00,0.00,0.00,0,0,0.00,0.00,0.00,0,0,0.00,0.00,0,0
1544345776,3008-eth1,32998.00,1167205.62,1200203.62,1169540,33064,413.17,453.09,866.27,454,414,0.00,0.00,0,0
1544345776,1002-eth3,0.00,0.00,0.00,0,0,0.00,0.00,0.00,0,0,0.00,0.00,0,0
1544345776,2006-eth1,0.00,0.00,0.00,0,0,0.00,0.00,0.00,0,0,0.00,0.00,0,0
1544345776,3003-eth1,14271.46,620153.69,634425.19,621394,14300,205.59,320.36,525.95,321,206,0.00,0.00,0,0
1544345776,2001-eth3,0.00,0.00,0.00,0,0,0.00,0.00,0.00,0,0,0.00,0.00,0,0
1544345776,2008-eth2,13850.30,1171527.00,1185377.25,1173870,13878,210.58,278.44,489.02,279,211,0.00,0.00,0,0
1544345776,2008-eth3,853902.25,599117.75,1453020.00,600316,855610,412.18,429.14,841.32,430,413,0.00,0.00,0,0
1544345776,1001-eth3,25556.89,1129752.50,1155309.38,1132012,25608,387.23,389.22,776.45,390,388,0.00,0.00,0,0
1544345776,2007-eth4,1167205.62,32998.00,1200203.62,33064,1169540,453.09,413.17,866.27,414,454,0.00,0.00,0,0
1544345776,2004-eth2,1147419.25,19658.68,1167077.88,19698,1149714,336.33,260.48,596.81,261,337,0.00,0.00,0,0
1544345776,3002-eth1,1164171.75,1156481.12,2320652.75,1158794,1166500,976.05,789.42,1765.47,791,978,0.00,0.00,0,0
1544345776,3004-eth1,624606.81,15918.16,640524.94,15950,625856,235.53,230.54,466.07,231,236,0.00,0.00,0,0
1544345776,2006-eth3,1159379.25,25688.62,1185067.88,25740,1161698,400.20,389.22,789.42,390,401,0.00,0.00,0,0
1544345776,3004-eth2,5812.38,5714.57,11526.95,5726,5824,59.88,58.88,118.76,59,60,0.00,0.00,0,0
1544345776,3001-eth3,1162640.75,215237.53,1377878.25,215668,1164966,274.45,261.48,535.93,262,275,0.00,0.00,0,0
1544345776,2003-eth4,15918.16,624606.81,640524.94,625856,15950,230.54,235.53,466.07,236,231,0.00,0.00,0,0
1544345776,2008-eth4,942395.25,29255.49,971650.75,29314,944280,419.16,332.34,751.50,333,420,0.00,0.00,0,0
1544345776,3008-eth3,1163630.75,343770.47,1507401.25,344458,1165958,661.68,679.64,1341.32,681,663,0.00,0.00,0,0
1544345776,2005-eth2,0.00,0.00,0.00,0,0,0.00,0.00,0.00,0,0,0.00,0.00,0,0
1544345776,2006-eth4,30616.77,1121253.50,1151870.25,1123496,30678,426.15,463.07,889.22,464,427,0.00,0.00,0,0
1544345776,3006-eth2,1121253.50,30616.77,1151870.25,30678,1123496,463.07,426.15,889.22,427,464,0.00,0.00,0,0
1544345776,1003-eth4,0.00,0.00,0.00,0,0,0.00,0.00,0.00,0,0,0.00,0.00,0,0
1544345776,2006-eth2,10427.15,155499.00,165926.16,155810,10448,119.76,128.74,248.50,129,120,0.00,0.00,0,0
1544345776,3001-eth1,0.00,0.00,0.00,0,0,0.00,0.00,0.00,0,0,0.00,0.00,0,0
1544345776,3008-eth2,29255.49,942395.25,971650.75,944280,29314,332.34,419.16,751.50,420,333,0.00,0.00,0,0
1544345776,2004-eth3,17562.88,1155636.75,1173199.62,1157948,17598,238.52,317.37,555.89,318,239,0.00,0.00,0,0
1544345776,3001-eth4,20111.78,1170355.38,1190467.12,1172696,20152,267.47,287.43,554.89,288,268,0.00,0.00,0,0
1544345776,1003-eth1,0.00,0.00,0.00,0,0,0.00,0.00,0.00,0,0,0.00,0.00,0,0
1544345776,3002-eth2,3954.09,3954.09,7908.18,3962,3962,40.92,40.92,81.84,41,41,0.00,0.00,0,0
1544345776,2005-eth4,0.00,0.00,0.00,0,0,0.00,0.00,0.00,0,0,0.00,0.00,0,0
1544345776,3003-eth2,1155636.75,17562.88,1173199.62,17598,1157948,317.37,238.52,555.89,239,318,0.00,0.00,0,0
1544345776,2007-eth1,23910.18,1168914.25,1192824.38,1171252,23958,362.28,457.09,819.36,458,363,0.00,0.00,0,0
1544345776,1002-eth4,0.00,0.00,0.00,0,0,0.00,0.00,0.00,0,0,0.00,0.00,0,0
1544345776,3002-eth4,19678.64,348021.97,367700.59,348718,19718,252.50,242.51,495.01,243,253,0.00,0.00,0,0
1544345776,2007-eth3,518229.56,498762.50,1016992.06,499760,519266,430.14,375.25,805.39,376,431,0.00,0.00,0,0
1544345776,3005-eth1,1129752.50,25556.89,1155309.38,25608,1132012,389.22,387.23,776.45,388,390,0.00,0.00,0,0
1544345776,2001-eth4,1156481.12,1164171.75,2320652.75,1166500,1158794,789.42,976.05,1765.47,978,791,0.00,0.00,0,0
1544345776,3003-eth4,17111.78,1164221.62,1181333.38,1166550,17146,220.56,346.31,566.87,347,221,0.00,0.00,0,0
1544345776,2004-eth1,0.00,0.00,0.00,0,0,0.00,0.00,0.00,0,0,0.00,0.00,0,0
1544345776,3006-eth4,32395.21,1161193.62,1193588.88,1163516,32460,453.09,477.05,930.14,478,454,0.00,0.00,0,0
1544345776,3007-eth1,498762.50,518229.56,1016992.06,519266,499760,375.25,430.14,805.39,431,376,0.00,0.00,0,0
1544345776,2008-eth1,0.00,0.00,0.00,0,0,0.00,0.00,0.00,0,0,0.00,0.00,0,0
1544345776,2002-eth2,210425.16,12051.90,222477.05,12076,210846,150.70,145.71,296.41,146,151,0.00,0.00,0,0
1544345776,2003-eth1,638878.25,636071.88,1274950.12,637344,640156,441.12,550.90,992.02,552,442,0.00,0.00,0,0
1544345776,3008-eth4,1159168.75,357598.81,1516767.50,358314,1161487,563.87,492.02,1055.89,493,565,0.00,0.00,0,0
1544345776,1004-eth4,1171527.00,13850.30,1185377.25,13878,1173870,278.44,210.58,489.02,211,279,0.00,0.00,0,0
1544345776,3006-eth1,0.00,0.00,0.00,0,0,0.00,0.00,0.00,0,0,0.00,0.00,0,0
1544345776,1004-eth3,155499.00,10427.15,165926.16,10448,155810,128.74,119.76,248.50,120,129,0.00,0.00,0,0
1544345776,1002-eth2,0.00,0.00,0.00,0,0,0.00,0.00,0.00,0,0,0.00,0.00,0,0
1544345776,3004-eth3,32722.56,1158335.38,1191057.88,1160652,32788,457.09,477.05,934.13,478,458,0.00,0.00,0,0
1544345776,2003-eth3,620153.69,14271.46,634425.19,14300,621394,320.36,205.59,525.95,206,321,0.00,0.00,0,0
1544345776,2005-eth1,1129752.50,25556.89,1155309.38,25608,1132012,389.22,387.23,776.45,388,390,0.00,0.00,0,0
1544345776,3002-eth3,1141896.12,488907.09,1630803.25,489396,1143038,578.42,569.43,1147.85,570,579,0.00,0.00,0,0
1544345776,3006-eth3,1156187.88,1136471.50,2292659.50,1137608,1157344,707.29,759.24,1466.53,760,708,0.00,0.00,0,0
1544345776,2001-eth1,1156030.00,1154443.62,2310473.50,1155598,1157186,968.03,786.21,1754.25,787,969,0.00,0.00,0,0
1544345776,3005-eth2,25714.29,1160537.50,1186251.75,1161698,25740,389.61,400.60,790.21,401,390,0.00,0.00,0,0
1544345776,2001-eth2,0.00,0.00,0.00,0,0,0.00,0.00,0.00,0,0,0.00,0.00,0,0
1544345776,3007-eth2,599716.31,854755.25,1454471.62,855610,600316,429.57,412.59,842.16,413,430,0.00,0.00,0,0
1544345776,1001-eth1,1154443.62,1156030.00,2310473.50,1157186,1155598,786.21,968.03,1754.25,969,787,0.00,0.00,0,0
1544345776,3007-eth4,518789.22,499302.72,1018091.94,499802,519308,431.57,376.62,808.19,377,432,0.00,0.00,0,0
1544345776,2003-eth2,0.00,0.00,0.00,0,0,0.00,0.00,0.00,0,0,0.00,0.00,0,0
1544345776,3007-eth3,854713.31,599674.31,1454387.62,600274,855568,411.59,428.57,840.16,429,412,0.00,0.00,0,0
1544345776,1002-eth1,0.00,0.00,0.00,0,0,0.00,0.00,0.00,0,0,0.00,0.00,0,0
1544345776,2002-eth3,12021.98,210593.41,222615.39,210804,12034,144.86,149.85,294.71,150,145,0.00,0.00,0,0
1544345776,2007-eth2,0.00,0.00,0.00,0,0,0.00,0.00,0.00,0,0,0.00,0.00,0,0
1544345776,total,33137564.00,33482294.00,66619856.00,33515776,33170699,23241.76,23222.78,46464.54,23246,23265,0.00,0.00,0,0
1544345777,3003-eth3,685194.81,150291.72,835486.56,150442,685880,299.70,260.74,560.44,261,300,0.00,0.00,0,0
1544345777,2002-eth1,0.00,0.00,0.00,0,0,0.00,0.00,0.00,0,0,0.00,0.00,0,0
1544345777,lo,0.00,0.00,0.00,0,0,0.00,0.00,0.00,0,0,0.00,0.00,0,0
1544345777,3005-eth3,1030927.12,1078927.12,2109854.25,1080006,1031958,694.31,698.30,1392.61,699,695,0.00,0.00,0,0
1544345777,2005-eth3,31318.68,1172373.62,1203692.38,1173546,31350,474.53,404.60,879.12,405,475,0.00,0.00,0,0
1544345777,3004-eth4,1196935.12,640077.94,1837013.00,640718,1198132,601.40,602.40,1203.80,603,602,0.00,0.00,0,0
1544345777,1004-eth2,24845.16,1206667.38,1231512.50,1207874,24870,338.66,448.55,787.21,449,339,0.00,0.00,0,0
1544345777,2004-eth4,5678.32,5776.22,11454.55,5782,5684,57.94,58.94,116.88,59,58,0.00,0.00,0,0
1544345777,1001-eth2,700077.94,632813.19,1332891.12,633446,700778,500.50,470.53,971.03,471,501,0.00,0.00,0,0
1544345777,1003-eth3,0.00,0.00,0.00,0,0,0.00,0.00,0.00,0,0,0.00,0.00,0,0
1544345777,2002-eth4,3916.08,3916.08,7832.17,3920,3920,39.96,39.96,79.92,40,40,0.00,0.00,0,0
1544345777,1001-eth4,1201712.38,22549.45,1224261.75,22572,1202914,476.52,341.66,818.18,342,477,0.00,0.00,0,0
1544345777,3001-eth2,434693.31,16833.17,451526.50,16850,435128,235.76,216.78,452.55,217,236,0.00,0.00,0,0
1544345777,1004-eth1,16833.17,434693.31,451526.50,435128,16850,216.78,235.76,452.55,236,217,0.00,0.00,0,0
1544345777,3005-eth4,1194411.62,1196245.75,2390657.50,1197442,1195606,826.17,788.21,1614.39,789,827,0.00,0.00,0,0
1544345777,1003-eth2,0.00,0.00,0.00,0,0,0.00,0.00,0.00,0,0,0.00,0.00,0,0
1544345777,3008-eth1,29594.41,1066713.38,1096307.75,1067780,29624,371.63,425.57,797.20,426,372,0.00,0.00,0,0
1544345777,1002-eth3,0.00,0.00,0.00,0,0,0.00,0.00,0.00,0,0,0.00,0.00,0,0
1544345777,2006-eth1,0.00,0.00,0.00,0,0,0.00,0.00,0.00,0,0,0.00,0.00,0,0
1544345777,3003-eth1,16263.74,685136.88,701400.62,685822,16280,235.76,286.71,522.48,287,236,0.00,0.00,0,0
1544345777,2001-eth3,0.00,0.00,0.00,0,0,0.00,0.00,0.00,0,0,0.00,0.00,0,0
1544345777,2008-eth2,23802.20,1200699.38,1224501.50,1201900,23826,360.64,329.67,690.31,330,361,0.00,0.00,0,0
1544345777,2008-eth3,932311.69,372627.38,1304939.12,373000,933244,433.57,407.59,841.16,408,434,0.00,0.00,0,0
1544345777,1001-eth3,31318.68,1172373.62,1203692.38,1173546,31350,474.53,404.60,879.12,405,475,0.00,0.00,0,0
1544345777,2007-eth4,1066713.38,29594.41,1096307.75,29624,1067780,425.57,371.63,797.20,372,426,0.00,0.00,0,0
1544345777,2004-eth2,1206667.38,24845.16,1231512.50,24870,1207874,448.55,338.66,787.21,339,449,0.00,0.00,0,0
1544345777,3002-eth1,1203864.12,1200415.62,2404279.75,1201616,1205068,989.01,807.19,1796.20,808,990,0.00,0.00,0,0
1544345777,3004-eth1,616549.44,14941.06,631490.50,14956,617166,234.77,213.79,448.55,214,235,0.00,0.00,0,0
1544345777,2006-eth3,1204923.12,24527.47,1229450.62,24552,1206128,415.58,371.63,787.21,372,416,0.00,0.00,0,0
1544345777,3004-eth2,5776.22,5678.32,11454.55,5684,5782,58.94,57.94,116.88,58,59,0.00,0.00,0,0
1544345777,3001-eth3,1195320.75,443310.69,1638631.38,443754,1196516,401.60,404.60,806.19,405,402,0.00,0.00,0,0
1544345777,2003-eth4,14941.06,616549.44,631490.50,617166,14956,213.79,234.77,448.55,235,214,0.00,0.00,0,0
1544345777,2008-eth4,639560.44,25306.69,664867.12,25332,640200,287.71,345.65,633.37,346,288,0.00,0.00,0,0
1544345777,3008-eth3,1202124.88,288755.25,1490880.12,289044,1203327,546.45,563.44,1109.89,564,547,0.00,0.00,0,0
1544345777,2005-eth2,0.00,0.00,0.00,0,0,0.00,0.00,0.00,0,0,0.00,0.00,0,0
1544345777,2006-eth4,29658.34,1174189.88,1203848.12,1175364,29688,411.59,481.52,893.11,482,412,0.00,0.00,0,0
1544345777,3006-eth2,1174189.88,29658.34,1203848.12,29688,1175364,481.52,411.59,893.11,412,482,0.00,0.00,0,0
1544345777,1003-eth4,0.00,0.00,0.00,0,0,0.00,0.00,0.00,0,0,0.00,0.00,0,0
1544345777,2006-eth2,10239.76,109756.25,119996.01,109866,10250,116.88,112.89,229.77,113,117,0.00,0.00,0,0
1544345777,3001-eth1,0.00,0.00,0.00,0,0,0.00,0.00,0.00,0,0,0.00,0.00,0,0
1544345777,3008-eth2,25306.69,639560.44,664867.12,640200,25332,345.65,287.71,633.37,288,346,0.00,0.00,0,0
1544345777,2004-eth3,22789.21,1207440.62,1230229.75,1208648,22812,317.68,427.57,745.25,428,318,0.00,0.00,0,0
1544345777,3001-eth4,24085.91,1193824.25,1217910.12,1195018,24110,326.67,340.66,667.33,341,327,0.00,0.00,0,0
1544345777,1003-eth1,0.00,0.00,0.00,0,0,0.00,0.00,0.00,0,0,0.00,0.00,0,0
1544345777,3002-eth2,3916.08,3916.08,7832.17,3920,3920,39.96,39.96,79.92,40,40,0.00,0.00,0,0
1544345777,2005-eth4,0.00,0.00,0.00,0,0,0.00,0.00,0.00,0,0,0.00,0.00,0,0
1544345777,3003-eth2,1207440.62,22789.21,1230229.75,22812,1208648,427.57,317.68,745.25,318,428,0.00,0.00,0,0
1544345777,2007-eth1,22549.45,1201712.38,1224261.75,1202914,22572,341.66,476.52,818.18,477,342,0.00,0.00,0,0
1544345777,1002-eth4,0.00,0.00,0.00,0,0,0.00,0.00,0.00,0,0,0.00,0.00,0,0
1544345777,3002-eth4,18507.49,517480.53,535988.00,517998,18526,238.76,262.74,501.50,263,239,0.00,0.00,0,0
1544345777,2007-eth3,545432.56,370575.44,916008.00,370946,545978,428.57,332.67,761.24,333,429,0.00,0.00,0,0
1544345777,3005-eth1,1172373.62,31318.68,1203692.38,31350,1173546,404.60,474.53,879.12,475,405,0.00,0.00,0,0
1544345777,2001-eth4,1200415.62,1203864.12,2404279.75,1205068,1201616,807.19,989.01,1796.20,990,808,0.00,0.00,0,0
1544345777,3003-eth4,22731.27,1204074.00,1226805.25,1205278,22754,304.70,494.51,799.20,495,305,0.00,0.00,0,0
1544345777,2004-eth1,0.00,0.00,0.00,0,0,0.00,0.00,0.00,0,0,0.00,0.00,0,0
1544345777,3006-eth4,40167.83,998435.56,1038603.44,999434,40208,475.52,492.51,968.03,493,476,0.00,0.00,0,0
1544345777,3007-eth1,370575.44,545432.56,916008.00,545978,370946,332.67,428.57,761.24,429,333,0.00,0.00,0,0
1544345777,2008-eth1,0.00,0.00,0.00,0,0,0.00,0.00,0.00,0,0,0.00,0.00,0,0
1544345777,2002-eth2,434693.31,16833.17,451526.50,16850,435128,235.76,216.78,452.55,217,236,0.00,0.00,0,0
1544345777,2003-eth1,632813.19,700077.94,1332891.12,700778,633446,470.53,500.50,971.03,501,471,0.00,0.00,0,0
1544345777,3008-eth4,1200649.38,116925.08,1317574.50,117042,1201850,504.50,456.54,961.04,457,505,0.00,0.00,0,0
1544345777,1004-eth4,1200699.38,23802.20,1224501.50,23826,1201900,329.67,360.64,690.31,361,330,0.00,0.00,0,0
1544345777,3006-eth1,0.00,0.00,0.00,0,0,0.00,0.00,0.00,0,0,0.00,0.00,0,0
1544345777,1004-eth3,109756.25,10239.76,119996.01,10250,109866,112.89,116.88,229.77,117,113,0.00,0.00,0,0
1544345777,1002-eth2,0.00,0.00,0.00,0,0,0.00,0.00,0.00,0,0,0.00,0.00,0,0
1544345777,3004-eth3,34004.00,1204074.00,1238078.00,1205278,34038,474.53,494.51,969.03,495,475,0.00,0.00,0,0
1544345777,2003-eth3,685136.88,16263.74,701400.62,16280,685822,286.71,235.76,522.48,236,287,0.00,0.00,0,0
1544345777,2005-eth1,1172373.62,31318.68,1203692.38,31350,1173546,404.60,474.53,879.12,475,405,0.00,0.00,0,0
1544345777,3002-eth3,1185824.25,716749.25,1902573.50,717466,1187010,608.39,624.38,1232.77,625,609,0.00,0.00,0,0
1544345777,3006-eth3,1201434.62,1198987.00,2400421.75,1200186,1202636,757.24,800.20,1557.44,801,758,0.00,0.00,0,0
1544345777,2001-eth1,1207250.75,1203604.38,2410855.25,1204808,1208458,996.00,811.19,1807.19,812,997,0.00,0.00,0,0
1544345777,3005-eth2,24527.47,1204923.12,1229450.62,1206128,24552,371.63,415.58,787.21,416,372,0.00,0.00,0,0
1544345777,2001-eth2,0.00,0.00,0.00,0,0,0.00,0.00,0.00,0,0,0.00,0.00,0,0
1544345777,3007-eth2,372627.38,932311.69,1304939.12,933244,373000,407.59,433.57,841.16,434,408,0.00,0.00,0,0
1544345777,1001-eth1,1203604.38,1207250.75,2410855.25,1208458,1204808,811.19,996.00,1807.19,997,812,0.00,0.00,0,0
1544345777,3007-eth4,545432.56,370575.44,916008.00,370946,545978,428.57,332.67,761.24,333,429,0.00,0.00,0,0
1544345777,2003-eth2,0.00,0.00,0.00,0,0,0.00,0.00,0.00,0,0,0.00,0.00,0,0
1544345777,3007-eth3,932311.69,372627.38,1304939.12,373000,933244,433.57,407.59,841.16,408,434,0.00,0.00,0,0
1544345777,1002-eth1,0.00,0.00,0.00,0,0,0.00,0.00,0.00,0,0,0.00,0.00,0,0
1544345777,2002-eth3,16833.17,434693.31,451526.50,435128,16850,216.78,235.76,452.55,236,217,0.00,0.00,0,0
1544345777,2007-eth2,0.00,0.00,0.00,0,0,0.00,0.00,0.00,0,0,0.00,0.00,0,0
1544345777,total,33966628.00,33947924.00,67914552.00,33981872,34000593,24311.69,24413.59,48725.28,24438,24336,0.00,0.00,0,0
1544345778,3003-eth3,667242.75,224663.34,891906.12,224888,667910,290.71,291.71,582.42,292,291,0.00,0.00,0,0
1544345778,2002-eth1,0.00,0.00,0.00,0,0,0.00,0.00,0.00,0,0,0.00,0.00,0,0
1544345778,lo,1198.80,1198.80,2397.60,1200,1200,19.98,19.98,39.96,20,20,0.00,0.00,0,0
1544345778,3005-eth3,1102401.62,1034545.50,2136947.00,1035580,1103504,703.30,705.29,1408.59,706,704,0.00,0.00,0,0
1544345778,2005-eth3,24131.87,1193087.00,1217218.88,1194280,24156,365.63,411.59,777.22,412,366,0.00,0.00,0,0
1544345778,3004-eth4,1222783.25,732335.69,1955118.88,733068,1224006,642.36,641.36,1283.72,642,643,0.00,0.00,0,0
1544345778,1004-eth2,31900.10,1219794.25,1251694.38,1221014,31932,445.55,494.51,940.06,495,446,0.00,0.00,0,0
1544345778,2004-eth4,5678.32,5776.22,11454.55,5782,5684,57.94,58.94,116.88,59,58,0.00,0.00,0,0
1544345778,1001-eth2,682899.12,724253.75,1407152.88,724978,683582,510.49,500.50,1010.99,501,511,0.00,0.00,0,0
1544345778,1003-eth3,0.00,0.00,0.00,0,0,0.00,0.00,0.00,0,0,0.00,0.00,0,0
1544345778,2002-eth4,3916.08,3916.08,7832.17,3920,3920,39.96,39.96,79.92,40,40,0.00,0.00,0,0
1544345778,1001-eth4,1219718.38,27758.24,1247476.50,27786,1220938,420.58,420.58,841.16,421,421,0.00,0.00,0,0
1544345778,3001-eth2,232753.25,12581.42,245334.67,12594,232986,156.84,152.85,309.69,153,157,0.00,0.00,0,0
1544345778,1004-eth1,12581.42,232753.25,245334.67,232986,12594,152.85,156.84,309.69,157,153,0.00,0.00,0,0
1544345778,3005-eth4,1221834.25,1219065.00,2440899.25,1220284,1223056,847.15,805.19,1652.35,806,848,0.00,0.00,0,0
1544345778,1003-eth2,0.00,0.00,0.00,0,0,0.00,0.00,0.00,0,0,0.00,0.00,0,0
1544345778,3008-eth1,27584.42,1038631.38,1066215.88,1039670,27612,411.59,394.61,806.19,395,412,0.00,0.00,0,0
1544345778,1002-eth3,0.00,0.00,0.00,0,0,0.00,0.00,0.00,0,0,0.00,0.00,0,0
1544345778,2006-eth1,0.00,0.00,0.00,0,0,0.00,0.00,0.00,0,0,0.00,0.00,0,0
1544345778,3003-eth1,16299.70,664917.12,681216.81,665582,16316,237.76,246.75,484.52,247,238,0.00,0.00,0,0
1544345778,2001-eth3,0.00,0.00,0.00,0,0,0.00,0.00,0.00,0,0,0.00,0.00,0,0
1544345778,2008-eth2,25120.88,1219982.00,1245102.88,1221202,25146,380.62,424.58,805.19,425,381,0.00,0.00,0,0
1544345778,2008-eth3,941566.44,476337.69,1417904.12,476814,942508,537.46,510.49,1047.95,511,538,0.00,0.00,0,0
1544345778,1001-eth3,24131.87,1193087.00,1217218.88,1194280,24156,365.63,411.59,777.22,412,366,0.00,0.00,0,0
1544345778,2007-eth4,1038631.38,27584.42,1066215.88,27612,1039670,394.61,411.59,806.19,412,395,0.00,0.00,0,0
1544345778,2004-eth2,1219794.25,31900.10,1251694.38,31932,1221014,494.51,445.55,940.06,446,495,0.00,0.00,0,0
1544345778,3002-eth1,1217982.00,1220253.75,2438235.75,1221474,1219200,815.18,848.15,1663.34,849,816,0.00,0.00,0,0
1544345778,3004-eth1,707954.06,17982.02,725936.06,18000,708662,262.74,263.74,526.47,264,263,0.00,0.00,0,0
1544345778,2006-eth3,1219718.38,27626.38,1247344.75,27654,1220938,420.58,418.58,839.16,419,421,0.00,0.00,0,0
1544345778,3004-eth2,5776.22,5678.32,11454.55,5684,5782,58.94,57.94,116.88,58,59,0.00,0.00,0,0
1544345778,3001-eth3,1208913.12,238667.34,1447580.50,238906,1210122,300.70,284.72,585.41,285,301,0.00,0.00,0,0
1544345778,2003-eth4,17982.02,707954.06,725936.06,708662,18000,263.74,262.74,526.47,263,264,0.00,0.00,0,0
1544345778,2008-eth4,752461.56,19870.13,772331.69,19890,753214,310.69,292.71,603.40,293,311,0.00,0.00,0,0
1544345778,3008-eth3,1233576.50,355670.34,1589246.75,356026,1234810,696.30,596.40,1292.71,597,697,0.00,0.00,0,0
1544345778,2005-eth2,0.00,0.00,0.00,0,0,0.00,0.00,0.00,0,0,0.00,0.00,0,0
1544345778,2006-eth4,31174.83,1184513.50,1215688.38,1185698,31206,434.57,484.52,919.08,485,435,0.00,0.00,0,0
1544345778,3006-eth2,1184513.50,31174.83,1215688.38,31206,1185698,484.52,434.57,919.08,435,485,0.00,0.00,0,0
1544345778,1003-eth4,0.00,0.00,0.00,0,0,0.00,0.00,0.00,0,0,0.00,0.00,0,0
1544345778,2006-eth2,11822.18,154207.80,166029.97,154362,11834,140.86,128.87,269.73,129,141,0.00,0.00,0,0
1544345778,3001-eth1,0.00,0.00,0.00,0,0,0.00,0.00,0.00,0,0,0.00,0.00,0,0
1544345778,3008-eth2,19870.13,752461.56,772331.69,753214,19890,292.71,310.69,603.40,311,293,0.00,0.00,0,0
1544345778,2004-eth3,29844.16,1219087.00,1248931.12,1220306,29874,424.58,472.53,897.10,473,425,0.00,0.00,0,0
1544345778,3001-eth4,21284.72,1211768.25,1233053.00,1212980,21306,284.72,305.69,590.41,306,285,0.00,0.00,0,0
1544345778,1003-eth1,0.00,0.00,0.00,0,0,0.00,0.00,0.00,0,0,0.00,0.00,0,0
1544345778,3002-eth2,3916.08,3916.08,7832.17,3920,3920,39.96,39.96,79.92,40,40,0.00,0.00,0,0
1544345778,2005-eth4,0.00,0.00,0.00,0,0,0.00,0.00,0.00,0,0,0.00,0.00,0,0
1544345778,3003-eth2,1219087.00,29844.16,1248931.12,29874,1220306,472.53,424.58,897.10,425,473,0.00,0.00,0,0
1544345778,2007-eth1,27758.24,1219718.38,1247476.50,1220938,27786,420.58,420.58,841.16,421,421,0.00,0.00,0,0
1544345778,1002-eth4,0.00,0.00,0.00,0,0,0.00,0.00,0.00,0,0,0.00,0.00,0,0
1544345778,3002-eth4,19338.66,583662.38,603001.00,584246,19358,254.75,278.72,533.47,279,255,0.00,0.00,0,0
1544345778,2007-eth3,541296.69,375178.84,916475.56,375554,541838,348.65,336.66,685.31,337,349,0.00,0.00,0,0
1544345778,3005-eth1,1193087.00,24131.87,1217218.88,24156,1194280,411.59,365.63,777.22,366,412,0.00,0.00,0,0
1544345778,2001-eth4,1220253.75,1217982.00,2438235.75,1219200,1221474,848.15,815.18,1663.34,816,849,0.00,0.00,0,0
1544345778,3003-eth4,27518.48,1221534.50,1249053.00,1222756,27546,380.62,497.50,878.12,498,381,0.00,0.00,0,0
1544345778,2004-eth1,0.00,0.00,0.00,0,0,0.00,0.00,0.00,0,0,0.00,0.00,0,0
1544345778,3006-eth4,51114.89,987596.44,1038711.31,988584,51166,540.46,547.45,1087.91,548,541,0.00,0.00,0,0
1544345778,3007-eth1,375178.84,541296.69,916475.56,541838,375554,336.66,348.65,685.31,349,337,0.00,0.00,0,0
1544345778,2008-eth1,0.00,0.00,0.00,0,0,0.00,0.00,0.00,0,0,0.00,0.00,0,0
1544345778,2002-eth2,232753.25,12581.42,245334.67,12594,232986,156.84,152.85,309.69,153,157,0.00,0.00,0,0
1544345778,2003-eth1,724253.75,682899.12,1407152.88,683582,724978,500.50,510.49,1010.99,511,501,0.00,0.00,0,0
1544345778,3008-eth4,1220593.50,273098.91,1493692.38,273372,1221814,538.46,521.48,1059.94,522,539,0.00,0.00,0,0
1544345778,1004-eth4,1219982.00,25120.88,1245102.88,25146,1221202,424.58,380.62,805.19,381,425,0.00,0.00,0,0
1544345778,3006-eth1,0.00,0.00,0.00,0,0,0.00,0.00,0.00,0,0,0.00,0.00,0,0
1544345778,1004-eth3,154207.80,11822.18,166029.97,11834,154362,128.87,140.86,269.73,141,129,0.00,0.00,0,0
1544345778,1002-eth2,0.00,0.00,0.00,0,0,0.00,0.00,0.00,0,0,0.00,0.00,0,0
1544345778,3004-eth3,33682.32,1218477.50,1252159.88,1219696,33716,473.53,495.50,969.03,496,474,0.00,0.00,0,0
1544345778,2003-eth3,664917.12,16299.70,681216.81,16316,665582,246.75,237.76,484.52,238,247,0.00,0.00,0,0
1544345778,2005-eth1,1193087.00,24131.87,1217218.88,24156,1194280,411.59,365.63,777.22,366,412,0.00,0.00,0,0
1544345778,3002-eth3,1204831.25,733518.50,1938349.75,734252,1206036,633.37,637.36,1270.73,638,634,0.00,0.00,0,0
1544345778,3006-eth3,1225122.88,1220257.75,2445380.75,1221478,1226348,853.15,868.13,1721.28,869,854,0.00,0.00,0,0
1544345778,2001-eth1,1217850.12,1220155.88,2438006.00,1221376,1219068,813.19,847.15,1660.34,848,814,0.00,0.00,0,0
1544345778,3005-eth2,27626.38,1219718.38,1247344.75,1220938,27654,418.58,420.58,839.16,421,419,0.00,0.00,0,0
1544345778,2001-eth2,0.00,0.00,0.00,0,0,0.00,0.00,0.00,0,0,0.00,0.00,0,0
1544345778,3007-eth2,476337.69,941566.44,1417904.12,942508,476814,510.49,537.46,1047.95,538,511,0.00,0.00,0,0
1544345778,1001-eth1,1220155.88,1217850.12,2438006.00,1219068,1221376,847.15,813.19,1660.34,814,848,0.00,0.00,0,0
1544345778,3007-eth4,541296.69,375178.84,916475.56,375554,541838,348.65,336.66,685.31,337,349,0.00,0.00,0,0
1544345778,2003-eth2,0.00,0.00,0.00,0,0,0.00,0.00,0.00,0,0,0.00,0.00,0,0
1544345778,3007-eth3,941566.44,479296.72,1420863.12,479776,942508,537.46,511.49,1048.95,512,538,0.00,0.00,0,0
1544345778,1002-eth1,0.00,0.00,0.00,0,0,0.00,0.00,0.00,0,0,0.00,0.00,0,0
1544345778,2002-eth3,12581.42,232753.25,245334.67,232986,12594,152.85,156.84,309.69,157,153,0.00,0.00,0,0
1544345778,2007-eth2,0.00,0.00,0.00,0,0,0.00,0.00,0.00,0,0,0.00,0.00,0,0
1544345778,total,34374436.00,34540672.00,68915112.00,34575212,34408810,24716.28,24715.29,49431.57,24740,24741,0.00,0.00,0,0
1544345779,3003-eth3,665720.56,177075.86,842796.44,177430,667052,277.45,274.45,551.90,275,278,0.00,0.00,0,0
1544345779,2002-eth1,0.00,0.00,0.00,0,0,0.00,0.00,0.00,0,0,0.00,0.00,0,0
1544345779,lo,0.00,0.00,0.00,0,0,0.00,0.00,0.00,0,0,0.00,0.00,0,0
1544345779,3005-eth3,1136251.50,1082914.25,2219165.75,1085080,1138524,728.54,730.54,1459.08,732,730,0.00,0.00,0,0
1544345779,2005-eth3,25029.94,1188940.12,1213970.12,1191318,25080,379.24,410.18,789.42,411,380,0.00,0.00,0,0
1544345779,3004-eth4,1214860.38,688708.62,1903568.88,690086,1217290,627.74,625.75,1253.49,627,629,0.00,0.00,0,0
1544345779,1004-eth2,32067.87,1215163.75,1247231.62,1217594,32132,449.10,488.02,937.13,489,450,0.00,0.00,0,0
1544345779,2004-eth4,5477.05,5672.65,11149.70,5684,5488,55.89,57.88,113.77,58,56,0.00,0.00,0,0
1544345779,1001-eth2,679317.38,680830.38,1360147.75,682192,680676,465.07,487.03,952.10,488,466,0.00,0.00,0,0
1544345779,1003-eth3,0.00,0.00,0.00,0,0,0.00,0.00,0.00,0,0,0.00,0.00,0,0
1544345779,2002-eth4,3912.18,3912.18,7824.35,3920,3920,39.92,39.92,79.84,40,40,0.00,0.00,0,0
1544345779,1001-eth4,1215545.00,24700.60,1240245.50,24750,1217976,419.16,374.25,793.41,375,420,0.00,0.00,0,0
1544345779,3001-eth2,379111.78,15798.40,394910.19,15830,379870,210.58,202.59,413.17,203,211,0.00,0.00,0,0
1544345779,1004-eth1,15798.40,379111.78,394910.19,379870,15830,202.59,210.58,413.17,211,203,0.00,0.00,0,0
1544345779,3005-eth4,1216399.25,1217848.38,2434247.50,1220284,1218832,782.44,804.39,1586.83,806,784,0.00,0.00,0,0
1544345779,1003-eth2,0.00,0.00,0.00,0,0,0.00,0.00,0.00,0,0,0.00,0.00,0,0
1544345779,3008-eth1,21275.45,1140131.75,1161407.25,1142412,21318,322.36,393.21,715.57,394,323,0.00,0.00,0,0
1544345779,1002-eth3,0.00,0.00,0.00,0,0,0.00,0.00,0.00,0,0,0.00,0.00,0,0
1544345779,2006-eth1,0.00,0.00,0.00,0,0,0.00,0.00,0.00,0,0,0.00,0.00,0,0
1544345779,3003-eth1,16381.24,664351.31,680732.56,665680,16414,238.52,247.50,486.03,248,239,0.00,0.00,0,0
1544345779,2001-eth3,0.00,0.00,0.00,0,0,0.00,0.00,0.00,0,0,0.00,0.00,0,0
1544345779,2008-eth2,29772.46,1217055.88,1246828.38,1219490,29832,451.10,420.16,871.26,421,452,0.00,0.00,0,0
1544345779,2008-eth3,993277.50,599618.75,1592896.25,600818,995264,510.98,523.95,1034.93,525,512,0.00,0.00,0,0
1544345779,1001-eth3,25029.94,1188940.12,1213970.12,1191318,25080,379.24,410.18,789.42,411,380,0.00,0.00,0,0
1544345779,2007-eth4,1140131.75,21275.45,1161407.25,21318,1142412,393.21,322.36,715.57,323,394,0.00,0.00,0,0
1544345779,2004-eth2,1215163.75,32067.87,1247231.62,32132,1217594,488.02,449.10,937.13,450,489,0.00,0.00,0,0
1544345779,3002-eth1,1217686.62,1218179.62,2435866.25,1220616,1220122,827.35,834.33,1661.68,836,829,0.00,0.00,0,0
1544345779,3004-eth1,664449.12,14966.07,679415.19,14996,665778,248.50,217.56,466.07,218,249,0.00,0.00,0,0
1544345779,2006-eth3,1215545.00,27335.33,1242880.25,27390,1217976,419.16,414.17,833.33,415,420,0.00,0.00,0,0
1544345779,3004-eth2,5672.65,5477.05,11149.70,5488,5684,57.88,55.89,113.77,56,58,0.00,0.00,0,0
1544345779,3001-eth3,1210736.50,384722.56,1595459.12,385492,1213158,346.31,333.33,679.64,334,347,0.00,0.00,0,0
1544345779,2003-eth4,14966.07,664449.12,679415.19,665778,14996,217.56,248.50,466.07,249,218,0.00,0.00,0,0
1544345779,2008-eth4,813385.25,19760.48,833145.75,19800,815012,281.44,299.40,580.84,300,282,0.00,0.00,0,0
1544345779,3008-eth3,1229525.00,402035.94,1631560.88,402840,1231984,718.56,518.96,1237.52,520,720,0.00,0.00,0,0
1544345779,2005-eth2,0.00,0.00,0.00,0,0,0.00,0.00,0.00,0,0,0.00,0.00,0,0
1544345779,2006-eth4,31540.92,1175876.25,1207417.25,1178228,31604,441.12,481.04,922.16,482,442,0.00,0.00,0,0
1544345779,3006-eth2,1175876.25,31540.92,1207417.25,31604,1178228,481.04,441.12,922.16,442,482,0.00,0.00,0,0
1544345779,1003-eth4,0.00,0.00,0.00,0,0,0.00,0.00,0.00,0,0,0.00,0.00,0,0
1544345779,2006-eth2,10856.29,187820.36,198676.66,188196,10878,126.75,137.72,264.47,138,127,0.00,0.00,0,0
1544345779,3001-eth1,0.00,0.00,0.00,0,0,0.00,0.00,0.00,0,0,0.00,0.00,0,0
1544345779,3008-eth2,19760.48,813385.25,833145.75,815012,19800,299.40,281.44,580.84,282,300,0.00,0.00,0,0
1544345779,2004-eth3,29916.17,1218728.62,1248644.75,1221166,29976,427.15,466.07,893.21,467,428,0.00,0.00,0,0
1544345779,3001-eth4,20672.65,1204087.88,1224760.50,1206496,20714,276.45,295.41,571.86,296,277,0.00,0.00,0,0
1544345779,1003-eth1,0.00,0.00,0.00,0,0,0.00,0.00,0.00,0,0,0.00,0.00,0,0
1544345779,3002-eth2,3912.18,3912.18,7824.35,3920,3920,39.92,39.92,79.84,40,40,0.00,0.00,0,0
1544345779,2005-eth4,0.00,0.00,0.00,0,0,0.00,0.00,0.00,0,0,0.00,0.00,0,0
1544345779,3003-eth2,1218728.62,29916.17,1248644.75,29976,1221166,466.07,427.15,893.21,428,467,0.00,0.00,0,0
1544345779,2007-eth1,24700.60,1215545.00,1240245.50,1217976,24750,374.25,419.16,793.41,420,375,0.00,0.00,0,0
1544345779,1002-eth4,0.00,0.00,0.00,0,0,0.00,0.00,0.00,0,0,0.00,0.00,0,0
1544345779,3002-eth4,18792.42,540183.62,558976.06,541264,18830,246.51,263.47,509.98,264,247,0.00,0.00,0,0
1544345779,2007-eth3,544026.00,457170.84,1001196.81,457628,544570,308.69,329.67,638.36,330,309,0.00,0.00,0,0
1544345779,3005-eth1,1190127.88,25054.95,1215182.88,25080,1191318,410.59,379.62,790.21,380,411,0.00,0.00,0,0
1544345779,2001-eth4,1219396.62,1218903.12,2438299.75,1220122,1220616,835.16,828.17,1663.34,829,836,0.00,0.00,0,0
1544345779,3003-eth4,28575.43,1218673.38,1247248.75,1219892,28604,397.60,497.50,895.10,498,398,0.00,0.00,0,0
1544345779,2004-eth1,0.00,0.00,0.00,0,0,0.00,0.00,0.00,0,0,0.00,0.00,0,0
1544345779,3006-eth4,54955.05,538895.12,593850.19,539434,55010,612.39,324.68,937.06,325,613,0.00,0.00,0,0
1544345779,3007-eth1,457170.84,544026.00,1001196.81,544570,457628,329.67,308.69,638.36,309,330,0.00,0.00,0,0
1544345779,2008-eth1,0.00,0.00,0.00,0,0,0.00,0.00,0.00,0,0,0.00,0.00,0,0
1544345779,2002-eth2,379490.53,15814.19,395304.72,15830,379870,210.79,202.80,413.59,203,211,0.00,0.00,0,0
1544345779,2003-eth1,681510.50,679996.00,1361506.50,680676,682192,487.51,465.53,953.05,466,488,0.00,0.00,0,0
1544345779,3008-eth4,1217932.12,310643.38,1528575.50,310954,1219150,526.47,520.48,1046.95,521,527,0.00,0.00,0,0
1544345779,1004-eth4,1218271.75,29802.20,1248074.00,29832,1219490,420.58,451.55,872.13,452,421,0.00,0.00,0,0
1544345779,3006-eth1,0.00,0.00,0.00,0,0,0.00,0.00,0.00,0,0,0.00,0.00,0,0
1544345779,1004-eth3,188008.00,10867.13,198875.12,10878,188196,137.86,126.87,264.74,127,138,0.00,0.00,0,0
1544345779,1002-eth2,0.00,0.00,0.00,0,0,0.00,0.00,0.00,0,0,0.00,0.00,0,0
1544345779,3004-eth3,33584.42,1218477.50,1252062.00,1219696,33618,472.53,495.50,968.03,496,473,0.00,0.00,0,0
1544345779,2003-eth3,665015.00,16397.60,681412.62,16414,665680,247.75,238.76,486.51,239,248,0.00,0.00,0,0
1544345779,2005-eth1,1190127.88,25054.95,1215182.88,25080,1191318,410.59,379.62,790.21,380,411,0.00,0.00,0,0
1544345779,3002-eth3,1201542.50,708267.75,1909810.25,708976,1202744,627.37,627.37,1254.75,628,628,0.00,0.00,0,0
1544345779,3006-eth3,1226399.62,1216929.12,2443328.75,1218146,1227626,1004.00,940.06,1944.06,941,1005,0.00,0.00,0,0
1544345779,2001-eth1,1218903.12,1216437.62,2435340.75,1217654,1220122,828.17,834.17,1662.34,835,829,0.00,0.00,0,0
1544345779,3005-eth2,27362.64,1216759.25,1244121.88,1217976,27390,414.59,419.58,834.17,420,415,0.00,0.00,0,0
1544345779,2001-eth2,0.00,0.00,0.00,0,0,0.00,0.00,0.00,0,0,0.00,0.00,0,0
1544345779,3007-eth2,600217.81,994269.75,1594487.50,995264,600818,524.48,511.49,1035.96,512,525,0.00,0.00,0,0
1544345779,1001-eth1,1216437.62,1218903.12,2435340.75,1220122,1217654,834.17,828.17,1662.34,829,835,0.00,0.00,0,0
1544345779,3007-eth4,544026.00,457236.78,1001262.75,457694,544570,308.69,330.67,639.36,331,309,0.00,0.00,0,0
1544345779,2003-eth2,0.00,0.00,0.00,0,0,0.00,0.00,0.00,0,0,0.00,0.00,0,0
1544345779,3007-eth3,994269.75,597258.75,1591528.50,597856,995264,511.49,523.48,1034.97,524,512,0.00,0.00,0,0
1544345779,1002-eth1,0.00,0.00,0.00,0,0,0.00,0.00,0.00,0,0,0.00,0.00,0,0
1544345779,2002-eth3,15814.19,379490.53,395304.72,379870,15830,202.80,210.79,413.59,211,203,0.00,0.00,0,0
1544345779,2007-eth2,0.00,0.00,0.00,0,0,0.00,0.00,0.00,0,0,0.00,0.00,0,0
1544345779,total,35089352.00,35038052.00,70127400.00,35073088,35124438,24794.21,24435.57,49229.77,24460,24819,0.00,0.00,0,0
1544345780,3003-eth3,640079.94,117544.46,757624.38,117662,640720,251.75,246.75,498.50,247,252,0.00,0.00,0,0
1544345780,2002-eth1,0.00,0.00,0.00,0,0,0.00,0.00,0.00,0,0,0.00,0.00,0,0
1544345780,lo,1198.80,1198.80,2397.60,1200,1200,19.98,19.98,39.96,20,20,0.00,0.00,0,0
1544345780,3005-eth3,1074129.88,1112399.62,2186529.50,1113512,1075204,713.29,723.28,1436.56,724,714,0.00,0.00,0,0
1544345780,2005-eth3,24065.94,1159025.00,1183091.00,1160184,24090,364.64,399.60,764.24,400,365,0.00,0.00,0,0
1544345780,3004-eth4,1178567.50,654453.56,1833021.00,655108,1179746,608.39,601.40,1209.79,602,609,0.00,0.00,0,0
1544345780,1004-eth2,28341.66,1179716.38,1208058.00,1180896,28370,392.61,479.52,872.13,480,393,0.00,0.00,0,0
1544345780,2004-eth4,5678.32,5776.22,11454.55,5782,5684,57.94,58.94,116.88,59,58,0.00,0.00,0,0
1544345780,1001-eth2,655009.00,646659.38,1301668.38,647306,655664,459.54,464.54,924.08,465,460,0.00,0.00,0,0
1544345780,1003-eth3,0.00,0.00,0.00,0,0,0.00,0.00,0.00,0,0,0.00,0.00,0,0
1544345780,2002-eth4,3818.18,3916.08,7734.27,3920,3822,38.96,39.96,78.92,40,39,0.00,0.00,0,0
1544345780,1001-eth4,1178291.75,24923.08,1203214.88,24948,1179470,406.59,377.62,784.22,378,407,0.00,0.00,0,0
1544345780,3001-eth2,210429.58,11922.08,222351.66,11934,210640,147.85,142.86,290.71,143,148,0.00,0.00,0,0
1544345780,1004-eth1,11824.18,210429.58,222253.75,210640,11836,141.86,147.85,289.71,148,142,0.00,0.00,0,0
1544345780,3005-eth4,1179542.50,1181252.75,2360795.25,1182434,1180722,776.22,780.22,1556.44,781,777,0.00,0.00,0,0
1544345780,1003-eth2,0.00,0.00,0.00,0,0,0.00,0.00,0.00,0,0,0.00,0.00,0,0
1544345780,3008-eth1,22351.65,1086495.50,1108847.12,1087582,22374,338.66,374.63,713.29,375,339,0.00,0.00,0,0
1544345780,1002-eth3,0.00,0.00,0.00,0,0,0.00,0.00,0.00,0,0,0.00,0.00,0,0
1544345780,2006-eth1,0.00,0.00,0.00,0,0,0.00,0.00,0.00,0,0,0.00,0.00,0,0
1544345780,3003-eth1,15772.23,639830.19,655602.44,640470,15788,229.77,238.76,468.53,239,230,0.00,0.00,0,0
1544345780,2001-eth3,0.00,0.00,0.00,0,0,0.00,0.00,0.00,0,0,0.00,0.00,0,0
1544345780,2008-eth2,23076.92,1183027.00,1206103.88,1184210,23100,349.65,412.59,762.24,413,350,0.00,0.00,0,0
1544345780,2008-eth3,874197.81,569436.56,1443634.38,570006,875072,467.53,474.53,942.06,475,468,0.00,0.00,0,0
1544345780,1001-eth3,24065.94,1159025.00,1183091.00,1160184,24090,364.64,399.60,764.24,400,365,0.00,0.00,0,0
1544345780,2007-eth4,1086495.50,22351.65,1108847.12,22374,1087582,374.63,338.66,713.29,339,375,0.00,0.00,0,0
1544345780,2004-eth2,1179716.38,28341.66,1208058.00,28370,1180896,479.52,392.61,872.13,393,480,0.00,0.00,0,0
1544345780,3002-eth1,1180695.38,1173664.38,2354359.75,1174838,1181876,797.20,822.18,1619.38,823,798,0.00,0.00,0,0
1544345780,3004-eth1,630953.06,15178.82,646131.88,15194,631584,235.76,220.78,456.54,221,236,0.00,0.00,0,0
1544345780,2006-eth3,1178291.75,25054.95,1203346.62,25080,1179470,406.59,379.62,786.21,380,407,0.00,0.00,0,0
1544345780,3004-eth2,5776.22,5678.32,11454.55,5684,5782,58.94,57.94,116.88,58,59,0.00,0.00,0,0
1544345780,3001-eth3,1169654.38,215518.48,1385172.88,215734,1170824,275.72,262.74,538.46,263,276,0.00,0.00,0,0
1544345780,2003-eth4,15178.82,630953.06,646131.88,631584,15194,220.78,235.76,456.54,236,221,0.00,0.00,0,0
1544345780,2008-eth4,870683.31,15494.51,886177.88,15510,871554,304.70,234.77,539.46,235,305,0.00,0.00,0,0
1544345780,3008-eth3,1179226.75,280257.75,1459484.50,280538,1180406,486.51,476.52,963.04,477,487,0.00,0.00,0,0
1544345780,2005-eth2,0.00,0.00,0.00,0,0,0.00,0.00,0.00,0,0,0.00,0.00,0,0
1544345780,2006-eth4,30483.52,1163604.38,1194088.00,1164768,30514,424.58,475.52,900.10,476,425,0.00,0.00,0,0
1544345780,3006-eth2,1163604.38,30483.52,1194088.00,30514,1164768,475.52,424.58,900.10,425,476,0.00,0.00,0,0
1544345780,1003-eth4,0.00,0.00,0.00,0,0,0.00,0.00,0.00,0,0,0.00,0.00,0,0
1544345780,2006-eth2,9648.35,131884.12,141532.47,132016,9658,108.89,119.88,228.77,120,109,0.00,0.00,0,0
1544345780,3001-eth1,0.00,0.00,0.00,0,0,0.00,0.00,0.00,0,0,0.00,0.00,0,0
1544345780,3008-eth2,15494.51,870683.31,886177.88,871554,15510,234.77,304.70,539.46,305,235,0.00,0.00,0,0
1544345780,2004-eth3,26285.71,1180619.38,1206905.12,1181800,26312,371.63,459.54,831.17,460,372,0.00,0.00,0,0
1544345780,3001-eth4,20361.64,1174517.50,1194879.12,1175692,20382,270.73,289.71,560.44,290,271,0.00,0.00,0,0
1544345780,1003-eth1,0.00,0.00,0.00,0,0,0.00,0.00,0.00,0,0,0.00,0.00,0,0
1544345780,3002-eth2,3916.08,3818.18,7734.27,3822,3920,39.96,38.96,78.92,39,40,0.00,0.00,0,0
1544345780,2005-eth4,0.00,0.00,0.00,0,0,0.00,0.00,0.00,0,0,0.00,0.00,0,0
1544345780,3003-eth2,1180619.38,26285.71,1206905.12,26312,1181800,459.54,371.63,831.17,372,460,0.00,0.00,0,0
1544345780,2007-eth1,24923.08,1178291.75,1203214.88,1179470,24948,377.62,406.59,784.22,407,378,0.00,0.00,0,0
1544345780,1002-eth4,0.00,0.00,0.00,0,0,0.00,0.00,0.00,0,0,0.00,0.00,0,0
1544345780,3002-eth4,19340.66,570313.69,589654.38,570884,19360,255.74,273.73,529.47,274,256,0.00,0.00,0,0
1544345780,2007-eth3,538965.06,452699.31,991664.38,453152,539504,319.68,327.67,647.35,328,320,0.00,0.00,0,0
1544345780,3005-eth1,1159025.00,24065.94,1183091.00,24090,1160184,399.60,364.64,764.24,365,400,0.00,0.00,0,0
1544345780,2001-eth4,1173664.38,1180695.38,2354359.75,1181876,1174838,822.18,797.20,1619.38,798,823,0.00,0.00,0,0
1544345780,3003-eth4,26035.96,1182675.38,1208711.38,1183858,26062,358.64,480.52,839.16,481,359,0.00,0.00,0,0
1544345780,2004-eth1,0.00,0.00,0.00,0,0,0.00,0.00,0.00,0,0,0.00,0.00,0,0
1544345780,3006-eth4,35164.84,1175836.25,1211001.00,1177012,35200,495.50,485.51,981.02,486,496,0.00,0.00,0,0
1544345780,3007-eth1,452699.31,538965.06,991664.38,539504,453152,327.67,319.68,647.35,320,328,0.00,0.00,0,0
1544345780,2008-eth1,0.00,0.00,0.00,0,0,0.00,0.00,0.00,0,0,0.00,0.00,0,0
1544345780,2002-eth2,210429.58,11824.18,222253.75,11836,210640,147.85,141.86,289.71,142,148,0.00,0.00,0,0
1544345780,2003-eth1,646659.38,655009.00,1301668.38,655664,647306,464.54,459.54,924.08,460,465,0.00,0.00,0,0
1544345780,3008-eth4,1183702.38,221476.53,1405178.88,221698,1184886,482.52,484.52,967.03,485,483,0.00,0.00,0,0
1544345780,1004-eth4,1183027.00,23076.92,1206103.88,23100,1184210,412.59,349.65,762.24,350,413,0.00,0.00,0,0
1544345780,3006-eth1,0.00,0.00,0.00,0,0,0.00,0.00,0.00,0,0,0.00,0.00,0,0
1544345780,1004-eth3,131884.12,9648.35,141532.47,9658,132016,119.88,108.89,228.77,109,120,0.00,0.00,0,0
1544345780,1002-eth2,0.00,0.00,0.00,0,0,0.00,0.00,0.00,0,0,0.00,0.00,0,0
1544345780,3004-eth3,32899.10,1180052.00,1212951.12,1181232,32932,461.54,483.52,945.05,484,462,0.00,0.00,0,0
1544345780,2003-eth3,639830.19,15772.23,655602.44,15788,640470,238.76,229.77,468.53,230,239,0.00,0.00,0,0
1544345780,2005-eth1,1159025.00,24065.94,1183091.00,24090,1160184,399.60,364.64,764.24,365,400,0.00,0.00,0,0
1544345780,3002-eth3,1161100.88,677754.25,1838855.25,678432,1162262,606.39,603.40,1209.79,604,607,0.00,0.00,0,0
1544345780,3006-eth3,1183069.00,1183692.38,2366761.25,1184876,1184252,1005.00,817.18,1822.18,818,1006,0.00,0.00,0,0
1544345780,2001-eth1,1183786.25,1179516.50,2363302.75,1180696,1184970,800.20,823.18,1623.38,824,801,0.00,0.00,0,0
1544345780,3005-eth2,25054.95,1178291.75,1203346.62,1179470,25080,379.62,406.59,786.21,407,380,0.00,0.00,0,0
1544345780,2001-eth2,0.00,0.00,0.00,0,0,0.00,0.00,0.00,0,0,0.00,0.00,0,0
1544345780,3007-eth2,569436.56,874197.81,1443634.38,875072,570006,474.53,467.53,942.06,468,475,0.00,0.00,0,0
1544345780,1001-eth1,1179516.50,1183786.25,2363302.75,1184970,1180696,823.18,800.20,1623.38,801,824,0.00,0.00,0,0
1544345780,3007-eth4,538965.06,452633.38,991598.44,453086,539504,319.68,326.67,646.35,327,320,0.00,0.00,0,0
1544345780,2003-eth2,0.00,0.00,0.00,0,0,0.00,0.00,0.00,0,0,0.00,0.00,0,0
1544345780,3007-eth3,874197.81,569436.56,1443634.38,570006,875072,467.53,474.53,942.06,475,468,0.00,0.00,0,0
1544345780,1002-eth1,0.00,0.00,0.00,0,0,0.00,0.00,0.00,0,0,0.00,0.00,0,0
1544345780,2002-eth3,11922.08,210429.58,222351.66,210640,11934,142.86,147.85,290.71,148,143,0.00,0.00,0,0
1544345780,2007-eth2,0.00,0.00,0.00,0,0,0.00,0.00,0.00,0,0,0.00,0.00,0,0
1544345780,total,33441852.00,33895624.00,67337480.00,33929522,33475292,23258.74,23233.77,46492.51,23257,23282,0.00,0.00,0,0
1544345781,3003-eth3,639226.81,144109.89,783336.69,144254,639866,260.74,254.75,515.48,255,261,0.00,0.00,0,0
1544345781,2002-eth1,0.00,0.00,0.00,0,0,0.00,0.00,0.00,0,0,0.00,0.00,0,0
1544345781,lo,0.00,0.00,0.00,0,0,0.00,0.00,0.00,0,0,0.00,0.00,0,0
1544345781,3005-eth3,1068277.75,1137386.62,2205664.50,1138524,1069346,712.29,729.27,1441.56,730,713,0.00,0.00,0,0
1544345781,2005-eth3,24923.08,1190127.88,1215051.00,1191318,24948,377.62,410.59,788.21,411,378,0.00,0.00,0,0
1544345781,3004-eth4,1215612.38,662699.31,1878311.75,663362,1216828,621.38,616.38,1237.76,617,622,0.00,0.00,0,0
1544345781,1004-eth2,29948.05,1218989.00,1248937.12,1220208,29978,428.57,471.53,900.10,472,429,0.00,0.00,0,0
1544345781,2004-eth4,3328.67,3230.77,6559.44,3234,3332,33.97,32.97,66.93,33,34,0.00,0.00,0,0
1544345781,1001-eth2,654353.69,653862.12,1308215.88,654516,655008,471.53,465.53,937.06,466,472,0.00,0.00,0,0
1544345781,1003-eth3,0.00,0.00,0.00,0,0,0.00,0.00,0.00,0,0,0.00,0.00,0,0
1544345781,2002-eth4,1566.43,1468.53,3034.97,1470,1568,15.98,14.99,30.97,15,16,0.00,0.00,0,0
1544345781,1001-eth4,1216759.25,26373.63,1243132.88,26400,1217976,419.58,399.60,819.18,400,420,0.00,0.00,0,0
1544345781,3001-eth2,315108.91,11034.97,326143.88,11046,315424,151.85,146.85,298.70,147,152,0.00,0.00,0,0
1544345781,1004-eth1,11034.97,315011.00,326045.97,315326,11046,146.85,150.85,297.70,151,147,0.00,0.00,0,0
1544345781,3005-eth4,1218072.00,1216040.00,2434112.00,1217256,1219290,768.23,803.20,1571.43,804,769,0.00,0.00,0,0
1544345781,1003-eth2,0.00,0.00,0.00,0,0,0.00,0.00,0.00,0,0,0.00,0.00,0,0
1544345781,3008-eth1,24461.54,1154619.38,1179081.00,1155774,24486,370.63,398.60,769.23,399,371,0.00,0.00,0,0
1544345781,1002-eth3,0.00,0.00,0.00,0,0,0.00,0.00,0.00,0,0,0.00,0.00,0,0
1544345781,2006-eth1,0.00,0.00,0.00,0,0,0.00,0.00,0.00,0,0,0.00,0.00,0,0
1544345781,3003-eth1,15510.49,638383.62,653894.12,639022,15526,226.77,238.76,465.53,239,227,0.00,0.00,0,0
1544345781,2001-eth3,0.00,0.00,0.00,0,0,0.00,0.00,0.00,0,0,0.00,0.00,0,0
1544345781,2008-eth2,29076.92,1215312.75,1244389.62,1216528,29106,440.56,419.58,860.14,420,441,0.00,0.00,0,0
1544345781,2008-eth3,1033330.69,595025.00,1628355.75,595620,1034364,533.47,533.47,1066.93,534,534,0.00,0.00,0,0
1544345781,1001-eth3,24923.08,1190127.88,1215051.00,1191318,24948,377.62,410.59,788.21,411,378,0.00,0.00,0,0
1544345781,2007-eth4,1154619.38,24461.54,1179081.00,24486,1155774,398.60,370.63,769.23,371,399,0.00,0.00,0,0
1544345781,2004-eth2,1218989.00,29948.05,1248937.12,29978,1220208,471.53,428.57,900.10,429,472,0.00,0.00,0,0
1544345781,3002-eth1,1215878.12,1216767.25,2432645.50,1217984,1217094,826.17,839.16,1665.33,840,827,0.00,0.00,0,0
1544345781,3004-eth1,638285.75,15970.03,654255.75,15986,638924,237.76,232.77,470.53,233,238,0.00,0.00,0,0
1544345781,2006-eth3,1215312.75,25450.55,1240763.25,25476,1216528,419.58,385.61,805.19,386,420,0.00,0.00,0,0
1544345781,3004-eth2,3230.77,3328.67,6559.44,3332,3234,32.97,33.97,66.93,34,33,0.00,0.00,0,0
1544345781,3001-eth3,1213256.75,323886.12,1537142.88,324210,1214470,322.68,304.70,627.37,305,323,0.00,0.00,0,0
1544345781,2003-eth4,15970.03,638285.75,654255.75,638924,15986,232.77,237.76,470.53,238,233,0.00,0.00,0,0
1544345781,2008-eth4,766787.25,18857.14,785644.38,18876,767554,264.74,285.71,550.45,286,265,0.00,0.00,0,0
1544345781,3008-eth3,1218559.50,382905.09,1601464.62,383288,1219778,556.44,519.48,1075.92,520,557,0.00,0.00,0,0
1544345781,2005-eth2,0.00,0.00,0.00,0,0,0.00,0.00,0.00,0,0,0.00,0.00,0,0
1544345781,2006-eth4,26859.14,1194337.75,1221196.88,1195532,26886,386.61,453.55,840.16,454,387,0.00,0.00,0,0
1544345781,3006-eth2,1194337.75,26859.14,1221196.88,26886,1195532,453.55,386.61,840.16,387,454,0.00,0.00,0,0
1544345781,1003-eth4,0.00,0.00,0.00,0,0,0.00,0.00,0.00,0,0,0.00,0.00,0,0
1544345781,2006-eth2,6913.09,110703.30,117616.39,110814,6920,83.92,78.92,162.84,79,84,0.00,0.00,0,0
1544345781,3001-eth1,0.00,0.00,0.00,0,0,0.00,0.00,0.00,0,0,0.00,0.00,0,0
1544345781,3008-eth2,18857.14,766787.25,785644.38,767554,18876,285.71,264.74,550.45,265,286,0.00,0.00,0,0
1544345781,2004-eth3,30045.96,1217640.38,1247686.38,1218858,30076,429.57,472.53,902.10,473,430,0.00,0.00,0,0
1544345781,3001-eth4,16903.10,1208769.25,1225672.38,1209978,16920,235.76,256.74,492.51,257,236,0.00,0.00,0,0
1544345781,1003-eth1,0.00,0.00,0.00,0,0,0.00,0.00,0.00,0,0,0.00,0.00,0,0
1544345781,3002-eth2,1468.53,1566.43,3034.97,1568,1470,14.99,15.98,30.97,16,15,0.00,0.00,0,0
1544345781,2005-eth4,0.00,0.00,0.00,0,0,0.00,0.00,0.00,0,0,0.00,0.00,0,0
1544345781,3003-eth2,1217640.38,30045.96,1247686.38,30076,1218858,472.53,429.57,902.10,430,473,0.00,0.00,0,0
1544345781,2007-eth1,26373.63,1216759.25,1243132.88,1217976,26400,399.60,419.58,819.18,420,400,0.00,0.00,0,0
1544345781,1002-eth4,0.00,0.00,0.00,0,0,0.00,0.00,0.00,0,0,0.00,0.00,0,0
1544345781,3002-eth4,17450.55,571750.25,589200.81,572322,17468,237.76,244.76,482.52,245,238,0.00,0.00,0,0
1544345781,2007-eth3,572833.19,509646.38,1082479.50,510156,573406,350.65,357.64,708.29,358,351,0.00,0.00,0,0
1544345781,3005-eth1,1190127.88,24923.08,1215051.00,24948,1191318,410.59,377.62,788.21,378,411,0.00,0.00,0,0
1544345781,2001-eth4,1216767.25,1215878.12,2432645.50,1217094,1217984,839.16,826.17,1665.33,827,840,0.00,0.00,0,0
1544345781,3003-eth4,29202.80,1217498.50,1246701.38,1218716,29232,407.59,485.51,893.11,486,408,0.00,0.00,0,0
1544345781,2004-eth1,0.00,0.00,0.00,0,0,0.00,0.00,0.00,0,0,0.00,0.00,0,0
1544345781,3006-eth4,31210.79,1218010.00,1249220.88,1219228,31242,452.55,461.54,914.09,462,453,0.00,0.00,0,0
1544345781,3007-eth1,509646.38,572833.19,1082479.50,573406,510156,357.64,350.65,708.29,351,358,0.00,0.00,0,0
1544345781,2008-eth1,0.00,0.00,0.00,0,0,0.00,0.00,0.00,0,0,0.00,0.00,0,0
1544345781,2002-eth2,315011.00,11034.97,326045.97,11046,315326,150.85,146.85,297.70,147,151,0.00,0.00,0,0
1544345781,2003-eth1,653862.12,654353.69,1308215.88,655008,654516,465.53,471.53,937.06,472,466,0.00,0.00,0,0
1544345781,3008-eth4,1216709.38,287428.59,1504137.88,287716,1217926,506.49,497.50,1004.00,498,507,0.00,0.00,0,0
1544345781,1004-eth4,1215312.75,29076.92,1244389.62,29106,1216528,419.58,440.56,860.14,441,420,0.00,0.00,0,0
1544345781,3006-eth1,0.00,0.00,0.00,0,0,0.00,0.00,0.00,0,0,0.00,0.00,0,0
1544345781,1004-eth3,110703.30,6913.09,117616.39,6920,110814,78.92,83.92,162.84,84,79,0.00,0.00,0,0
1544345781,1002-eth2,0.00,0.00,0.00,0,0,0.00,0.00,0.00,0,0,0.00,0.00,0,0
1544345781,3004-eth3,31364.64,1215834.25,1247198.88,1217050,31396,449.55,468.53,918.08,469,450,0.00,0.00,0,0
1544345781,2003-eth3,638383.62,15510.49,653894.12,15526,639022,238.76,226.77,465.53,227,239,0.00,0.00,0,0
1544345781,2005-eth1,1190127.88,24923.08,1215051.00,24948,1191318,410.59,377.62,788.21,378,411,0.00,0.00,0,0
1544345781,3002-eth3,1200883.12,662303.69,1863186.88,662966,1202084,617.38,610.39,1227.77,611,618,0.00,0.00,0,0
1544345781,3006-eth3,1218925.12,1217226.75,2436152.00,1218444,1220144,759.24,821.18,1580.42,822,760,0.00,0.00,0,0
1544345781,2001-eth1,1215812.25,1216899.12,2432711.25,1218116,1217028,825.17,841.16,1666.33,842,826,0.00,0.00,0,0
1544345781,3005-eth2,25450.55,1215312.75,1240763.25,1216528,25476,385.61,419.58,805.19,420,386,0.00,0.00,0,0
1544345781,2001-eth2,0.00,0.00,0.00,0,0,0.00,0.00,0.00,0,0,0.00,0.00,0,0
1544345781,3007-eth2,595025.00,1033330.69,1628355.75,1034364,595620,533.47,533.47,1066.93,534,534,0.00,0.00,0,0
1544345781,1001-eth1,1216899.12,1215812.25,2432711.25,1217028,1218116,841.16,825.17,1666.33,826,842,0.00,0.00,0,0
1544345781,3007-eth4,572833.19,509646.38,1082479.50,510156,573406,350.65,357.64,708.29,358,351,0.00,0.00,0,0
1544345781,2003-eth2,0.00,0.00,0.00,0,0,0.00,0.00,0.00,0,0,0.00,0.00,0,0
1544345781,3007-eth3,1033330.69,595025.00,1628355.75,595620,1034364,533.47,533.47,1066.93,534,534,0.00,0.00,0,0
1544345781,1002-eth1,0.00,0.00,0.00,0,0,0.00,0.00,0.00,0,0,0.00,0.00,0,0
1544345781,2002-eth3,11034.97,315108.91,326143.88,315424,11046,146.85,151.85,298.70,152,147,0.00,0.00,0,0
1544345781,2007-eth2,0.00,0.00,0.00,0,0,0.00,0.00,0.00,0,0,0.00,0.00,0,0
1544345781,total,34754712.00,35383408.00,70138120.00,35418794,34789464,23652.35,23825.18,47477.52,23849,23676,0.00,0.00,0,0
1544345782,3003-eth3,632587.44,185404.59,817992.00,185590,633220,269.73,266.73,536.46,267,270,0.00,0.00,0,0
1544345782,2002-eth1,0.00,0.00,0.00,0,0,0.00,0.00,0.00,0,0,0.00,0.00,0,0
1544345782,lo,1198.80,1198.80,2397.60,1200,1200,19.98,19.98,39.96,20,20,0.00,0.00,0,0
1544345782,3005-eth3,1123774.25,1114837.25,2238611.50,1115952,1124898,720.28,741.26,1461.54,742,721,0.00,0.00,0,0
1544345782,2005-eth3,25318.68,1187168.88,1212487.50,1188356,25344,383.62,409.59,793.21,410,384,0.00,0.00,0,0
1544345782,3004-eth4,1209958.12,671510.50,1881468.62,672182,1211168,623.38,618.38,1241.76,619,624,0.00,0.00,0,0
1544345782,1004-eth2,26155.85,1215095.00,1241250.75,1216310,26182,386.61,446.55,833.17,447,387,0.00,0.00,0,0
1544345782,2004-eth4,1370.63,685.31,2055.94,686,1372,13.99,6.99,20.98,7,14,0.00,0.00,0,0
1544345782,1001-eth2,645980.06,660093.94,1306074.00,660754,646626,460.54,440.56,901.10,441,461,0.00,0.00,0,0
1544345782,1003-eth3,0.00,0.00,0.00,0,0,0.00,0.00,0.00,0,0,0.00,0.00,0,0
1544345782,2002-eth4,0.00,0.00,0.00,0,0,0.00,0.00,0.00,0,0,0.00,0.00,0,0
1544345782,1001-eth4,1215312.75,26769.23,1242082.00,26796,1216528,419.58,405.59,825.17,406,420,0.00,0.00,0,0
1544345782,3001-eth2,281828.19,7240.76,289068.94,7248,282110,102.90,103.90,206.79,104,103,0.00,0.00,0,0
1544345782,1004-eth1,7240.76,281828.19,289068.94,282110,7248,103.90,102.90,206.79,103,104,0.00,0.00,0,0
1544345782,3005-eth4,1213270.75,1213146.88,2426417.75,1214360,1214484,761.24,803.20,1564.44,804,762,0.00,0.00,0,0
1544345782,1003-eth2,0.00,0.00,0.00,0,0,0.00,0.00,0.00,0,0,0.00,0.00,0,0
1544345782,3008-eth1,23472.53,1080577.50,1104050.00,1081658,23496,355.64,372.63,728.27,373,356,0.00,0.00,0,0
1544345782,1002-eth3,0.00,0.00,0.00,0,0,0.00,0.00,0.00,0,0,0.00,0.00,0,0
1544345782,2006-eth1,0.00,0.00,0.00,0,0,0.00,0.00,0.00,0,0,0.00,0.00,0,0
1544345782,3003-eth1,14203.80,630267.75,644471.56,630898,14218,212.79,228.77,441.56,229,213,0.00,0.00,0,0
1544345782,2001-eth3,0.00,0.00,0.00,0,0,0.00,0.00,0.00,0,0,0.00,0.00,0,0
1544345782,2008-eth2,26769.23,1213932.12,1240701.38,1215146,26796,405.59,420.58,826.17,421,406,0.00,0.00,0,0
1544345782,2008-eth3,958563.44,556553.44,1515116.88,557110,959522,496.50,498.50,995.01,499,497,0.00,0.00,0,0
1544345782,1001-eth3,25318.68,1187168.88,1212487.50,1188356,25344,383.62,409.59,793.21,410,384,0.00,0.00,0,0
1544345782,2007-eth4,1080577.50,23472.53,1104050.00,23496,1081658,372.63,355.64,728.27,356,373,0.00,0.00,0,0
1544345782,2004-eth2,1215095.00,26155.85,1241250.75,26182,1216310,446.55,386.61,833.17,387,447,0.00,0.00,0,0
1544345782,3002-eth1,1211910.12,1210177.88,2422088.00,1211388,1213122,816.18,817.18,1633.37,818,817,0.00,0.00,0,0
1544345782,3004-eth1,645890.12,15712.29,661602.44,15728,646536,227.77,231.77,459.54,232,228,0.00,0.00,0,0
1544345782,2006-eth3,1213800.25,28877.12,1242677.38,28906,1215014,418.58,418.58,837.16,419,419,0.00,0.00,0,0
1544345782,3004-eth2,685.31,1370.63,2055.94,1372,686,6.99,13.99,20.98,14,7,0.00,0.00,0,0
1544345782,3001-eth3,1196751.25,294625.38,1491376.62,294920,1197948,313.69,299.70,613.39,300,314,0.00,0.00,0,0
1544345782,2003-eth4,15712.29,645890.12,661602.44,646536,15728,231.77,227.77,459.54,228,232,0.00,0.00,0,0
1544345782,2008-eth4,802427.62,17274.73,819702.31,17292,803230,278.72,261.74,540.46,262,279,0.00,0.00,0,0
1544345782,3008-eth3,1210201.88,341544.47,1551746.25,341886,1211412,517.48,506.49,1023.98,507,518,0.00,0.00,0,0
1544345782,2005-eth2,0.00,0.00,0.00,0,0,0.00,0.00,0.00,0,0,0.00,0.00,0,0
1544345782,2006-eth4,26949.05,1185580.50,1212529.50,1186766,26976,381.62,422.58,804.20,423,382,0.00,0.00,0,0
1544345782,3006-eth2,1185580.50,26949.05,1212529.50,26976,1186766,422.58,381.62,804.20,382,423,0.00,0.00,0,0
1544345782,1003-eth4,0.00,0.00,0.00,0,0,0.00,0.00,0.00,0,0,0.00,0.00,0,0
1544345782,2006-eth2,4865.13,119994.01,124859.14,120114,4870,66.93,56.94,123.88,57,67,0.00,0.00,0,0
1544345782,3001-eth1,0.00,0.00,0.00,0,0,0.00,0.00,0.00,0,0,0.00,0.00,0,0
1544345782,3008-eth2,17274.73,802427.62,819702.31,803230,17292,261.74,278.72,540.46,279,262,0.00,0.00,0,0
1544345782,2004-eth3,26841.16,1214953.12,1241794.25,1216168,26868,393.61,459.54,853.15,460,394,0.00,0.00,0,0
1544345782,3001-eth4,14559.44,1200149.88,1214709.38,1201350,14574,214.79,230.77,445.55,231,215,0.00,0.00,0,0
1544345782,1003-eth1,0.00,0.00,0.00,0,0,0.00,0.00,0.00,0,0,0.00,0.00,0,0
1544345782,3002-eth2,0.00,0.00,0.00,0,0,0.00,0.00,0.00,0,0,0.00,0.00,0,0
1544345782,2005-eth4,0.00,0.00,0.00,0,0,0.00,0.00,0.00,0,0,0.00,0.00,0,0
1544345782,3003-eth2,1214953.12,26841.16,1241794.25,26868,1216168,459.54,393.61,853.15,394,460,0.00,0.00,0,0
1544345782,2007-eth1,26769.23,1215312.75,1242082.00,1216528,26796,405.59,419.58,825.17,420,406,0.00,0.00,0,0
1544345782,1002-eth4,0.00,0.00,0.00,0,0,0.00,0.00,0.00,0,0,0.00,0.00,0,0
1544345782,3002-eth4,13700.30,568399.62,582099.94,568968,13714,200.80,195.80,396.60,196,201,0.00,0.00,0,0
1544345782,2007-eth3,575986.00,447506.50,1023492.56,447954,576562,332.67,336.66,669.33,337,333,0.00,0.00,0,0
1544345782,3005-eth1,1187168.88,25318.68,1212487.50,25344,1188356,409.59,383.62,793.21,384,410,0.00,0.00,0,0
1544345782,2001-eth4,1210177.88,1211910.12,2422088.00,1213122,1211388,817.18,816.18,1633.37,817,818,0.00,0.00,0,0
1544345782,3003-eth4,24521.48,1212016.00,1236537.50,1213228,24546,352.65,429.57,782.22,430,353,0.00,0.00,0,0
1544345782,2004-eth1,0.00,0.00,0.00,0,0,0.00,0.00,0.00,0,0,0.00,0.00,0,0
1544345782,3006-eth4,28137.86,1209252.75,1237390.62,1210462,28166,418.58,430.57,849.15,431,419,0.00,0.00,0,0
1544345782,3007-eth1,447506.50,575986.00,1023492.56,576562,447954,336.66,332.67,669.33,333,337,0.00,0.00,0,0
1544345782,2008-eth1,0.00,0.00,0.00,0,0,0.00,0.00,0.00,0,0,0.00,0.00,0,0
1544345782,2002-eth2,281828.19,7240.76,289068.94,7248,282110,102.90,103.90,206.79,104,103,0.00,0.00,0,0
1544345782,2003-eth1,660093.94,645980.06,1306074.00,646626,660754,440.56,460.54,901.10,461,441,0.00,0.00,0,0
1544345782,3008-eth4,1209081.00,290057.94,1499138.88,290348,1210290,500.50,493.51,994.01,494,501,0.00,0.00,0,0
1544345782,1004-eth4,1213932.12,26769.23,1240701.38,26796,1215146,420.58,405.59,826.17,406,421,0.00,0.00,0,0
1544345782,3006-eth1,0.00,0.00,0.00,0,0,0.00,0.00,0.00,0,0,0.00,0.00,0,0
1544345782,1004-eth3,119994.01,4865.13,124859.14,4870,120114,56.94,66.93,123.88,67,57,0.00,0.00,0,0
1544345782,1002-eth2,0.00,0.00,0.00,0,0,0.00,0.00,0.00,0,0,0.00,0.00,0,0
1544345782,3004-eth3,28753.25,1212016.00,1240769.25,1213228,28782,422.58,429.57,852.15,430,423,0.00,0.00,0,0
1544345782,2003-eth3,630267.75,14203.80,644471.56,14218,630898,228.77,212.79,441.56,213,229,0.00,0.00,0,0
1544345782,2005-eth1,1187168.88,25318.68,1212487.50,25344,1188356,409.59,383.62,793.21,384,410,0.00,0.00,0,0
1544345782,3002-eth3,1196477.50,660857.19,1857334.75,661518,1197674,616.38,610.39,1226.77,611,617,0.00,0.00,0,0
1544345782,3006-eth3,1216097.88,1210781.25,2426879.25,1211992,1217314,760.24,811.19,1571.43,812,761,0.00,0.00,0,0
1544345782,2001-eth1,1214935.12,1211624.38,2426559.50,1212836,1216150,818.18,817.18,1635.36,818,819,0.00,0.00,0,0
1544345782,3005-eth2,28877.12,1213800.25,1242677.38,1215014,28906,418.58,418.58,837.16,419,419,0.00,0.00,0,0
1544345782,2001-eth2,0.00,0.00,0.00,0,0,0.00,0.00,0.00,0,0,0.00,0.00,0,0
1544345782,3007-eth2,556553.44,958563.44,1515116.88,959522,557110,498.50,496.50,995.01,497,499,0.00,0.00,0,0
1544345782,1001-eth1,1211624.38,1214935.12,2426559.50,1216150,1212836,817.18,818.18,1635.36,819,818,0.00,0.00,0,0
1544345782,3007-eth4,575986.00,447506.50,1023492.56,447954,576562,332.67,336.66,669.33,337,333,0.00,0.00,0,0
1544345782,2003-eth2,0.00,0.00,0.00,0,0,0.00,0.00,0.00,0,0,0.00,0.00,0,0
1544345782,3007-eth3,958563.44,556553.44,1515116.88,557110,959522,496.50,498.50,995.01,499,497,0.00,0.00,0,0
1544345782,1002-eth1,0.00,0.00,0.00,0,0,0.00,0.00,0.00,0,0,0.00,0.00,0,0
1544345782,2002-eth3,7240.76,281828.19,289068.94,282110,7248,103.90,102.90,206.79,103,104,0.00,0.00,0,0
1544345782,2007-eth2,0.00,0.00,0.00,0,0,0.00,0.00,0.00,0,0,0.00,0.00,0,0
1544345782,total,34327840.00,34864080.00,69191920.00,34898942,34362168,22669.33,22850.15,45519.48,22873,22692,0.00,0.00,0,0
1544345783,3003-eth3,633214.81,126289.71,759504.50,126416,633848,255.74,247.75,503.50,248,256,0.00,0.00,0,0
1544345783,2002-eth1,0.00,0.00,0.00,0,0,0.00,0.00,0.00,0,0,0.00,0.00,0,0
1544345783,lo,0.00,0.00,0.00,0,0,0.00,0.00,0.00,0,0,0.00,0.00,0,0
1544345783,3005-eth3,1160469.50,1203172.88,2363642.50,1204376,1161630,750.25,793.21,1543.46,794,751,0.00,0.00,0,0
1544345783,2005-eth3,25714.29,1196046.00,1221760.25,1197242,25740,389.61,412.59,802.20,413,390,0.00,0.00,0,0
1544345783,3004-eth4,1222123.88,689528.50,1911652.38,690218,1223346,632.37,628.37,1260.74,629,633,0.00,0.00,0,0
1544345783,1004-eth2,23378.62,1220305.75,1243684.38,1221526,23402,352.65,426.57,779.22,427,353,0.00,0.00,0,0
1544345783,2004-eth4,0.00,0.00,0.00,0,0,0.00,0.00,0.00,0,0,0.00,0.00,0,0
1544345783,1001-eth2,644385.62,676869.12,1321254.75,677546,645030,426.57,436.56,863.14,437,427,0.00,0.00,0,0
1544345783,1003-eth3,0.00,0.00,0.00,0,0,0.00,0.00,0.00,0,0,0.00,0.00,0,0
1544345783,2002-eth4,0.00,0.00,0.00,0,0,0.00,0.00,0.00,0,0,0.00,0.00,0,0
1544345783,1001-eth4,1222677.38,25978.02,1248655.38,26004,1223900,421.58,393.61,815.18,394,422,0.00,0.00,0,0
1544345783,3001-eth2,192403.61,4285.71,196689.31,4290,192596,65.93,64.94,130.87,65,66,0.00,0.00,0,0
1544345783,1004-eth1,4285.71,192403.61,196689.31,192596,4290,64.94,65.93,130.87,66,65,0.00,0.00,0,0
1544345783,3005-eth4,1224191.88,1222325.75,2446517.50,1223548,1225416,795.20,809.19,1604.40,810,796,0.00,0.00,0,0
1544345783,1003-eth2,0.00,0.00,0.00,0,0,0.00,0.00,0.00,0,0,0.00,0.00,0,0
1544345783,3008-eth1,23010.99,1093926.12,1116937.12,1095020,23034,348.65,377.62,726.27,378,349,0.00,0.00,0,0
1544345783,1002-eth3,0.00,0.00,0.00,0,0,0.00,0.00,0.00,0,0,0.00,0.00,0,0
1544345783,2006-eth1,0.00,0.00,0.00,0,0,0.00,0.00,0.00,0,0,0.00,0.00,0,0
1544345783,3003-eth1,13714.29,630605.44,644319.69,631236,13728,207.79,217.78,425.57,218,208,0.00,0.00,0,0
1544345783,2001-eth3,0.00,0.00,0.00,0,0,0.00,0.00,0.00,0,0,0.00,0.00,0,0
1544345783,2008-eth2,25054.95,1219784.25,1244839.25,1221004,25080,379.62,421.58,801.20,422,380,0.00,0.00,0,0
1544345783,2008-eth3,965140.88,577332.69,1542473.62,577910,966106,508.49,506.49,1014.99,507,509,0.00,0.00,0,0
1544345783,1001-eth3,25714.29,1196046.00,1221760.25,1197242,25740,389.61,412.59,802.20,413,390,0.00,0.00,0,0
1544345783,2007-eth4,1093926.12,23010.99,1116937.12,23034,1095020,377.62,348.65,726.27,349,378,0.00,0.00,0,0
1544345783,2004-eth2,1220305.75,23378.62,1243684.38,23402,1221526,426.57,352.65,779.22,353,427,0.00,0.00,0,0
1544345783,3002-eth1,1221826.25,1221694.38,2443520.50,1222916,1223048,803.20,801.20,1604.40,802,804,0.00,0.00,0,0
1544345783,3004-eth1,663154.88,13780.22,676935.06,13794,663818,228.77,208.79,437.56,209,229,0.00,0.00,0,0
1544345783,2006-eth3,1218205.88,39326.68,1257532.50,39366,1219424,419.58,428.57,848.15,429,420,0.00,0.00,0,0
1544345783,3004-eth2,0.00,0.00,0.00,0,0,0.00,0.00,0.00,0,0,0.00,0.00,0,0
1544345783,3001-eth3,1214311.75,209876.12,1424187.88,210086,1215526,338.66,330.67,669.33,331,339,0.00,0.00,0,0
1544345783,2003-eth4,13780.22,663154.88,676935.06,663818,13794,208.79,228.77,437.56,229,209,0.00,0.00,0,0
1544345783,2008-eth4,823074.94,16153.85,839228.81,16170,823898,284.72,244.76,529.47,245,285,0.00,0.00,0,0
1544345783,3008-eth3,1223546.50,278155.84,1501702.38,278434,1224770,500.50,488.51,989.01,489,501,0.00,0.00,0,0
1544345783,2005-eth2,0.00,0.00,0.00,0,0,0.00,0.00,0.00,0,0,0.00,0.00,0,0
1544345783,2006-eth4,37304.70,1120821.25,1158125.88,1121942,37342,396.60,390.61,787.21,391,397,0.00,0.00,0,0
1544345783,3006-eth2,1120821.25,37304.70,1158125.88,37342,1121942,390.61,396.60,787.21,397,391,0.00,0.00,0,0
1544345783,1003-eth4,0.00,0.00,0.00,0,0,0.00,0.00,0.00,0,0,0.00,0.00,0,0
1544345783,2006-eth2,2609.39,151564.44,154173.83,151716,2612,37.96,57.94,95.90,58,38,0.00,0.00,0,0
1544345783,3001-eth1,0.00,0.00,0.00,0,0,0.00,0.00,0.00,0,0,0.00,0.00,0,0
1544345783,3008-eth2,16153.85,823074.94,839228.81,823898,16170,244.76,284.72,529.47,285,245,0.00,0.00,0,0
1544345783,2004-eth3,23378.62,1217346.62,1240725.25,1218564,23402,352.65,425.57,778.22,426,353,0.00,0.00,0,0
1544345783,3001-eth4,17472.53,1211538.50,1229011.00,1212750,17490,264.74,274.73,539.46,275,265,0.00,0.00,0,0
1544345783,1003-eth1,0.00,0.00,0.00,0,0,0.00,0.00,0.00,0,0,0.00,0.00,0,0
1544345783,3002-eth2,0.00,0.00,0.00,0,0,0.00,0.00,0.00,0,0,0.00,0.00,0,0
1544345783,2005-eth4,0.00,0.00,0.00,0,0,0.00,0.00,0.00,0,0,0.00,0.00,0,0
1544345783,3003-eth2,1217346.62,23378.62,1240725.25,23402,1218564,425.57,352.65,778.22,353,426,0.00,0.00,0,0
1544345783,2007-eth1,25978.02,1222677.38,1248655.38,1223900,26004,393.61,421.58,815.18,422,394,0.00,0.00,0,0
1544345783,1002-eth4,0.00,0.00,0.00,0,0,0.00,0.00,0.00,0,0,0.00,0.00,0,0
1544345783,3002-eth4,12065.93,558075.94,570141.88,558634,12078,182.82,192.81,375.62,193,183,0.00,0.00,0,0
1544345783,2007-eth3,568753.25,442969.03,1011722.31,443412,569322,332.67,333.67,666.33,334,333,0.00,0.00,0,0
1544345783,3005-eth1,1196046.00,25714.29,1221760.25,25740,1197242,412.59,389.61,802.20,390,413,0.00,0.00,0,0
1544345783,2001-eth4,1221694.38,1221826.25,2443520.50,1223048,1222916,801.20,803.20,1604.40,804,802,0.00,0.00,0,0
1544345783,3003-eth4,20769.23,1221230.75,1242000.00,1222452,20790,314.69,421.58,736.26,422,315,0.00,0.00,0,0
1544345783,2004-eth1,0.00,0.00,0.00,0,0,0.00,0.00,0.00,0,0,0.00,0.00,0,0
1544345783,3006-eth4,26499.50,1219718.38,1246217.88,1220938,26526,398.60,420.58,819.18,421,399,0.00,0.00,0,0
1544345783,3007-eth1,442969.03,568753.25,1011722.31,569322,443412,333.67,332.67,666.33,333,334,0.00,0.00,0,0
1544345783,2008-eth1,0.00,0.00,0.00,0,0,0.00,0.00,0.00,0,0,0.00,0.00,0,0
1544345783,2002-eth2,192403.61,4285.71,196689.31,4290,192596,65.93,64.94,130.87,65,66,0.00,0.00,0,0
1544345783,2003-eth1,676869.12,644385.62,1321254.75,645030,677546,436.56,426.57,863.14,427,437,0.00,0.00,0,0
1544345783,3008-eth4,1223938.12,247316.69,1471254.75,247564,1225162,484.52,481.52,966.03,482,485,0.00,0.00,0,0
1544345783,1004-eth4,1219784.25,25054.95,1244839.25,25080,1221004,421.58,379.62,801.20,380,422,0.00,0.00,0,0
1544345783,3006-eth1,0.00,0.00,0.00,0,0,0.00,0.00,0.00,0,0,0.00,0.00,0,0
1544345783,1004-eth3,151564.44,2609.39,154173.83,2612,151716,57.94,37.96,95.90,38,58,0.00,0.00,0,0
1544345783,1002-eth2,0.00,0.00,0.00,0,0,0.00,0.00,0.00,0,0,0.00,0.00,0,0
1544345783,3004-eth3,26373.63,1219718.38,1246092.00,1220938,26400,399.60,420.58,820.18,421,400,0.00,0.00,0,0
1544345783,2003-eth3,630605.44,13714.29,644319.69,13728,631236,217.78,207.79,425.57,208,218,0.00,0.00,0,0
1544345783,2005-eth1,1196046.00,25714.29,1221760.25,25740,1197242,412.59,389.61,802.20,390,413,0.00,0.00,0,0
1544345783,3002-eth3,1209628.38,650731.31,1860359.75,651382,1210838,618.38,610.39,1228.77,611,619,0.00,0.00,0,0
1544345783,3006-eth3,1218651.38,1146733.25,2365384.75,1147880,1219870,778.22,783.22,1561.44,784,779,0.00,0.00,0,0
1544345783,2001-eth1,1218801.25,1220247.75,2439049.00,1221468,1220020,801.20,801.20,1602.40,802,802,0.00,0.00,0,0
1544345783,3005-eth2,39326.68,1218205.88,1257532.50,1219424,39366,428.57,419.58,848.15,420,429,0.00,0.00,0,0
1544345783,2001-eth2,0.00,0.00,0.00,0,0,0.00,0.00,0.00,0,0,0.00,0.00,0,0
1544345783,3007-eth2,577332.69,965140.88,1542473.62,966106,577910,506.49,508.49,1014.99,509,507,0.00,0.00,0,0
1544345783,1001-eth1,1220247.75,1218801.25,2439049.00,1220020,1221468,801.20,801.20,1602.40,802,802,0.00,0.00,0,0
1544345783,3007-eth4,568753.25,442969.03,1011722.31,443412,569322,332.67,333.67,666.33,334,333,0.00,0.00,0,0
1544345783,2003-eth2,0.00,0.00,0.00,0,0,0.00,0.00,0.00,0,0,0.00,0.00,0,0
1544345783,3007-eth3,965140.88,577332.69,1542473.62,577910,966106,508.49,506.49,1014.99,507,509,0.00,0.00,0,0
1544345783,1002-eth1,0.00,0.00,0.00,0,0,0.00,0.00,0.00,0,0,0.00,0.00,0,0
1544345783,2002-eth3,4285.71,192403.61,196689.31,192596,4290,64.94,65.93,130.87,66,65,0.00,0.00,0,0
1544345783,2007-eth2,0.00,0.00,0.00,0,0,0.00,0.00,0.00,0,0,0.00,0.00,0,0
1544345783,total,34387228.00,34644788.00,69032016.00,34679434,34421614,22196.80,22384.62,44581.42,22407,22219,0.00,0.00,0,0
1544345784,3003-eth3,631564.44,69148.85,700713.31,69218,632196,243.76,236.76,480.52,237,244,0.00,0.00,0,0
1544345784,2002-eth1,0.00,0.00,0.00,0,0,0.00,0.00,0.00,0,0,0.00,0.00,0,0
1544345784,lo,1198.80,1198.80,2397.60,1200,1200,19.98,19.98,39.96,20,20,0.00,0.00,0,0
1544345784,3005-eth3,1146135.88,1213120.88,2359256.75,1214334,1147282,752.25,792.21,1544.46,793,753,0.00,0.00,0,0
1544345784,2005-eth3,25780.22,1187168.88,1212949.12,1188356,25806,390.61,409.59,800.20,410,391,0.00,0.00,0,0
1544345784,3004-eth4,1215546.50,664145.88,1879692.38,664810,1216762,620.38,616.38,1236.76,617,621,0.00,0.00,0,0
1544345784,1004-eth2,24889.11,1216759.25,1241648.38,1217976,24914,366.63,419.58,786.21,420,367,0.00,0.00,0,0
1544345784,2004-eth4,0.00,0.00,0.00,0,0,0.00,0.00,0.00,0,0,0.00,0.00,0,0
1544345784,1001-eth2,643664.38,651684.31,1295348.62,652336,644308,437.56,427.57,865.13,428,438,0.00,0.00,0,0
1544345784,1003-eth3,0.00,0.00,0.00,0,0,0.00,0.00,0.00,0,0,0.00,0.00,0,0
1544345784,2002-eth4,0.00,0.00,0.00,0,0,0.00,0.00,0.00,0,0,0.00,0.00,0,0
1544345784,1001-eth4,1213800.25,26967.03,1240767.25,26994,1215014,418.58,408.59,827.17,409,419,0.00,0.00,0,0
1544345784,3001-eth2,300705.31,6923.08,307628.38,6930,301006,106.89,104.90,211.79,105,107,0.00,0.00,0,0
1544345784,1004-eth1,6923.08,300705.31,307628.38,301006,6930,104.90,106.89,211.79,107,105,0.00,0.00,0,0
1544345784,3005-eth4,1214721.25,1213772.25,2428493.50,1214986,1215936,783.22,802.20,1585.41,803,784,0.00,0.00,0,0
1544345784,1003-eth2,0.00,0.00,0.00,0,0,0.00,0.00,0.00,0,0,0.00,0.00,0,0
1544345784,3008-eth1,24461.54,1107208.88,1131670.38,1108316,24486,370.63,381.62,752.25,382,371,0.00,0.00,0,0
1544345784,1002-eth3,0.00,0.00,0.00,0,0,0.00,0.00,0.00,0,0,0.00,0.00,0,0
1544345784,2006-eth1,0.00,0.00,0.00,0,0,0.00,0.00,0.00,0,0,0.00,0.00,0,0
1544345784,3003-eth1,13714.29,629092.94,642807.19,629722,13728,207.79,216.78,424.58,217,208,0.00,0.00,0,0
1544345784,2001-eth3,0.00,0.00,0.00,0,0,0.00,0.00,0.00,0,0,0.00,0.00,0,0
1544345784,2008-eth2,29340.66,1213800.25,1243140.88,1215014,29370,444.56,418.58,863.14,419,445,0.00,0.00,0,0
1544345784,2008-eth3,1042603.44,592329.69,1634933.12,592922,1043646,542.46,536.46,1078.92,537,543,0.00,0.00,0,0
1544345784,1001-eth3,25780.22,1187168.88,1212949.12,1188356,25806,390.61,409.59,800.20,410,391,0.00,0.00,0,0
1544345784,2007-eth4,1107208.88,24461.54,1131670.38,24486,1108316,381.62,370.63,752.25,371,382,0.00,0.00,0,0
1544345784,2004-eth2,1216759.25,24889.11,1241648.38,24914,1217976,419.58,366.63,786.21,367,420,0.00,0.00,0,0
1544345784,3002-eth1,1211436.62,1213410.62,2424847.25,1214624,1212648,799.20,807.19,1606.39,808,800,0.00,0.00,0,0
1544345784,3004-eth1,637970.06,14571.43,652541.50,14586,638608,219.78,220.78,440.56,221,220,0.00,0.00,0,0
1544345784,2006-eth3,1215246.75,38813.19,1254060.00,38852,1216462,418.58,413.59,832.17,414,419,0.00,0.00,0,0
1544345784,3004-eth2,0.00,0.00,0.00,0,0,0.00,0.00,0.00,0,0,0.00,0.00,0,0
1544345784,3001-eth3,1210705.38,319562.44,1530267.75,319882,1211916,393.61,392.61,786.21,393,394,0.00,0.00,0,0
1544345784,2003-eth4,14571.43,637970.06,652541.50,638608,14586,220.78,219.78,440.56,220,221,0.00,0.00,0,0
1544345784,2008-eth4,753438.56,19252.75,772691.31,19272,754192,259.74,291.71,551.45,292,260,0.00,0.00,0,0
1544345784,3008-eth3,1215794.25,400725.28,1616519.50,401126,1217010,536.46,526.47,1062.94,527,537,0.00,0.00,0,0
1544345784,2005-eth2,0.00,0.00,0.00,0,0,0.00,0.00,0.00,0,0,0.00,0.00,0,0
1544345784,2006-eth4,36341.66,1097544.50,1133886.12,1098642,36378,386.61,388.61,775.22,389,387,0.00,0.00,0,0
1544345784,3006-eth2,1097544.50,36341.66,1133886.12,36378,1098642,388.61,386.61,775.22,387,389,0.00,0.00,0,0
1544345784,1003-eth4,0.00,0.00,0.00,0,0,0.00,0.00,0.00,0,0,0.00,0.00,0,0
1544345784,2006-eth2,2471.53,112509.49,114981.02,112622,2474,26.97,38.96,65.93,39,27,0.00,0.00,0,0
1544345784,3001-eth1,0.00,0.00,0.00,0,0,0.00,0.00,0.00,0,0,0.00,0.00,0,0
1544345784,3008-eth2,19252.75,753438.56,772691.31,754192,19272,291.71,259.74,551.45,260,292,0.00,0.00,0,0
1544345784,2004-eth3,24889.11,1218271.75,1243160.88,1219490,24914,366.63,420.58,787.21,421,367,0.00,0.00,0,0
1544345784,3001-eth4,18857.14,1211212.88,1230070.00,1212424,18876,285.71,291.71,577.42,292,286,0.00,0.00,0,0
1544345784,1003-eth1,0.00,0.00,0.00,0,0,0.00,0.00,0.00,0,0,0.00,0.00,0,0
1544345784,3002-eth2,0.00,0.00,0.00,0,0,0.00,0.00,0.00,0,0,0.00,0.00,0,0
1544345784,2005-eth4,0.00,0.00,0.00,0,0,0.00,0.00,0.00,0,0,0.00,0.00,0,0
1544345784,3003-eth2,1218271.75,24889.11,1243160.88,24914,1219490,420.58,366.63,787.21,367,421,0.00,0.00,0,0
1544345784,2007-eth1,26967.03,1213800.25,1240767.25,1215014,26994,408.59,418.58,827.17,419,409,0.00,0.00,0,0
1544345784,1002-eth4,0.00,0.00,0.00,0,0,0.00,0.00,0.00,0,0,0.00,0.00,0,0
1544345784,3002-eth4,12461.54,574317.69,586779.25,574892,12474,188.81,197.80,386.61,198,189,0.00,0.00,0,0
1544345784,2007-eth3,579802.19,472757.25,1052559.50,473230,580382,346.65,346.65,693.31,347,347,0.00,0.00,0,0
1544345784,3005-eth1,1187168.88,25780.22,1212949.12,25806,1188356,409.59,390.61,800.20,391,410,0.00,0.00,0,0
1544345784,2001-eth4,1213410.62,1211436.62,2424847.25,1212648,1214624,807.19,799.20,1606.39,800,808,0.00,0.00,0,0
1544345784,3003-eth4,22417.58,1213800.25,1236217.88,1215014,22440,339.66,418.58,758.24,419,340,0.00,0.00,0,0
1544345784,2004-eth1,0.00,0.00,0.00,0,0,0.00,0.00,0.00,0,0,0.00,0.00,0,0
1544345784,3006-eth4,25756.24,1215354.62,1241110.88,1216570,25782,390.61,420.58,811.19,421,391,0.00,0.00,0,0
1544345784,3007-eth1,472757.25,579802.19,1052559.50,580382,473230,346.65,346.65,693.31,347,347,0.00,0.00,0,0
1544345784,2008-eth1,0.00,0.00,0.00,0,0,0.00,0.00,0.00,0,0,0.00,0.00,0,0
1544345784,2002-eth2,300705.31,6923.08,307628.38,6930,301006,106.89,104.90,211.79,105,107,0.00,0.00,0,0
1544345784,2003-eth1,651684.31,643664.38,1295348.62,644308,652336,427.57,437.56,865.13,438,428,0.00,0.00,0,0
1544345784,3008-eth4,1213354.62,312481.53,1525836.25,312794,1214568,499.50,504.50,1004.00,505,500,0.00,0.00,0,0
1544345784,1004-eth4,1213800.25,29340.66,1243140.88,29370,1215014,418.58,444.56,863.14,445,419,0.00,0.00,0,0
1544345784,3006-eth1,0.00,0.00,0.00,0,0,0.00,0.00,0.00,0,0,0.00,0.00,0,0
1544345784,1004-eth3,112509.49,2471.53,114981.02,2474,112622,38.96,26.97,65.93,27,39,0.00,0.00,0,0
1544345784,1002-eth2,0.00,0.00,0.00,0,0,0.00,0.00,0.00,0,0,0.00,0.00,0,0
1544345784,3004-eth3,26175.82,1216759.25,1242935.12,1217976,26202,396.60,419.58,816.18,420,397,0.00,0.00,0,0
1544345784,2003-eth3,629092.94,13714.29,642807.19,13728,629722,216.78,207.79,424.58,208,217,0.00,0.00,0,0
1544345784,2005-eth1,1187168.88,25780.22,1212949.12,25806,1188356,409.59,390.61,800.20,391,410,0.00,0.00,0,0
1544345784,3002-eth3,1200883.12,660857.19,1861740.25,661518,1202084,617.38,610.39,1227.77,611,618,0.00,0.00,0,0
1544345784,3006-eth3,1213924.12,1123300.75,2337224.75,1124424,1215138,786.21,779.22,1565.43,780,787,0.00,0.00,0,0
1544345784,2001-eth1,1214395.62,1213410.62,2427806.25,1214624,1215610,800.20,807.19,1607.39,808,801,0.00,0.00,0,0
1544345784,3005-eth2,38813.19,1215246.75,1254060.00,1216462,38852,413.59,418.58,832.17,419,414,0.00,0.00,0,0
1544345784,2001-eth2,0.00,0.00,0.00,0,0,0.00,0.00,0.00,0,0,0.00,0.00,0,0
1544345784,3007-eth2,592329.69,1042603.44,1634933.12,1043646,592922,536.46,542.46,1078.92,543,537,0.00,0.00,0,0
1544345784,1001-eth1,1213410.62,1214395.62,2427806.25,1215610,1214624,807.19,800.20,1607.39,801,808,0.00,0.00,0,0
1544345784,3007-eth4,579802.19,472757.25,1052559.50,473230,580382,346.65,346.65,693.31,347,347,0.00,0.00,0,0
1544345784,2003-eth2,0.00,0.00,0.00,0,0,0.00,0.00,0.00,0,0,0.00,0.00,0,0
1544345784,3007-eth3,1042603.44,592329.69,1634933.12,592922,1043646,542.46,536.46,1078.92,537,543,0.00,0.00,0,0
1544345784,1002-eth1,0.00,0.00,0.00,0,0,0.00,0.00,0.00,0,0,0.00,0.00,0,0
1544345784,2002-eth3,6923.08,300705.31,307628.38,301006,6930,104.90,106.89,211.79,107,105,0.00,0.00,0,0
1544345784,2007-eth2,0.00,0.00,0.00,0,0,0.00,0.00,0.00,0,0,0.00,0.00,0,0
1544345784,total,34539908.00,35022852.00,69562760.00,35057872,34574446,22724.28,22893.11,45617.38,22916,22747,0.00,0.00,0,0
1544345785,3003-eth3,622751.25,69016.98,691768.25,69086,623374,240.76,234.77,475.52,235,241,0.00,0.00,0,0
1544345785,2002-eth1,0.00,69.93,69.93,70,0,0.00,1.00,1.00,1,0,0.00,0.00,0,0
1544345785,lo,0.00,0.00,0.00,0,0,0.00,0.00,0.00,0,0,0.00,0.00,0,0
1544345785,3005-eth3,1103526.50,1210735.25,2314261.75,1211946,1104630,742.26,782.22,1524.48,783,743,0.00,0.00,0,0
1544345785,2005-eth3,25582.42,1182697.38,1208279.75,1183880,25608,387.61,407.59,795.20,408,388,0.00,0.00,0,0
1544345785,3004-eth4,1210617.38,720235.81,1930853.25,720956,1211828,633.37,633.37,1266.73,634,634,0.00,0.00,0,0
1544345785,1004-eth2,23770.23,1209988.00,1233758.25,1211198,23794,348.65,426.57,775.22,427,349,0.00,0.00,0,0
1544345785,2004-eth4,0.00,0.00,0.00,0,0,0.00,0.00,0.00,0,0,0.00,0.00,0,0
1544345785,1001-eth2,634853.19,707774.25,1342627.38,708482,635488,435.56,444.56,880.12,445,436,0.00,0.00,0,0
1544345785,1003-eth3,69.93,0.00,69.93,0,70,1.00,0.00,1.00,0,1,0.00,0.00,0,0
1544345785,2002-eth4,0.00,0.00,0.00,0,0,0.00,0.00,0.00,0,0,0.00,0.00,0,0
1544345785,1001-eth4,1210841.25,26439.56,1237280.75,26466,1212052,417.58,400.60,818.18,401,418,0.00,0.00,0,0
1544345785,3001-eth2,239950.06,5472.53,245422.58,5478,240190,84.92,82.92,167.83,83,85,0.00,0.00,0,0
1544345785,1004-eth1,5472.53,239880.12,245352.66,240120,5478,82.92,83.92,166.83,84,83,0.00,0.00,0,0
1544345785,3005-eth4,1208605.38,1209364.62,2417970.00,1210574,1209814,778.22,800.20,1578.42,801,779,0.00,0.00,0,0
1544345785,1003-eth2,0.00,69.93,69.93,70,0,0.00,1.00,1.00,1,0,0.00,0.00,0,0
1544345785,3008-eth1,23934.07,1101290.75,1125224.75,1102392,23958,362.64,379.62,742.26,380,363,0.00,0.00,0,0
1544345785,1002-eth3,0.00,0.00,0.00,0,0,0.00,0.00,0.00,0,0,0.00,0.00,0,0
1544345785,2006-eth1,0.00,69.93,69.93,70,0,0.00,1.00,1.00,1,0,0.00,0.00,0,0
1544345785,3003-eth1,13516.48,620215.81,633732.31,620836,13530,204.80,213.79,418.58,214,205,0.00,0.00,0,0
1544345785,2001-eth3,0.00,69.93,69.93,70,0,0.00,1.00,1.00,1,0,0.00,0.00,0,0
1544345785,2008-eth2,26637.36,1210973.00,1237610.38,1212184,26664,403.60,419.58,823.18,420,404,0.00,0.00,0,0
1544345785,2008-eth3,981510.50,505198.81,1486709.38,505704,982492,493.51,487.51,981.02,488,494,0.00,0.00,0,0
1544345785,1001-eth3,25582.42,1182697.38,1208279.75,1183880,25608,387.61,407.59,795.20,408,388,0.00,0.00,0,0
1544345785,2007-eth4,1101290.75,23934.07,1125224.75,23958,1102392,379.62,362.64,742.26,363,380,0.00,0.00,0,0
1544345785,2004-eth2,1209988.00,23770.23,1233758.25,23794,1211198,426.57,348.65,775.22,349,427,0.00,0.00,0,0
1544345785,3002-eth1,1212751.25,1212821.25,2425572.50,1214034,1213964,797.20,798.20,1595.40,799,798,0.00,0.00,0,0
1544345785,3004-eth1,694257.75,14637.36,708895.12,14652,694952,239.76,221.78,461.54,222,240,0.00,0.00,0,0
1544345785,2006-eth3,1212617.38,37938.06,1250555.50,37976,1213830,422.58,403.60,826.17,404,423,0.00,0.00,0,0
1544345785,3004-eth2,0.00,0.00,0.00,0,0,0.00,0.00,0.00,0,0,0.00,0.00,0,0
1544345785,3001-eth3,1208689.38,265792.22,1474481.50,266058,1209898,494.51,476.52,971.03,477,495,0.00,0.00,0,0
1544345785,2003-eth4,14637.36,694257.75,708895.12,694952,14652,221.78,239.76,461.54,240,222,0.00,0.00,0,0
1544345785,2008-eth4,723980.06,15956.04,739936.06,15972,724704,251.75,241.76,493.51,242,252,0.00,0.00,0,0
1544345785,3008-eth3,1208425.62,326749.25,1535174.88,327076,1209634,512.49,501.50,1013.99,502,513,0.00,0.00,0,0
1544345785,2005-eth2,0.00,0.00,0.00,0,0,0.00,0.00,0.00,0,0,0.00,0.00,0,0
1544345785,2006-eth4,35402.60,1082749.25,1118151.88,1083832,35438,376.62,383.62,760.24,384,377,0.00,0.00,0,0
1544345785,3006-eth2,1082749.25,35402.60,1118151.88,35438,1083832,383.62,376.62,760.24,377,384,0.00,0.00,0,0
1544345785,1003-eth4,0.00,69.93,69.93,70,0,0.00,1.00,1.00,1,0,0.00,0.00,0,0
1544345785,2006-eth2,2535.46,58327.68,60863.14,58386,2538,26.97,28.97,55.94,29,27,0.00,0.00,0,0
1544345785,3001-eth1,69.93,0.00,69.93,0,70,1.00,0.00,1.00,0,1,0.00,0.00,0,0
1544345785,3008-eth2,15956.04,723980.06,739936.06,724704,15972,241.76,251.75,493.51,252,242,0.00,0.00,0,0
1544345785,2004-eth3,23700.30,1211434.62,1235134.88,1212646,23724,347.65,426.57,774.23,427,348,0.00,0.00,0,0
1544345785,3001-eth4,25912.09,1212287.75,1238199.88,1213500,25938,392.61,417.58,810.19,418,393,0.00,0.00,0,0
1544345785,1003-eth1,69.93,0.00,69.93,0,70,1.00,0.00,1.00,0,1,0.00,0.00,0,0
1544345785,3002-eth2,0.00,0.00,0.00,0,0,0.00,0.00,0.00,0,0,0.00,0.00,0,0
1544345785,2005-eth4,0.00,0.00,0.00,0,0,0.00,0.00,0.00,0,0,0.00,0.00,0,0
1544345785,3003-eth2,1211434.62,23700.30,1235134.88,23724,1212646,426.57,347.65,774.23,348,427,0.00,0.00,0,0
1544345785,2007-eth1,26439.56,1210841.25,1237280.75,1212052,26466,400.60,417.58,818.18,418,401,0.00,0.00,0,0
1544345785,1002-eth4,0.00,0.00,0.00,0,0,0.00,0.00,0.00,0,0,0.00,0.00,0,0
1544345785,3002-eth4,12000.00,556563.44,568563.44,557120,12012,181.82,191.81,373.63,192,182,0.00,0.00,0,0
1544345785,2007-eth3,551064.94,444020.00,995084.94,444464,551616,327.67,327.67,655.34,328,328,0.00,0.00,0,0
1544345785,3005-eth1,1182697.38,25582.42,1208279.75,25608,1183880,407.59,387.61,795.20,388,408,0.00,0.00,0,0
1544345785,2001-eth4,1212821.25,1212751.25,2425572.50,1213964,1214034,798.20,797.20,1595.40,798,799,0.00,0.00,0,0
1544345785,3003-eth4,21164.84,1080577.50,1101742.25,1081658,21186,320.68,372.63,693.31,373,321,0.00,0.00,0,0
1544345785,2004-eth1,69.93,0.00,69.93,0,70,1.00,0.00,1.00,0,1,0.00,0.00,0,0
1544345785,3006-eth4,25648.35,1207882.12,1233530.50,1209090,25674,388.61,416.58,805.19,417,389,0.00,0.00,0,0
1544345785,3007-eth1,444020.00,551064.94,995084.94,551616,444464,327.67,327.67,655.34,328,328,0.00,0.00,0,0
1544345785,2008-eth1,69.93,0.00,69.93,0,70,1.00,0.00,1.00,0,1,0.00,0.00,0,0
1544345785,2002-eth2,239880.12,5472.53,245352.66,5478,240120,83.92,82.92,166.83,83,84,0.00,0.00,0,0
1544345785,2003-eth1,707774.25,634853.19,1342627.38,635488,708482,444.56,435.56,880.12,436,445,0.00,0.00,0,0
1544345785,3008-eth4,1212237.75,340365.66,1552603.50,340706,1213450,504.50,510.49,1014.99,511,505,0.00,0.00,0,0
1544345785,1004-eth4,1210973.00,26637.36,1237610.38,26664,1212184,419.58,403.60,823.18,404,420,0.00,0.00,0,0
1544345785,3006-eth1,0.00,0.00,0.00,0,0,0.00,0.00,0.00,0,0,0.00,0.00,0,0
1544345785,1004-eth3,58327.68,2535.46,60863.14,2538,58386,28.97,26.97,55.94,27,29,0.00,0.00,0,0
1544345785,1002-eth2,0.00,0.00,0.00,0,0,0.00,0.00,0.00,0,0,0.00,0.00,0,0
1544345785,3004-eth3,25978.02,1209394.62,1235372.62,1210604,26004,393.61,417.58,811.19,418,394,0.00,0.00,0,0
1544345785,2003-eth3,620215.81,13516.48,633732.31,13530,620836,213.79,204.80,418.58,205,214,0.00,0.00,0,0
1544345785,2005-eth1,1182697.38,25582.42,1208279.75,25608,1183880,407.59,387.61,795.20,388,408,0.00,0.00,0,0
1544345785,3002-eth3,1200817.25,659414.62,1860231.88,660074,1202018,616.38,610.39,1226.77,611,617,0.00,0.00,0,0
1544345785,3006-eth3,1211806.25,1108397.62,2320203.75,1109506,1213018,778.22,772.23,1550.45,773,779,0.00,0.00,0,0
1544345785,2001-eth1,1209858.12,1215578.50,2425436.75,1216794,1211068,797.20,796.20,1593.41,797,798,0.00,0.00,0,0
1544345785,3005-eth2,37938.06,1212617.38,1250555.50,1213830,37976,403.60,422.58,826.17,423,404,0.00,0.00,0,0
1544345785,2001-eth2,0.00,0.00,0.00,0,0,0.00,0.00,0.00,0,0,0.00,0.00,0,0
1544345785,3007-eth2,505198.81,981510.50,1486709.38,982492,505704,487.51,493.51,981.02,494,488,0.00,0.00,0,0
1544345785,1001-eth1,1215578.50,1209858.12,2425436.75,1211068,1216794,796.20,797.20,1593.41,798,797,0.00,0.00,0,0
1544345785,3007-eth4,551064.94,444020.00,995084.94,444464,551616,327.67,327.67,655.34,328,328,0.00,0.00,0,0
1544345785,2003-eth2,0.00,0.00,0.00,0,0,0.00,0.00,0.00,0,0,0.00,0.00,0,0
1544345785,3007-eth3,981510.50,505198.81,1486709.38,505704,982492,493.51,487.51,981.02,488,494,0.00,0.00,0,0
1544345785,1002-eth1,0.00,0.00,0.00,0,0,0.00,0.00,0.00,0,0,0.00,0.00,0,0
1544345785,2002-eth3,5472.53,239950.06,245422.58,240190,5478,82.92,84.92,167.83,85,83,0.00,0.00,0,0
1544345785,2007-eth2,0.00,0.00,0.00,0,0,0.00,0.00,0.00,0,0,0.00,0.00,0,0
1544345785,total,33995012.00,34290256.00,68285272.00,34324544,34029008,22383.62,22537.46,44921.08,22560,22406,0.00,0.00,0,0
