1544349569,3003-eth3,0.00,0.00,0.00,0,0,0.00,0.00,0.00,0,0,0.00,0.00,0,0
1544349569,2002-eth1,0.00,0.00,0.00,0,0,0.00,0.00,0.00,0,0,0.00,0.00,0,0
1544349569,lo,0.00,0.00,0.00,0,0,0.00,0.00,0.00,0,0,0.00,0.00,0,0
1544349569,3005-eth3,0.00,0.00,0.00,0,0,0.00,0.00,0.00,0,0,0.00,0.00,0,0
1544349569,2005-eth3,0.00,0.00,0.00,0,0,0.00,0.00,0.00,0,0,0.00,0.00,0,0
1544349569,3004-eth4,0.00,0.00,0.00,0,0,0.00,0.00,0.00,0,0,0.00,0.00,0,0
1544349569,1004-eth2,0.00,0.00,0.00,0,0,0.00,0.00,0.00,0,0,0.00,0.00,0,0
1544349569,2004-eth4,0.00,0.00,0.00,0,0,0.00,0.00,0.00,0,0,0.00,0.00,0,0
1544349569,1001-eth2,0.00,0.00,0.00,0,0,0.00,0.00,0.00,0,0,0.00,0.00,0,0
1544349569,1003-eth3,0.00,0.00,0.00,0,0,0.00,0.00,0.00,0,0,0.00,0.00,0,0
1544349569,2002-eth4,0.00,0.00,0.00,0,0,0.00,0.00,0.00,0,0,0.00,0.00,0,0
1544349569,1001-eth4,0.00,0.00,0.00,0,0,0.00,0.00,0.00,0,0,0.00,0.00,0,0
1544349569,3001-eth2,0.00,0.00,0.00,0,0,0.00,0.00,0.00,0,0,0.00,0.00,0,0
1544349569,1004-eth1,0.00,0.00,0.00,0,0,0.00,0.00,0.00,0,0,0.00,0.00,0,0
1544349569,3005-eth4,0.00,0.00,0.00,0,0,0.00,0.00,0.00,0,0,0.00,0.00,0,0
1544349569,1003-eth2,0.00,0.00,0.00,0,0,0.00,0.00,0.00,0,0,0.00,0.00,0,0
1544349569,3008-eth1,0.00,0.00,0.00,0,0,0.00,0.00,0.00,0,0,0.00,0.00,0,0
1544349569,1002-eth3,0.00,0.00,0.00,0,0,0.00,0.00,0.00,0,0,0.00,0.00,0,0
1544349569,2006-eth1,0.00,0.00,0.00,0,0,0.00,0.00,0.00,0,0,0.00,0.00,0,0
1544349569,3003-eth1,0.00,0.00,0.00,0,0,0.00,0.00,0.00,0,0,0.00,0.00,0,0
1544349569,2001-eth3,0.00,0.00,0.00,0,0,0.00,0.00,0.00,0,0,0.00,0.00,0,0
1544349569,2008-eth2,0.00,0.00,0.00,0,0,0.00,0.00,0.00,0,0,0.00,0.00,0,0
1544349569,2008-eth3,0.00,0.00,0.00,0,0,0.00,0.00,0.00,0,0,0.00,0.00,0,0
1544349569,1001-eth3,0.00,0.00,0.00,0,0,0.00,0.00,0.00,0,0,0.00,0.00,0,0
1544349569,2007-eth4,0.00,0.00,0.00,0,0,0.00,0.00,0.00,0,0,0.00,0.00,0,0
1544349569,2004-eth2,0.00,0.00,0.00,0,0,0.00,0.00,0.00,0,0,0.00,0.00,0,0
1544349569,3002-eth1,0.00,0.00,0.00,0,0,0.00,0.00,0.00,0,0,0.00,0.00,0,0
1544349569,3004-eth1,0.00,0.00,0.00,0,0,0.00,0.00,0.00,0,0,0.00,0.00,0,0
1544349569,2006-eth3,0.00,0.00,0.00,0,0,0.00,0.00,0.00,0,0,0.00,0.00,0,0
1544349569,3004-eth2,0.00,0.00,0.00,0,0,0.00,0.00,0.00,0,0,0.00,0.00,0,0
1544349569,3001-eth3,0.00,0.00,0.00,0,0,0.00,0.00,0.00,0,0,0.00,0.00,0,0
1544349569,2003-eth4,0.00,0.00,0.00,0,0,0.00,0.00,0.00,0,0,0.00,0.00,0,0
1544349569,2008-eth4,0.00,0.00,0.00,0,0,0.00,0.00,0.00,0,0,0.00,0.00,0,0
1544349569,3008-eth3,0.00,0.00,0.00,0,0,0.00,0.00,0.00,0,0,0.00,0.00,0,0
1544349569,2005-eth2,0.00,0.00,0.00,0,0,0.00,0.00,0.00,0,0,0.00,0.00,0,0
1544349569,2006-eth4,0.00,0.00,0.00,0,0,0.00,0.00,0.00,0,0,0.00,0.00,0,0
1544349569,3006-eth2,0.00,0.00,0.00,0,0,0.00,0.00,0.00,0,0,0.00,0.00,0,0
1544349569,1003-eth4,0.00,0.00,0.00,0,0,0.00,0.00,0.00,0,0,0.00,0.00,0,0
1544349569,2006-eth2,0.00,0.00,0.00,0,0,0.00,0.00,0.00,0,0,0.00,0.00,0,0
1544349569,3001-eth1,0.00,0.00,0.00,0,0,0.00,0.00,0.00,0,0,0.00,0.00,0,0
1544349569,3008-eth2,0.00,0.00,0.00,0,0,0.00,0.00,0.00,0,0,0.00,0.00,0,0
1544349569,2004-eth3,0.00,0.00,0.00,0,0,0.00,0.00,0.00,0,0,0.00,0.00,0,0
1544349569,3001-eth4,0.00,0.00,0.00,0,0,0.00,0.00,0.00,0,0,0.00,0.00,0,0
1544349569,1003-eth1,0.00,0.00,0.00,0,0,0.00,0.00,0.00,0,0,0.00,0.00,0,0
1544349569,3002-eth2,0.00,0.00,0.00,0,0,0.00,0.00,0.00,0,0,0.00,0.00,0,0
1544349569,2005-eth4,0.00,0.00,0.00,0,0,0.00,0.00,0.00,0,0,0.00,0.00,0,0
1544349569,3003-eth2,0.00,0.00,0.00,0,0,0.00,0.00,0.00,0,0,0.00,0.00,0,0
1544349569,2007-eth1,0.00,0.00,0.00,0,0,0.00,0.00,0.00,0,0,0.00,0.00,0,0
1544349569,1002-eth4,0.00,0.00,0.00,0,0,0.00,0.00,0.00,0,0,0.00,0.00,0,0
1544349569,3002-eth4,0.00,0.00,0.00,0,0,0.00,0.00,0.00,0,0,0.00,0.00,0,0
1544349569,2007-eth3,0.00,0.00,0.00,0,0,0.00,0.00,0.00,0,0,0.00,0.00,0,0
1544349569,3005-eth1,0.00,0.00,0.00,0,0,0.00,0.00,0.00,0,0,0.00,0.00,0,0
1544349569,2001-eth4,0.00,0.00,0.00,0,0,0.00,0.00,0.00,0,0,0.00,0.00,0,0
1544349569,3003-eth4,0.00,0.00,0.00,0,0,0.00,0.00,0.00,0,0,0.00,0.00,0,0
1544349569,2004-eth1,0.00,0.00,0.00,0,0,0.00,0.00,0.00,0,0,0.00,0.00,0,0
1544349569,3006-eth4,0.00,0.00,0.00,0,0,0.00,0.00,0.00,0,0,0.00,0.00,0,0
1544349569,3007-eth1,0.00,0.00,0.00,0,0,0.00,0.00,0.00,0,0,0.00,0.00,0,0
1544349569,2008-eth1,0.00,0.00,0.00,0,0,0.00,0.00,0.00,0,0,0.00,0.00,0,0
1544349569,2002-eth2,0.00,0.00,0.00,0,0,0.00,0.00,0.00,0,0,0.00,0.00,0,0
1544349569,2003-eth1,0.00,0.00,0.00,0,0,0.00,0.00,0.00,0,0,0.00,0.00,0,0
1544349569,3008-eth4,0.00,0.00,0.00,0,0,0.00,0.00,0.00,0,0,0.00,0.00,0,0
1544349569,1004-eth4,0.00,0.00,0.00,0,0,0.00,0.00,0.00,0,0,0.00,0.00,0,0
1544349569,3006-eth1,0.00,0.00,0.00,0,0,0.00,0.00,0.00,0,0,0.00,0.00,0,0
1544349569,1004-eth3,0.00,0.00,0.00,0,0,0.00,0.00,0.00,0,0,0.00,0.00,0,0
1544349569,1002-eth2,0.00,0.00,0.00,0,0,0.00,0.00,0.00,0,0,0.00,0.00,0,0
1544349569,3004-eth3,0.00,0.00,0.00,0,0,0.00,0.00,0.00,0,0,0.00,0.00,0,0
1544349569,2003-eth3,0.00,0.00,0.00,0,0,0.00,0.00,0.00,0,0,0.00,0.00,0,0
1544349569,2005-eth1,0.00,0.00,0.00,0,0,0.00,0.00,0.00,0,0,0.00,0.00,0,0
1544349569,3002-eth3,0.00,0.00,0.00,0,0,0.00,0.00,0.00,0,0,0.00,0.00,0,0
1544349569,3006-eth3,0.00,0.00,0.00,0,0,0.00,0.00,0.00,0,0,0.00,0.00,0,0
1544349569,2001-eth1,0.00,0.00,0.00,0,0,0.00,0.00,0.00,0,0,0.00,0.00,0,0
1544349569,3005-eth2,0.00,0.00,0.00,0,0,0.00,0.00,0.00,0,0,0.00,0.00,0,0
1544349569,2001-eth2,0.00,0.00,0.00,0,0,0.00,0.00,0.00,0,0,0.00,0.00,0,0
1544349569,3007-eth2,0.00,0.00,0.00,0,0,0.00,0.00,0.00,0,0,0.00,0.00,0,0
1544349569,1001-eth1,0.00,0.00,0.00,0,0,0.00,0.00,0.00,0,0,0.00,0.00,0,0
1544349569,3007-eth4,0.00,0.00,0.00,0,0,0.00,0.00,0.00,0,0,0.00,0.00,0,0
1544349569,2003-eth2,0.00,0.00,0.00,0,0,0.00,0.00,0.00,0,0,0.00,0.00,0,0
1544349569,3007-eth3,0.00,0.00,0.00,0,0,0.00,0.00,0.00,0,0,0.00,0.00,0,0
1544349569,1002-eth1,0.00,0.00,0.00,0,0,0.00,0.00,0.00,0,0,0.00,0.00,0,0
1544349569,2002-eth3,0.00,0.00,0.00,0,0,0.00,0.00,0.00,0,0,0.00,0.00,0,0
1544349569,2007-eth2,0.00,0.00,0.00,0,0,0.00,0.00,0.00,0,0,0.00,0.00,0,0
1544349569,total,0.00,0.00,0.00,0,0,0.00,0.00,0.00,0,0,0.00,0.00,0,0
1544349570,3003-eth3,1222439.62,310449.56,1532889.12,310760,1223662,510.49,539.46,1049.95,540,511,0.00,0.00,0,0
1544349570,2002-eth1,0.00,0.00,0.00,0,0,0.00,0.00,0.00,0,0,0.00,0.00,0,0
1544349570,lo,0.00,0.00,0.00,0,0,0.00,0.00,0.00,0,0,0.00,0.00,0,0
1544349570,3005-eth3,1235974.00,1225870.12,2461844.25,1227096,1237210,996.00,993.01,1989.01,994,997,0.00,0.00,0,0
1544349570,2005-eth3,1116529.50,869262.75,1985792.25,870132,1117646,916.08,867.13,1783.22,868,917,0.00,0.00,0,0
1544349570,3004-eth4,1225656.38,484010.00,1709666.38,484494,1226882,532.47,608.39,1140.86,609,533,0.00,0.00,0,0
1544349570,1004-eth2,1958.04,1958.04,3916.08,1960,1960,19.98,19.98,39.96,20,20,0.00,0.00,0,0
1544349570,2004-eth4,284010.00,8733.27,292743.25,8742,284294,138.86,92.91,231.77,93,139,0.00,0.00,0,0
1544349570,1001-eth2,829238.81,88153.85,917392.62,88242,830068,405.59,450.55,856.14,451,406,0.00,0.00,0,0
1544349570,1003-eth3,0.00,0.00,0.00,0,0,0.00,0.00,0.00,0,0,0.00,0.00,0,0
1544349570,2002-eth4,5874.13,5874.13,11748.25,5880,5880,59.94,59.94,119.88,60,60,0.00,0.00,0,0
1544349570,1001-eth4,277642.38,617932.06,895574.44,618550,277920,295.70,410.59,706.29,411,296,0.00,0.00,0,0
1544349570,3001-eth2,0.00,0.00,0.00,0,0,0.00,0.00,0.00,0,0,0.00,0.00,0,0
1544349570,1004-eth1,5874.13,5874.13,11748.25,5880,5880,59.94,59.94,119.88,60,60,0.00,0.00,0,0
1544349570,3005-eth4,1206555.50,846681.31,2053236.88,847528,1207762,768.23,703.30,1471.53,704,769,0.00,0.00,0,0
1544349570,1003-eth2,0.00,0.00,0.00,0,0,0.00,0.00,0.00,0,0,0.00,0.00,0,0
1544349570,3008-eth1,605932.06,14155.84,620087.94,14170,606538,228.77,204.80,433.57,205,229,0.00,0.00,0,0
1544349570,1002-eth3,0.00,0.00,0.00,0,0,0.00,0.00,0.00,0,0,0.00,0.00,0,0
1544349570,2006-eth1,0.00,0.00,0.00,0,0,0.00,0.00,0.00,0,0,0.00,0.00,0,0
1544349570,3003-eth1,5874.13,5874.13,11748.25,5880,5880,59.94,59.94,119.88,60,60,0.00,0.00,0,0
1544349570,2001-eth3,0.00,0.00,0.00,0,0,0.00,0.00,0.00,0,0,0.00,0.00,0,0
1544349570,2008-eth2,5874.13,5874.13,11748.25,5880,5880,59.94,59.94,119.88,60,60,0.00,0.00,0,0
1544349570,2008-eth3,0.00,0.00,0.00,0,0,0.00,0.00,0.00,0,0,0.00,0.00,0,0
1544349570,1001-eth3,84237.77,825322.69,909560.44,826148,84322,410.59,365.63,776.22,366,411,0.00,0.00,0,0
1544349570,2007-eth4,14155.84,605932.06,620087.94,606538,14170,204.80,228.77,433.57,229,205,0.00,0.00,0,0
1544349570,2004-eth2,1958.04,1958.04,3916.08,1960,1960,19.98,19.98,39.96,20,20,0.00,0.00,0,0
1544349570,3002-eth1,277642.38,617932.06,895574.44,618550,277920,295.70,410.59,706.29,411,296,0.00,0.00,0,0
1544349570,3004-eth1,82279.72,823364.69,905644.38,824188,82362,390.61,345.65,736.26,346,391,0.00,0.00,0,0
1544349570,2006-eth3,115468.53,2439.56,117908.09,2442,115584,39.96,36.96,76.92,37,40,0.00,0.00,0,0
1544349570,3004-eth2,8733.27,284010.00,292743.25,284294,8742,92.91,138.86,231.77,139,93,0.00,0.00,0,0
1544349570,3001-eth3,1222725.25,1215752.25,2438477.50,1216968,1223948,685.31,667.33,1352.65,668,686,0.00,0.00,0,0
1544349570,2003-eth4,823364.69,82279.72,905644.38,82362,824188,345.65,390.61,736.26,391,346,0.00,0.00,0,0
1544349570,2008-eth4,5874.13,5874.13,11748.25,5880,5880,59.94,59.94,119.88,60,60,0.00,0.00,0,0
1544349570,3008-eth3,1224881.12,630347.69,1855228.88,630978,1226106,608.39,608.39,1216.78,609,609,0.00,0.00,0,0
1544349570,2005-eth2,0.00,0.00,0.00,0,0,0.00,0.00,0.00,0,0,0.00,0.00,0,0
1544349570,2006-eth4,12229.77,125258.74,137488.52,125384,12242,136.86,139.86,276.72,140,137,0.00,0.00,0,0
1544349570,3006-eth2,125258.74,12229.77,137488.52,12242,125384,139.86,136.86,276.72,137,140,0.00,0.00,0,0
1544349570,1003-eth4,0.00,0.00,0.00,0,0,0.00,0.00,0.00,0,0,0.00,0.00,0,0
1544349570,2006-eth2,9790.21,9790.21,19580.42,9800,9800,99.90,99.90,199.80,100,100,0.00,0.00,0,0
1544349570,3001-eth1,0.00,0.00,0.00,0,0,0.00,0.00,0.00,0,0,0.00,0.00,0,0
1544349570,3008-eth2,5874.13,5874.13,11748.25,5880,5880,59.94,59.94,119.88,60,60,0.00,0.00,0,0
1544349570,2004-eth3,10691.31,285968.03,296659.34,286254,10702,112.89,158.84,271.73,159,113,0.00,0.00,0,0
1544349570,3001-eth4,1215752.25,1222725.25,2438477.50,1223948,1216968,667.33,685.31,1352.65,686,668,0.00,0.00,0,0
1544349570,1003-eth1,0.00,0.00,0.00,0,0,0.00,0.00,0.00,0,0,0.00,0.00,0,0
1544349570,3002-eth2,5874.13,5874.13,11748.25,5880,5880,59.94,59.94,119.88,60,60,0.00,0.00,0,0
1544349570,2005-eth4,47856.14,1036207.81,1084064.00,1037244,47904,541.46,545.45,1086.91,546,542,0.00,0.00,0,0
1544349570,3003-eth2,285968.03,10691.31,296659.34,10702,286254,158.84,112.89,271.73,113,159,0.00,0.00,0,0
1544349570,2007-eth1,617932.06,277642.38,895574.44,277920,618550,410.59,295.70,706.29,296,411,0.00,0.00,0,0
1544349570,1002-eth4,0.00,0.00,0.00,0,0,0.00,0.00,0.00,0,0,0.00,0.00,0,0
1544349570,3002-eth4,23392.61,1174287.75,1197680.38,1175462,23416,315.68,482.52,798.20,483,316,0.00,0.00,0,0
1544349570,2007-eth3,263486.53,12000.00,275486.53,12012,263750,90.91,181.82,272.73,182,91,0.00,0.00,0,0
1544349570,3005-eth1,869262.75,1116529.50,1985792.25,1117646,870132,867.13,916.08,1783.22,917,868,0.00,0.00,0,0
1544349570,2001-eth4,617932.06,277642.38,895574.44,277920,618550,410.59,295.70,706.29,296,411,0.00,0.00,0,0
1544349570,3003-eth4,34271.73,1223144.88,1257416.62,1224368,34306,480.52,499.50,980.02,500,481,0.00,0.00,0,0
1544349570,2004-eth1,0.00,0.00,0.00,0,0,0.00,0.00,0.00,0,0,0.00,0.00,0,0
1544349570,3006-eth4,10173.83,123202.80,133376.62,123326,10184,115.88,118.88,234.77,119,116,0.00,0.00,0,0
1544349570,3007-eth1,12000.00,263486.53,275486.53,263750,12012,181.82,90.91,272.73,91,182,0.00,0.00,0,0
1544349570,2008-eth1,0.00,0.00,0.00,0,0,0.00,0.00,0.00,0,0,0.00,0.00,0,0
1544349570,2002-eth2,5874.13,5874.13,11748.25,5880,5880,59.94,59.94,119.88,60,60,0.00,0.00,0,0
1544349570,2003-eth1,88153.85,829238.81,917392.62,830068,88242,450.55,405.59,856.14,406,451,0.00,0.00,0,0
1544349570,3008-eth4,34271.73,1221632.38,1255904.12,1222854,34306,480.52,498.50,979.02,499,481,0.00,0.00,0,0
1544349570,1004-eth4,5874.13,5874.13,11748.25,5880,5880,59.94,59.94,119.88,60,60,0.00,0.00,0,0
1544349570,3006-eth1,1036207.81,47856.14,1084064.00,47904,1037244,545.45,541.46,1086.91,542,546,0.00,0.00,0,0
1544349570,1004-eth3,9790.21,9790.21,19580.42,9800,9800,99.90,99.90,199.80,100,100,0.00,0.00,0,0
1544349570,1002-eth2,0.00,0.00,0.00,0,0,0.00,0.00,0.00,0,0,0.00,0.00,0,0
1544349570,3004-eth3,443294.72,57762.24,501056.97,57820,443738,180.82,173.83,354.65,174,181,0.00,0.00,0,0
1544349570,2003-eth3,5874.13,5874.13,11748.25,5880,5880,59.94,59.94,119.88,60,60,0.00,0.00,0,0
1544349570,2005-eth1,825322.69,84237.77,909560.44,84322,826148,365.63,410.59,776.22,411,366,0.00,0.00,0,0
1544349570,3002-eth3,1223744.25,291244.75,1514989.00,291536,1224968,503.50,511.49,1014.99,512,504,0.00,0.00,0,0
1544349570,3006-eth3,53632.37,1043430.62,1097063.00,1044474,53686,600.40,604.40,1204.80,605,601,0.00,0.00,0,0
1544349570,2001-eth1,277642.38,617932.06,895574.44,618550,277920,295.70,410.59,706.29,411,296,0.00,0.00,0,0
1544349570,3005-eth2,2439.56,115468.53,117908.09,115584,2442,36.96,39.96,76.92,40,37,0.00,0.00,0,0
1544349570,2001-eth2,0.00,0.00,0.00,0,0,0.00,0.00,0.00,0,0,0.00,0.00,0,0
1544349570,3007-eth2,0.00,0.00,0.00,0,0,0.00,0.00,0.00,0,0,0.00,0.00,0,0
1544349570,1001-eth1,617932.06,277642.38,895574.44,277920,618550,410.59,295.70,706.29,296,411,0.00,0.00,0,0
1544349570,3007-eth4,1222799.25,1222155.88,2444955.00,1223378,1224022,730.27,808.19,1538.46,809,731,0.00,0.00,0,0
1544349570,2003-eth2,0.00,0.00,0.00,0,0,0.00,0.00,0.00,0,0,0.00,0.00,0,0
1544349570,3007-eth3,1210155.88,695182.81,1905338.75,695878,1211366,626.37,626.37,1252.75,627,627,0.00,0.00,0,0
1544349570,1002-eth1,0.00,0.00,0.00,0,0,0.00,0.00,0.00,0,0,0.00,0.00,0,0
1544349570,2002-eth3,0.00,0.00,0.00,0,0,0.00,0.00,0.00,0,0,0.00,0.00,0,0
1544349570,2007-eth2,0.00,0.00,0.00,0,0,0.00,0.00,0.00,0,0,0.00,0.00,0,0
1544349570,total,23121510.00,23299668.00,46421180.00,23322968,23144630,18562.44,18889.11,37451.55,18908,18581,0.00,0.00,0,0
1544349571,3003-eth3,1223942.12,242457.55,1466399.62,242700,1225166,526.47,517.48,1043.96,518,527,0.00,0.00,0,0
1544349571,2002-eth1,0.00,0.00,0.00,0,0,0.00,0.00,0.00,0,0,0.00,0.00,0,0
1544349571,lo,1198.80,1198.80,2397.60,1200,1200,19.98,19.98,39.96,20,20,0.00,0.00,0,0
1544349571,3005-eth3,1233562.50,1221562.50,2455125.00,1222784,1234796,981.02,799.20,1780.22,800,982,0.00,0.00,0,0
1544349571,2005-eth3,1155003.00,206607.39,1361610.38,206814,1156158,754.25,434.57,1188.81,435,755,0.00,0.00,0,0
1544349571,3004-eth4,1223912.12,1180239.75,2404152.00,1181420,1225136,703.30,869.13,1572.43,870,704,0.00,0.00,0,0
1544349571,1004-eth2,1958.04,1958.04,3916.08,1960,1960,19.98,19.98,39.96,20,20,0.00,0.00,0,0
1544349571,2004-eth4,216017.98,10705.29,226723.28,10716,216234,116.88,113.89,230.77,114,117,0.00,0.00,0,0
1544349571,1001-eth2,190987.02,92135.87,283122.88,92228,191178,168.83,445.55,614.39,446,169,0.00,0.00,0,0
1544349571,1003-eth3,0.00,0.00,0.00,0,0,0.00,0.00,0.00,0,0,0.00,0.00,0,0
1544349571,2002-eth4,5678.32,5678.32,11356.64,5684,5684,57.94,57.94,115.88,58,58,0.00,0.00,0,0
1544349571,1001-eth4,451430.59,482591.41,934022.00,483074,451882,320.68,288.71,609.39,289,321,0.00,0.00,0,0
1544349571,3001-eth2,0.00,0.00,0.00,0,0,0.00,0.00,0.00,0,0,0.00,0.00,0,0
1544349571,1004-eth1,5678.32,5678.32,11356.64,5684,5684,57.94,57.94,115.88,58,58,0.00,0.00,0,0
1544349571,3005-eth4,1222515.50,209640.36,1432155.88,209850,1223738,770.23,480.52,1250.75,481,771,0.00,0.00,0,0
1544349571,1003-eth2,0.00,0.00,0.00,0,0,0.00,0.00,0.00,0,0,0.00,0.00,0,0
1544349571,3008-eth1,475668.34,11782.22,487450.56,11794,476144,183.82,168.83,352.65,169,184,0.00,0.00,0,0
1544349571,1002-eth3,0.00,0.00,0.00,0,0,0.00,0.00,0.00,0,0,0.00,0.00,0,0
1544349571,2006-eth1,0.00,0.00,0.00,0,0,0.00,0.00,0.00,0,0,0.00,0.00,0,0
1544349571,3003-eth1,5874.13,5874.13,11748.25,5880,5880,59.94,59.94,119.88,60,60,0.00,0.00,0,0
1544349571,2001-eth3,0.00,0.00,0.00,0,0,0.00,0.00,0.00,0,0,0.00,0.00,0,0
1544349571,2008-eth2,5776.22,5874.13,11650.35,5880,5782,58.94,59.94,118.88,60,59,0.00,0.00,0,0
1544349571,2008-eth3,0.00,0.00,0.00,0,0,0.00,0.00,0.00,0,0,0.00,0.00,0,0
1544349571,1001-eth3,88219.78,187070.94,275290.72,187258,88308,405.59,128.87,534.47,129,406,0.00,0.00,0,0
1544349571,2007-eth4,11782.22,475668.34,487450.56,476144,11794,168.83,183.82,352.65,184,169,0.00,0.00,0,0
1544349571,2004-eth2,1958.04,1958.04,3916.08,1960,1960,19.98,19.98,39.96,20,20,0.00,0.00,0,0
1544349571,3002-eth1,451430.59,482591.41,934022.00,483074,451882,320.68,288.71,609.39,289,321,0.00,0.00,0,0
1544349571,3004-eth1,86261.74,185112.89,271374.62,185298,86348,385.61,108.89,494.51,109,386,0.00,0.00,0,0
1544349571,2006-eth3,131710.30,2637.36,134347.66,2640,131842,44.96,39.96,84.92,40,45,0.00,0.00,0,0
1544349571,3004-eth2,10705.29,216017.98,226723.28,216234,10716,113.89,116.88,230.77,117,114,0.00,0.00,0,0
1544349571,3001-eth3,1222659.38,1211346.62,2434006.00,1212558,1223882,684.32,666.33,1350.65,667,685,0.00,0.00,0,0
1544349571,2003-eth4,185112.89,86261.74,271374.62,86348,185298,108.89,385.61,494.51,386,109,0.00,0.00,0,0
1544349571,2008-eth4,5874.13,5776.22,11650.35,5782,5880,59.94,58.94,118.88,59,60,0.00,0.00,0,0
1544349571,3008-eth3,1217640.38,500083.94,1717724.38,500584,1218858,564.44,563.44,1127.87,564,565,0.00,0.00,0,0
1544349571,2005-eth2,0.00,0.00,0.00,0,0,0.00,0.00,0.00,0,0,0.00,0.00,0,0
1544349571,2006-eth4,12133.87,141304.70,153438.56,141446,12146,136.86,142.86,279.72,143,137,0.00,0.00,0,0
1544349571,3006-eth2,141304.70,12133.87,153438.56,12146,141446,142.86,136.86,279.72,137,143,0.00,0.00,0,0
1544349571,1003-eth4,0.00,0.00,0.00,0,0,0.00,0.00,0.00,0,0,0.00,0.00,0,0
1544349571,2006-eth2,9594.41,9496.50,19090.91,9506,9604,97.90,96.90,194.81,97,98,0.00,0.00,0,0
1544349571,3001-eth1,0.00,0.00,0.00,0,0,0.00,0.00,0.00,0,0,0.00,0.00,0,0
1544349571,3008-eth2,5776.22,5874.13,11650.35,5880,5782,58.94,59.94,118.88,60,59,0.00,0.00,0,0
1544349571,2004-eth3,12663.34,217976.03,230639.36,218194,12676,133.87,136.86,270.73,137,134,0.00,0.00,0,0
1544349571,3001-eth4,1211412.62,1219766.25,2431179.00,1220986,1212624,667.33,684.32,1351.65,685,668,0.00,0.00,0,0
1544349571,1003-eth1,0.00,0.00,0.00,0,0,0.00,0.00,0.00,0,0,0.00,0.00,0,0
1544349571,3002-eth2,5678.32,5678.32,11356.64,5684,5684,57.94,57.94,115.88,58,58,0.00,0.00,0,0
1544349571,2005-eth4,23452.55,1070699.38,1094151.88,1071770,23476,345.65,388.61,734.27,389,346,0.00,0.00,0,0
1544349571,3003-eth2,217976.03,12663.34,230639.36,12676,218194,136.86,133.87,270.73,134,137,0.00,0.00,0,0
1544349571,2007-eth1,482591.41,451430.59,934022.00,451882,483074,288.71,320.68,609.39,321,289,0.00,0.00,0,0
1544349571,1002-eth4,0.00,0.00,0.00,0,0,0.00,0.00,0.00,0,0,0.00,0.00,0,0
1544349571,3002-eth4,25438.56,864707.31,890145.88,865572,25464,347.65,373.63,721.28,374,348,0.00,0.00,0,0
1544349571,2007-eth3,439648.38,6923.08,446571.44,6930,440088,151.85,104.90,256.74,105,152,0.00,0.00,0,0
1544349571,3005-eth1,206607.39,1155003.00,1361610.38,1156158,206814,434.57,754.25,1188.81,755,435,0.00,0.00,0,0
1544349571,2001-eth4,482591.41,451430.59,934022.00,451882,483074,288.71,320.68,609.39,321,289,0.00,0.00,0,0
1544349571,3003-eth4,34271.73,1218673.38,1252945.12,1219892,34306,480.52,497.50,978.02,498,481,0.00,0.00,0,0
1544349571,2004-eth1,0.00,0.00,0.00,0,0,0.00,0.00,0.00,0,0,0.00,0.00,0,0
1544349571,3006-eth4,10175.82,139346.66,149522.48,139486,10186,116.88,122.88,239.76,123,117,0.00,0.00,0,0
1544349571,3007-eth1,6923.08,439648.38,446571.44,440088,6930,104.90,151.85,256.74,152,105,0.00,0.00,0,0
1544349571,2008-eth1,0.00,0.00,0.00,0,0,0.00,0.00,0.00,0,0,0.00,0.00,0,0
1544349571,2002-eth2,5678.32,5678.32,11356.64,5684,5684,57.94,57.94,115.88,58,58,0.00,0.00,0,0
1544349571,2003-eth1,92135.87,190987.02,283122.88,191178,92228,445.55,168.83,614.39,169,446,0.00,0.00,0,0
1544349571,3008-eth4,34205.80,1224493.50,1258699.38,1225718,34240,479.52,498.50,978.02,499,480,0.00,0.00,0,0
1544349571,1004-eth4,5874.13,5776.22,11650.35,5782,5880,59.94,58.94,118.88,59,60,0.00,0.00,0,0
1544349571,3006-eth1,1070699.38,23452.55,1094151.88,23476,1071770,388.61,345.65,734.27,346,389,0.00,0.00,0,0
1544349571,1004-eth3,9496.50,9594.41,19090.91,9604,9506,96.90,97.90,194.81,98,97,0.00,0.00,0,0
1544349571,1002-eth2,0.00,0.00,0.00,0,0,0.00,0.00,0.00,0,0,0.00,0.00,0,0
1544349571,3004-eth3,1136737.25,77068.93,1213806.25,77146,1137874,412.59,400.60,813.19,401,413,0.00,0.00,0,0
1544349571,2003-eth3,5874.13,5874.13,11748.25,5880,5880,59.94,59.94,119.88,60,60,0.00,0.00,0,0
1544349571,2005-eth1,187070.94,88219.78,275290.72,88308,187258,128.87,405.59,534.47,406,129,0.00,0.00,0,0
1544349571,3002-eth3,1221650.38,467274.75,1688925.12,467742,1222872,559.44,570.43,1129.87,571,560,0.00,0.00,0,0
1544349571,3006-eth3,29130.87,1073418.62,1102549.50,1074492,29160,403.60,445.55,849.15,446,404,0.00,0.00,0,0
1544349571,2001-eth1,451430.59,482591.41,934022.00,483074,451882,320.68,288.71,609.39,289,321,0.00,0.00,0,0
1544349571,3005-eth2,2637.36,131710.30,134347.66,131842,2640,39.96,44.96,84.92,45,40,0.00,0.00,0,0
1544349571,2001-eth2,0.00,0.00,0.00,0,0,0.00,0.00,0.00,0,0,0.00,0.00,0,0
1544349571,3007-eth2,0.00,0.00,0.00,0,0,0.00,0.00,0.00,0,0,0.00,0.00,0,0
1544349571,1001-eth1,482591.41,451430.59,934022.00,451882,483074,288.71,320.68,609.39,321,289,0.00,0.00,0,0
1544349571,3007-eth4,1220531.50,1221892.12,2442423.75,1223114,1221752,915.08,804.20,1719.28,805,916,0.00,0.00,0,0
1544349571,2003-eth2,0.00,0.00,0.00,0,0,0.00,0.00,0.00,0,0,0.00,0.00,0,0
1544349571,3007-eth3,1214969.12,934931.12,2149900.25,935866,1216184,699.30,708.29,1407.59,709,700,0.00,0.00,0,0
1544349571,1002-eth1,0.00,0.00,0.00,0,0,0.00,0.00,0.00,0,0,0.00,0.00,0,0
1544349571,2002-eth3,0.00,0.00,0.00,0,0,0.00,0.00,0.00,0,0,0.00,0.00,0,0
1544349571,2007-eth2,0.00,0.00,0.00,0,0,0.00,0.00,0.00,0,0,0.00,0.00,0,0
1544349571,total,21331512.00,20855658.00,42187168.00,20876514,21352842,17025.97,16716.28,33742.26,16733,17043,0.00,0.00,0,0
1544349572,3003-eth3,1223562.50,612935.06,1836497.50,613548,1224786,678.32,673.33,1351.65,674,679,0.00,0.00,0,0
1544349572,2002-eth1,0.00,0.00,0.00,0,0,0.00,0.00,0.00,0,0,0.00,0.00,0,0
1544349572,lo,495.50,495.50,991.01,496,496,7.99,7.99,15.98,8,8,0.00,0.00,0,0
1544349572,3005-eth3,1219522.50,1219065.00,2438587.50,1220284,1220742,790.21,805.19,1595.40,806,791,0.00,0.00,0,0
1544349572,2005-eth3,1141986.00,202273.73,1344259.75,202476,1143128,645.35,417.58,1062.94,418,646,0.00,0.00,0,0
1544349572,3004-eth4,1229302.75,910707.31,2140010.00,911618,1230532,1108.89,830.17,1939.06,831,1110,0.00,0.00,0,0
1544349572,1004-eth2,1958.04,1958.04,3916.08,1960,1960,19.98,19.98,39.96,20,20,0.00,0.00,0,0
1544349572,2004-eth4,586891.12,26029.97,612921.12,26056,587478,278.72,291.71,570.43,292,279,0.00,0.00,0,0
1544349572,1001-eth2,185962.05,84939.06,270901.09,85024,186148,141.86,337.66,479.52,338,142,0.00,0.00,0,0
1544349572,1003-eth3,0.00,0.00,0.00,0,0,0.00,0.00,0.00,0,0,0.00,0.00,0,0
1544349572,2002-eth4,5874.13,5874.13,11748.25,5880,5880,59.94,59.94,119.88,60,60,0.00,0.00,0,0
1544349572,1001-eth4,274675.34,453202.81,727878.12,453656,274950,250.75,303.70,554.45,304,251,0.00,0.00,0,0
1544349572,3001-eth2,0.00,0.00,0.00,0,0,0.00,0.00,0.00,0,0,0.00,0.00,0,0
1544349572,1004-eth1,5874.13,5874.13,11748.25,5880,5880,59.94,59.94,119.88,60,60,0.00,0.00,0,0
1544349572,3005-eth4,1223768.25,204977.03,1428745.25,205182,1224992,677.32,458.54,1135.86,459,678,0.00,0.00,0,0
1544349572,1003-eth2,0.00,0.00,0.00,0,0,0.00,0.00,0.00,0,0,0.00,0.00,0,0
1544349572,3008-eth1,444565.44,11188.81,455754.25,11200,445010,172.83,159.84,332.67,160,173,0.00,0.00,0,0
1544349572,1002-eth3,0.00,0.00,0.00,0,0,0.00,0.00,0.00,0,0,0.00,0.00,0,0
1544349572,2006-eth1,0.00,0.00,0.00,0,0,0.00,0.00,0.00,0,0,0.00,0.00,0,0
1544349572,3003-eth1,5776.22,5776.22,11552.45,5782,5782,58.94,58.94,117.88,59,59,0.00,0.00,0,0
1544349572,2001-eth3,0.00,0.00,0.00,0,0,0.00,0.00,0.00,0,0,0.00,0.00,0,0
1544349572,2008-eth2,5776.22,5776.22,11552.45,5782,5782,58.94,58.94,117.88,59,59,0.00,0.00,0,0
1544349572,2008-eth3,0.00,0.00,0.00,0,0,0.00,0.00,0.00,0,0,0.00,0.00,0,0
1544349572,1001-eth3,81022.98,182045.95,263068.94,182228,81104,297.70,101.90,399.60,102,298,0.00,0.00,0,0
1544349572,2007-eth4,11188.81,444565.44,455754.25,445010,11200,159.84,172.83,332.67,173,160,0.00,0.00,0,0
1544349572,2004-eth2,1958.04,1958.04,3916.08,1960,1960,19.98,19.98,39.96,20,20,0.00,0.00,0,0
1544349572,3002-eth1,274675.34,453202.81,727878.12,453656,274950,250.75,303.70,554.45,304,251,0.00,0.00,0,0
1544349572,3004-eth1,79162.84,180185.81,259348.66,180366,79242,278.72,82.92,361.64,83,279,0.00,0.00,0,0
1544349572,2006-eth3,133222.78,2769.23,135992.02,2772,133356,45.95,41.96,87.91,42,46,0.00,0.00,0,0
1544349572,3004-eth2,26029.97,586891.12,612921.12,587478,26056,291.71,278.72,570.43,279,292,0.00,0.00,0,0
1544349572,3001-eth3,1216741.25,1211214.88,2427956.00,1212426,1217958,682.32,664.34,1346.65,665,683,0.00,0.00,0,0
1544349572,2003-eth4,180185.81,79162.84,259348.66,79242,180366,82.92,278.72,361.64,279,83,0.00,0.00,0,0
1544349572,2008-eth4,5776.22,5776.22,11552.45,5782,5782,58.94,58.94,117.88,59,59,0.00,0.00,0,0
1544349572,3008-eth3,1220072.00,468981.03,1689053.00,469450,1221292,557.44,552.45,1109.89,553,558,0.00,0.00,0,0
1544349572,2005-eth2,0.00,0.00,0.00,0,0,0.00,0.00,0.00,0,0,0.00,0.00,0,0
1544349572,2006-eth4,12461.54,142915.09,155376.62,143058,12474,140.86,144.86,285.71,145,141,0.00,0.00,0,0
1544349572,3006-eth2,142915.09,12461.54,155376.62,12474,143058,144.86,140.86,285.71,141,145,0.00,0.00,0,0
1544349572,1003-eth4,0.00,0.00,0.00,0,0,0.00,0.00,0.00,0,0,0.00,0.00,0,0
1544349572,2006-eth2,9692.31,9692.31,19384.62,9702,9702,98.90,98.90,197.80,99,99,0.00,0.00,0,0
1544349572,3001-eth1,0.00,0.00,0.00,0,0,0.00,0.00,0.00,0,0,0.00,0.00,0,0
1544349572,3008-eth2,5776.22,5776.22,11552.45,5782,5782,58.94,58.94,117.88,59,59,0.00,0.00,0,0
1544349572,2004-eth3,27988.01,588849.19,616837.19,589438,28016,311.69,298.70,610.39,299,312,0.00,0.00,0,0
1544349572,3001-eth4,1211148.88,1219634.38,2430783.25,1220854,1212360,663.34,682.32,1345.65,683,664,0.00,0.00,0,0
1544349572,1003-eth1,0.00,0.00,0.00,0,0,0.00,0.00,0.00,0,0,0.00,0.00,0,0
1544349572,3002-eth2,5874.13,5874.13,11748.25,5880,5880,59.94,59.94,119.88,60,60,0.00,0.00,0,0
1544349572,2005-eth4,23948.05,1064683.38,1088631.38,1065748,23972,353.65,385.61,739.26,386,354,0.00,0.00,0,0
1544349572,3003-eth2,588849.19,27988.01,616837.19,28016,589438,298.70,311.69,610.39,312,299,0.00,0.00,0,0
1544349572,2007-eth1,453202.81,274675.34,727878.12,274950,453656,303.70,250.75,554.45,251,304,0.00,0.00,0,0
1544349572,1002-eth4,0.00,0.00,0.00,0,0,0.00,0.00,0.00,0,0,0.00,0.00,0,0
1544349572,3002-eth4,26161.84,867928.12,894089.94,868796,26188,357.64,377.62,735.26,378,358,0.00,0.00,0,0
1544349572,2007-eth3,263486.53,8637.36,272123.88,8646,263750,90.91,130.87,221.78,131,91,0.00,0.00,0,0
1544349572,3005-eth1,202273.73,1141986.00,1344259.75,1143128,202476,417.58,645.35,1062.94,646,418,0.00,0.00,0,0
1544349572,2001-eth4,453202.81,274675.34,727878.12,274950,453656,303.70,250.75,554.45,251,304,0.00,0.00,0,0
1544349572,3003-eth4,33778.22,1221534.50,1255312.75,1222756,33812,473.53,497.50,971.03,498,474,0.00,0.00,0,0
1544349572,2004-eth1,0.00,0.00,0.00,0,0,0.00,0.00,0.00,0,0,0.00,0.00,0,0
1544349572,3006-eth4,10601.40,141054.95,151656.34,141196,10612,121.88,125.87,247.75,126,122,0.00,0.00,0,0
1544349572,3007-eth1,8637.36,263486.53,272123.88,263750,8646,130.87,90.91,221.78,91,131,0.00,0.00,0,0
1544349572,2008-eth1,0.00,0.00,0.00,0,0,0.00,0.00,0.00,0,0,0.00,0.00,0,0
1544349572,2002-eth2,5874.13,5874.13,11748.25,5880,5880,59.94,59.94,119.88,60,60,0.00,0.00,0,0
1544349572,2003-eth1,84939.06,185962.05,270901.09,186148,85024,337.66,141.86,479.52,142,338,0.00,0.00,0,0
1544349572,3008-eth4,34107.89,1220088.00,1254195.88,1221308,34142,478.52,497.50,976.02,498,479,0.00,0.00,0,0
1544349572,1004-eth4,5776.22,5776.22,11552.45,5782,5782,58.94,58.94,117.88,59,59,0.00,0.00,0,0
1544349572,3006-eth1,1064683.38,23948.05,1088631.38,23972,1065748,385.61,353.65,739.26,354,386,0.00,0.00,0,0
1544349572,1004-eth3,9692.31,9692.31,19384.62,9702,9702,98.90,98.90,197.80,99,99,0.00,0.00,0,0
1544349572,1002-eth2,0.00,0.00,0.00,0,0,0.00,0.00,0.00,0,0,0.00,0.00,0,0
1544349572,3004-eth3,861410.62,72973.03,934383.62,73046,862272,295.70,294.71,590.41,295,296,0.00,0.00,0,0
1544349572,2003-eth3,5776.22,5776.22,11552.45,5782,5782,58.94,58.94,117.88,59,59,0.00,0.00,0,0
1544349572,2005-eth1,182045.95,81022.98,263068.94,81104,182228,101.90,297.70,399.60,298,102,0.00,0.00,0,0
1544349572,3002-eth3,1217892.12,291112.91,1509005.00,291404,1219110,502.50,509.49,1011.99,510,503,0.00,0.00,0,0
1544349572,3006-eth3,29724.28,1070557.50,1100281.75,1071628,29754,412.59,445.55,858.14,446,413,0.00,0.00,0,0
1544349572,2001-eth1,274675.34,453202.81,727878.12,453656,274950,250.75,303.70,554.45,304,251,0.00,0.00,0,0
1544349572,3005-eth2,2769.23,133222.78,135992.02,133356,2772,41.96,45.95,87.91,46,42,0.00,0.00,0,0
1544349572,2001-eth2,0.00,0.00,0.00,0,0,0.00,0.00,0.00,0,0,0.00,0.00,0,0
1544349572,3007-eth2,0.00,0.00,0.00,0,0,0.00,0.00,0.00,0,0,0.00,0.00,0,0
1544349572,1001-eth1,453202.81,274675.34,727878.12,274950,453656,303.70,250.75,554.45,251,304,0.00,0.00,0,0
1544349572,3007-eth4,1218859.12,1217618.38,2436477.50,1218836,1220078,758.24,805.19,1563.44,806,759,0.00,0.00,0,0
1544349572,2003-eth2,0.00,0.00,0.00,0,0,0.00,0.00,0.00,0,0,0.00,0.00,0,0
1544349572,3007-eth3,1208981.00,877130.88,2086112.00,878008,1210190,674.33,687.31,1361.64,688,675,0.00,0.00,0,0
1544349572,1002-eth1,0.00,0.00,0.00,0,0,0.00,0.00,0.00,0,0,0.00,0.00,0,0
1544349572,2002-eth3,0.00,0.00,0.00,0,0,0.00,0.00,0.00,0,0,0.00,0.00,0,0
1544349572,2007-eth2,0.00,0.00,0.00,0,0,0.00,0.00,0.00,0,0,0.00,0.00,0,0
1544349572,total,20926434.00,20568312.00,41494748.00,20588880,20947360,16887.11,16561.44,33448.55,16578,16904,0.00,0.00,0,0
1544349573,3003-eth3,1215900.12,773444.56,1989344.75,774218,1217116,757.24,716.28,1473.53,717,758,0.00,0.00,0,0
1544349573,2002-eth1,0.00,0.00,0.00,0,0,0.00,0.00,0.00,0,0,0.00,0.00,0,0
1544349573,lo,2237.76,2237.76,4475.52,2240,2240,35.96,35.96,71.93,36,36,0.00,0.00,0,0
1544349573,3005-eth3,1220639.38,1217684.38,2438323.75,1218902,1221860,785.21,806.19,1591.41,807,786,0.00,0.00,0,0
1544349573,2005-eth3,1123218.75,1215043.00,2338261.75,1216258,1124342,558.44,744.26,1302.70,745,559,0.00,0.00,0,0
1544349573,3004-eth4,1226815.25,1210117.88,2436933.25,1211328,1228042,708.29,779.22,1487.51,780,709,0.00,0.00,0,0
1544349573,1004-eth2,1958.04,1860.14,3818.18,1862,1960,19.98,18.98,38.96,19,20,0.00,0.00,0,0
1544349573,2004-eth4,747400.62,21428.57,768829.19,21450,748148,321.68,324.68,646.35,325,322,0.00,0.00,0,0
1544349573,1001-eth2,1199027.00,75048.95,1274076.00,75124,1200226,472.53,253.75,726.27,254,473,0.00,0.00,0,0
1544349573,1003-eth3,0.00,0.00,0.00,0,0,0.00,0.00,0.00,0,0,0.00,0.00,0,0
1544349573,2002-eth4,5776.22,5776.22,11552.45,5782,5782,58.94,58.94,117.88,59,59,0.00,0.00,0,0
1544349573,1001-eth4,361736.28,450763.25,812499.50,451214,362098,276.72,266.73,543.46,267,277,0.00,0.00,0,0
1544349573,3001-eth2,0.00,0.00,0.00,0,0,0.00,0.00,0.00,0,0,0.00,0.00,0,0
1544349573,1004-eth1,5776.22,5776.22,11552.45,5782,5782,58.94,58.94,117.88,59,59,0.00,0.00,0,0
1544349573,3005-eth4,1207518.50,1220969.12,2428487.50,1222190,1208726,586.41,790.21,1376.62,791,587,0.00,0.00,0,0
1544349573,1003-eth2,0.00,0.00,0.00,0,0,0.00,0.00,0.00,0,0,0.00,0.00,0,0
1544349573,3008-eth1,444565.44,10925.08,455490.53,10936,445010,172.83,155.84,328.67,156,173,0.00,0.00,0,0
1544349573,1002-eth3,0.00,0.00,0.00,0,0,0.00,0.00,0.00,0,0,0.00,0.00,0,0
1544349573,2006-eth1,0.00,0.00,0.00,0,0,0.00,0.00,0.00,0,0,0.00,0.00,0,0
1544349573,3003-eth1,5776.22,5874.13,11650.35,5880,5782,58.94,59.94,118.88,60,59,0.00,0.00,0,0
1544349573,2001-eth3,0.00,0.00,0.00,0,0,0.00,0.00,0.00,0,0,0.00,0.00,0,0
1544349573,2008-eth2,5874.13,5874.13,11748.25,5880,5880,59.94,59.94,119.88,60,60,0.00,0.00,0,0
1544349573,2008-eth3,0.00,0.00,0.00,0,0,0.00,0.00,0.00,0,0,0.00,0.00,0,0
1544349573,1001-eth3,71230.77,1195208.88,1266439.62,1196404,71302,214.79,433.57,648.35,434,215,0.00,0.00,0,0
1544349573,2007-eth4,10925.08,444565.44,455490.53,445010,10936,155.84,172.83,328.67,173,156,0.00,0.00,0,0
1544349573,2004-eth2,1860.14,1958.04,3818.18,1960,1862,18.98,19.98,38.96,20,19,0.00,0.00,0,0
1544349573,3002-eth1,361638.38,450665.34,812303.69,451116,362000,275.72,265.73,541.46,266,276,0.00,0.00,0,0
1544349573,3004-eth1,69272.73,1193152.88,1262425.62,1194346,69342,194.81,412.59,607.39,413,195,0.00,0.00,0,0
1544349573,2006-eth3,140653.34,2967.03,143620.39,2970,140794,48.95,44.96,93.91,45,49,0.00,0.00,0,0
1544349573,3004-eth2,21428.57,747400.62,768829.19,748148,21450,324.68,321.68,646.35,322,325,0.00,0.00,0,0
1544349573,3001-eth3,1219634.38,1215752.25,2435386.75,1216968,1220854,682.32,667.33,1349.65,668,683,0.00,0.00,0,0
1544349573,2003-eth4,1193152.88,69272.73,1262425.62,69342,1194346,412.59,194.81,607.39,195,413,0.00,0.00,0,0
1544349573,2008-eth4,5874.13,5874.13,11748.25,5880,5880,59.94,59.94,119.88,60,60,0.00,0.00,0,0
1544349573,3008-eth3,1222899.12,469112.91,1692012.00,469582,1224122,556.44,554.45,1110.89,555,557,0.00,0.00,0,0
1544349573,2005-eth2,0.00,0.00,0.00,0,0,0.00,0.00,0.00,0,0,0.00,0.00,0,0
1544349573,2006-eth4,12561.44,150345.66,162907.09,150496,12574,142.86,147.85,290.71,148,143,0.00,0.00,0,0
1544349573,3006-eth2,150345.66,12561.44,162907.09,12574,150496,147.85,142.86,290.71,143,148,0.00,0.00,0,0
1544349573,1003-eth4,0.00,0.00,0.00,0,0,0.00,0.00,0.00,0,0,0.00,0.00,0,0
1544349573,2006-eth2,9692.31,9594.41,19286.71,9604,9702,98.90,97.90,196.80,98,99,0.00,0.00,0,0
1544349573,3001-eth1,0.00,0.00,0.00,0,0,0.00,0.00,0.00,0,0,0.00,0.00,0,0
1544349573,3008-eth2,5874.13,5874.13,11748.25,5880,5880,59.94,59.94,119.88,60,60,0.00,0.00,0,0
1544349573,2004-eth3,23386.61,749260.75,772647.38,750010,23410,344.66,340.66,685.31,341,345,0.00,0.00,0,0
1544349573,3001-eth4,1211214.88,1222659.38,2433874.25,1223882,1212426,664.34,684.32,1348.65,685,665,0.00,0.00,0,0
1544349573,1003-eth1,0.00,0.00,0.00,0,0,0.00,0.00,0.00,0,0,0.00,0.00,0,0
1544349573,3002-eth2,5776.22,5776.22,11552.45,5782,5782,58.94,58.94,117.88,59,59,0.00,0.00,0,0
1544349573,2005-eth4,23848.15,1056002.00,1079850.12,1057058,23872,351.65,384.62,736.26,385,352,0.00,0.00,0,0
1544349573,3003-eth2,749260.75,23386.61,772647.38,23410,750010,340.66,344.66,685.31,345,341,0.00,0.00,0,0
1544349573,2007-eth1,450763.25,361736.28,812499.50,362098,451214,266.73,276.72,543.46,277,267,0.00,0.00,0,0
1544349573,1002-eth4,0.00,0.00,0.00,0,0,0.00,0.00,0.00,0,0,0.00,0.00,0,0
1544349573,3002-eth4,25240.76,851358.69,876599.44,852210,25266,344.66,368.63,713.29,369,345,0.00,0.00,0,0
1544349573,2007-eth3,350811.19,6197.80,357009.00,6204,351162,120.88,93.91,214.79,94,121,0.00,0.00,0,0
1544349573,3005-eth1,1215043.00,1123218.75,2338261.75,1124342,1216258,744.26,558.44,1302.70,559,745,0.00,0.00,0,0
1544349573,2001-eth4,450665.34,361638.38,812303.69,362000,451116,265.73,275.72,541.46,276,266,0.00,0.00,0,0
1544349573,3003-eth4,33876.12,1218477.50,1252353.62,1219696,33910,474.53,495.50,970.03,496,475,0.00,0.00,0,0
1544349573,2004-eth1,0.00,0.00,0.00,0,0,0.00,0.00,0.00,0,0,0.00,0.00,0,0
1544349573,3006-eth4,10603.40,148289.72,158893.11,148438,10614,122.88,126.87,249.75,127,123,0.00,0.00,0,0
1544349573,3007-eth1,6197.80,350811.19,357009.00,351162,6204,93.91,120.88,214.79,121,94,0.00,0.00,0,0
1544349573,2008-eth1,0.00,0.00,0.00,0,0,0.00,0.00,0.00,0,0,0.00,0.00,0,0
1544349573,2002-eth2,5776.22,5776.22,11552.45,5782,5782,58.94,58.94,117.88,59,59,0.00,0.00,0,0
1544349573,2003-eth1,75048.95,1199027.00,1274076.00,1200226,75124,253.75,472.53,726.27,473,254,0.00,0.00,0,0
1544349573,3008-eth4,34337.66,1221632.38,1255970.12,1222854,34372,481.52,498.50,980.02,499,482,0.00,0.00,0,0
1544349573,1004-eth4,5874.13,5874.13,11748.25,5880,5880,59.94,59.94,119.88,60,60,0.00,0.00,0,0
1544349573,3006-eth1,1056002.00,23848.15,1079850.12,23872,1057058,384.62,351.65,736.26,352,385,0.00,0.00,0,0
1544349573,1004-eth3,9594.41,9692.31,19286.71,9702,9604,97.90,98.90,196.80,99,98,0.00,0.00,0,0
1544349573,1002-eth2,0.00,0.00,0.00,0,0,0.00,0.00,0.00,0,0,0.00,0.00,0,0
1544349573,3004-eth3,1178403.62,75470.53,1253874.12,75546,1179582,298.70,288.71,587.41,289,299,0.00,0.00,0,0
1544349573,2003-eth3,5874.13,5776.22,11650.35,5782,5880,59.94,58.94,118.88,59,60,0.00,0.00,0,0
1544349573,2005-eth1,1195208.88,71230.77,1266439.62,71302,1196404,433.57,214.79,648.35,215,434,0.00,0.00,0,0
1544349573,3002-eth3,1222565.50,377316.69,1599882.12,377694,1223788,529.47,522.48,1051.95,523,530,0.00,0.00,0,0
1544349573,3006-eth3,29722.28,1061876.12,1091598.38,1062938,29752,411.59,444.56,856.14,445,412,0.00,0.00,0,0
1544349573,2001-eth1,361638.38,450665.34,812303.69,451116,362000,275.72,265.73,541.46,266,276,0.00,0.00,0,0
1544349573,3005-eth2,2967.03,140653.34,143620.39,140794,2970,44.96,48.95,93.91,49,45,0.00,0.00,0,0
1544349573,2001-eth2,0.00,0.00,0.00,0,0,0.00,0.00,0.00,0,0,0.00,0.00,0,0
1544349573,3007-eth2,0.00,0.00,0.00,0,0,0.00,0.00,0.00,0,0,0.00,0.00,0,0
1544349573,1001-eth1,450665.34,361638.38,812303.69,362000,451116,265.73,275.72,541.46,276,266,0.00,0.00,0,0
1544349573,3007-eth4,1219332.75,1222090.00,2441422.75,1223312,1220552,831.17,807.19,1638.36,808,832,0.00,0.00,0,0
1544349573,2003-eth2,0.00,0.00,0.00,0,0,0.00,0.00,0.00,0,0,0.00,0.00,0,0
1544349573,3007-eth3,1212867.12,1010353.69,2223220.75,1011364,1214080,711.29,733.27,1444.56,734,712,0.00,0.00,0,0
1544349573,1002-eth1,0.00,0.00,0.00,0,0,0.00,0.00,0.00,0,0,0.00,0.00,0,0
1544349573,2002-eth3,0.00,0.00,0.00,0,0,0.00,0.00,0.00,0,0,0.00,0.00,0,0
1544349573,2007-eth2,0.00,0.00,0.00,0,0,0.00,0.00,0.00,0,0,0.00,0.00,0,0
1544349573,total,25893828.00,26918864.00,52812692.00,26945782,25919722,17719.28,18056.94,35776.22,18075,17737,0.00,0.00,0,0
1544349574,3003-eth3,1221852.12,452215.78,1674068.00,452668,1223074,584.42,561.44,1145.85,562,585,0.00,0.00,0,0
1544349574,2002-eth1,0.00,0.00,0.00,0,0,0.00,0.00,0.00,0,0,0.00,0.00,0,0
1544349574,lo,0.00,0.00,0.00,0,0,0.00,0.00,0.00,0,0,0.00,0.00,0,0
1544349574,3005-eth3,1222613.38,1225180.88,2447794.25,1226406,1223836,793.21,810.19,1603.40,811,794,0.00,0.00,0,0
1544349574,2005-eth3,1127442.62,1222411.62,2349854.25,1223634,1128570,644.36,768.23,1412.59,769,645,0.00,0.00,0,0
1544349574,3004-eth4,1220545.50,1221174.88,2441720.25,1222396,1221766,630.37,837.16,1467.53,838,631,0.00,0.00,0,0
1544349574,1004-eth2,1860.14,1958.04,3818.18,1960,1862,18.98,19.98,38.96,20,19,0.00,0.00,0,0
1544349574,2004-eth4,425842.16,10747.25,436589.44,10758,426268,161.84,162.84,324.68,163,162,0.00,0.00,0,0
1544349574,1001-eth2,1205772.25,79338.66,1285110.88,79418,1206978,488.51,340.66,829.17,341,489,0.00,0.00,0,0
1544349574,1003-eth3,0.00,0.00,0.00,0,0,0.00,0.00,0.00,0,0,0.00,0.00,0,0
1544349574,2002-eth4,5874.13,5874.13,11748.25,5880,5880,59.94,59.94,119.88,60,60,0.00,0.00,0,0
1544349574,1001-eth4,381596.41,463094.91,844691.31,463558,381978,292.71,278.72,571.43,279,293,0.00,0.00,0,0
1544349574,3001-eth2,0.00,0.00,0.00,0,0,0.00,0.00,0.00,0,0,0.00,0.00,0,0
1544349574,1004-eth1,5874.13,5874.13,11748.25,5880,5880,59.94,59.94,119.88,60,60,0.00,0.00,0,0
1544349574,3005-eth4,1216345.62,1222090.00,2438435.75,1223312,1217562,676.32,807.19,1483.52,808,677,0.00,0.00,0,0
1544349574,1003-eth2,0.00,0.00,0.00,0,0,0.00,0.00,0.00,0,0,0.00,0.00,0,0
1544349574,3008-eth1,456303.72,11518.48,467822.19,11530,456760,175.82,164.84,340.66,165,176,0.00,0.00,0,0
1544349574,1002-eth3,0.00,0.00,0.00,0,0,0.00,0.00,0.00,0,0,0.00,0.00,0,0
1544349574,2006-eth1,0.00,0.00,0.00,0,0,0.00,0.00,0.00,0,0,0.00,0.00,0,0
1544349574,3003-eth1,5776.22,5580.42,11356.64,5586,5782,58.94,56.94,115.88,57,59,0.00,0.00,0,0
1544349574,2001-eth3,0.00,0.00,0.00,0,0,0.00,0.00,0.00,0,0,0.00,0.00,0,0
1544349574,2008-eth2,5874.13,5874.13,11748.25,5880,5880,59.94,59.94,119.88,60,60,0.00,0.00,0,0
1544349574,2008-eth3,0.00,0.00,0.00,0,0,0.00,0.00,0.00,0,0,0.00,0.00,0,0
1544349574,1001-eth3,75422.58,1201954.12,1277376.62,1203156,75498,300.70,449.55,750.25,450,301,0.00,0.00,0,0
1544349574,2007-eth4,11518.48,456303.72,467822.19,456760,11530,164.84,175.82,340.66,176,165,0.00,0.00,0,0
1544349574,2004-eth2,1958.04,1860.14,3818.18,1862,1960,19.98,18.98,38.96,19,20,0.00,0.00,0,0
1544349574,3002-eth1,381596.41,463192.81,844789.25,463656,381978,292.71,279.72,572.43,280,293,0.00,0.00,0,0
1544349574,3004-eth1,73562.44,1200191.88,1273754.25,1201392,73636,281.72,431.57,713.29,432,282,0.00,0.00,0,0
1544349574,2006-eth3,119874.13,2703.30,122577.43,2706,119994,40.96,40.96,81.92,41,41,0.00,0.00,0,0
1544349574,3004-eth2,10747.25,425842.16,436589.44,426268,10758,162.84,161.84,324.68,162,163,0.00,0.00,0,0
1544349574,3001-eth3,1220293.75,1212137.88,2432431.75,1213350,1221514,692.31,678.32,1370.63,679,693,0.00,0.00,0,0
1544349574,2003-eth4,1200191.88,73562.44,1273754.25,73636,1201392,431.57,281.72,713.29,282,432,0.00,0.00,0,0
1544349574,2008-eth4,5874.13,5874.13,11748.25,5880,5880,59.94,59.94,119.88,60,60,0.00,0.00,0,0
1544349574,3008-eth3,1220335.75,480817.19,1701152.88,481298,1221556,561.44,556.44,1117.88,557,562,0.00,0.00,0,0
1544349574,2005-eth2,0.00,0.00,0.00,0,0,0.00,0.00,0.00,0,0,0.00,0.00,0,0
1544349574,2006-eth4,12493.51,129566.44,142059.94,129696,12506,140.86,139.86,280.72,140,141,0.00,0.00,0,0
1544349574,3006-eth2,129308.08,12468.59,141776.67,12506,129696,139.58,140.58,280.16,141,140,0.00,0.00,0,0
1544349574,1003-eth4,0.00,0.00,0.00,0,0,0.00,0.00,0.00,0,0,0.00,0.00,0,0
1544349574,2006-eth2,9770.69,9770.69,19541.38,9800,9800,99.70,99.70,199.40,100,100,0.00,0.00,0,0
1544349574,3001-eth1,0.00,0.00,0.00,0,0,0.00,0.00,0.00,0,0,0.00,0.00,0,0
1544349574,3008-eth2,5862.41,5862.41,11724.83,5880,5880,59.82,59.82,119.64,60,60,0.00,0.00,0,0
1544349574,2004-eth3,12679.96,429900.31,442580.25,431190,12718,182.45,182.45,364.91,183,183,0.00,0.00,0,0
1544349574,3001-eth4,1214249.25,1219369.88,2433619.25,1223028,1217892,679.96,691.92,1371.88,694,682,0.00,0.00,0,0
1544349574,1003-eth1,0.00,0.00,0.00,0,0,0.00,0.00,0.00,0,0,0.00,0.00,0,0
1544349574,3002-eth2,5862.41,5862.41,11724.83,5880,5880,59.82,59.82,119.64,60,60,0.00,0.00,0,0
1544349574,2005-eth4,24031.90,1053700.88,1077732.75,1056862,24104,354.94,381.85,736.79,383,356,0.00,0.00,0,0
1544349574,3003-eth2,429900.31,12679.96,442580.25,12718,431190,182.45,182.45,364.91,183,183,0.00,0.00,0,0
1544349574,2007-eth1,465222.34,380835.50,846057.81,381978,466618,280.16,292.12,572.28,293,281,0.00,0.00,0,0
1544349574,1002-eth4,0.00,0.00,0.00,0,0,0.00,0.00,0.00,0,0,0.00,0.00,0,0
1544349574,3002-eth4,24662.01,808512.44,833174.50,810938,24736,335.00,355.93,690.93,357,336,0.00,0.00,0,0
1544349574,2007-eth3,369339.97,6777.67,376117.66,6798,370448,127.62,102.69,230.31,103,128,0.00,0.00,0,0
1544349574,3005-eth1,1219974.12,1125194.38,2345168.50,1128570,1223634,766.70,643.07,1409.77,645,769,0.00,0.00,0,0
1544349574,2001-eth4,465222.34,380835.50,846057.81,381978,466618,280.16,292.12,572.28,293,281,0.00,0.00,0,0
1544349574,3003-eth4,34039.88,1223561.38,1257601.25,1227232,34142,477.57,498.50,976.07,500,479,0.00,0.00,0,0
1544349574,2004-eth1,0.00,0.00,0.00,0,0,0.00,0.00,0.00,0,0,0.00,0.00,0,0
1544349574,3006-eth4,10514.46,127451.65,137966.11,127834,10546,120.64,120.64,241.28,121,121,0.00,0.00,0,0
1544349574,3007-eth1,6777.67,369339.97,376117.66,370448,6798,102.69,127.62,230.31,128,103,0.00,0.00,0,0
1544349574,2008-eth1,0.00,0.00,0.00,0,0,0.00,0.00,0.00,0,0,0.00,0.00,0,0
1544349574,2002-eth2,5862.41,5862.41,11724.83,5880,5880,59.82,59.82,119.64,60,60,0.00,0.00,0,0
1544349574,2003-eth1,79180.46,1203563.38,1282743.75,1207174,79418,339.98,489.53,829.51,491,341,0.00,0.00,0,0
1544349574,3008-eth4,34137.59,1222149.50,1256287.12,1225816,34240,478.56,498.50,977.07,500,480,0.00,0.00,0,0
1544349574,1004-eth4,5862.41,5862.41,11724.83,5880,5880,59.82,59.82,119.64,60,60,0.00,0.00,0,0
1544349574,3006-eth1,1053700.88,24031.90,1077732.75,24104,1056862,381.85,354.94,736.79,356,383,0.00,0.00,0,0
1544349574,1004-eth3,9770.69,9770.69,19541.38,9800,9800,99.70,99.70,199.40,100,100,0.00,0.00,0,0
1544349574,1002-eth2,0.00,0.00,0.00,0,0,0.00,0.00,0.00,0,0,0.00,0.00,0,0
1544349574,3004-eth3,1194845.50,82101.70,1276947.12,82348,1198430,429.71,412.76,842.47,414,431,0.00,0.00,0,0
1544349574,2003-eth3,5764.71,5764.71,11529.41,5782,5782,58.82,58.82,117.65,59,59,0.00,0.00,0,0
1544349574,2005-eth1,1199655.00,75272.19,1274927.25,75498,1203254,449.65,300.10,749.75,301,451,0.00,0.00,0,0
1544349574,3002-eth3,1220390.88,395726.81,1616117.62,396914,1224052,532.40,527.42,1059.82,529,534,0.00,0.00,0,0
1544349574,3006-eth3,29894.32,1059563.38,1089457.62,1062742,29984,414.76,441.67,856.43,443,416,0.00,0.00,0,0
1544349574,2001-eth1,380835.50,465222.34,846057.81,466618,381978,292.12,280.16,572.28,281,293,0.00,0.00,0,0
1544349574,3005-eth2,2697.91,119635.09,122333.00,119994,2706,40.88,40.88,81.75,41,41,0.00,0.00,0,0
1544349574,2001-eth2,0.00,0.00,0.00,0,0,0.00,0.00,0.00,0,0,0.00,0.00,0,0
1544349574,3007-eth2,0.00,0.00,0.00,0,0,0.00,0.00,0.00,0,0,0.00,0.00,0,0
1544349574,1001-eth1,465222.34,380835.50,846057.81,381978,466618,280.16,292.12,572.28,293,281,0.00,0.00,0,0
1544349574,3007-eth4,1221352.00,1219718.88,2441070.75,1223378,1225016,765.70,806.58,1572.28,809,768,0.00,0.00,0,0
1544349574,2003-eth2,0.00,0.00,0.00,0,0,0.00,0.00,0.00,0,0,0.00,0.00,0,0
1544349574,3007-eth3,1215960.12,1012801.62,2228761.75,1015840,1219608,705.88,733.80,1439.68,736,708,0.00,0.00,0,0
1544349574,1002-eth1,0.00,0.00,0.00,0,0,0.00,0.00,0.00,0,0,0.00,0.00,0,0
1544349574,2002-eth3,0.00,0.00,0.00,0,0,0.00,0.00,0.00,0,0,0.00,0.00,0,0
1544349574,2007-eth2,0.00,0.00,0.00,0,0,0.00,0.00,0.00,0,0,0.00,0.00,0,0
1544349574,total,25364392.00,26023840.00,51388236.00,26101912,25440486,17478.56,17934.20,35412.76,17988,17531,0.00,0.00,0,0
1544349575,3003-eth3,1223646.75,368467.06,1592113.88,369204,1226094,541.92,524.95,1066.87,526,543,0.00,0.00,0,0
1544349575,2002-eth1,0.00,0.00,0.00,0,0,0.00,0.00,0.00,0,0,0.00,0.00,0,0
1544349575,lo,1197.60,1197.60,2395.21,1200,1200,19.96,19.96,39.92,20,20,0.00,0.00,0,0
1544349575,3005-eth3,1221656.75,1218046.00,2439702.75,1220482,1224100,796.41,807.39,1603.79,809,798,0.00,0.00,0,0
1544349575,2005-eth3,1119099.88,1218301.38,2337401.25,1220738,1121338,687.62,767.47,1455.09,769,689,0.00,0.00,0,0
1544349575,3004-eth4,1223942.12,1223109.88,2447052.00,1225556,1226390,721.56,840.32,1561.88,842,723,0.00,0.00,0,0
1544349575,1004-eth2,1956.09,1956.09,3912.18,1960,1960,19.96,19.96,39.92,20,20,0.00,0.00,0,0
1544349575,2004-eth4,341988.03,7970.06,349958.09,7986,342672,123.75,120.76,244.51,121,124,0.00,0.00,0,0
1544349575,1001-eth2,1201576.88,66095.81,1267672.75,66228,1203980,485.03,381.24,866.27,382,486,0.00,0.00,0,0
1544349575,1003-eth3,0.00,0.00,0.00,0,0,0.00,0.00,0.00,0,0,0.00,0.00,0,0
1544349575,2002-eth4,5770.46,5770.46,11540.92,5782,5782,58.88,58.88,117.76,59,59,0.00,0.00,0,0
1544349575,1001-eth4,327413.19,435405.19,762818.38,436276,328068,265.47,281.44,546.91,282,266,0.00,0.00,0,0
1544349575,3001-eth2,0.00,0.00,0.00,0,0,0.00,0.00,0.00,0,0,0.00,0.00,0,0
1544349575,1004-eth1,5770.46,5770.46,11540.92,5782,5782,58.88,58.88,117.76,59,59,0.00,0.00,0,0
1544349575,3005-eth4,1212183.62,1220870.25,2433054.00,1223312,1214608,718.56,806.39,1524.95,808,720,0.00,0.00,0,0
1544349575,1003-eth2,0.00,0.00,0.00,0,0,0.00,0.00,0.00,0,0,0.00,0.00,0,0
1544349575,3008-eth1,427830.34,10980.04,438810.41,11002,428686,166.67,156.69,323.35,157,167,0.00,0.00,0,0
1544349575,1002-eth3,0.00,0.00,0.00,0,0,0.00,0.00,0.00,0,0,0.00,0.00,0,0
1544349575,2006-eth1,0.00,0.00,0.00,0,0,0.00,0.00,0.00,0,0,0.00,0.00,0,0
1544349575,3003-eth1,5868.26,5868.26,11736.53,5880,5880,59.88,59.88,119.76,60,60,0.00,0.00,0,0
1544349575,2001-eth3,0.00,0.00,0.00,0,0,0.00,0.00,0.00,0,0,0.00,0.00,0,0
1544349575,2008-eth2,5868.26,5770.46,11638.72,5782,5880,59.88,58.88,118.76,59,60,0.00,0.00,0,0
1544349575,2008-eth3,0.00,0.00,0.00,0,0,0.00,0.00,0.00,0,0,0.00,0.00,0,0
1544349575,1001-eth3,62121.64,1196470.62,1258592.25,1200060,62308,340.98,444.67,785.64,446,342,0.00,0.00,0,0
1544349575,2007-eth4,10969.09,427403.78,438372.88,428686,11002,156.53,166.50,323.03,167,157,0.00,0.00,0,0
1544349575,2004-eth2,1954.14,1954.14,3908.28,1960,1960,19.94,19.94,39.88,20,20,0.00,0.00,0,0
1544349575,3002-eth1,327086.75,434971.09,762057.81,436276,328068,265.20,281.16,546.36,282,266,0.00,0.00,0,0
1544349575,3004-eth1,60167.50,1194516.50,1254684.00,1198100,60348,321.04,424.73,745.76,426,322,0.00,0.00,0,0
1544349575,2006-eth3,130003.99,2763.71,132767.70,2772,130394,44.87,41.87,86.74,42,45,0.00,0.00,0,0
1544349575,3004-eth2,7962.11,341647.06,349609.19,342672,7986,120.64,123.63,244.27,124,121,0.00,0.00,0,0
1544349575,3001-eth3,1222624.75,1216646.75,2439271.50,1219080,1225070,701.60,698.60,1400.20,700,703,0.00,0.00,0,0
1544349575,2003-eth4,1195708.62,60227.55,1255936.12,60348,1198100,425.15,321.36,746.51,322,426,0.00,0.00,0,0
1544349575,2008-eth4,5770.46,5868.26,11638.72,5880,5782,58.88,59.88,118.76,60,59,0.00,0.00,0,0
1544349575,3008-eth3,1226014.00,452287.44,1678301.50,453192,1228466,555.89,546.91,1102.79,548,557,0.00,0.00,0,0
1544349575,2005-eth2,0.00,0.00,0.00,0,0,0.00,0.00,0.00,0,0,0.00,0.00,0,0
1544349575,2006-eth4,12449.10,139718.56,152167.67,139998,12474,140.72,142.71,283.43,143,141,0.00,0.00,0,0
1544349575,3006-eth2,139858.14,12461.54,152319.69,12474,139998,142.86,140.86,283.72,141,143,0.00,0.00,0,0
1544349575,1003-eth4,0.00,0.00,0.00,0,0,0.00,0.00,0.00,0,0,0.00,0.00,0,0
1544349575,2006-eth2,9496.50,9692.31,19188.81,9702,9506,96.90,98.90,195.80,99,97,0.00,0.00,0,0
1544349575,3001-eth1,0.00,0.00,0.00,0,0,0.00,0.00,0.00,0,0,0.00,0.00,0,0
1544349575,3008-eth2,5874.13,5776.22,11650.35,5782,5880,59.94,58.94,118.88,59,60,0.00,0.00,0,0
1544349575,2004-eth3,9838.16,341328.69,351166.84,341670,9848,139.86,142.86,282.72,143,140,0.00,0.00,0,0
1544349575,3001-eth4,1213324.75,1220887.12,2434211.75,1222108,1214538,696.30,701.30,1397.60,702,697,0.00,0.00,0,0
1544349575,1003-eth1,0.00,0.00,0.00,0,0,0.00,0.00,0.00,0,0,0.00,0.00,0,0
1544349575,3002-eth2,5776.22,5776.22,11552.45,5782,5782,58.94,58.94,117.88,59,59,0.00,0.00,0,0
1544349575,2005-eth4,24573.43,1064683.38,1089256.75,1065748,24598,362.64,385.61,748.25,386,363,0.00,0.00,0,0
1544349575,3003-eth2,341328.69,9838.16,351166.84,9848,341670,142.86,139.86,282.72,140,143,0.00,0.00,0,0
1544349575,2007-eth1,432783.22,327740.28,760523.50,328068,433216,279.72,265.73,545.45,266,280,0.00,0.00,0,0
1544349575,1002-eth4,0.00,0.00,0.00,0,0,0.00,0.00,0.00,0,0,0.00,0.00,0,0
1544349575,3002-eth4,25206.79,824825.19,850032.00,825650,25232,343.66,360.64,704.30,361,344,0.00,0.00,0,0
1544349575,2007-eth3,316749.25,7582.42,324331.69,7590,317066,108.89,114.89,223.78,115,109,0.00,0.00,0,0
1544349575,3005-eth1,1219518.50,1120217.88,2339736.25,1121338,1220738,768.23,688.31,1456.54,689,769,0.00,0.00,0,0
1544349575,2001-eth4,432881.12,327740.28,760621.38,328068,433314,280.72,265.73,546.45,266,281,0.00,0.00,0,0
1544349575,3003-eth4,34043.96,1221632.38,1255676.38,1222854,34078,478.52,498.50,977.02,499,479,0.00,0.00,0,0
1544349575,2004-eth1,0.00,0.00,0.00,0,0,0.00,0.00,0.00,0,0,0.00,0.00,0,0
1544349575,3006-eth4,10405.59,137802.20,148207.80,137940,10416,119.88,121.88,241.76,122,120,0.00,0.00,0,0
1544349575,3007-eth1,7582.42,316749.25,324331.69,317066,7590,114.89,108.89,223.78,109,115,0.00,0.00,0,0
1544349575,2008-eth1,0.00,0.00,0.00,0,0,0.00,0.00,0.00,0,0,0.00,0.00,0,0
1544349575,2002-eth2,5776.22,5776.22,11552.45,5782,5782,58.94,58.94,117.88,59,59,0.00,0.00,0,0
1544349575,2003-eth1,66161.84,1202581.50,1268743.25,1203784,66228,381.62,483.52,865.13,484,382,0.00,0.00,0,0
1544349575,3008-eth4,34173.83,1221534.50,1255708.38,1222756,34208,479.52,497.50,977.02,498,480,0.00,0.00,0,0
1544349575,1004-eth4,5776.22,5874.13,11650.35,5880,5782,58.94,59.94,118.88,60,59,0.00,0.00,0,0
1544349575,3006-eth1,1064683.38,24573.43,1089256.75,24598,1065748,385.61,362.64,748.25,363,386,0.00,0.00,0,0
1544349575,1004-eth3,9692.31,9496.50,19188.81,9506,9702,98.90,96.90,195.80,97,99,0.00,0.00,0,0
1544349575,1002-eth2,0.00,0.00,0.00,0,0,0.00,0.00,0.00,0,0,0.00,0.00,0,0
1544349575,3004-eth3,1193944.12,65958.05,1259902.12,66024,1195138,424.58,407.59,832.17,408,425,0.00,0.00,0,0
1544349575,2003-eth3,5678.32,5874.13,11552.45,5880,5684,57.94,59.94,117.88,60,58,0.00,0.00,0,0
1544349575,2005-eth1,1198763.25,62245.76,1261009.00,62308,1199962,444.56,341.66,786.21,342,445,0.00,0.00,0,0
1544349575,3002-eth3,1222891.12,343254.75,1566145.88,343598,1224114,512.49,510.49,1022.98,511,513,0.00,0.00,0,0
1544349575,3006-eth3,30349.65,1070361.62,1100711.38,1071432,30380,421.58,443.56,865.13,444,422,0.00,0.00,0,0
1544349575,2001-eth1,327740.28,432881.12,760621.38,433314,328068,265.73,280.72,546.45,281,266,0.00,0.00,0,0
1544349575,3005-eth2,2769.23,130263.74,133032.97,130394,2772,41.96,44.96,86.91,45,42,0.00,0.00,0,0
1544349575,2001-eth2,0.00,0.00,0.00,0,0,0.00,0.00,0.00,0,0,0.00,0.00,0,0
1544349575,3007-eth2,0.00,0.00,0.00,0,0,0.00,0.00,0.00,0,0,0.00,0.00,0,0
1544349575,1001-eth1,432881.12,327740.28,760621.38,328068,433314,280.72,265.73,546.45,266,281,0.00,0.00,0,0
1544349575,3007-eth4,1223067.00,1222155.88,2445222.75,1223378,1224290,756.24,808.19,1564.44,809,757,0.00,0.00,0,0
1544349575,2003-eth2,0.00,0.00,0.00,0,0,0.00,0.00,0.00,0,0,0.00,0.00,0,0
1544349575,3007-eth3,1214573.50,992731.31,2207304.75,993724,1215788,693.31,729.27,1422.58,730,694,0.00,0.00,0,0
1544349575,1002-eth1,0.00,0.00,0.00,0,0,0.00,0.00,0.00,0,0,0.00,0.00,0,0
1544349575,2002-eth3,0.00,0.00,0.00,0,0,0.00,0.00,0.00,0,0,0.00,0.00,0,0
1544349575,2007-eth2,0.00,0.00,0.00,0,0,0.00,0.00,0.00,0,0,0.00,0.00,0,0
1544349575,total,24869938.00,25362946.00,50232884.00,25388308,24894808,17502.50,17848.15,35350.65,17866,17520,0.00,0.00,0,0
1544349576,3003-eth3,1222343.75,295188.81,1517532.50,295484,1223566,518.48,505.49,1023.98,506,519,0.00,0.00,0,0
1544349576,2002-eth1,0.00,0.00,0.00,0,0,0.00,0.00,0.00,0,0,0.00,0.00,0,0
1544349576,lo,0.00,0.00,0.00,0,0,0.00,0.00,0.00,0,0,0.00,0.00,0,0
1544349576,3005-eth3,1221232.75,1225049.00,2446281.75,1226274,1222454,794.21,808.19,1602.40,809,795,0.00,0.00,0,0
1544349576,2005-eth3,1140621.38,947756.25,2088377.62,948704,1141762,700.30,727.27,1427.57,728,701,0.00,0.00,0,0
1544349576,3004-eth4,1221876.12,1221908.12,2443784.25,1223130,1223098,716.28,824.18,1540.46,825,717,0.00,0.00,0,0
1544349576,1004-eth2,1860.14,1860.14,3720.28,1862,1862,18.98,18.98,37.96,19,19,0.00,0.00,0,0
1544349576,2004-eth4,268749.25,7244.76,275994.00,7252,269018,104.90,97.90,202.80,98,105,0.00,0.00,0,0
1544349576,1001-eth2,931212.81,99882.12,1031094.94,99982,932144,447.55,398.60,846.15,399,448,0.00,0.00,0,0
1544349576,1003-eth3,0.00,0.00,0.00,0,0,0.00,0.00,0.00,0,0,0.00,0.00,0,0
1544349576,2002-eth4,5678.32,5678.32,11356.64,5684,5684,57.94,57.94,115.88,58,58,0.00,0.00,0,0
1544349576,1001-eth4,387416.59,457958.06,845374.62,458416,387804,293.71,269.73,563.44,270,294,0.00,0.00,0,0
1544349576,3001-eth2,0.00,0.00,0.00,0,0,0.00,0.00,0.00,0,0,0.00,0.00,0,0
1544349576,1004-eth1,5678.32,5678.32,11356.64,5684,5684,57.94,57.94,115.88,58,58,0.00,0.00,0,0
1544349576,3005-eth4,1220553.50,950327.69,2170881.25,951278,1221774,728.27,766.23,1494.51,767,729,0.00,0.00,0,0
1544349576,1003-eth2,0.00,0.00,0.00,0,0,0.00,0.00,0.00,0,0,0.00,0.00,0,0
1544349576,3008-eth1,450483.53,11420.58,461904.09,11432,450934,174.83,163.84,338.66,164,175,0.00,0.00,0,0
1544349576,1002-eth3,0.00,0.00,0.00,0,0,0.00,0.00,0.00,0,0,0.00,0.00,0,0
1544349576,2006-eth1,0.00,0.00,0.00,0,0,0.00,0.00,0.00,0,0,0.00,0.00,0,0
1544349576,3003-eth1,5776.22,5874.13,11650.35,5880,5782,58.94,59.94,118.88,60,59,0.00,0.00,0,0
1544349576,2001-eth3,0.00,0.00,0.00,0,0,0.00,0.00,0.00,0,0,0.00,0.00,0,0
1544349576,2008-eth2,5874.13,5874.13,11748.25,5880,5880,59.94,59.94,119.88,60,60,0.00,0.00,0,0
1544349576,2008-eth3,0.00,0.00,0.00,0,0,0.00,0.00,0.00,0,0,0.00,0.00,0,0
1544349576,1001-eth3,96063.94,927296.75,1023360.69,928224,96160,359.64,407.59,767.23,408,360,0.00,0.00,0,0
1544349576,2007-eth4,11420.58,450483.53,461904.09,450934,11432,163.84,174.83,338.66,175,164,0.00,0.00,0,0
1544349576,2004-eth2,1860.14,1860.14,3720.28,1862,1862,18.98,18.98,37.96,19,19,0.00,0.00,0,0
1544349576,3002-eth1,387514.50,457958.06,845472.56,458416,387902,294.71,269.73,564.44,270,295,0.00,0.00,0,0
1544349576,3004-eth1,94105.90,925338.69,1019444.56,926264,94200,339.66,387.61,727.27,388,340,0.00,0.00,0,0
1544349576,2006-eth3,118427.58,2439.56,120867.13,2442,118546,40.96,36.96,77.92,37,41,0.00,0.00,0,0
1544349576,3004-eth2,7244.76,268749.25,275994.00,269018,7252,97.90,104.90,202.80,105,98,0.00,0.00,0,0
1544349576,3001-eth3,1222729.25,1213720.38,2436449.50,1214934,1223952,707.29,702.30,1409.59,703,708,0.00,0.00,0,0
1544349576,2003-eth4,925338.69,94105.90,1019444.56,94200,926264,387.61,339.66,727.27,340,388,0.00,0.00,0,0
1544349576,2008-eth4,5874.13,5874.13,11748.25,5880,5880,59.94,59.94,119.88,60,60,0.00,0.00,0,0
1544349576,3008-eth3,1220467.62,474965.06,1695432.62,475440,1221688,563.44,555.44,1118.88,556,564,0.00,0.00,0,0
1544349576,2005-eth2,0.00,0.00,0.00,0,0,0.00,0.00,0.00,0,0,0.00,0.00,0,0
1544349576,2006-eth4,11936.06,127924.08,139860.14,128052,11948,133.87,137.86,271.73,138,134,0.00,0.00,0,0
1544349576,3006-eth2,127924.08,11936.06,139860.14,11948,128052,137.86,133.87,271.73,134,138,0.00,0.00,0,0
1544349576,1003-eth4,0.00,0.00,0.00,0,0,0.00,0.00,0.00,0,0,0.00,0.00,0,0
1544349576,2006-eth2,9496.50,9496.50,18993.01,9506,9506,96.90,96.90,193.81,97,97,0.00,0.00,0,0
1544349576,3001-eth1,0.00,0.00,0.00,0,0,0.00,0.00,0.00,0,0,0.00,0.00,0,0
1544349576,3008-eth2,5874.13,5874.13,11748.25,5880,5880,59.94,59.94,119.88,60,60,0.00,0.00,0,0
1544349576,2004-eth3,9104.90,270609.41,279714.28,270880,9114,116.88,123.88,240.76,124,117,0.00,0.00,0,0
1544349576,3001-eth4,1218191.88,1224241.75,2442433.75,1225466,1219410,704.30,708.29,1412.59,709,705,0.00,0.00,0,0
1544349576,1003-eth1,0.00,0.00,0.00,0,0,0.00,0.00,0.00,0,0,0.00,0.00,0,0
1544349576,3002-eth2,5678.32,5678.32,11356.64,5684,5684,57.94,57.94,115.88,58,58,0.00,0.00,0,0
1544349576,2005-eth4,24375.62,1045514.50,1069890.12,1046560,24400,359.64,379.62,739.26,380,360,0.00,0.00,0,0
1544349576,3003-eth2,270609.41,9104.90,279714.28,9114,270880,123.88,116.88,240.76,117,124,0.00,0.00,0,0
1544349576,2007-eth1,457958.06,387416.59,845374.62,387804,458416,269.73,293.71,563.44,294,270,0.00,0.00,0,0
1544349576,1002-eth4,0.00,0.00,0.00,0,0,0.00,0.00,0.00,0,0,0.00,0.00,0,0
1544349576,3002-eth4,24515.48,792177.81,816693.31,792970,24540,333.67,348.65,682.32,349,334,0.00,0.00,0,0
1544349576,2007-eth3,375996.00,7474.53,383470.53,7482,376372,129.87,94.91,224.78,95,130,0.00,0.00,0,0
1544349576,3005-eth1,947756.25,1140621.38,2088377.62,1141762,948704,727.27,700.30,1427.57,701,728,0.00,0.00,0,0
1544349576,2001-eth4,457958.06,387514.50,845472.56,387902,458416,269.73,294.71,564.44,295,270,0.00,0.00,0,0
1544349576,3003-eth4,34173.83,1221436.62,1255610.38,1222658,34208,479.52,496.50,976.02,497,480,0.00,0.00,0,0
1544349576,2004-eth1,0.00,0.00,0.00,0,0,0.00,0.00,0.00,0,0,0.00,0.00,0,0
1544349576,3006-eth4,10075.92,126063.94,136139.86,126190,10086,114.89,118.88,233.77,119,115,0.00,0.00,0,0
1544349576,3007-eth1,7474.53,375996.00,383470.53,376372,7482,94.91,129.87,224.78,130,95,0.00,0.00,0,0
1544349576,2008-eth1,0.00,0.00,0.00,0,0,0.00,0.00,0.00,0,0,0.00,0.00,0,0
1544349576,2002-eth2,5678.32,5678.32,11356.64,5684,5684,57.94,57.94,115.88,58,58,0.00,0.00,0,0
1544349576,2003-eth1,99882.12,931212.81,1031094.94,932144,99982,398.60,447.55,846.15,448,399,0.00,0.00,0,0
1544349576,3008-eth4,34173.83,1223144.88,1257318.75,1224368,34208,479.52,499.50,979.02,500,480,0.00,0.00,0,0
1544349576,1004-eth4,5874.13,5874.13,11748.25,5880,5880,59.94,59.94,119.88,60,60,0.00,0.00,0,0
1544349576,3006-eth1,1045514.50,24375.62,1069890.12,24400,1046560,379.62,359.64,739.26,360,380,0.00,0.00,0,0
1544349576,1004-eth3,9496.50,9496.50,18993.01,9506,9506,96.90,96.90,193.81,97,97,0.00,0.00,0,0
1544349576,1002-eth2,0.00,0.00,0.00,0,0,0.00,0.00,0.00,0,0,0.00,0.00,0,0
1544349576,3004-eth3,1191314.75,95482.52,1286797.25,95578,1192506,428.57,416.58,845.15,417,429,0.00,0.00,0,0
1544349576,2003-eth3,5874.13,5776.22,11650.35,5782,5880,59.94,58.94,118.88,59,60,0.00,0.00,0,0
1544349576,2005-eth1,927296.75,96063.94,1023360.69,96160,928224,407.59,359.64,767.23,360,408,0.00,0.00,0,0
1544349576,3002-eth3,1222169.88,402435.56,1624605.50,402838,1223392,523.48,530.47,1053.95,531,524,0.00,0.00,0,0
1544349576,3006-eth3,30151.85,1051290.75,1081442.62,1052342,30182,418.58,438.56,857.14,439,419,0.00,0.00,0,0
1544349576,2001-eth1,387514.50,457958.06,845472.56,458416,387902,294.71,269.73,564.44,270,295,0.00,0.00,0,0
1544349576,3005-eth2,2439.56,118427.58,120867.13,118546,2442,36.96,40.96,77.92,41,37,0.00,0.00,0,0
1544349576,2001-eth2,0.00,0.00,0.00,0,0,0.00,0.00,0.00,0,0,0.00,0.00,0,0
1544349576,3007-eth2,0.00,0.00,0.00,0,0,0.00,0.00,0.00,0,0,0.00,0.00,0,0
1544349576,1001-eth1,457958.06,387514.50,845472.56,387902,458416,269.73,294.71,564.44,295,270,0.00,0.00,0,0
1544349576,3007-eth4,1222877.12,1225027.00,2447904.25,1226252,1224100,797.20,817.18,1614.39,818,798,0.00,0.00,0,0
1544349576,2003-eth2,0.00,0.00,0.00,0,0,0.00,0.00,0.00,0,0,0.00,0.00,0,0
1544349576,3007-eth3,1217552.50,876549.50,2094102.00,877426,1218770,722.28,744.26,1466.53,745,723,0.00,0.00,0,0
1544349576,1002-eth1,0.00,0.00,0.00,0,0,0.00,0.00,0.00,0,0,0.00,0.00,0,0
1544349576,2002-eth3,0.00,0.00,0.00,0,0,0.00,0.00,0.00,0,0,0.00,0.00,0,0
1544349576,2007-eth2,0.00,0.00,0.00,0,0,0.00,0.00,0.00,0,0,0.00,0.00,0,0
1544349576,total,24045272.00,24129880.00,48175156.00,24154010,24069316,17408.59,17659.34,35067.93,17677,17426,0.00,0.00,0,0
1544349577,3003-eth3,1223378.62,273886.12,1497264.75,274160,1224602,520.48,511.49,1031.97,512,521,0.00,0.00,0,0
1544349577,2002-eth1,0.00,0.00,0.00,0,0,0.00,0.00,0.00,0,0,0.00,0.00,0,0
1544349577,lo,1198.80,1198.80,2397.60,1200,1200,19.98,19.98,39.96,20,20,0.00,0.00,0,0
1544349577,3005-eth3,1221496.50,1222155.88,2443652.50,1223378,1222718,798.20,808.19,1606.39,809,799,0.00,0.00,0,0
1544349577,2005-eth3,1122185.88,849230.81,1971416.62,850080,1123308,709.29,703.30,1412.59,704,710,0.00,0.00,0,0
1544349577,3004-eth4,1222090.00,1219182.88,2441272.75,1220402,1223312,807.19,842.16,1649.35,843,808,0.00,0.00,0,0
1544349577,1004-eth2,1958.04,1958.04,3916.08,1960,1960,19.98,19.98,39.96,20,20,0.00,0.00,0,0
1544349577,2004-eth4,247512.50,9578.42,257090.92,9588,247760,111.89,101.90,213.79,102,112,0.00,0.00,0,0
1544349577,1001-eth2,833082.94,109622.38,942705.31,109732,833916,429.57,417.58,847.15,418,430,0.00,0.00,0,0
1544349577,1003-eth3,0.00,0.00,0.00,0,0,0.00,0.00,0.00,0,0,0.00,0.00,0,0
1544349577,2002-eth4,5874.13,5874.13,11748.25,5880,5880,59.94,59.94,119.88,60,60,0.00,0.00,0,0
1544349577,1001-eth4,398955.06,435534.47,834489.56,435970,399354,292.71,274.73,567.43,275,293,0.00,0.00,0,0
1544349577,3001-eth2,0.00,0.00,0.00,0,0,0.00,0.00,0.00,0,0,0.00,0.00,0,0
1544349577,1004-eth1,5874.13,5874.13,11748.25,5880,5880,59.94,59.94,119.88,60,60,0.00,0.00,0,0
1544349577,3005-eth4,1221252.75,851868.12,2073120.88,852720,1222474,742.26,743.26,1485.51,744,743,0.00,0.00,0,0
1544349577,1003-eth2,0.00,0.00,0.00,0,0,0.00,0.00,0.00,0,0,0.00,0.00,0,0
1544349577,3008-eth1,425298.72,11024.98,436323.69,11036,425724,165.83,157.84,323.68,158,166,0.00,0.00,0,0
1544349577,1002-eth3,0.00,0.00,0.00,0,0,0.00,0.00,0.00,0,0,0.00,0.00,0,0
1544349577,2006-eth1,0.00,0.00,0.00,0,0,0.00,0.00,0.00,0,0,0.00,0.00,0,0
1544349577,3003-eth1,5874.13,5874.13,11748.25,5880,5880,59.94,59.94,119.88,60,60,0.00,0.00,0,0
1544349577,2001-eth3,0.00,0.00,0.00,0,0,0.00,0.00,0.00,0,0,0.00,0.00,0,0
1544349577,2008-eth2,5874.13,5874.13,11748.25,5880,5880,59.94,59.94,119.88,60,60,0.00,0.00,0,0
1544349577,2008-eth3,0.00,0.00,0.00,0,0,0.00,0.00,0.00,0,0,0.00,0.00,0,0
1544349577,1001-eth3,105706.30,829166.88,934873.12,829996,105812,377.62,389.61,767.23,390,378,0.00,0.00,0,0
1544349577,2007-eth4,11024.98,425298.72,436323.69,425724,11036,157.84,165.83,323.68,166,158,0.00,0.00,0,0
1544349577,2004-eth2,1958.04,1958.04,3916.08,1960,1960,19.98,19.98,39.96,20,20,0.00,0.00,0,0
1544349577,3002-eth1,398955.06,435534.47,834489.56,435970,399354,292.71,274.73,567.43,275,293,0.00,0.00,0,0
1544349577,3004-eth1,103748.26,827208.81,930957.06,828036,103852,357.64,369.63,727.27,370,358,0.00,0.00,0,0
1544349577,2006-eth3,142099.91,2901.10,145001.00,2904,142242,48.95,43.96,92.91,44,49,0.00,0.00,0,0
1544349577,3004-eth2,9578.42,247512.50,257090.92,247760,9588,101.90,111.89,213.79,112,102,0.00,0.00,0,0
1544349577,3001-eth3,1221019.00,1213852.12,2434871.25,1215066,1222240,703.30,704.30,1407.59,705,704,0.00,0.00,0,0
1544349577,2003-eth4,827208.81,103748.26,930957.06,103852,828036,369.63,357.64,727.27,358,370,0.00,0.00,0,0
1544349577,2008-eth4,5874.13,5874.13,11748.25,5880,5880,59.94,59.94,119.88,60,60,0.00,0.00,0,0
1544349577,3008-eth3,1222899.12,449714.31,1672613.38,450164,1224122,556.44,545.45,1101.90,546,557,0.00,0.00,0,0
1544349577,2005-eth2,0.00,0.00,0.00,0,0,0.00,0.00,0.00,0,0,0.00,0.00,0,0
1544349577,2006-eth4,12691.31,151890.11,164581.42,152042,12704,143.86,148.85,292.71,149,144,0.00,0.00,0,0
1544349577,3006-eth2,151890.11,12691.31,164581.42,12704,152042,148.85,143.86,292.71,144,149,0.00,0.00,0,0
1544349577,1003-eth4,0.00,0.00,0.00,0,0,0.00,0.00,0.00,0,0,0.00,0.00,0,0
1544349577,2006-eth2,9790.21,9790.21,19580.42,9800,9800,99.90,99.90,199.80,100,100,0.00,0.00,0,0
1544349577,3001-eth1,0.00,0.00,0.00,0,0,0.00,0.00,0.00,0,0,0.00,0.00,0,0
1544349577,3008-eth2,5874.13,5874.13,11748.25,5880,5880,59.94,59.94,119.88,60,60,0.00,0.00,0,0
1544349577,2004-eth3,11536.46,249470.53,261007.00,249720,11548,121.88,131.87,253.75,132,122,0.00,0.00,0,0
1544349577,3001-eth4,1209446.62,1221019.00,2430465.50,1222240,1210656,703.30,703.30,1406.59,704,704,0.00,0.00,0,0
1544349577,1003-eth1,0.00,0.00,0.00,0,0,0.00,0.00,0.00,0,0,0.00,0.00,0,0
1544349577,3002-eth2,5874.13,5874.13,11748.25,5880,5880,59.94,59.94,119.88,60,60,0.00,0.00,0,0
1544349577,2005-eth4,23980.02,1020395.62,1044375.62,1021416,24004,353.65,371.63,725.27,372,354,0.00,0.00,0,0
1544349577,3003-eth2,249470.53,11536.46,261007.00,11548,249720,131.87,121.88,253.75,122,132,0.00,0.00,0,0
1544349577,2007-eth1,435534.47,398955.06,834489.56,399354,435970,274.73,292.71,567.43,293,275,0.00,0.00,0,0
1544349577,1002-eth4,0.00,0.00,0.00,0,0,0.00,0.00,0.00,0,0,0.00,0.00,0,0
1544349577,3002-eth4,24975.03,798291.75,823266.75,799090,25000,339.66,352.65,692.31,353,340,0.00,0.00,0,0
1544349577,2007-eth3,387832.19,10235.76,398067.94,10246,388220,133.87,108.89,242.76,109,134,0.00,0.00,0,0
1544349577,3005-eth1,849230.81,1122185.88,1971416.62,1123308,850080,703.30,709.29,1412.59,710,704,0.00,0.00,0,0
1544349577,2001-eth4,435534.47,398955.06,834489.56,399354,435970,274.73,292.71,567.43,293,275,0.00,0.00,0,0
1544349577,3003-eth4,34205.80,1221632.38,1255838.25,1222854,34240,479.52,498.50,978.02,499,480,0.00,0.00,0,0
1544349577,2004-eth1,0.00,0.00,0.00,0,0,0.00,0.00,0.00,0,0,0.00,0.00,0,0
1544349577,3006-eth4,10635.37,149834.17,160469.53,149984,10646,122.88,127.87,250.75,128,123,0.00,0.00,0,0
1544349577,3007-eth1,10235.76,387832.19,398067.94,388220,10246,108.89,133.87,242.76,134,109,0.00,0.00,0,0
1544349577,2008-eth1,0.00,0.00,0.00,0,0,0.00,0.00,0.00,0,0,0.00,0.00,0,0
1544349577,2002-eth2,5874.13,5874.13,11748.25,5880,5880,59.94,59.94,119.88,60,60,0.00,0.00,0,0
1544349577,2003-eth1,109622.38,833082.94,942705.31,833916,109732,417.58,429.57,847.15,430,418,0.00,0.00,0,0
1544349577,3008-eth4,34107.89,1221632.38,1255740.25,1222854,34142,478.52,498.50,977.02,499,479,0.00,0.00,0,0
1544349577,1004-eth4,5874.13,5874.13,11748.25,5880,5880,59.94,59.94,119.88,60,60,0.00,0.00,0,0
1544349577,3006-eth1,1020395.62,23980.02,1044375.62,24004,1021416,371.63,353.65,725.27,354,372,0.00,0.00,0,0
1544349577,1004-eth3,9790.21,9790.21,19580.42,9800,9800,99.90,99.90,199.80,100,100,0.00,0.00,0,0
1544349577,1002-eth2,0.00,0.00,0.00,0,0,0.00,0.00,0.00,0,0,0.00,0.00,0,0
1544349577,3004-eth3,1179478.50,98177.83,1277656.38,98276,1180658,424.58,413.59,838.16,414,425,0.00,0.00,0,0
1544349577,2003-eth3,5874.13,5874.13,11748.25,5880,5880,59.94,59.94,119.88,60,60,0.00,0.00,0,0
1544349577,2005-eth1,829166.88,105706.30,934873.12,105812,829996,389.61,377.62,767.23,378,390,0.00,0.00,0,0
1544349577,3002-eth3,1220657.38,414205.81,1634863.12,414620,1221878,522.48,533.47,1055.94,534,523,0.00,0.00,0,0
1544349577,3006-eth3,29756.24,1026171.88,1055928.12,1027198,29786,412.59,430.57,843.16,431,413,0.00,0.00,0,0
1544349577,2001-eth1,398955.06,435534.47,834489.56,435970,399354,292.71,274.73,567.43,275,293,0.00,0.00,0,0
1544349577,3005-eth2,2901.10,142099.91,145001.00,142242,2904,43.96,48.95,92.91,49,44,0.00,0.00,0,0
1544349577,2001-eth2,0.00,0.00,0.00,0,0,0.00,0.00,0.00,0,0,0.00,0.00,0,0
1544349577,3007-eth2,0.00,0.00,0.00,0,0,0.00,0.00,0.00,0,0,0.00,0.00,0,0
1544349577,1001-eth1,435534.47,398955.06,834489.56,399354,435970,274.73,292.71,567.43,293,275,0.00,0.00,0,0
1544349577,3007-eth4,1221170.88,1222569.50,2443740.25,1223792,1222392,815.18,847.15,1662.34,848,816,0.00,0.00,0,0
1544349577,2003-eth2,0.00,0.00,0.00,0,0,0.00,0.00,0.00,0,0,0.00,0.00,0,0
1544349577,3007-eth3,1212333.75,802313.69,2014647.38,803116,1213546,738.26,737.26,1475.52,738,739,0.00,0.00,0,0
1544349577,1002-eth1,0.00,0.00,0.00,0,0,0.00,0.00,0.00,0,0,0.00,0.00,0,0
1544349577,2002-eth3,0.00,0.00,0.00,0,0,0.00,0.00,0.00,0,0,0.00,0.00,0,0
1544349577,2007-eth2,0.00,0.00,0.00,0,0,0.00,0.00,0.00,0,0,0.00,0.00,0,0
1544349577,total,23582208.00,23479812.00,47062020.00,23503292,23605790,17625.38,17758.24,35383.62,17776,17643,0.00,0.00,0,0
1544349578,3003-eth3,1222203.88,318931.06,1541134.88,319250,1223426,538.46,536.46,1074.93,537,539,0.00,0.00,0,0
1544349578,2002-eth1,0.00,0.00,0.00,0,0,0.00,0.00,0.00,0,0,0.00,0.00,0,0
1544349578,lo,0.00,0.00,0.00,0,0,0.00,0.00,0.00,0,0,0.00,0.00,0,0
1544349578,3005-eth3,1222943.12,1219130.88,2442074.00,1220350,1224166,798.20,806.19,1604.40,807,799,0.00,0.00,0,0
1544349578,2005-eth3,1153934.12,963982.06,2117916.25,964946,1155088,803.20,776.22,1579.42,777,804,0.00,0.00,0,0
1544349578,3004-eth4,1229528.50,1221424.62,2450953.00,1222646,1230758,986.01,942.06,1928.07,943,987,0.00,0.00,0,0
1544349578,1004-eth2,1958.04,1958.04,3916.08,1960,1960,19.98,19.98,39.96,20,20,0.00,0.00,0,0
1544349578,2004-eth4,292491.53,11268.73,303760.25,11280,292784,135.86,119.88,255.74,120,136,0.00,0.00,0,0
1544349578,1001-eth2,947736.31,151756.25,1099492.50,151908,948684,501.50,515.48,1016.98,516,502,0.00,0.00,0,0
1544349578,1003-eth3,0.00,0.00,0.00,0,0,0.00,0.00,0.00,0,0,0.00,0.00,0,0
1544349578,2002-eth4,5874.13,5874.13,11748.25,5880,5880,59.94,59.94,119.88,60,60,0.00,0.00,0,0
1544349578,1001-eth4,245452.55,454561.44,700014.00,455016,245698,268.73,309.69,578.42,310,269,0.00,0.00,0,0
1544349578,3001-eth2,0.00,0.00,0.00,0,0,0.00,0.00,0.00,0,0,0.00,0.00,0,0
1544349578,1004-eth1,5874.13,5874.13,11748.25,5880,5880,59.94,59.94,119.88,60,60,0.00,0.00,0,0
1544349578,3005-eth4,1219794.25,966091.94,2185886.25,967058,1221014,818.18,808.19,1626.37,809,819,0.00,0.00,0,0
1544349578,1003-eth2,0.00,0.00,0.00,0,0,0.00,0.00,0.00,0,0,0.00,0.00,0,0
1544349578,3008-eth1,441508.50,11320.68,452829.19,11332,441950,170.83,161.84,332.67,162,171,0.00,0.00,0,0
1544349578,1002-eth3,0.00,0.00,0.00,0,0,0.00,0.00,0.00,0,0,0.00,0.00,0,0
1544349578,2006-eth1,0.00,0.00,0.00,0,0,0.00,0.00,0.00,0,0,0.00,0.00,0,0
1544349578,3003-eth1,5776.22,5776.22,11552.45,5782,5782,58.94,58.94,117.88,59,59,0.00,0.00,0,0
1544349578,2001-eth3,0.00,0.00,0.00,0,0,0.00,0.00,0.00,0,0,0.00,0.00,0,0
1544349578,2008-eth2,5776.22,5678.32,11454.55,5684,5782,58.94,57.94,116.88,58,59,0.00,0.00,0,0
1544349578,2008-eth3,0.00,0.00,0.00,0,0,0.00,0.00,0.00,0,0,0.00,0.00,0,0
1544349578,1001-eth3,147938.06,943918.12,1091856.12,944862,148086,476.52,462.54,939.06,463,477,0.00,0.00,0,0
1544349578,2007-eth4,11320.68,441508.50,452829.19,441950,11332,161.84,170.83,332.67,171,162,0.00,0.00,0,0
1544349578,2004-eth2,1958.04,1958.04,3916.08,1960,1960,19.98,19.98,39.96,20,20,0.00,0.00,0,0
1544349578,3002-eth1,245550.45,454659.34,700209.81,455114,245796,269.73,310.69,580.42,311,270,0.00,0.00,0,0
1544349578,3004-eth1,145980.03,941960.06,1087940.12,942902,146126,456.54,442.56,899.10,443,457,0.00,0.00,0,0
1544349578,2006-eth3,127304.70,2373.63,129678.33,2376,127432,43.96,35.96,79.92,36,44,0.00,0.00,0,0
1544349578,3004-eth2,11268.73,292491.53,303760.25,292784,11280,119.88,135.86,255.74,136,120,0.00,0.00,0,0
1544349578,3001-eth3,1220433.62,1216028.00,2436461.50,1217244,1221654,738.26,737.26,1475.52,738,739,0.00,0.00,0,0
1544349578,2003-eth4,941960.06,145980.03,1087940.12,146126,942902,442.56,456.54,899.10,457,443,0.00,0.00,0,0
1544349578,2008-eth4,5678.32,5776.22,11454.55,5782,5684,57.94,58.94,116.88,59,58,0.00,0.00,0,0
1544349578,3008-eth3,1220335.75,466022.00,1686357.75,466488,1221556,561.44,551.45,1112.89,552,562,0.00,0.00,0,0
1544349578,2005-eth2,0.00,0.00,0.00,0,0,0.00,0.00,0.00,0,0,0.00,0.00,0,0
1544349578,2006-eth4,12065.93,136899.11,148965.03,137036,12078,134.87,141.86,276.72,142,135,0.00,0.00,0,0
1544349578,3006-eth2,136899.11,12065.93,148965.03,12078,137036,141.86,134.87,276.72,135,142,0.00,0.00,0,0
1544349578,1003-eth4,0.00,0.00,0.00,0,0,0.00,0.00,0.00,0,0,0.00,0.00,0,0
1544349578,2006-eth2,9594.41,9692.31,19286.71,9702,9604,97.90,98.90,196.80,99,98,0.00,0.00,0,0
1544349578,3001-eth1,0.00,0.00,0.00,0,0,0.00,0.00,0.00,0,0,0.00,0.00,0,0
1544349578,3008-eth2,5776.22,5678.32,11454.55,5684,5782,58.94,57.94,116.88,58,59,0.00,0.00,0,0
1544349578,2004-eth3,13226.77,294449.56,307676.34,294744,13240,139.86,155.84,295.70,156,140,0.00,0.00,0,0
1544349578,3001-eth4,1220499.50,1220433.62,2440933.25,1221654,1221720,739.26,738.26,1477.52,739,740,0.00,0.00,0,0
1544349578,1003-eth1,0.00,0.00,0.00,0,0,0.00,0.00,0.00,0,0,0.00,0.00,0,0
1544349578,3002-eth2,5874.13,5874.13,11748.25,5880,5880,59.94,59.94,119.88,60,60,0.00,0.00,0,0
1544349578,2005-eth4,23980.02,1010006.00,1033986.06,1011016,24004,353.65,367.63,721.28,368,354,0.00,0.00,0,0
1544349578,3003-eth2,294449.56,13226.77,307676.34,13240,294744,155.84,139.86,295.70,140,156,0.00,0.00,0,0
1544349578,2007-eth1,454561.44,245452.55,700014.00,245698,455016,309.69,268.73,578.42,269,310,0.00,0.00,0,0
1544349578,1002-eth4,0.00,69.93,69.93,70,0,0.00,1.00,1.00,1,0,0.00,0.00,0,0
1544349578,3002-eth4,24975.03,801250.75,826225.81,802052,25000,339.66,353.65,693.31,354,340,0.00,0.00,0,0
1544349578,2007-eth3,234229.78,13052.95,247282.72,13066,234464,107.89,138.86,246.75,139,108,0.00,0.00,0,0
1544349578,3005-eth1,963982.06,1153934.12,2117916.25,1155088,964946,776.22,803.20,1579.42,804,777,0.00,0.00,0,0
1544349578,2001-eth4,454659.34,245550.45,700209.81,245796,455114,310.69,269.73,580.42,270,311,0.00,0.00,0,0
1544349578,3003-eth4,34173.83,1218575.50,1252749.25,1219794,34208,479.52,496.50,976.02,497,480,0.00,0.00,0,0
1544349578,2004-eth1,0.00,0.00,0.00,0,0,0.00,0.00,0.00,0,0,0.00,0.00,0,0
1544349578,3006-eth4,10107.89,135038.97,145146.86,135174,10118,114.89,122.88,237.76,123,115,0.00,0.00,0,0
1544349578,3007-eth1,13052.95,234229.78,247282.72,234464,13066,138.86,107.89,246.75,108,139,0.00,0.00,0,0
1544349578,2008-eth1,0.00,0.00,0.00,0,0,0.00,0.00,0.00,0,0,0.00,0.00,0,0
1544349578,2002-eth2,5874.13,5874.13,11748.25,5880,5880,59.94,59.94,119.88,60,60,0.00,0.00,0,0
1544349578,2003-eth1,151756.25,947736.31,1099492.50,948684,151908,515.48,501.50,1016.98,502,516,0.00,0.00,0,0
1544349578,3008-eth4,34009.99,1221436.62,1255446.62,1222658,34044,477.52,496.50,974.03,497,478,0.00,0.00,0,0
1544349578,1004-eth4,5678.32,5776.22,11454.55,5782,5684,57.94,58.94,116.88,59,58,0.00,0.00,0,0
1544349578,3006-eth1,1010006.00,23980.02,1033986.06,24004,1011016,367.63,353.65,721.28,354,368,0.00,0.00,0,0
1544349578,1004-eth3,9692.31,9594.41,19286.71,9604,9702,98.90,97.90,196.80,98,99,0.00,0.00,0,0
1544349578,1002-eth2,0.00,0.00,0.00,0,0,0.00,0.00,0.00,0,0,0.00,0.00,0,0
1544349578,3004-eth3,1172509.50,132107.89,1304617.38,132240,1173682,428.57,423.58,852.15,424,429,0.00,0.00,0,0
1544349578,2003-eth3,5776.22,5776.22,11552.45,5782,5782,58.94,58.94,117.88,59,59,0.00,0.00,0,0
1544349578,2005-eth1,943918.12,147938.06,1091856.12,148086,944862,462.54,476.52,939.06,477,463,0.00,0.00,0,0
1544349578,3002-eth3,1220931.12,260669.34,1481600.50,260930,1222152,517.48,508.49,1025.97,509,518,0.00,0.00,0,0
1544349578,3006-eth3,29854.15,1015782.25,1045636.38,1016798,29884,413.59,426.57,840.16,427,414,0.00,0.00,0,0
1544349578,2001-eth1,245550.45,454659.34,700209.81,455114,245796,269.73,310.69,580.42,311,270,0.00,0.00,0,0
1544349578,3005-eth2,2373.63,127304.70,129678.33,127432,2376,35.96,43.96,79.92,44,36,0.00,0.00,0,0
1544349578,2001-eth2,0.00,0.00,0.00,0,0,0.00,0.00,0.00,0,0,0.00,0.00,0,0
1544349578,3007-eth2,0.00,0.00,0.00,0,0,0.00,0.00,0.00,0,0,0.00,0.00,0,0
1544349578,1001-eth1,454659.34,245550.45,700209.81,245796,455114,310.69,269.73,580.42,270,311,0.00,0.00,0,0
1544349578,3007-eth4,1226251.75,1219796.25,2446048.00,1221016,1227478,914.09,909.09,1823.18,910,915,0.00,0.00,0,0
1544349578,2003-eth2,0.00,0.00,0.00,0,0,0.00,0.00,0.00,0,0,0.00,0.00,0,0
1544349578,3007-eth3,1206743.25,825792.25,2032535.50,826618,1207950,770.23,764.24,1534.47,765,771,0.00,0.00,0,0
1544349578,1002-eth1,0.00,0.00,0.00,0,0,0.00,0.00,0.00,0,0,0.00,0.00,0,0
1544349578,2002-eth3,0.00,0.00,0.00,0,0,0.00,0.00,0.00,0,0,0.00,0.00,0,0
1544349578,2007-eth2,69.93,0.00,69.93,0,70,1.00,0.00,1.00,0,1,0.00,0.00,0,0
1544349578,total,23718342.00,23661560.00,47379900.00,23685220,23742060,18847.15,18833.17,37680.32,18852,18866,0.00,0.00,0,0
1544349579,3003-eth3,1222645.38,307226.78,1529872.12,307534,1223868,549.45,534.47,1083.92,535,550,0.00,0.00,0,0
1544349579,2002-eth1,0.00,0.00,0.00,0,0,0.00,0.00,0.00,0,0,0.00,0.00,0,0
1544349579,lo,1198.80,1198.80,2397.60,1200,1200,19.98,19.98,39.96,20,20,0.00,0.00,0,0
1544349579,3005-eth3,1218863.12,1222090.00,2440953.00,1223312,1220082,780.22,807.19,1587.41,808,781,0.00,0.00,0,0
1544349579,2005-eth3,1146613.38,918107.94,2064721.38,919026,1147760,785.21,760.24,1545.45,761,786,0.00,0.00,0,0
1544349579,3004-eth4,1229384.62,1223566.50,2452951.00,1224790,1230614,918.08,942.06,1860.14,943,919,0.00,0.00,0,0
1544349579,1004-eth2,1958.04,1958.04,3916.08,1960,1960,19.98,19.98,39.96,20,20,0.00,0.00,0,0
1544349579,2004-eth4,280853.16,11816.18,292669.34,11828,281134,134.87,133.87,268.73,134,135,0.00,0.00,0,0
1544349579,1001-eth2,904069.94,231736.27,1135806.25,231968,904974,518.48,527.47,1045.95,528,519,0.00,0.00,0,0
1544349579,1003-eth3,0.00,0.00,0.00,0,0,0.00,0.00,0.00,0,0,0.00,0.00,0,0
1544349579,2002-eth4,5776.22,5776.22,11552.45,5782,5782,58.94,58.94,117.88,59,59,0.00,0.00,0,0
1544349579,1001-eth4,256863.14,440277.72,697140.88,440718,257120,287.71,294.71,582.42,295,288,0.00,0.00,0,0
1544349579,3001-eth2,0.00,0.00,0.00,0,0,0.00,0.00,0.00,0,0,0.00,0.00,0,0
1544349579,1004-eth1,5776.22,5776.22,11552.45,5782,5782,58.94,58.94,117.88,59,59,0.00,0.00,0,0
1544349579,3005-eth4,1221067.00,921206.81,2142273.75,922128,1222288,813.19,807.19,1620.38,808,814,0.00,0.00,0,0
1544349579,1003-eth2,0.00,0.00,0.00,0,0,0.00,0.00,0.00,0,0,0.00,0.00,0,0
1544349579,3008-eth1,428257.75,11320.68,439578.44,11332,428686,166.83,161.84,328.67,162,167,0.00,0.00,0,0
1544349579,1002-eth3,0.00,0.00,0.00,0,0,0.00,0.00,0.00,0,0,0.00,0.00,0,0
1544349579,2006-eth1,0.00,0.00,0.00,0,0,0.00,0.00,0.00,0,0,0.00,0.00,0,0
1544349579,3003-eth1,5874.13,5874.13,11748.25,5880,5880,59.94,59.94,119.88,60,60,0.00,0.00,0,0
1544349579,2001-eth3,0.00,0.00,0.00,0,0,0.00,0.00,0.00,0,0,0.00,0.00,0,0
1544349579,2008-eth2,5776.22,5874.13,11650.35,5880,5782,58.94,59.94,118.88,60,59,0.00,0.00,0,0
1544349579,2008-eth3,0.00,0.00,0.00,0,0,0.00,0.00,0.00,0,0,0.00,0.00,0,0
1544349579,1001-eth3,227820.19,900153.88,1127974.00,901054,228048,487.51,478.52,966.03,479,488,0.00,0.00,0,0
1544349579,2007-eth4,11320.68,428257.75,439578.44,428686,11332,161.84,166.83,328.67,167,162,0.00,0.00,0,0
1544349579,2004-eth2,1958.04,1958.04,3916.08,1960,1960,19.98,19.98,39.96,20,20,0.00,0.00,0,0
1544349579,3002-eth1,256863.14,440277.72,697140.88,440718,257120,287.71,294.71,582.42,295,288,0.00,0.00,0,0
1544349579,3004-eth1,225862.14,898195.81,1124058.00,899094,226088,467.53,458.54,926.07,459,468,0.00,0.00,0,0
1544349579,2006-eth3,193916.09,3362.64,197278.73,3366,194110,66.93,50.95,117.88,51,67,0.00,0.00,0,0
1544349579,3004-eth2,11816.18,280853.16,292669.34,281134,11828,133.87,134.87,268.73,135,134,0.00,0.00,0,0
1544349579,3001-eth3,1223648.38,1216020.00,2439668.50,1217236,1224872,699.30,693.31,1392.61,694,700,0.00,0.00,0,0
1544349579,2003-eth4,898195.81,225862.14,1124058.00,226088,899094,458.54,467.53,926.07,468,459,0.00,0.00,0,0
1544349579,2008-eth4,5874.13,5776.22,11650.35,5782,5880,59.94,58.94,118.88,59,60,0.00,0.00,0,0
1544349579,3008-eth3,1220006.00,452739.28,1672745.25,453192,1221226,556.44,547.45,1103.90,548,557,0.00,0.00,0,0
1544349579,2005-eth2,0.00,0.00,0.00,0,0,0.00,0.00,0.00,0,0,0.00,0.00,0,0
1544349579,2006-eth4,12957.04,203608.39,216565.44,203812,12970,148.85,165.83,314.69,166,149,0.00,0.00,0,0
1544349579,3006-eth2,203608.39,12957.04,216565.44,12970,203812,165.83,148.85,314.69,149,166,0.00,0.00,0,0
1544349579,1003-eth4,0.00,0.00,0.00,0,0,0.00,0.00,0.00,0,0,0.00,0.00,0,0
1544349579,2006-eth2,9692.31,9594.41,19286.71,9604,9702,98.90,97.90,196.80,98,99,0.00,0.00,0,0
1544349579,3001-eth1,0.00,0.00,0.00,0,0,0.00,0.00,0.00,0,0,0.00,0.00,0,0
1544349579,3008-eth2,5776.22,5874.13,11650.35,5880,5782,58.94,59.94,118.88,60,59,0.00,0.00,0,0
1544349579,2004-eth3,13774.23,282811.19,296585.44,283094,13788,153.85,154.85,308.69,155,154,0.00,0.00,0,0
1544349579,3001-eth4,1210101.88,1223582.50,2433684.50,1224806,1211312,691.31,698.30,1389.61,699,692,0.00,0.00,0,0
1544349579,1003-eth1,0.00,0.00,0.00,0,0,0.00,0.00,0.00,0,0,0.00,0.00,0,0
1544349579,3002-eth2,5776.22,5776.22,11552.45,5782,5782,58.94,58.94,117.88,59,59,0.00,0.00,0,0
1544349579,2005-eth4,21870.13,922681.38,944551.50,923604,21892,321.68,337.66,659.34,338,322,0.00,0.00,0,0
1544349579,3003-eth2,282811.19,13774.23,296585.44,13788,283094,154.85,153.85,308.69,154,155,0.00,0.00,0,0
1544349579,2007-eth1,440277.72,256863.14,697140.88,257120,440718,294.71,287.71,582.42,288,295,0.00,0.00,0,0
1544349579,1002-eth4,0.00,0.00,0.00,0,0,0.00,0.00,0.00,0,0,0.00,0.00,0,0
1544349579,3002-eth4,24745.26,795234.81,819980.06,796030,24770,336.66,350.65,687.31,351,337,0.00,0.00,0,0
1544349579,2007-eth3,245542.47,12019.98,257562.44,12032,245788,125.87,127.87,253.75,128,126,0.00,0.00,0,0
1544349579,3005-eth1,918107.94,1146613.38,2064721.38,1147760,919026,760.24,785.21,1545.45,786,761,0.00,0.00,0,0
1544349579,2001-eth4,440277.72,256863.14,697140.88,257120,440718,294.71,287.71,582.42,288,295,0.00,0.00,0,0
1544349579,3003-eth4,34205.80,1223144.88,1257350.62,1224368,34240,479.52,499.50,979.02,500,480,0.00,0.00,0,0
1544349579,2004-eth1,0.00,0.00,0.00,0,0,0.00,0.00,0.00,0,0,0.00,0.00,0,0
1544349579,3006-eth4,11096.90,201650.36,212747.27,201852,11108,129.87,145.85,275.72,146,130,0.00,0.00,0,0
1544349579,3007-eth1,12019.98,245542.47,257562.44,245788,12032,127.87,125.87,253.75,126,128,0.00,0.00,0,0
1544349579,2008-eth1,0.00,0.00,0.00,0,0,0.00,0.00,0.00,0,0,0.00,0.00,0,0
1544349579,2002-eth2,5776.22,5776.22,11552.45,5782,5782,58.94,58.94,117.88,59,59,0.00,0.00,0,0
1544349579,2003-eth1,231736.27,904069.94,1135806.25,904974,231968,527.47,518.48,1045.95,519,528,0.00,0.00,0,0
1544349579,3008-eth4,34271.73,1221534.50,1255806.25,1222756,34306,480.52,497.50,978.02,498,481,0.00,0.00,0,0
1544349579,1004-eth4,5874.13,5776.22,11650.35,5782,5880,59.94,58.94,118.88,59,60,0.00,0.00,0,0
1544349579,3006-eth1,922681.38,21870.13,944551.50,21892,923604,337.66,321.68,659.34,322,338,0.00,0.00,0,0
1544349579,1004-eth3,9594.41,9692.31,19286.71,9702,9604,97.90,98.90,196.80,99,98,0.00,0.00,0,0
1544349579,1002-eth2,0.00,0.00,0.00,0,0,0.00,0.00,0.00,0,0,0.00,0.00,0,0
1544349579,3004-eth3,1178101.88,215026.98,1393128.88,215242,1179280,447.55,452.55,900.10,453,448,0.00,0.00,0,0
1544349579,2003-eth3,5874.13,5874.13,11748.25,5880,5880,59.94,59.94,119.88,60,60,0.00,0.00,0,0
1544349579,2005-eth1,900153.88,227820.19,1127974.00,228048,901054,478.52,487.51,966.03,488,479,0.00,0.00,0,0
1544349579,3002-eth3,1220597.38,271916.09,1492513.50,272188,1221818,536.46,525.47,1061.94,526,537,0.00,0.00,0,0
1544349579,3006-eth3,27646.35,928555.50,956201.81,929484,27674,380.62,397.60,778.22,398,381,0.00,0.00,0,0
1544349579,2001-eth1,256863.14,440277.72,697140.88,440718,257120,287.71,294.71,582.42,295,288,0.00,0.00,0,0
1544349579,3005-eth2,3362.64,193916.09,197278.73,194110,3366,50.95,66.93,117.88,67,51,0.00,0.00,0,0
1544349579,2001-eth2,0.00,0.00,0.00,0,0,0.00,0.00,0.00,0,0,0.00,0.00,0,0
1544349579,3007-eth2,0.00,0.00,0.00,0,0,0.00,0.00,0.00,0,0,0.00,0.00,0,0
1544349579,1001-eth1,440277.72,256863.14,697140.88,257120,440718,294.71,287.71,582.42,288,295,0.00,0.00,0,0
1544349579,3007-eth4,1231332.75,1220823.25,2452156.00,1222044,1232564,1012.99,951.05,1964.04,952,1014,0.00,0.00,0,0
1544349579,2003-eth2,0.00,0.00,0.00,0,0,0.00,0.00,0.00,0,0,0.00,0.00,0,0
1544349579,3007-eth3,1208803.25,711444.56,1920247.75,712156,1210012,823.18,741.26,1564.44,742,824,0.00,0.00,0,0
1544349579,1002-eth1,0.00,0.00,0.00,0,0,0.00,0.00,0.00,0,0,0.00,0.00,0,0
1544349579,2002-eth3,0.00,0.00,0.00,0,0,0.00,0.00,0.00,0,0,0.00,0.00,0,0
1544349579,2007-eth2,0.00,0.00,0.00,0,0,0.00,0.00,0.00,0,0,0.00,0.00,0,0
1544349579,total,23787846.00,23627092.00,47414940.00,23650718,23811634,18968.03,18924.08,37892.11,18943,18987,0.00,0.00,0,0
1544349580,3003-eth3,1220195.88,241007.00,1461202.88,241248,1221416,513.49,495.50,1008.99,496,514,0.00,0.00,0,0
1544349580,2002-eth1,0.00,0.00,0.00,0,0,0.00,0.00,0.00,0,0,0.00,0.00,0,0
1544349580,lo,0.00,0.00,0.00,0,0,0.00,0.00,0.00,0,0,0.00,0.00,0,0
1544349580,3005-eth3,1220639.38,1220163.88,2440803.25,1221384,1221860,785.21,815.18,1600.40,816,786,0.00,0.00,0,0
1544349580,2005-eth3,880741.31,800997.00,1681738.25,801798,881622,654.35,658.34,1312.69,659,655,0.00,0.00,0,0
1544349580,3004-eth4,1232243.75,1220771.25,2453015.00,1221992,1233476,961.04,787.21,1748.25,788,962,0.00,0.00,0,0
1544349580,1004-eth2,1958.04,1958.04,3916.08,1960,1960,19.98,19.98,39.96,20,20,0.00,0.00,0,0
1544349580,2004-eth4,214567.44,6000.00,220567.44,6006,214782,94.91,90.91,185.81,91,95,0.00,0.00,0,0
1544349580,1001-eth2,781830.19,139380.62,921210.81,139520,782612,411.59,395.60,807.19,396,412,0.00,0.00,0,0
1544349580,1003-eth3,0.00,0.00,0.00,0,0,0.00,0.00,0.00,0,0,0.00,0.00,0,0
1544349580,2002-eth4,5580.42,5580.42,11160.84,5586,5586,56.94,56.94,113.89,57,57,0.00,0.00,0,0
1544349580,1001-eth4,347011.00,462737.28,809748.25,463200,347358,294.71,335.66,630.37,336,295,0.00,0.00,0,0
1544349580,3001-eth2,0.00,0.00,0.00,0,0,0.00,0.00,0.00,0,0,0.00,0.00,0,0
1544349580,1004-eth1,5580.42,5580.42,11160.84,5586,5586,56.94,56.94,113.89,57,57,0.00,0.00,0,0
1544349580,3005-eth4,1220887.12,798493.50,2019380.62,799292,1222108,701.30,701.30,1402.60,702,702,0.00,0.00,0,0
1544349580,1003-eth2,0.00,0.00,0.00,0,0,0.00,0.00,0.00,0,0,0.00,0.00,0,0
1544349580,3008-eth1,447524.50,11122.88,458647.38,11134,447972,173.83,158.84,332.67,159,174,0.00,0.00,0,0
1544349580,1002-eth3,0.00,0.00,0.00,0,0,0.00,0.00,0.00,0,0,0.00,0.00,0,0
1544349580,2006-eth1,0.00,0.00,0.00,0,0,0.00,0.00,0.00,0,0,0.00,0.00,0,0
1544349580,3003-eth1,5776.22,5874.13,11650.35,5880,5782,58.94,59.94,118.88,60,59,0.00,0.00,0,0
1544349580,2001-eth3,0.00,0.00,0.00,0,0,0.00,0.00,0.00,0,0,0.00,0.00,0,0
1544349580,2008-eth2,5776.22,5776.22,11552.45,5782,5782,58.94,58.94,117.88,59,59,0.00,0.00,0,0
1544349580,2008-eth3,0.00,0.00,0.00,0,0,0.00,0.00,0.00,0,0,0.00,0.00,0,0
1544349580,1001-eth3,135562.44,777914.12,913476.56,778692,135698,356.64,371.63,728.27,372,357,0.00,0.00,0,0
1544349580,2007-eth4,11122.88,447524.50,458647.38,447972,11134,158.84,173.83,332.67,174,159,0.00,0.00,0,0
1544349580,2004-eth2,1958.04,1958.04,3916.08,1960,1960,19.98,19.98,39.96,20,20,0.00,0.00,0,0
1544349580,3002-eth1,347011.00,462639.38,809650.38,463102,347358,294.71,334.67,629.37,335,295,0.00,0.00,0,0
1544349580,3004-eth1,133604.41,775956.06,909560.44,776732,133738,336.66,351.65,688.31,352,337,0.00,0.00,0,0
1544349580,2006-eth3,141378.62,4221.78,145600.41,4226,141520,59.94,50.95,110.89,51,60,0.00,0.00,0,0
1544349580,3004-eth2,6000.00,214567.44,220567.44,214782,6006,90.91,94.91,185.81,95,91,0.00,0.00,0,0
1544349580,3001-eth3,1217928.12,1214903.12,2432831.25,1216118,1219146,700.30,698.30,1398.60,699,701,0.00,0.00,0,0
1544349580,2003-eth4,775956.06,133604.41,909560.44,133738,776732,351.65,336.66,688.31,337,352,0.00,0.00,0,0
1544349580,2008-eth4,5776.22,5776.22,11552.45,5782,5782,58.94,58.94,117.88,59,59,0.00,0.00,0,0
1544349580,3008-eth3,1224609.38,471940.06,1696549.50,472412,1225834,560.44,553.45,1113.89,554,561,0.00,0.00,0,0
1544349580,2005-eth2,0.00,0.00,0.00,0,0,0.00,0.00,0.00,0,0,0.00,0.00,0,0
1544349580,2006-eth4,13816.18,150973.03,164789.22,151124,13830,148.85,157.84,306.69,158,149,0.00,0.00,0,0
1544349580,3006-eth2,150973.03,13816.18,164789.22,13830,151124,157.84,148.85,306.69,149,158,0.00,0.00,0,0
1544349580,1003-eth4,0.00,0.00,0.00,0,0,0.00,0.00,0.00,0,0,0.00,0.00,0,0
1544349580,2006-eth2,9594.41,9594.41,19188.81,9604,9604,97.90,97.90,195.80,98,98,0.00,0.00,0,0
1544349580,3001-eth1,0.00,0.00,0.00,0,0,0.00,0.00,0.00,0,0,0.00,0.00,0,0
1544349580,3008-eth2,5776.22,5776.22,11552.45,5782,5782,58.94,58.94,117.88,59,59,0.00,0.00,0,0
1544349580,2004-eth3,7958.04,216525.48,224483.52,216742,7966,110.89,114.89,225.77,115,111,0.00,0.00,0,0
1544349580,3001-eth4,1216349.62,1217928.12,2434277.75,1219146,1217566,698.30,700.30,1398.60,701,699,0.00,0.00,0,0
1544349580,1003-eth1,0.00,0.00,0.00,0,0,0.00,0.00,0.00,0,0,0.00,0.00,0,0
1544349580,3002-eth2,5580.42,5580.42,11160.84,5586,5586,56.94,56.94,113.89,57,57,0.00,0.00,0,0
1544349580,2005-eth4,26999.00,749029.00,776028.00,749778,27026,326.67,336.66,663.34,337,327,0.00,0.00,0,0
1544349580,3003-eth2,216525.48,7958.04,224483.52,7966,216742,114.89,110.89,225.77,111,115,0.00,0.00,0,0
1544349580,2007-eth1,462737.28,347011.00,809748.25,347358,463200,335.66,294.71,630.37,295,336,0.00,0.00,0,0
1544349580,1002-eth4,0.00,0.00,0.00,0,0,0.00,0.00,0.00,0,0,0.00,0.00,0,0
1544349580,3002-eth4,24649.35,812793.25,837442.56,813606,24674,336.66,354.65,691.31,355,337,0.00,0.00,0,0
1544349580,2007-eth3,335888.12,15212.79,351100.91,15228,336224,135.86,161.84,297.70,162,136,0.00,0.00,0,0
1544349580,3005-eth1,800997.00,880741.31,1681738.25,881622,801798,658.34,654.35,1312.69,655,659,0.00,0.00,0,0
1544349580,2001-eth4,462639.38,347011.00,809650.38,347358,463102,334.67,294.71,629.37,295,335,0.00,0.00,0,0
1544349580,3003-eth4,34205.80,1218575.50,1252781.25,1219794,34240,479.52,496.50,976.02,497,480,0.00,0.00,0,0
1544349580,2004-eth1,0.00,0.00,0.00,0,0,0.00,0.00,0.00,0,0,0.00,0.00,0,0
1544349580,3006-eth4,11858.14,149014.98,160873.12,149164,11870,128.87,137.86,266.73,138,129,0.00,0.00,0,0
1544349580,3007-eth1,15212.79,335888.12,351100.91,336224,15228,161.84,135.86,297.70,136,162,0.00,0.00,0,0
1544349580,2008-eth1,0.00,0.00,0.00,0,0,0.00,0.00,0.00,0,0,0.00,0.00,0,0
1544349580,2002-eth2,5580.42,5580.42,11160.84,5586,5586,56.94,56.94,113.89,57,57,0.00,0.00,0,0
1544349580,2003-eth1,139380.62,781830.19,921210.81,782612,139520,395.60,411.59,807.19,412,396,0.00,0.00,0,0
1544349580,3008-eth4,34107.89,1220088.00,1254195.88,1221308,34142,478.52,497.50,976.02,498,479,0.00,0.00,0,0
1544349580,1004-eth4,5776.22,5776.22,11552.45,5782,5782,58.94,58.94,117.88,59,59,0.00,0.00,0,0
1544349580,3006-eth1,749029.00,26999.00,776028.00,27026,749778,336.66,326.67,663.34,327,337,0.00,0.00,0,0
1544349580,1004-eth3,9594.41,9594.41,19188.81,9604,9604,97.90,97.90,195.80,98,98,0.00,0.00,0,0
1544349580,1002-eth2,0.00,0.00,0.00,0,0,0.00,0.00,0.00,0,0,0.00,0.00,0,0
1544349580,3004-eth3,1199684.38,140989.02,1340673.38,141130,1200884,459.54,448.55,908.09,449,460,0.00,0.00,0,0
1544349580,2003-eth3,5874.13,5776.22,11650.35,5782,5880,59.94,58.94,118.88,59,60,0.00,0.00,0,0
1544349580,2005-eth1,777914.12,135562.44,913476.56,135698,778692,371.63,356.64,728.27,357,372,0.00,0.00,0,0
1544349580,3002-eth3,1223049.00,362261.75,1585310.75,362624,1224272,547.45,535.46,1082.92,536,548,0.00,0.00,0,0
1544349580,3006-eth3,32677.32,754707.31,787384.62,755462,32710,384.62,394.61,779.22,395,385,0.00,0.00,0,0
1544349580,2001-eth1,347011.00,462639.38,809650.38,463102,347358,294.71,334.67,629.37,335,295,0.00,0.00,0,0
1544349580,3005-eth2,4221.78,141378.62,145600.41,141520,4226,50.95,59.94,110.89,60,51,0.00,0.00,0,0
1544349580,2001-eth2,0.00,0.00,0.00,0,0,0.00,0.00,0.00,0,0,0.00,0.00,0,0
1544349580,3007-eth2,0.00,0.00,0.00,0,0,0.00,0.00,0.00,0,0,0.00,0.00,0,0
1544349580,1001-eth1,462639.38,347011.00,809650.38,347358,463102,334.67,294.71,629.37,295,335,0.00,0.00,0,0
1544349580,3007-eth4,1231007.00,1220645.38,2451652.50,1221866,1232238,1029.97,848.15,1878.12,849,1031,0.00,0.00,0,0
1544349580,2003-eth2,0.00,0.00,0.00,0,0,0.00,0.00,0.00,0,0,0.00,0.00,0,0
1544349580,3007-eth3,1205432.62,937692.31,2143125.00,938630,1206638,686.31,706.29,1392.61,707,687,0.00,0.00,0,0
1544349580,1002-eth1,0.00,0.00,0.00,0,0,0.00,0.00,0.00,0,0,0.00,0.00,0,0
1544349580,2002-eth3,0.00,0.00,0.00,0,0,0.00,0.00,0.00,0,0,0.00,0.00,0,0
1544349580,2007-eth2,0.00,0.00,0.00,0,0,0.00,0.00,0.00,0,0,0.00,0.00,0,0
1544349580,total,22825958.00,22478408.00,45304368.00,22500886,22848784,17818.18,17537.46,35355.65,17555,17836,0.00,0.00,0,0
1544349581,3003-eth3,1220521.50,301696.31,1522217.88,301998,1221742,498.50,494.51,993.01,495,499,0.00,0.00,0,0
1544349581,2002-eth1,0.00,0.00,0.00,0,0,0.00,0.00,0.00,0,0,0.00,0.00,0,0
1544349581,lo,1198.80,1198.80,2397.60,1200,1200,19.98,19.98,39.96,20,20,0.00,0.00,0,0
1544349581,3005-eth3,1223424.62,1222943.12,2446367.75,1224166,1224648,915.08,882.12,1797.20,883,916,0.00,0.00,0,0
1544349581,2005-eth3,922307.69,1013858.19,1936165.88,1014872,923230,714.29,745.25,1459.54,746,715,0.00,0.00,0,0
1544349581,3004-eth4,1223164.88,1223334.75,2446499.50,1224558,1224388,933.07,782.22,1715.28,783,934,0.00,0.00,0,0
1544349581,1004-eth2,1958.04,1958.04,3916.08,1960,1960,19.98,19.98,39.96,20,20,0.00,0.00,0,0
1544349581,2004-eth4,275322.69,5274.73,280597.41,5280,275598,94.91,79.92,174.83,80,95,0.00,0.00,0,0
1544349581,1001-eth2,985546.50,122119.88,1107666.38,122242,986532,441.56,396.60,838.16,397,442,0.00,0.00,0,0
1544349581,1003-eth3,0.00,0.00,0.00,0,0,0.00,0.00,0.00,0,0,0.00,0.00,0,0
1544349581,2002-eth4,5874.13,5874.13,11748.25,5880,5880,59.94,59.94,119.88,60,60,0.00,0.00,0,0
1544349581,1001-eth4,277840.16,464103.91,741944.06,464568,278118,298.70,285.71,584.42,286,299,0.00,0.00,0,0
1544349581,3001-eth2,0.00,0.00,0.00,0,0,0.00,0.00,0.00,0,0,0.00,0.00,0,0
1544349581,1004-eth1,5874.13,5874.13,11748.25,5880,5880,59.94,59.94,119.88,60,60,0.00,0.00,0,0
1544349581,3005-eth4,1215430.62,1001542.50,2216973.00,1002544,1216646,706.29,731.27,1437.56,732,707,0.00,0.00,0,0
1544349581,1003-eth2,0.00,0.00,0.00,0,0,0.00,0.00,0.00,0,0,0.00,0.00,0,0
1544349581,3008-eth1,456401.62,11518.48,467920.09,11530,456858,176.82,164.84,341.66,165,177,0.00,0.00,0,0
1544349581,1002-eth3,0.00,0.00,0.00,0,0,0.00,0.00,0.00,0,0,0.00,0.00,0,0
1544349581,2006-eth1,0.00,0.00,0.00,0,0,0.00,0.00,0.00,0,0,0.00,0.00,0,0
1544349581,3003-eth1,5874.13,5776.22,11650.35,5782,5880,59.94,58.94,118.88,59,60,0.00,0.00,0,0
1544349581,2001-eth3,0.00,0.00,0.00,0,0,0.00,0.00,0.00,0,0,0.00,0.00,0,0
1544349581,2008-eth2,5874.13,5874.13,11748.25,5880,5880,59.94,59.94,119.88,60,60,0.00,0.00,0,0
1544349581,2008-eth3,0.00,0.00,0.00,0,0,0.00,0.00,0.00,0,0,0.00,0.00,0,0
1544349581,1001-eth3,118203.80,981728.31,1099932.12,982710,118322,356.64,402.60,759.24,403,357,0.00,0.00,0,0
1544349581,2007-eth4,11518.48,456401.62,467920.09,456858,11530,164.84,176.82,341.66,177,165,0.00,0.00,0,0
1544349581,2004-eth2,1958.04,1958.04,3916.08,1960,1960,19.98,19.98,39.96,20,20,0.00,0.00,0,0
1544349581,3002-eth1,277742.25,464103.91,741846.19,464568,278020,297.70,285.71,583.42,286,298,0.00,0.00,0,0
1544349581,3004-eth1,116245.76,979770.25,1096016.00,980750,116362,336.66,382.62,719.28,383,337,0.00,0.00,0,0
1544349581,2006-eth3,156503.50,6385.61,162889.11,6392,156660,69.93,67.93,137.86,68,70,0.00,0.00,0,0
1544349581,3004-eth2,5274.73,275322.69,280597.41,275598,5280,79.92,94.91,174.83,95,80,0.00,0.00,0,0
1544349581,3001-eth3,1221019.00,1209051.00,2430070.00,1210260,1222240,703.30,697.30,1400.60,698,704,0.00,0.00,0,0
1544349581,2003-eth4,979770.25,116245.76,1096016.00,116362,980750,382.62,336.66,719.28,337,383,0.00,0.00,0,0
1544349581,2008-eth4,5874.13,5874.13,11748.25,5880,5880,59.94,59.94,119.88,60,60,0.00,0.00,0,0
1544349581,3008-eth3,1217352.62,480793.22,1698145.88,481274,1218570,560.44,556.44,1116.88,557,561,0.00,0.00,0,0
1544349581,2005-eth2,0.00,0.00,0.00,0,0,0.00,0.00,0.00,0,0,0.00,0.00,0,0
1544349581,2006-eth4,16175.82,166293.70,182469.53,166460,16192,167.83,169.83,337.66,170,168,0.00,0.00,0,0
1544349581,3006-eth2,166293.70,16175.82,182469.53,16192,166460,169.83,167.83,337.66,168,170,0.00,0.00,0,0
1544349581,1003-eth4,0.00,0.00,0.00,0,0,0.00,0.00,0.00,0,0,0.00,0.00,0,0
1544349581,2006-eth2,9790.21,9790.21,19580.42,9800,9800,99.90,99.90,199.80,100,100,0.00,0.00,0,0
1544349581,3001-eth1,0.00,0.00,0.00,0,0,0.00,0.00,0.00,0,0,0.00,0.00,0,0
1544349581,3008-eth2,5874.13,5874.13,11748.25,5880,5880,59.94,59.94,119.88,60,60,0.00,0.00,0,0
1544349581,2004-eth3,7232.77,277280.72,284513.50,277558,7240,99.90,114.89,214.79,115,100,0.00,0.00,0,0
1544349581,3001-eth4,1208919.12,1221019.00,2429938.25,1222240,1210128,695.30,703.30,1398.60,704,696,0.00,0.00,0,0
1544349581,1003-eth1,0.00,0.00,0.00,0,0,0.00,0.00,0.00,0,0,0.00,0.00,0,0
1544349581,3002-eth2,5874.13,5874.13,11748.25,5880,5880,59.94,59.94,119.88,60,60,0.00,0.00,0,0
1544349581,2005-eth4,36045.95,808085.94,844131.88,808894,36082,382.62,398.60,781.22,399,383,0.00,0.00,0,0
1544349581,3003-eth2,277280.72,7232.77,284513.50,7240,277558,114.89,99.90,214.79,100,115,0.00,0.00,0,0
1544349581,2007-eth1,464103.91,277840.16,741944.06,278118,464568,285.71,298.70,584.42,299,286,0.00,0.00,0,0
1544349581,1002-eth4,0.00,0.00,0.00,0,0,0.00,0.00,0.00,0,0,0.00,0.00,0,0
1544349581,3002-eth4,24513.49,798193.81,822707.31,798992,24538,332.67,351.65,684.32,352,333,0.00,0.00,0,0
1544349581,2007-eth3,266321.69,7768.23,274089.91,7776,266588,133.87,109.89,243.76,110,134,0.00,0.00,0,0
1544349581,3005-eth1,1013858.19,922307.69,1936165.88,923230,1014872,745.25,714.29,1459.54,715,746,0.00,0.00,0,0
1544349581,2001-eth4,464103.91,277742.25,741846.19,278020,464568,285.71,297.70,583.42,298,286,0.00,0.00,0,0
1544349581,3003-eth4,34173.83,1224591.50,1258765.25,1225816,34208,479.52,499.50,979.02,500,480,0.00,0.00,0,0
1544349581,2004-eth1,0.00,0.00,0.00,0,0,0.00,0.00,0.00,0,0,0.00,0.00,0,0
1544349581,3006-eth4,14119.88,164237.77,178357.64,164402,14134,146.85,148.85,295.70,149,147,0.00,0.00,0,0
1544349581,3007-eth1,7768.23,266321.69,274089.91,266588,7776,109.89,133.87,243.76,134,110,0.00,0.00,0,0
1544349581,2008-eth1,0.00,0.00,0.00,0,0,0.00,0.00,0.00,0,0,0.00,0.00,0,0
1544349581,2002-eth2,5874.13,5874.13,11748.25,5880,5880,59.94,59.94,119.88,60,60,0.00,0.00,0,0
1544349581,2003-eth1,122119.88,985546.50,1107666.38,986532,122242,396.60,441.56,838.16,442,397,0.00,0.00,0,0
1544349581,3008-eth4,34181.82,1224633.38,1258815.25,1225858,34216,479.52,500.50,980.02,501,480,0.00,0.00,0,0
1544349581,1004-eth4,5874.13,5874.13,11748.25,5880,5880,59.94,59.94,119.88,60,60,0.00,0.00,0,0
1544349581,3006-eth1,808085.94,36045.95,844131.88,36082,808894,398.60,382.62,781.22,383,399,0.00,0.00,0,0
1544349581,1004-eth3,9790.21,9790.21,19580.42,9800,9800,99.90,99.90,199.80,100,100,0.00,0.00,0,0
1544349581,1002-eth2,0.00,0.00,0.00,0,0,0.00,0.00,0.00,0,0,0.00,0.00,0,0
1544349581,3004-eth3,1203276.75,123234.77,1326511.50,123358,1204480,459.54,442.56,902.10,443,460,0.00,0.00,0,0
1544349581,2003-eth3,5776.22,5874.13,11650.35,5880,5782,58.94,59.94,118.88,60,59,0.00,0.00,0,0
1544349581,2005-eth1,981728.31,118203.80,1099932.12,118322,982710,402.60,356.64,759.24,357,403,0.00,0.00,0,0
1544349581,3002-eth3,1218549.50,292563.44,1511112.88,292856,1219768,545.45,531.47,1076.92,532,546,0.00,0.00,0,0
1544349581,3006-eth3,41822.18,813862.19,855684.31,814676,41864,441.56,457.54,899.10,458,442,0.00,0.00,0,0
1544349581,2001-eth1,277742.25,464103.91,741846.19,464568,278020,297.70,285.71,583.42,286,298,0.00,0.00,0,0
1544349581,3005-eth2,6385.61,156503.50,162889.11,156660,6392,67.93,69.93,137.86,70,68,0.00,0.00,0,0
1544349581,2001-eth2,0.00,0.00,0.00,0,0,0.00,0.00,0.00,0,0,0.00,0.00,0,0
1544349581,3007-eth2,0.00,0.00,0.00,0,0,0.00,0.00,0.00,0,0,0.00,0.00,0,0
1544349581,1001-eth1,464103.91,277742.25,741846.19,278020,464568,285.71,297.70,583.42,298,286,0.00,0.00,0,0
1544349581,3007-eth4,1222287.75,1222869.12,2445157.00,1224092,1223510,810.19,811.19,1621.38,812,811,0.00,0.00,0,0
1544349581,2003-eth2,0.00,0.00,0.00,0,0,0.00,0.00,0.00,0,0,0.00,0.00,0,0
1544349581,3007-eth3,1215100.88,940849.19,2155950.00,941790,1216316,701.30,710.29,1411.59,711,702,0.00,0.00,0,0
1544349581,1002-eth1,0.00,0.00,0.00,0,0,0.00,0.00,0.00,0,0,0.00,0.00,0,0
1544349581,2002-eth3,0.00,0.00,0.00,0,0,0.00,0.00,0.00,0,0,0.00,0.00,0,0
1544349581,2007-eth2,0.00,0.00,0.00,0,0,0.00,0.00,0.00,0,0,0.00,0.00,0,0
1544349581,total,23583226.00,23510782.00,47094008.00,23534292,23606808,18025.97,17918.08,35944.06,17936,18044,0.00,0.00,0,0
1544349582,3003-eth3,1219536.50,307746.25,1527282.75,308054,1220756,505.49,498.50,1004.00,499,506,0.00,0.00,0,0
1544349582,2002-eth1,0.00,0.00,0.00,0,0,0.00,0.00,0.00,0,0,0.00,0.00,0,0
1544349582,lo,0.00,0.00,0.00,0,0,0.00,0.00,0.00,0,0,0.00,0.00,0,0
1544349582,3005-eth3,1230479.50,1220527.50,2451007.00,1221748,1231710,1021.98,967.03,1989.01,968,1023,0.00,0.00,0,0
1544349582,2005-eth3,921858.19,1024415.62,1946273.75,1025440,922780,773.23,831.17,1604.40,832,774,0.00,0.00,0,0
1544349582,3004-eth4,1223862.12,1219196.88,2443059.00,1220416,1225086,790.21,807.19,1597.40,808,791,0.00,0.00,0,0
1544349582,1004-eth2,1958.04,1958.04,3916.08,1960,1960,19.98,19.98,39.96,20,20,0.00,0.00,0,0
1544349582,2004-eth4,281240.78,5868.13,287108.91,5874,281522,96.90,88.91,185.81,89,97,0.00,0.00,0,0
1544349582,1001-eth2,990943.06,166971.03,1157914.12,167138,991934,472.53,440.56,913.09,441,473,0.00,0.00,0,0
1544349582,1003-eth3,0.00,0.00,0.00,0,0,0.00,0.00,0.00,0,0,0.00,0.00,0,0
1544349582,2002-eth4,5678.32,5776.22,11454.55,5782,5684,57.94,58.94,116.88,59,58,0.00,0.00,0,0
1544349582,1001-eth4,347732.28,450103.91,797836.19,450554,348080,321.68,256.74,578.42,257,322,0.00,0.00,0,0
1544349582,3001-eth2,0.00,0.00,0.00,0,0,0.00,0.00,0.00,0,0,0.00,0.00,0,0
1544349582,1004-eth1,5678.32,5776.22,11454.55,5782,5684,57.94,58.94,116.88,59,58,0.00,0.00,0,0
1544349582,3005-eth4,1188209.88,1003908.12,2192118.00,1004912,1189398,710.29,723.28,1433.57,724,711,0.00,0.00,0,0
1544349582,1003-eth2,0.00,0.00,0.00,0,0,0.00,0.00,0.00,0,0,0.00,0.00,0,0
1544349582,3008-eth1,444763.25,11444.56,456207.81,11456,445208,175.82,157.84,333.67,158,176,0.00,0.00,0,0
1544349582,1002-eth3,0.00,0.00,0.00,0,0,0.00,0.00,0.00,0,0,0.00,0.00,0,0
1544349582,2006-eth1,0.00,0.00,0.00,0,0,0.00,0.00,0.00,0,0,0.00,0.00,0,0
1544349582,3003-eth1,5874.13,5874.13,11748.25,5880,5880,59.94,59.94,119.88,60,60,0.00,0.00,0,0
1544349582,2001-eth3,0.00,0.00,0.00,0,0,0.00,0.00,0.00,0,0,0.00,0.00,0,0
1544349582,2008-eth2,5776.22,5874.13,11650.35,5880,5782,58.94,59.94,118.88,60,59,0.00,0.00,0,0
1544349582,2008-eth3,0.00,0.00,0.00,0,0,0.00,0.00,0.00,0,0,0.00,0.00,0,0
1544349582,1001-eth3,163054.95,987027.00,1150082.00,988014,163218,400.60,432.57,833.17,433,401,0.00,0.00,0,0
1544349582,2007-eth4,11444.56,444763.25,456207.81,445208,11456,157.84,175.82,333.67,176,158,0.00,0.00,0,0
1544349582,2004-eth2,1958.04,1958.04,3916.08,1960,1960,19.98,19.98,39.96,20,20,0.00,0.00,0,0
1544349582,3002-eth1,347732.28,450103.91,797836.19,450554,348080,321.68,256.74,578.42,257,322,0.00,0.00,0,0
1544349582,3004-eth1,161096.91,985068.94,1146165.88,986054,161258,380.62,412.59,793.21,413,381,0.00,0.00,0,0
1544349582,2006-eth3,171430.58,6667.33,178097.91,6674,171602,76.92,70.93,147.85,71,77,0.00,0.00,0,0
1544349582,3004-eth2,5868.13,281240.78,287108.91,281522,5874,88.91,96.90,185.81,97,89,0.00,0.00,0,0
1544349582,3001-eth3,1221678.38,1218521.50,2440199.75,1219740,1222900,713.29,709.29,1422.58,710,714,0.00,0.00,0,0
1544349582,2003-eth4,985068.94,161096.91,1146165.88,161258,986054,412.59,380.62,793.21,381,413,0.00,0.00,0,0
1544349582,2008-eth4,5874.13,5776.22,11650.35,5782,5880,59.94,58.94,118.88,59,60,0.00,0.00,0,0
1544349582,3008-eth3,1223108.88,469310.69,1692419.62,469780,1224332,557.44,557.44,1114.89,558,558,0.00,0.00,0,0
1544349582,2005-eth2,0.00,0.00,0.00,0,0,0.00,0.00,0.00,0,0,0.00,0.00,0,0
1544349582,2006-eth4,16359.64,181122.88,197482.52,181304,16376,169.83,175.82,345.65,176,170,0.00,0.00,0,0
1544349582,3006-eth2,181122.88,16359.64,197482.52,16376,181304,175.82,169.83,345.65,170,176,0.00,0.00,0,0
1544349582,1003-eth4,69.93,0.00,69.93,0,70,1.00,0.00,1.00,0,1,0.00,0.00,0,0
1544349582,2006-eth2,9692.31,9692.31,19384.62,9702,9702,98.90,98.90,197.80,99,99,0.00,0.00,0,0
1544349582,3001-eth1,0.00,0.00,0.00,0,0,0.00,0.00,0.00,0,0,0.00,0.00,0,0
1544349582,3008-eth2,5776.22,5874.13,11650.35,5880,5782,58.94,59.94,118.88,60,59,0.00,0.00,0,0
1544349582,2004-eth3,7826.17,283198.81,291024.97,283482,7834,108.89,116.88,225.77,117,109,0.00,0.00,0,0
1544349582,3001-eth4,1218653.38,1221744.25,2440397.75,1222966,1219872,711.29,714.29,1425.57,715,712,0.00,0.00,0,0
1544349582,1003-eth1,0.00,0.00,0.00,0,0,0.00,0.00,0.00,0,0,0.00,0.00,0,0
1544349582,3002-eth2,5776.22,5678.32,11454.55,5684,5782,58.94,57.94,116.88,58,59,0.00,0.00,0,0
1544349582,2005-eth4,41304.70,762653.38,803958.06,763416,41346,438.56,411.59,850.15,412,439,0.00,0.00,0,0
1544349582,3003-eth2,283198.81,7826.17,291024.97,7834,283482,116.88,108.89,225.77,109,117,0.00,0.00,0,0
1544349582,2007-eth1,450103.91,347732.28,797836.19,348080,450554,256.74,321.68,578.42,322,257,0.00,0.00,0,0
1544349582,1002-eth4,0.00,0.00,0.00,0,0,0.00,0.00,0.00,0,0,0.00,0.00,0,0
1544349582,3002-eth4,25726.28,779916.12,805642.38,780696,25752,341.66,359.64,701.30,360,342,0.00,0.00,0,0
1544349582,2007-eth3,336287.72,5274.73,341562.44,5280,336624,163.84,79.92,243.76,80,164,0.00,0.00,0,0
1544349582,3005-eth1,1024415.62,921858.19,1946273.75,922780,1025440,831.17,773.23,1604.40,774,832,0.00,0.00,0,0
1544349582,2001-eth4,450103.91,347732.28,797836.19,348080,450554,256.74,321.68,578.42,322,257,0.00,0.00,0,0
1544349582,3003-eth4,34337.66,1221632.38,1255970.12,1222854,34372,481.52,498.50,980.02,499,482,0.00,0.00,0,0
1544349582,2004-eth1,0.00,0.00,0.00,0,0,0.00,0.00,0.00,0,0,0.00,0.00,0,0
1544349582,3006-eth4,14499.50,179262.73,193762.25,179442,14514,150.85,156.84,307.69,157,151,0.00,0.00,0,0
1544349582,3007-eth1,5274.73,336287.72,341562.44,336624,5280,79.92,163.84,243.76,164,80,0.00,0.00,0,0
1544349582,2008-eth1,0.00,69.93,69.93,70,0,0.00,1.00,1.00,1,0,0.00,0.00,0,0
1544349582,2002-eth2,5776.22,5678.32,11454.55,5684,5782,58.94,57.94,116.88,58,59,0.00,0.00,0,0
1544349582,2003-eth1,166971.03,990943.06,1157914.12,991934,167138,440.56,472.53,913.09,473,441,0.00,0.00,0,0
1544349582,3008-eth4,34337.66,1218575.50,1252913.12,1219794,34372,481.52,496.50,978.02,497,482,0.00,0.00,0,0
1544349582,1004-eth4,5874.13,5776.22,11650.35,5782,5880,59.94,58.94,118.88,59,60,0.00,0.00,0,0
1544349582,3006-eth1,762653.38,41304.70,803958.06,41346,763416,411.59,438.56,850.15,439,412,0.00,0.00,0,0
1544349582,1004-eth3,9692.31,9692.31,19384.62,9702,9702,98.90,98.90,197.80,99,99,0.00,0.00,0,0
1544349582,1002-eth2,0.00,0.00,0.00,0,0,0.00,0.00,0.00,0,0,0.00,0.00,0,0
1544349582,3004-eth3,1199698.38,166833.17,1366531.50,167000,1200898,486.51,467.53,954.05,468,487,0.00,0.00,0,0
1544349582,2003-eth3,5874.13,5874.13,11748.25,5880,5880,59.94,59.94,119.88,60,60,0.00,0.00,0,0
1544349582,2005-eth1,987027.00,163054.95,1150082.00,163218,988014,432.57,400.60,833.17,401,433,0.00,0.00,0,0
1544349582,3002-eth3,1222461.62,363864.16,1586325.75,364228,1223684,575.42,565.43,1140.86,566,576,0.00,0.00,0,0
1544349582,3006-eth3,47080.92,768429.56,815510.50,769198,47128,497.50,470.53,968.03,471,498,0.00,0.00,0,0
1544349582,2001-eth1,347732.28,450103.91,797836.19,450554,348080,321.68,256.74,578.42,257,322,0.00,0.00,0,0
1544349582,3005-eth2,6667.33,171430.58,178097.91,171602,6674,70.93,76.92,147.85,77,71,0.00,0.00,0,0
1544349582,2001-eth2,0.00,0.00,0.00,0,0,0.00,0.00,0.00,0,0,0.00,0.00,0,0
1544349582,3007-eth2,0.00,0.00,0.00,0,0,0.00,0.00,0.00,0,0,0.00,0.00,0,0
1544349582,1001-eth1,450103.91,347732.28,797836.19,348080,450554,256.74,321.68,578.42,322,257,0.00,0.00,0,0
1544349582,3007-eth4,1224925.12,1218537.50,2443462.50,1219756,1226150,850.15,797.20,1647.35,798,851,0.00,0.00,0,0
1544349582,2003-eth2,0.00,0.00,0.00,0,0,0.00,0.00,0.00,0,0,0.00,0.00,0,0
1544349582,3007-eth3,1213262.75,982209.81,2195472.50,983192,1214476,717.28,723.28,1440.56,724,718,0.00,0.00,0,0
1544349582,1002-eth1,0.00,0.00,0.00,0,0,0.00,0.00,0.00,0,0,0.00,0.00,0,0
1544349582,2002-eth3,0.00,0.00,0.00,0,0,0.00,0.00,0.00,0,0,0.00,0.00,0,0
1544349582,2007-eth2,0.00,0.00,0.00,0,0,0.00,0.00,0.00,0,0,0.00,0.00,0,0
1544349582,total,23972574.00,23990932.00,47963504.00,24014922,23996546,18634.37,18554.45,37188.81,18573,18653,0.00,0.00,0,0
1544349583,3003-eth3,1216577.50,301696.31,1518273.75,301998,1217794,504.50,494.51,999.00,495,505,0.00,0.00,0,0
1544349583,2002-eth1,0.00,0.00,0.00,0,0,0.00,0.00,0.00,0,0,0.00,0.00,0,0
1544349583,lo,1198.80,1198.80,2397.60,1200,1200,19.98,19.98,39.96,20,20,0.00,0.00,0,0
1544349583,3005-eth3,1231278.75,1218121.88,2449400.75,1219340,1232510,1077.92,905.09,1983.02,906,1079,0.00,0.00,0,0
1544349583,2005-eth3,914151.88,991180.88,1905332.75,992172,915066,700.30,761.24,1461.54,762,701,0.00,0.00,0,0
1544349583,3004-eth4,1217812.25,1216040.00,2433852.25,1217256,1219030,786.21,803.20,1589.41,804,787,0.00,0.00,0,0
1544349583,1004-eth2,1958.04,1958.04,3916.08,1960,1960,19.98,19.98,39.96,20,20,0.00,0.00,0,0
1544349583,2004-eth4,275322.69,5736.26,281058.94,5742,275598,94.91,86.91,181.82,87,95,0.00,0.00,0,0
1544349583,1001-eth2,970004.00,148227.78,1118231.75,148376,970974,462.54,419.58,882.12,420,463,0.00,0.00,0,0
1544349583,1003-eth3,0.00,0.00,0.00,0,0,0.00,0.00,0.00,0,0,0.00,0.00,0,0
1544349583,2002-eth4,5720.28,5622.38,11342.66,5628,5726,58.94,57.94,116.88,58,59,0.00,0.00,0,0
1544349583,1001-eth4,324831.19,323664.34,648495.50,323988,325156,283.72,269.73,553.45,270,284,0.00,0.00,0,0
1544349583,3001-eth2,0.00,0.00,0.00,0,0,0.00,0.00,0.00,0,0,0.00,0.00,0,0
1544349583,1004-eth1,5720.28,5622.38,11342.66,5628,5726,58.94,57.94,116.88,58,59,0.00,0.00,0,0
1544349583,3005-eth4,1201360.62,984905.12,2186265.75,985890,1202562,712.29,720.28,1432.57,721,713,0.00,0.00,0,0
1544349583,1003-eth2,0.00,0.00,0.00,0,0,0.00,0.00,0.00,0,0,0.00,0.00,0,0
1544349583,3008-eth1,317400.59,15446.55,332847.16,15462,317718,174.83,176.82,351.65,177,175,0.00,0.00,0,0
1544349583,1002-eth3,0.00,0.00,0.00,0,0,0.00,0.00,0.00,0,0,0.00,0.00,0,0
1544349583,2006-eth1,0.00,0.00,0.00,0,0,0.00,0.00,0.00,0,0,0.00,0.00,0,0
1544349583,3003-eth1,5874.13,5874.13,11748.25,5880,5880,59.94,59.94,119.88,60,60,0.00,0.00,0,0
1544349583,2001-eth3,0.00,0.00,0.00,0,0,0.00,0.00,0.00,0,0,0.00,0.00,0,0
1544349583,2008-eth2,5916.08,5818.18,11734.27,5824,5922,60.94,59.94,120.88,60,61,0.00,0.00,0,0
1544349583,2008-eth3,0.00,0.00,0.00,0,0,0.00,0.00,0.00,0,0,0.00,0.00,0,0
1544349583,1001-eth3,144311.69,966087.94,1110399.62,967054,144456,379.62,422.58,802.20,423,380,0.00,0.00,0,0
1544349583,2007-eth4,15446.55,317400.59,332847.16,317718,15462,176.82,174.83,351.65,175,177,0.00,0.00,0,0
1544349583,2004-eth2,1958.04,1958.04,3916.08,1960,1960,19.98,19.98,39.96,20,20,0.00,0.00,0,0
1544349583,3002-eth1,324831.19,323664.34,648495.50,323988,325156,283.72,269.73,553.45,270,284,0.00,0.00,0,0
1544349583,3004-eth1,142353.66,964129.88,1106483.50,965094,142496,359.64,402.60,762.24,403,360,0.00,0.00,0,0
1544349583,2006-eth3,134475.53,4881.12,139356.64,4886,134610,64.94,66.93,131.87,67,65,0.00,0.00,0,0
1544349583,3004-eth2,5736.26,275322.69,281058.94,275598,5742,86.91,94.91,181.82,95,87,0.00,0.00,0,0
1544349583,3001-eth3,1215760.25,1209578.50,2425338.75,1210788,1216976,711.29,705.29,1416.58,706,712,0.00,0.00,0,0
1544349583,2003-eth4,964129.88,142353.66,1106483.50,142496,965094,402.60,359.64,762.24,360,403,0.00,0.00,0,0
1544349583,2008-eth4,5818.18,5916.08,11734.27,5922,5824,59.94,60.94,120.88,61,60,0.00,0.00,0,0
1544349583,3008-eth3,1218139.88,341660.34,1559800.25,342002,1219358,570.43,552.45,1122.88,553,571,0.00,0.00,0,0
1544349583,2005-eth2,0.00,0.00,0.00,0,0,0.00,0.00,0.00,0,0,0.00,0.00,0,0
1544349583,2006-eth4,14475.52,144069.94,158545.45,144214,14490,164.84,162.84,327.67,163,165,0.00,0.00,0,0
1544349583,3006-eth2,144069.94,14475.52,158545.45,14490,144214,162.84,164.84,327.67,165,163,0.00,0.00,0,0
1544349583,1003-eth4,0.00,0.00,0.00,0,0,0.00,0.00,0.00,0,0,0.00,0.00,0,0
1544349583,2006-eth2,9594.41,9594.41,19188.81,9604,9604,97.90,97.90,195.80,98,98,0.00,0.00,0,0
1544349583,3001-eth1,0.00,0.00,0.00,0,0,0.00,0.00,0.00,0,0,0.00,0.00,0,0
1544349583,3008-eth2,5916.08,5818.18,11734.27,5824,5922,60.94,59.94,120.88,60,61,0.00,0.00,0,0
1544349583,2004-eth3,7694.31,277280.72,284975.03,277558,7702,106.89,114.89,221.78,115,107,0.00,0.00,0,0
1544349583,3001-eth4,1214050.00,1215694.38,2429744.25,1216910,1215264,707.29,710.29,1417.58,711,708,0.00,0.00,0,0
1544349583,1003-eth1,0.00,0.00,0.00,0,0,0.00,0.00,0.00,0,0,0.00,0.00,0,0
1544349583,3002-eth2,5622.38,5720.28,11342.66,5726,5628,57.94,58.94,116.88,59,58,0.00,0.00,0,0
1544349583,2005-eth4,29008.99,773756.25,802765.25,774530,29038,378.62,360.64,739.26,361,379,0.00,0.00,0,0
1544349583,3003-eth2,277280.72,7694.31,284975.03,7702,277558,114.89,106.89,221.78,107,115,0.00,0.00,0,0
1544349583,2007-eth1,323664.34,324831.19,648495.50,325156,323988,269.73,283.72,553.45,284,270,0.00,0.00,0,0
1544349583,1002-eth4,0.00,0.00,0.00,0,0,0.00,0.00,0.00,0,0,0.00,0.00,0,0
1544349583,3002-eth4,28093.91,543970.06,572063.94,544514,28122,340.66,336.66,677.32,337,341,0.00,0.00,0,0
1544349583,2007-eth3,309384.62,6263.74,315648.38,6270,309694,106.89,94.91,201.80,95,107,0.00,0.00,0,0
1544349583,3005-eth1,991180.88,914151.88,1905332.75,915066,992172,761.24,700.30,1461.54,701,762,0.00,0.00,0,0
1544349583,2001-eth4,323664.34,324831.19,648495.50,325156,323988,269.73,283.72,553.45,284,270,0.00,0.00,0,0
1544349583,3003-eth4,34205.80,1220185.88,1254391.62,1221406,34240,479.52,498.50,978.02,499,480,0.00,0.00,0,0
1544349583,2004-eth1,0.00,0.00,0.00,0,0,0.00,0.00,0.00,0,0,0.00,0.00,0,0
1544349583,3006-eth4,12517.48,142111.89,154629.38,142254,12530,144.86,142.86,287.71,143,145,0.00,0.00,0,0
1544349583,3007-eth1,6263.74,309384.62,315648.38,309694,6270,94.91,106.89,201.80,107,95,0.00,0.00,0,0
1544349583,2008-eth1,0.00,0.00,0.00,0,0,0.00,0.00,0.00,0,0,0.00,0.00,0,0
1544349583,2002-eth2,5622.38,5720.28,11342.66,5726,5628,57.94,58.94,116.88,59,58,0.00,0.00,0,0
1544349583,2003-eth1,148227.78,970004.00,1118231.75,970974,148376,419.58,462.54,882.12,463,420,0.00,0.00,0,0
1544349583,3008-eth4,33910.09,1218673.38,1252583.50,1219892,33944,475.52,497.50,973.03,498,476,0.00,0.00,0,0
1544349583,1004-eth4,5818.18,5916.08,11734.27,5922,5824,59.94,60.94,120.88,61,60,0.00,0.00,0,0
1544349583,3006-eth1,773756.25,29008.99,802765.25,29038,774530,360.64,378.62,739.26,379,361,0.00,0.00,0,0
1544349583,1004-eth3,9594.41,9594.41,19188.81,9604,9604,97.90,97.90,195.80,98,98,0.00,0.00,0,0
1544349583,1002-eth2,0.00,0.00,0.00,0,0,0.00,0.00,0.00,0,0,0.00,0.00,0,0
1544349583,3004-eth3,1195067.00,148131.88,1343198.88,148280,1196262,482.52,447.55,930.07,448,483,0.00,0.00,0,0
1544349583,2003-eth3,5874.13,5874.13,11748.25,5880,5880,59.94,59.94,119.88,60,60,0.00,0.00,0,0
1544349583,2005-eth1,966087.94,144311.69,1110399.62,144456,967054,422.58,379.62,802.20,380,423,0.00,0.00,0,0
1544349583,3002-eth3,1216907.12,343372.62,1560279.75,343716,1218124,509.49,527.47,1036.96,528,510,0.00,0.00,0,0
1544349583,3006-eth3,34883.12,779630.38,814513.50,780410,34918,438.56,420.58,859.14,421,439,0.00,0.00,0,0
1544349583,2001-eth1,324831.19,323664.34,648495.50,323988,325156,283.72,269.73,553.45,270,284,0.00,0.00,0,0
1544349583,3005-eth2,4881.12,134475.53,139356.64,134610,4886,66.93,64.94,131.87,65,67,0.00,0.00,0,0
1544349583,2001-eth2,0.00,0.00,0.00,0,0,0.00,0.00,0.00,0,0,0.00,0.00,0,0
1544349583,3007-eth2,0.00,0.00,0.00,0,0,0.00,0.00,0.00,0,0,0.00,0.00,0,0
1544349583,1001-eth1,323664.34,324831.19,648495.50,325156,323988,269.73,283.72,553.45,284,270,0.00,0.00,0,0
1544349583,3007-eth4,1218475.50,1215776.25,2434251.75,1216992,1219694,818.18,799.20,1617.38,800,819,0.00,0.00,0,0
1544349583,2003-eth2,0.00,0.00,0.00,0,0,0.00,0.00,0.00,0,0,0.00,0.00,0,0
1544349583,3007-eth3,1209512.50,934799.25,2144311.75,935734,1210722,704.30,706.29,1410.59,707,705,0.00,0.00,0,0
1544349583,1002-eth1,0.00,0.00,0.00,0,0,0.00,0.00,0.00,0,0,0.00,0.00,0,0
1544349583,2002-eth3,0.00,0.00,0.00,0,0,0.00,0.00,0.00,0,0,0.00,0.00,0,0
1544349583,2007-eth2,0.00,0.00,0.00,0,0,0.00,0.00,0.00,0,0,0.00,0.00,0,0
1544349583,total,23081888.00,22617684.00,45699572.00,22640302,23104970,18038.96,17843.16,35882.12,17861,18057,0.00,0.00,0,0
1544349584,3003-eth3,1222561.50,298869.12,1521430.62,299168,1223784,507.49,495.50,1003.00,496,508,0.00,0.00,0,0
1544349584,2002-eth1,0.00,0.00,0.00,0,0,0.00,0.00,0.00,0,0,0.00,0.00,0,0
1544349584,lo,0.00,0.00,0.00,0,0,0.00,0.00,0.00,0,0,0.00,0.00,0,0
1544349584,3005-eth3,1224141.88,1219592.50,2443734.25,1220812,1225366,882.12,813.19,1695.30,814,883,0.00,0.00,0,0
1544349584,2005-eth3,1086353.62,983384.62,2069738.38,984368,1087440,679.32,675.32,1354.65,676,680,0.00,0.00,0,0
1544349584,3004-eth4,1221011.00,1222197.88,2443208.75,1223420,1222232,791.21,809.19,1600.40,810,792,0.00,0.00,0,0
1544349584,1004-eth2,1958.04,1958.04,3916.08,1960,1960,19.98,19.98,39.96,20,20,0.00,0.00,0,0
1544349584,2004-eth4,272363.66,5736.26,278099.91,5742,272636,93.91,86.91,180.82,87,94,0.00,0.00,0,0
1544349584,1001-eth2,970071.94,162693.31,1132765.25,162856,971042,444.56,419.58,864.14,420,445,0.00,0.00,0,0
1544349584,1003-eth3,0.00,0.00,0.00,0,0,0.00,0.00,0.00,0,0,0.00,0.00,0,0
1544349584,2002-eth4,5916.08,5916.08,11832.17,5922,5922,60.94,60.94,121.88,61,61,0.00,0.00,0,0
1544349584,1001-eth4,371820.19,335566.44,707386.62,335902,372192,303.70,274.73,578.42,275,304,0.00,0.00,0,0
1544349584,3001-eth2,0.00,0.00,0.00,0,0,0.00,0.00,0.00,0,0,0.00,0.00,0,0
1544349584,1004-eth1,5916.08,5916.08,11832.17,5922,5922,60.94,60.94,121.88,61,61,0.00,0.00,0,0
1544349584,3005-eth4,1213460.62,986681.38,2200142.00,987668,1214674,720.28,725.27,1445.55,726,721,0.00,0.00,0,0
1544349584,1003-eth2,0.00,0.00,0.00,0,0,0.00,0.00,0.00,0,0,0.00,0.00,0,0
1544349584,3008-eth1,329104.91,15090.91,344195.81,15106,329434,176.82,180.82,357.64,181,177,0.00,0.00,0,0
1544349584,1002-eth3,0.00,0.00,0.00,0,0,0.00,0.00,0.00,0,0,0.00,0.00,0,0
1544349584,2006-eth1,0.00,0.00,0.00,0,0,0.00,0.00,0.00,0,0,0.00,0.00,0,0
1544349584,3003-eth1,5874.13,5874.13,11748.25,5880,5880,59.94,59.94,119.88,60,60,0.00,0.00,0,0
1544349584,2001-eth3,0.00,0.00,0.00,0,0,0.00,0.00,0.00,0,0,0.00,0.00,0,0
1544349584,2008-eth2,5916.08,5916.08,11832.17,5922,5922,60.94,60.94,121.88,61,61,0.00,0.00,0,0
1544349584,2008-eth3,0.00,0.00,0.00,0,0,0.00,0.00,0.00,0,0,0.00,0.00,0,0
1544349584,1001-eth3,158777.23,966155.88,1124933.12,967122,158936,379.62,404.60,784.22,405,380,0.00,0.00,0,0
1544349584,2007-eth4,15090.91,329104.91,344195.81,329434,15106,180.82,176.82,357.64,177,181,0.00,0.00,0,0
1544349584,2004-eth2,1958.04,1958.04,3916.08,1960,1960,19.98,19.98,39.96,20,20,0.00,0.00,0,0
1544349584,3002-eth1,371820.19,335566.44,707386.62,335902,372192,303.70,274.73,578.42,275,304,0.00,0.00,0,0
1544349584,3004-eth1,156819.19,964197.81,1121017.00,965162,156976,359.64,384.62,744.26,385,360,0.00,0.00,0,0
1544349584,2006-eth3,192403.61,3758.24,196161.84,3762,192596,65.93,56.94,122.88,57,66,0.00,0.00,0,0
1544349584,3004-eth2,5736.26,272363.66,278099.91,272636,5742,86.91,93.91,180.82,94,87,0.00,0.00,0,0
1544349584,3001-eth3,1222725.25,1211280.75,2434006.00,1212492,1223948,685.31,665.33,1350.65,666,686,0.00,0.00,0,0
1544349584,2003-eth4,964197.81,156819.19,1121017.00,156976,965162,384.62,359.64,744.26,360,385,0.00,0.00,0,0
1544349584,2008-eth4,5916.08,5916.08,11832.17,5922,5922,60.94,60.94,121.88,61,61,0.00,0.00,0,0
1544349584,3008-eth3,1221350.62,353496.50,1574847.25,353850,1222572,577.42,556.44,1133.87,557,578,0.00,0.00,0,0
1544349584,2005-eth2,0.00,0.00,0.00,0,0,0.00,0.00,0.00,0,0,0.00,0.00,0,0
1544349584,2006-eth4,13548.45,202193.81,215742.27,202396,13562,156.84,165.83,322.68,166,157,0.00,0.00,0,0
1544349584,3006-eth2,202193.81,13548.45,215742.27,13562,202396,165.83,156.84,322.68,157,166,0.00,0.00,0,0
1544349584,1003-eth4,0.00,0.00,0.00,0,0,0.00,0.00,0.00,0,0,0.00,0.00,0,0
1544349584,2006-eth2,9790.21,9790.21,19580.42,9800,9800,99.90,99.90,199.80,100,100,0.00,0.00,0,0
1544349584,3001-eth1,0.00,0.00,0.00,0,0,0.00,0.00,0.00,0,0,0.00,0.00,0,0
1544349584,3008-eth2,5916.08,5916.08,11832.17,5922,5922,60.94,60.94,121.88,61,61,0.00,0.00,0,0
1544349584,2004-eth3,7694.31,274321.69,282016.00,274596,7702,106.89,113.89,220.78,114,107,0.00,0.00,0,0
1544349584,3001-eth4,1211280.75,1222725.25,2434006.00,1223948,1212492,665.33,685.31,1350.65,686,666,0.00,0.00,0,0
1544349584,1003-eth1,0.00,0.00,0.00,0,0,0.00,0.00,0.00,0,0,0.00,0.00,0,0
1544349584,3002-eth2,5916.08,5916.08,11832.17,5922,5922,60.94,60.94,121.88,61,61,0.00,0.00,0,0
1544349584,2005-eth4,21144.86,931558.44,952703.31,932490,21166,310.69,340.66,651.35,341,311,0.00,0.00,0,0
1544349584,3003-eth2,274321.69,7694.31,282016.00,7702,274596,113.89,106.89,220.78,107,114,0.00,0.00,0,0
1544349584,2007-eth1,335566.44,371820.19,707386.62,372192,335902,274.73,303.70,578.42,304,275,0.00,0.00,0,0
1544349584,1002-eth4,0.00,0.00,0.00,0,0,0.00,0.00,0.00,0,0,0.00,0.00,0,0
1544349584,3002-eth4,26971.03,643025.00,669996.00,643668,26998,338.66,345.65,684.32,346,339,0.00,0.00,0,0
1544349584,2007-eth3,356729.28,6461.54,363190.81,6468,357086,122.88,97.90,220.78,98,123,0.00,0.00,0,0
1544349584,3005-eth1,983384.62,1086353.62,2069738.38,1087440,984368,675.32,679.32,1354.65,680,676,0.00,0.00,0,0
1544349584,2001-eth4,335566.44,371820.19,707386.62,372192,335902,274.73,303.70,578.42,304,275,0.00,0.00,0,0
1544349584,3003-eth4,34337.66,1221632.38,1255970.12,1222854,34372,481.52,498.50,980.02,499,482,0.00,0.00,0,0
1544349584,2004-eth1,0.00,0.00,0.00,0,0,0.00,0.00,0.00,0,0,0.00,0.00,0,0
1544349584,3006-eth4,11590.41,200235.77,211826.17,200436,11602,136.86,145.85,282.72,146,137,0.00,0.00,0,0
1544349584,3007-eth1,6461.54,356729.28,363190.81,357086,6468,97.90,122.88,220.78,123,98,0.00,0.00,0,0
1544349584,2008-eth1,0.00,0.00,0.00,0,0,0.00,0.00,0.00,0,0,0.00,0.00,0,0
1544349584,2002-eth2,5916.08,5916.08,11832.17,5922,5922,60.94,60.94,121.88,61,61,0.00,0.00,0,0
1544349584,2003-eth1,162693.31,970071.94,1132765.25,971042,162856,419.58,444.56,864.14,445,420,0.00,0.00,0,0
1544349584,3008-eth4,34139.86,1221632.38,1255772.25,1222854,34174,478.52,498.50,977.02,499,479,0.00,0.00,0,0
1544349584,1004-eth4,5916.08,5916.08,11832.17,5922,5922,60.94,60.94,121.88,61,61,0.00,0.00,0,0
1544349584,3006-eth1,931558.44,21144.86,952703.31,21166,932490,340.66,310.69,651.35,311,341,0.00,0.00,0,0
1544349584,1004-eth3,9790.21,9790.21,19580.42,9800,9800,99.90,99.90,199.80,100,100,0.00,0.00,0,0
1544349584,1002-eth2,0.00,0.00,0.00,0,0,0.00,0.00,0.00,0,0,0.00,0.00,0,0
1544349584,3004-eth3,1199582.50,162489.52,1362072.00,162652,1200782,466.53,445.55,912.09,446,467,0.00,0.00,0,0
1544349584,2003-eth3,5874.13,5874.13,11748.25,5880,5880,59.94,59.94,119.88,60,60,0.00,0.00,0,0
1544349584,2005-eth1,966155.88,158777.23,1124933.12,158936,967122,404.60,379.62,784.22,380,405,0.00,0.00,0,0
1544349584,3002-eth3,1226451.62,389042.97,1615494.50,389432,1227678,566.43,543.46,1109.89,544,567,0.00,0.00,0,0
1544349584,3006-eth3,27018.98,937432.56,964451.56,938370,27046,370.63,400.60,771.23,401,371,0.00,0.00,0,0
1544349584,2001-eth1,371820.19,335566.44,707386.62,335902,372192,303.70,274.73,578.42,275,304,0.00,0.00,0,0
1544349584,3005-eth2,3758.24,192403.61,196161.84,192596,3762,56.94,65.93,122.88,66,57,0.00,0.00,0,0
1544349584,2001-eth2,0.00,0.00,0.00,0,0,0.00,0.00,0.00,0,0,0.00,0.00,0,0
1544349584,3007-eth2,0.00,0.00,0.00,0,0,0.00,0.00,0.00,0,0,0.00,0.00,0,0
1544349584,1001-eth1,335566.44,371820.19,707386.62,372192,335902,274.73,303.70,578.42,304,275,0.00,0.00,0,0
1544349584,3007-eth4,1221826.25,1222090.00,2443916.25,1223312,1223048,803.20,807.19,1610.39,808,804,0.00,0.00,0,0
1544349584,2003-eth2,0.00,0.00,0.00,0,0,0.00,0.00,0.00,0,0,0.00,0.00,0,0
1544349584,3007-eth3,1215562.50,933352.69,2148915.25,934286,1216778,708.29,706.29,1414.59,707,709,0.00,0.00,0,0
1544349584,1002-eth1,0.00,0.00,0.00,0,0,0.00,0.00,0.00,0,0,0.00,0.00,0,0
1544349584,2002-eth3,0.00,0.00,0.00,0,0,0.00,0.00,0.00,0,0,0.00,0.00,0,0
1544349584,2007-eth2,0.00,0.00,0.00,0,0,0.00,0.00,0.00,0,0,0.00,0.00,0,0
1544349584,total,23819310.00,23731074.00,47550384.00,23754804,23843128,17586.41,17548.45,35134.87,17566,17604,0.00,0.00,0,0
1544349585,3003-eth3,1221049.00,289926.09,1510975.12,290216,1222270,506.49,491.51,998.00,492,507,0.00,0.00,0,0
1544349585,2002-eth1,0.00,0.00,0.00,0,0,0.00,0.00,0.00,0,0,0.00,0.00,0,0
1544349585,lo,1198.80,1198.80,2397.60,1200,1200,19.98,19.98,39.96,20,20,0.00,0.00,0,0
1544349585,3005-eth3,1222415.62,1222419.62,2444835.25,1223642,1223638,790.21,812.19,1602.40,813,791,0.00,0.00,0,0
1544349585,2005-eth3,1089312.75,973126.88,2062439.62,974100,1090402,680.32,673.33,1353.65,674,681,0.00,0.00,0,0
1544349585,3004-eth4,1224455.62,1223602.38,2448058.00,1224826,1225680,799.20,808.19,1607.39,809,800,0.00,0.00,0,0
1544349585,1004-eth2,1958.04,1958.04,3916.08,1960,1960,19.98,19.98,39.96,20,20,0.00,0.00,0,0
1544349585,2004-eth4,263486.53,5736.26,269222.78,5742,263750,90.91,86.91,177.82,87,91,0.00,0.00,0,0
1544349585,1001-eth2,960407.62,208459.55,1168867.12,208668,961368,451.55,433.57,885.11,434,452,0.00,0.00,0,0
1544349585,1003-eth3,0.00,0.00,0.00,0,0,0.00,0.00,0.00,0,0,0.00,0.00,0,0
1544349585,2002-eth4,5874.13,5874.13,11748.25,5880,5880,59.94,59.94,119.88,60,60,0.00,0.00,0,0
1544349585,1001-eth4,510673.34,489498.50,1000171.88,489988,511184,319.68,305.69,625.37,306,320,0.00,0.00,0,0
1544349585,3001-eth2,0.00,0.00,0.00,0,0,0.00,0.00,0.00,0,0,0.00,0.00,0,0
1544349585,1004-eth1,5874.13,5874.13,11748.25,5880,5880,59.94,59.94,119.88,60,60,0.00,0.00,0,0
1544349585,3005-eth4,1216419.62,979184.81,2195604.50,980164,1217636,721.28,721.28,1442.56,722,722,0.00,0.00,0,0
1544349585,1003-eth2,0.00,0.00,0.00,0,0,0.00,0.00,0.00,0,0,0.00,0.00,0,0
1544349585,3008-eth1,481652.38,10331.67,491984.03,10342,482134,186.81,146.85,333.67,147,187,0.00,0.00,0,0
1544349585,1002-eth3,0.00,0.00,0.00,0,0,0.00,0.00,0.00,0,0,0.00,0.00,0,0
1544349585,2006-eth1,0.00,0.00,0.00,0,0,0.00,0.00,0.00,0,0,0.00,0.00,0,0
1544349585,3003-eth1,5874.13,5874.13,11748.25,5880,5880,59.94,59.94,119.88,60,60,0.00,0.00,0,0
1544349585,2001-eth3,0.00,0.00,0.00,0,0,0.00,0.00,0.00,0,0,0.00,0.00,0,0
1544349585,2008-eth2,5874.13,5874.13,11748.25,5880,5880,59.94,59.94,119.88,60,60,0.00,0.00,0,0
1544349585,2008-eth3,0.00,0.00,0.00,0,0,0.00,0.00,0.00,0,0,0.00,0.00,0,0
1544349585,1001-eth3,204543.47,956491.56,1161035.00,957448,204748,393.61,411.59,805.19,412,394,0.00,0.00,0,0
1544349585,2007-eth4,10331.67,481652.38,491984.03,482134,10342,146.85,186.81,333.67,187,147,0.00,0.00,0,0
1544349585,2004-eth2,1958.04,1958.04,3916.08,1960,1960,19.98,19.98,39.96,20,20,0.00,0.00,0,0
1544349585,3002-eth1,510673.34,489498.50,1000171.88,489988,511184,319.68,305.69,625.37,306,320,0.00,0.00,0,0
1544349585,3004-eth1,202585.42,954533.50,1157118.88,955488,202788,373.63,391.61,765.23,392,374,0.00,0.00,0,0
1544349585,2006-eth3,173202.80,3626.37,176829.17,3630,173376,59.94,54.95,114.89,55,60,0.00,0.00,0,0
1544349585,3004-eth2,5736.26,263486.53,269222.78,263750,5742,86.91,90.91,177.82,91,87,0.00,0.00,0,0
1544349585,3001-eth3,1222659.38,1215752.25,2438411.75,1216968,1223882,684.32,667.33,1351.65,668,685,0.00,0.00,0,0
1544349585,2003-eth4,954533.50,202585.42,1157118.88,202788,955488,391.61,373.63,765.23,374,392,0.00,0.00,0,0
1544349585,2008-eth4,5874.13,5874.13,11748.25,5880,5880,59.94,59.94,119.88,60,60,0.00,0.00,0,0
1544349585,3008-eth3,1219544.50,506133.88,1725678.38,506640,1220764,549.45,567.43,1116.88,568,550,0.00,0.00,0,0
1544349585,2005-eth2,0.00,0.00,0.00,0,0,0.00,0.00,0.00,0,0,0.00,0.00,0,0
1544349585,2006-eth4,13416.58,182993.02,196409.59,183176,13430,154.85,159.84,314.69,160,155,0.00,0.00,0,0
1544349585,3006-eth2,182993.02,13416.58,196409.59,13430,183176,159.84,154.85,314.69,155,160,0.00,0.00,0,0
1544349585,1003-eth4,0.00,0.00,0.00,0,0,0.00,0.00,0.00,0,0,0.00,0.00,0,0
1544349585,2006-eth2,9790.21,9790.21,19580.42,9800,9800,99.90,99.90,199.80,100,100,0.00,0.00,0,0
1544349585,3001-eth1,0.00,0.00,0.00,0,0,0.00,0.00,0.00,0,0,0.00,0.00,0,0
1544349585,3008-eth2,5874.13,5874.13,11748.25,5880,5880,59.94,59.94,119.88,60,60,0.00,0.00,0,0
1544349585,2004-eth3,7694.31,265444.56,273138.88,265710,7702,106.89,110.89,217.78,111,107,0.00,0.00,0,0
1544349585,3001-eth4,1215752.25,1222659.38,2438411.75,1223882,1216968,667.33,684.32,1351.65,685,668,0.00,0.00,0,0
1544349585,1003-eth1,0.00,0.00,0.00,0,0,0.00,0.00,0.00,0,0,0.00,0.00,0,0
1544349585,3002-eth2,5874.13,5874.13,11748.25,5880,5880,59.94,59.94,119.88,60,60,0.00,0.00,0,0
1544349585,2005-eth4,20551.45,888619.38,909170.88,889508,20572,301.70,325.67,627.37,326,302,0.00,0.00,0,0
1544349585,3003-eth2,265444.56,7694.31,273138.88,7702,265710,110.89,106.89,217.78,107,111,0.00,0.00,0,0
1544349585,2007-eth1,489498.50,510673.34,1000171.88,511184,489988,305.69,319.68,625.37,320,306,0.00,0.00,0,0
1544349585,1002-eth4,0.00,0.00,0.00,0,0,0.00,0.00,0.00,0,0,0.00,0.00,0,0
1544349585,3002-eth4,22733.27,845636.38,868369.62,846482,22756,305.69,368.63,674.33,369,306,0.00,0.00,0,0
1544349585,2007-eth3,500341.69,7846.15,508187.81,7854,500842,172.83,118.88,291.71,119,173,0.00,0.00,0,0
1544349585,3005-eth1,973126.88,1089312.75,2062439.62,1090402,974100,673.33,680.32,1353.65,681,674,0.00,0.00,0,0
1544349585,2001-eth4,489498.50,510673.34,1000171.88,511184,489988,305.69,319.68,625.37,320,306,0.00,0.00,0,0
1544349585,3003-eth4,34271.73,1221632.38,1255904.12,1222854,34306,480.52,498.50,979.02,499,481,0.00,0.00,0,0
1544349585,2004-eth1,0.00,0.00,0.00,0,0,0.00,0.00,0.00,0,0,0.00,0.00,0,0
1544349585,3006-eth4,11458.54,181034.97,192493.52,181216,11470,134.87,139.86,274.73,140,135,0.00,0.00,0,0
1544349585,3007-eth1,7846.15,500341.69,508187.81,500842,7854,118.88,172.83,291.71,173,119,0.00,0.00,0,0
1544349585,2008-eth1,0.00,0.00,0.00,0,0,0.00,0.00,0.00,0,0,0.00,0.00,0,0
1544349585,2002-eth2,5874.13,5874.13,11748.25,5880,5880,59.94,59.94,119.88,60,60,0.00,0.00,0,0
1544349585,2003-eth1,208459.55,960407.62,1168867.12,961368,208668,433.57,451.55,885.11,452,434,0.00,0.00,0,0
1544349585,3008-eth4,34271.73,1223144.88,1257416.62,1224368,34306,480.52,499.50,980.02,500,481,0.00,0.00,0,0
1544349585,1004-eth4,5874.13,5874.13,11748.25,5880,5880,59.94,59.94,119.88,60,60,0.00,0.00,0,0
1544349585,3006-eth1,888619.38,20551.45,909170.88,20572,889508,325.67,301.70,627.37,302,326,0.00,0.00,0,0
1544349585,1004-eth3,9790.21,9790.21,19580.42,9800,9800,99.90,99.90,199.80,100,100,0.00,0.00,0,0
1544349585,1002-eth2,0.00,0.00,0.00,0,0,0.00,0.00,0.00,0,0,0.00,0.00,0,0
1544349585,3004-eth3,1201712.38,208321.69,1410034.00,208530,1202914,476.52,460.54,937.06,461,477,0.00,0.00,0,0
1544349585,2003-eth3,5874.13,5874.13,11748.25,5880,5880,59.94,59.94,119.88,60,60,0.00,0.00,0,0
1544349585,2005-eth1,956491.56,204543.47,1161035.00,204748,957448,411.59,393.61,805.19,394,412,0.00,0.00,0,0
1544349585,3002-eth3,1232697.38,523616.41,1756313.75,524140,1233930,728.27,525.47,1253.75,526,729,0.00,0.00,0,0
1544349585,3006-eth3,26425.57,894493.50,920919.12,895388,26452,361.64,385.61,747.25,386,362,0.00,0.00,0,0
1544349585,2001-eth1,510673.34,489498.50,1000171.88,489988,511184,319.68,305.69,625.37,306,320,0.00,0.00,0,0
1544349585,3005-eth2,3626.37,173202.80,176829.17,173376,3630,54.95,59.94,114.89,60,55,0.00,0.00,0,0
1544349585,2001-eth2,0.00,0.00,0.00,0,0,0.00,0.00,0.00,0,0,0.00,0.00,0,0
1544349585,3007-eth2,0.00,0.00,0.00,0,0,0.00,0.00,0.00,0,0,0.00,0.00,0,0
1544349585,1001-eth1,489498.50,510673.34,1000171.88,511184,489988,305.69,319.68,625.37,320,306,0.00,0.00,0,0
1544349585,3007-eth4,1223005.00,1222090.00,2445095.00,1223312,1224228,777.22,807.19,1584.42,808,778,0.00,0.00,0,0
1544349585,2003-eth2,0.00,0.00,0.00,0,0,0.00,0.00,0.00,0,0,0.00,0.00,0,0
1544349585,3007-eth3,1214309.75,868385.62,2082695.38,869254,1215524,689.31,686.31,1375.62,687,690,0.00,0.00,0,0
1544349585,1002-eth1,0.00,0.00,0.00,0,0,0.00,0.00,0.00,0,0,0.00,0.00,0,0
1544349585,2002-eth3,0.00,0.00,0.00,0,0,0.00,0.00,0.00,0,0,0.00,0.00,0,0
1544349585,2007-eth2,0.00,0.00,0.00,0,0,0.00,0.00,0.00,0,0,0.00,0.00,0,0
1544349585,total,25001538.00,25306390.00,50307924.00,25331696,25026538,17775.23,17746.25,35521.48,17764,17793,0.00,0.00,0,0
1544349586,3003-eth3,1225388.62,290057.94,1515446.62,290348,1226614,506.49,493.51,1000.00,494,507,0.00,0.00,0,0
1544349586,2002-eth1,0.00,0.00,0.00,0,0,0.00,0.00,0.00,0,0,0.00,0.00,0,0
1544349586,lo,0.00,0.00,0.00,0,0,0.00,0.00,0.00,0,0,0.00,0.00,0,0
1544349586,3005-eth3,1225836.25,1219658.38,2445494.50,1220878,1227062,798.20,814.19,1612.39,815,799,0.00,0.00,0,0
1544349586,2005-eth3,1086221.75,967340.69,2053562.50,968308,1087308,677.32,673.33,1350.65,674,678,0.00,0.00,0,0
1544349586,3004-eth4,1221694.38,1219130.88,2440825.25,1220350,1222916,801.20,806.19,1607.39,807,802,0.00,0.00,0,0
1544349586,1004-eth2,1958.04,1958.04,3916.08,1960,1960,19.98,19.98,39.96,20,20,0.00,0.00,0,0
1544349586,2004-eth4,263486.53,5670.33,269156.84,5676,263750,90.91,85.91,176.82,86,91,0.00,0.00,0,0
1544349586,1001-eth2,953434.56,159536.47,1112971.00,159696,954388,433.57,415.58,849.15,416,434,0.00,0.00,0,0
1544349586,1003-eth3,69.93,0.00,69.93,0,70,1.00,0.00,1.00,0,1,0.00,0.00,0,0
1544349586,2002-eth4,5776.22,5776.22,11552.45,5782,5782,58.94,58.94,117.88,59,59,0.00,0.00,0,0
1544349586,1001-eth4,350097.91,486939.06,837037.00,487426,350448,275.72,332.67,608.39,333,276,0.00,0.00,0,0
1544349586,3001-eth2,0.00,0.00,0.00,0,0,0.00,0.00,0.00,0,0,0.00,0.00,0,0
1544349586,1004-eth1,5776.22,5776.22,11552.45,5782,5782,58.94,58.94,117.88,59,59,0.00,0.00,0,0
1544349586,3005-eth4,1213460.62,967546.50,2181007.00,968514,1214674,720.28,720.28,1440.56,721,721,0.00,0.00,0,0
1544349586,1003-eth2,0.00,0.00,0.00,0,0,0.00,0.00,0.00,0,0,0.00,0.00,0,0
1544349586,3008-eth1,477114.91,11122.88,488237.78,11134,477592,183.82,158.84,342.66,159,184,0.00,0.00,0,0
1544349586,1002-eth3,0.00,0.00,0.00,0,0,0.00,0.00,0.00,0,0,0.00,0.00,0,0
1544349586,2006-eth1,0.00,69.93,69.93,70,0,0.00,1.00,1.00,1,0,0.00,0.00,0,0
1544349586,3003-eth1,5874.13,5874.13,11748.25,5880,5880,59.94,59.94,119.88,60,60,0.00,0.00,0,0
1544349586,2001-eth3,0.00,0.00,0.00,0,0,0.00,0.00,0.00,0,0,0.00,0.00,0,0
1544349586,2008-eth2,5874.13,5874.13,11748.25,5880,5880,59.94,59.94,119.88,60,60,0.00,0.00,0,0
1544349586,2008-eth3,0.00,0.00,0.00,0,0,0.00,0.00,0.00,0,0,0.00,0.00,0,0
1544349586,1001-eth3,155620.39,949518.50,1105138.88,950468,155776,375.62,393.61,769.23,394,376,0.00,0.00,0,0
1544349586,2007-eth4,11122.88,477114.91,488237.78,477592,11134,158.84,183.82,342.66,184,159,0.00,0.00,0,0
1544349586,2004-eth2,1958.04,1958.04,3916.08,1960,1960,19.98,19.98,39.96,20,20,0.00,0.00,0,0
1544349586,3002-eth1,350097.91,486939.06,837037.00,487426,350448,275.72,332.67,608.39,333,276,0.00,0.00,0,0
1544349586,3004-eth1,153662.34,947560.44,1101222.75,948508,153816,355.64,373.63,729.27,374,356,0.00,0.00,0,0
1544349586,2006-eth3,165772.23,3626.37,169398.61,3630,165938,56.94,54.95,111.89,55,57,0.00,0.00,0,0
1544349586,3004-eth2,5670.33,263486.53,269156.84,263750,5676,85.91,90.91,176.82,91,86,0.00,0.00,0,0
1544349586,3001-eth3,1222725.25,1211280.75,2434006.00,1212492,1223948,685.31,665.33,1350.65,666,686,0.00,0.00,0,0
1544349586,2003-eth4,947560.44,153662.34,1101222.75,153816,948508,373.63,355.64,729.27,356,374,0.00,0.00,0,0
1544349586,2008-eth4,5874.13,5874.13,11748.25,5880,5880,59.94,59.94,119.88,60,60,0.00,0.00,0,0
1544349586,3008-eth3,1221122.88,501530.47,1722653.38,502032,1222344,551.45,563.44,1114.89,564,552,0.00,0.00,0,0
1544349586,2005-eth2,0.00,0.00,0.00,0,0,0.00,0.00,0.00,0,0,0.00,0.00,0,0
1544349586,2006-eth4,13318.68,175464.55,188783.22,175640,13332,153.85,155.84,309.69,156,154,0.00,0.00,0,0
1544349586,3006-eth2,175464.55,13318.68,188783.22,13332,175640,155.84,153.85,309.69,154,156,0.00,0.00,0,0
1544349586,1003-eth4,0.00,0.00,0.00,0,0,0.00,0.00,0.00,0,0,0.00,0.00,0,0
1544349586,2006-eth2,9692.31,9692.31,19384.62,9702,9702,98.90,98.90,197.80,99,99,0.00,0.00,0,0
1544349586,3001-eth1,0.00,0.00,0.00,0,0,0.00,0.00,0.00,0,0,0.00,0.00,0,0
1544349586,3008-eth2,5874.13,5874.13,11748.25,5880,5880,59.94,59.94,119.88,60,60,0.00,0.00,0,0
1544349586,2004-eth3,7628.37,265444.56,273072.94,265710,7636,105.89,110.89,216.78,111,106,0.00,0.00,0,0
1544349586,3001-eth4,1211280.75,1222725.25,2434006.00,1223948,1212492,665.33,685.31,1350.65,686,666,0.00,0.00,0,0
1544349586,1003-eth1,0.00,0.00,0.00,0,0,0.00,0.00,0.00,0,0,0.00,0.00,0,0
1544349586,3002-eth2,5776.22,5776.22,11552.45,5782,5782,58.94,58.94,117.88,59,59,0.00,0.00,0,0
1544349586,2005-eth4,21738.26,934517.50,956255.75,935452,21760,319.68,341.66,661.34,342,320,0.00,0.00,0,0
1544349586,3003-eth2,265444.56,7628.37,273072.94,7636,265710,110.89,105.89,216.78,106,111,0.00,0.00,0,0
1544349586,2007-eth1,486939.06,350097.91,837037.00,350448,487426,332.67,275.72,608.39,276,333,0.00,0.00,0,0
1544349586,1002-eth4,0.00,0.00,0.00,0,0,0.00,0.00,0.00,0,0,0.00,0.00,0,0
1544349586,3002-eth4,24745.26,864805.19,889550.50,865670,24770,336.66,374.63,711.29,375,337,0.00,0.00,0,0
1544349586,2007-eth3,338975.03,9824.18,348799.22,9834,339314,116.88,148.85,265.73,149,117,0.00,0.00,0,0
1544349586,3005-eth1,967340.69,1086221.75,2053562.50,1087308,968308,673.33,677.32,1350.65,678,674,0.00,0.00,0,0
1544349586,2001-eth4,486939.06,350097.91,837037.00,350448,487426,332.67,275.72,608.39,276,333,0.00,0.00,0,0
1544349586,3003-eth4,34403.60,1224591.50,1258995.00,1225816,34438,482.52,499.50,982.02,500,483,0.00,0.00,0,0
1544349586,2004-eth1,0.00,0.00,0.00,0,0,0.00,0.00,0.00,0,0,0.00,0.00,0,0
1544349586,3006-eth4,11262.74,173408.59,184671.33,173582,11274,132.87,134.87,267.73,135,133,0.00,0.00,0,0
1544349586,3007-eth1,9824.18,338975.03,348799.22,339314,9834,148.85,116.88,265.73,117,149,0.00,0.00,0,0
1544349586,2008-eth1,0.00,0.00,0.00,0,0,0.00,0.00,0.00,0,0,0.00,0.00,0,0
1544349586,2002-eth2,5776.22,5776.22,11552.45,5782,5782,58.94,58.94,117.88,59,59,0.00,0.00,0,0
1544349586,2003-eth1,159536.47,953434.56,1112971.00,954388,159696,415.58,433.57,849.15,434,416,0.00,0.00,0,0
1544349586,3008-eth4,34205.80,1224591.50,1258797.25,1225816,34240,479.52,499.50,979.02,500,480,0.00,0.00,0,0
1544349586,1004-eth4,5874.13,5874.13,11748.25,5880,5880,59.94,59.94,119.88,60,60,0.00,0.00,0,0
1544349586,3006-eth1,934517.50,21738.26,956255.75,21760,935452,341.66,319.68,661.34,320,342,0.00,0.00,0,0
1544349586,1004-eth3,9692.31,9692.31,19384.62,9702,9702,98.90,98.90,197.80,99,99,0.00,0.00,0,0
1544349586,1002-eth2,0.00,0.00,0.00,0,0,0.00,0.00,0.00,0,0,0.00,0.00,0,0
1544349586,3004-eth3,1196251.75,159266.73,1355518.50,159426,1197448,459.54,440.56,900.10,441,460,0.00,0.00,0,0
1544349586,2003-eth3,5874.13,5874.13,11748.25,5880,5880,59.94,59.94,119.88,60,60,0.00,0.00,0,0
1544349586,2005-eth1,949518.50,155620.39,1105138.88,155776,950468,393.61,375.62,769.23,376,394,0.00,0.00,0,0
1544349586,3002-eth3,1224275.75,365150.84,1589426.62,365516,1225500,533.47,513.49,1046.95,514,534,0.00,0.00,0,0
1544349586,3006-eth3,27318.68,940097.94,967416.62,941038,27346,376.62,398.60,775.22,399,377,0.00,0.00,0,0
1544349586,2001-eth1,350097.91,486939.06,837037.00,487426,350448,275.72,332.67,608.39,333,276,0.00,0.00,0,0
1544349586,3005-eth2,3626.37,165772.23,169398.61,165938,3630,54.95,56.94,111.89,57,55,0.00,0.00,0,0
1544349586,2001-eth2,0.00,0.00,0.00,0,0,0.00,0.00,0.00,0,0,0.00,0.00,0,0
1544349586,3007-eth2,0.00,0.00,0.00,0,0,0.00,0.00,0.00,0,0,0.00,0.00,0,0
1544349586,1001-eth1,486939.06,350097.91,837037.00,350448,487426,332.67,275.72,608.39,276,333,0.00,0.00,0,0
1544349586,3007-eth4,1222147.88,1222221.75,2444369.75,1223444,1223370,764.24,809.19,1573.43,810,765,0.00,0.00,0,0
1544349586,2003-eth2,0.00,0.00,0.00,0,0,0.00,0.00,0.00,0,0,0.00,0.00,0,0
1544349586,3007-eth3,1212397.62,779482.56,1991880.12,780262,1213610,660.34,654.35,1314.69,655,661,0.00,0.00,0,0
1544349586,1002-eth1,0.00,0.00,0.00,0,0,0.00,0.00,0.00,0,0,0.00,0.00,0,0
1544349586,2002-eth3,0.00,0.00,0.00,0,0,0.00,0.00,0.00,0,0,0.00,0.00,0,0
1544349586,2007-eth2,0.00,0.00,0.00,0,0,0.00,0.00,0.00,0,0,0.00,0.00,0,0
1544349586,total,24187948.00,24244978.00,48432928.00,24269222,24212136,17396.60,17515.48,34912.09,17533,17414,0.00,0.00,0,0
1544349587,3003-eth3,1218451.12,298505.00,1516956.12,299102,1220888,506.99,494.01,1001.00,495,508,0.00,0.00,0,0
1544349587,2002-eth1,0.00,0.00,0.00,0,0,0.00,0.00,0.00,0,0,0.00,0.00,0,0
1544349587,lo,1197.60,1197.60,2395.21,1200,1200,19.96,19.96,39.92,20,20,0.00,0.00,0,0
1544349587,3005-eth3,1217189.62,1221002.00,2438191.75,1223444,1219624,794.41,808.38,1602.79,810,796,0.00,0.00,0,0
1544349587,2005-eth3,1058533.00,960067.88,2018600.88,961988,1060650,667.66,664.67,1332.34,666,669,0.00,0.00,0,0
1544349587,3004-eth4,1220475.12,1223826.38,2444301.50,1226274,1222916,800.40,807.39,1607.78,809,802,0.00,0.00,0,0
1544349587,1004-eth2,1956.09,1956.09,3912.18,1960,1960,19.96,19.96,39.92,20,20,0.00,0.00,0,0
1544349587,2004-eth4,272091.81,5664.67,277756.50,5676,272636,93.81,85.83,179.64,86,94,0.00,0.00,0,0
1544349587,1001-eth2,946109.81,141640.72,1087750.50,141924,948002,424.15,409.18,833.33,410,425,0.00,0.00,0,0
1544349587,1003-eth3,0.00,0.00,0.00,0,0,0.00,0.00,0.00,0,0,0.00,0.00,0,0
1544349587,2002-eth4,5770.46,5770.46,11540.92,5782,5782,58.88,58.88,117.76,59,59,0.00,0.00,0,0
1544349587,1001-eth4,445854.31,476004.00,921858.31,476956,446746,308.38,305.39,613.77,306,309,0.00,0.00,0,0
1544349587,3001-eth2,0.00,0.00,0.00,0,0,0.00,0.00,0.00,0,0,0.00,0.00,0,0
1544349587,1004-eth1,5770.46,5770.46,11540.92,5782,5782,58.88,58.88,117.76,59,59,0.00,0.00,0,0
1544349587,3005-eth4,1215205.62,963558.94,2178764.50,965486,1217636,720.56,717.56,1438.12,719,722,0.00,0.00,0,0
1544349587,1003-eth2,0.00,0.00,0.00,0,0,0.00,0.00,0.00,0,0,0.00,0.00,0,0
1544349587,3008-eth1,467770.47,11111.78,478882.25,11134,468706,180.64,158.68,339.32,159,181,0.00,0.00,0,0
1544349587,1002-eth3,0.00,0.00,0.00,0,0,0.00,0.00,0.00,0,0,0.00,0.00,0,0
1544349587,2006-eth1,0.00,0.00,0.00,0,0,0.00,0.00,0.00,0,0,0.00,0.00,0,0
1544349587,3003-eth1,5868.26,5868.26,11736.53,5880,5880,59.88,59.88,119.76,60,60,0.00,0.00,0,0
1544349587,2001-eth3,0.00,0.00,0.00,0,0,0.00,0.00,0.00,0,0,0.00,0.00,0,0
1544349587,2008-eth2,5868.26,5868.26,11736.53,5880,5880,59.88,59.88,119.76,60,60,0.00,0.00,0,0
1544349587,2008-eth3,0.00,0.00,0.00,0,0,0.00,0.00,0.00,0,0,0.00,0.00,0,0
1544349587,1001-eth3,137728.55,942197.62,1079926.12,944082,138004,369.26,384.23,753.49,385,370,0.00,0.00,0,0
1544349587,2007-eth4,11111.78,467770.47,478882.25,468706,11134,158.68,180.64,339.32,181,159,0.00,0.00,0,0
1544349587,2004-eth2,1956.09,1956.09,3912.18,1960,1960,19.96,19.96,39.92,20,20,0.00,0.00,0,0
1544349587,3002-eth1,445854.31,476004.00,921858.31,476956,446746,308.38,305.39,613.77,306,309,0.00,0.00,0,0
1544349587,3004-eth1,135772.45,940241.56,1076014.00,942122,136044,349.30,364.27,713.57,365,350,0.00,0.00,0,0
1544349587,2006-eth3,167117.77,3622.75,170740.53,3630,167452,57.88,54.89,112.77,55,58,0.00,0.00,0,0
1544349587,3004-eth2,5664.67,272091.81,277756.50,272636,5676,85.83,93.81,179.64,94,86,0.00,0.00,0,0
1544349587,3001-eth3,1218483.12,1214604.88,2433088.00,1217034,1220920,682.63,667.66,1350.30,669,684,0.00,0.00,0,0
1544349587,2003-eth4,940241.56,135772.45,1076014.00,136044,942122,364.27,349.30,713.57,350,365,0.00,0.00,0,0
1544349587,2008-eth4,5868.26,5868.26,11736.53,5880,5880,59.88,59.88,119.76,60,60,0.00,0.00,0,0
1544349587,3008-eth3,1221744.50,492227.56,1713972.12,493212,1224188,556.89,560.88,1117.76,562,558,0.00,0.00,0,0
1544349587,2005-eth2,0.00,0.00,0.00,0,0,0.00,0.00,0.00,0,0,0.00,0.00,0,0
1544349587,2006-eth4,13305.39,176800.41,190105.80,177154,13332,153.69,156.69,310.38,157,154,0.00,0.00,0,0
1544349587,3006-eth2,176800.41,13305.39,190105.80,13332,177154,156.69,153.69,310.38,154,157,0.00,0.00,0,0
1544349587,1003-eth4,0.00,0.00,0.00,0,0,0.00,0.00,0.00,0,0,0.00,0.00,0,0
1544349587,2006-eth2,9682.63,9682.63,19365.27,9702,9702,98.80,98.80,197.60,99,99,0.00,0.00,0,0
1544349587,3001-eth1,0.00,0.00,0.00,0,0,0.00,0.00,0.00,0,0,0.00,0.00,0,0
1544349587,3008-eth2,5868.26,5868.26,11736.53,5880,5880,59.88,59.88,119.76,60,60,0.00,0.00,0,0
1544349587,2004-eth3,7620.76,274047.91,281668.66,274596,7636,105.79,113.77,219.56,114,106,0.00,0.00,0,0
1544349587,3001-eth4,1214604.88,1218483.12,2433088.00,1220920,1217034,667.66,682.63,1350.30,684,669,0.00,0.00,0,0
1544349587,1003-eth1,0.00,0.00,0.00,0,0,0.00,0.00,0.00,0,0,0.00,0.00,0,0
1544349587,3002-eth2,5770.46,5770.46,11540.92,5782,5782,58.88,58.88,117.76,59,59,0.00,0.00,0,0
1544349587,2005-eth4,21782.44,927672.69,949455.12,929528,21826,320.36,339.32,659.68,340,321,0.00,0.00,0,0
1544349587,3003-eth2,274047.91,7620.76,281668.66,7636,274596,113.77,105.79,219.56,106,114,0.00,0.00,0,0
1544349587,2007-eth1,476004.00,445854.31,921858.31,446746,476956,305.39,308.38,613.77,309,306,0.00,0.00,0,0
1544349587,1002-eth4,0.00,0.00,0.00,0,0,0.00,0.00,0.00,0,0,0.00,0.00,0,0
1544349587,3002-eth4,24984.03,875766.50,900750.50,877518,25034,340.32,378.24,718.56,379,341,0.00,0.00,0,0
1544349587,2007-eth3,434742.53,8233.53,442976.06,8250,435612,149.70,124.75,274.45,125,150,0.00,0.00,0,0
1544349587,3005-eth1,960067.88,1058533.00,2018600.88,1060650,961988,664.67,667.66,1332.34,669,666,0.00,0.00,0,0
1544349587,2001-eth4,476004.00,445854.31,921858.31,446746,476956,305.39,308.38,613.77,309,306,0.00,0.00,0,0
1544349587,3003-eth4,34237.53,1220413.25,1254650.75,1222854,34306,480.04,498.00,978.04,499,481,0.00,0.00,0,0
1544349587,2004-eth1,0.00,0.00,0.00,0,0,0.00,0.00,0.00,0,0,0.00,0.00,0,0
1544349587,3006-eth4,11349.30,174844.31,186193.62,175194,11372,133.73,136.73,270.46,137,134,0.00,0.00,0,0
1544349587,3007-eth1,8233.53,434742.53,442976.06,435612,8250,124.75,149.70,274.45,150,125,0.00,0.00,0,0
1544349587,2008-eth1,0.00,0.00,0.00,0,0,0.00,0.00,0.00,0,0,0.00,0.00,0,0
1544349587,2002-eth2,5770.46,5770.46,11540.92,5782,5782,58.88,58.88,117.76,59,59,0.00,0.00,0,0
1544349587,2003-eth1,141640.72,946109.81,1087750.50,948002,141924,409.18,424.15,833.33,425,410,0.00,0.00,0,0
1544349587,3008-eth4,34237.53,1220413.25,1254650.75,1222854,34306,480.04,498.00,978.04,499,481,0.00,0.00,0,0
1544349587,1004-eth4,5868.26,5868.26,11736.53,5880,5880,59.88,59.88,119.76,60,60,0.00,0.00,0,0
1544349587,3006-eth1,927672.69,21782.44,949455.12,21826,929528,339.32,320.36,659.68,321,340,0.00,0.00,0,0
1544349587,1004-eth3,9682.63,9682.63,19365.27,9702,9702,98.80,98.80,197.60,99,99,0.00,0.00,0,0
1544349587,1002-eth2,0.00,0.00,0.00,0,0,0.00,0.00,0.00,0,0,0.00,0.00,0,0
1544349587,3004-eth3,1200509.00,141503.00,1342012.00,141786,1202910,454.09,436.13,890.22,437,455,0.00,0.00,0,0
1544349587,2003-eth3,5868.26,5868.26,11736.53,5880,5880,59.88,59.88,119.76,60,60,0.00,0.00,0,0
1544349587,2005-eth1,942197.62,137728.55,1079926.12,138004,944082,384.23,369.26,753.49,370,385,0.00,0.00,0,0
1544349587,3002-eth3,1221155.75,461155.69,1682311.38,462078,1223598,547.90,549.90,1097.80,551,549,0.00,0.00,0,0
1544349587,3006-eth3,27650.70,933540.94,961191.62,935408,27706,380.24,399.20,779.44,400,381,0.00,0.00,0,0
1544349587,2001-eth1,445854.31,476004.00,921858.31,476956,446746,308.38,305.39,613.77,306,309,0.00,0.00,0,0
1544349587,3005-eth2,3622.75,167117.77,170740.53,167452,3630,54.89,57.88,112.77,58,55,0.00,0.00,0,0
1544349587,2001-eth2,0.00,0.00,0.00,0,0,0.00,0.00,0.00,0,0,0.00,0.00,0,0
1544349587,3007-eth2,0.00,0.00,0.00,0,0,0.00,0.00,0.00,0,0,0.00,0.00,0,0
1544349587,1001-eth1,476004.00,445854.31,921858.31,446746,476956,305.39,308.38,613.77,309,306,0.00,0.00,0,0
1544349587,3007-eth4,1220219.62,1219359.38,2439579.00,1221798,1222660,840.32,805.39,1645.71,807,842,0.00,0.00,0,0
1544349587,2003-eth2,0.00,0.00,0.00,0,0,0.00,0.00,0.00,0,0,0.00,0.00,0,0
1544349587,3007-eth3,1211125.75,843738.56,2054864.38,845426,1213548,680.64,675.65,1356.29,677,682,0.00,0.00,0,0
1544349587,1002-eth1,0.00,0.00,0.00,0,0,0.00,0.00,0.00,0,0,0.00,0.00,0,0
1544349587,2002-eth3,0.00,0.00,0.00,0,0,0.00,0.00,0.00,0,0,0.00,0.00,0,0
1544349587,2007-eth2,0.00,0.00,0.00,0,0,0.00,0.00,0.00,0,0,0.00,0.00,0,0
1544349587,total,24413840.00,24625160.00,49039004.00,24674410,24462668,17489.02,17537.92,35026.95,17573,17524,0.00,0.00,0,0
1544349588,3003-eth3,1219668.38,306233.78,1525902.12,306540,1220888,507.49,497.50,1005.00,498,508,0.00,0.00,0,0
1544349588,2002-eth1,0.00,0.00,0.00,0,0,0.00,0.00,0.00,0,0,0.00,0.00,0,0
1544349588,lo,0.00,0.00,0.00,0,0,0.00,0.00,0.00,0,0,0.00,0.00,0,0
1544349588,3005-eth3,1220445.62,1219065.00,2439510.50,1220284,1221666,804.20,805.19,1609.39,806,805,0.00,0.00,0,0
1544349588,2005-eth3,1042887.12,948663.38,1991550.50,949612,1043930,656.34,653.35,1309.69,654,657,0.00,0.00,0,0
1544349588,3004-eth4,1218933.12,1219065.00,2437998.00,1220284,1220152,803.20,805.19,1608.39,806,804,0.00,0.00,0,0
1544349588,1004-eth2,1958.04,1958.04,3916.08,1960,1960,19.98,19.98,39.96,20,20,0.00,0.00,0,0
1544349588,2004-eth4,279794.22,5868.13,285662.34,5874,280074,96.90,88.91,185.81,89,97,0.00,0.00,0,0
1544349588,1001-eth2,936273.75,203592.41,1139866.12,203796,937210,436.56,425.57,862.14,426,437,0.00,0.00,0,0
1544349588,1003-eth3,0.00,0.00,0.00,0,0,0.00,0.00,0.00,0,0,0.00,0.00,0,0
1544349588,2002-eth4,5678.32,5678.32,11356.64,5684,5684,57.94,57.94,115.88,58,58,0.00,0.00,0,0
1544349588,1001-eth4,411252.75,502323.69,913576.44,502826,411664,303.70,324.68,628.37,325,304,0.00,0.00,0,0
1544349588,3001-eth2,0.00,0.00,0.00,0,0,0.00,0.00,0.00,0,0,0.00,0.00,0,0
1544349588,1004-eth1,5678.32,5678.32,11356.64,5684,5684,57.94,57.94,115.88,58,58,0.00,0.00,0,0
1544349588,3005-eth4,1213196.88,952619.44,2165816.25,953572,1214410,716.28,713.29,1429.57,714,717,0.00,0.00,0,0
1544349588,1003-eth2,0.00,0.00,0.00,0,0,0.00,0.00,0.00,0,0,0.00,0.00,0,0
1544349588,3008-eth1,493422.59,11584.42,505007.00,11596,493916,189.81,165.83,355.64,166,190,0.00,0.00,0,0
1544349588,1002-eth3,0.00,0.00,0.00,0,0,0.00,0.00,0.00,0,0,0.00,0.00,0,0
1544349588,2006-eth1,0.00,0.00,0.00,0,0,0.00,0.00,0.00,0,0,0.00,0.00,0,0
1544349588,3003-eth1,5874.13,5874.13,11748.25,5880,5880,59.94,59.94,119.88,60,60,0.00,0.00,0,0
1544349588,2001-eth3,0.00,0.00,0.00,0,0,0.00,0.00,0.00,0,0,0.00,0.00,0,0
1544349588,2008-eth2,5874.13,5874.13,11748.25,5880,5880,59.94,59.94,119.88,60,60,0.00,0.00,0,0
1544349588,2008-eth3,69.93,0.00,69.93,0,70,1.00,0.00,1.00,0,1,0.00,0.00,0,0
1544349588,1001-eth3,199676.33,932357.69,1132034.00,933290,199876,385.61,396.60,782.22,397,386,0.00,0.00,0,0
1544349588,2007-eth4,11584.42,493422.59,505007.00,493916,11596,165.83,189.81,355.64,190,166,0.00,0.00,0,0
1544349588,2004-eth2,1958.04,1958.04,3916.08,1960,1960,19.98,19.98,39.96,20,20,0.00,0.00,0,0
1544349588,3002-eth1,411252.75,502323.69,913576.44,502826,411664,303.70,324.68,628.37,325,304,0.00,0.00,0,0
1544349588,3004-eth1,197718.28,930399.62,1128117.88,931330,197916,365.63,376.62,742.26,377,366,0.00,0.00,0,0
1544349588,2006-eth3,182079.92,3956.04,186035.97,3960,182262,62.94,59.94,122.88,60,63,0.00,0.00,0,0
1544349588,3004-eth2,5868.13,279794.22,285662.34,280074,5874,88.91,96.90,185.81,97,89,0.00,0.00,0,0
1544349588,3001-eth3,1219766.25,1211214.88,2430981.00,1212426,1220986,684.32,664.34,1348.65,665,685,0.00,0.00,0,0
1544349588,2003-eth4,930399.62,197718.28,1128117.88,197916,931330,376.62,365.63,742.26,366,377,0.00,0.00,0,0
1544349588,2008-eth4,5874.13,5874.13,11748.25,5880,5880,59.94,59.94,119.88,60,60,0.00,0.00,0,0
1544349588,3008-eth3,1217640.38,517772.25,1735412.62,518290,1218858,564.44,568.43,1132.87,569,565,0.00,0.00,0,0
1544349588,2005-eth2,0.00,0.00,0.00,0,0,0.00,0.00,0.00,0,0,0.00,0.00,0,0
1544349588,2006-eth4,13550.45,191674.33,205224.78,191866,13564,157.84,160.84,318.68,161,158,0.00,0.00,0,0
1544349588,3006-eth2,191674.33,13550.45,205224.78,13564,191866,160.84,157.84,318.68,158,161,0.00,0.00,0,0
1544349588,1003-eth4,0.00,0.00,0.00,0,0,0.00,0.00,0.00,0,0,0.00,0.00,0,0
1544349588,2006-eth2,9594.41,9594.41,19188.81,9604,9604,97.90,97.90,195.80,98,98,0.00,0.00,0,0
1544349588,3001-eth1,0.00,0.00,0.00,0,0,0.00,0.00,0.00,0,0,0.00,0.00,0,0
1544349588,3008-eth2,5874.13,5874.13,11748.25,5880,5880,59.94,59.94,119.88,60,60,0.00,0.00,0,0
1544349588,2004-eth3,7826.17,281752.25,289578.44,282034,7834,108.89,116.88,225.77,117,109,0.00,0.00,0,0
1544349588,3001-eth4,1211214.88,1219766.25,2430981.00,1220986,1212426,664.34,684.32,1348.65,685,665,0.00,0.00,0,0
1544349588,1003-eth1,0.00,0.00,0.00,0,0,0.00,0.00,0.00,0,0,0.00,0.00,0,0
1544349588,3002-eth2,5678.32,5678.32,11356.64,5684,5684,57.94,57.94,115.88,58,58,0.00,0.00,0,0
1544349588,2005-eth4,20221.78,844233.81,864455.56,845078,20242,296.70,310.69,607.39,311,297,0.00,0.00,0,0
1544349588,3003-eth2,281752.25,7826.17,289578.44,7834,282034,116.88,108.89,225.77,109,117,0.00,0.00,0,0
1544349588,2007-eth1,502323.69,411252.75,913576.44,411664,502826,324.68,303.70,628.37,304,325,0.00,0.00,0,0
1544349588,1002-eth4,0.00,0.00,0.00,0,0,0.00,0.00,0.00,0,0,0.00,0.00,0,0
1544349588,3002-eth4,24449.55,841035.00,865484.56,841876,24474,332.67,365.63,698.30,366,333,0.00,0.00,0,0
1544349588,2007-eth3,399668.34,8901.10,408569.44,8910,400068,137.86,134.87,272.73,135,138,0.00,0.00,0,0
1544349588,3005-eth1,948663.38,1042887.12,1991550.50,1043930,949612,653.35,656.34,1309.69,657,654,0.00,0.00,0,0
1544349588,2001-eth4,502323.69,411252.75,913576.44,411664,502826,324.68,303.70,628.37,304,325,0.00,0.00,0,0
1544349588,3003-eth4,34271.73,1223144.88,1257416.62,1224368,34306,480.52,499.50,980.02,500,481,0.00,0.00,0,0
1544349588,2004-eth1,0.00,0.00,0.00,0,0,0.00,0.00,0.00,0,0,0.00,0.00,0,0
1544349588,3006-eth4,11690.31,189814.19,201504.50,190004,11702,138.86,141.86,280.72,142,139,0.00,0.00,0,0
1544349588,3007-eth1,8901.10,399668.34,408569.44,400068,8910,134.87,137.86,272.73,138,135,0.00,0.00,0,0
1544349588,2008-eth1,0.00,0.00,0.00,0,0,0.00,0.00,0.00,0,0,0.00,0.00,0,0
1544349588,2002-eth2,5678.32,5678.32,11356.64,5684,5684,57.94,57.94,115.88,58,58,0.00,0.00,0,0
1544349588,2003-eth1,203592.41,936273.75,1139866.12,937210,203796,425.57,436.56,862.14,437,426,0.00,0.00,0,0
1544349588,3008-eth4,34139.86,1218673.38,1252813.25,1219892,34174,478.52,497.50,976.02,498,479,0.00,0.00,0,0
1544349588,1004-eth4,5874.13,5874.13,11748.25,5880,5880,59.94,59.94,119.88,60,60,0.00,0.00,0,0
1544349588,3006-eth1,844233.81,20221.78,864455.56,20242,845078,310.69,296.70,607.39,297,311,0.00,0.00,0,0
1544349588,1004-eth3,9594.41,9594.41,19188.81,9604,9604,97.90,97.90,195.80,98,98,0.00,0.00,0,0
1544349588,1002-eth2,0.00,0.00,0.00,0,0,0.00,0.00,0.00,0,0,0.00,0.00,0,0
1544349588,3004-eth3,1196845.12,203586.42,1400431.62,203790,1198042,468.53,454.55,923.08,455,469,0.00,0.00,0,0
1544349588,2003-eth3,5874.13,5874.13,11748.25,5880,5880,59.94,59.94,119.88,60,60,0.00,0.00,0,0
1544349588,2005-eth1,932357.69,199676.33,1132034.00,199876,933290,396.60,385.61,782.22,386,397,0.00,0.00,0,0
1544349588,3002-eth3,1218819.25,426107.91,1644927.12,426534,1220038,538.46,538.46,1076.92,539,539,0.00,0.00,0,0
1544349588,3006-eth3,25998.00,850010.00,876008.00,850860,26024,355.64,369.63,725.27,370,356,0.00,0.00,0,0
1544349588,2001-eth1,411252.75,502323.69,913576.44,502826,411664,303.70,324.68,628.37,325,304,0.00,0.00,0,0
1544349588,3005-eth2,3956.04,182079.92,186035.97,182262,3960,59.94,62.94,122.88,63,60,0.00,0.00,0,0
1544349588,2001-eth2,0.00,0.00,0.00,0,0,0.00,0.00,0.00,0,0,0.00,0.00,0,0
1544349588,3007-eth2,0.00,69.93,69.93,70,0,0.00,1.00,1.00,1,0,0.00,0.00,0,0
1544349588,1001-eth1,502323.69,411252.75,913576.44,411664,502826,324.68,303.70,628.37,304,325,0.00,0.00,0,0
1544349588,3007-eth4,1220969.12,1219065.00,2440034.00,1220284,1222190,790.21,805.19,1595.40,806,791,0.00,0.00,0,0
1544349588,2003-eth2,0.00,0.00,0.00,0,0,0.00,0.00,0.00,0,0,0.00,0.00,0,0
1544349588,3007-eth3,1210163.88,816437.56,2026601.50,817254,1211374,670.33,666.33,1336.66,667,671,0.00,0.00,0,0
1544349588,1002-eth1,0.00,0.00,0.00,0,0,0.00,0.00,0.00,0,0,0.00,0.00,0,0
1544349588,2002-eth3,0.00,0.00,0.00,0,0,0.00,0.00,0.00,0,0,0.00,0.00,0,0
1544349588,2007-eth2,0.00,0.00,0.00,0,0,0.00,0.00,0.00,0,0,0.00,0.00,0,0
1544349588,total,24456176.00,24591576.00,49047752.00,24616166,24480632,17496.50,17575.43,35071.93,17593,17514,0.00,0.00,0,0
1544349589,3003-eth3,1221510.50,331352.66,1552863.12,331684,1222732,513.49,505.49,1018.98,506,514,0.00,0.00,0,0
1544349589,2002-eth1,0.00,0.00,0.00,0,0,0.00,0.00,0.00,0,0,0.00,0.00,0,0
1544349589,lo,1198.80,1198.80,2397.60,1200,1200,19.98,19.98,39.96,20,20,0.00,0.00,0,0
1544349589,3005-eth3,1221760.25,1222155.88,2443916.25,1223378,1222982,802.20,808.19,1610.39,809,803,0.00,0.00,0,0
1544349589,2005-eth3,1050185.88,937025.00,1987210.88,937962,1051236,657.34,652.35,1309.69,653,658,0.00,0.00,0,0
1544349589,3004-eth4,1223140.88,1219196.88,2442337.75,1220416,1224364,801.20,807.19,1608.39,808,802,0.00,0.00,0,0
1544349589,1004-eth2,1958.04,1958.04,3916.08,1960,1960,19.98,19.98,39.96,20,20,0.00,0.00,0,0
1544349589,2004-eth4,304913.09,6131.87,311044.97,6138,305218,104.90,92.91,197.80,93,105,0.00,0.00,0,0
1544349589,1001-eth2,924107.94,196095.91,1120203.88,196292,925032,427.57,421.58,849.15,422,428,0.00,0.00,0,0
1544349589,1003-eth3,0.00,0.00,0.00,0,0,0.00,0.00,0.00,0,0,0.00,0.00,0,0
1544349589,2002-eth4,5874.13,5874.13,11748.25,5880,5880,59.94,59.94,119.88,60,60,0.00,0.00,0,0
1544349589,1001-eth4,396325.69,466617.41,862943.06,467084,396722,296.70,309.69,606.39,310,297,0.00,0.00,0,0
1544349589,3001-eth2,0.00,0.00,0.00,0,0,0.00,0.00,0.00,0,0,0.00,0.00,0,0
1544349589,1004-eth1,5874.13,5874.13,11748.25,5880,5880,59.94,59.94,119.88,60,60,0.00,0.00,0,0
1544349589,3005-eth4,1212933.12,940783.25,2153716.25,941724,1214146,712.29,709.29,1421.58,710,713,0.00,0.00,0,0
1544349589,1003-eth2,0.00,0.00,0.00,0,0,0.00,0.00,0.00,0,0,0.00,0.00,0,0
1544349589,3008-eth1,457848.16,11452.55,469300.72,11464,458306,176.82,163.84,340.66,164,177,0.00,0.00,0,0
1544349589,1002-eth3,0.00,0.00,0.00,0,0,0.00,0.00,0.00,0,0,0.00,0.00,0,0
1544349589,2006-eth1,0.00,0.00,0.00,0,0,0.00,0.00,0.00,0,0,0.00,0.00,0,0
1544349589,3003-eth1,5874.13,5874.13,11748.25,5880,5880,59.94,59.94,119.88,60,60,0.00,0.00,0,0
1544349589,2001-eth3,0.00,0.00,0.00,0,0,0.00,0.00,0.00,0,0,0.00,0.00,0,0
1544349589,2008-eth2,5874.13,5874.13,11748.25,5880,5880,59.94,59.94,119.88,60,60,0.00,0.00,0,0
1544349589,2008-eth3,0.00,0.00,0.00,0,0,0.00,0.00,0.00,0,0,0.00,0.00,0,0
1544349589,1001-eth3,192179.83,920191.81,1112371.62,921112,192372,381.62,387.61,769.23,388,382,0.00,0.00,0,0
1544349589,2007-eth4,11452.55,457848.16,469300.72,458306,11464,163.84,176.82,340.66,177,164,0.00,0.00,0,0
1544349589,2004-eth2,1958.04,1958.04,3916.08,1960,1960,19.98,19.98,39.96,20,20,0.00,0.00,0,0
1544349589,3002-eth1,396325.69,466617.41,862943.06,467084,396722,296.70,309.69,606.39,310,297,0.00,0.00,0,0
1544349589,3004-eth1,190221.78,918233.81,1108455.62,919152,190412,361.64,367.63,729.27,368,362,0.00,0.00,0,0
1544349589,2006-eth3,183526.48,3890.11,187416.59,3894,183710,62.94,58.94,121.88,59,63,0.00,0.00,0,0
1544349589,3004-eth2,6131.87,304913.09,311044.97,305218,6138,92.91,104.90,197.80,105,93,0.00,0.00,0,0
1544349589,3001-eth3,1219700.38,1211280.75,2430981.00,1212492,1220920,683.32,665.33,1348.65,666,684,0.00,0.00,0,0
1544349589,2003-eth4,918233.81,190221.78,1108455.62,190412,919152,367.63,361.64,729.27,362,368,0.00,0.00,0,0
1544349589,2008-eth4,5874.13,5874.13,11748.25,5880,5880,59.94,59.94,119.88,60,60,0.00,0.00,0,0
1544349589,3008-eth3,1223096.88,482329.69,1705426.62,482812,1224320,559.44,557.44,1116.88,558,560,0.00,0.00,0,0
1544349589,2005-eth2,0.00,0.00,0.00,0,0,0.00,0.00,0.00,0,0,0.00,0.00,0,0
1544349589,2006-eth4,13680.32,193316.69,206997.02,193510,13694,158.84,162.84,321.68,163,159,0.00,0.00,0,0
1544349589,3006-eth2,193316.69,13680.32,206997.02,13694,193510,162.84,158.84,321.68,159,163,0.00,0.00,0,0
1544349589,1003-eth4,0.00,0.00,0.00,0,0,0.00,0.00,0.00,0,0,0.00,0.00,0,0
1544349589,2006-eth2,9790.21,9790.21,19580.42,9800,9800,99.90,99.90,199.80,100,100,0.00,0.00,0,0
1544349589,3001-eth1,0.00,0.00,0.00,0,0,0.00,0.00,0.00,0,0,0.00,0.00,0,0
1544349589,3008-eth2,5874.13,5874.13,11748.25,5880,5880,59.94,59.94,119.88,60,60,0.00,0.00,0,0
1544349589,2004-eth3,8089.91,306871.12,314961.06,307178,8098,112.89,124.88,237.76,125,113,0.00,0.00,0,0
1544349589,3001-eth4,1211280.75,1219700.38,2430981.00,1220920,1212492,665.33,683.32,1348.65,684,666,0.00,0.00,0,0
1544349589,1003-eth1,0.00,0.00,0.00,0,0,0.00,0.00,0.00,0,0,0.00,0.00,0,0
1544349589,3002-eth2,5874.13,5874.13,11748.25,5880,5880,59.94,59.94,119.88,60,60,0.00,0.00,0,0
1544349589,2005-eth4,20749.25,867906.12,888655.38,868774,20770,304.70,318.68,623.38,319,305,0.00,0.00,0,0
1544349589,3003-eth2,306871.12,8089.91,314961.06,8098,307178,124.88,112.89,237.76,113,125,0.00,0.00,0,0
1544349589,2007-eth1,466617.41,396325.69,862943.06,396722,467084,309.69,296.70,606.39,297,310,0.00,0.00,0,0
1544349589,1002-eth4,0.00,0.00,0.00,0,0,0.00,0.00,0.00,0,0,0.00,0.00,0,0
1544349589,3002-eth4,24777.22,833800.25,858577.44,834634,24802,336.66,364.64,701.30,365,337,0.00,0.00,0,0
1544349589,2007-eth3,384873.12,8769.23,393642.38,8778,385258,132.87,132.87,265.73,133,133,0.00,0.00,0,0
1544349589,3005-eth1,937025.00,1050185.88,1987210.88,1051236,937962,652.35,657.34,1309.69,658,653,0.00,0.00,0,0
1544349589,2001-eth4,466617.41,396325.69,862943.06,396722,467084,309.69,296.70,606.39,297,310,0.00,0.00,0,0
1544349589,3003-eth4,34271.73,1221632.38,1255904.12,1222854,34306,480.52,498.50,979.02,499,481,0.00,0.00,0,0
1544349589,2004-eth1,0.00,0.00,0.00,0,0,0.00,0.00,0.00,0,0,0.00,0.00,0,0
1544349589,3006-eth4,11722.28,191358.64,203080.92,191550,11734,138.86,142.86,281.72,143,139,0.00,0.00,0,0
1544349589,3007-eth1,8769.23,384873.12,393642.38,385258,8778,132.87,132.87,265.73,133,133,0.00,0.00,0,0
1544349589,2008-eth1,0.00,0.00,0.00,0,0,0.00,0.00,0.00,0,0,0.00,0.00,0,0
1544349589,2002-eth2,5874.13,5874.13,11748.25,5880,5880,59.94,59.94,119.88,60,60,0.00,0.00,0,0
1544349589,2003-eth1,196095.91,924107.94,1120203.88,925032,196292,421.58,427.57,849.15,428,422,0.00,0.00,0,0
1544349589,3008-eth4,34271.73,1221632.38,1255904.12,1222854,34306,480.52,498.50,979.02,499,481,0.00,0.00,0,0
1544349589,1004-eth4,5874.13,5874.13,11748.25,5880,5880,59.94,59.94,119.88,60,60,0.00,0.00,0,0
1544349589,3006-eth1,867906.12,20749.25,888655.38,20770,868774,318.68,304.70,623.38,305,319,0.00,0.00,0,0
1544349589,1004-eth3,9790.21,9790.21,19580.42,9800,9800,99.90,99.90,199.80,100,100,0.00,0.00,0,0
1544349589,1002-eth2,0.00,0.00,0.00,0,0,0.00,0.00,0.00,0,0,0.00,0.00,0,0
1544349589,3004-eth3,1196515.50,196221.78,1392737.25,196418,1197712,463.54,452.55,916.08,453,464,0.00,0.00,0,0
1544349589,2003-eth3,5874.13,5874.13,11748.25,5880,5880,59.94,59.94,119.88,60,60,0.00,0.00,0,0
1544349589,2005-eth1,920191.81,192179.83,1112371.62,192372,921112,387.61,381.62,769.23,382,388,0.00,0.00,0,0
1544349589,3002-eth3,1221712.38,411312.69,1633025.00,411724,1222934,538.46,533.47,1071.93,534,539,0.00,0.00,0,0
1544349589,3006-eth3,26623.38,873780.25,900403.62,874654,26650,364.64,378.62,743.26,379,365,0.00,0.00,0,0
1544349589,2001-eth1,396325.69,466617.41,862943.06,467084,396722,296.70,309.69,606.39,310,297,0.00,0.00,0,0
1544349589,3005-eth2,3890.11,183526.48,187416.59,183710,3894,58.94,62.94,121.88,63,59,0.00,0.00,0,0
1544349589,2001-eth2,0.00,0.00,0.00,0,0,0.00,0.00,0.00,0,0,0.00,0.00,0,0
1544349589,3007-eth2,0.00,0.00,0.00,0,0,0.00,0.00,0.00,0,0,0.00,0.00,0,0
1544349589,1001-eth1,466617.41,396325.69,862943.06,396722,467084,309.69,296.70,606.39,297,310,0.00,0.00,0,0
1544349589,3007-eth4,1225049.00,1219130.88,2444180.00,1220350,1226274,808.19,806.19,1614.39,807,809,0.00,0.00,0,0
1544349589,2003-eth2,0.00,0.00,0.00,0,0,0.00,0.00,0.00,0,0,0.00,0.00,0,0
1544349589,3007-eth3,1210361.62,831298.75,2041660.38,832130,1211572,673.33,672.33,1345.65,673,674,0.00,0.00,0,0
1544349589,1002-eth1,0.00,0.00,0.00,0,0,0.00,0.00,0.00,0,0,0.00,0.00,0,0
1544349589,2002-eth3,0.00,0.00,0.00,0,0,0.00,0.00,0.00,0,0,0.00,0.00,0,0
1544349589,2007-eth2,0.00,0.00,0.00,0,0,0.00,0.00,0.00,0,0,0.00,0.00,0,0
1544349589,total,24291254.00,24399494.00,48690748.00,24423892,24315544,17466.53,17528.47,34995.01,17546,17484,0.00,0.00,0,0
1544349590,3003-eth3,1220195.88,353578.44,1573774.25,353932,1221416,515.48,513.49,1028.97,514,516,0.00,0.00,0,0
1544349590,2002-eth1,0.00,0.00,0.00,0,0,0.00,0.00,0.00,0,0,0.00,0.00,0,0
1544349590,lo,0.00,0.00,0.00,0,0,0.00,0.00,0.00,0,0,0.00,0.00,0,0
1544349590,3005-eth3,1218669.38,1222024.00,2440693.25,1223246,1219888,799.20,806.19,1605.39,807,800,0.00,0.00,0,0
1544349590,2005-eth3,1076619.38,932751.25,2009370.62,933684,1077696,663.34,653.35,1316.68,654,664,0.00,0.00,0,0
1544349590,3004-eth4,1220050.00,1219130.88,2439181.00,1220350,1221270,798.20,806.19,1604.40,807,799,0.00,0.00,0,0
1544349590,1004-eth2,1958.04,1958.04,3916.08,1960,1960,19.98,19.98,39.96,20,20,0.00,0.00,0,0
1544349590,2004-eth4,327138.88,6461.54,333600.41,6468,327466,112.89,97.90,210.79,98,113,0.00,0.00,0,0
1544349590,1001-eth2,919834.19,210495.52,1130329.75,210706,920754,428.57,420.58,849.15,421,429,0.00,0.00,0,0
1544349590,1003-eth3,0.00,0.00,0.00,0,0,0.00,0.00,0.00,0,0,0.00,0.00,0,0
1544349590,2002-eth4,5776.22,5776.22,11552.45,5782,5782,58.94,58.94,117.88,59,59,0.00,0.00,0,0
1544349590,1001-eth4,422759.25,470693.31,893452.56,471164,423182,302.70,305.69,608.39,306,303,0.00,0.00,0,0
1544349590,3001-eth2,0.00,0.00,0.00,0,0,0.00,0.00,0.00,0,0,0.00,0.00,0,0
1544349590,1004-eth1,5776.22,5776.22,11552.45,5782,5782,58.94,58.94,117.88,59,59,0.00,0.00,0,0
1544349590,3005-eth4,1218719.38,936377.62,2155097.00,937314,1219938,712.29,708.29,1420.58,709,713,0.00,0.00,0,0
1544349590,1003-eth2,0.00,0.00,0.00,0,0,0.00,0.00,0.00,0,0,0.00,0.00,0,0
1544349590,3008-eth1,462319.69,11254.75,473574.44,11266,462782,178.82,160.84,339.66,161,179,0.00,0.00,0,0
1544349590,1002-eth3,0.00,0.00,0.00,0,0,0.00,0.00,0.00,0,0,0.00,0.00,0,0
1544349590,2006-eth1,0.00,0.00,0.00,0,0,0.00,0.00,0.00,0,0,0.00,0.00,0,0
1544349590,3003-eth1,5874.13,5874.13,11748.25,5880,5880,59.94,59.94,119.88,60,60,0.00,0.00,0,0
1544349590,2001-eth3,0.00,0.00,0.00,0,0,0.00,0.00,0.00,0,0,0.00,0.00,0,0
1544349590,2008-eth2,5874.13,5874.13,11748.25,5880,5880,59.94,59.94,119.88,60,60,0.00,0.00,0,0
1544349590,2008-eth3,0.00,0.00,0.00,0,0,0.00,0.00,0.00,0,0,0.00,0.00,0,0
1544349590,1001-eth3,206579.42,915918.12,1122497.50,916834,206786,380.62,388.61,769.23,389,381,0.00,0.00,0,0
1544349590,2007-eth4,11254.75,462319.69,473574.44,462782,11266,160.84,178.82,339.66,179,161,0.00,0.00,0,0
1544349590,2004-eth2,1958.04,1958.04,3916.08,1960,1960,19.98,19.98,39.96,20,20,0.00,0.00,0,0
1544349590,3002-eth1,422759.25,470693.31,893452.56,471164,423182,302.70,305.69,608.39,306,303,0.00,0.00,0,0
1544349590,3004-eth1,204621.39,913960.06,1118581.50,914874,204826,360.64,368.63,729.27,369,361,0.00,0.00,0,0
1544349590,2006-eth3,170243.77,3494.51,173738.27,3498,170414,58.94,52.95,111.89,53,59,0.00,0.00,0,0
1544349590,3004-eth2,6461.54,327138.88,333600.41,327466,6468,97.90,112.89,210.79,113,98,0.00,0.00,0,0
1544349590,3001-eth3,1219700.38,1215818.25,2435518.50,1217034,1220920,683.32,668.33,1351.65,669,684,0.00,0.00,0,0
1544349590,2003-eth4,913960.06,204621.39,1118581.50,204826,914874,368.63,360.64,729.27,361,369,0.00,0.00,0,0
1544349590,2008-eth4,5874.13,5874.13,11748.25,5880,5880,59.94,59.94,119.88,60,60,0.00,0.00,0,0
1544349590,3008-eth3,1223360.62,486801.22,1710161.88,487288,1224584,563.44,559.44,1122.88,560,564,0.00,0.00,0,0
1544349590,2005-eth2,0.00,0.00,0.00,0,0,0.00,0.00,0.00,0,0,0.00,0.00,0,0
1544349590,2006-eth4,13186.81,179936.06,193122.88,180116,13200,151.85,157.84,309.69,158,152,0.00,0.00,0,0
1544349590,3006-eth2,179936.06,13186.81,193122.88,13200,180116,157.84,151.85,309.69,152,158,0.00,0.00,0,0
1544349590,1003-eth4,0.00,0.00,0.00,0,0,0.00,0.00,0.00,0,0,0.00,0.00,0,0
1544349590,2006-eth2,9692.31,9692.31,19384.62,9702,9702,98.90,98.90,197.80,99,99,0.00,0.00,0,0
1544349590,3001-eth1,0.00,0.00,0.00,0,0,0.00,0.00,0.00,0,0,0.00,0.00,0,0
1544349590,3008-eth2,5874.13,5874.13,11748.25,5880,5880,59.94,59.94,119.88,60,60,0.00,0.00,0,0
1544349590,2004-eth3,8419.58,329096.91,337516.50,329426,8428,117.88,132.87,250.75,133,118,0.00,0.00,0,0
1544349590,3001-eth4,1215752.25,1219700.38,2435452.50,1220920,1216968,667.33,683.32,1350.65,684,668,0.00,0.00,0,0
1544349590,1003-eth1,0.00,0.00,0.00,0,0,0.00,0.00,0.00,0,0,0.00,0.00,0,0
1544349590,3002-eth2,5776.22,5776.22,11552.45,5782,5782,58.94,58.94,117.88,59,59,0.00,0.00,0,0
1544349590,2005-eth4,20749.25,867906.12,888655.38,868774,20770,304.70,318.68,623.38,319,305,0.00,0.00,0,0
1544349590,3003-eth2,329096.91,8419.58,337516.50,8428,329426,132.87,117.88,250.75,118,133,0.00,0.00,0,0
1544349590,2007-eth1,470693.31,422759.25,893452.56,423182,471164,305.69,302.70,608.39,303,306,0.00,0.00,0,0
1544349590,1002-eth4,0.00,0.00,0.00,0,0,0.00,0.00,0.00,0,0,0.00,0.00,0,0
1544349590,3002-eth4,24811.19,830743.25,855554.50,831574,24836,337.66,362.64,700.30,363,338,0.00,0.00,0,0
1544349590,2007-eth3,411504.50,8373.63,419878.12,8382,411916,141.86,126.87,268.73,127,142,0.00,0.00,0,0
1544349590,3005-eth1,932751.25,1076619.38,2009370.62,1077696,933684,653.35,663.34,1316.68,664,654,0.00,0.00,0,0
1544349590,2001-eth4,470693.31,422759.25,893452.56,423182,471164,305.69,302.70,608.39,303,306,0.00,0.00,0,0
1544349590,3003-eth4,34271.73,1221632.38,1255904.12,1222854,34306,480.52,498.50,979.02,499,481,0.00,0.00,0,0
1544349590,2004-eth1,0.00,0.00,0.00,0,0,0.00,0.00,0.00,0,0,0.00,0.00,0,0
1544349590,3006-eth4,11228.77,177978.03,189206.80,178156,11240,131.87,137.86,269.73,138,132,0.00,0.00,0,0
1544349590,3007-eth1,8373.63,411504.50,419878.12,411916,8382,126.87,141.86,268.73,142,127,0.00,0.00,0,0
1544349590,2008-eth1,0.00,0.00,0.00,0,0,0.00,0.00,0.00,0,0,0.00,0.00,0,0
1544349590,2002-eth2,5776.22,5776.22,11552.45,5782,5782,58.94,58.94,117.88,59,59,0.00,0.00,0,0
1544349590,2003-eth1,210495.52,919834.19,1130329.75,920754,210706,420.58,428.57,849.15,429,421,0.00,0.00,0,0
1544349590,3008-eth4,34271.73,1223144.88,1257416.62,1224368,34306,480.52,499.50,980.02,500,481,0.00,0.00,0,0
1544349590,1004-eth4,5874.13,5874.13,11748.25,5880,5880,59.94,59.94,119.88,60,60,0.00,0.00,0,0
1544349590,3006-eth1,867906.12,20749.25,888655.38,20770,868774,318.68,304.70,623.38,305,319,0.00,0.00,0,0
1544349590,1004-eth3,9692.31,9692.31,19384.62,9702,9702,98.90,98.90,197.80,99,99,0.00,0.00,0,0
1544349590,1002-eth2,0.00,0.00,0.00,0,0,0.00,0.00,0.00,0,0,0.00,0.00,0,0
1544349590,3004-eth3,1196713.38,211016.98,1407730.25,211228,1197910,466.53,457.54,924.08,458,467,0.00,0.00,0,0
1544349590,2003-eth3,5874.13,5874.13,11748.25,5880,5880,59.94,59.94,119.88,60,60,0.00,0.00,0,0
1544349590,2005-eth1,915918.12,206579.42,1122497.50,206786,916834,388.61,380.62,769.23,381,389,0.00,0.00,0,0
1544349590,3002-eth3,1220925.12,437878.12,1658803.25,438316,1222146,548.45,541.46,1089.91,542,549,0.00,0.00,0,0
1544349590,3006-eth3,26623.38,873780.25,900403.62,874654,26650,364.64,378.62,743.26,379,365,0.00,0.00,0,0
1544349590,2001-eth1,422759.25,470693.31,893452.56,471164,423182,302.70,305.69,608.39,306,303,0.00,0.00,0,0
1544349590,3005-eth2,3494.51,170243.77,173738.27,170414,3498,52.95,58.94,111.89,59,53,0.00,0.00,0,0
1544349590,2001-eth2,0.00,0.00,0.00,0,0,0.00,0.00,0.00,0,0,0.00,0.00,0,0
1544349590,3007-eth2,0.00,0.00,0.00,0,0,0.00,0.00,0.00,0,0,0.00,0.00,0,0
1544349590,1001-eth1,470693.31,422759.25,893452.56,423182,471164,305.69,302.70,608.39,303,306,0.00,0.00,0,0
1544349590,3007-eth4,1219065.00,1219130.88,2438195.75,1220350,1220284,805.19,806.19,1611.39,807,806,0.00,0.00,0,0
1544349590,2003-eth2,0.00,0.00,0.00,0,0,0.00,0.00,0.00,0,0,0.00,0.00,0,0
1544349590,3007-eth3,1210757.25,860823.19,2071580.50,861684,1211968,679.32,681.32,1360.64,682,680,0.00,0.00,0,0
1544349590,1002-eth1,0.00,0.00,0.00,0,0,0.00,0.00,0.00,0,0,0.00,0.00,0,0
1544349590,2002-eth3,0.00,0.00,0.00,0,0,0.00,0.00,0.00,0,0,0.00,0.00,0,0
1544349590,2007-eth2,0.00,0.00,0.00,0,0,0.00,0.00,0.00,0,0,0.00,0.00,0,0
1544349590,total,24477988.00,24672432.00,49150420.00,24697104,24502466,17471.53,17546.45,35017.98,17564,17489,0.00,0.00,0,0
1544349591,3003-eth3,1220591.50,383168.84,1603760.25,383552,1221812,521.48,523.48,1044.96,524,522,0.00,0.00,0,0
1544349591,2002-eth1,0.00,0.00,0.00,0,0,0.00,0.00,0.00,0,0,0.00,0.00,0,0
1544349591,lo,1198.80,1198.80,2397.60,1200,1200,19.98,19.98,39.96,20,20,0.00,0.00,0,0
1544349591,3005-eth3,1221364.62,1220577.50,2441942.00,1221798,1222586,796.20,806.19,1602.40,807,797,0.00,0.00,0,0
1544349591,2005-eth3,1077406.62,919402.62,1996809.25,920322,1078484,653.35,648.35,1301.70,649,654,0.00,0.00,0,0
1544349591,3004-eth4,1221430.62,1222090.00,2443520.50,1223312,1222652,797.20,807.19,1604.40,808,798,0.00,0.00,0,0
1544349591,1004-eth2,1958.04,1958.04,3916.08,1960,1960,19.98,19.98,39.96,20,20,0.00,0.00,0,0
1544349591,2004-eth4,356729.28,6923.08,363652.34,6930,357086,122.88,104.90,227.77,105,123,0.00,0.00,0,0
1544349591,1001-eth2,906123.88,205562.44,1111686.38,205768,907030,418.58,411.59,830.17,412,419,0.00,0.00,0,0
1544349591,1003-eth3,0.00,0.00,0.00,0,0,0.00,0.00,0.00,0,0,0.00,0.00,0,0
1544349591,2002-eth4,5874.13,5874.13,11748.25,5880,5880,59.94,59.94,119.88,60,60,0.00,0.00,0,0
1544349591,1001-eth4,384819.19,465104.91,849924.12,465570,385204,297.70,308.69,606.39,309,298,0.00,0.00,0,0
1544349591,3001-eth2,0.00,0.00,0.00,0,0,0.00,0.00,0.00,0,0,0.00,0.00,0,0
1544349591,1004-eth1,5874.13,5874.13,11748.25,5880,5880,59.94,59.94,119.88,60,60,0.00,0.00,0,0
1544349591,3005-eth4,1213654.38,923160.88,2136815.25,924084,1214868,701.30,705.29,1406.59,706,702,0.00,0.00,0,0
1544349591,1003-eth2,0.00,0.00,0.00,0,0,0.00,0.00,0.00,0,0,0.00,0.00,0,0
1544349591,3008-eth1,456401.62,11782.22,468183.84,11794,456858,176.82,168.83,345.65,169,177,0.00,0.00,0,0
1544349591,1002-eth3,0.00,0.00,0.00,0,0,0.00,0.00,0.00,0,0,0.00,0.00,0,0
1544349591,2006-eth1,0.00,0.00,0.00,0,0,0.00,0.00,0.00,0,0,0.00,0.00,0,0
1544349591,3003-eth1,5874.13,5776.22,11650.35,5782,5880,59.94,58.94,118.88,59,60,0.00,0.00,0,0
1544349591,2001-eth3,0.00,0.00,0.00,0,0,0.00,0.00,0.00,0,0,0.00,0.00,0,0
1544349591,2008-eth2,5678.32,5874.13,11552.45,5880,5684,57.94,59.94,117.88,60,58,0.00,0.00,0,0
1544349591,2008-eth3,0.00,0.00,0.00,0,0,0.00,0.00,0.00,0,0,0.00,0.00,0,0
1544349591,1001-eth3,201646.36,902207.81,1103854.12,903110,201848,371.63,378.62,750.25,379,372,0.00,0.00,0,0
1544349591,2007-eth4,11782.22,456401.62,468183.84,456858,11794,168.83,176.82,345.65,177,169,0.00,0.00,0,0
1544349591,2004-eth2,1958.04,1958.04,3916.08,1960,1960,19.98,19.98,39.96,20,20,0.00,0.00,0,0
1544349591,3002-eth1,384819.19,465104.91,849924.12,465570,385204,297.70,308.69,606.39,309,298,0.00,0.00,0,0
1544349591,3004-eth1,199688.31,900347.69,1100036.00,901248,199888,351.65,359.64,711.29,360,352,0.00,0.00,0,0
1544349591,2006-eth3,187998.00,3692.31,191690.31,3696,188186,64.94,55.94,120.88,56,65,0.00,0.00,0,0
1544349591,3004-eth2,6923.08,356729.28,363652.34,357086,6930,104.90,122.88,227.77,123,105,0.00,0.00,0,0
1544349591,3001-eth3,1222725.25,1211148.88,2433874.25,1212360,1223948,685.31,663.34,1348.65,664,686,0.00,0.00,0,0
1544349591,2003-eth4,900347.69,199688.31,1100036.00,199888,901248,359.64,351.65,711.29,352,360,0.00,0.00,0,0
1544349591,2008-eth4,5874.13,5678.32,11552.45,5684,5880,59.94,57.94,117.88,58,60,0.00,0.00,0,0
1544349591,3008-eth3,1220467.62,480751.25,1701218.88,481232,1221688,563.44,555.44,1118.88,556,564,0.00,0.00,0,0
1544349591,2005-eth2,0.00,0.00,0.00,0,0,0.00,0.00,0.00,0,0,0.00,0.00,0,0
1544349591,2006-eth4,13286.71,197788.22,211074.94,197986,13300,153.85,164.84,318.68,165,154,0.00,0.00,0,0
1544349591,3006-eth2,197788.22,13286.71,211074.94,13300,197986,164.84,153.85,318.68,154,165,0.00,0.00,0,0
1544349591,1003-eth4,0.00,0.00,0.00,0,0,0.00,0.00,0.00,0,0,0.00,0.00,0,0
1544349591,2006-eth2,9790.21,9594.41,19384.62,9604,9800,99.90,97.90,197.80,98,100,0.00,0.00,0,0
1544349591,3001-eth1,0.00,0.00,0.00,0,0,0.00,0.00,0.00,0,0,0.00,0.00,0,0
1544349591,3008-eth2,5678.32,5874.13,11552.45,5880,5684,57.94,59.94,117.88,60,58,0.00,0.00,0,0
1544349591,2004-eth3,8881.12,358687.31,367568.44,359046,8890,124.88,142.86,267.73,143,125,0.00,0.00,0,0
1544349591,3001-eth4,1211214.88,1222725.25,2433940.25,1223948,1212426,664.34,685.31,1349.65,686,665,0.00,0.00,0,0
1544349591,1003-eth1,0.00,0.00,0.00,0,0,0.00,0.00,0.00,0,0,0.00,0.00,0,0
1544349591,3002-eth2,5874.13,5874.13,11748.25,5880,5880,59.94,59.94,119.88,60,60,0.00,0.00,0,0
1544349591,2005-eth4,21012.99,879644.38,900657.38,880524,21034,308.69,321.68,630.37,322,309,0.00,0.00,0,0
1544349591,3003-eth2,358687.31,8881.12,367568.44,8890,359046,142.86,124.88,267.73,125,143,0.00,0.00,0,0
1544349591,2007-eth1,465104.91,384819.19,849924.12,385204,465570,308.69,297.70,606.39,298,309,0.00,0.00,0,0
1544349591,1002-eth4,0.00,0.00,0.00,0,0,0.00,0.00,0.00,0,0,0.00,0.00,0,0
1544349591,3002-eth4,24447.55,792373.62,816821.19,793166,24472,331.67,350.65,682.32,351,332,0.00,0.00,0,0
1544349591,2007-eth3,373036.97,8703.30,381740.28,8712,373410,128.87,131.87,260.74,132,129,0.00,0.00,0,0
1544349591,3005-eth1,919402.62,1077406.62,1996809.25,1078484,920322,648.35,653.35,1301.70,654,649,0.00,0.00,0,0
1544349591,2001-eth4,465104.91,384819.19,849924.12,385204,465570,308.69,297.70,606.39,298,309,0.00,0.00,0,0
1544349591,3003-eth4,34173.83,1221632.38,1255806.25,1222854,34208,479.52,498.50,978.02,499,480,0.00,0.00,0,0
1544349591,2004-eth1,0.00,0.00,0.00,0,0,0.00,0.00,0.00,0,0,0.00,0.00,0,0
1544349591,3006-eth4,11230.77,195634.38,206865.14,195830,11242,132.87,142.86,275.72,143,133,0.00,0.00,0,0
1544349591,3007-eth1,8703.30,373036.97,381740.28,373410,8712,131.87,128.87,260.74,129,132,0.00,0.00,0,0
1544349591,2008-eth1,0.00,0.00,0.00,0,0,0.00,0.00,0.00,0,0,0.00,0.00,0,0
1544349591,2002-eth2,5874.13,5874.13,11748.25,5880,5880,59.94,59.94,119.88,60,60,0.00,0.00,0,0
1544349591,2003-eth1,205562.44,906123.88,1111686.38,907030,205768,411.59,418.58,830.17,419,412,0.00,0.00,0,0
1544349591,3008-eth4,34139.86,1221436.62,1255576.50,1222658,34174,478.52,496.50,975.03,497,479,0.00,0.00,0,0
1544349591,1004-eth4,5874.13,5678.32,11552.45,5684,5880,59.94,57.94,117.88,58,60,0.00,0.00,0,0
1544349591,3006-eth1,879644.38,21012.99,900657.38,21034,880524,321.68,308.69,630.37,309,322,0.00,0.00,0,0
1544349591,1004-eth3,9594.41,9790.21,19384.62,9800,9604,97.90,99.90,197.80,100,98,0.00,0.00,0,0
1544349591,1002-eth2,0.00,0.00,0.00,0,0,0.00,0.00,0.00,0,0,0.00,0.00,0,0
1544349591,3004-eth3,1199342.75,206611.39,1405954.12,206818,1200542,462.54,456.54,919.08,457,463,0.00,0.00,0,0
1544349591,2003-eth3,5776.22,5874.13,11650.35,5880,5782,58.94,59.94,118.88,60,59,0.00,0.00,0,0
1544349591,2005-eth1,902207.81,201646.36,1103854.12,201848,903110,378.62,371.63,750.25,372,379,0.00,0.00,0,0
1544349591,3002-eth3,1220199.88,399476.53,1619676.38,399876,1221420,537.46,529.47,1066.93,530,538,0.00,0.00,0,0
1544349591,3006-eth3,26593.41,885322.69,911916.12,886208,26620,365.63,379.62,745.25,380,366,0.00,0.00,0,0
1544349591,2001-eth1,384819.19,465104.91,849924.12,465570,385204,297.70,308.69,606.39,309,298,0.00,0.00,0,0
1544349591,3005-eth2,3692.31,187998.00,191690.31,188186,3696,55.94,64.94,120.88,65,56,0.00,0.00,0,0
1544349591,2001-eth2,0.00,0.00,0.00,0,0,0.00,0.00,0.00,0,0,0.00,0.00,0,0
1544349591,3007-eth2,0.00,0.00,0.00,0,0,0.00,0.00,0.00,0,0,0.00,0.00,0,0
1544349591,1001-eth1,465104.91,384819.19,849924.12,385204,465570,308.69,297.70,606.39,298,309,0.00,0.00,0,0
1544349591,3007-eth4,1221035.00,1222090.00,2443125.00,1223312,1222256,791.21,807.19,1598.40,808,792,0.00,0.00,0,0
1544349591,2003-eth2,0.00,0.00,0.00,0,0,0.00,0.00,0.00,0,0,0.00,0.00,0,0
1544349591,3007-eth3,1213386.62,859376.62,2072763.25,860236,1214600,675.32,681.32,1356.64,682,676,0.00,0.00,0,0
1544349591,1002-eth1,0.00,0.00,0.00,0,0,0.00,0.00,0.00,0,0,0.00,0.00,0,0
1544349591,2002-eth3,0.00,0.00,0.00,0,0,0.00,0.00,0.00,0,0,0.00,0.00,0,0
1544349591,2007-eth2,0.00,0.00,0.00,0,0,0.00,0.00,0.00,0,0,0.00,0.00,0,0
1544349591,total,24345476.00,24497054.00,48842528.00,24521550,24369820,17420.58,17525.48,34946.05,17543,17438,0.00,0.00,0,0
1544349592,3003-eth3,1223748.25,414271.75,1638020.00,414686,1224972,525.47,534.47,1059.94,535,526,0.00,0.00,0,0
1544349592,2002-eth1,0.00,0.00,0.00,0,0,0.00,0.00,0.00,0,0,0.00,0.00,0,0
1544349592,lo,0.00,0.00,0.00,0,0,0.00,0.00,0.00,0,0,0.00,0.00,0,0
1544349592,3005-eth3,1222481.50,1222155.88,2444637.50,1223378,1223704,791.21,808.19,1599.40,809,792,0.00,0.00,0,0
1544349592,2005-eth3,1075828.25,920453.56,1996281.75,921374,1076904,651.35,642.36,1293.71,643,652,0.00,0.00,0,0
1544349592,3004-eth4,1223862.12,1219196.88,2443059.00,1220416,1225086,790.21,807.19,1597.40,808,791,0.00,0.00,0,0
1544349592,1004-eth2,1958.04,1860.14,3818.18,1862,1960,19.98,18.98,38.96,19,20,0.00,0.00,0,0
1544349592,2004-eth4,387832.19,7186.81,395019.00,7194,388220,133.87,108.89,242.76,109,134,0.00,0.00,0,0
1544349592,1001-eth2,908327.69,246595.41,1154923.12,246842,909236,429.57,420.58,850.15,421,430,0.00,0.00,0,0
1544349592,1003-eth3,0.00,0.00,0.00,0,0,0.00,0.00,0.00,0,0,0.00,0.00,0,0
1544349592,2002-eth4,5776.22,5846.15,11622.38,5852,5782,58.94,59.94,118.88,60,59,0.00,0.00,0,0
1544349592,1001-eth4,394549.47,446691.31,841240.81,447138,394944,291.71,292.71,584.42,293,292,0.00,0.00,0,0
1544349592,3001-eth2,0.00,0.00,0.00,0,0,0.00,0.00,0.00,0,0,0.00,0.00,0,0
1544349592,1004-eth1,5776.22,5776.22,11552.45,5782,5782,58.94,58.94,117.88,59,59,0.00,0.00,0,0
1544349592,3005-eth4,1214969.12,924541.50,2139510.50,925466,1216184,699.30,704.30,1403.60,705,700,0.00,0.00,0,0
1544349592,1003-eth2,0.00,0.00,0.00,0,0,0.00,0.00,0.00,0,0,0.00,0.00,0,0
1544349592,3008-eth1,438647.38,11188.81,449836.19,11200,439086,170.83,159.84,330.67,160,171,0.00,0.00,0,0
1544349592,1002-eth3,0.00,0.00,0.00,0,0,0.00,0.00,0.00,0,0,0.00,0.00,0,0
1544349592,2006-eth1,0.00,0.00,0.00,0,0,0.00,0.00,0.00,0,0,0.00,0.00,0,0
1544349592,3003-eth1,5678.32,5874.13,11552.45,5880,5684,57.94,59.94,117.88,60,58,0.00,0.00,0,0
1544349592,2001-eth3,0.00,0.00,0.00,0,0,0.00,0.00,0.00,0,0,0.00,0.00,0,0
1544349592,2008-eth2,5874.13,5678.32,11552.45,5684,5880,59.94,57.94,117.88,58,60,0.00,0.00,0,0
1544349592,2008-eth3,0.00,0.00,0.00,0,0,0.00,0.00,0.00,0,0,0.00,0.00,0,0
1544349592,1001-eth3,242679.33,904411.62,1147091.00,905316,242922,380.62,389.61,770.23,390,381,0.00,0.00,0,0
1544349592,2007-eth4,11188.81,438647.38,449836.19,439086,11200,159.84,170.83,330.67,171,160,0.00,0.00,0,0
1544349592,2004-eth2,1860.14,1958.04,3818.18,1960,1862,18.98,19.98,38.96,20,19,0.00,0.00,0,0
1544349592,3002-eth1,394549.47,446691.31,841240.81,447138,394944,291.71,292.71,584.42,293,292,0.00,0.00,0,0
1544349592,3004-eth1,240917.09,902453.56,1143370.62,903356,241158,362.64,369.63,732.27,370,363,0.00,0.00,0,0
1544349592,2006-eth3,226465.55,4219.78,230685.33,4224,226692,77.92,63.94,141.86,64,78,0.00,0.00,0,0
1544349592,3004-eth2,7186.81,387832.19,395019.00,388220,7194,108.89,133.87,242.76,134,109,0.00,0.00,0,0
1544349592,3001-eth3,1219700.38,1215752.25,2435452.50,1216968,1220920,683.32,667.33,1350.65,668,684,0.00,0.00,0,0
1544349592,2003-eth4,902453.56,240917.09,1143370.62,241158,903356,369.63,362.64,732.27,363,370,0.00,0.00,0,0
1544349592,2008-eth4,5678.32,5874.13,11552.45,5880,5684,57.94,59.94,117.88,60,58,0.00,0.00,0,0
1544349592,3008-eth3,1221650.38,463128.88,1684779.25,463592,1222872,559.44,551.45,1110.89,552,560,0.00,0.00,0,0
1544349592,2005-eth2,0.00,0.00,0.00,0,0,0.00,0.00,0.00,0,0,0.00,0.00,0,0
1544349592,2006-eth4,13814.19,235962.05,249776.23,236198,13828,161.84,174.83,336.66,175,162,0.00,0.00,0,0
1544349592,3006-eth2,235962.05,13814.19,249776.23,13828,236198,174.83,161.84,336.66,162,175,0.00,0.00,0,0
1544349592,1003-eth4,0.00,0.00,0.00,0,0,0.00,0.00,0.00,0,0,0.00,0.00,0,0
1544349592,2006-eth2,9496.50,9594.41,19090.91,9604,9506,96.90,97.90,194.81,98,97,0.00,0.00,0,0
1544349592,3001-eth1,0.00,0.00,0.00,0,0,0.00,0.00,0.00,0,0,0.00,0.00,0,0
1544349592,3008-eth2,5874.13,5678.32,11552.45,5684,5880,59.94,57.94,117.88,58,60,0.00,0.00,0,0
1544349592,2004-eth3,9144.86,389692.31,398837.19,390082,9154,128.87,152.85,281.72,153,129,0.00,0.00,0,0
1544349592,3001-eth4,1215752.25,1219766.25,2435518.50,1220986,1216968,667.33,684.32,1351.65,685,668,0.00,0.00,0,0
1544349592,1003-eth1,0.00,0.00,0.00,0,0,0.00,0.00,0.00,0,0,0.00,0.00,0,0
1544349592,3002-eth2,5846.15,5776.22,11622.38,5782,5852,59.94,58.94,118.88,59,60,0.00,0.00,0,0
1544349592,2005-eth4,19762.24,836803.25,856565.44,837640,19782,290.71,307.69,598.40,308,291,0.00,0.00,0,0
1544349592,3003-eth2,389692.31,9144.86,398837.19,9154,390082,152.85,128.87,281.72,129,153,0.00,0.00,0,0
1544349592,2007-eth1,446691.31,394549.47,841240.81,394944,447138,292.71,291.71,584.42,292,293,0.00,0.00,0,0
1544349592,1002-eth4,0.00,0.00,0.00,0,0,0.00,0.00,0.00,0,0,0.00,0.00,0,0
1544349592,3002-eth4,24943.06,815948.06,840891.12,816764,24968,339.66,357.64,697.30,358,340,0.00,0.00,0,0
1544349592,2007-eth3,383360.66,8043.96,391404.59,8052,383744,131.87,121.88,253.75,122,132,0.00,0.00,0,0
1544349592,3005-eth1,920453.56,1075828.25,1996281.75,1076904,921374,642.36,651.35,1293.71,652,643,0.00,0.00,0,0
1544349592,2001-eth4,446691.31,394549.47,841240.81,394944,447138,292.71,291.71,584.42,292,293,0.00,0.00,0,0
1544349592,3003-eth4,34271.73,1222851.12,1257122.88,1224074,34306,480.52,496.50,977.02,497,481,0.00,0.00,0,0
1544349592,2004-eth1,0.00,0.00,0.00,0,0,0.00,0.00,0.00,0,0,0.00,0.00,0,0
1544349592,3006-eth4,11954.05,234199.81,246153.86,234434,11966,142.86,156.84,299.70,157,143,0.00,0.00,0,0
1544349592,3007-eth1,8043.96,383360.66,391404.59,383744,8052,121.88,131.87,253.75,132,122,0.00,0.00,0,0
1544349592,2008-eth1,0.00,0.00,0.00,0,0,0.00,0.00,0.00,0,0,0.00,0.00,0,0
1544349592,2002-eth2,5776.22,5776.22,11552.45,5782,5782,58.94,58.94,117.88,59,59,0.00,0.00,0,0
1544349592,2003-eth1,246595.41,908327.69,1154923.12,909236,246842,420.58,429.57,850.15,430,421,0.00,0.00,0,0
1544349592,3008-eth4,34075.93,1224591.50,1258667.38,1225816,34110,478.52,499.50,978.02,500,479,0.00,0.00,0,0
1544349592,1004-eth4,5678.32,5874.13,11552.45,5880,5684,57.94,59.94,117.88,60,58,0.00,0.00,0,0
1544349592,3006-eth1,836803.25,19762.24,856565.44,19782,837640,307.69,290.71,598.40,291,308,0.00,0.00,0,0
1544349592,1004-eth3,9594.41,9496.50,19090.91,9506,9604,97.90,96.90,194.81,97,98,0.00,0.00,0,0
1544349592,1002-eth2,0.00,0.00,0.00,0,0,0.00,0.00,0.00,0,0,0.00,0.00,0,0
1544349592,3004-eth3,1197043.00,248037.97,1445081.00,248286,1198240,471.53,470.53,942.06,471,472,0.00,0.00,0,0
1544349592,2003-eth3,5874.13,5678.32,11552.45,5684,5880,59.94,57.94,117.88,58,60,0.00,0.00,0,0
1544349592,2005-eth1,904411.62,242679.33,1147091.00,242922,905316,389.61,380.62,770.23,381,390,0.00,0.00,0,0
1544349592,3002-eth3,1223422.62,409800.22,1633222.88,410210,1224646,542.46,532.47,1074.93,533,543,0.00,0.00,0,0
1544349592,3006-eth3,25538.46,842481.56,868020.00,843324,25564,349.65,365.63,715.28,366,350,0.00,0.00,0,0
1544349592,2001-eth1,394549.47,446691.31,841240.81,447138,394944,291.71,292.71,584.42,293,292,0.00,0.00,0,0
1544349592,3005-eth2,4219.78,226465.55,230685.33,226692,4224,63.94,77.92,141.86,78,64,0.00,0.00,0,0
1544349592,2001-eth2,0.00,0.00,0.00,0,0,0.00,0.00,0.00,0,0,0.00,0.00,0,0
1544349592,3007-eth2,0.00,0.00,0.00,0,0,0.00,0.00,0.00,0,0,0.00,0.00,0,0
1544349592,1001-eth1,446691.31,394549.47,841240.81,394944,447138,292.71,291.71,584.42,292,293,0.00,0.00,0,0
1544349592,3007-eth4,1221760.25,1222090.00,2443850.25,1223312,1222982,802.20,807.19,1609.39,808,803,0.00,0.00,0,0
1544349592,2003-eth2,0.00,0.00,0.00,0,0,0.00,0.00,0.00,0,0,0.00,0.00,0,0
1544349592,3007-eth3,1214046.00,906787.25,2120833.25,907694,1215260,685.31,698.30,1383.62,699,686,0.00,0.00,0,0
1544349592,1002-eth1,0.00,0.00,0.00,0,0,0.00,0.00,0.00,0,0,0.00,0.00,0,0
1544349592,2002-eth3,0.00,0.00,0.00,0,0,0.00,0.00,0.00,0,0,0.00,0.00,0,0
1544349592,2007-eth2,0.00,0.00,0.00,0,0,0.00,0.00,0.00,0,0,0.00,0.00,0,0
1544349592,total,24547474.00,24823854.00,49371328.00,24848678,24572020,17418.58,17551.45,34970.03,17569,17436,0.00,0.00,0,0
1544349593,3003-eth3,1215242.75,446797.22,1662040.00,447244,1216458,528.47,545.45,1073.93,546,529,0.00,0.00,0,0
1544349593,2002-eth1,0.00,0.00,0.00,0,0,0.00,0.00,0.00,0,0,0.00,0.00,0,0
1544349593,lo,1198.80,1198.80,2397.60,1200,1200,19.98,19.98,39.96,20,20,0.00,0.00,0,0
1544349593,3005-eth3,1218731.25,1219065.00,2437796.25,1220284,1219950,778.22,805.19,1583.42,806,779,0.00,0.00,0,0
1544349593,2005-eth3,1078523.50,918347.69,1996871.12,919266,1079602,648.35,632.37,1280.72,633,649,0.00,0.00,0,0
1544349593,3004-eth4,1217350.62,1219065.00,2436415.75,1220284,1218568,779.22,805.19,1584.42,806,780,0.00,0.00,0,0
1544349593,1004-eth2,1762.24,1958.04,3720.28,1960,1764,17.98,19.98,37.96,20,18,0.00,0.00,0,0
1544349593,2004-eth4,420381.62,7384.62,427766.25,7392,420802,144.86,111.89,256.74,112,145,0.00,0.00,0,0
1544349593,1001-eth2,907542.50,305676.34,1213218.88,305982,908450,440.56,438.56,879.12,439,441,0.00,0.00,0,0
1544349593,1003-eth3,0.00,0.00,0.00,0,0,0.00,0.00,0.00,0,0,0.00,0.00,0,0
1544349593,2002-eth4,5776.22,5776.22,11552.45,5782,5782,58.94,58.94,117.88,59,59,0.00,0.00,0,0
1544349593,1001-eth4,411450.56,459752.25,871202.81,460212,411862,306.69,293.71,600.40,294,307,0.00,0.00,0,0
1544349593,3001-eth2,0.00,0.00,0.00,0,0,0.00,0.00,0.00,0,0,0.00,0.00,0,0
1544349593,1004-eth1,5776.22,5776.22,11552.45,5782,5782,58.94,58.94,117.88,59,59,0.00,0.00,0,0
1544349593,3005-eth4,1211746.25,922963.06,2134709.25,923886,1212958,694.31,702.30,1396.60,703,695,0.00,0.00,0,0
1544349593,1003-eth2,0.00,0.00,0.00,0,0,0.00,0.00,0.00,0,0,0.00,0.00,0,0
1544349593,3008-eth1,451930.09,11782.22,463712.31,11794,452382,174.83,168.83,343.66,169,175,0.00,0.00,0,0
1544349593,1002-eth3,0.00,0.00,0.00,0,0,0.00,0.00,0.00,0,0,0.00,0.00,0,0
1544349593,2006-eth1,0.00,0.00,0.00,0,0,0.00,0.00,0.00,0,0,0.00,0.00,0,0
1544349593,3003-eth1,5776.22,5678.32,11454.55,5684,5782,58.94,57.94,116.88,58,59,0.00,0.00,0,0
1544349593,2001-eth3,0.00,0.00,0.00,0,0,0.00,0.00,0.00,0,0,0.00,0.00,0,0
1544349593,2008-eth2,5874.13,5874.13,11748.25,5880,5880,59.94,59.94,119.88,60,60,0.00,0.00,0,0
1544349593,2008-eth3,0.00,0.00,0.00,0,0,0.00,0.00,0.00,0,0,0.00,0.00,0,0
1544349593,1001-eth3,301858.16,903724.31,1205582.50,904628,302160,399.60,401.60,801.20,402,400,0.00,0.00,0,0
1544349593,2007-eth4,11782.22,451930.09,463712.31,452382,11794,168.83,174.83,343.66,175,169,0.00,0.00,0,0
1544349593,2004-eth2,1958.04,1762.24,3720.28,1764,1960,19.98,17.98,37.96,18,20,0.00,0.00,0,0
1544349593,3002-eth1,411352.66,459654.34,871007.00,460114,411764,305.69,292.71,598.40,293,306,0.00,0.00,0,0
1544349593,3004-eth1,299900.09,901864.19,1201764.25,902766,300200,379.62,382.62,762.24,383,380,0.00,0.00,0,0
1544349593,2006-eth3,260527.48,4681.32,265208.81,4686,260788,89.91,70.93,160.84,71,90,0.00,0.00,0,0
1544349593,3004-eth2,7384.62,420381.62,427766.25,420802,7392,111.89,144.86,256.74,145,112,0.00,0.00,0,0
1544349593,3001-eth3,1219700.38,1211280.75,2430981.00,1212492,1220920,683.32,665.33,1348.65,666,684,0.00,0.00,0,0
1544349593,2003-eth4,901864.19,299900.09,1201764.25,300200,902766,382.62,379.62,762.24,380,383,0.00,0.00,0,0
1544349593,2008-eth4,5874.13,5874.13,11748.25,5880,5880,59.94,59.94,119.88,60,60,0.00,0.00,0,0
1544349593,3008-eth3,1217574.50,476279.72,1693854.25,476756,1218792,563.44,553.45,1116.88,554,564,0.00,0.00,0,0
1544349593,2005-eth2,0.00,0.00,0.00,0,0,0.00,0.00,0.00,0,0,0.00,0.00,0,0
1544349593,2006-eth4,14373.63,270023.97,284397.62,270294,14388,169.83,186.81,356.64,187,170,0.00,0.00,0,0
1544349593,3006-eth2,270023.97,14373.63,284397.62,14388,270294,186.81,169.83,356.64,170,187,0.00,0.00,0,0
1544349593,1003-eth4,0.00,0.00,0.00,0,0,0.00,0.00,0.00,0,0,0.00,0.00,0,0
1544349593,2006-eth2,9496.50,9692.31,19188.81,9702,9506,96.90,98.90,195.80,99,97,0.00,0.00,0,0
1544349593,3001-eth1,0.00,0.00,0.00,0,0,0.00,0.00,0.00,0,0,0.00,0.00,0,0
1544349593,3008-eth2,5874.13,5874.13,11748.25,5880,5880,59.94,59.94,119.88,60,60,0.00,0.00,0,0
1544349593,2004-eth3,9146.85,422339.66,431486.53,422762,9156,129.87,164.84,294.71,165,130,0.00,0.00,0,0
1544349593,3001-eth4,1211280.75,1219700.38,2430981.00,1220920,1212492,665.33,683.32,1348.65,684,666,0.00,0.00,0,0
1544349593,1003-eth1,0.00,0.00,0.00,0,0,0.00,0.00,0.00,0,0,0.00,0.00,0,0
1544349593,3002-eth2,5776.22,5776.22,11552.45,5782,5782,58.94,58.94,117.88,59,59,0.00,0.00,0,0
1544349593,2005-eth4,18441.56,780483.56,798925.12,781264,18460,269.73,287.71,557.44,288,270,0.00,0.00,0,0
1544349593,3003-eth2,422339.66,9146.85,431486.53,9156,422762,164.84,129.87,294.71,130,165,0.00,0.00,0,0
1544349593,2007-eth1,459752.25,411450.56,871202.81,411862,460212,293.71,306.69,600.40,307,294,0.00,0.00,0,0
1544349593,1002-eth4,0.00,0.00,0.00,0,0,0.00,0.00,0.00,0,0,0.00,0.00,0,0
1544349593,3002-eth4,24119.88,771464.56,795584.44,772236,24144,327.67,341.66,669.33,342,328,0.00,0.00,0,0
1544349593,2007-eth3,399668.34,7822.18,407490.53,7830,400068,137.86,118.88,256.74,119,138,0.00,0.00,0,0
1544349593,3005-eth1,918347.69,1078523.50,1996871.12,1079602,919266,632.37,648.35,1280.72,649,633,0.00,0.00,0,0
1544349593,2001-eth4,459654.34,411352.66,871007.00,411764,460114,292.71,305.69,598.40,306,293,0.00,0.00,0,0
1544349593,3003-eth4,33856.14,1218617.38,1252473.50,1219836,33890,476.52,497.50,974.03,498,477,0.00,0.00,0,0
1544349593,2004-eth1,0.00,0.00,0.00,0,0,0.00,0.00,0.00,0,0,0.00,0.00,0,0
1544349593,3006-eth4,12415.58,268065.94,280481.53,268334,12428,149.85,166.83,316.68,167,150,0.00,0.00,0,0
1544349593,3007-eth1,7822.18,399668.34,407490.53,400068,7830,118.88,137.86,256.74,138,119,0.00,0.00,0,0
1544349593,2008-eth1,0.00,0.00,0.00,0,0,0.00,0.00,0.00,0,0,0.00,0.00,0,0
1544349593,2002-eth2,5776.22,5776.22,11552.45,5782,5782,58.94,58.94,117.88,59,59,0.00,0.00,0,0
1544349593,2003-eth1,305676.34,907542.50,1213218.88,908450,305982,438.56,440.56,879.12,441,439,0.00,0.00,0,0
1544349593,3008-eth4,34139.86,1215714.38,1249854.12,1216930,34174,478.52,496.50,975.03,497,479,0.00,0.00,0,0
1544349593,1004-eth4,5874.13,5874.13,11748.25,5880,5880,59.94,59.94,119.88,60,60,0.00,0.00,0,0
1544349593,3006-eth1,780483.56,18441.56,798925.12,18460,781264,287.71,269.73,557.44,270,288,0.00,0.00,0,0
1544349593,1004-eth3,9692.31,9496.50,19188.81,9506,9702,98.90,96.90,195.80,97,99,0.00,0.00,0,0
1544349593,1002-eth2,0.00,0.00,0.00,0,0,0.00,0.00,0.00,0,0,0.00,0.00,0,0
1544349593,3004-eth3,1197900.12,307218.78,1505118.88,307526,1199098,484.52,490.51,975.03,491,485,0.00,0.00,0,0
1544349593,2003-eth3,5678.32,5776.22,11454.55,5782,5684,57.94,58.94,116.88,59,58,0.00,0.00,0,0
1544349593,2005-eth1,903724.31,301858.16,1205582.50,302160,904628,401.60,399.60,801.20,400,402,0.00,0.00,0,0
1544349593,3002-eth3,1216453.62,425976.03,1642429.62,426402,1217670,546.45,536.46,1082.92,537,547,0.00,0.00,0,0
1544349593,3006-eth3,24315.69,786357.69,810673.38,787144,24340,329.67,347.65,677.32,348,330,0.00,0.00,0,0
1544349593,2001-eth1,411352.66,459654.34,871007.00,460114,411764,305.69,292.71,598.40,293,306,0.00,0.00,0,0
1544349593,3005-eth2,4681.32,260527.48,265208.81,260788,4686,70.93,89.91,160.84,90,71,0.00,0.00,0,0
1544349593,2001-eth2,0.00,0.00,0.00,0,0,0.00,0.00,0.00,0,0,0.00,0.00,0,0
1544349593,3007-eth2,0.00,0.00,0.00,0,0,0.00,0.00,0.00,0,0,0.00,0.00,0,0
1544349593,1001-eth1,459654.34,411352.66,871007.00,411764,460114,292.71,305.69,598.40,306,293,0.00,0.00,0,0
1544349593,3007-eth4,1220837.25,1219172.88,2440010.00,1220392,1222058,788.21,807.19,1595.40,808,789,0.00,0.00,0,0
1544349593,2003-eth2,0.00,0.00,0.00,0,0,0.00,0.00,0.00,0,0,0.00,0.00,0,0
1544349593,3007-eth3,1211350.62,937824.19,2149175.00,938762,1212562,688.31,708.29,1396.60,709,689,0.00,0.00,0,0
1544349593,1002-eth1,0.00,0.00,0.00,0,0,0.00,0.00,0.00,0,0,0.00,0.00,0,0
1544349593,2002-eth3,0.00,0.00,0.00,0,0,0.00,0.00,0.00,0,0,0.00,0.00,0,0
1544349593,2007-eth2,0.00,0.00,0.00,0,0,0.00,0.00,0.00,0,0,0.00,0.00,0,0
1544349593,total,24878820.00,25257368.00,50136184.00,25282624,24903698,17555.45,17746.25,35301.70,17764,17573,0.00,0.00,0,0
1544349594,3003-eth3,1223884.12,523822.19,1747706.38,524346,1225108,549.45,572.43,1121.88,573,550,0.00,0.00,0,0
1544349594,2002-eth1,0.00,0.00,0.00,0,0,0.00,0.00,0.00,0,0,0.00,0.00,0,0
1544349594,lo,0.00,0.00,0.00,0,0,0.00,0.00,0.00,0,0,0.00,0.00,0,0
1544349594,3005-eth3,1225568.50,1225180.88,2450749.25,1226406,1226794,772.23,810.19,1582.42,811,773,0.00,0.00,0,0
1544349594,2005-eth3,1094040.00,904669.38,1998709.38,905574,1095134,642.36,622.38,1264.74,623,643,0.00,0.00,0,0
1544349594,3004-eth4,1224121.88,1222221.75,2446343.75,1223444,1225346,772.23,809.19,1581.42,810,773,0.00,0.00,0,0
1544349594,1004-eth2,1958.04,1860.14,3818.18,1862,1960,19.98,18.98,38.96,19,20,0.00,0.00,0,0
1544349594,2004-eth4,497382.62,8241.76,505624.38,8250,497880,171.83,124.88,296.70,125,172,0.00,0.00,0,0
1544349594,1001-eth2,895676.38,393820.19,1289496.50,394214,896572,457.54,458.54,916.08,459,458,0.00,0.00,0,0
1544349594,1003-eth3,0.00,0.00,0.00,0,0,0.00,0.00,0.00,0,0,0.00,0.00,0,0
1544349594,2002-eth4,5776.22,5776.22,11552.45,5782,5782,58.94,58.94,117.88,59,59,0.00,0.00,0,0
1544349594,1001-eth4,384093.91,434799.22,818893.12,435234,384478,286.71,288.71,575.42,289,287,0.00,0.00,0,0
1544349594,3001-eth2,0.00,0.00,0.00,0,0,0.00,0.00,0.00,0,0,0.00,0.00,0,0
1544349594,1004-eth1,5846.15,5776.22,11622.38,5782,5852,59.94,58.94,118.88,59,60,0.00,0.00,0,0
1544349594,3005-eth4,1213914.12,909812.19,2123726.25,910722,1215128,683.32,700.30,1383.62,701,684,0.00,0.00,0,0
1544349594,1003-eth2,0.00,0.00,0.00,0,0,0.00,0.00,0.00,0,0,0.00,0.00,0,0
1544349594,3008-eth1,426713.31,11056.94,437770.25,11068,427140,165.83,157.84,323.68,158,166,0.00,0.00,0,0
1544349594,1002-eth3,0.00,0.00,0.00,0,0,0.00,0.00,0.00,0,0,0.00,0.00,0,0
1544349594,2006-eth1,0.00,0.00,0.00,0,0,0.00,0.00,0.00,0,0,0.00,0.00,0,0
1544349594,3003-eth1,5874.13,5776.22,11650.35,5782,5880,59.94,58.94,118.88,59,60,0.00,0.00,0,0
1544349594,2001-eth3,0.00,0.00,0.00,0,0,0.00,0.00,0.00,0,0,0.00,0.00,0,0
1544349594,2008-eth2,5874.13,5874.13,11748.25,5880,5880,59.94,59.94,119.88,60,60,0.00,0.00,0,0
1544349594,2008-eth3,0.00,0.00,0.00,0,0,0.00,0.00,0.00,0,0,0.00,0.00,0,0
1544349594,1001-eth3,389904.09,891858.19,1281762.25,892750,390294,418.58,418.58,837.16,419,419,0.00,0.00,0,0
1544349594,2007-eth4,11056.94,426713.31,437770.25,427140,11068,157.84,165.83,323.68,166,158,0.00,0.00,0,0
1544349594,2004-eth2,1860.14,1958.04,3818.18,1960,1862,18.98,19.98,38.96,20,19,0.00,0.00,0,0
1544349594,3002-eth1,384093.91,434897.12,818991.06,435332,384478,286.71,289.71,576.42,290,287,0.00,0.00,0,0
1544349594,3004-eth1,387946.06,889900.12,1277846.25,890790,388334,398.60,398.60,797.20,399,399,0.00,0.00,0,0
1544349594,2006-eth3,309384.62,5208.79,314593.41,5214,309694,106.89,78.92,185.81,79,107,0.00,0.00,0,0
1544349594,3004-eth2,8241.76,497382.62,505624.38,497880,8250,124.88,171.83,296.70,172,125,0.00,0.00,0,0
1544349594,3001-eth3,1222659.38,1215818.25,2438477.50,1217034,1223882,684.32,668.33,1352.65,669,685,0.00,0.00,0,0
1544349594,2003-eth4,889900.12,387946.06,1277846.25,388334,890790,398.60,398.60,797.20,399,399,0.00,0.00,0,0
1544349594,2008-eth4,5874.13,5874.13,11748.25,5880,5880,59.94,59.94,119.88,60,60,0.00,0.00,0,0
1544349594,3008-eth3,1225924.12,451292.72,1677216.88,451744,1227150,558.44,547.45,1105.89,548,559,0.00,0.00,0,0
1544349594,2005-eth2,0.00,0.00,0.00,0,0,0.00,0.00,0.00,0,0,0.00,0.00,0,0
1544349594,2006-eth4,14803.20,319076.94,333880.12,319396,14818,176.82,205.79,382.62,206,177,0.00,0.00,0,0
1544349594,3006-eth2,319076.94,14803.20,333880.12,14818,319396,205.79,176.82,382.62,177,206,0.00,0.00,0,0
1544349594,1003-eth4,0.00,0.00,0.00,0,0,0.00,0.00,0.00,0,0,0.00,0.00,0,0
1544349594,2006-eth2,9692.31,9594.41,19286.71,9604,9702,98.90,97.90,196.80,98,99,0.00,0.00,0,0
1544349594,3001-eth1,0.00,0.00,0.00,0,0,0.00,0.00,0.00,0,0,0.00,0.00,0,0
1544349594,3008-eth2,5874.13,5874.13,11748.25,5880,5880,59.94,59.94,119.88,60,60,0.00,0.00,0,0
1544349594,2004-eth3,10199.80,499242.78,509442.56,499742,10210,144.86,190.81,335.66,191,145,0.00,0.00,0,0
1544349594,3001-eth4,1215818.25,1224171.88,2439990.00,1225396,1217034,668.33,685.31,1353.65,686,669,0.00,0.00,0,0
1544349594,1003-eth1,0.00,0.00,0.00,0,0,0.00,0.00,0.00,0,0,0.00,0.00,0,0
1544349594,3002-eth2,5776.22,5776.22,11552.45,5782,5782,58.94,58.94,117.88,59,59,0.00,0.00,0,0
1544349594,2005-eth4,16727.27,708051.94,724779.25,708760,16744,243.76,263.74,507.49,264,244,0.00,0.00,0,0
1544349594,3003-eth2,499242.78,10199.80,509442.56,10210,499742,190.81,144.86,335.66,145,191,0.00,0.00,0,0
1544349594,2007-eth1,434799.22,384093.91,818893.12,384478,435234,288.71,286.71,575.42,287,289,0.00,0.00,0,0
1544349594,1002-eth4,0.00,0.00,0.00,0,0,0.00,0.00,0.00,0,0,0.00,0.00,0,0
1544349594,3002-eth4,25074.93,810030.00,835104.94,810840,25100,341.66,355.64,697.30,356,342,0.00,0.00,0,0
1544349594,2007-eth3,373036.97,8085.91,381122.88,8094,373410,128.87,122.88,251.75,123,129,0.00,0.00,0,0
1544349594,3005-eth1,904669.38,1094040.00,1998709.38,1095134,905574,622.38,642.36,1264.74,643,623,0.00,0.00,0,0
1544349594,2001-eth4,434897.12,384093.91,818991.06,384478,435332,289.71,286.71,576.42,287,290,0.00,0.00,0,0
1544349594,3003-eth4,34173.83,1224493.50,1258667.38,1225718,34208,479.52,498.50,978.02,499,480,0.00,0.00,0,0
1544349594,2004-eth1,0.00,0.00,0.00,0,0,0.00,0.00,0.00,0,0,0.00,0.00,0,0
1544349594,3006-eth4,12845.16,317118.88,329964.03,317436,12858,156.84,185.81,342.66,186,157,0.00,0.00,0,0
1544349594,3007-eth1,8085.91,373036.97,381122.88,373410,8094,122.88,128.87,251.75,129,123,0.00,0.00,0,0
1544349594,2008-eth1,0.00,0.00,0.00,0,0,0.00,0.00,0.00,0,0,0.00,0.00,0,0
1544349594,2002-eth2,5776.22,5846.15,11622.38,5852,5782,58.94,59.94,118.88,60,59,0.00,0.00,0,0
1544349594,2003-eth1,393820.19,895676.38,1289496.50,896572,394214,458.54,457.54,916.08,458,459,0.00,0.00,0,0
1544349594,3008-eth4,34271.73,1226006.00,1260277.75,1227232,34306,480.52,499.50,980.02,500,481,0.00,0.00,0,0
1544349594,1004-eth4,5874.13,5874.13,11748.25,5880,5880,59.94,59.94,119.88,60,60,0.00,0.00,0,0
1544349594,3006-eth1,708051.94,16727.27,724779.25,16744,708760,263.74,243.76,507.49,244,264,0.00,0.00,0,0
1544349594,1004-eth3,9594.41,9692.31,19286.71,9702,9604,97.90,98.90,196.80,99,98,0.00,0.00,0,0
1544349594,1002-eth2,0.00,0.00,0.00,0,0,0.00,0.00,0.00,0,0,0.00,0.00,0,0
1544349594,3004-eth3,1202243.75,396121.88,1598365.62,396518,1203446,506.49,522.48,1028.97,523,507,0.00,0.00,0,0
1544349594,2003-eth3,5776.22,5874.13,11650.35,5880,5782,58.94,59.94,118.88,60,59,0.00,0.00,0,0
1544349594,2005-eth1,891858.19,389904.09,1281762.25,390294,892750,418.58,418.58,837.16,419,419,0.00,0.00,0,0
1544349594,3002-eth3,1224605.38,399476.53,1624082.00,399876,1225830,538.46,529.47,1067.93,530,539,0.00,0.00,0,0
1544349594,3006-eth3,22601.40,713926.06,736527.50,714640,22624,303.70,323.68,627.37,324,304,0.00,0.00,0,0
1544349594,2001-eth1,384093.91,434897.12,818991.06,435332,384478,286.71,289.71,576.42,290,287,0.00,0.00,0,0
1544349594,3005-eth2,5208.79,309384.62,314593.41,309694,5214,78.92,106.89,185.81,107,79,0.00,0.00,0,0
1544349594,2001-eth2,0.00,0.00,0.00,0,0,0.00,0.00,0.00,0,0,0.00,0.00,0,0
1544349594,3007-eth2,0.00,0.00,0.00,0,0,0.00,0.00,0.00,0,0,0.00,0.00,0,0
1544349594,1001-eth1,434897.12,384093.91,818991.06,384478,435332,289.71,286.71,576.42,287,290,0.00,0.00,0,0
1544349594,3007-eth4,1224385.62,1222197.88,2446583.50,1223420,1225610,776.22,809.19,1585.41,810,777,0.00,0.00,0,0
1544349594,2003-eth2,0.00,0.00,0.00,0,0,0.00,0.00,0.00,0,0,0.00,0.00,0,0
1544349594,3007-eth3,1214111.88,951238.81,2165350.75,952190,1215326,686.31,714.29,1400.60,715,687,0.00,0.00,0,0
1544349594,1002-eth1,0.00,0.00,0.00,0,0,0.00,0.00,0.00,0,0,0.00,0.00,0,0
1544349594,2002-eth3,0.00,0.00,0.00,0,0,0.00,0.00,0.00,0,0,0.00,0.00,0,0
1544349594,2007-eth2,0.00,0.00,0.00,0,0,0.00,0.00,0.00,0,0,0.00,0.00,0,0
1544349594,total,25139534.00,25626258.00,50765792.00,25651884,25164672,17616.38,17890.11,35506.49,17908,17634,0.00,0.00,0,0
1544349595,3003-eth3,1224080.00,380020.00,1604100.00,380400,1225304,569.43,563.44,1132.87,564,570,0.00,0.00,0,0
1544349595,2002-eth1,0.00,0.00,0.00,0,0,0.00,0.00,0.00,0,0,0.00,0.00,0,0
1544349595,lo,1198.80,1198.80,2397.60,1200,1200,19.98,19.98,39.96,20,20,0.00,0.00,0,0
1544349595,3005-eth3,1220173.88,1219196.88,2439370.75,1220416,1221394,756.24,807.19,1563.44,808,757,0.00,0.00,0,0
1544349595,2005-eth3,1120335.75,596413.62,1716749.25,597010,1121456,629.37,576.42,1205.79,577,630,0.00,0.00,0,0
1544349595,3004-eth4,1220701.38,1223292.75,2443994.00,1224516,1221922,764.24,819.18,1583.42,820,765,0.00,0.00,0,0
1544349595,1004-eth2,1958.04,1958.04,3916.08,1960,1960,19.98,19.98,39.96,20,20,0.00,0.00,0,0
1544349595,2004-eth4,353712.31,13810.19,367522.50,13824,354066,164.84,155.84,320.68,156,165,0.00,0.00,0,0
1544349595,1001-eth2,589562.44,512091.94,1101654.38,512604,590152,443.56,479.52,923.08,480,444,0.00,0.00,0,0
1544349595,1003-eth3,0.00,0.00,0.00,0,0,0.00,0.00,0.00,0,0,0.00,0.00,0,0
1544349595,2002-eth4,5776.22,5776.22,11552.45,5782,5782,58.94,58.94,117.88,59,59,0.00,0.00,0,0
1544349595,1001-eth4,378879.12,472771.25,851650.38,473244,379258,296.70,293.71,590.41,294,297,0.00,0.00,0,0
1544349595,3001-eth2,0.00,0.00,0.00,0,0,0.00,0.00,0.00,0,0,0.00,0.00,0,0
1544349595,1004-eth1,5776.22,5776.22,11552.45,5782,5782,58.94,58.94,117.88,59,59,0.00,0.00,0,0
1544349595,3005-eth4,1218050.00,601886.12,1819936.12,602488,1219268,663.34,659.34,1322.68,660,664,0.00,0.00,0,0
1544349595,1003-eth2,0.00,0.00,0.00,0,0,0.00,0.00,0.00,0,0,0.00,0.00,0,0
1544349595,3008-eth1,465278.72,11718.28,476997.03,11730,465744,179.82,168.83,348.65,169,180,0.00,0.00,0,0
1544349595,1002-eth3,0.00,0.00,0.00,0,0,0.00,0.00,0.00,0,0,0.00,0.00,0,0
1544349595,2006-eth1,0.00,0.00,0.00,0,0,0.00,0.00,0.00,0,0,0.00,0.00,0,0
1544349595,3003-eth1,5678.32,5874.13,11552.45,5880,5684,57.94,59.94,117.88,60,58,0.00,0.00,0,0
1544349595,2001-eth3,0.00,0.00,0.00,0,0,0.00,0.00,0.00,0,0,0.00,0.00,0,0
1544349595,2008-eth2,5874.13,5874.13,11748.25,5880,5880,59.94,59.94,119.88,60,60,0.00,0.00,0,0
1544349595,2008-eth3,0.00,0.00,0.00,0,0,0.00,0.00,0.00,0,0,0.00,0.00,0,0
1544349595,1001-eth3,508371.66,585646.38,1094018.00,586232,508880,441.56,403.60,845.15,404,442,0.00,0.00,0,0
1544349595,2007-eth4,11718.28,465278.72,476997.03,465744,11730,168.83,179.82,348.65,180,169,0.00,0.00,0,0
1544349595,2004-eth2,1958.04,1958.04,3916.08,1960,1960,19.98,19.98,39.96,20,20,0.00,0.00,0,0
1544349595,3002-eth1,379074.94,472771.25,851846.19,473244,379454,298.70,293.71,592.41,294,299,0.00,0.00,0,0
1544349595,3004-eth1,506413.59,583688.31,1090101.88,584272,506920,421.58,383.62,805.19,384,422,0.00,0.00,0,0
1544349595,2006-eth3,336016.00,5472.53,341488.53,5478,336352,115.88,82.92,198.80,83,116,0.00,0.00,0,0
1544349595,3004-eth2,13810.19,353712.31,367522.50,354066,13824,155.84,164.84,320.68,165,156,0.00,0.00,0,0
1544349595,3001-eth3,1222725.25,1211280.75,2434006.00,1212492,1223948,685.31,665.33,1350.65,666,686,0.00,0.00,0,0
1544349595,2003-eth4,583688.31,506413.59,1090101.88,506920,584272,383.62,421.58,805.19,422,384,0.00,0.00,0,0
1544349595,2008-eth4,5874.13,5874.13,11748.25,5880,5880,59.94,59.94,119.88,60,60,0.00,0.00,0,0
1544349595,3008-eth3,1220731.25,489760.25,1710491.50,490250,1221952,567.43,560.44,1127.87,561,568,0.00,0.00,0,0
1544349595,2005-eth2,0.00,0.00,0.00,0,0,0.00,0.00,0.00,0,0,0.00,0.00,0,0
1544349595,2006-eth4,15164.84,345708.31,360873.12,346054,15180,181.82,214.79,396.60,215,182,0.00,0.00,0,0
1544349595,3006-eth2,345708.31,15164.84,360873.12,15180,346054,214.79,181.82,396.60,182,215,0.00,0.00,0,0
1544349595,1003-eth4,0.00,0.00,0.00,0,0,0.00,0.00,0.00,0,0,0.00,0.00,0,0
1544349595,2006-eth2,9692.31,9692.31,19384.62,9702,9702,98.90,98.90,197.80,99,99,0.00,0.00,0,0
1544349595,3001-eth1,0.00,0.00,0.00,0,0,0.00,0.00,0.00,0,0,0.00,0.00,0,0
1544349595,3008-eth2,5874.13,5874.13,11748.25,5880,5880,59.94,59.94,119.88,60,60,0.00,0.00,0,0
1544349595,2004-eth3,15768.23,355670.34,371438.56,356026,15784,175.82,184.82,360.64,185,176,0.00,0.00,0,0
1544349595,3001-eth4,1211280.75,1222659.38,2433940.25,1223882,1212492,665.33,684.32,1349.65,685,666,0.00,0.00,0,0
1544349595,1003-eth1,0.00,0.00,0.00,0,0,0.00,0.00,0.00,0,0,0.00,0.00,0,0
1544349595,3002-eth2,5776.22,5776.22,11552.45,5782,5782,58.94,58.94,117.88,59,59,0.00,0.00,0,0
1544349595,2005-eth4,14683.32,625132.88,639816.19,625758,14698,212.79,234.77,447.55,235,213,0.00,0.00,0,0
1544349595,3003-eth2,355670.34,15768.23,371438.56,15784,356026,184.82,175.82,360.64,176,185,0.00,0.00,0,0
1544349595,2007-eth1,472771.25,378879.12,851650.38,379258,473244,293.71,296.70,590.41,297,294,0.00,0.00,0,0
1544349595,1002-eth4,0.00,0.00,0.00,0,0,0.00,0.00,0.00,0,0,0.00,0.00,0,0
1544349595,3002-eth4,24217.78,770050.00,794267.75,770820,24242,328.67,341.66,670.33,342,329,0.00,0.00,0,0
1544349595,2007-eth3,367160.84,7492.51,374653.34,7500,367528,127.87,113.89,241.76,114,128,0.00,0.00,0,0
1544349595,3005-eth1,596413.62,1120335.75,1716749.25,1121456,597010,576.42,629.37,1205.79,630,577,0.00,0.00,0,0
1544349595,2001-eth4,472771.25,379074.94,851846.19,379454,473244,293.71,298.70,592.41,299,294,0.00,0.00,0,0
1544349595,3003-eth4,34139.86,1224395.62,1258535.50,1225620,34174,478.52,497.50,976.02,498,479,0.00,0.00,0,0
1544349595,2004-eth1,0.00,0.00,0.00,0,0,0.00,0.00,0.00,0,0,0.00,0.00,0,0
1544349595,3006-eth4,13304.70,343848.16,357152.84,344192,13318,162.84,195.80,358.64,196,163,0.00,0.00,0,0
1544349595,3007-eth1,7492.51,367160.84,374653.34,367528,7500,113.89,127.87,241.76,128,114,0.00,0.00,0,0
1544349595,2008-eth1,0.00,0.00,0.00,0,0,0.00,0.00,0.00,0,0,0.00,0.00,0,0
1544349595,2002-eth2,5770.46,5770.46,11540.92,5782,5782,58.88,58.88,117.76,59,59,0.00,0.00,0,0
1544349595,2003-eth1,511580.84,588974.06,1100554.88,590152,512604,479.04,443.11,922.16,444,480,0.00,0.00,0,0
1544349595,3008-eth4,34041.92,1220413.25,1254455.12,1222854,34110,478.04,498.00,976.05,499,479,0.00,0.00,0,0
1544349595,1004-eth4,5868.26,5868.26,11736.53,5880,5880,59.88,59.88,119.76,60,60,0.00,0.00,0,0
1544349595,3006-eth1,624509.00,14668.66,639177.69,14698,625758,234.53,212.57,447.11,213,235,0.00,0.00,0,0
1544349595,1004-eth3,9682.63,9682.63,19365.27,9702,9702,98.80,98.80,197.60,99,99,0.00,0.00,0,0
1544349595,1002-eth2,0.00,0.00,0.00,0,0,0.00,0.00,0.00,0,0,0.00,0.00,0,0
1544349595,3004-eth3,1193822.38,509305.41,1703127.75,510324,1196210,527.94,556.89,1084.83,558,529,0.00,0.00,0,0
1544349595,2003-eth3,5868.26,5672.65,11540.92,5684,5880,59.88,57.88,117.76,58,60,0.00,0.00,0,0
1544349595,2005-eth1,585061.88,507864.28,1092926.12,508880,586232,403.19,441.12,844.31,442,404,0.00,0.00,0,0
1544349595,3002-eth3,1218892.25,393207.59,1612099.88,393994,1221330,535.93,527.94,1063.87,529,537,0.00,0.00,0,0
1544349595,3006-eth3,20439.12,630279.44,650718.56,631540,20480,271.46,293.41,564.87,294,272,0.00,0.00,0,0
1544349595,2001-eth1,378696.62,472299.41,850996.00,473244,379454,298.40,293.41,591.82,294,299,0.00,0.00,0,0
1544349595,3005-eth2,5467.07,335680.66,341147.72,336352,5478,82.83,115.77,198.60,116,83,0.00,0.00,0,0
1544349595,2001-eth2,0.00,0.00,0.00,0,0,0.00,0.00,0.00,0,0,0.00,0.00,0,0
1544349595,3007-eth2,0.00,0.00,0.00,0,0,0.00,0.00,0.00,0,0,0.00,0.00,0,0
1544349595,1001-eth1,472299.41,378696.62,850996.00,379454,473244,293.41,298.40,591.82,299,294,0.00,0.00,0,0
1544349595,3007-eth4,1220471.12,1220978.12,2441449.25,1223420,1222912,778.44,808.38,1586.83,810,780,0.00,0.00,0,0
1544349595,2003-eth2,0.00,0.00,0.00,0,0,0.00,0.00,0.00,0,0,0.00,0.00,0,0
1544349595,3007-eth3,1213427.12,997586.88,2211014.00,999582,1215854,693.61,729.54,1423.15,731,695,0.00,0.00,0,0
1544349595,1002-eth1,0.00,0.00,0.00,0,0,0.00,0.00,0.00,0,0,0.00,0.00,0,0
1544349595,2002-eth3,0.00,0.00,0.00,0,0,0.00,0.00,0.00,0,0,0.00,0.00,0,0
1544349595,2007-eth2,0.00,0.00,0.00,0,0,0.00,0.00,0.00,0,0,0.00,0.00,0,0
1544349595,total,24064664.00,24212248.00,48276912.00,24260672,24112792,17632.74,17914.17,35546.91,17950,17668,0.00,0.00,0,0
1544349596,3003-eth3,1222249.50,423784.44,1646034.00,424632,1224694,581.84,574.85,1156.69,576,583,0.00,0.00,0,0
1544349596,2002-eth1,0.00,0.00,0.00,0,0,0.00,0.00,0.00,0,0,0.00,0.00,0,0
1544349596,lo,0.00,0.00,0.00,0,0,0.00,0.00,0.00,0,0,0.00,0.00,0,0
1544349596,3005-eth3,1222237.50,1221712.62,2443950.25,1224156,1224682,739.52,810.38,1549.90,812,741,0.00,0.00,0,0
1544349596,2005-eth3,1100435.12,756397.25,1856832.38,757910,1102636,702.59,641.72,1344.31,643,704,0.00,0.00,0,0
1544349596,3004-eth4,1226872.25,1223073.88,2449946.25,1225520,1229326,941.12,910.18,1851.30,912,943,0.00,0.00,0,0
1544349596,1004-eth2,1956.09,1956.09,3912.18,1960,1960,19.96,19.96,39.92,20,20,0.00,0.00,0,0
1544349596,2004-eth4,397503.00,16792.42,414295.41,16826,398298,176.65,178.64,355.29,179,177,0.00,0.00,0,0
1544349596,1001-eth2,749125.75,446391.22,1195517.00,447284,750624,502.99,530.94,1033.93,532,504,0.00,0.00,0,0
1544349596,1003-eth3,0.00,0.00,0.00,0,0,0.00,0.00,0.00,0,0,0.00,0.00,0,0
1544349596,2002-eth4,5868.26,5868.26,11736.53,5880,5880,59.88,59.88,119.76,60,60,0.00,0.00,0,0
1544349596,1001-eth4,397153.72,447882.25,845035.94,448778,397948,293.41,280.44,573.85,281,294,0.00,0.00,0,0
1544349596,3001-eth2,0.00,0.00,0.00,0,0,0.00,0.00,0.00,0,0,0.00,0.00,0,0
1544349596,1004-eth1,5868.26,5868.26,11736.53,5880,5880,59.88,59.88,119.76,60,60,0.00,0.00,0,0
1544349596,3005-eth4,1222854.38,762363.31,1985217.62,763888,1225300,740.52,734.53,1475.05,736,742,0.00,0.00,0,0
1544349596,1003-eth2,0.00,0.00,0.00,0,0,0.00,0.00,0.00,0,0,0.00,0.00,0,0
1544349596,3008-eth1,439556.91,11177.64,450734.53,11200,440436,169.66,159.68,329.34,160,170,0.00,0.00,0,0
1544349596,1002-eth3,0.00,0.00,0.00,0,0,0.00,0.00,0.00,0,0,0.00,0.00,0,0
1544349596,2006-eth1,0.00,0.00,0.00,0,0,0.00,0.00,0.00,0,0,0.00,0.00,0,0
1544349596,3003-eth1,5868.26,5770.46,11638.72,5782,5880,59.88,58.88,118.76,59,60,0.00,0.00,0,0
1544349596,2001-eth3,0.00,0.00,0.00,0,0,0.00,0.00,0.00,0,0,0.00,0.00,0,0
1544349596,2008-eth2,5868.26,5868.26,11736.53,5880,5880,59.88,59.88,119.76,60,60,0.00,0.00,0,0
1544349596,2008-eth3,0.00,0.00,0.00,0,0,0.00,0.00,0.00,0,0,0.00,0.00,0,0
1544349596,1001-eth3,442479.06,745311.38,1187790.50,746802,443364,491.02,464.07,955.09,465,492,0.00,0.00,0,0
1544349596,2007-eth4,11177.64,439556.91,450734.53,440436,11200,159.68,169.66,329.34,170,160,0.00,0.00,0,0
1544349596,2004-eth2,1956.09,1956.09,3912.18,1960,1960,19.96,19.96,39.92,20,20,0.00,0.00,0,0
1544349596,3002-eth1,397153.72,447980.06,845133.75,448876,397948,293.41,281.44,574.85,282,294,0.00,0.00,0,0
1544349596,3004-eth1,440522.97,743355.31,1183878.25,744842,441404,471.06,444.11,915.17,445,472,0.00,0.00,0,0
1544349596,2006-eth3,368658.69,7005.99,375664.69,7020,369396,133.73,99.80,233.53,100,134,0.00,0.00,0,0
1544349596,3004-eth2,16792.42,397503.00,414295.41,398298,16826,178.64,176.65,355.29,177,179,0.00,0.00,0,0
1544349596,3001-eth3,1219994.00,1214539.00,2434533.00,1216968,1222434,683.63,666.67,1350.30,668,685,0.00,0.00,0,0
1544349596,2003-eth4,743355.31,440522.97,1183878.25,441404,744842,444.11,471.06,915.17,472,445,0.00,0.00,0,0
1544349596,2008-eth4,5868.26,5868.26,11736.53,5880,5880,59.88,59.88,119.76,60,60,0.00,0.00,0,0
1544349596,3008-eth3,1221880.25,464111.78,1685992.00,465040,1224324,558.88,550.90,1109.78,552,560,0.00,0.00,0,0
1544349596,2005-eth2,0.00,0.00,0.00,0,0,0.00,0.00,0.00,0,0,0.00,0.00,0,0
1544349596,2006-eth4,16786.43,378439.12,395225.56,379196,16820,199.60,233.53,433.13,234,200,0.00,0.00,0,0
1544349596,3006-eth2,378439.12,16786.43,395225.56,16820,379196,233.53,199.60,433.13,200,234,0.00,0.00,0,0
1544349596,1003-eth4,0.00,0.00,0.00,0,0,0.00,0.00,0.00,0,0,0.00,0.00,0,0
1544349596,2006-eth2,9780.44,9780.44,19560.88,9800,9800,99.80,99.80,199.60,100,100,0.00,0.00,0,0
1544349596,3001-eth1,0.00,0.00,0.00,0,0,0.00,0.00,0.00,0,0,0.00,0.00,0,0
1544349596,3008-eth2,5868.26,5868.26,11736.53,5880,5880,59.88,59.88,119.76,60,60,0.00,0.00,0,0
1544349596,2004-eth3,18748.50,399459.09,418207.59,400258,18786,198.60,196.61,395.21,197,199,0.00,0.00,0,0
1544349596,3001-eth4,1214539.00,1221505.00,2436044.00,1223948,1216968,666.67,684.63,1351.30,686,668,0.00,0.00,0,0
1544349596,1003-eth1,0.00,0.00,0.00,0,0,0.00,0.00,0.00,0,0,0.00,0.00,0,0
1544349596,3002-eth2,5868.26,5868.26,11736.53,5880,5880,59.88,59.88,119.76,60,60,0.00,0.00,0,0
1544349596,2005-eth4,14998.00,652624.75,667622.75,653930,15028,217.56,244.51,462.08,245,218,0.00,0.00,0,0
1544349596,3003-eth2,399459.09,18748.50,418207.59,18786,400258,196.61,198.60,395.21,199,197,0.00,0.00,0,0
1544349596,2007-eth1,447882.25,397153.72,845035.94,397948,448778,280.44,293.41,573.85,294,281,0.00,0.00,0,0
1544349596,1002-eth4,0.00,0.00,0.00,0,0,0.00,0.00,0.00,0,0,0.00,0.00,0,0
1544349596,3002-eth4,25015.97,806363.31,831379.25,807976,25066,340.32,355.29,695.61,356,341,0.00,0.00,0,0
1544349596,2007-eth3,385976.06,8325.35,394301.41,8342,386748,133.73,110.78,244.51,111,134,0.00,0.00,0,0
1544349596,3005-eth1,756397.25,1100435.12,1856832.38,1102636,757910,641.72,702.59,1344.31,704,643,0.00,0.00,0,0
1544349596,2001-eth4,447980.06,397153.72,845133.75,397948,448876,281.44,293.41,574.85,294,282,0.00,0.00,0,0
1544349596,3003-eth4,34007.98,1221924.12,1255932.12,1224368,34076,477.05,499.00,976.05,500,478,0.00,0.00,0,0
1544349596,2004-eth1,0.00,0.00,0.00,0,0,0.00,0.00,0.00,0,0,0.00,0.00,0,0
1544349596,3006-eth4,14634.73,376287.44,390922.16,377040,14664,177.64,211.58,389.22,212,178,0.00,0.00,0,0
1544349596,3007-eth1,8325.35,385976.06,394301.41,386748,8342,110.78,133.73,244.51,134,111,0.00,0.00,0,0
1544349596,2008-eth1,0.00,0.00,0.00,0,0,0.00,0.00,0.00,0,0,0.00,0.00,0,0
1544349596,2002-eth2,5874.13,5874.13,11748.25,5880,5880,59.94,59.94,119.88,60,60,0.00,0.00,0,0
1544349596,2003-eth1,446837.19,749874.12,1196711.38,750624,447284,531.47,503.50,1034.97,504,532,0.00,0.00,0,0
1544349596,3008-eth4,34205.80,1221534.50,1255740.25,1222756,34240,479.52,497.50,977.02,498,480,0.00,0.00,0,0
1544349596,1004-eth4,5874.13,5874.13,11748.25,5880,5880,59.94,59.94,119.88,60,60,0.00,0.00,0,0
1544349596,3006-eth1,653276.75,15012.99,668289.75,15028,653930,244.76,217.78,462.54,218,245,0.00,0.00,0,0
1544349596,1004-eth3,9790.21,9790.21,19580.42,9800,9800,99.90,99.90,199.80,100,100,0.00,0.00,0,0
1544349596,1002-eth2,0.00,0.00,0.00,0,0,0.00,0.00,0.00,0,0,0.00,0.00,0,0
1544349596,3004-eth3,1183664.38,435970.03,1619634.38,436406,1184848,507.49,534.47,1041.96,535,508,0.00,0.00,0,0
1544349596,2003-eth3,5776.22,5874.13,11650.35,5880,5782,58.94,59.94,118.88,60,59,0.00,0.00,0,0
1544349596,2005-eth1,746055.94,442921.09,1188977.00,443364,746802,464.54,491.51,956.04,492,465,0.00,0.00,0,0
1544349596,3002-eth3,1221754.25,412801.22,1634555.50,413214,1222976,539.46,534.47,1073.93,535,540,0.00,0.00,0,0
1544349596,3006-eth3,20691.31,658955.06,679646.38,659614,20712,275.72,302.70,578.42,303,276,0.00,0.00,0,0
1544349596,2001-eth1,397550.47,448427.59,845978.06,448876,397948,293.71,281.72,575.42,282,294,0.00,0.00,0,0
1544349596,3005-eth2,7012.99,369026.97,376039.97,369396,7020,99.90,133.87,233.77,134,100,0.00,0.00,0,0
1544349596,2001-eth2,0.00,0.00,0.00,0,0,0.00,0.00,0.00,0,0,0.00,0.00,0,0
1544349596,3007-eth2,0.00,0.00,0.00,0,0,0.00,0.00,0.00,0,0,0.00,0.00,0,0
1544349596,1001-eth1,448427.59,397550.47,845978.06,397948,448876,281.72,293.71,575.42,294,282,0.00,0.00,0,0
1544349596,3007-eth4,1222981.00,1222213.88,2445194.75,1223436,1224204,777.22,817.18,1594.41,818,778,0.00,0.00,0,0
1544349596,2003-eth2,0.00,0.00,0.00,0,0,0.00,0.00,0.00,0,0,0.00,0.00,0,0
1544349596,3007-eth3,1213852.12,822759.25,2036611.50,823582,1215066,706.29,718.28,1424.58,719,707,0.00,0.00,0,0
1544349596,1002-eth1,0.00,0.00,0.00,0,0,0.00,0.00,0.00,0,0,0.00,0.00,0,0
1544349596,2002-eth3,0.00,0.00,0.00,0,0,0.00,0.00,0.00,0,0,0.00,0.00,0,0
1544349596,2007-eth2,0.00,0.00,0.00,0,0,0.00,0.00,0.00,0,0,0.00,0.00,0,0
1544349596,total,24698628.00,24887404.00,49586032.00,24912290,24723326,18470.53,18680.32,37150.85,18699,18489,0.00,0.00,0,0
1544349597,3003-eth3,1222859.12,455706.31,1678565.50,456162,1224082,606.39,592.41,1198.80,593,607,0.00,0.00,0,0
1544349597,2002-eth1,0.00,0.00,0.00,0,0,0.00,0.00,0.00,0,0,0.00,0.00,0,0
1544349597,lo,1198.80,1198.80,2397.60,1200,1200,19.98,19.98,39.96,20,20,0.00,0.00,0,0
1544349597,3005-eth3,1221418.62,1222369.62,2443788.25,1223592,1222640,731.27,825.17,1556.44,826,732,0.00,0.00,0,0
1544349597,2005-eth3,696757.25,811248.75,1508006.00,812060,697454,696.30,687.31,1383.62,688,697,0.00,0.00,0,0
1544349597,3004-eth4,1227112.88,1221356.62,2448469.50,1222578,1228340,949.05,958.04,1907.09,959,950,0.00,0.00,0,0
1544349597,1004-eth2,1958.04,1958.04,3916.08,1960,1960,19.98,19.98,39.96,20,20,0.00,0.00,0,0
1544349597,2004-eth4,429332.69,18029.97,447362.66,18048,429762,192.81,191.81,384.62,192,193,0.00,0.00,0,0
1544349597,1001-eth2,798537.50,261392.61,1059930.12,261654,799336,539.46,536.46,1075.92,537,540,0.00,0.00,0,0
1544349597,1003-eth3,0.00,0.00,0.00,0,0,0.00,0.00,0.00,0,0,0.00,0.00,0,0
1544349597,2002-eth4,5678.32,5678.32,11356.64,5684,5684,57.94,57.94,115.88,58,58,0.00,0.00,0,0
1544349597,1001-eth4,376049.97,488195.81,864245.75,488684,376426,296.70,301.70,598.40,302,297,0.00,0.00,0,0
1544349597,3001-eth2,0.00,0.00,0.00,0,0,0.00,0.00,0.00,0,0,0.00,0.00,0,0
1544349597,1004-eth1,5678.32,5678.32,11356.64,5684,5684,57.94,57.94,115.88,58,58,0.00,0.00,0,0
1544349597,3005-eth4,1221174.88,808433.56,2029608.50,809242,1222396,773.23,764.24,1537.46,765,774,0.00,0.00,0,0
1544349597,1003-eth2,0.00,0.00,0.00,0,0,0.00,0.00,0.00,0,0,0.00,0.00,0,0
1544349597,3008-eth1,477114.91,11848.15,488963.06,11860,477592,183.82,169.83,353.65,170,184,0.00,0.00,0,0
1544349597,1002-eth3,0.00,0.00,0.00,0,0,0.00,0.00,0.00,0,0,0.00,0.00,0,0
1544349597,2006-eth1,0.00,0.00,0.00,0,0,0.00,0.00,0.00,0,0,0.00,0.00,0,0
1544349597,3003-eth1,5874.13,5874.13,11748.25,5880,5880,59.94,59.94,119.88,60,60,0.00,0.00,0,0
1544349597,2001-eth3,0.00,0.00,0.00,0,0,0.00,0.00,0.00,0,0,0.00,0.00,0,0
1544349597,2008-eth2,5678.32,5678.32,11356.64,5684,5684,57.94,57.94,115.88,58,58,0.00,0.00,0,0
1544349597,2008-eth3,0.00,0.00,0.00,0,0,0.00,0.00,0.00,0,0,0.00,0.00,0,0
1544349597,1001-eth3,257476.53,794621.38,1052097.88,795416,257734,496.50,499.50,996.00,500,497,0.00,0.00,0,0
1544349597,2007-eth4,11848.15,477114.91,488963.06,477592,11860,169.83,183.82,353.65,184,170,0.00,0.00,0,0
1544349597,2004-eth2,1958.04,1958.04,3916.08,1960,1960,19.98,19.98,39.96,20,20,0.00,0.00,0,0
1544349597,3002-eth1,376049.97,488195.81,864245.75,488684,376426,296.70,301.70,598.40,302,297,0.00,0.00,0,0
1544349597,3004-eth1,255518.48,792663.38,1048181.88,793456,255774,476.52,479.52,956.04,480,477,0.00,0.00,0,0
1544349597,2006-eth3,229800.20,9432.57,239232.78,9442,230030,106.89,100.90,207.79,101,107,0.00,0.00,0,0
1544349597,3004-eth2,18029.97,429332.69,447362.66,429762,18048,191.81,192.81,384.62,193,192,0.00,0.00,0,0
1544349597,3001-eth3,1219766.25,1211280.75,2431047.00,1212492,1220986,684.32,665.33,1349.65,666,685,0.00,0.00,0,0
1544349597,2003-eth4,792663.38,255518.48,1048181.88,255774,793456,479.52,476.52,956.04,477,480,0.00,0.00,0,0
1544349597,2008-eth4,5678.32,5678.32,11356.64,5684,5684,57.94,57.94,115.88,58,58,0.00,0.00,0,0
1544349597,3008-eth3,1219284.75,501464.56,1720749.25,501966,1220504,567.43,562.44,1129.87,563,568,0.00,0.00,0,0
1544349597,2005-eth2,0.00,0.00,0.00,0,0,0.00,0.00,0.00,0,0,0.00,0.00,0,0
1544349597,2006-eth4,18831.17,239198.81,258029.98,239438,18850,196.80,202.80,399.60,203,197,0.00,0.00,0,0
1544349597,3006-eth2,239198.81,18831.17,258029.98,18850,239438,202.80,196.80,399.60,197,203,0.00,0.00,0,0
1544349597,1003-eth4,0.00,0.00,0.00,0,0,0.00,0.00,0.00,0,0,0.00,0.00,0,0
1544349597,2006-eth2,9398.60,9398.60,18797.20,9408,9408,95.90,95.90,191.81,96,96,0.00,0.00,0,0
1544349597,3001-eth1,0.00,0.00,0.00,0,0,0.00,0.00,0.00,0,0,0.00,0.00,0,0
1544349597,3008-eth2,5678.32,5678.32,11356.64,5684,5684,57.94,57.94,115.88,58,58,0.00,0.00,0,0
1544349597,2004-eth3,19988.01,431290.72,451278.72,431722,20008,211.79,212.79,424.58,213,212,0.00,0.00,0,0
1544349597,3001-eth4,1211280.75,1219766.25,2431047.00,1220986,1212492,665.33,684.32,1349.65,685,666,0.00,0.00,0,0
1544349597,1003-eth1,0.00,0.00,0.00,0,0,0.00,0.00,0.00,0,0,0.00,0.00,0,0
1544349597,3002-eth2,5678.32,5678.32,11356.64,5684,5684,57.94,57.94,115.88,58,58,0.00,0.00,0,0
1544349597,2005-eth4,20543.46,443196.81,463740.28,443640,20564,227.77,239.76,467.53,240,228,0.00,0.00,0,0
1544349597,3003-eth2,431290.72,19988.01,451278.72,20008,431722,212.79,211.79,424.58,212,213,0.00,0.00,0,0
1544349597,2007-eth1,488195.81,376049.97,864245.75,376426,488684,301.70,296.70,598.40,297,302,0.00,0.00,0,0
1544349597,1002-eth4,0.00,0.00,0.00,0,0,0.00,0.00,0.00,0,0,0.00,0.00,0,0
1544349597,3002-eth4,24119.88,777382.62,801502.50,778160,24144,327.67,343.66,671.33,344,328,0.00,0.00,0,0
1544349597,2007-eth3,364201.81,11080.92,375282.72,11092,364566,126.87,117.88,244.76,118,127,0.00,0.00,0,0
1544349597,3005-eth1,811248.75,696757.25,1508006.00,697454,812060,687.31,696.30,1383.62,697,688,0.00,0.00,0,0
1544349597,2001-eth4,488195.81,376049.97,864245.75,376426,488684,301.70,296.70,598.40,297,302,0.00,0.00,0,0
1544349597,3003-eth4,34205.80,1224591.50,1258797.25,1225816,34240,479.52,499.50,979.02,500,480,0.00,0.00,0,0
1544349597,2004-eth1,0.00,0.00,0.00,0,0,0.00,0.00,0.00,0,0,0.00,0.00,0,0
1544349597,3006-eth4,17068.93,237436.56,254505.50,237674,17086,178.82,184.82,363.64,185,179,0.00,0.00,0,0
1544349597,3007-eth1,11080.92,364201.81,375282.72,364566,11092,117.88,126.87,244.76,127,118,0.00,0.00,0,0
1544349597,2008-eth1,0.00,0.00,0.00,0,0,0.00,0.00,0.00,0,0,0.00,0.00,0,0
1544349597,2002-eth2,5678.32,5678.32,11356.64,5684,5684,57.94,57.94,115.88,58,58,0.00,0.00,0,0
1544349597,2003-eth1,261392.61,798537.50,1059930.12,799336,261654,536.46,539.46,1075.92,540,537,0.00,0.00,0,0
1544349597,3008-eth4,34009.99,1221436.62,1255446.62,1222658,34044,477.52,496.50,974.03,497,478,0.00,0.00,0,0
1544349597,1004-eth4,5678.32,5678.32,11356.64,5684,5684,57.94,57.94,115.88,58,58,0.00,0.00,0,0
1544349597,3006-eth1,443196.81,20543.46,463740.28,20564,443640,239.76,227.77,467.53,228,240,0.00,0.00,0,0
1544349597,1004-eth3,9398.60,9398.60,18797.20,9408,9408,95.90,95.90,191.81,96,96,0.00,0.00,0,0
1544349597,1002-eth2,0.00,0.00,0.00,0,0,0.00,0.00,0.00,0,0,0.00,0.00,0,0
1544349597,3004-eth3,1179556.50,247056.95,1426613.38,247304,1180736,511.49,499.50,1010.99,500,512,0.00,0.00,0,0
1544349597,2003-eth3,5874.13,5874.13,11748.25,5880,5880,59.94,59.94,119.88,60,60,0.00,0.00,0,0
1544349597,2005-eth1,794621.38,257476.53,1052097.88,257734,795416,499.50,496.50,996.00,497,500,0.00,0.00,0,0
1544349597,3002-eth3,1221095.00,390641.38,1611736.25,391032,1222316,529.47,527.47,1056.94,528,530,0.00,0.00,0,0
1544349597,3006-eth3,26221.78,448875.12,475096.91,449324,26248,285.71,297.70,583.42,298,286,0.00,0.00,0,0
1544349597,2001-eth1,376049.97,488195.81,864245.75,488684,376426,296.70,301.70,598.40,302,297,0.00,0.00,0,0
1544349597,3005-eth2,9432.57,229800.20,239232.78,230030,9442,100.90,106.89,207.79,107,101,0.00,0.00,0,0
1544349597,2001-eth2,0.00,0.00,0.00,0,0,0.00,0.00,0.00,0,0,0.00,0.00,0,0
1544349597,3007-eth2,0.00,0.00,0.00,0,0,0.00,0.00,0.00,0,0,0.00,0.00,0,0
1544349597,1001-eth1,488195.81,376049.97,864245.75,376426,488684,301.70,296.70,598.40,297,302,0.00,0.00,0,0
1544349597,3007-eth4,1222399.62,1222663.38,2445063.00,1223886,1223622,834.17,848.15,1682.32,849,835,0.00,0.00,0,0
1544349597,2003-eth2,0.00,0.00,0.00,0,0,0.00,0.00,0.00,0,0,0.00,0.00,0,0
1544349597,3007-eth3,1211676.38,780615.38,1992291.75,781396,1212888,731.27,737.26,1468.53,738,732,0.00,0.00,0,0
1544349597,1002-eth1,0.00,0.00,0.00,0,0,0.00,0.00,0.00,0,0,0.00,0.00,0,0
1544349597,2002-eth3,0.00,0.00,0.00,0,0,0.00,0.00,0.00,0,0,0.00,0.00,0,0
1544349597,2007-eth2,0.00,0.00,0.00,0,0,0.00,0.00,0.00,0,0,0.00,0.00,0,0
1544349597,total,23579182.00,23257008.00,46836188.00,23280264,23602760,18857.14,19010.99,37868.13,19030,18876,0.00,0.00,0,0
1544349598,3003-eth3,1215554.50,381862.16,1597416.62,382244,1216770,582.42,569.43,1151.85,570,583,0.00,0.00,0,0
1544349598,2002-eth1,0.00,0.00,0.00,0,0,0.00,0.00,0.00,0,0,0.00,0.00,0,0
1544349598,lo,0.00,0.00,0.00,0,0,0.00,0.00,0.00,0,0,0.00,0.00,0,0
1544349598,3005-eth3,1224751.25,1214755.25,2439506.50,1215970,1225976,979.02,932.07,1911.09,933,980,0.00,0.00,0,0
1544349598,2005-eth3,997130.88,607664.38,1604795.25,608272,998128,719.28,695.30,1414.59,696,720,0.00,0.00,0,0
1544349598,3004-eth4,1226717.38,1217790.25,2444507.50,1219008,1227944,943.06,835.16,1778.22,836,944,0.00,0.00,0,0
1544349598,1004-eth2,1958.04,1958.04,3916.08,1960,1960,19.98,19.98,39.96,20,20,0.00,0.00,0,0
1544349598,2004-eth4,355686.31,12231.77,367918.09,12244,356042,172.83,157.84,330.67,158,173,0.00,0.00,0,0
1544349598,1001-eth2,589404.62,422493.53,1011898.12,422916,589994,498.50,509.49,1007.99,510,499,0.00,0.00,0,0
1544349598,1003-eth3,0.00,0.00,0.00,0,0,0.00,0.00,0.00,0,0,0.00,0.00,0,0
1544349598,2002-eth4,5678.32,5678.32,11356.64,5684,5684,57.94,57.94,115.88,58,58,0.00,0.00,0,0
1544349598,1001-eth4,290897.12,472037.97,762935.06,472510,291188,277.72,312.69,590.41,313,278,0.00,0.00,0,0
1544349598,3001-eth2,0.00,0.00,0.00,0,0,0.00,0.00,0.00,0,0,0.00,0.00,0,0
1544349598,1004-eth1,5678.32,5678.32,11356.64,5684,5684,57.94,57.94,115.88,58,58,0.00,0.00,0,0
1544349598,3005-eth4,1183332.75,592481.56,1775814.25,593074,1184516,669.33,648.35,1317.68,649,670,0.00,0.00,0,0
1544349598,1003-eth2,0.00,0.00,0.00,0,0,0.00,0.00,0.00,0,0,0.00,0.00,0,0
1544349598,3008-eth1,459360.66,11188.81,470549.47,11200,459820,177.82,159.84,337.66,160,178,0.00,0.00,0,0
1544349598,1002-eth3,0.00,0.00,0.00,0,0,0.00,0.00,0.00,0,0,0.00,0.00,0,0
1544349598,2006-eth1,0.00,0.00,0.00,0,0,0.00,0.00,0.00,0,0,0.00,0.00,0,0
1544349598,3003-eth1,5874.13,5874.13,11748.25,5880,5880,59.94,59.94,119.88,60,60,0.00,0.00,0,0
1544349598,2001-eth3,69.93,0.00,69.93,0,70,1.00,0.00,1.00,0,1,0.00,0.00,0,0
1544349598,2008-eth2,5776.22,5776.22,11552.45,5782,5782,58.94,58.94,117.88,59,59,0.00,0.00,0,0
1544349598,2008-eth3,0.00,0.00,0.00,0,0,0.00,0.00,0.00,0,0,0.00,0.00,0,0
1544349598,1001-eth3,418577.44,585488.50,1004065.94,586074,418996,469.53,458.54,928.07,459,470,0.00,0.00,0,0
1544349598,2007-eth4,11188.81,459360.66,470549.47,459820,11200,159.84,177.82,337.66,178,160,0.00,0.00,0,0
1544349598,2004-eth2,1958.04,1958.04,3916.08,1960,1960,19.98,19.98,39.96,20,20,0.00,0.00,0,0
1544349598,3002-eth1,290897.12,472037.97,762935.06,472510,291188,277.72,312.69,590.41,313,278,0.00,0.00,0,0
1544349598,3004-eth1,416619.41,583530.50,1000149.88,584114,417036,449.55,438.56,888.11,439,450,0.00,0.00,0,0
1544349598,2006-eth3,247818.19,9244.76,257062.94,9254,248066,116.88,98.90,215.78,99,117,0.00,0.00,0,0
1544349598,3004-eth2,12231.77,355686.31,367918.09,356042,12244,157.84,172.83,330.67,173,158,0.00,0.00,0,0
1544349598,3001-eth3,1216939.12,1207073.00,2424012.00,1208280,1218156,685.31,667.33,1352.65,668,686,0.00,0.00,0,0
1544349598,2003-eth4,583530.50,416619.41,1000149.88,417036,584114,438.56,449.55,888.11,450,439,0.00,0.00,0,0
1544349598,2008-eth4,5776.22,5776.22,11552.45,5782,5782,58.94,58.94,117.88,59,59,0.00,0.00,0,0
1544349598,3008-eth3,1214088.00,483644.38,1697732.38,484128,1215302,554.45,555.44,1109.89,556,555,0.00,0.00,0,0
1544349598,2005-eth2,0.00,0.00,0.00,0,0,0.00,0.00,0.00,0,0,0.00,0.00,0,0
1544349598,2006-eth4,18937.06,257510.50,276447.56,257768,18956,197.80,215.78,413.59,216,198,0.00,0.00,0,0
1544349598,3006-eth2,257510.50,18937.06,276447.56,18956,257768,215.78,197.80,413.59,198,216,0.00,0.00,0,0
1544349598,1003-eth4,0.00,0.00,0.00,0,0,0.00,0.00,0.00,0,0,0.00,0.00,0,0
1544349598,2006-eth2,9692.31,9692.31,19384.62,9702,9702,98.90,98.90,197.80,99,99,0.00,0.00,0,0
1544349598,3001-eth1,0.00,69.93,69.93,70,0,0.00,1.00,1.00,1,0,0.00,0.00,0,0
1544349598,3008-eth2,5776.22,5776.22,11552.45,5782,5782,58.94,58.94,117.88,59,59,0.00,0.00,0,0
1544349598,2004-eth3,14189.81,357644.38,371834.19,358002,14204,177.82,192.81,370.63,193,178,0.00,0.00,0,0
1544349598,3001-eth4,1207073.00,1213914.12,2420987.00,1215128,1208280,667.33,683.32,1350.65,684,668,0.00,0.00,0,0
1544349598,1003-eth1,0.00,0.00,0.00,0,0,0.00,0.00,0.00,0,0,0.00,0.00,0,0
1544349598,3002-eth2,5678.32,5678.32,11356.64,5684,5684,57.94,57.94,115.88,58,58,0.00,0.00,0,0
1544349598,2005-eth4,26091.91,582469.56,608561.44,583052,26118,276.72,289.71,566.43,290,277,0.00,0.00,0,0
1544349598,3003-eth2,357644.38,14189.81,371834.19,14204,358002,192.81,177.82,370.63,178,193,0.00,0.00,0,0
1544349598,2007-eth1,472037.97,290897.12,762935.06,291188,472510,312.69,277.72,590.41,278,313,0.00,0.00,0,0
1544349598,1002-eth4,0.00,0.00,0.00,0,0,0.00,0.00,0.00,0,0,0.00,0.00,0,0
1544349598,3002-eth4,24779.22,815850.19,840629.38,816666,24804,337.66,356.64,694.31,357,338,0.00,0.00,0,0
1544349598,2007-eth3,279708.31,12677.32,292385.62,12690,279988,117.88,134.87,252.75,135,118,0.00,0.00,0,0
1544349598,3005-eth1,607664.38,997130.88,1604795.25,998128,608272,695.30,719.28,1414.59,720,696,0.00,0.00,0,0
1544349598,2001-eth4,472037.97,290897.12,762935.06,291188,472510,312.69,277.72,590.41,278,313,0.00,0.00,0,0
1544349598,3003-eth4,34007.99,1218673.38,1252681.38,1219892,34042,476.52,497.50,974.03,498,477,0.00,0.00,0,0
1544349598,2004-eth1,0.00,0.00,0.00,0,0,0.00,0.00,0.00,0,0,0.00,0.00,0,0
1544349598,3006-eth4,16979.02,255552.45,272531.47,255808,16996,177.82,195.80,373.63,196,178,0.00,0.00,0,0
1544349598,3007-eth1,12677.32,279708.31,292385.62,279988,12690,134.87,117.88,252.75,118,135,0.00,0.00,0,0
1544349598,2008-eth1,0.00,0.00,0.00,0,0,0.00,0.00,0.00,0,0,0.00,0.00,0,0
1544349598,2002-eth2,5678.32,5678.32,11356.64,5684,5684,57.94,57.94,115.88,58,58,0.00,0.00,0,0
1544349598,2003-eth1,422493.53,589404.62,1011898.12,589994,422916,509.49,498.50,1007.99,499,510,0.00,0.00,0,0
1544349598,3008-eth4,33976.02,1215616.38,1249592.50,1216832,34010,476.52,495.50,972.03,496,477,0.00,0.00,0,0
1544349598,1004-eth4,5776.22,5776.22,11552.45,5782,5782,58.94,58.94,117.88,59,59,0.00,0.00,0,0
1544349598,3006-eth1,582469.56,26091.91,608561.44,26118,583052,289.71,276.72,566.43,277,290,0.00,0.00,0,0
1544349598,1004-eth3,9692.31,9692.31,19384.62,9702,9702,98.90,98.90,197.80,99,99,0.00,0.00,0,0
1544349598,1002-eth2,0.00,0.00,0.00,0,0,0.00,0.00,0.00,0,0,0.00,0.00,0,0
1544349598,3004-eth3,1200455.62,424010.00,1624465.62,424434,1201656,581.42,572.43,1153.85,573,582,0.00,0.00,0,0
1544349598,2003-eth3,5874.13,5874.13,11748.25,5880,5880,59.94,59.94,119.88,60,60,0.00,0.00,0,0
1544349598,2005-eth1,585488.50,418577.44,1004065.94,418996,586074,458.54,469.53,928.07,470,459,0.00,0.00,0,0
1544349598,3002-eth3,1216343.75,306016.00,1522359.62,306322,1217560,523.48,516.48,1039.96,517,524,0.00,0.00,0,0
1544349598,3006-eth3,31966.04,588343.69,620309.69,588932,31998,336.66,349.65,686.31,350,337,0.00,0.00,0,0
1544349598,2001-eth1,290897.12,472037.97,762935.06,472510,291188,277.72,312.69,590.41,313,278,0.00,0.00,0,0
1544349598,3005-eth2,9244.76,247818.19,257062.94,248066,9254,98.90,116.88,215.78,117,99,0.00,0.00,0,0
1544349598,2001-eth2,0.00,0.00,0.00,0,0,0.00,0.00,0.00,0,0,0.00,0.00,0,0
1544349598,3007-eth2,0.00,0.00,0.00,0,0,0.00,0.00,0.00,0,0,0.00,0.00,0,0
1544349598,1001-eth1,472037.97,290897.12,762935.06,291188,472510,312.69,277.72,590.41,278,313,0.00,0.00,0,0
1544349598,3007-eth4,1223140.88,1215700.38,2438841.25,1216916,1224364,933.07,911.09,1844.16,912,934,0.00,0.00,0,0
1544349598,2003-eth2,0.00,0.00,0.00,0,0,0.00,0.00,0.00,0,0,0.00,0.00,0,0
1544349598,3007-eth3,1200064.00,842297.75,2042361.75,843140,1201264,775.22,773.23,1548.45,774,776,0.00,0.00,0,0
1544349598,1002-eth1,0.00,0.00,0.00,0,0,0.00,0.00,0.00,0,0,0.00,0.00,0,0
1544349598,2002-eth3,0.00,0.00,0.00,0,0,0.00,0.00,0.00,0,0,0.00,0.00,0,0
1544349598,2007-eth2,0.00,0.00,0.00,0,0,0.00,0.00,0.00,0,0,0.00,0.00,0,0
1544349598,total,23105580.00,22828992.00,45934572.00,22851820,23128684,19022.98,18883.12,37906.09,18902,19042,0.00,0.00,0,0
1544349599,3003-eth3,1219610.38,424071.94,1643682.38,424496,1220830,550.45,551.45,1101.90,552,551,0.00,0.00,0,0
1544349599,2002-eth1,0.00,0.00,0.00,0,0,0.00,0.00,0.00,0,0,0.00,0.00,0,0
1544349599,lo,1198.80,1198.80,2397.60,1200,1200,19.98,19.98,39.96,20,20,0.00,0.00,0,0
1544349599,3005-eth3,1232809.25,1222659.38,2455468.50,1223882,1234042,948.05,970.03,1918.08,971,949,0.00,0.00,0,0
1544349599,2005-eth3,1014685.31,807156.88,1821842.25,807964,1015700,689.31,709.29,1398.60,710,690,0.00,0.00,0,0
1544349599,3004-eth4,1229758.25,1219452.62,2449210.75,1220672,1230988,1032.97,767.23,1800.20,768,1034,0.00,0.00,0,0
1544349599,1004-eth2,1958.04,1958.04,3916.08,1960,1960,19.98,19.98,39.96,20,20,0.00,0.00,0,0
1544349599,2004-eth4,397698.31,8637.36,406335.69,8646,398096,151.85,130.87,282.72,131,152,0.00,0.00,0,0
1544349599,1001-eth2,788235.81,442909.09,1231144.88,443352,789024,505.49,479.52,985.02,480,506,0.00,0.00,0,0
1544349599,1003-eth3,0.00,0.00,0.00,0,0,0.00,0.00,0.00,0,0,0.00,0.00,0,0
1544349599,2002-eth4,5874.13,5874.13,11748.25,5880,5880,59.94,59.94,119.88,60,60,0.00,0.00,0,0
1544349599,1001-eth4,262279.72,524803.19,787082.94,525328,262542,296.70,325.67,622.38,326,297,0.00,0.00,0,0
1544349599,3001-eth2,0.00,0.00,0.00,0,0,0.00,0.00,0.00,0,0,0.00,0.00,0,0
1544349599,1004-eth1,5874.13,5874.13,11748.25,5880,5880,59.94,59.94,119.88,60,60,0.00,0.00,0,0
1544349599,3005-eth4,1184183.88,790725.31,1974909.12,791516,1185368,627.37,649.35,1276.72,650,628,0.00,0.00,0,0
1544349599,1003-eth2,0.00,0.00,0.00,0,0,0.00,0.00,0.00,0,0,0.00,0.00,0,0
1544349599,3008-eth1,512689.31,12529.47,525218.81,12542,513202,196.80,172.83,369.63,173,197,0.00,0.00,0,0
1544349599,1002-eth3,0.00,0.00,0.00,0,0,0.00,0.00,0.00,0,0,0.00,0.00,0,0
1544349599,2006-eth1,0.00,0.00,0.00,0,0,0.00,0.00,0.00,0,0,0.00,0.00,0,0
1544349599,3003-eth1,5776.22,5776.22,11552.45,5782,5782,58.94,58.94,117.88,59,59,0.00,0.00,0,0
1544349599,2001-eth3,0.00,0.00,0.00,0,0,0.00,0.00,0.00,0,0,0.00,0.00,0,0
1544349599,2008-eth2,5874.13,5874.13,11748.25,5880,5880,59.94,59.94,119.88,60,60,0.00,0.00,0,0
1544349599,2008-eth3,0.00,0.00,0.00,0,0,0.00,0.00,0.00,0,0,0.00,0.00,0,0
1544349599,1001-eth3,439090.91,784417.62,1223508.50,785202,439530,440.56,466.53,907.09,467,441,0.00,0.00,0,0
1544349599,2007-eth4,12529.47,512689.31,525218.81,513202,12542,172.83,196.80,369.63,197,173,0.00,0.00,0,0
1544349599,2004-eth2,1958.04,1958.04,3916.08,1960,1960,19.98,19.98,39.96,20,20,0.00,0.00,0,0
1544349599,3002-eth1,262279.72,524705.31,786985.06,525230,262542,296.70,324.68,621.38,325,297,0.00,0.00,0,0
1544349599,3004-eth1,437132.88,782459.56,1219592.50,783242,437570,420.58,446.55,867.13,447,421,0.00,0.00,0,0
1544349599,2006-eth3,261520.48,11362.64,272883.12,11374,261782,126.87,120.88,247.75,121,127,0.00,0.00,0,0
1544349599,3004-eth2,8637.36,397698.31,406335.69,398096,8646,130.87,151.85,282.72,152,131,0.00,0.00,0,0
1544349599,3001-eth3,1222659.38,1215818.25,2438477.50,1217034,1223882,684.32,668.33,1352.65,669,685,0.00,0.00,0,0
1544349599,2003-eth4,782459.56,437132.88,1219592.50,437570,783242,446.55,420.58,867.13,421,447,0.00,0.00,0,0
1544349599,2008-eth4,5874.13,5874.13,11748.25,5880,5880,59.94,59.94,119.88,60,60,0.00,0.00,0,0
1544349599,3008-eth3,1220989.00,537104.94,1758094.00,537642,1222210,570.43,576.42,1146.85,577,571,0.00,0.00,0,0
1544349599,2005-eth2,0.00,0.00,0.00,0,0,0.00,0.00,0.00,0,0,0.00,0.00,0,0
1544349599,2006-eth4,21152.85,271310.69,292463.53,271582,21174,220.78,226.77,447.55,227,221,0.00,0.00,0,0
1544349599,3006-eth2,271310.69,21152.85,292463.53,21174,271582,226.77,220.78,447.55,221,227,0.00,0.00,0,0
1544349599,1003-eth4,0.00,0.00,0.00,0,0,0.00,0.00,0.00,0,0,0.00,0.00,0,0
1544349599,2006-eth2,9790.21,9790.21,19580.42,9800,9800,99.90,99.90,199.80,100,100,0.00,0.00,0,0
1544349599,3001-eth1,0.00,0.00,0.00,0,0,0.00,0.00,0.00,0,0,0.00,0.00,0,0
1544349599,3008-eth2,5874.13,5874.13,11748.25,5880,5880,59.94,59.94,119.88,60,60,0.00,0.00,0,0
1544349599,2004-eth3,10595.41,399656.34,410251.75,400056,10606,150.85,171.83,322.68,172,151,0.00,0.00,0,0
1544349599,3001-eth4,1215818.25,1222659.38,2438477.50,1223882,1217034,668.33,684.32,1352.65,685,669,0.00,0.00,0,0
1544349599,1003-eth1,0.00,0.00,0.00,0,0,0.00,0.00,0.00,0,0,0.00,0.00,0,0
1544349599,3002-eth2,5874.13,5874.13,11748.25,5880,5880,59.94,59.94,119.88,60,60,0.00,0.00,0,0
1544349599,2005-eth4,26655.35,579510.50,606165.88,580090,26682,282.72,288.71,571.43,289,283,0.00,0.00,0,0
1544349599,3003-eth2,399656.34,10595.41,410251.75,10606,400056,171.83,150.85,322.68,151,172,0.00,0.00,0,0
1544349599,2007-eth1,524803.19,262279.72,787082.94,262542,525328,325.67,296.70,622.38,297,326,0.00,0.00,0,0
1544349599,1002-eth4,0.00,0.00,0.00,0,0,0.00,0.00,0.00,0,0,0.00,0.00,0,0
1544349599,3002-eth4,23990.01,785009.00,808999.00,785794,24014,324.68,348.65,673.33,349,325,0.00,0.00,0,0
1544349599,2007-eth3,249750.25,12113.89,261864.14,12126,250000,123.88,128.87,252.75,129,124,0.00,0.00,0,0
1544349599,3005-eth1,807156.88,1014685.31,1821842.25,1015700,807964,709.29,689.31,1398.60,690,710,0.00,0.00,0,0
1544349599,2001-eth4,524705.31,262279.72,786985.06,262542,525230,324.68,296.70,621.38,297,325,0.00,0.00,0,0
1544349599,3003-eth4,34107.89,1221534.50,1255642.38,1222756,34142,478.52,497.50,976.02,498,479,0.00,0.00,0,0
1544349599,2004-eth1,0.00,0.00,0.00,0,0,0.00,0.00,0.00,0,0,0.00,0.00,0,0
1544349599,3006-eth4,19194.81,269352.66,288547.47,269622,19214,200.80,206.79,407.59,207,201,0.00,0.00,0,0
1544349599,3007-eth1,12113.89,249750.25,261864.14,250000,12126,128.87,123.88,252.75,124,129,0.00,0.00,0,0
1544349599,2008-eth1,0.00,0.00,0.00,0,0,0.00,0.00,0.00,0,0,0.00,0.00,0,0
1544349599,2002-eth2,5874.13,5874.13,11748.25,5880,5880,59.94,59.94,119.88,60,60,0.00,0.00,0,0
1544349599,2003-eth1,442909.09,788235.81,1231144.88,789024,443352,479.52,505.49,985.02,506,480,0.00,0.00,0,0
1544349599,3008-eth4,34205.80,1223144.88,1257350.62,1224368,34240,479.52,499.50,979.02,500,480,0.00,0.00,0,0
1544349599,1004-eth4,5874.13,5874.13,11748.25,5880,5880,59.94,59.94,119.88,60,60,0.00,0.00,0,0
1544349599,3006-eth1,579510.50,26655.35,606165.88,26682,580090,288.71,282.72,571.43,283,289,0.00,0.00,0,0
1544349599,1004-eth3,9790.21,9790.21,19580.42,9800,9800,99.90,99.90,199.80,100,100,0.00,0.00,0,0
1544349599,1002-eth2,0.00,0.00,0.00,0,0,0.00,0.00,0.00,0,0,0.00,0.00,0,0
1544349599,3004-eth3,1216377.62,448341.66,1664719.38,448790,1217594,598.40,590.41,1188.81,591,599,0.00,0.00,0,0
1544349599,2003-eth3,5776.22,5776.22,11552.45,5782,5782,58.94,58.94,117.88,59,59,0.00,0.00,0,0
1544349599,2005-eth1,784417.62,439090.91,1223508.50,439530,785202,466.53,440.56,907.09,441,467,0.00,0.00,0,0
1544349599,3002-eth3,1221640.38,276671.34,1498311.75,276948,1222862,532.47,523.48,1055.94,524,533,0.00,0.00,0,0
1544349599,3006-eth3,32529.47,585384.62,617914.12,585970,32562,342.66,348.65,691.31,349,343,0.00,0.00,0,0
1544349599,2001-eth1,262181.81,524705.31,786887.12,525230,262444,295.70,324.68,620.38,325,296,0.00,0.00,0,0
1544349599,3005-eth2,11362.64,261520.48,272883.12,261782,11374,120.88,126.87,247.75,127,121,0.00,0.00,0,0
1544349599,2001-eth2,0.00,0.00,0.00,0,0,0.00,0.00,0.00,0,0,0.00,0.00,0,0
1544349599,3007-eth2,0.00,0.00,0.00,0,0,0.00,0.00,0.00,0,0,0.00,0.00,0,0
1544349599,1001-eth1,524705.31,262181.81,786887.12,262444,525230,324.68,295.70,620.38,296,325,0.00,0.00,0,0
1544349599,3007-eth4,1230513.50,1219372.62,2449886.25,1220592,1231744,979.02,923.08,1902.10,924,980,0.00,0.00,0,0
1544349599,2003-eth2,0.00,0.00,0.00,0,0,0.00,0.00,0.00,0,0,0.00,0.00,0,0
1544349599,3007-eth3,1210123.88,738471.56,1948595.50,739210,1211334,794.21,756.24,1550.45,757,795,0.00,0.00,0,0
1544349599,1002-eth1,0.00,0.00,0.00,0,0,0.00,0.00,0.00,0,0,0.00,0.00,0,0
1544349599,2002-eth3,0.00,0.00,0.00,0,0,0.00,0.00,0.00,0,0,0.00,0.00,0,0
1544349599,2007-eth2,0.00,0.00,0.00,0,0,0.00,0.00,0.00,0,0,0.00,0.00,0,0
1544349599,total,24263978.00,24115242.00,48379224.00,24139356,24288242,19185.81,18935.07,38120.88,18954,19205,0.00,0.00,0,0
1544349600,3003-eth3,1216321.75,448201.81,1664523.50,448650,1217538,544.46,544.46,1088.91,545,545,0.00,0.00,0,0
1544349600,2002-eth1,0.00,0.00,0.00,0,0,0.00,0.00,0.00,0,0,0.00,0.00,0,0
1544349600,lo,1198.80,1198.80,2397.60,1200,1200,19.98,19.98,39.96,20,20,0.00,0.00,0,0
1544349600,3005-eth3,1226189.88,1215764.25,2441954.00,1216980,1227416,935.06,867.13,1802.20,868,936,0.00,0.00,0,0
1544349600,2005-eth3,995150.88,864441.56,1859592.50,865306,996146,656.34,662.34,1318.68,663,657,0.00,0.00,0,0
1544349600,3004-eth4,1215512.50,1218801.25,2434313.75,1220020,1216728,795.20,801.20,1596.40,802,796,0.00,0.00,0,0
1544349600,1004-eth2,1958.04,1958.04,3916.08,1960,1960,19.98,19.98,39.96,20,20,0.00,0.00,0,0
1544349600,2004-eth4,421964.06,8373.63,430337.69,8382,422386,146.85,126.87,273.73,127,147,0.00,0.00,0,0
1544349600,1001-eth2,856653.38,363974.03,1220627.38,364338,857510,536.46,488.51,1024.98,489,537,0.00,0.00,0,0
1544349600,1003-eth3,0.00,0.00,0.00,0,0,0.00,0.00,0.00,0,0,0.00,0.00,0,0
1544349600,2002-eth4,5678.32,5678.32,11356.64,5684,5684,57.94,57.94,115.88,58,58,0.00,0.00,0,0
1544349600,1001-eth4,337654.34,297152.84,634807.19,297450,337992,291.71,326.67,618.38,327,292,0.00,0.00,0,0
1544349600,3001-eth2,0.00,0.00,0.00,0,0,0.00,0.00,0.00,0,0,0.00,0.00,0,0
1544349600,1004-eth1,5678.32,5678.32,11356.64,5684,5684,57.94,57.94,115.88,58,58,0.00,0.00,0,0
1544349600,3005-eth4,1198591.50,862071.94,2060663.38,862934,1199790,670.33,678.32,1348.65,679,671,0.00,0.00,0,0
1544349600,1003-eth2,0.00,0.00,0.00,0,0,0.00,0.00,0.00,0,0,0.00,0.00,0,0
1544349600,3008-eth1,282221.78,14917.08,297138.88,14932,282504,167.83,157.84,325.67,158,168,0.00,0.00,0,0
1544349600,1002-eth3,0.00,0.00,0.00,0,0,0.00,0.00,0.00,0,0,0.00,0.00,0,0
1544349600,2006-eth1,0.00,0.00,0.00,0,0,0.00,0.00,0.00,0,0,0.00,0.00,0,0
1544349600,3003-eth1,5874.13,5874.13,11748.25,5880,5880,59.94,59.94,119.88,60,60,0.00,0.00,0,0
1544349600,2001-eth3,0.00,0.00,0.00,0,0,0.00,0.00,0.00,0,0,0.00,0.00,0,0
1544349600,2008-eth2,5874.13,5874.13,11748.25,5880,5880,59.94,59.94,119.88,60,60,0.00,0.00,0,0
1544349600,2008-eth3,0.00,0.00,0.00,0,0,0.00,0.00,0.00,0,0,0.00,0.00,0,0
1544349600,1001-eth3,360057.94,852737.31,1212795.25,853590,360418,448.55,496.50,945.05,497,449,0.00,0.00,0,0
1544349600,2007-eth4,14917.08,282221.78,297138.88,282504,14932,157.84,167.83,325.67,168,158,0.00,0.00,0,0
1544349600,2004-eth2,1958.04,1958.04,3916.08,1960,1960,19.98,19.98,39.96,20,20,0.00,0.00,0,0
1544349600,3002-eth1,337556.44,297152.84,634709.31,297450,337894,290.71,326.67,617.38,327,291,0.00,0.00,0,0
1544349600,3004-eth1,358099.91,850779.25,1208879.12,851630,358458,428.57,476.52,905.09,477,429,0.00,0.00,0,0
1544349600,2006-eth3,221602.41,6429.57,228031.97,6436,221824,91.91,85.91,177.82,86,92,0.00,0.00,0,0
1544349600,3004-eth2,8373.63,421964.06,430337.69,422386,8382,126.87,146.85,273.73,147,127,0.00,0.00,0,0
1544349600,3001-eth3,1216675.38,1211284.75,2427960.00,1212496,1217892,681.32,665.33,1346.65,666,682,0.00,0.00,0,0
1544349600,2003-eth4,850779.25,358099.91,1208879.12,358458,851630,476.52,428.57,905.09,429,477,0.00,0.00,0,0
1544349600,2008-eth4,5874.13,5874.13,11748.25,5880,5880,59.94,59.94,119.88,60,60,0.00,0.00,0,0
1544349600,3008-eth3,1214543.50,306439.56,1520983.00,306746,1215758,550.45,544.46,1094.91,545,551,0.00,0.00,0,0
1544349600,2005-eth2,0.00,0.00,0.00,0,0,0.00,0.00,0.00,0,0,0.00,0.00,0,0
1544349600,2006-eth4,16023.98,231196.81,247220.78,231428,16040,183.82,189.81,373.63,190,184,0.00,0.00,0,0
1544349600,3006-eth2,231196.81,16023.98,247220.78,16040,231428,189.81,183.82,373.63,184,190,0.00,0.00,0,0
1544349600,1003-eth4,0.00,0.00,0.00,0,0,0.00,0.00,0.00,0,0,0.00,0.00,0,0
1544349600,2006-eth2,9594.41,9594.41,19188.81,9604,9604,97.90,97.90,195.80,98,98,0.00,0.00,0,0
1544349600,3001-eth1,0.00,0.00,0.00,0,0,0.00,0.00,0.00,0,0,0.00,0.00,0,0
1544349600,3008-eth2,5874.13,5874.13,11748.25,5880,5880,59.94,59.94,119.88,60,60,0.00,0.00,0,0
1544349600,2004-eth3,10331.67,423852.16,434183.81,424276,10342,146.85,165.83,312.69,166,147,0.00,0.00,0,0
1544349600,3001-eth4,1206743.25,1216675.38,2423418.75,1217892,1207950,662.34,681.32,1343.66,682,663,0.00,0.00,0,0
1544349600,1003-eth1,0.00,0.00,0.00,0,0,0.00,0.00,0.00,0,0,0.00,0.00,0,0
1544349600,3002-eth2,5678.32,5678.32,11356.64,5684,5684,57.94,57.94,115.88,58,58,0.00,0.00,0,0
1544349600,2005-eth4,15620.38,639009.00,654629.38,639648,15636,205.79,247.75,453.55,248,206,0.00,0.00,0,0
1544349600,3003-eth2,423852.16,10331.67,434183.81,10342,424276,165.83,146.85,312.69,147,166,0.00,0.00,0,0
1544349600,2007-eth1,297152.84,337654.34,634807.19,337992,297450,326.67,291.71,618.38,292,327,0.00,0.00,0,0
1544349600,1002-eth4,0.00,0.00,0.00,0,0,0.00,0.00,0.00,0,0,0.00,0.00,0,0
1544349600,3002-eth4,33046.95,578451.56,611498.50,579030,33080,355.64,354.65,710.29,355,356,0.00,0.00,0,0
1544349600,2007-eth3,322737.28,14931.07,337668.34,14946,323060,133.87,158.84,292.71,159,134,0.00,0.00,0,0
1544349600,3005-eth1,864441.56,995150.88,1859592.50,996146,865306,662.34,656.34,1318.68,657,663,0.00,0.00,0,0
1544349600,2001-eth4,297152.84,337556.44,634709.31,337894,297450,326.67,290.71,617.38,291,327,0.00,0.00,0,0
1544349600,3003-eth4,34073.93,1215714.38,1249788.25,1216930,34108,477.52,496.50,974.03,497,478,0.00,0.00,0,0
1544349600,2004-eth1,0.00,0.00,0.00,0,0,0.00,0.00,0.00,0,0,0.00,0.00,0,0
1544349600,3006-eth4,13968.03,229140.86,243108.89,229370,13982,162.84,168.83,331.67,169,163,0.00,0.00,0,0
1544349600,3007-eth1,14931.07,322737.28,337668.34,323060,14946,158.84,133.87,292.71,134,159,0.00,0.00,0,0
1544349600,2008-eth1,0.00,0.00,0.00,0,0,0.00,0.00,0.00,0,0,0.00,0.00,0,0
1544349600,2002-eth2,5678.32,5678.32,11356.64,5684,5684,57.94,57.94,115.88,58,58,0.00,0.00,0,0
1544349600,2003-eth1,363974.03,856653.38,1220627.38,857510,364338,488.51,536.46,1024.98,537,489,0.00,0.00,0,0
1544349600,3008-eth4,34007.99,1218673.38,1252681.38,1219892,34042,476.52,497.50,974.03,498,477,0.00,0.00,0,0
1544349600,1004-eth4,5874.13,5874.13,11748.25,5880,5880,59.94,59.94,119.88,60,60,0.00,0.00,0,0
1544349600,3006-eth1,639009.00,15620.38,654629.38,15636,639648,247.75,205.79,453.55,206,248,0.00,0.00,0,0
1544349600,1004-eth3,9594.41,9594.41,19188.81,9604,9604,97.90,97.90,195.80,98,98,0.00,0.00,0,0
1544349600,1002-eth2,0.00,0.00,0.00,0,0,0.00,0.00,0.00,0,0,0.00,0.00,0,0
1544349600,3004-eth3,1204483.50,366803.22,1571286.75,367170,1205688,597.40,560.44,1157.84,561,598,0.00,0.00,0,0
1544349600,2003-eth3,5874.13,5874.13,11748.25,5880,5880,59.94,59.94,119.88,60,60,0.00,0.00,0,0
1544349600,2005-eth1,852737.31,360057.94,1212795.25,360418,853590,496.50,448.55,945.05,449,497,0.00,0.00,0,0
1544349600,3002-eth3,1214613.38,361013.00,1575626.38,361374,1215828,533.47,548.45,1081.92,549,534,0.00,0.00,0,0
1544349600,3006-eth3,21200.80,644589.44,665790.25,645234,21222,262.74,304.70,567.43,305,263,0.00,0.00,0,0
1544349600,2001-eth1,337654.34,297152.84,634807.19,297450,337992,291.71,326.67,618.38,327,292,0.00,0.00,0,0
1544349600,3005-eth2,6429.57,221602.41,228031.97,221824,6436,85.91,91.91,177.82,92,86,0.00,0.00,0,0
1544349600,2001-eth2,0.00,0.00,0.00,0,0,0.00,0.00,0.00,0,0,0.00,0.00,0,0
1544349600,3007-eth2,0.00,0.00,0.00,0,0,0.00,0.00,0.00,0,0,0.00,0.00,0,0
1544349600,1001-eth1,297152.84,337654.34,634807.19,337992,297450,326.67,291.71,618.38,292,327,0.00,0.00,0,0
1544349600,3007-eth4,1226147.88,1215860.12,2442008.00,1217076,1227374,1065.93,821.18,1887.11,822,1067,0.00,0.00,0,0
1544349600,2003-eth2,0.00,0.00,0.00,0,0,0.00,0.00,0.00,0,0,0.00,0.00,0,0
1544349600,3007-eth3,1201023.00,837744.25,2038767.25,838582,1202224,663.34,682.32,1345.65,683,664,0.00,0.00,0,0
1544349600,1002-eth1,0.00,0.00,0.00,0,0,0.00,0.00,0.00,0,0,0.00,0.00,0,0
1544349600,2002-eth3,0.00,0.00,0.00,0,0,0.00,0.00,0.00,0,0,0.00,0.00,0,0
1544349600,2007-eth2,0.00,0.00,0.00,0,0,0.00,0.00,0.00,0,0,0.00,0.00,0,0
1544349600,total,23594834.00,23264920.00,46859752.00,23288184,23618428,18539.46,18321.68,36861.14,18340,18558,0.00,0.00,0,0
1544349601,3003-eth3,1218032.00,440771.25,1658803.25,441212,1219250,548.45,541.46,1089.91,542,549,0.00,0.00,0,0
1544349601,2002-eth1,0.00,0.00,0.00,0,0,0.00,0.00,0.00,0,0,0.00,0.00,0,0
1544349601,lo,0.00,0.00,0.00,0,0,0.00,0.00,0.00,0,0,0.00,0.00,0,0
1544349601,3005-eth3,1223087.00,1217498.50,2440585.50,1218716,1224310,866.13,869.13,1735.26,870,867,0.00,0.00,0,0
1544349601,2005-eth3,1001262.75,835502.50,1836765.25,836338,1002264,639.36,648.35,1287.71,649,640,0.00,0.00,0,0
1544349601,3004-eth4,1218273.75,1217618.38,2435892.25,1218836,1219492,793.21,805.19,1598.40,806,794,0.00,0.00,0,0
1544349601,1004-eth2,1958.04,1958.04,3916.08,1960,1960,19.98,19.98,39.96,20,20,0.00,0.00,0,0
1544349601,2004-eth4,414463.56,8901.10,423364.66,8910,414878,142.86,134.87,277.72,135,143,0.00,0.00,0,0
1544349601,1001-eth2,827596.44,309920.09,1137516.50,310230,828424,499.50,458.54,958.04,459,500,0.00,0.00,0,0
1544349601,1003-eth3,0.00,0.00,0.00,0,0,0.00,0.00,0.00,0,0,0.00,0.00,0,0
1544349601,2002-eth4,5776.22,5874.13,11650.35,5880,5782,58.94,59.94,118.88,60,59,0.00,0.00,0,0
1544349601,1001-eth4,330411.59,402231.78,732643.38,402634,330742,322.68,306.69,629.37,307,323,0.00,0.00,0,0
1544349601,3001-eth2,0.00,0.00,0.00,0,0,0.00,0.00,0.00,0,0,0.00,0.00,0,0
1544349601,1004-eth1,5776.22,5874.13,11650.35,5880,5782,58.94,59.94,118.88,60,59,0.00,0.00,0,0
1544349601,3005-eth4,1204245.75,836953.06,2041198.88,837790,1205450,668.33,670.33,1338.66,671,669,0.00,0.00,0,0
1544349601,1003-eth2,0.00,0.00,0.00,0,0,0.00,0.00,0.00,0,0,0.00,0.00,0,0
1544349601,3008-eth1,393148.88,17734.27,410883.12,17752,393542,182.82,187.81,370.63,188,183,0.00,0.00,0,0
1544349601,1002-eth3,0.00,0.00,0.00,0,0,0.00,0.00,0.00,0,0,0.00,0.00,0,0
1544349601,2006-eth1,0.00,0.00,0.00,0,0,0.00,0.00,0.00,0,0,0.00,0.00,0,0
1544349601,3003-eth1,5874.13,5874.13,11748.25,5880,5880,59.94,59.94,119.88,60,60,0.00,0.00,0,0
1544349601,2001-eth3,0.00,0.00,0.00,0,0,0.00,0.00,0.00,0,0,0.00,0.00,0,0
1544349601,2008-eth2,5776.22,5874.13,11650.35,5880,5782,58.94,59.94,118.88,60,59,0.00,0.00,0,0
1544349601,2008-eth3,0.00,0.00,0.00,0,0,0.00,0.00,0.00,0,0,0.00,0.00,0,0
1544349601,1001-eth3,306004.00,823680.31,1129684.38,824504,306310,418.58,459.54,878.12,460,419,0.00,0.00,0,0
1544349601,2007-eth4,17734.27,393148.88,410883.12,393542,17752,187.81,182.82,370.63,183,188,0.00,0.00,0,0
1544349601,2004-eth2,1958.04,1958.04,3916.08,1960,1960,19.98,19.98,39.96,20,20,0.00,0.00,0,0
1544349601,3002-eth1,330411.59,402231.78,732643.38,402634,330742,322.68,306.69,629.37,307,323,0.00,0.00,0,0
1544349601,3004-eth1,304045.97,821722.31,1125768.25,822544,304350,398.60,439.56,838.16,440,399,0.00,0.00,0,0
1544349601,2006-eth3,235936.08,6000.00,241936.08,6006,236172,89.91,90.91,180.82,91,90,0.00,0.00,0,0
1544349601,3004-eth2,8901.10,414463.56,423364.66,414878,8910,134.87,142.86,277.72,143,135,0.00,0.00,0,0
1544349601,3001-eth3,1217994.00,1212537.50,2430531.50,1213750,1219212,701.30,706.29,1407.59,707,702,0.00,0.00,0,0
1544349601,2003-eth4,821722.31,304045.97,1125768.25,304350,822544,439.56,398.60,838.16,399,440,0.00,0.00,0,0
1544349601,2008-eth4,5874.13,5776.22,11650.35,5782,5880,59.94,58.94,118.88,59,60,0.00,0.00,0,0
1544349601,3008-eth3,1216989.00,417432.59,1634421.62,417850,1218206,574.43,560.44,1134.87,561,575,0.00,0.00,0,0
1544349601,2005-eth2,0.00,0.00,0.00,0,0,0.00,0.00,0.00,0,0,0.00,0.00,0,0
1544349601,2006-eth4,15790.21,245726.28,261516.48,245972,15806,190.81,189.81,380.62,190,191,0.00,0.00,0,0
1544349601,3006-eth2,245726.28,15790.21,261516.48,15806,245972,189.81,190.81,380.62,191,190,0.00,0.00,0,0
1544349601,1003-eth4,0.00,0.00,0.00,0,0,0.00,0.00,0.00,0,0,0.00,0.00,0,0
1544349601,2006-eth2,9790.21,9790.21,19580.42,9800,9800,99.90,99.90,199.80,100,100,0.00,0.00,0,0
1544349601,3001-eth1,0.00,0.00,0.00,0,0,0.00,0.00,0.00,0,0,0.00,0.00,0,0
1544349601,3008-eth2,5776.22,5874.13,11650.35,5880,5782,58.94,59.94,118.88,60,59,0.00,0.00,0,0
1544349601,2004-eth3,10859.14,416421.59,427280.72,416838,10870,154.85,162.84,317.68,163,155,0.00,0.00,0,0
1544349601,3001-eth4,1210959.12,1218060.00,2429019.00,1219278,1212170,704.30,702.30,1406.59,703,705,0.00,0.00,0,0
1544349601,1003-eth1,0.00,0.00,0.00,0,0,0.00,0.00,0.00,0,0,0.00,0.00,0,0
1544349601,3002-eth2,5874.13,5776.22,11650.35,5782,5880,59.94,58.94,118.88,59,60,0.00,0.00,0,0
1544349601,2005-eth4,15738.26,699174.88,714913.12,699874,15754,228.77,260.74,489.51,261,229,0.00,0.00,0,0
1544349601,3003-eth2,416421.59,10859.14,427280.72,10870,416838,162.84,154.85,317.68,155,163,0.00,0.00,0,0
1544349601,2007-eth1,402231.78,330411.59,732643.38,330742,402634,306.69,322.68,629.37,323,307,0.00,0.00,0,0
1544349601,1002-eth4,0.00,0.00,0.00,0,0,0.00,0.00,0.00,0,0,0.00,0.00,0,0
1544349601,3002-eth4,33276.72,602153.88,635430.56,602756,33310,350.65,361.64,712.29,362,351,0.00,0.00,0,0
1544349601,2007-eth3,312677.34,9082.92,321760.25,9092,312990,134.87,123.88,258.74,124,135,0.00,0.00,0,0
1544349601,3005-eth1,835502.50,1001262.75,1836765.25,1002264,836338,648.35,639.36,1287.71,640,649,0.00,0.00,0,0
1544349601,2001-eth4,402231.78,330411.59,732643.38,330742,402634,306.69,322.68,629.37,323,307,0.00,0.00,0,0
1544349601,3003-eth4,34205.80,1220185.88,1254391.62,1221406,34240,479.52,498.50,978.02,499,480,0.00,0.00,0,0
1544349601,2004-eth1,0.00,0.00,0.00,0,0,0.00,0.00,0.00,0,0,0.00,0.00,0,0
1544349601,3006-eth4,13832.17,243768.23,257600.41,244012,13846,170.83,169.83,340.66,170,171,0.00,0.00,0,0
1544349601,3007-eth1,9082.92,312677.34,321760.25,312990,9092,123.88,134.87,258.74,135,124,0.00,0.00,0,0
1544349601,2008-eth1,0.00,0.00,0.00,0,0,0.00,0.00,0.00,0,0,0.00,0.00,0,0
1544349601,2002-eth2,5874.13,5776.22,11650.35,5782,5880,59.94,58.94,118.88,59,60,0.00,0.00,0,0
1544349601,2003-eth1,309920.09,827596.44,1137516.50,828424,310230,458.54,499.50,958.04,500,459,0.00,0.00,0,0
1544349601,3008-eth4,34073.93,1218575.50,1252649.38,1219794,34108,477.52,496.50,974.03,497,478,0.00,0.00,0,0
1544349601,1004-eth4,5874.13,5776.22,11650.35,5782,5880,59.94,58.94,118.88,59,60,0.00,0.00,0,0
1544349601,3006-eth1,699174.88,15738.26,714913.12,15754,699874,260.74,228.77,489.51,229,261,0.00,0.00,0,0
1544349601,1004-eth3,9790.21,9790.21,19580.42,9800,9800,99.90,99.90,199.80,100,100,0.00,0.00,0,0
1544349601,1002-eth2,0.00,0.00,0.00,0,0,0.00,0.00,0.00,0,0,0.00,0.00,0,0
1544349601,3004-eth3,1205148.88,312947.06,1518096.00,313260,1206354,572.43,533.47,1105.89,534,573,0.00,0.00,0,0
1544349601,2003-eth3,5874.13,5874.13,11748.25,5880,5880,59.94,59.94,119.88,60,60,0.00,0.00,0,0
1544349601,2005-eth1,823680.31,306004.00,1129684.38,306310,824504,459.54,418.58,878.12,419,460,0.00,0.00,0,0
1544349601,3002-eth3,1220479.50,353996.00,1574475.62,354350,1221700,557.44,574.43,1131.87,575,558,0.00,0.00,0,0
1544349601,3006-eth3,21612.39,705049.00,726661.38,705754,21634,288.71,320.68,609.39,321,289,0.00,0.00,0,0
1544349601,2001-eth1,330411.59,402231.78,732643.38,402634,330742,322.68,306.69,629.37,307,323,0.00,0.00,0,0
1544349601,3005-eth2,6000.00,235936.08,241936.08,236172,6006,90.91,89.91,180.82,90,91,0.00,0.00,0,0
1544349601,2001-eth2,0.00,0.00,0.00,0,0,0.00,0.00,0.00,0,0,0.00,0.00,0,0
1544349601,3007-eth2,0.00,0.00,0.00,0,0,0.00,0.00,0.00,0,0,0.00,0.00,0,0
1544349601,1001-eth1,402231.78,330411.59,732643.38,330742,402634,306.69,322.68,629.37,323,307,0.00,0.00,0,0
1544349601,3007-eth4,1219130.88,1219316.75,2438447.50,1220536,1220350,806.19,817.18,1623.38,818,807,0.00,0.00,0,0
1544349601,2003-eth2,0.00,0.00,0.00,0,0,0.00,0.00,0.00,0,0,0.00,0.00,0,0
1544349601,3007-eth3,1210233.75,921516.50,2131750.25,922438,1211444,693.31,702.30,1395.60,703,694,0.00,0.00,0,0
1544349601,1002-eth1,0.00,0.00,0.00,0,0,0.00,0.00,0.00,0,0,0.00,0.00,0,0
1544349601,2002-eth3,0.00,0.00,0.00,0,0,0.00,0.00,0.00,0,0,0.00,0.00,0,0
1544349601,2007-eth2,0.00,0.00,0.00,0,0,0.00,0.00,0.00,0,0,0.00,0.00,0,0
1544349601,total,23812740.00,23669546.00,47482288.00,23693214,23836552,18213.79,18290.71,36504.50,18309,18232,0.00,0.00,0,0
1544349602,3003-eth3,1222833.25,455698.31,1678531.50,456154,1224056,555.44,548.45,1103.90,549,556,0.00,0.00,0,0
1544349602,2002-eth1,0.00,69.93,69.93,70,0,0.00,1.00,1.00,1,0,0.00,0.00,0,0
1544349602,lo,1198.80,1198.80,2397.60,1200,1200,19.98,19.98,39.96,20,20,0.00,0.00,0,0
1544349602,3005-eth3,1226635.38,1224665.38,2451300.75,1225890,1227862,854.15,868.13,1722.28,869,855,0.00,0.00,0,0
1544349602,2005-eth3,1066028.00,820575.44,1886603.50,821396,1067094,634.37,641.36,1275.72,642,635,0.00,0.00,0,0
1544349602,3004-eth4,1224125.88,1225114.88,2449240.75,1226340,1225350,794.21,809.19,1603.40,810,795,0.00,0.00,0,0
1544349602,1004-eth2,1958.04,1958.04,3916.08,1960,1960,19.98,19.98,39.96,20,20,0.00,0.00,0,0
1544349602,2004-eth4,429258.75,9164.83,438423.59,9174,429688,147.85,138.86,286.71,139,148,0.00,0.00,0,0
1544349602,1001-eth2,811284.75,314057.94,1125342.75,314372,812096,471.53,433.57,905.09,434,472,0.00,0.00,0,0
1544349602,1003-eth3,0.00,0.00,0.00,0,0,0.00,0.00,0.00,0,0,0.00,0.00,0,0
1544349602,2002-eth4,5776.22,5776.22,11552.45,5782,5782,58.94,58.94,117.88,59,59,0.00,0.00,0,0
1544349602,1001-eth4,529336.69,421580.44,950917.12,422002,529866,448.55,328.67,777.22,329,449,0.00,0.00,0,0
1544349602,3001-eth2,0.00,0.00,0.00,0,0,0.00,0.00,0.00,0,0,0.00,0.00,0,0
1544349602,1004-eth1,5776.22,5776.22,11552.45,5782,5782,58.94,58.94,117.88,59,59,0.00,0.00,0,0
1544349602,3005-eth4,1208585.50,822421.62,2031007.00,823244,1209794,668.33,669.33,1337.66,670,669,0.00,0.00,0,0
1544349602,1003-eth2,0.00,0.00,0.00,0,0,0.00,0.00,0.00,0,0,0.00,0.00,0,0
1544349602,3008-eth1,415448.56,21490.51,436939.06,21512,415864,235.76,227.77,463.54,228,236,0.00,0.00,0,0
1544349602,1002-eth3,0.00,69.93,69.93,70,0,0.00,1.00,1.00,1,0,0.00,0.00,0,0
1544349602,2006-eth1,0.00,0.00,0.00,0,0,0.00,0.00,0.00,0,0,0.00,0.00,0,0
1544349602,3003-eth1,5874.13,5874.13,11748.25,5880,5880,59.94,59.94,119.88,60,60,0.00,0.00,0,0
1544349602,2001-eth3,0.00,0.00,0.00,0,0,0.00,0.00,0.00,0,0,0.00,0.00,0,0
1544349602,2008-eth2,5874.13,5874.13,11748.25,5880,5880,59.94,59.94,119.88,60,60,0.00,0.00,0,0
1544349602,2008-eth3,0.00,0.00,0.00,0,0,0.00,0.00,0.00,0,0,0.00,0.00,0,0
1544349602,1001-eth3,310141.88,807368.62,1117510.50,808176,310452,393.61,431.57,825.17,432,394,0.00,0.00,0,0
1544349602,2007-eth4,21490.51,415448.56,436939.06,415864,21512,227.77,235.76,463.54,236,228,0.00,0.00,0,0
1544349602,2004-eth2,1958.04,1958.04,3916.08,1960,1960,19.98,19.98,39.96,20,20,0.00,0.00,0,0
1544349602,3002-eth1,529336.69,421580.44,950917.12,422002,529866,448.55,328.67,777.22,329,449,0.00,0.00,0,0
1544349602,3004-eth1,308253.75,805410.62,1113664.38,806216,308562,374.63,411.59,786.21,412,375,0.00,0.00,0,0
1544349602,2006-eth3,249086.92,5868.13,254955.05,5874,249336,91.91,88.91,180.82,89,92,0.00,0.00,0,0
1544349602,3004-eth2,9164.83,429258.75,438423.59,429688,9174,138.86,147.85,286.71,148,139,0.00,0.00,0,0
1544349602,3001-eth3,1224645.38,1221554.50,2446199.75,1222776,1225870,758.24,755.24,1513.49,756,759,0.00,0.00,0,0
1544349602,2003-eth4,805410.62,308253.75,1113664.38,308562,806216,411.59,374.63,786.21,375,412,0.00,0.00,0,0
1544349602,2008-eth4,5874.13,5874.13,11748.25,5880,5880,59.94,59.94,119.88,60,60,0.00,0.00,0,0
1544349602,3008-eth3,1224267.75,439732.28,1664000.00,440172,1225492,621.38,613.39,1234.77,614,622,0.00,0.00,0,0
1544349602,2005-eth2,69.93,0.00,69.93,0,70,1.00,0.00,1.00,0,1,0.00,0.00,0,0
1544349602,2006-eth4,15560.44,258779.23,274339.66,259038,15576,187.81,190.81,378.62,191,188,0.00,0.00,0,0
1544349602,3006-eth2,258779.23,15560.44,274339.66,15576,259038,190.81,187.81,378.62,188,191,0.00,0.00,0,0
1544349602,1003-eth4,0.00,0.00,0.00,0,0,0.00,0.00,0.00,0,0,0.00,0.00,0,0
1544349602,2006-eth2,9692.31,9692.31,19384.62,9702,9702,98.90,98.90,197.80,99,99,0.00,0.00,0,0
1544349602,3001-eth1,0.00,0.00,0.00,0,0,0.00,0.00,0.00,0,0,0.00,0.00,0,0
1544349602,3008-eth2,5874.13,5874.13,11748.25,5880,5880,59.94,59.94,119.88,60,60,0.00,0.00,0,0
1544349602,2004-eth3,11122.88,431216.78,442339.69,431648,11134,158.84,167.83,326.67,168,159,0.00,0.00,0,0
1544349602,3001-eth4,1219844.25,1224579.50,2444423.75,1225804,1221064,751.25,757.24,1508.49,758,752,0.00,0.00,0,0
1544349602,1003-eth1,69.93,0.00,69.93,0,70,1.00,0.00,1.00,0,1,0.00,0.00,0,0
1544349602,3002-eth2,5776.22,5776.22,11552.45,5782,5782,58.94,58.94,117.88,59,59,0.00,0.00,0,0
1544349602,2005-eth4,17122.88,759802.19,776925.12,760562,17140,249.75,280.72,530.47,281,250,0.00,0.00,0,0
1544349602,3003-eth2,431216.78,11122.88,442339.69,11134,431648,167.83,158.84,326.67,159,168,0.00,0.00,0,0
1544349602,2007-eth1,421580.44,529336.69,950917.12,529866,422002,328.67,448.55,777.22,449,329,0.00,0.00,0,0
1544349602,1002-eth4,0.00,0.00,0.00,0,0,0.00,0.00,0.00,0,0,0.00,0.00,0,0
1544349602,3002-eth4,44451.55,834513.50,878965.06,835348,44496,469.53,485.51,955.04,486,470,0.00,0.00,0,0
1544349602,2007-eth3,507846.16,6131.87,513978.03,6138,508354,220.78,92.91,313.69,93,221,0.00,0.00,0,0
1544349602,3005-eth1,820575.44,1066028.00,1886603.50,1067094,821396,641.36,634.37,1275.72,635,642,0.00,0.00,0,0
1544349602,2001-eth4,421580.44,529336.69,950917.12,529866,422002,328.67,448.55,777.22,449,329,0.00,0.00,0,0
1544349602,3003-eth4,34271.73,1224591.50,1258863.12,1225816,34306,480.52,499.50,980.02,500,481,0.00,0.00,0,0
1544349602,2004-eth1,0.00,0.00,0.00,0,0,0.00,0.00,0.00,0,0,0.00,0.00,0,0
1544349602,3006-eth4,13602.40,256821.19,270423.59,257078,13616,167.83,170.83,338.66,171,168,0.00,0.00,0,0
1544349602,3007-eth1,6131.87,507846.16,513978.03,508354,6138,92.91,220.78,313.69,221,93,0.00,0.00,0,0
1544349602,2008-eth1,0.00,0.00,0.00,0,0,0.00,0.00,0.00,0,0,0.00,0.00,0,0
1544349602,2002-eth2,5776.22,5776.22,11552.45,5782,5782,58.94,58.94,117.88,59,59,0.00,0.00,0,0
1544349602,2003-eth1,314057.94,811284.75,1125342.75,812096,314372,433.57,471.53,905.09,472,434,0.00,0.00,0,0
1544349602,3008-eth4,34007.99,1224661.38,1258669.38,1225886,34042,476.52,500.50,977.02,501,477,0.00,0.00,0,0
1544349602,1004-eth4,5874.13,5874.13,11748.25,5880,5880,59.94,59.94,119.88,60,60,0.00,0.00,0,0
1544349602,3006-eth1,759802.19,17122.88,776925.12,17140,760562,280.72,249.75,530.47,250,281,0.00,0.00,0,0
1544349602,1004-eth3,9692.31,9692.31,19384.62,9702,9702,98.90,98.90,197.80,99,99,0.00,0.00,0,0
1544349602,1002-eth2,0.00,0.00,0.00,0,0,0.00,0.00,0.00,0,0,0.00,0.00,0,0
1544349602,3004-eth3,1208038.00,317282.72,1525320.75,317600,1209246,550.45,511.49,1061.94,512,551,0.00,0.00,0,0
1544349602,2003-eth3,5874.13,5874.13,11748.25,5880,5880,59.94,59.94,119.88,60,60,0.00,0.00,0,0
1544349602,2005-eth1,806562.88,309832.34,1116395.25,310452,808176,431.14,393.21,824.35,394,432,0.00,0.00,0,0
1544349602,3002-eth3,1233095.88,563532.94,1796628.75,564660,1235562,797.41,818.36,1615.77,820,799,0.00,0.00,0,0
1544349602,3006-eth3,22974.05,764912.19,787886.25,766442,23020,309.38,340.32,649.70,341,310,0.00,0.00,0,0
1544349602,2001-eth1,528808.38,421159.69,949968.06,422002,529866,448.10,328.34,776.45,329,449,0.00,0.00,0,0
1544349602,3005-eth2,5862.28,248838.33,254700.61,249336,5874,88.82,91.82,180.64,92,89,0.00,0.00,0,0
1544349602,2001-eth2,0.00,0.00,0.00,0,0,0.00,0.00,0.00,0,0,0.00,0.00,0,0
1544349602,3007-eth2,0.00,0.00,0.00,0,0,0.00,0.00,0.00,0,0,0.00,0.00,0,0
1544349602,1001-eth1,421159.69,528808.38,949968.06,529866,422002,328.34,448.10,776.45,449,329,0.00,0.00,0,0
1544349602,3007-eth4,1224950.12,1223299.38,2448249.50,1225746,1227400,846.31,799.40,1645.71,801,848,0.00,0.00,0,0
1544349602,2003-eth2,0.00,0.00,0.00,0,0,0.00,0.00,0.00,0,0,0.00,0.00,0,0
1544349602,3007-eth3,1217173.62,948778.50,2165952.25,950676,1219608,706.59,712.57,1419.16,714,708,0.00,0.00,0,0
1544349602,1002-eth1,0.00,0.00,0.00,0,0,0.00,0.00,0.00,0,0,0.00,0.00,0,0
1544349602,2002-eth3,0.00,0.00,0.00,0,0,0.00,0.00,0.00,0,0,0.00,0.00,0,0
1544349602,2007-eth2,0.00,0.00,0.00,0,0,0.00,0.00,0.00,0,0,0.00,0.00,0,0
1544349602,total,24879104.00,25267176.00,50146280.00,25317710,24928862,19250.50,19302.40,38552.90,19341,19289,0.00,0.00,0,0
1544349603,3003-eth3,1221612.75,446375.25,1667988.12,447268,1224056,554.89,544.91,1099.80,546,556,0.00,0.00,0,0
1544349603,2002-eth1,0.00,0.00,0.00,0,0,0.00,0.00,0.00,0,0,0.00,0.00,0,0
1544349603,lo,1037.92,1037.92,2075.85,1040,1040,15.97,15.97,31.94,16,16,0.00,0.00,0,0
1544349603,3005-eth3,1221986.00,1220063.88,2442050.00,1222504,1224430,801.40,838.32,1639.72,840,803,0.00,0.00,0,0
1544349603,2005-eth3,1080968.12,810073.88,1891042.00,811694,1083130,635.73,625.75,1261.48,627,637,0.00,0.00,0,0
1544349603,3004-eth4,1220277.50,1220804.38,2441082.00,1223246,1222718,797.41,805.39,1602.79,807,799,0.00,0.00,0,0
1544349603,1004-eth2,1956.09,1956.09,3912.18,1960,1960,19.96,19.96,39.92,20,20,0.00,0.00,0,0
1544349603,2004-eth4,419962.09,8958.08,428920.16,8976,420802,144.71,135.73,280.44,136,145,0.00,0.00,0,0
1544349603,1001-eth2,801187.62,366666.69,1167854.38,367400,802790,462.08,447.11,909.18,448,463,0.00,0.00,0,0
1544349603,1003-eth3,0.00,0.00,0.00,0,0,0.00,0.00,0.00,0,0,0.00,0.00,0,0
1544349603,2002-eth4,5672.65,5574.85,11247.50,5586,5684,57.88,56.89,114.77,57,58,0.00,0.00,0,0
1544349603,1001-eth4,349924.16,470495.03,820419.19,471436,350624,327.35,353.29,680.64,354,328,0.00,0.00,0,0
1544349603,3001-eth2,0.00,0.00,0.00,0,0,0.00,0.00,0.00,0,0,0.00,0.00,0,0
1544349603,1004-eth1,5672.65,5574.85,11247.50,5586,5684,57.88,56.89,114.77,57,58,0.00,0.00,0,0
1544349603,3005-eth4,1211780.50,812774.50,2024555.00,814400,1214204,668.66,666.67,1335.33,668,670,0.00,0.00,0,0
1544349603,1003-eth2,0.00,0.00,0.00,0,0,0.00,0.00,0.00,0,0,0.00,0.00,0,0
1544349603,3008-eth1,461602.81,20155.69,481758.50,20196,462526,218.56,213.57,432.14,214,219,0.00,0.00,0,0
1544349603,1002-eth3,0.00,0.00,0.00,0,0,0.00,0.00,0.00,0,0,0.00,0.00,0,0
1544349603,2006-eth1,0.00,0.00,0.00,0,0,0.00,0.00,0.00,0,0,0.00,0.00,0,0
1544349603,3003-eth1,5868.26,5868.26,11736.53,5880,5880,59.88,59.88,119.76,60,60,0.00,0.00,0,0
1544349603,2001-eth3,0.00,0.00,0.00,0,0,0.00,0.00,0.00,0,0,0.00,0.00,0,0
1544349603,2008-eth2,5868.26,5770.46,11638.72,5782,5880,59.88,58.88,118.76,59,60,0.00,0.00,0,0
1544349603,2008-eth3,0.00,0.00,0.00,0,0,0.00,0.00,0.00,0,0,0.00,0.00,0,0
1544349603,1001-eth3,362754.50,797275.50,1160030.00,798870,363480,407.19,422.16,829.34,423,408,0.00,0.00,0,0
1544349603,2007-eth4,20155.69,461602.81,481758.50,462526,20196,213.57,218.56,432.14,219,214,0.00,0.00,0,0
1544349603,2004-eth2,1956.09,1956.09,3912.18,1960,1960,19.96,19.96,39.92,20,20,0.00,0.00,0,0
1544349603,3002-eth1,349924.16,470495.03,820419.19,471436,350624,327.35,353.29,680.64,354,328,0.00,0.00,0,0
1544349603,3004-eth1,360798.41,795319.38,1156117.75,796910,361520,387.23,402.20,789.42,403,388,0.00,0.00,0,0
1544349603,2006-eth3,208832.34,4874.25,213706.59,4884,209250,76.85,73.85,150.70,74,77,0.00,0.00,0,0
1544349603,3004-eth2,8958.08,419962.09,428920.16,420802,8976,135.73,144.71,280.44,145,136,0.00,0.00,0,0
1544349603,3001-eth3,1218696.62,1216004.00,2434700.75,1218436,1221134,773.45,776.45,1549.90,778,775,0.00,0.00,0,0
1544349603,2003-eth4,795319.38,360798.41,1156117.75,361520,796910,402.20,387.23,789.42,388,403,0.00,0.00,0,0
1544349603,2008-eth4,5770.46,5868.26,11638.72,5880,5782,58.88,59.88,118.76,60,59,0.00,0.00,0,0
1544349603,3008-eth3,1221357.38,485862.28,1707219.62,486834,1223800,602.79,595.81,1198.60,597,604,0.00,0.00,0,0
1544349603,2005-eth2,0.00,0.00,0.00,0,0,0.00,0.00,0.00,0,0,0.00,0.00,0,0
1544349603,2006-eth4,14459.08,218417.17,232876.25,218854,14488,171.66,174.65,346.31,175,172,0.00,0.00,0,0
1544349603,3006-eth2,218417.17,14459.08,232876.25,14488,218854,174.65,171.66,346.31,172,175,0.00,0.00,0,0
1544349603,1003-eth4,0.00,0.00,0.00,0,0,0.00,0.00,0.00,0,0,0.00,0.00,0,0
1544349603,2006-eth2,9584.83,9584.83,19169.66,9604,9604,97.80,97.80,195.61,98,98,0.00,0.00,0,0
1544349603,3001-eth1,0.00,0.00,0.00,0,0,0.00,0.00,0.00,0,0,0.00,0.00,0,0
1544349603,3008-eth2,5868.26,5770.46,11638.72,5782,5880,59.88,58.88,118.76,59,60,0.00,0.00,0,0
1544349603,2004-eth3,10914.17,421918.19,432832.34,422762,10936,155.69,164.67,320.36,165,156,0.00,0.00,0,0
1544349603,3001-eth4,1222179.62,1221718.62,2443898.25,1224162,1224624,782.44,775.45,1557.88,777,784,0.00,0.00,0,0
1544349603,1003-eth1,0.00,0.00,0.00,0,0,0.00,0.00,0.00,0,0,0.00,0.00,0,0
1544349603,3002-eth2,5574.85,5672.65,11247.50,5684,5586,56.89,57.88,114.77,58,57,0.00,0.00,0,0
1544349603,2005-eth4,16710.58,725081.88,741792.44,726532,16744,243.51,269.46,512.97,270,244,0.00,0.00,0,0
1544349603,3003-eth2,421918.19,10914.17,432832.34,10936,422762,164.67,155.69,320.36,156,165,0.00,0.00,0,0
1544349603,2007-eth1,470495.03,349924.16,820419.19,350624,471436,353.29,327.35,680.64,328,354,0.00,0.00,0,0
1544349603,1002-eth4,0.00,0.00,0.00,0,0,0.00,0.00,0.00,0,0,0.00,0.00,0,0
1544349603,3002-eth4,43413.18,610988.06,654401.19,612210,43500,461.08,396.21,857.29,397,462,0.00,0.00,0,0
1544349603,2007-eth3,329768.47,8892.22,338660.69,8910,330428,113.77,134.73,248.50,135,114,0.00,0.00,0,0
1544349603,3005-eth1,813029.94,1083924.12,1896954.12,1086092,814656,626.75,636.73,1263.47,638,628,0.00,0.00,0,0
1544349603,2001-eth4,470495.03,349924.16,820419.19,350624,471436,353.29,327.35,680.64,328,354,0.00,0.00,0,0
1544349603,3003-eth4,34237.53,1223369.25,1257606.88,1225816,34306,480.04,499.00,979.04,500,481,0.00,0.00,0,0
1544349603,2004-eth1,0.00,0.00,0.00,0,0,0.00,0.00,0.00,0,0,0.00,0.00,0,0
1544349603,3006-eth4,12600.80,216558.89,229159.69,216992,12626,152.69,155.69,308.38,156,153,0.00,0.00,0,0
1544349603,3007-eth1,8892.22,329768.47,338660.69,330428,8910,134.73,113.77,248.50,114,135,0.00,0.00,0,0
1544349603,2008-eth1,0.00,0.00,0.00,0,0,0.00,0.00,0.00,0,0,0.00,0.00,0,0
1544349603,2002-eth2,5569.29,5667.00,11236.29,5684,5586,56.83,57.83,114.66,58,57,0.00,0.00,0,0
1544349603,2003-eth1,366301.09,803342.00,1169643.12,805752,367400,446.66,462.61,909.27,464,448,0.00,0.00,0,0
1544349603,3008-eth4,33974.08,1220705.88,1254680.00,1224368,34076,476.57,498.50,975.07,500,478,0.00,0.00,0,0
1544349603,1004-eth4,5764.71,5862.41,11627.12,5880,5782,58.82,59.82,118.64,60,59,0.00,0.00,0,0
1544349603,3006-eth1,724358.94,16693.92,741052.88,16744,726532,269.19,243.27,512.46,244,270,0.00,0.00,0,0
1544349603,1004-eth3,9575.27,9575.27,19150.55,9604,9604,97.71,97.71,195.41,98,98,0.00,0.00,0,0
1544349603,1002-eth2,0.00,0.00,0.00,0,0,0.00,0.00,0.00,0,0,0.00,0.00,0,0
1544349603,3004-eth3,1202257.25,369519.44,1571776.62,370628,1205864,542.37,524.43,1066.80,526,544,0.00,0.00,0,0
1544349603,2003-eth3,5862.41,5862.41,11724.83,5880,5880,59.82,59.82,119.64,60,60,0.00,0.00,0,0
1544349603,2005-eth1,800231.56,362754.50,1162986.00,363480,801832,423.15,407.19,830.34,408,424,0.00,0.00,0,0
1544349603,3002-eth3,1233720.62,383830.34,1617551.00,384598,1236188,672.65,691.62,1364.27,693,674,0.00,0.00,0,0
1544349603,3006-eth3,22481.04,730852.31,753333.38,732314,22526,302.40,328.34,630.74,329,303,0.00,0.00,0,0
1544349603,2001-eth1,349924.16,470495.03,820419.19,471436,350624,327.35,353.29,680.64,354,328,0.00,0.00,0,0
1544349603,3005-eth2,4874.25,208832.34,213706.59,209250,4884,73.85,76.85,150.70,77,74,0.00,0.00,0,0
1544349603,2001-eth2,0.00,0.00,0.00,0,0,0.00,0.00,0.00,0,0,0.00,0.00,0,0
1544349603,3007-eth2,0.00,0.00,0.00,0,0,0.00,0.00,0.00,0,0,0.00,0.00,0,0
1544349603,1001-eth1,470495.03,349924.16,820419.19,350624,471436,353.29,327.35,680.64,328,354,0.00,0.00,0,0
1544349603,3007-eth4,1226251.50,1223233.62,2449485.00,1225680,1228704,778.44,798.40,1576.85,800,780,0.00,0.00,0,0
1544349603,2003-eth2,0.00,0.00,0.00,0,0,0.00,0.00,0.00,0,0,0.00,0.00,0,0
1544349603,3007-eth3,1214341.38,806952.12,2021293.50,808566,1216770,663.67,665.67,1329.34,667,665,0.00,0.00,0,0
1544349603,1002-eth1,0.00,0.00,0.00,0,0,0.00,0.00,0.00,0,0,0.00,0.00,0,0
1544349603,2002-eth3,0.00,0.00,0.00,0,0,0.00,0.00,0.00,0,0,0.00,0.00,0,0
1544349603,2007-eth2,0.00,0.00,0.00,0,0,0.00,0.00,0.00,0,0,0.00,0.00,0,0
1544349603,total,24332506.00,24181456.00,48513964.00,24254000,24405504,18456.63,18506.48,36963.11,18562,18512,0.00,0.00,0,0
1544349604,3003-eth3,1220394.88,441533.41,1661928.25,442858,1224056,554.34,543.37,1097.71,545,556,0.00,0.00,0,0
1544349604,2002-eth1,0.00,0.00,0.00,0,0,0.00,0.00,0.00,0,0,0.00,0.00,0,0
1544349604,lo,1196.41,1196.41,2392.82,1200,1200,19.94,19.94,39.88,20,20,0.00,0.00,0,0
1544349604,3005-eth3,1224835.50,1224227.38,2449062.75,1227900,1228510,796.61,831.51,1628.12,834,799,0.00,0.00,0,0
1544349604,2005-eth3,1038348.94,809657.06,1848006.00,812086,1041464,618.15,609.17,1227.32,611,620,0.00,0.00,0,0
1544349604,3004-eth4,1223852.50,1222737.75,2446590.25,1226406,1227524,803.59,808.57,1612.16,811,806,0.00,0.00,0,0
1544349604,1004-eth2,1954.14,2023.93,3978.07,2030,1960,19.94,20.94,40.88,21,20,0.00,0.00,0,0
1544349604,2004-eth4,415146.56,9014.96,424161.53,9042,416392,143.57,136.59,280.16,137,144,0.00,0.00,0,0
1544349604,1001-eth2,801766.69,376472.59,1178239.25,377602,804172,460.62,447.66,908.28,449,462,0.00,0.00,0,0
1544349604,1003-eth3,0.00,0.00,0.00,0,0,0.00,0.00,0.00,0,0,0.00,0.00,0,0
1544349604,2002-eth4,5862.41,5862.41,11724.83,5880,5880,59.82,59.82,119.64,60,60,0.00,0.00,0,0
1544349604,1001-eth4,537956.12,430323.03,968279.19,431614,539570,405.78,341.97,747.76,343,407,0.00,0.00,0,0
1544349604,3001-eth2,0.00,0.00,0.00,0,0,0.00,0.00,0.00,0,0,0.00,0.00,0,0
1544349604,1004-eth1,5862.41,5862.41,11724.83,5880,5880,59.82,59.82,119.64,60,60,0.00,0.00,0,0
1544349604,3005-eth4,1213788.62,813407.81,2027196.38,815848,1217430,672.98,666.00,1338.98,668,675,0.00,0.00,0,0
1544349604,1003-eth2,0.00,0.00,0.00,0,0,0.00,0.00,0.00,0,0,0.00,0.00,0,0
1544349604,3008-eth1,422755.75,17940.18,440695.91,17994,424024,227.32,226.32,453.64,227,228,0.00,0.00,0,0
1544349604,1002-eth3,0.00,0.00,0.00,0,0,0.00,0.00,0.00,0,0,0.00,0.00,0,0
1544349604,2006-eth1,0.00,0.00,0.00,0,0,0.00,0.00,0.00,0,0,0.00,0.00,0,0
1544349604,3003-eth1,5932.20,5862.41,11794.62,5880,5950,60.82,59.82,120.64,60,61,0.00,0.00,0,0
1544349604,2001-eth3,0.00,0.00,0.00,0,0,0.00,0.00,0.00,0,0,0.00,0.00,0,0
1544349604,2008-eth2,5862.41,5862.41,11724.83,5880,5880,59.82,59.82,119.64,60,60,0.00,0.00,0,0
1544349604,2008-eth3,0.00,0.00,0.00,0,0,0.00,0.00,0.00,0,0,0.00,0.00,0,0
1544349604,1001-eth3,372564.31,797858.44,1170422.75,800252,373682,407.78,420.74,828.51,422,409,0.00,0.00,0,0
1544349604,2007-eth4,17940.18,422755.75,440695.91,424024,17994,226.32,227.32,453.64,228,227,0.00,0.00,0,0
1544349604,2004-eth2,2023.93,1954.14,3978.07,1960,2030,20.94,19.94,40.88,20,21,0.00,0.00,0,0
1544349604,3002-eth1,537956.12,430323.03,968279.19,431614,539570,405.78,341.97,747.76,343,407,0.00,0.00,0,0
1544349604,3004-eth1,370241.06,795111.56,1165352.62,798292,371722,387.45,400.40,787.85,402,389,0.00,0.00,0,0
1544349604,2006-eth3,229002.00,5324.70,234326.70,5346,229918,82.67,80.68,163.35,81,83,0.00,0.00,0,0
1544349604,3004-eth2,9005.98,414733.09,423739.06,416392,9042,136.45,143.43,279.88,144,137,0.00,0.00,0,0
1544349604,3001-eth3,1222474.62,1225493.50,2447968.00,1229170,1226142,804.59,806.58,1611.17,809,807,0.00,0.00,0,0
1544349604,2003-eth4,798857.44,370610.16,1169467.62,371722,801254,401.79,387.84,789.63,389,403,0.00,0.00,0,0
1544349604,2008-eth4,5862.41,5862.41,11724.83,5880,5880,59.82,59.82,119.64,60,60,0.00,0.00,0,0
1544349604,3008-eth3,1225397.88,447188.44,1672586.25,448530,1229074,621.14,607.18,1228.32,609,623,0.00,0.00,0,0
1544349604,2005-eth2,0.00,0.00,0.00,0,0,0.00,0.00,0.00,0,0,0.00,0.00,0,0
1544349604,2006-eth4,15100.70,239001.00,254101.70,239718,15146,180.46,182.45,362.91,183,181,0.00,0.00,0,0
1544349604,3006-eth2,239001.00,15100.70,254101.70,15146,239718,182.45,180.46,362.91,181,183,0.00,0.00,0,0
1544349604,1003-eth4,0.00,0.00,0.00,0,0,0.00,0.00,0.00,0,0,0.00,0.00,0,0
1544349604,2006-eth2,9770.69,9770.69,19541.38,9800,9800,99.70,99.70,199.40,100,100,0.00,0.00,0,0
1544349604,3001-eth1,0.00,0.00,0.00,0,0,0.00,0.00,0.00,0,0,0.00,0.00,0,0
1544349604,3008-eth2,5862.41,5862.41,11724.83,5880,5880,59.82,59.82,119.64,60,60,0.00,0.00,0,0
1544349604,2004-eth3,10969.09,417100.69,428069.78,418352,11002,156.53,163.51,320.04,164,157,0.00,0.00,0,0
1544349604,3001-eth4,1219587.25,1222540.38,2442127.75,1226208,1223246,804.59,805.58,1610.17,808,807,0.00,0.00,0,0
1544349604,1003-eth1,0.00,0.00,0.00,0,0,0.00,0.00,0.00,0,0,0.00,0.00,0,0
1544349604,3002-eth2,5862.41,5862.41,11724.83,5880,5880,59.82,59.82,119.64,60,60,0.00,0.00,0,0
1544349604,2005-eth4,15706.88,666739.81,682446.69,668740,15754,228.32,249.25,477.57,250,229,0.00,0.00,0,0
1544349604,3003-eth2,417100.69,10969.09,428069.78,11002,418352,163.51,156.53,320.04,157,164,0.00,0.00,0,0
1544349604,2007-eth1,430323.03,537956.12,968279.19,539570,431614,341.97,405.78,747.76,407,343,0.00,0.00,0,0
1544349604,1002-eth4,0.00,0.00,0.00,0,0,0.00,0.00,0.00,0,0,0.00,0.00,0,0
1544349604,3002-eth4,27964.11,621884.38,649848.44,623750,28048,358.92,349.95,708.87,351,360,0.00,0.00,0,0
1544349604,2007-eth3,520015.97,7567.30,527583.25,7590,521576,179.46,114.66,294.12,115,180,0.00,0.00,0,0
1544349604,3005-eth1,809657.06,1035395.81,1845052.88,1038502,812086,609.17,617.15,1226.32,619,611,0.00,0.00,0,0
1544349604,2001-eth4,430323.03,537956.12,968279.19,539570,431614,341.97,405.78,747.76,407,343,0.00,0.00,0,0
1544349604,3003-eth4,34203.39,1222149.50,1256353.00,1225816,34306,479.56,498.50,978.07,500,481,0.00,0.00,0,0
1544349604,2004-eth1,0.00,0.00,0.00,0,0,0.00,0.00,0.00,0,0,0.00,0.00,0,0
1544349604,3006-eth4,12951.15,236851.45,249802.59,237562,12990,158.52,160.52,319.04,161,159,0.00,0.00,0,0
1544349604,3007-eth1,7567.30,520015.97,527583.25,521576,7590,114.66,179.46,294.12,180,115,0.00,0.00,0,0
1544349604,2008-eth1,0.00,0.00,0.00,0,0,0.00,0.00,0.00,0,0,0.00,0.00,0,0
1544349604,2002-eth2,5862.41,5862.41,11724.83,5880,5880,59.82,59.82,119.64,60,60,0.00,0.00,0,0
1544349604,2003-eth1,376472.59,801766.69,1178239.25,804172,377602,447.66,460.62,908.28,462,449,0.00,0.00,0,0
1544349604,3008-eth4,34203.39,1225102.75,1259306.12,1228778,34306,479.56,499.50,979.06,501,481,0.00,0.00,0,0
1544349604,1004-eth4,5862.41,5862.41,11724.83,5880,5880,59.82,59.82,119.64,60,60,0.00,0.00,0,0
1544349604,3006-eth1,666739.81,15706.88,682446.69,15754,668740,249.25,228.32,477.57,229,250,0.00,0.00,0,0
1544349604,1004-eth3,9780.44,9780.44,19560.88,9800,9800,99.80,99.80,199.60,100,100,0.00,0.00,0,0
1544349604,1002-eth2,0.00,0.00,0.00,0,0,0.00,0.00,0.00,0,0,0.00,0.00,0,0
1544349604,3004-eth3,1206347.38,379938.12,1586285.50,380698,1208760,542.91,523.95,1066.87,525,544,0.00,0.00,0,0
1544349604,2003-eth3,5868.26,5938.12,11806.39,5950,5880,59.88,60.88,120.76,61,60,0.00,0.00,0,0
1544349604,2005-eth1,798654.69,372936.12,1171590.88,373682,800252,421.16,408.18,829.34,409,422,0.00,0.00,0,0
1544349604,3002-eth3,1233139.75,556626.75,1789766.50,557740,1235606,729.54,664.67,1394.21,666,731,0.00,0.00,0,0
1544349604,3006-eth3,21395.21,673077.88,694473.06,674424,21438,286.43,307.39,593.81,308,287,0.00,0.00,0,0
1544349604,2001-eth1,538562.88,430752.50,969315.38,431614,539640,407.19,342.32,749.50,343,408,0.00,0.00,0,0
1544349604,3005-eth2,5335.33,229459.09,234794.42,229918,5346,80.84,82.83,163.67,83,81,0.00,0.00,0,0
1544349604,2001-eth2,0.00,0.00,0.00,0,0,0.00,0.00,0.00,0,0,0.00,0.00,0,0
1544349604,3007-eth2,0.00,0.00,0.00,0,0,0.00,0.00,0.00,0,0,0.00,0.00,0,0
1544349604,1001-eth1,430752.50,538562.88,969315.38,539640,431614,342.32,407.19,749.50,408,343,0.00,0.00,0,0
1544349604,3007-eth4,1222780.50,1220870.25,2443650.75,1223312,1225226,835.33,806.39,1641.72,808,837,0.00,0.00,0,0
1544349604,2003-eth2,0.00,0.00,0.00,0,0,0.00,0.00,0.00,0,0,0.00,0.00,0,0
1544349604,3007-eth3,1213295.50,888079.88,2101375.25,889856,1215722,691.62,690.62,1382.24,692,693,0.00,0.00,0,0
1544349604,1002-eth1,0.00,0.00,0.00,0,0,0.00,0.00,0.00,0,0,0.00,0.00,0,0
1544349604,2002-eth3,0.00,0.00,0.00,0,0,0.00,0.00,0.00,0,0,0.00,0.00,0,0
1544349604,2007-eth2,0.00,0.00,0.00,0,0,0.00,0.00,0.00,0,0,0.00,0.00,0,0
1544349604,total,24947548.00,25008034.00,49955580.00,25033042,24972494,18864.14,18812.19,37676.32,18831,18883,0.00,0.00,0,0
1544349605,3003-eth3,1222833.25,443796.22,1666629.38,444240,1224056,555.44,543.46,1098.90,544,556,0.00,0.00,0,0
1544349605,2002-eth1,0.00,0.00,0.00,0,0,0.00,0.00,0.00,0,0,0.00,0.00,0,0
1544349605,lo,0.00,0.00,0.00,0,0,0.00,0.00,0.00,0,0,0.00,0.00,0,0
1544349605,3005-eth3,1221646.38,1223120.88,2444767.25,1224344,1222868,801.20,823.18,1624.38,824,802,0.00,0.00,0,0
1544349605,2005-eth3,982383.62,808467.56,1790851.25,809276,983366,594.41,589.41,1183.82,590,595,0.00,0.00,0,0
1544349605,3004-eth4,1223668.38,1222090.00,2445758.25,1223312,1224892,809.19,807.19,1616.38,808,810,0.00,0.00,0,0
1544349605,1004-eth2,1958.04,1958.04,3916.08,1960,1960,19.98,19.98,39.96,20,20,0.00,0.00,0,0
1544349605,2004-eth4,417422.59,8967.03,426389.62,8976,417840,143.86,135.86,279.72,136,144,0.00,0.00,0,0
1544349605,1001-eth2,800165.88,316291.72,1116457.62,316608,800966,434.57,423.58,858.14,424,435,0.00,0.00,0,0
1544349605,1003-eth3,0.00,0.00,0.00,0,0,0.00,0.00,0.00,0,0,0.00,0.00,0,0
1544349605,2002-eth4,5776.22,5776.22,11552.45,5782,5782,58.94,58.94,117.88,59,59,0.00,0.00,0,0
1544349605,1001-eth4,514509.50,407320.69,921830.19,407728,515024,443.56,375.62,819.18,376,444,0.00,0.00,0,0
1544349605,3001-eth2,0.00,0.00,0.00,0,0,0.00,0.00,0.00,0,0,0.00,0.00,0,0
1544349605,1004-eth1,5776.22,5776.22,11552.45,5782,5782,58.94,58.94,117.88,59,59,0.00,0.00,0,0
1544349605,3005-eth4,1213098.88,813544.50,2026643.38,814358,1214312,671.33,666.33,1337.66,667,672,0.00,0.00,0,0
1544349605,1003-eth2,0.00,0.00,0.00,0,0,0.00,0.00,0.00,0,0,0.00,0.00,0,0
1544349605,3008-eth1,397100.91,18639.36,415740.28,18658,397498,220.78,272.73,493.51,273,221,0.00,0.00,0,0
1544349605,1002-eth3,0.00,0.00,0.00,0,0,0.00,0.00,0.00,0,0,0.00,0.00,0,0
1544349605,2006-eth1,0.00,0.00,0.00,0,0,0.00,0.00,0.00,0,0,0.00,0.00,0,0
1544349605,3003-eth1,5874.13,5874.13,11748.25,5880,5880,59.94,59.94,119.88,60,60,0.00,0.00,0,0
1544349605,2001-eth3,0.00,0.00,0.00,0,0,0.00,0.00,0.00,0,0,0.00,0.00,0,0
1544349605,2008-eth2,5874.13,5874.13,11748.25,5880,5880,59.94,59.94,119.88,60,60,0.00,0.00,0,0
1544349605,2008-eth3,0.00,0.00,0.00,0,0,0.00,0.00,0.00,0,0,0.00,0.00,0,0
1544349605,1001-eth3,312375.62,796249.75,1108625.38,797046,312688,383.62,394.61,778.22,395,384,0.00,0.00,0,0
1544349605,2007-eth4,18639.36,397100.91,415740.28,397498,18658,272.73,220.78,493.51,221,273,0.00,0.00,0,0
1544349605,2004-eth2,1958.04,1958.04,3916.08,1960,1960,19.98,19.98,39.96,20,20,0.00,0.00,0,0
1544349605,3002-eth1,514509.50,407320.69,921830.19,407728,515024,443.56,375.62,819.18,376,444,0.00,0.00,0,0
1544349605,3004-eth1,310417.59,794291.75,1104709.38,795086,310728,363.64,374.63,738.26,375,364,0.00,0.00,0,0
1544349605,2006-eth3,262171.84,6065.93,268237.78,6072,262434,92.91,91.91,184.82,92,93,0.00,0.00,0,0
1544349605,3004-eth2,8967.03,417422.59,426389.62,417840,8976,135.86,143.86,279.72,144,136,0.00,0.00,0,0
1544349605,3001-eth3,1222090.00,1222090.00,2444180.00,1223312,1223312,807.19,807.19,1614.39,808,808,0.00,0.00,0,0
1544349605,2003-eth4,791332.69,310417.59,1101750.25,310728,792124,373.63,363.64,737.26,364,374,0.00,0.00,0,0
1544349605,2008-eth4,5874.13,5874.13,11748.25,5880,5880,59.94,59.94,119.88,60,60,0.00,0.00,0,0
1544349605,3008-eth3,1224629.38,421384.62,1646014.00,421806,1225854,670.33,598.40,1268.73,599,671,0.00,0.00,0,0
1544349605,2005-eth2,0.00,0.00,0.00,0,0,0.00,0.00,0.00,0,0,0.00,0.00,0,0
1544349605,2006-eth4,15758.24,271864.16,287622.38,272136,15774,190.81,191.81,382.62,192,191,0.00,0.00,0,0
1544349605,3006-eth2,271864.16,15758.24,287622.38,15774,272136,191.81,190.81,382.62,191,192,0.00,0.00,0,0
1544349605,1003-eth4,0.00,0.00,0.00,0,0,0.00,0.00,0.00,0,0,0.00,0.00,0,0
1544349605,2006-eth2,9692.31,9692.31,19384.62,9702,9702,98.90,98.90,197.80,99,99,0.00,0.00,0,0
1544349605,3001-eth1,0.00,0.00,0.00,0,0,0.00,0.00,0.00,0,0,0.00,0.00,0,0
1544349605,3008-eth2,5874.13,5874.13,11748.25,5880,5880,59.94,59.94,119.88,60,60,0.00,0.00,0,0
1544349605,2004-eth3,10925.08,419380.62,430305.72,419800,10936,155.84,163.84,319.68,164,156,0.00,0.00,0,0
1544349605,3001-eth4,1221958.12,1222090.00,2444048.00,1223312,1223180,805.19,807.19,1612.39,808,806,0.00,0.00,0,0
1544349605,1003-eth1,0.00,0.00,0.00,0,0,0.00,0.00,0.00,0,0,0.00,0.00,0,0
1544349605,3002-eth2,5776.22,5776.22,11552.45,5782,5782,58.94,58.94,117.88,59,59,0.00,0.00,0,0
1544349605,2005-eth4,16133.87,673990.00,690123.88,674664,16150,234.77,251.75,486.51,252,235,0.00,0.00,0,0
1544349605,3003-eth2,419380.62,10925.08,430305.72,10936,419800,163.84,155.84,319.68,156,164,0.00,0.00,0,0
1544349605,2007-eth1,407320.69,514509.50,921830.19,515024,407728,375.62,443.56,819.18,444,376,0.00,0.00,0,0
1544349605,1002-eth4,0.00,0.00,0.00,0,0,0.00,0.00,0.00,0,0,0.00,0.00,0,0
1544349605,3002-eth4,22833.17,761172.88,784006.00,761934,22856,307.69,338.66,646.35,339,308,0.00,0.00,0,0
1544349605,2007-eth3,495870.16,10219.78,506089.94,10230,496366,170.83,154.85,325.67,155,171,0.00,0.00,0,0
1544349605,3005-eth1,805508.50,982383.62,1787892.12,983366,806314,588.41,594.41,1182.82,595,589,0.00,0.00,0,0
1544349605,2001-eth4,407320.69,514509.50,921830.19,515024,407728,375.62,443.56,819.18,444,376,0.00,0.00,0,0
1544349605,3003-eth4,34205.80,1223144.88,1257350.62,1224368,34240,479.52,499.50,979.02,500,480,0.00,0.00,0,0
1544349605,2004-eth1,0.00,0.00,0.00,0,0,0.00,0.00,0.00,0,0,0.00,0.00,0,0
1544349605,3006-eth4,13898.10,270004.00,283902.09,270274,13912,171.83,172.83,344.66,173,172,0.00,0.00,0,0
1544349605,3007-eth1,10219.78,495870.16,506089.94,496366,10230,154.85,170.83,325.67,171,155,0.00,0.00,0,0
1544349605,2008-eth1,0.00,0.00,0.00,0,0,0.00,0.00,0.00,0,0,0.00,0.00,0,0
1544349605,2002-eth2,5776.22,5776.22,11552.45,5782,5782,58.94,58.94,117.88,59,59,0.00,0.00,0,0
1544349605,2003-eth1,316291.72,797206.81,1113498.50,798004,316608,423.58,433.57,857.14,434,424,0.00,0.00,0,0
1544349605,3008-eth4,34073.93,1224591.50,1258665.38,1225816,34108,477.52,499.50,977.02,500,478,0.00,0.00,0,0
1544349605,1004-eth4,5874.13,5874.13,11748.25,5880,5880,59.94,59.94,119.88,60,60,0.00,0.00,0,0
1544349605,3006-eth1,673990.00,16133.87,690123.88,16150,674664,251.75,234.77,486.51,235,252,0.00,0.00,0,0
1544349605,1004-eth3,9692.31,9692.31,19384.62,9702,9702,98.90,98.90,197.80,99,99,0.00,0.00,0,0
1544349605,1002-eth2,0.00,0.00,0.00,0,0,0.00,0.00,0.00,0,0,0.00,0.00,0,0
1544349605,3004-eth3,1202837.25,319384.62,1522221.88,319704,1204040,515.48,499.50,1014.99,500,516,0.00,0.00,0,0
1544349605,2003-eth3,5874.13,5874.13,11748.25,5880,5880,59.94,59.94,119.88,60,60,0.00,0.00,0,0
1544349605,2005-eth1,793290.75,312375.62,1105666.38,312688,794084,393.61,383.62,777.22,384,394,0.00,0.00,0,0
1544349605,3002-eth3,1234239.75,527650.38,1761890.12,528178,1235474,728.27,652.35,1380.62,653,729,0.00,0.00,0,0
1544349605,3006-eth3,21910.09,679766.25,701676.31,680446,21932,293.71,310.69,604.40,311,294,0.00,0.00,0,0
1544349605,2001-eth1,514509.50,407320.69,921830.19,407728,515024,443.56,375.62,819.18,376,444,0.00,0.00,0,0
1544349605,3005-eth2,6065.93,262171.84,268237.78,262434,6072,91.91,92.91,184.82,93,92,0.00,0.00,0,0
1544349605,2001-eth2,0.00,0.00,0.00,0,0,0.00,0.00,0.00,0,0,0.00,0.00,0,0
1544349605,3007-eth2,0.00,0.00,0.00,0,0,0.00,0.00,0.00,0,0,0.00,0.00,0,0
1544349605,1001-eth1,407320.69,514509.50,921830.19,515024,407728,375.62,443.56,819.18,444,376,0.00,0.00,0,0
1544349605,3007-eth4,1222671.38,1222287.75,2444959.00,1223510,1223894,750.25,810.19,1560.44,811,751,0.00,0.00,0,0
1544349605,2003-eth2,0.00,0.00,0.00,0,0,0.00,0.00,0.00,0,0,0.00,0.00,0,0
1544349605,3007-eth3,1212068.00,767712.31,1979780.25,768480,1213280,655.34,651.35,1306.69,652,656,0.00,0.00,0,0
1544349605,1002-eth1,0.00,0.00,0.00,0,0,0.00,0.00,0.00,0,0,0.00,0.00,0,0
1544349605,2002-eth3,0.00,0.00,0.00,0,0,0.00,0.00,0.00,0,0,0.00,0.00,0,0
1544349605,2007-eth2,0.00,0.00,0.00,0,0,0.00,0.00,0.00,0,0,0.00,0.00,0,0
1544349605,total,24532078.00,24553166.00,49085244.00,24577718,24556610,18818.18,18808.19,37626.37,18827,18837,0.00,0.00,0,0
1544349606,3003-eth3,1221320.75,437944.06,1659264.75,438382,1222542,554.45,542.46,1096.90,543,555,0.00,0.00,0,0
1544349606,2002-eth1,0.00,0.00,0.00,0,0,0.00,0.00,0.00,0,0,0.00,0.00,0,0
1544349606,lo,1198.80,1198.80,2397.60,1200,1200,19.98,19.98,39.96,20,20,0.00,0.00,0,0
1544349606,3005-eth3,1224605.38,1222479.50,2447085.00,1223702,1225830,802.20,810.19,1612.39,811,803,0.00,0.00,0,0
1544349606,2005-eth3,961670.38,810809.19,1772479.62,811620,962632,587.41,579.42,1166.83,580,588,0.00,0.00,0,0
1544349606,3004-eth4,1222024.00,1222090.00,2444114.00,1223312,1223246,806.19,807.19,1613.39,808,807,0.00,0.00,0,0
1544349606,1004-eth2,1958.04,1958.04,3916.08,1960,1960,19.98,19.98,39.96,20,20,0.00,0.00,0,0
1544349606,2004-eth4,411504.50,8967.03,420471.53,8976,411916,141.86,135.86,277.72,136,142,0.00,0.00,0,0
1544349606,1001-eth2,802531.50,318987.03,1121518.50,319306,803334,426.57,420.58,847.15,421,427,0.00,0.00,0,0
1544349606,1003-eth3,0.00,0.00,0.00,0,0,0.00,0.00,0.00,0,0,0.00,0.00,0,0
1544349606,2002-eth4,5776.22,5776.22,11552.45,5782,5782,58.94,58.94,117.88,59,59,0.00,0.00,0,0
1544349606,1001-eth4,559666.38,445780.22,1005446.56,446226,560226,360.64,344.66,705.29,345,361,0.00,0.00,0,0
1544349606,3001-eth2,0.00,0.00,0.00,0,0,0.00,0.00,0.00,0,0,0.00,0.00,0,0
1544349606,1004-eth1,5776.22,5776.22,11552.45,5782,5782,58.94,58.94,117.88,59,59,0.00,0.00,0,0
1544349606,3005-eth4,1213230.75,816503.50,2029734.38,817320,1214444,673.33,667.33,1340.66,668,674,0.00,0.00,0,0
1544349606,1003-eth2,0.00,0.00,0.00,0,0,0.00,0.00,0.00,0,0,0.00,0.00,0,0
1544349606,3008-eth1,435362.66,11980.02,447342.66,11992,435798,186.81,171.83,358.64,172,187,0.00,0.00,0,0
1544349606,1002-eth3,0.00,0.00,0.00,0,0,0.00,0.00,0.00,0,0,0.00,0.00,0,0
1544349606,2006-eth1,0.00,0.00,0.00,0,0,0.00,0.00,0.00,0,0,0.00,0.00,0,0
1544349606,3003-eth1,5874.13,5874.13,11748.25,5880,5880,59.94,59.94,119.88,60,60,0.00,0.00,0,0
1544349606,2001-eth3,0.00,0.00,0.00,0,0,0.00,0.00,0.00,0,0,0.00,0.00,0,0
1544349606,2008-eth2,5874.13,5874.13,11748.25,5880,5880,59.94,59.94,119.88,60,60,0.00,0.00,0,0
1544349606,2008-eth3,0.00,0.00,0.00,0,0,0.00,0.00,0.00,0,0,0.00,0.00,0,0
1544349606,1001-eth3,315070.94,798615.44,1113686.38,799414,315386,380.62,386.61,767.23,387,381,0.00,0.00,0,0
1544349606,2007-eth4,11980.02,435362.66,447342.66,435798,11992,171.83,186.81,358.64,187,172,0.00,0.00,0,0
1544349606,2004-eth2,1958.04,1958.04,3916.08,1960,1960,19.98,19.98,39.96,20,20,0.00,0.00,0,0
1544349606,3002-eth1,562691.31,445780.22,1008471.56,446226,563254,362.64,344.66,707.29,345,363,0.00,0.00,0,0
1544349606,3004-eth1,313112.91,796657.38,1109770.25,797454,313426,360.64,366.63,727.27,367,361,0.00,0.00,0,0
1544349606,2006-eth3,253360.64,6041.96,259402.61,6048,253614,90.91,89.91,180.82,90,91,0.00,0.00,0,0
1544349606,3004-eth2,8967.03,411504.50,420471.53,411916,8976,135.86,141.86,277.72,142,136,0.00,0.00,0,0
1544349606,3001-eth3,1225114.88,1225114.88,2450229.75,1226340,1226340,809.19,809.19,1618.38,810,810,0.00,0.00,0,0
1544349606,2003-eth4,796657.38,313112.91,1109770.25,313426,797454,366.63,360.64,727.27,361,367,0.00,0.00,0,0
1544349606,2008-eth4,5874.13,5874.13,11748.25,5880,5880,59.94,59.94,119.88,60,60,0.00,0.00,0,0
1544349606,3008-eth3,1223562.50,459778.22,1683340.75,460238,1224786,588.41,566.43,1154.85,567,589,0.00,0.00,0,0
1544349606,2005-eth2,0.00,0.00,0.00,0,0,0.00,0.00,0.00,0,0,0.00,0.00,0,0
1544349606,2006-eth4,15734.27,263052.97,278787.22,263316,15750,188.81,189.81,378.62,190,189,0.00,0.00,0,0
1544349606,3006-eth2,263052.97,15734.27,278787.22,15750,263316,189.81,188.81,378.62,189,190,0.00,0.00,0,0
1544349606,1003-eth4,0.00,0.00,0.00,0,0,0.00,0.00,0.00,0,0,0.00,0.00,0,0
1544349606,2006-eth2,9692.31,9692.31,19384.62,9702,9702,98.90,98.90,197.80,99,99,0.00,0.00,0,0
1544349606,3001-eth1,0.00,0.00,0.00,0,0,0.00,0.00,0.00,0,0,0.00,0.00,0,0
1544349606,3008-eth2,5874.13,5874.13,11748.25,5880,5880,59.94,59.94,119.88,60,60,0.00,0.00,0,0
1544349606,2004-eth3,10925.08,413462.56,424387.62,413876,10936,155.84,161.84,317.68,162,156,0.00,0.00,0,0
1544349606,3001-eth4,1222090.00,1222090.00,2444180.00,1223312,1223312,807.19,807.19,1614.39,808,808,0.00,0.00,0,0
1544349606,1003-eth1,0.00,0.00,0.00,0,0,0.00,0.00,0.00,0,0,0.00,0.00,0,0
1544349606,3002-eth2,5776.22,5776.22,11552.45,5782,5782,58.94,58.94,117.88,59,59,0.00,0.00,0,0
1544349606,2005-eth4,16031.97,650449.56,666481.56,651100,16048,231.77,245.75,477.52,246,232,0.00,0.00,0,0
1544349606,3003-eth2,413462.56,10925.08,424387.62,10936,413876,161.84,155.84,317.68,156,162,0.00,0.00,0,0
1544349606,2007-eth1,445780.22,559666.38,1005446.56,560226,446226,344.66,360.64,705.29,361,345,0.00,0.00,0,0
1544349606,1002-eth4,0.00,0.00,0.00,0,0,0.00,0.00,0.00,0,0,0.00,0.00,0,0
1544349606,3002-eth4,25140.86,847051.00,872191.81,847898,25166,342.66,368.63,711.29,369,343,0.00,0.00,0,0
1544349606,2007-eth3,547686.31,10417.58,558103.94,10428,548234,188.81,157.84,346.65,158,189,0.00,0.00,0,0
1544349606,3005-eth1,810809.19,961670.38,1772479.62,962632,811620,579.42,587.41,1166.83,588,580,0.00,0.00,0,0
1544349606,2001-eth4,445780.22,562691.31,1008471.56,563254,446226,344.66,362.64,707.29,363,345,0.00,0.00,0,0
1544349606,3003-eth4,34271.73,1224591.50,1258863.12,1225816,34306,480.52,499.50,980.02,500,481,0.00,0.00,0,0
1544349606,2004-eth1,0.00,0.00,0.00,0,0,0.00,0.00,0.00,0,0,0.00,0.00,0,0
1544349606,3006-eth4,13776.22,261094.91,274871.12,261356,13790,168.83,169.83,338.66,170,169,0.00,0.00,0,0
1544349606,3007-eth1,10417.58,547686.31,558103.94,548234,10428,157.84,188.81,346.65,189,158,0.00,0.00,0,0
1544349606,2008-eth1,0.00,0.00,0.00,0,0,0.00,0.00,0.00,0,0,0.00,0.00,0,0
1544349606,2002-eth2,5776.22,5776.22,11552.45,5782,5782,58.94,58.94,117.88,59,59,0.00,0.00,0,0
1544349606,2003-eth1,318987.03,802531.50,1121518.50,803334,319306,420.58,426.57,847.15,427,421,0.00,0.00,0,0
1544349606,3008-eth4,34205.80,1224591.50,1258797.25,1225816,34240,479.52,499.50,979.02,500,480,0.00,0.00,0,0
1544349606,1004-eth4,5874.13,5874.13,11748.25,5880,5880,59.94,59.94,119.88,60,60,0.00,0.00,0,0
1544349606,3006-eth1,650449.56,16031.97,666481.56,16048,651100,245.75,231.77,477.52,232,246,0.00,0.00,0,0
1544349606,1004-eth3,9692.31,9692.31,19384.62,9702,9702,98.90,98.90,197.80,99,99,0.00,0.00,0,0
1544349606,1002-eth2,0.00,0.00,0.00,0,0,0.00,0.00,0.00,0,0,0.00,0.00,0,0
1544349606,3004-eth3,1202243.75,322014.00,1524257.75,322336,1203446,506.49,495.50,1002.00,496,507,0.00,0.00,0,0
1544349606,2003-eth3,5874.13,5874.13,11748.25,5880,5880,59.94,59.94,119.88,60,60,0.00,0.00,0,0
1544349606,2005-eth1,798615.44,315070.94,1113686.38,315386,799414,386.61,380.62,767.23,381,387,0.00,0.00,0,0
1544349606,3002-eth3,1227584.50,578139.88,1805724.38,578718,1228812,649.35,606.39,1255.74,607,650,0.00,0.00,0,0
1544349606,3006-eth3,21906.09,656323.69,678229.81,656980,21928,291.71,305.69,597.40,306,292,0.00,0.00,0,0
1544349606,2001-eth1,559732.31,445780.22,1005512.50,446226,560292,361.64,344.66,706.29,345,362,0.00,0.00,0,0
1544349606,3005-eth2,6041.96,253360.64,259402.61,253614,6048,89.91,90.91,180.82,91,90,0.00,0.00,0,0
1544349606,2001-eth2,0.00,0.00,0.00,0,0,0.00,0.00,0.00,0,0,0.00,0.00,0,0
1544349606,3007-eth2,0.00,0.00,0.00,0,0,0.00,0.00,0.00,0,0,0.00,0.00,0,0
1544349606,1001-eth1,445780.22,559732.31,1005512.50,560292,446226,344.66,361.64,706.29,362,345,0.00,0.00,0,0
1544349606,3007-eth4,1222481.50,1222024.00,2444505.50,1223246,1223704,791.21,806.19,1597.40,807,792,0.00,0.00,0,0
1544349606,2003-eth2,0.00,0.00,0.00,0,0,0.00,0.00,0.00,0,0,0.00,0.00,0,0
1544349606,3007-eth3,1211606.38,742461.56,1954068.00,743204,1212818,648.35,641.36,1289.71,642,649,0.00,0.00,0,0
1544349606,1002-eth1,0.00,0.00,0.00,0,0,0.00,0.00,0.00,0,0,0.00,0.00,0,0
1544349606,2002-eth3,0.00,0.00,0.00,0,0,0.00,0.00,0.00,0,0,0.00,0.00,0,0
1544349606,2007-eth2,0.00,0.00,0.00,0,0,0.00,0.00,0.00,0,0,0.00,0.00,0,0
1544349606,total,24819876.00,24959004.00,49778880.00,24983962,24844696,18217.78,18220.78,36438.56,18239,18236,0.00,0.00,0,0
1544349607,3003-eth3,1222771.25,448267.75,1671039.00,448716,1223994,554.45,545.45,1099.90,546,555,0.00,0.00,0,0
1544349607,2002-eth1,0.00,0.00,0.00,0,0,0.00,0.00,0.00,0,0,0.00,0.00,0,0
1544349607,lo,0.00,0.00,0.00,0,0,0.00,0.00,0.00,0,0,0.00,0.00,0,0
1544349607,3005-eth3,1221694.38,1220321.75,2442016.00,1221542,1222916,801.20,824.18,1625.37,825,802,0.00,0.00,0,0
1544349607,2005-eth3,707472.56,813011.00,1520483.50,813824,708180,593.41,603.40,1196.80,604,594,0.00,0.00,0,0
1544349607,3004-eth4,1218801.25,1219130.88,2437932.25,1220350,1220020,801.20,806.19,1607.39,807,802,0.00,0.00,0,0
1544349607,1004-eth2,2027.97,1958.04,3986.01,1960,2030,20.98,19.98,40.96,20,21,0.00,0.00,0,0
1544349607,2004-eth4,421894.12,9098.90,430993.03,9108,422316,145.85,137.86,283.72,138,146,0.00,0.00,0,0
1544349607,1001-eth2,797204.81,191686.31,988891.12,191878,798002,410.59,398.60,809.19,399,411,0.00,0.00,0,0
1544349607,1003-eth3,0.00,0.00,0.00,0,0,0.00,0.00,0.00,0,0,0.00,0.00,0,0
1544349607,2002-eth4,5776.22,5776.22,11552.45,5782,5782,58.94,58.94,117.88,59,59,0.00,0.00,0,0
1544349607,1001-eth4,510739.28,449922.09,960661.38,450372,511250,320.68,341.66,662.34,342,321,0.00,0.00,0,0
1544349607,3001-eth2,0.00,0.00,0.00,0,0,0.00,0.00,0.00,0,0,0.00,0.00,0,0
1544349607,1004-eth1,5776.22,5776.22,11552.45,5782,5782,58.94,58.94,117.88,59,59,0.00,0.00,0,0
1544349607,3005-eth4,1201154.88,810387.62,2011542.50,811198,1202356,665.33,662.34,1327.67,663,666,0.00,0.00,0,0
1544349607,1003-eth2,0.00,0.00,0.00,0,0,0.00,0.00,0.00,0,0,0.00,0.00,0,0
1544349607,3008-eth1,438647.38,10397.60,449044.97,10408,439086,170.83,147.85,318.68,148,171,0.00,0.00,0,0
1544349607,1002-eth3,0.00,0.00,0.00,0,0,0.00,0.00,0.00,0,0,0.00,0.00,0,0
1544349607,2006-eth1,0.00,0.00,0.00,0,0,0.00,0.00,0.00,0,0,0.00,0.00,0,0
1544349607,3003-eth1,5874.13,5874.13,11748.25,5880,5880,59.94,59.94,119.88,60,60,0.00,0.00,0,0
1544349607,2001-eth3,0.00,0.00,0.00,0,0,0.00,0.00,0.00,0,0,0.00,0.00,0,0
1544349607,2008-eth2,5874.13,5874.13,11748.25,5880,5880,59.94,59.94,119.88,60,60,0.00,0.00,0,0
1544349607,2008-eth3,0.00,0.00,0.00,0,0,0.00,0.00,0.00,0,0,0.00,0.00,0,0
1544349607,1001-eth3,187770.23,793288.75,981058.94,794082,187958,358.64,370.63,729.27,371,359,0.00,0.00,0,0
1544349607,2007-eth4,10397.60,438647.38,449044.97,439086,10408,147.85,170.83,318.68,171,148,0.00,0.00,0,0
1544349607,2004-eth2,1958.04,2027.97,3986.01,2030,1960,19.98,20.98,40.96,21,20,0.00,0.00,0,0
1544349607,3002-eth1,507714.31,449922.09,957636.38,450372,508222,318.68,341.66,660.34,342,319,0.00,0.00,0,0
1544349607,3004-eth1,185812.19,791330.69,977142.88,792122,185998,338.66,350.65,689.31,351,339,0.00,0.00,0,0
1544349607,2006-eth3,161370.64,7572.43,168943.06,7580,161532,77.92,81.92,159.84,82,78,0.00,0.00,0,0
1544349607,3004-eth2,9098.90,421894.12,430993.03,422316,9108,137.86,145.85,283.72,146,138,0.00,0.00,0,0
1544349607,3001-eth3,1219065.00,1217618.38,2436683.50,1218836,1220284,805.19,805.19,1610.39,806,806,0.00,0.00,0,0
1544349607,2003-eth4,791330.69,185812.19,977142.88,185998,792122,350.65,338.66,689.31,339,351,0.00,0.00,0,0
1544349607,2008-eth4,5874.13,5874.13,11748.25,5880,5880,59.94,59.94,119.88,60,60,0.00,0.00,0,0
1544349607,3008-eth3,1218951.12,463062.94,1682014.00,463526,1220170,540.46,550.45,1090.91,551,541,0.00,0.00,0,0
1544349607,2005-eth2,0.00,0.00,0.00,0,0,0.00,0.00,0.00,0,0,0.00,0.00,0,0
1544349607,2006-eth4,17264.74,171062.94,188327.67,171234,17282,180.82,176.82,357.64,177,181,0.00,0.00,0,0
1544349607,3006-eth2,171062.94,17264.74,188327.67,17282,171234,176.82,180.82,357.64,181,177,0.00,0.00,0,0
1544349607,1003-eth4,0.00,0.00,0.00,0,0,0.00,0.00,0.00,0,0,0.00,0.00,0,0
1544349607,2006-eth2,9692.31,9692.31,19384.62,9702,9702,98.90,98.90,197.80,99,99,0.00,0.00,0,0
1544349607,3001-eth1,0.00,0.00,0.00,0,0,0.00,0.00,0.00,0,0,0.00,0.00,0,0
1544349607,3008-eth2,5874.13,5874.13,11748.25,5880,5880,59.94,59.94,119.88,60,60,0.00,0.00,0,0
1544349607,2004-eth3,11056.94,423852.16,434909.09,424276,11068,157.84,165.83,323.68,166,158,0.00,0.00,0,0
1544349607,3001-eth4,1222155.88,1222225.75,2444381.75,1223448,1223378,808.19,809.19,1617.38,810,809,0.00,0.00,0,0
1544349607,1003-eth1,0.00,0.00,0.00,0,0,0.00,0.00,0.00,0,0,0.00,0.00,0,0
1544349607,3002-eth2,5776.22,5776.22,11552.45,5782,5782,58.94,58.94,117.88,59,59,0.00,0.00,0,0
1544349607,2005-eth4,23716.29,523618.41,547334.69,524142,23740,273.73,274.73,548.45,275,274,0.00,0.00,0,0
1544349607,3003-eth2,423852.16,11056.94,434909.09,11068,424276,165.83,157.84,323.68,158,166,0.00,0.00,0,0
1544349607,2007-eth1,449922.09,510739.28,960661.38,511250,450372,341.66,320.68,662.34,321,342,0.00,0.00,0,0
1544349607,1002-eth4,0.00,0.00,0.00,0,0,0.00,0.00,0.00,0,0,0.00,0.00,0,0
1544349607,3002-eth4,25272.73,841132.88,866405.62,841974,25298,344.66,366.63,711.29,367,345,0.00,0.00,0,0
1544349607,2007-eth3,500341.69,11274.73,511616.41,11286,500842,172.83,170.83,343.66,171,173,0.00,0.00,0,0
1544349607,3005-eth1,813011.00,707472.56,1520483.50,708180,813824,603.40,593.41,1196.80,594,604,0.00,0.00,0,0
1544349607,2001-eth4,449922.09,507714.31,957636.38,508222,450372,341.66,318.68,660.34,319,342,0.00,0.00,0,0
1544349607,3003-eth4,34205.80,1224591.50,1258797.25,1225816,34240,479.52,499.50,979.02,500,480,0.00,0.00,0,0
1544349607,2004-eth1,0.00,0.00,0.00,0,0,0.00,0.00,0.00,0,0,0.00,0.00,0,0
1544349607,3006-eth4,15208.79,169007.00,184215.80,169176,15224,159.84,155.84,315.68,156,160,0.00,0.00,0,0
1544349607,3007-eth1,11274.73,500341.69,511616.41,500842,11286,170.83,172.83,343.66,173,171,0.00,0.00,0,0
1544349607,2008-eth1,0.00,0.00,0.00,0,0,0.00,0.00,0.00,0,0,0.00,0.00,0,0
1544349607,2002-eth2,5776.22,5776.22,11552.45,5782,5782,58.94,58.94,117.88,59,59,0.00,0.00,0,0
1544349607,2003-eth1,191686.31,797204.81,988891.12,798002,191878,398.60,410.59,809.19,411,399,0.00,0.00,0,0
1544349607,3008-eth4,34205.80,1217226.75,1251432.62,1218444,34240,479.52,497.50,977.02,498,480,0.00,0.00,0,0
1544349607,1004-eth4,5874.13,5874.13,11748.25,5880,5880,59.94,59.94,119.88,60,60,0.00,0.00,0,0
1544349607,3006-eth1,523618.41,23716.29,547334.69,23740,524142,274.73,273.73,548.45,274,275,0.00,0.00,0,0
1544349607,1004-eth3,9692.31,9692.31,19384.62,9702,9702,98.90,98.90,197.80,99,99,0.00,0.00,0,0
1544349607,1002-eth2,0.00,0.00,0.00,0,0,0.00,0.00,0.00,0,0,0.00,0.00,0,0
1544349607,3004-eth3,1199876.12,194911.09,1394787.25,195106,1201076,491.51,476.52,968.03,477,492,0.00,0.00,0,0
1544349607,2003-eth3,5874.13,5874.13,11748.25,5880,5880,59.94,59.94,119.88,60,60,0.00,0.00,0,0
1544349607,2005-eth1,793288.75,187770.23,981058.94,187958,794082,370.63,358.64,729.27,359,371,0.00,0.00,0,0
1544349607,3002-eth3,1226323.75,523294.72,1749618.38,523818,1227550,586.41,564.44,1150.85,565,587,0.00,0.00,0,0
1544349607,3006-eth3,29492.51,529394.62,558887.12,529924,29522,332.67,333.67,666.33,334,333,0.00,0.00,0,0
1544349607,2001-eth1,510673.34,449922.09,960595.44,450372,511184,319.68,341.66,661.34,342,320,0.00,0.00,0,0
1544349607,3005-eth2,7572.43,161370.64,168943.06,161532,7580,81.92,77.92,159.84,78,82,0.00,0.00,0,0
1544349607,2001-eth2,0.00,0.00,0.00,0,0,0.00,0.00,0.00,0,0,0.00,0.00,0,0
1544349607,3007-eth2,0.00,0.00,0.00,0,0,0.00,0.00,0.00,0,0,0.00,0.00,0,0
1544349607,1001-eth1,449922.09,510673.34,960595.44,511184,450372,341.66,319.68,661.34,320,342,0.00,0.00,0,0
1544349607,3007-eth4,1219456.62,1219196.88,2438653.50,1220416,1220676,789.21,807.19,1596.40,808,790,0.00,0.00,0,0
1544349607,2003-eth2,0.00,0.00,0.00,0,0,0.00,0.00,0.00,0,0,0.00,0.00,0,0
1544349607,3007-eth3,1207856.12,705440.56,1913296.75,706146,1209064,635.36,628.37,1263.74,629,636,0.00,0.00,0,0
1544349607,1002-eth1,0.00,0.00,0.00,0,0,0.00,0.00,0.00,0,0,0.00,0.00,0,0
1544349607,2002-eth3,0.00,0.00,0.00,0,0,0.00,0.00,0.00,0,0,0.00,0.00,0,0
1544349607,2007-eth2,0.00,0.00,0.00,0,0,0.00,0.00,0.00,0,0,0.00,0.00,0,0
1544349607,total,23675850.00,23384570.00,47060420.00,23407954,23699526,17853.15,17911.09,35764.24,17929,17871,0.00,0.00,0,0
1544349608,3003-eth3,1219982.00,464617.41,1684599.50,465082,1221202,556.44,552.45,1108.89,553,557,0.00,0.00,0,0
1544349608,2002-eth1,0.00,0.00,0.00,0,0,0.00,0.00,0.00,0,0,0.00,0.00,0,0
1544349608,lo,1198.80,1198.80,2397.60,1200,1200,19.98,19.98,39.96,20,20,0.00,0.00,0,0
1544349608,3005-eth3,1225620.38,1218549.50,2444170.00,1219768,1226846,1057.94,931.07,1989.01,932,1059,0.00,0.00,0,0
1544349608,2005-eth3,911320.69,828367.62,1739688.38,829196,912232,679.32,701.30,1380.62,702,680,0.00,0.00,0,0
1544349608,3004-eth4,1220115.88,1219106.88,2439222.75,1220326,1221336,799.20,806.19,1605.39,807,800,0.00,0.00,0,0
1544349608,1004-eth2,1958.04,1958.04,3916.08,1960,1960,19.98,19.98,39.96,20,20,0.00,0.00,0,0
1544349608,2004-eth4,438135.88,8967.03,447102.91,8976,438574,150.85,135.86,286.71,136,151,0.00,0.00,0,0
1544349608,1001-eth2,810797.25,312813.19,1123610.38,313126,811608,473.53,458.54,932.07,459,474,0.00,0.00,0,0
1544349608,1003-eth3,0.00,0.00,0.00,0,0,0.00,0.00,0.00,0,0,0.00,0.00,0,0
1544349608,2002-eth4,5776.22,5776.22,11552.45,5782,5782,58.94,58.94,117.88,59,59,0.00,0.00,0,0
1544349608,1001-eth4,540923.06,448145.88,989068.94,448594,541464,339.66,336.66,676.32,337,340,0.00,0.00,0,0
1544349608,3001-eth2,0.00,0.00,0.00,0,0,0.00,0.00,0.00,0,0,0.00,0.00,0,0
1544349608,1004-eth1,5776.22,5776.22,11552.45,5782,5782,58.94,58.94,117.88,59,59,0.00,0.00,0,0
1544349608,3005-eth4,1192277.75,819001.00,2011278.75,819820,1193470,662.34,661.34,1323.68,662,663,0.00,0.00,0,0
1544349608,1003-eth2,0.00,0.00,0.00,0,0,0.00,0.00,0.00,0,0,0.00,0.00,0,0
1544349608,3008-eth1,437134.88,10991.01,448125.88,11002,437572,169.83,156.84,326.67,157,170,0.00,0.00,0,0
1544349608,1002-eth3,0.00,0.00,0.00,0,0,0.00,0.00,0.00,0,0,0.00,0.00,0,0
1544349608,2006-eth1,0.00,0.00,0.00,0,0,0.00,0.00,0.00,0,0,0.00,0.00,0,0
1544349608,3003-eth1,5916.08,5916.08,11832.17,5922,5922,60.94,60.94,121.88,61,61,0.00,0.00,0,0
1544349608,2001-eth3,0.00,0.00,0.00,0,0,0.00,0.00,0.00,0,0,0.00,0.00,0,0
1544349608,2008-eth2,5874.13,5874.13,11748.25,5880,5880,59.94,59.94,119.88,60,60,0.00,0.00,0,0
1544349608,2008-eth3,0.00,0.00,0.00,0,0,0.00,0.00,0.00,0,0,0.00,0.00,0,0
1544349608,1001-eth3,308897.12,806881.12,1115778.25,807688,309206,418.58,433.57,852.15,434,419,0.00,0.00,0,0
1544349608,2007-eth4,10991.01,437134.88,448125.88,437572,11002,156.84,169.83,326.67,170,157,0.00,0.00,0,0
1544349608,2004-eth2,1958.04,1958.04,3916.08,1960,1960,19.98,19.98,39.96,20,20,0.00,0.00,0,0
1544349608,3002-eth1,540923.06,448145.88,989068.94,448594,541464,339.66,336.66,676.32,337,340,0.00,0.00,0,0
1544349608,3004-eth1,306981.03,804965.06,1111946.12,805770,307288,399.60,414.59,814.19,415,400,0.00,0.00,0,0
1544349608,2006-eth3,214963.05,8267.73,223230.78,8276,215178,100.90,97.90,198.80,98,101,0.00,0.00,0,0
1544349608,3004-eth2,8967.03,438135.88,447102.91,438574,8976,135.86,150.85,286.71,151,136,0.00,0.00,0,0
1544349608,3001-eth3,1216563.50,1217878.12,2434441.50,1219096,1217780,789.21,787.21,1576.42,788,790,0.00,0.00,0,0
1544349608,2003-eth4,804965.06,306981.03,1111946.12,307288,805770,414.59,399.60,814.19,400,415,0.00,0.00,0,0
1544349608,2008-eth4,5874.13,5874.13,11748.25,5880,5880,59.94,59.94,119.88,60,60,0.00,0.00,0,0
1544349608,3008-eth3,1219808.25,461616.41,1681424.62,462078,1221028,553.45,550.45,1103.90,551,554,0.00,0.00,0,0
1544349608,2005-eth2,0.00,0.00,0.00,0,0,0.00,0.00,0.00,0,0,0.00,0.00,0,0
1544349608,2006-eth4,17960.04,224655.34,242615.39,224880,17978,196.80,199.80,396.60,200,197,0.00,0.00,0,0
1544349608,3006-eth2,224655.34,17960.04,242615.39,17978,224880,199.80,196.80,396.60,197,200,0.00,0.00,0,0
1544349608,1003-eth4,0.00,0.00,0.00,0,0,0.00,0.00,0.00,0,0,0.00,0.00,0,0
1544349608,2006-eth2,9692.31,9692.31,19384.62,9702,9702,98.90,98.90,197.80,99,99,0.00,0.00,0,0
1544349608,3001-eth1,0.00,0.00,0.00,0,0,0.00,0.00,0.00,0,0,0.00,0.00,0,0
1544349608,3008-eth2,5874.13,5874.13,11748.25,5880,5880,59.94,59.94,119.88,60,60,0.00,0.00,0,0
1544349608,2004-eth3,10925.08,440093.91,451019.00,440534,10936,155.84,170.83,326.67,171,156,0.00,0.00,0,0
1544349608,3001-eth4,1220903.12,1215051.00,2435954.00,1216266,1222124,789.21,788.21,1577.42,789,790,0.00,0.00,0,0
1544349608,1003-eth1,0.00,0.00,0.00,0,0,0.00,0.00,0.00,0,0,0.00,0.00,0,0
1544349608,3002-eth2,5776.22,5776.22,11552.45,5782,5782,58.94,58.94,117.88,59,59,0.00,0.00,0,0
1544349608,2005-eth4,25402.60,607918.12,633320.69,608526,25428,307.69,302.70,610.39,303,308,0.00,0.00,0,0
1544349608,3003-eth2,440093.91,10925.08,451019.00,10936,440534,170.83,155.84,326.67,156,171,0.00,0.00,0,0
1544349608,2007-eth1,448145.88,540923.06,989068.94,541464,448594,336.66,339.66,676.32,340,337,0.00,0.00,0,0
1544349608,1002-eth4,0.00,0.00,0.00,0,0,0.00,0.00,0.00,0,0,0.00,0.00,0,0
1544349608,3002-eth4,24943.06,821866.12,846809.19,822688,24968,339.66,359.64,699.30,360,340,0.00,0.00,0,0
1544349608,2007-eth3,529932.06,11010.99,540943.06,11022,530462,182.82,166.83,349.65,167,183,0.00,0.00,0,0
1544349608,3005-eth1,828367.62,911320.69,1739688.38,912232,829196,701.30,679.32,1380.62,680,702,0.00,0.00,0,0
1544349608,2001-eth4,448145.88,540923.06,989068.94,541464,448594,336.66,339.66,676.32,340,337,0.00,0.00,0,0
1544349608,3003-eth4,34205.80,1218673.38,1252879.12,1219892,34240,479.52,497.50,977.02,498,480,0.00,0.00,0,0
1544349608,2004-eth1,0.00,0.00,0.00,0,0,0.00,0.00,0.00,0,0,0.00,0.00,0,0
1544349608,3006-eth4,16002.00,222697.31,238699.31,222920,16018,176.82,179.82,356.64,180,177,0.00,0.00,0,0
1544349608,3007-eth1,11010.99,529932.06,540943.06,530462,11022,166.83,182.82,349.65,183,167,0.00,0.00,0,0
1544349608,2008-eth1,0.00,0.00,0.00,0,0,0.00,0.00,0.00,0,0,0.00,0.00,0,0
1544349608,2002-eth2,5776.22,5776.22,11552.45,5782,5782,58.94,58.94,117.88,59,59,0.00,0.00,0,0
1544349608,2003-eth1,312813.19,810797.25,1123610.38,811608,313126,458.54,473.53,932.07,474,459,0.00,0.00,0,0
1544349608,3008-eth4,34271.73,1218673.38,1252945.12,1219892,34306,480.52,497.50,978.02,498,481,0.00,0.00,0,0
1544349608,1004-eth4,5874.13,5874.13,11748.25,5880,5880,59.94,59.94,119.88,60,60,0.00,0.00,0,0
1544349608,3006-eth1,607918.12,25402.60,633320.69,25428,608526,302.70,307.69,610.39,308,303,0.00,0.00,0,0
1544349608,1004-eth3,9692.31,9692.31,19384.62,9702,9702,98.90,98.90,197.80,99,99,0.00,0.00,0,0
1544349608,1002-eth2,0.00,0.00,0.00,0,0,0.00,0.00,0.00,0,0,0.00,0.00,0,0
1544349608,3004-eth3,1204591.50,315906.09,1520497.50,316222,1205796,551.45,534.47,1085.91,535,552,0.00,0.00,0,0
1544349608,2003-eth3,5916.08,5916.08,11832.17,5922,5922,60.94,60.94,121.88,61,61,0.00,0.00,0,0
1544349608,2005-eth1,806881.12,308897.12,1115778.25,309206,807688,433.57,418.58,852.15,419,434,0.00,0.00,0,0
1544349608,3002-eth3,1215736.25,556239.75,1771976.12,556796,1216952,579.42,581.42,1160.84,582,580,0.00,0.00,0,0
1544349608,3006-eth3,31080.92,613596.44,644677.31,614210,31112,365.63,360.64,726.27,361,366,0.00,0.00,0,0
1544349608,2001-eth1,540923.06,448145.88,989068.94,448594,541464,339.66,336.66,676.32,337,340,0.00,0.00,0,0
1544349608,3005-eth2,8267.73,214963.05,223230.78,215178,8276,97.90,100.90,198.80,101,98,0.00,0.00,0,0
1544349608,2001-eth2,0.00,0.00,0.00,0,0,0.00,0.00,0.00,0,0,0.00,0.00,0,0
1544349608,3007-eth2,0.00,0.00,0.00,0,0,0.00,0.00,0.00,0,0,0.00,0.00,0,0
1544349608,1001-eth1,448145.88,540923.06,989068.94,541464,448594,336.66,339.66,676.32,340,337,0.00,0.00,0,0
1544349608,3007-eth4,1220775.25,1218999.00,2439774.25,1220218,1221996,809.19,804.20,1613.39,805,810,0.00,0.00,0,0
1544349608,2003-eth2,0.00,0.00,0.00,0,0,0.00,0.00,0.00,0,0,0.00,0.00,0,0
1544349608,3007-eth3,1208054.00,718723.31,1926777.25,719442,1209262,638.36,632.37,1270.73,633,639,0.00,0.00,0,0
1544349608,1002-eth1,0.00,0.00,0.00,0,0,0.00,0.00,0.00,0,0,0.00,0.00,0,0
1544349608,2002-eth3,0.00,0.00,0.00,0,0,0.00,0.00,0.00,0,0,0.00,0.00,0,0
1544349608,2007-eth2,0.00,0.00,0.00,0,0,0.00,0.00,0.00,0,0,0.00,0.00,0,0
1544349608,total,24632452.00,24648716.00,49281168.00,24673364,24657084,18987.01,18883.12,37870.13,18902,19006,0.00,0.00,0,0
1544349609,3003-eth3,1217112.88,483710.31,1700823.25,484194,1218330,556.44,556.44,1112.89,557,557,0.00,0.00,0,0
1544349609,2002-eth1,0.00,0.00,0.00,0,0,0.00,0.00,0.00,0,0,0.00,0.00,0,0
1544349609,lo,0.00,0.00,0.00,0,0,0.00,0.00,0.00,0,0,0.00,0.00,0,0
1544349609,3005-eth3,1227842.25,1220747.25,2448589.50,1221968,1229070,982.02,873.13,1855.14,874,983,0.00,0.00,0,0
1544349609,2005-eth3,855156.88,824909.12,1680066.00,825734,856012,617.38,662.34,1279.72,663,618,0.00,0.00,0,0
1544349609,3004-eth4,1219762.25,1219130.88,2438893.25,1220350,1220982,794.21,806.19,1600.40,807,795,0.00,0.00,0,0
1544349609,1004-eth2,1958.04,1958.04,3916.08,1960,1960,19.98,19.98,39.96,20,20,0.00,0.00,0,0
1544349609,2004-eth4,457402.62,9296.70,466699.31,9306,457860,157.84,140.86,298.70,141,158,0.00,0.00,0,0
1544349609,1001-eth2,808549.50,361564.44,1170113.88,361926,809358,430.57,430.57,861.14,431,431,0.00,0.00,0,0
1544349609,1003-eth3,0.00,0.00,0.00,0,0,0.00,0.00,0.00,0,0,0.00,0.00,0,0
1544349609,2002-eth4,5874.13,5874.13,11748.25,5880,5880,59.94,59.94,119.88,60,60,0.00,0.00,0,0
1544349609,1001-eth4,518961.06,455906.09,974867.19,456362,519480,335.66,344.66,680.32,345,336,0.00,0.00,0,0
1544349609,3001-eth2,0.00,0.00,0.00,0,0,0.00,0.00,0.00,0,0,0.00,0.00,0,0
1544349609,1004-eth1,5874.13,5874.13,11748.25,5880,5880,59.94,59.94,119.88,60,60,0.00,0.00,0,0
1544349609,3005-eth4,1200957.12,822157.88,2023115.00,822980,1202158,662.34,665.33,1327.67,666,663,0.00,0.00,0,0
1544349609,1003-eth2,0.00,69.93,69.93,70,0,0.00,1.00,1.00,1,0,0.00,0.00,0,0
1544349609,3008-eth1,444565.44,11324.68,455890.12,11336,445010,172.83,161.84,334.67,162,173,0.00,0.00,0,0
1544349609,1002-eth3,0.00,0.00,0.00,0,0,0.00,0.00,0.00,0,0,0.00,0.00,0,0
1544349609,2006-eth1,0.00,0.00,0.00,0,0,0.00,0.00,0.00,0,0,0.00,0.00,0,0
1544349609,3003-eth1,5776.22,5776.22,11552.45,5782,5782,58.94,58.94,117.88,59,59,0.00,0.00,0,0
1544349609,2001-eth3,0.00,0.00,0.00,0,0,0.00,0.00,0.00,0,0,0.00,0.00,0,0
1544349609,2008-eth2,5776.22,5874.13,11650.35,5880,5782,58.94,59.94,118.88,60,59,0.00,0.00,0,0
1544349609,2008-eth3,0.00,0.00,0.00,0,0,0.00,0.00,0.00,0,0,0.00,0.00,0,0
1544349609,1001-eth3,357648.38,804633.38,1162281.75,805438,358006,390.61,390.61,781.22,391,391,0.00,0.00,0,0
1544349609,2007-eth4,11324.68,444565.44,455890.12,445010,11336,161.84,172.83,334.67,173,162,0.00,0.00,0,0
1544349609,2004-eth2,1958.04,1958.04,3916.08,1960,1960,19.98,19.98,39.96,20,20,0.00,0.00,0,0
1544349609,3002-eth1,518961.06,455906.09,974867.19,456362,519480,335.66,344.66,680.32,345,336,0.00,0.00,0,0
1544349609,3004-eth1,355788.22,802773.25,1158561.50,803576,356144,371.63,371.63,743.26,372,372,0.00,0.00,0,0
1544349609,2006-eth3,244417.59,5046.95,249464.55,5052,244662,86.91,75.92,162.84,76,87,0.00,0.00,0,0
1544349609,3004-eth2,9296.70,457402.62,466699.31,457860,9306,140.86,157.84,298.70,158,141,0.00,0.00,0,0
1544349609,3001-eth3,1215636.38,1215768.25,2431404.75,1216984,1216852,753.25,755.24,1508.49,756,754,0.00,0.00,0,0
1544349609,2003-eth4,802773.25,355788.22,1158561.50,356144,803576,371.63,371.63,743.26,372,372,0.00,0.00,0,0
1544349609,2008-eth4,5874.13,5846.15,11720.28,5852,5880,59.94,59.94,119.88,60,60,0.00,0.00,0,0
1544349609,3008-eth3,1217178.88,468915.09,1686094.00,469384,1218396,557.44,551.45,1108.89,552,558,0.00,0.00,0,0
1544349609,2005-eth2,0.00,0.00,0.00,0,0,0.00,0.00,0.00,0,0,0.00,0.00,0,0
1544349609,2006-eth4,14739.26,254207.80,268947.06,254462,14754,174.83,186.81,361.64,187,175,0.00,0.00,0,0
1544349609,3006-eth2,254207.80,14739.26,268947.06,14754,254462,186.81,174.83,361.64,175,187,0.00,0.00,0,0
1544349609,1003-eth4,0.00,0.00,0.00,0,0,0.00,0.00,0.00,0,0,0.00,0.00,0,0
1544349609,2006-eth2,9790.21,9692.31,19482.52,9702,9800,99.90,98.90,198.80,99,100,0.00,0.00,0,0
1544349609,3001-eth1,0.00,0.00,0.00,0,0,0.00,0.00,0.00,0,0,0.00,0.00,0,0
1544349609,3008-eth2,5846.15,5874.13,11720.28,5880,5852,59.94,59.94,119.88,60,60,0.00,0.00,0,0
1544349609,2004-eth3,11324.68,459360.66,470685.31,459820,11336,161.84,177.82,339.66,178,162,0.00,0.00,0,0
1544349609,3001-eth4,1215768.25,1218595.50,2434363.75,1219814,1216984,755.24,754.25,1509.49,755,756,0.00,0.00,0,0
1544349609,1003-eth1,0.00,0.00,0.00,0,0,0.00,0.00,0.00,0,0,0.00,0.00,0,0
1544349609,3002-eth2,5874.13,5874.13,11748.25,5880,5880,59.94,59.94,119.88,60,60,0.00,0.00,0,0
1544349609,2005-eth4,23930.07,499716.31,523646.38,500216,23954,308.69,263.74,572.43,264,309,0.00,0.00,0,0
1544349609,3003-eth2,459360.66,11324.68,470685.31,11336,459820,177.82,161.84,339.66,162,178,0.00,0.00,0,0
1544349609,2007-eth1,455906.09,518961.06,974867.19,519480,456362,344.66,335.66,680.32,336,345,0.00,0.00,0,0
1544349609,1002-eth4,69.93,0.00,69.93,0,70,1.00,0.00,1.00,0,1,0.00,0.00,0,0
1544349609,3002-eth4,24909.09,801250.75,826159.88,802052,24934,338.66,353.65,692.31,354,339,0.00,0.00,0,0
1544349609,2007-eth3,507706.31,11340.66,519046.97,11352,508214,174.83,171.83,346.65,172,175,0.00,0.00,0,0
1544349609,3005-eth1,824909.12,855156.88,1680066.00,856012,825734,662.34,617.38,1279.72,618,663,0.00,0.00,0,0
1544349609,2001-eth4,455906.09,518961.06,974867.19,519480,456362,344.66,335.66,680.32,336,345,0.00,0.00,0,0
1544349609,3003-eth4,34041.96,1220088.00,1254129.88,1221308,34076,477.52,497.50,975.03,498,478,0.00,0.00,0,0
1544349609,2004-eth1,69.93,0.00,69.93,0,70,1.00,0.00,1.00,0,1,0.00,0.00,0,0
1544349609,3006-eth4,12879.12,255208.80,268087.91,255464,12892,155.84,167.83,323.68,168,156,0.00,0.00,0,0
1544349609,3007-eth1,11340.66,507706.31,519046.97,508214,11352,171.83,174.83,346.65,175,172,0.00,0.00,0,0
1544349609,2008-eth1,0.00,0.00,0.00,0,0,0.00,0.00,0.00,0,0,0.00,0.00,0,0
1544349609,2002-eth2,5874.13,5874.13,11748.25,5880,5880,59.94,59.94,119.88,60,60,0.00,0.00,0,0
1544349609,2003-eth1,361564.44,808549.50,1170113.88,809358,361926,430.57,430.57,861.14,431,431,0.00,0.00,0,0
1544349609,3008-eth4,34139.86,1218575.50,1252715.38,1219794,34174,478.52,496.50,975.03,497,479,0.00,0.00,0,0
1544349609,1004-eth4,5874.13,5776.22,11650.35,5782,5880,59.94,58.94,118.88,59,60,0.00,0.00,0,0
1544349609,3006-eth1,499716.31,23930.07,523646.38,23954,500216,263.74,308.69,572.43,309,264,0.00,0.00,0,0
1544349609,1004-eth3,9692.31,9790.21,19482.52,9800,9702,98.90,99.90,198.80,100,99,0.00,0.00,0,0
1544349609,1002-eth2,0.00,0.00,0.00,0,0,0.00,0.00,0.00,0,0,0.00,0.00,0,0
1544349609,3004-eth3,1199482.50,365019.00,1564501.50,365384,1200682,508.49,511.49,1019.98,512,509,0.00,0.00,0,0
1544349609,2003-eth3,5776.22,5776.22,11552.45,5782,5782,58.94,58.94,117.88,59,59,0.00,0.00,0,0
1544349609,2005-eth1,804633.38,357648.38,1162281.75,358006,805438,390.61,390.61,781.22,391,391,0.00,0.00,0,0
1544349609,3002-eth3,1216919.12,534014.00,1750933.12,534548,1218136,575.42,573.43,1148.85,574,576,0.00,0.00,0,0
1544349609,3006-eth3,29706.29,505590.44,535296.69,506096,29736,367.63,323.68,691.31,324,368,0.00,0.00,0,0
1544349609,2001-eth1,518961.06,455906.09,974867.19,456362,519480,335.66,344.66,680.32,345,336,0.00,0.00,0,0
1544349609,3005-eth2,5046.95,244417.59,249464.55,244662,5052,75.92,86.91,162.84,87,76,0.00,0.00,0,0
1544349609,2001-eth2,69.93,0.00,69.93,0,70,1.00,0.00,1.00,0,1,0.00,0.00,0,0
1544349609,3007-eth2,0.00,0.00,0.00,0,0,0.00,0.00,0.00,0,0,0.00,0.00,0,0
1544349609,1001-eth1,455906.09,518961.06,974867.19,519480,456362,344.66,335.66,680.32,336,345,0.00,0.00,0,0
1544349609,3007-eth4,1218207.88,1219130.88,2437338.75,1220350,1219426,792.21,806.19,1598.40,807,793,0.00,0.00,0,0
1544349609,2003-eth2,0.00,0.00,0.00,0,0,0.00,0.00,0.00,0,0,0.00,0.00,0,0
1544349609,3007-eth3,1207790.25,709846.19,1917636.38,710556,1208998,634.37,629.37,1263.74,630,635,0.00,0.00,0,0
1544349609,1002-eth1,0.00,69.93,69.93,70,0,0.00,1.00,1.00,1,0,0.00,0.00,0,0
1544349609,2002-eth3,0.00,0.00,0.00,0,0,0.00,0.00,0.00,0,0,0.00,0.00,0,0
1544349609,2007-eth2,0.00,69.93,69.93,70,0,0.00,1.00,1.00,1,0,0.00,0.00,0,0
1544349609,total,24624366.00,24609780.00,49234148.00,24634390,24648990,18350.65,18282.72,36633.37,18301,18369,0.00,0.00,0,0
1544349610,3003-eth3,1223162.88,501596.41,1724759.25,502098,1224386,560.44,564.44,1124.88,565,561,0.00,0.00,0,0
1544349610,2002-eth1,0.00,0.00,0.00,0,0,0.00,0.00,0.00,0,0,0.00,0.00,0,0
1544349610,lo,1198.80,1198.80,2397.60,1200,1200,19.98,19.98,39.96,20,20,0.00,0.00,0,0
1544349610,3005-eth3,1224603.38,1221562.50,2446166.00,1222784,1225828,889.11,799.20,1688.31,800,890,0.00,0.00,0,0
1544349610,2005-eth3,1032159.88,822603.44,1854763.25,823426,1033192,603.40,584.42,1187.81,585,604,0.00,0.00,0,0
1544349610,3004-eth4,1222481.50,1222090.00,2444571.50,1223312,1223704,791.21,807.19,1598.40,808,792,0.00,0.00,0,0
1544349610,1004-eth2,1958.04,1958.04,3916.08,1960,1960,19.98,19.98,39.96,20,20,0.00,0.00,0,0
1544349610,2004-eth4,475156.84,9428.57,484585.44,9438,475632,163.84,142.86,306.69,143,164,0.00,0.00,0,0
1544349610,1001-eth2,816411.62,432547.47,1248959.12,432980,817228,461.54,453.55,915.08,454,462,0.00,0.00,0,0
1544349610,1003-eth3,0.00,0.00,0.00,0,0,0.00,0.00,0.00,0,0,0.00,0.00,0,0
1544349610,2002-eth4,5720.28,5720.28,11440.56,5726,5726,58.94,58.94,117.88,59,59,0.00,0.00,0,0
1544349610,1001-eth4,541252.75,451302.72,992555.50,451754,541794,344.66,340.66,685.31,341,345,0.00,0.00,0,0
1544349610,3001-eth2,0.00,0.00,0.00,0,0,0.00,0.00,0.00,0,0,0.00,0.00,0,0
1544349610,1004-eth1,5720.28,5720.28,11440.56,5726,5726,58.94,58.94,117.88,59,59,0.00,0.00,0,0
1544349610,3005-eth4,1214107.88,828405.62,2042513.50,829234,1215322,664.34,672.33,1336.66,673,665,0.00,0.00,0,0
1544349610,1003-eth2,0.00,0.00,0.00,0,0,0.00,0.00,0.00,0,0,0.00,0.00,0,0
1544349610,3008-eth1,440093.91,11320.68,451414.59,11332,440534,170.83,161.84,332.67,162,171,0.00,0.00,0,0
1544349610,1002-eth3,0.00,0.00,0.00,0,0,0.00,0.00,0.00,0,0,0.00,0.00,0,0
1544349610,2006-eth1,0.00,0.00,0.00,0,0,0.00,0.00,0.00,0,0,0.00,0.00,0,0
1544349610,3003-eth1,5874.13,5874.13,11748.25,5880,5880,59.94,59.94,119.88,60,60,0.00,0.00,0,0
1544349610,2001-eth3,0.00,0.00,0.00,0,0,0.00,0.00,0.00,0,0,0.00,0.00,0,0
1544349610,2008-eth2,5818.18,5818.18,11636.36,5824,5824,59.94,59.94,119.88,60,60,0.00,0.00,0,0
1544349610,2008-eth3,0.00,0.00,0.00,0,0,0.00,0.00,0.00,0,0,0.00,0.00,0,0
1544349610,1001-eth3,428631.38,812495.50,1241126.88,813308,429060,413.59,421.58,835.16,422,414,0.00,0.00,0,0
1544349610,2007-eth4,11320.68,440093.91,451414.59,440534,11332,161.84,170.83,332.67,171,162,0.00,0.00,0,0
1544349610,2004-eth2,1958.04,1958.04,3916.08,1960,1960,19.98,19.98,39.96,20,20,0.00,0.00,0,0
1544349610,3002-eth1,541252.75,451302.72,992555.50,451754,541794,344.66,340.66,685.31,341,345,0.00,0.00,0,0
1544349610,3004-eth1,426673.34,810537.50,1237210.88,811348,427100,393.61,401.60,795.20,402,394,0.00,0.00,0,0
1544349610,2006-eth3,254609.39,5208.79,259818.19,5214,254864,87.91,78.92,166.83,79,88,0.00,0.00,0,0
1544349610,3004-eth2,9428.57,475156.84,484585.44,475632,9438,142.86,163.84,306.69,164,143,0.00,0.00,0,0
1544349610,3001-eth3,1221364.62,1221430.62,2442795.25,1222652,1222586,796.20,797.20,1593.41,798,797,0.00,0.00,0,0
1544349610,2003-eth4,810537.50,426673.34,1237210.88,427100,811348,401.60,393.61,795.20,394,402,0.00,0.00,0,0
1544349610,2008-eth4,5818.18,5818.18,11636.36,5824,5824,59.94,59.94,119.88,60,60,0.00,0.00,0,0
1544349610,3008-eth3,1223204.88,464617.41,1687822.25,465082,1224428,561.44,552.45,1113.89,553,562,0.00,0.00,0,0
1544349610,2005-eth2,0.00,0.00,0.00,0,0,0.00,0.00,0.00,0,0,0.00,0.00,0,0
1544349610,2006-eth4,14705.29,264105.91,278811.19,264370,14720,175.82,184.82,360.64,185,176,0.00,0.00,0,0
1544349610,3006-eth2,264105.91,14705.29,278811.19,14720,264370,184.82,175.82,360.64,176,185,0.00,0.00,0,0
1544349610,1003-eth4,0.00,0.00,0.00,0,0,0.00,0.00,0.00,0,0,0.00,0.00,0,0
1544349610,2006-eth2,9496.50,9496.50,18993.01,9506,9506,96.90,96.90,193.81,97,97,0.00,0.00,0,0
1544349610,3001-eth1,0.00,0.00,0.00,0,0,0.00,0.00,0.00,0,0,0.00,0.00,0,0
1544349610,3008-eth2,5818.18,5818.18,11636.36,5824,5824,59.94,59.94,119.88,60,60,0.00,0.00,0,0
1544349610,2004-eth3,11386.61,477114.91,488501.50,477592,11398,162.84,183.82,346.65,184,163,0.00,0.00,0,0
1544349610,3001-eth4,1221364.62,1224455.62,2445820.25,1225680,1222586,796.20,799.20,1595.40,800,797,0.00,0.00,0,0
1544349610,1003-eth1,0.00,0.00,0.00,0,0,0.00,0.00,0.00,0,0,0.00,0.00,0,0
1544349610,3002-eth2,5720.28,5720.28,11440.56,5726,5726,58.94,58.94,117.88,59,59,0.00,0.00,0,0
1544349610,2005-eth4,14089.91,607378.62,621468.56,607986,14104,203.80,228.77,432.57,229,204,0.00,0.00,0,0
1544349610,3003-eth2,477114.91,11386.61,488501.50,11398,477592,183.82,162.84,346.65,163,184,0.00,0.00,0,0
1544349610,2007-eth1,451302.72,541252.75,992555.50,541794,451754,340.66,344.66,685.31,345,341,0.00,0.00,0,0
1544349610,1002-eth4,0.00,0.00,0.00,0,0,0.00,0.00,0.00,0,0,0.00,0.00,0,0
1544349610,3002-eth4,24689.31,795178.81,819868.12,795974,24714,336.66,350.65,687.31,351,337,0.00,0.00,0,0
1544349610,2007-eth3,529932.06,11208.79,541140.88,11220,530462,182.82,169.83,352.65,170,183,0.00,0.00,0,0
1544349610,3005-eth1,822603.44,1032159.88,1854763.25,1033192,823426,584.42,603.40,1187.81,604,585,0.00,0.00,0,0
1544349610,2001-eth4,451302.72,541252.75,992555.50,541794,451754,340.66,344.66,685.31,345,341,0.00,0.00,0,0
1544349610,3003-eth4,34271.73,1221632.38,1255904.12,1222854,34306,480.52,498.50,979.02,499,481,0.00,0.00,0,0
1544349610,2004-eth1,0.00,0.00,0.00,0,0,0.00,0.00,0.00,0,0,0.00,0.00,0,0
1544349610,3006-eth4,12747.25,259286.72,272033.97,259546,12760,155.84,164.84,320.68,165,156,0.00,0.00,0,0
1544349610,3007-eth1,11208.79,529932.06,541140.88,530462,11220,169.83,182.82,352.65,183,170,0.00,0.00,0,0
1544349610,2008-eth1,0.00,0.00,0.00,0,0,0.00,0.00,0.00,0,0,0.00,0.00,0,0
1544349610,2002-eth2,5720.28,5720.28,11440.56,5726,5726,58.94,58.94,117.88,59,59,0.00,0.00,0,0
1544349610,2003-eth1,432547.47,816411.62,1248959.12,817228,432980,453.55,461.54,915.08,462,454,0.00,0.00,0,0
1544349610,3008-eth4,34173.83,1224493.50,1258667.38,1225718,34208,479.52,498.50,978.02,499,480,0.00,0.00,0,0
1544349610,1004-eth4,5818.18,5818.18,11636.36,5824,5824,59.94,59.94,119.88,60,60,0.00,0.00,0,0
1544349610,3006-eth1,607378.62,14089.91,621468.56,14104,607986,228.77,203.80,432.57,204,229,0.00,0.00,0,0
1544349610,1004-eth3,9496.50,9496.50,18993.01,9506,9506,96.90,96.90,193.81,97,97,0.00,0.00,0,0
1544349610,1002-eth2,0.00,0.00,0.00,0,0,0.00,0.00,0.00,0,0,0.00,0.00,0,0
1544349610,3004-eth3,1204287.75,436101.91,1640389.62,436538,1205492,537.46,536.46,1073.93,537,538,0.00,0.00,0,0
1544349610,2003-eth3,5874.13,5874.13,11748.25,5880,5880,59.94,59.94,119.88,60,60,0.00,0.00,0,0
1544349610,2005-eth1,812495.50,428631.38,1241126.88,429060,813308,421.58,413.59,835.16,414,422,0.00,0.00,0,0
1544349610,3002-eth3,1223562.50,556389.62,1779952.12,556946,1224786,588.41,584.42,1172.83,585,589,0.00,0.00,0,0
1544349610,3006-eth3,19768.23,612959.06,632727.31,613572,19788,261.74,285.71,547.45,286,262,0.00,0.00,0,0
1544349610,2001-eth1,541252.75,451302.72,992555.50,451754,541794,344.66,340.66,685.31,341,345,0.00,0.00,0,0
1544349610,3005-eth2,5208.79,254609.39,259818.19,254864,5214,78.92,87.91,166.83,88,79,0.00,0.00,0,0
1544349610,2001-eth2,0.00,0.00,0.00,0,0,0.00,0.00,0.00,0,0,0.00,0.00,0,0
1544349610,3007-eth2,0.00,0.00,0.00,0,0,0.00,0.00,0.00,0,0,0.00,0.00,0,0
1544349610,1001-eth1,451302.72,541252.75,992555.50,541794,451754,340.66,344.66,685.31,345,341,0.00,0.00,0,0
1544349610,3007-eth4,1222155.88,1222090.00,2444245.75,1223312,1223378,808.19,807.19,1615.38,808,809,0.00,0.00,0,0
1544349610,2003-eth2,0.00,0.00,0.00,0,0,0.00,0.00,0.00,0,0,0.00,0.00,0,0
1544349610,3007-eth3,1210881.12,726219.81,1937101.00,726946,1212092,637.36,636.36,1273.73,637,638,0.00,0.00,0,0
1544349610,1002-eth1,0.00,0.00,0.00,0,0,0.00,0.00,0.00,0,0,0.00,0.00,0,0
1544349610,2002-eth3,0.00,0.00,0.00,0,0,0.00,0.00,0.00,0,0,0.00,0.00,0,0
1544349610,2007-eth2,0.00,0.00,0.00,0,0,0.00,0.00,0.00,0,0,0.00,0.00,0,0
1544349610,total,25304304.00,25505986.00,50810292.00,25531492,25329608,18281.72,18291.71,36573.43,18310,18300,0.00,0.00,0,0
1544349611,3003-eth3,1222046.00,538551.44,1760597.50,539090,1223268,565.43,576.42,1141.86,577,566,0.00,0.00,0,0
1544349611,2002-eth1,0.00,0.00,0.00,0,0,0.00,0.00,0.00,0,0,0.00,0.00,0,0
1544349611,lo,0.00,0.00,0.00,0,0,0.00,0.00,0.00,0,0,0.00,0.00,0,0
1544349611,3005-eth3,1220639.38,1223404.62,2444044.00,1224628,1221860,785.21,805.19,1590.41,806,786,0.00,0.00,0,0
1544349611,2005-eth3,981328.69,825166.88,1806495.50,825992,982310,578.42,579.42,1157.84,580,579,0.00,0.00,0,0
1544349611,3004-eth4,1224847.12,1222155.88,2447003.00,1223378,1226072,783.22,808.19,1591.41,809,784,0.00,0.00,0,0
1544349611,1004-eth2,1958.04,1958.04,3916.08,1960,1960,19.98,19.98,39.96,20,20,0.00,0.00,0,0
1544349611,2004-eth4,512177.84,9890.11,522067.94,9900,512690,176.82,149.85,326.67,150,177,0.00,0.00,0,0
1544349611,1001-eth2,818513.50,381684.31,1200197.88,382066,819332,449.55,428.57,878.12,429,450,0.00,0.00,0,0
1544349611,1003-eth3,0.00,0.00,0.00,0,0,0.00,0.00,0.00,0,0,0.00,0.00,0,0
1544349611,2002-eth4,5916.08,5916.08,11832.17,5922,5922,60.94,60.94,121.88,61,61,0.00,0.00,0,0
1544349611,1001-eth4,520671.34,449592.41,970263.75,450042,521192,339.66,336.66,676.32,337,340,0.00,0.00,0,0
1544349611,3001-eth2,0.00,0.00,0.00,0,0,0.00,0.00,0.00,0,0,0.00,0.00,0,0
1544349611,1004-eth1,5916.08,5916.08,11832.17,5922,5922,60.94,60.94,121.88,61,61,0.00,0.00,0,0
1544349611,3005-eth4,1215290.75,831298.75,2046589.50,832130,1216506,660.34,672.33,1332.67,673,661,0.00,0.00,0,0
1544349611,1003-eth2,69.93,0.00,69.93,0,70,1.00,0.00,1.00,0,1,0.00,0.00,0,0
1544349611,3008-eth1,438647.38,11452.55,450099.91,11464,439086,170.83,163.84,334.67,164,171,0.00,0.00,0,0
1544349611,1002-eth3,0.00,0.00,0.00,0,0,0.00,0.00,0.00,0,0,0.00,0.00,0,0
1544349611,2006-eth1,0.00,0.00,0.00,0,0,0.00,0.00,0.00,0,0,0.00,0.00,0,0
1544349611,3003-eth1,5776.22,5874.13,11650.35,5880,5782,58.94,59.94,118.88,60,59,0.00,0.00,0,0
1544349611,2001-eth3,0.00,0.00,0.00,0,0,0.00,0.00,0.00,0,0,0.00,0.00,0,0
1544349611,2008-eth2,5916.08,5818.18,11734.27,5824,5922,60.94,59.94,120.88,60,61,0.00,0.00,0,0
1544349611,2008-eth3,0.00,0.00,0.00,0,0,0.00,0.00,0.00,0,0,0.00,0.00,0,0
1544349611,1001-eth3,377768.25,814597.44,1192365.62,815412,378146,388.61,409.59,798.20,410,389,0.00,0.00,0,0
1544349611,2007-eth4,11452.55,438647.38,450099.91,439086,11464,163.84,170.83,334.67,171,164,0.00,0.00,0,0
1544349611,2004-eth2,1958.04,1958.04,3916.08,1960,1960,19.98,19.98,39.96,20,20,0.00,0.00,0,0
1544349611,3002-eth1,520671.34,449662.34,970333.69,450112,521192,339.66,337.66,677.32,338,340,0.00,0.00,0,0
1544349611,3004-eth1,375908.09,812639.38,1188547.50,813452,376284,369.63,389.61,759.24,390,370,0.00,0.00,0,0
1544349611,2006-eth3,287158.84,6000.00,293158.84,6006,287446,98.90,90.91,189.81,91,99,0.00,0.00,0,0
1544349611,3004-eth2,9890.11,512177.84,522067.94,512690,9900,149.85,176.82,326.67,177,150,0.00,0.00,0,0
1544349611,3001-eth3,1219065.00,1221958.12,2441023.00,1223180,1220284,805.19,805.19,1610.39,806,806,0.00,0.00,0,0
1544349611,2003-eth4,812639.38,375908.09,1188547.50,376284,813452,389.61,369.63,759.24,370,390,0.00,0.00,0,0
1544349611,2008-eth4,5818.18,5916.08,11734.27,5922,5824,59.94,60.94,120.88,61,60,0.00,0.00,0,0
1544349611,3008-eth3,1221824.25,463104.91,1684929.12,463568,1223046,562.44,551.45,1113.89,552,563,0.00,0.00,0,0
1544349611,2005-eth2,0.00,0.00,0.00,0,0,0.00,0.00,0.00,0,0,0.00,0.00,0,0
1544349611,2006-eth4,15790.21,296851.16,312641.38,297148,15806,190.81,197.80,388.61,198,191,0.00,0.00,0,0
1544349611,3006-eth2,296851.16,15790.21,312641.38,15806,297148,197.80,190.81,388.61,191,198,0.00,0.00,0,0
1544349611,1003-eth4,0.00,0.00,0.00,0,0,0.00,0.00,0.00,0,0,0.00,0.00,0,0
1544349611,2006-eth2,9692.31,9790.21,19482.52,9800,9702,98.90,99.90,198.80,100,99,0.00,0.00,0,0
1544349611,3001-eth1,0.00,0.00,0.00,0,0,0.00,0.00,0.00,0,0,0.00,0.00,0,0
1544349611,3008-eth2,5916.08,5818.18,11734.27,5824,5922,60.94,59.94,120.88,60,61,0.00,0.00,0,0
1544349611,2004-eth3,11848.15,514135.88,525984.00,514650,11860,169.83,196.80,366.63,197,170,0.00,0.00,0,0
1544349611,3001-eth4,1222024.00,1220511.50,2442535.50,1221732,1223246,806.19,805.19,1611.39,806,807,0.00,0.00,0,0
1544349611,1003-eth1,0.00,0.00,0.00,0,0,0.00,0.00,0.00,0,0,0.00,0.00,0,0
1544349611,3002-eth2,5916.08,5916.08,11832.17,5922,5922,60.94,60.94,121.88,61,61,0.00,0.00,0,0
1544349611,2005-eth4,14387.61,607378.62,621766.25,607986,14402,208.79,228.77,437.56,229,209,0.00,0.00,0,0
1544349611,3003-eth2,514135.88,11848.15,525984.00,11860,514650,196.80,169.83,366.63,170,197,0.00,0.00,0,0
1544349611,2007-eth1,449592.41,520671.34,970263.75,521192,450042,336.66,339.66,676.32,340,337,0.00,0.00,0,0
1544349611,1002-eth4,0.00,0.00,0.00,0,0,0.00,0.00,0.00,0,0,0.00,0.00,0,0
1544349611,3002-eth4,24753.25,784985.06,809738.31,785770,24778,336.66,348.65,685.31,349,337,0.00,0.00,0,0
1544349611,2007-eth3,509218.78,10945.06,520163.84,10956,509728,175.82,165.83,341.66,166,176,0.00,0.00,0,0
1544349611,3005-eth1,825166.88,981328.69,1806495.50,982310,825992,579.42,578.42,1157.84,579,580,0.00,0.00,0,0
1544349611,2001-eth4,449662.34,520671.34,970333.69,521192,450112,337.66,339.66,677.32,340,338,0.00,0.00,0,0
1544349611,3003-eth4,34271.73,1221534.50,1255806.25,1222756,34306,480.52,497.50,978.02,498,481,0.00,0.00,0,0
1544349611,2004-eth1,0.00,69.93,69.93,70,0,0.00,1.00,1.00,1,0,0.00,0.00,0,0
1544349611,3006-eth4,13832.17,294893.12,308725.28,295188,13846,170.83,177.82,348.65,178,171,0.00,0.00,0,0
1544349611,3007-eth1,10945.06,509218.78,520163.84,509728,10956,165.83,175.82,341.66,176,166,0.00,0.00,0,0
1544349611,2008-eth1,0.00,0.00,0.00,0,0,0.00,0.00,0.00,0,0,0.00,0.00,0,0
1544349611,2002-eth2,5916.08,5916.08,11832.17,5922,5922,60.94,60.94,121.88,61,61,0.00,0.00,0,0
1544349611,2003-eth1,381684.31,818513.50,1200197.88,819332,382066,428.57,449.55,878.12,450,429,0.00,0.00,0,0
1544349611,3008-eth4,34107.89,1221632.38,1255740.25,1222854,34142,478.52,498.50,977.02,499,479,0.00,0.00,0,0
1544349611,1004-eth4,5818.18,5916.08,11734.27,5922,5824,59.94,60.94,120.88,61,60,0.00,0.00,0,0
1544349611,3006-eth1,607378.62,14387.61,621766.25,14402,607986,228.77,208.79,437.56,209,229,0.00,0.00,0,0
1544349611,1004-eth3,9790.21,9692.31,19482.52,9702,9800,99.90,98.90,198.80,99,100,0.00,0.00,0,0
1544349611,1002-eth2,0.00,0.00,0.00,0,0,0.00,0.00,0.00,0,0,0.00,0.00,0,0
1544349611,3004-eth3,1203430.62,385732.28,1589162.88,386118,1204634,524.48,518.48,1042.96,519,525,0.00,0.00,0,0
1544349611,2003-eth3,5874.13,5776.22,11650.35,5782,5880,59.94,58.94,118.88,59,60,0.00,0.00,0,0
1544349611,2005-eth1,817556.44,377768.25,1195324.75,378146,818374,410.59,388.61,799.20,389,411,0.00,0.00,0,0
1544349611,3002-eth3,1223316.75,535676.31,1758993.00,536212,1224540,585.41,577.42,1162.84,578,586,0.00,0.00,0,0
1544349611,3006-eth3,20261.74,613252.75,633514.50,613866,20282,268.73,288.71,557.44,289,269,0.00,0.00,0,0
1544349611,2001-eth1,520671.34,449592.41,970263.75,450042,521192,339.66,336.66,676.32,337,340,0.00,0.00,0,0
1544349611,3005-eth2,6000.00,287158.84,293158.84,287446,6006,90.91,98.90,189.81,99,91,0.00,0.00,0,0
1544349611,2001-eth2,0.00,0.00,0.00,0,0,0.00,0.00,0.00,0,0,0.00,0.00,0,0
1544349611,3007-eth2,0.00,0.00,0.00,0,0,0.00,0.00,0.00,0,0,0.00,0.00,0,0
1544349611,1001-eth1,449592.41,520671.34,970263.75,521192,450042,336.66,339.66,676.32,340,337,0.00,0.00,0,0
1544349611,3007-eth4,1224785.25,1222090.00,2446875.25,1223312,1226010,804.20,807.19,1611.39,808,805,0.00,0.00,0,0
1544349611,2003-eth2,0.00,0.00,0.00,0,0,0.00,0.00,0.00,0,0,0.00,0.00,0,0
1544349611,3007-eth3,1211144.88,749826.19,1960971.12,750576,1212356,641.36,643.36,1284.72,644,642,0.00,0.00,0,0
1544349611,1002-eth1,0.00,0.00,0.00,0,0,0.00,0.00,0.00,0,0,0.00,0.00,0,0
1544349611,2002-eth3,0.00,0.00,0.00,0,0,0.00,0.00,0.00,0,0,0.00,0.00,0,0
1544349611,2007-eth2,0.00,0.00,0.00,0,0,0.00,0.00,0.00,0,0,0.00,0.00,0,0
1544349611,total,25165202.00,25377210.00,50542412.00,25402586,25190366,18112.89,18234.77,36347.65,18253,18131,0.00,0.00,0,0
1544349612,3003-eth3,1217904.12,571035.00,1788939.12,571606,1219122,568.43,586.41,1154.85,587,569,0.00,0.00,0,0
1544349612,2002-eth1,0.00,0.00,0.00,0,0,0.00,0.00,0.00,0,0,0.00,0.00,0,0
1544349612,lo,1198.80,1198.80,2397.60,1200,1200,19.98,19.98,39.96,20,20,0.00,0.00,0,0
1544349612,3005-eth3,1217944.12,1219130.88,2437075.00,1220350,1219162,788.21,806.19,1594.41,807,789,0.00,0.00,0,0
1544349612,2005-eth3,951540.50,830887.12,1782427.62,831718,952492,565.43,578.42,1143.86,579,566,0.00,0.00,0,0
1544349612,3004-eth4,1219914.12,1219196.88,2439111.00,1220416,1221134,774.23,807.19,1581.42,808,775,0.00,0.00,0,0
1544349612,1004-eth2,1958.04,1860.14,3818.18,1862,1960,19.98,18.98,38.96,19,20,0.00,0.00,0,0
1544349612,2004-eth4,544727.31,10021.98,554749.25,10032,545272,187.81,151.85,339.66,152,188,0.00,0.00,0,0
1544349612,1001-eth2,824235.81,372707.31,1196943.12,373080,825060,449.55,423.58,873.13,424,450,0.00,0.00,0,0
1544349612,1003-eth3,0.00,0.00,0.00,0,0,0.00,0.00,0.00,0,0,0.00,0.00,0,0
1544349612,2002-eth4,5776.22,5776.22,11552.45,5782,5782,58.94,58.94,117.88,59,59,0.00,0.00,0,0
1544349612,1001-eth4,517646.38,441932.09,959578.44,442374,518164,337.66,330.67,668.33,331,338,0.00,0.00,0,0
1544349612,3001-eth2,0.00,0.00,0.00,0,0,0.00,0.00,0.00,0,0,0.00,0.00,0,0
1544349612,1004-eth1,5776.22,5776.22,11552.45,5782,5782,58.94,58.94,117.88,59,59,0.00,0.00,0,0
1544349612,3005-eth4,1209108.88,837150.88,2046259.75,837988,1210318,654.35,673.33,1327.67,674,655,0.00,0.00,0,0
1544349612,1003-eth2,0.00,0.00,0.00,0,0,0.00,0.00,0.00,0,0,0.00,0.00,0,0
1544349612,3008-eth1,431118.91,11386.61,442505.50,11398,431550,166.83,162.84,329.67,163,167,0.00,0.00,0,0
1544349612,1002-eth3,0.00,0.00,0.00,0,0,0.00,0.00,0.00,0,0,0.00,0.00,0,0
1544349612,2006-eth1,0.00,0.00,0.00,0,0,0.00,0.00,0.00,0,0,0.00,0.00,0,0
1544349612,3003-eth1,5874.13,5678.32,11552.45,5684,5880,59.94,57.94,117.88,58,60,0.00,0.00,0,0
1544349612,2001-eth3,0.00,0.00,0.00,0,0,0.00,0.00,0.00,0,0,0.00,0.00,0,0
1544349612,2008-eth2,5874.13,5874.13,11748.25,5880,5880,59.94,59.94,119.88,60,60,0.00,0.00,0,0
1544349612,2008-eth3,0.00,0.00,0.00,0,0,0.00,0.00,0.00,0,0,0.00,0.00,0,0
1544349612,1001-eth3,368791.22,820417.62,1189208.88,821238,369160,383.62,410.59,794.21,411,384,0.00,0.00,0,0
1544349612,2007-eth4,11386.61,431118.91,442505.50,431550,11398,162.84,166.83,329.67,167,163,0.00,0.00,0,0
1544349612,2004-eth2,1860.14,1958.04,3818.18,1960,1862,18.98,19.98,38.96,20,19,0.00,0.00,0,0
1544349612,3002-eth1,517646.38,442029.97,959676.38,442472,518164,337.66,331.67,669.33,332,338,0.00,0.00,0,0
1544349612,3004-eth1,366833.19,818557.44,1185390.62,819376,367200,363.64,391.61,755.24,392,364,0.00,0.00,0,0
1544349612,2006-eth3,291630.38,6263.74,297894.12,6270,291922,100.90,94.91,195.80,95,101,0.00,0.00,0,0
1544349612,3004-eth2,10021.98,544727.31,554749.25,545272,10032,151.85,187.81,339.66,188,152,0.00,0.00,0,0
1544349612,3001-eth3,1219130.88,1219130.88,2438261.75,1220350,1220350,806.19,806.19,1612.39,807,807,0.00,0.00,0,0
1544349612,2003-eth4,818557.44,366833.19,1185390.62,367200,819376,391.61,363.64,755.24,364,392,0.00,0.00,0,0
1544349612,2008-eth4,5874.13,5874.13,11748.25,5880,5880,59.94,59.94,119.88,60,60,0.00,0.00,0,0
1544349612,3008-eth3,1220137.88,455698.31,1675836.25,456154,1221358,558.44,548.45,1106.89,549,559,0.00,0.00,0,0
1544349612,2005-eth2,0.00,0.00,0.00,0,0,0.00,0.00,0.00,0,0,0.00,0.00,0,0
1544349612,2006-eth4,15858.14,301322.69,317180.81,301624,15874,192.81,199.80,392.61,200,193,0.00,0.00,0,0
1544349612,3006-eth2,301322.69,15858.14,317180.81,15874,301624,199.80,192.81,392.61,193,200,0.00,0.00,0,0
1544349612,1003-eth4,0.00,0.00,0.00,0,0,0.00,0.00,0.00,0,0,0.00,0.00,0,0
1544349612,2006-eth2,9692.31,9594.41,19286.71,9604,9702,98.90,97.90,196.80,98,99,0.00,0.00,0,0
1544349612,3001-eth1,0.00,0.00,0.00,0,0,0.00,0.00,0.00,0,0,0.00,0.00,0,0
1544349612,3008-eth2,5874.13,5874.13,11748.25,5880,5880,59.94,59.94,119.88,60,60,0.00,0.00,0,0
1544349612,2004-eth3,11980.02,546587.44,558567.44,547134,11992,171.83,206.79,378.62,207,172,0.00,0.00,0,0
1544349612,3001-eth4,1222090.00,1219130.88,2441220.75,1220350,1223312,807.19,806.19,1613.39,807,808,0.00,0.00,0,0
1544349612,1003-eth1,0.00,0.00,0.00,0,0,0.00,0.00,0.00,0,0,0.00,0.00,0,0
1544349612,3002-eth2,5776.22,5776.22,11552.45,5782,5782,58.94,58.94,117.88,59,59,0.00,0.00,0,0
1544349612,2005-eth4,14287.71,586567.44,600855.19,587154,14302,206.79,220.78,427.57,221,207,0.00,0.00,0,0
1544349612,3003-eth2,546587.44,11980.02,558567.44,11992,547134,206.79,171.83,378.62,172,207,0.00,0.00,0,0
1544349612,2007-eth1,441932.09,517646.38,959578.44,518164,442374,330.67,337.66,668.33,338,331,0.00,0.00,0,0
1544349612,1002-eth4,0.00,0.00,0.00,0,0,0.00,0.00,0.00,0,0,0.00,0.00,0,0
1544349612,3002-eth4,24679.32,789316.69,813996.00,790106,24704,335.66,348.65,684.32,349,336,0.00,0.00,0,0
1544349612,2007-eth3,506259.75,10813.19,517072.94,10824,506766,174.83,163.84,338.66,164,175,0.00,0.00,0,0
1544349612,3005-eth1,830887.12,951540.50,1782427.62,952492,831718,578.42,565.43,1143.86,566,579,0.00,0.00,0,0
1544349612,2001-eth4,442029.97,517646.38,959676.38,518164,442472,331.67,337.66,669.33,338,332,0.00,0.00,0,0
1544349612,3003-eth4,33944.06,1224493.50,1258437.62,1225718,33978,476.52,498.50,975.03,499,477,0.00,0.00,0,0
1544349612,2004-eth1,0.00,0.00,0.00,0,0,0.00,0.00,0.00,0,0,0.00,0.00,0,0
1544349612,3006-eth4,13802.20,299266.75,313068.94,299566,13816,171.83,178.82,350.65,179,172,0.00,0.00,0,0
1544349612,3007-eth1,10813.19,506259.75,517072.94,506766,10824,163.84,174.83,338.66,175,164,0.00,0.00,0,0
1544349612,2008-eth1,0.00,0.00,0.00,0,0,0.00,0.00,0.00,0,0,0.00,0.00,0,0
1544349612,2002-eth2,5776.22,5776.22,11552.45,5782,5782,58.94,58.94,117.88,59,59,0.00,0.00,0,0
1544349612,2003-eth1,372707.31,824235.81,1196943.12,825060,373080,423.58,449.55,873.13,450,424,0.00,0.00,0,0
1544349612,3008-eth4,34271.73,1223047.00,1257318.75,1224270,34306,480.52,498.50,979.02,499,481,0.00,0.00,0,0
1544349612,1004-eth4,5874.13,5874.13,11748.25,5880,5880,59.94,59.94,119.88,60,60,0.00,0.00,0,0
1544349612,3006-eth1,586567.44,14287.71,600855.19,14302,587154,220.78,206.79,427.57,207,221,0.00,0.00,0,0
1544349612,1004-eth3,9594.41,9692.31,19286.71,9702,9604,97.90,98.90,196.80,99,98,0.00,0.00,0,0
1544349612,1002-eth2,0.00,0.00,0.00,0,0,0.00,0.00,0.00,0,0,0.00,0.00,0,0
1544349612,3004-eth3,1200471.50,376789.22,1577260.75,377166,1201672,523.48,514.49,1037.96,515,524,0.00,0.00,0,0
1544349612,2003-eth3,5678.32,5874.13,11552.45,5880,5684,57.94,59.94,117.88,60,58,0.00,0.00,0,0
1544349612,2005-eth1,817458.56,368791.22,1186249.75,369160,818276,409.59,383.62,793.21,384,410,0.00,0.00,0,0
1544349612,3002-eth3,1223250.75,532633.38,1755884.12,533166,1224474,584.42,574.43,1158.84,575,585,0.00,0.00,0,0
1544349612,3006-eth3,20063.94,592343.69,612407.62,592936,20084,265.73,279.72,545.45,280,266,0.00,0.00,0,0
1544349612,2001-eth1,517646.38,442029.97,959676.38,442472,518164,337.66,331.67,669.33,332,338,0.00,0.00,0,0
1544349612,3005-eth2,6263.74,291630.38,297894.12,291922,6270,94.91,100.90,195.80,101,95,0.00,0.00,0,0
1544349612,2001-eth2,0.00,0.00,0.00,0,0,0.00,0.00,0.00,0,0,0.00,0.00,0,0
1544349612,3007-eth2,0.00,0.00,0.00,0,0,0.00,0.00,0.00,0,0,0.00,0.00,0,0
1544349612,1001-eth1,442029.97,517646.38,959676.38,518164,442472,331.67,337.66,669.33,338,332,0.00,0.00,0,0
1544349612,3007-eth4,1221035.00,1222090.00,2443125.00,1223312,1222256,791.21,807.19,1598.40,808,792,0.00,0.00,0,0
1544349612,2003-eth2,0.00,0.00,0.00,0,0,0.00,0.00,0.00,0,0,0.00,0.00,0,0
1544349612,3007-eth3,1211276.75,770671.38,1981948.12,771442,1212488,643.36,652.35,1295.70,653,644,0.00,0.00,0,0
1544349612,1002-eth1,0.00,0.00,0.00,0,0,0.00,0.00,0.00,0,0,0.00,0.00,0,0
1544349612,2002-eth3,0.00,0.00,0.00,0,0,0.00,0.00,0.00,0,0,0.00,0.00,0,0
1544349612,2007-eth2,0.00,0.00,0.00,0,0,0.00,0.00,0.00,0,0,0.00,0.00,0,0
1544349612,total,25110250.00,25375310.00,50485560.00,25400684,25135360,18053.95,18211.79,36265.74,18230,18072,0.00,0.00,0,0
1544349613,3003-eth3,1215738.75,603890.31,1819629.12,605702,1219386,571.29,597.21,1168.49,599,573,0.00,0.00,0,0
1544349613,2002-eth1,0.00,0.00,0.00,0,0,0.00,0.00,0.00,0,0,0.00,0.00,0,0
1544349613,lo,0.00,0.00,0.00,0,0,0.00,0.00,0.00,0,0,0.00,0.00,0,0
1544349613,3005-eth3,1220438.75,1219653.00,2440091.75,1223312,1224100,795.61,805.58,1601.20,808,798,0.00,0.00,0,0
1544349613,2005-eth3,949449.69,838418.75,1787868.38,840934,952298,561.32,585.24,1146.56,587,563,0.00,0.00,0,0
1544349613,3004-eth4,1216494.50,1216765.75,2433260.25,1220416,1220144,757.73,805.58,1563.31,808,760,0.00,0.00,0,0
1544349613,1004-eth2,1758.72,1856.43,3615.15,1862,1764,17.95,18.94,36.89,19,18,0.00,0.00,0,0
1544349613,2004-eth4,577635.12,10396.81,588031.94,10428,579368,199.40,157.53,356.93,158,200,0.00,0.00,0,0
1544349613,1001-eth2,833066.81,432175.47,1265242.25,433472,835566,475.57,438.68,914.26,440,477,0.00,0.00,0,0
1544349613,1003-eth3,0.00,0.00,0.00,0,0,0.00,0.00,0.00,0,0,0.00,0.00,0,0
1544349613,2002-eth4,5862.41,5862.41,11724.83,5880,5880,59.82,59.82,119.64,60,60,0.00,0.00,0,0
1544349613,1001-eth4,517860.44,448366.91,966227.31,449712,519414,334.00,331.01,665.00,332,335,0.00,0.00,0,0
1544349613,3001-eth2,0.00,0.00,0.00,0,0,0.00,0.00,0.00,0,0,0.00,0.00,0,0
1544349613,1004-eth1,5862.41,5932.20,11794.62,5950,5880,59.82,60.82,120.64,61,60,0.00,0.00,0,0
1544349613,3005-eth4,1209387.88,844341.00,2053728.88,846874,1213016,650.05,674.98,1325.02,677,652,0.00,0.00,0,0
1544349613,1003-eth2,0.00,0.00,0.00,0,0,0.00,0.00,0.00,0,0,0.00,0.00,0,0
1544349613,3008-eth1,437772.69,11166.50,448939.19,11200,439086,170.49,159.52,330.01,160,171,0.00,0.00,0,0
1544349613,1002-eth3,0.00,0.00,0.00,0,0,0.00,0.00,0.00,0,0,0.00,0.00,0,0
1544349613,2006-eth1,0.00,0.00,0.00,0,0,0.00,0.00,0.00,0,0,0.00,0.00,0,0
1544349613,3003-eth1,5764.71,5764.71,11529.41,5782,5782,58.82,58.82,117.65,59,59,0.00,0.00,0,0
1544349613,2001-eth3,0.00,0.00,0.00,0,0,0.00,0.00,0.00,0,0,0.00,0.00,0,0
1544349613,2008-eth2,5764.71,5764.71,11529.41,5782,5782,58.82,58.82,117.65,59,59,0.00,0.00,0,0
1544349613,2008-eth3,0.00,0.00,0.00,0,0,0.00,0.00,0.00,0,0,0.00,0.00,0,0
1544349613,1001-eth3,428364.91,829186.44,1257551.38,831674,429650,399.80,435.69,835.49,437,401,0.00,0.00,0,0
1544349613,2007-eth4,11166.50,437772.69,448939.19,439086,11200,159.52,170.49,330.01,171,160,0.00,0.00,0,0
1544349613,2004-eth2,1856.43,1758.72,3615.15,1764,1862,18.94,17.95,36.89,18,19,0.00,0.00,0,0
1544349613,3002-eth1,517762.72,448269.19,966031.94,449614,519316,333.00,330.01,663.01,331,334,0.00,0.00,0,0
1544349613,3004-eth1,426410.78,827232.31,1253643.12,829714,427690,379.86,415.75,795.61,417,381,0.00,0.00,0,0
1544349613,2006-eth3,277726.81,6053.84,283780.66,6072,278560,95.71,91.72,187.44,92,96,0.00,0.00,0,0
1544349613,3004-eth2,10396.81,577635.12,588031.94,579368,10428,157.53,199.40,356.93,200,158,0.00,0.00,0,0
1544349613,3001-eth3,1219653.00,1219587.25,2439240.25,1223246,1223312,805.58,804.59,1610.17,807,808,0.00,0.00,0,0
1544349613,2003-eth4,827232.31,426410.78,1253643.12,427690,829714,415.75,379.86,795.61,381,417,0.00,0.00,0,0
1544349613,2008-eth4,5764.71,5764.71,11529.41,5782,5782,58.82,58.82,117.65,59,59,0.00,0.00,0,0
1544349613,3008-eth3,1217836.50,462073.78,1679910.25,463460,1221490,559.32,548.35,1107.68,550,561,0.00,0.00,0,0
1544349613,2005-eth2,0.00,0.00,0.00,0,0,0.00,0.00,0.00,0,0,0.00,0.00,0,0
1544349613,2006-eth4,15629.11,287204.38,302833.50,288066,15676,189.43,192.42,381.85,193,190,0.00,0.00,0,0
1544349613,3006-eth2,287204.38,15629.11,302833.50,15676,288066,192.42,189.43,381.85,190,193,0.00,0.00,0,0
1544349613,1003-eth4,0.00,0.00,0.00,0,0,0.00,0.00,0.00,0,0,0.00,0.00,0,0
1544349613,2006-eth2,9477.57,9575.27,19052.84,9604,9506,96.71,97.71,194.42,98,97,0.00,0.00,0,0
1544349613,3001-eth1,0.00,0.00,0.00,0,0,0.00,0.00,0.00,0,0,0.00,0.00,0,0
1544349613,3008-eth2,5764.71,5764.71,11529.41,5782,5782,58.82,58.82,117.65,59,59,0.00,0.00,0,0
1544349613,2004-eth3,12155.53,579491.50,591647.06,581230,12192,175.47,218.34,393.82,219,176,0.00,0.00,0,0
1544349613,3001-eth4,1216568.25,1219653.00,2436221.25,1223312,1220218,802.59,805.58,1608.18,808,805,0.00,0.00,0,0
1544349613,1003-eth1,0.00,0.00,0.00,0,0,0.00,0.00,0.00,0,0,0.00,0.00,0,0
1544349613,3002-eth2,5862.41,5862.41,11724.83,5880,5880,59.82,59.82,119.64,60,60,0.00,0.00,0,0
1544349613,2005-eth4,13140.58,524923.25,538063.81,526498,13180,189.43,200.40,389.83,201,190,0.00,0.00,0,0
1544349613,3003-eth2,579491.50,12155.53,591647.06,12192,581230,218.34,175.47,393.82,176,219,0.00,0.00,0,0
1544349613,2007-eth1,448366.91,517860.44,966227.31,519414,449712,331.01,334.00,665.00,335,332,0.00,0.00,0,0
1544349613,1002-eth4,0.00,0.00,0.00,0,0,0.00,0.00,0.00,0,0,0.00,0.00,0,0
1544349613,3002-eth4,24761.71,793649.06,818410.75,796030,24836,336.99,349.95,686.94,351,338,0.00,0.00,0,0
1544349613,2007-eth3,506693.91,10594.22,517288.12,10626,508214,174.48,160.52,335.00,161,175,0.00,0.00,0,0
1544349613,3005-eth1,838418.75,949449.69,1787868.38,952298,840934,585.24,561.32,1146.56,563,587,0.00,0.00,0,0
1544349613,2001-eth4,448269.19,517762.72,966031.94,519316,449614,330.01,333.00,663.01,334,331,0.00,0.00,0,0
1544349613,3003-eth4,33712.86,1216117.62,1249830.50,1219766,33814,473.58,495.51,969.09,497,475,0.00,0.00,0,0
1544349613,2004-eth1,0.00,0.00,0.00,0,0,0.00,0.00,0.00,0,0,0.00,0.00,0,0
1544349613,3006-eth4,13772.68,285347.97,299120.62,286204,13814,170.49,173.48,343.97,174,171,0.00,0.00,0,0
1544349613,3007-eth1,10594.22,506693.91,517288.12,508214,10626,160.52,174.48,335.00,175,161,0.00,0.00,0,0
1544349613,2008-eth1,0.00,0.00,0.00,0,0,0.00,0.00,0.00,0,0,0.00,0.00,0,0
1544349613,2002-eth2,5932.20,5862.41,11794.62,5880,5950,60.82,59.82,120.64,60,61,0.00,0.00,0,0
1544349613,2003-eth1,432175.47,833066.81,1265242.25,835566,433472,438.68,475.57,914.26,477,440,0.00,0.00,0,0
1544349613,3008-eth4,33974.08,1216145.62,1250119.62,1219794,34076,476.57,495.51,972.08,497,478,0.00,0.00,0,0
1544349613,1004-eth4,5764.71,5764.71,11529.41,5782,5782,58.82,58.82,117.65,59,59,0.00,0.00,0,0
1544349613,3006-eth1,524923.25,13140.58,538063.81,13180,526498,200.40,189.43,389.83,190,201,0.00,0.00,0,0
1544349613,1004-eth3,9575.27,9477.57,19052.84,9506,9604,97.71,96.71,194.42,97,98,0.00,0.00,0,0
1544349613,1002-eth2,0.00,0.00,0.00,0,0,0.00,0.00,0.00,0,0,0.00,0.00,0,0
1544349613,3004-eth3,1200722.62,436980.06,1637702.62,437854,1203124,544.91,533.93,1078.84,535,546,0.00,0.00,0,0
1544349613,2003-eth3,5770.46,5770.46,11540.92,5782,5782,58.88,58.88,117.76,59,59,0.00,0.00,0,0
1544349613,2005-eth1,830014.00,428792.44,1258806.38,429650,831674,436.13,400.20,836.33,401,437,0.00,0.00,0,0
1544349613,3002-eth3,1217610.75,533481.06,1751091.88,534548,1220046,581.84,572.85,1154.69,574,583,0.00,0.00,0,0
1544349613,3006-eth3,18924.15,531217.56,550141.75,532280,18962,248.50,259.48,507.98,260,249,0.00,0.00,0,0
1544349613,2001-eth1,518279.47,448716.59,966996.06,449614,519316,333.33,330.34,663.67,331,334,0.00,0.00,0,0
1544349613,3005-eth2,6059.88,278004.00,284063.88,278560,6072,91.82,95.81,187.62,96,92,0.00,0.00,0,0
1544349613,2001-eth2,0.00,0.00,0.00,0,0,0.00,0.00,0.00,0,0,0.00,0.00,0,0
1544349613,3007-eth2,0.00,0.00,0.00,0,0,0.00,0.00,0.00,0,0,0.00,0.00,0,0
1544349613,1001-eth1,448716.59,518279.47,966996.06,519316,449614,330.34,333.33,663.67,334,331,0.00,0.00,0,0
1544349613,3007-eth4,1216596.88,1217914.25,2434511.00,1220350,1219030,785.43,805.39,1590.82,807,787,0.00,0.00,0,0
1544349613,2003-eth2,0.00,0.00,0.00,0,0,0.00,0.00,0.00,0,0,0.00,0.00,0,0
1544349613,3007-eth3,1204287.50,793287.44,1997574.88,794874,1206696,642.71,655.69,1298.40,657,644,0.00,0.00,0,0
1544349613,1002-eth1,0.00,0.00,0.00,0,0,0.00,0.00,0.00,0,0,0.00,0.00,0,0
1544349613,2002-eth3,0.00,0.00,0.00,0,0,0.00,0.00,0.00,0,0,0.00,0.00,0,0
1544349613,2007-eth2,0.00,0.00,0.00,0,0,0.00,0.00,0.00,0,0,0.00,0.00,0,0
1544349613,total,25314834.00,25646128.00,50960960.00,25697420,25365462,18100.80,18281.44,36382.24,18318,18137,0.00,0.00,0,0
1544349614,3003-eth3,1224955.12,643894.12,1868849.25,644538,1226180,585.41,616.38,1201.80,617,586,0.00,0.00,0,0
1544349614,2002-eth1,0.00,0.00,0.00,0,0,0.00,0.00,0.00,0,0,0.00,0.00,0,0
1544349614,lo,1198.80,1198.80,2397.60,1200,1200,19.98,19.98,39.96,20,20,0.00,0.00,0,0
1544349614,3005-eth3,1224521.50,1222221.75,2446743.25,1223444,1225746,800.20,809.19,1609.39,810,801,0.00,0.00,0,0
1544349614,2005-eth3,958245.75,761782.25,1720028.00,762544,959204,557.44,583.42,1140.86,584,558,0.00,0.00,0,0
1544349614,3004-eth4,1222803.25,1221596.38,2444399.75,1222818,1224026,752.25,810.19,1562.44,811,753,0.00,0.00,0,0
1544349614,1004-eth2,1958.04,1958.04,3916.08,1960,1960,19.98,19.98,39.96,20,20,0.00,0.00,0,0
1544349614,2004-eth4,617520.50,11606.39,629126.88,11618,618138,216.78,164.84,381.62,165,217,0.00,0.00,0,0
1544349614,1001-eth2,755888.12,422249.75,1178137.88,422672,756644,465.53,429.57,895.10,430,466,0.00,0.00,0,0
1544349614,1003-eth3,0.00,0.00,0.00,0,0,0.00,0.00,0.00,0,0,0.00,0.00,0,0
1544349614,2002-eth4,5678.32,5678.32,11356.64,5684,5684,57.94,57.94,115.88,58,58,0.00,0.00,0,0
1544349614,1001-eth4,502787.22,463696.31,966483.56,464160,503290,332.67,331.67,664.34,332,333,0.00,0.00,0,0
1544349614,3001-eth2,0.00,0.00,0.00,0,0,0.00,0.00,0.00,0,0,0.00,0.00,0,0
1544349614,1004-eth1,5678.32,5678.32,11356.64,5684,5684,57.94,57.94,115.88,58,58,0.00,0.00,0,0
1544349614,3005-eth4,1212855.12,767584.44,1980439.62,768352,1214068,645.35,671.33,1316.68,672,646,0.00,0.00,0,0
1544349614,1003-eth2,0.00,0.00,0.00,0,0,0.00,0.00,0.00,0,0,0.00,0.00,0,0
1544349614,3008-eth1,453344.66,11322.68,464667.34,11334,453798,174.83,162.84,337.66,163,175,0.00,0.00,0,0
1544349614,1002-eth3,0.00,0.00,0.00,0,0,0.00,0.00,0.00,0,0,0.00,0.00,0,0
1544349614,2006-eth1,0.00,0.00,0.00,0,0,0.00,0.00,0.00,0,0,0.00,0.00,0,0
1544349614,3003-eth1,5678.32,5776.22,11454.55,5782,5684,57.94,58.94,116.88,59,58,0.00,0.00,0,0
1544349614,2001-eth3,0.00,0.00,0.00,0,0,0.00,0.00,0.00,0,0,0.00,0.00,0,0
1544349614,2008-eth2,5874.13,5874.13,11748.25,5880,5880,59.94,59.94,119.88,60,60,0.00,0.00,0,0
1544349614,2008-eth3,0.00,0.00,0.00,0,0,0.00,0.00,0.00,0,0,0.00,0.00,0,0
1544349614,1001-eth3,418529.47,752069.94,1170599.38,752822,418948,391.61,426.57,818.18,427,392,0.00,0.00,0,0
1544349614,2007-eth4,11322.68,453344.66,464667.34,453798,11334,162.84,174.83,337.66,175,163,0.00,0.00,0,0
1544349614,2004-eth2,1958.04,1958.04,3916.08,1960,1960,19.98,19.98,39.96,20,20,0.00,0.00,0,0
1544349614,3002-eth1,502983.03,463794.22,966777.25,464258,503486,334.67,332.67,667.33,333,335,0.00,0.00,0,0
1544349614,3004-eth1,416571.44,750111.94,1166683.38,750862,416988,371.63,406.59,778.22,407,372,0.00,0.00,0,0
1544349614,2006-eth3,263486.53,5736.26,269222.78,5742,263750,90.91,86.91,177.82,87,91,0.00,0.00,0,0
1544349614,3004-eth2,11606.39,617520.50,629126.88,618138,11618,164.84,216.78,381.62,217,165,0.00,0.00,0,0
1544349614,3001-eth3,1222090.00,1222155.88,2444245.75,1223378,1223312,807.19,808.19,1615.38,809,808,0.00,0.00,0,0
1544349614,2003-eth4,750111.94,416571.44,1166683.38,416988,750862,406.59,371.63,778.22,372,407,0.00,0.00,0,0
1544349614,2008-eth4,5874.13,5874.13,11748.25,5880,5880,59.94,59.94,119.88,60,60,0.00,0.00,0,0
1544349614,3008-eth3,1223360.62,477924.09,1701284.75,478402,1224584,563.44,556.44,1119.88,557,564,0.00,0.00,0,0
1544349614,2005-eth2,0.00,0.00,0.00,0,0,0.00,0.00,0.00,0,0,0.00,0.00,0,0
1544349614,2006-eth4,15330.67,273080.94,288411.59,273354,15346,184.82,188.81,373.63,189,185,0.00,0.00,0,0
1544349614,3006-eth2,273080.94,15330.67,288411.59,15346,273354,188.81,184.82,373.63,185,189,0.00,0.00,0,0
1544349614,1003-eth4,0.00,0.00,0.00,0,0,0.00,0.00,0.00,0,0,0.00,0.00,0,0
1544349614,2006-eth2,9594.41,9594.41,19188.81,9604,9604,97.90,97.90,195.80,98,98,0.00,0.00,0,0
1544349614,3001-eth1,0.00,0.00,0.00,0,0,0.00,0.00,0.00,0,0,0.00,0.00,0,0
1544349614,3008-eth2,5874.13,5874.13,11748.25,5880,5880,59.94,59.94,119.88,60,60,0.00,0.00,0,0
1544349614,2004-eth3,13564.44,619478.56,633043.00,620098,13578,184.82,236.76,421.58,237,185,0.00,0.00,0,0
1544349614,3001-eth4,1222155.88,1222090.00,2444245.75,1223312,1223378,808.19,807.19,1615.38,808,809,0.00,0.00,0,0
1544349614,1003-eth1,0.00,0.00,0.00,0,0,0.00,0.00,0.00,0,0,0.00,0.00,0,0
1544349614,3002-eth2,5678.32,5678.32,11356.64,5684,5684,57.94,57.94,115.88,58,58,0.00,0.00,0,0
1544349614,2005-eth4,13628.37,543726.31,557354.69,544270,13642,196.80,206.79,403.60,207,197,0.00,0.00,0,0
1544349614,3003-eth2,619478.56,13564.44,633043.00,13578,620098,236.76,184.82,421.58,185,237,0.00,0.00,0,0
1544349614,2007-eth1,463696.31,502787.22,966483.56,503290,464160,331.67,332.67,664.34,333,332,0.00,0.00,0,0
1544349614,1002-eth4,0.00,0.00,0.00,0,0,0.00,0.00,0.00,0,0,0.00,0.00,0,0
1544349614,3002-eth4,24449.55,795136.88,819586.44,795932,24474,332.67,349.65,682.32,350,333,0.00,0.00,0,0
1544349614,2007-eth3,491464.56,10351.65,501816.19,10362,491956,169.83,156.84,326.67,157,170,0.00,0.00,0,0
1544349614,3005-eth1,761782.25,958245.75,1720028.00,959204,762544,583.42,557.44,1140.86,558,584,0.00,0.00,0,0
1544349614,2001-eth4,463794.22,502983.03,966777.25,503486,464258,332.67,334.67,667.33,335,333,0.00,0.00,0,0
1544349614,3003-eth4,34173.83,1222949.12,1257122.88,1224172,34208,479.52,497.50,977.02,498,480,0.00,0.00,0,0
1544349614,2004-eth1,0.00,0.00,0.00,0,0,0.00,0.00,0.00,0,0,0.00,0.00,0,0
1544349614,3006-eth4,13372.63,271122.88,284495.50,271394,13386,164.84,168.83,333.67,169,165,0.00,0.00,0,0
1544349614,3007-eth1,10351.65,491464.56,501816.19,491956,10362,156.84,169.83,326.67,170,157,0.00,0.00,0,0
1544349614,2008-eth1,0.00,0.00,0.00,0,0,0.00,0.00,0.00,0,0,0.00,0.00,0,0
1544349614,2002-eth2,5678.32,5678.32,11356.64,5684,5684,57.94,57.94,115.88,58,58,0.00,0.00,0,0
1544349614,2003-eth1,422249.75,755888.12,1178137.88,756644,422672,429.57,465.53,895.10,466,430,0.00,0.00,0,0
1544349614,3008-eth4,34075.93,1221632.38,1255708.38,1222854,34110,478.52,498.50,977.02,499,479,0.00,0.00,0,0
1544349614,1004-eth4,5874.13,5874.13,11748.25,5880,5880,59.94,59.94,119.88,60,60,0.00,0.00,0,0
1544349614,3006-eth1,543726.31,13628.37,557354.69,13642,544270,206.79,196.80,403.60,197,207,0.00,0.00,0,0
1544349614,1004-eth3,9594.41,9594.41,19188.81,9604,9604,97.90,97.90,195.80,98,98,0.00,0.00,0,0
1544349614,1002-eth2,0.00,0.00,0.00,0,0,0.00,0.00,0.00,0,0,0.00,0.00,0,0
1544349614,3004-eth3,1201790.25,425712.31,1627502.50,426138,1202992,543.46,532.47,1075.92,533,544,0.00,0.00,0,0
1544349614,2003-eth3,5776.22,5678.32,11454.55,5684,5782,58.94,57.94,116.88,58,59,0.00,0.00,0,0
1544349614,2005-eth1,752069.94,418529.47,1170599.38,418948,752822,426.57,391.61,818.18,392,427,0.00,0.00,0,0
1544349614,3002-eth3,1222771.25,517838.19,1740609.50,518356,1223994,576.42,569.43,1145.85,570,577,0.00,0.00,0,0
1544349614,3006-eth3,19306.69,549404.62,568711.31,549954,19326,254.75,264.74,519.48,265,255,0.00,0.00,0,0
1544349614,2001-eth1,502983.03,463794.22,966777.25,464258,503486,334.67,332.67,667.33,333,335,0.00,0.00,0,0
1544349614,3005-eth2,5736.26,263486.53,269222.78,263750,5742,86.91,90.91,177.82,91,87,0.00,0.00,0,0
1544349614,2001-eth2,0.00,0.00,0.00,0,0,0.00,0.00,0.00,0,0,0.00,0.00,0,0
1544349614,3007-eth2,0.00,0.00,0.00,0,0,0.00,0.00,0.00,0,0,0.00,0.00,0,0
1544349614,1001-eth1,463794.22,502983.03,966777.25,503486,464258,332.67,334.67,667.33,335,333,0.00,0.00,0,0
1544349614,3007-eth4,1223664.38,1225114.88,2448779.25,1226340,1224888,787.21,809.19,1596.40,810,788,0.00,0.00,0,0
1544349614,2003-eth2,0.00,0.00,0.00,0,0,0.00,0.00,0.00,0,0,0.00,0.00,0,0
1544349614,3007-eth3,1217788.25,838927.12,2056715.38,839766,1219006,654.35,678.32,1332.67,679,655,0.00,0.00,0,0
1544349614,1002-eth1,0.00,0.00,0.00,0,0,0.00,0.00,0.00,0,0,0.00,0.00,0,0
1544349614,2002-eth3,0.00,0.00,0.00,0,0,0.00,0.00,0.00,0,0,0.00,0.00,0,0
1544349614,2007-eth2,0.00,0.00,0.00,0,0,0.00,0.00,0.00,0,0,0.00,0.00,0,0
1544349614,total,25105232.00,25406402.00,50511632.00,25431808,25130336,18131.87,18345.65,36477.52,18364,18150,0.00,0.00,0,0
1544349615,3003-eth3,1220479.50,369106.91,1589586.50,369476,1221700,581.42,573.43,1154.85,574,582,0.00,0.00,0,0
1544349615,2002-eth1,0.00,0.00,0.00,0,0,0.00,0.00,0.00,0,0,0.00,0.00,0,0
1544349615,lo,0.00,0.00,0.00,0,0,0.00,0.00,0.00,0,0,0.00,0.00,0,0
1544349615,3005-eth3,1219130.88,1222024.00,2441155.00,1223246,1220350,806.19,806.19,1612.39,807,807,0.00,0.00,0,0
1544349615,2005-eth3,954119.88,553144.88,1507264.75,553698,955074,566.43,556.44,1122.88,557,567,0.00,0.00,0,0
1544349615,3004-eth4,1222209.88,1221668.38,2443878.25,1222890,1223432,743.26,822.18,1565.43,823,744,0.00,0.00,0,0
1544349615,1004-eth2,1958.04,1958.04,3916.08,1960,1960,19.98,19.98,39.96,20,20,0.00,0.00,0,0
1544349615,2004-eth4,342799.22,16057.94,358857.16,16074,343142,174.83,170.83,345.65,171,175,0.00,0.00,0,0
1544349615,1001-eth2,547546.44,432927.09,980473.56,433360,548094,442.56,443.56,886.11,444,443,0.00,0.00,0,0
1544349615,1003-eth3,0.00,0.00,0.00,0,0,0.00,0.00,0.00,0,0,0.00,0.00,0,0
1544349615,2002-eth4,5776.22,5776.22,11552.45,5782,5782,58.94,58.94,117.88,59,59,0.00,0.00,0,0
1544349615,1001-eth4,498445.56,459410.59,957856.19,459870,498944,331.67,330.67,662.34,331,332,0.00,0.00,0,0
1544349615,3001-eth2,0.00,0.00,0.00,0,0,0.00,0.00,0.00,0,0,0.00,0.00,0,0
1544349615,1004-eth1,5776.22,5776.22,11552.45,5782,5782,58.94,58.94,117.88,59,59,0.00,0.00,0,0
1544349615,3005-eth4,1218959.12,559013.00,1777972.12,559572,1220178,656.34,645.35,1301.70,646,657,0.00,0.00,0,0
1544349615,1003-eth2,0.00,0.00,0.00,0,0,0.00,0.00,0.00,0,0,0.00,0.00,0,0
1544349615,3008-eth1,446081.94,11452.55,457534.47,11464,446528,173.83,163.84,337.66,164,174,0.00,0.00,0,0
1544349615,1002-eth3,0.00,0.00,0.00,0,0,0.00,0.00,0.00,0,0,0.00,0.00,0,0
1544349615,2006-eth1,0.00,0.00,0.00,0,0,0.00,0.00,0.00,0,0,0.00,0.00,0,0
1544349615,3003-eth1,5874.13,5874.13,11748.25,5880,5880,59.94,59.94,119.88,60,60,0.00,0.00,0,0
1544349615,2001-eth3,0.00,0.00,0.00,0,0,0.00,0.00,0.00,0,0,0.00,0.00,0,0
1544349615,2008-eth2,5776.22,5776.22,11552.45,5782,5782,58.94,58.94,117.88,59,59,0.00,0.00,0,0
1544349615,2008-eth3,0.00,0.00,0.00,0,0,0.00,0.00,0.00,0,0,0.00,0.00,0,0
1544349615,1001-eth3,429011.00,543630.38,972641.38,544174,429440,403.60,402.60,806.19,403,404,0.00,0.00,0,0
1544349615,2007-eth4,11452.55,446081.94,457534.47,446528,11464,163.84,173.83,337.66,174,164,0.00,0.00,0,0
1544349615,2004-eth2,1958.04,1958.04,3916.08,1960,1960,19.98,19.98,39.96,20,20,0.00,0.00,0,0
1544349615,3002-eth1,498445.56,459410.59,957856.19,459870,498944,331.67,330.67,662.34,331,332,0.00,0.00,0,0
1544349615,3004-eth1,427052.97,541672.31,968725.31,542214,427480,383.62,382.62,766.23,383,384,0.00,0.00,0,0
1544349615,2006-eth3,275322.69,5868.13,281190.81,5874,275598,94.91,88.91,183.82,89,95,0.00,0.00,0,0
1544349615,3004-eth2,16057.94,342799.22,358857.16,343142,16074,170.83,174.83,345.65,175,171,0.00,0.00,0,0
1544349615,3001-eth3,1222090.00,1222024.00,2444114.00,1223246,1223312,807.19,806.19,1613.39,807,808,0.00,0.00,0,0
1544349615,2003-eth4,541672.31,427052.97,968725.31,427480,542214,382.62,383.62,766.23,384,383,0.00,0.00,0,0
1544349615,2008-eth4,5776.22,5776.22,11552.45,5782,5782,58.94,58.94,117.88,59,59,0.00,0.00,0,0
1544349615,3008-eth3,1220203.88,470563.44,1690767.25,471034,1221424,559.44,554.45,1113.89,555,560,0.00,0.00,0,0
1544349615,2005-eth2,0.00,0.00,0.00,0,0,0.00,0.00,0.00,0,0,0.00,0.00,0,0
1544349615,2006-eth4,15462.54,284917.09,300379.62,285202,15478,186.81,192.81,379.62,193,187,0.00,0.00,0,0
1544349615,3006-eth2,284917.09,15462.54,300379.62,15478,285202,192.81,186.81,379.62,187,193,0.00,0.00,0,0
1544349615,1003-eth4,0.00,0.00,0.00,0,0,0.00,0.00,0.00,0,0,0.00,0.00,0,0
1544349615,2006-eth2,9594.41,9594.41,19188.81,9604,9604,97.90,97.90,195.80,98,98,0.00,0.00,0,0
1544349615,3001-eth1,0.00,0.00,0.00,0,0,0.00,0.00,0.00,0,0,0.00,0.00,0,0
1544349615,3008-eth2,5776.22,5776.22,11552.45,5782,5782,58.94,58.94,117.88,59,59,0.00,0.00,0,0
1544349615,2004-eth3,18015.98,344757.25,362773.25,345102,18034,190.81,194.81,385.61,195,191,0.00,0.00,0,0
1544349615,3001-eth4,1222090.00,1222024.00,2444114.00,1223246,1223312,807.19,806.19,1613.39,807,808,0.00,0.00,0,0
1544349615,1003-eth1,0.00,0.00,0.00,0,0,0.00,0.00,0.00,0,0,0.00,0.00,0,0
1544349615,3002-eth2,5776.22,5776.22,11552.45,5782,5782,58.94,58.94,117.88,59,59,0.00,0.00,0,0
1544349615,2005-eth4,13430.57,528931.06,542361.62,529460,13444,193.81,201.80,395.60,202,194,0.00,0.00,0,0
1544349615,3003-eth2,344757.25,18015.98,362773.25,18034,345102,194.81,190.81,385.61,191,195,0.00,0.00,0,0
1544349615,2007-eth1,459410.59,498445.56,957856.19,498944,459870,330.67,331.67,662.34,332,331,0.00,0.00,0,0
1544349615,1002-eth4,0.00,0.00,0.00,0,0,0.00,0.00,0.00,0,0,0.00,0.00,0,0
1544349615,3002-eth4,24679.32,810030.00,834709.31,810840,24704,335.66,355.64,691.31,356,336,0.00,0.00,0,0
1544349615,2007-eth3,487062.94,13398.60,500461.56,13412,487550,168.83,157.84,326.67,158,169,0.00,0.00,0,0
1544349615,3005-eth1,553144.88,954119.88,1507264.75,955074,553698,556.44,566.43,1122.88,567,557,0.00,0.00,0,0
1544349615,2001-eth4,459410.59,498445.56,957856.19,498944,459870,330.67,331.67,662.34,332,331,0.00,0.00,0,0
1544349615,3003-eth4,34139.86,1221632.38,1255772.25,1222854,34174,478.52,498.50,977.02,499,479,0.00,0.00,0,0
1544349615,2004-eth1,0.00,0.00,0.00,0,0,0.00,0.00,0.00,0,0,0.00,0.00,0,0
1544349615,3006-eth4,13504.50,282959.06,296463.53,283242,13518,166.83,172.83,339.66,173,167,0.00,0.00,0,0
1544349615,3007-eth1,13398.60,487062.94,500461.56,487550,13412,157.84,168.83,326.67,169,158,0.00,0.00,0,0
1544349615,2008-eth1,0.00,0.00,0.00,0,0,0.00,0.00,0.00,0,0,0.00,0.00,0,0
1544349615,2002-eth2,5776.22,5776.22,11552.45,5782,5782,58.94,58.94,117.88,59,59,0.00,0.00,0,0
1544349615,2003-eth1,432927.09,550571.44,983498.50,551122,433360,443.56,444.56,888.11,445,444,0.00,0.00,0,0
1544349615,3008-eth4,34271.73,1224493.50,1258765.25,1225718,34306,480.52,498.50,979.02,499,481,0.00,0.00,0,0
1544349615,1004-eth4,5874.13,5874.13,11748.25,5880,5880,59.94,59.94,119.88,60,60,0.00,0.00,0,0
1544349615,3006-eth1,528931.06,13430.57,542361.62,13444,529460,201.80,193.81,395.60,194,202,0.00,0.00,0,0
1544349615,1004-eth3,9692.31,9692.31,19384.62,9702,9702,98.90,98.90,197.80,99,99,0.00,0.00,0,0
1544349615,1002-eth2,0.00,0.00,0.00,0,0,0.00,0.00,0.00,0,0,0.00,0.00,0,0
1544349615,3004-eth3,1191466.62,432879.12,1624345.75,433312,1192658,540.46,531.47,1071.93,532,541,0.00,0.00,0,0
1544349615,2003-eth3,5874.13,5874.13,11748.25,5880,5880,59.94,59.94,119.88,60,60,0.00,0.00,0,0
1544349615,2005-eth1,546655.38,429011.00,975666.38,429440,547202,404.60,403.60,808.19,404,405,0.00,0.00,0,0
1544349615,3002-eth3,1221126.88,513432.59,1734559.50,513946,1222348,573.43,568.43,1141.86,569,574,0.00,0.00,0,0
1544349615,3006-eth3,19108.89,534609.38,553718.31,535144,19128,251.75,259.74,511.49,260,252,0.00,0.00,0,0
1544349615,2001-eth1,498445.56,459410.59,957856.19,459870,498944,331.67,330.67,662.34,331,332,0.00,0.00,0,0
1544349615,3005-eth2,5868.13,275322.69,281190.81,275598,5874,88.91,94.91,183.82,95,89,0.00,0.00,0,0
1544349615,2001-eth2,0.00,0.00,0.00,0,0,0.00,0.00,0.00,0,0,0.00,0.00,0,0
1544349615,3007-eth2,0.00,0.00,0.00,0,0,0.00,0.00,0.00,0,0,0.00,0.00,0,0
1544349615,1001-eth1,459410.59,498445.56,957856.19,498944,459870,330.67,331.67,662.34,332,331,0.00,0.00,0,0
1544349615,3007-eth4,1224649.38,1222099.88,2446749.25,1223322,1225874,780.22,818.18,1598.40,819,781,0.00,0.00,0,0
1544349615,2003-eth2,0.00,0.00,0.00,0,0,0.00,0.00,0.00,0,0,0.00,0.00,0,0
1544349615,3007-eth3,1208701.38,623320.69,1832022.00,623944,1209910,660.34,655.34,1315.68,656,661,0.00,0.00,0,0
1544349615,1002-eth1,0.00,0.00,0.00,0,0,0.00,0.00,0.00,0,0,0.00,0.00,0,0
1544349615,2002-eth3,0.00,0.00,0.00,0,0,0.00,0.00,0.00,0,0,0.00,0.00,0,0
1544349615,2007-eth2,0.00,0.00,0.00,0,0,0.00,0.00,0.00,0,0,0.00,0.00,0,0
1544349615,total,23707328.00,23342396.00,47049724.00,23365738,23731034,17983.02,18126.87,36109.89,18145,18001,0.00,0.00,0,0
1544349616,3003-eth3,1223468.62,577818.19,1801286.75,578396,1224692,643.36,645.35,1288.71,646,644,0.00,0.00,0,0
1544349616,2002-eth1,0.00,0.00,0.00,0,0,0.00,0.00,0.00,0,0,0.00,0.00,0,0
1544349616,lo,1198.80,1198.80,2397.60,1200,1200,19.98,19.98,39.96,20,20,0.00,0.00,0,0
1544349616,3005-eth3,1224983.00,1225114.88,2450098.00,1226340,1226208,807.19,809.19,1616.38,810,808,0.00,0.00,0,0
1544349616,2005-eth3,974257.75,770016.00,1744273.75,770786,975232,643.36,664.34,1307.69,665,644,0.00,0.00,0,0
1544349616,3004-eth4,1232981.00,1221720.38,2454701.25,1222942,1234214,1037.96,960.04,1998.00,961,1039,0.00,0.00,0,0
1544349616,1004-eth2,1958.04,1958.04,3916.08,1960,1960,19.98,19.98,39.96,20,20,0.00,0.00,0,0
1544349616,2004-eth4,551642.38,22349.65,573992.00,22372,552194,248.75,237.76,486.51,238,249,0.00,0.00,0,0
1544349616,1001-eth2,764153.88,441322.69,1205476.50,441764,764918,546.45,517.48,1063.94,518,547,0.00,0.00,0,0
1544349616,1003-eth3,0.00,0.00,0.00,0,0,0.00,0.00,0.00,0,0,0.00,0.00,0,0
1544349616,2002-eth4,5678.32,5678.32,11356.64,5684,5684,57.94,57.94,115.88,58,58,0.00,0.00,0,0
1544349616,1001-eth4,409810.19,473116.91,882927.12,473590,410220,325.67,354.65,680.32,355,326,0.00,0.00,0,0
1544349616,3001-eth2,0.00,0.00,0.00,0,0,0.00,0.00,0.00,0,0,0.00,0.00,0,0
1544349616,1004-eth1,5678.32,5678.32,11356.64,5684,5684,57.94,57.94,115.88,58,58,0.00,0.00,0,0
1544349616,3005-eth4,1225908.12,775488.56,2001396.62,776264,1227134,730.27,747.25,1477.52,748,731,0.00,0.00,0,0
1544349616,1003-eth2,0.00,0.00,0.00,0,0,0.00,0.00,0.00,0,0,0.00,0.00,0,0
1544349616,3008-eth1,456401.62,11320.68,467722.28,11332,456858,176.82,161.84,338.66,162,177,0.00,0.00,0,0
1544349616,1002-eth3,0.00,0.00,0.00,0,0,0.00,0.00,0.00,0,0,0.00,0.00,0,0
1544349616,2006-eth1,0.00,0.00,0.00,0,0,0.00,0.00,0.00,0,0,0.00,0.00,0,0
1544349616,3003-eth1,5874.13,5874.13,11748.25,5880,5880,59.94,59.94,119.88,60,60,0.00,0.00,0,0
1544349616,2001-eth3,0.00,0.00,0.00,0,0,0.00,0.00,0.00,0,0,0.00,0.00,0,0
1544349616,2008-eth2,5776.22,5776.22,11552.45,5782,5782,58.94,58.94,117.88,59,59,0.00,0.00,0,0
1544349616,2008-eth3,0.00,0.00,0.00,0,0,0.00,0.00,0.00,0,0,0.00,0.00,0,0
1544349616,1001-eth3,437406.59,760237.81,1197644.38,760998,437844,477.52,506.49,984.02,507,478,0.00,0.00,0,0
1544349616,2007-eth4,11320.68,456401.62,467722.28,456858,11332,161.84,176.82,338.66,177,162,0.00,0.00,0,0
1544349616,2004-eth2,1958.04,1958.04,3916.08,1960,1960,19.98,19.98,39.96,20,20,0.00,0.00,0,0
1544349616,3002-eth1,409810.19,473116.91,882927.12,473590,410220,325.67,354.65,680.32,355,326,0.00,0.00,0,0
1544349616,3004-eth1,435448.56,758279.75,1193728.25,759038,435884,457.54,486.51,944.06,487,458,0.00,0.00,0,0
1544349616,2006-eth3,269404.59,5604.40,275009.00,5610,269674,92.91,84.92,177.82,85,93,0.00,0.00,0,0
1544349616,3004-eth2,22349.65,551642.38,573992.00,552194,22372,237.76,248.75,486.51,249,238,0.00,0.00,0,0
1544349616,3001-eth3,1222024.00,1222090.00,2444114.00,1223312,1223246,806.19,807.19,1613.39,808,807,0.00,0.00,0,0
1544349616,2003-eth4,758279.75,435448.56,1193728.25,435884,759038,486.51,457.54,944.06,458,487,0.00,0.00,0,0
1544349616,2008-eth4,5776.22,5776.22,11552.45,5782,5782,58.94,58.94,117.88,59,59,0.00,0.00,0,0
1544349616,3008-eth3,1224609.38,480817.19,1705426.62,481298,1225834,560.44,556.44,1116.88,557,561,0.00,0.00,0,0
1544349616,2005-eth2,0.00,0.00,0.00,0,0,0.00,0.00,0.00,0,0,0.00,0.00,0,0
1544349616,2006-eth4,15296.70,279096.91,294393.62,279376,15312,183.82,191.81,375.62,192,184,0.00,0.00,0,0
1544349616,3006-eth2,279096.91,15296.70,294393.62,15312,279376,191.81,183.82,375.62,184,192,0.00,0.00,0,0
1544349616,1003-eth4,0.00,0.00,0.00,0,0,0.00,0.00,0.00,0,0,0.00,0.00,0,0
1544349616,2006-eth2,9692.31,9692.31,19384.62,9702,9702,98.90,98.90,197.80,99,99,0.00,0.00,0,0
1544349616,3001-eth1,0.00,0.00,0.00,0,0,0.00,0.00,0.00,0,0,0.00,0.00,0,0
1544349616,3008-eth2,5776.22,5776.22,11552.45,5782,5782,58.94,58.94,117.88,59,59,0.00,0.00,0,0
1544349616,2004-eth3,24307.69,553600.44,577908.12,554154,24332,257.74,268.73,526.47,269,258,0.00,0.00,0,0
1544349616,3001-eth4,1222090.00,1225114.88,2447204.75,1226340,1223312,807.19,809.19,1616.38,810,808,0.00,0.00,0,0
1544349616,1003-eth1,0.00,0.00,0.00,0,0,0.00,0.00,0.00,0,0,0.00,0.00,0,0
1544349616,3002-eth2,5678.32,5678.32,11356.64,5684,5684,57.94,57.94,115.88,58,58,0.00,0.00,0,0
1544349616,2005-eth4,13694.31,543726.31,557420.62,544270,13708,197.80,206.79,404.60,207,198,0.00,0.00,0,0
1544349616,3003-eth2,553600.44,24307.69,577908.12,24332,554154,268.73,257.74,526.47,258,269,0.00,0.00,0,0
1544349616,2007-eth1,473116.91,409810.19,882927.12,410220,473590,354.65,325.67,680.32,326,355,0.00,0.00,0,0
1544349616,1002-eth4,0.00,0.00,0.00,0,0,0.00,0.00,0.00,0,0,0.00,0.00,0,0
1544349616,3002-eth4,24515.48,818809.19,843324.69,819628,24540,333.67,357.64,691.31,358,334,0.00,0.00,0,0
1544349616,2007-eth3,398489.53,16715.29,415204.81,16732,398888,163.84,177.82,341.66,178,164,0.00,0.00,0,0
1544349616,3005-eth1,770016.00,974257.75,1744273.75,975232,770786,664.34,643.36,1307.69,644,665,0.00,0.00,0,0
1544349616,2001-eth4,473116.91,409810.19,882927.12,410220,473590,354.65,325.67,680.32,326,355,0.00,0.00,0,0
1544349616,3003-eth4,34007.99,1221632.38,1255640.38,1222854,34042,476.52,498.50,975.03,499,477,0.00,0.00,0,0
1544349616,2004-eth1,0.00,0.00,0.00,0,0,0.00,0.00,0.00,0,0,0.00,0.00,0,0
1544349616,3006-eth4,13338.66,277138.88,290477.53,277416,13352,163.84,171.83,335.66,172,164,0.00,0.00,0,0
1544349616,3007-eth1,16715.29,398489.53,415204.81,398888,16732,177.82,163.84,341.66,164,178,0.00,0.00,0,0
1544349616,2008-eth1,0.00,0.00,0.00,0,0,0.00,0.00,0.00,0,0,0.00,0.00,0,0
1544349616,2002-eth2,5678.32,5678.32,11356.64,5684,5684,57.94,57.94,115.88,58,58,0.00,0.00,0,0
1544349616,2003-eth1,441322.69,761128.88,1202451.62,761890,441764,517.48,544.46,1061.94,545,518,0.00,0.00,0,0
1544349616,3008-eth4,34009.99,1222949.12,1256959.12,1224172,34044,477.52,497.50,975.03,498,478,0.00,0.00,0,0
1544349616,1004-eth4,5678.32,5678.32,11356.64,5684,5684,57.94,57.94,115.88,58,58,0.00,0.00,0,0
1544349616,3006-eth1,543726.31,13694.31,557420.62,13708,544270,206.79,197.80,404.60,198,207,0.00,0.00,0,0
1544349616,1004-eth3,9594.41,9594.41,19188.81,9604,9604,97.90,97.90,195.80,98,98,0.00,0.00,0,0
1544349616,1002-eth2,0.00,0.00,0.00,0,0,0.00,0.00,0.00,0,0,0.00,0.00,0,0
1544349616,3004-eth3,1178117.88,428077.94,1606195.88,428506,1179296,535.46,524.48,1059.94,525,536,0.00,0.00,0,0
1544349616,2003-eth3,5874.13,5874.13,11748.25,5880,5880,59.94,59.94,119.88,60,60,0.00,0.00,0,0
1544349616,2005-eth1,757212.81,437406.59,1194619.38,437844,757970,504.50,477.52,982.02,478,505,0.00,0.00,0,0
1544349616,3002-eth3,1220403.62,424731.28,1645134.88,425156,1221624,573.43,561.44,1134.87,562,574,0.00,0.00,0,0
1544349616,3006-eth3,19568.43,549600.44,569168.88,550150,19588,257.74,266.73,524.48,267,258,0.00,0.00,0,0
1544349616,2001-eth1,409810.19,473116.91,882927.12,473590,410220,325.67,354.65,680.32,355,326,0.00,0.00,0,0
1544349616,3005-eth2,5604.40,269404.59,275009.00,269674,5610,84.92,92.91,177.82,93,85,0.00,0.00,0,0
1544349616,2001-eth2,0.00,0.00,0.00,0,0,0.00,0.00,0.00,0,0,0.00,0.00,0,0
1544349616,3007-eth2,0.00,0.00,0.00,0,0,0.00,0.00,0.00,0,0,0.00,0.00,0,0
1544349616,1001-eth1,473116.91,409810.19,882927.12,410220,473590,354.65,325.67,680.32,326,355,0.00,0.00,0,0
1544349616,3007-eth4,1223610.38,1222371.62,2445982.00,1223594,1224834,852.15,860.14,1712.29,861,853,0.00,0.00,0,0
1544349616,2003-eth2,0.00,0.00,0.00,0,0,0.00,0.00,0.00,0,0,0.00,0.00,0,0
1544349616,3007-eth3,1202697.38,650479.56,1853176.88,651130,1203900,681.32,672.33,1353.65,673,682,0.00,0.00,0,0
1544349616,1002-eth1,0.00,0.00,0.00,0,0,0.00,0.00,0.00,0,0,0.00,0.00,0,0
1544349616,2002-eth3,0.00,0.00,0.00,0,0,0.00,0.00,0.00,0,0,0.00,0.00,0,0
1544349616,2007-eth2,0.00,0.00,0.00,0,0,0.00,0.00,0.00,0,0,0.00,0.00,0,0
1544349616,total,24756734.00,24774354.00,49531088.00,24799128,24781490,19577.42,19578.42,39155.85,19598,19597,0.00,0.00,0,0
1544349617,3003-eth3,1219946.12,554933.06,1774879.12,555488,1221166,636.36,627.37,1263.74,628,637,0.00,0.00,0,0
1544349617,2002-eth1,0.00,0.00,0.00,0,0,0.00,0.00,0.00,0,0,0.00,0.00,0,0
1544349617,lo,0.00,0.00,0.00,0,0,0.00,0.00,0.00,0,0,0.00,0.00,0,0
1544349617,3005-eth3,1215578.50,1219065.00,2434643.50,1220284,1216794,796.20,805.19,1601.40,806,797,0.00,0.00,0,0
1544349617,2005-eth3,970419.62,717672.38,1688092.00,718390,971390,652.35,638.36,1290.71,639,653,0.00,0.00,0,0
1544349617,3004-eth4,1230459.62,1221152.88,2451612.50,1222374,1231690,912.09,964.04,1876.12,965,913,0.00,0.00,0,0
1544349617,1004-eth2,1958.04,1958.04,3916.08,1960,1960,19.98,19.98,39.96,20,20,0.00,0.00,0,0
1544349617,2004-eth4,528823.19,21336.66,550159.88,21358,529352,231.77,232.77,464.54,233,232,0.00,0.00,0,0
1544349617,1001-eth2,711915.12,428509.50,1140424.62,428938,712627,520.48,522.48,1042.96,523,521,0.00,0.00,0,0
1544349617,1003-eth3,0.00,0.00,0.00,0,0,0.00,0.00,0.00,0,0,0.00,0.00,0,0
1544349617,2002-eth4,5874.13,5874.13,11748.25,5880,5880,59.94,59.94,119.88,60,60,0.00,0.00,0,0
1544349617,1001-eth4,329986.03,500499.50,830485.56,501000,330316,321.68,371.63,693.31,372,322,0.00,0.00,0,0
1544349617,3001-eth2,0.00,69.93,69.93,70,0,0.00,1.00,1.00,1,0,0.00,0.00,0,0
1544349617,1004-eth1,5874.13,5874.13,11748.25,5880,5880,59.94,59.94,119.88,60,60,0.00,0.00,0,0
1544349617,3005-eth4,1220639.38,723672.38,1944311.75,724396,1221860,739.26,729.27,1468.53,730,740,0.00,0.00,0,0
1544349617,1003-eth2,0.00,0.00,0.00,0,0,0.00,0.00,0.00,0,0,0.00,0.00,0,0
1544349617,3008-eth1,483032.97,11452.55,494485.53,11464,483516,185.81,163.84,349.65,164,186,0.00,0.00,0,0
1544349617,1002-eth3,0.00,0.00,0.00,0,0,0.00,0.00,0.00,0,0,0.00,0.00,0,0
1544349617,2006-eth1,0.00,0.00,0.00,0,0,0.00,0.00,0.00,0,0,0.00,0.00,0,0
1544349617,3003-eth1,5776.22,5776.22,11552.45,5782,5782,58.94,58.94,117.88,59,59,0.00,0.00,0,0
1544349617,2001-eth3,0.00,0.00,0.00,0,0,0.00,0.00,0.00,0,0,0.00,0.00,0,0
1544349617,2008-eth2,5874.13,5874.13,11748.25,5880,5880,59.94,59.94,119.88,60,60,0.00,0.00,0,0
1544349617,2008-eth3,0.00,0.00,0.00,0,0,0.00,0.00,0.00,0,0,0.00,0.00,0,0
1544349617,1001-eth3,424894.12,708096.94,1132991.00,708805,425319,484.52,481.52,966.03,482,485,0.00,0.00,0,0
1544349617,2007-eth4,11452.55,483032.97,494485.53,483516,11464,163.84,185.81,349.65,186,164,0.00,0.00,0,0
1544349617,2004-eth2,1958.04,1958.04,3916.08,1960,1960,19.98,19.98,39.96,20,20,0.00,0.00,0,0
1544349617,3002-eth1,329888.12,500401.62,830289.75,500902,330218,320.68,370.63,691.31,371,321,0.00,0.00,0,0
1544349617,3004-eth1,422733.28,705936.06,1128669.38,706642,423156,463.54,460.54,924.08,461,464,0.00,0.00,0,0
1544349617,2006-eth3,296035.97,6000.00,302035.97,6006,296332,101.90,90.91,192.81,91,102,0.00,0.00,0,0
1544349617,3004-eth2,21336.66,528823.19,550159.88,529352,21358,232.77,231.77,464.54,232,233,0.00,0.00,0,0
1544349617,3001-eth3,1222155.88,1222090.00,2444245.75,1223312,1223378,808.19,807.19,1615.38,808,809,0.00,0.00,0,0
1544349617,2003-eth4,705936.06,422733.28,1128669.38,423156,706642,460.54,463.54,924.08,464,461,0.00,0.00,0,0
1544349617,2008-eth4,5874.13,5874.13,11748.25,5880,5880,59.94,59.94,119.88,60,60,0.00,0.00,0,0
1544349617,3008-eth3,1217376.62,507382.62,1724759.25,507890,1218594,560.44,564.44,1124.88,565,561,0.00,0.00,0,0
1544349617,2005-eth2,0.00,0.00,0.00,0,0,0.00,0.00,0.00,0,0,0.00,0.00,0,0
1544349617,2006-eth4,15790.21,305826.19,321616.41,306132,15806,190.81,201.80,392.61,202,191,0.00,0.00,0,0
1544349617,3006-eth2,305826.19,15790.21,321616.41,15806,306132,201.80,190.81,392.61,191,202,0.00,0.00,0,0
1544349617,1003-eth4,0.00,0.00,0.00,0,0,0.00,0.00,0.00,0,0,0.00,0.00,0,0
1544349617,2006-eth2,9860.14,9860.14,19720.28,9870,9870,100.90,100.90,201.80,101,101,0.00,0.00,0,0
1544349617,3001-eth1,0.00,0.00,0.00,0,0,0.00,0.00,0.00,0,0,0.00,0.00,0,0
1544349617,3008-eth2,5874.13,5874.13,11748.25,5880,5880,59.94,59.94,119.88,60,60,0.00,0.00,0,0
1544349617,2004-eth3,23294.71,530781.25,554075.94,531312,23318,252.75,251.75,504.50,252,253,0.00,0.00,0,0
1544349617,3001-eth4,1222090.00,1219130.88,2441220.75,1220350,1223312,807.19,806.19,1613.39,807,808,0.00,0.00,0,0
1544349617,1003-eth1,0.00,0.00,0.00,0,0,0.00,0.00,0.00,0,0,0.00,0.00,0,0
1544349617,3002-eth2,5874.13,5874.13,11748.25,5880,5880,59.94,59.94,119.88,60,60,0.00,0.00,0,0
1544349617,2005-eth4,13694.31,546685.31,560379.62,547232,13708,197.80,207.79,405.59,208,198,0.00,0.00,0,0
1544349617,3003-eth2,530781.25,23294.71,554075.94,23318,531312,251.75,252.75,504.50,253,252,0.00,0.00,0,0
1544349617,2007-eth1,500499.50,329986.03,830485.56,330316,501000,371.63,321.68,693.31,322,372,0.00,0.00,0,0
1544349617,1002-eth4,0.00,0.00,0.00,0,0,0.00,0.00,0.00,0,0,0.00,0.00,0,0
1544349617,3002-eth4,24547.45,833702.31,858249.75,834536,24572,333.67,363.64,697.30,364,334,0.00,0.00,0,0
1544349617,2007-eth3,318533.47,17466.53,336000.00,17484,318852,157.84,185.81,343.66,186,158,0.00,0.00,0,0
1544349617,3005-eth1,717672.38,970419.62,1688092.00,971390,718390,638.36,652.35,1290.71,653,639,0.00,0.00,0,0
1544349617,2001-eth4,500401.62,329888.12,830289.75,330218,500902,370.63,320.68,691.31,321,371,0.00,0.00,0,0
1544349617,3003-eth4,33844.16,1218575.50,1252419.62,1219794,33878,474.53,496.50,971.03,497,475,0.00,0.00,0,0
1544349617,2004-eth1,0.00,0.00,0.00,0,0,0.00,0.00,0.00,0,0,0.00,0.00,0,0
1544349617,3006-eth4,13832.17,303868.12,317700.31,304172,13846,170.83,181.82,352.65,182,171,0.00,0.00,0,0
1544349617,3007-eth1,17466.53,318533.47,336000.00,318852,17484,185.81,157.84,343.66,158,186,0.00,0.00,0,0
1544349617,2008-eth1,0.00,0.00,0.00,0,0,0.00,0.00,0.00,0,0,0.00,0.00,0,0
1544349617,2002-eth2,5874.13,5874.13,11748.25,5880,5880,59.94,59.94,119.88,60,60,0.00,0.00,0,0
1544349617,2003-eth1,428509.50,711915.12,1140424.62,712627,428938,522.48,520.48,1042.96,521,523,0.00,0.00,0,0
1544349617,3008-eth4,34139.86,1218673.38,1252813.25,1219892,34174,478.52,497.50,976.02,498,479,0.00,0.00,0,0
1544349617,1004-eth4,5874.13,5874.13,11748.25,5880,5880,59.94,59.94,119.88,60,60,0.00,0.00,0,0
1544349617,3006-eth1,546685.31,13694.31,560379.62,13708,547232,207.79,197.80,405.59,198,208,0.00,0.00,0,0
1544349617,1004-eth3,9860.14,9860.14,19720.28,9870,9870,100.90,100.90,201.80,101,101,0.00,0.00,0,0
1544349617,1002-eth2,0.00,0.00,0.00,0,0,0.00,0.00,0.00,0,0,0.00,0.00,0,0
1544349617,3004-eth3,1177656.38,417688.31,1595344.75,418106,1178834,528.47,520.48,1048.95,521,529,0.00,0.00,0,0
1544349617,2003-eth3,5776.22,5776.22,11552.45,5782,5782,58.94,58.94,117.88,59,59,0.00,0.00,0,0
1544349617,2005-eth1,708096.94,424894.12,1132991.00,425319,708805,481.52,484.52,966.03,485,482,0.00,0.00,0,0
1544349617,3002-eth3,1219572.50,344841.16,1564413.62,345186,1220792,571.43,556.44,1127.87,557,572,0.00,0.00,0,0
1544349617,3006-eth3,19638.36,552559.44,572197.81,553112,19658,258.74,267.73,526.47,268,259,0.00,0.00,0,0
1544349617,2001-eth1,330090.91,500401.62,830492.50,500902,330421,321.68,370.63,692.31,371,322,0.00,0.00,0,0
1544349617,3005-eth2,6000.00,296035.97,302035.97,296332,6006,90.91,101.90,192.81,102,91,0.00,0.00,0,0
1544349617,2001-eth2,0.00,69.93,69.93,70,0,0.00,1.00,1.00,1,0,0.00,0.00,0,0
1544349617,3007-eth2,0.00,0.00,0.00,0,0,0.00,0.00,0.00,0,0,0.00,0.00,0,0
1544349617,1001-eth1,500401.62,330090.91,830492.50,330421,500902,370.63,321.68,692.31,322,371,0.00,0.00,0,0
1544349617,3007-eth4,1227055.00,1218903.12,2445958.00,1220122,1228282,992.01,930.07,1922.08,931,993,0.00,0.00,0,0
1544349617,2003-eth2,0.00,0.00,0.00,0,0,0.00,0.00,0.00,0,0,0.00,0.00,0,0
1544349617,3007-eth3,1204395.62,678231.81,1882627.38,678910,1205600,745.25,698.30,1443.56,699,746,0.00,0.00,0,0
1544349617,1002-eth1,69.93,0.00,69.93,0,70,1.00,0.00,1.00,0,1,0.00,0.00,0,0
1544349617,2002-eth3,69.93,0.00,69.93,0,70,1.00,0.00,1.00,0,1,0.00,0.00,0,0
1544349617,2007-eth2,0.00,0.00,0.00,0,0,0.00,0.00,0.00,0,0,0.00,0.00,0,0
1544349617,total,24285448.00,24236990.00,48522440.00,24261226,24309732,19608.39,19611.39,39219.78,19631,19628,0.00,0.00,0,0
1544349618,3003-eth3,1222525.50,391662.34,1614187.88,392054,1223748,619.38,586.41,1205.79,587,620,0.00,0.00,0,0
1544349618,2002-eth1,202.80,0.00,202.80,0,203,1.00,0.00,1.00,0,1,0.00,0.00,0,0
1544349618,lo,1198.80,1198.80,2397.60,1200,1200,19.98,19.98,39.96,20,20,0.00,0.00,0,0
1544349618,3005-eth3,1222749.25,1222155.88,2444905.25,1223378,1223972,795.20,808.19,1603.40,809,796,0.00,0.00,0,0
1544349618,2005-eth3,955688.31,517896.12,1473584.50,518414,956644,551.45,526.47,1077.92,527,552,0.00,0.00,0,0
1544349618,3004-eth4,1228489.50,1221172.88,2449662.50,1222394,1229718,926.07,840.16,1766.23,841,927,0.00,0.00,0,0
1544349618,1004-eth2,1958.04,1958.04,3916.08,1960,1960,19.98,19.98,39.96,20,20,0.00,0.00,0,0
1544349618,2004-eth4,365420.59,13834.17,379254.75,13848,365786,188.81,201.80,390.61,202,189,0.00,0.00,0,0
1544349618,1001-eth2,512165.84,418484.53,930650.38,418903,512678,410.59,424.58,835.16,425,411,0.00,0.00,0,0
1544349618,1003-eth3,0.00,0.00,0.00,0,0,0.00,0.00,0.00,0,0,0.00,0.00,0,0
1544349618,2002-eth4,5874.13,5874.13,11748.25,5880,5880,59.94,59.94,119.88,60,60,0.00,0.00,0,0
1544349618,1001-eth4,418564.44,524994.00,943558.44,525519,418983,346.65,402.60,749.25,403,347,0.00,0.00,0,0
1544349618,3001-eth2,0.00,0.00,0.00,0,0,0.00,0.00,0.00,0,0,0.00,0.00,0,0
1544349618,1004-eth1,5874.13,5874.13,11748.25,5880,5880,59.94,59.94,119.88,60,60,0.00,0.00,0,0
1544349618,3005-eth4,1217740.25,524225.78,1741966.12,524750,1218958,642.36,622.38,1264.74,623,643,0.00,0.00,0,0
1544349618,1003-eth2,202.80,0.00,202.80,0,203,1.00,0.00,1.00,0,1,0.00,0.00,0,0
1544349618,3008-eth1,505258.75,11650.35,516909.09,11662,505764,193.81,166.83,360.64,167,194,0.00,0.00,0,0
1544349618,1002-eth3,202.80,202.80,405.59,203,203,1.00,1.00,2.00,1,1,0.00,0.00,0,0
1544349618,2006-eth1,0.00,0.00,0.00,0,0,0.00,0.00,0.00,0,0,0.00,0.00,0,0
1544349618,3003-eth1,5874.13,5874.13,11748.25,5880,5880,59.94,59.94,119.88,60,60,0.00,0.00,0,0
1544349618,2001-eth3,0.00,0.00,0.00,0,0,0.00,0.00,0.00,0,0,0.00,0.00,0,0
1544349618,2008-eth2,5874.13,5874.13,11748.25,5880,5880,59.94,59.94,119.88,60,60,0.00,0.00,0,0
1544349618,2008-eth3,0.00,0.00,0.00,0,0,0.00,0.00,0.00,0,0,0.00,0.00,0,0
1544349618,1001-eth3,414365.66,508249.75,922615.44,508758,414780,383.62,370.63,754.25,371,384,0.00,0.00,0,0
1544349618,2007-eth4,11650.35,505258.75,516909.09,505764,11662,166.83,193.81,360.64,194,167,0.00,0.00,0,0
1544349618,2004-eth2,1958.04,1958.04,3916.08,1960,1960,19.98,19.98,39.96,20,20,0.00,0.00,0,0
1544349618,3002-eth1,418361.66,524791.25,943152.88,525316,418780,345.65,401.60,747.25,402,346,0.00,0.00,0,0
1544349618,3004-eth1,412407.59,506291.72,918699.31,506798,412820,363.64,350.65,714.29,351,364,0.00,0.00,0,0
1544349618,2006-eth3,318261.75,6263.74,324525.47,6270,318580,109.89,94.91,204.80,95,110,0.00,0.00,0,0
1544349618,3004-eth2,13834.17,365420.59,379254.75,365786,13848,201.80,188.81,390.61,189,202,0.00,0.00,0,0
1544349618,3001-eth3,1219065.00,1219065.00,2438130.00,1220284,1220284,805.19,805.19,1610.39,806,806,0.00,0.00,0,0
1544349618,2003-eth4,506291.72,412407.59,918699.31,412820,506798,350.65,363.64,714.29,364,351,0.00,0.00,0,0
1544349618,2008-eth4,5874.13,5874.13,11748.25,5880,5880,59.94,59.94,119.88,60,60,0.00,0.00,0,0
1544349618,3008-eth3,1220467.62,529740.25,1750207.88,530270,1221688,563.44,574.43,1137.86,575,564,0.00,0.00,0,0
1544349618,2005-eth2,202.80,202.80,405.59,203,203,1.00,1.00,2.00,1,1,0.00,0.00,0,0
1544349618,2006-eth4,16053.95,328051.97,344105.91,328380,16070,194.81,209.79,404.60,210,195,0.00,0.00,0,0
1544349618,3006-eth2,328051.97,16053.95,344105.91,16070,328380,209.79,194.81,404.60,195,210,0.00,0.00,0,0
1544349618,1003-eth4,202.80,0.00,202.80,0,203,1.00,0.00,1.00,0,1,0.00,0.00,0,0
1544349618,2006-eth2,9790.21,9790.21,19580.42,9800,9800,99.90,99.90,199.80,100,100,0.00,0.00,0,0
1544349618,3001-eth1,0.00,0.00,0.00,0,0,0.00,0.00,0.00,0,0,0.00,0.00,0,0
1544349618,3008-eth2,5874.13,5874.13,11748.25,5880,5880,59.94,59.94,119.88,60,60,0.00,0.00,0,0
1544349618,2004-eth3,15792.21,367378.62,383170.84,367746,15808,221.78,208.79,430.57,209,222,0.00,0.00,0,0
1544349618,3001-eth4,1219065.00,1218999.00,2438064.00,1220218,1220284,805.19,804.20,1609.39,805,806,0.00,0.00,0,0
1544349618,1003-eth1,0.00,202.80,202.80,203,0,0.00,1.00,1.00,1,0,0.00,0.00,0,0
1544349618,3002-eth2,5874.13,5874.13,11748.25,5880,5880,59.94,59.94,119.88,60,60,0.00,0.00,0,0
1544349618,2005-eth4,13562.44,545238.75,558801.19,545784,13576,195.80,207.79,403.60,208,196,0.00,0.00,0,0
1544349618,3003-eth2,367378.62,15792.21,383170.84,15808,367746,208.79,221.78,430.57,222,209,0.00,0.00,0,0
1544349618,2007-eth1,524994.00,418564.44,943558.44,418983,525519,402.60,346.65,749.25,347,403,0.00,0.00,0,0
1544349618,1002-eth4,0.00,202.80,202.80,203,0,0.00,1.00,1.00,1,0,0.00,0.00,0,0
1544349618,3002-eth4,24381.62,838271.75,862653.38,839110,24406,330.67,366.63,697.30,367,331,0.00,0.00,0,0
1544349618,2007-eth3,406711.31,19532.47,426243.78,19552,407118,178.82,207.79,386.61,208,179,0.00,0.00,0,0
1544349618,3005-eth1,517896.12,955688.31,1473584.50,956644,518414,526.47,551.45,1077.92,552,527,0.00,0.00,0,0
1544349618,2001-eth4,524791.25,418361.66,943152.88,418780,525316,401.60,345.65,747.25,346,402,0.00,0.00,0,0
1544349618,3003-eth4,34073.93,1223144.88,1257218.88,1224368,34108,477.52,499.50,977.02,500,478,0.00,0.00,0,0
1544349618,2004-eth1,0.00,202.80,202.80,203,0,0.00,1.00,1.00,1,0,0.00,0.00,0,0
1544349618,3006-eth4,13998.00,325996.00,339994.00,326322,14012,173.83,188.81,362.64,189,174,0.00,0.00,0,0
1544349618,3007-eth1,19532.47,406711.31,426243.78,407118,19552,207.79,178.82,386.61,179,208,0.00,0.00,0,0
1544349618,2008-eth1,0.00,202.80,202.80,203,0,0.00,1.00,1.00,1,0,0.00,0.00,0,0
1544349618,2002-eth2,5874.13,5874.13,11748.25,5880,5880,59.94,59.94,119.88,60,60,0.00,0.00,0,0
1544349618,2003-eth1,418484.53,512165.84,930650.38,512678,418903,424.58,410.59,835.16,411,425,0.00,0.00,0,0
1544349618,3008-eth4,34271.73,1221632.38,1255904.12,1222854,34306,480.52,498.50,979.02,499,481,0.00,0.00,0,0
1544349618,1004-eth4,5874.13,5874.13,11748.25,5880,5880,59.94,59.94,119.88,60,60,0.00,0.00,0,0
1544349618,3006-eth1,545238.75,13562.44,558801.19,13576,545784,207.79,195.80,403.60,196,208,0.00,0.00,0,0
1544349618,1004-eth3,9790.21,9790.21,19580.42,9800,9800,99.90,99.90,199.80,100,100,0.00,0.00,0,0
1544349618,1002-eth2,202.80,0.00,202.80,0,203,1.00,0.00,1.00,0,1,0.00,0.00,0,0
1544349618,3004-eth3,1199816.25,422687.31,1622503.50,423110,1201016,535.46,530.47,1065.93,531,536,0.00,0.00,0,0
1544349618,2003-eth3,5874.13,5874.13,11748.25,5880,5880,59.94,59.94,119.88,60,60,0.00,0.00,0,0
1544349618,2005-eth1,508249.75,414365.66,922615.44,414780,508758,370.63,383.62,754.25,384,371,0.00,0.00,0,0
1544349618,3002-eth3,1224315.75,432953.06,1657268.75,433386,1225540,591.41,576.42,1167.83,577,592,0.00,0.00,0,0
1544349618,3006-eth3,19338.66,551015.00,570353.69,551566,19358,254.75,266.73,521.48,267,255,0.00,0.00,0,0
1544349618,2001-eth1,418361.66,524994.00,943355.69,525519,418780,345.65,402.60,748.25,403,346,0.00,0.00,0,0
1544349618,3005-eth2,6263.74,318261.75,324525.47,318580,6270,94.91,109.89,204.80,110,95,0.00,0.00,0,0
1544349618,2001-eth2,202.80,202.80,405.59,203,203,1.00,1.00,2.00,1,1,0.00,0.00,0,0
1544349618,3007-eth2,0.00,0.00,0.00,0,0,0.00,0.00,0.00,0,0,0.00,0.00,0,0
1544349618,1001-eth1,524994.00,418361.66,943355.69,418780,525519,402.60,345.65,748.25,346,403,0.00,0.00,0,0
1544349618,3007-eth4,1233644.38,1221828.25,2455472.50,1223050,1234878,1069.93,912.09,1982.02,913,1071,0.00,0.00,0,0
1544349618,2003-eth2,0.00,202.80,202.80,203,0,0.00,1.00,1.00,1,0,0.00,0.00,0,0
1544349618,3007-eth3,1202295.75,698083.94,1900379.62,698782,1203498,704.30,670.33,1374.63,671,705,0.00,0.00,0,0
1544349618,1002-eth1,202.80,202.80,405.59,203,203,1.00,1.00,2.00,1,1,0.00,0.00,0,0
1544349618,2002-eth3,0.00,0.00,0.00,0,0,0.00,0.00,0.00,0,0,0.00,0.00,0,0
1544349618,2007-eth2,202.80,0.00,202.80,0,203,1.00,0.00,1.00,0,1,0.00,0.00,0,0
1544349618,total,23630126.00,23356524.00,46986652.00,23379879,23653757,18851.15,18626.37,37477.52,18645,18870,0.00,0.00,0,0
1544349619,3003-eth3,1222682.62,495520.97,1718203.62,496512,1225128,658.68,610.78,1269.46,612,660,0.00,0.00,0,0
1544349619,2002-eth1,0.00,202.59,202.59,203,0,0.00,1.00,1.00,1,0,0.00,0.00,0,0
1544349619,lo,0.00,0.00,0.00,0,0,0.00,0.00,0.00,0,0,0.00,0.00,0,0
1544349619,3005-eth3,1221063.88,1220936.12,2442000.00,1223378,1223506,787.43,807.39,1594.81,809,789,0.00,0.00,0,0
1544349619,2005-eth3,957351.31,749782.44,1707133.75,751282,959266,535.93,543.91,1079.84,545,537,0.00,0.00,0,0
1544349619,3004-eth4,1228604.88,1220351.38,2448956.25,1222792,1231062,1076.85,842.32,1919.16,844,1079,0.00,0.00,0,0
1544349619,1004-eth2,2158.68,2158.68,4317.37,2163,2163,20.96,20.96,41.92,21,21,0.00,0.00,0,0
1544349619,2004-eth4,469239.53,14556.89,483796.41,14586,470178,212.57,220.56,433.13,221,213,0.00,0.00,0,0
1544349619,1001-eth2,744584.88,432371.28,1176956.12,433236,746074,436.13,413.17,849.30,414,437,0.00,0.00,0,0
1544349619,1003-eth3,202.59,202.59,405.19,203,203,1.00,1.00,2.00,1,1,0.00,0.00,0,0
1544349619,2002-eth4,5672.65,5672.65,11345.31,5684,5684,57.88,57.88,115.77,58,58,0.00,0.00,0,0
1544349619,1001-eth4,355409.19,538554.88,893964.12,539632,356120,339.32,357.29,696.61,358,340,0.00,0.00,0,0
1544349619,3001-eth2,0.00,202.59,202.59,203,0,0.00,1.00,1.00,1,0,0.00,0.00,0,0
1544349619,1004-eth1,5875.25,5875.25,11750.50,5887,5887,58.88,58.88,117.76,59,59,0.00,0.00,0,0
1544349619,3005-eth4,1208750.50,756435.12,1965185.62,757948,1211168,622.75,644.71,1267.47,646,624,0.00,0.00,0,0
1544349619,1003-eth2,0.00,202.59,202.59,203,0,0.00,1.00,1.00,1,0,0.00,0.00,0,0
1544349619,3008-eth1,525447.12,11704.59,537151.69,11728,526498,200.60,167.66,368.26,168,201,0.00,0.00,0,0
1544349619,1002-eth3,0.00,0.00,0.00,0,0,0.00,0.00,0.00,0,0,0.00,0.00,0,0
1544349619,2006-eth1,202.59,202.59,405.19,203,203,1.00,1.00,2.00,1,1,0.00,0.00,0,0
1544349619,3003-eth1,5868.26,5868.26,11736.53,5880,5880,59.88,59.88,119.76,60,60,0.00,0.00,0,0
1544349619,2001-eth3,202.59,202.59,405.19,203,203,1.00,1.00,2.00,1,1,0.00,0.00,0,0
1544349619,2008-eth2,6070.86,5868.26,11939.12,5880,6083,60.88,59.88,120.76,60,61,0.00,0.00,0,0
1544349619,2008-eth3,0.00,0.00,0.00,0,0,0.00,0.00,0.00,0,0,0.00,0.00,0,0
1544349619,1001-eth3,428459.09,740672.69,1169131.75,742154,429316,373.25,396.21,769.46,397,374,0.00,0.00,0,0
1544349619,2007-eth4,11704.59,525447.12,537151.69,526498,11728,167.66,200.60,368.26,201,168,0.00,0.00,0,0
1544349619,2004-eth2,2158.68,2158.68,4317.37,2163,2163,20.96,20.96,41.92,21,21,0.00,0.00,0,0
1544349619,3002-eth1,355611.78,538757.50,894369.31,539835,356323,340.32,358.28,698.60,359,341,0.00,0.00,0,0
1544349619,3004-eth1,426503.00,738716.56,1165219.62,740194,427356,353.29,376.25,729.54,377,354,0.00,0.00,0,0
1544349619,2006-eth3,360910.19,6652.69,367562.88,6666,361632,125.75,100.80,226.55,101,126,0.00,0.00,0,0
1544349619,3004-eth2,14556.89,469239.53,483796.41,470178,14586,220.56,212.57,433.13,213,221,0.00,0.00,0,0
1544349619,3001-eth3,1220870.25,1220870.25,2441740.50,1223312,1223312,806.39,806.39,1612.77,808,808,0.00,0.00,0,0
1544349619,2003-eth4,738716.56,426503.00,1165219.62,427356,740194,376.25,353.29,729.54,354,377,0.00,0.00,0,0
1544349619,2008-eth4,5868.26,5868.26,11736.53,5880,5880,59.88,59.88,119.76,60,60,0.00,0.00,0,0
1544349619,3008-eth3,1219315.38,549838.31,1769153.75,550938,1221754,563.87,579.84,1143.71,581,565,0.00,0.00,0,0
1544349619,2005-eth2,0.00,0.00,0.00,0,0,0.00,0.00,0.00,0,0,0.00,0.00,0,0
1544349619,2006-eth4,16237.53,370425.16,386662.69,371166,16270,198.60,222.55,421.16,223,199,0.00,0.00,0,0
1544349619,3006-eth2,370425.16,16237.53,386662.69,16270,371166,222.55,198.60,421.16,199,223,0.00,0.00,0,0
1544349619,1003-eth4,0.00,202.59,202.59,203,0,0.00,1.00,1.00,1,0,0.00,0.00,0,0
1544349619,2006-eth2,9787.43,9787.43,19574.85,9807,9807,98.80,98.80,197.60,99,99,0.00,0.00,0,0
1544349619,3001-eth1,202.59,202.59,405.19,203,203,1.00,1.00,2.00,1,1,0.00,0.00,0,0
1544349619,3008-eth2,5868.26,5868.26,11736.53,5880,5880,59.88,59.88,119.76,60,60,0.00,0.00,0,0
1544349619,2004-eth3,16512.97,471265.47,487778.47,472208,16546,240.52,233.53,474.05,234,241,0.00,0.00,0,0
1544349619,3001-eth4,1220870.25,1220936.12,2441806.50,1223378,1223312,806.39,807.39,1613.77,809,808,0.00,0.00,0,0
1544349619,1003-eth1,202.59,0.00,202.59,0,203,1.00,0.00,1.00,0,1,0.00,0.00,0,0
1544349619,3002-eth2,5672.65,5672.65,11345.31,5684,5684,57.88,57.88,115.77,58,58,0.00,0.00,0,0
1544349619,2005-eth4,13021.96,532804.38,545826.38,533870,13048,187.62,202.59,390.22,203,188,0.00,0.00,0,0
1544349619,3003-eth2,471265.47,16512.97,487778.47,16546,472208,233.53,240.52,474.05,241,234,0.00,0.00,0,0
1544349619,2007-eth1,538554.88,355409.19,893964.12,356120,539632,357.29,339.32,696.61,340,358,0.00,0.00,0,0
1544349619,1002-eth4,202.59,0.00,202.59,0,203,1.00,0.00,1.00,0,1,0.00,0.00,0,0
1544349619,3002-eth4,24161.68,859377.25,883538.94,861096,24210,328.34,371.26,699.60,372,329,0.00,0.00,0,0
1544349619,2007-eth3,343704.59,13177.65,356882.25,13204,344392,171.66,157.68,329.34,158,172,0.00,0.00,0,0
1544349619,3005-eth1,749782.44,957351.31,1707133.75,959266,751282,543.91,535.93,1079.84,537,545,0.00,0.00,0,0
1544349619,2001-eth4,538757.50,355611.78,894369.31,356323,539835,358.28,340.32,698.60,341,359,0.00,0.00,0,0
1544349619,3003-eth4,34105.79,1220413.25,1254519.00,1222854,34174,478.04,498.00,976.05,499,479,0.00,0.00,0,0
1544349619,2004-eth1,202.59,0.00,202.59,0,203,1.00,0.00,1.00,0,1,0.00,0.00,0,0
1544349619,3006-eth4,14281.44,368469.06,382750.50,369206,14310,178.64,202.59,381.24,203,179,0.00,0.00,0,0
1544349619,3007-eth1,13177.65,343704.59,356882.25,344392,13204,157.68,171.66,329.34,172,158,0.00,0.00,0,0
1544349619,2008-eth1,202.59,0.00,202.59,0,203,1.00,0.00,1.00,0,1,0.00,0.00,0,0
1544349619,2002-eth2,5875.25,5875.25,11750.50,5887,5887,58.88,58.88,117.76,59,59,0.00,0.00,0,0
1544349619,2003-eth1,432371.28,744584.88,1176956.12,746074,433236,413.17,436.13,849.30,437,414,0.00,0.00,0,0
1544349619,3008-eth4,34105.79,1220413.25,1254519.00,1222854,34174,478.04,498.00,976.05,499,479,0.00,0.00,0,0
1544349619,1004-eth4,5868.26,6070.86,11939.12,6083,5880,59.88,60.88,120.76,61,60,0.00,0.00,0,0
1544349619,3006-eth1,532804.38,13021.96,545826.38,13048,533870,202.59,187.62,390.22,188,203,0.00,0.00,0,0
1544349619,1004-eth3,9787.43,9787.43,19574.85,9807,9807,98.80,98.80,197.60,99,99,0.00,0.00,0,0
1544349619,1002-eth2,0.00,202.59,202.59,203,0,0.00,1.00,1.00,1,0,0.00,0.00,0,0
1544349619,3004-eth3,1200129.75,438556.91,1638686.62,439434,1202530,535.93,535.93,1071.86,537,537,0.00,0.00,0,0
1544349619,2003-eth3,5868.26,5868.26,11736.53,5880,5880,59.88,59.88,119.76,60,60,0.00,0.00,0,0
1544349619,2005-eth1,740672.69,428459.09,1169131.75,429316,742154,396.21,373.25,769.46,374,397,0.00,0.00,0,0
1544349619,3002-eth3,1222399.62,370355.66,1592755.25,370726,1223622,586.41,570.43,1156.84,571,587,0.00,0.00,0,0
1544349619,3006-eth3,18713.29,539015.00,557728.31,539554,18732,245.75,260.74,506.49,261,246,0.00,0.00,0,0
1544349619,2001-eth1,355764.25,539092.94,894857.19,539632,356120,339.66,357.64,697.30,358,340,0.00,0.00,0,0
1544349619,3005-eth2,6659.34,361270.75,367930.09,361632,6666,100.90,125.87,226.77,126,101,0.00,0.00,0,0
1544349619,2001-eth2,0.00,0.00,0.00,0,0,0.00,0.00,0.00,0,0,0.00,0.00,0,0
1544349619,3007-eth2,0.00,0.00,0.00,0,0,0.00,0.00,0.00,0,0,0.00,0.00,0,0
1544349619,1001-eth1,539092.94,355764.25,894857.19,356120,539632,357.64,339.66,697.30,340,358,0.00,0.00,0,0
1544349619,3007-eth4,1224207.88,1221446.62,2445654.50,1222668,1225432,883.12,821.18,1704.30,822,884,0.00,0.00,0,0
1544349619,2003-eth2,202.80,0.00,202.80,0,203,1.00,0.00,1.00,0,1,0.00,0.00,0,0
1544349619,3007-eth3,1208189.88,840109.94,2048299.75,840950,1209398,662.34,674.33,1336.66,675,663,0.00,0.00,0,0
1544349619,1002-eth1,0.00,0.00,0.00,0,0,0.00,0.00,0.00,0,0,0.00,0.00,0,0
1544349619,2002-eth3,202.80,0.00,202.80,0,203,1.00,0.00,1.00,0,1,0.00,0.00,0,0
1544349619,2007-eth2,0.00,202.80,202.80,203,0,0.00,1.00,1.00,1,0,0.00,0.00,0,0
1544349619,total,24694258.00,24935792.00,49630052.00,24960727,24718951,18721.28,18553.45,37274.73,18572,18740,0.00,0.00,0,0
1544349620,3003-eth3,1218757.25,519218.78,1737976.12,519738,1219976,559.44,568.43,1127.87,569,560,0.00,0.00,0,0
1544349620,2002-eth1,0.00,0.00,0.00,0,0,0.00,0.00,0.00,0,0,0.00,0.00,0,0
1544349620,lo,1198.80,1198.80,2397.60,1200,1200,19.98,19.98,39.96,20,20,0.00,0.00,0,0
1544349620,3005-eth3,1216889.12,1219106.88,2435996.00,1220326,1218106,772.23,806.19,1578.42,807,773,0.00,0.00,0,0
1544349620,2005-eth3,954480.56,775367.62,1729848.25,776143,955435,564.44,546.45,1110.89,547,565,0.00,0.00,0,0
1544349620,3004-eth4,1221566.50,1218405.62,2439972.00,1219624,1222788,821.18,795.20,1616.38,796,822,0.00,0.00,0,0
1544349620,1004-eth2,1958.04,1958.04,3916.08,1960,1960,19.98,19.98,39.96,20,20,0.00,0.00,0,0
1544349620,2004-eth4,493113.91,9829.17,502943.06,9839,493607,170.83,146.85,317.68,147,171,0.00,0.00,0,0
1544349620,1001-eth2,769458.56,396115.91,1165574.50,396512,770228,429.57,427.57,857.14,428,430,0.00,0.00,0,0
1544349620,1003-eth3,0.00,0.00,0.00,0,0,0.00,0.00,0.00,0,0,0.00,0.00,0,0
1544349620,2002-eth4,5881.12,5979.02,11860.14,5985,5887,58.94,59.94,118.88,60,59,0.00,0.00,0,0
1544349620,1001-eth4,426451.56,556567.44,983019.00,557124,426878,358.64,313.69,672.33,314,359,0.00,0.00,0,0
1544349620,3001-eth2,202.80,0.00,202.80,0,203,1.00,0.00,1.00,0,1,0.00,0.00,0,0
1544349620,1004-eth1,5678.32,5776.22,11454.55,5782,5684,57.94,58.94,116.88,59,58,0.00,0.00,0,0
1544349620,3005-eth4,1208845.25,782375.62,1991220.88,783158,1210054,650.35,654.35,1304.70,655,651,0.00,0.00,0,0
1544349620,1003-eth2,0.00,0.00,0.00,0,0,0.00,0.00,0.00,0,0,0.00,0.00,0,0
1544349620,3008-eth1,549644.38,11782.22,561426.56,11794,550194,208.79,168.83,377.62,169,209,0.00,0.00,0,0
1544349620,1002-eth3,0.00,0.00,0.00,0,0,0.00,0.00,0.00,0,0,0.00,0.00,0,0
1544349620,2006-eth1,0.00,0.00,0.00,0,0,0.00,0.00,0.00,0,0,0.00,0.00,0,0
1544349620,3003-eth1,6076.92,6076.92,12153.85,6083,6083,60.94,60.94,121.88,61,61,0.00,0.00,0,0
1544349620,2001-eth3,0.00,0.00,0.00,0,0,0.00,0.00,0.00,0,0,0.00,0.00,0,0
1544349620,2008-eth2,5776.22,6076.92,11853.15,6083,5782,58.94,60.94,119.88,61,59,0.00,0.00,0,0
1544349620,2008-eth3,0.00,0.00,0.00,0,0,0.00,0.00,0.00,0,0,0.00,0.00,0,0
1544349620,1001-eth3,392199.81,765542.50,1157742.25,766308,392592,387.61,389.61,777.22,390,388,0.00,0.00,0,0
1544349620,2007-eth4,11782.22,549644.38,561426.56,550194,11794,168.83,208.79,377.62,209,169,0.00,0.00,0,0
1544349620,2004-eth2,1958.04,1958.04,3916.08,1960,1960,19.98,19.98,39.96,20,20,0.00,0.00,0,0
1544349620,3002-eth1,426451.56,556567.44,983019.00,557124,426878,358.64,313.69,672.33,314,359,0.00,0.00,0,0
1544349620,3004-eth1,390444.56,763787.25,1154231.75,764551,390835,368.63,370.63,739.26,371,369,0.00,0.00,0,0
1544349620,2006-eth3,408545.47,7384.62,415930.09,7392,408954,140.86,111.89,252.75,112,141,0.00,0.00,0,0
1544349620,3004-eth2,9829.17,493113.91,502943.06,493607,9839,146.85,170.83,317.68,171,147,0.00,0.00,0,0
1544349620,3001-eth3,1219065.00,1219065.00,2438130.00,1220284,1220284,805.19,805.19,1610.39,806,806,0.00,0.00,0,0
1544349620,2003-eth4,763787.25,390444.56,1154231.75,390835,764551,370.63,368.63,739.26,369,371,0.00,0.00,0,0
1544349620,2008-eth4,5874.13,5776.22,11650.35,5782,5880,59.94,58.94,118.88,59,60,0.00,0.00,0,0
1544349620,3008-eth3,1220599.38,574059.94,1794659.38,574634,1221820,565.43,588.41,1153.85,589,566,0.00,0.00,0,0
1544349620,2005-eth2,0.00,0.00,0.00,0,0,0.00,0.00,0.00,0,0,0.00,0.00,0,0
1544349620,2006-eth4,17076.92,418237.78,435314.69,418656,17094,210.79,239.76,450.55,240,211,0.00,0.00,0,0
1544349620,3006-eth2,418237.78,17076.92,435314.69,17094,418656,239.76,210.79,450.55,211,240,0.00,0.00,0,0
1544349620,1003-eth4,0.00,0.00,0.00,0,0,0.00,0.00,0.00,0,0,0.00,0.00,0,0
1544349620,2006-eth2,9692.31,9692.31,19384.62,9702,9702,98.90,98.90,197.80,99,99,0.00,0.00,0,0
1544349620,3001-eth1,0.00,0.00,0.00,0,0,0.00,0.00,0.00,0,0,0.00,0.00,0,0
1544349620,3008-eth2,5776.22,5874.13,11650.35,5880,5782,58.94,59.94,118.88,60,59,0.00,0.00,0,0
1544349620,2004-eth3,11584.42,494869.16,506453.56,495364,11596,165.83,189.81,355.64,190,166,0.00,0.00,0,0
1544349620,3001-eth4,1217552.50,1219065.00,2436617.50,1220284,1218770,804.20,805.19,1609.39,806,805,0.00,0.00,0,0
1544349620,1003-eth1,0.00,0.00,0.00,0,0,0.00,0.00,0.00,0,0,0.00,0.00,0,0
1544349620,3002-eth2,5979.02,5881.12,11860.14,5887,5985,59.94,58.94,118.88,59,60,0.00,0.00,0,0
1544349620,2005-eth4,13538.46,565994.00,579532.50,566560,13552,195.80,215.78,411.59,216,196,0.00,0.00,0,0
1544349620,3003-eth2,494869.16,11584.42,506453.56,11596,495364,189.81,165.83,355.64,166,190,0.00,0.00,0,0
1544349620,2007-eth1,556567.44,426451.56,983019.00,426878,557124,313.69,358.64,672.33,359,314,0.00,0.00,0,0
1544349620,1002-eth4,0.00,0.00,0.00,0,0,0.00,0.00,0.00,0,0,0.00,0.00,0,0
1544349620,3002-eth4,23922.08,870723.31,894645.38,871594,23946,324.68,376.62,701.30,377,325,0.00,0.00,0,0
1544349620,2007-eth3,414669.34,6923.08,421592.41,6930,415084,189.81,104.90,294.71,105,190,0.00,0.00,0,0
1544349620,3005-eth1,775367.62,954480.56,1729848.25,955435,776143,546.45,564.44,1110.89,565,547,0.00,0.00,0,0
1544349620,2001-eth4,556567.44,426451.56,983019.00,426878,557124,313.69,358.64,672.33,359,314,0.00,0.00,0,0
1544349620,3003-eth4,34139.86,1221632.38,1255772.25,1222854,34174,478.52,498.50,977.02,499,479,0.00,0.00,0,0
1544349620,2004-eth1,0.00,0.00,0.00,0,0,0.00,0.00,0.00,0,0,0.00,0.00,0,0
1544349620,3006-eth4,15216.78,416377.62,431594.41,416794,15232,191.81,220.78,412.59,221,192,0.00,0.00,0,0
1544349620,3007-eth1,6923.08,414669.34,421592.41,415084,6930,104.90,189.81,294.71,190,105,0.00,0.00,0,0
1544349620,2008-eth1,0.00,0.00,0.00,0,0,0.00,0.00,0.00,0,0,0.00,0.00,0,0
1544349620,2002-eth2,5776.22,5678.32,11454.55,5684,5782,58.94,57.94,116.88,58,59,0.00,0.00,0,0
1544349620,2003-eth1,396115.91,769458.56,1165574.50,770228,396512,427.57,429.57,857.14,430,428,0.00,0.00,0,0
1544349620,3008-eth4,34271.73,1221534.50,1255806.25,1222756,34306,480.52,497.50,978.02,498,481,0.00,0.00,0,0
1544349620,1004-eth4,6076.92,5776.22,11853.15,5782,6083,60.94,58.94,119.88,59,61,0.00,0.00,0,0
1544349620,3006-eth1,565994.00,13538.46,579532.50,13552,566560,215.78,195.80,411.59,196,216,0.00,0.00,0,0
1544349620,1004-eth3,9692.31,9692.31,19384.62,9702,9702,98.90,98.90,197.80,99,99,0.00,0.00,0,0
1544349620,1002-eth2,0.00,0.00,0.00,0,0,0.00,0.00,0.00,0,0,0.00,0.00,0,0
1544349620,3004-eth3,1200273.75,400461.56,1600735.25,400862,1201474,520.48,522.48,1042.96,523,521,0.00,0.00,0,0
1544349620,2003-eth3,6076.92,6076.92,12153.85,6083,6083,60.94,60.94,121.88,61,61,0.00,0.00,0,0
1544349620,2005-eth1,765542.50,392199.81,1157742.25,392592,766308,389.61,387.61,777.22,388,390,0.00,0.00,0,0
1544349620,3002-eth3,1216659.38,440779.22,1657438.62,441220,1217876,601.40,585.41,1186.81,586,602,0.00,0.00,0,0
1544349620,3006-eth3,19314.69,571770.25,591084.94,572342,19334,254.75,274.73,529.47,275,255,0.00,0.00,0,0
1544349620,2001-eth1,426451.56,556567.44,983019.00,557124,426878,358.64,313.69,672.33,314,359,0.00,0.00,0,0
1544349620,3005-eth2,7384.62,408545.47,415930.09,408954,7392,111.89,140.86,252.75,141,112,0.00,0.00,0,0
1544349620,2001-eth2,0.00,0.00,0.00,0,0,0.00,0.00,0.00,0,0,0.00,0.00,0,0
1544349620,3007-eth2,0.00,0.00,0.00,0,0,0.00,0.00,0.00,0,0,0.00,0.00,0,0
1544349620,1001-eth1,556567.44,426451.56,983019.00,426878,557124,313.69,358.64,672.33,359,314,0.00,0.00,0,0
1544349620,3007-eth4,1224203.88,1218076.00,2442279.75,1219294,1225428,861.14,790.21,1651.35,791,862,0.00,0.00,0,0
1544349620,2003-eth2,0.00,0.00,0.00,0,0,0.00,0.00,0.00,0,0,0.00,0.00,0,0
1544349620,3007-eth3,1211218.88,886008.00,2097226.75,886894,1212430,686.31,690.31,1376.62,691,687,0.00,0.00,0,0
1544349620,1002-eth1,0.00,0.00,0.00,0,0,0.00,0.00,0.00,0,0,0.00,0.00,0,0
1544349620,2002-eth3,0.00,202.80,202.80,203,0,0.00,1.00,1.00,1,0,0.00,0.00,0,0
1544349620,2007-eth2,0.00,0.00,0.00,0,0,0.00,0.00,0.00,0,0,0.00,0.00,0,0
1544349620,total,25165816.00,25661980.00,50827796.00,25687642,25190982,18194.81,18296.70,36491.51,18315,18213,0.00,0.00,0,0
1544349621,3003-eth3,1224151.88,523822.19,1747974.12,524346,1225376,575.42,572.43,1147.85,573,576,0.00,0.00,0,0
1544349621,2002-eth1,0.00,0.00,0.00,0,0,0.00,0.00,0.00,0,0,0.00,0.00,0,0
1544349621,lo,0.00,0.00,0.00,0,0,0.00,0.00,0.00,0,0,0.00,0.00,0,0
1544349621,3005-eth3,1222453.62,1219238.75,2441692.25,1220458,1223676,769.23,808.19,1577.42,809,770,0.00,0.00,0,0
1544349621,2005-eth3,994191.81,762145.88,1756337.75,762908,995186,576.42,545.45,1121.88,546,577,0.00,0.00,0,0
1544349621,3004-eth4,1220837.25,1222155.88,2442993.00,1223378,1222058,788.21,808.19,1596.40,809,789,0.00,0.00,0,0
1544349621,1004-eth2,1958.04,1958.04,3916.08,1960,1960,19.98,19.98,39.96,20,20,0.00,0.00,0,0
1544349621,2004-eth4,497382.62,10417.58,507800.22,10428,497880,171.83,157.84,329.67,158,172,0.00,0.00,0,0
1544349621,1001-eth2,756175.88,400521.50,1156697.38,400922,756932,425.57,428.57,854.15,429,426,0.00,0.00,0,0
1544349621,1003-eth3,0.00,0.00,0.00,0,0,0.00,0.00,0.00,0,0,0.00,0.00,0,0
1544349621,2002-eth4,5776.22,5678.32,11454.55,5684,5782,58.94,57.94,116.88,58,59,0.00,0.00,0,0
1544349621,1001-eth4,260939.06,594115.88,855054.94,594710,261200,283.72,334.67,618.38,335,284,0.00,0.00,0,0
1544349621,3001-eth2,0.00,0.00,0.00,0,0,0.00,0.00,0.00,0,0,0.00,0.00,0,0
1544349621,1004-eth1,5776.22,5678.32,11454.55,5684,5782,58.94,57.94,116.88,58,59,0.00,0.00,0,0
1544349621,3005-eth4,1208779.25,769228.81,1978008.00,769998,1209988,649.35,652.35,1301.70,653,650,0.00,0.00,0,0
1544349621,1003-eth2,0.00,0.00,0.00,0,0,0.00,0.00,0.00,0,0,0.00,0.00,0,0
1544349621,3008-eth1,586868.12,12243.76,599111.88,12256,587455,222.78,175.82,398.60,176,223,0.00,0.00,0,0
1544349621,1002-eth3,0.00,0.00,0.00,0,0,0.00,0.00,0.00,0,0,0.00,0.00,0,0
1544349621,2006-eth1,0.00,0.00,0.00,0,0,0.00,0.00,0.00,0,0,0.00,0.00,0,0
1544349621,3003-eth1,5874.13,5874.13,11748.25,5880,5880,59.94,59.94,119.88,60,60,0.00,0.00,0,0
1544349621,2001-eth3,0.00,0.00,0.00,0,0,0.00,0.00,0.00,0,0,0.00,0.00,0,0
1544349621,2008-eth2,5874.13,5776.22,11650.35,5782,5880,59.94,58.94,118.88,59,60,0.00,0.00,0,0
1544349621,2008-eth3,0.00,202.80,202.80,203,0,0.00,1.00,1.00,1,0,0.00,0.00,0,0
1544349621,1001-eth3,396605.41,752259.75,1148865.12,753012,397002,388.61,385.61,774.23,386,389,0.00,0.00,0,0
1544349621,2007-eth4,12243.76,586868.12,599111.88,587455,12256,175.82,222.78,398.60,223,176,0.00,0.00,0,0
1544349621,2004-eth2,1958.04,1958.04,3916.08,1960,1960,19.98,19.98,39.96,20,20,0.00,0.00,0,0
1544349621,3002-eth1,260939.06,594115.88,855054.94,594710,261200,283.72,334.67,618.38,335,284,0.00,0.00,0,0
1544349621,3004-eth1,394647.38,750301.69,1144949.12,751052,395042,368.63,365.63,734.27,366,369,0.00,0.00,0,0
1544349621,2006-eth3,411707.31,7323.68,419030.97,7331,412119,142.86,108.89,251.75,109,143,0.00,0.00,0,0
1544349621,3004-eth2,10417.58,497382.62,507800.22,497880,10428,157.84,171.83,329.67,172,158,0.00,0.00,0,0
1544349621,3001-eth3,1219130.88,1219130.88,2438261.75,1220350,1220350,806.19,806.19,1612.39,807,807,0.00,0.00,0,0
1544349621,2003-eth4,750301.69,394647.38,1144949.12,395042,751052,365.63,368.63,734.27,369,366,0.00,0.00,0,0
1544349621,2008-eth4,5776.22,5874.13,11650.35,5880,5782,58.94,59.94,118.88,60,59,0.00,0.00,0,0
1544349621,3008-eth3,1223954.12,611146.88,1835101.00,611758,1225178,572.43,602.40,1174.83,603,573,0.00,0.00,0,0
1544349621,2005-eth2,0.00,0.00,0.00,0,0,0.00,0.00,0.00,0,0,0.00,0.00,0,0
1544349621,2006-eth4,17015.98,421399.62,438415.59,421821,17033,207.79,241.76,449.55,242,208,0.00,0.00,0,0
1544349621,3006-eth2,421399.62,17015.98,438415.59,17033,421821,241.76,207.79,449.55,208,242,0.00,0.00,0,0
1544349621,1003-eth4,0.00,0.00,0.00,0,0,0.00,0.00,0.00,0,0,0.00,0.00,0,0
1544349621,2006-eth2,9692.31,9692.31,19384.62,9702,9702,98.90,98.90,197.80,99,99,0.00,0.00,0,0
1544349621,3001-eth1,0.00,0.00,0.00,0,0,0.00,0.00,0.00,0,0,0.00,0.00,0,0
1544349621,3008-eth2,5874.13,5776.22,11650.35,5782,5880,59.94,58.94,118.88,59,60,0.00,0.00,0,0
1544349621,2004-eth3,12578.42,499543.47,512121.91,500043,12591,178.82,192.81,371.63,193,179,0.00,0.00,0,0
1544349621,3001-eth4,1222155.88,1219065.00,2441220.75,1220284,1223378,808.19,805.19,1613.39,806,809,0.00,0.00,0,0
1544349621,1003-eth1,0.00,0.00,0.00,0,0,0.00,0.00,0.00,0,0,0.00,0.00,0,0
1544349621,3002-eth2,5678.32,5776.22,11454.55,5782,5684,57.94,58.94,116.88,59,58,0.00,0.00,0,0
1544349621,2005-eth4,14005.00,601705.31,615710.31,602307,14019,200.80,228.77,429.57,229,201,0.00,0.00,0,0
1544349621,3003-eth2,499543.47,12578.42,512121.91,12591,500043,192.81,178.82,371.63,179,193,0.00,0.00,0,0
1544349621,2007-eth1,594115.88,260939.06,855054.94,261200,594710,334.67,283.72,618.38,284,335,0.00,0.00,0,0
1544349621,1002-eth4,0.00,0.00,0.00,0,0,0.00,0.00,0.00,0,0,0.00,0.00,0,0
1544349621,3002-eth4,23954.05,889990.06,913944.06,890880,23978,324.68,383.62,708.29,384,325,0.00,0.00,0,0
1544349621,2007-eth3,248898.11,7653.35,256551.45,7661,249147,108.89,113.89,222.78,114,109,0.00,0.00,0,0
1544349621,3005-eth1,762145.88,994191.81,1756337.75,995186,762908,545.45,576.42,1121.88,577,546,0.00,0.00,0,0
1544349621,2001-eth4,594115.88,260939.06,855054.94,261200,594710,334.67,283.72,618.38,284,335,0.00,0.00,0,0
1544349621,3003-eth4,34271.73,1221632.38,1255904.12,1222854,34306,480.52,498.50,979.02,499,481,0.00,0.00,0,0
1544349621,2004-eth1,0.00,0.00,0.00,0,0,0.00,0.00,0.00,0,0,0.00,0.00,0,0
1544349621,3006-eth4,14757.24,419140.88,433898.12,419560,14772,185.81,219.78,405.59,220,186,0.00,0.00,0,0
1544349621,3007-eth1,7653.35,248898.11,256551.45,249147,7661,113.89,108.89,222.78,109,114,0.00,0.00,0,0
1544349621,2008-eth1,0.00,0.00,0.00,0,0,0.00,0.00,0.00,0,0,0.00,0.00,0,0
1544349621,2002-eth2,5678.32,5776.22,11454.55,5782,5684,57.94,58.94,116.88,59,58,0.00,0.00,0,0
1544349621,2003-eth1,400521.50,756175.88,1156697.38,756932,400922,428.57,425.57,854.15,426,429,0.00,0.00,0,0
1544349621,3008-eth4,34173.83,1223144.88,1257318.75,1224368,34208,479.52,499.50,979.02,500,480,0.00,0.00,0,0
1544349621,1004-eth4,5776.22,5874.13,11650.35,5880,5782,58.94,59.94,118.88,60,59,0.00,0.00,0,0
1544349621,3006-eth1,601705.31,14005.00,615710.31,14019,602307,228.77,200.80,429.57,201,229,0.00,0.00,0,0
1544349621,1004-eth3,9692.31,9692.31,19384.62,9702,9702,98.90,98.90,197.80,99,99,0.00,0.00,0,0
1544349621,1002-eth2,0.00,0.00,0.00,0,0,0.00,0.00,0.00,0,0,0.00,0.00,0,0
1544349621,3004-eth3,1203232.75,404999.00,1608231.75,405404,1204436,521.48,525.47,1046.95,526,522,0.00,0.00,0,0
1544349621,2003-eth3,5874.13,5874.13,11748.25,5880,5880,59.94,59.94,119.88,60,60,0.00,0.00,0,0
1544349621,2005-eth1,752259.75,396605.41,1148865.12,397002,753012,385.61,388.61,774.23,389,386,0.00,0.00,0,0
1544349621,3002-eth3,1223990.00,275200.81,1499190.88,275476,1225214,524.48,509.49,1033.97,510,525,0.00,0.00,0,0
1544349621,3006-eth3,19578.42,607278.75,626857.19,607886,19598,258.74,286.71,545.45,287,259,0.00,0.00,0,0
1544349621,2001-eth1,260939.06,594115.88,855054.94,594710,261200,283.72,334.67,618.38,335,284,0.00,0.00,0,0
1544349621,3005-eth2,7323.68,411707.31,419030.97,412119,7331,108.89,142.86,251.75,143,109,0.00,0.00,0,0
1544349621,2001-eth2,0.00,0.00,0.00,0,0,0.00,0.00,0.00,0,0,0.00,0.00,0,0
1544349621,3007-eth2,202.80,0.00,202.80,0,203,1.00,0.00,1.00,0,1,0.00,0.00,0,0
1544349621,1001-eth1,594115.88,260939.06,855054.94,261200,594710,334.67,283.72,618.38,284,335,0.00,0.00,0,0
1544349621,3007-eth4,1220515.50,1221628.38,2442144.00,1222850,1221736,827.17,800.20,1627.37,801,828,0.00,0.00,0,0
1544349621,2003-eth2,0.00,0.00,0.00,0,0,0.00,0.00,0.00,0,0,0.00,0.00,0,0
1544349621,3007-eth3,1214177.88,880089.94,2094267.75,880970,1215392,687.31,688.31,1375.62,689,688,0.00,0.00,0,0
1544349621,1002-eth1,0.00,0.00,0.00,0,0,0.00,0.00,0.00,0,0,0.00,0.00,0,0
1544349621,2002-eth3,0.00,0.00,0.00,0,0,0.00,0.00,0.00,0,0,0.00,0.00,0,0
1544349621,2007-eth2,0.00,0.00,0.00,0,0,0.00,0.00,0.00,0,0,0.00,0.00,0,0
1544349621,total,24732332.00,25129112.00,49861444.00,25154240,24757064,17882.12,18089.91,35972.03,18108,17900,0.00,0.00,0,0
1544349622,3003-eth3,1221395.62,519350.66,1740746.25,519870,1222617,575.42,570.43,1145.85,571,576,0.00,0.00,0,0
1544349622,2002-eth1,0.00,0.00,0.00,0,0,0.00,0.00,0.00,0,0,0.00,0.00,0,0
1544349622,lo,1198.80,1198.80,2397.60,1200,1200,19.98,19.98,39.96,20,20,0.00,0.00,0,0
1544349622,3005-eth3,1222453.62,1224881.12,2447334.75,1226106,1223676,769.23,814.19,1583.42,815,770,0.00,0.00,0,0
1544349622,2005-eth3,1007634.38,755007.00,1762641.38,755762,1008642,604.40,560.44,1164.84,561,605,0.00,0.00,0,0
1544349622,3004-eth4,1221364.62,1222090.00,2443454.50,1223312,1222586,796.20,807.19,1603.40,808,797,0.00,0.00,0,0
1544349622,1004-eth2,1958.04,1958.04,3916.08,1960,1960,19.98,19.98,39.96,20,20,0.00,0.00,0,0
1544349622,2004-eth4,492911.09,10417.58,503328.69,10428,493404,169.83,157.84,327.67,158,170,0.00,0.00,0,0
1544349622,1001-eth2,750283.75,570044.00,1320327.75,570614,751034,476.52,498.50,975.03,499,477,0.00,0.00,0,0
1544349622,1003-eth3,0.00,0.00,0.00,0,0,0.00,0.00,0.00,0,0,0.00,0.00,0,0
1544349622,2002-eth4,5874.13,5874.13,11748.25,5880,5880,59.94,59.94,119.88,60,60,0.00,0.00,0,0
1544349622,1001-eth4,232531.47,638427.56,870959.06,639066,232764,269.73,304.70,574.43,305,270,0.00,0.00,0,0
1544349622,3001-eth2,0.00,0.00,0.00,0,0,0.00,0.00,0.00,0,0,0.00,0.00,0,0
1544349622,1004-eth1,5874.13,5874.13,11748.25,5880,5880,59.94,59.94,119.88,60,60,0.00,0.00,0,0
1544349622,3005-eth4,1211606.38,758769.25,1970375.62,759528,1212818,648.35,647.35,1295.70,648,649,0.00,0.00,0,0
1544349622,1003-eth2,0.00,0.00,0.00,0,0,0.00,0.00,0.00,0,0,0.00,0.00,0,0
1544349622,3008-eth1,634010.00,12512.49,646522.50,12525,634644,237.76,177.82,415.58,178,238,0.00,0.00,0,0
1544349622,1002-eth3,0.00,0.00,0.00,0,0,0.00,0.00,0.00,0,0,0.00,0.00,0,0
1544349622,2006-eth1,0.00,0.00,0.00,0,0,0.00,0.00,0.00,0,0,0.00,0.00,0,0
1544349622,3003-eth1,5874.13,5874.13,11748.25,5880,5880,59.94,59.94,119.88,60,60,0.00,0.00,0,0
1544349622,2001-eth3,0.00,0.00,0.00,0,0,0.00,0.00,0.00,0,0,0.00,0.00,0,0
1544349622,2008-eth2,5874.13,5874.13,11748.25,5880,5880,59.94,59.94,119.88,60,60,0.00,0.00,0,0
1544349622,2008-eth3,202.80,0.00,202.80,0,203,1.00,0.00,1.00,0,1,0.00,0.00,0,0
1544349622,1001-eth3,566127.88,746367.62,1312495.50,747114,566694,458.54,436.56,895.10,437,459,0.00,0.00,0,0
1544349622,2007-eth4,12512.49,634010.00,646522.50,634644,12525,177.82,237.76,415.58,238,178,0.00,0.00,0,0
1544349622,2004-eth2,1958.04,1958.04,3916.08,1960,1960,19.98,19.98,39.96,20,20,0.00,0.00,0,0
1544349622,3002-eth1,232531.47,638427.56,870959.06,639066,232764,269.73,304.70,574.43,305,270,0.00,0.00,0,0
1544349622,3004-eth1,564169.88,744409.62,1308579.50,745154,564734,438.56,416.58,855.14,417,439,0.00,0.00,0,0
1544349622,2006-eth3,332071.94,6553.45,338625.38,6560,332404,121.88,93.91,215.78,94,122,0.00,0.00,0,0
1544349622,3004-eth2,10417.58,492911.09,503328.69,493404,10428,157.84,169.83,327.67,170,158,0.00,0.00,0,0
1544349622,3001-eth3,1222160.88,1222024.00,2444185.00,1223246,1223383,806.19,806.19,1612.39,807,807,0.00,0.00,0,0
1544349622,2003-eth4,744409.62,564169.88,1308579.50,564734,745154,416.58,438.56,855.14,439,417,0.00,0.00,0,0
1544349622,2008-eth4,6076.92,6076.92,12153.85,6083,6083,60.94,60.94,121.88,61,61,0.00,0.00,0,0
1544349622,3008-eth3,1222639.38,658425.56,1881065.00,659084,1223862,574.43,617.38,1191.81,618,575,0.00,0.00,0,0
1544349622,2005-eth2,0.00,0.00,0.00,0,0,0.00,0.00,0.00,0,0,0.00,0.00,0,0
1544349622,2006-eth4,16343.66,341862.16,358205.81,342204,16360,193.81,221.78,415.58,222,194,0.00,0.00,0,0
1544349622,3006-eth2,341862.16,16343.66,358205.81,16360,342204,221.78,193.81,415.58,194,222,0.00,0.00,0,0
1544349622,1003-eth4,0.00,0.00,0.00,0,0,0.00,0.00,0.00,0,0,0.00,0.00,0,0
1544349622,2006-eth2,9790.21,9790.21,19580.42,9800,9800,99.90,99.90,199.80,100,100,0.00,0.00,0,0
1544349622,3001-eth1,0.00,0.00,0.00,0,0,0.00,0.00,0.00,0,0,0.00,0.00,0,0
1544349622,3008-eth2,6076.92,6076.92,12153.85,6083,6083,60.94,60.94,121.88,61,61,0.00,0.00,0,0
1544349622,2004-eth3,12375.62,494869.16,507244.78,495364,12388,177.82,189.81,367.63,190,178,0.00,0.00,0,0
1544349622,3001-eth4,1219267.75,1222090.00,2441357.75,1223312,1220487,806.19,807.19,1613.39,808,807,0.00,0.00,0,0
1544349622,1003-eth1,0.00,0.00,0.00,0,0,0.00,0.00,0.00,0,0,0.00,0.00,0,0
1544349622,3002-eth2,5874.13,5874.13,11748.25,5880,5880,59.94,59.94,119.88,60,60,0.00,0.00,0,0
1544349622,2005-eth4,12555.45,445422.59,457978.03,445868,12568,163.84,185.81,349.65,186,164,0.00,0.00,0,0
1544349622,3003-eth2,494869.16,12375.62,507244.78,12388,495364,189.81,177.82,367.63,178,190,0.00,0.00,0,0
1544349622,2007-eth1,638427.56,232531.47,870959.06,232764,639066,304.70,269.73,574.43,270,305,0.00,0.00,0,0
1544349622,1002-eth4,0.00,0.00,0.00,0,0,0.00,0.00,0.00,0,0,0.00,0.00,0,0
1544349622,3002-eth4,23986.01,915108.94,939094.94,916024,24010,324.68,391.61,716.28,392,325,0.00,0.00,0,0
1544349622,2007-eth3,220221.78,4417.58,224639.36,4422,220442,92.91,66.93,159.84,67,93,0.00,0.00,0,0
1544349622,3005-eth1,755007.00,1007634.38,1762641.38,1008642,755762,560.44,604.40,1164.84,605,561,0.00,0.00,0,0
1544349622,2001-eth4,638427.56,232531.47,870959.06,232764,639066,304.70,269.73,574.43,270,305,0.00,0.00,0,0
1544349622,3003-eth4,34271.73,1224591.50,1258863.12,1225816,34306,480.52,499.50,980.02,500,481,0.00,0.00,0,0
1544349622,2004-eth1,0.00,0.00,0.00,0,0,0.00,0.00,0.00,0,0,0.00,0.00,0,0
1544349622,3006-eth4,14385.62,339904.09,354289.72,340244,14400,173.83,201.80,375.62,202,174,0.00,0.00,0,0
1544349622,3007-eth1,4417.58,220221.78,224639.36,220442,4422,66.93,92.91,159.84,93,67,0.00,0.00,0,0
1544349622,2008-eth1,0.00,0.00,0.00,0,0,0.00,0.00,0.00,0,0,0.00,0.00,0,0
1544349622,2002-eth2,5874.13,5874.13,11748.25,5880,5880,59.94,59.94,119.88,60,60,0.00,0.00,0,0
1544349622,2003-eth1,570044.00,750283.75,1320327.75,751034,570614,498.50,476.52,975.03,477,499,0.00,0.00,0,0
1544349622,3008-eth4,34205.80,1221632.38,1255838.25,1222854,34240,479.52,498.50,978.02,499,480,0.00,0.00,0,0
1544349622,1004-eth4,5874.13,5874.13,11748.25,5880,5880,59.94,59.94,119.88,60,60,0.00,0.00,0,0
1544349622,3006-eth1,445422.59,12555.45,457978.03,12568,445868,185.81,163.84,349.65,164,186,0.00,0.00,0,0
1544349622,1004-eth3,9790.21,9790.21,19580.42,9800,9800,99.90,99.90,199.80,100,100,0.00,0.00,0,0
1544349622,1002-eth2,0.00,0.00,0.00,0,0,0.00,0.00,0.00,0,0,0.00,0.00,0,0
1544349622,3004-eth3,1207730.25,574653.38,1782383.62,575228,1208938,576.42,597.40,1173.83,598,577,0.00,0.00,0,0
1544349622,2003-eth3,5874.13,5874.13,11748.25,5880,5880,59.94,59.94,119.88,60,60,0.00,0.00,0,0
1544349622,2005-eth1,746367.62,566127.88,1312495.50,566694,747114,436.56,458.54,895.10,459,437,0.00,0.00,0,0
1544349622,3002-eth3,1222759.25,246727.28,1469486.50,246974,1223982,510.49,494.51,1005.00,495,511,0.00,0.00,0,0
1544349622,3006-eth3,18429.57,451296.72,469726.28,451748,18448,223.78,245.75,469.53,246,224,0.00,0.00,0,0
1544349622,2001-eth1,232531.47,638427.56,870959.06,639066,232764,269.73,304.70,574.43,305,270,0.00,0.00,0,0
1544349622,3005-eth2,6553.45,332071.94,338625.38,332404,6560,93.91,121.88,215.78,122,94,0.00,0.00,0,0
1544349622,2001-eth2,0.00,0.00,0.00,0,0,0.00,0.00,0.00,0,0,0.00,0.00,0,0
1544349622,3007-eth2,0.00,202.80,202.80,203,0,0.00,1.00,1.00,1,0,0.00,0.00,0,0
1544349622,1001-eth1,638427.56,232531.47,870959.06,232764,639066,304.70,269.73,574.43,270,305,0.00,0.00,0,0
1544349622,3007-eth4,1227096.88,1221430.62,2448527.50,1222652,1228324,861.14,797.20,1658.34,798,862,0.00,0.00,0,0
1544349622,2003-eth2,0.00,0.00,0.00,0,0,0.00,0.00,0.00,0,0,0.00,0.00,0,0
1544349622,3007-eth3,1216947.12,995690.31,2212637.50,996686,1218164,729.27,730.27,1459.54,731,730,0.00,0.00,0,0
1544349622,1002-eth1,0.00,0.00,0.00,0,0,0.00,0.00,0.00,0,0,0.00,0.00,0,0
1544349622,2002-eth3,0.00,0.00,0.00,0,0,0.00,0.00,0.00,0,0,0.00,0.00,0,0
1544349622,2007-eth2,0.00,0.00,0.00,0,0,0.00,0.00,0.00,0,0,0.00,0.00,0,0
1544349622,total,24978210.00,25456176.00,50434388.00,25481632,25003189,18062.94,18253.75,36316.68,18272,18081,0.00,0.00,0,0
1544349623,3003-eth3,1224217.88,514945.06,1739162.88,515460,1225442,576.42,569.43,1145.85,570,577,0.00,0.00,0,0
1544349623,2002-eth1,0.00,0.00,0.00,0,0,0.00,0.00,0.00,0,0,0.00,0.00,0,0
1544349623,lo,0.00,0.00,0.00,0,0,0.00,0.00,0.00,0,0,0.00,0.00,0,0
1544349623,3005-eth3,1226219.88,1220221.75,2446441.50,1221442,1227446,738.26,822.18,1560.44,823,739,0.00,0.00,0,0
1544349623,2005-eth3,604751.25,746751.25,1351502.50,747498,605356,505.49,508.49,1013.99,509,506,0.00,0.00,0,0
1544349623,3004-eth4,1224526.50,1225114.88,2449641.50,1226340,1225751,798.20,809.19,1607.39,810,799,0.00,0.00,0,0
1544349623,1004-eth2,1958.04,1958.04,3916.08,1960,1960,19.98,19.98,39.96,20,20,0.00,0.00,0,0
1544349623,2004-eth4,488505.50,10615.38,499120.91,10626,488994,168.83,160.84,329.67,161,169,0.00,0.00,0,0
1544349623,1001-eth2,739948.06,314977.03,1054925.12,315292,740688,433.57,425.57,859.14,426,434,0.00,0.00,0,0
1544349623,1003-eth3,0.00,0.00,0.00,0,0,0.00,0.00,0.00,0,0,0.00,0.00,0,0
1544349623,2002-eth4,5874.13,5874.13,11748.25,5880,5880,59.94,59.94,119.88,60,60,0.00,0.00,0,0
1544349623,1001-eth4,243766.23,654339.69,898105.94,654994,244010,278.72,304.70,583.42,305,279,0.00,0.00,0,0
1544349623,3001-eth2,0.00,0.00,0.00,0,0,0.00,0.00,0.00,0,0,0.00,0.00,0,0
1544349623,1004-eth1,5874.13,5874.13,11748.25,5880,5880,59.94,59.94,119.88,60,60,0.00,0.00,0,0
1544349623,3005-eth4,1196948.12,748050.00,1944998.00,748798,1198145,643.36,638.36,1281.72,639,644,0.00,0.00,0,0
1544349623,1003-eth2,0.00,0.00,0.00,0,0,0.00,0.00,0.00,0,0,0.00,0.00,0,0
1544349623,3008-eth1,650317.69,13154.85,663472.56,13168,650968,243.76,181.82,425.57,182,244,0.00,0.00,0,0
1544349623,1002-eth3,0.00,0.00,0.00,0,0,0.00,0.00,0.00,0,0,0.00,0.00,0,0
1544349623,2006-eth1,0.00,0.00,0.00,0,0,0.00,0.00,0.00,0,0,0.00,0.00,0,0
1544349623,3003-eth1,5874.13,5874.13,11748.25,5880,5880,59.94,59.94,119.88,60,60,0.00,0.00,0,0
1544349623,2001-eth3,0.00,0.00,0.00,0,0,0.00,0.00,0.00,0,0,0.00,0.00,0,0
1544349623,2008-eth2,5874.13,5874.13,11748.25,5880,5880,59.94,59.94,119.88,60,60,0.00,0.00,0,0
1544349623,2008-eth3,0.00,0.00,0.00,0,0,0.00,0.00,0.00,0,0,0.00,0.00,0,0
1544349623,1001-eth3,311060.94,736032.00,1047092.94,736768,311372,385.61,393.61,779.22,394,386,0.00,0.00,0,0
1544349623,2007-eth4,13154.85,650317.69,663472.56,650968,13168,181.82,243.76,425.57,244,182,0.00,0.00,0,0
1544349623,2004-eth2,1958.04,1958.04,3916.08,1960,1960,19.98,19.98,39.96,20,20,0.00,0.00,0,0
1544349623,3002-eth1,243766.23,654339.69,898105.94,654994,244010,278.72,304.70,583.42,305,279,0.00,0.00,0,0
1544349623,3004-eth1,309102.91,734073.94,1043176.88,734808,309412,365.63,373.63,739.26,374,366,0.00,0.00,0,0
1544349623,2006-eth3,351870.12,14461.54,366331.69,14476,352222,158.84,153.85,312.69,154,159,0.00,0.00,0,0
1544349623,3004-eth2,10615.38,488505.50,499120.91,488994,10626,160.84,168.83,329.67,169,161,0.00,0.00,0,0
1544349623,3001-eth3,1220577.50,1220577.50,2441155.00,1221798,1221798,806.19,806.19,1612.39,807,807,0.00,0.00,0,0
1544349623,2003-eth4,734073.94,309102.91,1043176.88,309412,734808,373.63,365.63,739.26,366,374,0.00,0.00,0,0
1544349623,2008-eth4,5874.13,5874.13,11748.25,5880,5880,59.94,59.94,119.88,60,60,0.00,0.00,0,0
1544349623,3008-eth3,1224415.62,674733.31,1899148.88,675408,1225640,579.42,623.38,1202.80,624,580,0.00,0.00,0,0
1544349623,2005-eth2,0.00,0.00,0.00,0,0,0.00,0.00,0.00,0,0,0.00,0.00,0,0
1544349623,2006-eth4,24251.75,361660.34,385912.09,362022,24276,253.75,258.74,512.49,259,254,0.00,0.00,0,0
1544349623,3006-eth2,361660.34,24251.75,385912.09,24276,362022,258.74,253.75,512.49,254,259,0.00,0.00,0,0
1544349623,1003-eth4,0.00,0.00,0.00,0,0,0.00,0.00,0.00,0,0,0.00,0.00,0,0
1544349623,2006-eth2,9790.21,9790.21,19580.42,9800,9800,99.90,99.90,199.80,100,100,0.00,0.00,0,0
1544349623,3001-eth1,0.00,0.00,0.00,0,0,0.00,0.00,0.00,0,0,0.00,0.00,0,0
1544349623,3008-eth2,5874.13,5874.13,11748.25,5880,5880,59.94,59.94,119.88,60,60,0.00,0.00,0,0
1544349623,2004-eth3,12573.43,490463.56,503036.97,490954,12586,180.82,188.81,369.63,189,181,0.00,0.00,0,0
1544349623,3001-eth4,1222024.00,1222090.00,2444114.00,1223312,1223246,806.19,807.19,1613.39,808,807,0.00,0.00,0,0
1544349623,1003-eth1,0.00,0.00,0.00,0,0,0.00,0.00,0.00,0,0,0.00,0.00,0,0
1544349623,3002-eth2,5874.13,5874.13,11748.25,5880,5880,59.94,59.94,119.88,60,60,0.00,0.00,0,0
1544349623,2005-eth4,14635.37,297606.41,312241.78,297904,14650,154.85,159.84,314.69,160,155,0.00,0.00,0,0
1544349623,3003-eth2,490463.56,12573.43,503036.97,12586,490954,188.81,180.82,369.63,181,189,0.00,0.00,0,0
1544349623,2007-eth1,654339.69,243766.23,898105.94,244010,654994,304.70,278.72,583.42,279,305,0.00,0.00,0,0
1544349623,1002-eth4,0.00,0.00,0.00,0,0,0.00,0.00,0.00,0,0,0.00,0.00,0,0
1544349623,3002-eth4,24612.39,868587.44,893199.81,869456,24637,321.68,387.61,709.29,388,322,0.00,0.00,0,0
1544349623,2007-eth3,230611.39,4021.98,234633.38,4026,230842,96.90,60.94,157.84,61,97,0.00,0.00,0,0
1544349623,3005-eth1,746751.25,604751.25,1351502.50,605356,747498,508.49,505.49,1013.99,506,509,0.00,0.00,0,0
1544349623,2001-eth4,654339.69,243766.23,898105.94,244010,654994,304.70,278.72,583.42,279,305,0.00,0.00,0,0
1544349623,3003-eth4,34474.53,1223144.88,1257619.38,1224368,34509,481.52,499.50,981.02,500,482,0.00,0.00,0,0
1544349623,2004-eth1,0.00,0.00,0.00,0,0,0.00,0.00,0.00,0,0,0.00,0.00,0,0
1544349623,3006-eth4,22398.60,359604.41,382003.00,359964,22421,233.77,237.76,471.53,238,234,0.00,0.00,0,0
1544349623,3007-eth1,4021.98,230611.39,234633.38,230842,4026,60.94,96.90,157.84,97,61,0.00,0.00,0,0
1544349623,2008-eth1,0.00,0.00,0.00,0,0,0.00,0.00,0.00,0,0,0.00,0.00,0,0
1544349623,2002-eth2,5874.13,5874.13,11748.25,5880,5880,59.94,59.94,119.88,60,60,0.00,0.00,0,0
1544349623,2003-eth1,314977.03,739948.06,1054925.12,740688,315292,425.57,433.57,859.14,434,426,0.00,0.00,0,0
1544349623,3008-eth4,34275.73,1224591.50,1258867.12,1225816,34310,480.52,499.50,980.02,500,481,0.00,0.00,0,0
1544349623,1004-eth4,5874.13,5874.13,11748.25,5880,5880,59.94,59.94,119.88,60,60,0.00,0.00,0,0
1544349623,3006-eth1,297606.41,14635.37,312241.78,14650,297904,159.84,154.85,314.69,155,160,0.00,0.00,0,0
1544349623,1004-eth3,9790.21,9790.21,19580.42,9800,9800,99.90,99.90,199.80,100,100,0.00,0.00,0,0
1544349623,1002-eth2,0.00,0.00,0.00,0,0,0.00,0.00,0.00,0,0,0.00,0.00,0,0
1544349623,3004-eth3,1210946.12,319652.34,1530598.50,319972,1212157,539.46,525.47,1064.94,526,540,0.00,0.00,0,0
1544349623,2003-eth3,5874.13,5874.13,11748.25,5880,5880,59.94,59.94,119.88,60,60,0.00,0.00,0,0
1544349623,2005-eth1,736032.00,311060.94,1047092.94,311372,736768,393.61,385.61,779.22,386,394,0.00,0.00,0,0
1544349623,3002-eth3,1224205.88,258385.62,1482591.50,258644,1225430,510.49,499.50,1009.99,500,511,0.00,0.00,0,0
1544349623,3006-eth3,20411.59,303382.62,323794.22,303686,20432,213.79,218.78,432.57,219,214,0.00,0.00,0,0
1544349623,2001-eth1,243766.23,654339.69,898105.94,654994,244010,278.72,304.70,583.42,305,279,0.00,0.00,0,0
1544349623,3005-eth2,14461.54,351870.12,366331.69,352222,14476,153.85,158.84,312.69,159,154,0.00,0.00,0,0
1544349623,2001-eth2,0.00,0.00,0.00,0,0,0.00,0.00,0.00,0,0,0.00,0.00,0,0
1544349623,3007-eth2,0.00,0.00,0.00,0,0,0.00,0.00,0.00,0,0,0.00,0.00,0,0
1544349623,1001-eth1,654339.69,243766.23,898105.94,244010,654994,304.70,278.72,583.42,279,305,0.00,0.00,0,0
1544349623,3007-eth4,1223210.88,1224191.88,2447402.75,1225416,1224434,824.18,795.20,1619.38,796,825,0.00,0.00,0,0
1544349623,2003-eth2,0.00,0.00,0.00,0,0,0.00,0.00,0.00,0,0,0.00,0.00,0,0
1544349623,3007-eth3,1220438.62,1006014.00,2226452.50,1007020,1221659,736.26,733.27,1469.53,734,737,0.00,0.00,0,0
1544349623,1002-eth1,0.00,0.00,0.00,0,0,0.00,0.00,0.00,0,0,0.00,0.00,0,0
1544349623,2002-eth3,0.00,0.00,0.00,0,0,0.00,0.00,0.00,0,0,0.00,0.00,0,0
1544349623,2007-eth2,0.00,0.00,0.00,0,0,0.00,0.00,0.00,0,0,0.00,0.00,0,0
1544349623,total,23791904.00,23851290.00,47643196.00,23875140,23815697,17693.31,17876.12,35569.43,17894,17711,0.00,0.00,0,0
1544349624,3003-eth3,1220237.50,515744.53,1735982.12,516776,1222678,577.84,566.87,1144.71,568,579,0.00,0.00,0,0
1544349624,2002-eth1,0.00,0.00,0.00,0,0,0.00,0.00,0.00,0,0,0.00,0.00,0,0
1544349624,lo,1197.60,1197.60,2395.21,1200,1200,19.96,19.96,39.92,20,20,0.00,0.00,0,0
1544349624,3005-eth3,1226691.62,1217770.50,2444462.25,1220206,1229145,1002.00,945.11,1947.11,947,1004,0.00,0.00,0,0
1544349624,2005-eth3,873922.19,752341.31,1626263.50,753846,875670,629.74,621.76,1251.50,623,631,0.00,0.00,0,0
1544349624,3004-eth4,1220606.88,1217890.25,2438497.00,1220326,1223048,802.40,805.39,1607.78,807,804,0.00,0.00,0,0
1544349624,1004-eth2,1956.09,1956.09,3912.18,1960,1960,19.96,19.96,39.92,20,20,0.00,0.00,0,0
1544349624,2004-eth4,489463.09,10473.05,499936.16,10494,490442,168.66,158.68,327.35,159,169,0.00,0.00,0,0
1544349624,1001-eth2,738598.81,396886.25,1135485.00,397680,740076,473.05,467.07,940.12,468,474,0.00,0.00,0,0
1544349624,1003-eth3,0.00,0.00,0.00,0,0,0.00,0.00,0.00,0,0,0.00,0.00,0,0
1544349624,2002-eth4,5672.65,5672.65,11345.31,5684,5684,57.88,57.88,115.77,58,58,0.00,0.00,0,0
1544349624,1001-eth4,250253.50,356117.78,606371.25,356830,250754,256.49,262.48,518.96,263,257,0.00,0.00,0,0
1544349624,3001-eth2,0.00,0.00,0.00,0,0,0.00,0.00,0.00,0,0,0.00,0.00,0,0
1544349624,1004-eth1,5672.65,5672.65,11345.31,5684,5684,57.88,57.88,115.77,58,58,0.00,0.00,0,0
1544349624,3005-eth4,1182323.38,742614.81,1924938.12,744100,1184688,638.72,632.73,1271.46,634,640,0.00,0.00,0,0
1544349624,1003-eth2,0.00,0.00,0.00,0,0,0.00,0.00,0.00,0,0,0.00,0.00,0,0
1544349624,3008-eth1,351045.91,16590.82,367636.75,16624,351748,185.63,175.65,361.28,176,186,0.00,0.00,0,0
1544349624,1002-eth3,0.00,0.00,0.00,0,0,0.00,0.00,0.00,0,0,0.00,0.00,0,0
1544349624,2006-eth1,0.00,0.00,0.00,0,0,0.00,0.00,0.00,0,0,0.00,0.00,0,0
1544349624,3003-eth1,5868.26,5770.46,11638.72,5782,5880,59.88,58.88,118.76,59,60,0.00,0.00,0,0
1544349624,2001-eth3,0.00,0.00,0.00,0,0,0.00,0.00,0.00,0,0,0.00,0.00,0,0
1544349624,2008-eth2,5868.26,5868.26,11736.53,5880,5880,59.88,59.88,119.76,60,60,0.00,0.00,0,0
1544349624,2008-eth3,0.00,0.00,0.00,0,0,0.00,0.00,0.00,0,0,0.00,0.00,0,0
1544349624,1001-eth3,392974.06,734686.62,1127660.75,736156,393760,427.15,433.13,860.28,434,428,0.00,0.00,0,0
1544349624,2007-eth4,16590.82,351045.91,367636.75,351748,16624,175.65,185.63,361.28,186,176,0.00,0.00,0,0
1544349624,2004-eth2,1956.09,1956.09,3912.18,1960,1960,19.96,19.96,39.92,20,20,0.00,0.00,0,0
1544349624,3002-eth1,250253.50,356117.78,606371.25,356830,250754,256.49,262.48,518.96,263,257,0.00,0.00,0,0
1544349624,3004-eth1,391017.97,732828.38,1123846.38,734294,391800,407.19,414.17,821.36,415,408,0.00,0.00,0,0
1544349624,2006-eth3,393431.16,16041.92,409473.06,16074,394218,180.64,170.66,351.30,171,181,0.00,0.00,0,0
1544349624,3004-eth2,10473.05,489463.09,499936.16,490442,10494,158.68,168.66,327.35,169,159,0.00,0.00,0,0
1544349624,3001-eth3,1220870.25,1220870.25,2441740.50,1223312,1223312,806.39,806.39,1612.77,808,808,0.00,0.00,0,0
1544349624,2003-eth4,732828.38,391017.97,1123846.38,391800,734294,414.17,407.19,821.36,408,415,0.00,0.00,0,0
1544349624,2008-eth4,5868.26,5868.26,11736.53,5880,5880,59.88,59.88,119.76,60,60,0.00,0.00,0,0
1544349624,3008-eth3,1217931.12,375413.19,1593344.38,376164,1220367,571.86,564.87,1136.73,566,573,0.00,0.00,0,0
1544349624,2005-eth2,0.00,0.00,0.00,0,0,0.00,0.00,0.00,0,0,0.00,0.00,0,0
1544349624,2006-eth4,25626.75,403015.97,428642.72,403822,25678,268.46,278.44,546.91,279,269,0.00,0.00,0,0
1544349624,3006-eth2,403015.97,25626.75,428642.72,25678,403822,278.44,268.46,546.91,269,279,0.00,0.00,0,0
1544349624,1003-eth4,0.00,0.00,0.00,0,0,0.00,0.00,0.00,0,0,0.00,0.00,0,0
1544349624,2006-eth2,9584.83,9584.83,19169.66,9604,9604,97.80,97.80,195.61,98,98,0.00,0.00,0,0
1544349624,3001-eth1,0.00,0.00,0.00,0,0,0.00,0.00,0.00,0,0,0.00,0.00,0,0
1544349624,3008-eth2,5868.26,5868.26,11736.53,5880,5880,59.88,59.88,119.76,60,60,0.00,0.00,0,0
1544349624,2004-eth3,12429.14,491419.19,503848.31,492402,12454,178.64,188.62,367.27,189,179,0.00,0.00,0,0
1544349624,3001-eth4,1217848.38,1217782.50,2435630.75,1220218,1220284,804.39,803.39,1607.78,805,806,0.00,0.00,0,0
1544349624,1003-eth1,0.00,0.00,0.00,0,0,0.00,0.00,0.00,0,0,0.00,0.00,0,0
1544349624,3002-eth2,5672.65,5672.65,11345.31,5684,5684,57.88,57.88,115.77,58,58,0.00,0.00,0,0
1544349624,2005-eth4,21469.06,484860.28,506329.34,485830,21512,227.54,242.51,470.06,243,228,0.00,0.00,0,0
1544349624,3003-eth2,491419.19,12429.14,503848.31,12454,492402,188.62,178.64,367.27,179,189,0.00,0.00,0,0
1544349624,2007-eth1,356117.78,250253.50,606371.25,250754,356830,262.48,256.49,518.96,257,263,0.00,0.00,0,0
1544349624,1002-eth4,0.00,0.00,0.00,0,0,0.00,0.00,0.00,0,0,0.00,0.00,0,0
1544349624,3002-eth4,32207.59,548608.81,580816.38,549706,32272,339.32,348.30,687.62,349,340,0.00,0.00,0,0
1544349624,2007-eth3,233662.69,5071.86,238734.53,5082,234130,80.84,76.85,157.68,77,81,0.00,0.00,0,0
1544349624,3005-eth1,752341.31,873922.19,1626263.50,875670,753846,621.76,629.74,1251.50,631,623,0.00,0.00,0,0
1544349624,2001-eth4,356117.78,250253.50,606371.25,250754,356830,262.48,256.49,518.96,257,263,0.00,0.00,0,0
1544349624,3003-eth4,34007.98,1223369.25,1257377.25,1225816,34076,477.05,499.00,976.05,500,478,0.00,0.00,0,0
1544349624,2004-eth1,0.00,0.00,0.00,0,0,0.00,0.00,0.00,0,0,0.00,0.00,0,0
1544349624,3006-eth4,23670.66,401059.91,424730.56,401862,23718,248.50,258.48,506.99,259,249,0.00,0.00,0,0
1544349624,3007-eth1,5071.86,233662.69,238734.53,234130,5082,76.85,80.84,157.68,81,77,0.00,0.00,0,0
1544349624,2008-eth1,0.00,0.00,0.00,0,0,0.00,0.00,0.00,0,0,0.00,0.00,0,0
1544349624,2002-eth2,5672.65,5672.65,11345.31,5684,5684,57.88,57.88,115.77,58,58,0.00,0.00,0,0
1544349624,2003-eth1,396886.25,738598.81,1135485.00,740076,397680,467.07,473.05,940.12,474,468,0.00,0.00,0,0
1544349624,3008-eth4,34350.30,1217499.00,1251849.38,1219934,34419,480.04,498.00,978.04,499,481,0.00,0.00,0,0
1544349624,1004-eth4,5868.26,5868.26,11736.53,5880,5880,59.88,59.88,119.76,60,60,0.00,0.00,0,0
1544349624,3006-eth1,484860.28,21469.06,506329.34,21512,485830,242.51,227.54,470.06,228,243,0.00,0.00,0,0
1544349624,1004-eth3,9584.83,9584.83,19169.66,9604,9604,97.80,97.80,195.61,98,98,0.00,0.00,0,0
1544349624,1002-eth2,0.00,0.00,0.00,0,0,0.00,0.00,0.00,0,0,0.00,0.00,0,0
1544349624,3004-eth3,1207469.12,401449.12,1608918.25,402252,1209884,576.85,564.87,1141.72,566,578,0.00,0.00,0,0
1544349624,2003-eth3,5770.46,5868.26,11638.72,5880,5782,58.88,59.88,118.76,60,59,0.00,0.00,0,0
1544349624,2005-eth1,734686.62,392974.06,1127660.75,393760,736156,433.13,427.15,860.28,428,434,0.00,0.00,0,0
1544349624,3002-eth3,1218741.25,273148.84,1491890.12,273422,1219960,471.53,498.50,970.03,499,472,0.00,0.00,0,0
1544349624,3006-eth3,27567.43,491218.78,518786.22,491710,27595,288.71,302.70,591.41,303,289,0.00,0.00,0,0
1544349624,2001-eth1,250503.50,356473.53,606977.06,356830,250754,256.74,262.74,519.48,263,257,0.00,0.00,0,0
1544349624,3005-eth2,16057.94,393824.19,409882.12,394218,16074,170.83,180.82,351.65,181,171,0.00,0.00,0,0
1544349624,2001-eth2,0.00,0.00,0.00,0,0,0.00,0.00,0.00,0,0,0.00,0.00,0,0
1544349624,3007-eth2,0.00,0.00,0.00,0,0,0.00,0.00,0.00,0,0,0.00,0.00,0,0
1544349624,1001-eth1,356473.53,250503.50,606977.06,250754,356830,262.74,256.74,519.48,257,263,0.00,0.00,0,0
1544349624,3007-eth4,1219531.50,1221826.25,2441357.75,1223048,1220751,810.19,803.20,1613.39,804,811,0.00,0.00,0,0
1544349624,2003-eth2,0.00,0.00,0.00,0,0,0.00,0.00,0.00,0,0,0.00,0.00,0,0
1544349624,3007-eth3,1213724.25,973332.69,2187057.00,974306,1214938,724.28,720.28,1444.56,721,725,0.00,0.00,0,0
1544349624,1002-eth1,0.00,0.00,0.00,0,0,0.00,0.00,0.00,0,0,0.00,0.00,0,0
1544349624,2002-eth3,0.00,0.00,0.00,0,0,0.00,0.00,0.00,0,0,0.00,0.00,0,0
1544349624,2007-eth2,0.00,0.00,0.00,0,0,0.00,0.00,0.00,0,0,0.00,0.00,0,0
1544349624,total,23406518.00,23148800.00,46555316.00,23171948,23429925,18493.51,18491.51,36985.02,18510,18512,0.00,0.00,0,0
1544349625,3003-eth3,1222837.25,507514.50,1730351.75,508022,1224060,577.42,566.43,1143.86,567,578,0.00,0.00,0,0
1544349625,2002-eth1,0.00,0.00,0.00,0,0,0.00,0.00,0.00,0,0,0.00,0.00,0,0
1544349625,lo,0.00,0.00,0.00,0,0,0.00,0.00,0.00,0,0,0.00,0.00,0,0
1544349625,3005-eth3,1230002.00,1223304.75,2453306.75,1224528,1231232,927.07,963.04,1890.11,964,928,0.00,0.00,0,0
1544349625,2005-eth3,832407.62,749404.62,1581812.25,750154,833240,623.38,624.38,1247.75,625,624,0.00,0.00,0,0
1544349625,3004-eth4,1224893.12,1225180.88,2450074.00,1226406,1226118,806.19,810.19,1616.38,811,807,0.00,0.00,0,0
1544349625,1004-eth2,1958.04,1958.04,3916.08,1960,1960,19.98,19.98,39.96,20,20,0.00,0.00,0,0
1544349625,2004-eth4,481074.94,10615.38,491690.31,10626,481556,165.83,160.84,326.67,161,166,0.00,0.00,0,0
1544349625,1001-eth2,735840.19,390173.84,1126014.00,390564,736576,477.52,469.53,947.05,470,478,0.00,0.00,0,0
1544349625,1003-eth3,0.00,0.00,0.00,0,0,0.00,0.00,0.00,0,0,0.00,0.00,0,0
1544349625,2002-eth4,5678.32,5678.32,11356.64,5684,5684,57.94,57.94,115.88,58,58,0.00,0.00,0,0
1544349625,1001-eth4,234759.25,378237.78,612997.00,378616,234994,256.74,263.74,520.48,264,257,0.00,0.00,0,0
1544349625,3001-eth2,0.00,0.00,0.00,0,0,0.00,0.00,0.00,0,0,0.00,0.00,0,0
1544349625,1004-eth1,5678.32,5678.32,11356.64,5684,5684,57.94,57.94,115.88,58,58,0.00,0.00,0,0
1544349625,3005-eth4,1188004.00,740553.44,1928557.50,741294,1189192,641.36,634.37,1275.72,635,642,0.00,0.00,0,0
1544349625,1003-eth2,0.00,0.00,0.00,0,0,0.00,0.00,0.00,0,0,0.00,0.00,0,0
1544349625,3008-eth1,373358.66,17170.83,390529.47,17188,373732,189.81,181.82,371.63,182,190,0.00,0.00,0,0
1544349625,1002-eth3,0.00,0.00,0.00,0,0,0.00,0.00,0.00,0,0,0.00,0.00,0,0
1544349625,2006-eth1,0.00,0.00,0.00,0,0,0.00,0.00,0.00,0,0,0.00,0.00,0,0
1544349625,3003-eth1,5776.22,5874.13,11650.35,5880,5782,58.94,59.94,118.88,60,59,0.00,0.00,0,0
1544349625,2001-eth3,0.00,0.00,0.00,0,0,0.00,0.00,0.00,0,0,0.00,0.00,0,0
1544349625,2008-eth2,5874.13,5874.13,11748.25,5880,5880,59.94,59.94,119.88,60,60,0.00,0.00,0,0
1544349625,2008-eth3,0.00,0.00,0.00,0,0,0.00,0.00,0.00,0,0,0.00,0.00,0,0
1544349625,1001-eth3,386257.75,731924.12,1118181.88,732656,386644,429.57,437.56,867.13,438,430,0.00,0.00,0,0
1544349625,2007-eth4,17170.83,373358.66,390529.47,373732,17188,181.82,189.81,371.63,190,182,0.00,0.00,0,0
1544349625,2004-eth2,1958.04,1958.04,3916.08,1960,1960,19.98,19.98,39.96,20,20,0.00,0.00,0,0
1544349625,3002-eth1,234759.25,378237.78,612997.00,378616,234994,256.74,263.74,520.48,264,257,0.00,0.00,0,0
1544349625,3004-eth1,384397.62,730036.00,1114433.62,730766,384782,410.59,418.58,829.17,419,411,0.00,0.00,0,0
1544349625,2006-eth3,398559.44,16497.50,415056.97,16514,398958,186.81,180.82,367.63,181,187,0.00,0.00,0,0
1544349625,3004-eth2,10615.38,481074.94,491690.31,481556,10626,160.84,165.83,326.67,166,161,0.00,0.00,0,0
1544349625,3001-eth3,1219130.88,1219130.88,2438261.75,1220350,1220350,806.19,806.19,1612.39,807,807,0.00,0.00,0,0
1544349625,2003-eth4,730036.00,384397.62,1114433.62,384782,730766,418.58,410.59,829.17,411,419,0.00,0.00,0,0
1544349625,2008-eth4,5874.13,5874.13,11748.25,5880,5880,59.94,59.94,119.88,60,60,0.00,0.00,0,0
1544349625,3008-eth3,1223001.00,397708.31,1620709.38,398106,1224224,577.42,568.43,1145.85,569,578,0.00,0.00,0,0
1544349625,2005-eth2,0.00,0.00,0.00,0,0,0.00,0.00,0.00,0,0,0.00,0.00,0,0
1544349625,2006-eth4,26091.91,408153.84,434245.78,408562,26118,278.72,284.72,563.44,285,279,0.00,0.00,0,0
1544349625,3006-eth2,408153.84,26091.91,434245.78,26118,408562,284.72,278.72,563.44,279,285,0.00,0.00,0,0
1544349625,1003-eth4,0.00,0.00,0.00,0,0,0.00,0.00,0.00,0,0,0.00,0.00,0,0
1544349625,2006-eth2,9594.41,9594.41,19188.81,9604,9604,97.90,97.90,195.80,98,98,0.00,0.00,0,0
1544349625,3001-eth1,0.00,0.00,0.00,0,0,0.00,0.00,0.00,0,0,0.00,0.00,0,0
1544349625,3008-eth2,5874.13,5874.13,11748.25,5880,5880,59.94,59.94,119.88,60,60,0.00,0.00,0,0
1544349625,2004-eth3,12573.43,483032.97,495606.41,483516,12586,180.82,185.81,366.63,186,181,0.00,0.00,0,0
1544349625,3001-eth4,1222090.00,1222090.00,2444180.00,1223312,1223312,807.19,807.19,1614.39,808,808,0.00,0.00,0,0
1544349625,1003-eth1,0.00,0.00,0.00,0,0,0.00,0.00,0.00,0,0,0.00,0.00,0,0
1544349625,3002-eth2,5678.32,5678.32,11356.64,5684,5684,57.94,57.94,115.88,58,58,0.00,0.00,0,0
1544349625,2005-eth4,21298.70,449940.06,471238.78,450390,21320,225.77,232.77,458.54,233,226,0.00,0.00,0,0
1544349625,3003-eth2,483032.97,12573.43,495606.41,12586,483516,185.81,180.82,366.63,181,186,0.00,0.00,0,0
1544349625,2007-eth1,378237.78,234759.25,612997.00,234994,378616,263.74,256.74,520.48,257,264,0.00,0.00,0,0
1544349625,1002-eth4,0.00,0.00,0.00,0,0,0.00,0.00,0.00,0,0,0.00,0.00,0,0
1544349625,3002-eth4,32145.86,636016.00,668161.88,636652,32178,338.66,349.65,688.31,350,339,0.00,0.00,0,0
1544349625,2007-eth3,217588.42,4879.12,222467.53,4884,217806,74.93,73.93,148.85,74,75,0.00,0.00,0,0
1544349625,3005-eth1,749404.62,832407.62,1581812.25,833240,750154,624.38,623.38,1247.75,624,625,0.00,0.00,0,0
1544349625,2001-eth4,378237.78,234759.25,612997.00,234994,378616,263.74,256.74,520.48,257,264,0.00,0.00,0,0
1544349625,3003-eth4,34271.73,1221534.50,1255806.25,1222756,34306,480.52,497.50,978.02,498,481,0.00,0.00,0,0
1544349625,2004-eth1,0.00,0.00,0.00,0,0,0.00,0.00,0.00,0,0,0.00,0.00,0,0
1544349625,3006-eth4,24231.77,406293.72,430525.50,406700,24256,259.74,265.73,525.47,266,260,0.00,0.00,0,0
1544349625,3007-eth1,4879.12,217588.42,222467.53,217806,4884,73.93,74.93,148.85,75,74,0.00,0.00,0,0
1544349625,2008-eth1,0.00,0.00,0.00,0,0,0.00,0.00,0.00,0,0,0.00,0.00,0,0
1544349625,2002-eth2,5678.32,5678.32,11356.64,5684,5684,57.94,57.94,115.88,58,58,0.00,0.00,0,0
1544349625,2003-eth1,390173.84,735840.19,1126014.00,736576,390564,469.53,477.52,947.05,478,470,0.00,0.00,0,0
1544349625,3008-eth4,34139.86,1220185.88,1254325.75,1221406,34174,478.52,498.50,977.02,499,479,0.00,0.00,0,0
1544349625,1004-eth4,5874.13,5874.13,11748.25,5880,5880,59.94,59.94,119.88,60,60,0.00,0.00,0,0
1544349625,3006-eth1,449940.06,21298.70,471238.78,21320,450390,232.77,225.77,458.54,226,233,0.00,0.00,0,0
1544349625,1004-eth3,9594.41,9594.41,19188.81,9604,9604,97.90,97.90,195.80,98,98,0.00,0.00,0,0
1544349625,1002-eth2,0.00,0.00,0.00,0,0,0.00,0.00,0.00,0,0,0.00,0.00,0,0
1544349625,3004-eth3,1211041.00,394951.06,1605992.00,395346,1212252,583.42,570.43,1153.85,571,584,0.00,0.00,0,0
1544349625,2003-eth3,5874.13,5776.22,11650.35,5782,5880,59.94,58.94,118.88,59,60,0.00,0.00,0,0
1544349625,2005-eth1,731924.12,386257.75,1118181.88,386644,732656,437.56,429.57,867.13,430,438,0.00,0.00,0,0
1544349625,3002-eth3,1220121.88,257380.62,1477502.50,257638,1221342,470.53,498.50,969.03,499,471,0.00,0.00,0,0
1544349625,3006-eth3,26879.12,455548.47,482427.59,456004,26906,282.72,289.71,572.43,290,283,0.00,0.00,0,0
1544349625,2001-eth1,234759.25,378237.78,612997.00,378616,234994,256.74,263.74,520.48,264,257,0.00,0.00,0,0
1544349625,3005-eth2,16497.50,398559.44,415056.97,398958,16514,180.82,186.81,367.63,187,181,0.00,0.00,0,0
1544349625,2001-eth2,0.00,0.00,0.00,0,0,0.00,0.00,0.00,0,0,0.00,0.00,0,0
1544349625,3007-eth2,0.00,0.00,0.00,0,0,0.00,0.00,0.00,0,0,0.00,0.00,0,0
1544349625,1001-eth1,378237.78,234759.25,612997.00,234994,378616,263.74,256.74,520.48,257,264,0.00,0.00,0,0
1544349625,3007-eth4,1222353.62,1222090.00,2444443.50,1223312,1223576,811.19,807.19,1618.38,808,812,0.00,0.00,0,0
1544349625,2003-eth2,0.00,0.00,0.00,0,0,0.00,0.00,0.00,0,0,0.00,0.00,0,0
1544349625,3007-eth3,1220235.75,1001608.44,2221844.25,1002610,1221456,735.26,732.27,1467.53,733,736,0.00,0.00,0,0
1544349625,1002-eth1,0.00,0.00,0.00,0,0,0.00,0.00,0.00,0,0,0.00,0.00,0,0
1544349625,2002-eth3,0.00,0.00,0.00,0,0,0.00,0.00,0.00,0,0,0.00,0.00,0,0
1544349625,2007-eth2,0.00,0.00,0.00,0,0,0.00,0.00,0.00,0,0,0.00,0.00,0,0
1544349625,total,23336612.00,23132324.00,46468936.00,23155456,23359948,18465.53,18547.45,37012.99,18566,18484,0.00,0.00,0,0
1544349626,3003-eth3,1224283.75,513366.66,1737650.38,513880,1225508,577.42,567.43,1144.86,568,578,0.00,0.00,0,0
1544349626,2002-eth1,0.00,0.00,0.00,0,0,0.00,0.00,0.00,0,0,0.00,0.00,0,0
1544349626,lo,1198.80,1198.80,2397.60,1200,1200,19.98,19.98,39.96,20,20,0.00,0.00,0,0
1544349626,3005-eth3,1235990.00,1224299.75,2460289.75,1225524,1237226,952.05,791.21,1743.26,792,953,0.00,0.00,0,0
1544349626,2005-eth3,629144.88,735510.50,1364655.38,736246,629774,502.50,508.49,1010.99,509,503,0.00,0.00,0,0
1544349626,3004-eth4,1221958.12,1222090.00,2444048.00,1223312,1223180,805.19,807.19,1612.39,808,806,0.00,0.00,0,0
1544349626,1004-eth2,1958.04,1958.04,3916.08,1960,1960,19.98,19.98,39.96,20,20,0.00,0.00,0,0
1544349626,2004-eth4,486993.03,10483.52,497476.53,10494,487480,167.83,158.84,326.67,159,168,0.00,0.00,0,0
1544349626,1001-eth2,731188.81,308531.47,1039720.31,308840,731920,419.58,415.58,835.16,416,420,0.00,0.00,0,0
1544349626,1003-eth3,0.00,0.00,0.00,0,0,0.00,0.00,0.00,0,0,0.00,0.00,0,0
1544349626,2002-eth4,5874.13,5874.13,11748.25,5880,5880,59.94,59.94,119.88,60,60,0.00,0.00,0,0
1544349626,1001-eth4,395184.81,535924.06,931108.94,536460,395580,363.64,329.67,693.31,330,364,0.00,0.00,0,0
1544349626,3001-eth2,0.00,0.00,0.00,0,0,0.00,0.00,0.00,0,0,0.00,0.00,0,0
1544349626,1004-eth1,5874.13,5874.13,11748.25,5880,5880,59.94,59.94,119.88,60,60,0.00,0.00,0,0
1544349626,3005-eth4,1211606.38,743974.06,1955580.50,744718,1212818,648.35,642.36,1290.71,643,649,0.00,0.00,0,0
1544349626,1003-eth2,0.00,0.00,0.00,0,0,0.00,0.00,0.00,0,0,0.00,0.00,0,0
1544349626,3008-eth1,530451.56,22147.85,552599.44,22170,530982,246.75,234.77,481.52,235,247,0.00,0.00,0,0
1544349626,1002-eth3,0.00,0.00,0.00,0,0,0.00,0.00,0.00,0,0,0.00,0.00,0,0
1544349626,2006-eth1,0.00,0.00,0.00,0,0,0.00,0.00,0.00,0,0,0.00,0.00,0,0
1544349626,3003-eth1,5874.13,5874.13,11748.25,5880,5880,59.94,59.94,119.88,60,60,0.00,0.00,0,0
1544349626,2001-eth3,0.00,0.00,0.00,0,0,0.00,0.00,0.00,0,0,0.00,0.00,0,0
1544349626,2008-eth2,5776.22,5874.13,11650.35,5880,5782,58.94,59.94,118.88,60,59,0.00,0.00,0,0
1544349626,2008-eth3,0.00,0.00,0.00,0,0,0.00,0.00,0.00,0,0,0.00,0.00,0,0
1544349626,1001-eth3,304615.41,727272.75,1031888.12,728000,304920,375.62,379.62,755.24,380,376,0.00,0.00,0,0
1544349626,2007-eth4,22147.85,530451.56,552599.44,530982,22170,234.77,246.75,481.52,247,235,0.00,0.00,0,0
1544349626,2004-eth2,1958.04,1958.04,3916.08,1960,1960,19.98,19.98,39.96,20,20,0.00,0.00,0,0
1544349626,3002-eth1,395184.81,535924.06,931108.94,536460,395580,363.64,329.67,693.31,330,364,0.00,0.00,0,0
1544349626,3004-eth1,302657.34,725314.69,1027972.06,726040,302960,355.64,359.64,715.28,360,356,0.00,0.00,0,0
1544349626,2006-eth3,284533.47,7714.29,292247.75,7722,284818,124.88,116.88,241.76,117,125,0.00,0.00,0,0
1544349626,3004-eth2,10483.52,486993.03,497476.53,487480,10494,158.84,167.83,326.67,168,159,0.00,0.00,0,0
1544349626,3001-eth3,1222024.00,1222024.00,2444048.00,1223246,1223246,806.19,806.19,1612.39,807,807,0.00,0.00,0,0
1544349626,2003-eth4,725314.69,302657.34,1027972.06,302960,726040,359.64,355.64,715.28,356,360,0.00,0.00,0,0
1544349626,2008-eth4,5874.13,5776.22,11650.35,5782,5880,59.94,58.94,118.88,59,60,0.00,0.00,0,0
1544349626,3008-eth3,1223704.38,554801.19,1778505.50,555356,1224928,615.38,625.37,1240.76,626,616,0.00,0.00,0,0
1544349626,2005-eth2,0.00,0.00,0.00,0,0,0.00,0.00,0.00,0,0,0.00,0.00,0,0
1544349626,2006-eth4,17406.59,294323.69,311730.28,294618,17424,215.78,224.78,440.56,225,216,0.00,0.00,0,0
1544349626,3006-eth2,294323.69,17406.59,311730.28,17424,294618,224.78,215.78,440.56,216,225,0.00,0.00,0,0
1544349626,1003-eth4,0.00,0.00,0.00,0,0,0.00,0.00,0.00,0,0,0.00,0.00,0,0
1544349626,2006-eth2,9790.21,9692.31,19482.52,9702,9800,99.90,98.90,198.80,99,100,0.00,0.00,0,0
1544349626,3001-eth1,0.00,0.00,0.00,0,0,0.00,0.00,0.00,0,0,0.00,0.00,0,0
1544349626,3008-eth2,5776.22,5874.13,11650.35,5880,5782,58.94,59.94,118.88,60,59,0.00,0.00,0,0
1544349626,2004-eth3,12441.56,488951.06,501392.62,489440,12454,178.82,187.81,366.63,188,179,0.00,0.00,0,0
1544349626,3001-eth4,1222155.88,1222155.88,2444311.75,1223378,1223378,808.19,808.19,1616.38,809,809,0.00,0.00,0,0
1544349626,1003-eth1,0.00,0.00,0.00,0,0,0.00,0.00,0.00,0,0,0.00,0.00,0,0
1544349626,3002-eth2,5874.13,5874.13,11748.25,5880,5880,59.94,59.94,119.88,60,60,0.00,0.00,0,0
1544349626,2005-eth4,12153.85,328445.56,340599.41,328774,12166,168.83,166.83,335.66,167,169,0.00,0.00,0,0
1544349626,3003-eth2,488951.06,12441.56,501392.62,12454,489440,187.81,178.82,366.63,179,188,0.00,0.00,0,0
1544349626,2007-eth1,535924.06,395184.81,931108.94,395580,536460,329.67,363.64,693.31,364,330,0.00,0.00,0,0
1544349626,1002-eth4,0.00,0.00,0.00,0,0,0.00,0.00,0.00,0,0,0.00,0.00,0,0
1544349626,3002-eth4,43422.58,793118.88,836541.50,793912,43466,458.54,471.53,930.07,472,459,0.00,0.00,0,0
1544349626,2007-eth3,373036.97,5472.53,378509.50,5478,373410,128.87,82.92,211.79,83,129,0.00,0.00,0,0
1544349626,3005-eth1,735510.50,629144.88,1364655.38,629774,736246,508.49,502.50,1010.99,503,509,0.00,0.00,0,0
1544349626,2001-eth4,535924.06,395184.81,931108.94,395580,536460,329.67,363.64,693.31,364,330,0.00,0.00,0,0
1544349626,3003-eth4,34205.80,1221632.38,1255838.25,1222854,34240,479.52,498.50,978.02,499,480,0.00,0.00,0,0
1544349626,2004-eth1,0.00,0.00,0.00,0,0,0.00,0.00,0.00,0,0,0.00,0.00,0,0
1544349626,3006-eth4,15448.55,292267.75,307716.28,292560,15464,195.80,203.80,399.60,204,196,0.00,0.00,0,0
1544349626,3007-eth1,5472.53,373036.97,378509.50,373410,5478,82.92,128.87,211.79,129,83,0.00,0.00,0,0
1544349626,2008-eth1,0.00,0.00,0.00,0,0,0.00,0.00,0.00,0,0,0.00,0.00,0,0
1544349626,2002-eth2,5874.13,5874.13,11748.25,5880,5880,59.94,59.94,119.88,60,60,0.00,0.00,0,0
1544349626,2003-eth1,308531.47,731188.81,1039720.31,731920,308840,415.58,419.58,835.16,420,416,0.00,0.00,0,0
1544349626,3008-eth4,34139.86,1221534.50,1255674.38,1222756,34174,478.52,497.50,976.02,498,479,0.00,0.00,0,0
1544349626,1004-eth4,5874.13,5776.22,11650.35,5782,5880,59.94,58.94,118.88,59,60,0.00,0.00,0,0
1544349626,3006-eth1,328445.56,12153.85,340599.41,12166,328774,166.83,168.83,335.66,169,167,0.00,0.00,0,0
1544349626,1004-eth3,9692.31,9790.21,19482.52,9800,9702,98.90,99.90,198.80,100,99,0.00,0.00,0,0
1544349626,1002-eth2,0.00,0.00,0.00,0,0,0.00,0.00,0.00,0,0,0.00,0.00,0,0
1544349626,3004-eth3,1203430.62,313140.88,1516571.50,313454,1204634,524.48,514.49,1038.96,515,525,0.00,0.00,0,0
1544349626,2003-eth3,5874.13,5874.13,11748.25,5880,5880,59.94,59.94,119.88,60,60,0.00,0.00,0,0
1544349626,2005-eth1,727272.75,304615.41,1031888.12,304920,728000,379.62,375.62,755.24,376,380,0.00,0.00,0,0
1544349626,3002-eth3,1232785.25,428817.19,1661602.50,429246,1234018,684.32,722.28,1406.59,723,685,0.00,0.00,0,0
1544349626,3006-eth3,17832.17,334123.88,351956.06,334458,17850,226.77,224.78,451.55,225,227,0.00,0.00,0,0
1544349626,2001-eth1,395184.81,535924.06,931108.94,536460,395580,363.64,329.67,693.31,330,364,0.00,0.00,0,0
1544349626,3005-eth2,7714.29,284533.47,292247.75,284818,7722,116.88,124.88,241.76,125,117,0.00,0.00,0,0
1544349626,2001-eth2,0.00,0.00,0.00,0,0,0.00,0.00,0.00,0,0,0.00,0.00,0,0
1544349626,3007-eth2,0.00,0.00,0.00,0,0,0.00,0.00,0.00,0,0,0.00,0.00,0,0
1544349626,1001-eth1,535924.06,395184.81,931108.94,395580,536460,329.67,363.64,693.31,364,330,0.00,0.00,0,0
1544349626,3007-eth4,1224191.88,1225180.88,2449372.75,1226406,1225416,795.20,810.19,1605.39,811,796,0.00,0.00,0,0
1544349626,2003-eth2,0.00,0.00,0.00,0,0,0.00,0.00,0.00,0,0,0.00,0.00,0,0
1544349626,3007-eth3,1216749.25,982275.75,2199025.00,983258,1217966,726.27,724.28,1450.55,725,727,0.00,0.00,0,0
1544349626,1002-eth1,0.00,0.00,0.00,0,0,0.00,0.00,0.00,0,0,0.00,0.00,0,0
1544349626,2002-eth3,0.00,0.00,0.00,0,0,0.00,0.00,0.00,0,0,0.00,0.00,0,0
1544349626,2007-eth2,0.00,0.00,0.00,0,0,0.00,0.00,0.00,0,0,0.00,0.00,0,0
1544349626,total,23799190.00,23730064.00,47529256.00,23753794,23822988,18439.56,18372.63,36812.19,18391,18458,0.00,0.00,0,0
1544349627,3003-eth3,1221324.75,514945.06,1736269.75,515460,1222546,576.42,569.43,1145.85,570,577,0.00,0.00,0,0
1544349627,2002-eth1,0.00,0.00,0.00,0,0,0.00,0.00,0.00,0,0,0.00,0.00,0,0
1544349627,lo,0.00,0.00,0.00,0,0,0.00,0.00,0.00,0,0,0.00,0.00,0,0
1544349627,3005-eth3,1228501.50,1219848.12,2448349.75,1221068,1229730,992.01,773.23,1765.23,774,993,0.00,0.00,0,0
1544349627,2005-eth3,908008.00,730601.44,1638609.38,731332,908916,541.46,505.49,1046.95,506,542,0.00,0.00,0,0
1544349627,3004-eth4,1222090.00,1219065.00,2441155.00,1220284,1223312,807.19,805.19,1612.39,806,808,0.00,0.00,0,0
1544349627,1004-eth2,1958.04,1958.04,3916.08,1960,1960,19.98,19.98,39.96,20,20,0.00,0.00,0,0
1544349627,2004-eth4,488505.50,10549.45,499054.97,10560,488994,168.83,159.84,328.67,160,169,0.00,0.00,0,0
1544349627,1001-eth2,727244.75,432807.22,1160052.00,433240,727972,425.57,435.56,861.14,436,426,0.00,0.00,0,0
1544349627,1003-eth3,0.00,0.00,0.00,0,0,0.00,0.00,0.00,0,0,0.00,0.00,0,0
1544349627,2002-eth4,5776.22,5776.22,11552.45,5782,5782,58.94,58.94,117.88,59,59,0.00,0.00,0,0
1544349627,1001-eth4,280741.28,442029.97,722771.25,442472,281022,288.71,331.67,620.38,332,289,0.00,0.00,0,0
1544349627,3001-eth2,0.00,0.00,0.00,0,0,0.00,0.00,0.00,0,0,0.00,0.00,0,0
1544349627,1004-eth1,5776.22,5776.22,11552.45,5782,5782,58.94,58.94,117.88,59,59,0.00,0.00,0,0
1544349627,3005-eth4,1214367.62,739568.44,1953936.12,740308,1215582,646.35,641.36,1287.71,642,647,0.00,0.00,0,0
1544349627,1003-eth2,0.00,0.00,0.00,0,0,0.00,0.00,0.00,0,0,0.00,0.00,0,0
1544349627,3008-eth1,434513.50,18767.23,453280.72,18786,434948,217.78,198.80,416.58,199,218,0.00,0.00,0,0
1544349627,1002-eth3,0.00,0.00,0.00,0,0,0.00,0.00,0.00,0,0,0.00,0.00,0,0
1544349627,2006-eth1,0.00,0.00,0.00,0,0,0.00,0.00,0.00,0,0,0.00,0.00,0,0
1544349627,3003-eth1,5874.13,5874.13,11748.25,5880,5880,59.94,59.94,119.88,60,60,0.00,0.00,0,0
1544349627,2001-eth3,0.00,0.00,0.00,0,0,0.00,0.00,0.00,0,0,0.00,0.00,0,0
1544349627,2008-eth2,5874.13,5776.22,11650.35,5782,5880,59.94,58.94,118.88,59,60,0.00,0.00,0,0
1544349627,2008-eth3,0.00,0.00,0.00,0,0,0.00,0.00,0.00,0,0,0.00,0.00,0,0
1544349627,1001-eth3,428891.12,723328.69,1152219.75,724052,429320,395.60,385.61,781.22,386,396,0.00,0.00,0,0
1544349627,2007-eth4,18767.23,434513.50,453280.72,434948,18786,198.80,217.78,416.58,218,199,0.00,0.00,0,0
1544349627,2004-eth2,1958.04,1958.04,3916.08,1960,1960,19.98,19.98,39.96,20,20,0.00,0.00,0,0
1544349627,3002-eth1,280741.28,442029.97,722771.25,442472,281022,288.71,331.67,620.38,332,289,0.00,0.00,0,0
1544349627,3004-eth1,426933.09,721370.62,1148303.75,722092,427360,375.62,365.63,741.26,366,376,0.00,0.00,0,0
1544349627,2006-eth3,355282.72,6659.34,361942.06,6666,355638,122.88,100.90,223.78,101,123,0.00,0.00,0,0
1544349627,3004-eth2,10549.45,488505.50,499054.97,488994,10560,159.84,168.83,328.67,169,160,0.00,0.00,0,0
1544349627,3001-eth3,1222024.00,1222155.88,2444180.00,1223378,1223246,806.19,808.19,1614.39,809,807,0.00,0.00,0,0
1544349627,2003-eth4,721370.62,426933.09,1148303.75,427360,722092,365.63,375.62,741.26,376,366,0.00,0.00,0,0
1544349627,2008-eth4,5776.22,5874.13,11650.35,5880,5782,58.94,59.94,118.88,60,59,0.00,0.00,0,0
1544349627,3008-eth3,1219618.38,458731.28,1678349.75,459190,1220838,602.40,594.41,1196.80,595,603,0.00,0.00,0,0
1544349627,2005-eth2,0.00,0.00,0.00,0,0,0.00,0.00,0.00,0,0,0.00,0.00,0,0
1544349627,2006-eth4,16351.65,364877.12,381228.78,365242,16368,199.80,220.78,420.58,221,200,0.00,0.00,0,0
1544349627,3006-eth2,364877.12,16351.65,381228.78,16368,365242,220.78,199.80,420.58,200,221,0.00,0.00,0,0
1544349627,1003-eth4,0.00,0.00,0.00,0,0,0.00,0.00,0.00,0,0,0.00,0.00,0,0
1544349627,2006-eth2,9594.41,9692.31,19286.71,9702,9604,97.90,98.90,196.80,99,98,0.00,0.00,0,0
1544349627,3001-eth1,0.00,0.00,0.00,0,0,0.00,0.00,0.00,0,0,0.00,0.00,0,0
1544349627,3008-eth2,5874.13,5776.22,11650.35,5782,5880,59.94,58.94,118.88,59,60,0.00,0.00,0,0
1544349627,2004-eth3,12507.49,490463.56,502971.03,490954,12520,179.82,188.81,368.63,189,180,0.00,0.00,0,0
1544349627,3001-eth4,1222090.00,1224983.00,2447073.00,1226208,1223312,807.19,807.19,1614.39,808,808,0.00,0.00,0,0
1544349627,1003-eth1,0.00,0.00,0.00,0,0,0.00,0.00,0.00,0,0,0.00,0.00,0,0
1544349627,3002-eth2,5776.22,5776.22,11552.45,5782,5782,58.94,58.94,117.88,59,59,0.00,0.00,0,0
1544349627,2005-eth4,11188.81,483032.97,494221.78,483516,11200,159.84,185.81,345.65,186,160,0.00,0.00,0,0
1544349627,3003-eth2,490463.56,12507.49,502971.03,12520,490954,188.81,179.82,368.63,180,189,0.00,0.00,0,0
1544349627,2007-eth1,442029.97,280741.28,722771.25,281022,442472,331.67,288.71,620.38,289,332,0.00,0.00,0,0
1544349627,1002-eth4,0.00,0.00,0.00,0,0,0.00,0.00,0.00,0,0,0.00,0.00,0,0
1544349627,3002-eth4,39756.25,784597.44,824353.69,785382,39796,419.58,430.57,850.15,431,420,0.00,0.00,0,0
1544349627,2007-eth3,261974.03,7516.48,269490.53,7524,262236,89.91,113.89,203.80,114,90,0.00,0.00,0,0
1544349627,3005-eth1,730601.44,908008.00,1638609.38,908916,731332,505.49,541.46,1046.95,542,506,0.00,0.00,0,0
1544349627,2001-eth4,442029.97,280741.28,722771.25,281022,442472,331.67,288.71,620.38,289,332,0.00,0.00,0,0
1544349627,3003-eth4,34271.73,1223144.88,1257416.62,1224368,34306,480.52,499.50,980.02,500,481,0.00,0.00,0,0
1544349627,2004-eth1,0.00,0.00,0.00,0,0,0.00,0.00,0.00,0,0,0.00,0.00,0,0
1544349627,3006-eth4,14393.61,363017.00,377410.59,363380,14408,179.82,201.80,381.62,202,180,0.00,0.00,0,0
1544349627,3007-eth1,7516.48,261974.03,269490.53,262236,7524,113.89,89.91,203.80,90,114,0.00,0.00,0,0
1544349627,2008-eth1,0.00,0.00,0.00,0,0,0.00,0.00,0.00,0,0,0.00,0.00,0,0
1544349627,2002-eth2,5776.22,5776.22,11552.45,5782,5782,58.94,58.94,117.88,59,59,0.00,0.00,0,0
1544349627,2003-eth1,432807.22,727244.75,1160052.00,727972,433240,435.56,425.57,861.14,426,436,0.00,0.00,0,0
1544349627,3008-eth4,33910.09,1224591.50,1258501.50,1225816,33944,475.52,499.50,975.03,500,476,0.00,0.00,0,0
1544349627,1004-eth4,5776.22,5874.13,11650.35,5880,5782,58.94,59.94,118.88,60,59,0.00,0.00,0,0
1544349627,3006-eth1,483032.97,11188.81,494221.78,11200,483516,185.81,159.84,345.65,160,186,0.00,0.00,0,0
1544349627,1004-eth3,9692.31,9594.41,19286.71,9604,9702,98.90,97.90,196.80,98,99,0.00,0.00,0,0
1544349627,1002-eth2,0.00,0.00,0.00,0,0,0.00,0.00,0.00,0,0,0.00,0.00,0,0
1544349627,3004-eth3,1203958.12,437548.47,1641506.50,437986,1205162,532.47,536.46,1068.93,537,533,0.00,0.00,0,0
1544349627,2003-eth3,5874.13,5874.13,11748.25,5880,5880,59.94,59.94,119.88,60,60,0.00,0.00,0,0
1544349627,2005-eth1,723328.69,428891.12,1152219.75,429320,724052,385.61,395.60,781.22,396,386,0.00,0.00,0,0
1544349627,3002-eth3,1228231.75,310805.22,1539037.00,311116,1229460,593.41,609.39,1202.80,610,594,0.00,0.00,0,0
1544349627,3006-eth3,17062.94,488809.22,505872.16,489298,17080,219.78,244.76,464.54,245,220,0.00,0.00,0,0
1544349627,2001-eth1,280741.28,442029.97,722771.25,442472,281022,288.71,331.67,620.38,332,289,0.00,0.00,0,0
1544349627,3005-eth2,6659.34,355282.72,361942.06,355638,6666,100.90,122.88,223.78,123,101,0.00,0.00,0,0
1544349627,2001-eth2,0.00,0.00,0.00,0,0,0.00,0.00,0.00,0,0,0.00,0.00,0,0
1544349627,3007-eth2,0.00,0.00,0.00,0,0,0.00,0.00,0.00,0,0,0.00,0.00,0,0
1544349627,1001-eth1,442029.97,280741.28,722771.25,281022,442472,331.67,288.71,620.38,289,332,0.00,0.00,0,0
1544349627,3007-eth4,1220309.75,1219065.00,2439374.75,1220284,1221530,780.22,805.19,1585.41,806,781,0.00,0.00,0,0
1544349627,2003-eth2,0.00,0.00,0.00,0,0,0.00,0.00,0.00,0,0,0.00,0.00,0,0
1544349627,3007-eth3,1214507.50,889033.00,2103540.50,889922,1215722,692.31,692.31,1384.62,693,693,0.00,0.00,0,0
1544349627,1002-eth1,0.00,0.00,0.00,0,0,0.00,0.00,0.00,0,0,0.00,0.00,0,0
1544349627,2002-eth3,0.00,0.00,0.00,0,0,0.00,0.00,0.00,0,0,0.00,0.00,0,0
1544349627,2007-eth2,0.00,0.00,0.00,0,0,0.00,0.00,0.00,0,0,0.00,0.00,0,0
1544349627,total,23867464.00,23850954.00,47718420.00,23874804,23891330,18040.96,17948.05,35989.01,17966,18059,0.00,0.00,0,0
1544349628,3003-eth3,1224349.62,525202.81,1749552.50,525728,1225574,578.42,571.43,1149.85,572,579,0.00,0.00,0,0
1544349628,2002-eth1,0.00,0.00,0.00,0,0,0.00,0.00,0.00,0,0,0.00,0.00,0,0
1544349628,lo,1198.80,1198.80,2397.60,1200,1200,19.98,19.98,39.96,20,20,0.00,0.00,0,0
1544349628,3005-eth3,1222349.62,1225180.88,2447530.50,1226406,1223572,789.21,810.19,1599.40,811,790,0.00,0.00,0,0
1544349628,2005-eth3,869672.38,750395.62,1620068.00,751146,870542,530.47,520.48,1050.95,521,531,0.00,0.00,0,0
1544349628,3004-eth4,1223075.00,1222155.88,2445230.75,1223378,1224298,800.20,808.19,1608.39,809,801,0.00,0.00,0,0
1544349628,1004-eth2,1958.04,1958.04,3916.08,1960,1960,19.98,19.98,39.96,20,20,0.00,0.00,0,0
1544349628,2004-eth4,498829.19,10483.52,509312.69,10494,499328,171.83,158.84,330.67,159,172,0.00,0.00,0,0
1544349628,1001-eth2,746445.56,397430.59,1143876.12,397828,747192,431.57,425.57,857.14,426,432,0.00,0.00,0,0
1544349628,1003-eth3,0.00,0.00,0.00,0,0,0.00,0.00,0.00,0,0,0.00,0.00,0,0
1544349628,2002-eth4,5776.22,5776.22,11552.45,5782,5782,58.94,58.94,117.88,59,59,0.00,0.00,0,0
1544349628,1001-eth4,363856.16,530335.69,894191.81,530866,364220,365.63,332.67,698.30,333,366,0.00,0.00,0,0
1544349628,3001-eth2,0.00,0.00,0.00,0,0,0.00,0.00,0.00,0,0,0.00,0.00,0,0
1544349628,1004-eth1,5776.22,5776.22,11552.45,5782,5782,58.94,58.94,117.88,59,59,0.00,0.00,0,0
1544349628,3005-eth4,1214631.38,758703.31,1973334.75,759462,1215846,650.35,646.35,1296.70,647,651,0.00,0.00,0,0
1544349628,1003-eth2,0.00,0.00,0.00,0,0,0.00,0.00,0.00,0,0,0.00,0.00,0,0
1544349628,3008-eth1,524863.12,23368.63,548231.81,23392,525388,249.75,247.75,497.50,248,250,0.00,0.00,0,0
1544349628,1002-eth3,0.00,0.00,0.00,0,0,0.00,0.00,0.00,0,0,0.00,0.00,0,0
1544349628,2006-eth1,0.00,0.00,0.00,0,0,0.00,0.00,0.00,0,0,0.00,0.00,0,0
1544349628,3003-eth1,5874.13,5874.13,11748.25,5880,5880,59.94,59.94,119.88,60,60,0.00,0.00,0,0
1544349628,2001-eth3,0.00,0.00,0.00,0,0,0.00,0.00,0.00,0,0,0.00,0.00,0,0
1544349628,2008-eth2,5776.22,5874.13,11650.35,5880,5782,58.94,59.94,118.88,60,59,0.00,0.00,0,0
1544349628,2008-eth3,0.00,0.00,0.00,0,0,0.00,0.00,0.00,0,0,0.00,0.00,0,0
1544349628,1001-eth3,393514.50,742529.50,1136044.00,743272,393908,385.61,391.61,777.22,392,386,0.00,0.00,0,0
1544349628,2007-eth4,23368.63,524863.12,548231.81,525388,23392,247.75,249.75,497.50,250,248,0.00,0.00,0,0
1544349628,2004-eth2,1958.04,1958.04,3916.08,1960,1960,19.98,19.98,39.96,20,20,0.00,0.00,0,0
1544349628,3002-eth1,363856.16,530335.69,894191.81,530866,364220,365.63,332.67,698.30,333,366,0.00,0.00,0,0
1544349628,3004-eth1,391556.47,740571.44,1132127.88,741312,391948,365.63,371.63,737.26,372,366,0.00,0.00,0,0
1544349628,2006-eth3,405586.44,8373.63,413960.06,8382,405992,139.86,126.87,266.73,127,140,0.00,0.00,0,0
1544349628,3004-eth2,10483.52,498829.19,509312.69,499328,10494,158.84,171.83,330.67,172,159,0.00,0.00,0,0
1544349628,3001-eth3,1222090.00,1222090.00,2444180.00,1223312,1223312,807.19,807.19,1614.39,808,808,0.00,0.00,0,0
1544349628,2003-eth4,740571.44,391556.47,1132127.88,391948,741312,371.63,365.63,737.26,366,372,0.00,0.00,0,0
1544349628,2008-eth4,5874.13,5776.22,11650.35,5782,5880,59.94,58.94,118.88,59,60,0.00,0.00,0,0
1544349628,3008-eth3,1222435.62,548949.06,1771384.62,549498,1223658,632.37,624.38,1256.74,625,633,0.00,0.00,0,0
1544349628,2005-eth2,0.00,0.00,0.00,0,0,0.00,0.00,0.00,0,0,0.00,0.00,0,0
1544349628,2006-eth4,17968.03,415278.72,433246.75,415694,17986,224.78,238.76,463.54,239,225,0.00,0.00,0,0
1544349628,3006-eth2,415278.72,17968.03,433246.75,17986,415694,238.76,224.78,463.54,225,239,0.00,0.00,0,0
1544349628,1003-eth4,0.00,0.00,0.00,0,0,0.00,0.00,0.00,0,0,0.00,0.00,0,0
1544349628,2006-eth2,9692.31,9594.41,19286.71,9604,9702,98.90,97.90,196.80,98,99,0.00,0.00,0,0
1544349628,3001-eth1,0.00,0.00,0.00,0,0,0.00,0.00,0.00,0,0,0.00,0.00,0,0
1544349628,3008-eth2,5776.22,5874.13,11650.35,5880,5782,58.94,59.94,118.88,60,59,0.00,0.00,0,0
1544349628,2004-eth3,12441.56,500787.22,513228.78,501288,12454,178.82,191.81,370.63,192,179,0.00,0.00,0,0
1544349628,3001-eth4,1222090.00,1225049.00,2447139.00,1226274,1223312,807.19,808.19,1615.38,809,808,0.00,0.00,0,0
1544349628,1003-eth1,0.00,0.00,0.00,0,0,0.00,0.00,0.00,0,0,0.00,0.00,0,0
1544349628,3002-eth2,5776.22,5776.22,11552.45,5782,5782,58.94,58.94,117.88,59,59,0.00,0.00,0,0
1544349628,2005-eth4,11782.22,480073.94,491856.16,480554,11794,168.83,184.82,353.65,185,169,0.00,0.00,0,0
1544349628,3003-eth2,500787.22,12441.56,513228.78,12454,501288,191.81,178.82,370.63,179,192,0.00,0.00,0,0
1544349628,2007-eth1,530335.69,363856.16,894191.81,364220,530866,332.67,365.63,698.30,366,333,0.00,0.00,0,0
1544349628,1002-eth4,0.00,0.00,0.00,0,0,0.00,0.00,0.00,0,0,0.00,0.00,0,0
1544349628,3002-eth4,41858.14,664006.00,705864.12,664670,41900,443.56,422.58,866.13,423,444,0.00,0.00,0,0
1544349628,2007-eth3,340487.53,5472.53,345960.06,5478,340828,117.88,82.92,200.80,83,118,0.00,0.00,0,0
1544349628,3005-eth1,750395.62,869672.38,1620068.00,870542,751146,520.48,530.47,1050.95,531,521,0.00,0.00,0,0
1544349628,2001-eth4,530335.69,363856.16,894191.81,364220,530866,332.67,365.63,698.30,366,333,0.00,0.00,0,0
1544349628,3003-eth4,34205.80,1224591.50,1258797.25,1225816,34240,479.52,499.50,979.02,500,480,0.00,0.00,0,0
1544349628,2004-eth1,0.00,0.00,0.00,0,0,0.00,0.00,0.00,0,0,0.00,0.00,0,0
1544349628,3006-eth4,15912.09,413222.78,429134.88,413636,15928,203.80,217.78,421.58,218,204,0.00,0.00,0,0
1544349628,3007-eth1,5472.53,340487.53,345960.06,340828,5478,82.92,117.88,200.80,118,83,0.00,0.00,0,0
1544349628,2008-eth1,0.00,0.00,0.00,0,0,0.00,0.00,0.00,0,0,0.00,0.00,0,0
1544349628,2002-eth2,5776.22,5776.22,11552.45,5782,5782,58.94,58.94,117.88,59,59,0.00,0.00,0,0
1544349628,2003-eth1,397430.59,746445.56,1143876.12,747192,397828,425.57,431.57,857.14,432,426,0.00,0.00,0,0
1544349628,3008-eth4,33876.12,1221534.50,1255410.62,1222756,33910,474.53,497.50,972.03,498,475,0.00,0.00,0,0
1544349628,1004-eth4,5874.13,5776.22,11650.35,5782,5880,59.94,58.94,118.88,59,60,0.00,0.00,0,0
1544349628,3006-eth1,480073.94,11782.22,491856.16,11794,480554,184.82,168.83,353.65,169,185,0.00,0.00,0,0
1544349628,1004-eth3,9594.41,9692.31,19286.71,9702,9604,97.90,98.90,196.80,99,98,0.00,0.00,0,0
1544349628,1002-eth2,0.00,0.00,0.00,0,0,0.00,0.00,0.00,0,0,0.00,0.00,0,0
1544349628,3004-eth3,1203892.12,402081.94,1605974.12,402484,1205096,531.47,525.47,1056.94,526,532,0.00,0.00,0,0
1544349628,2003-eth3,5874.13,5874.13,11748.25,5880,5880,59.94,59.94,119.88,60,60,0.00,0.00,0,0
1544349628,2005-eth1,742529.50,393514.50,1136044.00,393908,743272,391.61,385.61,777.22,386,392,0.00,0.00,0,0
1544349628,3002-eth3,1232785.25,396022.00,1628807.25,396418,1234018,684.32,710.29,1394.61,711,685,0.00,0.00,0,0
1544349628,3006-eth3,17558.44,485850.16,503408.59,486336,17576,227.77,243.76,471.53,244,228,0.00,0.00,0,0
1544349628,2001-eth1,363856.16,530335.69,894191.81,530866,364220,365.63,332.67,698.30,333,366,0.00,0.00,0,0
1544349628,3005-eth2,8373.63,405586.44,413960.06,405992,8382,126.87,139.86,266.73,140,127,0.00,0.00,0,0
1544349628,2001-eth2,0.00,0.00,0.00,0,0,0.00,0.00,0.00,0,0,0.00,0.00,0,0
1544349628,3007-eth2,0.00,0.00,0.00,0,0,0.00,0.00,0.00,0,0,0.00,0.00,0,0
1544349628,1001-eth1,530335.69,363856.16,894191.81,364220,530866,332.67,365.63,698.30,366,333,0.00,0.00,0,0
1544349628,3007-eth4,1220713.38,1222090.00,2442803.25,1223312,1221934,830.17,807.19,1637.36,808,831,0.00,0.00,0,0
1544349628,2003-eth2,0.00,0.00,0.00,0,0,0.00,0.00,0.00,0,0,0.00,0.00,0,0
1544349628,3007-eth3,1216551.50,992665.38,2209216.75,993658,1217768,723.28,728.27,1451.55,729,724,0.00,0.00,0,0
1544349628,1002-eth1,0.00,0.00,0.00,0,0,0.00,0.00,0.00,0,0,0.00,0.00,0,0
1544349628,2002-eth3,0.00,0.00,0.00,0,0,0.00,0.00,0.00,0,0,0.00,0.00,0,0
1544349628,2007-eth2,0.00,0.00,0.00,0,0,0.00,0.00,0.00,0,0,0.00,0.00,0,0
1544349628,total,24621418.00,24802438.00,49423856.00,24827240,24646038,18514.49,18579.42,37093.91,18598,18533,0.00,0.00,0,0
1544349629,3003-eth3,1215340.75,532567.44,1747908.12,533100,1216556,573.43,573.43,1146.85,574,574,0.00,0.00,0,0
1544349629,2002-eth1,0.00,0.00,0.00,0,0,0.00,0.00,0.00,0,0,0.00,0.00,0,0
1544349629,lo,0.00,0.00,0.00,0,0,0.00,0.00,0.00,0,0,0.00,0.00,0,0
1544349629,3005-eth3,1216299.75,1216040.00,2432339.75,1217256,1217516,785.21,803.20,1588.41,804,786,0.00,0.00,0,0
1544349629,2005-eth3,822129.88,749868.12,1571998.00,750618,822952,511.49,512.49,1023.98,513,512,0.00,0.00,0,0
1544349629,3004-eth4,1213910.12,1221934.12,2435844.25,1223156,1215124,793.21,805.19,1598.40,806,794,0.00,0.00,0,0
1544349629,1004-eth2,587.41,587.41,1174.83,588,588,5.99,5.99,11.99,6,6,0.00,0.00,0,0
1544349629,2004-eth4,506259.75,10549.45,516809.22,10560,506766,174.83,159.84,334.67,160,175,0.00,0.00,0,0
1544349629,1001-eth2,742233.81,372505.50,1114739.25,372878,742976,387.61,374.63,762.24,375,388,0.00,0.00,0,0
1544349629,1003-eth3,0.00,0.00,0.00,0,0,0.00,0.00,0.00,0,0,0.00,0.00,0,0
1544349629,2002-eth4,4405.59,4405.59,8811.19,4410,4410,44.96,44.96,89.91,45,45,0.00,0.00,0,0
1544349629,1001-eth4,334615.41,466169.84,800785.25,466636,334950,298.70,309.69,608.39,310,299,0.00,0.00,0,0
1544349629,3001-eth2,0.00,0.00,0.00,0,0,0.00,0.00,0.00,0,0,0.00,0.00,0,0
1544349629,1004-eth1,4405.59,4405.59,8811.19,4410,4410,44.96,44.96,89.91,45,45,0.00,0.00,0,0
1544349629,3005-eth4,1205490.50,758769.25,1964259.75,759528,1206696,643.36,647.35,1290.71,648,644,0.00,0.00,0,0
1544349629,1003-eth2,0.00,0.00,0.00,0,0,0.00,0.00,0.00,0,0,0.00,0.00,0,0
1544349629,3008-eth1,458851.16,17866.13,476717.28,17884,459310,198.80,189.81,388.61,190,199,0.00,0.00,0,0
1544349629,1002-eth3,0.00,0.00,0.00,0,0,0.00,0.00,0.00,0,0,0.00,0.00,0,0
1544349629,2006-eth1,0.00,0.00,0.00,0,0,0.00,0.00,0.00,0,0,0.00,0.00,0,0
1544349629,3003-eth1,1860.14,1860.14,3720.28,1862,1862,18.98,18.98,37.96,19,19,0.00,0.00,0,0
1544349629,2001-eth3,0.00,0.00,0.00,0,0,0.00,0.00,0.00,0,0,0.00,0.00,0,0
1544349629,2008-eth2,1958.04,1860.14,3818.18,1862,1960,19.98,18.98,38.96,19,20,0.00,0.00,0,0
1544349629,2008-eth3,0.00,0.00,0.00,0,0,0.00,0.00,0.00,0,0,0.00,0.00,0,0
1544349629,1001-eth3,371330.69,741058.94,1112389.62,741800,371702,362.64,375.62,738.26,376,363,0.00,0.00,0,0
1544349629,2007-eth4,17866.13,458851.16,476717.28,459310,17884,189.81,198.80,388.61,199,190,0.00,0.00,0,0
1544349629,2004-eth2,587.41,587.41,1174.83,588,588,5.99,5.99,11.99,6,6,0.00,0.00,0,0
1544349629,3002-eth1,334615.41,466169.84,800785.25,466636,334950,298.70,309.69,608.39,310,299,0.00,0.00,0,0
1544349629,3004-eth1,370645.38,740373.62,1111019.00,741114,371016,355.64,368.63,724.28,369,356,0.00,0.00,0,0
1544349629,2006-eth3,420381.62,8901.10,429282.72,8910,420802,144.86,134.87,279.72,135,145,0.00,0.00,0,0
1544349629,3004-eth2,10549.45,506259.75,516809.22,506766,10560,159.84,174.83,334.67,175,160,0.00,0.00,0,0
1544349629,3001-eth3,1215974.00,1215974.00,2431948.00,1217190,1217190,802.20,802.20,1604.40,803,803,0.00,0.00,0,0
1544349629,2003-eth4,740373.62,370645.38,1111019.00,371016,741114,368.63,355.64,724.28,356,369,0.00,0.00,0,0
1544349629,2008-eth4,1860.14,1958.04,3818.18,1960,1862,18.98,19.98,38.96,20,19,0.00,0.00,0,0
1544349629,3008-eth3,1218679.38,484571.44,1703250.75,485056,1219898,592.41,591.41,1183.82,592,593,0.00,0.00,0,0
1544349629,2005-eth2,0.00,0.00,0.00,0,0,0.00,0.00,0.00,0,0,0.00,0.00,0,0
1544349629,2006-eth4,14677.32,426059.94,440737.28,426486,14692,193.81,202.80,396.60,203,194,0.00,0.00,0,0
1544349629,3006-eth2,426059.94,14677.32,440737.28,14692,426486,202.80,193.81,396.60,194,203,0.00,0.00,0,0
1544349629,1003-eth4,0.00,0.00,0.00,0,0,0.00,0.00,0.00,0,0,0.00,0.00,0,0
1544349629,2006-eth2,5678.32,5776.22,11454.55,5782,5684,57.94,58.94,116.88,59,58,0.00,0.00,0,0
1544349629,3001-eth1,0.00,0.00,0.00,0,0,0.00,0.00,0.00,0,0,0.00,0.00,0,0
1544349629,3008-eth2,1958.04,1860.14,3818.18,1862,1960,19.98,18.98,38.96,19,20,0.00,0.00,0,0
1544349629,2004-eth3,11136.86,506847.16,517984.03,507354,11148,165.83,180.82,346.65,181,166,0.00,0.00,0,0
1544349629,3001-eth4,1215974.00,1214593.50,2430567.50,1215808,1217190,802.20,803.20,1605.39,804,803,0.00,0.00,0,0
1544349629,1003-eth1,0.00,0.00,0.00,0,0,0.00,0.00,0.00,0,0,0.00,0.00,0,0
1544349629,3002-eth2,4405.59,4405.59,8811.19,4410,4410,44.96,44.96,89.91,45,45,0.00,0.00,0,0
1544349629,2005-eth4,10179.82,452169.84,462349.66,452622,10190,150.85,162.84,313.69,163,151,0.00,0.00,0,0
1544349629,3003-eth2,506847.16,11136.86,517984.03,11148,507354,180.82,165.83,346.65,166,181,0.00,0.00,0,0
1544349629,2007-eth1,466169.84,334615.41,800785.25,334950,466636,309.69,298.70,608.39,299,310,0.00,0.00,0,0
1544349629,1002-eth4,0.00,0.00,0.00,0,0,0.00,0.00,0.00,0,0,0.00,0.00,0,0
1544349629,3002-eth4,39174.83,578213.81,617388.62,578792,39214,414.59,363.64,778.22,364,415,0.00,0.00,0,0
1544349629,2007-eth3,316749.25,7318.68,324067.94,7326,317066,108.89,110.89,219.78,111,109,0.00,0.00,0,0
1544349629,3005-eth1,749868.12,822129.88,1571998.00,822952,750618,512.49,511.49,1023.98,512,513,0.00,0.00,0,0
1544349629,2001-eth4,466169.84,334615.41,800785.25,334950,466636,309.69,298.70,608.39,299,310,0.00,0.00,0,0
1544349629,3003-eth4,28755.25,1216247.75,1245003.00,1217464,28784,423.58,443.56,867.13,444,424,0.00,0.00,0,0
1544349629,2004-eth1,0.00,0.00,0.00,0,0,0.00,0.00,0.00,0,0,0.00,0.00,0,0
1544349629,3006-eth4,14089.91,425472.53,439562.44,425898,14104,187.81,196.80,384.62,197,188,0.00,0.00,0,0
1544349629,3007-eth1,7318.68,316749.25,324067.94,317066,7326,110.89,108.89,219.78,109,111,0.00,0.00,0,0
1544349629,2008-eth1,0.00,0.00,0.00,0,0,0.00,0.00,0.00,0,0,0.00,0.00,0,0
1544349629,2002-eth2,4405.59,4405.59,8811.19,4410,4410,44.96,44.96,89.91,45,45,0.00,0.00,0,0
1544349629,2003-eth1,372505.50,742233.81,1114739.25,742976,372878,374.63,387.61,762.24,388,375,0.00,0.00,0,0
1544349629,3008-eth4,28689.31,1216345.62,1245035.00,1217562,28718,422.58,444.56,867.13,445,423,0.00,0.00,0,0
1544349629,1004-eth4,1860.14,1958.04,3818.18,1960,1862,18.98,19.98,38.96,20,19,0.00,0.00,0,0
1544349629,3006-eth1,452169.84,10179.82,462349.66,10190,452622,162.84,150.85,313.69,151,163,0.00,0.00,0,0
1544349629,1004-eth3,5776.22,5678.32,11454.55,5684,5782,58.94,57.94,116.88,58,59,0.00,0.00,0,0
1544349629,1002-eth2,0.00,0.00,0.00,0,0,0.00,0.00,0.00,0,0,0.00,0.00,0,0
1544349629,3004-eth3,1200711.38,381260.75,1581972.12,381642,1201912,527.47,516.48,1043.96,517,528,0.00,0.00,0,0
1544349629,2003-eth3,1860.14,1860.14,3720.28,1862,1862,18.98,18.98,37.96,19,19,0.00,0.00,0,0
1544349629,2005-eth1,741058.94,371330.69,1112389.62,371702,741800,375.62,362.64,738.26,363,376,0.00,0.00,0,0
1544349629,3002-eth3,1225148.88,368209.81,1593358.62,368578,1226374,634.37,656.34,1290.71,657,635,0.00,0.00,0,0
1544349629,3006-eth3,14683.32,456673.34,471356.66,457130,14698,196.80,208.79,405.59,209,197,0.00,0.00,0,0
1544349629,2001-eth1,334615.41,466169.84,800785.25,466636,334950,298.70,309.69,608.39,310,299,0.00,0.00,0,0
1544349629,3005-eth2,8901.10,420381.62,429282.72,420802,8910,134.87,144.86,279.72,145,135,0.00,0.00,0,0
1544349629,2001-eth2,0.00,0.00,0.00,0,0,0.00,0.00,0.00,0,0,0.00,0.00,0,0
1544349629,3007-eth2,0.00,0.00,0.00,0,0,0.00,0.00,0.00,0,0,0.00,0.00,0,0
1544349629,1001-eth1,466169.84,334615.41,800785.25,334950,466636,309.69,298.70,608.39,299,310,0.00,0.00,0,0
1544349629,3007-eth4,1215966.12,1216105.88,2432072.00,1217322,1217182,758.24,804.20,1562.44,805,759,0.00,0.00,0,0
1544349629,2003-eth2,0.00,0.00,0.00,0,0,0.00,0.00,0.00,0,0,0.00,0.00,0,0
1544349629,3007-eth3,1208853.12,921384.62,2130237.75,922306,1210062,694.31,700.30,1394.61,701,695,0.00,0.00,0,0
1544349629,1002-eth1,0.00,0.00,0.00,0,0,0.00,0.00,0.00,0,0,0.00,0.00,0,0
1544349629,2002-eth3,0.00,0.00,0.00,0,0,0.00,0.00,0.00,0,0,0.00,0.00,0,0
1544349629,2007-eth2,0.00,0.00,0.00,0,0,0.00,0.00,0.00,0,0,0.00,0.00,0,0
1544349629,total,23999798.00,23946422.00,47946224.00,23970368,24023798,17029.97,17138.86,34168.83,17156,17047,0.00,0.00,0,0
1544349630,3003-eth3,1222903.12,550387.62,1773290.75,550938,1224126,578.42,580.42,1158.84,581,579,0.00,0.00,0,0
1544349630,2002-eth1,0.00,0.00,0.00,0,0,0.00,0.00,0.00,0,0,0.00,0.00,0,0
1544349630,lo,1198.80,1198.80,2397.60,1200,1200,19.98,19.98,39.96,20,20,0.00,0.00,0,0
1544349630,3005-eth3,1221364.62,1220775.25,2442140.00,1221996,1222586,796.20,809.19,1605.39,810,797,0.00,0.00,0,0
1544349630,2005-eth3,853166.88,764073.94,1617240.75,764838,854020,521.48,530.47,1051.95,531,522,0.00,0.00,0,0
1544349630,3004-eth4,1224191.88,1225114.88,2449306.75,1226340,1225416,795.20,809.19,1604.40,810,796,0.00,0.00,0,0
1544349630,1004-eth2,0.00,0.00,0.00,0,0,0.00,0.00,0.00,0,0,0.00,0.00,0,0
1544349630,2004-eth4,524014.00,10747.25,534761.25,10758,524538,180.82,162.84,343.66,163,181,0.00,0.00,0,0
1544349630,1001-eth2,754909.12,425354.66,1180263.75,425780,755664,391.61,373.63,765.23,374,392,0.00,0.00,0,0
1544349630,1003-eth3,0.00,0.00,0.00,0,0,0.00,0.00,0.00,0,0,0.00,0.00,0,0
1544349630,2002-eth4,1076.92,1076.92,2153.85,1078,1078,10.99,10.99,21.98,11,11,0.00,0.00,0,0
1544349630,1001-eth4,378525.50,532725.31,911250.75,533258,378904,385.61,356.64,742.26,357,386,0.00,0.00,0,0
1544349630,3001-eth2,0.00,0.00,0.00,0,0,0.00,0.00,0.00,0,0,0.00,0.00,0,0
1544349630,1004-eth1,1076.92,1076.92,2153.85,1078,1078,10.99,10.99,21.98,11,11,0.00,0.00,0,0
1544349630,3005-eth4,1209896.12,772117.88,1982014.00,772890,1211106,644.36,652.35,1296.70,653,645,0.00,0.00,0,0
1544349630,1003-eth2,0.00,0.00,0.00,0,0,0.00,0.00,0.00,0,0,0.00,0.00,0,0
1544349630,3008-eth1,526197.81,23242.76,549440.56,23266,526724,257.74,262.74,520.48,263,258,0.00,0.00,0,0
1544349630,1002-eth3,0.00,0.00,0.00,0,0,0.00,0.00,0.00,0,0,0.00,0.00,0,0
1544349630,2006-eth1,0.00,0.00,0.00,0,0,0.00,0.00,0.00,0,0,0.00,0.00,0,0
1544349630,3003-eth1,0.00,0.00,0.00,0,0,0.00,0.00,0.00,0,0,0.00,0.00,0,0
1544349630,2001-eth3,0.00,0.00,0.00,0,0,0.00,0.00,0.00,0,0,0.00,0.00,0,0
1544349630,2008-eth2,0.00,0.00,0.00,0,0,0.00,0.00,0.00,0,0,0.00,0.00,0,0
1544349630,2008-eth3,0.00,0.00,0.00,0,0,0.00,0.00,0.00,0,0,0.00,0.00,0,0
1544349630,1001-eth3,425354.66,754909.12,1180263.75,755664,425780,373.63,391.61,765.23,392,374,0.00,0.00,0,0
1544349630,2007-eth4,23242.76,526197.81,549440.56,526724,23266,262.74,257.74,520.48,258,263,0.00,0.00,0,0
1544349630,2004-eth2,0.00,0.00,0.00,0,0,0.00,0.00,0.00,0,0,0.00,0.00,0,0
1544349630,3002-eth1,378525.50,532725.31,911250.75,533258,378904,385.61,356.64,742.26,357,386,0.00,0.00,0,0
1544349630,3004-eth1,425354.66,754909.12,1180263.75,755664,425780,373.63,391.61,765.23,392,374,0.00,0.00,0,0
1544349630,2006-eth3,384873.12,8241.76,393114.91,8250,385258,132.87,124.88,257.74,125,133,0.00,0.00,0,0
1544349630,3004-eth2,10747.25,524014.00,534761.25,524538,10758,162.84,180.82,343.66,181,163,0.00,0.00,0,0
1544349630,3001-eth3,1225180.88,1225114.88,2450295.75,1226340,1226406,810.19,809.19,1619.38,810,811,0.00,0.00,0,0
1544349630,2003-eth4,754909.12,425354.66,1180263.75,425780,755664,391.61,373.63,765.23,374,392,0.00,0.00,0,0
1544349630,2008-eth4,0.00,0.00,0.00,0,0,0.00,0.00,0.00,0,0,0.00,0.00,0,0
1544349630,3008-eth3,1223098.88,552307.69,1775406.62,552860,1224322,674.33,653.35,1327.67,654,675,0.00,0.00,0,0
1544349630,2005-eth2,0.00,0.00,0.00,0,0,0.00,0.00,0.00,0,0,0.00,0.00,0,0
1544349630,2006-eth4,9318.68,385950.06,395268.75,386336,9328,135.86,143.86,279.72,144,136,0.00,0.00,0,0
1544349630,3006-eth2,385950.06,9318.68,395268.75,9328,386336,143.86,135.86,279.72,136,144,0.00,0.00,0,0
1544349630,1003-eth4,0.00,0.00,0.00,0,0,0.00,0.00,0.00,0,0,0.00,0.00,0,0
1544349630,2006-eth2,1076.92,1076.92,2153.85,1078,1078,10.99,10.99,21.98,11,11,0.00,0.00,0,0
1544349630,3001-eth1,0.00,0.00,0.00,0,0,0.00,0.00,0.00,0,0,0.00,0.00,0,0
1544349630,3008-eth2,0.00,0.00,0.00,0,0,0.00,0.00,0.00,0,0,0.00,0.00,0,0
1544349630,2004-eth3,10747.25,524014.00,534761.25,524538,10758,162.84,180.82,343.66,181,163,0.00,0.00,0,0
1544349630,3001-eth4,1225114.88,1222090.00,2447204.75,1223312,1226340,809.19,807.19,1616.38,808,810,0.00,0.00,0,0
1544349630,1003-eth1,0.00,0.00,0.00,0,0,0.00,0.00,0.00,0,0,0.00,0.00,0,0
1544349630,3002-eth2,1076.92,1076.92,2153.85,1078,1078,10.99,10.99,21.98,11,11,0.00,0.00,0,0
1544349630,2005-eth4,9164.83,427812.19,436977.03,428240,9174,138.86,147.85,286.71,148,139,0.00,0.00,0,0
1544349630,3003-eth2,524014.00,10747.25,534761.25,10758,524538,180.82,162.84,343.66,163,181,0.00,0.00,0,0
1544349630,2007-eth1,532725.31,378525.50,911250.75,378904,533258,356.64,385.61,742.26,386,357,0.00,0.00,0,0
1544349630,1002-eth4,0.00,0.00,0.00,0,0,0.00,0.00,0.00,0,0,0.00,0.00,0,0
1544349630,3002-eth4,31338.66,673326.69,704665.38,674000,31370,352.65,355.64,708.29,356,353,0.00,0.00,0,0
1544349630,2007-eth3,355282.72,6527.47,361810.19,6534,355638,122.88,98.90,221.78,99,123,0.00,0.00,0,0
1544349630,3005-eth1,764073.94,853166.88,1617240.75,854020,764838,530.47,521.48,1051.95,522,531,0.00,0.00,0,0
1544349630,2001-eth4,532725.31,378525.50,911250.75,378904,533258,356.64,385.61,742.26,386,357,0.00,0.00,0,0
1544349630,3003-eth4,26373.63,1224189.88,1250563.50,1225414,26400,399.60,422.58,822.18,423,400,0.00,0.00,0,0
1544349630,2004-eth1,0.00,0.00,0.00,0,0,0.00,0.00,0.00,0,0,0.00,0.00,0,0
1544349630,3006-eth4,10101.90,386733.28,396835.19,387120,10112,143.86,151.85,295.70,152,144,0.00,0.00,0,0
1544349630,3007-eth1,6527.47,355282.72,361810.19,355638,6534,98.90,122.88,221.78,123,99,0.00,0.00,0,0
1544349630,2008-eth1,0.00,0.00,0.00,0,0,0.00,0.00,0.00,0,0,0.00,0.00,0,0
1544349630,2002-eth2,1076.92,1076.92,2153.85,1078,1078,10.99,10.99,21.98,11,11,0.00,0.00,0,0
1544349630,2003-eth1,425354.66,754909.12,1180263.75,755664,425780,373.63,391.61,765.23,392,374,0.00,0.00,0,0
1544349630,3008-eth4,26175.82,1221230.75,1247406.62,1222452,26202,396.60,421.58,818.18,422,397,0.00,0.00,0,0
1544349630,1004-eth4,0.00,0.00,0.00,0,0,0.00,0.00,0.00,0,0,0.00,0.00,0,0
1544349630,3006-eth1,427812.19,9164.83,436977.03,9174,428240,147.85,138.86,286.71,139,148,0.00,0.00,0,0
1544349630,1004-eth3,1076.92,1076.92,2153.85,1078,1078,10.99,10.99,21.98,11,11,0.00,0.00,0,0
1544349630,1002-eth2,0.00,0.00,0.00,0,0,0.00,0.00,0.00,0,0,0.00,0.00,0,0
1544349630,3004-eth3,1210865.12,436101.91,1646967.12,436538,1212076,549.45,536.46,1085.91,537,550,0.00,0.00,0,0
1544349630,2003-eth3,0.00,0.00,0.00,0,0,0.00,0.00,0.00,0,0,0.00,0.00,0,0
1544349630,2005-eth1,754909.12,425354.66,1180263.75,425780,755664,391.61,373.63,765.23,374,392,0.00,0.00,0,0
1544349630,3002-eth3,1238913.12,408787.22,1647700.38,409196,1240152,755.24,727.27,1482.52,728,756,0.00,0.00,0,0
1544349630,3006-eth3,10143.86,428791.22,438935.06,429220,10154,148.85,157.84,306.69,158,149,0.00,0.00,0,0
1544349630,2001-eth1,378525.50,532725.31,911250.75,533258,378904,385.61,356.64,742.26,357,386,0.00,0.00,0,0
1544349630,3005-eth2,8241.76,384873.12,393114.91,385258,8250,124.88,132.87,257.74,133,125,0.00,0.00,0,0
1544349630,2001-eth2,0.00,0.00,0.00,0,0,0.00,0.00,0.00,0,0,0.00,0.00,0,0
1544349630,3007-eth2,0.00,0.00,0.00,0,0,0.00,0.00,0.00,0,0,0.00,0.00,0,0
1544349630,1001-eth1,532725.31,378525.50,911250.75,378904,533258,356.64,385.61,742.26,386,357,0.00,0.00,0,0
1544349630,3007-eth4,1220973.00,1225049.00,2446022.00,1226274,1222194,812.19,808.19,1620.38,809,813,0.00,0.00,0,0
1544349630,2003-eth2,0.00,0.00,0.00,0,0,0.00,0.00,0.00,0,0,0.00,0.00,0,0
1544349630,3007-eth3,1218521.50,980895.12,2199416.75,981876,1219740,709.29,725.27,1434.57,726,710,0.00,0.00,0,0
1544349630,1002-eth1,0.00,0.00,0.00,0,0,0.00,0.00,0.00,0,0,0.00,0.00,0,0
1544349630,2002-eth3,0.00,0.00,0.00,0,0,0.00,0.00,0.00,0,0,0.00,0.00,0,0
1544349630,2007-eth2,0.00,0.00,0.00,0,0,0.00,0.00,0.00,0,0,0.00,0.00,0,0
1544349630,total,24650736.00,24858592.00,49509328.00,24883450,24675386,17289.71,17341.66,34631.37,17359,17307,0.00,0.00,0,0
1544349631,3003-eth3,1221456.62,571100.94,1792557.50,571672,1222678,578.42,587.41,1165.83,588,579,0.00,0.00,0,0
1544349631,2002-eth1,0.00,0.00,0.00,0,0,0.00,0.00,0.00,0,0,0.00,0.00,0,0
1544349631,lo,0.00,0.00,0.00,0,0,0.00,0.00,0.00,0,0,0.00,0.00,0,0
1544349631,3005-eth3,1224521.50,1225180.88,2449702.25,1226406,1225746,800.20,810.19,1610.39,811,801,0.00,0.00,0,0
1544349631,2005-eth3,841330.69,780183.81,1621514.50,780964,842172,517.48,533.47,1050.95,534,518,0.00,0.00,0,0
1544349631,3004-eth4,1223532.50,1222155.88,2445688.50,1223378,1224756,785.21,808.19,1593.41,809,786,0.00,0.00,0,0
1544349631,1004-eth2,0.00,0.00,0.00,0,0,0.00,0.00,0.00,0,0,0.00,0.00,0,0
1544349631,2004-eth4,544727.31,10747.25,555474.56,10758,545272,187.81,162.84,350.65,163,188,0.00,0.00,0,0
1544349631,1001-eth2,771019.00,417990.03,1189009.00,418408,771790,394.61,371.63,766.23,372,395,0.00,0.00,0,0
1544349631,1003-eth3,0.00,0.00,0.00,0,0,0.00,0.00,0.00,0,0,0.00,0.00,0,0
1544349631,2002-eth4,0.00,0.00,0.00,0,0,0.00,0.00,0.00,0,0,0.00,0.00,0,0
1544349631,1001-eth4,358953.06,388519.50,747472.56,388908,359312,287.71,297.70,585.41,298,288,0.00,0.00,0,0
1544349631,3001-eth2,0.00,0.00,0.00,0,0,0.00,0.00,0.00,0,0,0.00,0.00,0,0
1544349631,1004-eth1,0.00,0.00,0.00,0,0,0.00,0.00,0.00,0,0,0.00,0.00,0,0
1544349631,3005-eth4,1214367.62,788425.62,2002793.25,789214,1215582,646.35,658.34,1304.70,659,647,0.00,0.00,0,0
1544349631,1003-eth2,0.00,0.00,0.00,0,0,0.00,0.00,0.00,0,0,0.00,0.00,0,0
1544349631,3008-eth1,381003.00,11100.90,392103.91,11112,381384,183.82,167.83,351.65,168,184,0.00,0.00,0,0
1544349631,1002-eth3,0.00,0.00,0.00,0,0,0.00,0.00,0.00,0,0,0.00,0.00,0,0
1544349631,2006-eth1,0.00,0.00,0.00,0,0,0.00,0.00,0.00,0,0,0.00,0.00,0,0
1544349631,3003-eth1,0.00,0.00,0.00,0,0,0.00,0.00,0.00,0,0,0.00,0.00,0,0
1544349631,2001-eth3,0.00,0.00,0.00,0,0,0.00,0.00,0.00,0,0,0.00,0.00,0,0
1544349631,2008-eth2,0.00,0.00,0.00,0,0,0.00,0.00,0.00,0,0,0.00,0.00,0,0
1544349631,2008-eth3,0.00,0.00,0.00,0,0,0.00,0.00,0.00,0,0,0.00,0.00,0,0
1544349631,1001-eth3,417990.03,771019.00,1189009.00,771790,418408,371.63,394.61,766.23,395,372,0.00,0.00,0,0
1544349631,2007-eth4,11100.90,381003.00,392103.91,381384,11112,167.83,183.82,351.65,184,168,0.00,0.00,0,0
1544349631,2004-eth2,0.00,0.00,0.00,0,0,0.00,0.00,0.00,0,0,0.00,0.00,0,0
1544349631,3002-eth1,358953.06,388519.50,747472.56,388908,359312,287.71,297.70,585.41,298,288,0.00,0.00,0,0
1544349631,3004-eth1,417990.03,771019.00,1189009.00,771790,418408,371.63,394.61,766.23,395,372,0.00,0.00,0,0
1544349631,2006-eth3,381914.09,8307.69,390221.78,8316,382296,131.87,125.87,257.74,126,132,0.00,0.00,0,0
1544349631,3004-eth2,10747.25,544727.31,555474.56,545272,10758,162.84,187.81,350.65,188,163,0.00,0.00,0,0
1544349631,3001-eth3,1219196.88,1219130.88,2438327.75,1220350,1220416,807.19,806.19,1613.39,807,808,0.00,0.00,0,0
1544349631,2003-eth4,771019.00,417990.03,1189009.00,418408,771790,394.61,371.63,766.23,372,395,0.00,0.00,0,0
1544349631,2008-eth4,0.00,0.00,0.00,0,0,0.00,0.00,0.00,0,0,0.00,0.00,0,0
1544349631,3008-eth3,1220817.25,407310.69,1628127.88,407718,1222038,600.40,582.42,1182.82,583,601,0.00,0.00,0,0
1544349631,2005-eth2,0.00,0.00,0.00,0,0,0.00,0.00,0.00,0,0,0.00,0.00,0,0
1544349631,2006-eth4,8307.69,381914.09,390221.78,382296,8316,125.87,131.87,257.74,132,126,0.00,0.00,0,0
1544349631,3006-eth2,381914.09,8307.69,390221.78,8316,382296,131.87,125.87,257.74,126,132,0.00,0.00,0,0
1544349631,1003-eth4,0.00,0.00,0.00,0,0,0.00,0.00,0.00,0,0,0.00,0.00,0,0
1544349631,2006-eth2,0.00,0.00,0.00,0,0,0.00,0.00,0.00,0,0,0.00,0.00,0,0
1544349631,3001-eth1,0.00,0.00,0.00,0,0,0.00,0.00,0.00,0,0,0.00,0.00,0,0
1544349631,3008-eth2,0.00,0.00,0.00,0,0,0.00,0.00,0.00,0,0,0.00,0.00,0,0
1544349631,2004-eth3,10747.25,544727.31,555474.56,545272,10758,162.84,187.81,350.65,188,163,0.00,0.00,0,0
1544349631,3001-eth4,1222155.88,1222155.88,2444311.75,1223378,1223378,808.19,808.19,1616.38,809,809,0.00,0.00,0,0
1544349631,1003-eth1,0.00,0.00,0.00,0,0,0.00,0.00,0.00,0,0,0.00,0.00,0,0
1544349631,3002-eth2,0.00,0.00,0.00,0,0,0.00,0.00,0.00,0,0,0.00,0.00,0,0
1544349631,2005-eth4,9164.83,423340.66,432505.50,423764,9174,138.86,145.85,284.72,146,139,0.00,0.00,0,0
1544349631,3003-eth2,544727.31,10747.25,555474.56,10758,545272,187.81,162.84,350.65,163,188,0.00,0.00,0,0
1544349631,2007-eth1,388519.50,358953.06,747472.56,359312,388908,297.70,287.71,585.41,288,298,0.00,0.00,0,0
1544349631,1002-eth4,0.00,0.00,0.00,0,0,0.00,0.00,0.00,0,0,0.00,0.00,0,0
1544349631,3002-eth4,13582.42,709052.94,722635.38,709762,13596,205.79,244.76,450.55,245,206,0.00,0.00,0,0
1544349631,2007-eth3,347852.16,7516.48,355368.66,7524,348200,119.88,113.89,233.77,114,120,0.00,0.00,0,0
1544349631,3005-eth1,780183.81,841330.69,1621514.50,842172,780964,533.47,517.48,1050.95,518,534,0.00,0.00,0,0
1544349631,2001-eth4,388519.50,358953.06,747472.56,359312,388908,297.70,287.71,585.41,288,298,0.00,0.00,0,0
1544349631,3003-eth4,26373.63,1222677.38,1249051.00,1223900,26400,399.60,421.58,821.18,422,400,0.00,0.00,0,0
1544349631,2004-eth1,0.00,0.00,0.00,0,0,0.00,0.00,0.00,0,0,0.00,0.00,0,0
1544349631,3006-eth4,8307.69,381914.09,390221.78,382296,8316,125.87,131.87,257.74,132,126,0.00,0.00,0,0
1544349631,3007-eth1,7516.48,347852.16,355368.66,348200,7524,113.89,119.88,233.77,120,114,0.00,0.00,0,0
1544349631,2008-eth1,0.00,0.00,0.00,0,0,0.00,0.00,0.00,0,0,0.00,0.00,0,0
1544349631,2002-eth2,0.00,0.00,0.00,0,0,0.00,0.00,0.00,0,0,0.00,0.00,0,0
1544349631,2003-eth1,417990.03,771019.00,1189009.00,771790,418408,371.63,394.61,766.23,395,372,0.00,0.00,0,0
1544349631,3008-eth4,26307.69,1222677.38,1248985.00,1223900,26334,398.60,421.58,820.18,422,399,0.00,0.00,0,0
1544349631,1004-eth4,0.00,0.00,0.00,0,0,0.00,0.00,0.00,0,0,0.00,0.00,0,0
1544349631,3006-eth1,423340.66,9164.83,432505.50,9174,423764,145.85,138.86,284.72,139,146,0.00,0.00,0,0
1544349631,1004-eth3,0.00,0.00,0.00,0,0,0.00,0.00,0.00,0,0,0.00,0.00,0,0
1544349631,1002-eth2,0.00,0.00,0.00,0,0,0.00,0.00,0.00,0,0,0.00,0.00,0,0
1544349631,3004-eth3,1201790.25,428671.34,1630461.62,429100,1202992,543.46,533.47,1076.92,534,544,0.00,0.00,0,0
1544349631,2003-eth3,0.00,0.00,0.00,0,0,0.00,0.00,0.00,0,0,0.00,0.00,0,0
1544349631,2005-eth1,771019.00,417990.03,1189009.00,418408,771790,394.61,371.63,766.23,372,395,0.00,0.00,0,0
1544349631,3002-eth3,1232595.50,372535.47,1605130.88,372908,1233828,725.27,493.51,1218.78,494,726,0.00,0.00,0,0
1544349631,3006-eth3,9164.83,423340.66,432505.50,423764,9174,138.86,145.85,284.72,146,139,0.00,0.00,0,0
1544349631,2001-eth1,358953.06,388519.50,747472.56,388908,359312,287.71,297.70,585.41,298,288,0.00,0.00,0,0
1544349631,3005-eth2,8307.69,381914.09,390221.78,382296,8316,125.87,131.87,257.74,132,126,0.00,0.00,0,0
1544349631,2001-eth2,0.00,0.00,0.00,0,0,0.00,0.00,0.00,0,0,0.00,0.00,0,0
1544349631,3007-eth2,0.00,0.00,0.00,0,0,0.00,0.00,0.00,0,0,0.00,0.00,0,0
1544349631,1001-eth1,388519.50,358953.06,747472.56,359312,388908,297.70,287.71,585.41,288,298,0.00,0.00,0,0
1544349631,3007-eth4,1224777.25,1219262.75,2444040.00,1220482,1226002,760.24,808.19,1568.43,809,761,0.00,0.00,0,0
1544349631,2003-eth2,0.00,0.00,0.00,0,0,0.00,0.00,0.00,0,0,0.00,0.00,0,0
1544349631,3007-eth3,1211680.38,952619.44,2164299.75,953572,1212892,693.31,713.29,1406.59,714,694,0.00,0.00,0,0
1544349631,1002-eth1,0.00,0.00,0.00,0,0,0.00,0.00,0.00,0,0,0.00,0.00,0,0
1544349631,2002-eth3,0.00,0.00,0.00,0,0,0.00,0.00,0.00,0,0,0.00,0.00,0,0
1544349631,2007-eth2,0.00,0.00,0.00,0,0,0.00,0.00,0.00,0,0,0.00,0.00,0,0
1544349631,total,24002958.00,24090542.00,48093500.00,24114632,24026960,16209.79,16167.83,32377.62,16184,16226,0.00,0.00,0,0
1544349632,3003-eth3,1218431.62,582871.12,1801302.75,583454,1219650,576.42,590.41,1166.83,591,577,0.00,0.00,0,0
1544349632,2002-eth1,0.00,0.00,0.00,0,0,0.00,0.00,0.00,0,0,0.00,0.00,0,0
1544349632,lo,1198.80,1198.80,2397.60,1200,1200,19.98,19.98,39.96,20,20,0.00,0.00,0,0
1544349632,3005-eth3,1219065.00,1219130.88,2438195.75,1220350,1220284,805.19,806.19,1611.39,807,806,0.00,0.00,0,0
1544349632,2005-eth3,838371.62,799648.38,1638020.00,800448,839210,516.48,543.46,1059.94,544,517,0.00,0.00,0,0
1544349632,3004-eth4,1217087.00,1219065.00,2436152.00,1220284,1218304,775.22,805.19,1580.42,806,776,0.00,0.00,0,0
1544349632,1004-eth2,0.00,0.00,0.00,0,0,0.00,0.00,0.00,0,0,0.00,0.00,0,0
1544349632,2004-eth4,556563.44,10615.38,567178.81,10626,557120,191.81,160.84,352.65,161,192,0.00,0.00,0,0
1544349632,1001-eth2,790351.69,415030.97,1205382.62,415446,791142,402.60,370.63,773.23,371,403,0.00,0.00,0,0
1544349632,1003-eth3,0.00,0.00,0.00,0,0,0.00,0.00,0.00,0,0,0.00,0.00,0,0
1544349632,2002-eth4,0.00,0.00,0.00,0,0,0.00,0.00,0.00,0,0,0.00,0.00,0,0
1544349632,1001-eth4,358541.47,491356.66,849898.12,491848,358900,325.67,299.70,625.37,300,326,0.00,0.00,0,0
1544349632,3001-eth2,0.00,0.00,0.00,0,0,0.00,0.00,0.00,0,0,0.00,0.00,0,0
1544349632,1004-eth1,0.00,0.00,0.00,0,0,0.00,0.00,0.00,0,0,0.00,0.00,0,0
1544349632,3005-eth4,1208383.62,807560.44,2015944.12,808368,1209592,643.36,663.34,1306.69,664,644,0.00,0.00,0,0
1544349632,1003-eth2,0.00,0.00,0.00,0,0,0.00,0.00,0.00,0,0,0.00,0.00,0,0
1544349632,3008-eth1,484697.31,13648.35,498345.66,13662,485182,198.80,206.79,405.59,207,199,0.00,0.00,0,0
1544349632,1002-eth3,0.00,0.00,0.00,0,0,0.00,0.00,0.00,0,0,0.00,0.00,0,0
1544349632,2006-eth1,0.00,0.00,0.00,0,0,0.00,0.00,0.00,0,0,0.00,0.00,0,0
1544349632,3003-eth1,0.00,0.00,0.00,0,0,0.00,0.00,0.00,0,0,0.00,0.00,0,0
1544349632,2001-eth3,0.00,0.00,0.00,0,0,0.00,0.00,0.00,0,0,0.00,0.00,0,0
1544349632,2008-eth2,0.00,0.00,0.00,0,0,0.00,0.00,0.00,0,0,0.00,0.00,0,0
1544349632,2008-eth3,0.00,0.00,0.00,0,0,0.00,0.00,0.00,0,0,0.00,0.00,0,0
1544349632,1001-eth3,415030.97,790351.69,1205382.62,791142,415446,370.63,402.60,773.23,403,371,0.00,0.00,0,0
1544349632,2007-eth4,13648.35,484697.31,498345.66,485182,13662,206.79,198.80,405.59,199,207,0.00,0.00,0,0
1544349632,2004-eth2,0.00,0.00,0.00,0,0,0.00,0.00,0.00,0,0,0.00,0.00,0,0
1544349632,3002-eth1,358541.47,491356.66,849898.12,491848,358900,325.67,299.70,625.37,300,326,0.00,0.00,0,0
1544349632,3004-eth1,415030.97,790351.69,1205382.62,791142,415446,370.63,402.60,773.23,403,371,0.00,0.00,0,0
1544349632,2006-eth3,368565.44,7978.02,376543.47,7986,368934,126.87,120.88,247.75,121,127,0.00,0.00,0,0
1544349632,3004-eth2,10615.38,556563.44,567178.81,557120,10626,160.84,191.81,352.65,192,161,0.00,0.00,0,0
1544349632,3001-eth3,1218999.00,1218999.00,2437998.00,1220218,1220218,804.20,804.20,1608.39,805,805,0.00,0.00,0,0
1544349632,2003-eth4,790351.69,415030.97,1205382.62,415446,791142,402.60,370.63,773.23,371,403,0.00,0.00,0,0
1544349632,2008-eth4,0.00,0.00,0.00,0,0,0.00,0.00,0.00,0,0,0.00,0.00,0,0
1544349632,3008-eth3,1219160.88,510939.06,1730100.00,511450,1220380,609.39,596.40,1205.79,597,610,0.00,0.00,0,0
1544349632,2005-eth2,0.00,0.00,0.00,0,0,0.00,0.00,0.00,0,0,0.00,0.00,0,0
1544349632,2006-eth4,7978.02,368565.44,376543.47,368934,7986,120.88,126.87,247.75,127,121,0.00,0.00,0,0
1544349632,3006-eth2,368565.44,7978.02,376543.47,7986,368934,126.87,120.88,247.75,121,127,0.00,0.00,0,0
1544349632,1003-eth4,0.00,0.00,0.00,0,0,0.00,0.00,0.00,0,0,0.00,0.00,0,0
1544349632,2006-eth2,0.00,0.00,0.00,0,0,0.00,0.00,0.00,0,0,0.00,0.00,0,0
1544349632,3001-eth1,0.00,0.00,0.00,0,0,0.00,0.00,0.00,0,0,0.00,0.00,0,0
1544349632,3008-eth2,0.00,0.00,0.00,0,0,0.00,0.00,0.00,0,0,0.00,0.00,0,0
1544349632,2004-eth3,10615.38,556563.44,567178.81,557120,10626,160.84,191.81,352.65,192,161,0.00,0.00,0,0
1544349632,3001-eth4,1218999.00,1218999.00,2437998.00,1220218,1220218,804.20,804.20,1608.39,805,805,0.00,0.00,0,0
1544349632,1003-eth1,0.00,0.00,0.00,0,0,0.00,0.00,0.00,0,0,0.00,0.00,0,0
1544349632,3002-eth2,0.00,0.00,0.00,0,0,0.00,0.00,0.00,0,0,0.00,0.00,0,0
1544349632,2005-eth4,9296.70,426299.72,435596.41,426726,9306,140.86,146.85,287.71,147,141,0.00,0.00,0,0
1544349632,3003-eth2,556563.44,10615.38,567178.81,10626,557120,191.81,160.84,352.65,161,192,0.00,0.00,0,0
1544349632,2007-eth1,491356.66,358541.47,849898.12,358900,491848,299.70,325.67,625.37,326,300,0.00,0.00,0,0
1544349632,1002-eth4,0.00,0.00,0.00,0,0,0.00,0.00,0.00,0,0,0.00,0.00,0,0
1544349632,3002-eth4,16483.52,808213.81,824697.31,809022,16500,249.75,278.72,528.47,279,250,0.00,0.00,0,0
1544349632,2007-eth3,344893.12,6659.34,351552.47,6666,345238,118.88,100.90,219.78,101,119,0.00,0.00,0,0
1544349632,3005-eth1,799648.38,838371.62,1638020.00,839210,800448,543.46,516.48,1059.94,517,544,0.00,0.00,0,0
1544349632,2001-eth4,491356.66,358541.47,849898.12,358900,491848,299.70,325.67,625.37,326,300,0.00,0.00,0,0
1544349632,3003-eth4,26307.69,1219718.38,1246026.00,1220938,26334,398.60,420.58,819.18,421,399,0.00,0.00,0,0
1544349632,2004-eth1,0.00,0.00,0.00,0,0,0.00,0.00,0.00,0,0,0.00,0.00,0,0
1544349632,3006-eth4,7978.02,368565.44,376543.47,368934,7986,120.88,126.87,247.75,127,121,0.00,0.00,0,0
1544349632,3007-eth1,6659.34,344893.12,351552.47,345238,6666,100.90,118.88,219.78,119,101,0.00,0.00,0,0
1544349632,2008-eth1,0.00,0.00,0.00,0,0,0.00,0.00,0.00,0,0,0.00,0.00,0,0
1544349632,2002-eth2,0.00,0.00,0.00,0,0,0.00,0.00,0.00,0,0,0.00,0.00,0,0
1544349632,2003-eth1,415030.97,790351.69,1205382.62,791142,415446,370.63,402.60,773.23,403,371,0.00,0.00,0,0
1544349632,3008-eth4,26241.76,1219718.38,1245960.12,1220938,26268,397.60,420.58,818.18,421,398,0.00,0.00,0,0
1544349632,1004-eth4,0.00,0.00,0.00,0,0,0.00,0.00,0.00,0,0,0.00,0.00,0,0
1544349632,3006-eth1,426299.72,9296.70,435596.41,9306,426726,146.85,140.86,287.71,141,147,0.00,0.00,0,0
1544349632,1004-eth3,0.00,0.00,0.00,0,0,0.00,0.00,0.00,0,0,0.00,0.00,0,0
1544349632,1002-eth2,0.00,0.00,0.00,0,0,0.00,0.00,0.00,0,0,0.00,0.00,0,0
1544349632,3004-eth3,1204815.25,425712.31,1630527.50,426138,1206020,545.45,532.47,1077.92,533,546,0.00,0.00,0,0
1544349632,2003-eth3,0.00,0.00,0.00,0,0,0.00,0.00,0.00,0,0,0.00,0.00,0,0
1544349632,2005-eth1,790351.69,415030.97,1205382.62,415446,791142,402.60,370.63,773.23,371,403,0.00,0.00,0,0
1544349632,3002-eth3,1226525.50,375025.00,1601550.50,375400,1227752,611.39,575.42,1186.81,576,612,0.00,0.00,0,0
1544349632,3006-eth3,9296.70,426299.72,435596.41,426726,9306,140.86,146.85,287.71,147,141,0.00,0.00,0,0
1544349632,2001-eth1,358541.47,491356.66,849898.12,491848,358900,325.67,299.70,625.37,300,326,0.00,0.00,0,0
1544349632,3005-eth2,7978.02,368565.44,376543.47,368934,7986,120.88,126.87,247.75,127,121,0.00,0.00,0,0
1544349632,2001-eth2,0.00,0.00,0.00,0,0,0.00,0.00,0.00,0,0,0.00,0.00,0,0
1544349632,3007-eth2,0.00,0.00,0.00,0,0,0.00,0.00,0.00,0,0,0.00,0.00,0,0
1544349632,1001-eth1,491356.66,358541.47,849898.12,358900,491848,299.70,325.67,625.37,326,300,0.00,0.00,0,0
1544349632,3007-eth4,1219588.50,1218999.00,2438587.50,1220218,1220808,791.21,804.20,1595.40,805,792,0.00,0.00,0,0
1544349632,2003-eth2,0.00,0.00,0.00,0,0,0.00,0.00,0.00,0,0,0.00,0.00,0,0
1544349632,3007-eth3,1212405.62,1008775.25,2221181.00,1009784,1213618,704.30,731.27,1435.56,732,705,0.00,0.00,0,0
1544349632,1002-eth1,0.00,0.00,0.00,0,0,0.00,0.00,0.00,0,0,0.00,0.00,0,0
1544349632,2002-eth3,0.00,0.00,0.00,0,0,0.00,0.00,0.00,0,0,0.00,0.00,0,0
1544349632,2007-eth2,0.00,0.00,0.00,0,0,0.00,0.00,0.00,0,0,0.00,0.00,0,0
1544349632,total,24447768.00,24826592.00,49274360.00,24851418,24472216,16367.63,16496.50,32864.14,16513,16384,0.00,0.00,0,0
1544349633,3003-eth3,1221786.25,628703.31,1850489.50,629332,1223008,583.42,605.39,1188.81,606,584,0.00,0.00,0,0
1544349633,2002-eth1,0.00,0.00,0.00,0,0,0.00,0.00,0.00,0,0,0.00,0.00,0,0
1544349633,lo,1038.96,1038.96,2077.92,1040,1040,15.98,15.98,31.97,16,16,0.00,0.00,0,0
1544349633,3005-eth3,1218867.12,1222090.00,2440957.00,1223312,1220086,802.20,807.19,1609.39,808,803,0.00,0.00,0,0
1544349633,2005-eth3,857374.62,811550.50,1668925.12,812362,858232,519.48,548.45,1067.93,549,520,0.00,0.00,0,0
1544349633,3004-eth4,1220701.38,1222287.75,2442989.00,1223510,1221922,764.24,810.19,1574.43,811,765,0.00,0.00,0,0
1544349633,1004-eth2,0.00,0.00,0.00,0,0,0.00,0.00,0.00,0,0,0.00,0.00,0,0
1544349633,2004-eth4,602461.56,11076.92,613538.50,11088,603064,207.79,167.83,375.62,168,208,0.00,0.00,0,0
1544349633,1001-eth2,802055.94,417792.22,1219848.12,418210,802858,404.60,368.63,773.23,369,405,0.00,0.00,0,0
1544349633,1003-eth3,0.00,0.00,0.00,0,0,0.00,0.00,0.00,0,0,0.00,0.00,0,0
1544349633,2002-eth4,0.00,0.00,0.00,0,0,0.00,0.00,0.00,0,0,0.00,0.00,0,0
1544349633,1001-eth4,360313.69,486357.66,846671.38,486844,360674,308.69,289.71,598.40,290,309,0.00,0.00,0,0
1544349633,3001-eth2,0.00,0.00,0.00,0,0,0.00,0.00,0.00,0,0,0.00,0.00,0,0
1544349633,1004-eth1,0.00,0.00,0.00,0,0,0.00,0.00,0.00,0,0,0.00,0.00,0,0
1544349633,3005-eth4,1211210.88,819330.69,2030541.50,820150,1212422,642.36,666.33,1308.69,667,643,0.00,0.00,0,0
1544349633,1003-eth2,0.00,0.00,0.00,0,0,0.00,0.00,0.00,0,0,0.00,0.00,0,0
1544349633,3008-eth1,479302.72,12461.54,491764.25,12474,479782,182.82,188.81,371.63,189,183,0.00,0.00,0,0
1544349633,1002-eth3,0.00,0.00,0.00,0,0,0.00,0.00,0.00,0,0,0.00,0.00,0,0
1544349633,2006-eth1,0.00,0.00,0.00,0,0,0.00,0.00,0.00,0,0,0.00,0.00,0,0
1544349633,3003-eth1,0.00,0.00,0.00,0,0,0.00,0.00,0.00,0,0,0.00,0.00,0,0
1544349633,2001-eth3,0.00,0.00,0.00,0,0,0.00,0.00,0.00,0,0,0.00,0.00,0,0
1544349633,2008-eth2,0.00,0.00,0.00,0,0,0.00,0.00,0.00,0,0,0.00,0.00,0,0
1544349633,2008-eth3,0.00,0.00,0.00,0,0,0.00,0.00,0.00,0,0,0.00,0.00,0,0
1544349633,1001-eth3,417792.22,802055.94,1219848.12,802858,418210,368.63,404.60,773.23,405,369,0.00,0.00,0,0
1544349633,2007-eth4,12461.54,479302.72,491764.25,479782,12474,188.81,182.82,371.63,183,189,0.00,0.00,0,0
1544349633,2004-eth2,0.00,0.00,0.00,0,0,0.00,0.00,0.00,0,0,0.00,0.00,0,0
1544349633,3002-eth1,360313.69,486357.66,846671.38,486844,360674,308.69,289.71,598.40,290,309,0.00,0.00,0,0
1544349633,3004-eth1,417792.22,802055.94,1219848.12,802858,418210,368.63,404.60,773.23,405,369,0.00,0.00,0,0
1544349633,2006-eth3,364159.84,7846.15,372006.00,7854,364524,125.87,118.88,244.76,119,126,0.00,0.00,0,0
1544349633,3004-eth2,11076.92,602461.56,613538.50,603064,11088,167.83,207.79,375.62,208,168,0.00,0.00,0,0
1544349633,3001-eth3,1222090.00,1222155.88,2444245.75,1223378,1223312,807.19,808.19,1615.38,809,808,0.00,0.00,0,0
1544349633,2003-eth4,802055.94,417792.22,1219848.12,418210,802858,404.60,368.63,773.23,369,405,0.00,0.00,0,0
1544349633,2008-eth4,0.00,0.00,0.00,0,0,0.00,0.00,0.00,0,0,0.00,0.00,0,0
1544349633,3008-eth3,1223236.75,505676.34,1728913.12,506182,1224460,605.39,582.42,1187.81,583,606,0.00,0.00,0,0
1544349633,2005-eth2,0.00,0.00,0.00,0,0,0.00,0.00,0.00,0,0,0.00,0.00,0,0
1544349633,2006-eth4,7846.15,364159.84,372006.00,364524,7854,118.88,125.87,244.76,126,119,0.00,0.00,0,0
1544349633,3006-eth2,364159.84,7846.15,372006.00,7854,364524,125.87,118.88,244.76,119,126,0.00,0.00,0,0
1544349633,1003-eth4,0.00,0.00,0.00,0,0,0.00,0.00,0.00,0,0,0.00,0.00,0,0
1544349633,2006-eth2,0.00,0.00,0.00,0,0,0.00,0.00,0.00,0,0,0.00,0.00,0,0
1544349633,3001-eth1,0.00,0.00,0.00,0,0,0.00,0.00,0.00,0,0,0.00,0.00,0,0
1544349633,3008-eth2,0.00,0.00,0.00,0,0,0.00,0.00,0.00,0,0,0.00,0.00,0,0
1544349633,2004-eth3,11076.92,602461.56,613538.50,603064,11088,167.83,207.79,375.62,208,168,0.00,0.00,0,0
1544349633,3001-eth4,1222155.88,1222090.00,2444245.75,1223312,1223378,808.19,807.19,1615.38,808,809,0.00,0.00,0,0
1544349633,1003-eth1,0.00,0.00,0.00,0,0,0.00,0.00,0.00,0,0,0.00,0.00,0,0
1544349633,3002-eth2,0.00,0.00,0.00,0,0,0.00,0.00,0.00,0,0,0.00,0.00,0,0
1544349633,2005-eth4,9560.44,439648.38,449208.81,440088,9570,144.86,151.85,296.70,152,145,0.00,0.00,0,0
1544349633,3003-eth2,602461.56,11076.92,613538.50,11088,603064,207.79,167.83,375.62,168,208,0.00,0.00,0,0
1544349633,2007-eth1,486357.66,360313.69,846671.38,360674,486844,289.71,308.69,598.40,309,290,0.00,0.00,0,0
1544349633,1002-eth4,0.00,0.00,0.00,0,0,0.00,0.00,0.00,0,0,0.00,0.00,0,0
1544349633,3002-eth4,16615.38,802295.75,818911.12,803098,16632,251.75,276.72,528.47,277,252,0.00,0.00,0,0
1544349633,2007-eth3,347852.16,7054.95,354907.09,7062,348200,119.88,106.89,226.77,107,120,0.00,0.00,0,0
1544349633,3005-eth1,811616.38,857374.62,1668991.00,858232,812428,549.45,519.48,1068.93,520,550,0.00,0.00,0,0
1544349633,2001-eth4,486357.66,360313.69,846671.38,360674,486844,289.71,308.69,598.40,309,290,0.00,0.00,0,0
1544349633,3003-eth4,26373.63,1221230.75,1247604.38,1222452,26400,399.60,421.58,821.18,422,400,0.00,0.00,0,0
1544349633,2004-eth1,0.00,0.00,0.00,0,0,0.00,0.00,0.00,0,0,0.00,0.00,0,0
1544349633,3006-eth4,7846.15,364159.84,372006.00,364524,7854,118.88,125.87,244.76,126,119,0.00,0.00,0,0
1544349633,3007-eth1,7054.95,347852.16,354907.09,348200,7062,106.89,119.88,226.77,120,107,0.00,0.00,0,0
1544349633,2008-eth1,0.00,0.00,0.00,0,0,0.00,0.00,0.00,0,0,0.00,0.00,0,0
1544349633,2002-eth2,0.00,0.00,0.00,0,0,0.00,0.00,0.00,0,0,0.00,0.00,0,0
1544349633,2003-eth1,417792.22,802055.94,1219848.12,802858,418210,368.63,404.60,773.23,405,369,0.00,0.00,0,0
1544349633,3008-eth4,26373.63,1224189.88,1250563.50,1225414,26400,399.60,422.58,822.18,423,400,0.00,0.00,0,0
1544349633,1004-eth4,0.00,0.00,0.00,0,0,0.00,0.00,0.00,0,0,0.00,0.00,0,0
1544349633,3006-eth1,439648.38,9560.44,449208.81,9570,440088,151.85,144.86,296.70,145,152,0.00,0.00,0,0
1544349633,1004-eth3,0.00,0.00,0.00,0,0,0.00,0.00,0.00,0,0,0.00,0.00,0,0
1544349633,1002-eth2,0.00,0.00,0.00,0,0,0.00,0.00,0.00,0,0,0.00,0.00,0,0
1544349633,3004-eth3,1204683.38,428671.34,1633354.75,429100,1205888,543.46,533.47,1076.92,534,544,0.00,0.00,0,0
1544349633,2003-eth3,0.00,0.00,0.00,0,0,0.00,0.00,0.00,0,0,0.00,0.00,0,0
1544349633,2005-eth1,802055.94,417792.22,1219848.12,418210,802858,404.60,368.63,773.23,369,405,0.00,0.00,0,0
1544349633,3002-eth3,1229146.88,376929.09,1606076.00,377306,1230376,563.44,560.44,1123.88,561,564,0.00,0.00,0,0
1544349633,3006-eth3,9560.44,439648.38,449208.81,440088,9570,144.86,151.85,296.70,152,145,0.00,0.00,0,0
1544349633,2001-eth1,360313.69,486357.66,846671.38,486844,360674,308.69,289.71,598.40,290,309,0.00,0.00,0,0
1544349633,3005-eth2,7846.15,364159.84,372006.00,364524,7854,118.88,125.87,244.76,126,119,0.00,0.00,0,0
1544349633,2001-eth2,0.00,0.00,0.00,0,0,0.00,0.00,0.00,0,0,0.00,0.00,0,0
1544349633,3007-eth2,0.00,0.00,0.00,0,0,0.00,0.00,0.00,0,0,0.00,0.00,0,0
1544349633,1001-eth1,486357.66,360313.69,846671.38,360674,486844,289.71,308.69,598.40,309,290,0.00,0.00,0,0
1544349633,3007-eth4,1222213.88,1222155.88,2444369.75,1223378,1223436,765.23,808.19,1573.43,809,766,0.00,0.00,0,0
1544349633,2003-eth2,0.00,0.00,0.00,0,0,0.00,0.00,0.00,0,0,0.00,0.00,0,0
1544349633,3007-eth3,1215100.88,1022387.62,2237488.50,1023410,1216316,701.30,740.26,1441.56,741,702,0.00,0.00,0,0
1544349633,1002-eth1,0.00,0.00,0.00,0,0,0.00,0.00,0.00,0,0,0.00,0.00,0,0
1544349633,2002-eth3,0.00,0.00,0.00,0,0,0.00,0.00,0.00,0,0,0.00,0.00,0,0
1544349633,2007-eth2,0.00,0.00,0.00,0,0,0.00,0.00,0.00,0,0,0.00,0.00,0,0
1544349633,total,24634520.00,25080494.00,49715016.00,25105574,24659154,16236.76,16462.54,32699.30,16479,16253,0.00,0.00,0,0
