1544346724,3003-eth3,0.00,0.00,0.00,0,0,0.00,0.00,0.00,0,0,0.00,0.00,0,0
1544346724,2002-eth1,0.00,0.00,0.00,0,0,0.00,0.00,0.00,0,0,0.00,0.00,0,0
1544346724,lo,0.00,0.00,0.00,0,0,0.00,0.00,0.00,0,0,0.00,0.00,0,0
1544346724,3005-eth3,0.00,0.00,0.00,0,0,0.00,0.00,0.00,0,0,0.00,0.00,0,0
1544346724,2005-eth3,0.00,0.00,0.00,0,0,0.00,0.00,0.00,0,0,0.00,0.00,0,0
1544346724,3004-eth4,0.00,0.00,0.00,0,0,0.00,0.00,0.00,0,0,0.00,0.00,0,0
1544346724,1004-eth2,0.00,0.00,0.00,0,0,0.00,0.00,0.00,0,0,0.00,0.00,0,0
1544346724,2004-eth4,0.00,0.00,0.00,0,0,0.00,0.00,0.00,0,0,0.00,0.00,0,0
1544346724,1001-eth2,0.00,0.00,0.00,0,0,0.00,0.00,0.00,0,0,0.00,0.00,0,0
1544346724,1003-eth3,0.00,0.00,0.00,0,0,0.00,0.00,0.00,0,0,0.00,0.00,0,0
1544346724,2002-eth4,0.00,0.00,0.00,0,0,0.00,0.00,0.00,0,0,0.00,0.00,0,0
1544346724,1001-eth4,0.00,0.00,0.00,0,0,0.00,0.00,0.00,0,0,0.00,0.00,0,0
1544346724,3001-eth2,0.00,0.00,0.00,0,0,0.00,0.00,0.00,0,0,0.00,0.00,0,0
1544346724,1004-eth1,0.00,0.00,0.00,0,0,0.00,0.00,0.00,0,0,0.00,0.00,0,0
1544346724,3005-eth4,0.00,0.00,0.00,0,0,0.00,0.00,0.00,0,0,0.00,0.00,0,0
1544346724,1003-eth2,0.00,0.00,0.00,0,0,0.00,0.00,0.00,0,0,0.00,0.00,0,0
1544346724,3008-eth1,0.00,0.00,0.00,0,0,0.00,0.00,0.00,0,0,0.00,0.00,0,0
1544346724,1002-eth3,0.00,0.00,0.00,0,0,0.00,0.00,0.00,0,0,0.00,0.00,0,0
1544346724,2006-eth1,0.00,0.00,0.00,0,0,0.00,0.00,0.00,0,0,0.00,0.00,0,0
1544346724,3003-eth1,0.00,0.00,0.00,0,0,0.00,0.00,0.00,0,0,0.00,0.00,0,0
1544346724,2001-eth3,0.00,0.00,0.00,0,0,0.00,0.00,0.00,0,0,0.00,0.00,0,0
1544346724,2008-eth2,0.00,0.00,0.00,0,0,0.00,0.00,0.00,0,0,0.00,0.00,0,0
1544346724,2008-eth3,0.00,0.00,0.00,0,0,0.00,0.00,0.00,0,0,0.00,0.00,0,0
1544346724,1001-eth3,0.00,0.00,0.00,0,0,0.00,0.00,0.00,0,0,0.00,0.00,0,0
1544346724,2007-eth4,0.00,0.00,0.00,0,0,0.00,0.00,0.00,0,0,0.00,0.00,0,0
1544346724,2004-eth2,0.00,0.00,0.00,0,0,0.00,0.00,0.00,0,0,0.00,0.00,0,0
1544346724,3002-eth1,0.00,0.00,0.00,0,0,0.00,0.00,0.00,0,0,0.00,0.00,0,0
1544346724,3004-eth1,0.00,0.00,0.00,0,0,0.00,0.00,0.00,0,0,0.00,0.00,0,0
1544346724,2006-eth3,0.00,0.00,0.00,0,0,0.00,0.00,0.00,0,0,0.00,0.00,0,0
1544346724,3004-eth2,0.00,0.00,0.00,0,0,0.00,0.00,0.00,0,0,0.00,0.00,0,0
1544346724,3001-eth3,0.00,0.00,0.00,0,0,0.00,0.00,0.00,0,0,0.00,0.00,0,0
1544346724,2003-eth4,0.00,0.00,0.00,0,0,0.00,0.00,0.00,0,0,0.00,0.00,0,0
1544346724,2008-eth4,0.00,0.00,0.00,0,0,0.00,0.00,0.00,0,0,0.00,0.00,0,0
1544346724,3008-eth3,0.00,0.00,0.00,0,0,0.00,0.00,0.00,0,0,0.00,0.00,0,0
1544346724,2005-eth2,0.00,0.00,0.00,0,0,0.00,0.00,0.00,0,0,0.00,0.00,0,0
1544346724,2006-eth4,0.00,0.00,0.00,0,0,0.00,0.00,0.00,0,0,0.00,0.00,0,0
1544346724,3006-eth2,0.00,0.00,0.00,0,0,0.00,0.00,0.00,0,0,0.00,0.00,0,0
1544346724,1003-eth4,0.00,0.00,0.00,0,0,0.00,0.00,0.00,0,0,0.00,0.00,0,0
1544346724,2006-eth2,0.00,0.00,0.00,0,0,0.00,0.00,0.00,0,0,0.00,0.00,0,0
1544346724,3001-eth1,0.00,0.00,0.00,0,0,0.00,0.00,0.00,0,0,0.00,0.00,0,0
1544346724,3008-eth2,0.00,0.00,0.00,0,0,0.00,0.00,0.00,0,0,0.00,0.00,0,0
1544346724,2004-eth3,0.00,0.00,0.00,0,0,0.00,0.00,0.00,0,0,0.00,0.00,0,0
1544346724,3001-eth4,0.00,0.00,0.00,0,0,0.00,0.00,0.00,0,0,0.00,0.00,0,0
1544346724,1003-eth1,0.00,0.00,0.00,0,0,0.00,0.00,0.00,0,0,0.00,0.00,0,0
1544346724,3002-eth2,0.00,0.00,0.00,0,0,0.00,0.00,0.00,0,0,0.00,0.00,0,0
1544346724,2005-eth4,0.00,0.00,0.00,0,0,0.00,0.00,0.00,0,0,0.00,0.00,0,0
1544346724,3003-eth2,0.00,0.00,0.00,0,0,0.00,0.00,0.00,0,0,0.00,0.00,0,0
1544346724,2007-eth1,0.00,0.00,0.00,0,0,0.00,0.00,0.00,0,0,0.00,0.00,0,0
1544346724,1002-eth4,0.00,0.00,0.00,0,0,0.00,0.00,0.00,0,0,0.00,0.00,0,0
1544346724,3002-eth4,0.00,0.00,0.00,0,0,0.00,0.00,0.00,0,0,0.00,0.00,0,0
1544346724,2007-eth3,0.00,0.00,0.00,0,0,0.00,0.00,0.00,0,0,0.00,0.00,0,0
1544346724,3005-eth1,0.00,0.00,0.00,0,0,0.00,0.00,0.00,0,0,0.00,0.00,0,0
1544346724,2001-eth4,0.00,0.00,0.00,0,0,0.00,0.00,0.00,0,0,0.00,0.00,0,0
1544346724,3003-eth4,0.00,0.00,0.00,0,0,0.00,0.00,0.00,0,0,0.00,0.00,0,0
1544346724,2004-eth1,0.00,0.00,0.00,0,0,0.00,0.00,0.00,0,0,0.00,0.00,0,0
1544346724,3006-eth4,0.00,0.00,0.00,0,0,0.00,0.00,0.00,0,0,0.00,0.00,0,0
1544346724,3007-eth1,0.00,0.00,0.00,0,0,0.00,0.00,0.00,0,0,0.00,0.00,0,0
1544346724,2008-eth1,0.00,0.00,0.00,0,0,0.00,0.00,0.00,0,0,0.00,0.00,0,0
1544346724,2002-eth2,0.00,0.00,0.00,0,0,0.00,0.00,0.00,0,0,0.00,0.00,0,0
1544346724,2003-eth1,0.00,0.00,0.00,0,0,0.00,0.00,0.00,0,0,0.00,0.00,0,0
1544346724,3008-eth4,0.00,0.00,0.00,0,0,0.00,0.00,0.00,0,0,0.00,0.00,0,0
1544346724,1004-eth4,0.00,0.00,0.00,0,0,0.00,0.00,0.00,0,0,0.00,0.00,0,0
1544346724,3006-eth1,0.00,0.00,0.00,0,0,0.00,0.00,0.00,0,0,0.00,0.00,0,0
1544346724,1004-eth3,0.00,0.00,0.00,0,0,0.00,0.00,0.00,0,0,0.00,0.00,0,0
1544346724,1002-eth2,0.00,0.00,0.00,0,0,0.00,0.00,0.00,0,0,0.00,0.00,0,0
1544346724,3004-eth3,0.00,0.00,0.00,0,0,0.00,0.00,0.00,0,0,0.00,0.00,0,0
1544346724,2003-eth3,0.00,0.00,0.00,0,0,0.00,0.00,0.00,0,0,0.00,0.00,0,0
1544346724,2005-eth1,0.00,0.00,0.00,0,0,0.00,0.00,0.00,0,0,0.00,0.00,0,0
1544346724,3002-eth3,0.00,0.00,0.00,0,0,0.00,0.00,0.00,0,0,0.00,0.00,0,0
1544346724,3006-eth3,0.00,0.00,0.00,0,0,0.00,0.00,0.00,0,0,0.00,0.00,0,0
1544346724,2001-eth1,0.00,0.00,0.00,0,0,0.00,0.00,0.00,0,0,0.00,0.00,0,0
1544346724,3005-eth2,0.00,0.00,0.00,0,0,0.00,0.00,0.00,0,0,0.00,0.00,0,0
1544346724,2001-eth2,0.00,0.00,0.00,0,0,0.00,0.00,0.00,0,0,0.00,0.00,0,0
1544346724,3007-eth2,0.00,0.00,0.00,0,0,0.00,0.00,0.00,0,0,0.00,0.00,0,0
1544346724,1001-eth1,0.00,0.00,0.00,0,0,0.00,0.00,0.00,0,0,0.00,0.00,0,0
1544346724,3007-eth4,0.00,0.00,0.00,0,0,0.00,0.00,0.00,0,0,0.00,0.00,0,0
1544346724,2003-eth2,0.00,0.00,0.00,0,0,0.00,0.00,0.00,0,0,0.00,0.00,0,0
1544346724,3007-eth3,0.00,0.00,0.00,0,0,0.00,0.00,0.00,0,0,0.00,0.00,0,0
1544346724,1002-eth1,0.00,0.00,0.00,0,0,0.00,0.00,0.00,0,0,0.00,0.00,0,0
1544346724,2002-eth3,0.00,0.00,0.00,0,0,0.00,0.00,0.00,0,0,0.00,0.00,0,0
1544346724,2007-eth2,0.00,0.00,0.00,0,0,0.00,0.00,0.00,0,0,0.00,0.00,0,0
1544346724,total,0.00,0.00,0.00,0,0,0.00,0.00,0.00,0,0,0.00,0.00,0,0
1544346725,3003-eth3,1218984.12,583274.94,1802259.00,585608,1223860,619.52,621.51,1241.04,624,622,0.00,0.00,0,0
1544346725,2002-eth1,458998.03,23500.00,482498.03,23594,460834,224.10,250.00,474.10,251,225,0.00,0.00,0,0
1544346725,lo,8412.35,8412.35,16824.70,8446,8446,81.67,81.67,163.35,82,82,0.00,0.00,0,0
1544346725,3005-eth3,1220012.00,1223623.50,2443635.50,1228518,1224892,806.77,829.68,1636.45,833,810,0.00,0.00,0,0
1544346725,2005-eth3,0.00,0.00,0.00,0,0,0.00,0.00,0.00,0,0,0.00,0.00,0,0
1544346725,3004-eth4,1226199.25,1221245.00,2447444.25,1226130,1231104,944.22,945.22,1889.44,949,948,0.00,0.00,0,0
1544346725,1004-eth2,69.72,0.00,69.72,0,70,1.00,0.00,1.00,0,1,0.00,0.00,0,0
1544346725,2004-eth4,110725.10,1177394.50,1288119.50,1182104,111168,366.53,479.08,845.62,481,368,0.00,0.00,0,0
1544346725,1001-eth2,7223.11,7282.87,14505.98,7312,7252,73.71,74.70,148.41,75,74,0.00,0.00,0,0
1544346725,1003-eth3,464255.00,200637.45,664892.44,201440,466112,303.78,311.75,615.54,313,305,0.00,0.00,0,0
1544346725,2002-eth4,1220743.12,1224593.62,2445336.75,1229492,1225626,981.08,766.93,1748.01,770,985,0.00,0.00,0,0
1544346725,1001-eth4,0.00,0.00,0.00,0,0,0.00,0.00,0.00,0,0,0.00,0.00,0,0
1544346725,3001-eth2,1217753.00,765595.62,1983348.62,768658,1222624,641.43,542.83,1184.26,545,644,0.00,0.00,0,0
1544346725,1004-eth1,0.00,0.00,0.00,0,0,0.00,0.00,0.00,0,0,0.00,0.00,0,0
1544346725,3005-eth4,1187364.62,202912.36,1390276.88,203724,1192114,443.23,452.19,895.42,454,445,0.00,0.00,0,0
1544346725,1003-eth2,184762.95,562262.94,747025.94,564512,185502,177.29,302.79,480.08,304,178,0.00,0.00,0,0
1544346725,3008-eth1,0.00,0.00,0.00,0,0,0.00,0.00,0.00,0,0,0.00,0.00,0,0
1544346725,1002-eth3,11615.54,11615.54,23231.08,11662,11662,118.53,118.53,237.05,119,119,0.00,0.00,0,0
1544346725,2006-eth1,200543.83,464255.00,664798.81,466112,201346,310.76,303.78,614.54,305,312,0.00,0.00,0,0
1544346725,3003-eth1,9217.13,9235.06,18452.19,9272,9254,94.62,94.62,189.24,95,95,0.00,0.00,0,0
1544346725,2001-eth3,9370.52,9370.52,18741.04,9408,9408,95.62,95.62,191.24,96,96,0.00,0.00,0,0
1544346725,2008-eth2,0.00,0.00,0.00,0,0,0.00,0.00,0.00,0,0,0.00,0.00,0,0
1544346725,2008-eth3,1211547.88,1078800.88,2290348.75,1083116,1216394,765.94,786.85,1552.79,790,769,0.00,0.00,0,0
1544346725,1001-eth3,3611.55,3611.55,7223.11,3626,3626,36.85,36.85,73.71,37,37,0.00,0.00,0,0
1544346725,2007-eth4,0.00,0.00,0.00,0,0,0.00,0.00,0.00,0,0,0.00,0.00,0,0
1544346725,2004-eth2,0.00,69.72,69.72,70,0,0.00,1.00,1.00,1,0,0.00,0.00,0,0
1544346725,3002-eth1,9663.35,9663.35,19326.69,9702,9702,98.61,98.61,197.21,99,99,0.00,0.00,0,0
1544346725,3004-eth1,9402.39,9314.74,18717.13,9352,9440,96.61,95.62,192.23,96,97,0.00,0.00,0,0
1544346725,2006-eth3,1224685.25,215466.14,1440151.38,216328,1229584,549.80,480.08,1029.88,482,552,0.00,0.00,0,0
1544346725,3004-eth2,1174444.25,110725.10,1285169.38,111168,1179142,478.09,366.53,844.62,368,480,0.00,0.00,0,0
1544346725,3001-eth3,19165.34,474257.00,493422.31,476154,19242,244.02,255.98,500.00,257,245,0.00,0.00,0,0
1544346725,2003-eth4,9314.74,9402.39,18717.13,9440,9352,95.62,96.61,192.23,97,96,0.00,0.00,0,0
1544346725,2008-eth4,1223217.12,1219173.38,2442390.50,1224050,1228110,863.55,881.47,1745.02,885,867,0.00,0.00,0,0
1544346725,3008-eth3,790458.19,1218808.75,2009267.00,1223684,793620,635.46,679.28,1314.74,682,638,0.00,0.00,0,0
1544346725,2005-eth2,11615.54,11615.54,23231.08,11662,11662,118.53,118.53,237.05,119,119,0.00,0.00,0,0
1544346725,2006-eth4,15041.83,402808.78,417850.62,404420,15102,171.31,181.27,352.59,182,172,0.00,0.00,0,0
1544346725,3006-eth2,402808.78,15041.83,417850.62,15102,404420,181.27,171.31,352.59,172,182,0.00,0.00,0,0
1544346725,1003-eth4,557195.25,7685.26,564880.50,7716,559424,226.10,116.53,342.63,117,227,0.00,0.00,0,0
1544346725,2006-eth2,59.76,0.00,59.76,0,60,1.00,0.00,1.00,0,1,0.00,0.00,0,0
1544346725,3001-eth1,9370.52,9370.52,18741.04,9408,9408,95.62,95.62,191.24,96,96,0.00,0.00,0,0
1544346725,3008-eth2,1216223.12,1220267.00,2436490.00,1225148,1221088,880.48,862.55,1743.03,866,884,0.00,0.00,0,0
1544346725,2004-eth3,1221655.38,672988.06,1894643.50,675680,1226542,663.35,669.32,1332.67,672,666,0.00,0.00,0,0
1544346725,3001-eth4,755735.06,432741.06,1188476.12,434472,758758,393.43,394.42,787.85,396,395,0.00,0.00,0,0
1544346725,1003-eth1,23406.38,457490.06,480896.44,459320,23500,249.00,223.11,472.11,224,250,0.00,0.00,0,0
1544346725,3002-eth2,1223020.00,1217699.25,2440719.25,1222570,1227912,764.94,979.08,1744.02,983,768,0.00,0.00,0,0
1544346725,2005-eth4,15227.09,15227.09,30454.18,15288,15288,155.38,155.38,310.76,156,156,0.00,0.00,0,0
1544346725,3003-eth2,672988.06,1221655.38,1894643.50,1226542,675680,669.32,663.35,1332.67,666,672,0.00,0.00,0,0
1544346725,2007-eth1,0.00,0.00,0.00,0,0,0.00,0.00,0.00,0,0,0.00,0.00,0,0
1544346725,1002-eth4,0.00,59.94,59.94,60,0,0.00,1.00,1.00,1,0,0.00,0.00,0,0
1544346725,3002-eth4,1194585.50,1076371.62,2270957.00,1077448,1195780,697.30,747.25,1444.56,748,698,0.00,0.00,0,0
1544346725,2007-eth3,59.94,0.00,59.94,0,60,1.00,0.00,1.00,0,1,0.00,0.00,0,0
1544346725,3005-eth1,0.00,0.00,0.00,0,0,0.00,0.00,0.00,0,0,0.00,0.00,0,0
1544346725,2001-eth4,9594.41,9594.41,19188.81,9604,9604,97.90,97.90,195.80,98,98,0.00,0.00,0,0
1544346725,3003-eth4,13334.67,99226.77,112561.45,99326,13348,137.86,142.86,280.72,143,138,0.00,0.00,0,0
1544346725,2004-eth1,560989.00,185316.69,746305.69,185502,561550,302.70,177.82,480.52,178,303,0.00,0.00,0,0
1544346725,3006-eth4,20213.79,296989.03,317202.81,297286,20234,212.79,222.78,435.56,223,213,0.00,0.00,0,0
1544346725,3007-eth1,0.00,59.94,59.94,60,0,0.00,1.00,1.00,1,0,0.00,0.00,0,0
1544346725,2008-eth1,7708.29,555906.12,563614.38,556462,7716,116.88,225.77,342.66,226,117,0.00,0.00,0,0
1544346725,2002-eth2,0.00,0.00,0.00,0,0,0.00,0.00,0.00,0,0,0.00,0.00,0,0
1544346725,2003-eth1,7304.70,7244.76,14549.45,7252,7312,74.93,73.93,148.85,74,75,0.00,0.00,0,0
1544346725,3008-eth4,431096.91,128383.62,559480.56,128512,431528,227.77,191.81,419.58,192,228,0.00,0.00,0,0
1544346725,1004-eth4,0.00,0.00,0.00,0,0,0.00,0.00,0.00,0,0,0.00,0.00,0,0
1544346725,3006-eth1,15076.92,15076.92,30153.85,15092,15092,153.85,153.85,307.69,154,154,0.00,0.00,0,0
1544346725,1004-eth3,0.00,59.94,59.94,60,0,0.00,1.00,1.00,1,0,0.00,0.00,0,0
1544346725,1002-eth2,7598.40,7598.40,15196.80,7606,7606,77.92,77.92,155.84,78,78,0.00,0.00,0,0
1544346725,3004-eth3,53120.88,388791.22,441912.09,389180,53174,561.44,277.72,839.16,278,562,0.00,0.00,0,0
1544346725,2003-eth3,9262.74,9244.76,18507.49,9254,9272,94.91,94.91,189.81,95,95,0.00,0.00,0,0
1544346725,2005-eth1,3622.38,3622.38,7244.76,3626,3626,36.96,36.96,73.93,37,37,0.00,0.00,0,0
1544346725,3002-eth3,36357.64,594453.56,630811.19,595048,36394,382.62,389.61,772.23,390,383,0.00,0.00,0,0
1544346725,3006-eth3,13610.39,125824.18,139434.56,125950,13624,149.85,150.85,300.70,151,150,0.00,0.00,0,0
1544346725,2001-eth1,3622.38,3622.38,7244.76,3626,3626,36.96,36.96,73.93,37,37,0.00,0.00,0,0
1544346725,3005-eth2,216017.98,1225396.62,1441414.62,1226622,216234,480.52,550.45,1030.97,551,481,0.00,0.00,0,0
1544346725,2001-eth2,11356.64,11416.58,22773.23,11428,11368,115.88,116.88,232.77,117,116,0.00,0.00,0,0
1544346725,3007-eth2,1081902.12,1209260.75,2291163.00,1210470,1082984,787.21,766.23,1553.45,767,788,0.00,0.00,0,0
1544346725,1001-eth1,3622.38,3622.38,7244.76,3626,3626,36.96,36.96,73.93,37,37,0.00,0.00,0,0
1544346725,3007-eth4,1200895.12,891930.12,2092825.25,892822,1202096,683.32,714.29,1397.60,715,684,0.00,0.00,0,0
1544346725,2003-eth2,7598.40,7598.40,15196.80,7606,7606,77.92,77.92,155.84,78,78,0.00,0.00,0,0
1544346725,3007-eth3,8365.63,189972.03,198337.67,190162,8374,82.92,72.93,155.84,73,83,0.00,0.00,0,0
1544346725,1002-eth1,11416.58,11356.64,22773.23,11368,11428,116.88,115.88,232.77,116,117,0.00,0.00,0,0
1544346725,2002-eth3,767758.25,1215418.62,1983176.88,1216634,768526,542.46,640.36,1182.82,641,543,0.00,0.00,0,0
1544346725,2007-eth2,59.94,0.00,59.94,0,60,1.00,0.00,1.00,0,1,0.00,0.00,0,0
1544346725,total,26313864.00,26055648.00,52369512.00,26081702,26340178,21050.95,20918.08,41969.03,20939,21072,0.00,0.00,0,0
1544346726,3003-eth3,1207520.50,292795.22,1500315.75,293088,1208728,499.50,491.51,991.01,492,500,0.00,0.00,0,0
1544346726,2002-eth1,679738.25,32679.32,712417.62,32712,680418,304.70,347.65,652.35,348,305,0.00,0.00,0,0
1544346726,lo,64419.58,64419.58,128839.16,64484,64484,287.71,287.71,575.42,288,288,0.00,0.00,0,0
1544346726,3005-eth3,1221059.00,1211444.62,2432503.50,1212656,1222280,923.08,945.05,1868.13,946,924,0.00,0.00,0,0
1544346726,2005-eth3,41.96,41.96,83.92,42,42,1.00,1.00,2.00,1,1,0.00,0.00,0,0
1544346726,3004-eth4,1216681.38,1215582.50,2432263.75,1216798,1217898,1010.99,802.20,1813.19,803,1012,0.00,0.00,0,0
1544346726,1004-eth2,0.00,59.94,59.94,60,0,0.00,1.00,1.00,1,0,0.00,0.00,0,0
1544346726,2004-eth4,155898.11,1190547.50,1346445.62,1191738,156054,389.61,506.49,896.10,507,390,0.00,0.00,0,0
1544346726,1001-eth2,7832.17,7832.17,15664.34,7840,7840,79.92,79.92,159.84,80,80,0.00,0.00,0,0
1544346726,1003-eth3,684419.62,626263.75,1310683.38,626890,685104,375.62,552.45,928.07,553,376,0.00,0.00,0,0
1544346726,2002-eth4,1212775.25,1219468.62,2432243.75,1220688,1213988,693.31,969.03,1662.34,970,694,0.00,0.00,0,0
1544346726,1001-eth4,0.00,0.00,0.00,0,0,0.00,0.00,0.00,0,0,0.00,0.00,0,0
1544346726,3001-eth2,1217826.25,539696.31,1757522.50,540236,1219044,501.50,664.34,1165.83,665,502,0.00,0.00,0,0
1544346726,1004-eth1,0.00,59.94,59.94,60,0,0.00,1.00,1.00,1,0,0.00,0.00,0,0
1544346726,3005-eth4,1172397.62,618903.12,1791300.75,619522,1173570,536.46,588.41,1124.88,589,537,0.00,0.00,0,0
1544346726,1003-eth2,601760.25,271186.81,872947.06,271458,602362,328.67,163.84,492.51,164,329,0.00,0.00,0,0
1544346726,3008-eth1,59.94,0.00,59.94,0,60,1.00,0.00,1.00,0,1,0.00,0.00,0,0
1544346726,1002-eth3,11650.35,11650.35,23300.70,11662,11662,118.88,118.88,237.76,119,119,0.00,0.00,0,0
1544346726,2006-eth1,626263.75,684419.62,1310683.38,685104,626890,552.45,375.62,928.07,376,553,0.00,0.00,0,0
1544346726,3003-eth1,9636.36,9678.32,19314.69,9688,9646,98.90,99.90,198.80,100,99,0.00,0.00,0,0
1544346726,2001-eth3,9850.15,9790.21,19640.36,9800,9860,100.90,99.90,200.80,100,101,0.00,0.00,0,0
1544346726,2008-eth2,59.94,0.00,59.94,0,60,1.00,0.00,1.00,0,1,0.00,0.00,0,0
1544346726,2008-eth3,1207986.00,761926.12,1969912.12,762688,1209194,659.34,651.35,1310.69,652,660,0.00,0.00,0,0
1544346726,1001-eth3,3916.08,3916.08,7832.17,3920,3920,39.96,39.96,79.92,40,40,0.00,0.00,0,0
1544346726,2007-eth4,0.00,59.94,59.94,60,0,0.00,1.00,1.00,1,0,0.00,0.00,0,0
1544346726,2004-eth2,59.94,0.00,59.94,0,60,1.00,0.00,1.00,0,1,0.00,0.00,0,0
1544346726,3002-eth1,9692.31,9752.25,19444.56,9762,9702,98.90,99.90,198.80,100,99,0.00,0.00,0,0
1544346726,3004-eth1,9678.32,9636.36,19314.69,9646,9688,99.90,98.90,198.80,99,100,0.00,0.00,0,0
1544346726,2006-eth3,1226875.12,641474.56,1868349.75,642116,1228102,726.27,747.25,1473.53,748,727,0.00,0.00,0,0
1544346726,3004-eth2,1190547.50,155898.11,1346445.62,156054,1191738,506.49,389.61,896.10,390,507,0.00,0.00,0,0
1544346726,3001-eth3,18731.27,319310.69,338041.97,319630,18750,214.79,230.77,445.55,231,215,0.00,0.00,0,0
1544346726,2003-eth4,9636.36,9678.32,19314.69,9688,9646,98.90,99.90,198.80,100,99,0.00,0.00,0,0
1544346726,2008-eth4,1216088.00,1216101.88,2432190.00,1217318,1217304,738.26,782.22,1520.48,783,739,0.00,0.00,0,0
1544346726,3008-eth3,583768.25,1217780.25,1801548.50,1218998,584352,494.51,610.39,1104.90,611,495,0.00,0.00,0,0
1544346726,2005-eth2,11650.35,11650.35,23300.70,11662,11662,118.88,118.88,237.76,119,119,0.00,0.00,0,0
1544346726,2006-eth4,15210.79,403552.47,418763.25,403956,15226,194.81,196.80,391.61,197,195,0.00,0.00,0,0
1544346726,3006-eth2,403552.47,15210.79,418763.25,15226,403956,196.80,194.81,391.61,195,197,0.00,0.00,0,0
1544346726,1003-eth4,266445.56,8175.82,274621.38,8184,266712,91.91,123.88,215.78,124,92,0.00,0.00,0,0
1544346726,2006-eth2,0.00,0.00,0.00,0,0,0.00,0.00,0.00,0,0,0.00,0.00,0,0
1544346726,3001-eth1,9790.21,9850.15,19640.36,9860,9800,99.90,100.90,200.80,101,100,0.00,0.00,0,0
1544346726,3008-eth2,1216101.88,1216088.00,2432190.00,1217304,1217318,782.22,738.26,1520.48,739,783,0.00,0.00,0,0
1544346726,2004-eth3,1212131.88,427030.97,1639162.88,427458,1213344,547.45,552.45,1099.90,553,548,0.00,0.00,0,0
1544346726,3001-eth4,530695.31,941422.62,1472117.88,942364,531226,548.45,543.46,1091.91,544,549,0.00,0.00,0,0
1544346726,1003-eth1,32679.32,679738.25,712417.62,680418,32712,347.65,304.70,652.35,305,348,0.00,0.00,0,0
1544346726,3002-eth2,1219468.62,1212775.25,2432243.75,1213988,1220688,969.03,693.31,1662.34,694,970,0.00,0.00,0,0
1544346726,2005-eth4,15608.39,15668.33,31276.72,15684,15624,159.84,160.84,320.68,161,160,0.00,0.00,0,0
1544346726,3003-eth2,427030.97,1212131.88,1639162.88,1213344,427458,552.45,547.45,1099.90,548,553,0.00,0.00,0,0
1544346726,2007-eth1,0.00,0.00,0.00,0,0,0.00,0.00,0.00,0,0,0.00,0.00,0,0
1544346726,1002-eth4,0.00,0.00,0.00,0,0,0.00,0.00,0.00,0,0,0.00,0.00,0,0
1544346726,3002-eth4,1189674.38,232403.61,1422078.00,232636,1190864,447.55,473.53,921.08,474,448,0.00,0.00,0,0
1544346726,2007-eth3,0.00,0.00,0.00,0,0,0.00,0.00,0.00,0,0,0.00,0.00,0,0
1544346726,3005-eth1,41.96,41.96,83.92,42,42,1.00,1.00,2.00,1,1,0.00,0.00,0,0
1544346726,2001-eth4,9752.25,9692.31,19444.56,9702,9762,99.90,98.90,198.80,99,100,0.00,0.00,0,0
1544346726,3003-eth4,14289.71,143872.12,158161.84,144016,14304,147.85,159.84,307.69,160,148,0.00,0.00,0,0
1544346726,2004-eth1,271186.81,601760.25,872947.06,602362,271458,163.84,328.67,492.51,329,164,0.00,0.00,0,0
1544346726,3006-eth4,9846.15,11204.80,21050.95,11216,9856,100.90,99.90,200.80,100,101,0.00,0.00,0,0
1544346726,3007-eth1,0.00,0.00,0.00,0,0,0.00,0.00,0.00,0,0,0.00,0.00,0,0
1544346726,2008-eth1,8175.82,266445.56,274621.38,266712,8184,123.88,91.91,215.78,92,124,0.00,0.00,0,0
1544346726,2002-eth2,59.94,0.00,59.94,0,60,1.00,0.00,1.00,0,1,0.00,0.00,0,0
1544346726,2003-eth1,7832.17,7832.17,15664.34,7840,7840,79.92,79.92,159.84,80,80,0.00,0.00,0,0
1544346726,3008-eth4,632313.69,14241.76,646555.44,14256,632946,243.76,215.78,459.54,216,244,0.00,0.00,0,0
1544346726,1004-eth4,0.00,59.94,59.94,60,0,0.00,1.00,1.00,1,0,0.00,0.00,0,0
1544346726,3006-eth1,15668.33,15608.39,31276.72,15624,15684,160.84,159.84,320.68,160,161,0.00,0.00,0,0
1544346726,1004-eth3,0.00,0.00,0.00,0,0,0.00,0.00,0.00,0,0,0.00,0.00,0,0
1544346726,1002-eth2,7636.36,7636.36,15272.73,7644,7644,77.92,77.92,155.84,78,78,0.00,0.00,0,0
1544346726,3004-eth3,34545.46,672989.00,707534.50,673662,34580,391.61,198.80,590.41,199,392,0.00,0.00,0,0
1544346726,2003-eth3,9678.32,9636.36,19314.69,9646,9688,99.90,98.90,198.80,99,100,0.00,0.00,0,0
1544346726,2005-eth1,3916.08,3916.08,7832.17,3920,3920,39.96,39.96,79.92,40,40,0.00,0.00,0,0
1544346726,3002-eth3,32793.21,585926.06,618719.31,586512,32826,344.66,347.65,692.31,348,345,0.00,0.00,0,0
1544346726,3006-eth3,25008.99,411812.19,436821.19,412224,25034,295.70,295.70,591.41,296,296,0.00,0.00,0,0
1544346726,2001-eth1,3916.08,3916.08,7832.17,3920,3920,39.96,39.96,79.92,40,40,0.00,0.00,0,0
1544346726,3005-eth2,641474.56,1226875.12,1868349.75,1228102,642116,747.25,726.27,1473.53,727,748,0.00,0.00,0,0
1544346726,2001-eth2,11710.29,11650.35,23360.64,11662,11722,119.88,118.88,238.76,119,120,0.00,0.00,0,0
1544346726,3007-eth2,761926.12,1207986.00,1969912.12,1209194,762688,651.35,659.34,1310.69,660,652,0.00,0.00,0,0
1544346726,1001-eth1,3916.08,3916.08,7832.17,3920,3920,39.96,39.96,79.92,40,40,0.00,0.00,0,0
1544346726,3007-eth4,1088509.50,759222.81,1847732.38,759982,1089598,602.40,610.39,1212.79,611,603,0.00,0.00,0,0
1544346726,2003-eth2,7636.36,7636.36,15272.73,7644,7644,77.92,77.92,155.84,78,78,0.00,0.00,0,0
1544346726,3007-eth3,119416.59,2703.30,122119.88,2706,119536,55.94,40.96,96.90,41,56,0.00,0.00,0,0
1544346726,1002-eth1,11650.35,11710.29,23360.64,11722,11662,118.88,119.88,238.76,120,119,0.00,0.00,0,0
1544346726,2002-eth3,539696.31,1217826.25,1757522.50,1219044,540236,664.34,501.50,1165.83,502,665,0.00,0.00,0,0
1544346726,2007-eth2,0.00,0.00,0.00,0,0,0.00,0.00,0.00,0,0,0.00,0.00,0,0
1544346726,total,26399508.00,25953870.00,52353376.00,25979824,26425906,21030.97,20827.17,41858.14,20848,21052,0.00,0.00,0,0
1544346727,3003-eth3,1215128.88,353644.38,1568773.25,353998,1216344,526.47,514.49,1040.96,515,527,0.00,0.00,0,0
1544346727,2002-eth1,629300.69,32021.98,661322.69,32054,629930,307.69,340.66,648.35,341,308,0.00,0.00,0,0
1544346727,lo,7626.37,7626.37,15252.75,7634,7634,74.93,74.93,149.85,75,75,0.00,0.00,0,0
1544346727,3005-eth3,1227286.75,1220088.00,2447374.75,1221308,1228514,952.05,971.03,1923.08,972,953,0.00,0.00,0,0
1544346727,2005-eth3,59.94,59.94,119.88,60,60,1.00,1.00,2.00,1,1,0.00,0.00,0,0
1544346727,3004-eth4,1211128.88,1219192.88,2430321.75,1220412,1212340,553.45,689.31,1242.76,690,554,0.00,0.00,0,0
1544346727,1004-eth2,0.00,0.00,0.00,0,0,0.00,0.00,0.00,0,0,0.00,0.00,0,0
1544346727,2004-eth4,217446.56,1206137.88,1423584.50,1207344,217664,379.62,491.51,871.13,492,380,0.00,0.00,0,0
1544346727,1001-eth2,7832.17,7832.17,15664.34,7840,7840,79.92,79.92,159.84,80,80,0.00,0.00,0,0
1544346727,1003-eth3,635702.31,445038.97,1080741.25,445484,636338,404.60,483.52,888.11,484,405,0.00,0.00,0,0
1544346727,2002-eth4,1219664.38,1193262.75,2412927.25,1194456,1220884,1081.92,791.21,1873.13,792,1083,0.00,0.00,0,0
1544346727,1001-eth4,59.94,0.00,59.94,0,60,1.00,0.00,1.00,0,1,0.00,0.00,0,0
1544346727,3001-eth2,1219712.38,564115.88,1783828.25,564680,1220932,749.25,485.51,1234.77,486,750,0.00,0.00,0,0
1544346727,1004-eth1,0.00,0.00,0.00,0,0,0.00,0.00,0.00,0,0,0.00,0.00,0,0
1544346727,3005-eth4,1175474.50,438533.47,1614008.00,438972,1176650,495.50,529.47,1024.98,530,496,0.00,0.00,0,0
1544346727,1003-eth2,422379.62,333600.41,755980.06,333934,422802,284.72,210.79,495.50,211,285,0.00,0.00,0,0
1544346727,3008-eth1,0.00,0.00,0.00,0,0,0.00,0.00,0.00,0,0,0.00,0.00,0,0
1544346727,1002-eth3,11356.64,11416.58,22773.23,11428,11368,115.88,116.88,232.77,117,116,0.00,0.00,0,0
1544346727,2006-eth1,445038.97,635702.31,1080741.25,636338,445484,483.52,404.60,888.11,405,484,0.00,0.00,0,0
1544346727,3003-eth1,9752.25,9692.31,19444.56,9702,9762,99.90,98.90,198.80,99,100,0.00,0.00,0,0
1544346727,2001-eth3,9594.41,9654.35,19248.75,9664,9604,97.90,98.90,196.80,99,98,0.00,0.00,0,0
1544346727,2008-eth2,0.00,0.00,0.00,0,0,0.00,0.00,0.00,0,0,0.00,0.00,0,0
1544346727,2008-eth3,1205956.12,827025.00,2032981.12,827852,1207162,672.33,673.33,1345.65,674,673,0.00,0.00,0,0
1544346727,1001-eth3,3976.02,3976.02,7952.05,3980,3980,40.96,40.96,81.92,41,41,0.00,0.00,0,0
1544346727,2007-eth4,0.00,0.00,0.00,0,0,0.00,0.00,0.00,0,0,0.00,0.00,0,0
1544346727,2004-eth2,0.00,0.00,0.00,0,0,0.00,0.00,0.00,0,0,0.00,0.00,0,0
1544346727,3002-eth1,9692.31,9692.31,19384.62,9702,9702,98.90,98.90,197.80,99,99,0.00,0.00,0,0
1544346727,3004-eth1,9790.21,9850.15,19640.36,9860,9800,99.90,100.90,200.80,101,100,0.00,0.00,0,0
1544346727,2006-eth3,1227446.62,463844.16,1691290.75,464308,1228674,647.35,712.29,1359.64,713,648,0.00,0.00,0,0
1544346727,3004-eth2,1206137.88,217446.56,1423584.50,217664,1207344,491.51,379.62,871.13,380,492,0.00,0.00,0,0
1544346727,3001-eth3,22331.67,286041.97,308373.62,286328,22354,233.77,231.77,465.53,232,234,0.00,0.00,0,0
1544346727,2003-eth4,9850.15,9790.21,19640.36,9800,9860,100.90,99.90,200.80,100,101,0.00,0.00,0,0
1544346727,2008-eth4,1223087.00,1215378.62,2438465.50,1216594,1224310,866.13,815.18,1681.32,816,867,0.00,0.00,0,0
1544346727,3008-eth3,899228.81,1221348.62,2120577.50,1222570,900128,715.28,708.29,1423.58,709,716,0.00,0.00,0,0
1544346727,2005-eth2,11416.58,11356.64,22773.23,11368,11428,116.88,115.88,232.77,116,117,0.00,0.00,0,0
1544346727,2006-eth4,18745.26,521458.56,540203.81,521980,18764,227.77,229.77,457.54,230,228,0.00,0.00,0,0
1544346727,3006-eth2,521458.56,18745.26,540203.81,18764,521980,229.77,227.77,457.54,228,230,0.00,0.00,0,0
1544346727,1003-eth4,327138.88,9362.64,336501.50,9372,327466,112.89,141.86,254.75,142,113,0.00,0.00,0,0
1544346727,2006-eth2,0.00,0.00,0.00,0,0,0.00,0.00,0.00,0,0,0.00,0.00,0,0
1544346727,3001-eth1,9654.35,9594.41,19248.75,9604,9664,98.90,97.90,196.80,98,99,0.00,0.00,0,0
1544346727,3008-eth2,1215378.62,1223087.00,2438465.50,1224310,1216594,815.18,866.13,1681.32,867,816,0.00,0.00,0,0
1544346727,2004-eth3,1219858.12,551041.00,1770899.12,551592,1221078,576.42,590.41,1166.83,591,577,0.00,0.00,0,0
1544346727,3001-eth4,551498.50,350785.22,902283.75,351136,552050,351.65,339.66,691.31,340,352,0.00,0.00,0,0
1544346727,1003-eth1,32021.98,629300.69,661322.69,629930,32054,340.66,307.69,648.35,308,341,0.00,0.00,0,0
1544346727,3002-eth2,1193262.75,1219664.38,2412927.25,1220884,1194456,791.21,1081.92,1873.13,1083,792,0.00,0.00,0,0
1544346727,2005-eth4,15332.67,15272.73,30605.39,15288,15348,156.84,155.84,312.69,156,157,0.00,0.00,0,0
1544346727,3003-eth2,551041.00,1219858.12,1770899.12,1221078,551592,590.41,576.42,1166.83,577,591,0.00,0.00,0,0
1544346727,2007-eth1,0.00,59.94,59.94,60,0,0.00,1.00,1.00,1,0,0.00,0.00,0,0
1544346727,1002-eth4,0.00,0.00,0.00,0,0,0.00,0.00,0.00,0,0,0.00,0.00,0,0
1544346727,3002-eth4,1181694.38,888621.38,2070315.75,889510,1182876,677.32,692.31,1369.63,693,678,0.00,0.00,0,0
1544346727,2007-eth3,0.00,0.00,0.00,0,0,0.00,0.00,0.00,0,0,0.00,0.00,0,0
1544346727,3005-eth1,59.94,59.94,119.88,60,60,1.00,1.00,2.00,1,1,0.00,0.00,0,0
1544346727,2001-eth4,9692.31,9692.31,19384.62,9702,9702,98.90,98.90,197.80,99,99,0.00,0.00,0,0
1544346727,3003-eth4,14541.46,207028.98,221570.44,207236,14556,150.85,173.83,324.68,174,151,0.00,0.00,0,0
1544346727,2004-eth1,333600.41,422379.62,755980.06,422802,333934,210.79,284.72,495.50,285,211,0.00,0.00,0,0
1544346727,3006-eth4,20573.43,313066.94,333640.38,313380,20594,222.78,225.77,448.55,226,223,0.00,0.00,0,0
1544346727,3007-eth1,0.00,0.00,0.00,0,0,0.00,0.00,0.00,0,0,0.00,0.00,0,0
1544346727,2008-eth1,9362.64,327138.88,336501.50,327466,9372,141.86,112.89,254.75,113,142,0.00,0.00,0,0
1544346727,2002-eth2,0.00,0.00,0.00,0,0,0.00,0.00,0.00,0,0,0.00,0.00,0,0
1544346727,2003-eth1,7832.17,7832.17,15664.34,7840,7840,79.92,79.92,159.84,80,80,0.00,0.00,0,0
1544346727,3008-eth4,323924.09,152047.95,475972.03,152200,324248,151.85,155.84,307.69,156,152,0.00,0.00,0,0
1544346727,1004-eth4,0.00,0.00,0.00,0,0,0.00,0.00,0.00,0,0,0.00,0.00,0,0
1544346727,3006-eth1,15272.73,15332.67,30605.39,15348,15288,155.84,156.84,312.69,157,156,0.00,0.00,0,0
1544346727,1004-eth3,0.00,0.00,0.00,0,0,0.00,0.00,0.00,0,0,0.00,0.00,0,0
1544346727,1002-eth2,7734.27,7734.27,15468.53,7742,7742,78.92,78.92,157.84,79,79,0.00,0.00,0,0
1544346727,3004-eth3,22845.16,1214561.50,1237406.62,1215776,22868,297.70,403.60,701.30,404,298,0.00,0.00,0,0
1544346727,2003-eth3,9692.31,9752.25,19444.56,9762,9702,98.90,99.90,198.80,100,99,0.00,0.00,0,0
1544346727,2005-eth1,3976.02,3976.02,7952.05,3980,3980,40.96,40.96,81.92,41,41,0.00,0.00,0,0
1544346727,3002-eth3,47536.46,842257.75,889794.25,843100,47584,501.50,505.49,1006.99,506,502,0.00,0.00,0,0
1544346727,3006-eth3,17164.84,227384.62,244549.45,227612,17182,198.80,197.80,396.60,198,199,0.00,0.00,0,0
1544346727,2001-eth1,3916.08,3976.02,7892.11,3980,3920,39.96,40.96,80.92,41,40,0.00,0.00,0,0
1544346727,3005-eth2,463844.16,1227446.62,1691290.75,1228674,464308,712.29,647.35,1359.64,648,713,0.00,0.00,0,0
1544346727,2001-eth2,11454.55,11454.55,22909.09,11466,11466,116.88,116.88,233.77,117,117,0.00,0.00,0,0
1544346727,3007-eth2,827025.00,1205956.12,2032981.12,1207162,827852,673.33,672.33,1345.65,673,674,0.00,0.00,0,0
1544346727,1001-eth1,3976.02,3916.08,7892.11,3920,3980,40.96,39.96,80.92,40,41,0.00,0.00,0,0
1544346727,3007-eth4,1201208.88,628439.56,1829648.38,629068,1202410,600.40,601.40,1201.80,602,601,0.00,0.00,0,0
1544346727,2003-eth2,7734.27,7734.27,15468.53,7742,7742,78.92,78.92,157.84,79,79,0.00,0.00,0,0
1544346727,3007-eth3,4747.25,198651.36,203398.61,198850,4752,71.93,72.93,144.86,73,72,0.00,0.00,0,0
1544346727,1002-eth1,11454.55,11454.55,22909.09,11466,11466,116.88,116.88,233.77,117,117,0.00,0.00,0,0
1544346727,2002-eth3,564115.88,1219712.38,1783828.25,1220932,564680,485.51,749.25,1234.77,750,486,0.00,0.00,0,0
1544346727,2007-eth2,0.00,0.00,0.00,0,0,0.00,0.00,0.00,0,0,0.00,0.00,0,0
1544346727,total,26273828.00,26899210.00,53173036.00,26926108,26300102,21109.89,21421.58,42531.47,21443,21131,0.00,0.00,0,0
1544346728,3003-eth3,1214273.75,374000.00,1588273.75,374374,1215488,491.51,532.47,1023.98,533,492,0.00,0.00,0,0
1544346728,2002-eth1,447156.84,22303.70,469460.56,22326,447604,221.78,291.71,513.49,292,222,0.00,0.00,0,0
1544346728,lo,7162.84,7162.84,14325.67,7170,7170,69.93,69.93,139.86,70,70,0.00,0.00,0,0
1544346728,3005-eth3,1229670.38,1221928.12,2451598.50,1223150,1230900,944.06,824.18,1768.23,825,945,0.00,0.00,0,0
1544346728,2005-eth3,0.00,0.00,0.00,0,0,0.00,0.00,0.00,0,0,0.00,0.00,0,0
1544346728,3004-eth4,1222179.88,837058.94,2059238.88,837896,1223402,660.34,759.24,1419.58,760,661,0.00,0.00,0,0
1544346728,1004-eth2,59.94,0.00,59.94,0,60,1.00,0.00,1.00,0,1,0.00,0.00,0,0
1544346728,2004-eth4,254085.92,813322.69,1067408.62,814136,254340,397.60,399.60,797.20,400,398,0.00,0.00,0,0
1544346728,1001-eth2,7402.60,7342.66,14745.25,7350,7410,75.92,74.93,150.85,75,76,0.00,0.00,0,0
1544346728,1003-eth3,456997.00,414481.53,871478.56,414896,457454,332.67,425.57,758.24,426,333,0.00,0.00,0,0
1544346728,2002-eth4,1227348.62,1223930.12,2451278.75,1225154,1228576,915.08,760.24,1675.32,761,916,0.00,0.00,0,0
1544346728,1001-eth4,0.00,59.94,59.94,60,0,0.00,1.00,1.00,1,0,0.00,0.00,0,0
1544346728,3001-eth2,1232551.50,776773.25,2009324.75,777550,1233784,812.19,538.46,1350.65,539,813,0.00,0.00,0,0
1544346728,1004-eth1,59.94,0.00,59.94,0,60,1.00,0.00,1.00,0,1,0.00,0.00,0,0
1544346728,3005-eth4,1197442.62,418149.88,1615592.50,418568,1198640,499.50,527.47,1026.97,528,500,0.00,0.00,0,0
1544346728,1003-eth2,398303.72,345856.16,744159.88,346202,398702,226.77,226.77,453.55,227,227,0.00,0.00,0,0
1544346728,3008-eth1,0.00,59.94,59.94,60,0,0.00,1.00,1.00,1,0,0.00,0.00,0,0
1544346728,1002-eth3,11318.68,11258.74,22577.42,11270,11330,115.88,114.89,230.77,115,116,0.00,0.00,0,0
1544346728,2006-eth1,414481.53,456997.00,871478.56,457454,414896,425.57,332.67,758.24,333,426,0.00,0.00,0,0
1544346728,3003-eth1,9300.70,9300.70,18601.40,9310,9310,94.91,94.91,189.81,95,95,0.00,0.00,0,0
1544346728,2001-eth3,9202.80,9202.80,18405.60,9212,9212,93.91,93.91,187.81,94,94,0.00,0.00,0,0
1544346728,2008-eth2,0.00,59.94,59.94,60,0,0.00,1.00,1.00,1,0,0.00,0.00,0,0
1544346728,2008-eth3,1213057.00,834449.56,2047506.50,835284,1214270,670.33,676.32,1346.65,677,671,0.00,0.00,0,0
1544346728,1001-eth3,3720.28,3720.28,7440.56,3724,3724,37.96,37.96,75.92,38,38,0.00,0.00,0,0
1544346728,2007-eth4,59.94,0.00,59.94,0,60,1.00,0.00,1.00,0,1,0.00,0.00,0,0
1544346728,2004-eth2,0.00,59.94,59.94,60,0,0.00,1.00,1.00,1,0,0.00,0.00,0,0
1544346728,3002-eth1,9262.74,9202.80,18465.54,9212,9272,94.91,93.91,188.81,94,95,0.00,0.00,0,0
1544346728,3004-eth1,9790.21,9790.21,19580.42,9800,9800,99.90,99.90,199.80,100,100,0.00,0.00,0,0
1544346728,2006-eth3,1231598.38,422525.50,1654123.88,422948,1232830,666.33,547.45,1213.79,548,667,0.00,0.00,0,0
1544346728,3004-eth2,813322.69,254085.92,1067408.62,254340,814136,399.60,397.60,797.20,398,400,0.00,0.00,0,0
1544346728,3001-eth3,18029.97,236723.28,254753.25,236960,18048,187.81,187.81,375.62,188,188,0.00,0.00,0,0
1544346728,2003-eth4,9790.21,9790.21,19580.42,9800,9800,99.90,99.90,199.80,100,100,0.00,0.00,0,0
1544346728,2008-eth4,1219200.88,1219122.88,2438323.75,1220342,1220420,829.17,762.24,1591.41,763,830,0.00,0.00,0,0
1544346728,3008-eth3,669738.25,1218967.12,1888705.38,1220186,670408,635.36,628.37,1263.74,629,636,0.00,0.00,0,0
1544346728,2005-eth2,11258.74,11318.68,22577.42,11330,11270,114.89,115.88,230.77,116,115,0.00,0.00,0,0
1544346728,2006-eth4,8043.96,452931.09,460975.03,453384,8052,121.88,155.84,277.72,156,122,0.00,0.00,0,0
1544346728,3006-eth2,452931.09,8043.96,460975.03,8052,453384,155.84,121.88,277.72,122,156,0.00,0.00,0,0
1544346728,1003-eth4,336016.00,6065.93,342081.94,6072,336352,115.88,91.91,207.79,92,116,0.00,0.00,0,0
1544346728,2006-eth2,0.00,59.94,59.94,60,0,0.00,1.00,1.00,1,0,0.00,0.00,0,0
1544346728,3001-eth1,9202.80,9202.80,18405.60,9212,9212,93.91,93.91,187.81,94,94,0.00,0.00,0,0
1544346728,3008-eth2,1219122.88,1219200.88,2438323.75,1220420,1220342,762.24,829.17,1591.41,830,763,0.00,0.00,0,0
1544346728,2004-eth3,1221786.25,599942.06,1821728.38,600542,1223008,571.43,624.38,1195.80,625,572,0.00,0.00,0,0
1544346728,3001-eth4,767946.06,430493.53,1198439.62,430924,768714,444.56,429.57,874.13,430,445,0.00,0.00,0,0
1544346728,1003-eth1,22303.70,447156.84,469460.56,447604,22326,291.71,221.78,513.49,222,292,0.00,0.00,0,0
1544346728,3002-eth2,1223930.12,1227348.62,2451278.75,1228576,1225154,760.24,915.08,1675.32,916,761,0.00,0.00,0,0
1544346728,2005-eth4,14979.02,14979.02,29958.04,14994,14994,152.85,152.85,305.69,153,153,0.00,0.00,0,0
1544346728,3003-eth2,599942.06,1221786.25,1821728.38,1223008,600542,624.38,571.43,1195.80,572,625,0.00,0.00,0,0
1544346728,2007-eth1,59.94,0.00,59.94,0,60,1.00,0.00,1.00,0,1,0.00,0.00,0,0
1544346728,1002-eth4,59.94,0.00,59.94,0,60,1.00,0.00,1.00,0,1,0.00,0.00,0,0
1544346728,3002-eth4,1202471.50,523434.59,1725906.12,523958,1203674,641.36,662.34,1303.70,663,642,0.00,0.00,0,0
1544346728,2007-eth3,0.00,59.94,59.94,60,0,0.00,1.00,1.00,1,0,0.00,0.00,0,0
1544346728,3005-eth1,0.00,0.00,0.00,0,0,0.00,0.00,0.00,0,0,0.00,0.00,0,0
1544346728,2001-eth4,9202.80,9262.74,18465.54,9272,9212,93.91,94.91,188.81,95,94,0.00,0.00,0,0
1544346728,3003-eth4,16813.19,235242.77,252055.95,235478,16830,174.83,186.81,361.64,187,175,0.00,0.00,0,0
1544346728,2004-eth1,345856.16,398303.72,744159.88,398702,346202,226.77,226.77,453.55,227,227,0.00,0.00,0,0
1544346728,3006-eth4,9496.50,9496.50,18993.01,9506,9506,96.90,96.90,193.81,97,97,0.00,0.00,0,0
1544346728,3007-eth1,59.94,0.00,59.94,0,60,1.00,0.00,1.00,0,1,0.00,0.00,0,0
1544346728,2008-eth1,6065.93,336016.00,342081.94,336352,6072,91.91,115.88,207.79,116,92,0.00,0.00,0,0
1544346728,2002-eth2,0.00,59.94,59.94,60,0,0.00,1.00,1.00,1,0,0.00,0.00,0,0
1544346728,2003-eth1,7342.66,7402.60,14745.25,7410,7350,74.93,75.92,150.85,76,75,0.00,0.00,0,0
1544346728,3008-eth4,549462.56,12461.54,561924.06,12474,550012,193.81,188.81,382.62,189,194,0.00,0.00,0,0
1544346728,1004-eth4,59.94,0.00,59.94,0,60,1.00,0.00,1.00,0,1,0.00,0.00,0,0
1544346728,3006-eth1,14979.02,14979.02,29958.04,14994,14994,152.85,152.85,305.69,153,153,0.00,0.00,0,0
1544346728,1004-eth3,59.94,0.00,59.94,0,60,1.00,0.00,1.00,0,1,0.00,0.00,0,0
1544346728,1002-eth2,7832.17,7832.17,15664.34,7840,7840,79.92,79.92,159.84,80,80,0.00,0.00,0,0
1544346728,3004-eth3,33526.47,1220631.38,1254157.88,1221852,33560,459.54,517.48,977.02,518,460,0.00,0.00,0,0
1544346728,2003-eth3,9300.70,9300.70,18601.40,9310,9310,94.91,94.91,189.81,95,95,0.00,0.00,0,0
1544346728,2005-eth1,3720.28,3720.28,7440.56,3724,3724,37.96,37.96,75.92,38,38,0.00,0.00,0,0
1544346728,3002-eth3,34265.73,572817.19,607082.94,573390,34300,370.63,370.63,741.26,371,371,0.00,0.00,0,0
1544346728,3006-eth3,17246.75,462133.88,479380.62,462596,17264,215.78,249.75,465.53,250,216,0.00,0.00,0,0
1544346728,2001-eth1,3682.32,3622.38,7304.70,3626,3686,37.96,36.96,74.93,37,38,0.00,0.00,0,0
1544346728,3005-eth2,422525.50,1231598.38,1654123.88,1232830,422948,547.45,666.33,1213.79,667,548,0.00,0.00,0,0
1544346728,2001-eth2,11258.74,11258.74,22517.48,11270,11270,114.89,114.89,229.77,115,115,0.00,0.00,0,0
1544346728,3007-eth2,834449.56,1213057.00,2047506.50,1214270,835284,676.32,670.33,1346.65,671,677,0.00,0.00,0,0
1544346728,1001-eth1,3622.38,3682.32,7304.70,3686,3626,36.96,37.96,74.93,38,37,0.00,0.00,0,0
1544346728,3007-eth4,1068058.00,831092.94,1899150.88,831924,1069126,621.38,625.37,1246.75,626,622,0.00,0.00,0,0
1544346728,2003-eth2,7832.17,7832.17,15664.34,7840,7840,79.92,79.92,159.84,80,80,0.00,0.00,0,0
1544346728,3007-eth3,145118.89,3230.77,148349.66,3234,145264,50.95,48.95,99.90,49,51,0.00,0.00,0,0
1544346728,1002-eth1,11258.74,11258.74,22517.48,11270,11270,114.89,114.89,229.77,115,115,0.00,0.00,0,0
1544346728,2002-eth3,776773.25,1232551.50,2009324.75,1233784,777550,538.46,812.19,1350.65,813,539,0.00,0.00,0,0
1544346728,2007-eth2,0.00,59.94,59.94,60,0,0.00,1.00,1.00,1,0,0.00,0.00,0,0
1544346728,total,25976494.00,25188616.00,51165108.00,25213804,26002470,20141.86,20289.71,40431.57,20310,20162,0.00,0.00,0,0
1544346729,3003-eth3,1207242.75,525870.12,1733112.88,526396,1208450,516.48,581.42,1097.90,582,517,0.00,0.00,0,0
1544346729,2002-eth1,727078.94,11472.53,738551.44,11484,727806,298.70,173.83,472.53,174,299,0.00,0.00,0,0
1544346729,lo,65148.85,65148.85,130297.70,65214,65214,299.70,299.70,599.40,300,300,0.00,0.00,0,0
1544346729,3005-eth3,1218034.00,1210187.88,2428221.75,1211398,1219252,921.08,802.20,1723.28,803,922,0.00,0.00,0,0
1544346729,2005-eth3,0.00,0.00,0.00,0,0,0.00,0.00,0.00,0,0,0.00,0.00,0,0
1544346729,3004-eth4,1211984.00,708345.69,1920329.75,709054,1213196,692.31,694.31,1386.61,695,693,0.00,0.00,0,0
1544346729,1004-eth2,0.00,0.00,0.00,0,0,0.00,0.00,0.00,0,0,0.00,0.00,0,0
1544346729,2004-eth4,174029.97,685526.50,859556.44,686212,174204,423.58,348.65,772.23,349,424,0.00,0.00,0,0
1544346729,1001-eth2,7832.17,7892.11,15724.28,7900,7840,79.92,80.92,160.84,81,80,0.00,0.00,0,0
1544346729,1003-eth3,732115.88,367218.78,1099334.75,367586,732848,352.65,347.65,700.30,348,353,0.00,0.00,0,0
1544346729,2002-eth4,1219466.62,1215852.12,2435318.75,1217068,1220686,1205.79,1004.00,2209.79,1005,1207,0.00,0.00,0,0
1544346729,1001-eth4,0.00,0.00,0.00,0,0,0.00,0.00,0.00,0,0,0.00,0.00,0,0
1544346729,3001-eth2,1216493.50,488713.31,1705206.88,489202,1217710,766.23,704.30,1470.53,705,767,0.00,0.00,0,0
1544346729,1004-eth1,0.00,0.00,0.00,0,0,0.00,0.00,0.00,0,0,0.00,0.00,0,0
1544346729,3005-eth4,1193656.38,381466.53,1575122.88,381848,1194850,548.45,563.44,1111.89,564,549,0.00,0.00,0,0
1544346729,1003-eth2,363130.88,491970.03,855100.94,492462,363494,285.71,220.78,506.49,221,286,0.00,0.00,0,0
1544346729,3008-eth1,0.00,0.00,0.00,0,0,0.00,0.00,0.00,0,0,0.00,0.00,0,0
1544346729,1002-eth3,11650.35,11650.35,23300.70,11662,11662,118.88,118.88,237.76,119,119,0.00,0.00,0,0
1544346729,2006-eth1,367218.78,732115.88,1099334.75,732848,367586,347.65,352.65,700.30,353,348,0.00,0.00,0,0
1544346729,3003-eth1,9692.31,9752.25,19444.56,9762,9702,98.90,99.90,198.80,100,99,0.00,0.00,0,0
1544346729,2001-eth3,9790.21,9790.21,19580.42,9800,9800,99.90,99.90,199.80,100,100,0.00,0.00,0,0
1544346729,2008-eth2,0.00,0.00,0.00,0,0,0.00,0.00,0.00,0,0,0.00,0.00,0,0
1544346729,2008-eth3,1199844.25,890281.75,2090125.88,891172,1201044,689.31,689.31,1378.62,690,690,0.00,0.00,0,0
1544346729,1001-eth3,3916.08,3916.08,7832.17,3920,3920,39.96,39.96,79.92,40,40,0.00,0.00,0,0
1544346729,2007-eth4,0.00,0.00,0.00,0,0,0.00,0.00,0.00,0,0,0.00,0.00,0,0
1544346729,2004-eth2,0.00,0.00,0.00,0,0,0.00,0.00,0.00,0,0,0.00,0.00,0,0
1544346729,3002-eth1,9790.21,9790.21,19580.42,9800,9800,99.90,99.90,199.80,100,100,0.00,0.00,0,0
1544346729,3004-eth1,9850.15,9790.21,19640.36,9800,9860,100.90,99.90,200.80,100,101,0.00,0.00,0,0
1544346729,2006-eth3,1218135.88,381730.28,1599866.12,382112,1219354,656.34,567.43,1223.78,568,657,0.00,0.00,0,0
1544346729,3004-eth2,685526.50,174029.97,859556.44,174204,686212,348.65,423.58,772.23,424,349,0.00,0.00,0,0
1544346729,3001-eth3,27726.28,408811.19,436537.47,409220,27754,290.71,293.71,584.42,294,291,0.00,0.00,0,0
1544346729,2003-eth4,9790.21,9850.15,19640.36,9860,9800,99.90,100.90,200.80,101,100,0.00,0.00,0,0
1544346729,2008-eth4,1208217.88,1207294.75,2415512.50,1208502,1209426,816.18,802.20,1618.38,803,817,0.00,0.00,0,0
1544346729,3008-eth3,867458.56,1211548.50,2079007.00,1212760,868326,650.35,691.31,1341.66,692,651,0.00,0.00,0,0
1544346729,2005-eth2,11650.35,11650.35,23300.70,11662,11662,118.88,118.88,237.76,119,119,0.00,0.00,0,0
1544346729,2006-eth4,14565.43,693206.81,707772.25,693900,14580,220.78,245.75,466.53,246,221,0.00,0.00,0,0
1544346729,3006-eth2,693206.81,14565.43,707772.25,14580,693900,245.75,220.78,466.53,221,246,0.00,0.00,0,0
1544346729,1003-eth4,487052.97,7444.56,494497.53,7452,487540,168.83,112.89,281.72,113,169,0.00,0.00,0,0
1544346729,2006-eth2,0.00,0.00,0.00,0,0,0.00,0.00,0.00,0,0,0.00,0.00,0,0
1544346729,3001-eth1,9790.21,9790.21,19580.42,9800,9800,99.90,99.90,199.80,100,100,0.00,0.00,0,0
1544346729,3008-eth2,1207294.75,1208217.88,2415512.50,1209426,1208502,802.20,816.18,1618.38,817,803,0.00,0.00,0,0
1544346729,2004-eth3,1212725.25,666000.00,1878725.38,666666,1213938,579.42,644.36,1223.78,645,580,0.00,0.00,0,0
1544346729,3001-eth4,470777.25,644257.75,1115035.00,644902,471248,513.49,446.55,960.04,447,514,0.00,0.00,0,0
1544346729,1003-eth1,11472.53,727078.94,738551.44,727806,11484,173.83,298.70,472.53,299,174,0.00,0.00,0,0
1544346729,3002-eth2,1215852.12,1219466.62,2435318.75,1220686,1217068,1004.00,1205.79,2209.79,1207,1005,0.00,0.00,0,0
1544346729,2005-eth4,15566.43,15566.43,31132.87,15582,15582,158.84,158.84,317.68,159,159,0.00,0.00,0,0
1544346729,3003-eth2,666000.00,1212725.25,1878725.38,1213938,666666,644.36,579.42,1223.78,580,645,0.00,0.00,0,0
1544346729,2007-eth1,0.00,0.00,0.00,0,0,0.00,0.00,0.00,0,0,0.00,0.00,0,0
1544346729,1002-eth4,0.00,59.94,59.94,60,0,0.00,1.00,1.00,1,0,0.00,0.00,0,0
1544346729,3002-eth4,1203180.88,1137430.62,2340611.50,1138568,1204384,959.04,901.10,1860.14,902,960,0.00,0.00,0,0
1544346729,2007-eth3,59.94,0.00,59.94,0,60,1.00,0.00,1.00,0,1,0.00,0.00,0,0
1544346729,3005-eth1,0.00,0.00,0.00,0,0,0.00,0.00,0.00,0,0,0.00,0.00,0,0
1544346729,2001-eth4,9790.21,9790.21,19580.42,9800,9800,99.90,99.90,199.80,100,100,0.00,0.00,0,0
1544346729,3003-eth4,15114.89,149822.19,164937.06,149972,15130,160.84,161.84,322.68,162,161,0.00,0.00,0,0
1544346729,2004-eth1,491970.03,363130.88,855100.94,363494,492462,220.78,285.71,506.49,286,221,0.00,0.00,0,0
1544346729,3006-eth4,18263.74,375760.25,394024.00,376136,18282,228.77,231.77,460.54,232,229,0.00,0.00,0,0
1544346729,3007-eth1,0.00,59.94,59.94,60,0,0.00,1.00,1.00,1,0,0.00,0.00,0,0
1544346729,2008-eth1,7444.56,487052.97,494497.53,487540,7452,112.89,168.83,281.72,169,113,0.00,0.00,0,0
1544346729,2002-eth2,0.00,0.00,0.00,0,0,0.00,0.00,0.00,0,0,0.00,0.00,0,0
1544346729,2003-eth1,7892.11,7832.17,15724.28,7840,7900,80.92,79.92,160.84,80,81,0.00,0.00,0,0
1544346729,3008-eth4,340759.25,162701.30,503460.56,162864,341100,165.83,163.84,329.67,164,166,0.00,0.00,0,0
1544346729,1004-eth4,0.00,0.00,0.00,0,0,0.00,0.00,0.00,0,0,0.00,0.00,0,0
1544346729,3006-eth1,15566.43,15566.43,31132.87,15582,15582,158.84,158.84,317.68,159,159,0.00,0.00,0,0
1544346729,1004-eth3,0.00,0.00,0.00,0,0,0.00,0.00,0.00,0,0,0.00,0.00,0,0
1544346729,1002-eth2,7794.21,7794.21,15588.41,7802,7802,79.92,79.92,159.84,80,80,0.00,0.00,0,0
1544346729,3004-eth3,32663.34,1214713.38,1247376.62,1215928,32696,446.55,515.48,962.04,516,447,0.00,0.00,0,0
1544346729,2003-eth3,9752.25,9692.31,19444.56,9702,9762,99.90,98.90,198.80,99,100,0.00,0.00,0,0
1544346729,2005-eth1,3916.08,3916.08,7832.17,3920,3920,39.96,39.96,79.92,40,40,0.00,0.00,0,0
1544346729,3002-eth3,26075.92,849106.94,875182.81,849956,26102,346.65,389.61,736.26,390,347,0.00,0.00,0,0
1544346729,3006-eth3,15724.28,336929.09,352653.34,337266,15740,189.81,212.79,402.60,213,190,0.00,0.00,0,0
1544346729,2001-eth1,3916.08,3916.08,7832.17,3920,3920,39.96,39.96,79.92,40,40,0.00,0.00,0,0
1544346729,3005-eth2,381730.28,1218135.88,1599866.12,1219354,382112,567.43,656.34,1223.78,657,568,0.00,0.00,0,0
1544346729,2001-eth2,11748.25,11808.19,23556.44,11820,11760,119.88,120.88,240.76,121,120,0.00,0.00,0,0
1544346729,3007-eth2,890281.75,1199844.25,2090125.88,1201044,891172,689.31,689.31,1378.62,690,690,0.00,0.00,0,0
1544346729,1001-eth1,3916.08,3916.08,7832.17,3920,3920,39.96,39.96,79.92,40,40,0.00,0.00,0,0
1544346729,3007-eth4,1195031.00,685844.19,1880875.12,686530,1196226,616.38,616.38,1232.77,617,617,0.00,0.00,0,0
1544346729,2003-eth2,7794.21,7794.21,15588.41,7802,7802,79.92,79.92,159.84,80,80,0.00,0.00,0,0
1544346729,3007-eth3,4813.19,204437.56,209250.75,204642,4818,72.93,72.93,145.85,73,73,0.00,0.00,0,0
1544346729,1002-eth1,11808.19,11748.25,23556.44,11760,11820,120.88,119.88,240.76,120,121,0.00,0.00,0,0
1544346729,2002-eth3,488713.31,1216493.50,1705206.88,1217710,489202,704.30,766.23,1470.53,767,705,0.00,0.00,0,0
1544346729,2007-eth2,59.94,0.00,59.94,0,60,1.00,0.00,1.00,0,1,0.00,0.00,0,0
1544346729,total,26196556.00,27355284.00,53551840.00,27382638,26222752,22021.98,22040.96,44062.94,22063,22044,0.00,0.00,0,0
1544346730,3003-eth3,1213246.75,472265.75,1685512.50,472738,1214460,629.37,666.33,1295.70,667,630,0.00,0.00,0,0
1544346730,2002-eth1,466279.72,13252.75,479532.47,13266,466746,160.84,200.80,361.64,201,161,0.00,0.00,0,0
1544346730,lo,6957.04,6957.04,13914.09,6964,6964,67.93,67.93,135.86,68,68,0.00,0.00,0,0
1544346730,3005-eth3,1221384.62,1214565.50,2435950.00,1215780,1222606,906.09,781.22,1687.31,782,907,0.00,0.00,0,0
1544346730,2005-eth3,41.96,41.96,83.92,42,42,1.00,1.00,2.00,1,1,0.00,0.00,0,0
1544346730,3004-eth4,1220369.62,1009047.00,2229416.75,1010056,1221590,754.25,779.22,1533.47,780,755,0.00,0.00,0,0
1544346730,1004-eth2,0.00,59.94,59.94,60,0,0.00,1.00,1.00,1,0,0.00,0.00,0,0
1544346730,2004-eth4,189620.39,986233.81,1175854.12,987220,189810,409.59,433.57,843.16,434,410,0.00,0.00,0,0
1544346730,1001-eth2,7734.27,7734.27,15468.53,7742,7742,78.92,78.92,157.84,79,79,0.00,0.00,0,0
1544346730,1003-eth3,484121.91,95978.02,580099.94,96074,484606,350.65,248.75,599.40,249,351,0.00,0.00,0,0
1544346730,2002-eth4,1223362.62,1216655.38,2440018.00,1217872,1224586,936.06,723.28,1659.34,724,937,0.00,0.00,0,0
1544346730,1001-eth4,0.00,0.00,0.00,0,0,0.00,0.00,0.00,0,0,0.00,0.00,0,0
1544346730,3001-eth2,1125772.25,750435.56,1876207.88,751186,1126898,860.14,563.44,1423.58,564,861,0.00,0.00,0,0
1544346730,1004-eth1,0.00,0.00,0.00,0,0,0.00,0.00,0.00,0,0,0.00,0.00,0,0
1544346730,3005-eth4,1196092.00,108703.30,1304795.25,108812,1197288,443.56,441.56,885.11,442,444,0.00,0.00,0,0
1544346730,1003-eth2,89120.88,441242.78,530363.62,441684,89210,144.86,336.66,481.52,337,145,0.00,0.00,0,0
1544346730,3008-eth1,59.94,0.00,59.94,0,60,1.00,0.00,1.00,0,1,0.00,0.00,0,0
1544346730,1002-eth3,11552.45,11552.45,23104.90,11564,11564,117.88,117.88,235.76,118,118,0.00,0.00,0,0
1544346730,2006-eth1,95978.02,484121.91,580099.94,484606,96074,248.75,350.65,599.40,351,249,0.00,0.00,0,0
1544346730,3003-eth1,9594.41,9594.41,19188.81,9604,9604,97.90,97.90,195.80,98,98,0.00,0.00,0,0
1544346730,2001-eth3,9752.25,9692.31,19444.56,9702,9762,99.90,98.90,198.80,99,100,0.00,0.00,0,0
1544346730,2008-eth2,59.94,0.00,59.94,0,60,1.00,0.00,1.00,0,1,0.00,0.00,0,0
1544346730,2008-eth3,1207656.38,783954.06,1991610.50,784738,1208864,654.35,656.34,1310.69,657,655,0.00,0.00,0,0
1544346730,1001-eth3,3916.08,3916.08,7832.17,3920,3920,39.96,39.96,79.92,40,40,0.00,0.00,0,0
1544346730,2007-eth4,0.00,59.94,59.94,60,0,0.00,1.00,1.00,1,0,0.00,0.00,0,0
1544346730,2004-eth2,59.94,0.00,59.94,0,60,1.00,0.00,1.00,0,1,0.00,0.00,0,0
1544346730,3002-eth1,9692.31,9752.25,19444.56,9762,9702,98.90,99.90,198.80,100,99,0.00,0.00,0,0
1544346730,3004-eth1,9790.21,9790.21,19580.42,9800,9800,99.90,99.90,199.80,100,100,0.00,0.00,0,0
1544346730,2006-eth3,1218579.50,107120.88,1325700.38,107228,1219798,477.52,417.58,895.10,418,478,0.00,0.00,0,0
1544346730,3004-eth2,986233.81,189620.39,1175854.12,189810,987220,433.57,409.59,843.16,410,434,0.00,0.00,0,0
1544346730,3001-eth3,20491.51,285084.94,305576.44,285370,20512,213.79,216.78,430.57,217,214,0.00,0.00,0,0
1544346730,2003-eth4,9790.21,9790.21,19580.42,9800,9800,99.90,99.90,199.80,100,100,0.00,0.00,0,0
1544346730,2008-eth4,1215702.38,1213926.12,2429628.50,1215140,1216918,754.25,749.25,1503.50,750,755,0.00,0.00,0,0
1544346730,3008-eth3,570229.81,1068773.25,1639003.00,1069842,570800,530.47,544.46,1074.93,545,531,0.00,0.00,0,0
1544346730,2005-eth2,11552.45,11552.45,23104.90,11564,11564,117.88,117.88,235.76,118,118,0.00,0.00,0,0
1544346730,2006-eth4,11208.79,574377.62,585586.44,574952,11220,169.83,198.80,368.63,199,170,0.00,0.00,0,0
1544346730,3006-eth2,574377.62,11208.79,585586.44,11220,574952,198.80,169.83,368.63,170,199,0.00,0.00,0,0
1544346730,1003-eth4,423340.66,6395.60,429736.28,6402,423764,145.85,96.90,242.76,97,146,0.00,0.00,0,0
1544346730,2006-eth2,59.94,0.00,59.94,0,60,1.00,0.00,1.00,0,1,0.00,0.00,0,0
1544346730,3001-eth1,9692.31,9752.25,19444.56,9762,9702,98.90,99.90,198.80,100,99,0.00,0.00,0,0
1544346730,3008-eth2,1213926.12,1215702.38,2429628.50,1216918,1215140,749.25,754.25,1503.50,755,750,0.00,0.00,0,0
1544346730,2004-eth3,1218521.50,630743.25,1849264.75,631374,1219740,709.29,744.26,1453.55,745,710,0.00,0.00,0,0
1544346730,3001-eth4,739576.44,471590.44,1211166.88,472062,740316,447.55,438.56,886.11,439,448,0.00,0.00,0,0
1544346730,1003-eth1,13252.75,466279.72,479532.47,466746,13266,200.80,160.84,361.64,161,201,0.00,0.00,0,0
1544346730,3002-eth2,1216655.38,1223362.62,2440018.00,1224586,1217872,723.28,936.06,1659.34,937,724,0.00,0.00,0,0
1544346730,2005-eth4,15510.49,15570.43,31080.92,15586,15526,158.84,159.84,318.68,160,159,0.00,0.00,0,0
1544346730,3003-eth2,630743.25,1218521.50,1849264.75,1219740,631374,744.26,709.29,1453.55,710,745,0.00,0.00,0,0
1544346730,2007-eth1,0.00,0.00,0.00,0,0,0.00,0.00,0.00,0,0,0.00,0.00,0,0
1544346730,1002-eth4,0.00,0.00,0.00,0,0,0.00,0.00,0.00,0,0,0.00,0.00,0,0
1544346730,3002-eth4,1213077.00,921380.62,2134457.50,922302,1214290,780.22,742.26,1522.48,743,781,0.00,0.00,0,0
1544346730,2007-eth3,0.00,0.00,0.00,0,0,0.00,0.00,0.00,0,0,0.00,0.00,0,0
1544346730,3005-eth1,41.96,41.96,83.92,42,42,1.00,1.00,2.00,1,1,0.00,0.00,0,0
1544346730,2001-eth4,9752.25,9692.31,19444.56,9702,9762,99.90,98.90,198.80,99,100,0.00,0.00,0,0
1544346730,3003-eth4,14803.20,168071.94,182875.12,168240,14818,176.82,175.82,352.65,176,177,0.00,0.00,0,0
1544346730,2004-eth1,441242.78,89120.88,530363.62,89210,441684,336.66,144.86,481.52,145,337,0.00,0.00,0,0
1544346730,3006-eth4,10653.35,59842.16,70495.51,59902,10664,114.89,114.89,229.77,115,115,0.00,0.00,0,0
1544346730,3007-eth1,0.00,0.00,0.00,0,0,0.00,0.00,0.00,0,0,0.00,0.00,0,0
1544346730,2008-eth1,6395.60,423340.66,429736.28,423764,6402,96.90,145.85,242.76,146,97,0.00,0.00,0,0
1544346730,2002-eth2,0.00,0.00,0.00,0,0,0.00,0.00,0.00,0,0,0.00,0.00,0,0
1544346730,2003-eth1,7734.27,7734.27,15468.53,7742,7742,78.92,78.92,157.84,79,79,0.00,0.00,0,0
1544346730,3008-eth4,645592.44,14439.56,660032.00,14454,646238,225.77,218.78,444.56,219,226,0.00,0.00,0,0
1544346730,1004-eth4,0.00,59.94,59.94,60,0,0.00,1.00,1.00,1,0,0.00,0.00,0,0
1544346730,3006-eth1,15570.43,15510.49,31080.92,15526,15586,159.84,158.84,318.68,159,160,0.00,0.00,0,0
1544346730,1004-eth3,0.00,59.94,59.94,60,0,0.00,1.00,1.00,1,0,0.00,0.00,0,0
1544346730,1002-eth2,7734.27,7734.27,15468.53,7742,7742,78.92,78.92,157.84,79,79,0.00,0.00,0,0
1544346730,3004-eth3,32669.33,1214713.38,1247382.62,1215928,32702,446.55,515.48,962.04,516,447,0.00,0.00,0,0
1544346730,2003-eth3,9594.41,9594.41,19188.81,9604,9604,97.90,97.90,195.80,98,98,0.00,0.00,0,0
1544346730,2005-eth1,3916.08,3916.08,7832.17,3920,3920,39.96,39.96,79.92,40,40,0.00,0.00,0,0
1544346730,3002-eth3,19978.02,591440.56,611418.62,592032,19998,254.75,299.70,554.45,300,255,0.00,0.00,0,0
1544346730,3006-eth3,19906.09,533706.31,553612.38,534240,19926,253.75,279.72,533.47,280,254,0.00,0.00,0,0
1544346730,2001-eth1,3818.18,3818.18,7636.36,3822,3822,38.96,38.96,77.92,39,39,0.00,0.00,0,0
1544346730,3005-eth2,107120.88,1218579.50,1325700.38,1219798,107228,417.58,477.52,895.10,478,418,0.00,0.00,0,0
1544346730,2001-eth2,11710.29,11650.35,23360.64,11662,11722,119.88,118.88,238.76,119,120,0.00,0.00,0,0
1544346730,3007-eth2,783954.06,1207656.38,1991610.50,1208864,784738,656.34,654.35,1310.69,655,657,0.00,0.00,0,0
1544346730,1001-eth1,3818.18,3818.18,7636.36,3822,3822,38.96,38.96,77.92,39,39,0.00,0.00,0,0
1544346730,3007-eth4,1052213.88,780525.50,1832739.25,781306,1053266,600.40,604.40,1204.80,605,601,0.00,0.00,0,0
1544346730,2003-eth2,7734.27,7734.27,15468.53,7742,7742,78.92,78.92,157.84,79,79,0.00,0.00,0,0
1544346730,3007-eth3,155382.62,3428.57,158811.19,3432,155538,52.95,51.95,104.90,52,53,0.00,0.00,0,0
1544346730,1002-eth1,11650.35,11710.29,23360.64,11722,11662,118.88,119.88,238.76,120,119,0.00,0.00,0,0
1544346730,2002-eth3,750435.56,1125772.25,1876207.88,1126898,751186,563.44,860.14,1423.58,861,564,0.00,0.00,0,0
1544346730,2007-eth2,0.00,0.00,0.00,0,0,0.00,0.00,0.00,0,0,0.00,0.00,0,0
1544346730,total,25248160.00,24820072.00,50068232.00,24844892,25273408,20107.89,20147.85,40255.75,20168,20128,0.00,0.00,0,0
1544346731,3003-eth3,1216459.62,485756.25,1702215.88,486242,1217676,612.39,642.36,1254.75,643,613,0.00,0.00,0,0
1544346731,2002-eth1,478175.84,10945.06,489120.91,10956,478654,165.83,165.83,331.67,166,166,0.00,0.00,0,0
1544346731,lo,7574.43,7574.43,15148.85,7582,7582,73.93,73.93,147.85,74,74,0.00,0.00,0,0
1544346731,3005-eth3,1217462.62,1216831.25,2434293.75,1218048,1218680,803.20,815.18,1618.38,816,804,0.00,0.00,0,0
1544346731,2005-eth3,59.94,0.00,59.94,0,60,1.00,0.00,1.00,0,1,0.00,0.00,0,0
1544346731,3004-eth4,1220143.88,679352.69,1899496.50,680032,1221364,719.28,715.28,1434.57,716,720,0.00,0.00,0,0
1544346731,1004-eth2,0.00,0.00,0.00,0,0,0.00,0.00,0.00,0,0,0.00,0.00,0,0
1544346731,2004-eth4,170449.56,655880.12,826329.69,656536,170620,429.57,359.64,789.21,360,430,0.00,0.00,0,0
1544346731,1001-eth2,7734.27,7636.36,15370.63,7644,7742,78.92,77.92,156.84,78,79,0.00,0.00,0,0
1544346731,1003-eth3,489102.91,606577.44,1095680.38,607184,489592,281.72,423.58,705.29,424,282,0.00,0.00,0,0
1544346731,2002-eth4,1222849.12,1217954.12,2440803.25,1219172,1224072,1037.96,791.21,1829.17,792,1039,0.00,0.00,0,0
1544346731,1001-eth4,59.94,0.00,59.94,0,60,1.00,0.00,1.00,0,1,0.00,0.00,0,0
1544346731,3001-eth2,888421.62,739838.19,1628259.75,740578,889310,617.38,626.37,1243.76,627,618,0.00,0.00,0,0
1544346731,1004-eth1,0.00,59.94,59.94,60,0,0.00,1.00,1.00,1,0,0.00,0.00,0,0
1544346731,3005-eth4,1211316.75,621544.50,1832861.25,622166,1212528,636.36,650.35,1286.71,651,637,0.00,0.00,0,0
1544346731,1003-eth2,606445.56,450635.38,1057081.00,451086,607052,421.58,268.73,690.31,269,422,0.00,0.00,0,0
1544346731,3008-eth1,0.00,0.00,0.00,0,0,0.00,0.00,0.00,0,0,0.00,0.00,0,0
1544346731,1002-eth3,11454.55,11514.49,22969.03,11526,11466,116.88,117.88,234.77,118,117,0.00,0.00,0,0
1544346731,2006-eth1,606577.44,489102.91,1095680.38,489592,607184,423.58,281.72,705.29,282,424,0.00,0.00,0,0
1544346731,3003-eth1,9692.31,9692.31,19384.62,9702,9702,98.90,98.90,197.80,99,99,0.00,0.00,0,0
1544346731,2001-eth3,9594.41,9654.35,19248.75,9664,9604,97.90,98.90,196.80,99,98,0.00,0.00,0,0
1544346731,2008-eth2,0.00,0.00,0.00,0,0,0.00,0.00,0.00,0,0,0.00,0.00,0,0
1544346731,2008-eth3,1206945.12,888901.12,2095846.25,889790,1208152,687.31,690.31,1377.62,691,688,0.00,0.00,0,0
1544346731,1001-eth3,3780.22,3878.12,7658.34,3882,3784,38.96,39.96,78.92,40,39,0.00,0.00,0,0
1544346731,2007-eth4,0.00,0.00,0.00,0,0,0.00,0.00,0.00,0,0,0.00,0.00,0,0
1544346731,2004-eth2,0.00,0.00,0.00,0,0,0.00,0.00,0.00,0,0,0.00,0.00,0,0
1544346731,3002-eth1,9692.31,9692.31,19384.62,9702,9702,98.90,98.90,197.80,99,99,0.00,0.00,0,0
1544346731,3004-eth1,9692.31,9850.15,19542.46,9860,9702,98.90,100.90,199.80,101,99,0.00,0.00,0,0
1544346731,2006-eth3,1214281.75,622395.62,1836677.38,623018,1215496,637.36,663.34,1300.70,664,638,0.00,0.00,0,0
1544346731,3004-eth2,655880.12,170449.56,826329.69,170620,656536,359.64,429.57,789.21,430,360,0.00,0.00,0,0
1544346731,3001-eth3,21308.69,371590.41,392899.12,371962,21330,247.75,256.74,504.50,257,248,0.00,0.00,0,0
1544346731,2003-eth4,9850.15,9692.31,19542.46,9702,9860,100.90,98.90,199.80,99,101,0.00,0.00,0,0
1544346731,2008-eth4,1221033.00,1217818.25,2438851.25,1219036,1222254,813.19,852.15,1665.33,853,814,0.00,0.00,0,0
1544346731,3008-eth3,780855.19,1182939.12,1963794.25,1184122,781636,609.39,652.35,1261.74,653,610,0.00,0.00,0,0
1544346731,2005-eth2,11514.49,11454.55,22969.03,11466,11526,117.88,116.88,234.77,117,118,0.00,0.00,0,0
1544346731,2006-eth4,15692.31,753636.38,769328.69,754390,15708,237.76,262.74,500.50,263,238,0.00,0.00,0,0
1544346731,3006-eth2,753636.38,15692.31,769328.69,15708,754390,262.74,237.76,500.50,238,263,0.00,0.00,0,0
1544346731,1003-eth4,439648.38,10813.19,450461.56,10824,440088,151.85,163.84,315.68,164,152,0.00,0.00,0,0
1544346731,2006-eth2,0.00,0.00,0.00,0,0,0.00,0.00,0.00,0,0,0.00,0.00,0,0
1544346731,3001-eth1,9654.35,9594.41,19248.75,9604,9664,98.90,97.90,196.80,98,99,0.00,0.00,0,0
1544346731,3008-eth2,1217818.25,1221033.00,2438851.25,1222254,1219036,852.15,813.19,1665.33,814,853,0.00,0.00,0,0
1544346731,2004-eth3,1223512.50,621144.88,1844657.38,621766,1224736,675.32,699.30,1374.63,700,676,0.00,0.00,0,0
1544346731,3001-eth4,728243.75,523406.59,1251650.38,523930,728972,478.52,456.54,935.06,457,479,0.00,0.00,0,0
1544346731,1003-eth1,10945.06,478175.84,489120.91,478654,10956,165.83,165.83,331.67,166,166,0.00,0.00,0,0
1544346731,3002-eth2,1217954.12,1222849.12,2440803.25,1224072,1219172,791.21,1037.96,1829.17,1039,792,0.00,0.00,0,0
1544346731,2005-eth4,15234.77,15272.73,30507.49,15288,15250,155.84,155.84,311.69,156,156,0.00,0.00,0,0
1544346731,3003-eth2,621144.88,1223512.50,1844657.38,1224736,621766,699.30,675.32,1374.63,676,700,0.00,0.00,0,0
1544346731,2007-eth1,0.00,59.94,59.94,60,0,0.00,1.00,1.00,1,0,0.00,0.00,0,0
1544346731,1002-eth4,0.00,0.00,0.00,0,0,0.00,0.00,0.00,0,0,0.00,0.00,0,0
1544346731,3002-eth4,1208151.88,947946.06,2156098.00,948894,1209360,815.18,686.31,1501.50,687,816,0.00,0.00,0,0
1544346731,2007-eth3,0.00,0.00,0.00,0,0,0.00,0.00,0.00,0,0,0.00,0.00,0,0
1544346731,3005-eth1,0.00,59.94,59.94,60,0,0.00,1.00,1.00,1,0,0.00,0.00,0,0
1544346731,2001-eth4,9692.31,9692.31,19384.62,9702,9702,98.90,98.90,197.80,99,99,0.00,0.00,0,0
1544346731,3003-eth4,13906.09,145020.98,158927.08,145166,13920,162.84,154.85,317.68,155,163,0.00,0.00,0,0
1544346731,2004-eth1,450635.38,606445.56,1057081.00,607052,451086,268.73,421.58,690.31,422,269,0.00,0.00,0,0
1544346731,3006-eth4,17210.79,360505.50,377716.28,360866,17228,213.79,220.78,434.57,221,214,0.00,0.00,0,0
1544346731,3007-eth1,0.00,0.00,0.00,0,0,0.00,0.00,0.00,0,0,0.00,0.00,0,0
1544346731,2008-eth1,10813.19,439648.38,450461.56,440088,10824,163.84,151.85,315.68,152,164,0.00,0.00,0,0
1544346731,2002-eth2,59.94,0.00,59.94,0,60,1.00,0.00,1.00,0,1,0.00,0.00,0,0
1544346731,2003-eth1,7636.36,7734.27,15370.63,7742,7644,77.92,78.92,156.84,79,78,0.00,0.00,0,0
1544346731,3008-eth4,440117.91,178291.72,618409.62,178470,440558,202.80,202.80,405.59,203,203,0.00,0.00,0,0
1544346731,1004-eth4,0.00,0.00,0.00,0,0,0.00,0.00,0.00,0,0,0.00,0.00,0,0
1544346731,3006-eth1,15272.73,15234.77,30507.49,15250,15288,155.84,155.84,311.69,156,156,0.00,0.00,0,0
1544346731,1004-eth3,0.00,0.00,0.00,0,0,0.00,0.00,0.00,0,0,0.00,0.00,0,0
1544346731,1002-eth2,7832.17,7832.17,15664.34,7840,7840,79.92,79.92,159.84,80,80,0.00,0.00,0,0
1544346731,3004-eth3,33262.74,1205738.25,1239001.00,1206944,33296,455.54,511.49,967.03,512,456,0.00,0.00,0,0
1544346731,2003-eth3,9692.31,9692.31,19384.62,9702,9702,98.90,98.90,197.80,99,99,0.00,0.00,0,0
1544346731,2005-eth1,3878.12,3780.22,7658.34,3784,3882,39.96,38.96,78.92,39,40,0.00,0.00,0,0
1544346731,3002-eth3,24329.67,774967.06,799296.75,775742,24354,320.68,362.64,683.32,363,321,0.00,0.00,0,0
1544346731,3006-eth3,17376.62,412123.88,429500.50,412536,17394,216.78,235.76,452.55,236,217,0.00,0.00,0,0
1544346731,2001-eth1,3916.08,3976.02,7892.11,3980,3920,39.96,40.96,80.92,41,40,0.00,0.00,0,0
1544346731,3005-eth2,622395.62,1214281.75,1836677.38,1215496,623018,663.34,637.36,1300.70,638,664,0.00,0.00,0,0
1544346731,2001-eth2,11454.55,11454.55,22909.09,11466,11466,116.88,116.88,233.77,117,117,0.00,0.00,0,0
1544346731,3007-eth2,888901.12,1206945.12,2095846.25,1208152,889790,690.31,687.31,1377.62,688,691,0.00,0.00,0,0
1544346731,1001-eth1,3976.02,3916.08,7892.11,3920,3980,40.96,39.96,80.92,40,41,0.00,0.00,0,0
1544346731,3007-eth4,1202131.88,657964.06,1860096.00,658622,1203334,614.39,610.39,1224.78,611,615,0.00,0.00,0,0
1544346731,2003-eth2,7832.17,7832.17,15664.34,7840,7840,79.92,79.92,159.84,80,80,0.00,0.00,0,0
1544346731,3007-eth3,4813.19,231003.00,235816.19,231234,4818,72.93,80.92,153.85,81,73,0.00,0.00,0,0
1544346731,1002-eth1,11454.55,11454.55,22909.09,11466,11466,116.88,116.88,233.77,117,117,0.00,0.00,0,0
1544346731,2002-eth3,739838.19,888421.62,1628259.75,889310,740578,626.37,617.38,1243.76,618,627,0.00,0.00,0,0
1544346731,2007-eth2,0.00,0.00,0.00,0,0,0.00,0.00,0.00,0,0,0.00,0.00,0,0
1544346731,total,26538474.00,27176364.00,53714840.00,27203540,26565012,21431.57,21504.50,42936.07,21526,21453,0.00,0.00,0,0
1544346732,3003-eth3,1215686.38,548129.88,1763816.25,548678,1216902,666.33,696.30,1362.64,697,667,0.00,0.00,0,0
1544346732,2002-eth1,512177.84,11268.73,523446.56,11280,512690,176.82,170.83,347.65,171,177,0.00,0.00,0,0
1544346732,lo,64529.47,64529.47,129058.95,64594,64594,293.71,293.71,587.41,294,294,0.00,0.00,0,0
1544346732,3005-eth3,1203934.12,1204137.88,2408072.00,1205342,1205138,795.20,798.20,1593.41,799,796,0.00,0.00,0,0
1544346732,2005-eth3,0.00,59.94,59.94,60,0,0.00,1.00,1.00,1,0,0.00,0.00,0,0
1544346732,3004-eth4,1210831.25,950125.88,2160957.00,951076,1212042,770.23,741.26,1511.49,742,771,0.00,0.00,0,0
1544346732,1004-eth2,59.94,0.00,59.94,0,60,1.00,0.00,1.00,0,1,0.00,0.00,0,0
1544346732,2004-eth4,193070.94,927049.00,1120119.88,927976,193264,411.59,391.61,803.20,392,412,0.00,0.00,0,0
1544346732,1001-eth2,7402.60,7440.56,14843.16,7448,7410,75.92,75.92,151.85,76,76,0.00,0.00,0,0
1544346732,1003-eth3,528987.00,154103.91,683090.94,154258,529516,355.64,252.75,608.39,253,356,0.00,0.00,0,0
1544346732,2002-eth4,809326.69,1208181.88,2017508.50,1209390,810136,887.11,618.38,1505.49,619,888,0.00,0.00,0,0
1544346732,1001-eth4,0.00,59.94,59.94,60,0,0.00,1.00,1.00,1,0,0.00,0.00,0,0
1544346732,3001-eth2,557414.62,696004.00,1253418.62,696700,557972,445.55,441.56,887.11,442,446,0.00,0.00,0,0
1544346732,1004-eth1,59.94,0.00,59.94,0,60,1.00,0.00,1.00,0,1,0.00,0.00,0,0
1544346732,3005-eth4,1185992.00,168543.47,1354535.50,168712,1187178,488.51,471.53,960.04,472,489,0.00,0.00,0,0
1544346732,1003-eth2,150807.20,515638.38,666445.56,516154,150958,202.80,350.65,553.45,351,203,0.00,0.00,0,0
1544346732,3008-eth1,0.00,59.94,59.94,60,0,0.00,1.00,1.00,1,0,0.00,0.00,0,0
1544346732,1002-eth3,11552.45,11552.45,23104.90,11564,11564,117.88,117.88,235.76,118,118,0.00,0.00,0,0
1544346732,2006-eth1,154103.91,528987.00,683090.94,529516,154258,252.75,355.64,608.39,356,253,0.00,0.00,0,0
1544346732,3003-eth1,9360.64,9300.70,18661.34,9310,9370,95.90,94.91,190.81,95,96,0.00,0.00,0,0
1544346732,2001-eth3,9398.60,9398.60,18797.20,9408,9408,95.90,95.90,191.81,96,96,0.00,0.00,0,0
1544346732,2008-eth2,0.00,59.94,59.94,60,0,0.00,1.00,1.00,1,0,0.00,0.00,0,0
1544346732,2008-eth3,1199638.38,758447.56,1958086.00,759206,1200838,642.36,651.35,1293.71,652,643,0.00,0.00,0,0
1544346732,1001-eth3,3818.18,3720.28,7538.46,3724,3822,38.96,37.96,76.92,38,39,0.00,0.00,0,0
1544346732,2007-eth4,59.94,0.00,59.94,0,60,1.00,0.00,1.00,0,1,0.00,0.00,0,0
1544346732,2004-eth2,0.00,59.94,59.94,60,0,0.00,1.00,1.00,1,0,0.00,0.00,0,0
1544346732,3002-eth1,9594.41,9594.41,19188.81,9604,9604,97.90,97.90,195.80,98,98,0.00,0.00,0,0
1544346732,3004-eth1,9790.21,9692.31,19482.52,9702,9800,99.90,98.90,198.80,99,100,0.00,0.00,0,0
1544346732,2006-eth3,1208283.75,168741.27,1377025.00,168910,1209492,497.50,474.53,972.03,475,498,0.00,0.00,0,0
1544346732,3004-eth2,927049.00,193070.94,1120119.88,193264,927976,391.61,411.59,803.20,412,392,0.00,0.00,0,0
1544346732,3001-eth3,14409.59,185168.84,199578.42,185354,14424,171.83,172.83,344.66,173,172,0.00,0.00,0,0
1544346732,2003-eth4,9692.31,9790.21,19482.52,9800,9702,98.90,99.90,198.80,100,99,0.00,0.00,0,0
1544346732,2008-eth4,1207682.38,1207550.50,2415232.75,1208758,1208890,764.24,762.24,1526.47,763,765,0.00,0.00,0,0
1544346732,3008-eth3,576945.06,1168263.75,1745208.88,1169432,577522,544.46,583.42,1127.87,584,545,0.00,0.00,0,0
1544346732,2005-eth2,11552.45,11552.45,23104.90,11564,11564,117.88,117.88,235.76,118,118,0.00,0.00,0,0
1544346732,2006-eth4,14703.30,703134.88,717838.19,703838,14718,222.78,242.76,465.53,243,223,0.00,0.00,0,0
1544346732,3006-eth2,703134.88,14703.30,717838.19,14718,703838,242.76,222.78,465.53,223,243,0.00,0.00,0,0
1544346732,1003-eth4,498829.19,7912.09,506741.28,7920,499328,171.83,119.88,291.71,120,172,0.00,0.00,0,0
1544346732,2006-eth2,0.00,59.94,59.94,60,0,0.00,1.00,1.00,1,0,0.00,0.00,0,0
1544346732,3001-eth1,9398.60,9398.60,18797.20,9408,9408,95.90,95.90,191.81,96,96,0.00,0.00,0,0
1544346732,3008-eth2,1207550.50,1207682.38,2415232.75,1208890,1208758,762.24,764.24,1526.47,765,763,0.00,0.00,0,0
1544346732,2004-eth3,1217144.88,708709.31,1925854.25,709418,1218362,732.27,762.24,1494.51,763,733,0.00,0.00,0,0
1544346732,3001-eth4,690993.00,381644.38,1072637.38,382026,691684,365.63,368.63,734.27,369,366,0.00,0.00,0,0
1544346732,1003-eth1,11268.73,512177.84,523446.56,512690,11280,170.83,176.82,347.65,177,171,0.00,0.00,0,0
1544346732,3002-eth2,1208181.88,809326.69,2017508.50,810136,1209390,618.38,887.11,1505.49,888,619,0.00,0.00,0,0
1544346732,2005-eth4,15370.63,15272.73,30643.36,15288,15386,156.84,155.84,312.69,156,157,0.00,0.00,0,0
1544346732,3003-eth2,708709.31,1217144.88,1925854.25,1218362,709418,762.24,732.27,1494.51,733,763,0.00,0.00,0,0
1544346732,2007-eth1,59.94,0.00,59.94,0,60,1.00,0.00,1.00,0,1,0.00,0.00,0,0
1544346732,1002-eth4,0.00,0.00,0.00,0,0,0.00,0.00,0.00,0,0,0.00,0.00,0,0
1544346732,3002-eth4,793892.12,1013284.75,1807176.88,1014298,794686,653.35,580.42,1233.77,581,654,0.00,0.00,0,0
1544346732,2007-eth3,0.00,59.94,59.94,60,0,0.00,1.00,1.00,1,0,0.00,0.00,0,0
1544346732,3005-eth1,59.94,0.00,59.94,0,60,1.00,0.00,1.00,0,1,0.00,0.00,0,0
1544346732,2001-eth4,9594.41,9594.41,19188.81,9604,9604,97.90,97.90,195.80,98,98,0.00,0.00,0,0
1544346732,3003-eth4,13784.22,169880.12,183664.34,170050,13798,162.84,160.84,323.68,161,163,0.00,0.00,0,0
1544346732,2004-eth1,515638.38,150807.20,666445.56,150958,516154,350.65,202.80,553.45,203,351,0.00,0.00,0,0
1544346732,3006-eth4,16087.91,304281.72,320369.62,304586,16104,195.80,200.80,396.60,201,196,0.00,0.00,0,0
1544346732,3007-eth1,59.94,0.00,59.94,0,60,1.00,0.00,1.00,0,1,0.00,0.00,0,0
1544346732,2008-eth1,7912.09,498829.19,506741.28,499328,7920,119.88,171.83,291.71,172,120,0.00,0.00,0,0
1544346732,2002-eth2,0.00,59.94,59.94,60,0,0.00,1.00,1.00,1,0,0.00,0.00,0,0
1544346732,2003-eth1,7440.56,7402.60,14843.16,7410,7448,75.92,75.92,151.85,76,76,0.00,0.00,0,0
1544346732,3008-eth4,630671.38,14043.96,644715.31,14058,631302,218.78,212.79,431.57,213,219,0.00,0.00,0,0
1544346732,1004-eth4,59.94,0.00,59.94,0,60,1.00,0.00,1.00,0,1,0.00,0.00,0,0
1544346732,3006-eth1,15272.73,15370.63,30643.36,15386,15288,155.84,156.84,312.69,157,156,0.00,0.00,0,0
1544346732,1004-eth3,59.94,0.00,59.94,0,60,1.00,0.00,1.00,0,1,0.00,0.00,0,0
1544346732,1002-eth2,7734.27,7734.27,15468.53,7742,7742,78.92,78.92,157.84,79,79,0.00,0.00,0,0
1544346732,3004-eth3,32703.30,1112593.38,1145296.75,1113706,32736,447.55,480.52,928.07,481,448,0.00,0.00,0,0
1544346732,2003-eth3,9300.70,9360.64,18661.34,9370,9310,94.91,95.90,190.81,96,95,0.00,0.00,0,0
1544346732,2005-eth1,3720.28,3818.18,7538.46,3822,3724,37.96,38.96,76.92,39,38,0.00,0.00,0,0
1544346732,3002-eth3,25148.85,776381.62,801530.50,777158,25174,333.67,362.64,696.30,363,334,0.00,0.00,0,0
1544346732,3006-eth3,17902.10,418041.97,435944.06,418460,17920,223.78,237.76,461.54,238,224,0.00,0.00,0,0
1544346732,2001-eth1,3682.32,3622.38,7304.70,3626,3686,37.96,36.96,74.93,37,38,0.00,0.00,0,0
1544346732,3005-eth2,168741.27,1208283.75,1377025.00,1209492,168910,474.53,497.50,972.03,498,475,0.00,0.00,0,0
1544346732,2001-eth2,11650.35,11650.35,23300.70,11662,11662,118.88,118.88,237.76,119,119,0.00,0.00,0,0
1544346732,3007-eth2,758447.56,1199638.38,1958086.00,1200838,759206,651.35,642.36,1293.71,643,652,0.00,0.00,0,0
1544346732,1001-eth1,3622.38,3682.32,7304.70,3686,3626,36.96,37.96,74.93,38,37,0.00,0.00,0,0
1544346732,3007-eth4,1053126.88,753994.00,1807120.88,754748,1054180,592.41,599.40,1191.81,600,593,0.00,0.00,0,0
1544346732,2003-eth2,7734.27,7734.27,15468.53,7742,7742,78.92,78.92,157.84,79,79,0.00,0.00,0,0
1544346732,3007-eth3,146631.38,4327.67,150959.05,4332,146778,51.95,49.95,101.90,50,52,0.00,0.00,0,0
1544346732,1002-eth1,11650.35,11650.35,23300.70,11662,11662,118.88,118.88,237.76,119,119,0.00,0.00,0,0
1544346732,2002-eth3,696004.00,557414.62,1253418.62,557972,696700,441.56,445.55,887.11,446,442,0.00,0.00,0,0
1544346732,2007-eth2,0.00,0.00,0.00,0,0,0.00,0.00,0.00,0,0,0.00,0.00,0,0
1544346732,total,24256890.00,24600994.00,48857884.00,24625594,24281146,19758.24,19793.21,39551.45,19813,19778,0.00,0.00,0,0
1544346733,3003-eth3,1223904.12,559402.62,1783306.75,559962,1225128,659.34,670.33,1329.67,671,660,0.00,0.00,0,0
1544346733,2002-eth1,593584.44,10351.65,603936.06,10362,594178,204.80,156.84,361.64,157,205,0.00,0.00,0,0
1544346733,lo,7986.01,7986.01,15972.03,7994,7994,77.92,77.92,155.84,78,78,0.00,0.00,0,0
1544346733,3005-eth3,1220181.88,1222221.75,2442403.75,1223444,1221402,800.20,809.19,1609.39,810,801,0.00,0.00,0,0
1544346733,2005-eth3,0.00,0.00,0.00,0,0,0.00,0.00,0.00,0,0,0.00,0.00,0,0
1544346733,3004-eth4,1215708.38,739910.12,1955618.38,740650,1216924,731.27,712.29,1443.56,713,732,0.00,0.00,0,0
1544346733,1004-eth2,0.00,0.00,0.00,0,0,0.00,0.00,0.00,0,0,0.00,0.00,0,0
1544346733,2004-eth4,181788.22,717420.62,899208.81,718138,181970,390.61,371.63,762.24,372,391,0.00,0.00,0,0
1544346733,1001-eth2,7832.17,7892.11,15724.28,7900,7840,79.92,80.92,160.84,81,80,0.00,0.00,0,0
1544346733,1003-eth3,607098.94,554421.56,1161520.50,554976,607706,359.64,378.62,738.26,379,360,0.00,0.00,0,0
1544346733,2002-eth4,1133412.62,1222465.62,2355878.25,1223688,1134546,756.24,703.30,1459.54,704,757,0.00,0.00,0,0
1544346733,1001-eth4,0.00,0.00,0.00,0,0,0.00,0.00,0.00,0,0,0.00,0.00,0,0
1544346733,3001-eth2,1129326.75,625922.12,1755248.75,626548,1130456,605.39,497.50,1102.90,498,606,0.00,0.00,0,0
1544346733,1004-eth1,0.00,0.00,0.00,0,0,0.00,0.00,0.00,0,0,0.00,0.00,0,0
1544346733,3005-eth4,1216048.00,570119.88,1786167.88,570690,1217264,625.37,616.38,1241.76,617,626,0.00,0.00,0,0
1544346733,1003-eth2,553234.75,531550.44,1084785.25,532082,553788,360.64,332.67,693.31,333,361,0.00,0.00,0,0
1544346733,3008-eth1,0.00,0.00,0.00,0,0,0.00,0.00,0.00,0,0,0.00,0.00,0,0
1544346733,1002-eth3,11318.68,11258.74,22577.42,11270,11330,115.88,114.89,230.77,115,116,0.00,0.00,0,0
1544346733,2006-eth1,554421.56,607098.94,1161520.50,607706,554976,378.62,359.64,738.26,360,379,0.00,0.00,0,0
1544346733,3003-eth1,9692.31,9752.25,19444.56,9762,9702,98.90,99.90,198.80,100,99,0.00,0.00,0,0
1544346733,2001-eth3,9594.41,9594.41,19188.81,9604,9604,97.90,97.90,195.80,98,98,0.00,0.00,0,0
1544346733,2008-eth2,0.00,0.00,0.00,0,0,0.00,0.00,0.00,0,0,0.00,0.00,0,0
1544346733,2008-eth3,1212335.75,916473.56,2128809.25,917390,1213548,681.32,714.29,1395.60,715,682,0.00,0.00,0,0
1544346733,1001-eth3,3916.08,3916.08,7832.17,3920,3920,39.96,39.96,79.92,40,40,0.00,0.00,0,0
1544346733,2007-eth4,0.00,0.00,0.00,0,0,0.00,0.00,0.00,0,0,0.00,0.00,0,0
1544346733,2004-eth2,0.00,0.00,0.00,0,0,0.00,0.00,0.00,0,0,0.00,0.00,0,0
1544346733,3002-eth1,9458.54,9398.60,18857.14,9408,9468,96.90,95.90,192.81,96,97,0.00,0.00,0,0
1544346733,3004-eth1,9654.35,9594.41,19248.75,9604,9664,98.90,97.90,196.80,98,99,0.00,0.00,0,0
1544346733,2006-eth3,1219007.00,570185.81,1789192.88,570756,1220226,626.37,617.38,1243.76,618,627,0.00,0.00,0,0
1544346733,3004-eth2,717420.62,181788.22,899208.81,181970,718138,371.63,390.61,762.24,391,372,0.00,0.00,0,0
1544346733,3001-eth3,17506.49,442669.34,460175.84,443112,17524,217.78,259.74,477.52,260,218,0.00,0.00,0,0
1544346733,2003-eth4,9594.41,9654.35,19248.75,9664,9604,97.90,98.90,196.80,99,98,0.00,0.00,0,0
1544346733,2008-eth4,1220337.75,1221500.50,2441838.25,1222722,1221558,796.20,820.18,1616.38,821,797,0.00,0.00,0,0
1544346733,3008-eth3,729082.94,981992.06,1711075.00,982974,729812,579.42,610.39,1189.81,611,580,0.00,0.00,0,0
1544346733,2005-eth2,11258.74,11318.68,22577.42,11330,11270,114.89,115.88,230.77,116,115,0.00,0.00,0,0
1544346733,2006-eth4,15884.12,757910.12,773794.25,758668,15900,240.76,261.74,502.50,262,241,0.00,0.00,0,0
1544346733,3006-eth2,757910.12,15884.12,773794.25,15900,758668,261.74,240.76,502.50,241,262,0.00,0.00,0,0
1544346733,1003-eth4,518155.84,9224.78,527380.62,9234,518674,179.82,139.86,319.68,140,180,0.00,0.00,0,0
1544346733,2006-eth2,0.00,0.00,0.00,0,0,0.00,0.00,0.00,0,0,0.00,0.00,0,0
1544346733,3001-eth1,9594.41,9594.41,19188.81,9604,9604,97.90,97.90,195.80,98,98,0.00,0.00,0,0
1544346733,3008-eth2,1221500.50,1220337.75,2441838.25,1221558,1222722,820.18,796.20,1616.38,797,821,0.00,0.00,0,0
1544346733,2004-eth3,1226733.25,713338.69,1940072.00,714052,1227960,702.30,723.28,1425.57,724,703,0.00,0.00,0,0
1544346733,3001-eth4,618010.00,696251.75,1314261.75,696948,618628,377.62,443.56,821.18,444,378,0.00,0.00,0,0
1544346733,1003-eth1,10351.65,593584.44,603936.06,594178,10362,156.84,204.80,361.64,205,157,0.00,0.00,0,0
1544346733,3002-eth2,1222465.62,1133412.62,2355878.25,1134546,1223688,703.30,756.24,1459.54,757,704,0.00,0.00,0,0
1544346733,2005-eth4,15174.83,15174.83,30349.65,15190,15190,154.85,154.85,309.69,155,155,0.00,0.00,0,0
1544346733,3003-eth2,713338.69,1226733.25,1940072.00,1227960,714052,723.28,702.30,1425.57,703,724,0.00,0.00,0,0
1544346733,2007-eth1,0.00,0.00,0.00,0,0,0.00,0.00,0.00,0,0,0.00,0.00,0,0
1544346733,1002-eth4,59.94,59.94,119.88,60,60,1.00,1.00,2.00,1,1,0.00,0.00,0,0
1544346733,3002-eth4,1123126.88,461422.59,1584549.50,461884,1124250,600.40,569.43,1169.83,570,601,0.00,0.00,0,0
1544346733,2007-eth3,59.94,0.00,59.94,0,60,1.00,0.00,1.00,0,1,0.00,0.00,0,0
1544346733,3005-eth1,0.00,0.00,0.00,0,0,0.00,0.00,0.00,0,0,0.00,0.00,0,0
1544346733,2001-eth4,9398.60,9458.54,18857.14,9468,9408,95.90,96.90,192.81,97,96,0.00,0.00,0,0
1544346733,3003-eth4,12461.54,163628.38,176089.92,163792,12474,140.86,151.85,292.71,152,141,0.00,0.00,0,0
1544346733,2004-eth1,531550.44,553234.75,1084785.25,553788,532082,332.67,360.64,693.31,361,333,0.00,0.00,0,0
1544346733,3006-eth4,11970.03,130785.22,142755.25,130916,11982,134.87,137.86,272.73,138,135,0.00,0.00,0,0
1544346733,3007-eth1,0.00,59.94,59.94,60,0,0.00,1.00,1.00,1,0,0.00,0.00,0,0
1544346733,2008-eth1,9224.78,518155.84,527380.62,518674,9234,139.86,179.82,319.68,180,140,0.00,0.00,0,0
1544346733,2002-eth2,0.00,0.00,0.00,0,0,0.00,0.00,0.00,0,0,0.00,0.00,0,0
1544346733,2003-eth1,7892.11,7832.17,15724.28,7840,7900,80.92,79.92,160.84,80,81,0.00,0.00,0,0
1544346733,3008-eth4,491320.69,138777.22,630097.94,138916,491812,217.78,217.78,435.56,218,218,0.00,0.00,0,0
1544346733,1004-eth4,0.00,0.00,0.00,0,0,0.00,0.00,0.00,0,0,0.00,0.00,0,0
1544346733,3006-eth1,15174.83,15174.83,30349.65,15190,15190,154.85,154.85,309.69,155,155,0.00,0.00,0,0
1544346733,1004-eth3,0.00,0.00,0.00,0,0,0.00,0.00,0.00,0,0,0.00,0.00,0,0
1544346733,1002-eth2,7598.40,7598.40,15196.80,7606,7606,77.92,77.92,155.84,78,78,0.00,0.00,0,0
1544346733,3004-eth3,32269.73,1063540.50,1095810.25,1064604,32302,441.56,461.54,903.10,462,442,0.00,0.00,0,0
1544346733,2003-eth3,9752.25,9692.31,19444.56,9702,9762,99.90,98.90,198.80,99,100,0.00,0.00,0,0
1544346733,2005-eth1,3916.08,3916.08,7832.17,3920,3920,39.96,39.96,79.92,40,40,0.00,0.00,0,0
1544346733,3002-eth3,19618.38,514145.88,533764.25,514660,19638,250.75,269.73,520.48,270,251,0.00,0.00,0,0
1544346733,3006-eth3,22945.05,646215.81,669160.88,646862,22968,299.70,318.68,618.38,319,300,0.00,0.00,0,0
1544346733,2001-eth1,3916.08,3916.08,7832.17,3920,3920,39.96,39.96,79.92,40,40,0.00,0.00,0,0
1544346733,3005-eth2,570185.81,1219007.00,1789192.88,1220226,570756,617.38,626.37,1243.76,627,618,0.00,0.00,0,0
1544346733,2001-eth2,11356.64,11416.58,22773.23,11428,11368,115.88,116.88,232.77,117,116,0.00,0.00,0,0
1544346733,3007-eth2,916473.56,1212335.75,2128809.25,1213548,917390,714.29,681.32,1395.60,682,715,0.00,0.00,0,0
1544346733,1001-eth1,3916.08,3916.08,7832.17,3920,3920,39.96,39.96,79.92,40,40,0.00,0.00,0,0
1544346733,3007-eth4,1208511.50,687049.00,1895560.50,687736,1209720,623.38,635.36,1258.74,636,624,0.00,0.00,0,0
1544346733,2003-eth2,7598.40,7598.40,15196.80,7606,7606,77.92,77.92,155.84,78,78,0.00,0.00,0,0
1544346733,3007-eth3,3824.18,229424.58,233248.75,229654,3828,57.94,78.92,136.86,79,58,0.00,0.00,0,0
1544346733,1002-eth1,11416.58,11356.64,22773.23,11368,11428,116.88,115.88,232.77,116,117,0.00,0.00,0,0
1544346733,2002-eth3,625922.12,1129326.75,1755248.75,1130456,626548,497.50,605.39,1102.90,606,498,0.00,0.00,0,0
1544346733,2007-eth2,59.94,59.94,119.88,60,60,1.00,1.00,2.00,1,1,0.00,0.00,0,0
1544346733,total,26835346.00,26916412.00,53751756.00,26943328,26862180,20494.51,20699.30,41193.81,20720,20515,0.00,0.00,0,0
1544346734,3003-eth3,1209962.12,502131.88,1712094.00,502634,1211172,645.35,616.38,1261.74,617,646,0.00,0.00,0,0
1544346734,2002-eth1,590625.38,14461.54,605086.94,14476,591216,203.80,179.82,383.62,180,204,0.00,0.00,0,0
1544346734,lo,6699.30,6699.30,13398.60,6706,6706,64.94,64.94,129.87,65,65,0.00,0.00,0,0
1544346734,3005-eth3,1207162.88,1205576.50,2412739.25,1206782,1208370,800.20,802.20,1602.40,803,801,0.00,0.00,0,0
1544346734,2005-eth3,0.00,0.00,0.00,0,0,0.00,0.00,0.00,0,0,0.00,0.00,0,0
1544346734,3004-eth4,1205592.50,984579.44,2190172.00,985564,1206798,737.26,737.26,1474.53,738,738,0.00,0.00,0,0
1544346734,1004-eth2,0.00,59.94,59.94,60,0,0.00,1.00,1.00,1,0,0.00,0.00,0,0
1544346734,2004-eth4,169506.50,959466.56,1128973.00,960426,169676,376.62,400.60,777.22,401,377,0.00,0.00,0,0
1544346734,1001-eth2,7636.36,7636.36,15272.73,7644,7644,77.92,77.92,155.84,78,78,0.00,0.00,0,0
1544346734,1003-eth3,599130.88,351140.88,950271.75,351492,599730,332.67,327.67,660.34,328,333,0.00,0.00,0,0
1544346734,2002-eth4,917338.69,1210054.00,2127392.75,1211264,918256,719.28,822.18,1541.46,823,720,0.00,0.00,0,0
1544346734,1001-eth4,0.00,0.00,0.00,0,0,0.00,0.00,0.00,0,0,0.00,0.00,0,0
1544346734,3001-eth2,905582.44,622261.75,1527844.25,622884,906488,537.46,617.38,1154.85,618,538,0.00,0.00,0,0
1544346734,1004-eth1,0.00,0.00,0.00,0,0,0.00,0.00,0.00,0,0,0.00,0.00,0,0
1544346734,3005-eth4,1187041.00,362393.62,1549434.62,362756,1188228,525.47,537.46,1062.94,538,526,0.00,0.00,0,0
1544346734,1003-eth2,345976.03,480763.25,826739.31,481244,346322,288.71,292.71,581.42,293,289,0.00,0.00,0,0
1544346734,3008-eth1,59.94,0.00,59.94,0,60,1.00,0.00,1.00,0,1,0.00,0.00,0,0
1544346734,1002-eth3,11650.35,11650.35,23300.70,11662,11662,118.88,118.88,237.76,119,119,0.00,0.00,0,0
1544346734,2006-eth1,351140.88,599130.88,950271.75,599730,351492,327.67,332.67,660.34,333,328,0.00,0.00,0,0
1544346734,3003-eth1,9594.41,9594.41,19188.81,9604,9604,97.90,97.90,195.80,98,98,0.00,0.00,0,0
1544346734,2001-eth3,9752.25,9692.31,19444.56,9702,9762,99.90,98.90,198.80,99,100,0.00,0.00,0,0
1544346734,2008-eth2,59.94,0.00,59.94,0,60,1.00,0.00,1.00,0,1,0.00,0.00,0,0
1544346734,2008-eth3,1199772.25,815360.69,2015132.88,816176,1200972,688.31,705.29,1393.61,706,689,0.00,0.00,0,0
1544346734,1001-eth3,3818.18,3818.18,7636.36,3822,3822,38.96,38.96,77.92,39,39,0.00,0.00,0,0
1544346734,2007-eth4,0.00,59.94,59.94,60,0,0.00,1.00,1.00,1,0,0.00,0.00,0,0
1544346734,2004-eth2,59.94,0.00,59.94,0,60,1.00,0.00,1.00,0,1,0.00,0.00,0,0
1544346734,3002-eth1,9594.41,9654.35,19248.75,9664,9604,97.90,98.90,196.80,99,98,0.00,0.00,0,0
1544346734,3004-eth1,9692.31,9692.31,19384.62,9702,9702,98.90,98.90,197.80,99,99,0.00,0.00,0,0
1544346734,2006-eth3,1207820.25,365382.62,1573202.88,365748,1209028,533.47,543.46,1076.92,544,534,0.00,0.00,0,0
1544346734,3004-eth2,959466.56,169506.50,1128973.00,169676,960426,400.60,376.62,777.22,377,401,0.00,0.00,0,0
1544346734,3001-eth3,17076.92,403442.56,420519.50,403846,17094,210.79,234.77,445.55,235,211,0.00,0.00,0,0
1544346734,2003-eth4,9692.31,9692.31,19384.62,9702,9702,98.90,98.90,197.80,99,99,0.00,0.00,0,0
1544346734,2008-eth4,1210303.75,1209009.00,2419312.75,1210218,1211514,762.24,828.17,1590.41,829,763,0.00,0.00,0,0
1544346734,3008-eth3,650841.19,743628.38,1394469.62,744372,651492,570.43,549.45,1119.88,550,571,0.00,0.00,0,0
1544346734,2005-eth2,11650.35,11650.35,23300.70,11662,11662,118.88,118.88,237.76,119,119,0.00,0.00,0,0
1544346734,2006-eth4,14241.76,663214.81,677456.56,663878,14256,215.78,229.77,445.55,230,216,0.00,0.00,0,0
1544346734,3006-eth2,663214.81,14241.76,677456.56,14256,663878,229.77,215.78,445.55,216,230,0.00,0.00,0,0
1544346734,1003-eth4,472197.81,9296.70,481494.53,9306,472670,162.84,140.86,303.70,141,163,0.00,0.00,0,0
1544346734,2006-eth2,59.94,0.00,59.94,0,60,1.00,0.00,1.00,0,1,0.00,0.00,0,0
1544346734,3001-eth1,9692.31,9752.25,19444.56,9762,9702,98.90,99.90,198.80,100,99,0.00,0.00,0,0
1544346734,3008-eth2,1209009.00,1210303.75,2419312.75,1211514,1210218,828.17,762.24,1590.41,763,829,0.00,0.00,0,0
1544346734,2004-eth3,1215756.25,650149.88,1865906.12,650800,1216972,689.31,667.33,1356.64,668,690,0.00,0.00,0,0
1544346734,3001-eth4,614877.12,798435.56,1413312.75,799234,615492,505.49,540.46,1045.95,541,506,0.00,0.00,0,0
1544346734,1003-eth1,14461.54,590625.38,605086.94,591216,14476,179.82,203.80,383.62,204,180,0.00,0.00,0,0
1544346734,3002-eth2,1210054.00,917338.69,2127392.75,918256,1211264,822.18,719.28,1541.46,720,823,0.00,0.00,0,0
1544346734,2005-eth4,15468.53,15528.47,30997.00,15544,15484,157.84,158.84,316.68,159,158,0.00,0.00,0,0
1544346734,3003-eth2,650149.88,1215756.25,1865906.12,1216972,650800,667.33,689.31,1356.64,690,668,0.00,0.00,0,0
1544346734,2007-eth1,0.00,0.00,0.00,0,0,0.00,0.00,0.00,0,0,0.00,0.00,0,0
1544346734,1002-eth4,0.00,0.00,0.00,0,0,0.00,0.00,0.00,0,0,0.00,0.00,0,0
1544346734,3002-eth4,902811.19,571158.88,1473970.12,571730,903714,538.46,544.46,1082.92,545,539,0.00,0.00,0,0
1544346734,2007-eth3,0.00,0.00,0.00,0,0,0.00,0.00,0.00,0,0,0.00,0.00,0,0
1544346734,3005-eth1,0.00,0.00,0.00,0,0,0.00,0.00,0.00,0,0,0.00,0.00,0,0
1544346734,2001-eth4,9654.35,9594.41,19248.75,9604,9664,98.90,97.90,196.80,98,99,0.00,0.00,0,0
1544346734,3003-eth4,12363.64,157612.39,169976.03,157770,12376,139.86,148.85,288.71,149,140,0.00,0.00,0,0
1544346734,2004-eth1,480763.25,345976.03,826739.31,346322,481244,292.71,288.71,581.42,289,293,0.00,0.00,0,0
1544346734,3006-eth4,18719.28,427114.91,445834.19,427542,18738,235.76,242.76,478.52,243,236,0.00,0.00,0,0
1544346734,3007-eth1,0.00,0.00,0.00,0,0,0.00,0.00,0.00,0,0,0.00,0.00,0,0
1544346734,2008-eth1,9296.70,472197.81,481494.53,472670,9306,140.86,162.84,303.70,163,141,0.00,0.00,0,0
1544346734,2002-eth2,0.00,0.00,0.00,0,0,0.00,0.00,0.00,0,0,0.00,0.00,0,0
1544346734,2003-eth1,7636.36,7636.36,15272.73,7644,7644,77.92,77.92,155.84,78,78,0.00,0.00,0,0
1544346734,3008-eth4,559582.44,12197.80,571780.25,12210,560142,193.81,184.82,378.62,185,194,0.00,0.00,0,0
1544346734,1004-eth4,0.00,59.94,59.94,60,0,0.00,1.00,1.00,1,0,0.00,0.00,0,0
1544346734,3006-eth1,15528.47,15468.53,30997.00,15484,15544,158.84,157.84,316.68,158,159,0.00,0.00,0,0
1544346734,1004-eth3,0.00,59.94,59.94,60,0,0.00,1.00,1.00,1,0,0.00,0.00,0,0
1544346734,1002-eth2,7734.27,7734.27,15468.53,7742,7742,78.92,78.92,157.84,79,79,0.00,0.00,0,0
1544346734,3004-eth3,31846.15,1032535.50,1064381.62,1033568,31878,434.57,451.55,886.11,452,435,0.00,0.00,0,0
1544346734,2003-eth3,9594.41,9594.41,19188.81,9604,9604,97.90,97.90,195.80,98,98,0.00,0.00,0,0
1544346734,2005-eth1,3818.18,3818.18,7636.36,3822,3822,38.96,38.96,77.92,39,39,0.00,0.00,0,0
1544346734,3002-eth3,24093.91,456022.00,480115.91,456478,24118,278.72,286.71,565.43,287,279,0.00,0.00,0,0
1544346734,3006-eth3,14831.17,255228.78,270059.94,255484,14846,177.82,181.82,359.64,182,178,0.00,0.00,0,0
1544346734,2001-eth1,3818.18,3818.18,7636.36,3822,3822,38.96,38.96,77.92,39,39,0.00,0.00,0,0
1544346734,3005-eth2,365382.62,1207820.25,1573202.88,1209028,365748,543.46,533.47,1076.92,534,544,0.00,0.00,0,0
1544346734,2001-eth2,11612.39,11552.45,23164.84,11564,11624,118.88,117.88,236.76,118,119,0.00,0.00,0,0
1544346734,3007-eth2,815360.69,1199772.25,2015132.88,1200972,816176,705.29,688.31,1393.61,689,706,0.00,0.00,0,0
1544346734,1001-eth1,3814.37,3814.37,7628.74,3822,3822,38.92,38.92,77.84,39,39,0.00,0.00,0,0
1544346734,3007-eth4,1086539.50,729556.44,1816096.00,730286,1087626,616.38,630.37,1246.75,631,617,0.00,0.00,0,0
1544346734,2003-eth2,7734.27,7734.27,15468.53,7742,7742,78.92,78.92,157.84,79,79,0.00,0.00,0,0
1544346734,3007-eth3,114570.86,85906.19,200477.05,86078,114800,71.86,76.85,148.70,77,72,0.00,0.00,0,0
1544346734,1002-eth1,11540.92,11600.80,23141.72,11624,11564,117.76,118.76,236.53,119,118,0.00,0.00,0,0
1544346734,2002-eth3,621706.62,907634.75,1529341.38,909450,622950,617.76,537.92,1155.69,539,619,0.00,0.00,0,0
1544346734,2007-eth2,0.00,0.00,0.00,0,0,0.00,0.00,0.00,0,0,0.00,0.00,0,0
1544346734,total,25239374.00,25111974.00,50351348.00,25162198,25289852,20047.90,20131.74,40179.64,20172,20088,0.00,0.00,0,0
1544346735,3003-eth3,1205441.62,430522.44,1635964.12,431814,1209058,612.16,617.15,1229.31,619,614,0.00,0.00,0,0
1544346735,2002-eth1,553748.75,15838.48,569587.25,15886,555410,231.31,168.49,399.80,169,232,0.00,0.00,0,0
1544346735,lo,68019.94,68019.94,136039.88,68224,68224,325.02,325.02,650.05,326,326,0.00,0.00,0,0
1544346735,3005-eth3,1202456.62,1203802.62,2406259.25,1207414,1206064,785.64,800.60,1586.24,803,788,0.00,0.00,0,0
1544346735,2005-eth3,59.82,69.79,129.61,70,60,1.00,1.00,1.99,1,1,0.00,0.00,0,0
1544346735,3004-eth4,1202053.88,1047519.44,2249573.25,1050662,1205660,735.79,756.73,1492.52,759,738,0.00,0.00,0,0
1544346735,1004-eth2,0.00,0.00,0.00,0,0,0.00,0.00,0.00,0,0,0.00,0.00,0,0
1544346735,2004-eth4,163128.61,1027836.50,1190965.12,1030920,163618,328.02,414.76,742.77,416,329,0.00,0.00,0,0
1544346735,1001-eth2,7718.84,7718.84,15437.69,7742,7742,78.76,78.76,157.53,79,79,0.00,0.00,0,0
1544346735,1003-eth3,566981.06,379272.19,946253.25,380410,568682,431.70,294.12,725.82,295,433,0.00,0.00,0,0
1544346735,2002-eth4,1204113.62,1207535.38,2411649.00,1211158,1207726,827.52,928.22,1755.73,931,830,0.00,0.00,0,0
1544346735,1001-eth4,59.82,0.00,59.82,0,60,1.00,0.00,1.00,0,1,0.00,0.00,0,0
1544346735,3001-eth2,1202253.25,653972.06,1856225.38,655934,1205860,670.99,699.90,1370.89,702,673,0.00,0.00,0,0
1544346735,1004-eth1,0.00,59.82,59.82,60,0,0.00,1.00,1.00,1,0,0.00,0.00,0,0
1544346735,3005-eth4,1181011.00,388899.31,1569910.25,390066,1184554,526.42,511.47,1037.89,513,528,0.00,0.00,0,0
1544346735,1003-eth2,380015.97,412163.50,792179.44,413400,381156,376.87,338.98,715.85,340,378,0.00,0.00,0,0
1544346735,3008-eth1,0.00,0.00,0.00,0,0,0.00,0.00,0.00,0,0,0.00,0.00,0,0
1544346735,1002-eth3,11306.08,11268.20,22574.28,11302,11340,115.65,115.65,231.31,116,116,0.00,0.00,0,0
1544346735,2006-eth1,379272.19,566981.06,946253.25,568682,380410,294.12,431.70,725.82,433,295,0.00,0.00,0,0
1544346735,3003-eth1,9575.27,9575.27,19150.55,9604,9604,97.71,97.71,195.41,98,98,0.00,0.00,0,0
1544346735,2001-eth3,9379.86,9537.39,18917.25,9566,9408,95.71,97.71,193.42,98,96,0.00,0.00,0,0
1544346735,2008-eth2,0.00,0.00,0.00,0,0,0.00,0.00,0.00,0,0,0.00,0.00,0,0
1544346735,2008-eth3,1195072.75,1170424.75,2365497.50,1173936,1198658,958.13,879.36,1837.49,882,961,0.00,0.00,0,0
1544346735,1001-eth3,3870.39,3870.39,7740.78,3882,3882,39.88,39.88,79.76,40,40,0.00,0.00,0,0
1544346735,2007-eth4,0.00,0.00,0.00,0,0,0.00,0.00,0.00,0,0,0.00,0.00,0,0
1544346735,2004-eth2,0.00,0.00,0.00,0,0,0.00,0.00,0.00,0,0,0.00,0.00,0,0
1544346735,3002-eth1,9645.06,9575.27,19220.34,9604,9674,98.70,97.71,196.41,98,99,0.00,0.00,0,0
1544346735,3004-eth1,9282.15,9411.76,18693.92,9440,9310,94.72,96.71,191.43,97,95,0.00,0.00,0,0
1544346735,2006-eth3,1203192.38,394340.97,1597533.38,395524,1206802,534.40,522.43,1056.83,524,536,0.00,0.00,0,0
1544346735,3004-eth2,1027836.50,163128.61,1190965.12,163618,1030920,414.76,328.02,742.77,329,416,0.00,0.00,0,0
1544346735,3001-eth3,18783.65,471874.38,490658.03,473290,18840,238.29,256.23,494.52,257,239,0.00,0.00,0,0
1544346735,2003-eth4,9411.76,9282.15,18693.92,9310,9440,96.71,94.72,191.43,95,97,0.00,0.00,0,0
1544346735,2008-eth4,1204341.00,1211714.88,2416055.75,1215350,1207954,753.74,1210.37,1964.11,1214,756,0.00,0.00,0,0
1544346735,3008-eth3,585302.12,729016.94,1314319.00,731204,587058,539.38,524.43,1063.81,526,541,0.00,0.00,0,0
1544346735,2005-eth2,11268.20,11306.08,22574.28,11340,11302,115.65,115.65,231.31,116,116,0.00,0.00,0,0
1544346735,2006-eth4,15068.79,703176.50,718245.25,705286,15114,228.32,242.27,470.59,243,229,0.00,0.00,0,0
1544346735,3006-eth2,703176.50,15068.79,718245.25,15114,705286,242.27,228.32,470.59,229,243,0.00,0.00,0,0
1544346735,1003-eth4,398941.19,16652.04,415593.22,16702,400138,138.58,252.24,390.83,253,139,0.00,0.00,0,0
1544346735,2006-eth2,0.00,0.00,0.00,0,0,0.00,0.00,0.00,0,0,0.00,0.00,0,0
1544346735,3001-eth1,9537.39,9379.86,18917.25,9408,9566,97.71,95.71,193.42,96,98,0.00,0.00,0,0
1544346735,3008-eth2,1211714.88,1204341.00,2416055.75,1207954,1215350,1210.37,753.74,1964.11,756,1214,0.00,0.00,0,0
1544346735,2004-eth3,1212735.75,575351.94,1788087.75,577078,1216374,657.03,668.00,1325.02,670,659,0.00,0.00,0,0
1544346735,3001-eth4,644628.12,877984.06,1522612.12,880618,646562,558.33,581.26,1139.58,583,560,0.00,0.00,0,0
1544346735,1003-eth1,15838.48,553748.75,569587.25,555410,15886,168.49,231.31,399.80,232,169,0.00,0.00,0,0
1544346735,3002-eth2,1207535.38,1204113.62,2411649.00,1207726,1211158,928.22,827.52,1755.73,830,931,0.00,0.00,0,0
1544346735,2005-eth4,15106.68,14949.15,30055.83,14994,15152,154.54,152.54,307.08,153,155,0.00,0.00,0,0
1544346735,3003-eth2,575351.94,1212735.75,1788087.75,1216374,577078,668.00,657.03,1325.02,659,670,0.00,0.00,0,0
1544346735,2007-eth1,0.00,59.82,59.82,60,0,0.00,1.00,1.00,1,0,0.00,0.00,0,0
1544346735,1002-eth4,0.00,0.00,0.00,0,0,0.00,0.00,0.00,0,0,0.00,0.00,0,0
1544346735,3002-eth4,1188496.50,595108.69,1783605.25,596894,1192062,661.02,661.02,1322.03,663,663,0.00,0.00,0,0
1544346735,2007-eth3,69.79,69.79,139.58,70,70,1.00,1.00,1.99,1,1,0.00,0.00,0,0
1544346735,3005-eth1,69.79,59.82,129.61,60,70,1.00,1.00,1.99,1,1,0.00,0.00,0,0
1544346735,2001-eth4,9575.27,9645.06,19220.34,9674,9604,97.71,98.70,196.41,99,98,0.00,0.00,0,0
1544346735,3003-eth4,12662.01,154414.75,167076.77,154878,12700,144.57,148.55,293.12,149,145,0.00,0.00,0,0
1544346735,2004-eth1,412163.50,380015.97,792179.44,381156,413400,338.98,376.87,715.85,378,340,0.00,0.00,0,0
1544346735,3006-eth4,9413.76,15188.43,24602.19,15234,9442,96.71,96.71,193.42,97,97,0.00,0.00,0,0
1544346735,3007-eth1,69.79,69.79,139.58,70,70,1.00,1.00,1.99,1,1,0.00,0.00,0,0
1544346735,2008-eth1,16652.04,398941.19,415593.22,400138,16702,252.24,138.58,390.83,139,253,0.00,0.00,0,0
1544346735,2002-eth2,59.82,0.00,59.82,0,60,1.00,0.00,1.00,0,1,0.00,0.00,0,0
1544346735,2003-eth1,7718.84,7718.84,15437.69,7742,7742,78.76,78.76,157.53,79,79,0.00,0.00,0,0
1544346735,3008-eth4,618979.06,13559.32,632538.38,13600,620836,213.36,205.38,418.74,206,214,0.00,0.00,0,0
1544346735,1004-eth4,0.00,0.00,0.00,0,0,0.00,0.00,0.00,0,0,0.00,0.00,0,0
1544346735,3006-eth1,14949.15,15106.68,30055.83,15152,14994,152.54,154.54,307.08,155,153,0.00,0.00,0,0
1544346735,1004-eth3,0.00,0.00,0.00,0,0,0.00,0.00,0.00,0,0,0.00,0.00,0,0
1544346735,1002-eth2,7425.72,7425.72,14851.45,7448,7448,75.77,75.77,151.55,76,76,0.00,0.00,0,0
1544346735,3004-eth3,31918.25,1052337.00,1084255.25,1055494,32014,437.69,455.63,893.32,457,439,0.00,0.00,0,0
1544346735,2003-eth3,9575.27,9575.27,19150.55,9604,9604,97.71,97.71,195.41,98,98,0.00,0.00,0,0
1544346735,2005-eth1,3870.39,3870.39,7740.78,3882,3882,39.88,39.88,79.76,40,40,0.00,0.00,0,0
1544346735,3002-eth3,25226.32,352612.16,377838.50,353670,25302,264.21,286.14,550.35,287,265,0.00,0.00,0,0
1544346735,3006-eth3,24414.76,706650.06,731064.81,708770,24488,323.03,335.99,659.02,337,324,0.00,0.00,0,0
1544346735,2001-eth1,3908.28,3968.10,7876.37,3980,3920,39.88,40.88,80.76,41,40,0.00,0.00,0,0
1544346735,3005-eth2,394340.97,1203192.38,1597533.38,1206802,395524,522.43,534.40,1056.83,536,524,0.00,0.00,0,0
1544346735,2001-eth2,11306.08,11138.58,22444.67,11172,11340,115.65,113.66,229.31,114,116,0.00,0.00,0,0
1544346735,3007-eth2,1170424.75,1195072.75,2365497.50,1198658,1173936,879.36,958.13,1837.49,961,882,0.00,0.00,0,0
1544346735,1001-eth1,3968.10,3908.28,7876.37,3920,3980,40.88,39.88,80.76,40,41,0.00,0.00,0,0
1544346735,3007-eth4,1177794.62,947369.88,2125164.50,950212,1181328,849.45,863.41,1712.86,866,852,0.00,0.00,0,0
1544346735,2003-eth2,7425.72,7425.72,14851.45,7448,7448,75.77,75.77,151.55,76,76,0.00,0.00,0,0
1544346735,3007-eth3,15784.43,448538.94,464323.38,449436,15816,107.78,159.68,267.47,160,108,0.00,0.00,0,0
1544346735,1002-eth1,11149.70,11317.37,22467.07,11340,11172,113.77,115.77,229.54,116,114,0.00,0.00,0,0
1544346735,2002-eth3,654558.88,1200497.00,1855056.00,1202898,655868,699.60,670.66,1370.26,672,701,0.00,0.00,0,0
1544346735,2007-eth2,0.00,0.00,0.00,0,0,0.00,0.00,0.00,0,0,0.00,0.00,0,0
1544346735,total,26503954.00,26791954.00,53295908.00,26845538,26556962,22215.57,22382.24,44597.81,22427,22260,0.00,0.00,0,0
1544346736,3003-eth3,1223988.00,671367.31,1895355.38,672710,1226436,612.77,625.75,1238.52,627,614,0.00,0.00,0,0
1544346736,2002-eth1,512798.41,18540.92,531339.31,18578,513824,259.48,197.60,457.09,198,260,0.00,0.00,0,0
1544346736,lo,7217.56,7217.56,14435.13,7232,7232,70.86,70.86,141.72,71,71,0.00,0.00,0,0
1544346736,3005-eth3,1220535.00,1221229.62,2441764.50,1223672,1222976,801.40,816.37,1617.76,818,803,0.00,0.00,0,0
1544346736,2005-eth3,41.96,101.90,143.86,102,42,1.00,2.00,3.00,2,1,0.00,0.00,0,0
1544346736,3004-eth4,1220623.38,854052.00,2074675.38,854906,1221844,697.30,688.31,1385.61,689,698,0.00,0.00,0,0
1544346736,1004-eth2,59.94,0.00,59.94,0,60,1.00,0.00,1.00,0,1,0.00,0.00,0,0
1544346736,2004-eth4,162085.92,831238.81,993324.69,832070,162248,395.60,342.66,738.26,343,396,0.00,0.00,0,0
1544346736,1001-eth2,7500.50,7440.56,14941.06,7448,7508,76.92,75.92,152.85,76,77,0.00,0.00,0,0
1544346736,1003-eth3,517003.00,536006.00,1053009.00,536542,517520,315.68,388.61,704.30,389,316,0.00,0.00,0,0
1544346736,2002-eth4,1222585.50,1233850.12,2456435.75,1235084,1223808,835.16,1116.88,1952.05,1118,836,0.00,0.00,0,0
1544346736,1001-eth4,0.00,59.94,59.94,60,0,0.00,1.00,1.00,1,0,0.00,0.00,0,0
1544346736,3001-eth2,1218103.88,720539.50,1938643.38,721260,1219322,652.35,857.14,1509.49,858,653,0.00,0.00,0,0
1544346736,1004-eth1,59.94,0.00,59.94,0,60,1.00,0.00,1.00,0,1,0.00,0.00,0,0
1544346736,3005-eth4,1203578.50,543550.44,1747128.88,544094,1204782,614.39,586.41,1200.80,587,615,0.00,0.00,0,0
1544346736,1003-eth2,529178.81,649092.94,1178271.75,649742,529708,347.65,278.72,626.37,279,348,0.00,0.00,0,0
1544346736,3008-eth1,0.00,59.94,59.94,60,0,0.00,1.00,1.00,1,0,0.00,0.00,0,0
1544346736,1002-eth3,11594.41,11692.31,23286.71,11704,11606,118.88,119.88,238.76,120,119,0.00,0.00,0,0
1544346736,2006-eth1,536006.00,517003.00,1053009.00,517520,536542,388.61,315.68,704.30,316,389,0.00,0.00,0,0
1544346736,3003-eth1,9360.64,9300.70,18661.34,9310,9370,95.90,94.91,190.81,95,96,0.00,0.00,0,0
1544346736,2001-eth3,9594.41,9496.50,19090.91,9506,9604,97.90,96.90,194.81,97,98,0.00,0.00,0,0
1544346736,2008-eth2,0.00,59.94,59.94,60,0,0.00,1.00,1.00,1,0,0.00,0.00,0,0
1544346736,2008-eth3,1219316.75,1047992.06,2267308.75,1049040,1220536,825.17,932.07,1757.24,933,826,0.00,0.00,0,0
1544346736,1001-eth3,3818.18,3818.18,7636.36,3822,3822,38.96,38.96,77.92,39,39,0.00,0.00,0,0
1544346736,2007-eth4,59.94,0.00,59.94,0,60,1.00,0.00,1.00,0,1,0.00,0.00,0,0
1544346736,2004-eth2,0.00,59.94,59.94,60,0,0.00,1.00,1.00,1,0,0.00,0.00,0,0
1544346736,3002-eth1,9734.27,9734.27,19468.53,9744,9744,99.90,99.90,199.80,100,100,0.00,0.00,0,0
1544346736,3004-eth1,9790.21,9790.21,19580.42,9800,9800,99.90,99.90,199.80,100,100,0.00,0.00,0,0
1544346736,2006-eth3,1220549.50,549846.19,1770395.62,550396,1221770,652.35,598.40,1250.75,599,653,0.00,0.00,0,0
1544346736,3004-eth2,831238.81,162085.92,993324.69,162248,832070,342.66,395.60,738.26,396,343,0.00,0.00,0,0
1544346736,3001-eth3,22451.55,620835.19,643286.75,621456,22474,292.71,307.69,600.40,308,293,0.00,0.00,0,0
1544346736,2003-eth4,9790.21,9790.21,19580.42,9800,9800,99.90,99.90,199.80,100,100,0.00,0.00,0,0
1544346736,2008-eth4,1224227.75,1230989.00,2455216.75,1232220,1225452,911.09,981.02,1892.11,982,912,0.00,0.00,0,0
1544346736,3008-eth3,688287.75,989186.81,1677474.62,990176,688976,679.32,663.34,1342.66,664,680,0.00,0.00,0,0
1544346736,2005-eth2,11692.31,11594.41,23286.71,11606,11704,119.88,118.88,238.76,119,120,0.00,0.00,0,0
1544346736,2006-eth4,13780.22,648359.69,662139.88,649008,13794,208.79,223.78,432.57,224,209,0.00,0.00,0,0
1544346736,3006-eth2,648359.69,13780.22,662139.88,13794,649008,223.78,208.79,432.57,209,224,0.00,0.00,0,0
1544346736,1003-eth4,645400.62,11672.33,657072.94,11684,646046,222.78,155.84,378.62,156,223,0.00,0.00,0,0
1544346736,2006-eth2,0.00,59.94,59.94,60,0,0.00,1.00,1.00,1,0,0.00,0.00,0,0
1544346736,3001-eth1,9496.50,9594.41,19090.91,9604,9506,96.90,97.90,194.81,98,97,0.00,0.00,0,0
1544346736,3008-eth2,1230989.00,1224227.75,2455216.75,1225452,1232220,981.02,911.09,1892.11,912,982,0.00,0.00,0,0
1544346736,2004-eth3,1220747.25,811178.81,2031926.12,811990,1221968,655.34,674.33,1329.67,675,656,0.00,0.00,0,0
1544346736,3001-eth4,707682.31,1083602.38,1791284.75,1084686,708390,662.34,702.30,1364.64,703,663,0.00,0.00,0,0
1544346736,1003-eth1,18559.44,513310.72,531870.12,513824,18578,197.80,259.74,457.54,260,198,0.00,0.00,0,0
1544346736,3002-eth2,1233850.12,1222585.50,2456435.75,1223808,1235084,1116.88,835.16,1952.05,836,1118,0.00,0.00,0,0
1544346736,2005-eth4,15370.63,15468.53,30839.16,15484,15386,156.84,157.84,314.69,158,157,0.00,0.00,0,0
1544346736,3003-eth2,811178.81,1220747.25,2031926.12,1221968,811990,674.33,655.34,1329.67,656,675,0.00,0.00,0,0
1544346736,2007-eth1,59.94,0.00,59.94,0,60,1.00,0.00,1.00,0,1,0.00,0.00,0,0
1544346736,1002-eth4,0.00,0.00,0.00,0,0,0.00,0.00,0.00,0,0,0.00,0.00,0,0
1544346736,3002-eth4,1204427.62,562429.56,1766857.25,562992,1205632,642.36,631.37,1273.73,632,643,0.00,0.00,0,0
1544346736,2007-eth3,0.00,59.94,59.94,60,0,0.00,1.00,1.00,1,0,0.00,0.00,0,0
1544346736,3005-eth1,101.90,41.96,143.86,42,102,2.00,1.00,3.00,1,2,0.00,0.00,0,0
1544346736,2001-eth4,9734.27,9734.27,19468.53,9744,9744,99.90,99.90,199.80,100,100,0.00,0.00,0,0
1544346736,3003-eth4,12267.73,148441.56,160709.30,148590,12280,139.86,142.86,282.72,143,140,0.00,0.00,0,0
1544346736,2004-eth1,649092.94,529178.81,1178271.75,529708,649742,278.72,347.65,626.37,348,279,0.00,0.00,0,0
1544346736,3006-eth4,18923.08,452299.72,471222.78,452752,18942,238.76,251.75,490.51,252,239,0.00,0.00,0,0
1544346736,3007-eth1,59.94,0.00,59.94,0,60,1.00,0.00,1.00,0,1,0.00,0.00,0,0
1544346736,2008-eth1,11672.33,645400.62,657072.94,646046,11684,155.84,222.78,378.62,223,156,0.00,0.00,0,0
1544346736,2002-eth2,0.00,59.94,59.94,60,0,0.00,1.00,1.00,1,0,0.00,0.00,0,0
1544346736,2003-eth1,7440.56,7500.50,14941.06,7508,7448,75.92,76.92,152.85,77,76,0.00,0.00,0,0
1544346736,3008-eth4,535870.12,142145.86,678016.00,142288,536406,230.77,233.77,464.54,234,231,0.00,0.00,0,0
1544346736,1004-eth4,59.94,0.00,59.94,0,60,1.00,0.00,1.00,0,1,0.00,0.00,0,0
1544346736,3006-eth1,15468.53,15370.63,30839.16,15386,15484,157.84,156.84,314.69,157,158,0.00,0.00,0,0
1544346736,1004-eth3,59.94,0.00,59.94,0,60,1.00,0.00,1.00,0,1,0.00,0.00,0,0
1544346736,1002-eth2,7734.27,7734.27,15468.53,7742,7742,78.92,78.92,157.84,79,79,0.00,0.00,0,0
1544346736,3004-eth3,32603.40,1072613.38,1105216.88,1073686,32636,445.55,466.53,912.09,467,446,0.00,0.00,0,0
1544346736,2003-eth3,9300.70,9360.64,18661.34,9370,9310,94.91,95.90,190.81,96,95,0.00,0.00,0,0
1544346736,2005-eth1,3818.18,3818.18,7636.36,3822,3822,38.96,38.96,77.92,39,39,0.00,0.00,0,0
1544346736,3002-eth3,28011.99,529346.69,557358.69,529876,28040,294.71,301.70,596.40,302,295,0.00,0.00,0,0
1544346736,3006-eth3,14143.86,215444.56,229588.42,215660,14158,166.83,169.83,336.66,170,167,0.00,0.00,0,0
1544346736,2001-eth1,3682.32,3622.38,7304.70,3626,3686,37.96,36.96,74.93,37,38,0.00,0.00,0,0
1544346736,3005-eth2,549846.19,1220549.50,1770395.62,1221770,550396,598.40,652.35,1250.75,653,599,0.00,0.00,0,0
1544346736,2001-eth2,11692.31,11790.21,23482.52,11802,11704,119.88,120.88,240.76,121,120,0.00,0.00,0,0
1544346736,3007-eth2,1047992.06,1219316.75,2267308.75,1220536,1049040,932.07,825.17,1757.24,826,933,0.00,0.00,0,0
1544346736,1001-eth1,3622.38,3682.32,7304.70,3686,3626,36.96,37.96,74.93,38,37,0.00,0.00,0,0
1544346736,3007-eth4,1092925.12,818369.62,1911294.75,819188,1094018,773.23,735.26,1508.49,736,774,0.00,0.00,0,0
1544346736,2003-eth2,7734.27,7734.27,15468.53,7742,7742,78.92,78.92,157.84,79,79,0.00,0.00,0,0
1544346736,3007-eth3,126511.49,3888.11,130399.60,3892,126638,53.95,49.95,103.90,50,54,0.00,0.00,0,0
1544346736,1002-eth1,11790.21,11692.31,23482.52,11704,11802,120.88,119.88,240.76,120,121,0.00,0.00,0,0
1544346736,2002-eth3,720539.50,1218103.88,1938643.38,1219322,721260,857.14,652.35,1509.49,653,858,0.00,0.00,0,0
1544346736,2007-eth2,0.00,0.00,0.00,0,0,0.00,0.00,0.00,0,0,0.00,0.00,0,0
1544346736,total,27558436.00,28133856.00,55692292.00,28161990,27585994,22500.50,22527.47,45027.97,22550,22523,0.00,0.00,0,0
1544346737,3003-eth3,1221468.62,684359.69,1905828.25,685044,1222690,644.36,633.37,1277.72,634,645,0.00,0.00,0,0
1544346737,2002-eth1,582209.81,21410.59,603620.38,21432,582792,207.79,227.77,435.56,228,208,0.00,0.00,0,0
1544346737,lo,7934.07,7934.07,15868.13,7942,7942,76.92,76.92,153.85,77,77,0.00,0.00,0,0
1544346737,3005-eth3,1226149.88,1222953.12,2449103.00,1224176,1227376,847.15,855.14,1702.30,856,848,0.00,0.00,0,0
1544346737,2005-eth3,0.00,0.00,0.00,0,0,0.00,0.00,0.00,0,0,0.00,0.00,0,0
1544346737,3004-eth4,1224909.12,1194012.00,2418921.25,1195206,1226134,762.24,798.20,1560.44,799,763,0.00,0.00,0,0
1544346737,1004-eth2,0.00,0.00,0.00,0,0,0.00,0.00,0.00,0,0,0.00,0.00,0,0
1544346737,2004-eth4,149906.09,1170929.12,1320835.25,1172100,150056,267.73,448.55,716.28,449,268,0.00,0.00,0,0
1544346737,1001-eth2,7734.27,7794.21,15528.47,7802,7742,78.92,79.92,158.84,80,79,0.00,0.00,0,0
1544346737,1003-eth3,595668.38,209534.47,805202.81,209744,596264,394.61,294.71,689.31,295,395,0.00,0.00,0,0
1544346737,2002-eth4,1222094.00,1230189.88,2452283.75,1231420,1223316,843.16,908.09,1751.25,909,844,0.00,0.00,0,0
1544346737,1001-eth4,0.00,0.00,0.00,0,0,0.00,0.00,0.00,0,0,0.00,0.00,0,0
1544346737,3001-eth2,1221686.38,647920.12,1869606.50,648568,1222908,625.37,699.30,1324.68,700,626,0.00,0.00,0,0
1544346737,1004-eth1,0.00,0.00,0.00,0,0,0.00,0.00,0.00,0,0,0.00,0.00,0,0
1544346737,3005-eth4,1190927.12,213910.09,1404837.25,214124,1192118,466.53,457.54,924.08,458,467,0.00,0.00,0,0
1544346737,1003-eth2,206059.95,667676.31,873736.31,668344,206266,257.74,411.59,669.33,412,258,0.00,0.00,0,0
1544346737,3008-eth1,0.00,0.00,0.00,0,0,0.00,0.00,0.00,0,0,0.00,0.00,0,0
1544346737,1002-eth3,11416.58,11356.64,22773.23,11368,11428,116.88,115.88,232.77,116,117,0.00,0.00,0,0
1544346737,2006-eth1,209534.47,595668.38,805202.81,596264,209744,294.71,394.61,689.31,395,295,0.00,0.00,0,0
1544346737,3003-eth1,9692.31,9752.25,19444.56,9762,9702,98.90,99.90,198.80,100,99,0.00,0.00,0,0
1544346737,2001-eth3,9594.41,9594.41,19188.81,9604,9604,97.90,97.90,195.80,98,98,0.00,0.00,0,0
1544346737,2008-eth2,0.00,0.00,0.00,0,0,0.00,0.00,0.00,0,0,0.00,0.00,0,0
1544346737,2008-eth3,1212807.25,971762.25,2184569.50,972734,1214020,895.10,762.24,1657.34,763,896,0.00,0.00,0,0
1544346737,1001-eth3,3916.08,3916.08,7832.17,3920,3920,39.96,39.96,79.92,40,40,0.00,0.00,0,0
1544346737,2007-eth4,0.00,0.00,0.00,0,0,0.00,0.00,0.00,0,0,0.00,0.00,0,0
1544346737,2004-eth2,0.00,0.00,0.00,0,0,0.00,0.00,0.00,0,0,0.00,0.00,0,0
1544346737,3002-eth1,9360.64,9300.70,18661.34,9310,9370,95.90,94.91,190.81,95,96,0.00,0.00,0,0
1544346737,3004-eth1,9850.15,9790.21,19640.36,9800,9860,100.90,99.90,200.80,100,101,0.00,0.00,0,0
1544346737,2006-eth3,1228095.88,223848.16,1451944.12,224072,1229324,569.43,511.49,1080.92,512,570,0.00,0.00,0,0
1544346737,3004-eth2,1170929.12,149906.09,1320835.25,150056,1172100,448.55,267.73,716.28,268,449,0.00,0.00,0,0
1544346737,3001-eth3,19748.25,478833.19,498581.44,479312,19768,251.75,259.74,511.49,260,252,0.00,0.00,0,0
1544346737,2003-eth4,9790.21,9850.15,19640.36,9860,9800,99.90,100.90,200.80,101,100,0.00,0.00,0,0
1544346737,2008-eth4,1220711.38,1230743.25,2451454.50,1231974,1221932,835.16,1085.91,1921.08,1087,836,0.00,0.00,0,0
1544346737,3008-eth3,570667.38,884999.00,1455666.38,885884,571238,590.41,589.41,1179.82,590,591,0.00,0.00,0,0
1544346737,2005-eth2,11356.64,11416.58,22773.23,11428,11368,115.88,116.88,232.77,117,116,0.00,0.00,0,0
1544346737,2006-eth4,14373.63,666113.88,680487.50,666780,14388,217.78,229.77,447.55,230,218,0.00,0.00,0,0
1544346737,3006-eth2,666113.88,14373.63,680487.50,14388,666780,229.77,217.78,447.55,218,230,0.00,0.00,0,0
1544346737,1003-eth4,654337.69,17996.00,672333.69,18014,654992,226.77,191.81,418.58,192,227,0.00,0.00,0,0
1544346737,2006-eth2,0.00,0.00,0.00,0,0,0.00,0.00,0.00,0,0,0.00,0.00,0,0
1544346737,3001-eth1,9594.41,9594.41,19188.81,9604,9604,97.90,97.90,195.80,98,98,0.00,0.00,0,0
1544346737,3008-eth2,1230743.25,1220711.38,2451454.50,1221932,1231974,1085.91,835.16,1921.08,836,1087,0.00,0.00,0,0
1544346737,2004-eth3,1224231.75,817582.44,2041814.25,818400,1225456,686.31,679.32,1365.63,680,687,0.00,0.00,0,0
1544346737,3001-eth4,637766.25,837328.69,1475095.00,838166,638404,545.45,566.43,1111.89,567,546,0.00,0.00,0,0
1544346737,1003-eth1,21410.59,582209.81,603620.38,582792,21432,227.77,207.79,435.56,208,228,0.00,0.00,0,0
1544346737,3002-eth2,1230189.88,1222094.00,2452283.75,1223316,1231420,908.09,843.16,1751.25,844,909,0.00,0.00,0,0
1544346737,2005-eth4,15272.73,15272.73,30545.46,15288,15288,155.84,155.84,311.69,156,156,0.00,0.00,0,0
1544346737,3003-eth2,817582.44,1224231.75,2041814.25,1225456,818400,679.32,686.31,1365.63,687,680,0.00,0.00,0,0
1544346737,2007-eth1,0.00,0.00,0.00,0,0,0.00,0.00,0.00,0,0,0.00,0.00,0,0
1544346737,1002-eth4,59.94,59.94,119.88,60,60,1.00,1.00,2.00,1,1,0.00,0.00,0,0
1544346737,3002-eth4,1201434.62,433352.66,1634787.25,433786,1202636,623.38,604.40,1227.77,605,624,0.00,0.00,0,0
1544346737,2007-eth3,59.94,0.00,59.94,0,60,1.00,0.00,1.00,0,1,0.00,0.00,0,0
1544346737,3005-eth1,0.00,0.00,0.00,0,0,0.00,0.00,0.00,0,0,0.00,0.00,0,0
1544346737,2001-eth4,9300.70,9360.64,18661.34,9370,9310,94.91,95.90,190.81,96,95,0.00,0.00,0,0
1544346737,3003-eth4,12395.60,142915.09,155310.69,143058,12408,139.86,144.86,284.72,145,140,0.00,0.00,0,0
1544346737,2004-eth1,667676.31,206059.95,873736.31,206266,668344,411.59,257.74,669.33,258,412,0.00,0.00,0,0
1544346737,3006-eth4,9496.50,9496.50,18993.01,9506,9506,96.90,96.90,193.81,97,97,0.00,0.00,0,0
1544346737,3007-eth1,0.00,59.94,59.94,60,0,0.00,1.00,1.00,1,0,0.00,0.00,0,0
1544346737,2008-eth1,17996.00,654337.69,672333.69,654992,18014,191.81,226.77,418.58,227,192,0.00,0.00,0,0
1544346737,2002-eth2,0.00,0.00,0.00,0,0,0.00,0.00,0.00,0,0,0.00,0.00,0,0
1544346737,2003-eth1,7794.21,7734.27,15528.47,7742,7802,79.92,78.92,158.84,79,80,0.00,0.00,0,0
1544346737,3008-eth4,650044.00,109882.12,759926.12,109992,650694,244.76,255.74,500.50,256,245,0.00,0.00,0,0
1544346737,1004-eth4,0.00,0.00,0.00,0,0,0.00,0.00,0.00,0,0,0.00,0.00,0,0
1544346737,3006-eth1,15272.73,15272.73,30545.46,15288,15288,155.84,155.84,311.69,156,156,0.00,0.00,0,0
1544346737,1004-eth3,0.00,0.00,0.00,0,0,0.00,0.00,0.00,0,0,0.00,0.00,0,0
1544346737,1002-eth2,7892.11,7892.11,15784.22,7900,7900,80.92,80.92,161.84,81,81,0.00,0.00,0,0
1544346737,3004-eth3,32993.01,1093326.75,1126319.75,1094420,33026,451.55,473.53,925.07,474,452,0.00,0.00,0,0
1544346737,2003-eth3,9752.25,9692.31,19444.56,9702,9762,99.90,98.90,198.80,99,100,0.00,0.00,0,0
1544346737,2005-eth1,3916.08,3916.08,7832.17,3920,3920,39.96,39.96,79.92,40,40,0.00,0.00,0,0
1544346737,3002-eth3,29960.04,579023.00,608983.06,579602,29990,314.69,332.67,647.35,333,315,0.00,0.00,0,0
1544346737,3006-eth3,23870.13,675610.44,699480.56,676286,23894,314.69,326.67,641.36,327,315,0.00,0.00,0,0
1544346737,2001-eth1,3818.18,3818.18,7636.36,3822,3822,38.96,38.96,77.92,39,39,0.00,0.00,0,0
1544346737,3005-eth2,223848.16,1228095.88,1451944.12,1229324,224072,511.49,569.43,1080.92,570,512,0.00,0.00,0,0
1544346737,2001-eth2,11356.64,11416.58,22773.23,11428,11368,115.88,116.88,232.77,117,116,0.00,0.00,0,0
1544346737,3007-eth2,971762.25,1212807.25,2184569.50,1214020,972734,762.24,895.10,1657.34,896,763,0.00,0.00,0,0
1544346737,1001-eth1,3818.18,3818.18,7636.36,3822,3822,38.96,38.96,77.92,39,39,0.00,0.00,0,0
1544346737,3007-eth4,1126285.75,666379.62,1792665.38,667046,1127412,747.25,606.39,1353.65,607,748,0.00,0.00,0,0
1544346737,2003-eth2,7892.11,7892.11,15784.22,7900,7900,80.92,80.92,161.84,81,81,0.00,0.00,0,0
1544346737,3007-eth3,86521.48,305382.62,391904.09,305688,86608,147.85,155.84,303.70,156,148,0.00,0.00,0,0
1544346737,1002-eth1,11416.58,11356.64,22773.23,11368,11428,116.88,115.88,232.77,116,117,0.00,0.00,0,0
1544346737,2002-eth3,647920.12,1221686.38,1869606.50,1222908,648568,699.30,625.37,1324.68,626,700,0.00,0.00,0,0
1544346737,2007-eth2,59.94,59.94,119.88,60,60,1.00,1.00,2.00,1,1,0.00,0.00,0,0
1544346737,total,26880448.00,27147576.00,54028020.00,27174722,26907328,21788.21,21756.24,43544.46,21778,21810,0.00,0.00,0,0
1544346738,3003-eth3,1212265.75,303584.44,1515850.25,303888,1213478,544.46,563.44,1107.89,564,545,0.00,0.00,0,0
1544346738,2002-eth1,573216.81,25072.93,598289.75,25098,573790,290.71,266.73,557.44,267,291,0.00,0.00,0,0
1544346738,lo,64529.47,64529.47,129058.95,64594,64594,293.71,293.71,587.41,294,294,0.00,0.00,0,0
1544346738,3005-eth3,1220853.12,1213332.75,2434186.00,1214546,1222074,876.12,890.11,1766.23,891,877,0.00,0.00,0,0
1544346738,2005-eth3,0.00,0.00,0.00,0,0,0.00,0.00,0.00,0,0,0.00,0.00,0,0
1544346738,3004-eth4,1215296.75,714717.31,1930014.00,715432,1216512,630.37,659.34,1289.71,660,631,0.00,0.00,0,0
1544346738,1004-eth2,0.00,59.94,59.94,60,0,0.00,1.00,1.00,1,0,0.00,0.00,0,0
1544346738,2004-eth4,157508.50,691310.69,848819.19,692002,157666,365.63,304.70,670.33,305,366,0.00,0.00,0,0
1544346738,1001-eth2,7734.27,7734.27,15468.53,7742,7742,78.92,78.92,157.84,79,79,0.00,0.00,0,0
1544346738,1003-eth3,582701.31,585452.56,1168153.88,586038,583284,391.61,472.53,864.14,473,392,0.00,0.00,0,0
1544346738,2002-eth4,1218058.00,1221067.00,2439125.00,1222288,1219276,941.06,967.03,1908.09,968,942,0.00,0.00,0,0
1544346738,1001-eth4,0.00,0.00,0.00,0,0,0.00,0.00,0.00,0,0,0.00,0.00,0,0
1544346738,3001-eth2,1209904.12,646337.69,1856241.75,646984,1211114,688.31,675.32,1363.64,676,689,0.00,0.00,0,0
1544346738,1004-eth1,0.00,0.00,0.00,0,0,0.00,0.00,0.00,0,0,0.00,0.00,0,0
1544346738,3005-eth4,1186703.38,585962.06,1772665.38,586548,1187890,586.41,593.41,1179.82,594,587,0.00,0.00,0,0
1544346738,1003-eth2,577564.44,273500.50,851064.94,273774,578142,388.61,243.76,632.37,244,389,0.00,0.00,0,0
1544346738,3008-eth1,59.94,0.00,59.94,0,60,1.00,0.00,1.00,0,1,0.00,0.00,0,0
1544346738,1002-eth3,11748.25,11748.25,23496.50,11760,11760,119.88,119.88,239.76,120,120,0.00,0.00,0,0
1544346738,2006-eth1,585452.56,582701.31,1168153.88,583284,586038,472.53,391.61,864.14,392,473,0.00,0.00,0,0
1544346738,3003-eth1,9594.41,9594.41,19188.81,9604,9604,97.90,97.90,195.80,98,98,0.00,0.00,0,0
1544346738,2001-eth3,9752.25,9692.31,19444.56,9702,9762,99.90,98.90,198.80,99,100,0.00,0.00,0,0
1544346738,2008-eth2,59.94,0.00,59.94,0,60,1.00,0.00,1.00,0,1,0.00,0.00,0,0
1544346738,2008-eth3,1019760.25,795007.00,1814767.25,795802,1020780,726.27,692.31,1418.58,693,727,0.00,0.00,0,0
1544346738,1001-eth3,3818.18,3818.18,7636.36,3822,3822,38.96,38.96,77.92,39,39,0.00,0.00,0,0
1544346738,2007-eth4,0.00,59.94,59.94,60,0,0.00,1.00,1.00,1,0,0.00,0.00,0,0
1544346738,2004-eth2,59.94,0.00,59.94,0,60,1.00,0.00,1.00,0,1,0.00,0.00,0,0
1544346738,3002-eth1,9692.31,9752.25,19444.56,9762,9702,98.90,99.90,198.80,100,99,0.00,0.00,0,0
1544346738,3004-eth1,9692.31,9692.31,19384.62,9702,9702,98.90,98.90,197.80,99,99,0.00,0.00,0,0
1544346738,2006-eth3,1218201.88,599892.12,1818094.00,600492,1219420,603.40,691.31,1294.71,692,604,0.00,0.00,0,0
1544346738,3004-eth2,691310.69,157508.50,848819.19,157666,692002,304.70,365.63,670.33,366,305,0.00,0.00,0,0
1544346738,3001-eth3,19054.95,446381.62,465436.56,446828,19074,240.76,249.75,490.51,250,241,0.00,0.00,0,0
1544346738,2003-eth4,9692.31,9692.31,19384.62,9702,9702,98.90,98.90,197.80,99,99,0.00,0.00,0,0
1544346738,2008-eth4,1218397.62,1036945.06,2255342.75,1037982,1219616,751.25,909.09,1660.34,910,752,0.00,0.00,0,0
1544346738,3008-eth3,478627.38,915226.81,1393854.12,916142,479106,479.52,558.44,1037.96,559,480,0.00,0.00,0,0
1544346738,2005-eth2,11748.25,11748.25,23496.50,11760,11760,119.88,119.88,239.76,120,120,0.00,0.00,0,0
1544346738,2006-eth4,14499.50,715031.00,729530.50,715746,14514,219.78,247.75,467.53,248,220,0.00,0.00,0,0
1544346738,3006-eth2,715031.00,14499.50,729530.50,14514,715746,247.75,219.78,467.53,220,248,0.00,0.00,0,0
1544346738,1003-eth4,263956.06,17184.82,281140.88,17202,264220,141.86,182.82,324.68,183,142,0.00,0.00,0,0
1544346738,2006-eth2,59.94,0.00,59.94,0,60,1.00,0.00,1.00,0,1,0.00,0.00,0,0
1544346738,3001-eth1,9692.31,9752.25,19444.56,9762,9702,98.90,99.90,198.80,100,99,0.00,0.00,0,0
1544346738,3008-eth2,1036945.06,1218397.62,2255342.75,1219616,1037982,909.09,751.25,1660.34,752,910,0.00,0.00,0,0
1544346738,2004-eth3,1214837.25,430889.12,1645726.38,431320,1216052,583.42,607.39,1190.81,608,584,0.00,0.00,0,0
1544346738,3001-eth4,636975.06,847116.88,1484092.00,847964,637612,533.47,517.48,1050.95,518,534,0.00,0.00,0,0
1544346738,1003-eth1,25072.93,573216.81,598289.75,573790,25098,266.73,290.71,557.44,291,267,0.00,0.00,0,0
1544346738,3002-eth2,1221067.00,1218058.00,2439125.00,1219276,1222288,967.03,941.06,1908.09,942,968,0.00,0.00,0,0
1544346738,2005-eth4,15566.43,15626.37,31192.81,15642,15582,158.84,159.84,318.68,160,159,0.00,0.00,0,0
1544346738,3003-eth2,430889.12,1214837.25,1645726.38,1216052,431320,607.39,583.42,1190.81,584,608,0.00,0.00,0,0
1544346738,2007-eth1,0.00,0.00,0.00,0,0,0.00,0.00,0.00,0,0,0.00,0.00,0,0
1544346738,1002-eth4,0.00,0.00,0.00,0,0,0.00,0.00,0.00,0,0,0.00,0.00,0,0
1544346738,3002-eth4,1190307.75,646527.50,1836835.25,647174,1191498,676.32,634.37,1310.69,635,677,0.00,0.00,0,0
1544346738,2007-eth3,0.00,0.00,0.00,0,0,0.00,0.00,0.00,0,0,0.00,0.00,0,0
1544346738,3005-eth1,0.00,0.00,0.00,0,0,0.00,0.00,0.00,0,0,0.00,0.00,0,0
1544346738,2001-eth4,9752.25,9692.31,19444.56,9702,9762,99.90,98.90,198.80,99,100,0.00,0.00,0,0
1544346738,3003-eth4,12165.83,136899.11,149064.94,137036,12178,136.86,141.86,278.72,142,137,0.00,0.00,0,0
1544346738,2004-eth1,273500.50,577564.44,851064.94,578142,273774,243.76,388.61,632.37,389,244,0.00,0.00,0,0
1544346738,3006-eth4,19378.62,504115.91,523494.53,504620,19398,245.75,269.73,515.48,270,246,0.00,0.00,0,0
1544346738,3007-eth1,0.00,0.00,0.00,0,0,0.00,0.00,0.00,0,0,0.00,0.00,0,0
1544346738,2008-eth1,17184.82,263956.06,281140.88,264220,17202,182.82,141.86,324.68,142,183,0.00,0.00,0,0
1544346738,2002-eth2,0.00,0.00,0.00,0,0,0.00,0.00,0.00,0,0,0.00,0.00,0,0
1544346738,2003-eth1,7734.27,7734.27,15468.53,7742,7742,78.92,78.92,157.84,79,79,0.00,0.00,0,0
1544346738,3008-eth4,739890.12,25636.37,765526.50,25662,740630,273.73,272.73,546.45,273,274,0.00,0.00,0,0
1544346738,1004-eth4,0.00,59.94,59.94,60,0,0.00,1.00,1.00,1,0,0.00,0.00,0,0
1544346738,3006-eth1,15626.37,15566.43,31192.81,15582,15642,159.84,158.84,318.68,159,160,0.00,0.00,0,0
1544346738,1004-eth3,0.00,59.94,59.94,60,0,0.00,1.00,1.00,1,0,0.00,0.00,0,0
1544346738,1002-eth2,7832.17,7832.17,15664.34,7840,7840,79.92,79.92,159.84,80,80,0.00,0.00,0,0
1544346738,3004-eth3,33098.90,1118413.62,1151512.50,1119532,33132,453.55,481.52,935.06,482,454,0.00,0.00,0,0
1544346738,2003-eth3,9594.41,9594.41,19188.81,9604,9604,97.90,97.90,195.80,98,98,0.00,0.00,0,0
1544346738,2005-eth1,3818.18,3818.18,7636.36,3822,3822,38.96,38.96,77.92,39,39,0.00,0.00,0,0
1544346738,3002-eth3,34483.52,530631.38,565114.88,531162,34518,362.64,364.64,727.27,365,363,0.00,0.00,0,0
1544346738,3006-eth3,14467.53,230141.86,244609.39,230372,14482,171.83,173.83,345.65,174,172,0.00,0.00,0,0
1544346738,2001-eth1,3916.08,3916.08,7832.17,3920,3920,39.96,39.96,79.92,40,40,0.00,0.00,0,0
1544346738,3005-eth2,599892.12,1218201.88,1818094.00,1219420,600492,691.31,603.40,1294.71,604,692,0.00,0.00,0,0
1544346738,2001-eth2,11748.25,11748.25,23496.50,11760,11760,119.88,119.88,239.76,120,120,0.00,0.00,0,0
1544346738,3007-eth2,795007.00,1019760.25,1814767.25,1020780,795802,692.31,726.27,1418.58,727,693,0.00,0.00,0,0
1544346738,1001-eth1,3916.08,3916.08,7832.17,3920,3920,39.96,39.96,79.92,40,40,0.00,0.00,0,0
1544346738,3007-eth4,997055.00,557686.31,1554741.25,558244,998052,621.38,581.42,1202.80,582,622,0.00,0.00,0,0
1544346738,2003-eth2,7832.17,7832.17,15664.34,7840,7840,79.92,79.92,159.84,80,80,0.00,0.00,0,0
1544346738,3007-eth3,22645.36,237320.69,259966.05,237558,22668,103.90,110.89,214.79,111,104,0.00,0.00,0,0
1544346738,1002-eth1,11748.25,11748.25,23496.50,11760,11760,119.88,119.88,239.76,120,120,0.00,0.00,0,0
1544346738,2002-eth3,646337.69,1209904.12,1856241.75,1211114,646984,675.32,688.31,1363.64,689,676,0.00,0.00,0,0
1544346738,2007-eth2,0.00,0.00,0.00,0,0,0.00,0.00,0.00,0,0,0.00,0.00,0,0
1544346738,total,25606584.00,25587010.00,51193592.00,25612596,25632190,21652.35,21778.22,43430.57,21800,21674,0.00,0.00,0,0
1544346739,3003-eth3,1216531.50,447104.91,1663636.38,447552,1217748,600.40,615.38,1215.78,616,601,0.00,0.00,0,0
1544346739,2002-eth1,623176.81,17602.40,640779.25,17620,623800,258.74,193.81,452.55,194,259,0.00,0.00,0,0
1544346739,lo,7574.43,7574.43,15148.85,7582,7582,73.93,73.93,147.85,74,74,0.00,0.00,0,0
1544346739,3005-eth3,1217354.62,1215922.12,2433276.75,1217138,1218572,801.20,816.18,1617.38,817,802,0.00,0.00,0,0
1544346739,2005-eth3,59.94,0.00,59.94,0,60,1.00,0.00,1.00,0,1,0.00,0.00,0,0
1544346739,3004-eth4,1219051.00,655350.69,1874401.62,656006,1220270,718.28,702.30,1420.58,703,719,0.00,0.00,0,0
1544346739,1004-eth2,0.00,0.00,0.00,0,0,0.00,0.00,0.00,0,0,0.00,0.00,0,0
1544346739,2004-eth4,182859.14,632141.88,815001.00,632774,183042,360.64,350.65,711.29,351,361,0.00,0.00,0,0
1544346739,1001-eth2,7440.56,7440.56,14881.12,7448,7448,75.92,75.92,151.85,76,76,0.00,0.00,0,0
1544346739,1003-eth3,632413.62,216455.55,848869.12,216672,633046,356.64,291.71,648.35,292,357,0.00,0.00,0,0
1544346739,2002-eth4,1219081.00,1223029.00,2442110.00,1224252,1220300,814.19,909.09,1723.28,910,815,0.00,0.00,0,0
1544346739,1001-eth4,59.94,0.00,59.94,0,60,1.00,0.00,1.00,0,1,0.00,0.00,0,0
1544346739,3001-eth2,1220215.88,601484.56,1821700.38,602086,1221436,625.37,653.35,1278.72,654,626,0.00,0.00,0,0
1544346739,1004-eth1,0.00,59.94,59.94,60,0,0.00,1.00,1.00,1,0,0.00,0.00,0,0
1544346739,3005-eth4,1194163.88,224633.38,1418797.25,224858,1195358,514.49,488.51,1003.00,489,515,0.00,0.00,0,0
1544346739,1003-eth2,213314.69,414499.50,627814.19,414914,213528,251.75,298.70,550.45,299,252,0.00,0.00,0,0
1544346739,3008-eth1,0.00,0.00,0.00,0,0,0.00,0.00,0.00,0,0,0.00,0.00,0,0
1544346739,1002-eth3,11356.64,11416.58,22773.23,11428,11368,115.88,116.88,232.77,117,116,0.00,0.00,0,0
1544346739,2006-eth1,216455.55,632413.62,848869.12,633046,216672,291.71,356.64,648.35,357,292,0.00,0.00,0,0
1544346739,3003-eth1,9202.80,9202.80,18405.60,9212,9212,93.91,93.91,187.81,94,94,0.00,0.00,0,0
1544346739,2001-eth3,9496.50,9556.44,19052.95,9566,9506,96.90,97.90,194.81,98,97,0.00,0.00,0,0
1544346739,2008-eth2,0.00,0.00,0.00,0,0,0.00,0.00,0.00,0,0,0.00,0.00,0,0
1544346739,2008-eth3,1208499.50,982423.62,2190923.25,983406,1209708,793.21,814.19,1607.39,815,794,0.00,0.00,0,0
1544346739,1001-eth3,3878.12,3878.12,7756.24,3882,3882,39.96,39.96,79.92,40,40,0.00,0.00,0,0
1544346739,2007-eth4,0.00,0.00,0.00,0,0,0.00,0.00,0.00,0,0,0.00,0.00,0,0
1544346739,2004-eth2,0.00,0.00,0.00,0,0,0.00,0.00,0.00,0,0,0.00,0.00,0,0
1544346739,3002-eth1,9594.41,9594.41,19188.81,9604,9604,97.90,97.90,195.80,98,98,0.00,0.00,0,0
1544346739,3004-eth1,9790.21,9850.15,19640.36,9860,9800,99.90,100.90,200.80,101,100,0.00,0.00,0,0
1544346739,2006-eth3,1222907.12,230565.44,1453472.62,230796,1224130,599.40,505.49,1104.90,506,600,0.00,0.00,0,0
1544346739,3004-eth2,632141.88,182859.14,815001.00,183042,632774,350.65,360.64,711.29,361,351,0.00,0.00,0,0
1544346739,3001-eth3,20633.37,523120.91,543754.25,523644,20654,265.73,273.73,539.46,274,266,0.00,0.00,0,0
1544346739,2003-eth4,9850.15,9790.21,19640.36,9800,9860,100.90,99.90,200.80,100,101,0.00,0.00,0,0
1544346739,2008-eth4,1234018.00,1222961.12,2456979.00,1224184,1235252,988.01,947.05,1935.06,948,989,0.00,0.00,0,0
1544346739,3008-eth3,646931.06,1211404.62,1858335.75,1212616,647578,684.32,729.27,1413.59,730,685,0.00,0.00,0,0
1544346739,2005-eth2,11416.58,11356.64,22773.23,11368,11428,116.88,115.88,232.77,116,117,0.00,0.00,0,0
1544346739,2006-eth4,14109.89,669072.94,683182.81,669742,14124,213.79,230.77,444.56,231,214,0.00,0.00,0,0
1544346739,3006-eth2,669072.94,14109.89,683182.81,14124,669742,230.77,213.79,444.56,214,231,0.00,0.00,0,0
1544346739,1003-eth4,405202.81,14461.54,419664.34,14476,405608,199.80,153.85,353.65,154,200,0.00,0.00,0,0
1544346739,2006-eth2,0.00,0.00,0.00,0,0,0.00,0.00,0.00,0,0,0.00,0.00,0,0
1544346739,3001-eth1,9556.44,9496.50,19052.95,9506,9566,97.90,96.90,194.81,97,98,0.00,0.00,0,0
1544346739,3008-eth2,1222961.12,1234018.00,2456979.00,1235252,1224184,947.05,988.01,1935.06,989,948,0.00,0.00,0,0
1544346739,2004-eth3,1219504.50,597418.62,1816923.12,598016,1220724,645.35,660.34,1305.69,661,646,0.00,0.00,0,0
1544346739,3001-eth4,590407.62,831984.06,1422391.62,832816,590998,485.51,463.54,949.05,464,486,0.00,0.00,0,0
1544346739,1003-eth1,17602.40,623176.81,640779.25,623800,17620,193.81,258.74,452.55,259,194,0.00,0.00,0,0
1544346739,3002-eth2,1223029.00,1219081.00,2442110.00,1220300,1224252,909.09,814.19,1723.28,815,910,0.00,0.00,0,0
1544346739,2005-eth4,15234.77,15174.83,30409.59,15190,15250,155.84,154.85,310.69,155,156,0.00,0.00,0,0
1544346739,3003-eth2,597418.62,1219504.50,1816923.12,1220724,598016,660.34,645.35,1305.69,646,661,0.00,0.00,0,0
1544346739,2007-eth1,0.00,59.94,59.94,60,0,0.00,1.00,1.00,1,0,0.00,0.00,0,0
1544346739,1002-eth4,0.00,0.00,0.00,0,0,0.00,0.00,0.00,0,0,0.00,0.00,0,0
1544346739,3002-eth4,1204040.00,658491.50,1862531.50,659150,1205244,621.38,618.38,1239.76,619,622,0.00,0.00,0,0
1544346739,2007-eth3,0.00,0.00,0.00,0,0,0.00,0.00,0.00,0,0,0.00,0.00,0,0
1544346739,3005-eth1,0.00,59.94,59.94,60,0,0.00,1.00,1.00,1,0,0.00,0.00,0,0
1544346739,2001-eth4,9594.41,9594.41,19188.81,9604,9604,97.90,97.90,195.80,98,98,0.00,0.00,0,0
1544346739,3003-eth4,12295.71,163138.86,175434.56,163302,12308,140.86,146.85,287.71,147,141,0.00,0.00,0,0
1544346739,2004-eth1,414499.50,213314.69,627814.19,213528,414914,298.70,251.75,550.45,252,299,0.00,0.00,0,0
1544346739,3006-eth4,9398.60,9398.60,18797.20,9408,9408,95.90,95.90,191.81,96,96,0.00,0.00,0,0
1544346739,3007-eth1,0.00,0.00,0.00,0,0,0.00,0.00,0.00,0,0,0.00,0.00,0,0
1544346739,2008-eth1,14461.54,405202.81,419664.34,405608,14476,153.85,199.80,353.65,200,154,0.00,0.00,0,0
1544346739,2002-eth2,59.94,0.00,59.94,0,60,1.00,0.00,1.00,0,1,0.00,0.00,0,0
1544346739,2003-eth1,7440.56,7440.56,14881.12,7448,7448,75.92,75.92,151.85,76,76,0.00,0.00,0,0
1544346739,3008-eth4,585514.50,126177.83,711692.31,126304,586100,301.70,309.69,611.39,310,302,0.00,0.00,0,0
1544346739,1004-eth4,0.00,0.00,0.00,0,0,0.00,0.00,0.00,0,0,0.00,0.00,0,0
1544346739,3006-eth1,15174.83,15234.77,30409.59,15250,15190,154.85,155.84,310.69,156,155,0.00,0.00,0,0
1544346739,1004-eth3,0.00,0.00,0.00,0,0,0.00,0.00,0.00,0,0,0.00,0.00,0,0
1544346739,1002-eth2,7636.36,7636.36,15272.73,7644,7644,77.92,77.92,155.84,78,78,0.00,0.00,0,0
1544346739,3004-eth3,32999.00,1122917.12,1155916.12,1124040,33032,451.55,483.52,935.06,484,452,0.00,0.00,0,0
1544346739,2003-eth3,9202.80,9202.80,18405.60,9212,9212,93.91,93.91,187.81,94,94,0.00,0.00,0,0
1544346739,2005-eth1,3878.12,3878.12,7756.24,3882,3882,39.96,39.96,79.92,40,40,0.00,0.00,0,0
1544346739,3002-eth3,27534.47,547880.12,575414.62,548428,27562,290.71,297.70,588.41,298,291,0.00,0.00,0,0
1544346739,3006-eth3,23802.20,678765.25,702567.44,679444,23826,312.69,329.67,642.36,330,313,0.00,0.00,0,0
1544346739,2001-eth1,3622.38,3682.32,7304.70,3686,3626,36.96,37.96,74.93,38,37,0.00,0.00,0,0
1544346739,3005-eth2,230565.44,1222907.12,1453472.62,1224130,230796,505.49,599.40,1104.90,600,506,0.00,0.00,0,0
1544346739,2001-eth2,11612.39,11552.45,23164.84,11564,11624,118.88,117.88,236.76,118,119,0.00,0.00,0,0
1544346739,3007-eth2,982423.62,1208499.50,2190923.25,1209708,983406,814.19,793.21,1607.39,794,815,0.00,0.00,0,0
1544346739,1001-eth1,3682.32,3622.38,7304.70,3626,3686,37.96,36.96,74.93,37,38,0.00,0.00,0,0
1544346739,3007-eth4,1098191.88,699003.00,1797194.88,699702,1099290,652.35,662.34,1314.69,663,653,0.00,0.00,0,0
1544346739,2003-eth2,7636.36,7636.36,15272.73,7644,7644,77.92,77.92,155.84,78,78,0.00,0.00,0,0
1544346739,3007-eth3,110307.70,283420.59,393728.28,283704,110418,140.86,151.85,292.71,152,141,0.00,0.00,0,0
1544346739,1002-eth1,11552.45,11612.39,23164.84,11624,11564,117.88,118.88,236.76,119,118,0.00,0.00,0,0
1544346739,2002-eth3,601484.56,1220215.88,1821700.38,1221436,602086,653.35,625.37,1278.72,626,654,0.00,0.00,0,0
1544346739,2007-eth2,0.00,0.00,0.00,0,0,0.00,0.00,0.00,0,0,0.00,0.00,0,0
1544346739,total,25632180.00,25821736.00,51453916.00,25847558,25657812,21292.71,21399.60,42692.31,21421,21314,0.00,0.00,0,0
1544346740,3003-eth3,1221278.75,766665.38,1987944.12,767432,1222500,749.25,803.20,1552.45,804,750,0.00,0.00,0,0
1544346740,2002-eth1,632315.69,10477.52,642793.25,10488,632948,221.78,158.84,380.62,159,222,0.00,0.00,0,0
1544346740,lo,7110.89,7110.89,14221.78,7118,7118,68.93,68.93,137.86,69,69,0.00,0.00,0,0
1544346740,3005-eth3,1219796.25,1212157.88,2431954.00,1213370,1221016,882.12,788.21,1670.33,789,883,0.00,0.00,0,0
1544346740,2005-eth3,0.00,59.94,59.94,60,0,0.00,1.00,1.00,1,0,0.00,0.00,0,0
1544346740,3004-eth4,1212851.12,651076.94,1863928.12,651728,1214064,713.29,703.30,1416.58,704,714,0.00,0.00,0,0
1544346740,1004-eth2,59.94,0.00,59.94,0,60,1.00,0.00,1.00,0,1,0.00,0.00,0,0
1544346740,2004-eth4,241578.42,628197.81,869776.25,628826,241820,421.58,356.64,778.22,357,422,0.00,0.00,0,0
1544346740,1001-eth2,7836.16,7776.22,15612.39,7784,7844,80.92,79.92,160.84,80,81,0.00,0.00,0,0
1544346740,1003-eth3,650439.56,132991.02,783430.56,133124,651090,414.59,217.78,632.37,218,415,0.00,0.00,0,0
1544346740,2002-eth4,1213664.38,1214078.00,2427742.25,1215292,1214878,722.28,861.14,1583.42,862,723,0.00,0.00,0,0
1544346740,1001-eth4,41.96,101.90,143.86,102,42,1.00,2.00,3.00,2,1,0.00,0.00,0,0
1544346740,3001-eth2,1214877.12,581762.25,1796639.38,582344,1216092,588.41,639.36,1227.77,640,589,0.00,0.00,0,0
1544346740,1004-eth1,59.94,0.00,59.94,0,60,1.00,0.00,1.00,0,1,0.00,0.00,0,0
1544346740,3005-eth4,1192863.12,148419.58,1341282.75,148568,1194056,470.53,451.55,922.08,452,471,0.00,0.00,0,0
1544346740,1003-eth2,139476.53,737438.56,876915.12,738176,139616,239.76,461.54,701.30,462,240,0.00,0.00,0,0
1544346740,3008-eth1,41.96,101.90,143.86,102,42,1.00,2.00,3.00,2,1,0.00,0.00,0,0
1544346740,1002-eth3,11552.45,11552.45,23104.90,11564,11564,117.88,117.88,235.76,118,118,0.00,0.00,0,0
1544346740,2006-eth1,132991.02,650439.56,783430.56,651090,133124,217.78,414.59,632.37,415,218,0.00,0.00,0,0
1544346740,3003-eth1,9892.11,9832.17,19724.28,9842,9902,101.90,100.90,202.80,101,102,0.00,0.00,0,0
1544346740,2001-eth3,9594.41,9594.41,19188.81,9604,9604,97.90,97.90,195.80,98,98,0.00,0.00,0,0
1544346740,2008-eth2,0.00,59.94,59.94,60,0,0.00,1.00,1.00,1,0,0.00,0.00,0,0
1544346740,2008-eth3,1191138.88,787776.25,1978915.12,788564,1192330,788.21,736.26,1524.48,737,789,0.00,0.00,0,0
1544346740,1001-eth3,3818.18,3818.18,7636.36,3822,3822,38.96,38.96,77.92,39,39,0.00,0.00,0,0
1544346740,2007-eth4,101.90,41.96,143.86,42,102,2.00,1.00,3.00,1,2,0.00,0.00,0,0
1544346740,2004-eth2,0.00,59.94,59.94,60,0,0.00,1.00,1.00,1,0,0.00,0.00,0,0
1544346740,3002-eth1,9790.21,9790.21,19580.42,9800,9800,99.90,99.90,199.80,100,100,0.00,0.00,0,0
1544346740,3004-eth1,9692.31,9692.31,19384.62,9702,9702,98.90,98.90,197.80,99,99,0.00,0.00,0,0
1544346740,2006-eth3,1217538.50,147556.45,1365095.00,147704,1218756,537.46,438.56,976.02,439,538,0.00,0.00,0,0
1544346740,3004-eth2,628197.81,241578.42,869776.25,241820,628826,356.64,421.58,778.22,422,357,0.00,0.00,0,0
1544346740,3001-eth3,20737.26,521772.25,542509.50,522294,20758,266.73,274.73,541.46,275,267,0.00,0.00,0,0
1544346740,2003-eth4,9692.31,9692.31,19384.62,9702,9702,98.90,98.90,197.80,99,99,0.00,0.00,0,0
1544346740,2008-eth4,1219278.75,1208135.88,2427414.75,1209344,1220498,896.10,969.03,1865.13,970,897,0.00,0.00,0,0
1544346740,3008-eth3,596215.81,1064645.38,1660861.12,1065710,596812,573.43,630.37,1203.80,631,574,0.00,0.00,0,0
1544346740,2005-eth2,11552.45,11552.45,23104.90,11564,11564,117.88,117.88,235.76,118,118,0.00,0.00,0,0
1544346740,2006-eth4,14505.50,794865.19,809370.62,795660,14520,219.78,273.73,493.51,274,220,0.00,0.00,0,0
1544346740,3006-eth2,794865.19,14505.50,809370.62,14520,795660,273.73,219.78,493.51,220,274,0.00,0.00,0,0
1544346740,1003-eth4,719314.69,16903.10,736217.81,16920,720034,268.73,179.82,448.55,180,269,0.00,0.00,0,0
1544346740,2006-eth2,0.00,59.94,59.94,60,0,0.00,1.00,1.00,1,0,0.00,0.00,0,0
1544346740,3001-eth1,9594.41,9594.41,19188.81,9604,9604,97.90,97.90,195.80,98,98,0.00,0.00,0,0
1544346740,3008-eth2,1208135.88,1219278.75,2427414.75,1220498,1209344,969.03,896.10,1865.13,897,970,0.00,0.00,0,0
1544346740,2004-eth3,1224929.12,979017.00,2203946.00,979996,1226154,804.20,883.12,1687.31,884,805,0.00,0.00,0,0
1544346740,3001-eth4,570619.38,863152.88,1433772.25,864016,571190,470.53,475.52,946.05,476,471,0.00,0.00,0,0
1544346740,1003-eth1,10477.52,632315.69,642793.25,632948,10488,158.84,221.78,380.62,222,159,0.00,0.00,0,0
1544346740,3002-eth2,1214078.00,1213664.38,2427742.25,1214878,1215292,861.14,722.28,1583.42,723,862,0.00,0.00,0,0
1544346740,2005-eth4,15370.63,15370.63,30741.26,15386,15386,156.84,156.84,313.69,157,157,0.00,0.00,0,0
1544346740,3003-eth2,979017.00,1224929.12,2203946.00,1226154,979996,883.12,804.20,1687.31,805,884,0.00,0.00,0,0
1544346740,2007-eth1,101.90,41.96,143.86,42,102,2.00,1.00,3.00,1,2,0.00,0.00,0,0
1544346740,1002-eth4,0.00,0.00,0.00,0,0,0.00,0.00,0.00,0,0,0.00,0.00,0,0
1544346740,3002-eth4,1202971.00,524741.25,1727712.38,525266,1204174,561.44,564.44,1125.87,565,562,0.00,0.00,0,0
1544346740,2007-eth3,0.00,59.94,59.94,60,0,0.00,1.00,1.00,1,0,0.00,0.00,0,0
1544346740,3005-eth1,59.94,0.00,59.94,0,60,1.00,0.00,1.00,0,1,0.00,0.00,0,0
1544346740,2001-eth4,9790.21,9790.21,19580.42,9800,9800,99.90,99.90,199.80,100,100,0.00,0.00,0,0
1544346740,3003-eth4,13482.52,218501.50,231984.02,218720,13496,155.84,171.83,327.67,172,156,0.00,0.00,0,0
1544346740,2004-eth1,737438.56,139476.53,876915.12,139616,738176,461.54,239.76,701.30,240,462,0.00,0.00,0,0
1544346740,3006-eth4,20537.46,622575.44,643112.88,623198,20558,262.74,310.69,573.43,311,263,0.00,0.00,0,0
1544346740,3007-eth1,59.94,0.00,59.94,0,60,1.00,0.00,1.00,0,1,0.00,0.00,0,0
1544346740,2008-eth1,16903.10,719314.69,736217.81,720034,16920,179.82,268.73,448.55,269,180,0.00,0.00,0,0
1544346740,2002-eth2,0.00,59.94,59.94,60,0,0.00,1.00,1.00,1,0,0.00,0.00,0,0
1544346740,2003-eth1,7776.22,7836.16,15612.39,7844,7784,79.92,80.92,160.84,81,80,0.00,0.00,0,0
1544346740,3008-eth4,624617.38,130435.57,755052.94,130566,625242,324.68,326.67,651.35,327,325,0.00,0.00,0,0
1544346740,1004-eth4,59.94,0.00,59.94,0,60,1.00,0.00,1.00,0,1,0.00,0.00,0,0
1544346740,3006-eth1,15370.63,15370.63,30741.26,15386,15386,156.84,156.84,313.69,157,157,0.00,0.00,0,0
1544346740,1004-eth3,59.94,0.00,59.94,0,60,1.00,0.00,1.00,0,1,0.00,0.00,0,0
1544346740,1002-eth2,7832.17,7832.17,15664.34,7840,7840,79.92,79.92,159.84,80,80,0.00,0.00,0,0
1544346740,3004-eth3,32571.43,1127290.75,1159862.12,1128418,32604,445.55,484.52,930.07,485,446,0.00,0.00,0,0
1544346740,2003-eth3,9832.17,9892.11,19724.28,9902,9842,100.90,101.90,202.80,102,101,0.00,0.00,0,0
1544346740,2005-eth1,3818.18,3818.18,7636.36,3822,3822,38.96,38.96,77.92,39,39,0.00,0.00,0,0
1544346740,3002-eth3,20543.46,551558.44,572101.94,552110,20564,261.74,286.71,548.45,287,262,0.00,0.00,0,0
1544346740,3006-eth3,13254.75,191674.33,204929.08,191866,13268,153.85,160.84,314.69,161,154,0.00,0.00,0,0
1544346740,2001-eth1,3976.02,3916.08,7892.11,3920,3980,40.96,39.96,80.92,40,41,0.00,0.00,0,0
1544346740,3005-eth2,147556.45,1217538.50,1365095.00,1218756,147704,438.56,537.46,976.02,538,439,0.00,0.00,0,0
1544346740,2001-eth2,11552.45,11552.45,23104.90,11564,11564,117.88,117.88,235.76,118,118,0.00,0.00,0,0
1544346740,3007-eth2,787776.25,1191138.88,1978915.12,1192330,788564,736.26,788.21,1524.48,789,737,0.00,0.00,0,0
1544346740,1001-eth1,3916.08,3976.02,7892.11,3980,3920,39.96,40.96,80.92,41,40,0.00,0.00,0,0
1544346740,3007-eth4,1078561.50,630549.44,1709110.88,631180,1079640,656.34,633.37,1289.71,634,657,0.00,0.00,0,0
1544346740,2003-eth2,7832.17,7832.17,15664.34,7840,7840,79.92,79.92,159.84,80,80,0.00,0.00,0,0
1544346740,3007-eth3,112697.30,189126.88,301824.19,189316,112810,133.87,125.87,259.74,126,134,0.00,0.00,0,0
1544346740,1002-eth1,11552.45,11552.45,23104.90,11564,11564,117.88,117.88,235.76,118,118,0.00,0.00,0,0
1544346740,2002-eth3,581762.25,1214877.12,1796639.38,1216092,582344,639.36,588.41,1227.77,589,640,0.00,0.00,0,0
1544346740,2007-eth2,0.00,0.00,0.00,0,0,0.00,0.00,0.00,0,0,0.00,0.00,0,0
1544346740,total,26281248.00,26541992.00,52823244.00,26568534,26307528,21522.48,21632.37,43154.85,21654,21544,0.00,0.00,0,0
1544346741,3003-eth3,1217694.38,575029.00,1792723.38,575604,1218912,849.15,857.14,1706.29,858,850,0.00,0.00,0,0
1544346741,2002-eth1,538809.19,12659.34,551468.56,12672,539348,185.81,191.81,377.62,192,186,0.00,0.00,0,0
1544346741,lo,65456.55,65456.55,130913.09,65522,65522,303.70,303.70,607.39,304,304,0.00,0.00,0,0
1544346741,3005-eth3,1215916.12,1215842.25,2431758.25,1217058,1217132,845.15,800.20,1645.35,801,846,0.00,0.00,0,0
1544346741,2005-eth3,0.00,0.00,0.00,0,0,0.00,0.00,0.00,0,0,0.00,0.00,0,0
1544346741,3004-eth4,1216046.00,640485.56,1856531.50,641126,1217262,686.31,674.33,1360.64,675,687,0.00,0.00,0,0
1544346741,1004-eth2,0.00,0.00,0.00,0,0,0.00,0.00,0.00,0,0,0.00,0.00,0,0
1544346741,2004-eth4,265256.75,618589.44,883846.19,619208,265522,536.46,342.66,879.12,343,537,0.00,0.00,0,0
1544346741,1001-eth2,7636.36,7696.30,15332.67,7704,7644,77.92,78.92,156.84,79,78,0.00,0.00,0,0
1544346741,1003-eth3,550983.06,425948.06,976931.12,426374,551534,315.68,382.62,698.30,383,316,0.00,0.00,0,0
1544346741,2002-eth4,1214259.75,1211950.12,2426209.75,1213162,1215474,776.22,763.24,1539.46,764,777,0.00,0.00,0,0
1544346741,1001-eth4,0.00,0.00,0.00,0,0,0.00,0.00,0.00,0,0,0.00,0.00,0,0
1544346741,3001-eth2,1215077.00,673080.94,1888157.88,673754,1216292,569.43,576.42,1145.85,577,570,0.00,0.00,0,0
1544346741,1004-eth1,0.00,0.00,0.00,0,0,0.00,0.00,0.00,0,0,0.00,0.00,0,0
1544346741,3005-eth4,1206561.50,439200.81,1645762.25,439640,1207768,585.41,583.42,1168.83,584,586,0.00,0.00,0,0
1544346741,1003-eth2,431378.62,531738.25,963116.94,532270,431810,383.62,396.60,780.22,397,384,0.00,0.00,0,0
1544346741,3008-eth1,0.00,0.00,0.00,0,0,0.00,0.00,0.00,0,0,0.00,0.00,0,0
1544346741,1002-eth3,11514.49,11454.55,22969.03,11466,11526,117.88,116.88,234.77,117,118,0.00,0.00,0,0
1544346741,2006-eth1,425948.06,550983.06,976931.12,551534,426374,382.62,315.68,698.30,316,383,0.00,0.00,0,0
1544346741,3003-eth1,9594.41,9654.35,19248.75,9664,9604,97.90,98.90,196.80,99,98,0.00,0.00,0,0
1544346741,2001-eth3,9790.21,9790.21,19580.42,9800,9800,99.90,99.90,199.80,100,100,0.00,0.00,0,0
1544346741,2008-eth2,0.00,0.00,0.00,0,0,0.00,0.00,0.00,0,0,0.00,0.00,0,0
1544346741,2008-eth3,1192895.12,635358.69,1828253.75,635994,1194088,677.32,684.32,1361.64,685,678,0.00,0.00,0,0
1544346741,1001-eth3,3818.18,3818.18,7636.36,3822,3822,38.96,38.96,77.92,39,39,0.00,0.00,0,0
1544346741,2007-eth4,0.00,0.00,0.00,0,0,0.00,0.00,0.00,0,0,0.00,0.00,0,0
1544346741,2004-eth2,0.00,0.00,0.00,0,0,0.00,0.00,0.00,0,0,0.00,0.00,0,0
1544346741,3002-eth1,9458.54,9398.60,18857.14,9408,9468,96.90,95.90,192.81,96,97,0.00,0.00,0,0
1544346741,3004-eth1,9850.15,9790.21,19640.36,9800,9860,100.90,99.90,200.80,100,101,0.00,0.00,0,0
1544346741,2006-eth3,1212875.12,439068.94,1651944.12,439508,1214088,593.41,581.42,1174.83,582,594,0.00,0.00,0,0
1544346741,3004-eth2,618589.44,265256.75,883846.19,265522,619208,342.66,536.46,879.12,537,343,0.00,0.00,0,0
1544346741,3001-eth3,17108.89,348765.25,365874.12,349114,17126,210.79,216.78,427.57,217,211,0.00,0.00,0,0
1544346741,2003-eth4,9790.21,9850.15,19640.36,9860,9800,99.90,100.90,200.80,101,100,0.00,0.00,0,0
1544346741,2008-eth4,1219534.50,1210831.25,2430365.75,1212042,1220754,856.14,868.13,1724.28,869,857,0.00,0.00,0,0
1544346741,3008-eth3,568797.19,1139878.12,1708675.38,1141018,569366,574.43,640.36,1214.79,641,575,0.00,0.00,0,0
1544346741,2005-eth2,11454.55,11514.49,22969.03,11526,11466,116.88,117.88,234.77,118,117,0.00,0.00,0,0
1544346741,2006-eth4,13120.88,655790.25,668911.12,656446,13134,198.80,226.77,425.57,227,199,0.00,0.00,0,0
1544346741,3006-eth2,655790.25,13120.88,668911.12,13134,656446,226.77,198.80,425.57,199,227,0.00,0.00,0,0
1544346741,1003-eth4,519684.34,18029.97,537714.31,18048,520204,268.73,191.81,460.54,192,269,0.00,0.00,0,0
1544346741,2006-eth2,0.00,0.00,0.00,0,0,0.00,0.00,0.00,0,0,0.00,0.00,0,0
1544346741,3001-eth1,9790.21,9790.21,19580.42,9800,9800,99.90,99.90,199.80,100,100,0.00,0.00,0,0
1544346741,3008-eth2,1210831.25,1219534.50,2430365.75,1220754,1212042,868.13,856.14,1724.28,857,869,0.00,0.00,0,0
1544346741,2004-eth3,1221936.12,796995.00,2018931.12,797792,1223158,913.09,933.07,1846.15,934,914,0.00,0.00,0,0
1544346741,3001-eth4,665762.25,749860.19,1415622.38,750610,666428,465.53,468.53,934.07,469,466,0.00,0.00,0,0
1544346741,1003-eth1,12659.34,538809.19,551468.56,539348,12672,191.81,185.81,377.62,186,192,0.00,0.00,0,0
1544346741,3002-eth2,1211950.12,1214259.75,2426209.75,1215474,1213162,763.24,776.22,1539.46,777,764,0.00,0.00,0,0
1544346741,2005-eth4,15257.49,15257.49,30514.97,15288,15288,155.69,155.69,311.38,156,156,0.00,0.00,0,0
1544346741,3003-eth2,796199.62,1220716.62,2016916.25,1223158,797792,932.14,912.18,1844.31,914,934,0.00,0.00,0,0
1544346741,2007-eth1,0.00,0.00,0.00,0,0,0.00,0.00,0.00,0,0,0.00,0.00,0,0
1544346741,1002-eth4,59.88,59.88,119.76,60,60,1.00,1.00,2.00,1,1,0.00,0.00,0,0
1544346741,3002-eth4,1200467.12,580580.88,1781048.00,581742,1202868,584.83,585.83,1170.66,587,586,0.00,0.00,0,0
1544346741,2007-eth3,59.88,0.00,59.88,0,60,1.00,0.00,1.00,0,1,0.00,0.00,0,0
1544346741,3005-eth1,0.00,0.00,0.00,0,0,0.00,0.00,0.00,0,0,0.00,0.00,0,0
1544346741,2001-eth4,9389.22,9449.10,18838.32,9468,9408,95.81,96.81,192.61,97,96,0.00,0.00,0,0
1544346741,3003-eth4,13668.66,231423.16,245091.83,231886,13696,159.68,174.65,334.33,175,160,0.00,0.00,0,0
1544346741,2004-eth1,531207.62,430948.12,962155.69,431810,532270,396.21,383.23,779.44,384,397,0.00,0.00,0,0
1544346741,3006-eth4,9650.70,14051.90,23702.60,14080,9670,98.80,99.80,198.60,100,99,0.00,0.00,0,0
1544346741,3007-eth1,0.00,59.88,59.88,60,0,0.00,1.00,1.00,1,0,0.00,0.00,0,0
1544346741,2008-eth1,18011.98,519165.69,537177.69,520204,18048,191.62,268.46,460.08,269,192,0.00,0.00,0,0
1544346741,2002-eth2,0.00,0.00,0.00,0,0,0.00,0.00,0.00,0,0,0.00,0.00,0,0
1544346741,2003-eth1,7688.62,7628.74,15317.37,7644,7704,78.84,77.84,156.69,78,79,0.00,0.00,0,0
1544346741,3008-eth4,650087.81,130191.62,780279.44,130452,651388,281.44,277.45,558.88,278,282,0.00,0.00,0,0
1544346741,1004-eth4,0.00,0.00,0.00,0,0,0.00,0.00,0.00,0,0,0.00,0.00,0,0
1544346741,3006-eth1,15257.49,15257.49,30514.97,15288,15288,155.69,155.69,311.38,156,156,0.00,0.00,0,0
1544346741,1004-eth3,0.00,0.00,0.00,0,0,0.00,0.00,0.00,0,0,0.00,0.00,0,0
1544346741,1002-eth2,7884.23,7884.23,15768.46,7900,7900,80.84,80.84,161.68,81,81,0.00,0.00,0,0
1544346741,3004-eth3,31774.45,1099658.75,1131433.12,1101858,31838,433.13,476.05,909.18,477,434,0.00,0.00,0,0
1544346741,2003-eth3,9644.71,9584.83,19229.54,9604,9664,98.80,97.80,196.61,98,99,0.00,0.00,0,0
1544346741,2005-eth1,3814.37,3814.37,7628.74,3822,3822,38.92,38.92,77.84,39,39,0.00,0.00,0,0
1544346741,3002-eth3,22029.94,637854.31,659884.25,639130,22074,287.43,312.38,599.80,313,288,0.00,0.00,0,0
1544346741,3006-eth3,22431.14,659960.12,682391.25,661280,22476,293.41,319.36,612.77,320,294,0.00,0.00,0,0
1544346741,2001-eth1,3814.37,3814.37,7628.74,3822,3822,38.92,38.92,77.84,39,39,0.00,0.00,0,0
1544346741,3005-eth2,438630.75,1211664.75,1650295.50,1214088,439508,580.84,592.81,1173.65,594,582,0.00,0.00,0,0
1544346741,2001-eth2,11443.11,11502.99,22946.11,11526,11466,116.77,117.76,234.53,118,117,0.00,0.00,0,0
1544346741,3007-eth2,634724.56,1191704.62,1826429.25,1194088,635994,683.63,676.65,1360.28,678,685,0.00,0.00,0,0
1544346741,1001-eth1,3814.37,3814.37,7628.74,3822,3822,38.92,38.92,77.84,39,39,0.00,0.00,0,0
1544346741,3007-eth4,1082151.75,557265.50,1639417.25,558380,1084316,616.77,604.79,1221.56,606,618,0.00,0.00,0,0
1544346741,2003-eth2,7884.23,7884.23,15768.46,7900,7900,80.84,80.84,161.68,81,81,0.00,0.00,0,0
1544346741,3007-eth3,109552.90,49998.00,159550.91,50098,109772,59.88,56.89,116.77,57,60,0.00,0.00,0,0
1544346741,1002-eth1,11502.99,11443.11,22946.11,11466,11526,117.76,116.77,234.53,117,118,0.00,0.00,0,0
1544346741,2002-eth3,672409.19,1213864.25,1886273.50,1216292,673754,575.85,568.86,1144.71,570,577,0.00,0.00,0,0
1544346741,2007-eth2,59.88,59.88,119.76,60,60,1.00,1.00,2.00,1,1,0.00,0.00,0,0
1544346741,total,26318234.00,26139576.00,52457808.00,26191854,26370870,21779.44,21895.21,43674.65,21939,21823,0.00,0.00,0,0
1544346742,3003-eth3,1228485.12,704233.56,1932718.62,705642,1230942,797.41,719.56,1516.97,721,799,0.00,0.00,0,0
1544346742,2002-eth1,538271.50,11263.47,549534.94,11286,539348,185.63,170.66,356.29,171,186,0.00,0.00,0,0
1544346742,lo,6950.10,6950.10,13900.20,6964,6964,67.86,67.86,135.73,68,68,0.00,0.00,0,0
1544346742,3005-eth3,1222578.88,1221002.00,2443581.00,1223444,1225024,810.38,808.38,1618.76,810,812,0.00,0.00,0,0
1544346742,2005-eth3,0.00,0.00,0.00,0,0,0.00,0.00,0.00,0,0,0.00,0.00,0,0
1544346742,3004-eth4,1220790.50,926798.44,2147589.00,928652,1223232,825.35,820.36,1645.71,822,827,0.00,0.00,0,0
1544346742,1004-eth2,0.00,59.88,59.88,60,0,0.00,1.00,1.00,1,0,0.00,0.00,0,0
1544346742,2004-eth4,280530.94,901085.88,1181616.75,902888,281092,360.28,485.03,845.31,486,361,0.00,0.00,0,0
1544346742,1001-eth2,7726.55,7726.55,15453.09,7742,7742,78.84,78.84,157.68,79,79,0.00,0.00,0,0
1544346742,1003-eth3,553327.38,245846.31,799173.69,246338,554434,374.25,287.43,661.68,288,375,0.00,0.00,0,0
1544346742,2002-eth4,1221133.75,1222772.50,2443906.25,1225218,1223576,810.38,791.42,1601.80,793,812,0.00,0.00,0,0
1544346742,1001-eth4,0.00,0.00,0.00,0,0,0.00,0.00,0.00,0,0,0.00,0.00,0,0
1544346742,3001-eth2,1222089.88,684501.00,1906590.88,685870,1224534,649.70,605.79,1255.49,607,651,0.00,0.00,0,0
1544346742,1004-eth1,0.00,0.00,0.00,0,0,0.00,0.00,0.00,0,0,0.00,0.00,0,0
1544346742,3005-eth4,1205640.75,260606.80,1466247.50,261128,1208052,526.95,510.98,1037.92,512,528,0.00,0.00,0,0
1544346742,1003-eth2,259852.30,681029.94,940882.25,682392,260372,385.23,448.10,833.33,449,386,0.00,0.00,0,0
1544346742,3008-eth1,59.88,0.00,59.88,0,60,1.00,0.00,1.00,0,1,0.00,0.00,0,0
1544346742,1002-eth3,11443.11,11540.92,22984.03,11564,11466,116.77,117.76,234.53,118,117,0.00,0.00,0,0
1544346742,2006-eth1,245846.31,553327.38,799173.69,554434,246338,287.43,374.25,661.68,375,288,0.00,0.00,0,0
1544346742,3003-eth1,9389.22,9584.83,18974.05,9604,9408,95.81,97.80,193.61,98,96,0.00,0.00,0,0
1544346742,2001-eth3,9686.63,9626.75,19313.37,9646,9706,99.80,98.80,198.60,99,100,0.00,0.00,0,0
1544346742,2008-eth2,59.88,0.00,59.88,0,60,1.00,0.00,1.00,0,1,0.00,0.00,0,0
1544346742,2008-eth3,1197445.12,643856.31,1841301.50,645144,1199840,685.63,690.62,1376.25,692,687,0.00,0.00,0,0
1544346742,1001-eth3,3814.37,3814.37,7628.74,3822,3822,38.92,38.92,77.84,39,39,0.00,0.00,0,0
1544346742,2007-eth4,0.00,59.88,59.88,60,0,0.00,1.00,1.00,1,0,0.00,0.00,0,0
1544346742,2004-eth2,59.88,0.00,59.88,0,60,1.00,0.00,1.00,0,1,0.00,0.00,0,0
1544346742,3002-eth1,9626.75,9626.75,19253.49,9646,9646,98.80,98.80,197.60,99,99,0.00,0.00,0,0
1544346742,3004-eth1,9682.63,9584.83,19267.46,9604,9702,98.80,97.80,196.61,98,99,0.00,0.00,0,0
1544346742,2006-eth3,1223377.25,260606.80,1483984.12,261128,1225824,532.93,510.98,1043.91,512,534,0.00,0.00,0,0
1544346742,3004-eth2,901085.88,280530.94,1181616.75,281092,902888,485.03,360.28,845.31,361,486,0.00,0.00,0,0
1544346742,3001-eth3,18189.62,414808.41,432998.03,415638,18226,228.54,238.52,467.07,239,229,0.00,0.00,0,0
1544346742,2003-eth4,9584.83,9682.63,19267.46,9702,9604,97.80,98.80,196.61,99,98,0.00,0.00,0,0
1544346742,2008-eth4,1234764.50,1222868.25,2457632.75,1225314,1237234,995.01,956.09,1951.10,958,997,0.00,0.00,0,0
1544346742,3008-eth3,566065.88,1152698.62,1718764.50,1155004,567198,628.74,648.70,1277.45,650,630,0.00,0.00,0,0
1544346742,2005-eth2,11540.92,11443.11,22984.03,11466,11564,117.76,116.77,234.53,117,118,0.00,0.00,0,0
1544346742,2006-eth4,14880.24,888858.31,903738.56,890636,14910,225.55,308.38,533.93,309,226,0.00,0.00,0,0
1544346742,3006-eth2,888858.31,14880.24,903738.56,14910,890636,308.38,225.55,533.93,226,309,0.00,0.00,0,0
1544346742,1003-eth4,665914.19,25389.22,691303.44,25440,667246,258.48,270.46,528.94,271,259,0.00,0.00,0,0
1544346742,2006-eth2,59.88,0.00,59.88,0,60,1.00,0.00,1.00,0,1,0.00,0.00,0,0
1544346742,3001-eth1,9626.75,9686.63,19313.37,9706,9646,98.80,99.80,198.60,100,99,0.00,0.00,0,0
1544346742,3008-eth2,1222868.25,1234764.50,2457632.75,1237234,1225314,956.09,995.01,1951.10,997,958,0.00,0.00,0,0
1544346742,2004-eth3,1233002.00,961441.12,2194443.25,963364,1235468,866.27,806.39,1672.65,808,868,0.00,0.00,0,0
1544346742,3001-eth4,675938.12,771513.00,1447451.12,773056,677290,476.05,479.04,955.09,480,477,0.00,0.00,0,0
1544346742,1003-eth1,11263.47,538271.50,549534.94,539348,11286,170.66,185.63,356.29,186,171,0.00,0.00,0,0
1544346742,3002-eth2,1222772.50,1221133.75,2443906.25,1223576,1225218,791.42,810.38,1601.80,812,793,0.00,0.00,0,0
1544346742,2005-eth4,15257.49,15415.17,30672.66,15446,15288,155.69,157.68,313.37,158,156,0.00,0.00,0,0
1544346742,3003-eth2,961441.12,1233002.00,2194443.25,1235468,963364,806.39,866.27,1672.65,868,808,0.00,0.00,0,0
1544346742,2007-eth1,0.00,0.00,0.00,0,0,0.00,0.00,0.00,0,0,0.00,0.00,0,0
1544346742,1002-eth4,0.00,0.00,0.00,0,0,0.00,0.00,0.00,0,0,0.00,0.00,0,0
1544346742,3002-eth4,1210044.00,738806.44,1948850.38,740284,1212464,642.71,640.72,1283.43,642,644,0.00,0.00,0,0
1544346742,2007-eth3,0.00,0.00,0.00,0,0,0.00,0.00,0.00,0,0,0.00,0.00,0,0
1544346742,3005-eth1,0.00,0.00,0.00,0,0,0.00,0.00,0.00,0,0,0.00,0.00,0,0
1544346742,2001-eth4,9626.75,9626.75,19253.49,9646,9646,98.80,98.80,197.60,99,99,0.00,0.00,0,0
1544346742,3003-eth4,14195.61,272612.78,286808.41,273158,14224,167.66,186.63,354.29,187,168,0.00,0.00,0,0
1544346742,2004-eth1,681029.94,259852.30,940882.25,260372,682392,448.10,385.23,833.33,386,449,0.00,0.00,0,0
1544346742,3006-eth4,20053.89,686760.50,706814.38,688134,20094,257.49,330.34,587.82,331,258,0.00,0.00,0,0
1544346742,3007-eth1,0.00,0.00,0.00,0,0,0.00,0.00,0.00,0,0,0.00,0.00,0,0
1544346742,2008-eth1,25389.22,665914.19,691303.44,667246,25440,270.46,258.48,528.94,259,271,0.00,0.00,0,0
1544346742,2002-eth2,0.00,0.00,0.00,0,0,0.00,0.00,0.00,0,0,0.00,0.00,0,0
1544346742,2003-eth1,7734.27,7734.27,15468.53,7742,7742,78.92,78.92,157.84,79,79,0.00,0.00,0,0
1544346742,3008-eth4,666527.50,145104.91,811632.38,145250,667194,367.63,370.63,738.26,371,368,0.00,0.00,0,0
1544346742,1004-eth4,0.00,59.94,59.94,60,0,0.00,1.00,1.00,1,0,0.00,0.00,0,0
1544346742,3006-eth1,15430.57,15272.73,30703.30,15288,15446,157.84,155.84,313.69,156,158,0.00,0.00,0,0
1544346742,1004-eth3,0.00,59.94,59.94,60,0,0.00,1.00,1.00,1,0,0.00,0.00,0,0
1544346742,1002-eth2,7636.36,7538.46,15174.83,7546,7644,77.92,76.92,154.85,77,78,0.00,0.00,0,0
1544346742,3004-eth3,35332.67,976189.81,1011522.50,977166,35368,433.57,474.53,908.09,475,434,0.00,0.00,0,0
1544346742,2003-eth3,9594.41,9398.60,18993.01,9408,9604,97.90,95.90,193.81,96,98,0.00,0.00,0,0
1544346742,2005-eth1,3818.18,3818.18,7636.36,3822,3822,38.96,38.96,77.92,39,39,0.00,0.00,0,0
1544346742,3002-eth3,20737.26,561752.25,582489.50,562314,20758,266.73,288.71,555.44,289,267,0.00,0.00,0,0
1544346742,3006-eth3,13874.13,221330.67,235204.80,221552,13888,162.84,171.83,334.67,172,163,0.00,0.00,0,0
1544346742,2001-eth1,3916.08,3916.08,7832.17,3920,3920,39.96,39.96,79.92,40,40,0.00,0.00,0,0
1544346742,3005-eth2,260867.14,1224599.38,1485466.62,1225824,261128,511.49,533.47,1044.96,534,512,0.00,0.00,0,0
1544346742,2001-eth2,11552.45,11552.45,23104.90,11564,11564,117.88,117.88,235.76,118,118,0.00,0.00,0,0
1544346742,3007-eth2,644499.50,1198641.38,1843140.88,1199840,645144,691.31,686.31,1377.62,687,692,0.00,0.00,0,0
1544346742,1001-eth1,3916.08,3916.08,7832.17,3920,3920,39.96,39.96,79.92,40,40,0.00,0.00,0,0
1544346742,3007-eth4,1082355.62,502717.28,1585073.00,503220,1083438,574.43,581.42,1155.84,582,575,0.00,0.00,0,0
1544346742,2003-eth2,7538.46,7636.36,15174.83,7644,7546,76.92,77.92,154.85,78,77,0.00,0.00,0,0
1544346742,3007-eth3,116225.78,137310.69,253536.47,137448,116342,110.89,107.89,218.78,108,111,0.00,0.00,0,0
1544346742,1002-eth1,11552.45,11552.45,23104.90,11564,11564,117.88,117.88,235.76,118,118,0.00,0.00,0,0
1544346742,2002-eth3,685184.81,1223310.75,1908495.50,1224534,685870,606.39,650.35,1256.74,651,607,0.00,0.00,0,0
1544346742,2007-eth2,0.00,0.00,0.00,0,0,0.00,0.00,0.00,0,0,0.00,0.00,0,0
1544346742,total,26942904.00,27319882.00,54262788.00,27347202,26969846,22069.93,22170.83,44240.76,22193,22092,0.00,0.00,0,0
1544346743,3003-eth3,1223738.50,556754.50,1780493.12,557868,1226186,806.39,684.63,1491.02,686,808,0.00,0.00,0,0
1544346743,2002-eth1,616700.62,11263.47,627964.06,11286,617934,213.57,170.66,384.23,171,214,0.00,0.00,0,0
1544346743,lo,7566.87,7566.87,15133.73,7582,7582,73.85,73.85,147.70,74,74,0.00,0.00,0,0
1544346743,3005-eth3,1220606.88,1220936.12,2441543.00,1223378,1223048,802.40,807.39,1609.78,809,804,0.00,0.00,0,0
1544346743,2005-eth3,59.88,0.00,59.88,0,60,1.00,0.00,1.00,0,1,0.00,0.00,0,0
1544346743,3004-eth4,1220622.75,676022.00,1896644.75,677374,1223064,670.66,693.61,1364.27,695,672,0.00,0.00,0,0
1544346743,1004-eth2,0.00,0.00,0.00,0,0,0.00,0.00,0.00,0,0,0.00,0.00,0,0
1544346743,2004-eth4,200015.97,644313.38,844329.38,645602,200416,359.28,356.29,715.57,357,360,0.00,0.00,0,0
1544346743,1001-eth2,7530.94,7530.94,15061.88,7546,7546,76.85,76.85,153.69,77,77,0.00,0.00,0,0
1544346743,1003-eth3,625730.56,404497.03,1030227.56,405306,626982,350.30,348.30,698.60,349,351,0.00,0.00,0,0
1544346743,2002-eth4,1219349.38,1221273.50,2440622.75,1223716,1221788,783.43,856.29,1639.72,858,785,0.00,0.00,0,0
1544346743,1001-eth4,59.88,0.00,59.88,0,60,1.00,0.00,1.00,0,1,0.00,0.00,0,0
1544346743,3001-eth2,1219854.38,604692.62,1824547.00,605902,1222294,637.72,644.71,1282.44,646,639,0.00,0.00,0,0
1544346743,1004-eth1,0.00,59.88,59.88,60,0,0.00,1.00,1.00,1,0,0.00,0.00,0,0
1544346743,3005-eth4,1211543.00,419317.38,1630860.38,420156,1213966,593.81,572.85,1166.67,574,595,0.00,0.00,0,0
1544346743,1003-eth2,411996.03,541399.19,953395.25,542482,412820,377.25,408.18,785.43,409,378,0.00,0.00,0,0
1544346743,3008-eth1,0.00,0.00,0.00,0,0,0.00,0.00,0.00,0,0,0.00,0.00,0,0
1544346743,1002-eth3,11540.92,11502.99,23043.91,11526,11564,117.76,117.76,235.53,118,118,0.00,0.00,0,0
1544346743,2006-eth1,404497.03,625730.56,1030227.56,626982,405306,348.30,350.30,698.60,351,349,0.00,0.00,0,0
1544346743,3003-eth1,9487.03,9291.42,18778.44,9310,9506,96.81,94.81,191.62,95,97,0.00,0.00,0,0
1544346743,2001-eth3,9389.22,9449.10,18838.32,9468,9408,95.81,96.81,192.61,97,96,0.00,0.00,0,0
1544346743,2008-eth2,0.00,0.00,0.00,0,0,0.00,0.00,0.00,0,0,0.00,0.00,0,0
1544346743,2008-eth3,1203147.75,660938.12,1864085.88,662260,1205554,713.57,708.58,1422.16,710,715,0.00,0.00,0,0
1544346743,1001-eth3,3972.06,3972.06,7944.11,3980,3980,40.92,40.92,81.84,41,41,0.00,0.00,0,0
1544346743,2007-eth4,0.00,0.00,0.00,0,0,0.00,0.00,0.00,0,0,0.00,0.00,0,0
1544346743,2004-eth2,0.00,0.00,0.00,0,0,0.00,0.00,0.00,0,0,0.00,0.00,0,0
1544346743,3002-eth1,9389.22,9449.10,18838.32,9468,9408,95.81,96.81,192.61,97,96,0.00,0.00,0,0
1544346743,3004-eth1,9389.22,9546.91,18936.13,9566,9408,95.81,97.80,193.61,98,96,0.00,0.00,0,0
1544346743,2006-eth3,1221982.12,419383.25,1641365.38,420222,1224426,598.80,573.85,1172.65,575,600,0.00,0.00,0,0
1544346743,3004-eth2,644313.38,200015.97,844329.38,200416,645602,356.29,359.28,715.57,360,357,0.00,0.00,0,0
1544346743,3001-eth3,21041.92,566908.19,587950.12,568042,21084,272.46,288.42,560.88,289,273,0.00,0.00,0,0
1544346743,2003-eth4,9546.91,9389.22,18936.13,9408,9566,97.80,95.81,193.61,96,98,0.00,0.00,0,0
1544346743,2008-eth4,1224688.62,1221816.38,2446505.00,1224260,1227138,886.23,912.18,1798.40,914,888,0.00,0.00,0,0
1544346743,3008-eth3,479349.31,1221028.00,1700377.25,1223470,480308,540.92,629.74,1170.66,631,542,0.00,0.00,0,0
1544346743,2005-eth2,11502.99,11540.92,23043.91,11564,11526,117.76,117.76,235.53,118,118,0.00,0.00,0,0
1544346743,2006-eth4,14886.23,826654.69,841540.94,828308,14916,225.55,285.43,510.98,286,226,0.00,0.00,0,0
1544346743,3006-eth2,826654.69,14886.23,841540.94,14916,828308,285.43,225.55,510.98,226,286,0.00,0.00,0,0
1544346743,1003-eth4,532309.38,18762.47,551071.88,18800,533374,270.46,199.60,470.06,200,271,0.00,0.00,0,0
1544346743,2006-eth2,0.00,0.00,0.00,0,0,0.00,0.00,0.00,0,0,0.00,0.00,0,0
1544346743,3001-eth1,9449.10,9389.22,18838.32,9408,9468,96.81,95.81,192.61,96,97,0.00,0.00,0,0
1544346743,3008-eth2,1221816.38,1224688.62,2446505.00,1227138,1224260,912.18,886.23,1798.40,888,914,0.00,0.00,0,0
1544346743,2004-eth3,1229409.25,741415.19,1970824.38,742898,1231868,872.26,767.47,1639.72,769,874,0.00,0.00,0,0
1544346743,3001-eth4,593099.81,840614.81,1433714.62,842296,594286,469.06,475.05,944.11,476,470,0.00,0.00,0,0
1544346743,1003-eth1,11263.47,616700.62,627964.06,617934,11286,170.66,213.57,384.23,214,171,0.00,0.00,0,0
1544346743,3002-eth2,1221273.50,1219349.38,2440622.75,1221788,1223716,856.29,783.43,1639.72,785,858,0.00,0.00,0,0
1544346743,2005-eth4,15512.97,15355.29,30868.26,15386,15544,158.68,156.69,315.37,157,159,0.00,0.00,0,0
1544346743,3003-eth2,741415.19,1229409.25,1970824.38,1231868,742898,767.47,872.26,1639.72,874,769,0.00,0.00,0,0
1544346743,2007-eth1,0.00,59.88,59.88,60,0,0.00,1.00,1.00,1,0,0.00,0.00,0,0
1544346743,1002-eth4,0.00,0.00,0.00,0,0,0.00,0.00,0.00,0,0,0.00,0.00,0,0
1544346743,3002-eth4,1208487.00,656059.88,1864547.00,657372,1210904,618.76,612.77,1231.54,614,620,0.00,0.00,0,0
1544346743,2007-eth3,0.00,0.00,0.00,0,0,0.00,0.00,0.00,0,0,0.00,0.00,0,0
1544346743,3005-eth1,0.00,59.88,59.88,60,0,0.00,1.00,1.00,1,0,0.00,0.00,0,0
1544346743,2001-eth4,9449.10,9389.22,18838.32,9408,9468,96.81,95.81,192.61,96,97,0.00,0.00,0,0
1544346743,3003-eth4,15081.84,188037.92,203119.77,188414,15112,162.67,174.65,337.33,175,163,0.00,0.00,0,0
1544346743,2004-eth1,541399.19,411996.03,953395.25,412820,542482,408.18,377.25,785.43,378,409,0.00,0.00,0,0
1544346743,3006-eth4,12483.03,185473.06,197956.09,185844,12508,141.72,157.68,299.40,158,142,0.00,0.00,0,0
1544346743,3007-eth1,0.00,0.00,0.00,0,0,0.00,0.00,0.00,0,0,0.00,0.00,0,0
1544346743,2008-eth1,18762.47,532309.38,551071.88,533374,18800,199.60,270.46,470.06,271,200,0.00,0.00,0,0
1544346743,2002-eth2,59.88,0.00,59.88,0,60,1.00,0.00,1.00,0,1,0.00,0.00,0,0
1544346743,2003-eth1,7530.94,7530.94,15061.88,7546,7546,76.85,76.85,153.69,77,77,0.00,0.00,0,0
1544346743,3008-eth4,748169.69,151698.61,899868.31,152002,749666,344.31,350.30,694.61,351,345,0.00,0.00,0,0
1544346743,1004-eth4,0.00,0.00,0.00,0,0,0.00,0.00,0.00,0,0,0.00,0.00,0,0
1544346743,3006-eth1,15355.29,15512.97,30868.26,15544,15386,156.69,158.68,315.37,159,157,0.00,0.00,0,0
1544346743,1004-eth3,0.00,0.00,0.00,0,0,0.00,0.00,0.00,0,0,0.00,0.00,0,0
1544346743,1002-eth2,7433.13,7530.94,14964.07,7546,7448,75.85,76.85,152.69,77,76,0.00,0.00,0,0
1544346743,3004-eth3,41195.61,748295.44,789491.06,749792,41278,434.13,431.14,865.27,432,435,0.00,0.00,0,0
1544346743,2003-eth3,9291.42,9487.03,18778.44,9506,9310,94.81,96.81,191.62,97,95,0.00,0.00,0,0
1544346743,2005-eth1,3972.06,3972.06,7944.11,3980,3980,40.92,40.92,81.84,41,41,0.00,0.00,0,0
1544346743,3002-eth3,20125.75,547660.69,567786.44,548756,20166,258.48,281.44,539.92,282,259,0.00,0.00,0,0
1544346743,3006-eth3,21768.46,660449.12,682217.56,661770,21812,281.44,324.35,605.79,325,282,0.00,0.00,0,0
1544346743,2001-eth1,3618.76,3678.64,7297.41,3686,3626,36.93,37.92,74.85,38,37,0.00,0.00,0,0
1544346743,3005-eth2,419383.25,1221982.12,1641365.38,1224426,420222,573.85,598.80,1172.65,600,575,0.00,0.00,0,0
1544346743,2001-eth2,11502.99,11443.11,22946.11,11466,11526,117.76,116.77,234.53,117,118,0.00,0.00,0,0
1544346743,3007-eth2,660938.12,1203147.75,1864085.88,1205554,662260,708.58,713.57,1422.16,715,710,0.00,0.00,0,0
1544346743,1001-eth1,3678.64,3618.76,7297.41,3626,3686,37.92,36.93,74.85,37,38,0.00,0.00,0,0
1544346743,3007-eth4,1142141.75,504059.91,1646201.62,505068,1144426,627.74,608.78,1236.53,610,629,0.00,0.00,0,0
1544346743,2003-eth2,7530.94,7433.13,14964.07,7448,7546,76.85,75.85,152.69,76,77,0.00,0.00,0,0
1544346743,3007-eth3,61005.99,156878.25,217884.23,157192,61128,85.83,99.80,185.63,100,86,0.00,0.00,0,0
1544346743,1002-eth1,11443.11,11502.99,22946.11,11526,11466,116.77,117.76,234.53,118,117,0.00,0.00,0,0
1544346743,2002-eth3,604692.62,1219854.38,1824547.00,1222294,605902,644.71,637.72,1282.44,639,646,0.00,0.00,0,0
1544346743,2007-eth2,0.00,0.00,0.00,0,0,0.00,0.00,0.00,0,0,0.00,0.00,0,0
1544346743,total,26482204.00,26541936.00,53024140.00,26595020,26535168,21726.55,21808.38,43534.93,21852,21770,0.00,0.00,0,0
1544346744,3003-eth3,1136008.00,648978.12,1784986.12,652872,1142824,765.41,608.35,1373.76,612,770,0.00,0.00,0,0
1544346744,2002-eth1,581801.19,11147.12,592948.31,11214,585292,200.80,168.99,369.78,170,202,0.00,0.00,0,0
1544346744,lo,64823.06,64823.06,129646.12,65212,65212,298.21,298.21,596.42,300,300,0.00,0.00,0,0
1544346744,3005-eth3,1136121.25,1134747.50,2270868.75,1141556,1142938,748.51,749.50,1498.01,754,753,0.00,0.00,0,0
1544346744,2005-eth3,41.75,101.39,143.14,102,42,0.99,1.99,2.98,2,1,0.00,0.00,0,0
1544346744,3004-eth4,1139672.00,820041.75,1959713.75,824962,1146510,845.92,758.45,1604.37,763,851,0.00,0.00,0,0
1544346744,1004-eth2,59.64,0.00,59.64,0,60,0.99,0.00,0.99,0,1,0.00,0.00,0,0
1544346744,2004-eth4,272427.44,794870.75,1067298.25,799640,274062,333.00,433.40,766.40,436,335,0.00,0.00,0,0
1544346744,1001-eth2,7755.47,7695.83,15451.29,7742,7802,79.52,78.53,158.05,79,80,0.00,0.00,0,0
1544346744,1003-eth3,589870.75,163413.52,753284.31,164394,593410,323.06,251.49,574.55,253,325,0.00,0.00,0,0
1544346744,2002-eth4,1141345.88,1136514.88,2277860.75,1143334,1148194,696.82,754.47,1451.29,759,701,0.00,0.00,0,0
1544346744,1001-eth4,0.00,59.64,59.64,60,0,0.00,0.99,0.99,1,0,0.00,0.00,0,0
1544346744,3001-eth2,1140717.75,554713.69,1695431.38,558042,1147562,512.92,553.68,1066.60,557,516,0.00,0.00,0,0
1544346744,1004-eth1,59.64,0.00,59.64,0,60,0.99,0.00,0.99,0,1,0.00,0.00,0,0
1544346744,3005-eth4,1117856.88,176576.55,1294433.38,177636,1124564,494.04,451.29,945.33,454,497,0.00,0.00,0,0
1544346744,1003-eth2,175405.56,634503.00,809908.56,638310,176458,329.03,388.67,717.69,391,331,0.00,0.00,0,0
1544346744,3008-eth1,0.00,59.64,59.64,60,0,0.00,0.99,0.99,1,0,0.00,0.00,0,0
1544346744,1002-eth3,11439.36,11439.36,22878.73,11508,11508,117.30,117.30,234.59,118,118,0.00,0.00,0,0
1544346744,2006-eth1,163413.52,589870.75,753284.31,593410,164394,251.49,323.06,574.55,325,253,0.00,0.00,0,0
1544346744,3003-eth1,9648.11,9588.47,19236.58,9646,9706,99.40,98.41,197.81,99,100,0.00,0.00,0,0
1544346744,2001-eth3,9546.72,9546.72,19093.44,9604,9604,97.42,97.42,194.83,98,98,0.00,0.00,0,0
1544346744,2008-eth2,0.00,59.64,59.64,60,0,0.00,0.99,0.99,1,0,0.00,0.00,0,0
1544346744,2008-eth3,1110497.00,504210.72,1614707.75,507236,1117160,646.12,617.30,1263.42,621,650,0.00,0.00,0,0
1544346744,1001-eth3,3858.27,3858.27,7716.54,3920,3920,39.37,39.37,78.74,40,40,0.00,0.00,0,0
1544346744,2007-eth4,59.06,0.00,59.06,0,60,0.98,0.00,0.98,0,1,0.00,0.00,0,0
1544346744,2004-eth2,0.00,59.06,59.06,60,0,0.00,0.98,0.98,1,0,0.00,0.00,0,0
1544346744,3002-eth1,9549.21,9549.21,19098.43,9702,9702,97.44,97.44,194.88,99,99,0.00,0.00,0,0
1544346744,3004-eth1,9452.76,9452.76,18905.51,9604,9604,96.46,96.46,192.91,98,98,0.00,0.00,0,0
1544346744,2006-eth3,1135972.50,174856.30,1310828.75,177654,1154148,498.03,446.85,944.88,454,506,0.00,0.00,0,0
1544346744,3004-eth2,787047.25,269746.06,1056793.38,274062,799640,429.13,329.72,758.86,335,436,0.00,0.00,0,0
1544346744,3001-eth3,17915.27,429881.78,447797.06,436330,18184,224.63,241.38,466.01,245,228,0.00,0.00,0,0
1544346744,2003-eth4,9558.62,9558.62,19117.24,9702,9702,97.54,97.54,195.07,99,99,0.00,0.00,0,0
1544346744,2008-eth4,1136203.00,1129546.75,2265749.75,1146490,1153246,960.59,887.68,1848.28,901,975,0.00,0.00,0,0
1544346744,3008-eth3,468876.84,1114177.38,1583054.25,1130890,475910,598.03,603.94,1201.97,613,607,0.00,0.00,0,0
1544346744,2005-eth2,11434.48,11531.03,22965.52,11704,11606,117.24,118.23,235.47,120,119,0.00,0.00,0,0
1544346744,2006-eth4,13069.95,772228.56,785298.50,783812,13266,198.03,266.01,464.04,270,201,0.00,0.00,0,0
1544346744,3006-eth2,772228.56,13069.95,785298.50,13266,783812,266.01,198.03,464.04,201,270,0.00,0.00,0,0
1544346744,1003-eth4,620878.81,23060.10,643938.94,23406,630192,264.04,245.32,509.36,249,268,0.00,0.00,0,0
1544346744,2006-eth2,0.00,59.11,59.11,60,0,0.00,0.99,0.99,1,0,0.00,0.00,0,0
1544346744,3001-eth1,9558.62,9558.62,19117.24,9702,9702,97.54,97.54,195.07,99,99,0.00,0.00,0,0
1544346744,3008-eth2,1129546.75,1136203.00,2265749.75,1153246,1146490,887.68,960.59,1848.28,975,901,0.00,0.00,0,0
1544346744,2004-eth3,1139613.75,899077.81,2038691.62,912564,1156708,873.89,718.23,1592.12,729,887,0.00,0.00,0,0
1544346744,3001-eth4,544260.12,757473.88,1301734.00,768836,552424,421.67,431.53,853.20,438,428,0.00,0.00,0,0
1544346744,1003-eth1,11048.28,576642.38,587690.62,585292,11214,167.49,199.01,366.50,202,170,0.00,0.00,0,0
1544346744,3002-eth2,1129355.62,1134143.88,2263499.50,1151156,1146296,748.77,691.63,1440.39,702,760,0.00,0.00,0,0
1544346744,2005-eth4,15351.72,15255.17,30606.90,15484,15582,156.65,155.67,312.32,158,159,0.00,0.00,0,0
1544346744,3003-eth2,899077.81,1139613.75,2038691.62,1156708,912564,718.23,873.89,1592.12,887,729,0.00,0.00,0,0
1544346744,2007-eth1,59.11,0.00,59.11,0,60,0.99,0.00,0.99,0,1,0.00,0.00,0,0
1544346744,1002-eth4,0.00,0.00,0.00,0,0,0.00,0.00,0.00,0,0,0.00,0.00,0,0
1544346744,3002-eth4,1122829.62,438707.41,1561537.00,445288,1139672,520.20,508.37,1028.57,516,528,0.00,0.00,0,0
1544346744,2007-eth3,0.00,0.00,0.00,0,0,0.00,0.00,0.00,0,0,0.00,0.00,0,0
1544346744,3005-eth1,100.49,41.38,141.87,42,102,1.97,0.99,2.96,1,2,0.00,0.00,0,0
1544346744,2001-eth4,9636.18,9636.18,19272.37,9800,9800,98.33,98.33,196.66,100,100,0.00,0.00,0,0
1544346744,3003-eth4,20261.55,264904.62,285166.19,269408,20606,211.41,212.39,423.80,216,215,0.00,0.00,0,0
1544346744,2004-eth1,627640.12,173693.22,801333.31,176646,638310,384.46,327.43,711.90,333,391,0.00,0.00,0,0
1544346744,3006-eth4,14147.49,321209.44,335356.94,326670,14388,167.16,203.54,370.70,207,170,0.00,0.00,0,0
1544346744,3007-eth1,0.00,0.00,0.00,0,0,0.00,0.00,0.00,0,0,0.00,0.00,0,0
1544346744,2008-eth1,23014.75,619657.81,642672.56,630192,23406,244.84,263.52,508.36,268,249,0.00,0.00,0,0
1544346744,2002-eth2,0.00,59.00,59.00,60,0,0.00,0.98,0.98,1,0,0.00,0.00,0,0
1544346744,2003-eth1,7708.95,7767.94,15476.89,7900,7840,78.66,79.65,158.31,81,80,0.00,0.00,0,0
1544346744,3008-eth4,669056.06,131030.48,800086.56,133258,680430,364.80,366.76,731.56,373,371,0.00,0.00,0,0
1544346744,1004-eth4,59.00,0.00,59.00,0,60,0.98,0.00,0.98,0,1,0.00,0.00,0,0
1544346744,3006-eth1,15225.17,15321.53,30546.71,15582,15484,155.36,156.34,311.70,159,158,0.00,0.00,0,0
1544346744,1004-eth3,59.00,0.00,59.00,0,60,0.98,0.00,0.98,0,1,0.00,0.00,0,0
1544346744,1002-eth2,7653.88,7750.25,15404.13,7882,7784,78.66,79.65,158.31,81,80,0.00,0.00,0,0
1544346744,3004-eth3,34568.34,898601.75,933170.12,913878,35156,420.85,451.33,872.17,459,428,0.00,0.00,0,0
1544346744,2003-eth3,9677.48,9736.48,19413.96,9902,9842,99.31,100.29,199.61,102,101,0.00,0.00,0,0
1544346744,2005-eth1,3854.47,3854.47,7708.95,3920,3920,39.33,39.33,78.66,40,40,0.00,0.00,0,0
1544346744,3002-eth3,21058.01,572005.88,593063.94,581730,21416,271.39,292.04,563.42,297,276,0.00,0.00,0,0
1544346744,3006-eth3,18072.76,474405.12,492477.88,482470,18380,226.16,258.60,484.76,263,230,0.00,0.00,0,0
1544346744,2001-eth1,3913.47,3854.47,7767.94,3920,3980,40.31,39.33,79.65,40,41,0.00,0.00,0,0
1544346744,3005-eth2,174814.16,1140680.50,1315494.62,1160072,177786,448.38,499.51,947.89,508,456,0.00,0.00,0,0
1544346744,2001-eth2,11467.06,11467.06,22934.12,11662,11662,117.01,117.01,234.02,119,119,0.00,0.00,0,0
1544346744,3007-eth2,500375.62,1104310.75,1604686.38,1123084,508882,613.57,641.10,1254.67,652,624,0.00,0.00,0,0
1544346744,1001-eth1,3854.47,3913.47,7767.94,3980,3920,39.33,40.31,79.65,41,40,0.00,0.00,0,0
1544346744,3007-eth4,1018735.50,351058.03,1369793.50,357026,1036054,540.81,508.36,1049.16,517,550,0.00,0.00,0,0
1544346744,2003-eth2,7750.25,7653.88,15404.13,7784,7882,79.65,78.66,158.31,80,81,0.00,0.00,0,0
1544346744,3007-eth3,85693.22,149258.61,234951.83,151796,87150,102.26,104.23,206.49,106,104,0.00,0.00,0,0
1544346744,1002-eth1,11467.06,11467.06,22934.12,11662,11662,117.01,117.01,234.02,119,119,0.00,0.00,0,0
1544346744,2002-eth3,551626.38,1134334.38,1685960.62,1153618,561004,548.67,511.31,1059.98,520,558,0.00,0.00,0,0
1544346744,2007-eth2,0.00,0.00,0.00,0,0,0.00,0.00,0.00,0,0,0.00,0.00,0,0
1544346744,total,24531006.00,24679924.00,49210928.00,25099482,24948032,20724.68,20559.49,41284.17,20909,21077,0.00,0.00,0,0
1544346745,3003-eth3,1213735.25,599770.75,1813506.00,606968,1228300,802.37,675.89,1478.26,684,812,0.00,0.00,0,0
1544346745,2002-eth1,467065.22,9717.39,476782.62,9834,472670,161.07,147.23,308.30,149,163,0.00,0.00,0,0
1544346745,lo,5262.85,5262.85,10525.69,5326,5326,51.38,51.38,102.77,52,52,0.00,0.00,0,0
1544346745,3005-eth3,1215693.75,1214921.00,2430614.75,1229500,1230282,794.47,804.35,1598.81,814,804,0.00,0.00,0,0
1544346745,2005-eth3,0.00,0.00,0.00,0,0,0.00,0.00,0.00,0,0,0.00,0.00,0,0
1544346745,3004-eth4,1221541.50,820179.88,2041721.38,830022,1236200,731.23,655.14,1386.36,663,740,0.00,0.00,0,0
1544346745,1004-eth2,0.00,0.00,0.00,0,0,0.00,0.00,0.00,0,0,0.00,0.00,0,0
1544346745,2004-eth4,306468.38,800739.12,1107207.50,810348,310146,416.01,360.67,776.68,365,421,0.00,0.00,0,0
1544346745,1001-eth2,7747.04,7747.04,15494.07,7840,7840,79.05,79.05,158.10,80,80,0.00,0.00,0,0
1544346745,1003-eth3,471233.22,249211.47,720444.69,252202,476888,224.31,285.57,509.88,289,227,0.00,0.00,0,0
1544346745,2002-eth4,1214134.38,1216415.00,2430549.50,1231012,1228704,770.75,827.08,1597.83,837,780,0.00,0.00,0,0
1544346745,1001-eth4,0.00,0.00,0.00,0,0,0.00,0.00,0.00,0,0,0.00,0.00,0,0
1544346745,3001-eth2,1215411.12,749290.50,1964701.62,758282,1229996,638.34,665.02,1303.36,673,646,0.00,0.00,0,0
1544346745,1004-eth1,0.00,0.00,0.00,0,0,0.00,0.00,0.00,0,0,0.00,0.00,0,0
1544346745,3005-eth4,1199529.62,266816.22,1466345.88,270018,1213924,571.15,530.63,1101.78,537,578,0.00,0.00,0,0
1544346745,1003-eth2,260233.20,579227.31,839460.50,586178,263356,393.28,364.62,757.91,369,398,0.00,0.00,0,0
1544346745,3008-eth1,0.00,0.00,0.00,0,0,0.00,0.00,0.00,0,0,0.00,0.00,0,0
1544346745,1002-eth3,11679.84,11620.55,23300.40,11760,11820,119.57,118.58,238.14,120,121,0.00,0.00,0,0
1544346745,2006-eth1,249211.47,471233.22,720444.69,476888,252202,285.57,224.31,509.88,227,289,0.00,0.00,0,0
1544346745,3003-eth1,9780.63,9780.63,19561.27,9898,9898,99.80,99.80,199.60,101,101,0.00,0.00,0,0
1544346745,2001-eth3,9683.79,9683.79,19367.59,9800,9800,98.81,98.81,197.63,100,100,0.00,0.00,0,0
1544346745,2008-eth2,0.00,0.00,0.00,0,0,0.00,0.00,0.00,0,0,0.00,0.00,0,0
1544346745,2008-eth3,1194923.00,412837.94,1607760.88,417792,1209262,609.68,596.84,1206.52,604,617,0.00,0.00,0,0
1544346745,1001-eth3,3908.28,3908.28,7816.55,3920,3920,39.88,39.88,79.76,40,40,0.00,0.00,0,0
1544346745,2007-eth4,0.00,0.00,0.00,0,0,0.00,0.00,0.00,0,0,0.00,0.00,0,0
1544346745,2004-eth2,0.00,0.00,0.00,0,0,0.00,0.00,0.00,0,0,0.00,0.00,0,0
1544346745,3002-eth1,9732.80,9672.98,19405.78,9702,9762,99.70,98.70,198.40,99,100,0.00,0.00,0,0
1544346745,3004-eth1,10025.92,9966.10,19992.02,9996,10056,102.69,101.69,204.39,102,103,0.00,0.00,0,0
1544346745,2006-eth3,1226568.25,267898.31,1494466.62,268702,1230248,582.25,537.39,1119.64,539,584,0.00,0.00,0,0
1544346745,3004-eth2,807924.25,309218.34,1117142.62,310146,810348,363.91,419.74,783.65,421,365,0.00,0.00,0,0
1544346745,3001-eth3,19838.48,523880.38,543718.88,525452,19898,252.24,277.17,529.41,278,253,0.00,0.00,0,0
1544346745,2003-eth4,9868.39,9928.22,19796.61,9958,9898,100.70,101.69,202.39,102,101,0.00,0.00,0,0
1544346745,2008-eth4,1230901.25,1220476.62,2451378.00,1224138,1234594,954.14,868.39,1822.53,871,957,0.00,0.00,0,0
1544346745,3008-eth3,424542.38,1222356.88,1646899.25,1226024,425816,570.29,626.12,1196.41,628,572,0.00,0.00,0,0
1544346745,2005-eth2,11627.12,11589.23,23216.35,11624,11662,118.64,118.64,237.29,119,119,0.00,0.00,0,0
1544346745,2006-eth4,16384.85,1102047.88,1118432.75,1105354,16434,248.26,379.86,628.12,381,249,0.00,0.00,0,0
1544346745,3006-eth2,1102047.88,16384.85,1118432.75,16434,1105354,379.86,248.26,628.12,249,381,0.00,0.00,0,0
1544346745,1003-eth4,580339.00,20737.79,601076.75,20800,582080,306.08,255.23,561.32,256,307,0.00,0.00,0,0
1544346745,2006-eth2,0.00,0.00,0.00,0,0,0.00,0.00,0.00,0,0,0.00,0.00,0,0
1544346745,3001-eth1,9672.98,9672.98,19345.96,9702,9702,98.70,98.70,197.41,99,99,0.00,0.00,0,0
1544346745,3008-eth2,1220476.62,1230901.25,2451378.00,1234594,1224138,868.39,954.14,1822.53,957,871,0.00,0.00,0,0
1544346745,2004-eth3,1227665.00,893511.50,2121176.50,896192,1231348,895.31,785.64,1680.96,788,898,0.00,0.00,0,0
1544346745,3001-eth4,742993.00,856323.06,1599316.00,858892,745222,517.45,528.41,1045.86,530,519,0.00,0.00,0,0
1544346745,1003-eth1,9804.59,471256.22,481060.81,472670,9834,148.55,162.51,311.07,163,149,0.00,0.00,0,0
1544346745,3002-eth2,1224376.88,1222075.75,2446452.75,1225742,1228050,833.50,776.67,1610.17,779,836,0.00,0.00,0,0
1544346745,2005-eth4,15437.69,15535.39,30973.08,15582,15484,157.53,158.52,316.05,159,158,0.00,0.00,0,0
1544346745,3003-eth2,893511.50,1227665.00,2121176.50,1231348,896192,785.64,895.31,1680.96,898,788,0.00,0.00,0,0
1544346745,2007-eth1,0.00,0.00,0.00,0,0,0.00,0.00,0.00,0,0,0.00,0.00,0,0
1544346745,1002-eth4,59.82,0.00,59.82,0,60,1.00,0.00,1.00,0,1,0.00,0.00,0,0
1544346745,3002-eth4,1212791.62,705806.56,1918598.25,707924,1216430,636.09,632.10,1268.20,634,638,0.00,0.00,0,0
1544346745,2007-eth3,0.00,59.82,59.82,60,0,0.00,1.00,1.00,1,0,0.00,0.00,0,0
1544346745,3005-eth1,0.00,0.00,0.00,0,0,0.00,0.00,0.00,0,0,0.00,0.00,0,0
1544346745,2001-eth4,9594.41,9654.35,19248.75,9664,9604,97.90,98.90,196.80,99,98,0.00,0.00,0,0
1544346745,3003-eth4,15794.21,298759.25,314553.47,299058,15810,186.81,204.80,391.61,205,187,0.00,0.00,0,0
1544346745,2004-eth1,585592.44,262905.09,848497.50,263168,586178,368.63,395.60,764.24,396,369,0.00,0.00,0,0
1544346745,3006-eth4,23472.53,945406.62,968879.12,946352,23496,307.69,423.58,731.27,424,308,0.00,0.00,0,0
1544346745,3007-eth1,59.94,0.00,59.94,0,60,1.00,0.00,1.00,0,1,0.00,0.00,0,0
1544346745,2008-eth1,20779.22,581498.50,602277.75,582080,20800,255.74,306.69,562.44,307,256,0.00,0.00,0,0
1544346745,2002-eth2,0.00,0.00,0.00,0,0,0.00,0.00,0.00,0,0,0.00,0.00,0,0
1544346745,2003-eth1,7734.27,7734.27,15468.53,7742,7742,78.92,78.92,157.84,79,79,0.00,0.00,0,0
1544346745,3008-eth4,804879.12,94849.16,899728.31,94944,805684,381.62,391.61,773.23,392,382,0.00,0.00,0,0
1544346745,1004-eth4,0.00,0.00,0.00,0,0,0.00,0.00,0.00,0,0,0.00,0.00,0,0
1544346745,3006-eth1,15566.43,15468.53,31034.97,15484,15582,158.84,157.84,316.68,158,159,0.00,0.00,0,0
1544346745,1004-eth3,0.00,0.00,0.00,0,0,0.00,0.00,0.00,0,0,0.00,0.00,0,0
1544346745,1002-eth2,7990.01,7832.17,15822.18,7840,7998,81.92,79.92,161.84,80,82,0.00,0.00,0,0
1544346745,3004-eth3,29530.47,1025268.75,1054799.25,1026294,29560,398.60,450.55,849.15,451,399,0.00,0.00,0,0
1544346745,2003-eth3,9692.31,9692.31,19384.62,9702,9702,98.90,98.90,197.80,99,99,0.00,0.00,0,0
1544346745,2005-eth1,3916.08,3916.08,7832.17,3920,3920,39.96,39.96,79.92,40,40,0.00,0.00,0,0
1544346745,3002-eth3,18951.05,464037.97,482989.03,464502,18970,239.76,254.75,494.51,255,240,0.00,0.00,0,0
1544346745,3006-eth3,12231.77,172309.69,184541.47,172482,12244,137.86,152.85,290.71,153,138,0.00,0.00,0,0
1544346745,2001-eth1,3818.18,3818.18,7636.36,3822,3822,38.96,38.96,77.92,39,39,0.00,0.00,0,0
1544346745,3005-eth2,268301.72,1223100.88,1491402.62,1224324,268570,536.46,581.42,1117.88,582,537,0.00,0.00,0,0
1544346745,2001-eth2,11552.45,11612.39,23164.84,11624,11564,117.88,118.88,236.76,119,118,0.00,0.00,0,0
1544346745,3007-eth2,415730.28,1202135.88,1617866.12,1203338,416146,600.40,614.39,1214.79,615,601,0.00,0.00,0,0
1544346745,1001-eth1,3818.18,3818.18,7636.36,3822,3822,38.96,38.96,77.92,39,39,0.00,0.00,0,0
1544346745,3007-eth4,1041154.88,397176.84,1438331.75,397574,1042196,547.45,538.46,1085.91,539,548,0.00,0.00,0,0
1544346745,2003-eth2,7832.17,7990.01,15822.18,7998,7840,79.92,81.92,161.84,82,80,0.00,0.00,0,0
1544346745,3007-eth3,160820.36,18600.80,179421.16,18638,161142,66.87,62.87,129.74,63,67,0.00,0.00,0,0
1544346745,1002-eth1,11600.80,11540.92,23141.72,11564,11624,118.76,117.76,236.53,118,119,0.00,0.00,0,0
1544346745,2002-eth3,753812.38,1221497.00,1975309.38,1223940,755320,670.66,640.72,1311.38,642,672,0.00,0.00,0,0
1544346745,2007-eth2,0.00,59.88,59.88,60,0,0.00,1.00,1.00,1,0,0.00,0.00,0,0
1544346745,total,26639262.00,26874812.00,53514072.00,26928560,26692540,21630.74,21690.62,43321.36,21734,21674,0.00,0.00,0,0
1544346746,3003-eth3,1216479.12,545429.19,1761908.25,546520,1218912,710.58,666.67,1377.25,668,712,0.00,0.00,0,0
1544346746,2002-eth1,558964.06,10670.66,569634.75,10692,560082,192.61,161.68,354.29,162,193,0.00,0.00,0,0
1544346746,lo,7155.69,7155.69,14311.38,7170,7170,69.86,69.86,139.72,70,70,0.00,0.00,0,0
1544346746,3005-eth3,1222051.88,1217980.12,2440032.00,1220416,1224496,802.40,806.39,1608.78,808,804,0.00,0.00,0,0
1544346746,2005-eth3,0.00,0.00,0.00,0,0,0.00,0.00,0.00,0,0,0.00,0.00,0,0
1544346746,3004-eth4,1220057.88,983465.12,2203523.00,985432,1222498,706.59,734.53,1441.12,736,708,0.00,0.00,0,0
1544346746,1004-eth2,0.00,0.00,0.00,0,0,0.00,0.00,0.00,0,0,0.00,0.00,0,0
1544346746,2004-eth4,334221.56,963177.69,1297399.25,965104,334890,400.20,427.15,827.35,428,401,0.00,0.00,0,0
1544346746,1001-eth2,7824.35,7884.23,15708.58,7900,7840,79.84,80.84,160.68,81,80,0.00,0.00,0,0
1544346746,1003-eth3,565155.69,262261.47,827417.19,262786,566286,286.43,251.50,537.92,252,287,0.00,0.00,0,0
1544346746,2002-eth4,1223558.88,1173379.25,2396938.25,1175726,1226006,781.44,809.38,1590.82,811,783,0.00,0.00,0,0
1544346746,1001-eth4,0.00,0.00,0.00,0,0,0.00,0.00,0.00,0,0,0.00,0.00,0,0
1544346746,3001-eth2,1220904.25,614415.19,1835319.38,615644,1223346,631.74,616.77,1248.50,618,633,0.00,0.00,0,0
1544346746,1004-eth1,0.00,0.00,0.00,0,0,0.00,0.00,0.00,0,0,0.00,0.00,0,0
1544346746,3005-eth4,1196441.12,276037.94,1472479.12,276590,1198834,480.04,482.04,962.08,483,481,0.00,0.00,0,0
1544346746,1003-eth2,272345.31,518203.59,790548.94,519240,272890,361.28,363.27,724.55,364,362,0.00,0.00,0,0
1544346746,3008-eth1,59.88,0.00,59.88,0,60,1.00,0.00,1.00,0,1,0.00,0.00,0,0
1544346746,1002-eth3,11540.92,11540.92,23081.84,11564,11564,117.76,117.76,235.53,118,118,0.00,0.00,0,0
1544346746,2006-eth1,262261.47,565155.69,827417.19,566286,262786,251.50,286.43,537.92,287,252,0.00,0.00,0,0
1544346746,3003-eth1,9724.55,9742.52,19467.07,9762,9744,99.80,99.80,199.60,100,100,0.00,0.00,0,0
1544346746,2001-eth3,9840.32,9780.44,19620.76,9800,9860,100.80,99.80,200.60,100,101,0.00,0.00,0,0
1544346746,2008-eth2,59.88,0.00,59.88,0,60,1.00,0.00,1.00,0,1,0.00,0.00,0,0
1544346746,2008-eth3,1202345.38,478702.59,1681048.00,479660,1204750,614.77,596.81,1211.58,598,616,0.00,0.00,0,0
1544346746,1001-eth3,3912.18,3912.18,7824.35,3920,3920,39.92,39.92,79.84,40,40,0.00,0.00,0,0
1544346746,2007-eth4,0.00,59.88,59.88,60,0,0.00,1.00,1.00,1,0,0.00,0.00,0,0
1544346746,2004-eth2,0.00,0.00,0.00,0,0,0.00,0.00,0.00,0,0,0.00,0.00,0,0
1544346746,3002-eth1,9682.63,9682.63,19365.27,9702,9702,98.80,98.80,197.60,99,99,0.00,0.00,0,0
1544346746,3004-eth1,9584.83,9626.75,19211.58,9646,9604,97.80,98.80,196.61,99,98,0.00,0.00,0,0
1544346746,2006-eth3,1221535.00,277614.78,1499149.75,278170,1223978,488.02,484.03,972.06,485,489,0.00,0.00,0,0
1544346746,3004-eth2,963177.69,334221.56,1297399.25,334890,965104,427.15,400.20,827.35,401,428,0.00,0.00,0,0
1544346746,3001-eth3,20846.31,586481.06,607327.38,587654,20888,267.47,298.40,565.87,299,268,0.00,0.00,0,0
1544346746,2003-eth4,9626.75,9584.83,19211.58,9604,9646,98.80,97.80,196.61,98,99,0.00,0.00,0,0
1544346746,2008-eth4,1234125.75,1223040.00,2457165.75,1225486,1236594,1094.81,885.23,1980.04,887,1097,0.00,0.00,0,0
1544346746,3008-eth3,453013.00,1220030.00,1673043.00,1221250,453466,639.36,556.44,1195.80,557,640,0.00,0.00,0,0
1544346746,2005-eth2,11540.92,11540.92,23081.84,11564,11564,117.76,117.76,235.53,118,118,0.00,0.00,0,0
1544346746,2006-eth4,15473.05,943453.12,958926.19,945340,15504,234.53,325.35,559.88,326,235,0.00,0.00,0,0
1544346746,3006-eth2,943453.12,15473.05,958926.19,15504,945340,325.35,234.53,559.88,235,326,0.00,0.00,0,0
1544346746,1003-eth4,512012.00,20814.37,532826.38,20856,513036,269.46,272.46,541.92,273,270,0.00,0.00,0,0
1544346746,2006-eth2,59.88,0.00,59.88,0,60,1.00,0.00,1.00,0,1,0.00,0.00,0,0
1544346746,3001-eth1,9780.44,9840.32,19620.76,9860,9800,99.80,100.80,200.60,101,100,0.00,0.00,0,0
1544346746,3008-eth2,1223040.00,1234125.75,2457165.75,1236594,1225486,885.23,1094.81,1980.04,1097,887,0.00,0.00,0,0
1544346746,2004-eth3,1223197.62,852425.19,2075622.75,854130,1225644,812.38,763.47,1575.85,765,814,0.00,0.00,0,0
1544346746,3001-eth4,603349.31,805471.06,1408820.38,807082,604556,449.10,468.06,917.17,469,450,0.00,0.00,0,0
1544346746,1003-eth1,10681.32,559522.50,570203.81,560082,10692,161.84,192.81,354.65,193,162,0.00,0.00,0,0
1544346746,3002-eth2,1174551.50,1224781.25,2399332.75,1226006,1175726,810.19,782.22,1592.41,783,811,0.00,0.00,0,0
1544346746,2005-eth4,15468.53,15528.47,30997.00,15544,15484,157.84,158.84,316.68,159,158,0.00,0.00,0,0
1544346746,3003-eth2,853276.75,1224419.62,2077696.38,1225644,854130,764.24,813.19,1577.42,814,765,0.00,0.00,0,0
1544346746,2007-eth1,0.00,0.00,0.00,0,0,0.00,0.00,0.00,0,0,0.00,0.00,0,0
1544346746,1002-eth4,0.00,59.94,59.94,60,0,0.00,1.00,1.00,1,0,0.00,0.00,0,0
1544346746,3002-eth4,1210877.12,647838.19,1858715.38,648486,1212088,615.38,610.39,1225.77,611,616,0.00,0.00,0,0
1544346746,2007-eth3,59.94,0.00,59.94,0,60,1.00,0.00,1.00,0,1,0.00,0.00,0,0
1544346746,3005-eth1,0.00,0.00,0.00,0,0,0.00,0.00,0.00,0,0,0.00,0.00,0,0
1544346746,2001-eth4,9692.31,9692.31,19384.62,9702,9702,98.90,98.90,197.80,99,99,0.00,0.00,0,0
1544346746,3003-eth4,16417.58,331044.97,347462.56,331376,16434,200.80,211.79,412.59,212,201,0.00,0.00,0,0
1544346746,2004-eth1,518721.28,272617.38,791338.69,272890,519240,363.64,361.64,725.27,362,364,0.00,0.00,0,0
1544346746,3006-eth4,9792.21,21332.67,31124.88,21354,9802,100.90,100.90,201.80,101,101,0.00,0.00,0,0
1544346746,3007-eth1,0.00,59.94,59.94,60,0,0.00,1.00,1.00,1,0,0.00,0.00,0,0
1544346746,2008-eth1,20835.17,512523.50,533358.62,513036,20856,272.73,269.73,542.46,270,273,0.00,0.00,0,0
1544346746,2002-eth2,0.00,0.00,0.00,0,0,0.00,0.00,0.00,0,0,0.00,0.00,0,0
1544346746,2003-eth1,7892.11,7832.17,15724.28,7840,7900,80.92,79.92,160.84,80,81,0.00,0.00,0,0
1544346746,3008-eth4,782531.50,235206.80,1017738.31,235442,783314,459.54,366.63,826.17,367,460,0.00,0.00,0,0
1544346746,1004-eth4,0.00,59.94,59.94,60,0,0.00,1.00,1.00,1,0,0.00,0.00,0,0
1544346746,3006-eth1,15528.47,15468.53,30997.00,15484,15544,158.84,157.84,316.68,158,159,0.00,0.00,0,0
1544346746,1004-eth3,0.00,59.94,59.94,60,0,0.00,1.00,1.00,1,0,0.00,0.00,0,0
1544346746,1002-eth2,7734.27,7794.21,15528.47,7802,7742,78.92,79.92,158.84,80,79,0.00,0.00,0,0
1544346746,3004-eth3,29902.10,1023560.44,1053462.62,1024584,29932,405.59,447.55,853.15,448,406,0.00,0.00,0,0
1544346746,2003-eth3,9752.25,9734.27,19486.51,9744,9762,99.90,99.90,199.80,100,100,0.00,0.00,0,0
1544346746,2005-eth1,3916.08,3916.08,7832.17,3920,3920,39.96,39.96,79.92,40,40,0.00,0.00,0,0
1544346746,3002-eth3,20637.36,533706.31,554343.69,534240,20658,264.74,279.72,544.46,280,265,0.00,0.00,0,0
1544346746,3006-eth3,24923.08,942349.69,967272.75,943292,24948,329.67,421.58,751.25,422,330,0.00,0.00,0,0
1544346746,2001-eth1,3916.08,3916.08,7832.17,3920,3920,39.96,39.96,79.92,40,40,0.00,0.00,0,0
1544346746,3005-eth2,277892.12,1222755.25,1500647.38,1223978,278170,484.52,488.51,973.03,489,485,0.00,0.00,0,0
1544346746,2001-eth2,11650.35,11650.35,23300.70,11662,11662,118.88,118.88,237.76,119,119,0.00,0.00,0,0
1544346746,3007-eth2,479180.84,1203546.50,1682727.38,1204750,479660,597.40,615.38,1212.79,616,598,0.00,0.00,0,0
1544346746,1001-eth1,3916.08,3916.08,7832.17,3920,3920,39.96,39.96,79.92,40,40,0.00,0.00,0,0
1544346746,3007-eth4,1011041.00,375994.03,1387035.00,376370,1012052,483.52,480.52,964.04,481,484,0.00,0.00,0,0
1544346746,2003-eth2,7794.21,7734.27,15528.47,7742,7802,79.92,78.92,158.84,79,80,0.00,0.00,0,0
1544346746,3007-eth3,192445.56,103186.81,295632.38,103290,192638,130.87,116.88,247.75,117,131,0.00,0.00,0,0
1544346746,1002-eth1,11650.35,11650.35,23300.70,11662,11662,118.88,118.88,237.76,119,119,0.00,0.00,0,0
1544346746,2002-eth3,615029.00,1222123.88,1837152.88,1223346,615644,617.38,632.37,1249.75,633,618,0.00,0.00,0,0
1544346746,2007-eth2,59.94,0.00,59.94,0,60,1.00,0.00,1.00,0,1,0.00,0.00,0,0
1544346746,total,26384706.00,27001950.00,53386656.00,27028952,26411090,21326.67,21328.67,42655.35,21350,21348,0.00,0.00,0,0
1544346747,3003-eth3,1212167.88,657152.88,1869320.75,657810,1213380,611.39,620.38,1231.77,621,612,0.00,0.00,0,0
1544346747,2002-eth1,533418.62,10649.35,544067.94,10660,533952,191.81,151.85,343.66,152,192,0.00,0.00,0,0
1544346747,lo,65094.91,65094.91,130189.81,65160,65160,298.70,298.70,597.40,299,299,0.00,0.00,0,0
1544346747,3005-eth3,1218537.50,1216939.12,2435476.50,1218156,1219756,797.20,809.19,1606.39,810,798,0.00,0.00,0,0
1544346747,2005-eth3,59.94,0.00,59.94,0,60,1.00,0.00,1.00,0,1,0.00,0.00,0,0
1544346747,3004-eth4,1218691.38,909920.12,2128611.50,910830,1219910,690.31,702.30,1392.61,703,691,0.00,0.00,0,0
1544346747,1004-eth2,0.00,59.94,59.94,60,0,0.00,1.00,1.00,1,0,0.00,0.00,0,0
1544346747,2004-eth4,327060.94,889174.88,1216235.75,890064,327388,440.56,387.61,828.17,388,441,0.00,0.00,0,0
1544346747,1001-eth2,7538.46,7538.46,15076.92,7546,7546,76.92,76.92,153.85,77,77,0.00,0.00,0,0
1544346747,1003-eth3,538034.00,200093.91,738127.88,200294,538572,261.74,216.78,478.52,217,262,0.00,0.00,0,0
1544346747,2002-eth4,1216899.12,1019238.81,2236138.00,1020258,1218116,702.30,780.22,1482.52,781,703,0.00,0.00,0,0
1544346747,1001-eth4,0.00,0.00,0.00,0,0,0.00,0.00,0.00,0,0,0.00,0.00,0,0
1544346747,3001-eth2,1218489.50,485880.12,1704369.62,486366,1219708,533.47,589.41,1122.88,590,534,0.00,0.00,0,0
1544346747,1004-eth1,0.00,59.94,59.94,60,0,0.00,1.00,1.00,1,0,0.00,0.00,0,0
1544346747,3005-eth4,1190663.38,215290.72,1405954.12,215506,1191854,462.54,456.54,919.08,457,463,0.00,0.00,0,0
1544346747,1003-eth2,200323.69,643238.75,843562.44,643882,200524,229.77,299.70,529.47,300,230,0.00,0.00,0,0
1544346747,3008-eth1,0.00,0.00,0.00,0,0,0.00,0.00,0.00,0,0,0.00,0.00,0,0
1544346747,1002-eth3,11552.45,11612.39,23164.84,11624,11564,117.88,118.88,236.76,119,118,0.00,0.00,0,0
1544346747,2006-eth1,200093.91,538034.00,738127.88,538572,200294,216.78,261.74,478.52,262,217,0.00,0.00,0,0
1544346747,3003-eth1,9636.36,9636.36,19272.73,9646,9646,98.90,98.90,197.80,99,99,0.00,0.00,0,0
1544346747,2001-eth3,9496.50,9556.44,19052.95,9566,9506,96.90,97.90,194.81,98,97,0.00,0.00,0,0
1544346747,2008-eth2,0.00,0.00,0.00,0,0,0.00,0.00,0.00,0,0,0.00,0.00,0,0
1544346747,2008-eth3,1209100.88,670261.75,1879362.75,670932,1210310,610.39,621.38,1231.77,622,611,0.00,0.00,0,0
1544346747,1001-eth3,3720.28,3780.22,7500.50,3784,3724,37.96,38.96,76.92,39,38,0.00,0.00,0,0
1544346747,2007-eth4,0.00,0.00,0.00,0,0,0.00,0.00,0.00,0,0,0.00,0.00,0,0
1544346747,2004-eth2,59.94,0.00,59.94,0,60,1.00,0.00,1.00,0,1,0.00,0.00,0,0
1544346747,3002-eth1,9496.50,9556.44,19052.95,9566,9506,96.90,97.90,194.81,98,97,0.00,0.00,0,0
1544346747,3004-eth1,9636.36,9636.36,19272.73,9646,9646,98.90,98.90,197.80,99,99,0.00,0.00,0,0
1544346747,2006-eth3,1218741.25,219214.80,1437956.12,219434,1219960,471.53,464.54,936.06,465,472,0.00,0.00,0,0
1544346747,3004-eth2,889174.88,327060.94,1216235.75,327388,890064,387.61,440.56,828.17,441,388,0.00,0.00,0,0
1544346747,3001-eth3,21028.97,637142.88,658171.88,637780,21050,271.73,313.69,585.41,314,272,0.00,0.00,0,0
1544346747,2003-eth4,9636.36,9636.36,19272.73,9646,9646,98.90,98.90,197.80,99,99,0.00,0.00,0,0
1544346747,2008-eth4,1222771.25,1220040.00,2442811.25,1221260,1223994,971.03,776.22,1747.25,777,972,0.00,0.00,0,0
1544346747,3008-eth3,483908.09,1214747.25,1698655.38,1215962,484392,559.44,564.44,1123.88,565,560,0.00,0.00,0,0
1544346747,2005-eth2,11612.39,11552.45,23164.84,11564,11624,118.88,117.88,236.76,118,119,0.00,0.00,0,0
1544346747,2006-eth4,19120.88,822285.75,841406.62,823108,19140,247.75,316.68,564.44,317,248,0.00,0.00,0,0
1544346747,3006-eth2,822285.75,19120.88,841406.62,19140,823108,316.68,247.75,564.44,248,317,0.00,0.00,0,0
1544346747,1003-eth4,638563.44,10879.12,649442.56,10890,639202,228.77,164.84,393.61,165,229,0.00,0.00,0,0
1544346747,2006-eth2,0.00,0.00,0.00,0,0,0.00,0.00,0.00,0,0,0.00,0.00,0,0
1544346747,3001-eth1,9556.44,9496.50,19052.95,9506,9566,97.90,96.90,194.81,97,98,0.00,0.00,0,0
1544346747,3008-eth2,1220040.00,1222771.25,2442811.25,1223994,1221260,776.22,971.03,1747.25,972,777,0.00,0.00,0,0
1544346747,2004-eth3,1217928.12,970179.88,2188108.00,971150,1219146,698.30,738.26,1436.56,739,699,0.00,0.00,0,0
1544346747,3001-eth4,474473.53,858149.88,1332623.38,859008,474948,416.58,443.56,860.14,444,417,0.00,0.00,0,0
1544346747,1003-eth1,10649.35,533418.62,544067.94,533952,10660,151.85,191.81,343.66,192,152,0.00,0.00,0,0
1544346747,3002-eth2,1019304.75,1216899.12,2236203.75,1218116,1020324,781.22,702.30,1483.52,703,782,0.00,0.00,0,0
1544346747,2005-eth4,15332.67,15272.73,30605.39,15288,15348,156.84,155.84,312.69,156,157,0.00,0.00,0,0
1544346747,3003-eth2,970179.88,1217928.12,2188108.00,1219146,971150,738.26,698.30,1436.56,699,739,0.00,0.00,0,0
1544346747,2007-eth1,0.00,0.00,0.00,0,0,0.00,0.00,0.00,0,0,0.00,0.00,0,0
1544346747,1002-eth4,0.00,0.00,0.00,0,0,0.00,0.00,0.00,0,0,0.00,0.00,0,0
1544346747,3002-eth4,1208825.25,419926.09,1628751.25,420346,1210034,540.46,532.47,1072.93,533,541,0.00,0.00,0,0
1544346747,2007-eth3,0.00,0.00,0.00,0,0,0.00,0.00,0.00,0,0,0.00,0.00,0,0
1544346747,3005-eth1,0.00,59.94,59.94,60,0,0.00,1.00,1.00,1,0,0.00,0.00,0,0
1544346747,2001-eth4,9556.44,9496.50,19052.95,9506,9566,97.90,96.90,194.81,97,98,0.00,0.00,0,0
1544346747,3003-eth4,15396.60,308589.41,323986.03,308898,15412,185.81,200.80,386.61,201,186,0.00,0.00,0,0
1544346747,2004-eth1,643238.75,200323.69,843562.44,200524,643882,299.70,229.77,529.47,230,300,0.00,0.00,0,0
1544346747,3006-eth4,21850.15,395326.69,417176.84,395722,21872,240.76,264.74,505.49,265,241,0.00,0.00,0,0
1544346747,3007-eth1,0.00,0.00,0.00,0,0,0.00,0.00,0.00,0,0,0.00,0.00,0,0
1544346747,2008-eth1,10879.12,638563.44,649442.56,639202,10890,164.84,228.77,393.61,229,165,0.00,0.00,0,0
1544346747,2002-eth2,59.94,0.00,59.94,0,60,1.00,0.00,1.00,0,1,0.00,0.00,0,0
1544346747,2003-eth1,7538.46,7538.46,15076.92,7546,7546,76.92,76.92,153.85,77,77,0.00,0.00,0,0
1544346747,3008-eth4,738803.19,298115.91,1036919.12,298414,739542,410.59,330.67,741.26,331,411,0.00,0.00,0,0
1544346747,1004-eth4,0.00,0.00,0.00,0,0,0.00,0.00,0.00,0,0,0.00,0.00,0,0
1544346747,3006-eth1,15272.73,15332.67,30605.39,15348,15288,155.84,156.84,312.69,157,156,0.00,0.00,0,0
1544346747,1004-eth3,0.00,0.00,0.00,0,0,0.00,0.00,0.00,0,0,0.00,0.00,0,0
1544346747,1002-eth2,7734.27,7734.27,15468.53,7742,7742,78.92,78.92,157.84,79,79,0.00,0.00,0,0
1544346747,3004-eth3,30297.70,1029478.56,1059776.25,1030508,30328,411.59,449.55,861.14,450,412,0.00,0.00,0,0
1544346747,2003-eth3,9636.36,9636.36,19272.73,9646,9646,98.90,98.90,197.80,99,99,0.00,0.00,0,0
1544346747,2005-eth1,3780.22,3720.28,7500.50,3724,3784,38.96,37.96,76.92,38,39,0.00,0.00,0,0
1544346747,3002-eth3,20469.53,502935.09,523404.62,503438,20490,258.74,274.73,533.47,275,259,0.00,0.00,0,0
1544346747,3006-eth3,16579.42,446087.94,462667.34,446534,16596,204.80,246.75,451.55,247,205,0.00,0.00,0,0
1544346747,2001-eth1,3818.18,3818.18,7636.36,3822,3822,38.96,38.96,77.92,39,39,0.00,0.00,0,0
1544346747,3005-eth2,219214.80,1218741.25,1437956.12,1219960,219434,464.54,471.53,936.06,472,465,0.00,0.00,0,0
1544346747,2001-eth2,11514.49,11454.55,22969.03,11466,11526,117.88,116.88,234.77,117,118,0.00,0.00,0,0
1544346747,3007-eth2,670261.75,1209100.88,1879362.75,1210310,670932,621.38,610.39,1231.77,611,622,0.00,0.00,0,0
1544346747,1001-eth1,3818.18,3818.18,7636.36,3822,3822,38.96,38.96,77.92,39,39,0.00,0.00,0,0
1544346747,3007-eth4,1151556.50,543019.00,1694575.50,543562,1152708,549.45,556.44,1105.89,557,550,0.00,0.00,0,0
1544346747,2003-eth2,7734.27,7734.27,15468.53,7742,7742,78.92,78.92,157.84,79,79,0.00,0.00,0,0
1544346747,3007-eth3,57544.46,127176.83,184721.28,127304,57602,60.94,63.94,124.88,64,61,0.00,0.00,0,0
1544346747,1002-eth1,11454.55,11514.49,22969.03,11526,11466,116.88,117.88,234.77,118,117,0.00,0.00,0,0
1544346747,2002-eth3,485946.06,1218489.50,1704435.62,1219708,486432,590.41,533.47,1123.88,534,591,0.00,0.00,0,0
1544346747,2007-eth2,0.00,0.00,0.00,0,0,0.00,0.00,0.00,0,0,0.00,0.00,0,0
1544346747,total,26066862.00,26765934.00,52832796.00,26792700,26092928,20106.89,20262.74,40369.63,20283,20127,0.00,0.00,0,0
1544346748,3003-eth3,1210777.25,619760.25,1830537.50,620380,1211988,592.41,601.40,1193.81,602,593,0.00,0.00,0,0
1544346748,2002-eth1,198125.88,10577.42,208703.30,10588,198324,108.89,112.89,221.78,113,109,0.00,0.00,0,0
1544346748,lo,7522.48,7522.48,15044.96,7530,7530,72.93,72.93,145.85,73,73,0.00,0.00,0,0
1544346748,3005-eth3,1219852.12,1215656.38,2435508.50,1216872,1221072,795.20,817.18,1612.39,818,796,0.00,0.00,0,0
1544346748,2005-eth3,0.00,59.94,59.94,60,0,0.00,1.00,1.00,1,0,0.00,0.00,0,0
1544346748,3004-eth4,1221061.00,929120.88,2150182.00,930050,1222282,704.30,708.29,1412.59,709,705,0.00,0.00,0,0
1544346748,1004-eth2,0.00,0.00,0.00,0,0,0.00,0.00,0.00,0,0,0.00,0.00,0,0
1544346748,2004-eth4,365526.47,909430.62,1274957.12,910340,365892,409.59,409.59,819.18,410,410,0.00,0.00,0,0
1544346748,1001-eth2,7402.60,7440.56,14843.16,7448,7410,75.92,75.92,151.85,76,76,0.00,0.00,0,0
1544346748,1003-eth3,204725.28,302147.88,506873.16,302450,204930,208.79,212.79,421.58,213,209,0.00,0.00,0,0
1544346748,2002-eth4,1223802.25,904953.06,2128755.25,905858,1225026,726.27,736.26,1462.54,737,727,0.00,0.00,0,0
1544346748,1001-eth4,59.94,59.94,119.88,60,60,1.00,1.00,2.00,1,1,0.00,0.00,0,0
1544346748,3001-eth2,1220479.50,706887.12,1927366.62,707594,1221700,629.37,628.37,1257.74,629,630,0.00,0.00,0,0
1544346748,1004-eth1,59.94,0.00,59.94,0,60,1.00,0.00,1.00,0,1,0.00,0.00,0,0
1544346748,3005-eth4,1182835.25,317278.72,1500113.88,317596,1184018,475.52,489.51,965.03,490,476,0.00,0.00,0,0
1544346748,1003-eth2,303630.38,594325.69,897956.06,594920,303934,282.72,303.70,586.41,304,283,0.00,0.00,0,0
1544346748,3008-eth1,0.00,59.94,59.94,60,0,0.00,1.00,1.00,1,0,0.00,0.00,0,0
1544346748,1002-eth3,11356.64,11356.64,22713.29,11368,11368,115.88,115.88,231.77,116,116,0.00,0.00,0,0
1544346748,2006-eth1,302147.88,204725.28,506873.16,204930,302450,212.79,208.79,421.58,209,213,0.00,0.00,0,0
1544346748,3003-eth1,9360.64,9244.76,18605.39,9254,9370,95.90,94.91,190.81,95,96,0.00,0.00,0,0
1544346748,2001-eth3,9398.60,9398.60,18797.20,9408,9408,95.90,95.90,191.81,96,96,0.00,0.00,0,0
1544346748,2008-eth2,0.00,0.00,0.00,0,0,0.00,0.00,0.00,0,0,0.00,0.00,0,0
1544346748,2008-eth3,1209810.25,411114.91,1620925.12,411526,1211020,533.47,530.47,1063.94,531,534,0.00,0.00,0,0
1544346748,1001-eth3,3878.12,3720.28,7598.40,3724,3882,39.96,37.96,77.92,38,40,0.00,0.00,0,0
1544346748,2007-eth4,59.94,0.00,59.94,0,60,1.00,0.00,1.00,0,1,0.00,0.00,0,0
1544346748,2004-eth2,0.00,0.00,0.00,0,0,0.00,0.00,0.00,0,0,0.00,0.00,0,0
1544346748,3002-eth1,9398.60,9398.60,18797.20,9408,9408,95.90,95.90,191.81,96,96,0.00,0.00,0,0
1544346748,3004-eth1,9636.36,9654.35,19290.71,9664,9646,98.90,98.90,197.80,99,99,0.00,0.00,0,0
1544346748,2006-eth3,1219790.25,329054.97,1548845.25,329384,1221010,487.51,512.49,1000.00,513,488,0.00,0.00,0,0
1544346748,3004-eth2,909430.62,365526.47,1274957.12,365892,910340,409.59,409.59,819.18,410,410,0.00,0.00,0,0
1544346748,3001-eth3,19552.45,580757.25,600309.69,581338,19572,249.75,292.71,542.46,293,250,0.00,0.00,0,0
1544346748,2003-eth4,9752.25,9734.27,19486.51,9744,9762,99.90,99.90,199.80,100,100,0.00,0.00,0,0
1544346748,2008-eth4,1221838.25,1221810.25,2443648.50,1223032,1223060,869.13,715.28,1584.42,716,870,0.00,0.00,0,0
1544346748,3008-eth3,487518.50,1203108.88,1690627.38,1204312,488006,526.47,563.44,1089.91,564,527,0.00,0.00,0,0
1544346748,2005-eth2,11356.64,11356.64,22713.29,11368,11368,115.88,115.88,231.77,116,116,0.00,0.00,0,0
1544346748,2006-eth4,26847.15,725900.12,752747.25,726626,26874,298.70,324.68,623.38,325,299,0.00,0.00,0,0
1544346748,3006-eth2,725900.12,26847.15,752747.25,26874,726626,324.68,298.70,623.38,299,325,0.00,0.00,0,0
1544346748,1003-eth4,587666.38,12000.00,599666.38,12012,588254,202.80,181.82,384.62,182,203,0.00,0.00,0,0
1544346748,2006-eth2,0.00,0.00,0.00,0,0,0.00,0.00,0.00,0,0,0.00,0.00,0,0
1544346748,3001-eth1,9398.60,9398.60,18797.20,9408,9408,95.90,95.90,191.81,96,96,0.00,0.00,0,0
1544346748,3008-eth2,1221810.25,1221838.25,2443648.50,1223060,1223032,715.28,869.13,1584.42,870,716,0.00,0.00,0,0
1544346748,2004-eth3,1220815.25,959912.12,2180727.25,960872,1222036,700.30,714.29,1414.59,715,701,0.00,0.00,0,0
1544346748,3001-eth4,696667.38,820089.94,1516757.25,820910,697364,473.53,502.50,976.02,503,474,0.00,0.00,0,0
1544346748,1003-eth1,10671.33,198125.88,208797.20,198324,10682,113.89,108.89,222.78,109,114,0.00,0.00,0,0
1544346748,3002-eth2,904887.12,1223802.25,2128689.25,1225026,905792,735.26,726.27,1461.54,727,736,0.00,0.00,0,0
1544346748,2005-eth4,15272.73,15272.73,30545.46,15288,15288,155.84,155.84,311.69,156,156,0.00,0.00,0,0
1544346748,3003-eth2,959912.12,1220815.25,2180727.25,1222036,960872,714.29,700.30,1414.59,701,715,0.00,0.00,0,0
1544346748,2007-eth1,59.94,59.94,119.88,60,60,1.00,1.00,2.00,1,1,0.00,0.00,0,0
1544346748,1002-eth4,0.00,0.00,0.00,0,0,0.00,0.00,0.00,0,0,0.00,0.00,0,0
1544346748,3002-eth4,1211734.25,706953.06,1918687.38,707660,1212946,628.37,629.37,1257.74,630,629,0.00,0.00,0,0
1544346748,2007-eth3,0.00,0.00,0.00,0,0,0.00,0.00,0.00,0,0,0.00,0.00,0,0
1544346748,3005-eth1,59.94,0.00,59.94,0,60,1.00,0.00,1.00,0,1,0.00,0.00,0,0
1544346748,2001-eth4,9398.60,9398.60,18797.20,9408,9408,95.90,95.90,191.81,96,96,0.00,0.00,0,0
1544346748,3003-eth4,16481.52,361624.38,378105.91,361986,16498,203.80,216.78,420.58,217,204,0.00,0.00,0,0
1544346748,2004-eth1,594325.69,303630.38,897956.06,303934,594920,303.70,282.72,586.41,283,304,0.00,0.00,0,0
1544346748,3006-eth4,33246.75,541284.75,574531.50,541826,33280,349.65,352.65,702.30,353,350,0.00,0.00,0,0
1544346748,3007-eth1,0.00,0.00,0.00,0,0,0.00,0.00,0.00,0,0,0.00,0.00,0,0
1544346748,2008-eth1,12000.00,587666.38,599666.38,588254,12012,181.82,202.80,384.62,203,182,0.00,0.00,0,0
1544346748,2002-eth2,0.00,59.94,59.94,60,0,0.00,1.00,1.00,1,0,0.00,0.00,0,0
1544346748,2003-eth1,7538.46,7598.40,15136.86,7606,7546,76.92,77.92,154.85,78,77,0.00,0.00,0,0
1544346748,3008-eth4,734319.69,340069.94,1074389.62,340410,735054,342.66,352.65,695.30,353,343,0.00,0.00,0,0
1544346748,1004-eth4,0.00,0.00,0.00,0,0,0.00,0.00,0.00,0,0,0.00,0.00,0,0
1544346748,3006-eth1,15272.73,15272.73,30545.46,15288,15288,155.84,155.84,311.69,156,156,0.00,0.00,0,0
1544346748,1004-eth3,0.00,0.00,0.00,0,0,0.00,0.00,0.00,0,0,0.00,0.00,0,0
1544346748,1002-eth2,7538.46,7538.46,15076.92,7546,7546,76.92,76.92,153.85,77,77,0.00,0.00,0,0
1544346748,3004-eth3,29340.66,967436.56,996777.25,968404,29370,396.60,429.57,826.17,430,397,0.00,0.00,0,0
1544346748,2003-eth3,9342.66,9360.64,18703.30,9370,9352,95.90,95.90,191.81,96,96,0.00,0.00,0,0
1544346748,2005-eth1,3916.08,3976.02,7892.11,3980,3920,39.96,40.96,80.92,41,40,0.00,0.00,0,0
1544346748,3002-eth3,18507.49,210423.58,228931.08,210634,18526,192.81,204.80,397.60,205,193,0.00,0.00,0,0
1544346748,3006-eth3,12593.41,203608.39,216201.80,203812,12606,142.86,165.83,308.69,166,143,0.00,0.00,0,0
1544346748,2001-eth1,3682.32,3682.32,7364.64,3686,3686,37.96,37.96,75.92,38,38,0.00,0.00,0,0
1544346748,3005-eth2,329148.88,1222749.25,1551898.12,1223972,329478,513.49,488.51,1002.00,489,514,0.00,0.00,0,0
1544346748,2001-eth2,11454.55,11454.55,22909.09,11466,11466,116.88,116.88,233.77,117,117,0.00,0.00,0,0
1544346748,3007-eth2,411114.91,1209810.25,1620925.12,1211020,411526,530.47,533.47,1063.94,534,531,0.00,0.00,0,0
1544346748,1001-eth1,3682.32,3682.32,7364.64,3686,3686,37.96,37.96,75.92,38,38,0.00,0.00,0,0
1544346748,3007-eth4,952501.50,344751.25,1297252.75,345096,953454,426.57,423.58,850.15,424,427,0.00,0.00,0,0
1544346748,2003-eth2,7538.46,7538.46,15076.92,7546,7546,76.92,76.92,153.85,77,77,0.00,0.00,0,0
1544346748,3007-eth3,257051.91,66297.41,323349.31,66430,257566,106.79,106.79,213.57,107,107,0.00,0.00,0,0
1544346748,1002-eth1,11443.11,11443.11,22886.23,11466,11466,116.77,116.77,233.53,117,117,0.00,0.00,0,0
1544346748,2002-eth3,706115.81,1222217.62,1928333.38,1224662,707528,626.75,629.74,1256.49,631,628,0.00,0.00,0,0
1544346748,2007-eth2,0.00,0.00,0.00,0,0,0.00,0.00,0.00,0,0,0.00,0.00,0,0
1544346748,total,25574830.00,25704454.00,51279284.00,25755862,25625978,19519.96,19770.46,39290.42,19810,19559,0.00,0.00,0,0
1544346749,3003-eth3,1212394.88,583152.56,1795547.38,584902,1216032,586.24,589.23,1175.47,591,588,0.00,0.00,0,0
1544346749,2002-eth1,359637.09,15463.61,375100.69,15510,360716,177.47,164.51,341.97,165,178,0.00,0.00,0,0
1544346749,lo,7148.55,7148.55,14297.11,7170,7170,69.79,69.79,139.58,70,70,0.00,0.00,0,0
1544346749,3005-eth3,1218923.25,1220572.25,2439495.50,1224234,1222580,794.62,816.55,1611.17,819,797,0.00,0.00,0,0
1544346749,2005-eth3,0.00,0.00,0.00,0,0,0.00,0.00,0.00,0,0,0.00,0.00,0,0
1544346749,3004-eth4,1222586.25,922895.31,2145481.50,925664,1226254,696.91,705.88,1402.79,708,699,0.00,0.00,0,0
1544346749,1004-eth2,59.82,0.00,59.82,0,60,1.00,0.00,1.00,0,1,0.00,0.00,0,0
1544346749,2004-eth4,348855.44,903543.38,1252398.75,906254,349902,429.71,412.76,842.47,414,431,0.00,0.00,0,0
1544346749,1001-eth2,7816.55,7718.84,15535.39,7742,7840,79.76,78.76,158.52,79,80,0.00,0.00,0,0
1544346749,1003-eth3,365230.31,269565.31,634795.62,270374,366326,262.21,252.24,514.46,253,263,0.00,0.00,0,0
1544346749,2002-eth4,1218283.12,724119.62,1942402.75,726292,1221938,688.93,690.93,1379.86,693,691,0.00,0.00,0,0
1544346749,1001-eth4,0.00,0.00,0.00,0,0,0.00,0.00,0.00,0,0,0.00,0.00,0,0
1544346749,3001-eth2,1220713.88,364422.72,1585136.62,365516,1224376,537.39,512.46,1049.85,514,539,0.00,0.00,0,0
1544346749,1004-eth1,0.00,0.00,0.00,0,0,0.00,0.00,0.00,0,0,0.00,0.00,0,0
1544346749,3005-eth4,1185401.75,279896.31,1465298.12,280736,1188958,461.62,478.56,940.18,480,463,0.00,0.00,0,0
1544346749,1003-eth2,264761.72,568462.62,833224.31,570168,265556,249.25,279.16,528.41,280,250,0.00,0.00,0,0
1544346749,3008-eth1,0.00,0.00,0.00,0,0,0.00,0.00,0.00,0,0,0.00,0.00,0,0
1544346749,1002-eth3,11589.23,11529.41,23118.64,11564,11624,118.64,117.65,236.29,118,119,0.00,0.00,0,0
1544346749,2006-eth1,269565.31,365230.31,634795.62,366326,270374,252.24,262.21,514.46,263,253,0.00,0.00,0,0
1544346749,3003-eth1,9575.27,9672.98,19248.26,9702,9604,97.71,98.70,196.41,99,98,0.00,0.00,0,0
1544346749,2001-eth3,9770.69,9770.69,19541.38,9800,9800,99.70,99.70,199.40,100,100,0.00,0.00,0,0
1544346749,2008-eth2,0.00,59.82,59.82,60,0,0.00,1.00,1.00,1,0,0.00,0.00,0,0
1544346749,2008-eth3,1208253.25,447236.28,1655489.50,448578,1211878,545.36,542.37,1087.74,544,547,0.00,0.00,0,0
1544346749,1001-eth3,3810.57,3908.28,7718.84,3920,3822,38.88,39.88,78.76,40,39,0.00,0.00,0,0
1544346749,2007-eth4,0.00,0.00,0.00,0,0,0.00,0.00,0.00,0,0,0.00,0.00,0,0
1544346749,2004-eth2,0.00,59.82,59.82,60,0,0.00,1.00,1.00,1,0,0.00,0.00,0,0
1544346749,3002-eth1,9635.09,9575.27,19210.37,9604,9664,98.70,97.71,196.41,98,99,0.00,0.00,0,0
1544346749,3004-eth1,9537.39,9477.57,19014.96,9506,9566,97.71,96.71,194.42,97,98,0.00,0.00,0,0
1544346749,2006-eth3,1221896.38,289684.94,1511581.25,290554,1225562,511.47,493.52,1004.99,495,513,0.00,0.00,0,0
1544346749,3004-eth2,903543.38,348855.44,1252398.75,349902,906254,412.76,429.71,842.47,431,414,0.00,0.00,0,0
1544346749,3001-eth3,22470.59,741034.88,763505.50,743258,22538,292.12,351.94,644.07,353,293,0.00,0.00,0,0
1544346749,2003-eth4,9379.86,9439.68,18819.54,9468,9408,95.71,96.71,192.42,97,96,0.00,0.00,0,0
1544346749,2008-eth4,1217160.50,1218913.25,2436073.75,1222570,1220812,811.57,706.88,1518.44,709,814,0.00,0.00,0,0
1544346749,3008-eth3,465545.38,1133968.12,1599513.50,1137370,466942,513.46,535.39,1048.85,537,515,0.00,0.00,0,0
1544346749,2005-eth2,11529.41,11589.23,23118.64,11624,11564,117.65,118.64,236.29,119,118,0.00,0.00,0,0
1544346749,2006-eth4,20119.64,724580.25,744699.88,726754,20180,241.28,304.09,545.36,305,242,0.00,0.00,0,0
1544346749,3006-eth2,724580.25,20119.64,744699.88,20180,726754,304.09,241.28,545.36,242,305,0.00,0.00,0,0
1544346749,1003-eth4,562929.19,10660.02,573589.25,10692,564618,195.41,161.52,356.93,162,196,0.00,0.00,0,0
1544346749,2006-eth2,0.00,59.82,59.82,60,0,0.00,1.00,1.00,1,0,0.00,0.00,0,0
1544346749,3001-eth1,9770.69,9770.69,19541.38,9800,9800,99.70,99.70,199.40,100,100,0.00,0.00,0,0
1544346749,3008-eth2,1218913.25,1217160.50,2436073.75,1220812,1222570,706.88,811.57,1518.44,814,709,0.00,0.00,0,0
1544346749,2004-eth3,1216153.50,917318.06,2133471.50,920070,1219802,686.94,708.87,1395.81,711,689,0.00,0.00,0,0
1544346749,3001-eth4,351722.84,716452.62,1068175.50,718602,352778,320.04,355.93,675.97,357,321,0.00,0.00,0,0
1544346749,1003-eth1,15369.89,359637.09,375006.97,360716,15416,163.51,177.47,340.98,178,164,0.00,0.00,0,0
1544346749,3002-eth2,724119.62,1218283.12,1942402.75,1221938,726292,690.93,688.93,1379.86,691,693,0.00,0.00,0,0
1544346749,2005-eth4,15242.27,15242.27,30484.55,15288,15288,155.53,155.53,311.07,156,156,0.00,0.00,0,0
1544346749,3003-eth2,917318.06,1216153.50,2133471.50,1219802,920070,708.87,686.94,1395.81,689,711,0.00,0.00,0,0
1544346749,2007-eth1,0.00,0.00,0.00,0,0,0.00,0.00,0.00,0,0,0.00,0.00,0,0
1544346749,1002-eth4,59.82,0.00,59.82,0,60,1.00,0.00,1.00,0,1,0.00,0.00,0,0
1544346749,3002-eth4,1204895.38,364422.72,1569318.00,365516,1208510,516.45,512.46,1028.91,514,518,0.00,0.00,0,0
1544346749,2007-eth3,0.00,59.82,59.82,60,0,0.00,1.00,1.00,1,0,0.00,0.00,0,0
1544346749,3005-eth1,0.00,0.00,0.00,0,0,0.00,0.00,0.00,0,0,0.00,0.00,0,0
1544346749,2001-eth4,9575.27,9635.09,19210.37,9664,9604,97.71,98.70,196.41,99,98,0.00,0.00,0,0
1544346749,3003-eth4,16287.14,331599.22,347886.34,332594,16336,199.40,208.37,407.78,209,200,0.00,0.00,0,0
1544346749,2004-eth1,568462.62,264761.72,833224.31,265556,570168,279.16,249.25,528.41,250,280,0.00,0.00,0,0
1544346749,3006-eth4,10043.87,24340.98,34384.84,24414,10074,102.69,102.69,205.38,103,103,0.00,0.00,0,0
1544346749,3007-eth1,59.82,0.00,59.82,0,60,1.00,0.00,1.00,0,1,0.00,0.00,0,0
1544346749,2008-eth1,10660.02,562929.19,573589.25,564618,10692,161.52,195.41,356.93,196,162,0.00,0.00,0,0
1544346749,2002-eth2,0.00,0.00,0.00,0,0,0.00,0.00,0.00,0,0,0.00,0.00,0,0
1544346749,2003-eth1,7621.14,7621.14,15242.27,7644,7644,77.77,77.77,155.53,78,78,0.00,0.00,0,0
1544346749,3008-eth4,751615.19,152229.31,903844.50,152686,753870,298.11,294.12,592.22,295,299,0.00,0.00,0,0
1544346749,1004-eth4,59.82,0.00,59.82,0,60,1.00,0.00,1.00,0,1,0.00,0.00,0,0
1544346749,3006-eth1,15242.27,15242.27,30484.55,15288,15288,155.53,155.53,311.07,156,156,0.00,0.00,0,0
1544346749,1004-eth3,59.70,0.00,59.70,0,60,1.00,0.00,1.00,0,1,0.00,0.00,0,0
1544346749,1002-eth2,7665.67,7605.97,15271.64,7644,7704,78.61,77.61,156.22,78,79,0.00,0.00,0,0
1544346749,3004-eth3,28794.03,938208.94,967003.00,942900,28938,390.05,415.92,805.97,418,392,0.00,0.00,0,0
1544346749,2003-eth3,9556.22,9556.22,19112.44,9604,9604,97.51,97.51,195.02,98,98,0.00,0.00,0,0
1544346749,2005-eth1,3705.47,3705.47,7410.95,3724,3724,37.81,37.81,75.62,38,38,0.00,0.00,0,0
1544346749,3002-eth3,25984.08,365530.34,391514.41,367358,26114,272.64,273.63,546.27,275,274,0.00,0.00,0,0
1544346749,3006-eth3,28973.13,717763.19,746736.31,721352,29118,331.34,394.03,725.37,396,333,0.00,0.00,0,0
1544346749,2001-eth1,3900.50,3900.50,7801.00,3920,3920,39.80,39.80,79.60,40,40,0.00,0.00,0,0
1544346749,3005-eth2,289014.91,1216517.38,1505532.38,1222600,290460,491.54,509.45,1001.00,512,494,0.00,0.00,0,0
1544346749,2001-eth2,11506.47,11566.17,23072.64,11624,11564,117.41,118.41,235.82,119,118,0.00,0.00,0,0
1544346749,3007-eth2,446346.25,1205848.75,1652195.00,1211878,448578,541.29,544.28,1085.57,547,544,0.00,0.00,0,0
1544346749,1001-eth1,3900.50,3900.50,7801.00,3920,3920,39.80,39.80,79.60,40,40,0.00,0.00,0,0
1544346749,3007-eth4,902204.94,368919.41,1271124.38,370764,906716,418.91,415.92,834.83,418,421,0.00,0.00,0,0
1544346749,2003-eth2,7605.97,7665.67,15271.64,7704,7644,77.61,78.61,156.22,79,78,0.00,0.00,0,0
1544346749,3007-eth3,304065.75,77509.96,381575.72,77820,305282,127.49,125.50,252.99,126,128,0.00,0.00,0,0
1544346749,1002-eth1,11577.69,11517.93,23095.62,11564,11624,118.53,117.53,236.06,118,119,0.00,0.00,0,0
1544346749,2002-eth3,364059.78,1216547.88,1580607.62,1221414,365516,511.95,535.86,1047.81,538,514,0.00,0.00,0,0
1544346749,2007-eth2,0.00,59.76,59.76,60,0,0.00,1.00,1.00,1,0,0.00,0.00,0,0
1544346749,total,24814284.00,24797842.00,49612124.00,24897032,24913540,18984.06,19239.04,38223.11,19316,19060,0.00,0.00,0,0
1544346750,3003-eth3,1210165.50,613996.00,1824161.50,615838,1213796,596.21,597.21,1193.42,599,598,0.00,0.00,0,0
1544346750,2002-eth1,398414.75,14620.14,413034.91,14664,399610,152.54,155.53,308.08,156,153,0.00,0.00,0,0
1544346750,lo,64550.35,64550.35,129100.70,64744,64744,290.13,290.13,580.26,291,291,0.00,0.00,0,0
1544346750,3005-eth3,1217621.12,1218153.50,2435774.75,1221808,1221274,818.54,839.48,1658.03,842,821,0.00,0.00,0,0
1544346750,2005-eth3,0.00,0.00,0.00,0,0,0.00,0.00,0.00,0,0,0.00,0.00,0,0
1544346750,3004-eth4,1219176.50,964073.81,2183250.25,966966,1222834,710.87,722.83,1433.70,725,713,0.00,0.00,0,0
1544346750,1004-eth2,0.00,0.00,0.00,0,0,0.00,0.00,0.00,0,0,0.00,0.00,0,0
1544346750,2004-eth4,252315.06,943728.81,1196043.88,946560,253072,366.90,420.74,787.64,422,368,0.00,0.00,0,0
1544346750,1001-eth2,7816.55,7876.37,15692.92,7900,7840,79.76,80.76,160.52,81,80,0.00,0.00,0,0
1544346750,1003-eth3,406173.47,419457.62,825631.12,420716,407392,270.19,296.11,566.30,297,271,0.00,0.00,0,0
1544346750,2002-eth4,1216446.62,1144891.38,2361338.00,1148326,1220096,761.71,798.60,1560.32,801,764,0.00,0.00,0,0
1544346750,1001-eth4,0.00,0.00,0.00,0,0,0.00,0.00,0.00,0,0,0.00,0.00,0,0
1544346750,3001-eth2,1218893.38,746476.56,1965369.88,748716,1222550,597.21,646.06,1243.27,648,599,0.00,0.00,0,0
1544346750,1004-eth1,0.00,0.00,0.00,0,0,0.00,0.00,0.00,0,0,0.00,0.00,0,0
1544346750,3005-eth4,1187116.62,430572.28,1617689.00,431864,1190678,509.47,530.41,1039.88,532,511,0.00,0.00,0,0
1544346750,1003-eth2,417998.00,595637.06,1013635.12,597424,419252,339.98,319.04,659.02,320,341,0.00,0.00,0,0
1544346750,3008-eth1,0.00,0.00,0.00,0,0,0.00,0.00,0.00,0,0,0.00,0.00,0,0
1544346750,1002-eth3,11529.41,11529.41,23058.82,11564,11564,117.65,117.65,235.29,118,118,0.00,0.00,0,0
1544346750,2006-eth1,419457.62,406173.47,825631.12,407392,420716,296.11,270.19,566.30,271,297,0.00,0.00,0,0
1544346750,3003-eth1,9770.69,9830.51,19601.20,9860,9800,99.70,100.70,200.40,101,100,0.00,0.00,0,0
1544346750,2001-eth3,9732.80,9672.98,19405.78,9702,9762,99.70,98.70,198.40,99,100,0.00,0.00,0,0
1544346750,2008-eth2,59.82,0.00,59.82,0,60,1.00,0.00,1.00,0,1,0.00,0.00,0,0
1544346750,2008-eth3,1204323.00,661246.25,1865569.25,663230,1207936,617.15,613.16,1230.31,615,619,0.00,0.00,0,0
1544346750,1001-eth3,3908.28,3908.28,7816.55,3920,3920,39.88,39.88,79.76,40,40,0.00,0.00,0,0
1544346750,2007-eth4,0.00,0.00,0.00,0,0,0.00,0.00,0.00,0,0,0.00,0.00,0,0
1544346750,2004-eth2,0.00,0.00,0.00,0,0,0.00,0.00,0.00,0,0,0.00,0.00,0,0
1544346750,3002-eth1,9672.98,9672.98,19345.96,9702,9702,98.70,98.70,197.41,99,99,0.00,0.00,0,0
1544346750,3004-eth1,9770.69,9770.69,19541.38,9800,9800,99.70,99.70,199.40,100,100,0.00,0.00,0,0
1544346750,2006-eth3,1224610.12,445732.81,1670343.00,447070,1228284,640.08,575.27,1215.35,577,642,0.00,0.00,0,0
1544346750,3004-eth2,943728.81,252315.06,1196043.88,253072,946560,420.74,366.90,787.64,368,422,0.00,0.00,0,0
1544346750,3001-eth3,21363.91,485395.81,506759.72,486852,21428,249.25,285.14,534.40,286,250,0.00,0.00,0,0
1544346750,2003-eth4,9770.69,9770.69,19541.38,9800,9800,99.70,99.70,199.40,100,100,0.00,0.00,0,0
1544346750,2008-eth4,1215064.88,1220376.88,2435441.75,1224038,1218710,867.40,816.55,1683.95,819,870,0.00,0.00,0,0
1544346750,3008-eth3,427086.75,1169928.25,1597015.00,1173438,428368,521.44,533.40,1054.84,535,523,0.00,0.00,0,0
1544346750,2005-eth2,11529.41,11529.41,23058.82,11564,11564,117.65,117.65,235.29,118,118,0.00,0.00,0,0
1544346750,2006-eth4,26394.82,659351.94,685746.75,661330,26474,281.16,300.10,581.26,301,282,0.00,0.00,0,0
1544346750,3006-eth2,659351.94,26394.82,685746.75,26474,661330,300.10,281.16,581.26,282,301,0.00,0.00,0,0
1544346750,1003-eth4,587938.19,13220.34,601158.50,13260,589702,202.39,200.40,402.79,201,203,0.00,0.00,0,0
1544346750,2006-eth2,59.82,0.00,59.82,0,60,1.00,0.00,1.00,0,1,0.00,0.00,0,0
1544346750,3001-eth1,9672.98,9732.80,19405.78,9762,9702,98.70,99.70,198.40,100,99,0.00,0.00,0,0
1544346750,3008-eth2,1220376.88,1215064.88,2435441.75,1218710,1224038,816.55,867.40,1683.95,870,819,0.00,0.00,0,0
1544346750,2004-eth3,1215938.25,847952.12,2063890.38,850496,1219586,678.96,685.94,1364.91,688,681,0.00,0.00,0,0
1544346750,3001-eth4,734785.62,804614.19,1539399.75,807028,736990,495.51,532.40,1027.92,534,497,0.00,0.00,0,0
1544346750,1003-eth1,14620.14,398414.75,413034.91,399610,14664,155.53,152.54,308.08,153,156,0.00,0.00,0,0
1544346750,3002-eth2,1144891.38,1216446.62,2361338.00,1220096,1148326,798.60,761.71,1560.32,764,801,0.00,0.00,0,0
1544346750,2005-eth4,15437.69,15497.51,30935.20,15544,15484,157.53,158.52,316.05,159,158,0.00,0.00,0,0
1544346750,3003-eth2,847952.12,1215938.25,2063890.38,1219586,850496,685.94,678.96,1364.91,681,688,0.00,0.00,0,0
1544346750,2007-eth1,0.00,0.00,0.00,0,0,0.00,0.00,0.00,0,0,0.00,0.00,0,0
1544346750,1002-eth4,0.00,59.82,59.82,60,0,0.00,1.00,1.00,1,0,0.00,0.00,0,0
1544346750,3002-eth4,1202951.12,746532.44,1949483.50,748772,1206560,618.15,646.06,1264.21,648,620,0.00,0.00,0,0
1544346750,2007-eth3,59.82,0.00,59.82,0,60,1.00,0.00,1.00,0,1,0.00,0.00,0,0
1544346750,3005-eth1,0.00,0.00,0.00,0,0,0.00,0.00,0.00,0,0,0.00,0.00,0,0
1544346750,2001-eth4,9672.98,9672.98,19345.96,9702,9702,98.70,98.70,197.41,99,99,0.00,0.00,0,0
1544346750,3003-eth4,15543.37,243726.83,259270.19,244458,15590,182.45,188.43,370.89,189,183,0.00,0.00,0,0
1544346750,2004-eth1,595637.06,417998.00,1013635.12,419252,597424,319.04,339.98,659.02,341,320,0.00,0.00,0,0
1544346750,3006-eth4,19884.35,320971.09,340855.44,321934,19944,207.38,222.33,429.71,223,208,0.00,0.00,0,0
1544346750,3007-eth1,0.00,59.82,59.82,60,0,0.00,1.00,1.00,1,0,0.00,0.00,0,0
1544346750,2008-eth1,13220.34,587938.19,601158.50,589702,13260,200.40,202.39,402.79,203,201,0.00,0.00,0,0
1544346750,2002-eth2,0.00,0.00,0.00,0,0,0.00,0.00,0.00,0,0,0.00,0.00,0,0
1544346750,2003-eth1,7876.37,7816.55,15692.92,7840,7900,80.76,79.76,160.52,80,81,0.00,0.00,0,0
1544346750,3008-eth4,785084.75,328829.50,1113914.25,329816,787440,345.96,366.90,712.86,368,347,0.00,0.00,0,0
1544346750,1004-eth4,0.00,59.82,59.82,60,0,0.00,1.00,1.00,1,0,0.00,0.00,0,0
1544346750,3006-eth1,15497.51,15437.69,30935.20,15484,15544,158.52,157.53,316.05,158,159,0.00,0.00,0,0
1544346750,1004-eth3,0.00,59.94,59.94,60,0,0.00,1.00,1.00,1,0,0.00,0.00,0,0
1544346750,1002-eth2,7832.17,7892.11,15724.28,7900,7840,79.92,80.92,160.84,81,80,0.00,0.00,0,0
1544346750,3004-eth3,30175.82,920783.25,950959.06,921704,30206,402.60,423.58,826.17,424,403,0.00,0.00,0,0
1544346750,2003-eth3,9850.15,9790.21,19640.36,9800,9860,100.90,99.90,200.80,100,101,0.00,0.00,0,0
1544346750,2005-eth1,3916.08,3916.08,7832.17,3920,3920,39.96,39.96,79.92,40,40,0.00,0.00,0,0
1544346750,3002-eth3,23120.88,411928.09,435048.97,412340,23144,241.76,253.75,495.50,254,242,0.00,0.00,0,0
1544346750,3006-eth3,25848.15,358441.56,384289.72,358800,25874,270.73,275.72,546.45,276,271,0.00,0.00,0,0
1544346750,2001-eth1,3916.08,3916.08,7832.17,3920,3920,39.96,39.96,79.92,40,40,0.00,0.00,0,0
1544346750,3005-eth2,446623.38,1227057.00,1673680.38,1228284,447070,576.42,641.36,1217.78,642,577,0.00,0.00,0,0
1544346750,2001-eth2,11552.45,11552.45,23104.90,11564,11564,117.88,117.88,235.76,118,118,0.00,0.00,0,0
1544346750,3007-eth2,662567.44,1206729.25,1869296.75,1207936,663230,614.39,618.38,1232.77,619,615,0.00,0.00,0,0
1544346750,1001-eth1,3916.08,3916.08,7832.17,3920,3920,39.96,39.96,79.92,40,40,0.00,0.00,0,0
1544346750,3007-eth4,1168127.88,526975.06,1695103.00,527502,1169296,559.44,554.45,1113.89,555,560,0.00,0.00,0,0
1544346750,2003-eth2,7892.11,7832.17,15724.28,7840,7900,80.92,79.92,160.84,80,81,0.00,0.00,0,0
1544346750,3007-eth3,38541.46,135526.48,174067.94,135662,38580,57.94,58.94,116.88,59,58,0.00,0.00,0,0
1544346750,1002-eth1,11552.45,11552.45,23104.90,11564,11564,117.88,117.88,235.76,118,118,0.00,0.00,0,0
1544346750,2002-eth3,747968.06,1221328.75,1969296.75,1222550,748716,647.35,598.40,1245.75,599,648,0.00,0.00,0,0
1544346750,2007-eth2,59.94,0.00,59.94,0,60,1.00,0.00,1.00,0,1,0.00,0.00,0,0
1544346750,total,26741312.00,27093738.00,53835052.00,27120832,26768052,20786.21,21029.97,41816.18,21051,20807,0.00,0.00,0,0
1544346751,3003-eth3,1215472.50,566563.44,1782036.00,567130,1216688,575.42,584.42,1159.84,585,576,0.00,0.00,0,0
1544346751,2002-eth1,308209.81,13710.29,321920.09,13724,308518,154.85,145.85,300.70,146,155,0.00,0.00,0,0
1544346751,lo,7162.84,7162.84,14325.67,7170,7170,69.93,69.93,139.86,70,70,0.00,0.00,0,0
1544346751,3005-eth3,1231646.38,1223552.50,2455198.75,1224776,1232878,930.07,949.05,1879.12,950,931,0.00,0.00,0,0
1544346751,2005-eth3,59.94,0.00,59.94,0,60,1.00,0.00,1.00,0,1,0.00,0.00,0,0
1544346751,3004-eth4,1223176.88,890403.62,2113580.50,891294,1224400,670.33,712.29,1382.62,713,671,0.00,0.00,0,0
1544346751,1004-eth2,0.00,59.94,59.94,60,0,0.00,1.00,1.00,1,0,0.00,0.00,0,0
1544346751,2004-eth4,210731.28,860707.31,1071438.62,861568,210942,365.63,395.60,761.24,396,366,0.00,0.00,0,0
1544346751,1001-eth2,7440.56,7440.56,14881.12,7448,7448,75.92,75.92,151.85,76,76,0.00,0.00,0,0
1544346751,1003-eth3,316715.28,494785.22,811500.50,495280,317032,283.72,311.69,595.40,312,284,0.00,0.00,0,0
1544346751,2002-eth4,1223922.12,686437.56,1910359.75,687124,1225146,643.36,689.31,1332.67,690,644,0.00,0.00,0,0
1544346751,1001-eth4,0.00,0.00,0.00,0,0,0.00,0.00,0.00,0,0,0.00,0.00,0,0
1544346751,3001-eth2,1224803.25,378287.72,1603091.00,378666,1226028,541.46,535.46,1076.92,536,542,0.00,0.00,0,0
1544346751,1004-eth1,0.00,59.94,59.94,60,0,0.00,1.00,1.00,1,0,0.00,0.00,0,0
1544346751,3005-eth4,1179238.75,506525.50,1685764.25,507032,1180418,552.45,551.45,1103.90,552,553,0.00,0.00,0,0
1544346751,1003-eth2,493140.88,548887.12,1042028.00,549436,493634,348.65,316.68,665.33,317,349,0.00,0.00,0,0
1544346751,3008-eth1,59.94,0.00,59.94,0,60,1.00,0.00,1.00,0,1,0.00,0.00,0,0
1544346751,1002-eth3,11258.74,11318.68,22577.42,11330,11270,114.89,115.88,230.77,116,115,0.00,0.00,0,0
1544346751,2006-eth1,494785.22,316715.28,811500.50,317032,495280,311.69,283.72,595.40,284,312,0.00,0.00,0,0
1544346751,3003-eth1,9398.60,9398.60,18797.20,9408,9408,95.90,95.90,191.81,96,96,0.00,0.00,0,0
1544346751,2001-eth3,9398.60,9458.54,18857.14,9468,9408,95.90,96.90,192.81,97,96,0.00,0.00,0,0
1544346751,2008-eth2,0.00,0.00,0.00,0,0,0.00,0.00,0.00,0,0,0.00,0.00,0,0
1544346751,2008-eth3,1213230.75,436833.19,1650064.00,437270,1214444,541.46,548.45,1089.91,549,542,0.00,0.00,0,0
1544346751,1001-eth3,3720.28,3720.28,7440.56,3724,3724,37.96,37.96,75.92,38,38,0.00,0.00,0,0
1544346751,2007-eth4,0.00,59.94,59.94,60,0,0.00,1.00,1.00,1,0,0.00,0.00,0,0
1544346751,2004-eth2,59.94,0.00,59.94,0,60,1.00,0.00,1.00,0,1,0.00,0.00,0,0
1544346751,3002-eth1,9300.70,9360.64,18661.34,9370,9310,94.91,95.90,190.81,96,95,0.00,0.00,0,0
1544346751,3004-eth1,9398.60,9398.60,18797.20,9408,9408,95.90,95.90,191.81,96,96,0.00,0.00,0,0
1544346751,2006-eth3,1233838.25,532253.75,1766092.00,532786,1235072,722.28,710.29,1432.57,711,723,0.00,0.00,0,0
1544346751,3004-eth2,860707.31,210731.28,1071438.62,210942,861568,395.60,365.63,761.24,366,396,0.00,0.00,0,0
1544346751,3001-eth3,30399.60,467340.69,497740.28,467808,30430,319.68,327.67,647.35,328,320,0.00,0.00,0,0
1544346751,2003-eth4,9398.60,9398.60,18797.20,9408,9408,95.90,95.90,191.81,96,96,0.00,0.00,0,0
1544346751,2008-eth4,1222657.38,1222337.75,2444995.00,1223560,1223880,871.13,723.28,1594.41,724,872,0.00,0.00,0,0
1544346751,3008-eth3,512047.97,899786.25,1411834.25,900686,512560,513.49,526.47,1039.96,527,514,0.00,0.00,0,0
1544346751,2005-eth2,11318.68,11258.74,22577.42,11270,11330,115.88,114.89,230.77,115,116,0.00,0.00,0,0
1544346751,2006-eth4,37468.53,656653.38,694121.88,657310,37506,398.60,305.69,704.30,306,399,0.00,0.00,0,0
1544346751,3006-eth2,656653.38,37468.53,694121.88,37506,657310,305.69,398.60,704.30,399,306,0.00,0.00,0,0
1544346751,1003-eth4,540321.69,12065.93,552387.62,12078,540862,186.81,182.82,369.63,183,187,0.00,0.00,0,0
1544346751,2006-eth2,0.00,0.00,0.00,0,0,0.00,0.00,0.00,0,0,0.00,0.00,0,0
1544346751,3001-eth1,9458.54,9398.60,18857.14,9408,9468,96.90,95.90,192.81,96,97,0.00,0.00,0,0
1544346751,3008-eth2,1222337.75,1222657.38,2444995.00,1223880,1223560,723.28,871.13,1594.41,872,724,0.00,0.00,0,0
1544346751,2004-eth3,1224201.88,759564.44,1983766.25,760324,1225426,670.33,681.32,1351.65,682,671,0.00,0.00,0,0
1544346751,3001-eth4,357346.66,405618.41,762965.06,406024,357704,312.69,315.68,628.37,316,313,0.00,0.00,0,0
1544346751,1003-eth1,13710.29,308209.81,321920.09,308518,13724,145.85,154.85,300.70,155,146,0.00,0.00,0,0
1544346751,3002-eth2,686437.56,1223922.12,1910359.75,1225146,687124,689.31,643.36,1332.67,644,690,0.00,0.00,0,0
1544346751,2005-eth4,15038.96,14979.02,30017.98,14994,15054,153.85,152.85,306.69,153,154,0.00,0.00,0,0
1544346751,3003-eth2,759564.44,1224201.88,1983766.25,1225426,760324,681.32,670.33,1351.65,671,682,0.00,0.00,0,0
1544346751,2007-eth1,0.00,0.00,0.00,0,0,0.00,0.00,0.00,0,0,0.00,0.00,0,0
1544346751,1002-eth4,0.00,0.00,0.00,0,0,0.00,0.00,0.00,0,0,0.00,0.00,0,0
1544346751,3002-eth4,1210527.50,378039.97,1588567.50,378418,1211738,500.50,532.47,1032.97,533,501,0.00,0.00,0,0
1544346751,2007-eth3,0.00,0.00,0.00,0,0,0.00,0.00,0.00,0,0,0.00,0.00,0,0
1544346751,3005-eth1,0.00,59.94,59.94,60,0,0.00,1.00,1.00,1,0,0.00,0.00,0,0
1544346751,2001-eth4,9360.64,9300.70,18661.34,9310,9370,95.90,94.91,190.81,95,96,0.00,0.00,0,0
1544346751,3003-eth4,18127.87,202333.67,220461.55,202536,18146,190.81,191.81,382.62,192,191,0.00,0.00,0,0
1544346751,2004-eth1,548887.12,493140.88,1042028.00,493634,549436,316.68,348.65,665.33,349,317,0.00,0.00,0,0
1544346751,3006-eth4,35850.15,340591.41,376441.56,340932,35886,377.62,269.73,647.35,270,378,0.00,0.00,0,0
1544346751,3007-eth1,0.00,0.00,0.00,0,0,0.00,0.00,0.00,0,0,0.00,0.00,0,0
1544346751,2008-eth1,12065.93,540321.69,552387.62,540862,12078,182.82,186.81,369.63,187,183,0.00,0.00,0,0
1544346751,2002-eth2,59.94,0.00,59.94,0,60,1.00,0.00,1.00,0,1,0.00,0.00,0,0
1544346751,2003-eth1,7440.56,7440.56,14881.12,7448,7448,75.92,75.92,151.85,76,76,0.00,0.00,0,0
1544346751,3008-eth4,713568.44,335206.81,1048775.25,335542,714282,358.64,366.63,725.27,367,359,0.00,0.00,0,0
1544346751,1004-eth4,0.00,0.00,0.00,0,0,0.00,0.00,0.00,0,0,0.00,0.00,0,0
1544346751,3006-eth1,14979.02,15038.96,30017.98,15054,14994,152.85,153.85,306.69,154,153,0.00,0.00,0,0
1544346751,1004-eth3,0.00,0.00,0.00,0,0,0.00,0.00,0.00,0,0,0.00,0.00,0,0
1544346751,1002-eth2,7636.36,7636.36,15272.73,7644,7644,77.92,77.92,155.84,78,78,0.00,0.00,0,0
1544346751,3004-eth3,39094.91,658301.69,697396.62,658960,39134,412.59,415.58,828.17,416,413,0.00,0.00,0,0
1544346751,2003-eth3,9398.60,9398.60,18797.20,9408,9408,95.90,95.90,191.81,96,96,0.00,0.00,0,0
1544346751,2005-eth1,3720.28,3720.28,7440.56,3724,3724,37.96,37.96,75.92,38,38,0.00,0.00,0,0
1544346751,3002-eth3,22729.27,314485.53,337214.78,314800,22752,237.76,247.75,485.51,248,238,0.00,0.00,0,0
1544346751,3006-eth3,20437.56,334701.31,355138.88,335036,20458,213.79,225.77,439.56,226,214,0.00,0.00,0,0
1544346751,2001-eth1,3720.28,3720.28,7440.56,3724,3724,37.96,37.96,75.92,38,38,0.00,0.00,0,0
1544346751,3005-eth2,532253.75,1233838.25,1766092.00,1235072,532786,710.29,722.28,1432.57,723,711,0.00,0.00,0,0
1544346751,2001-eth2,11318.68,11258.74,22577.42,11270,11330,115.88,114.89,230.77,115,116,0.00,0.00,0,0
1544346751,3007-eth2,436833.19,1213230.75,1650064.00,1214444,437270,548.45,541.46,1089.91,542,549,0.00,0.00,0,0
1544346751,1001-eth1,3720.28,3720.28,7440.56,3724,3724,37.96,37.96,75.92,38,38,0.00,0.00,0,0
1544346751,3007-eth4,871688.31,374743.28,1246431.62,375118,872560,407.59,416.58,824.18,417,408,0.00,0.00,0,0
1544346751,2003-eth2,7636.36,7636.36,15272.73,7644,7644,77.92,77.92,155.84,78,78,0.00,0.00,0,0
1544346751,3007-eth3,341542.47,62183.82,403726.28,62246,341884,133.87,132.87,266.73,133,134,0.00,0.00,0,0
1544346751,1002-eth1,11258.74,11318.68,22577.42,11330,11270,114.89,115.88,230.77,116,115,0.00,0.00,0,0
1544346751,2002-eth3,378287.72,1224803.25,1603091.00,1226028,378666,535.46,541.46,1076.92,542,536,0.00,0.00,0,0
1544346751,2007-eth2,0.00,0.00,0.00,0,0,0.00,0.00,0.00,0,0,0.00,0.00,0,0
1544346751,total,25077384.00,24014866.00,49092248.00,24038880,25102460,20050.95,20109.89,40160.84,20130,20071,0.00,0.00,0,0
1544346752,3003-eth3,1207842.25,640275.75,1848117.88,640916,1209050,591.41,605.39,1196.80,606,592,0.00,0.00,0,0
1544346752,2002-eth1,335626.38,18371.63,353998.00,18390,335962,175.82,195.80,371.63,196,176,0.00,0.00,0,0
1544346752,lo,8827.17,8827.17,17654.35,8836,8836,84.92,84.92,169.83,85,85,0.00,0.00,0,0
1544346752,3005-eth3,1225468.62,1215041.00,2440509.50,1216256,1226694,946.05,965.03,1911.09,966,947,0.00,0.00,0,0
1544346752,2005-eth3,0.00,59.94,59.94,60,0,0.00,1.00,1.00,1,0,0.00,0.00,0,0
1544346752,3004-eth4,1221059.00,1124413.62,2345472.50,1125538,1222280,923.08,852.15,1775.22,853,924,0.00,0.00,0,0
1544346752,1004-eth2,0.00,0.00,0.00,0,0,0.00,0.00,0.00,0,0,0.00,0.00,0,0
1544346752,2004-eth4,270251.75,1094507.50,1364759.25,1095602,270522,412.59,494.51,907.09,495,413,0.00,0.00,0,0
1544346752,1001-eth2,7696.30,7636.36,15332.67,7644,7704,78.92,77.92,156.84,78,79,0.00,0.00,0,0
1544346752,1003-eth3,342027.97,378000.00,720028.00,378378,342370,272.73,318.68,591.41,319,273,0.00,0.00,0,0
1544346752,2002-eth4,1219596.38,1217518.50,2437115.00,1218736,1220816,889.11,857.14,1746.25,858,890,0.00,0.00,0,0
1544346752,1001-eth4,59.94,59.94,119.88,60,60,1.00,1.00,2.00,1,1,0.00,0.00,0,0
1544346752,3001-eth2,1225234.75,881952.06,2107186.75,882834,1226460,745.25,682.32,1427.57,683,746,0.00,0.00,0,0
1544346752,1004-eth1,0.00,0.00,0.00,0,0,0.00,0.00,0.00,0,0,0.00,0.00,0,0
1544346752,3005-eth4,1172853.12,385142.88,1557996.00,385528,1174026,521.48,509.49,1030.97,510,522,0.00,0.00,0,0
1544346752,1003-eth2,373930.09,620759.25,994689.31,621380,374304,339.66,309.69,649.35,310,340,0.00,0.00,0,0
1544346752,3008-eth1,0.00,59.94,59.94,60,0,0.00,1.00,1.00,1,0,0.00,0.00,0,0
1544346752,1002-eth3,11454.55,11454.55,22909.09,11466,11466,116.88,116.88,233.77,117,117,0.00,0.00,0,0
1544346752,2006-eth1,378000.00,342027.97,720028.00,342370,378378,318.68,272.73,591.41,273,319,0.00,0.00,0,0
1544346752,3003-eth1,9458.54,9398.60,18857.14,9408,9468,96.90,95.90,192.81,96,97,0.00,0.00,0,0
1544346752,2001-eth3,9398.60,9398.60,18797.20,9408,9408,95.90,95.90,191.81,96,96,0.00,0.00,0,0
1544346752,2008-eth2,0.00,69.93,69.93,70,0,0.00,1.00,1.00,1,0,0.00,0.00,0,0
1544346752,2008-eth3,1205164.88,691904.12,1897069.00,692596,1206370,660.34,687.31,1347.65,688,661,0.00,0.00,0,0
1544346752,1001-eth3,3976.02,3976.02,7952.05,3980,3980,40.96,40.96,81.92,41,41,0.00,0.00,0,0
1544346752,2007-eth4,59.94,0.00,59.94,0,60,1.00,0.00,1.00,0,1,0.00,0.00,0,0
1544346752,2004-eth2,0.00,0.00,0.00,0,0,0.00,0.00,0.00,0,0,0.00,0.00,0,0
1544346752,3002-eth1,9692.31,9692.31,19384.62,9702,9702,98.90,98.90,197.80,99,99,0.00,0.00,0,0
1544346752,3004-eth1,9790.21,9850.15,19640.36,9860,9800,99.90,100.90,200.80,101,100,0.00,0.00,0,0
1544346752,2006-eth3,1223512.50,412805.22,1636317.75,413218,1224736,675.32,689.31,1364.64,690,676,0.00,0.00,0,0
1544346752,3004-eth2,1094507.50,270251.75,1364759.25,270522,1095602,494.51,412.59,907.09,413,495,0.00,0.00,0,0
1544346752,3001-eth3,22639.36,347656.34,370295.72,348004,22662,236.76,245.75,482.52,246,237,0.00,0.00,0,0
1544346752,2003-eth4,9850.15,9790.21,19640.36,9800,9860,100.90,99.90,200.80,100,101,0.00,0.00,0,0
1544346752,2008-eth4,1218229.75,1219466.62,2437696.25,1220686,1219448,847.15,877.12,1724.28,878,848,0.00,0.00,0,0
1544346752,3008-eth3,540887.12,803794.25,1344681.38,804598,541428,543.46,562.44,1105.89,563,544,0.00,0.00,0,0
1544346752,2005-eth2,11454.55,11454.55,22909.09,11466,11466,116.88,116.88,233.77,117,117,0.00,0.00,0,0
1544346752,2006-eth4,34815.19,803168.88,837984.06,803972,34850,370.63,377.62,748.25,378,371,0.00,0.00,0,0
1544346752,3006-eth2,803168.88,34815.19,837984.06,34850,803972,377.62,370.63,748.25,371,378,0.00,0.00,0,0
1544346752,1003-eth4,614297.75,14241.76,628539.50,14256,614912,211.79,215.78,427.57,216,212,0.00,0.00,0,0
1544346752,2006-eth2,0.00,0.00,0.00,0,0,0.00,0.00,0.00,0,0,0.00,0.00,0,0
1544346752,3001-eth1,9398.60,9398.60,18797.20,9408,9408,95.90,95.90,191.81,96,96,0.00,0.00,0,0
1544346752,3008-eth2,1219466.62,1218229.75,2437696.25,1219448,1220686,877.12,847.15,1724.28,848,878,0.00,0.00,0,0
1544346752,2004-eth3,1218359.62,891005.00,2109364.75,891896,1219578,704.30,722.28,1426.57,723,705,0.00,0.00,0,0
1544346752,3001-eth4,868711.31,607194.81,1475906.12,607802,869580,541.46,542.46,1083.92,543,542,0.00,0.00,0,0
1544346752,1003-eth1,18371.63,335626.38,353998.00,335962,18390,195.80,175.82,371.63,176,196,0.00,0.00,0,0
1544346752,3002-eth2,1217518.50,1219596.38,2437115.00,1220816,1218736,857.14,889.11,1746.25,890,858,0.00,0.00,0,0
1544346752,2005-eth4,15440.56,15370.63,30811.19,15386,15456,157.84,156.84,314.69,157,158,0.00,0.00,0,0
1544346752,3003-eth2,891005.00,1218359.62,2109364.75,1219578,891896,722.28,704.30,1426.57,705,723,0.00,0.00,0,0
1544346752,2007-eth1,59.94,59.94,119.88,60,60,1.00,1.00,2.00,1,1,0.00,0.00,0,0
1544346752,1002-eth4,0.00,0.00,0.00,0,0,0.00,0.00,0.00,0,0,0.00,0.00,0,0
1544346752,3002-eth4,1202481.50,962463.56,2164945.00,963426,1203684,707.29,792.21,1499.50,793,708,0.00,0.00,0,0
1544346752,2007-eth3,0.00,0.00,0.00,0,0,0.00,0.00,0.00,0,0,0.00,0.00,0,0
1544346752,3005-eth1,59.94,0.00,59.94,0,60,1.00,0.00,1.00,0,1,0.00,0.00,0,0
1544346752,2001-eth4,9692.31,9692.31,19384.62,9702,9702,98.90,98.90,197.80,99,99,0.00,0.00,0,0
1544346752,3003-eth4,20035.96,260067.94,280103.91,260328,20056,210.79,211.79,422.58,212,211,0.00,0.00,0,0
1544346752,2004-eth1,620759.25,373930.09,994689.31,374304,621380,309.69,339.66,649.35,340,310,0.00,0.00,0,0
1544346752,3006-eth4,9562.44,9398.60,18961.04,9408,9572,97.90,95.90,193.81,96,98,0.00,0.00,0,0
1544346752,3007-eth1,0.00,0.00,0.00,0,0,0.00,0.00,0.00,0,0,0.00,0.00,0,0
1544346752,2008-eth1,14241.76,614297.75,628539.50,614912,14256,215.78,211.79,427.57,212,216,0.00,0.00,0,0
1544346752,2002-eth2,0.00,0.00,0.00,0,0,0.00,0.00,0.00,0,0,0.00,0.00,0,0
1544346752,2003-eth1,7636.36,7696.30,15332.67,7704,7644,77.92,78.92,156.84,79,78,0.00,0.00,0,0
1544346752,3008-eth4,677482.56,192183.83,869666.38,192376,678160,305.69,303.70,609.39,304,306,0.00,0.00,0,0
1544346752,1004-eth4,69.93,0.00,69.93,0,70,1.00,0.00,1.00,0,1,0.00,0.00,0,0
1544346752,3006-eth1,15370.63,15440.56,30811.19,15456,15386,156.84,157.84,314.69,158,157,0.00,0.00,0,0
1544346752,1004-eth3,0.00,0.00,0.00,0,0,0.00,0.00,0.00,0,0,0.00,0.00,0,0
1544346752,1002-eth2,7636.36,7636.36,15272.73,7644,7644,77.92,77.92,155.84,78,78,0.00,0.00,0,0
1544346752,3004-eth3,39544.46,893702.31,933246.75,894596,39584,455.54,473.53,929.07,474,456,0.00,0.00,0,0
1544346752,2003-eth3,9398.60,9458.54,18857.14,9468,9408,95.90,96.90,192.81,97,96,0.00,0.00,0,0
1544346752,2005-eth1,3976.02,3976.02,7952.05,3980,3980,40.96,40.96,81.92,41,41,0.00,0.00,0,0
1544346752,3002-eth3,26947.05,391354.66,418301.72,391746,26974,282.72,292.71,575.42,293,283,0.00,0.00,0,0
1544346752,3006-eth3,44343.66,812861.19,857204.81,813674,44388,467.53,476.52,944.06,477,468,0.00,0.00,0,0
1544346752,2001-eth1,3780.22,3780.22,7560.44,3784,3784,38.96,38.96,77.92,39,39,0.00,0.00,0,0
1544346752,3005-eth2,412805.22,1223512.50,1636317.75,1224736,413218,689.31,675.32,1364.64,676,690,0.00,0.00,0,0
1544346752,2001-eth2,11650.35,11720.28,23370.63,11732,11662,118.88,119.88,238.76,120,119,0.00,0.00,0,0
1544346752,3007-eth2,691904.12,1205164.88,1897069.00,1206370,692596,687.31,660.34,1347.65,661,688,0.00,0.00,0,0
1544346752,1001-eth1,3780.22,3780.22,7560.44,3784,3784,38.96,38.96,77.92,39,39,0.00,0.00,0,0
1544346752,3007-eth4,1014265.75,592505.50,1606771.25,593098,1015280,551.45,574.43,1125.87,575,552,0.00,0.00,0,0
1544346752,2003-eth2,7636.36,7636.36,15272.73,7644,7644,77.92,77.92,155.84,78,78,0.00,0.00,0,0
1544346752,3007-eth3,190899.11,99374.62,290273.72,99474,191090,108.89,112.89,221.78,113,109,0.00,0.00,0,0
1544346752,1002-eth1,11720.28,11650.35,23370.63,11662,11732,119.88,118.88,238.76,119,120,0.00,0.00,0,0
1544346752,2002-eth3,881952.06,1225234.75,2107186.75,1226460,882834,682.32,745.25,1427.57,746,683,0.00,0.00,0,0
1544346752,2007-eth2,0.00,0.00,0.00,0,0,0.00,0.00,0.00,0,0,0.00,0.00,0,0
1544346752,total,27218796.00,27071204.00,54290000.00,27098274,27246014,22356.64,22481.52,44838.16,22504,22379,0.00,0.00,0,0
1544346753,3003-eth3,1210411.62,628571.44,1838983.12,629200,1211622,586.41,603.40,1189.81,604,587,0.00,0.00,0,0
1544346753,2002-eth1,425974.03,17654.35,443628.38,17672,426400,163.84,187.81,351.65,188,164,0.00,0.00,0,0
1544346753,lo,65780.22,65780.22,131560.44,65846,65846,307.69,307.69,615.38,308,308,0.00,0.00,0,0
1544346753,3005-eth3,1225590.50,1216663.38,2442253.75,1217880,1226816,926.07,945.05,1871.13,946,927,0.00,0.00,0,0
1544346753,2005-eth3,0.00,0.00,0.00,0,0,0.00,0.00,0.00,0,0,0.00,0.00,0,0
1544346753,3004-eth4,1222423.62,1059758.25,2282182.00,1060818,1223646,834.17,766.23,1600.40,767,835,0.00,0.00,0,0
1544346753,1004-eth2,59.94,0.00,59.94,0,60,1.00,0.00,1.00,0,1,0.00,0.00,0,0
1544346753,2004-eth4,178971.03,1040783.25,1219754.25,1041824,179150,322.68,478.52,801.20,479,323,0.00,0.00,0,0
1544346753,1001-eth2,7734.27,7734.27,15468.53,7742,7742,78.92,78.92,157.84,79,79,0.00,0.00,0,0
1544346753,1003-eth3,435468.53,387732.28,823200.81,388120,435904,307.69,315.68,623.38,316,308,0.00,0.00,0,0
1544346753,2002-eth4,1222399.62,1214024.00,2436423.75,1215238,1223622,1002.00,975.03,1977.02,976,1003,0.00,0.00,0,0
1544346753,1001-eth4,0.00,0.00,0.00,0,0,0.00,0.00,0.00,0,0,0.00,0.00,0,0
1544346753,3001-eth2,1222026.00,787990.06,2010016.00,788778,1223248,850.15,810.19,1660.34,811,851,0.00,0.00,0,0
1544346753,1004-eth1,59.94,0.00,59.94,0,60,1.00,0.00,1.00,0,1,0.00,0.00,0,0
1544346753,3005-eth4,1174367.62,395504.50,1569872.12,395900,1175542,522.48,513.49,1035.96,514,523,0.00,0.00,0,0
1544346753,1003-eth2,385968.03,611956.06,997924.12,612568,386354,368.63,351.65,720.28,352,369,0.00,0.00,0,0
1544346753,3008-eth1,0.00,0.00,0.00,0,0,0.00,0.00,0.00,0,0,0.00,0.00,0,0
1544346753,1002-eth3,11612.39,11552.45,23164.84,11564,11624,118.88,117.88,236.76,118,119,0.00,0.00,0,0
1544346753,2006-eth1,387732.28,435468.53,823200.81,435904,388120,315.68,307.69,623.38,308,316,0.00,0.00,0,0
1544346753,3003-eth1,9692.31,9692.31,19384.62,9702,9702,98.90,98.90,197.80,99,99,0.00,0.00,0,0
1544346753,2001-eth3,9692.31,9692.31,19384.62,9702,9702,98.90,98.90,197.80,99,99,0.00,0.00,0,0
1544346753,2008-eth2,0.00,59.94,59.94,60,0,0.00,1.00,1.00,1,0,0.00,0.00,0,0
1544346753,2008-eth3,1212433.62,903846.19,2116279.75,904750,1213646,858.14,885.11,1743.26,886,859,0.00,0.00,0,0
1544346753,1001-eth3,3818.18,3818.18,7636.36,3822,3822,38.96,38.96,77.92,39,39,0.00,0.00,0,0
1544346753,2007-eth4,0.00,0.00,0.00,0,0,0.00,0.00,0.00,0,0,0.00,0.00,0,0
1544346753,2004-eth2,0.00,59.94,59.94,60,0,0.00,1.00,1.00,1,0,0.00,0.00,0,0
1544346753,3002-eth1,9752.25,9692.31,19444.56,9702,9762,99.90,98.90,198.80,99,100,0.00,0.00,0,0
1544346753,3004-eth1,9790.21,9790.21,19580.42,9800,9800,99.90,99.90,199.80,100,100,0.00,0.00,0,0
1544346753,2006-eth3,1226277.75,420285.72,1646563.50,420706,1227504,695.30,670.33,1365.63,671,696,0.00,0.00,0,0
1544346753,3004-eth2,1040783.25,178971.03,1219754.25,179150,1041824,478.52,322.68,801.20,323,479,0.00,0.00,0,0
1544346753,3001-eth3,35046.95,532012.00,567058.94,532544,35082,368.63,363.64,732.27,364,369,0.00,0.00,0,0
1544346753,2003-eth4,9790.21,9790.21,19580.42,9800,9800,99.90,99.90,199.80,100,100,0.00,0.00,0,0
1544346753,2008-eth4,1219280.75,1229972.00,2449252.75,1231202,1220500,873.13,1101.90,1975.03,1103,874,0.00,0.00,0,0
1544346753,3008-eth3,553638.38,811620.38,1365258.75,812432,554192,587.41,571.43,1158.84,572,588,0.00,0.00,0,0
1544346753,2005-eth2,11552.45,11612.39,23164.84,11624,11564,117.88,118.88,236.76,119,118,0.00,0.00,0,0
1544346753,2006-eth4,32553.45,249156.84,281710.31,249406,32586,354.65,114.89,469.53,115,355,0.00,0.00,0,0
1544346753,3006-eth2,249156.84,32553.45,281710.31,32586,249406,114.89,354.65,469.53,355,115,0.00,0.00,0,0
1544346753,1003-eth4,602461.56,15890.11,618351.69,15906,603064,207.79,240.76,448.55,241,208,0.00,0.00,0,0
1544346753,2006-eth2,0.00,59.94,59.94,60,0,0.00,1.00,1.00,1,0,0.00,0.00,0,0
1544346753,3001-eth1,9692.31,9692.31,19384.62,9702,9702,98.90,98.90,197.80,99,99,0.00,0.00,0,0
1544346753,3008-eth2,1229972.00,1219280.75,2449252.75,1220500,1231202,1101.90,873.13,1975.03,874,1103,0.00,0.00,0,0
1544346753,2004-eth3,1219530.50,790927.12,2010457.62,791718,1220750,659.34,674.33,1333.67,675,660,0.00,0.00,0,0
1544346753,3001-eth4,762635.38,584635.38,1347270.75,585220,763398,540.46,529.47,1069.93,530,541,0.00,0.00,0,0
1544346753,1003-eth1,17654.35,425974.03,443628.38,426400,17672,187.81,163.84,351.65,164,188,0.00,0.00,0,0
1544346753,3002-eth2,1214024.00,1222399.62,2436423.75,1223622,1215238,975.03,1002.00,1977.02,1003,976,0.00,0.00,0,0
1544346753,2005-eth4,15370.63,15370.63,30741.26,15386,15386,156.84,156.84,313.69,157,157,0.00,0.00,0,0
1544346753,3003-eth2,790927.12,1219530.50,2010457.62,1220750,791718,674.33,659.34,1333.67,660,675,0.00,0.00,0,0
1544346753,2007-eth1,0.00,0.00,0.00,0,0,0.00,0.00,0.00,0,0,0.00,0.00,0,0
1544346753,1002-eth4,59.94,0.00,59.94,0,60,1.00,0.00,1.00,0,1,0.00,0.00,0,0
1544346753,3002-eth4,1206307.75,941926.12,2148233.75,942868,1207514,831.17,863.14,1694.31,864,832,0.00,0.00,0,0
1544346753,2007-eth3,0.00,59.94,59.94,60,0,0.00,1.00,1.00,1,0,0.00,0.00,0,0
1544346753,3005-eth1,0.00,0.00,0.00,0,0,0.00,0.00,0.00,0,0,0.00,0.00,0,0
1544346753,2001-eth4,9692.31,9752.25,19444.56,9762,9702,98.90,99.90,198.80,100,99,0.00,0.00,0,0
1544346753,3003-eth4,15792.21,172047.95,187840.17,172220,15808,169.83,169.83,339.66,170,170,0.00,0.00,0,0
1544346753,2004-eth1,611956.06,385968.03,997924.12,386354,612568,351.65,368.63,720.28,369,352,0.00,0.00,0,0
1544346753,3006-eth4,36607.39,127498.51,164105.91,127626,36644,393.61,152.85,546.45,153,394,0.00,0.00,0,0
1544346753,3007-eth1,59.94,0.00,59.94,0,60,1.00,0.00,1.00,0,1,0.00,0.00,0,0
1544346753,2008-eth1,15890.11,602461.56,618351.69,603064,15906,240.76,207.79,448.55,208,241,0.00,0.00,0,0
1544346753,2002-eth2,0.00,59.94,59.94,60,0,0.00,1.00,1.00,1,0,0.00,0.00,0,0
1544346753,2003-eth1,7734.27,7734.27,15468.53,7742,7742,78.92,78.92,157.84,79,79,0.00,0.00,0,0
1544346753,3008-eth4,665642.38,135368.64,801011.00,135504,666308,285.71,275.72,561.44,276,286,0.00,0.00,0,0
1544346753,1004-eth4,59.94,0.00,59.94,0,60,1.00,0.00,1.00,0,1,0.00,0.00,0,0
1544346753,3006-eth1,15370.63,15370.63,30741.26,15386,15386,156.84,156.84,313.69,157,157,0.00,0.00,0,0
1544346753,1004-eth3,59.94,0.00,59.94,0,60,1.00,0.00,1.00,0,1,0.00,0.00,0,0
1544346753,1002-eth2,7892.11,7832.17,15724.28,7840,7900,80.92,79.92,160.84,80,81,0.00,0.00,0,0
1544346753,3004-eth3,29036.96,985288.75,1014325.69,986274,29066,391.61,436.56,828.17,437,392,0.00,0.00,0,0
1544346753,2003-eth3,9692.31,9692.31,19384.62,9702,9702,98.90,98.90,197.80,99,99,0.00,0.00,0,0
1544346753,2005-eth1,3818.18,3818.18,7636.36,3822,3822,38.96,38.96,77.92,39,39,0.00,0.00,0,0
1544346753,3002-eth3,25904.10,490573.44,516477.53,491064,25930,271.73,283.72,555.44,284,272,0.00,0.00,0,0
1544346753,3006-eth3,15232.77,140945.06,156177.83,141086,15248,157.84,158.84,316.68,159,158,0.00,0.00,0,0
1544346753,2001-eth1,3916.08,3916.08,7832.17,3920,3920,39.96,39.96,79.92,40,40,0.00,0.00,0,0
1544346753,3005-eth2,420285.72,1226277.75,1646563.50,1227504,420706,670.33,695.30,1365.63,696,671,0.00,0.00,0,0
1544346753,2001-eth2,11552.45,11612.39,23164.84,11624,11564,117.88,118.88,236.76,119,118,0.00,0.00,0,0
1544346753,3007-eth2,903846.19,1212433.62,2116279.75,1213646,904750,885.11,858.14,1743.26,859,886,0.00,0.00,0,0
1544346753,1001-eth1,3916.08,3916.08,7832.17,3920,3920,39.96,39.96,79.92,40,40,0.00,0.00,0,0
1544346753,3007-eth4,1032899.12,725842.19,1758741.25,726568,1033932,724.28,743.26,1467.53,744,725,0.00,0.00,0,0
1544346753,2003-eth2,7832.17,7892.11,15724.28,7900,7840,79.92,80.92,160.84,81,80,0.00,0.00,0,0
1544346753,3007-eth3,179654.34,186821.19,366475.53,187008,179834,135.86,143.86,279.72,144,136,0.00,0.00,0,0
1544346753,1002-eth1,11612.39,11552.45,23164.84,11564,11624,118.88,117.88,236.76,118,119,0.00,0.00,0,0
1544346753,2002-eth3,787990.06,1222026.00,2010016.00,1223248,788778,810.19,850.15,1660.34,851,811,0.00,0.00,0,0
1544346753,2007-eth2,0.00,59.94,59.94,60,0,0.00,1.00,1.00,1,0,0.00,0.00,0,0
1544346753,total,26712420.00,26456306.00,53168728.00,26482762,26739132,23568.43,23361.64,46930.07,23385,23592,0.00,0.00,0,0
1544346754,3003-eth3,1206801.25,674337.69,1881138.88,675012,1208008,619.38,617.38,1236.76,618,620,0.00,0.00,0,0
1544346754,2002-eth1,340693.31,17184.82,357878.12,17202,341034,164.84,182.82,347.65,183,165,0.00,0.00,0,0
1544346754,lo,7522.48,7522.48,15044.96,7530,7530,72.93,72.93,145.85,73,73,0.00,0.00,0,0
1544346754,3005-eth3,1217444.62,1211894.12,2429338.75,1213106,1218662,934.07,962.04,1896.10,963,935,0.00,0.00,0,0
1544346754,2005-eth3,0.00,0.00,0.00,0,0,0.00,0.00,0.00,0,0,0.00,0.00,0,0
1544346754,3004-eth4,1214765.25,843398.62,2058163.88,844242,1215980,696.30,680.32,1376.62,681,697,0.00,0.00,0,0
1544346754,1004-eth2,0.00,0.00,0.00,0,0,0.00,0.00,0.00,0,0,0.00,0.00,0,0
1544346754,2004-eth4,229348.66,818087.94,1047436.56,818906,229578,384.62,340.66,725.27,341,385,0.00,0.00,0,0
1544346754,1001-eth2,7734.27,7794.21,15528.47,7802,7742,78.92,79.92,158.84,80,79,0.00,0.00,0,0
1544346754,1003-eth3,348071.94,573808.19,921880.12,574382,348420,276.72,375.62,652.35,376,277,0.00,0.00,0,0
1544346754,2002-eth4,1226141.88,1214647.38,2440789.25,1215862,1227368,1048.95,870.13,1919.08,871,1050,0.00,0.00,0,0
1544346754,1001-eth4,0.00,0.00,0.00,0,0,0.00,0.00,0.00,0,0,0.00,0.00,0,0
1544346754,3001-eth2,1221842.25,873954.06,2095796.25,874828,1223064,891.11,705.29,1596.40,706,892,0.00,0.00,0,0
1544346754,1004-eth1,0.00,0.00,0.00,0,0,0.00,0.00,0.00,0,0,0.00,0.00,0,0
1544346754,3005-eth4,1170893.12,581858.19,1752751.25,582440,1172064,579.42,575.42,1154.85,576,580,0.00,0.00,0,0
1544346754,1003-eth2,570799.19,655678.31,1226477.50,656334,571370,407.59,334.67,742.26,335,408,0.00,0.00,0,0
1544346754,3008-eth1,0.00,0.00,0.00,0,0,0.00,0.00,0.00,0,0,0.00,0.00,0,0
1544346754,1002-eth3,11650.35,11650.35,23300.70,11662,11662,118.88,118.88,237.76,119,119,0.00,0.00,0,0
1544346754,2006-eth1,573808.19,348071.94,921880.12,348420,574382,375.62,276.72,652.35,277,376,0.00,0.00,0,0
1544346754,3003-eth1,9594.41,9654.35,19248.75,9664,9604,97.90,98.90,196.80,99,98,0.00,0.00,0,0
1544346754,2001-eth3,9752.25,9692.31,19444.56,9702,9762,99.90,98.90,198.80,99,100,0.00,0.00,0,0
1544346754,2008-eth2,59.94,0.00,59.94,0,60,1.00,0.00,1.00,0,1,0.00,0.00,0,0
1544346754,2008-eth3,1211252.75,1015816.19,2227069.00,1016832,1212464,906.09,847.15,1753.25,848,907,0.00,0.00,0,0
1544346754,1001-eth3,3916.08,3916.08,7832.17,3920,3920,39.96,39.96,79.92,40,40,0.00,0.00,0,0
1544346754,2007-eth4,0.00,0.00,0.00,0,0,0.00,0.00,0.00,0,0,0.00,0.00,0,0
1544346754,2004-eth2,0.00,0.00,0.00,0,0,0.00,0.00,0.00,0,0,0.00,0.00,0,0
1544346754,3002-eth1,9398.60,9398.60,18797.20,9408,9408,95.90,95.90,191.81,96,96,0.00,0.00,0,0
1544346754,3004-eth1,9458.54,9398.60,18857.14,9408,9468,96.90,95.90,192.81,96,97,0.00,0.00,0,0
1544346754,2006-eth3,1219172.88,609432.56,1828605.50,610042,1220392,675.32,754.25,1429.57,755,676,0.00,0.00,0,0
1544346754,3004-eth2,818087.94,229348.66,1047436.56,229578,818906,340.66,384.62,725.27,385,341,0.00,0.00,0,0
1544346754,3001-eth3,25938.06,440735.28,466673.34,441176,25964,271.73,295.70,567.43,296,272,0.00,0.00,0,0
1544346754,2003-eth4,9398.60,9458.54,18857.14,9468,9408,95.90,96.90,192.81,97,96,0.00,0.00,0,0
1544346754,2008-eth4,1214519.50,1223790.25,2438309.75,1225014,1215734,822.18,1117.88,1940.06,1119,823,0.00,0.00,0,0
1544346754,3008-eth3,549684.31,765326.69,1315011.00,766092,550234,560.44,549.45,1109.89,550,561,0.00,0.00,0,0
1544346754,2005-eth2,11650.35,11650.35,23300.70,11662,11662,118.88,118.88,237.76,119,119,0.00,0.00,0,0
1544346754,2006-eth4,35744.26,870435.56,906179.88,871306,35780,380.62,388.61,769.23,389,381,0.00,0.00,0,0
1544346754,3006-eth2,870435.56,35744.26,906179.88,35780,871306,388.61,380.62,769.23,381,389,0.00,0.00,0,0
1544346754,1003-eth4,648419.62,14235.76,662655.38,14250,649068,224.78,215.78,440.56,216,225,0.00,0.00,0,0
1544346754,2006-eth2,59.94,0.00,59.94,0,60,1.00,0.00,1.00,0,1,0.00,0.00,0,0
1544346754,3001-eth1,9692.31,9752.25,19444.56,9762,9702,98.90,99.90,198.80,100,99,0.00,0.00,0,0
1544346754,3008-eth2,1223790.25,1214519.50,2438309.75,1215734,1225014,1117.88,822.18,1940.06,823,1119,0.00,0.00,0,0
1544346754,2004-eth3,1212147.88,885027.00,2097175.00,885912,1213360,719.28,719.28,1438.56,720,720,0.00,0.00,0,0
1544346754,3001-eth4,857708.31,624549.44,1482257.75,625174,858566,532.47,542.46,1074.93,543,533,0.00,0.00,0,0
1544346754,1003-eth1,17184.82,340693.31,357878.12,341034,17202,182.82,164.84,347.65,165,183,0.00,0.00,0,0
1544346754,3002-eth2,1214647.38,1226141.88,2440789.25,1227368,1215862,870.13,1048.95,1919.08,1050,871,0.00,0.00,0,0
1544346754,2005-eth4,15566.43,15626.37,31192.81,15642,15582,158.84,159.84,318.68,160,159,0.00,0.00,0,0
1544346754,3003-eth2,885027.00,1212147.88,2097175.00,1213360,885912,719.28,719.28,1438.56,720,720,0.00,0.00,0,0
1544346754,2007-eth1,0.00,0.00,0.00,0,0,0.00,0.00,0.00,0,0,0.00,0.00,0,0
1544346754,1002-eth4,0.00,59.94,59.94,60,0,0.00,1.00,1.00,1,0,0.00,0.00,0,0
1544346754,3002-eth4,1204739.25,997558.44,2202297.75,998556,1205944,851.15,897.10,1748.25,898,852,0.00,0.00,0,0
1544346754,2007-eth3,59.94,0.00,59.94,0,60,1.00,0.00,1.00,0,1,0.00,0.00,0,0
1544346754,3005-eth1,0.00,0.00,0.00,0,0,0.00,0.00,0.00,0,0,0.00,0.00,0,0
1544346754,2001-eth4,9398.60,9398.60,18797.20,9408,9408,95.90,95.90,191.81,96,96,0.00,0.00,0,0
1544346754,3003-eth4,17900.10,220349.66,238249.75,220570,17918,198.80,200.80,399.60,201,199,0.00,0.00,0,0
1544346754,2004-eth1,655678.31,570799.19,1226477.50,571370,656334,334.67,407.59,742.26,408,335,0.00,0.00,0,0
1544346754,3006-eth4,9790.21,9790.21,19580.42,9800,9800,99.90,99.90,199.80,100,100,0.00,0.00,0,0
1544346754,3007-eth1,0.00,59.94,59.94,60,0,0.00,1.00,1.00,1,0,0.00,0.00,0,0
1544346754,2008-eth1,14235.76,648419.62,662655.38,649068,14250,215.78,224.78,440.56,225,216,0.00,0.00,0,0
1544346754,2002-eth2,0.00,0.00,0.00,0,0,0.00,0.00,0.00,0,0,0.00,0.00,0,0
1544346754,2003-eth1,7794.21,7734.27,15528.47,7742,7802,79.92,78.92,158.84,79,80,0.00,0.00,0,0
1544346754,3008-eth4,664801.19,24961.04,689762.25,24986,665466,261.74,224.78,486.51,225,262,0.00,0.00,0,0
1544346754,1004-eth4,0.00,59.94,59.94,60,0,0.00,1.00,1.00,1,0,0.00,0.00,0,0
1544346754,3006-eth1,15626.37,15566.43,31192.81,15582,15642,159.84,158.84,318.68,159,160,0.00,0.00,0,0
1544346754,1004-eth3,0.00,59.94,59.94,60,0,0.00,1.00,1.00,1,0,0.00,0.00,0,0
1544346754,1002-eth2,7538.46,7598.40,15136.86,7606,7546,76.92,77.92,154.85,78,77,0.00,0.00,0,0
1544346754,3004-eth3,31750.25,1087017.00,1118767.25,1088104,31782,434.57,467.53,902.10,468,435,0.00,0.00,0,0
1544346754,2003-eth3,9654.35,9594.41,19248.75,9604,9664,98.90,97.90,196.80,98,99,0.00,0.00,0,0
1544346754,2005-eth1,3916.08,3916.08,7832.17,3920,3920,39.96,39.96,79.92,40,40,0.00,0.00,0,0
1544346754,3002-eth3,27710.29,404937.06,432647.38,405342,27738,290.71,302.70,593.41,303,291,0.00,0.00,0,0
1544346754,3006-eth3,45376.62,880127.88,925504.50,881008,45422,478.52,487.51,966.03,488,479,0.00,0.00,0,0
1544346754,2001-eth1,3818.18,3818.18,7636.36,3822,3822,38.96,38.96,77.92,39,39,0.00,0.00,0,0
1544346754,3005-eth2,609432.56,1219172.88,1828605.50,1220392,610042,754.25,675.32,1429.57,676,755,0.00,0.00,0,0
1544346754,2001-eth2,11356.64,11356.64,22713.29,11368,11368,115.88,115.88,231.77,116,116,0.00,0.00,0,0
1544346754,3007-eth2,1015816.19,1211252.75,2227069.00,1212464,1016832,847.15,906.09,1753.25,907,848,0.00,0.00,0,0
1544346754,1001-eth1,3818.18,3818.18,7636.36,3822,3822,38.96,38.96,77.92,39,39,0.00,0.00,0,0
1544346754,3007-eth4,1097154.88,749288.75,1846443.62,750038,1098252,777.22,710.29,1487.51,711,778,0.00,0.00,0,0
1544346754,2003-eth2,7598.40,7538.46,15136.86,7546,7606,77.92,76.92,154.85,77,78,0.00,0.00,0,0
1544346754,3007-eth3,114037.97,272841.16,386879.12,273114,114152,127.87,144.86,272.73,145,128,0.00,0.00,0,0
1544346754,1002-eth1,11356.64,11356.64,22713.29,11368,11368,115.88,115.88,231.77,116,116,0.00,0.00,0,0
1544346754,2002-eth3,873954.06,1221842.25,2095796.25,1223064,874828,705.29,891.11,1596.40,892,706,0.00,0.00,0,0
1544346754,2007-eth2,59.94,0.00,59.94,0,60,1.00,0.00,1.00,0,1,0.00,0.00,0,0
1544346754,total,27914198.00,28246674.00,56160872.00,28274920,27942112,23585.42,23629.37,47214.79,23653,23609,0.00,0.00,0,0
1544346755,3003-eth3,1219626.38,704191.81,1923818.25,704896,1220846,638.36,631.37,1269.73,632,639,0.00,0.00,0,0
1544346755,2002-eth1,347534.47,21692.31,369226.78,21714,347882,180.82,230.77,411.59,231,181,0.00,0.00,0,0
1544346755,lo,7420.58,7420.58,14841.16,7428,7428,72.93,72.93,145.85,73,73,0.00,0.00,0,0
1544346755,3005-eth3,1226813.25,1221812.25,2448625.50,1223034,1228040,879.12,908.09,1787.21,909,880,0.00,0.00,0,0
1544346755,2005-eth3,59.94,0.00,59.94,0,60,1.00,0.00,1.00,0,1,0.00,0.00,0,0
1544346755,3004-eth4,1224373.62,834587.44,2058961.12,835422,1225598,710.29,678.32,1388.61,679,711,0.00,0.00,0,0
1544346755,1004-eth2,0.00,59.94,59.94,60,0,0.00,1.00,1.00,1,0,0.00,0.00,0,0
1544346755,2004-eth4,220193.81,815524.50,1035718.31,816340,220414,333.67,345.65,679.32,346,334,0.00,0.00,0,0
1544346755,1001-eth2,7636.36,7636.36,15272.73,7644,7644,77.92,77.92,155.84,78,78,0.00,0.00,0,0
1544346755,1003-eth3,356501.50,579768.25,936269.75,580348,356858,316.68,423.58,740.26,424,317,0.00,0.00,0,0
1544346755,2002-eth4,1228569.50,1228313.75,2456883.25,1229542,1229798,1108.89,872.13,1981.02,873,1110,0.00,0.00,0,0
1544346755,1001-eth4,0.00,0.00,0.00,0,0,0.00,0.00,0.00,0,0,0.00,0.00,0,0
1544346755,3001-eth2,1231832.25,880839.19,2112671.50,881720,1233064,867.13,692.31,1559.44,693,868,0.00,0.00,0,0
1544346755,1004-eth1,0.00,59.94,59.94,60,0,0.00,1.00,1.00,1,0,0.00,0.00,0,0
1544346755,3005-eth4,1187045.00,583700.31,1770745.25,584284,1188232,583.42,581.42,1164.84,582,584,0.00,0.00,0,0
1544346755,1003-eth2,569021.00,684018.00,1253039.00,684702,569590,358.64,369.63,728.27,370,359,0.00,0.00,0,0
1544346755,3008-eth1,59.94,0.00,59.94,0,60,1.00,0.00,1.00,0,1,0.00,0.00,0,0
1544346755,1002-eth3,11258.74,11258.74,22517.48,11270,11270,114.89,114.89,229.77,115,115,0.00,0.00,0,0
1544346755,2006-eth1,579768.25,356501.50,936269.75,356858,580348,423.58,316.68,740.26,317,424,0.00,0.00,0,0
1544346755,3003-eth1,9398.60,9398.60,18797.20,9408,9408,95.90,95.90,191.81,96,96,0.00,0.00,0,0
1544346755,2001-eth3,9692.31,9752.25,19444.56,9762,9702,98.90,99.90,198.80,100,99,0.00,0.00,0,0
1544346755,2008-eth2,0.00,0.00,0.00,0,0,0.00,0.00,0.00,0,0,0.00,0.00,0,0
1544346755,2008-eth3,1216683.38,768961.06,1985644.38,769730,1217900,725.27,648.35,1373.63,649,726,0.00,0.00,0,0
1544346755,1001-eth3,3818.18,3818.18,7636.36,3822,3822,38.96,38.96,77.92,39,39,0.00,0.00,0,0
1544346755,2007-eth4,0.00,59.94,59.94,60,0,0.00,1.00,1.00,1,0,0.00,0.00,0,0
1544346755,2004-eth2,59.94,0.00,59.94,0,60,1.00,0.00,1.00,0,1,0.00,0.00,0,0
1544346755,3002-eth1,9398.60,9458.54,18857.14,9468,9408,95.90,96.90,192.81,97,96,0.00,0.00,0,0
1544346755,3004-eth1,9692.31,9692.31,19384.62,9702,9702,98.90,98.90,197.80,99,99,0.00,0.00,0,0
1544346755,2006-eth3,1234769.25,604513.50,1839282.75,605118,1236004,780.22,694.31,1474.53,695,781,0.00,0.00,0,0
1544346755,3004-eth2,815524.50,220193.81,1035718.31,220414,816340,345.65,333.67,679.32,334,346,0.00,0.00,0,0
1544346755,3001-eth3,24081.92,529766.25,553848.19,530296,24106,279.72,307.69,587.41,308,280,0.00,0.00,0,0
1544346755,2003-eth4,9692.31,9692.31,19384.62,9702,9702,98.90,98.90,197.80,99,99,0.00,0.00,0,0
1544346755,2008-eth4,1223658.38,1227754.25,2451412.75,1228982,1224882,747.25,893.11,1640.36,894,748,0.00,0.00,0,0
1544346755,3008-eth3,558701.31,1023406.62,1582107.88,1024430,559260,468.53,558.44,1026.97,559,469,0.00,0.00,0,0
1544346755,2005-eth2,11258.74,11258.74,22517.48,11270,11270,114.89,114.89,229.77,115,115,0.00,0.00,0,0
1544346755,2006-eth4,24745.26,697156.88,721902.12,697854,24770,270.73,305.69,576.42,306,271,0.00,0.00,0,0
1544346755,3006-eth2,697156.88,24745.26,721902.12,24770,697854,305.69,270.73,576.42,271,306,0.00,0.00,0,0
1544346755,1003-eth4,674991.00,10945.06,685936.06,10956,675666,232.77,165.83,398.60,166,233,0.00,0.00,0,0
1544346755,2006-eth2,0.00,0.00,0.00,0,0,0.00,0.00,0.00,0,0,0.00,0.00,0,0
1544346755,3001-eth1,9752.25,9692.31,19444.56,9702,9762,99.90,98.90,198.80,99,100,0.00,0.00,0,0
1544346755,3008-eth2,1227754.25,1223658.38,2451412.75,1224882,1228982,893.11,747.25,1640.36,748,894,0.00,0.00,0,0
1544346755,2004-eth3,1223450.62,904091.94,2127542.50,904996,1224674,696.30,701.30,1397.60,702,697,0.00,0.00,0,0
1544346755,3001-eth4,866509.50,435830.19,1302339.75,436266,867376,512.49,488.51,1001.00,489,513,0.00,0.00,0,0
1544346755,1003-eth1,21692.31,347534.47,369226.78,347882,21714,230.77,180.82,411.59,181,231,0.00,0.00,0,0
1544346755,3002-eth2,1228313.75,1228569.50,2456883.25,1229798,1229542,872.13,1108.89,1981.02,1110,873,0.00,0.00,0,0
1544346755,2005-eth4,15136.86,15076.92,30213.79,15092,15152,154.85,153.85,308.69,154,155,0.00,0.00,0,0
1544346755,3003-eth2,904091.94,1223450.62,2127542.50,1224674,904996,701.30,696.30,1397.60,697,702,0.00,0.00,0,0
1544346755,2007-eth1,0.00,0.00,0.00,0,0,0.00,0.00,0.00,0,0,0.00,0.00,0,0
1544346755,1002-eth4,0.00,0.00,0.00,0,0,0.00,0.00,0.00,0,0,0.00,0.00,0,0
1544346755,3002-eth4,1208621.38,1182040.00,2390661.50,1183222,1209830,866.13,770.23,1636.36,771,867,0.00,0.00,0,0
1544346755,2007-eth3,0.00,0.00,0.00,0,0,0.00,0.00,0.00,0,0,0.00,0.00,0,0
1544346755,3005-eth1,0.00,59.94,59.94,60,0,0.00,1.00,1.00,1,0,0.00,0.00,0,0
1544346755,2001-eth4,9458.54,9398.60,18857.14,9408,9468,96.90,95.90,192.81,96,97,0.00,0.00,0,0
1544346755,3003-eth4,13222.78,212191.81,225414.59,212404,13236,153.85,165.83,319.68,166,154,0.00,0.00,0,0
1544346755,2004-eth1,684018.00,569021.00,1253039.00,569590,684702,369.63,358.64,728.27,359,370,0.00,0.00,0,0
1544346755,3006-eth4,13732.27,127302.70,141034.97,127430,13746,149.85,150.85,300.70,151,150,0.00,0.00,0,0
1544346755,3007-eth1,0.00,0.00,0.00,0,0,0.00,0.00,0.00,0,0,0.00,0.00,0,0
1544346755,2008-eth1,10945.06,674991.00,685936.06,675666,10956,165.83,232.77,398.60,233,166,0.00,0.00,0,0
1544346755,2002-eth2,59.94,0.00,59.94,0,60,1.00,0.00,1.00,0,1,0.00,0.00,0,0
1544346755,2003-eth1,7636.36,7636.36,15272.73,7644,7644,77.92,77.92,155.84,78,78,0.00,0.00,0,0
1544346755,3008-eth4,665050.94,334147.88,999198.81,334482,665716,279.72,328.67,608.39,329,280,0.00,0.00,0,0
1544346755,1004-eth4,0.00,0.00,0.00,0,0,0.00,0.00,0.00,0,0,0.00,0.00,0,0
1544346755,3006-eth1,15076.92,15136.86,30213.79,15152,15092,153.85,154.85,308.69,155,154,0.00,0.00,0,0
1544346755,1004-eth3,0.00,0.00,0.00,0,0,0.00,0.00,0.00,0,0,0.00,0.00,0,0
1544346755,1002-eth2,7538.46,7538.46,15076.92,7546,7546,76.92,76.92,153.85,77,77,0.00,0.00,0,0
1544346755,3004-eth3,31714.29,1057720.25,1089434.62,1058778,31746,432.57,460.54,893.11,461,433,0.00,0.00,0,0
1544346755,2003-eth3,9398.60,9398.60,18797.20,9408,9408,95.90,95.90,191.81,96,96,0.00,0.00,0,0
1544346755,2005-eth1,3818.18,3818.18,7636.36,3822,3822,38.96,38.96,77.92,39,39,0.00,0.00,0,0
1544346755,3002-eth3,32311.69,505610.41,537922.06,506116,32344,339.66,337.66,677.32,338,340,0.00,0.00,0,0
1544346755,3006-eth3,30125.88,588787.25,618913.12,589376,30156,316.68,347.65,664.34,348,317,0.00,0.00,0,0
1544346755,2001-eth1,3818.18,3818.18,7636.36,3822,3822,38.96,38.96,77.92,39,39,0.00,0.00,0,0
1544346755,3005-eth2,604513.50,1234769.25,1839282.75,1236004,605118,694.31,780.22,1474.53,781,695,0.00,0.00,0,0
1544346755,2001-eth2,11612.39,11552.45,23164.84,11564,11624,118.88,117.88,236.76,118,119,0.00,0.00,0,0
1544346755,3007-eth2,768961.06,1216683.38,1985644.38,1217900,769730,648.35,725.27,1373.63,726,649,0.00,0.00,0,0
1544346755,1001-eth1,3818.18,3818.18,7636.36,3822,3822,38.96,38.96,77.92,39,39,0.00,0.00,0,0
1544346755,3007-eth4,894205.81,596921.12,1491126.88,597518,895100,573.43,474.53,1047.95,475,574,0.00,0.00,0,0
1544346755,2003-eth2,7538.46,7538.46,15076.92,7546,7546,76.92,76.92,153.85,77,77,0.00,0.00,0,0
1544346755,3007-eth3,322477.53,156849.16,479326.69,157006,322800,151.85,162.84,314.69,163,152,0.00,0.00,0,0
1544346755,1002-eth1,11552.45,11612.39,23164.84,11624,11564,117.88,118.88,236.76,119,118,0.00,0.00,0,0
1544346755,2002-eth3,880839.19,1231832.25,2112671.50,1233064,881720,692.31,867.13,1559.44,868,693,0.00,0.00,0,0
1544346755,2007-eth2,0.00,0.00,0.00,0,0,0.00,0.00,0.00,0,0,0.00,0.00,0,0
1544346755,total,27699804.00,28276056.00,55975860.00,28304332,27727504,22395.61,22412.59,44808.19,22435,22418,0.00,0.00,0,0
1544346756,3003-eth3,1218549.50,380209.81,1598759.25,380590,1219768,534.47,522.48,1056.94,523,535,0.00,0.00,0,0
1544346756,2002-eth1,361400.59,18781.22,380181.84,18800,361762,171.83,199.80,371.63,200,172,0.00,0.00,0,0
1544346756,lo,65042.96,65042.96,130085.91,65108,65108,297.70,297.70,595.40,298,298,0.00,0.00,0,0
1544346756,3005-eth3,1231234.75,1216847.12,2448082.00,1218064,1232466,968.03,989.01,1957.04,990,969,0.00,0.00,0,0
1544346756,2005-eth3,0.00,59.94,59.94,60,0,0.00,1.00,1.00,1,0,0.00,0.00,0,0
1544346756,3004-eth4,1219366.62,773894.12,1993260.75,774668,1220586,656.34,657.34,1313.69,658,657,0.00,0.00,0,0
1544346756,1004-eth2,0.00,0.00,0.00,0,0,0.00,0.00,0.00,0,0,0.00,0.00,0,0
1544346756,2004-eth4,184881.12,751806.19,936687.31,752558,185066,280.72,322.68,603.40,323,281,0.00,0.00,0,0
1544346756,1001-eth2,7598.40,7538.46,15136.86,7546,7606,77.92,76.92,154.85,77,78,0.00,0.00,0,0
1544346756,1003-eth3,373340.66,465794.22,839134.88,466260,373714,352.65,353.65,706.29,354,353,0.00,0.00,0,0
1544346756,2002-eth4,1224044.00,1218331.75,2442375.75,1219550,1225268,1050.95,750.25,1801.20,751,1052,0.00,0.00,0,0
1544346756,1001-eth4,59.94,59.94,119.88,60,60,1.00,1.00,2.00,1,1,0.00,0.00,0,0
1544346756,3001-eth2,1220653.38,856991.06,2077644.38,857848,1221874,895.10,579.42,1474.53,580,896,0.00,0.00,0,0
1544346756,1004-eth1,0.00,0.00,0.00,0,0,0.00,0.00,0.00,0,0,0.00,0.00,0,0
1544346756,3005-eth4,1174209.88,472397.62,1646607.38,472870,1175384,542.46,538.46,1080.92,539,543,0.00,0.00,0,0
1544346756,1003-eth2,457232.78,368729.28,825962.06,369098,457690,308.69,304.70,613.39,305,309,0.00,0.00,0,0
1544346756,3008-eth1,0.00,59.94,59.94,60,0,0.00,1.00,1.00,1,0,0.00,0.00,0,0
1544346756,1002-eth3,11454.55,11514.49,22969.03,11526,11466,116.88,117.88,234.77,118,117,0.00,0.00,0,0
1544346756,2006-eth1,465794.22,373340.66,839134.88,373714,466260,353.65,352.65,706.29,353,354,0.00,0.00,0,0
1544346756,3003-eth1,9654.35,9594.41,19248.75,9604,9664,98.90,97.90,196.80,98,99,0.00,0.00,0,0
1544346756,2001-eth3,9202.80,9202.80,18405.60,9212,9212,93.91,93.91,187.81,94,94,0.00,0.00,0,0
1544346756,2008-eth2,0.00,0.00,0.00,0,0,0.00,0.00,0.00,0,0,0.00,0.00,0,0
1544346756,2008-eth3,1209702.38,875816.19,2085518.50,876692,1210912,663.34,689.31,1352.65,690,664,0.00,0.00,0,0
1544346756,1001-eth3,3878.12,3878.12,7756.24,3882,3882,39.96,39.96,79.92,40,40,0.00,0.00,0,0
1544346756,2007-eth4,59.94,0.00,59.94,0,60,1.00,0.00,1.00,0,1,0.00,0.00,0,0
1544346756,2004-eth2,0.00,0.00,0.00,0,0,0.00,0.00,0.00,0,0,0.00,0.00,0,0
1544346756,3002-eth1,9692.31,9692.31,19384.62,9702,9702,98.90,98.90,197.80,99,99,0.00,0.00,0,0
1544346756,3004-eth1,9692.31,9752.25,19444.56,9762,9702,98.90,99.90,198.80,100,99,0.00,0.00,0,0
1544346756,2006-eth3,1229636.38,498935.09,1728571.50,499434,1230866,724.28,741.26,1465.53,742,725,0.00,0.00,0,0
1544346756,3004-eth2,751806.19,184881.12,936687.31,185066,752558,322.68,280.72,603.40,281,323,0.00,0.00,0,0
1544346756,3001-eth3,18301.70,518421.59,536723.31,518940,18320,231.77,269.73,501.50,270,232,0.00,0.00,0,0
1544346756,2003-eth4,9752.25,9692.31,19444.56,9702,9762,99.90,98.90,198.80,99,100,0.00,0.00,0,0
1544346756,2008-eth4,1214519.50,1219856.12,2434375.75,1221076,1215734,758.24,817.18,1575.42,818,759,0.00,0.00,0,0
1544346756,3008-eth3,511496.53,813108.94,1324605.38,813922,512008,407.59,440.56,848.15,441,408,0.00,0.00,0,0
1544346756,2005-eth2,11514.49,11454.55,22969.03,11466,11526,117.88,116.88,234.77,117,118,0.00,0.00,0,0
1544346756,2006-eth4,33080.92,583610.38,616691.31,584194,33114,386.61,316.68,703.30,317,387,0.00,0.00,0,0
1544346756,3006-eth2,583610.38,33080.92,616691.31,33114,584194,316.68,386.61,703.30,387,317,0.00,0.00,0,0
1544346756,1003-eth4,356729.28,10219.78,366949.06,10230,357086,122.88,154.85,277.72,155,123,0.00,0.00,0,0
1544346756,2006-eth2,0.00,0.00,0.00,0,0,0.00,0.00,0.00,0,0,0.00,0.00,0,0
1544346756,3001-eth1,9202.80,9202.80,18405.60,9212,9212,93.91,93.91,187.81,94,94,0.00,0.00,0,0
1544346756,3008-eth2,1219856.12,1214519.50,2434375.75,1215734,1221076,817.18,758.24,1575.42,759,818,0.00,0.00,0,0
1544346756,2004-eth3,1221984.00,553670.38,1775654.38,554224,1223206,586.41,586.41,1172.83,587,587,0.00,0.00,0,0
1544346756,3001-eth4,847892.12,422737.28,1270629.38,423160,848740,441.56,443.56,885.11,444,442,0.00,0.00,0,0
1544346756,1003-eth1,18781.22,361400.59,380181.84,361762,18800,199.80,171.83,371.63,172,200,0.00,0.00,0,0
1544346756,3002-eth2,1218331.75,1224044.00,2442375.75,1225268,1219550,750.25,1050.95,1801.20,1052,751,0.00,0.00,0,0
1544346756,2005-eth4,15272.73,15272.73,30545.46,15288,15288,155.84,155.84,311.69,156,156,0.00,0.00,0,0
1544346756,3003-eth2,553670.38,1221984.00,1775654.38,1223206,554224,586.41,586.41,1172.83,587,587,0.00,0.00,0,0
1544346756,2007-eth1,59.94,59.94,119.88,60,60,1.00,1.00,2.00,1,1,0.00,0.00,0,0
1544346756,1002-eth4,0.00,0.00,0.00,0,0,0.00,0.00,0.00,0,0,0.00,0.00,0,0
1544346756,3002-eth4,1208361.62,1098527.50,2306889.25,1099626,1209570,884.12,732.27,1616.38,733,885,0.00,0.00,0,0
1544346756,2007-eth3,0.00,0.00,0.00,0,0,0.00,0.00,0.00,0,0,0.00,0.00,0,0
1544346756,3005-eth1,59.94,0.00,59.94,0,60,1.00,0.00,1.00,0,1,0.00,0.00,0,0
1544346756,2001-eth4,9692.31,9692.31,19384.62,9702,9702,98.90,98.90,197.80,99,99,0.00,0.00,0,0
1544346756,3003-eth4,13148.85,180035.97,193184.83,180216,13162,151.85,159.84,311.69,160,152,0.00,0.00,0,0
1544346756,2004-eth1,368729.28,457232.78,825962.06,457690,369098,304.70,308.69,613.39,309,305,0.00,0.00,0,0
1544346756,3006-eth4,10229.77,28895.11,39124.88,28924,10240,105.89,105.89,211.79,106,106,0.00,0.00,0,0
1544346756,3007-eth1,0.00,0.00,0.00,0,0,0.00,0.00,0.00,0,0,0.00,0.00,0,0
1544346756,2008-eth1,10219.78,356729.28,366949.06,357086,10230,154.85,122.88,277.72,123,155,0.00,0.00,0,0
1544346756,2002-eth2,0.00,0.00,0.00,0,0,0.00,0.00,0.00,0,0,0.00,0.00,0,0
1544346756,2003-eth1,7538.46,7598.40,15136.86,7606,7546,76.92,77.92,154.85,78,77,0.00,0.00,0,0
1544346756,3008-eth4,703023.00,403062.94,1106086.00,403466,703726,350.65,364.64,715.28,365,351,0.00,0.00,0,0
1544346756,1004-eth4,0.00,0.00,0.00,0,0,0.00,0.00,0.00,0,0,0.00,0.00,0,0
1544346756,3006-eth1,15272.73,15272.73,30545.46,15288,15288,155.84,155.84,311.69,156,156,0.00,0.00,0,0
1544346756,1004-eth3,0.00,0.00,0.00,0,0,0.00,0.00,0.00,0,0,0.00,0.00,0,0
1544346756,1002-eth2,7832.17,7832.17,15664.34,7840,7840,79.92,79.92,159.84,80,80,0.00,0.00,0,0
1544346756,3004-eth3,31780.22,1051802.25,1083582.50,1052854,31812,433.57,458.54,892.11,459,434,0.00,0.00,0,0
1544346756,2003-eth3,9594.41,9654.35,19248.75,9664,9604,97.90,98.90,196.80,99,98,0.00,0.00,0,0
1544346756,2005-eth1,3878.12,3878.12,7756.24,3882,3882,39.96,39.96,79.92,40,40,0.00,0.00,0,0
1544346756,3002-eth3,25374.63,247148.86,272523.47,247396,25400,265.73,233.77,499.50,234,266,0.00,0.00,0,0
1544346756,3006-eth3,41648.35,573512.50,615160.88,574086,41690,472.53,402.60,875.12,403,473,0.00,0.00,0,0
1544346756,2001-eth1,3780.22,3780.22,7560.44,3784,3784,38.96,38.96,77.92,39,39,0.00,0.00,0,0
1544346756,3005-eth2,498935.09,1229636.38,1728571.50,1230866,499434,741.26,724.28,1465.53,725,742,0.00,0.00,0,0
1544346756,2001-eth2,11454.55,11454.55,22909.09,11466,11466,116.88,116.88,233.77,117,117,0.00,0.00,0,0
1544346756,3007-eth2,875816.19,1209702.38,2085518.50,1210912,876692,689.31,663.34,1352.65,664,690,0.00,0.00,0,0
1544346756,1001-eth1,3780.22,3780.22,7560.44,3784,3784,38.96,38.96,77.92,39,39,0.00,0.00,0,0
1544346756,3007-eth4,1008014.00,587132.88,1595146.88,587720,1009022,522.48,523.48,1045.95,524,523,0.00,0.00,0,0
1544346756,2003-eth2,7832.17,7832.17,15664.34,7840,7840,79.92,79.92,159.84,80,80,0.00,0.00,0,0
1544346756,3007-eth3,201688.31,288683.31,490371.66,288972,201890,140.86,165.83,306.69,166,141,0.00,0.00,0,0
1544346756,1002-eth1,11454.55,11454.55,22909.09,11466,11466,116.88,116.88,233.77,117,117,0.00,0.00,0,0
1544346756,2002-eth3,856991.06,1220653.38,2077644.38,1221874,857848,579.42,895.10,1474.53,896,580,0.00,0.00,0,0
1544346756,2007-eth2,0.00,0.00,0.00,0,0,0.00,0.00,0.00,0,0,0.00,0.00,0,0
1544346756,total,26238374.00,25830472.00,52068844.00,25856302,26264612,21563.44,21461.54,43024.98,21483,21585,0.00,0.00,0,0
1544346757,3003-eth3,1218101.88,507382.62,1725484.50,507890,1219320,571.43,564.44,1135.86,565,572,0.00,0.00,0,0
1544346757,2002-eth1,207800.20,19498.50,227298.70,19518,208008,123.88,207.79,331.67,208,124,0.00,0.00,0,0
1544346757,lo,6803.20,6803.20,13606.39,6810,6810,66.93,66.93,133.87,67,67,0.00,0.00,0,0
1544346757,3005-eth3,1233091.00,1226367.62,2459458.50,1227594,1234324,952.05,980.02,1932.07,981,953,0.00,0.00,0,0
1544346757,2005-eth3,0.00,0.00,0.00,0,0,0.00,0.00,0.00,0,0,0.00,0.00,0,0
1544346757,3004-eth4,1222981.00,726591.44,1949572.50,727318,1224204,645.35,642.36,1287.71,643,646,0.00,0.00,0,0
1544346757,1004-eth2,59.94,0.00,59.94,0,60,1.00,0.00,1.00,0,1,0.00,0.00,0,0
1544346757,2004-eth4,229534.47,704131.88,933666.38,704836,229764,321.68,301.70,623.38,302,322,0.00,0.00,0,0
1544346757,1001-eth2,7734.27,7734.27,15468.53,7742,7742,78.92,78.92,157.84,79,79,0.00,0.00,0,0
1544346757,1003-eth3,217690.31,774389.62,992079.94,775164,217908,273.73,467.53,741.26,468,274,0.00,0.00,0,0
1544346757,2002-eth4,1226979.00,1228004.00,2454983.00,1229232,1228206,968.03,787.21,1755.24,788,969,0.00,0.00,0,0
1544346757,1001-eth4,0.00,0.00,0.00,0,0,0.00,0.00,0.00,0,0,0.00,0.00,0,0
1544346757,3001-eth2,1223854.12,1020203.81,2244058.00,1021224,1225078,746.25,663.34,1409.59,664,747,0.00,0.00,0,0
1544346757,1004-eth1,59.94,0.00,59.94,0,60,1.00,0.00,1.00,0,1,0.00,0.00,0,0
1544346757,3005-eth4,1187670.38,780401.62,1968072.00,781182,1188858,636.36,646.35,1282.72,647,637,0.00,0.00,0,0
1544346757,1003-eth2,766489.56,490965.06,1257454.62,491456,767256,435.56,315.68,751.25,316,436,0.00,0.00,0,0
1544346757,3008-eth1,0.00,0.00,0.00,0,0,0.00,0.00,0.00,0,0,0.00,0.00,0,0
1544346757,1002-eth3,11514.49,11454.55,22969.03,11466,11526,117.88,116.88,234.77,117,118,0.00,0.00,0,0
1544346757,2006-eth1,774389.62,217690.31,992079.94,217908,775164,467.53,273.73,741.26,274,468,0.00,0.00,0,0
1544346757,3003-eth1,9692.31,9692.31,19384.62,9702,9702,98.90,98.90,197.80,99,99,0.00,0.00,0,0
1544346757,2001-eth3,9682.63,9682.63,19365.27,9702,9702,98.80,98.80,197.60,99,99,0.00,0.00,0,0
1544346757,2008-eth2,0.00,59.88,59.88,60,0,0.00,1.00,1.00,1,0,0.00,0.00,0,0
1544346757,2008-eth3,1210075.88,971762.50,2181838.50,973706,1212496,686.63,710.58,1397.21,712,688,0.00,0.00,0,0
1544346757,1001-eth3,3818.18,3818.18,7636.36,3822,3822,38.96,38.96,77.92,39,39,0.00,0.00,0,0
1544346757,2007-eth4,0.00,0.00,0.00,0,0,0.00,0.00,0.00,0,0,0.00,0.00,0,0
1544346757,2004-eth2,0.00,59.94,59.94,60,0,0.00,1.00,1.00,1,0,0.00,0.00,0,0
1544346757,3002-eth1,9752.25,9692.31,19444.56,9702,9762,99.90,98.90,198.80,99,100,0.00,0.00,0,0
1544346757,3004-eth1,9692.31,9692.31,19384.62,9702,9702,98.90,98.90,197.80,99,99,0.00,0.00,0,0
1544346757,2006-eth3,1238277.75,808851.19,2047128.88,809660,1239516,877.12,835.16,1712.29,836,878,0.00,0.00,0,0
1544346757,3004-eth2,704131.88,229534.47,933666.38,229764,704836,301.70,321.68,623.38,322,302,0.00,0.00,0,0
1544346757,3001-eth3,22219.78,661011.00,683230.81,661672,22242,288.71,323.68,612.39,324,289,0.00,0.00,0,0
1544346757,2003-eth4,9692.31,9692.31,19384.62,9702,9702,98.90,98.90,197.80,99,99,0.00,0.00,0,0
1544346757,2008-eth4,1222489.50,1222823.25,2445312.75,1224046,1223712,835.16,862.14,1697.30,863,836,0.00,0.00,0,0
1544346757,3008-eth3,597588.44,1072325.75,1669914.12,1073398,598186,528.47,554.45,1082.92,555,529,0.00,0.00,0,0
1544346757,2005-eth2,11454.55,11514.49,22969.03,11526,11466,116.88,117.88,234.77,118,117,0.00,0.00,0,0
1544346757,2006-eth4,34461.54,719792.25,754253.75,720512,34496,367.63,363.64,731.27,364,368,0.00,0.00,0,0
1544346757,3006-eth2,719792.25,34461.54,754253.75,34496,720512,363.64,367.63,731.27,368,364,0.00,0.00,0,0
1544346757,1003-eth4,481074.94,11538.46,492613.41,11550,481556,165.83,174.83,340.66,175,166,0.00,0.00,0,0
1544346757,2006-eth2,0.00,59.94,59.94,60,0,0.00,1.00,1.00,1,0,0.00,0.00,0,0
1544346757,3001-eth1,9692.31,9692.31,19384.62,9702,9702,98.90,98.90,197.80,99,99,0.00,0.00,0,0
1544346757,3008-eth2,1222823.25,1222489.50,2445312.75,1223712,1224046,862.14,835.16,1697.30,836,863,0.00,0.00,0,0
1544346757,2004-eth3,1222711.38,720499.50,1943210.88,721220,1223934,641.36,637.36,1278.72,638,642,0.00,0.00,0,0
1544346757,3001-eth4,1007676.38,490931.09,1498607.38,491422,1008684,473.53,490.51,964.04,491,474,0.00,0.00,0,0
1544346757,1003-eth1,19498.50,207800.20,227298.70,208008,19518,207.79,123.88,331.67,124,208,0.00,0.00,0,0
1544346757,3002-eth2,1228004.00,1226979.00,2454983.00,1228206,1229232,787.21,968.03,1755.24,969,788,0.00,0.00,0,0
1544346757,2005-eth4,15272.73,15272.73,30545.46,15288,15288,155.84,155.84,311.69,156,156,0.00,0.00,0,0
1544346757,3003-eth2,720499.50,1222711.38,1943210.88,1223934,721220,637.36,641.36,1278.72,642,638,0.00,0.00,0,0
1544346757,2007-eth1,0.00,0.00,0.00,0,0,0.00,0.00,0.00,0,0,0.00,0.00,0,0
1544346757,1002-eth4,59.94,0.00,59.94,0,60,1.00,0.00,1.00,0,1,0.00,0.00,0,0
1544346757,3002-eth4,1207478.50,1224323.75,2431802.25,1225548,1208686,761.24,797.20,1558.44,798,762,0.00,0.00,0,0
1544346757,2007-eth3,0.00,59.94,59.94,60,0,0.00,1.00,1.00,1,0,0.00,0.00,0,0
1544346757,3005-eth1,0.00,0.00,0.00,0,0,0.00,0.00,0.00,0,0,0.00,0.00,0,0
1544346757,2001-eth4,9692.31,9752.25,19444.56,9762,9702,98.90,99.90,198.80,100,99,0.00,0.00,0,0
1544346757,3003-eth4,14175.82,222809.20,236985.02,223032,14190,166.83,171.83,338.66,172,167,0.00,0.00,0,0
1544346757,2004-eth1,490965.06,766489.56,1257454.62,767256,491456,315.68,435.56,751.25,436,316,0.00,0.00,0,0
1544346757,3006-eth4,13250.75,100703.30,113954.05,100804,13264,137.86,141.86,279.72,142,138,0.00,0.00,0,0
1544346757,3007-eth1,59.94,0.00,59.94,0,60,1.00,0.00,1.00,0,1,0.00,0.00,0,0
1544346757,2008-eth1,11538.46,481074.94,492613.41,481556,11550,174.83,165.83,340.66,166,175,0.00,0.00,0,0
1544346757,2002-eth2,0.00,59.88,59.88,60,0,0.00,1.00,1.00,1,0,0.00,0.00,0,0
1544346757,2003-eth1,7726.55,7726.55,15453.09,7742,7742,78.84,78.84,157.68,79,79,0.00,0.00,0,0
1544346757,3008-eth4,624277.44,307732.53,932010.00,308348,625526,306.39,305.39,611.78,306,307,0.00,0.00,0,0
1544346757,1004-eth4,59.88,0.00,59.88,0,60,1.00,0.00,1.00,0,1,0.00,0.00,0,0
1544346757,3006-eth1,15257.49,15257.49,30514.97,15288,15288,155.69,155.69,311.38,156,156,0.00,0.00,0,0
1544346757,1004-eth3,59.94,0.00,59.94,0,60,1.00,0.00,1.00,0,1,0.00,0.00,0,0
1544346757,1002-eth2,7794.21,7734.27,15528.47,7742,7802,79.92,78.92,158.84,79,80,0.00,0.00,0,0
1544346757,3004-eth3,32211.79,1059208.88,1091420.62,1060268,32244,440.56,461.54,902.10,462,441,0.00,0.00,0,0
1544346757,2003-eth3,9692.31,9692.31,19384.62,9702,9702,98.90,98.90,197.80,99,99,0.00,0.00,0,0
1544346757,2005-eth1,3818.18,3818.18,7636.36,3822,3822,38.96,38.96,77.92,39,39,0.00,0.00,0,0
1544346757,3002-eth3,29378.62,407596.41,436975.03,408004,29408,308.69,297.70,606.39,298,309,0.00,0.00,0,0
1544346757,3006-eth3,40399.60,638277.75,678677.31,638916,40440,425.57,417.58,843.16,418,426,0.00,0.00,0,0
1544346757,2001-eth1,3916.08,3916.08,7832.17,3920,3920,39.96,39.96,79.92,40,40,0.00,0.00,0,0
1544346757,3005-eth2,808851.19,1238277.75,2047128.88,1239516,809660,835.16,877.12,1712.29,878,836,0.00,0.00,0,0
1544346757,2001-eth2,11552.45,11612.39,23164.84,11624,11564,117.88,118.88,236.76,119,118,0.00,0.00,0,0
1544346757,3007-eth2,972733.31,1211284.75,2184018.00,1212496,973706,711.29,687.31,1398.60,688,712,0.00,0.00,0,0
1544346757,1001-eth1,3916.08,3916.08,7832.17,3920,3920,39.96,39.96,79.92,40,40,0.00,0.00,0,0
1544346757,3007-eth4,1013926.12,603506.50,1617432.62,604110,1014940,524.48,530.47,1054.95,531,525,0.00,0.00,0,0
1544346757,2003-eth2,7734.27,7794.21,15528.47,7802,7742,78.92,79.92,158.84,80,79,0.00,0.00,0,0
1544346757,3007-eth3,197478.53,409938.06,607416.62,410348,197676,164.84,205.79,370.63,206,165,0.00,0.00,0,0
1544346757,1002-eth1,11612.39,11552.45,23164.84,11564,11624,118.88,117.88,236.76,118,119,0.00,0.00,0,0
1544346757,2002-eth3,1020203.81,1223854.12,2244058.00,1225078,1021224,663.34,746.25,1409.59,747,664,0.00,0.00,0,0
1544346757,2007-eth2,0.00,59.94,59.94,60,0,0.00,1.00,1.00,1,0,0.00,0.00,0,0
1544346757,total,27846514.00,28623400.00,56469916.00,28652022,27874360,22226.77,22425.58,44652.35,22448,22249,0.00,0.00,0,0
1544346758,3003-eth3,1218365.62,523690.31,1742056.00,524214,1219584,575.42,570.43,1145.85,571,576,0.00,0.00,0,0
1544346758,2002-eth1,287364.66,15776.22,303140.88,15792,287652,145.85,167.83,313.69,168,146,0.00,0.00,0,0
1544346758,lo,8139.86,8139.86,16279.72,8148,8148,78.92,78.92,157.84,79,79,0.00,0.00,0,0
1544346758,3005-eth3,1236068.00,1219218.88,2455286.75,1220438,1237304,1018.98,1039.96,2058.94,1041,1020,0.00,0.00,0,0
1544346758,2005-eth3,0.00,0.00,0.00,0,0,0.00,0.00,0.00,0,0,0.00,0.00,0,0
1544346758,3004-eth4,1222367.62,791624.38,2013992.12,792416,1223590,658.34,663.34,1321.68,664,659,0.00,0.00,0,0
1544346758,1004-eth2,0.00,0.00,0.00,0,0,0.00,0.00,0.00,0,0,0.00,0.00,0,0
1544346758,2004-eth4,174289.72,769752.25,944042.00,770522,174464,251.75,331.67,583.42,332,252,0.00,0.00,0,0
1544346758,1001-eth2,7538.46,7598.40,15136.86,7606,7546,76.92,77.92,154.85,78,77,0.00,0.00,0,0
1544346758,1003-eth3,300809.19,687868.12,988677.38,688556,301110,349.65,400.60,750.25,401,350,0.00,0.00,0,0
1544346758,2002-eth4,1222689.38,1224507.50,2447196.75,1225732,1223912,957.04,756.24,1713.29,757,958,0.00,0.00,0,0
1544346758,1001-eth4,0.00,0.00,0.00,0,0,0.00,0.00,0.00,0,0,0.00,0.00,0,0
1544346758,3001-eth2,1223136.88,937082.94,2160219.75,938020,1224360,779.22,609.39,1388.61,610,780,0.00,0.00,0,0
1544346758,1004-eth1,0.00,0.00,0.00,0,0,0.00,0.00,0.00,0,0,0.00,0.00,0,0
1544346758,3005-eth4,1172211.88,697218.81,1869430.62,697916,1173384,599.40,613.39,1212.79,614,600,0.00,0.00,0,0
1544346758,1003-eth2,679410.62,510767.25,1190177.88,511278,680090,343.66,374.63,718.28,375,344,0.00,0.00,0,0
1544346758,3008-eth1,0.00,0.00,0.00,0,0,0.00,0.00,0.00,0,0,0.00,0.00,0,0
1544346758,1002-eth3,11356.64,11356.64,22713.29,11368,11368,115.88,115.88,231.77,116,116,0.00,0.00,0,0
1544346758,2006-eth1,687868.12,300809.19,988677.38,301110,688556,400.60,349.65,750.25,350,401,0.00,0.00,0,0
1544346758,3003-eth1,9300.70,9262.74,18563.44,9272,9310,94.91,94.91,189.81,95,95,0.00,0.00,0,0
1544346758,2001-eth3,9850.15,9790.21,19640.36,9800,9860,100.90,99.90,200.80,100,101,0.00,0.00,0,0
1544346758,2008-eth2,59.94,0.00,59.94,0,60,1.00,0.00,1.00,0,1,0.00,0.00,0,0
1544346758,2008-eth3,1214485.50,686371.62,1900857.25,687058,1215700,604.40,624.38,1228.77,625,605,0.00,0.00,0,0
1544346758,1001-eth3,3818.18,3818.18,7636.36,3822,3822,38.96,38.96,77.92,39,39,0.00,0.00,0,0
1544346758,2007-eth4,0.00,0.00,0.00,0,0,0.00,0.00,0.00,0,0,0.00,0.00,0,0
1544346758,2004-eth2,0.00,0.00,0.00,0,0,0.00,0.00,0.00,0,0,0.00,0.00,0,0
1544346758,3002-eth1,9398.60,9398.60,18797.20,9408,9408,95.90,95.90,191.81,96,96,0.00,0.00,0,0
1544346758,3004-eth1,9752.25,9790.21,19542.46,9800,9762,99.90,99.90,199.80,100,100,0.00,0.00,0,0
1544346758,2006-eth3,1223600.38,732225.81,1955826.25,732958,1224824,830.17,872.13,1702.30,873,831,0.00,0.00,0,0
1544346758,3004-eth2,769752.25,174289.72,944042.00,174464,770522,331.67,251.75,583.42,252,332,0.00,0.00,0,0
1544346758,3001-eth3,21856.14,624087.94,645944.06,624712,21878,282.72,311.69,594.41,312,283,0.00,0.00,0,0
1544346758,2003-eth4,9790.21,9752.25,19542.46,9762,9800,99.90,99.90,199.80,100,100,0.00,0.00,0,0
1544346758,2008-eth4,1222074.00,1221744.25,2443818.25,1222966,1223296,719.28,714.29,1433.57,715,720,0.00,0.00,0,0
1544346758,3008-eth3,434829.19,904637.38,1339466.62,905542,435264,407.59,446.55,854.15,447,408,0.00,0.00,0,0
1544346758,2005-eth2,11356.64,11356.64,22713.29,11368,11368,115.88,115.88,231.77,116,116,0.00,0.00,0,0
1544346758,2006-eth4,44477.52,927460.56,971938.06,928388,44522,473.53,485.51,959.04,486,474,0.00,0.00,0,0
1544346758,3006-eth2,927460.56,44477.52,971938.06,44522,928388,485.51,473.53,959.04,474,486,0.00,0.00,0,0
1544346758,1003-eth4,497442.56,7378.62,504821.19,7386,497940,172.83,111.89,284.72,112,173,0.00,0.00,0,0
1544346758,2006-eth2,59.94,0.00,59.94,0,60,1.00,0.00,1.00,0,1,0.00,0.00,0,0
1544346758,3001-eth1,9790.21,9850.15,19640.36,9860,9800,99.90,100.90,200.80,101,100,0.00,0.00,0,0
1544346758,3008-eth2,1221744.25,1222074.00,2443818.25,1223296,1222966,714.29,719.28,1433.57,720,715,0.00,0.00,0,0
1544346758,2004-eth3,1224687.38,685056.94,1909744.25,685742,1225912,627.37,626.37,1253.75,627,628,0.00,0.00,0,0
1544346758,3001-eth4,925017.00,397486.53,1322503.50,397884,925942,426.57,433.57,860.14,434,427,0.00,0.00,0,0
1544346758,1003-eth1,15776.22,287364.66,303140.88,287652,15792,167.83,145.85,313.69,146,168,0.00,0.00,0,0
1544346758,3002-eth2,1224507.50,1222689.38,2447196.75,1223912,1225732,756.24,957.04,1713.29,958,757,0.00,0.00,0,0
1544346758,2005-eth4,15174.83,15234.77,30409.59,15250,15190,154.85,155.84,310.69,156,155,0.00,0.00,0,0
1544346758,3003-eth2,685056.94,1224687.38,1909744.25,1225912,685742,626.37,627.37,1253.75,628,627,0.00,0.00,0,0
1544346758,2007-eth1,0.00,0.00,0.00,0,0,0.00,0.00,0.00,0,0,0.00,0.00,0,0
1544346758,1002-eth4,0.00,59.94,59.94,60,0,0.00,1.00,1.00,1,0,0.00,0.00,0,0
1544346758,3002-eth4,1205316.75,1221760.25,2427077.00,1222982,1206522,772.23,802.20,1574.43,803,773,0.00,0.00,0,0
1544346758,2007-eth3,59.94,0.00,59.94,0,60,1.00,0.00,1.00,0,1,0.00,0.00,0,0
1544346758,3005-eth1,0.00,0.00,0.00,0,0,0.00,0.00,0.00,0,0,0.00,0.00,0,0
1544346758,2001-eth4,9398.60,9398.60,18797.20,9408,9408,95.90,95.90,191.81,96,96,0.00,0.00,0,0
1544346758,3003-eth4,12631.37,170667.34,183298.70,170838,12644,145.85,150.85,296.70,151,146,0.00,0.00,0,0
1544346758,2004-eth1,510767.25,679410.62,1190177.88,680090,511278,374.63,343.66,718.28,344,375,0.00,0.00,0,0
1544346758,3006-eth4,13440.56,102347.66,115788.22,102450,13454,138.86,144.86,283.72,145,139,0.00,0.00,0,0
1544346758,3007-eth1,0.00,59.94,59.94,60,0,0.00,1.00,1.00,1,0,0.00,0.00,0,0
1544346758,2008-eth1,7378.62,497442.56,504821.19,497940,7386,111.89,172.83,284.72,173,112,0.00,0.00,0,0
1544346758,2002-eth2,0.00,0.00,0.00,0,0,0.00,0.00,0.00,0,0,0.00,0.00,0,0
1544346758,2003-eth1,7598.40,7538.46,15136.86,7546,7606,77.92,76.92,154.85,77,78,0.00,0.00,0,0
1544346758,3008-eth4,787244.75,145828.17,933072.94,145974,788032,311.69,302.70,614.39,303,312,0.00,0.00,0,0
1544346758,1004-eth4,0.00,59.94,59.94,60,0,0.00,1.00,1.00,1,0,0.00,0.00,0,0
1544346758,3006-eth1,15234.77,15174.83,30409.59,15190,15250,155.84,154.85,310.69,155,156,0.00,0.00,0,0
1544346758,1004-eth3,0.00,59.94,59.94,60,0,0.00,1.00,1.00,1,0,0.00,0.00,0,0
1544346758,1002-eth2,7636.36,7696.30,15332.67,7704,7644,77.92,78.92,156.84,79,78,0.00,0.00,0,0
1544346758,3004-eth3,31722.28,1025212.81,1056935.12,1026238,31754,432.57,450.55,883.12,451,433,0.00,0.00,0,0
1544346758,2003-eth3,9262.74,9300.70,18563.44,9310,9272,94.91,94.91,189.81,95,95,0.00,0.00,0,0
1544346758,2005-eth1,3818.18,3818.18,7636.36,3822,3822,38.96,38.96,77.92,39,39,0.00,0.00,0,0
1544346758,3002-eth3,26771.23,357394.62,384165.84,357752,26798,280.72,283.72,564.44,284,281,0.00,0.00,0,0
1544346758,3006-eth3,50067.93,844203.81,894271.75,845048,50118,528.47,535.46,1063.94,536,529,0.00,0.00,0,0
1544346758,2001-eth1,3720.28,3720.28,7440.56,3724,3724,37.96,37.96,75.92,38,38,0.00,0.00,0,0
1544346758,3005-eth2,732225.81,1223600.38,1955826.25,1224824,732958,872.13,830.17,1702.30,831,873,0.00,0.00,0,0
1544346758,2001-eth2,11552.45,11552.45,23104.90,11564,11564,117.88,117.88,235.76,118,118,0.00,0.00,0,0
1544346758,3007-eth2,686371.62,1214485.50,1900857.25,1215700,687058,624.38,604.40,1228.77,605,625,0.00,0.00,0,0
1544346758,1001-eth1,3720.28,3720.28,7440.56,3724,3724,37.96,37.96,75.92,38,38,0.00,0.00,0,0
1544346758,3007-eth4,786535.50,416679.34,1203214.88,417096,787322,388.61,395.60,784.22,396,389,0.00,0.00,0,0
1544346758,2003-eth2,7696.30,7636.36,15332.67,7644,7704,78.92,77.92,156.84,78,79,0.00,0.00,0,0
1544346758,3007-eth3,427890.12,290801.22,718691.31,291092,428318,214.79,241.76,456.54,242,215,0.00,0.00,0,0
1544346758,1002-eth1,11552.45,11552.45,23104.90,11564,11564,117.88,117.88,235.76,118,118,0.00,0.00,0,0
1544346758,2002-eth3,937082.94,1223136.88,2160219.75,1224360,938020,609.39,779.22,1388.61,780,610,0.00,0.00,0,0
1544346758,2007-eth2,59.94,0.00,59.94,0,60,1.00,0.00,1.00,0,1,0.00,0.00,0,0
1544346758,total,27499494.00,27660016.00,55159508.00,27687676,27526992,21621.38,21825.18,43446.55,21847,21643,0.00,0.00,0,0
1544346759,3003-eth3,1214669.38,286835.19,1501504.50,287122,1215884,497.50,488.51,986.01,489,498,0.00,0.00,0,0
1544346759,2002-eth1,315508.50,13428.57,328937.06,13442,315824,155.84,142.86,298.70,143,156,0.00,0.00,0,0
1544346759,lo,64527.47,64527.47,129054.95,64592,64592,291.71,291.71,583.42,292,292,0.00,0.00,0,0
1544346759,3005-eth3,1229556.50,1217478.50,2447035.00,1218696,1230786,1007.99,1028.97,2036.96,1030,1009,0.00,0.00,0,0
1544346759,2005-eth3,41.96,41.96,83.92,42,42,1.00,1.00,2.00,1,1,0.00,0.00,0,0
1544346759,3004-eth4,1215516.50,689438.56,1904955.12,690128,1216732,620.38,627.37,1247.75,628,621,0.00,0.00,0,0
1544346759,1004-eth2,0.00,59.94,59.94,60,0,0.00,1.00,1.00,1,0,0.00,0.00,0,0
1544346759,2004-eth4,179876.12,666979.06,846855.19,667646,180056,270.73,286.71,557.44,287,271,0.00,0.00,0,0
1544346759,1001-eth2,7832.17,7832.17,15664.34,7840,7840,79.92,79.92,159.84,80,80,0.00,0.00,0,0
1544346759,1003-eth3,327772.25,670665.38,998437.56,671336,328100,341.66,369.63,711.29,370,342,0.00,0.00,0,0
1544346759,2002-eth4,1214783.25,1218665.38,2433448.50,1219884,1215998,917.08,777.22,1694.31,778,918,0.00,0.00,0,0
1544346759,1001-eth4,0.00,0.00,0.00,0,0,0.00,0.00,0.00,0,0,0.00,0.00,0,0
1544346759,3001-eth2,1176801.25,903216.81,2080018.00,904120,1177978,727.27,622.38,1349.65,623,728,0.00,0.00,0,0
1544346759,1004-eth1,0.00,59.94,59.94,60,0,0.00,1.00,1.00,1,0,0.00,0.00,0,0
1544346759,3005-eth4,1176090.00,682687.31,1858777.25,683370,1177266,592.41,612.39,1204.80,613,593,0.00,0.00,0,0
1544346759,1003-eth2,668115.88,272851.16,940967.06,273124,668784,391.61,276.72,668.33,277,392,0.00,0.00,0,0
1544346759,3008-eth1,59.94,0.00,59.94,0,60,1.00,0.00,1.00,0,1,0.00,0.00,0,0
1544346759,1002-eth3,11552.45,11552.45,23104.90,11564,11564,117.88,117.88,235.76,118,118,0.00,0.00,0,0
1544346759,2006-eth1,670665.38,327772.25,998437.56,328100,671336,369.63,341.66,711.29,342,370,0.00,0.00,0,0
1544346759,3003-eth1,9734.27,9832.17,19566.43,9842,9744,99.90,100.90,200.80,101,100,0.00,0.00,0,0
1544346759,2001-eth3,9594.41,9654.35,19248.75,9664,9604,97.90,98.90,196.80,99,98,0.00,0.00,0,0
1544346759,2008-eth2,0.00,0.00,0.00,0,0,0.00,0.00,0.00,0,0,0.00,0.00,0,0
1544346759,2008-eth3,1204769.25,990761.25,2195530.50,991752,1205974,654.35,743.26,1397.60,744,655,0.00,0.00,0,0
1544346759,1001-eth3,3916.08,3916.08,7832.17,3920,3920,39.96,39.96,79.92,40,40,0.00,0.00,0,0
1544346759,2007-eth4,0.00,59.94,59.94,60,0,0.00,1.00,1.00,1,0,0.00,0.00,0,0
1544346759,2004-eth2,59.94,0.00,59.94,0,60,1.00,0.00,1.00,0,1,0.00,0.00,0,0
1544346759,3002-eth1,9594.41,9654.35,19248.75,9664,9604,97.90,98.90,196.80,99,98,0.00,0.00,0,0
1544346759,3004-eth1,9832.17,9734.27,19566.43,9744,9842,100.90,99.90,200.80,100,101,0.00,0.00,0,0
1544346759,2006-eth3,1112147.88,711270.75,1823418.62,711982,1113260,785.21,854.15,1639.36,855,786,0.00,0.00,0,0
1544346759,3004-eth2,666979.06,179876.12,846855.19,180056,667646,286.71,270.73,557.44,271,287,0.00,0.00,0,0
1544346759,3001-eth3,20467.53,560239.75,580707.31,560800,20488,262.74,287.71,550.45,288,263,0.00,0.00,0,0
1544346759,2003-eth4,9734.27,9832.17,19566.43,9842,9744,99.90,100.90,200.80,101,100,0.00,0.00,0,0
1544346759,2008-eth4,1216957.12,1215708.38,2432665.50,1216924,1218174,817.18,820.18,1637.36,821,818,0.00,0.00,0,0
1544346759,3008-eth3,471712.31,869986.06,1341698.38,870856,472184,418.58,447.55,866.13,448,419,0.00,0.00,0,0
1544346759,2005-eth2,11552.45,11552.45,23104.90,11564,11564,117.88,117.88,235.76,118,118,0.00,0.00,0,0
1544346759,2006-eth4,40605.39,755632.38,796237.81,756388,40646,484.52,424.58,909.09,425,485,0.00,0.00,0,0
1544346759,3006-eth2,755632.38,40605.39,796237.81,40646,756388,424.58,484.52,909.09,485,425,0.00,0.00,0,0
1544346759,1003-eth4,260527.48,10879.12,271406.59,10890,260788,89.91,164.84,254.75,165,90,0.00,0.00,0,0
1544346759,2006-eth2,0.00,0.00,0.00,0,0,0.00,0.00,0.00,0,0,0.00,0.00,0,0
1544346759,3001-eth1,9654.35,9594.41,19248.75,9604,9664,98.90,97.90,196.80,98,99,0.00,0.00,0,0
1544346759,3008-eth2,1215708.38,1216957.12,2432665.50,1218174,1216924,820.18,817.18,1637.36,818,821,0.00,0.00,0,0
1544346759,2004-eth3,1215270.75,452607.41,1667878.12,453060,1216486,550.45,545.45,1095.90,546,551,0.00,0.00,0,0
1544346759,3001-eth4,892403.62,534018.00,1426421.62,534552,893296,458.54,471.53,930.07,472,459,0.00,0.00,0,0
1544346759,1003-eth1,13428.57,315508.50,328937.06,315824,13442,142.86,155.84,298.70,156,143,0.00,0.00,0,0
1544346759,3002-eth2,1218665.38,1214783.25,2433448.50,1215998,1219884,777.22,917.08,1694.31,918,778,0.00,0.00,0,0
1544346759,2005-eth4,15510.49,15510.49,31020.98,15526,15526,158.84,158.84,317.68,159,159,0.00,0.00,0,0
1544346759,3003-eth2,452607.41,1215270.75,1667878.12,1216486,453060,545.45,550.45,1095.90,551,546,0.00,0.00,0,0
1544346759,2007-eth1,0.00,0.00,0.00,0,0,0.00,0.00,0.00,0,0,0.00,0.00,0,0
1544346759,1002-eth4,0.00,0.00,0.00,0,0,0.00,0.00,0.00,0,0,0.00,0.00,0,0
1544346759,3002-eth4,1200449.62,1214197.88,2414647.50,1215412,1201650,764.24,797.20,1561.44,798,765,0.00,0.00,0,0
1544346759,2007-eth3,0.00,0.00,0.00,0,0,0.00,0.00,0.00,0,0,0.00,0.00,0,0
1544346759,3005-eth1,41.96,41.96,83.92,42,42,1.00,1.00,2.00,1,1,0.00,0.00,0,0
1544346759,2001-eth4,9654.35,9594.41,19248.75,9604,9664,98.90,97.90,196.80,98,99,0.00,0.00,0,0
1544346759,3003-eth4,13326.67,175506.50,188833.17,175682,13340,153.85,156.84,310.69,157,154,0.00,0.00,0,0
1544346759,2004-eth1,272851.16,668115.88,940967.06,668784,273124,276.72,391.61,668.33,392,277,0.00,0.00,0,0
1544346759,3006-eth4,13778.22,103794.21,117572.43,103898,13792,144.86,144.86,289.71,145,145,0.00,0.00,0,0
1544346759,3007-eth1,0.00,0.00,0.00,0,0,0.00,0.00,0.00,0,0,0.00,0.00,0,0
1544346759,2008-eth1,10879.12,260527.48,271406.59,260788,10890,164.84,89.91,254.75,90,165,0.00,0.00,0,0
1544346759,2002-eth2,59.94,0.00,59.94,0,60,1.00,0.00,1.00,0,1,0.00,0.00,0,0
1544346759,2003-eth1,7832.17,7832.17,15664.34,7840,7840,79.92,79.92,159.84,80,80,0.00,0.00,0,0
1544346759,3008-eth4,745304.69,461588.44,1206893.12,462050,746050,399.60,396.60,796.20,397,400,0.00,0.00,0,0
1544346759,1004-eth4,0.00,0.00,0.00,0,0,0.00,0.00,0.00,0,0,0.00,0.00,0,0
1544346759,3006-eth1,15510.49,15510.49,31020.98,15526,15526,158.84,158.84,317.68,159,159,0.00,0.00,0,0
1544346759,1004-eth3,0.00,0.00,0.00,0,0,0.00,0.00,0.00,0,0,0.00,0.00,0,0
1544346759,1002-eth2,7832.17,7832.17,15664.34,7840,7840,79.92,79.92,159.84,80,80,0.00,0.00,0,0
1544346759,3004-eth3,32109.89,1044469.56,1076579.50,1045514,32142,438.56,456.54,895.10,457,439,0.00,0.00,0,0
1544346759,2003-eth3,9822.36,9724.55,19546.91,9744,9842,100.80,99.80,200.60,100,101,0.00,0.00,0,0
1544346759,2005-eth1,3912.18,3912.18,7824.35,3920,3920,39.92,39.92,79.84,40,40,0.00,0.00,0,0
1544346759,3002-eth3,23844.31,294562.88,318407.19,295152,23892,249.50,255.49,504.99,256,250,0.00,0.00,0,0
1544346759,3006-eth3,45936.13,670143.75,716079.88,671484,46028,535.93,473.05,1008.98,474,537,0.00,0.00,0,0
1544346759,2001-eth1,3912.18,3912.18,7824.35,3920,3920,39.92,39.92,79.84,40,40,0.00,0.00,0,0
1544346759,3005-eth2,710560.88,1111038.00,1821598.88,1113260,711982,853.29,784.43,1637.72,786,855,0.00,0.00,0,0
1544346759,2001-eth2,11600.80,11540.92,23141.72,11564,11624,118.76,117.76,236.53,118,119,0.00,0.00,0,0
1544346759,3007-eth2,989772.50,1203566.88,2193339.50,1205974,991752,742.51,653.69,1396.21,655,744,0.00,0.00,0,0
1544346759,1001-eth1,3912.18,3912.18,7824.35,3920,3920,39.92,39.92,79.84,40,40,0.00,0.00,0,0
1544346759,3007-eth4,926996.06,630686.62,1557682.62,631948,928850,492.02,512.97,1004.99,514,493,0.00,0.00,0,0
1544346759,2003-eth2,7824.35,7824.35,15648.70,7840,7840,79.84,79.84,159.68,80,80,0.00,0.00,0,0
1544346759,3007-eth3,276570.88,297267.47,573838.31,297862,277124,161.68,190.62,352.30,191,162,0.00,0.00,0,0
1544346759,1002-eth1,11540.92,11600.80,23141.72,11624,11564,117.76,118.76,236.53,119,118,0.00,0.00,0,0
1544346759,2002-eth3,902315.38,1175626.75,2077942.12,1177978,904120,621.76,726.55,1348.30,728,623,0.00,0.00,0,0
1544346759,2007-eth2,0.00,0.00,0.00,0,0,0.00,0.00,0.00,0,0,0.00,0.00,0,0
1544346759,total,26555980.00,26790534.00,53346516.00,26844114,26609092,21753.49,21903.19,43656.69,21947,21797,0.00,0.00,0,0
1544346760,3003-eth3,1216481.12,446309.41,1662790.50,447202,1218914,542.91,543.91,1086.83,545,544,0.00,0.00,0,0
1544346760,2002-eth1,199636.73,16229.54,215866.27,16262,200036,112.77,172.65,285.43,173,113,0.00,0.00,0,0
1544346760,lo,7361.28,7361.28,14722.56,7376,7376,71.86,71.86,143.71,72,72,0.00,0.00,0,0
1544346760,3005-eth3,1236403.25,1221916.25,2458319.50,1224360,1238876,1107.78,910.18,2017.96,912,1110,0.00,0.00,0,0
1544346760,2005-eth3,59.88,59.88,119.76,60,60,1.00,1.00,2.00,1,1,0.00,0.00,0,0
1544346760,3004-eth4,1220682.62,731712.62,1952395.25,733176,1223124,628.74,642.71,1271.46,644,630,0.00,0.00,0,0
1544346760,1004-eth2,0.00,0.00,0.00,0,0,0.00,0.00,0.00,0,0,0.00,0.00,0,0
1544346760,2004-eth4,170632.73,708946.12,879578.88,710364,170974,242.51,297.41,539.92,298,243,0.00,0.00,0,0
1544346760,1001-eth2,7590.82,7530.94,15121.76,7546,7606,77.84,76.85,154.69,77,78,0.00,0.00,0,0
1544346760,1003-eth3,213540.92,696459.12,910000.00,697852,213968,323.35,407.19,730.54,408,324,0.00,0.00,0,0
1544346760,2002-eth4,1219918.25,1225349.38,2445267.50,1227800,1222358,833.33,874.25,1707.58,876,835,0.00,0.00,0,0
1544346760,1001-eth4,59.88,59.88,119.76,60,60,1.00,1.00,2.00,1,1,0.00,0.00,0,0
1544346760,3001-eth2,1220181.62,1025772.50,2245954.25,1027824,1222622,681.64,762.48,1444.11,764,683,0.00,0.00,0,0
1544346760,1004-eth1,0.00,0.00,0.00,0,0,0.00,0.00,0.00,0,0,0.00,0.00,0,0
1544346760,3005-eth4,1195668.75,705984.06,1901652.75,707396,1198060,599.80,624.75,1224.55,626,601,0.00,0.00,0,0
1544346760,1003-eth2,686948.12,433926.16,1120874.25,434794,688322,336.33,356.29,692.61,357,337,0.00,0.00,0,0
1544346760,3008-eth1,0.00,59.88,59.88,60,0,0.00,1.00,1.00,1,0,0.00,0.00,0,0
1544346760,1002-eth3,11638.72,11698.60,23337.33,11722,11662,118.76,119.76,238.52,120,119,0.00,0.00,0,0
1544346760,2006-eth1,696459.12,213540.92,910000.00,213968,697852,407.19,323.35,730.54,324,408,0.00,0.00,0,0
1544346760,3003-eth1,9686.63,9626.75,19313.37,9646,9706,99.80,98.80,198.60,99,100,0.00,0.00,0,0
1544346760,2001-eth3,9487.03,9584.83,19071.86,9604,9506,96.81,97.80,194.61,98,97,0.00,0.00,0,0
1544346760,2008-eth2,0.00,0.00,0.00,0,0,0.00,0.00,0.00,0,0,0.00,0.00,0,0
1544346760,2008-eth3,1213373.25,1015834.38,2229207.75,1017866,1215800,758.48,655.69,1414.17,657,760,0.00,0.00,0,0
1544346760,1001-eth3,3776.45,3776.45,7552.89,3784,3784,38.92,38.92,77.84,39,39,0.00,0.00,0,0
1544346760,2007-eth4,59.88,0.00,59.88,0,60,1.00,0.00,1.00,0,1,0.00,0.00,0,0
1544346760,2004-eth2,0.00,0.00,0.00,0,0,0.00,0.00,0.00,0,0,0.00,0.00,0,0
1544346760,3002-eth1,9487.03,9487.03,18974.05,9506,9506,96.81,96.81,193.61,97,97,0.00,0.00,0,0
1544346760,3004-eth1,9528.94,9686.63,19215.57,9706,9548,97.80,99.80,197.60,100,98,0.00,0.00,0,0
1544346760,2006-eth3,1096365.25,719177.69,1815543.00,720616,1098558,649.70,737.52,1387.23,739,651,0.00,0.00,0,0
1544346760,3004-eth2,708946.12,170632.73,879578.88,170974,710364,297.41,242.51,539.92,243,298,0.00,0.00,0,0
1544346760,3001-eth3,26019.96,880580.88,906600.81,882342,26072,347.31,398.20,745.51,399,348,0.00,0.00,0,0
1544346760,2003-eth4,9686.63,9528.94,19215.57,9548,9706,99.80,97.80,197.60,98,100,0.00,0.00,0,0
1544346760,2008-eth4,1221982.12,1220091.88,2442074.00,1222532,1224426,779.44,860.28,1639.72,862,781,0.00,0.00,0,0
1544346760,3008-eth3,657752.50,1009049.94,1666802.50,1011068,659068,528.94,552.89,1081.84,554,530,0.00,0.00,0,0
1544346760,2005-eth2,11698.60,11638.72,23337.33,11662,11722,119.76,118.76,238.52,119,120,0.00,0.00,0,0
1544346760,2006-eth4,22658.68,1026495.06,1049153.75,1028548,22704,329.34,401.20,730.54,402,330,0.00,0.00,0,0
1544346760,3006-eth2,1026495.06,22658.68,1049153.75,22704,1028548,401.20,329.34,730.54,330,402,0.00,0.00,0,0
1544346760,1003-eth4,419962.09,6718.56,426680.66,6732,420802,144.71,101.80,246.51,102,145,0.00,0.00,0,0
1544346760,2006-eth2,0.00,0.00,0.00,0,0,0.00,0.00,0.00,0,0,0.00,0.00,0,0
1544346760,3001-eth1,9584.83,9487.03,19071.86,9506,9604,97.80,96.81,194.61,97,98,0.00,0.00,0,0
1544346760,3008-eth2,1220091.88,1221982.12,2442074.00,1224426,1222532,860.28,779.44,1639.72,781,862,0.00,0.00,0,0
1544346760,2004-eth3,1219780.50,604618.75,1824399.25,605828,1222220,592.81,599.80,1192.61,601,594,0.00,0.00,0,0
1544346760,3001-eth4,1009239.56,619351.31,1628590.88,620590,1011258,511.98,545.91,1057.88,547,513,0.00,0.00,0,0
1544346760,1003-eth1,16229.54,199636.73,215866.27,200036,16262,172.65,112.77,285.43,113,173,0.00,0.00,0,0
1544346760,3002-eth2,1225349.38,1219918.25,2445267.50,1222358,1227800,874.25,833.33,1707.58,835,876,0.00,0.00,0,0
1544346760,2005-eth4,15415.17,15355.29,30770.46,15386,15446,157.68,156.69,314.37,157,158,0.00,0.00,0,0
1544346760,3003-eth2,604618.75,1219780.50,1824399.25,1222220,605828,599.80,592.81,1192.61,594,601,0.00,0.00,0,0
1544346760,2007-eth1,59.88,59.88,119.76,60,60,1.00,1.00,2.00,1,1,0.00,0.00,0,0
1544346760,1002-eth4,0.00,0.00,0.00,0,0,0.00,0.00,0.00,0,0,0.00,0.00,0,0
1544346760,3002-eth4,1204626.75,619223.56,1823850.38,620462,1207036,670.66,689.62,1360.28,691,672,0.00,0.00,0,0
1544346760,2007-eth3,0.00,0.00,0.00,0,0,0.00,0.00,0.00,0,0,0.00,0.00,0,0
1544346760,3005-eth1,59.88,59.88,119.76,60,60,1.00,1.00,2.00,1,1,0.00,0.00,0,0
1544346760,2001-eth4,9487.03,9487.03,18974.05,9506,9506,96.81,96.81,193.61,97,97,0.00,0.00,0,0
1544346760,3003-eth4,13045.91,167876.25,180922.16,168212,13072,150.70,153.69,304.39,154,151,0.00,0.00,0,0
1544346760,2004-eth1,433926.16,686948.12,1120874.25,688322,434794,356.29,336.33,692.61,337,357,0.00,0.00,0,0
1544346760,3006-eth4,12856.29,325526.97,338383.25,326178,12882,146.71,220.56,367.27,221,147,0.00,0.00,0,0
1544346760,3007-eth1,0.00,0.00,0.00,0,0,0.00,0.00,0.00,0,0,0.00,0.00,0,0
1544346760,2008-eth1,6718.56,419962.09,426680.66,420802,6732,101.80,144.71,246.51,145,102,0.00,0.00,0,0
1544346760,2002-eth2,0.00,0.00,0.00,0,0,0.00,0.00,0.00,0,0,0.00,0.00,0,0
1544346760,2003-eth1,7538.46,7598.40,15136.86,7606,7546,76.92,77.92,154.85,78,77,0.00,0.00,0,0
1544346760,3008-eth4,564793.25,189806.20,754599.44,189996,565358,250.75,245.75,496.50,246,251,0.00,0.00,0,0
1544346760,1004-eth4,0.00,0.00,0.00,0,0,0.00,0.00,0.00,0,0,0.00,0.00,0,0
1544346760,3006-eth1,15370.63,15430.57,30801.20,15446,15386,156.84,157.84,314.69,158,157,0.00,0.00,0,0
1544346760,1004-eth3,0.00,0.00,0.00,0,0,0.00,0.00,0.00,0,0,0.00,0.00,0,0
1544346760,1002-eth2,7734.27,7636.36,15370.63,7644,7742,78.92,77.92,156.84,78,79,0.00,0.00,0,0
1544346760,3004-eth3,32341.66,1051606.38,1083948.12,1052658,32374,442.56,456.54,899.10,457,443,0.00,0.00,0,0
1544346760,2003-eth3,9636.36,9696.30,19332.67,9706,9646,98.90,99.90,198.80,100,99,0.00,0.00,0,0
1544346760,2005-eth1,3780.22,3780.22,7560.44,3784,3784,38.96,38.96,77.92,39,39,0.00,0.00,0,0
1544346760,3002-eth3,24803.20,357488.53,382291.72,357846,24828,259.74,262.74,522.48,263,260,0.00,0.00,0,0
1544346760,3006-eth3,29098.90,720955.06,750053.94,721676,29128,379.62,377.62,757.24,378,380,0.00,0.00,0,0
1544346760,2001-eth1,3818.18,3878.12,7696.30,3882,3822,38.96,39.96,78.92,40,39,0.00,0.00,0,0
1544346760,3005-eth2,719896.12,1097460.62,1817356.75,1098558,720616,738.26,650.35,1388.61,651,739,0.00,0.00,0,0
1544346760,2001-eth2,11552.45,11454.55,23006.99,11466,11564,117.88,116.88,234.77,117,118,0.00,0.00,0,0
1544346760,3007-eth2,1016849.19,1214585.50,2231434.75,1215800,1017866,656.34,759.24,1415.58,760,657,0.00,0.00,0,0
1544346760,1001-eth1,3878.12,3818.18,7696.30,3822,3882,39.96,38.96,78.92,39,40,0.00,0.00,0,0
1544346760,3007-eth4,1029316.69,606663.38,1635980.12,607270,1030346,516.48,534.47,1050.95,535,517,0.00,0.00,0,0
1544346760,2003-eth2,7636.36,7734.27,15370.63,7742,7644,77.92,78.92,156.84,79,78,0.00,0.00,0,0
1544346760,3007-eth3,185268.73,739508.50,924777.25,740248,185454,242.76,311.69,554.45,312,243,0.00,0.00,0,0
1544346760,1002-eth1,11454.55,11552.45,23006.99,11564,11466,116.88,117.88,234.77,118,117,0.00,0.00,0,0
1544346760,2002-eth3,1026797.25,1221400.62,2248197.75,1222622,1027824,763.24,682.32,1445.55,683,764,0.00,0.00,0,0
1544346760,2007-eth2,0.00,0.00,0.00,0,0,0.00,0.00,0.00,0,0,0.00,0.00,0,0
1544346760,total,27495624.00,28229720.00,55725340.00,28257948,27523118,21474.53,21618.38,43092.91,21640,21496,0.00,0.00,0,0
1544346761,3003-eth3,1214747.25,535460.56,1750207.88,535996,1215962,564.44,573.43,1137.86,574,565,0.00,0.00,0,0
1544346761,2002-eth1,398889.12,9920.08,408809.19,9930,399288,191.81,105.89,297.70,106,192,0.00,0.00,0,0
1544346761,lo,6699.30,6699.30,13398.60,6706,6706,64.94,64.94,129.87,65,65,0.00,0.00,0,0
1544346761,3005-eth3,1220253.75,1218395.62,2438649.50,1219614,1221474,867.13,860.14,1727.27,861,868,0.00,0.00,0,0
1544346761,2005-eth3,0.00,0.00,0.00,0,0,0.00,0.00,0.00,0,0,0.00,0.00,0,0
1544346761,3004-eth4,1216111.88,686371.62,1902483.62,687058,1217328,607.39,624.38,1231.77,625,608,0.00,0.00,0,0
1544346761,1004-eth2,59.94,0.00,59.94,0,60,1.00,0.00,1.00,0,1,0.00,0.00,0,0
1544346761,2004-eth4,152195.81,663624.38,815820.19,664288,152348,245.75,279.72,525.47,280,246,0.00,0.00,0,0
1544346761,1001-eth2,7538.46,7538.46,15076.92,7546,7546,76.92,76.92,153.85,77,77,0.00,0.00,0,0
1544346761,1003-eth3,412075.94,624157.88,1036233.81,624782,412488,391.61,316.68,708.29,317,392,0.00,0.00,0,0
1544346761,2002-eth4,1216877.12,1223642.38,2440519.50,1224866,1218094,832.17,1027.97,1860.14,1029,833,0.00,0.00,0,0
1544346761,1001-eth4,0.00,0.00,0.00,0,0,0.00,0.00,0.00,0,0,0.00,0.00,0,0
1544346761,3001-eth2,1218769.25,824753.25,2043522.50,825578,1219988,715.28,836.16,1551.45,837,716,0.00,0.00,0,0
1544346761,1004-eth1,59.94,0.00,59.94,0,60,1.00,0.00,1.00,0,1,0.00,0.00,0,0
1544346761,3005-eth4,1196469.62,640143.88,1836613.38,640784,1197666,572.43,603.40,1175.82,604,573,0.00,0.00,0,0
1544346761,1003-eth2,621023.00,522405.59,1143428.62,522928,621644,313.69,375.62,689.31,376,314,0.00,0.00,0,0
1544346761,3008-eth1,0.00,0.00,0.00,0,0,0.00,0.00,0.00,0,0,0.00,0.00,0,0
1544346761,1002-eth3,11612.39,11552.45,23164.84,11564,11624,118.88,117.88,236.76,118,119,0.00,0.00,0,0
1544346761,2006-eth1,624157.88,412075.94,1036233.81,412488,624782,316.68,391.61,708.29,392,317,0.00,0.00,0,0
1544346761,3003-eth1,9300.70,9300.70,18601.40,9310,9310,94.91,94.91,189.81,95,95,0.00,0.00,0,0
1544346761,2001-eth3,9594.41,9496.50,19090.91,9506,9604,97.90,96.90,194.81,97,98,0.00,0.00,0,0
1544346761,2008-eth2,0.00,59.94,59.94,60,0,0.00,1.00,1.00,1,0,0.00,0.00,0,0
1544346761,2008-eth3,1206010.00,1037188.81,2243198.75,1038226,1207216,607.39,811.19,1418.58,812,608,0.00,0.00,0,0
1544346761,1001-eth3,3916.08,3916.08,7832.17,3920,3920,39.96,39.96,79.92,40,40,0.00,0.00,0,0
1544346761,2007-eth4,0.00,0.00,0.00,0,0,0.00,0.00,0.00,0,0,0.00,0.00,0,0
1544346761,2004-eth2,0.00,59.94,59.94,60,0,0.00,1.00,1.00,1,0,0.00,0.00,0,0
1544346761,3002-eth1,9654.35,9594.41,19248.75,9604,9664,98.90,97.90,196.80,98,99,0.00,0.00,0,0
1544346761,3004-eth1,9692.31,9594.41,19286.71,9604,9702,98.90,97.90,196.80,98,99,0.00,0.00,0,0
1544346761,2006-eth3,1218373.62,647037.00,1865410.62,647684,1219592,619.38,663.34,1282.72,664,620,0.00,0.00,0,0
1544346761,3004-eth2,663624.38,152195.81,815820.19,152348,664288,279.72,245.75,525.47,246,280,0.00,0.00,0,0
1544346761,3001-eth3,27462.54,866567.44,894030.00,867434,27490,368.63,392.61,761.24,393,369,0.00,0.00,0,0
1544346761,2003-eth4,9594.41,9692.31,19286.71,9702,9604,97.90,98.90,196.80,99,98,0.00,0.00,0,0
1544346761,2008-eth4,1218723.25,1212735.25,2431458.50,1213948,1219942,734.27,709.29,1443.56,710,735,0.00,0.00,0,0
1544346761,3008-eth3,363082.94,740373.62,1103456.62,741114,363446,350.65,368.63,719.28,369,351,0.00,0.00,0,0
1544346761,2005-eth2,11552.45,11612.39,23164.84,11624,11564,117.88,118.88,236.76,119,118,0.00,0.00,0,0
1544346761,2006-eth4,22879.12,1073344.62,1096223.75,1074418,22902,346.65,372.63,719.28,373,347,0.00,0.00,0,0
1544346761,3006-eth2,1073344.62,22879.12,1096223.75,22902,1074418,372.63,346.65,719.28,347,373,0.00,0.00,0,0
1544346761,1003-eth4,509218.78,6725.27,515944.06,6732,509728,175.82,101.90,277.72,102,176,0.00,0.00,0,0
1544346761,2006-eth2,0.00,59.94,59.94,60,0,0.00,1.00,1.00,1,0,0.00,0.00,0,0
1544346761,3001-eth1,9496.50,9594.41,19090.91,9604,9506,96.90,97.90,194.81,98,97,0.00,0.00,0,0
1544346761,3008-eth2,1212735.25,1218723.25,2431458.50,1219942,1213948,709.29,734.27,1443.56,735,710,0.00,0.00,0,0
1544346761,2004-eth3,1217714.38,674601.44,1892315.75,675276,1218932,609.39,621.38,1230.77,622,610,0.00,0.00,0,0
1544346761,3001-eth4,806885.12,651908.12,1458793.25,652560,807692,565.43,581.42,1146.85,582,566,0.00,0.00,0,0
1544346761,1003-eth1,9920.08,398889.12,408809.19,399288,9930,105.89,191.81,297.70,192,106,0.00,0.00,0,0
1544346761,3002-eth2,1223642.38,1216877.12,2440519.50,1218094,1224866,1027.97,832.17,1860.14,833,1029,0.00,0.00,0,0
1544346761,2005-eth4,15468.53,15468.53,30937.06,15484,15484,157.84,157.84,315.68,158,158,0.00,0.00,0,0
1544346761,3003-eth2,674601.44,1217714.38,1892315.75,1218932,675276,621.38,609.39,1230.77,610,622,0.00,0.00,0,0
1544346761,2007-eth1,0.00,0.00,0.00,0,0,0.00,0.00,0.00,0,0,0.00,0.00,0,0
1544346761,1002-eth4,59.94,0.00,59.94,0,60,1.00,0.00,1.00,0,1,0.00,0.00,0,0
1544346761,3002-eth4,1205292.75,966825.19,2172118.00,967792,1206498,709.29,731.27,1440.56,732,710,0.00,0.00,0,0
1544346761,2007-eth3,0.00,59.94,59.94,60,0,0.00,1.00,1.00,1,0,0.00,0.00,0,0
1544346761,3005-eth1,0.00,0.00,0.00,0,0,0.00,0.00,0.00,0,0,0.00,0.00,0,0
1544346761,2001-eth4,9594.41,9654.35,19248.75,9664,9604,97.90,98.90,196.80,99,98,0.00,0.00,0,0
1544346761,3003-eth4,12333.67,148441.56,160775.23,148590,12346,140.86,142.86,283.72,143,141,0.00,0.00,0,0
1544346761,2004-eth1,522405.59,621023.00,1143428.62,621644,522928,375.62,313.69,689.31,314,376,0.00,0.00,0,0
1544346761,3006-eth4,18065.93,373984.03,392049.97,374358,18084,225.77,226.77,452.55,227,226,0.00,0.00,0,0
1544346761,3007-eth1,59.94,0.00,59.94,0,60,1.00,0.00,1.00,0,1,0.00,0.00,0,0
1544346761,2008-eth1,6725.27,509218.78,515944.06,509728,6732,101.90,175.82,277.72,176,102,0.00,0.00,0,0
1544346761,2002-eth2,0.00,59.94,59.94,60,0,0.00,1.00,1.00,1,0,0.00,0.00,0,0
1544346761,2003-eth1,7538.46,7538.46,15076.92,7546,7546,76.92,76.92,153.85,77,77,0.00,0.00,0,0
1544346761,3008-eth4,855640.38,295362.66,1151003.00,295658,856496,383.62,376.62,760.24,377,384,0.00,0.00,0,0
1544346761,1004-eth4,59.94,0.00,59.94,0,60,1.00,0.00,1.00,0,1,0.00,0.00,0,0
1544346761,3006-eth1,15468.53,15468.53,30937.06,15484,15484,157.84,157.84,315.68,158,158,0.00,0.00,0,0
1544346761,1004-eth3,59.94,0.00,59.94,0,60,1.00,0.00,1.00,0,1,0.00,0.00,0,0
1544346761,1002-eth2,7696.30,7734.27,15430.57,7742,7704,78.92,78.92,157.84,79,79,0.00,0.00,0,0
1544346761,3004-eth3,32341.66,1060679.38,1093021.00,1061740,32374,442.56,461.54,904.10,462,443,0.00,0.00,0,0
1544346761,2003-eth3,9300.70,9300.70,18601.40,9310,9310,94.91,94.91,189.81,95,95,0.00,0.00,0,0
1544346761,2005-eth1,3916.08,3916.08,7832.17,3920,3920,39.96,39.96,79.92,40,40,0.00,0.00,0,0
1544346761,3002-eth3,21298.70,238899.11,260197.81,239138,21320,222.78,240.76,463.54,241,223,0.00,0.00,0,0
1544346761,3006-eth3,24197.80,718745.25,742943.06,719464,24222,318.68,343.66,662.34,344,319,0.00,0.00,0,0
1544346761,2001-eth1,3682.32,3622.38,7304.70,3626,3686,37.96,36.96,74.93,37,38,0.00,0.00,0,0
1544346761,3005-eth2,647037.00,1218373.62,1865410.62,1219592,647684,663.34,619.38,1282.72,620,664,0.00,0.00,0,0
1544346761,2001-eth2,11552.45,11710.29,23262.74,11722,11564,117.88,119.88,237.76,120,118,0.00,0.00,0,0
1544346761,3007-eth2,1037188.81,1206010.00,2243198.75,1207216,1038226,811.19,607.39,1418.58,608,812,0.00,0.00,0,0
1544346761,1001-eth1,3622.38,3682.32,7304.70,3686,3626,36.96,37.96,74.93,38,37,0.00,0.00,0,0
1544346761,3007-eth4,749450.56,612763.25,1362213.88,613376,750200,418.58,451.55,870.13,452,419,0.00,0.00,0,0
1544346761,2003-eth2,7734.27,7696.30,15430.57,7704,7742,78.92,78.92,157.84,79,79,0.00,0.00,0,0
1544346761,3007-eth3,456679.34,140153.84,596833.19,140294,457136,190.81,194.81,385.61,195,191,0.00,0.00,0,0
1544346761,1002-eth1,11710.29,11552.45,23262.74,11564,11722,119.88,117.88,237.76,118,120,0.00,0.00,0,0
1544346761,2002-eth3,824753.25,1218769.25,2043522.50,1219988,825578,836.16,715.28,1551.45,716,837,0.00,0.00,0,0
1544346761,2007-eth2,0.00,59.94,59.94,60,0,0.00,1.00,1.00,1,0,0.00,0.00,0,0
1544346761,total,27559496.00,28034256.00,55593752.00,28062290,27587054,21059.94,21284.72,42344.66,21306,21081,0.00,0.00,0,0
1544346762,3003-eth3,1213350.62,246789.22,1460139.88,247036,1214564,477.52,473.53,951.05,474,478,0.00,0.00,0,0
1544346762,2002-eth1,221808.20,15118.88,236927.08,15134,222030,138.86,160.84,299.70,161,139,0.00,0.00,0,0
1544346762,lo,66123.88,66123.88,132247.75,66190,66190,310.69,310.69,621.38,311,311,0.00,0.00,0,0
1544346762,3005-eth3,1221834.25,1215518.50,2437352.75,1216734,1223056,847.15,858.14,1705.29,859,848,0.00,0.00,0,0
1544346762,2005-eth3,0.00,0.00,0.00,0,0,0.00,0.00,0.00,0,0,0.00,0.00,0,0
1544346762,3004-eth4,1216465.62,721946.06,1938411.62,722668,1217682,612.39,637.36,1249.75,638,613,0.00,0.00,0,0
1544346762,1004-eth2,0.00,0.00,0.00,0,0,0.00,0.00,0.00,0,0,0.00,0.00,0,0
1544346762,2004-eth4,182643.36,698797.25,881440.56,699496,182826,268.73,286.71,555.44,287,269,0.00,0.00,0,0
1544346762,1001-eth2,7734.27,7794.21,15528.47,7802,7742,78.92,79.92,158.84,80,79,0.00,0.00,0,0
1544346762,1003-eth3,234197.81,724231.81,958429.62,724956,234432,326.67,406.59,733.27,407,327,0.00,0.00,0,0
1544346762,2002-eth4,1215910.12,1221836.25,2437746.25,1223058,1217126,822.18,891.11,1713.29,892,823,0.00,0.00,0,0
1544346762,1001-eth4,0.00,0.00,0.00,0,0,0.00,0.00,0.00,0,0,0.00,0.00,0,0
1544346762,3001-eth2,1218111.88,999968.06,2218080.00,1000968,1219330,708.29,751.25,1459.54,752,709,0.00,0.00,0,0
1544346762,1004-eth1,0.00,0.00,0.00,0,0,0.00,0.00,0.00,0,0,0.00,0.00,0,0
1544346762,3005-eth4,1193316.75,734701.31,1928018.00,735436,1194510,590.41,633.37,1223.78,634,591,0.00,0.00,0,0
1544346762,1003-eth2,721640.38,232877.12,954517.50,233110,722362,435.56,262.74,698.30,263,436,0.00,0.00,0,0
1544346762,3008-eth1,0.00,0.00,0.00,0,0,0.00,0.00,0.00,0,0,0.00,0.00,0,0
1544346762,1002-eth3,11356.64,11356.64,22713.29,11368,11368,115.88,115.88,231.77,116,116,0.00,0.00,0,0
1544346762,2006-eth1,724231.81,234197.81,958429.62,234432,724956,406.59,326.67,733.27,327,407,0.00,0.00,0,0
1544346762,3003-eth1,9594.41,9654.35,19248.75,9664,9604,97.90,98.90,196.80,99,98,0.00,0.00,0,0
1544346762,2001-eth3,9654.35,9594.41,19248.75,9604,9664,98.90,97.90,196.80,98,99,0.00,0.00,0,0
1544346762,2008-eth2,59.94,0.00,59.94,0,60,1.00,0.00,1.00,0,1,0.00,0.00,0,0
1544346762,2008-eth3,1069140.88,1219564.50,2288705.25,1220784,1070210,791.21,659.34,1450.55,660,792,0.00,0.00,0,0
1544346762,1001-eth3,3818.18,3818.18,7636.36,3822,3822,38.96,38.96,77.92,39,39,0.00,0.00,0,0
1544346762,2007-eth4,0.00,0.00,0.00,0,0,0.00,0.00,0.00,0,0,0.00,0.00,0,0
1544346762,2004-eth2,0.00,0.00,0.00,0,0,0.00,0.00,0.00,0,0,0.00,0.00,0,0
1544346762,3002-eth1,9594.41,9594.41,19188.81,9604,9604,97.90,97.90,195.80,98,98,0.00,0.00,0,0
1544346762,3004-eth1,9752.25,9692.31,19444.56,9702,9762,99.90,98.90,198.80,99,100,0.00,0.00,0,0
1544346762,2006-eth3,1221868.12,743320.69,1965188.88,744064,1223090,672.33,695.30,1367.63,696,673,0.00,0.00,0,0
1544346762,3004-eth2,698797.25,182643.36,881440.56,182826,699496,286.71,268.73,555.44,269,287,0.00,0.00,0,0
1544346762,3001-eth3,23638.36,666831.19,690469.56,667498,23662,310.69,324.68,635.36,325,311,0.00,0.00,0,0
1544346762,2003-eth4,9692.31,9752.25,19444.56,9762,9702,98.90,99.90,198.80,100,99,0.00,0.00,0,0
1544346762,2008-eth4,1216601.38,1081608.38,2298209.75,1082690,1217818,636.36,980.02,1616.38,981,637,0.00,0.00,0,0
1544346762,3008-eth3,523064.94,671272.75,1194337.75,671944,523588,385.61,395.60,781.22,396,386,0.00,0.00,0,0
1544346762,2005-eth2,11356.64,11356.64,22713.29,11368,11368,115.88,115.88,231.77,116,116,0.00,0.00,0,0
1544346762,2006-eth4,19114.88,895604.44,914719.31,896500,19134,289.71,309.69,599.40,310,290,0.00,0.00,0,0
1544346762,3006-eth2,895604.44,19114.88,914719.31,19134,896500,309.69,289.71,599.40,290,310,0.00,0.00,0,0
1544346762,1003-eth4,220607.41,12587.41,233194.81,12600,220828,76.92,190.81,267.73,191,77,0.00,0.00,0,0
1544346762,2006-eth2,59.94,0.00,59.94,0,60,1.00,0.00,1.00,0,1,0.00,0.00,0,0
1544346762,3001-eth1,9594.41,9654.35,19248.75,9664,9604,97.90,98.90,196.80,99,98,0.00,0.00,0,0
1544346762,3008-eth2,1081608.38,1216601.38,2298209.75,1217818,1082690,980.02,636.36,1616.38,637,981,0.00,0.00,0,0
1544346762,2004-eth3,1216905.12,415520.50,1632425.62,415936,1218122,531.47,531.47,1062.94,532,532,0.00,0.00,0,0
1544346762,3001-eth4,985924.12,587784.25,1573708.38,588372,986910,538.46,531.47,1069.93,532,539,0.00,0.00,0,0
1544346762,1003-eth1,15118.88,221808.20,236927.08,222030,15134,160.84,138.86,299.70,139,161,0.00,0.00,0,0
1544346762,3002-eth2,1221836.25,1215910.12,2437746.25,1217126,1223058,891.11,822.18,1713.29,823,892,0.00,0.00,0,0
1544346762,2005-eth4,15174.83,15174.83,30349.65,15190,15190,154.85,154.85,309.69,155,155,0.00,0.00,0,0
1544346762,3003-eth2,415520.50,1216905.12,1632425.62,1218122,415936,531.47,531.47,1062.94,532,532,0.00,0.00,0,0
1544346762,2007-eth1,0.00,0.00,0.00,0,0,0.00,0.00,0.00,0,0,0.00,0.00,0,0
1544346762,1002-eth4,0.00,59.94,59.94,60,0,0.00,1.00,1.00,1,0,0.00,0.00,0,0
1544346762,3002-eth4,1203326.75,728663.38,1931990.12,729392,1204530,688.31,695.30,1383.62,696,689,0.00,0.00,0,0
1544346762,2007-eth3,59.94,0.00,59.94,0,60,1.00,0.00,1.00,0,1,0.00,0.00,0,0
1544346762,3005-eth1,0.00,0.00,0.00,0,0,0.00,0.00,0.00,0,0,0.00,0.00,0,0
1544346762,2001-eth4,9594.41,9594.41,19188.81,9604,9604,97.90,97.90,195.80,98,98,0.00,0.00,0,0
1544346762,3003-eth4,13088.91,178325.67,191414.59,178504,13102,150.85,155.84,306.69,156,151,0.00,0.00,0,0
1544346762,2004-eth1,232877.12,721640.38,954517.50,722362,233110,262.74,435.56,698.30,436,263,0.00,0.00,0,0
1544346762,3006-eth4,17276.72,360373.62,377650.38,360734,17294,214.79,218.78,433.57,219,215,0.00,0.00,0,0
1544346762,3007-eth1,0.00,59.94,59.94,60,0,0.00,1.00,1.00,1,0,0.00,0.00,0,0
1544346762,2008-eth1,12587.41,220607.41,233194.81,220828,12600,190.81,76.92,267.73,77,191,0.00,0.00,0,0
1544346762,2002-eth2,0.00,0.00,0.00,0,0,0.00,0.00,0.00,0,0,0.00,0.00,0,0
1544346762,2003-eth1,7794.21,7734.27,15528.47,7742,7802,79.92,78.92,158.84,79,80,0.00,0.00,0,0
1544346762,3008-eth4,693536.50,50673.33,744209.81,50724,694230,250.75,241.76,492.51,242,251,0.00,0.00,0,0
1544346762,1004-eth4,0.00,59.94,59.94,60,0,0.00,1.00,1.00,1,0,0.00,0.00,0,0
1544346762,3006-eth1,15174.83,15174.83,30349.65,15190,15190,154.85,154.85,309.69,155,155,0.00,0.00,0,0
1544346762,1004-eth3,0.00,59.94,59.94,60,0,0.00,1.00,1.00,1,0,0.00,0.00,0,0
1544346762,1002-eth2,7636.36,7696.30,15332.67,7704,7644,77.92,78.92,156.84,79,78,0.00,0.00,0,0
1544346762,3004-eth3,32895.11,1081392.62,1114287.75,1082474,32928,450.55,468.53,919.08,469,451,0.00,0.00,0,0
1544346762,2003-eth3,9654.35,9594.41,19248.75,9604,9664,98.90,97.90,196.80,98,99,0.00,0.00,0,0
1544346762,2005-eth1,3818.18,3818.18,7636.36,3822,3822,38.96,38.96,77.92,39,39,0.00,0.00,0,0
1544346762,3002-eth3,22177.82,219760.25,241938.06,219980,22200,231.77,213.79,445.55,214,232,0.00,0.00,0,0
1544346762,3006-eth3,20869.13,554321.69,575190.81,554876,20890,268.73,285.71,554.45,286,269,0.00,0.00,0,0
1544346762,2001-eth1,3916.08,3916.08,7832.17,3920,3920,39.96,39.96,79.92,40,40,0.00,0.00,0,0
1544346762,3005-eth2,743320.69,1221868.12,1965188.88,1223090,744064,695.30,672.33,1367.63,673,696,0.00,0.00,0,0
1544346762,2001-eth2,11356.64,11356.64,22713.29,11368,11368,115.88,115.88,231.77,116,116,0.00,0.00,0,0
1544346762,3007-eth2,1219564.50,1069140.88,2288705.25,1070210,1220784,659.34,791.21,1450.55,792,660,0.00,0.00,0,0
1544346762,1001-eth1,3916.08,3916.08,7832.17,3920,3920,39.96,39.96,79.92,40,40,0.00,0.00,0,0
1544346762,3007-eth4,1027812.19,809654.38,1837466.62,810464,1028840,559.44,607.39,1166.83,608,560,0.00,0.00,0,0
1544346762,2003-eth2,7696.30,7636.36,15332.67,7644,7704,78.92,77.92,156.84,78,79,0.00,0.00,0,0
1544346762,3007-eth3,41268.73,780729.31,821998.00,781510,41310,230.77,278.72,509.49,279,231,0.00,0.00,0,0
1544346762,1002-eth1,11356.64,11356.64,22713.29,11368,11368,115.88,115.88,231.77,116,116,0.00,0.00,0,0
1544346762,2002-eth3,999968.06,1218111.88,2218080.00,1219330,1000968,751.25,708.29,1459.54,709,752,0.00,0.00,0,0
1544346762,2007-eth2,59.94,0.00,59.94,0,60,1.00,0.00,1.00,0,1,0.00,0.00,0,0
1544346762,total,26735032.00,26893922.00,53628956.00,26920816,26761766,20982.02,21193.81,42175.83,21215,21003,0.00,0.00,0,0
1544346763,3003-eth3,1221126.88,605162.88,1826289.75,605768,1222348,573.43,599.40,1172.83,600,574,0.00,0.00,0,0
1544346763,2002-eth1,314985.03,13990.01,328975.03,14004,315300,169.83,155.84,325.67,156,170,0.00,0.00,0,0
1544346763,lo,6803.20,6803.20,13606.39,6810,6810,66.93,66.93,133.87,67,67,0.00,0.00,0,0
1544346763,3005-eth3,1229268.75,1225230.75,2454499.50,1226456,1230498,872.13,887.11,1759.24,888,873,0.00,0.00,0,0
1544346763,2005-eth3,41.96,41.96,83.92,42,42,1.00,1.00,2.00,1,1,0.00,0.00,0,0
1544346763,3004-eth4,1224879.12,805062.94,2029942.12,805868,1226104,630.37,669.33,1299.70,670,631,0.00,0.00,0,0
1544346763,1004-eth2,0.00,59.94,59.94,60,0,0.00,1.00,1.00,1,0,0.00,0.00,0,0
1544346763,2004-eth4,184017.98,782052.00,966069.94,782834,184202,267.73,320.68,588.41,321,268,0.00,0.00,0,0
1544346763,1001-eth2,7832.17,7832.17,15664.34,7840,7840,79.92,79.92,159.84,80,80,0.00,0.00,0,0
1544346763,1003-eth3,327512.50,802937.06,1130449.62,803740,327840,359.64,427.57,787.21,428,360,0.00,0.00,0,0
1544346763,2002-eth4,1225051.00,1233570.50,2458621.50,1234804,1226276,905.09,1024.98,1930.07,1026,906,0.00,0.00,0,0
1544346763,1001-eth4,0.00,0.00,0.00,0,0,0.00,0.00,0.00,0,0,0.00,0.00,0,0
1544346763,3001-eth2,1225003.00,918645.38,2143648.50,919564,1226228,691.31,856.14,1547.45,857,692,0.00,0.00,0,0
1544346763,1004-eth1,0.00,59.94,59.94,60,0,0.00,1.00,1.00,1,0,0.00,0.00,0,0
1544346763,3005-eth4,1203116.88,814925.12,2018042.00,815740,1204320,607.39,665.33,1272.73,666,608,0.00,0.00,0,0
1544346763,1003-eth2,794673.38,585458.56,1380131.88,586044,795468,339.66,388.61,728.27,389,340,0.00,0.00,0,0
1544346763,3008-eth1,59.94,0.00,59.94,0,60,1.00,0.00,1.00,0,1,0.00,0.00,0,0
1544346763,1002-eth3,11552.45,11552.45,23104.90,11564,11564,117.88,117.88,235.76,118,118,0.00,0.00,0,0
1544346763,2006-eth1,802937.06,327512.50,1130449.62,327840,803740,427.57,359.64,787.21,360,428,0.00,0.00,0,0
1544346763,3003-eth1,9790.21,9790.21,19580.42,9800,9800,99.90,99.90,199.80,100,100,0.00,0.00,0,0
1544346763,2001-eth3,9692.31,9752.25,19444.56,9762,9702,98.90,99.90,198.80,100,99,0.00,0.00,0,0
1544346763,2008-eth2,0.00,0.00,0.00,0,0,0.00,0.00,0.00,0,0,0.00,0.00,0,0
1544346763,2008-eth3,1218193.88,943774.25,2161968.00,944718,1219412,627.37,886.11,1513.49,887,628,0.00,0.00,0,0
1544346763,1001-eth3,3916.08,3916.08,7832.17,3920,3920,39.96,39.96,79.92,40,40,0.00,0.00,0,0
1544346763,2007-eth4,0.00,59.94,59.94,60,0,0.00,1.00,1.00,1,0,0.00,0.00,0,0
1544346763,2004-eth2,59.94,0.00,59.94,0,60,1.00,0.00,1.00,0,1,0.00,0.00,0,0
1544346763,3002-eth1,9692.31,9752.25,19444.56,9762,9702,98.90,99.90,198.80,100,99,0.00,0.00,0,0
1544346763,3004-eth1,9790.21,9790.21,19580.42,9800,9800,99.90,99.90,199.80,100,100,0.00,0.00,0,0
1544346763,2006-eth3,1227582.50,824008.00,2051590.50,824832,1228810,671.33,747.25,1418.58,748,672,0.00,0.00,0,0
1544346763,3004-eth2,782052.00,184017.98,966069.94,184202,782834,320.68,267.73,588.41,268,321,0.00,0.00,0,0
1544346763,3001-eth3,28807.19,896353.69,925160.88,897250,28836,388.61,404.60,793.21,405,389,0.00,0.00,0,0
1544346763,2003-eth4,9790.21,9790.21,19580.42,9800,9800,99.90,99.90,199.80,100,100,0.00,0.00,0,0
1544346763,2008-eth4,1223594.50,1226939.12,2450533.50,1228166,1224818,764.24,697.30,1461.54,698,765,0.00,0.00,0,0
1544346763,3008-eth3,509062.94,1032251.75,1541314.75,1033284,509572,436.56,519.48,956.04,520,437,0.00,0.00,0,0
1544346763,2005-eth2,11552.45,11552.45,23104.90,11564,11564,117.88,117.88,235.76,118,118,0.00,0.00,0,0
1544346763,2006-eth4,21164.84,988841.19,1010006.00,989830,21186,320.68,341.66,662.34,342,321,0.00,0.00,0,0
1544346763,3006-eth2,988841.19,21164.84,1010006.00,21186,989830,341.66,320.68,662.34,321,342,0.00,0.00,0,0
1544346763,1003-eth4,575830.19,5726.27,581556.44,5732,576406,198.80,67.93,266.73,68,199,0.00,0.00,0,0
1544346763,2006-eth2,0.00,0.00,0.00,0,0,0.00,0.00,0.00,0,0,0.00,0.00,0,0
1544346763,3001-eth1,9752.25,9692.31,19444.56,9702,9762,99.90,98.90,198.80,99,100,0.00,0.00,0,0
1544346763,3008-eth2,1226939.12,1223594.50,2450533.50,1224818,1228166,697.30,764.24,1461.54,765,698,0.00,0.00,0,0
1544346763,2004-eth3,1224555.50,772315.69,1996871.12,773088,1225780,625.37,655.34,1280.72,656,626,0.00,0.00,0,0
1544346763,3001-eth4,899590.44,609350.69,1508941.12,609960,900490,567.43,487.51,1054.95,488,568,0.00,0.00,0,0
1544346763,1003-eth1,13990.01,314985.03,328975.03,315300,14004,155.84,169.83,325.67,170,156,0.00,0.00,0,0
1544346763,3002-eth2,1233570.50,1225051.00,2458621.50,1226276,1234804,1024.98,905.09,1930.07,906,1026,0.00,0.00,0,0
1544346763,2005-eth4,15510.49,15570.43,31080.92,15586,15526,158.84,159.84,318.68,160,159,0.00,0.00,0,0
1544346763,3003-eth2,772315.69,1224555.50,1996871.12,1225780,773088,655.34,625.37,1280.72,626,656,0.00,0.00,0,0
1544346763,2007-eth1,0.00,0.00,0.00,0,0,0.00,0.00,0.00,0,0,0.00,0.00,0,0
1544346763,1002-eth4,0.00,0.00,0.00,0,0,0.00,0.00,0.00,0,0,0.00,0.00,0,0
1544346763,3002-eth4,1208899.12,1000425.62,2209324.75,1001426,1210108,733.27,736.26,1469.53,737,734,0.00,0.00,0,0
1544346763,2007-eth3,0.00,0.00,0.00,0,0,0.00,0.00,0.00,0,0,0.00,0.00,0,0
1544346763,3005-eth1,41.96,41.96,83.92,42,42,1.00,1.00,2.00,1,1,0.00,0.00,0,0
1544346763,2001-eth4,9752.25,9692.31,19444.56,9702,9762,99.90,98.90,198.80,99,100,0.00,0.00,0,0
1544346763,3003-eth4,13218.78,180033.97,193252.75,180214,13232,151.85,158.84,310.69,159,152,0.00,0.00,0,0
1544346763,2004-eth1,588417.62,794673.38,1383091.00,795468,589006,389.61,339.66,729.27,340,390,0.00,0.00,0,0
1544346763,3006-eth4,18069.93,387078.94,405148.88,387466,18088,226.77,228.77,455.54,229,227,0.00,0.00,0,0
1544346763,3007-eth1,0.00,0.00,0.00,0,0,0.00,0.00,0.00,0,0,0.00,0.00,0,0
1544346763,2008-eth1,5726.27,575830.19,581556.44,576406,5732,67.93,198.80,266.73,199,68,0.00,0.00,0,0
1544346763,2002-eth2,59.94,0.00,59.94,0,60,1.00,0.00,1.00,0,1,0.00,0.00,0,0
1544346763,2003-eth1,7832.17,7832.17,15664.34,7840,7840,79.92,79.92,159.84,80,80,0.00,0.00,0,0
1544346763,3008-eth4,717610.44,442523.50,1160133.88,442966,718328,330.67,388.61,719.28,389,331,0.00,0.00,0,0
1544346763,1004-eth4,0.00,0.00,0.00,0,0,0.00,0.00,0.00,0,0,0.00,0.00,0,0
1544346763,3006-eth1,15570.43,15510.49,31080.92,15526,15586,159.84,158.84,318.68,159,160,0.00,0.00,0,0
1544346763,1004-eth3,0.00,0.00,0.00,0,0,0.00,0.00,0.00,0,0,0.00,0.00,0,0
1544346763,1002-eth2,7832.17,7832.17,15664.34,7840,7840,79.92,79.92,159.84,80,80,0.00,0.00,0,0
1544346763,3004-eth3,32867.13,1087408.62,1120275.75,1088496,32900,449.55,471.53,921.08,472,450,0.00,0.00,0,0
1544346763,2003-eth3,9790.21,9790.21,19580.42,9800,9800,99.90,99.90,199.80,100,100,0.00,0.00,0,0
1544346763,2005-eth1,3916.08,3916.08,7832.17,3920,3920,39.96,39.96,79.92,40,40,0.00,0.00,0,0
1544346763,3002-eth3,25844.16,304623.38,330467.53,304928,25870,270.73,271.73,542.46,272,271,0.00,0.00,0,0
1544346763,3006-eth3,22249.75,620737.25,642987.00,621358,22272,290.71,306.69,597.40,307,291,0.00,0.00,0,0
1544346763,2001-eth1,3916.08,3916.08,7832.17,3920,3920,39.96,39.96,79.92,40,40,0.00,0.00,0,0
1544346763,3005-eth2,824008.00,1230541.50,2054549.50,1231772,824832,747.25,672.33,1419.58,673,748,0.00,0.00,0,0
1544346763,2001-eth2,11612.39,11552.45,23164.84,11564,11624,118.88,117.88,236.76,118,119,0.00,0.00,0,0
1544346763,3007-eth2,943840.19,1221152.88,2164993.00,1222374,944784,887.11,628.37,1515.48,629,888,0.00,0.00,0,0
1544346763,1001-eth1,3916.08,3916.08,7832.17,3920,3920,39.96,39.96,79.92,40,40,0.00,0.00,0,0
1544346763,3007-eth4,783948.06,323968.03,1107916.12,324292,784732,393.61,393.61,787.21,394,394,0.00,0.00,0,0
1544346763,2003-eth2,7832.17,7832.17,15664.34,7840,7840,79.92,79.92,159.84,80,80,0.00,0.00,0,0
1544346763,3007-eth3,436768.47,203738.53,640507.00,204146,437642,234.53,240.52,475.05,241,235,0.00,0.00,0,0
1544346763,1002-eth1,11540.92,11600.80,23141.72,11624,11564,117.76,118.76,236.53,119,118,0.00,0.00,0,0
1544346763,2002-eth3,920684.62,1223780.50,2144465.25,1226228,922526,856.29,690.62,1546.91,692,858,0.00,0.00,0,0
1544346763,2007-eth2,0.00,0.00,0.00,0,0,0.00,0.00,0.00,0,0,0.00,0.00,0,0
1544346763,total,28423236.00,29385524.00,57808760.00,29444294,28480082,21789.42,22059.88,43849.30,22104,21833,0.00,0.00,0,0
1544346764,3003-eth3,1210265.75,564869.12,1775134.88,565434,1211476,534.47,602.40,1136.86,603,535,0.00,0.00,0,0
1544346764,2002-eth1,259482.53,7342.66,266825.19,7350,259742,161.84,104.90,266.73,105,162,0.00,0.00,0,0
1544346764,lo,7986.01,7986.01,15972.03,7994,7994,77.92,77.92,155.84,78,78,0.00,0.00,0,0
1544346764,3005-eth3,1214841.25,1211794.25,2426635.50,1213006,1216056,851.15,820.18,1671.33,821,852,0.00,0.00,0,0
1544346764,2005-eth3,101.90,101.90,203.80,102,102,2.00,2.00,4.00,2,2,0.00,0.00,0,0
1544346764,3004-eth4,1214689.38,758967.06,1973656.38,759726,1215904,607.39,650.35,1257.74,651,608,0.00,0.00,0,0
1544346764,1004-eth2,0.00,0.00,0.00,0,0,0.00,0.00,0.00,0,0,0.00,0.00,0,0
1544346764,2004-eth4,174977.03,736549.50,911526.50,737286,175152,263.74,310.69,574.43,311,264,0.00,0.00,0,0
1544346764,1001-eth2,7500.50,7440.56,14941.06,7448,7508,76.92,75.92,152.85,76,77,0.00,0.00,0,0
1544346764,1003-eth3,277192.81,570949.06,848141.88,571520,277470,362.64,337.66,700.30,338,363,0.00,0.00,0,0
1544346764,2002-eth4,1210477.50,1219872.12,2430349.75,1221092,1211688,748.25,905.09,1653.35,906,749,0.00,0.00,0,0
1544346764,1001-eth4,59.94,59.94,119.88,60,60,1.00,1.00,2.00,1,1,0.00,0.00,0,0
1544346764,3001-eth2,1208847.12,960449.56,2169296.75,961410,1210056,694.31,744.26,1438.56,745,695,0.00,0.00,0,0
1544346764,1004-eth1,0.00,0.00,0.00,0,0,0.00,0.00,0.00,0,0,0.00,0.00,0,0
1544346764,3005-eth4,1198571.50,589428.56,1788000.00,590018,1199770,591.41,624.38,1215.78,625,592,0.00,0.00,0,0
1544346764,1003-eth2,574687.31,549676.31,1124363.62,550226,575262,350.65,392.61,743.26,393,351,0.00,0.00,0,0
1544346764,3008-eth1,0.00,59.94,59.94,60,0,0.00,1.00,1.00,1,0,0.00,0.00,0,0
1544346764,1002-eth3,11496.50,11654.35,23150.85,11666,11508,117.88,119.88,237.76,120,118,0.00,0.00,0,0
1544346764,2006-eth1,570949.06,277192.81,848141.88,277470,571520,337.66,362.64,700.30,363,338,0.00,0.00,0,0
1544346764,3003-eth1,9402.60,9342.66,18745.26,9352,9412,96.90,95.90,192.81,96,97,0.00,0.00,0,0
1544346764,2001-eth3,9594.41,9594.41,19188.81,9604,9604,97.90,97.90,195.80,98,98,0.00,0.00,0,0
1544346764,2008-eth2,0.00,0.00,0.00,0,0,0.00,0.00,0.00,0,0,0.00,0.00,0,0
1544346764,2008-eth3,1055708.38,1054215.88,2109924.25,1055270,1056764,763.24,762.24,1525.47,763,764,0.00,0.00,0,0
1544346764,1001-eth3,3878.12,3878.12,7756.24,3882,3882,39.96,39.96,79.92,40,40,0.00,0.00,0,0
1544346764,2007-eth4,59.94,0.00,59.94,0,60,1.00,0.00,1.00,0,1,0.00,0.00,0,0
1544346764,2004-eth2,0.00,0.00,0.00,0,0,0.00,0.00,0.00,0,0,0.00,0.00,0,0
1544346764,3002-eth1,9398.60,9300.70,18699.30,9310,9408,95.90,94.91,190.81,95,96,0.00,0.00,0,0
1544346764,3004-eth1,9594.41,9850.15,19444.56,9860,9604,97.90,100.90,198.80,101,98,0.00,0.00,0,0
1544346764,2006-eth3,1219194.88,591250.75,1810445.62,591842,1220414,662.34,645.35,1307.69,646,663,0.00,0.00,0,0
1544346764,3004-eth2,736549.50,174977.03,911526.50,175152,737286,310.69,263.74,574.43,264,311,0.00,0.00,0,0
1544346764,3001-eth3,24957.04,712729.31,737686.31,713442,24982,330.67,340.66,671.33,341,331,0.00,0.00,0,0
1544346764,2003-eth4,9850.15,9594.41,19444.56,9604,9860,100.90,97.90,198.80,98,101,0.00,0.00,0,0
1544346764,2008-eth4,1212667.38,1063830.25,2276497.50,1064894,1213880,730.27,880.12,1610.39,881,731,0.00,0.00,0,0
1544346764,3008-eth3,655636.38,703456.56,1359093.00,704160,656292,465.53,459.54,925.07,460,466,0.00,0.00,0,0
1544346764,2005-eth2,11654.35,11496.50,23150.85,11508,11666,119.88,117.88,237.76,118,120,0.00,0.00,0,0
1544346764,2006-eth4,20241.76,929666.38,949908.12,930596,20262,306.69,321.68,628.37,322,307,0.00,0.00,0,0
1544346764,3006-eth2,929666.38,20241.76,949908.12,20262,930596,321.68,306.69,628.37,307,322,0.00,0.00,0,0
1544346764,1003-eth4,528947.06,11080.92,540028.00,11092,529476,189.81,117.88,307.69,118,190,0.00,0.00,0,0
1544346764,2006-eth2,0.00,0.00,0.00,0,0,0.00,0.00,0.00,0,0,0.00,0.00,0,0
1544346764,3001-eth1,9594.41,9594.41,19188.81,9604,9604,97.90,97.90,195.80,98,98,0.00,0.00,0,0
1544346764,3008-eth2,1063830.25,1212667.38,2276497.50,1213880,1064894,880.12,730.27,1610.39,731,881,0.00,0.00,0,0
1544346764,2004-eth3,1212537.50,721754.25,1934291.75,722476,1213750,568.43,656.34,1224.78,657,569,0.00,0.00,0,0
1544346764,3001-eth4,945086.94,596137.88,1541224.88,596734,946032,511.49,506.49,1017.98,507,512,0.00,0.00,0,0
1544346764,1003-eth1,7342.66,259482.53,266825.19,259742,7350,104.90,161.84,266.73,162,105,0.00,0.00,0,0
1544346764,3002-eth2,1219872.12,1210477.50,2430349.75,1211688,1221092,905.09,748.25,1653.35,749,906,0.00,0.00,0,0
1544346764,2005-eth4,15332.67,15370.63,30703.30,15386,15348,156.84,156.84,313.69,157,157,0.00,0.00,0,0
1544346764,3003-eth2,721754.25,1212537.50,1934291.75,1213750,722476,656.34,568.43,1224.78,569,657,0.00,0.00,0,0
1544346764,2007-eth1,59.94,59.94,119.88,60,60,1.00,1.00,2.00,1,1,0.00,0.00,0,0
1544346764,1002-eth4,0.00,0.00,0.00,0,0,0.00,0.00,0.00,0,0,0.00,0.00,0,0
1544346764,3002-eth4,1201806.25,822223.81,2024030.00,823046,1203008,631.37,666.33,1297.70,667,632,0.00,0.00,0,0
1544346764,2007-eth3,0.00,0.00,0.00,0,0,0.00,0.00,0.00,0,0,0.00,0.00,0,0
1544346764,3005-eth1,101.90,101.90,203.80,102,102,2.00,2.00,4.00,2,2,0.00,0.00,0,0
1544346764,2001-eth4,9300.70,9398.60,18699.30,9408,9310,94.91,95.90,190.81,96,95,0.00,0.00,0,0
1544346764,3003-eth4,11734.27,166195.81,177930.08,166362,11746,131.87,148.85,280.72,149,132,0.00,0.00,0,0
1544346764,2004-eth1,546717.31,574687.31,1121404.62,575262,547264,391.61,350.65,742.26,351,392,0.00,0.00,0,0
1544346764,3006-eth4,18067.93,391574.44,409642.38,391966,18086,226.77,230.77,457.54,231,227,0.00,0.00,0,0
1544346764,3007-eth1,0.00,0.00,0.00,0,0,0.00,0.00,0.00,0,0,0.00,0.00,0,0
1544346764,2008-eth1,11080.92,528947.06,540028.00,529476,11092,117.88,189.81,307.69,190,118,0.00,0.00,0,0
1544346764,2002-eth2,0.00,0.00,0.00,0,0,0.00,0.00,0.00,0,0,0.00,0.00,0,0
1544346764,2003-eth1,7440.56,7500.50,14941.06,7508,7448,75.92,76.92,152.85,77,76,0.00,0.00,0,0
1544346764,3008-eth4,552499.50,193816.19,746315.69,194010,553052,261.74,248.75,510.49,249,262,0.00,0.00,0,0
1544346764,1004-eth4,0.00,0.00,0.00,0,0,0.00,0.00,0.00,0,0,0.00,0.00,0,0
1544346764,3006-eth1,15370.63,15332.67,30703.30,15348,15386,156.84,156.84,313.69,157,157,0.00,0.00,0,0
1544346764,1004-eth3,0.00,0.00,0.00,0,0,0.00,0.00,0.00,0,0,0.00,0.00,0,0
1544346764,1002-eth2,7776.22,7580.42,15356.64,7588,7784,79.92,77.92,157.84,78,80,0.00,0.00,0,0
1544346764,3004-eth3,32207.79,1057622.38,1089830.25,1058680,32240,439.56,459.54,899.10,460,440,0.00,0.00,0,0
1544346764,2003-eth3,9342.66,9402.60,18745.26,9412,9352,95.90,96.90,192.81,97,96,0.00,0.00,0,0
1544346764,2005-eth1,3878.12,3878.12,7756.24,3882,3882,39.96,39.96,79.92,40,40,0.00,0.00,0,0
1544346764,3002-eth3,17912.09,247312.69,265224.78,247560,17930,210.79,215.78,426.57,216,211,0.00,0.00,0,0
1544346764,3006-eth3,21362.64,557378.62,578741.25,557936,21384,275.72,287.71,563.44,288,276,0.00,0.00,0,0
1544346764,2001-eth1,3622.38,3682.32,7304.70,3686,3626,36.96,37.96,74.93,38,37,0.00,0.00,0,0
1544346764,3005-eth2,591250.75,1216235.75,1807486.62,1217452,591842,645.35,661.34,1306.69,662,646,0.00,0.00,0,0
1544346764,2001-eth2,11650.35,11552.45,23202.80,11564,11662,118.88,117.88,236.76,118,119,0.00,0.00,0,0
1544346764,3007-eth2,1054149.88,1052749.25,2106899.25,1053802,1055204,761.24,762.24,1523.48,763,762,0.00,0.00,0,0
1544346764,1001-eth1,3682.32,3622.38,7304.70,3626,3686,37.96,36.96,74.93,37,38,0.00,0.00,0,0
1544346764,3007-eth4,913660.38,647170.88,1560831.25,647818,914574,562.44,556.44,1118.88,557,563,0.00,0.00,0,0
1544346764,2003-eth2,7580.42,7776.22,15356.64,7784,7588,77.92,79.92,157.84,80,78,0.00,0.00,0,0
1544346764,3007-eth3,139088.92,406979.03,546067.94,407386,139228,199.80,204.80,404.60,205,200,0.00,0.00,0,0
1544346764,1002-eth1,11552.45,11650.35,23202.80,11662,11564,117.88,118.88,236.76,119,118,0.00,0.00,0,0
1544346764,2002-eth3,957490.56,1208847.12,2166337.75,1210056,958448,743.26,694.31,1437.56,695,744,0.00,0.00,0,0
1544346764,2007-eth2,0.00,0.00,0.00,0,0,0.00,0.00,0.00,0,0,0.00,0.00,0,0
1544346764,total,26944866.00,27200200.00,54145064.00,27227400,26971810,20927.07,21118.88,42045.96,21140,20948,0.00,0.00,0,0
1544346765,3003-eth3,1214503.50,118755.25,1333258.75,118874,1215718,456.54,460.54,917.08,461,457,0.00,0.00,0,0
1544346765,2002-eth1,270591.41,5400.60,275992.00,5406,270862,110.89,81.92,192.81,82,111,0.00,0.00,0,0
1544346765,lo,62069.93,62069.93,124139.87,62132,62132,267.73,267.73,535.46,268,268,0.00,0.00,0,0
1544346765,3005-eth3,1218873.12,1219328.75,2438201.75,1220548,1220092,868.13,809.19,1677.32,810,869,0.00,0.00,0,0
1544346765,2005-eth3,0.00,0.00,0.00,0,0,0.00,0.00,0.00,0,0,0.00,0.00,0,0
1544346765,3004-eth4,1215336.75,616809.19,1832145.88,617426,1216552,629.37,644.36,1273.73,645,630,0.00,0.00,0,0
1544346765,1004-eth2,59.94,0.00,59.94,0,60,1.00,0.00,1.00,0,1,0.00,0.00,0,0
1544346765,2004-eth4,178315.69,593798.19,772113.94,594392,178494,266.73,295.70,562.44,296,267,0.00,0.00,0,0
1544346765,1001-eth2,7734.27,7734.27,15468.53,7742,7742,78.92,78.92,157.84,79,79,0.00,0.00,0,0
1544346765,1003-eth3,289936.06,450131.88,740067.94,450582,290226,316.68,310.69,627.37,311,317,0.00,0.00,0,0
1544346765,2002-eth4,1218735.25,1218273.75,2437009.00,1219492,1219954,800.20,793.21,1593.41,794,801,0.00,0.00,0,0
1544346765,1001-eth4,0.00,0.00,0.00,0,0,0.00,0.00,0.00,0,0,0.00,0.00,0,0
1544346765,3001-eth2,1216939.12,947682.31,2164621.50,948630,1218156,685.31,682.32,1367.63,683,686,0.00,0.00,0,0
1544346765,1004-eth1,59.94,0.00,59.94,0,60,1.00,0.00,1.00,0,1,0.00,0.00,0,0
1544346765,3005-eth4,1213370.62,470703.31,1684074.00,471174,1214584,627.37,622.38,1249.75,623,628,0.00,0.00,0,0
1544346765,1003-eth2,456529.47,101872.13,558401.62,101974,456986,354.65,250.75,605.39,251,355,0.00,0.00,0,0
1544346765,3008-eth1,0.00,0.00,0.00,0,0,0.00,0.00,0.00,0,0,0.00,0.00,0,0
1544346765,1002-eth3,11454.55,11356.64,22811.19,11368,11466,116.88,115.88,232.77,116,117,0.00,0.00,0,0
1544346765,2006-eth1,450131.88,289936.06,740067.94,290226,450582,310.69,316.68,627.37,317,311,0.00,0.00,0,0
1544346765,3003-eth1,9692.31,9692.31,19384.62,9702,9702,98.90,98.90,197.80,99,99,0.00,0.00,0,0
1544346765,2001-eth3,9496.50,9496.50,18993.01,9506,9506,96.90,96.90,193.81,97,97,0.00,0.00,0,0
1544346765,2008-eth2,0.00,59.94,59.94,60,0,0.00,1.00,1.00,1,0,0.00,0.00,0,0
1544346765,2008-eth3,1207452.62,534815.19,1742267.75,535350,1208660,625.37,673.33,1298.70,674,626,0.00,0.00,0,0
1544346765,1001-eth3,3916.08,3916.08,7832.17,3920,3920,39.96,39.96,79.92,40,40,0.00,0.00,0,0
1544346765,2007-eth4,0.00,0.00,0.00,0,0,0.00,0.00,0.00,0,0,0.00,0.00,0,0
1544346765,2004-eth2,0.00,59.94,59.94,60,0,0.00,1.00,1.00,1,0,0.00,0.00,0,0
1544346765,3002-eth1,9496.50,9594.41,19090.91,9604,9506,96.90,97.90,194.81,98,97,0.00,0.00,0,0
1544346765,3004-eth1,9692.31,9496.50,19188.81,9506,9702,98.90,96.90,195.80,97,99,0.00,0.00,0,0
1544346765,2006-eth3,1219296.75,470967.03,1690263.75,471438,1220516,673.33,626.37,1299.70,627,674,0.00,0.00,0,0
1544346765,3004-eth2,593798.19,178315.69,772113.94,178494,594392,295.70,266.73,562.44,267,296,0.00,0.00,0,0
1544346765,3001-eth3,23276.72,651938.06,675214.81,652590,23300,305.69,318.68,624.38,319,306,0.00,0.00,0,0
1544346765,2003-eth4,9496.50,9692.31,19188.81,9702,9506,96.90,98.90,195.80,99,97,0.00,0.00,0,0
1544346765,2008-eth4,1216493.50,1219284.75,2435778.25,1220504,1217710,766.23,751.25,1517.48,752,767,0.00,0.00,0,0
1544346765,3008-eth3,371642.38,1219666.38,1591308.75,1220886,372014,414.59,572.43,987.01,573,415,0.00,0.00,0,0
1544346765,2005-eth2,11356.64,11454.55,22811.19,11466,11368,115.88,116.88,232.77,117,116,0.00,0.00,0,0
1544346765,2006-eth4,20835.17,945974.06,966809.19,946920,20856,315.68,327.67,643.36,328,316,0.00,0.00,0,0
1544346765,3006-eth2,945974.06,20835.17,966809.19,20856,946920,327.67,315.68,643.36,316,328,0.00,0.00,0,0
1544346765,1003-eth4,82527.48,11832.17,94359.64,11844,82610,44.96,125.87,170.83,126,45,0.00,0.00,0,0
1544346765,2006-eth2,0.00,59.94,59.94,60,0,0.00,1.00,1.00,1,0,0.00,0.00,0,0
1544346765,3001-eth1,9496.50,9496.50,18993.01,9506,9506,96.90,96.90,193.81,97,97,0.00,0.00,0,0
1544346765,3008-eth2,1219284.75,1216493.50,2435778.25,1217710,1220504,751.25,766.23,1517.48,767,752,0.00,0.00,0,0
1544346765,2004-eth3,1217272.75,280187.81,1497460.62,280468,1218490,498.50,517.48,1015.98,518,499,0.00,0.00,0,0
1544346765,3001-eth4,933902.12,492307.72,1426209.88,492800,934836,473.53,467.53,941.06,468,474,0.00,0.00,0,0
1544346765,1003-eth1,5400.60,270591.41,275992.00,270862,5406,81.92,110.89,192.81,111,82,0.00,0.00,0,0
1544346765,3002-eth2,1218273.75,1218735.25,2437009.00,1219954,1219492,793.21,800.20,1593.41,801,794,0.00,0.00,0,0
1544346765,2005-eth4,15370.63,15272.73,30643.36,15288,15386,156.84,155.84,312.69,156,157,0.00,0.00,0,0
1544346765,3003-eth2,280187.81,1217272.75,1497460.62,1218490,280468,517.48,498.50,1015.98,499,518,0.00,0.00,0,0
1544346765,2007-eth1,0.00,0.00,0.00,0,0,0.00,0.00,0.00,0,0,0.00,0.00,0,0
1544346765,1002-eth4,0.00,0.00,0.00,0,0,0.00,0.00,0.00,0,0,0.00,0.00,0,0
1544346765,3002-eth4,1213190.88,1057566.50,2270757.25,1058624,1214404,716.28,747.25,1463.54,748,717,0.00,0.00,0,0
1544346765,2007-eth3,0.00,59.94,59.94,60,0,0.00,1.00,1.00,1,0,0.00,0.00,0,0
1544346765,3005-eth1,0.00,0.00,0.00,0,0,0.00,0.00,0.00,0,0,0.00,0.00,0,0
1544346765,2001-eth4,9594.41,9496.50,19090.91,9506,9604,97.90,96.90,194.81,97,98,0.00,0.00,0,0
1544346765,3003-eth4,12461.54,168099.91,180561.44,168268,12474,140.86,153.85,294.71,154,141,0.00,0.00,0,0
1544346765,2004-eth1,101872.13,456529.47,558401.62,456986,101974,250.75,354.65,605.39,355,251,0.00,0.00,0,0
1544346765,3006-eth4,18265.73,391378.62,409644.38,391770,18284,229.77,228.77,458.54,229,230,0.00,0.00,0,0
1544346765,3007-eth1,59.94,0.00,59.94,0,60,1.00,0.00,1.00,0,1,0.00,0.00,0,0
1544346765,2008-eth1,11832.17,82527.48,94359.64,82610,11844,125.87,44.96,170.83,45,126,0.00,0.00,0,0
1544346765,2002-eth2,0.00,59.94,59.94,60,0,0.00,1.00,1.00,1,0,0.00,0.00,0,0
1544346765,2003-eth1,7734.27,7734.27,15468.53,7742,7742,78.92,78.92,157.84,79,79,0.00,0.00,0,0
1544346765,3008-eth4,846363.69,366723.28,1213087.00,367090,847210,352.65,442.56,795.20,443,353,0.00,0.00,0,0
1544346765,1004-eth4,59.94,0.00,59.94,0,60,1.00,0.00,1.00,0,1,0.00,0.00,0,0
1544346765,3006-eth1,15272.73,15370.63,30643.36,15386,15288,155.84,156.84,312.69,157,156,0.00,0.00,0,0
1544346765,1004-eth3,59.94,0.00,59.94,0,60,1.00,0.00,1.00,0,1,0.00,0.00,0,0
1544346765,1002-eth2,7538.46,7734.27,15272.73,7742,7546,76.92,78.92,155.84,79,77,0.00,0.00,0,0
1544346765,3004-eth3,32507.49,1113942.12,1146449.62,1115056,32540,445.55,479.52,925.07,480,446,0.00,0.00,0,0
1544346765,2003-eth3,9692.31,9692.31,19384.62,9702,9702,98.90,98.90,197.80,99,99,0.00,0.00,0,0
1544346765,2005-eth1,3916.08,3916.08,7832.17,3920,3920,39.96,39.96,79.92,40,40,0.00,0.00,0,0
1544346765,3002-eth3,15258.74,304085.94,319344.66,304390,15274,183.82,198.80,382.62,199,184,0.00,0.00,0,0
1544346765,3006-eth3,21856.14,573784.25,595640.38,574358,21878,282.72,294.71,577.42,295,283,0.00,0.00,0,0
1544346765,2001-eth1,3878.12,3818.18,7696.30,3822,3882,39.96,38.96,78.92,39,40,0.00,0.00,0,0
1544346765,3005-eth2,470967.03,1219296.75,1690263.75,1220516,471438,626.37,673.33,1299.70,674,627,0.00,0.00,0,0
1544346765,2001-eth2,11454.55,11552.45,23006.99,11564,11466,116.88,117.88,234.77,118,117,0.00,0.00,0,0
1544346765,3007-eth2,534815.19,1207452.62,1742267.75,1208660,535350,673.33,625.37,1298.70,626,674,0.00,0.00,0,0
1544346765,1001-eth1,3818.18,3878.12,7696.30,3882,3822,38.96,39.96,78.92,40,39,0.00,0.00,0,0
1544346765,3007-eth4,822643.38,215080.92,1037724.31,215296,823466,371.63,387.61,759.24,388,372,0.00,0.00,0,0
1544346765,2003-eth2,7734.27,7538.46,15272.73,7546,7742,78.92,76.92,155.84,77,79,0.00,0.00,0,0
1544346765,3007-eth3,384929.09,319674.34,704603.44,319994,385314,255.74,284.72,540.46,285,256,0.00,0.00,0,0
1544346765,1002-eth1,11552.45,11454.55,23006.99,11466,11564,117.88,116.88,234.77,117,118,0.00,0.00,0,0
1544346765,2002-eth3,947682.31,1216939.12,2164621.50,1218156,948630,682.32,685.31,1367.63,686,683,0.00,0.00,0,0
1544346765,2007-eth2,0.00,0.00,0.00,0,0,0.00,0.00,0.00,0,0,0.00,0.00,0,0
1544346765,total,25195286.00,24936748.00,50132032.00,24961684,25220480,19957.04,20315.68,40272.73,20336,19977,0.00,0.00,0,0
1544346766,3003-eth3,1219075.00,288333.69,1507408.62,288622,1220294,564.44,578.42,1142.86,579,565,0.00,0.00,0,0
1544346766,2002-eth1,269404.59,5604.40,275009.00,5610,269674,92.91,84.92,177.82,85,93,0.00,0.00,0,0
1544346766,lo,7934.07,7934.07,15868.13,7942,7942,76.92,76.92,153.85,77,77,0.00,0.00,0,0
1544346766,3005-eth3,1227158.88,1222287.75,2449446.50,1223510,1228386,840.16,810.19,1650.35,811,841,0.00,0.00,0,0
1544346766,2005-eth3,0.00,0.00,0.00,0,0,0.00,0.00,0.00,0,0,0.00,0.00,0,0
1544346766,3004-eth4,1224399.62,419674.34,1644074.00,420094,1225624,607.39,594.41,1201.80,595,608,0.00,0.00,0,0
1544346766,1004-eth2,0.00,0.00,0.00,0,0,0.00,0.00,0.00,0,0,0.00,0.00,0,0
1544346766,2004-eth4,250975.03,397118.91,648093.94,397516,251226,338.66,252.75,591.41,253,339,0.00,0.00,0,0
1544346766,1001-eth2,7734.27,7794.21,15528.47,7802,7742,78.92,79.92,158.84,80,79,0.00,0.00,0,0
1544346766,1003-eth3,288433.56,526921.06,815354.69,527448,288722,295.70,290.71,586.41,291,296,0.00,0.00,0,0
1544346766,2002-eth4,1221232.75,1222084.00,2443316.75,1223306,1222454,794.21,807.19,1601.40,808,795,0.00,0.00,0,0
1544346766,1001-eth4,0.00,0.00,0.00,0,0,0.00,0.00,0.00,0,0,0.00,0.00,0,0
1544346766,3001-eth2,1221752.25,952619.44,2174371.75,953572,1222974,758.24,713.29,1471.53,714,759,0.00,0.00,0,0
1544346766,1004-eth1,0.00,0.00,0.00,0,0,0.00,0.00,0.00,0,0,0.00,0.00,0,0
1544346766,3005-eth4,1214357.62,547366.62,1761724.38,547914,1215572,607.39,600.40,1207.79,601,608,0.00,0.00,0,0
1544346766,1003-eth2,529298.69,263918.09,793216.81,264182,529828,290.71,318.68,609.39,319,291,0.00,0.00,0,0
1544346766,3008-eth1,0.00,0.00,0.00,0,0,0.00,0.00,0.00,0,0,0.00,0.00,0,0
1544346766,1002-eth3,11514.49,11454.55,22969.03,11466,11526,117.88,116.88,234.77,117,118,0.00,0.00,0,0
1544346766,2006-eth1,526921.06,288433.56,815354.69,288722,527448,290.71,295.70,586.41,296,291,0.00,0.00,0,0
1544346766,3003-eth1,9594.41,9654.35,19248.75,9664,9604,97.90,98.90,196.80,99,98,0.00,0.00,0,0
1544346766,2001-eth3,9594.41,9594.41,19188.81,9604,9604,97.90,97.90,195.80,98,98,0.00,0.00,0,0
1544346766,2008-eth2,0.00,0.00,0.00,0,0,0.00,0.00,0.00,0,0,0.00,0.00,0,0
1544346766,2008-eth3,1214449.62,892985.06,2107434.50,893878,1215664,669.33,730.27,1399.60,731,670,0.00,0.00,0,0
1544346766,1001-eth3,3818.18,3818.18,7636.36,3822,3822,38.96,38.96,77.92,39,39,0.00,0.00,0,0
1544346766,2007-eth4,0.00,0.00,0.00,0,0,0.00,0.00,0.00,0,0,0.00,0.00,0,0
1544346766,2004-eth2,0.00,0.00,0.00,0,0,0.00,0.00,0.00,0,0,0.00,0.00,0,0
1544346766,3002-eth1,9850.15,9790.21,19640.36,9800,9860,100.90,99.90,200.80,100,101,0.00,0.00,0,0
1544346766,3004-eth1,9850.15,9790.21,19640.36,9800,9860,100.90,99.90,200.80,100,101,0.00,0.00,0,0
1544346766,2006-eth3,1221722.25,547564.44,1769286.75,548112,1222944,609.39,603.40,1212.79,604,610,0.00,0.00,0,0
1544346766,3004-eth2,397118.91,250975.03,648093.94,251226,397516,252.75,338.66,591.41,339,253,0.00,0.00,0,0
1544346766,3001-eth3,24957.04,723052.94,748010.00,723776,24982,330.67,343.66,674.33,344,331,0.00,0.00,0,0
1544346766,2003-eth4,9790.21,9850.15,19640.36,9860,9800,99.90,100.90,200.80,101,100,0.00,0.00,0,0
1544346766,2008-eth4,1237356.62,1222337.75,2459694.25,1223560,1238594,1235.76,753.25,1989.01,754,1237,0.00,0.00,0,0
1544346766,3008-eth3,585792.25,1223400.62,1809192.88,1224624,586378,744.26,691.31,1435.56,692,745,0.00,0.00,0,0
1544346766,2005-eth2,11454.55,11514.49,22969.03,11526,11466,116.88,117.88,234.77,118,117,0.00,0.00,0,0
1544346766,2006-eth4,20703.30,942883.12,963586.44,943826,20724,313.69,324.68,638.36,325,314,0.00,0.00,0,0
1544346766,3006-eth2,942883.12,20703.30,963586.44,20724,943826,324.68,313.69,638.36,314,325,0.00,0.00,0,0
1544346766,1003-eth4,245009.00,7948.05,252957.05,7956,245254,117.88,84.92,202.80,85,118,0.00,0.00,0,0
1544346766,2006-eth2,0.00,0.00,0.00,0,0,0.00,0.00,0.00,0,0,0.00,0.00,0,0
1544346766,3001-eth1,9594.41,9594.41,19188.81,9604,9604,97.90,97.90,195.80,98,98,0.00,0.00,0,0
1544346766,3008-eth2,1222337.75,1237356.62,2459694.25,1238594,1223560,753.25,1235.76,1989.01,1237,754,0.00,0.00,0,0
1544346766,2004-eth3,1225654.38,514893.12,1740547.50,515408,1226880,620.38,657.34,1277.72,658,621,0.00,0.00,0,0
1544346766,3001-eth4,937256.75,519005.00,1456261.75,519524,938194,480.52,477.52,958.04,478,481,0.00,0.00,0,0
1544346766,1003-eth1,5604.40,269404.59,275009.00,269674,5610,84.92,92.91,177.82,93,85,0.00,0.00,0,0
1544346766,3002-eth2,1222084.00,1221232.75,2443316.75,1222454,1223306,807.19,794.21,1601.40,795,808,0.00,0.00,0,0
1544346766,2005-eth4,15272.73,15272.73,30545.46,15288,15288,155.84,155.84,311.69,156,156,0.00,0.00,0,0
1544346766,3003-eth2,514893.12,1225654.38,1740547.50,1226880,515408,657.34,620.38,1277.72,621,658,0.00,0.00,0,0
1544346766,2007-eth1,0.00,0.00,0.00,0,0,0.00,0.00,0.00,0,0,0.00,0.00,0,0
1544346766,1002-eth4,59.94,59.94,119.88,60,60,1.00,1.00,2.00,1,1,0.00,0.00,0,0
1544346766,3002-eth4,1215694.38,1016337.69,2232032.00,1017354,1216910,710.29,736.26,1446.55,737,711,0.00,0.00,0,0
1544346766,2007-eth3,59.94,0.00,59.94,0,60,1.00,0.00,1.00,0,1,0.00,0.00,0,0
1544346766,3005-eth1,0.00,0.00,0.00,0,0,0.00,0.00,0.00,0,0,0.00,0.00,0,0
1544346766,2001-eth4,9790.21,9850.15,19640.36,9860,9800,99.90,100.90,200.80,101,100,0.00,0.00,0,0
1544346766,3003-eth4,13154.85,236059.95,249214.80,236296,13168,151.85,175.82,327.67,176,152,0.00,0.00,0,0
1544346766,2004-eth1,263918.09,529298.69,793216.81,529828,264182,318.68,290.71,609.39,291,319,0.00,0.00,0,0
1544346766,3006-eth4,16385.62,311548.47,327934.06,311860,16402,200.80,201.80,402.60,202,201,0.00,0.00,0,0
1544346766,3007-eth1,0.00,59.94,59.94,60,0,0.00,1.00,1.00,1,0,0.00,0.00,0,0
1544346766,2008-eth1,7948.05,245009.00,252957.05,245254,7956,84.92,117.88,202.80,118,85,0.00,0.00,0,0
1544346766,2002-eth2,0.00,0.00,0.00,0,0,0.00,0.00,0.00,0,0,0.00,0.00,0,0
1544346766,2003-eth1,7794.21,7734.27,15528.47,7742,7802,79.92,78.92,158.84,79,80,0.00,0.00,0,0
1544346766,3008-eth4,651564.44,613580.44,1265144.88,614194,652216,491.51,518.48,1009.99,519,492,0.00,0.00,0,0
1544346766,1004-eth4,0.00,0.00,0.00,0,0,0.00,0.00,0.00,0,0,0.00,0.00,0,0
1544346766,3006-eth1,15272.73,15272.73,30545.46,15288,15288,155.84,155.84,311.69,156,156,0.00,0.00,0,0
1544346766,1004-eth3,0.00,0.00,0.00,0,0,0.00,0.00,0.00,0,0,0.00,0.00,0,0
1544346766,1002-eth2,7794.21,7794.21,15588.41,7802,7802,79.92,79.92,159.84,80,80,0.00,0.00,0,0
1544346766,3004-eth3,32465.54,1109634.38,1142099.88,1110744,32498,443.56,479.52,923.08,480,444,0.00,0.00,0,0
1544346766,2003-eth3,9654.35,9594.41,19248.75,9604,9664,98.90,97.90,196.80,98,99,0.00,0.00,0,0
1544346766,2005-eth1,3818.18,3818.18,7636.36,3822,3822,38.96,38.96,77.92,39,39,0.00,0.00,0,0
1544346766,3002-eth3,15328.67,293990.03,309318.69,294284,15344,183.82,197.80,381.62,198,184,0.00,0.00,0,0
1544346766,3006-eth3,23506.49,650523.50,674030.00,651174,23530,308.69,318.68,627.37,319,309,0.00,0.00,0,0
1544346766,2001-eth1,3916.08,3916.08,7832.17,3920,3920,39.96,39.96,79.92,40,40,0.00,0.00,0,0
1544346766,3005-eth2,547564.44,1221722.25,1769286.75,1222944,548112,603.40,609.39,1212.79,610,604,0.00,0.00,0,0
1544346766,2001-eth2,11552.45,11612.39,23164.84,11624,11564,117.88,118.88,236.76,119,118,0.00,0.00,0,0
1544346766,3007-eth2,892985.06,1214449.62,2107434.50,1215664,893878,730.27,669.33,1399.60,670,731,0.00,0.00,0,0
1544346766,1001-eth1,3916.08,3916.08,7832.17,3920,3920,39.96,39.96,79.92,40,40,0.00,0.00,0,0
1544346766,3007-eth4,846121.88,627570.44,1473692.38,628198,846968,453.55,522.48,976.02,523,454,0.00,0.00,0,0
1544346766,2003-eth2,7794.21,7794.21,15588.41,7802,7802,79.92,79.92,159.84,80,80,0.00,0.00,0,0
1544346766,3007-eth3,368327.69,289812.19,658139.88,290102,368696,215.78,226.77,442.56,227,216,0.00,0.00,0,0
1544346766,1002-eth1,11612.39,11552.45,23164.84,11564,11624,118.88,117.88,236.76,118,119,0.00,0.00,0,0
1544346766,2002-eth3,952619.44,1221752.25,2174371.75,1222974,953572,713.29,758.24,1471.53,759,714,0.00,0.00,0,0
1544346766,2007-eth2,59.94,59.94,119.88,60,60,1.00,1.00,2.00,1,1,0.00,0.00,0,0
1544346766,total,26267514.00,26744144.00,53011656.00,26770888,26293780,21226.77,21365.63,42592.41,21387,21248,0.00,0.00,0,0
1544346767,3003-eth3,1228735.25,720301.69,1949037.00,721022,1229964,707.29,820.18,1527.47,821,708,0.00,0.00,0,0
1544346767,2002-eth1,248691.31,5802.20,254493.52,5808,248940,85.91,87.91,173.83,88,86,0.00,0.00,0,0
1544346767,lo,7214.79,7214.79,14429.57,7222,7222,70.93,70.93,141.86,71,71,0.00,0.00,0,0
1544346767,3005-eth3,1218999.00,1219196.88,2438195.75,1220416,1220218,804.20,807.19,1611.39,808,805,0.00,0.00,0,0
1544346767,2005-eth3,0.00,0.00,0.00,0,0,0.00,0.00,0.00,0,0,0.00,0.00,0,0
1544346767,3004-eth4,1223716.38,498385.62,1722102.00,498884,1224940,646.35,625.37,1271.73,626,647,0.00,0.00,0,0
1544346767,1004-eth2,0.00,59.94,59.94,60,0,0.00,1.00,1.00,1,0,0.00,0.00,0,0
1544346767,2004-eth4,335550.47,476363.66,811914.12,476840,335886,385.61,291.71,677.32,292,386,0.00,0.00,0,0
1544346767,1001-eth2,7734.27,7734.27,15468.53,7742,7742,78.92,78.92,157.84,79,79,0.00,0.00,0,0
1544346767,1003-eth3,273670.34,513788.22,787458.56,514302,273944,351.65,354.65,706.29,355,352,0.00,0.00,0,0
1544346767,2002-eth4,1224917.12,1224381.62,2449298.75,1225606,1226142,806.19,754.25,1560.44,755,807,0.00,0.00,0,0
1544346767,1001-eth4,0.00,0.00,0.00,0,0,0.00,0.00,0.00,0,0,0.00,0.00,0,0
1544346767,3001-eth2,1224571.50,972731.31,2197302.75,973704,1225796,713.29,667.33,1380.62,668,714,0.00,0.00,0,0
1544346767,1004-eth1,0.00,0.00,0.00,0,0,0.00,0.00,0.00,0,0,0.00,0.00,0,0
1544346767,3005-eth4,1216000.00,533964.06,1749964.12,534498,1217216,655.34,660.34,1315.68,661,656,0.00,0.00,0,0
1544346767,1003-eth2,517752.25,694119.88,1211872.12,694814,518270,370.63,541.46,912.09,542,371,0.00,0.00,0,0
1544346767,3008-eth1,59.94,0.00,59.94,0,60,1.00,0.00,1.00,0,1,0.00,0.00,0,0
1544346767,1002-eth3,11454.55,11454.55,22909.09,11466,11466,116.88,116.88,233.77,117,117,0.00,0.00,0,0
1544346767,2006-eth1,513788.22,273670.34,787458.56,273944,514302,354.65,351.65,706.29,352,355,0.00,0.00,0,0
1544346767,3003-eth1,9832.17,9692.31,19524.48,9702,9842,100.90,98.90,199.80,99,101,0.00,0.00,0,0
1544346767,2001-eth3,9850.15,9790.21,19640.36,9800,9860,100.90,99.90,200.80,100,101,0.00,0.00,0,0
1544346767,2008-eth2,59.94,0.00,59.94,0,60,1.00,0.00,1.00,0,1,0.00,0.00,0,0
1544346767,2008-eth3,1216207.88,719666.38,1935874.12,720386,1217424,752.25,756.24,1508.49,757,753,0.00,0.00,0,0
1544346767,1001-eth3,3818.18,3818.18,7636.36,3822,3822,38.96,38.96,77.92,39,39,0.00,0.00,0,0
1544346767,2007-eth4,0.00,59.94,59.94,60,0,0.00,1.00,1.00,1,0,0.00,0.00,0,0
1544346767,2004-eth2,59.94,0.00,59.94,0,60,1.00,0.00,1.00,0,1,0.00,0.00,0,0
1544346767,3002-eth1,9496.50,9556.44,19052.95,9566,9506,96.90,97.90,194.81,98,97,0.00,0.00,0,0
1544346767,3004-eth1,9594.41,9734.27,19328.67,9744,9604,97.90,99.90,197.80,100,98,0.00,0.00,0,0
1544346767,2006-eth3,1222072.00,534030.00,1756102.00,534564,1223294,659.34,661.34,1320.68,662,660,0.00,0.00,0,0
1544346767,3004-eth2,476363.66,335550.47,811914.12,335886,476840,291.71,385.61,677.32,386,292,0.00,0.00,0,0
1544346767,3001-eth3,22383.62,597456.56,619840.19,598054,22406,290.71,302.70,593.41,303,291,0.00,0.00,0,0
1544346767,2003-eth4,9734.27,9594.41,19328.67,9604,9744,99.90,97.90,197.80,98,100,0.00,0.00,0,0
1544346767,2008-eth4,1230251.75,1225914.12,2456166.00,1227140,1231482,887.11,855.14,1742.26,856,888,0.00,0.00,0,0
1544346767,3008-eth3,496431.59,1073372.62,1569804.25,1074446,496928,398.60,526.47,925.07,527,399,0.00,0.00,0,0
1544346767,2005-eth2,11454.55,11454.55,22909.09,11466,11466,116.88,116.88,233.77,117,117,0.00,0.00,0,0
1544346767,2006-eth4,20301.70,940050.00,960351.69,940990,20322,307.69,325.67,633.37,326,308,0.00,0.00,0,0
1544346767,3006-eth2,940050.00,20301.70,960351.69,20322,940990,325.67,307.69,633.37,308,326,0.00,0.00,0,0
1544346767,1003-eth4,669080.94,9766.23,678847.19,9776,669750,274.73,103.90,378.62,104,275,0.00,0.00,0,0
1544346767,2006-eth2,59.94,0.00,59.94,0,60,1.00,0.00,1.00,0,1,0.00,0.00,0,0
1544346767,3001-eth1,9790.21,9850.15,19640.36,9860,9800,99.90,100.90,200.80,101,100,0.00,0.00,0,0
1544346767,3008-eth2,1225914.12,1230251.75,2456166.00,1231482,1227140,855.14,887.11,1742.26,888,856,0.00,0.00,0,0
1544346767,2004-eth3,1229996.00,1029550.50,2259546.50,1030580,1231226,770.23,925.07,1695.30,926,771,0.00,0.00,0,0
1544346767,3001-eth4,960137.88,484024.00,1444161.88,484508,961098,476.52,473.53,950.05,474,477,0.00,0.00,0,0
1544346767,1003-eth1,5802.20,248691.31,254493.52,248940,5808,87.91,85.91,173.83,86,88,0.00,0.00,0,0
1544346767,3002-eth2,1224381.62,1224917.12,2449298.75,1226142,1225606,754.25,806.19,1560.44,807,755,0.00,0.00,0,0
1544346767,2005-eth4,15272.73,15332.67,30605.39,15348,15288,155.84,156.84,312.69,157,156,0.00,0.00,0,0
1544346767,3003-eth2,1029550.50,1229996.00,2259546.50,1231226,1030580,925.07,770.23,1695.30,771,926,0.00,0.00,0,0
1544346767,2007-eth1,0.00,0.00,0.00,0,0,0.00,0.00,0.00,0,0,0.00,0.00,0,0
1544346767,1002-eth4,0.00,0.00,0.00,0,0,0.00,0.00,0.00,0,0,0.00,0.00,0,0
1544346767,3002-eth4,1216551.50,1037182.88,2253734.25,1038220,1217768,723.28,745.25,1468.53,746,724,0.00,0.00,0,0
1544346767,2007-eth3,0.00,0.00,0.00,0,0,0.00,0.00,0.00,0,0,0.00,0.00,0,0
1544346767,3005-eth1,0.00,0.00,0.00,0,0,0.00,0.00,0.00,0,0,0.00,0.00,0,0
1544346767,2001-eth4,9556.44,9496.50,19052.95,9506,9566,97.90,96.90,194.81,97,98,0.00,0.00,0,0
1544346767,3003-eth4,13912.09,319174.84,333086.94,319494,13926,162.84,206.79,369.63,207,163,0.00,0.00,0,0
1544346767,2004-eth1,694119.88,517752.25,1211872.12,518270,694814,541.46,370.63,912.09,371,542,0.00,0.00,0,0
1544346767,3006-eth4,15622.38,295208.81,310831.19,295504,15638,189.81,195.80,385.61,196,190,0.00,0.00,0,0
1544346767,3007-eth1,0.00,0.00,0.00,0,0,0.00,0.00,0.00,0,0,0.00,0.00,0,0
1544346767,2008-eth1,9766.23,669080.94,678847.19,669750,9776,103.90,274.73,378.62,275,104,0.00,0.00,0,0
1544346767,2002-eth2,0.00,0.00,0.00,0,0,0.00,0.00,0.00,0,0,0.00,0.00,0,0
1544346767,2003-eth1,7734.27,7734.27,15468.53,7742,7742,78.92,78.92,157.84,79,79,0.00,0.00,0,0
1544346767,3008-eth4,733880.12,591288.75,1325168.88,591880,734614,489.51,519.48,1008.99,520,490,0.00,0.00,0,0
1544346767,1004-eth4,0.00,59.94,59.94,60,0,0.00,1.00,1.00,1,0,0.00,0.00,0,0
1544346767,3006-eth1,15332.67,15272.73,30605.39,15288,15348,156.84,155.84,312.69,156,157,0.00,0.00,0,0
1544346767,1004-eth3,0.00,59.94,59.94,60,0,0.00,1.00,1.00,1,0,0.00,0.00,0,0
1544346767,1002-eth2,7832.17,7832.17,15664.34,7840,7840,79.92,79.92,159.84,80,80,0.00,0.00,0,0
1544346767,3004-eth3,31714.29,1099049.00,1130763.25,1100148,31746,432.57,473.53,906.09,474,433,0.00,0.00,0,0
1544346767,2003-eth3,9692.31,9832.17,19524.48,9842,9702,98.90,100.90,199.80,101,99,0.00,0.00,0,0
1544346767,2005-eth1,3818.18,3818.18,7636.36,3822,3822,38.96,38.96,77.92,39,39,0.00,0.00,0,0
1544346767,3002-eth3,14903.10,278901.09,293804.22,279180,14918,178.82,189.81,368.63,190,179,0.00,0.00,0,0
1544346767,3006-eth3,23536.46,663578.44,687114.88,664242,23560,310.69,320.68,631.37,321,311,0.00,0.00,0,0
1544346767,2001-eth1,3916.08,3916.08,7832.17,3920,3920,39.96,39.96,79.92,40,40,0.00,0.00,0,0
1544346767,3005-eth2,534030.00,1222072.00,1756102.00,1223294,534564,661.34,659.34,1320.68,660,662,0.00,0.00,0,0
1544346767,2001-eth2,11514.49,11454.55,22969.03,11466,11526,117.88,116.88,234.77,117,118,0.00,0.00,0,0
1544346767,3007-eth2,719666.38,1216207.88,1935874.12,1217424,720386,756.24,752.25,1508.49,753,757,0.00,0.00,0,0
1544346767,1001-eth1,3916.08,3916.08,7832.17,3920,3920,39.96,39.96,79.92,40,40,0.00,0.00,0,0
1544346767,3007-eth4,904327.69,398681.34,1303009.00,399080,905232,517.48,495.50,1012.99,496,518,0.00,0.00,0,0
1544346767,2003-eth2,7832.17,7832.17,15664.34,7840,7840,79.92,79.92,159.84,80,80,0.00,0.00,0,0
1544346767,3007-eth3,311820.19,296587.41,608407.62,296884,312132,233.77,241.76,475.52,242,234,0.00,0.00,0,0
1544346767,1002-eth1,11454.55,11514.49,22969.03,11526,11466,116.88,117.88,234.77,118,117,0.00,0.00,0,0
1544346767,2002-eth3,972731.31,1224571.50,2197302.75,1225796,973704,667.33,713.29,1380.62,714,668,0.00,0.00,0,0
1544346767,2007-eth2,0.00,0.00,0.00,0,0,0.00,0.00,0.00,0,0,0.00,0.00,0,0
1544346767,total,27599984.00,28073668.00,55673652.00,28101740,27627584,22031.97,22418.58,44450.55,22441,22054,0.00,0.00,0,0
1544346768,3003-eth3,1225624.38,301754.25,1527378.62,302056,1226850,725.27,727.27,1452.55,728,726,0.00,0.00,0,0
1544346768,2002-eth1,266505.50,5736.26,272241.78,5742,266772,92.91,86.91,179.82,87,93,0.00,0.00,0,0
1544346768,lo,65114.89,65114.89,130229.77,65180,65180,290.71,290.71,581.42,291,291,0.00,0.00,0,0
1544346768,3005-eth3,1221892.12,1222024.00,2443916.25,1223246,1223114,804.20,806.19,1610.39,807,805,0.00,0.00,0,0
1544346768,2005-eth3,59.94,0.00,59.94,0,60,1.00,0.00,1.00,0,1,0.00,0.00,0,0
1544346768,3004-eth4,1221636.38,593602.44,1815238.75,594196,1222858,654.35,665.33,1319.68,666,655,0.00,0.00,0,0
1544346768,1004-eth2,0.00,0.00,0.00,0,0,0.00,0.00,0.00,0,0,0.00,0.00,0,0
1544346768,2004-eth4,362967.03,573360.62,936327.69,573934,363330,402.60,358.64,761.24,359,403,0.00,0.00,0,0
1544346768,1001-eth2,7433.13,7502.99,14936.13,7518,7448,75.85,76.85,152.69,77,76,0.00,0.00,0,0
1544346768,1003-eth3,294610.78,750087.88,1044698.62,751588,295200,415.17,417.17,832.34,418,416,0.00,0.00,0,0
1544346768,2002-eth4,1216602.88,1213640.75,2430243.50,1216068,1219036,851.30,784.43,1635.73,786,853,0.00,0.00,0,0
1544346768,1001-eth4,59.88,0.00,59.88,0,60,1.00,0.00,1.00,0,1,0.00,0.00,0,0
1544346768,3001-eth2,1219217.62,950411.19,2169628.75,952312,1221656,781.44,693.61,1475.05,695,783,0.00,0.00,0,0
1544346768,1004-eth1,0.00,59.88,59.88,60,0,0.00,1.00,1.00,1,0,0.00,0.00,0,0
1544346768,3005-eth4,1216616.75,770243.56,1986860.38,771784,1219050,720.56,722.55,1443.11,724,722,0.00,0.00,0,0
1544346768,1003-eth2,751674.69,274449.09,1026123.75,274998,753178,408.18,438.12,846.31,439,409,0.00,0.00,0,0
1544346768,3008-eth1,0.00,0.00,0.00,0,0,0.00,0.00,0.00,0,0,0.00,0.00,0,0
1544346768,1002-eth3,11443.11,11502.99,22946.11,11526,11466,116.77,117.76,234.53,118,117,0.00,0.00,0,0
1544346768,2006-eth1,750087.88,294610.78,1044698.62,295200,751588,417.17,415.17,832.34,416,418,0.00,0.00,0,0
1544346768,3003-eth1,9235.53,9291.42,18526.95,9310,9254,94.81,94.81,189.62,95,95,0.00,0.00,0,0
1544346768,2001-eth3,9584.83,9644.71,19229.54,9664,9604,97.80,98.80,196.61,99,98,0.00,0.00,0,0
1544346768,2008-eth2,0.00,0.00,0.00,0,0,0.00,0.00,0.00,0,0,0.00,0.00,0,0
1544346768,2008-eth3,1209738.50,491185.66,1700924.25,492168,1212158,637.72,610.78,1248.50,612,639,0.00,0.00,0,0
1544346768,1001-eth3,3776.45,3776.45,7552.89,3784,3784,38.92,38.92,77.84,39,39,0.00,0.00,0,0
1544346768,2007-eth4,0.00,0.00,0.00,0,0,0.00,0.00,0.00,0,0,0.00,0.00,0,0
1544346768,2004-eth2,0.00,0.00,0.00,0,0,0.00,0.00,0.00,0,0,0.00,0.00,0,0
1544346768,3002-eth1,9291.42,9291.42,18582.83,9310,9310,94.81,94.81,189.62,95,95,0.00,0.00,0,0
1544346768,3004-eth1,9487.03,9491.02,18978.04,9510,9506,96.81,97.80,194.61,98,97,0.00,0.00,0,0
1544346768,2006-eth3,1218199.62,770375.25,1988574.88,771916,1220636,722.55,724.55,1447.11,726,724,0.00,0.00,0,0
1544346768,3004-eth2,572788.44,362604.81,935393.25,363330,573934,358.28,402.20,760.48,403,359,0.00,0.00,0,0
1544346768,3001-eth3,24135.73,700263.50,724399.25,701664,24184,318.36,337.33,655.69,338,319,0.00,0.00,0,0
1544346768,2003-eth4,9491.02,9487.03,18978.04,9506,9510,97.80,96.81,194.61,97,98,0.00,0.00,0,0
1544346768,2008-eth4,1224912.25,1217115.75,2442028.00,1219550,1227362,999.00,716.57,1715.57,718,1001,0.00,0.00,0,0
1544346768,3008-eth3,483078.78,994183.44,1477262.25,997166,484528,582.25,473.58,1055.83,475,584,0.00,0.00,0,0
1544346768,2005-eth2,11491.53,11431.71,22923.23,11466,11526,117.65,116.65,234.30,117,118,0.00,0.00,0,0
1544346768,2006-eth4,20267.20,946909.25,967176.50,949750,20328,307.08,326.02,633.10,327,308,0.00,0.00,0,0
1544346768,3006-eth2,946909.25,20267.20,967176.50,20328,949750,326.02,307.08,633.10,308,327,0.00,0.00,0,0
1544346768,1003-eth4,245772.69,7310.07,253082.75,7332,246510,114.66,77.77,192.42,78,115,0.00,0.00,0,0
1544346768,2006-eth2,0.00,0.00,0.00,0,0,0.00,0.00,0.00,0,0,0.00,0.00,0,0
1544346768,3001-eth1,9635.09,9575.27,19210.37,9604,9664,98.70,97.71,196.41,98,99,0.00,0.00,0,0
1544346768,3008-eth2,1219080.75,1226709.88,2445790.75,1230390,1222738,719.84,1000.00,1719.84,1003,722,0.00,0.00,0,0
1544346768,2004-eth3,1231338.00,639563.31,1870901.25,641482,1235032,803.59,843.47,1647.06,846,806,0.00,0.00,0,0
1544346768,3001-eth4,937940.19,510685.94,1448626.12,512218,940754,474.58,475.57,950.15,477,476,0.00,0.00,0,0
1544346768,1003-eth1,5724.83,265974.09,271698.91,266772,5742,86.74,92.72,179.46,93,87,0.00,0.00,0,0
1544346768,3002-eth2,1215383.88,1218408.75,2433792.75,1222064,1219030,784.65,852.44,1637.09,855,787,0.00,0.00,0,0
1544346768,2005-eth4,15302.09,15144.57,30446.66,15190,15348,156.53,154.54,311.07,155,157,0.00,0.00,0,0
1544346768,3003-eth2,639563.31,1231338.00,1870901.25,1235032,641482,843.47,803.59,1647.06,806,846,0.00,0.00,0,0
1544346768,2007-eth1,0.00,59.82,59.82,60,0,0.00,1.00,1.00,1,0,0.00,0.00,0,0
1544346768,1002-eth4,0.00,0.00,0.00,0,0,0.00,0.00,0.00,0,0,0.00,0.00,0,0
1544346768,3002-eth4,1215248.25,1150089.75,2365338.00,1153540,1218894,760.72,779.66,1540.38,782,763,0.00,0.00,0,0
1544346768,2007-eth3,0.00,0.00,0.00,0,0,0.00,0.00,0.00,0,0,0.00,0.00,0,0
1544346768,3005-eth1,0.00,59.82,59.82,60,0,0.00,1.00,1.00,1,0,0.00,0.00,0,0
1544346768,2001-eth4,9282.15,9379.86,18662.01,9408,9310,94.72,95.71,190.43,96,95,0.00,0.00,0,0
1544346768,3003-eth4,14606.18,350436.69,365042.88,351488,14650,175.47,211.37,386.84,212,176,0.00,0.00,0,0
1544346768,2004-eth1,274307.09,752528.44,1026835.50,754786,275130,439.68,409.77,849.45,411,441,0.00,0.00,0,0
1544346768,3006-eth4,15134.60,271026.91,286161.53,271840,15180,181.46,187.44,368.89,188,182,0.00,0.00,0,0
1544346768,3007-eth1,0.00,0.00,0.00,0,0,0.00,0.00,0.00,0,0,0.00,0.00,0,0
1544346768,2008-eth1,7403.79,245772.69,253176.47,246510,7426,78.76,114.66,193.42,115,79,0.00,0.00,0,0
1544346768,2002-eth2,59.76,0.00,59.76,0,60,1.00,0.00,1.00,0,1,0.00,0.00,0,0
1544346768,2003-eth1,7488.05,7418.33,14906.38,7448,7518,76.69,75.70,152.39,76,77,0.00,0.00,0,0
1544346768,3008-eth4,742824.75,402502.00,1145326.75,404112,745796,416.33,422.31,838.65,424,418,0.00,0.00,0,0
1544346768,1004-eth4,0.00,0.00,0.00,0,0,0.00,0.00,0.00,0,0,0.00,0.00,0,0
1544346768,3006-eth1,15129.48,15286.85,30416.34,15348,15190,154.38,156.37,310.76,157,155,0.00,0.00,0,0
1544346768,1004-eth3,0.00,0.00,0.00,0,0,0.00,0.00,0.00,0,0,0.00,0.00,0,0
1544346768,1002-eth2,7613.55,7613.55,15227.09,7644,7644,77.69,77.69,155.38,78,78,0.00,0.00,0,0
1544346768,3004-eth3,29687.25,1035155.44,1064842.62,1039296,29806,403.39,450.20,853.59,452,405,0.00,0.00,0,0
1544346768,2003-eth3,9272.91,9217.13,18490.04,9254,9310,94.62,94.62,189.24,95,95,0.00,0.00,0,0
1544346768,2005-eth1,3768.92,3768.92,7537.85,3784,3784,38.84,38.84,77.69,39,39,0.00,0.00,0,0
1544346768,3002-eth3,15320.72,307472.12,322792.84,308702,15382,186.25,198.21,384.46,199,187,0.00,0.00,0,0
1544346768,3006-eth3,24324.70,697193.25,721517.94,699982,24422,321.71,333.67,655.38,335,323,0.00,0.00,0,0
1544346768,2001-eth1,3709.16,3768.92,7478.09,3784,3724,37.85,38.84,76.69,39,38,0.00,0.00,0,0
1544346768,3005-eth2,770414.38,1218800.88,1989215.25,1223676,773496,725.10,723.11,1448.21,726,728,0.00,0.00,0,0
1544346768,2001-eth2,11517.93,11420.32,22938.25,11466,11564,117.53,116.53,234.06,117,118,0.00,0.00,0,0
1544346768,3007-eth2,493288.84,1210410.38,1703699.25,1215252,495262,612.55,639.44,1251.99,642,615,0.00,0.00,0,0
1544346768,1001-eth1,3772.68,3712.86,7485.54,3724,3784,38.88,37.89,76.77,38,39,0.00,0.00,0,0
1544346768,3007-eth4,792707.19,262553.78,1055261.00,263604,795878,385.46,372.51,757.97,374,387,0.00,0.00,0,0
1544346768,2003-eth2,7613.55,7613.55,15227.09,7644,7644,77.69,77.69,155.38,78,78,0.00,0.00,0,0
1544346768,3007-eth3,417703.19,230735.06,648438.25,231658,419374,253.98,240.04,494.02,241,255,0.00,0.00,0,0
1544346768,1002-eth1,11420.32,11517.93,22938.25,11564,11466,116.53,117.53,234.06,118,117,0.00,0.00,0,0
1544346768,2002-eth3,951533.88,1219804.88,2171338.75,1224684,955340,694.22,781.87,1476.10,785,697,0.00,0.00,0,0
1544346768,2007-eth2,0.00,0.00,0.00,0,0,0.00,0.00,0.00,0,0,0.00,0.00,0,0
1544346768,total,26927844.00,27135690.00,54063532.00,27244232,27035554,22261.95,22299.80,44561.75,22389,22351,0.00,0.00,0,0
1544346769,3003-eth3,1220199.38,173425.72,1393625.12,173946,1223860,612.16,531.41,1143.57,533,614,0.00,0.00,0,0
1544346769,2002-eth1,243732.80,5521.44,249254.23,5538,244464,83.75,83.75,167.50,84,84,0.00,0.00,0,0
1544346769,lo,6995.02,6995.02,13990.03,7016,7016,68.79,68.79,137.59,69,69,0.00,0.00,0,0
1544346769,3005-eth3,1219647.12,1218185.50,2437832.50,1221840,1223306,805.58,805.58,1611.17,808,808,0.00,0.00,0,0
1544346769,2005-eth3,41.87,101.69,143.57,102,42,1.00,1.99,2.99,2,1,0.00,0.00,0,0
1544346769,3004-eth4,1218735.75,531248.25,1749984.00,532842,1222392,664.01,647.06,1311.07,649,666,0.00,0.00,0,0
1544346769,1004-eth2,59.82,0.00,59.82,0,60,1.00,0.00,1.00,0,1,0.00,0.00,0,0
1544346769,2004-eth4,352494.53,509740.78,862235.31,511270,353552,358.92,330.01,688.93,331,360,0.00,0.00,0,0
1544346769,1001-eth2,7876.37,7816.55,15692.92,7840,7900,80.76,79.76,160.52,80,81,0.00,0.00,0,0
1544346769,1003-eth3,258143.58,441686.94,699830.50,443012,258918,302.09,305.08,607.18,306,303,0.00,0.00,0,0
1544346769,2002-eth4,1217880.38,1219706.88,2437587.25,1223366,1221534,800.60,740.78,1541.38,743,803,0.00,0.00,0,0
1544346769,1001-eth4,0.00,59.82,59.82,60,0,0.00,1.00,1.00,1,0,0.00,0.00,0,0
1544346769,3001-eth2,1219176.50,976039.88,2195216.25,978968,1222834,710.87,658.03,1368.89,660,713,0.00,0.00,0,0
1544346769,1004-eth1,59.82,0.00,59.82,0,60,1.00,0.00,1.00,0,1,0.00,0.00,0,0
1544346769,3005-eth4,1216065.75,462348.97,1678414.75,463736,1219714,647.06,618.15,1265.20,620,649,0.00,0.00,0,0
1544346769,1003-eth2,455896.31,147108.67,603005.00,147550,457264,454.64,282.15,736.79,283,456,0.00,0.00,0,0
1544346769,3008-eth1,0.00,59.82,59.82,60,0,0.00,1.00,1.00,1,0,0.00,0.00,0,0
1544346769,1002-eth3,11766.70,11766.70,23533.40,11802,11802,120.64,120.64,241.28,121,121,0.00,0.00,0,0
1544346769,2006-eth1,441686.94,258143.58,699830.50,258918,443012,305.08,302.09,607.18,303,306,0.00,0.00,0,0
1544346769,3003-eth1,9830.51,9812.56,19643.07,9842,9860,100.70,100.70,201.40,101,101,0.00,0.00,0,0
1544346769,2001-eth3,9770.69,9770.69,19541.38,9800,9800,99.70,99.70,199.40,100,100,0.00,0.00,0,0
1544346769,2008-eth2,0.00,59.82,59.82,60,0,0.00,1.00,1.00,1,0,0.00,0.00,0,0
1544346769,2008-eth3,1197575.25,732771.69,1930347.00,734970,1201168,646.06,679.96,1326.02,682,648,0.00,0.00,0,0
1544346769,1001-eth3,3908.28,3908.28,7816.55,3920,3920,39.88,39.88,79.76,40,40,0.00,0.00,0,0
1544346769,2007-eth4,59.82,0.00,59.82,0,60,1.00,0.00,1.00,0,1,0.00,0.00,0,0
1544346769,2004-eth2,0.00,59.82,59.82,60,0,0.00,1.00,1.00,1,0,0.00,0.00,0,0
1544346769,3002-eth1,9812.56,9812.56,19625.12,9842,9842,100.70,100.70,201.40,101,101,0.00,0.00,0,0
1544346769,3004-eth1,9812.56,9770.69,19583.25,9800,9842,100.70,99.70,200.40,100,101,0.00,0.00,0,0
1544346769,2006-eth3,1218929.25,462277.16,1681206.38,463664,1222586,647.06,617.15,1264.21,619,649,0.00,0.00,0,0
1544346769,3004-eth2,509740.78,352494.53,862235.31,353552,511270,330.01,358.92,688.93,360,331,0.00,0.00,0,0
1544346769,3001-eth3,21900.20,595349.31,617249.50,596540,21944,283.43,301.40,584.83,302,284,0.00,0.00,0,0
1544346769,2003-eth4,9780.44,9822.36,19602.79,9842,9800,99.80,100.80,200.60,101,100,0.00,0.00,0,0
1544346769,2008-eth4,1214558.88,1221417.25,2435976.00,1223860,1216988,1073.85,880.24,1954.09,882,1076,0.00,0.00,0,0
1544346769,3008-eth3,540965.06,1106853.12,1647818.25,1107960,541506,586.41,595.40,1181.82,596,587,0.00,0.00,0,0
1544346769,2005-eth2,11790.21,11790.21,23580.42,11802,11802,120.88,120.88,241.76,121,121,0.00,0.00,0,0
1544346769,2006-eth4,20571.43,981416.62,1001988.06,982398,20592,311.69,338.66,650.35,339,312,0.00,0.00,0,0
1544346769,3006-eth2,981416.62,20571.43,1001988.06,20592,982398,338.66,311.69,650.35,312,339,0.00,0.00,0,0
1544346769,1003-eth4,132963.05,19710.29,152673.33,19730,133096,63.94,232.77,296.70,233,64,0.00,0.00,0,0
1544346769,2006-eth2,0.00,59.94,59.94,60,0,0.00,1.00,1.00,1,0,0.00,0.00,0,0
1544346769,3001-eth1,9790.21,9790.21,19580.42,9800,9800,99.90,99.90,199.80,100,100,0.00,0.00,0,0
1544346769,3008-eth2,1219452.62,1212747.25,2432199.75,1213960,1220672,877.12,1072.93,1950.05,1074,878,0.00,0.00,0,0
1544346769,2004-eth3,1225896.12,497510.50,1723406.62,498008,1227122,684.32,639.36,1323.68,640,685,0.00,0.00,0,0
1544346769,3001-eth4,962899.12,501844.16,1464743.25,502346,963862,474.53,480.52,955.04,481,475,0.00,0.00,0,0
1544346769,1003-eth1,5532.47,244219.78,249752.25,244464,5538,83.92,83.92,167.83,84,84,0.00,0.00,0,0
1544346769,3002-eth2,1219184.88,1217288.75,2436473.50,1218506,1220404,741.26,800.20,1541.46,801,742,0.00,0.00,0,0
1544346769,2005-eth4,15566.43,15664.34,31230.77,15680,15582,158.84,159.84,318.68,160,159,0.00,0.00,0,0
1544346769,3003-eth2,497510.50,1225896.12,1723406.62,1227122,498008,639.36,684.32,1323.68,685,640,0.00,0.00,0,0
1544346769,2007-eth1,59.94,0.00,59.94,0,60,1.00,0.00,1.00,0,1,0.00,0.00,0,0
1544346769,1002-eth4,0.00,0.00,0.00,0,0,0.00,0.00,0.00,0,0,0.00,0.00,0,0
1544346769,3002-eth4,1212008.00,1010353.69,2222361.75,1011364,1213220,720.28,733.27,1453.55,734,721,0.00,0.00,0,0
1544346769,2007-eth3,0.00,59.94,59.94,60,0,0.00,1.00,1.00,1,0,0.00,0.00,0,0
1544346769,3005-eth1,101.90,41.96,143.86,42,102,2.00,1.00,3.00,1,2,0.00,0.00,0,0
1544346769,2001-eth4,9832.17,9734.27,19566.43,9744,9842,100.90,99.90,200.80,100,101,0.00,0.00,0,0
1544346769,3003-eth4,14537.46,333970.03,348507.50,334304,14552,171.83,211.79,383.62,212,172,0.00,0.00,0,0
1544346769,2004-eth1,147270.73,455200.81,602471.56,455656,147418,280.72,453.55,734.27,454,281,0.00,0.00,0,0
1544346769,3006-eth4,17340.66,388745.25,406085.94,389134,17358,214.79,230.77,445.55,231,215,0.00,0.00,0,0
1544346769,3007-eth1,59.94,0.00,59.94,0,60,1.00,0.00,1.00,0,1,0.00,0.00,0,0
1544346769,2008-eth1,19616.38,132963.05,152579.42,133096,19636,231.77,63.94,295.70,64,232,0.00,0.00,0,0
1544346769,2002-eth2,0.00,59.94,59.94,60,0,0.00,1.00,1.00,1,0,0.00,0.00,0,0
1544346769,2003-eth1,7832.17,7892.11,15724.28,7900,7840,79.92,80.92,160.84,81,80,0.00,0.00,0,0
1544346769,3008-eth4,671848.19,558783.25,1230631.38,559342,672520,487.51,466.53,954.05,467,488,0.00,0.00,0,0
1544346769,1004-eth4,59.94,0.00,59.94,0,60,1.00,0.00,1.00,0,1,0.00,0.00,0,0
1544346769,3006-eth1,15664.34,15566.43,31230.77,15582,15680,159.84,158.84,318.68,159,160,0.00,0.00,0,0
1544346769,1004-eth3,59.94,0.00,59.94,0,60,1.00,0.00,1.00,0,1,0.00,0.00,0,0
1544346769,1002-eth2,7832.17,7832.17,15664.34,7840,7840,79.92,79.92,159.84,80,80,0.00,0.00,0,0
1544346769,3004-eth3,31232.77,1046641.38,1077874.12,1047688,31264,415.58,467.53,883.12,468,416,0.00,0.00,0,0
1544346769,2003-eth3,9832.17,9850.15,19682.32,9860,9842,100.90,100.90,201.80,101,101,0.00,0.00,0,0
1544346769,2005-eth1,3916.08,3916.08,7832.17,3920,3920,39.96,39.96,79.92,40,40,0.00,0.00,0,0
1544346769,3002-eth3,15232.77,264343.66,279576.44,264608,15248,182.82,187.81,370.63,188,183,0.00,0.00,0,0
1544346769,3006-eth3,22647.35,609292.75,631940.06,609902,22670,294.71,306.69,601.40,307,295,0.00,0.00,0,0
1544346769,2001-eth1,3976.02,3916.08,7892.11,3920,3980,40.96,39.96,80.92,40,41,0.00,0.00,0,0
1544346769,3005-eth2,461622.38,1218327.75,1679950.12,1219546,462084,616.38,646.35,1262.74,647,617,0.00,0.00,0,0
1544346769,2001-eth2,11692.31,11790.21,23482.52,11802,11704,119.88,120.88,240.76,121,120,0.00,0.00,0,0
1544346769,3007-eth2,731144.88,1196877.12,1928022.00,1198074,731876,678.32,644.36,1322.68,645,679,0.00,0.00,0,0
1544346769,1001-eth1,3916.08,3976.02,7892.11,3980,3920,39.96,40.96,80.92,41,40,0.00,0.00,0,0
1544346769,3007-eth4,871554.50,487766.25,1359320.75,488254,872426,427.57,458.54,886.11,459,428,0.00,0.00,0,0
1544346769,2003-eth2,7832.17,7832.17,15664.34,7840,7840,79.92,79.92,159.84,80,80,0.00,0.00,0,0
1544346769,3007-eth3,325442.56,243318.69,568761.25,243562,325768,218.78,218.78,437.56,219,219,0.00,0.00,0,0
1544346769,1002-eth1,11790.21,11692.31,23482.52,11704,11802,120.88,119.88,240.76,120,121,0.00,0.00,0,0
1544346769,2002-eth3,974965.06,1218587.50,2193552.50,1219806,975940,657.34,710.29,1367.63,711,658,0.00,0.00,0,0
1544346769,2007-eth2,0.00,0.00,0.00,0,0,0.00,0.00,0.00,0,0,0.00,0.00,0,0
1544346769,total,25785938.00,25728908.00,51514848.00,25754636,25811724,21306.69,21361.64,42668.33,21383,21328,0.00,0.00,0,0
1544346770,3003-eth3,1214949.12,651146.88,1866096.00,651798,1216164,847.15,632.37,1479.52,633,848,0.00,0.00,0,0
1544346770,2002-eth1,242773.23,5406.59,248179.83,5412,243016,83.92,81.92,165.83,82,84,0.00,0.00,0,0
1544346770,lo,7728.27,7728.27,15456.54,7736,7736,74.93,74.93,149.85,75,75,0.00,0.00,0,0
1544346770,3005-eth3,1212925.12,1207096.88,2420022.00,1208304,1214138,800.20,799.20,1599.40,800,801,0.00,0.00,0,0
1544346770,2005-eth3,0.00,0.00,0.00,0,0,0.00,0.00,0.00,0,0,0.00,0.00,0,0
1544346770,3004-eth4,1210050.00,566639.38,1776689.38,567206,1211260,607.39,638.36,1245.75,639,608,0.00,0.00,0,0
1544346770,1004-eth2,0.00,0.00,0.00,0,0,0.00,0.00,0.00,0,0,0.00,0.00,0,0
1544346770,2004-eth4,505042.97,536569.44,1041612.44,537106,505548,367.63,317.68,685.31,318,368,0.00,0.00,0,0
1544346770,1001-eth2,7636.36,7696.30,15332.67,7704,7644,77.92,78.92,156.84,79,78,0.00,0.00,0,0
1544346770,1003-eth3,254107.91,623778.25,877886.12,624402,254362,255.74,311.69,567.43,312,256,0.00,0.00,0,0
1544346770,2002-eth4,1210064.00,1210645.38,2420709.25,1211856,1211274,844.16,787.21,1631.37,788,845,0.00,0.00,0,0
1544346770,1001-eth4,0.00,0.00,0.00,0,0,0.00,0.00,0.00,0,0,0.00,0.00,0,0
1544346770,3001-eth2,1206433.62,967872.12,2174305.75,968840,1207640,767.23,703.30,1470.53,704,768,0.00,0.00,0,0
1544346770,1004-eth1,0.00,0.00,0.00,0,0,0.00,0.00,0.00,0,0,0.00,0.00,0,0
1544346770,3005-eth4,1194042.00,644026.00,1838068.00,644670,1195236,601.40,618.38,1219.78,619,602,0.00,0.00,0,0
1544346770,1003-eth2,622129.88,641100.94,1263230.75,641742,622752,286.71,442.56,729.27,443,287,0.00,0.00,0,0
1544346770,3008-eth1,0.00,0.00,0.00,0,0,0.00,0.00,0.00,0,0,0.00,0.00,0,0
1544346770,1002-eth3,11318.68,11258.74,22577.42,11270,11330,115.88,114.89,230.77,115,116,0.00,0.00,0,0
1544346770,2006-eth1,623778.25,254107.91,877886.12,254362,624402,311.69,255.74,567.43,256,312,0.00,0.00,0,0
1544346770,3003-eth1,9496.50,9598.40,19094.91,9608,9506,96.90,98.90,195.80,99,97,0.00,0.00,0,0
1544346770,2001-eth3,9300.70,9300.70,18601.40,9310,9310,94.91,94.91,189.81,95,95,0.00,0.00,0,0
1544346770,2008-eth2,0.00,0.00,0.00,0,0,0.00,0.00,0.00,0,0,0.00,0.00,0,0
1544346770,2008-eth3,1206937.12,746617.38,1953554.50,747364,1208144,643.36,663.34,1306.69,664,644,0.00,0.00,0,0
1544346770,1001-eth3,3916.08,3916.08,7832.17,3920,3920,39.96,39.96,79.92,40,40,0.00,0.00,0,0
1544346770,2007-eth4,0.00,0.00,0.00,0,0,0.00,0.00,0.00,0,0,0.00,0.00,0,0
1544346770,2004-eth2,0.00,0.00,0.00,0,0,0.00,0.00,0.00,0,0,0.00,0.00,0,0
1544346770,3002-eth1,9458.54,9398.60,18857.14,9408,9468,96.90,95.90,192.81,96,97,0.00,0.00,0,0
1544346770,3004-eth1,9794.21,9692.31,19486.51,9702,9804,100.90,98.90,199.80,99,101,0.00,0.00,0,0
1544346770,2006-eth3,1214689.38,644157.88,1858847.25,644802,1215904,607.39,620.38,1227.77,621,608,0.00,0.00,0,0
1544346770,3004-eth2,536569.44,505042.97,1041612.44,505548,537106,317.68,367.63,685.31,368,318,0.00,0.00,0,0
1544346770,3001-eth3,23542.46,718353.69,741896.12,719072,23566,310.69,339.66,650.35,340,311,0.00,0.00,0,0
1544346770,2003-eth4,9692.31,9794.21,19486.51,9804,9702,98.90,100.90,199.80,101,99,0.00,0.00,0,0
1544346770,2008-eth4,1216947.12,1210695.38,2427642.50,1211906,1218164,837.16,700.30,1537.46,701,838,0.00,0.00,0,0
1544346770,3008-eth3,258453.55,605506.50,863960.06,606112,258712,311.69,319.68,631.37,320,312,0.00,0.00,0,0
1544346770,2005-eth2,11258.74,11318.68,22577.42,11330,11270,114.89,115.88,230.77,116,115,0.00,0.00,0,0
1544346770,2006-eth4,20439.56,1006601.44,1027041.00,1007608,20460,309.69,347.65,657.34,348,310,0.00,0.00,0,0
1544346770,3006-eth2,1006601.44,20439.56,1027041.00,20460,1007608,347.65,309.69,657.34,310,348,0.00,0.00,0,0
1544346770,1003-eth4,629886.12,3818.18,633704.31,3822,630516,272.73,57.94,330.67,58,273,0.00,0.00,0,0
1544346770,2006-eth2,0.00,0.00,0.00,0,0,0.00,0.00,0.00,0,0,0.00,0.00,0,0
1544346770,3001-eth1,9300.70,9300.70,18601.40,9310,9310,94.91,94.91,189.81,95,95,0.00,0.00,0,0
1544346770,3008-eth2,1210695.38,1216947.12,2427642.50,1218164,1211906,700.30,837.16,1537.46,838,701,0.00,0.00,0,0
1544346770,2004-eth3,1224078.00,1146143.88,2370221.75,1147290,1225302,961.04,810.19,1771.23,811,962,0.00,0.00,0,0
1544346770,3001-eth4,953630.38,568191.81,1521822.25,568760,954584,487.51,499.50,987.01,500,488,0.00,0.00,0,0
1544346770,1003-eth1,5406.59,242773.23,248179.83,243016,5412,81.92,83.92,165.83,84,82,0.00,0.00,0,0
1544346770,3002-eth2,1210645.38,1210064.00,2420709.25,1211274,1211856,787.21,844.16,1631.37,845,788,0.00,0.00,0,0
1544346770,2005-eth4,15174.83,15174.83,30349.65,15190,15190,154.85,154.85,309.69,155,155,0.00,0.00,0,0
1544346770,3003-eth2,1146143.88,1224078.00,2370221.75,1225302,1147290,810.19,961.04,1771.23,962,811,0.00,0.00,0,0
1544346770,2007-eth1,0.00,0.00,0.00,0,0,0.00,0.00,0.00,0,0,0.00,0.00,0,0
1544346770,1002-eth4,59.94,59.94,119.88,60,60,1.00,1.00,2.00,1,1,0.00,0.00,0,0
1544346770,3002-eth4,1204393.62,1129964.12,2334357.75,1131094,1205598,758.24,770.23,1528.47,771,759,0.00,0.00,0,0
1544346770,2007-eth3,59.94,0.00,59.94,0,60,1.00,0.00,1.00,0,1,0.00,0.00,0,0
1544346770,3005-eth1,0.00,0.00,0.00,0,0,0.00,0.00,0.00,0,0,0.00,0.00,0,0
1544346770,2001-eth4,9398.60,9458.54,18857.14,9468,9408,95.90,96.90,192.81,97,96,0.00,0.00,0,0
1544346770,3003-eth4,17160.84,501092.91,518253.75,501594,17178,210.79,268.73,479.52,269,211,0.00,0.00,0,0
1544346770,2004-eth1,641100.94,622129.88,1263230.75,622752,641742,442.56,286.71,729.27,287,443,0.00,0.00,0,0
1544346770,3006-eth4,18893.11,497904.12,516797.22,498402,18912,239.76,264.74,504.50,265,240,0.00,0.00,0,0
1544346770,3007-eth1,0.00,59.94,59.94,60,0,0.00,1.00,1.00,1,0,0.00,0.00,0,0
1544346770,2008-eth1,3818.18,629886.12,633704.31,630516,3822,57.94,272.73,330.67,273,58,0.00,0.00,0,0
1544346770,2002-eth2,0.00,0.00,0.00,0,0,0.00,0.00,0.00,0,0,0.00,0.00,0,0
1544346770,2003-eth1,7696.30,7636.36,15332.67,7644,7704,78.92,77.92,156.84,78,79,0.00,0.00,0,0
1544346770,3008-eth4,958493.56,363102.91,1321596.50,363466,959452,525.47,460.54,986.01,461,526,0.00,0.00,0,0
1544346770,1004-eth4,0.00,0.00,0.00,0,0,0.00,0.00,0.00,0,0,0.00,0.00,0,0
1544346770,3006-eth1,15174.83,15174.83,30349.65,15190,15190,154.85,154.85,309.69,155,155,0.00,0.00,0,0
1544346770,1004-eth3,0.00,0.00,0.00,0,0,0.00,0.00,0.00,0,0,0.00,0.00,0,0
1544346770,1002-eth2,7696.30,7696.30,15392.61,7704,7704,78.92,78.92,157.84,79,79,0.00,0.00,0,0
1544346770,3004-eth3,39840.16,667538.50,707378.62,668206,39880,420.58,422.58,843.16,423,421,0.00,0.00,0,0
1544346770,2003-eth3,9598.40,9496.50,19094.91,9506,9608,98.90,96.90,195.80,97,99,0.00,0.00,0,0
1544346770,2005-eth1,3916.08,3916.08,7832.17,3920,3920,39.96,39.96,79.92,40,40,0.00,0.00,0,0
1544346770,3002-eth3,15068.93,278803.22,293872.12,279082,15084,181.82,188.81,370.63,189,182,0.00,0.00,0,0
1544346770,3006-eth3,20441.56,527592.44,548034.00,528120,20462,262.74,275.72,538.46,276,263,0.00,0.00,0,0
1544346770,2001-eth1,3720.28,3720.28,7440.56,3724,3724,37.96,37.96,75.92,38,38,0.00,0.00,0,0
1544346770,3005-eth2,644157.88,1214689.38,1858847.25,1215904,644802,620.38,607.39,1227.77,608,621,0.00,0.00,0,0
1544346770,2001-eth2,11258.74,11318.68,22577.42,11330,11270,114.89,115.88,230.77,116,115,0.00,0.00,0,0
1544346770,3007-eth2,746617.38,1206937.12,1953554.50,1208144,747364,663.34,643.36,1306.69,644,664,0.00,0.00,0,0
1544346770,1001-eth1,3720.28,3720.28,7440.56,3724,3724,37.96,37.96,75.92,38,38,0.00,0.00,0,0
1544346770,3007-eth4,805662.38,311630.38,1117292.75,311942,806468,349.65,374.63,724.28,375,350,0.00,0.00,0,0
1544346770,2003-eth2,7696.30,7696.30,15392.61,7704,7704,78.92,78.92,157.84,79,79,0.00,0.00,0,0
1544346770,3007-eth3,401274.75,441280.72,842555.44,441722,401676,293.71,294.71,588.41,295,294,0.00,0.00,0,0
1544346770,1002-eth1,11318.68,11258.74,22577.42,11270,11330,115.88,114.89,230.77,115,116,0.00,0.00,0,0
1544346770,2002-eth3,967872.12,1206433.62,2174305.75,1207640,968840,703.30,767.23,1470.53,768,704,0.00,0.00,0,0
1544346770,2007-eth2,59.94,59.94,119.88,60,60,1.00,1.00,2.00,1,1,0.00,0.00,0,0
1544346770,total,28051208.00,28182256.00,56233464.00,28210438,28079258,21387.61,21346.65,42734.27,21368,21409,0.00,0.00,0,0
1544346771,3003-eth3,1220068.00,195104.91,1415172.88,195300,1221288,535.46,457.54,993.01,458,536,0.00,0.00,0,0
1544346771,2002-eth1,239814.19,4879.12,244693.31,4884,240054,82.92,73.93,156.84,74,83,0.00,0.00,0,0
1544346771,lo,64271.73,64271.73,128543.46,64336,64336,288.71,288.71,577.42,289,289,0.00,0.00,0,0
1544346771,3005-eth3,1218603.38,1222155.88,2440759.25,1223378,1219822,798.20,808.19,1606.39,809,799,0.00,0.00,0,0
1544346771,2005-eth3,0.00,0.00,0.00,0,0,0.00,0.00,0.00,0,0,0.00,0.00,0,0
1544346771,3004-eth4,1227996.00,546911.12,1774907.12,547458,1229224,664.34,700.30,1364.64,701,665,0.00,0.00,0,0
1544346771,1004-eth2,0.00,59.94,59.94,60,0,0.00,1.00,1.00,1,0,0.00,0.00,0,0
1544346771,2004-eth4,185464.55,515264.75,700729.31,515780,185650,267.73,363.64,631.37,364,268,0.00,0.00,0,0
1544346771,1001-eth2,7734.27,7734.27,15468.53,7742,7742,78.92,78.92,157.84,79,79,0.00,0.00,0,0
1544346771,1003-eth3,253264.73,660603.44,913868.19,661264,253518,286.71,299.70,586.41,300,287,0.00,0.00,0,0
1544346771,2002-eth4,1220111.88,1221746.25,2441858.25,1222968,1221332,777.22,758.24,1535.46,759,778,0.00,0.00,0,0
1544346771,1001-eth4,0.00,0.00,0.00,0,0,0.00,0.00,0.00,0,0,0.00,0.00,0,0
1544346771,3001-eth2,1224567.50,981872.12,2206439.50,982854,1225792,691.31,674.33,1365.63,675,692,0.00,0.00,0,0
1544346771,1004-eth1,0.00,0.00,0.00,0,0,0.00,0.00,0.00,0,0,0.00,0.00,0,0
1544346771,3005-eth4,1208441.62,681702.31,1890143.88,682384,1209650,600.40,619.38,1219.78,620,601,0.00,0.00,0,0
1544346771,1003-eth2,667328.69,183296.70,850625.38,183480,667996,401.60,278.72,680.32,279,402,0.00,0.00,0,0
1544346771,3008-eth1,59.94,0.00,59.94,0,60,1.00,0.00,1.00,0,1,0.00,0.00,0,0
1544346771,1002-eth3,11650.35,11650.35,23300.70,11662,11662,118.88,118.88,237.76,119,119,0.00,0.00,0,0
1544346771,2006-eth1,660603.44,253264.73,913868.19,253518,661264,299.70,286.71,586.41,287,300,0.00,0.00,0,0
1544346771,3003-eth1,9692.31,9692.31,19384.62,9702,9702,98.90,98.90,197.80,99,99,0.00,0.00,0,0
1544346771,2001-eth3,9752.25,9692.31,19444.56,9702,9762,99.90,98.90,198.80,99,100,0.00,0.00,0,0
1544346771,2008-eth2,59.94,0.00,59.94,0,60,1.00,0.00,1.00,0,1,0.00,0.00,0,0
1544346771,2008-eth3,1219256.75,1071308.75,2290565.50,1072380,1220476,808.19,869.13,1677.32,870,809,0.00,0.00,0,0
1544346771,1001-eth3,3916.08,3916.08,7832.17,3920,3920,39.96,39.96,79.92,40,40,0.00,0.00,0,0
1544346771,2007-eth4,0.00,59.94,59.94,60,0,0.00,1.00,1.00,1,0,0.00,0.00,0,0
1544346771,2004-eth2,59.94,0.00,59.94,0,60,1.00,0.00,1.00,0,1,0.00,0.00,0,0
1544346771,3002-eth1,9692.31,9692.31,19384.62,9702,9702,98.90,98.90,197.80,99,99,0.00,0.00,0,0
1544346771,3004-eth1,9790.21,9790.21,19580.42,9800,9800,99.90,99.90,199.80,100,100,0.00,0.00,0,0
1544346771,2006-eth3,1221916.12,681834.19,1903750.25,682516,1223138,607.39,621.38,1228.77,622,608,0.00,0.00,0,0
1544346771,3004-eth2,515264.75,185464.55,700729.31,185650,515780,363.64,267.73,631.37,268,364,0.00,0.00,0,0
1544346771,3001-eth3,22351.65,646215.81,668567.44,646862,22374,290.71,318.68,609.39,319,291,0.00,0.00,0,0
1544346771,2003-eth4,9790.21,9790.21,19580.42,9800,9800,99.90,99.90,199.80,100,100,0.00,0.00,0,0
1544346771,2008-eth4,1224199.88,1227842.25,2452042.00,1229070,1225424,916.08,982.02,1898.10,983,917,0.00,0.00,0,0
1544346771,3008-eth3,625948.06,815366.62,1441314.75,816182,626574,549.45,562.44,1111.89,563,550,0.00,0.00,0,0
1544346771,2005-eth2,11650.35,11650.35,23300.70,11662,11662,118.88,118.88,237.76,119,119,0.00,0.00,0,0
1544346771,2006-eth4,21290.71,1077678.38,1098969.00,1078756,21312,322.68,372.63,695.30,373,323,0.00,0.00,0,0
1544346771,3006-eth2,1077678.38,21290.71,1098969.00,21312,1078756,372.63,322.68,695.30,323,373,0.00,0.00,0,0
1544346771,1003-eth4,169786.22,11604.40,181390.61,11616,169956,73.93,175.82,249.75,176,74,0.00,0.00,0,0
1544346771,2006-eth2,59.94,0.00,59.94,0,60,1.00,0.00,1.00,0,1,0.00,0.00,0,0
1544346771,3001-eth1,9692.31,9752.25,19444.56,9762,9702,98.90,99.90,198.80,100,99,0.00,0.00,0,0
1544346771,3008-eth2,1227842.25,1224199.88,2452042.00,1225424,1229070,982.02,916.08,1898.10,917,983,0.00,0.00,0,0
1544346771,2004-eth3,1224973.00,368641.38,1593614.38,369010,1226198,618.38,544.46,1162.84,545,619,0.00,0.00,0,0
1544346771,3001-eth4,969212.81,553792.25,1523005.00,554346,970182,482.52,500.50,983.02,501,483,0.00,0.00,0,0
1544346771,1003-eth1,4879.12,239814.19,244693.31,240054,4884,73.93,82.92,156.84,83,74,0.00,0.00,0,0
1544346771,3002-eth2,1221746.25,1220111.88,2441858.25,1221332,1222968,758.24,777.22,1535.46,778,759,0.00,0.00,0,0
1544346771,2005-eth4,15566.43,15626.37,31192.81,15642,15582,158.84,159.84,318.68,160,159,0.00,0.00,0,0
1544346771,3003-eth2,368641.38,1224973.00,1593614.38,1226198,369010,544.46,618.38,1162.84,619,545,0.00,0.00,0,0
1544346771,2007-eth1,0.00,0.00,0.00,0,0,0.00,0.00,0.00,0,0,0.00,0.00,0,0
1544346771,1002-eth4,0.00,0.00,0.00,0,0,0.00,0.00,0.00,0,0,0.00,0.00,0,0
1544346771,3002-eth4,1215298.75,925988.06,2141286.75,926914,1216514,704.30,704.30,1408.59,705,705,0.00,0.00,0,0
1544346771,2007-eth3,0.00,0.00,0.00,0,0,0.00,0.00,0.00,0,0,0.00,0.00,0,0
1544346771,3005-eth1,0.00,0.00,0.00,0,0,0.00,0.00,0.00,0,0,0.00,0.00,0,0
1544346771,2001-eth4,9692.31,9692.31,19384.62,9702,9702,98.90,98.90,197.80,99,99,0.00,0.00,0,0
1544346771,3003-eth4,17556.44,183228.78,200785.22,183412,17574,182.82,185.81,368.63,186,183,0.00,0.00,0,0
1544346771,2004-eth1,183296.70,667328.69,850625.38,667996,183480,278.72,401.60,680.32,402,279,0.00,0.00,0,0
1544346771,3006-eth4,19642.36,545542.50,565184.81,546088,19662,249.75,283.72,533.47,284,250,0.00,0.00,0,0
1544346771,3007-eth1,0.00,0.00,0.00,0,0,0.00,0.00,0.00,0,0,0.00,0.00,0,0
1544346771,2008-eth1,11604.40,169786.22,181390.61,169956,11616,175.82,73.93,249.75,74,176,0.00,0.00,0,0
1544346771,2002-eth2,0.00,0.00,0.00,0,0,0.00,0.00,0.00,0,0,0.00,0.00,0,0
1544346771,2003-eth1,7734.27,7734.27,15468.53,7742,7742,78.92,78.92,157.84,79,79,0.00,0.00,0,0
1544346771,3008-eth4,595352.69,336649.38,932002.00,336986,595948,366.63,344.66,711.29,345,367,0.00,0.00,0,0
1544346771,1004-eth4,0.00,59.94,59.94,60,0,0.00,1.00,1.00,1,0,0.00,0.00,0,0
1544346771,3006-eth1,15626.37,15566.43,31192.81,15582,15642,159.84,158.84,318.68,159,160,0.00,0.00,0,0
1544346771,1004-eth3,0.00,59.94,59.94,60,0,0.00,1.00,1.00,1,0,0.00,0.00,0,0
1544346771,1002-eth2,7832.17,7832.17,15664.34,7840,7840,79.92,79.92,159.84,80,80,0.00,0.00,0,0
1544346771,3004-eth3,41436.57,766467.56,807904.12,767234,41478,436.56,452.55,889.11,453,437,0.00,0.00,0,0
1544346771,2003-eth3,9692.31,9692.31,19384.62,9702,9702,98.90,98.90,197.80,99,99,0.00,0.00,0,0
1544346771,2005-eth1,3916.08,3916.08,7832.17,3920,3920,39.96,39.96,79.92,40,40,0.00,0.00,0,0
1544346771,3002-eth3,14505.50,237670.34,252175.83,237908,14520,171.83,177.82,349.65,178,172,0.00,0.00,0,0
1544346771,3006-eth3,21190.81,551558.44,572749.25,552110,21212,272.73,286.71,559.44,287,273,0.00,0.00,0,0
1544346771,2001-eth1,3818.18,3818.18,7636.36,3822,3822,38.96,38.96,77.92,39,39,0.00,0.00,0,0
1544346771,3005-eth2,681834.19,1221916.12,1903750.25,1223138,682516,621.38,607.39,1228.77,608,622,0.00,0.00,0,0
1544346771,2001-eth2,11650.35,11650.35,23300.70,11662,11662,118.88,118.88,237.76,119,119,0.00,0.00,0,0
1544346771,3007-eth2,1071308.75,1219256.75,2290565.50,1220476,1072380,869.13,808.19,1677.32,809,870,0.00,0.00,0,0
1544346771,1001-eth1,3818.18,3818.18,7636.36,3822,3822,38.96,38.96,77.92,39,39,0.00,0.00,0,0
1544346771,3007-eth4,824825.19,635234.81,1460060.00,635870,825650,508.49,556.44,1064.94,557,509,0.00,0.00,0,0
1544346771,2003-eth2,7832.17,7832.17,15664.34,7840,7840,79.92,79.92,159.84,80,80,0.00,0.00,0,0
1544346771,3007-eth3,394371.62,442085.94,836457.56,442528,394766,298.70,315.68,614.39,316,299,0.00,0.00,0,0
1544346771,1002-eth1,11650.35,11650.35,23300.70,11662,11662,118.88,118.88,237.76,119,119,0.00,0.00,0,0
1544346771,2002-eth3,981872.12,1224567.50,2206439.50,1225792,982854,674.33,691.31,1365.63,692,675,0.00,0.00,0,0
1544346771,2007-eth2,0.00,0.00,0.00,0,0,0.00,0.00,0.00,0,0,0.00,0.00,0,0
1544346771,total,26782048.00,26430922.00,53212972.00,26457352,26808830,21337.66,21499.50,42837.16,21521,21359,0.00,0.00,0,0
1544346772,3003-eth3,1204697.38,602797.25,1807494.50,603400,1205902,653.35,607.39,1260.74,608,654,0.00,0.00,0,0
1544346772,2002-eth1,235402.61,5076.92,240479.53,5082,235638,81.92,76.92,158.84,77,82,0.00,0.00,0,0
1544346772,lo,7574.43,7574.43,15148.85,7582,7582,73.93,73.93,147.85,74,74,0.00,0.00,0,0
1544346772,3005-eth3,1221892.12,1222155.88,2444048.00,1223378,1223114,804.20,808.19,1612.39,809,805,0.00,0.00,0,0
1544346772,2005-eth3,59.94,0.00,59.94,0,60,1.00,0.00,1.00,0,1,0.00,0.00,0,0
1544346772,3004-eth4,1227732.25,582293.75,1810026.00,582876,1228960,739.26,769.23,1508.49,770,740,0.00,0.00,0,0
1544346772,1004-eth2,0.00,0.00,0.00,0,0,0.00,0.00,0.00,0,0,0.00,0.00,0,0
1544346772,2004-eth4,373794.22,545858.19,919652.38,546404,374168,315.68,381.62,697.30,382,316,0.00,0.00,0,0
1544346772,1001-eth2,7636.36,7636.36,15272.73,7644,7644,77.92,77.92,155.84,78,78,0.00,0.00,0,0
1544346772,1003-eth3,250573.44,647518.50,898091.94,648166,250824,311.69,298.70,610.39,299,312,0.00,0.00,0,0
1544346772,2002-eth4,1217942.12,1220841.25,2438783.25,1222062,1219160,810.19,810.19,1620.38,811,811,0.00,0.00,0,0
1544346772,1001-eth4,59.94,0.00,59.94,0,60,1.00,0.00,1.00,0,1,0.00,0.00,0,0
1544346772,3001-eth2,1220889.12,985558.44,2206447.50,986544,1222110,745.25,730.27,1475.52,731,746,0.00,0.00,0,0
1544346772,1004-eth1,0.00,59.94,59.94,60,0,0.00,1.00,1.00,1,0,0.00,0.00,0,0
1544346772,3005-eth4,1209298.75,668551.44,1877850.25,669220,1210508,613.39,617.38,1230.77,618,614,0.00,0.00,0,0
1544346772,1003-eth2,646067.94,593104.94,1239172.88,593698,646714,276.72,460.54,737.26,461,277,0.00,0.00,0,0
1544346772,3008-eth1,0.00,0.00,0.00,0,0,0.00,0.00,0.00,0,0,0.00,0.00,0,0
1544346772,1002-eth3,11650.35,11710.29,23360.64,11722,11662,118.88,119.88,238.76,120,119,0.00,0.00,0,0
1544346772,2006-eth1,647518.50,250573.44,898091.94,250824,648166,298.70,311.69,610.39,312,299,0.00,0.00,0,0
1544346772,3003-eth1,9496.50,9496.50,18993.01,9506,9506,96.90,96.90,193.81,97,97,0.00,0.00,0,0
1544346772,2001-eth3,9692.31,9752.25,19444.56,9762,9702,98.90,99.90,198.80,100,99,0.00,0.00,0,0
1544346772,2008-eth2,0.00,0.00,0.00,0,0,0.00,0.00,0.00,0,0,0.00,0.00,0,0
1544346772,2008-eth3,1225262.75,1159674.38,2384937.25,1160834,1226488,899.10,934.07,1833.17,935,900,0.00,0.00,0,0
1544346772,1001-eth3,3878.12,3878.12,7756.24,3882,3882,39.96,39.96,79.92,40,40,0.00,0.00,0,0
1544346772,2007-eth4,0.00,0.00,0.00,0,0,0.00,0.00,0.00,0,0,0.00,0.00,0,0
1544346772,2004-eth2,0.00,0.00,0.00,0,0,0.00,0.00,0.00,0,0,0.00,0.00,0,0
1544346772,3002-eth1,9496.50,9556.44,19052.95,9566,9506,96.90,97.90,194.81,98,97,0.00,0.00,0,0
1544346772,3004-eth1,9692.31,9752.25,19444.56,9762,9702,98.90,99.90,198.80,100,99,0.00,0.00,0,0
1544346772,2006-eth3,1218109.88,668551.44,1886661.38,669220,1219328,615.38,617.38,1232.77,618,616,0.00,0.00,0,0
1544346772,3004-eth2,545858.19,373794.22,919652.38,374168,546404,381.62,315.68,697.30,316,382,0.00,0.00,0,0
1544346772,3001-eth3,24389.61,774967.06,799356.69,775742,24414,321.68,362.64,684.32,363,322,0.00,0.00,0,0
1544346772,2003-eth4,9752.25,9692.31,19444.56,9702,9762,99.90,98.90,198.80,99,100,0.00,0.00,0,0
1544346772,2008-eth4,1225386.62,1230461.62,2455848.25,1231692,1226612,811.19,956.04,1767.23,957,812,0.00,0.00,0,0
1544346772,3008-eth3,565009.00,753874.12,1318883.12,754628,565574,464.54,485.51,950.05,486,465,0.00,0.00,0,0
1544346772,2005-eth2,11710.29,11650.35,23360.64,11662,11722,119.88,118.88,238.76,119,120,0.00,0.00,0,0
1544346772,2006-eth4,21032.97,1080577.50,1101610.38,1081658,21054,318.68,372.63,691.31,373,319,0.00,0.00,0,0
1544346772,3006-eth2,1080577.50,21032.97,1101610.38,21054,1081658,372.63,318.68,691.31,319,373,0.00,0.00,0,0
1544346772,1003-eth4,577874.12,3626.37,581500.50,3630,578452,229.77,54.95,284.72,55,230,0.00,0.00,0,0
1544346772,2006-eth2,0.00,0.00,0.00,0,0,0.00,0.00,0.00,0,0,0.00,0.00,0,0
1544346772,3001-eth1,9752.25,9692.31,19444.56,9702,9762,99.90,98.90,198.80,99,100,0.00,0.00,0,0
1544346772,3008-eth2,1230461.62,1225386.62,2455848.25,1226612,1231692,956.04,811.19,1767.23,812,957,0.00,0.00,0,0
1544346772,2004-eth3,1220291.75,966899.12,2187190.75,967866,1221512,819.18,776.22,1595.40,777,820,0.00,0.00,0,0
1544346772,3001-eth4,970921.12,657358.69,1628279.75,658016,971892,508.49,535.46,1043.96,536,509,0.00,0.00,0,0
1544346772,1003-eth1,5076.92,235402.61,240479.53,235638,5082,76.92,81.92,158.84,82,77,0.00,0.00,0,0
1544346772,3002-eth2,1220841.25,1217942.12,2438783.25,1219160,1222062,810.19,810.19,1620.38,811,811,0.00,0.00,0,0
1544346772,2005-eth4,15528.47,15468.53,30997.00,15484,15544,158.84,157.84,316.68,158,159,0.00,0.00,0,0
1544346772,3003-eth2,966899.12,1220291.75,2187190.75,1221512,967866,776.22,819.18,1595.40,820,777,0.00,0.00,0,0
1544346772,2007-eth1,0.00,59.94,59.94,60,0,0.00,1.00,1.00,1,0,0.00,0.00,0,0
1544346772,1002-eth4,0.00,0.00,0.00,0,0,0.00,0.00,0.00,0,0,0.00,0.00,0,0
1544346772,3002-eth4,1212739.25,1022321.69,2235061.00,1023344,1213952,731.27,739.26,1470.53,740,732,0.00,0.00,0,0
1544346772,2007-eth3,0.00,0.00,0.00,0,0,0.00,0.00,0.00,0,0,0.00,0.00,0,0
1544346772,3005-eth1,0.00,59.94,59.94,60,0,0.00,1.00,1.00,1,0,0.00,0.00,0,0
1544346772,2001-eth4,9556.44,9496.50,19052.95,9506,9566,97.90,96.90,194.81,97,98,0.00,0.00,0,0
1544346772,3003-eth4,25144.86,373598.41,398743.28,373972,25170,263.74,265.73,529.47,266,264,0.00,0.00,0,0
1544346772,2004-eth1,593104.94,646067.94,1239172.88,646714,593698,460.54,276.72,737.26,277,461,0.00,0.00,0,0
1544346772,3006-eth4,16451.55,395914.09,412365.66,396310,16468,201.80,230.77,432.57,231,202,0.00,0.00,0,0
1544346772,3007-eth1,0.00,0.00,0.00,0,0,0.00,0.00,0.00,0,0,0.00,0.00,0,0
1544346772,2008-eth1,3626.37,577874.12,581500.50,578452,3630,54.95,229.77,284.72,230,55,0.00,0.00,0,0
1544346772,2002-eth2,59.94,0.00,59.94,0,60,1.00,0.00,1.00,0,1,0.00,0.00,0,0
1544346772,2003-eth1,7636.36,7636.36,15272.73,7644,7644,77.92,77.92,155.84,78,78,0.00,0.00,0,0
1544346772,3008-eth4,660377.62,256161.84,916539.50,256418,661038,346.65,308.69,655.34,309,347,0.00,0.00,0,0
1544346772,1004-eth4,0.00,0.00,0.00,0,0,0.00,0.00,0.00,0,0,0.00,0.00,0,0
1544346772,3006-eth1,15468.53,15528.47,30997.00,15544,15484,157.84,158.84,316.68,159,158,0.00,0.00,0,0
1544346772,1004-eth3,0.00,0.00,0.00,0,0,0.00,0.00,0.00,0,0,0.00,0.00,0,0
1544346772,1002-eth2,7636.36,7636.36,15272.73,7644,7644,77.92,77.92,155.84,78,78,0.00,0.00,0,0
1544346772,3004-eth3,46127.88,835416.62,881544.50,836252,46174,486.51,489.51,976.02,490,487,0.00,0.00,0,0
1544346772,2003-eth3,9496.50,9496.50,18993.01,9506,9506,96.90,96.90,193.81,97,97,0.00,0.00,0,0
1544346772,2005-eth1,3878.12,3878.12,7756.24,3882,3882,39.96,39.96,79.92,40,40,0.00,0.00,0,0
1544346772,3002-eth3,14639.36,247798.20,262437.56,248046,14654,174.83,178.82,353.65,179,175,0.00,0.00,0,0
1544346772,3006-eth3,23770.23,703852.19,727622.38,704556,23794,312.69,337.66,650.35,338,313,0.00,0.00,0,0
1544346772,2001-eth1,3818.18,3878.12,7696.30,3882,3822,38.96,39.96,78.92,40,39,0.00,0.00,0,0
1544346772,3005-eth2,668551.44,1218109.88,1886661.38,1219328,669220,617.38,615.38,1232.77,616,618,0.00,0.00,0,0
1544346772,2001-eth2,11710.29,11650.35,23360.64,11662,11722,119.88,118.88,238.76,119,120,0.00,0.00,0,0
1544346772,3007-eth2,1159674.38,1225262.75,2384937.25,1226488,1160834,934.07,899.10,1833.17,900,935,0.00,0.00,0,0
1544346772,1001-eth1,3878.12,3818.18,7696.30,3822,3882,39.96,38.96,78.92,39,40,0.00,0.00,0,0
1544346772,3007-eth4,860279.75,681794.25,1542074.00,682476,861140,585.41,605.39,1190.81,606,586,0.00,0.00,0,0
1544346772,2003-eth2,7636.36,7636.36,15272.73,7644,7644,77.92,77.92,155.84,78,78,0.00,0.00,0,0
1544346772,3007-eth3,364983.03,465706.31,830689.31,466172,365348,313.69,321.68,635.36,322,314,0.00,0.00,0,0
1544346772,1002-eth1,11650.35,11710.29,23360.64,11722,11662,118.88,119.88,238.76,120,119,0.00,0.00,0,0
1544346772,2002-eth3,985558.44,1220889.12,2206447.50,1222110,986544,730.27,745.25,1475.52,746,731,0.00,0.00,0,0
1544346772,2007-eth2,0.00,0.00,0.00,0,0,0.00,0.00,0.00,0,0,0.00,0.00,0,0
1544346772,total,28397236.00,28993344.00,57390580.00,29022336,28425632,22353.65,22495.51,44849.15,22518,22376,0.00,0.00,0,0
1544346773,3003-eth3,1212151.88,233610.39,1445762.25,233844,1213364,525.47,449.55,975.03,450,526,0.00,0.00,0,0
1544346773,2002-eth1,236855.16,4543.46,241398.61,4548,237092,81.92,68.93,150.85,69,82,0.00,0.00,0,0
1544346773,lo,7162.84,7162.84,14325.67,7170,7170,69.93,69.93,139.86,70,70,0.00,0.00,0,0
1544346773,3005-eth3,1220505.50,1219130.88,2439636.50,1220350,1221726,805.19,806.19,1611.39,807,806,0.00,0.00,0,0
1544346773,2005-eth3,0.00,59.94,59.94,60,0,0.00,1.00,1.00,1,0,0.00,0.00,0,0
1544346773,3004-eth4,1234577.50,592713.31,1827290.75,593306,1235812,777.22,752.25,1529.47,753,778,0.00,0.00,0,0
1544346773,1004-eth2,59.94,0.00,59.94,0,60,1.00,0.00,1.00,0,1,0.00,0.00,0,0
1544346773,2004-eth4,330987.03,558591.44,889578.44,559150,331318,302.70,356.64,659.34,357,303,0.00,0.00,0,0
1544346773,1001-eth2,7640.36,7580.42,15220.78,7588,7648,78.92,77.92,156.84,78,79,0.00,0.00,0,0
1544346773,1003-eth3,251096.91,606945.06,858042.00,607552,251348,297.70,275.72,573.43,276,298,0.00,0.00,0,0
1544346773,2002-eth4,1221950.12,1223009.00,2444959.00,1224232,1223172,761.24,799.20,1560.44,800,762,0.00,0.00,0,0
1544346773,1001-eth4,41.96,101.90,143.86,102,42,1.00,2.00,3.00,2,1,0.00,0.00,0,0
1544346773,3001-eth2,1220945.12,986153.88,2207099.00,987140,1222166,658.34,717.28,1375.62,718,659,0.00,0.00,0,0
1544346773,1004-eth1,59.94,0.00,59.94,0,60,1.00,0.00,1.00,0,1,0.00,0.00,0,0
1544346773,3005-eth4,1205608.38,628439.56,1834048.00,629068,1206814,601.40,601.40,1202.80,602,602,0.00,0.00,0,0
1544346773,1003-eth2,612813.19,222953.05,835766.25,223176,613426,364.64,287.71,652.35,288,365,0.00,0.00,0,0
1544346773,3008-eth1,41.96,101.90,143.86,102,42,1.00,2.00,3.00,2,1,0.00,0.00,0,0
1544346773,1002-eth3,11356.64,11356.64,22713.29,11368,11368,115.88,115.88,231.77,116,116,0.00,0.00,0,0
1544346773,2006-eth1,606945.06,251096.91,858042.00,251348,607552,275.72,297.70,573.43,298,276,0.00,0.00,0,0
1544346773,3003-eth1,9696.30,9538.46,19234.77,9548,9706,99.90,97.90,197.80,98,100,0.00,0.00,0,0
1544346773,2001-eth3,9636.36,9636.36,19272.73,9646,9646,98.90,98.90,197.80,99,99,0.00,0.00,0,0
1544346773,2008-eth2,0.00,59.94,59.94,60,0,0.00,1.00,1.00,1,0,0.00,0.00,0,0
1544346773,2008-eth3,1221896.12,1000555.50,2222451.50,1001556,1223118,826.17,760.24,1586.41,761,827,0.00,0.00,0,0
1544346773,1001-eth3,3622.38,3622.38,7244.76,3626,3626,36.96,36.96,73.93,37,37,0.00,0.00,0,0
1544346773,2007-eth4,101.90,41.96,143.86,42,102,2.00,1.00,3.00,1,2,0.00,0.00,0,0
1544346773,2004-eth2,0.00,59.94,59.94,60,0,0.00,1.00,1.00,1,0,0.00,0.00,0,0
1544346773,3002-eth1,9636.36,9636.36,19272.73,9646,9646,98.90,98.90,197.80,99,99,0.00,0.00,0,0
1544346773,3004-eth1,9006.99,9104.90,18111.89,9114,9016,91.91,92.91,184.82,93,92,0.00,0.00,0,0
1544346773,2006-eth3,1220343.75,628565.44,1848909.12,629194,1221564,605.39,603.40,1208.79,604,606,0.00,0.00,0,0
1544346773,3004-eth2,558591.44,330987.03,889578.44,331318,559150,356.64,302.70,659.34,303,357,0.00,0.00,0,0
1544346773,3001-eth3,24603.40,814891.12,839494.50,815706,24628,325.67,376.62,702.30,377,326,0.00,0.00,0,0
1544346773,2003-eth4,9104.90,9006.99,18111.89,9016,9114,92.91,91.91,184.82,92,93,0.00,0.00,0,0
1544346773,2008-eth4,1221248.75,1230735.25,2451984.00,1231966,1222470,810.19,982.02,1792.21,983,811,0.00,0.00,0,0
1544346773,3008-eth3,442969.03,696729.31,1139698.38,697426,443412,435.56,452.55,888.11,453,436,0.00,0.00,0,0
1544346773,2005-eth2,11356.64,11356.64,22713.29,11368,11368,115.88,115.88,231.77,116,116,0.00,0.00,0,0
1544346773,2006-eth4,21560.44,1123516.50,1145077.00,1124640,21582,326.67,387.61,714.29,388,327,0.00,0.00,0,0
1544346773,3006-eth2,1123516.50,21560.44,1145077.00,21582,1124640,387.61,326.67,714.29,327,388,0.00,0.00,0,0
1544346773,1003-eth4,208711.30,10351.65,219062.94,10362,208920,71.93,156.84,228.77,157,72,0.00,0.00,0,0
1544346773,2006-eth2,0.00,59.94,59.94,60,0,0.00,1.00,1.00,1,0,0.00,0.00,0,0
1544346773,3001-eth1,9636.36,9636.36,19272.73,9646,9646,98.90,98.90,197.80,99,99,0.00,0.00,0,0
1544346773,3008-eth2,1230735.25,1221248.75,2451984.00,1222470,1231966,982.02,810.19,1792.21,811,983,0.00,0.00,0,0
1544346773,2004-eth3,1226929.12,554000.00,1780929.12,554554,1228156,651.35,591.41,1242.76,592,652,0.00,0.00,0,0
1544346773,3001-eth4,971186.81,617510.50,1588697.38,618128,972158,490.51,523.48,1013.99,524,491,0.00,0.00,0,0
1544346773,1003-eth1,4543.46,236855.16,241398.61,237092,4548,68.93,81.92,150.85,82,69,0.00,0.00,0,0
1544346773,3002-eth2,1223009.00,1221950.12,2444959.00,1223172,1224232,799.20,761.24,1560.44,762,800,0.00,0.00,0,0
1544346773,2005-eth4,14979.02,14979.02,29958.04,14994,14994,152.85,152.85,305.69,153,153,0.00,0.00,0,0
1544346773,3003-eth2,554000.00,1226929.12,1780929.12,1228156,554554,591.41,651.35,1242.76,652,592,0.00,0.00,0,0
1544346773,2007-eth1,101.90,41.96,143.86,42,102,2.00,1.00,3.00,1,2,0.00,0.00,0,0
1544346773,1002-eth4,0.00,0.00,0.00,0,0,0.00,0.00,0.00,0,0,0.00,0.00,0,0
1544346773,3002-eth4,1217376.62,877304.75,2094681.38,878182,1218594,692.31,690.31,1382.62,691,693,0.00,0.00,0,0
1544346773,2007-eth3,0.00,59.94,59.94,60,0,0.00,1.00,1.00,1,0,0.00,0.00,0,0
1544346773,3005-eth1,59.94,0.00,59.94,0,60,1.00,0.00,1.00,0,1,0.00,0.00,0,0
1544346773,2001-eth4,9636.36,9636.36,19272.73,9646,9646,98.90,98.90,197.80,99,99,0.00,0.00,0,0
1544346773,3003-eth4,21422.58,329966.03,351388.62,330296,21444,223.78,239.76,463.54,240,224,0.00,0.00,0,0
1544346773,2004-eth1,222953.05,612813.19,835766.25,613426,223176,287.71,364.64,652.35,365,288,0.00,0.00,0,0
1544346773,3006-eth4,16023.98,367738.28,383762.25,368106,16040,195.80,220.78,416.58,221,196,0.00,0.00,0,0
1544346773,3007-eth1,59.94,0.00,59.94,0,60,1.00,0.00,1.00,0,1,0.00,0.00,0,0
1544346773,2008-eth1,10351.65,208711.30,219062.94,208920,10362,156.84,71.93,228.77,72,157,0.00,0.00,0,0
1544346773,2002-eth2,0.00,59.94,59.94,60,0,0.00,1.00,1.00,1,0,0.00,0.00,0,0
1544346773,2003-eth1,7580.42,7640.36,15220.78,7648,7588,77.92,78.92,156.84,79,78,0.00,0.00,0,0
1544346773,3008-eth4,781280.75,274955.06,1056235.75,275230,782062,376.62,374.63,751.25,375,377,0.00,0.00,0,0
1544346773,1004-eth4,59.94,0.00,59.94,0,60,1.00,0.00,1.00,0,1,0.00,0.00,0,0
1544346773,3006-eth1,14979.02,14979.02,29958.04,14994,14994,152.85,152.85,305.69,153,153,0.00,0.00,0,0
1544346773,1004-eth3,59.94,0.00,59.94,0,60,1.00,0.00,1.00,0,1,0.00,0.00,0,0
1544346773,1002-eth2,7440.56,7440.56,14881.12,7448,7448,75.92,75.92,151.85,76,76,0.00,0.00,0,0
1544346773,3004-eth3,43226.77,657122.88,700349.69,657780,43270,488.51,421.58,910.09,422,489,0.00,0.00,0,0
1544346773,2003-eth3,9538.46,9696.30,19234.77,9706,9548,97.90,99.90,197.80,100,98,0.00,0.00,0,0
1544346773,2005-eth1,3622.38,3622.38,7244.76,3626,3626,36.96,36.96,73.93,37,37,0.00,0.00,0,0
1544346773,3002-eth3,14209.79,228695.31,242905.09,228924,14224,167.83,173.83,341.66,174,168,0.00,0.00,0,0
1544346773,3006-eth3,24431.57,774673.38,799104.94,775448,24456,323.68,359.64,683.32,360,324,0.00,0.00,0,0
1544346773,2001-eth1,3976.02,3916.08,7892.11,3920,3980,40.96,39.96,80.92,40,41,0.00,0.00,0,0
1544346773,3005-eth2,628565.44,1220343.75,1848909.12,1221564,629194,603.40,605.39,1208.79,606,604,0.00,0.00,0,0
1544346773,2001-eth2,11356.64,11356.64,22713.29,11368,11368,115.88,115.88,231.77,116,116,0.00,0.00,0,0
1544346773,3007-eth2,1000555.50,1221896.12,2222451.50,1223118,1001556,760.24,826.17,1586.41,827,761,0.00,0.00,0,0
1544346773,1001-eth1,3916.08,3976.02,7892.11,3980,3920,39.96,40.96,80.92,41,40,0.00,0.00,0,0
1544346773,3007-eth4,900513.50,649594.44,1550107.88,650244,901414,581.42,505.49,1086.91,506,582,0.00,0.00,0,0
1544346773,2003-eth2,7440.56,7440.56,14881.12,7448,7448,75.92,75.92,151.85,76,76,0.00,0.00,0,0
1544346773,3007-eth3,321502.50,350835.19,672337.69,351186,321824,246.75,252.75,499.50,253,247,0.00,0.00,0,0
1544346773,1002-eth1,11356.64,11356.64,22713.29,11368,11368,115.88,115.88,231.77,116,116,0.00,0.00,0,0
1544346773,2002-eth3,986153.88,1220945.12,2207099.00,1222166,987140,717.28,658.34,1375.62,659,718,0.00,0.00,0,0
1544346773,2007-eth2,0.00,0.00,0.00,0,0,0.00,0.00,0.00,0,0,0.00,0.00,0,0
1544346773,total,27001174.00,26663494.00,53664664.00,26690156,27028174,21095.90,21038.96,42134.87,21060,21117,0.00,0.00,0,0
1544346774,3003-eth3,1196931.12,593982.06,1790913.12,594576,1198128,579.42,583.42,1162.84,584,580,0.00,0.00,0,0
1544346774,2002-eth1,229424.58,4483.52,233908.09,4488,229654,78.92,67.93,146.85,68,79,0.00,0.00,0,0
1544346774,lo,65298.70,65298.70,130597.41,65364,65364,300.70,300.70,601.40,301,301,0.00,0.00,0,0
1544346774,3005-eth3,1217025.00,1213212.88,2430237.75,1214426,1218242,796.20,804.20,1600.40,805,797,0.00,0.00,0,0
1544346774,2005-eth3,0.00,0.00,0.00,0,0,0.00,0.00,0.00,0,0,0.00,0.00,0,0
1544346774,3004-eth4,1229380.62,690483.56,1919864.25,691174,1230610,764.24,610.39,1374.63,611,765,0.00,0.00,0,0
1544346774,1004-eth2,0.00,0.00,0.00,0,0,0.00,0.00,0.00,0,0,0.00,0.00,0,0
1544346774,2004-eth4,423578.44,674983.06,1098561.50,675658,424002,368.63,375.62,744.26,376,369,0.00,0.00,0,0
1544346774,1001-eth2,7832.17,7892.11,15724.28,7900,7840,79.92,80.92,160.84,81,80,0.00,0.00,0,0
1544346774,1003-eth3,243198.81,595108.94,838307.69,595704,243442,287.71,271.73,559.44,272,288,0.00,0.00,0,0
1544346774,2002-eth4,1220829.25,1212953.12,2433782.25,1214166,1222050,744.26,822.18,1566.43,823,745,0.00,0.00,0,0
1544346774,1001-eth4,0.00,0.00,0.00,0,0,0.00,0.00,0.00,0,0,0.00,0.00,0,0
1544346774,3001-eth2,1214111.88,983528.50,2197640.50,984512,1215326,686.31,743.26,1429.57,744,687,0.00,0.00,0,0
1544346774,1004-eth1,0.00,0.00,0.00,0,0,0.00,0.00,0.00,0,0,0.00,0.00,0,0
1544346774,3005-eth4,1199696.38,616471.56,1816167.88,617088,1200896,599.40,595.40,1194.81,596,600,0.00,0.00,0,0
1544346774,1003-eth2,597015.00,582113.88,1179128.88,582696,597612,300.70,403.60,704.30,404,301,0.00,0.00,0,0
1544346774,3008-eth1,0.00,0.00,0.00,0,0,0.00,0.00,0.00,0,0,0.00,0.00,0,0
1544346774,1002-eth3,11514.49,11356.64,22871.13,11368,11526,117.88,115.88,233.77,116,118,0.00,0.00,0,0
1544346774,2006-eth1,595108.94,243198.81,838307.69,243442,595704,271.73,287.71,559.44,288,272,0.00,0.00,0,0
1544346774,3003-eth1,9692.31,9752.25,19444.56,9762,9702,98.90,99.90,198.80,100,99,0.00,0.00,0,0
1544346774,2001-eth3,9692.31,9692.31,19384.62,9702,9702,98.90,98.90,197.80,99,99,0.00,0.00,0,0
1544346774,2008-eth2,0.00,0.00,0.00,0,0,0.00,0.00,0.00,0,0,0.00,0.00,0,0
1544346774,2008-eth3,1217910.12,1122727.25,2340637.50,1123850,1219128,963.04,748.25,1711.29,749,964,0.00,0.00,0,0
1544346774,1001-eth3,3916.08,3916.08,7832.17,3920,3920,39.96,39.96,79.92,40,40,0.00,0.00,0,0
1544346774,2007-eth4,0.00,0.00,0.00,0,0,0.00,0.00,0.00,0,0,0.00,0.00,0,0
1544346774,2004-eth2,0.00,0.00,0.00,0,0,0.00,0.00,0.00,0,0,0.00,0.00,0,0
1544346774,3002-eth1,9654.35,9594.41,19248.75,9604,9664,98.90,97.90,196.80,98,99,0.00,0.00,0,0
1544346774,3004-eth1,9850.15,9692.31,19542.46,9702,9860,100.90,98.90,199.80,99,101,0.00,0.00,0,0
1544346774,2006-eth3,1216004.00,616603.44,1832607.50,617220,1217220,605.39,597.40,1202.80,598,606,0.00,0.00,0,0
1544346774,3004-eth2,674983.06,423578.44,1098561.50,424002,675658,375.62,368.63,744.26,369,376,0.00,0.00,0,0
1544346774,3001-eth3,24065.94,806069.94,830135.88,806876,24090,316.68,373.63,690.31,374,317,0.00,0.00,0,0
1544346774,2003-eth4,9692.31,9850.15,19542.46,9860,9702,98.90,100.90,199.80,101,99,0.00,0.00,0,0
1544346774,2008-eth4,1219860.12,1224305.75,2444166.00,1225530,1221080,839.16,1059.94,1899.10,1061,840,0.00,0.00,0,0
1544346774,3008-eth3,501040.97,582245.75,1083286.75,582828,501542,402.60,405.59,808.19,406,403,0.00,0.00,0,0
1544346774,2005-eth2,11356.64,11514.49,22871.13,11526,11368,115.88,117.88,233.77,118,116,0.00,0.00,0,0
1544346774,2006-eth4,21494.51,1210841.25,1232335.75,1212052,21516,325.67,417.58,743.26,418,326,0.00,0.00,0,0
1544346774,3006-eth2,1210841.25,21494.51,1232335.75,21516,1212052,417.58,325.67,743.26,326,418,0.00,0.00,0,0
1544346774,1003-eth4,568459.56,6329.67,574789.25,6336,569028,196.80,95.90,292.71,96,197,0.00,0.00,0,0
1544346774,2006-eth2,0.00,0.00,0.00,0,0,0.00,0.00,0.00,0,0,0.00,0.00,0,0
1544346774,3001-eth1,9692.31,9692.31,19384.62,9702,9702,98.90,98.90,197.80,99,99,0.00,0.00,0,0
1544346774,3008-eth2,1224305.75,1219860.12,2444166.00,1221080,1225530,1059.94,839.16,1899.10,840,1061,0.00,0.00,0,0
1544346774,2004-eth3,1211592.50,1005692.31,2217284.75,1006698,1212804,766.23,772.23,1538.46,773,767,0.00,0.00,0,0
1544346774,3001-eth4,969154.88,756321.69,1725476.62,757078,970124,525.47,566.43,1091.91,567,526,0.00,0.00,0,0
1544346774,1003-eth1,4483.52,229424.58,233908.09,229654,4488,67.93,78.92,146.85,79,68,0.00,0.00,0,0
1544346774,3002-eth2,1212953.12,1220829.25,2433782.25,1222050,1214166,822.18,744.26,1566.43,745,823,0.00,0.00,0,0
1544346774,2005-eth4,15370.63,15272.73,30643.36,15288,15386,156.84,155.84,312.69,156,157,0.00,0.00,0,0
1544346774,3003-eth2,1005692.31,1211592.50,2217284.75,1212804,1006698,772.23,766.23,1538.46,767,773,0.00,0.00,0,0
1544346774,2007-eth1,0.00,0.00,0.00,0,0,0.00,0.00,0.00,0,0,0.00,0.00,0,0
1544346774,1002-eth4,59.94,59.94,119.88,60,60,1.00,1.00,2.00,1,1,0.00,0.00,0,0
1544346774,3002-eth4,1216207.88,818016.00,2034223.88,818834,1217424,674.33,668.33,1342.66,669,675,0.00,0.00,0,0
1544346774,2007-eth3,59.94,0.00,59.94,0,60,1.00,0.00,1.00,0,1,0.00,0.00,0,0
1544346774,3005-eth1,0.00,0.00,0.00,0,0,0.00,0.00,0.00,0,0,0.00,0.00,0,0
1544346774,2001-eth4,9594.41,9654.35,19248.75,9664,9604,97.90,98.90,196.80,99,98,0.00,0.00,0,0
1544346774,3003-eth4,27252.75,421402.59,448655.34,421824,27280,285.71,287.71,573.43,288,286,0.00,0.00,0,0
1544346774,2004-eth1,582113.88,597015.00,1179128.88,597612,582696,403.60,300.70,704.30,301,404,0.00,0.00,0,0
1544346774,3006-eth4,24889.11,896353.69,921242.81,897250,24914,328.67,404.60,733.27,405,329,0.00,0.00,0,0
1544346774,3007-eth1,0.00,59.94,59.94,60,0,0.00,1.00,1.00,1,0,0.00,0.00,0,0
1544346774,2008-eth1,6329.67,568459.56,574789.25,569028,6336,95.90,196.80,292.71,197,96,0.00,0.00,0,0
1544346774,2002-eth2,0.00,0.00,0.00,0,0,0.00,0.00,0.00,0,0,0.00,0.00,0,0
1544346774,2003-eth1,7892.11,7832.17,15724.28,7840,7900,80.92,79.92,160.84,80,81,0.00,0.00,0,0
1544346774,3008-eth4,718819.19,392681.34,1111500.50,393074,719538,436.56,404.60,841.16,405,437,0.00,0.00,0,0
1544346774,1004-eth4,0.00,0.00,0.00,0,0,0.00,0.00,0.00,0,0,0.00,0.00,0,0
1544346774,3006-eth1,15272.73,15370.63,30643.36,15386,15288,155.84,156.84,312.69,157,156,0.00,0.00,0,0
1544346774,1004-eth3,0.00,0.00,0.00,0,0,0.00,0.00,0.00,0,0,0.00,0.00,0,0
1544346774,1002-eth2,7794.21,7892.11,15686.31,7900,7802,79.92,80.92,160.84,81,80,0.00,0.00,0,0
1544346774,3004-eth3,25246.75,785784.25,811031.00,786570,25272,334.67,372.63,707.29,373,335,0.00,0.00,0,0
1544346774,2003-eth3,9752.25,9692.31,19444.56,9702,9762,99.90,98.90,198.80,99,100,0.00,0.00,0,0
1544346774,2005-eth1,3916.08,3916.08,7832.17,3920,3920,39.96,39.96,79.92,40,40,0.00,0.00,0,0
1544346774,3002-eth3,14335.67,236059.95,250395.61,236296,14350,169.83,175.82,345.65,176,170,0.00,0.00,0,0
1544346774,3006-eth3,15892.11,345512.50,361404.59,345858,15908,193.81,212.79,406.59,213,194,0.00,0.00,0,0
1544346774,2001-eth1,3916.08,3916.08,7832.17,3920,3920,39.96,39.96,79.92,40,40,0.00,0.00,0,0
1544346774,3005-eth2,616603.44,1216004.00,1832607.50,1217220,617220,597.40,605.39,1202.80,606,598,0.00,0.00,0,0
1544346774,2001-eth2,11454.55,11514.49,22969.03,11526,11466,116.88,117.88,234.77,118,117,0.00,0.00,0,0
1544346774,3007-eth2,1122727.25,1217910.12,2340637.50,1219128,1123850,748.25,963.04,1711.29,964,749,0.00,0.00,0,0
1544346774,1001-eth1,3916.08,3916.08,7832.17,3920,3920,39.96,39.96,79.92,40,40,0.00,0.00,0,0
1544346774,3007-eth4,837204.81,714421.62,1551626.38,715136,838042,608.39,479.52,1087.91,480,609,0.00,0.00,0,0
1544346774,2003-eth2,7892.11,7794.21,15686.31,7802,7900,80.92,79.92,160.84,80,81,0.00,0.00,0,0
1544346774,3007-eth3,380705.31,528781.25,909486.56,529310,381086,354.65,362.64,717.28,363,355,0.00,0.00,0,0
1544346774,1002-eth1,11514.49,11454.55,22969.03,11466,11526,117.88,116.88,234.77,117,118,0.00,0.00,0,0
1544346774,2002-eth3,983528.50,1214111.88,2197640.50,1215326,984512,743.26,686.31,1429.57,687,744,0.00,0.00,0,0
1544346774,2007-eth2,59.94,59.94,119.88,60,60,1.00,1.00,2.00,1,1,0.00,0.00,0,0
1544346774,total,28487656.00,29287608.00,57775264.00,29316894,28516142,22268.73,22205.79,44474.53,22228,22291,0.00,0.00,0,0
1544346775,3003-eth3,1208165.88,402105.91,1610271.75,402508,1209374,530.47,525.47,1055.94,526,531,0.00,0.00,0,0
1544346775,2002-eth1,269404.59,4549.45,273954.06,4554,269674,92.91,68.93,161.84,69,93,0.00,0.00,0,0
1544346775,lo,7162.84,7162.84,14325.67,7170,7170,69.93,69.93,139.86,70,70,0.00,0.00,0,0
1544346775,3005-eth3,1215842.25,1215974.00,2431816.25,1217190,1217058,800.20,802.20,1602.40,803,801,0.00,0.00,0,0
1544346775,2005-eth3,0.00,0.00,0.00,0,0,0.00,0.00,0.00,0,0,0.00,0.00,0,0
1544346775,3004-eth4,1217716.38,639814.19,1857530.50,640454,1218934,653.35,598.40,1251.75,599,654,0.00,0.00,0,0
1544346775,1004-eth2,0.00,59.94,59.94,60,0,0.00,1.00,1.00,1,0,0.00,0.00,0,0
1544346775,2004-eth4,287526.47,622539.50,910065.94,623162,287814,345.65,336.66,682.32,337,346,0.00,0.00,0,0
1544346775,1001-eth2,7734.27,7734.27,15468.53,7742,7742,78.92,78.92,157.84,79,79,0.00,0.00,0,0
1544346775,1003-eth3,280547.47,531582.44,812129.88,532114,280828,261.74,251.75,513.49,252,262,0.00,0.00,0,0
1544346775,2002-eth4,1215372.62,1218679.38,2434052.00,1219898,1216588,749.25,887.11,1636.36,888,750,0.00,0.00,0,0
1544346775,1001-eth4,0.00,0.00,0.00,0,0,0.00,0.00,0.00,0,0,0.00,0.00,0,0
1544346775,3001-eth2,1213057.00,949214.81,2162271.75,950164,1214270,670.33,793.21,1463.54,794,671,0.00,0.00,0,0
1544346775,1004-eth1,0.00,0.00,0.00,0,0,0.00,0.00,0.00,0,0,0.00,0.00,0,0
1544346775,3005-eth4,1201402.62,552819.19,1754221.88,553372,1202604,581.42,573.43,1154.85,574,582,0.00,0.00,0,0
1544346775,1003-eth2,539764.25,387198.81,926963.06,387586,540304,375.62,299.70,675.32,300,376,0.00,0.00,0,0
1544346775,3008-eth1,59.94,0.00,59.94,0,60,1.00,0.00,1.00,0,1,0.00,0.00,0,0
1544346775,1002-eth3,11552.45,11650.35,23202.80,11662,11564,117.88,118.88,236.76,119,118,0.00,0.00,0,0
1544346775,2006-eth1,531582.44,280547.47,812129.88,280828,532114,251.75,261.74,513.49,262,252,0.00,0.00,0,0
1544346775,3003-eth1,9594.41,9692.31,19286.71,9702,9604,97.90,98.90,196.80,99,98,0.00,0.00,0,0
1544346775,2001-eth3,9752.25,9692.31,19444.56,9702,9762,99.90,98.90,198.80,99,100,0.00,0.00,0,0
1544346775,2008-eth2,59.94,0.00,59.94,0,60,1.00,0.00,1.00,0,1,0.00,0.00,0,0
1544346775,2008-eth3,1144493.50,1216831.25,2361324.75,1218048,1145638,793.21,815.18,1608.39,816,794,0.00,0.00,0,0
1544346775,1001-eth3,3916.08,3916.08,7832.17,3920,3920,39.96,39.96,79.92,40,40,0.00,0.00,0,0
1544346775,2007-eth4,0.00,59.94,59.94,60,0,0.00,1.00,1.00,1,0,0.00,0.00,0,0
1544346775,2004-eth2,59.94,0.00,59.94,0,60,1.00,0.00,1.00,0,1,0.00,0.00,0,0
1544346775,3002-eth1,9398.60,9398.60,18797.20,9408,9408,95.90,95.90,191.81,96,96,0.00,0.00,0,0
1544346775,3004-eth1,9692.31,9692.31,19384.62,9702,9702,98.90,98.90,197.80,99,99,0.00,0.00,0,0
1544346775,2006-eth3,1217644.38,552885.12,1770529.50,553438,1218862,586.41,574.43,1160.84,575,587,0.00,0.00,0,0
1544346775,3004-eth2,622539.50,287526.47,910065.94,287814,623162,336.66,345.65,682.32,346,337,0.00,0.00,0,0
1544346775,3001-eth3,28285.71,1048843.12,1077128.88,1049892,28314,380.62,457.54,838.16,458,381,0.00,0.00,0,0
1544346775,2003-eth4,9692.31,9692.31,19384.62,9702,9702,98.90,98.90,197.80,99,99,0.00,0.00,0,0
1544346775,2008-eth4,1214565.50,1157218.88,2371784.25,1158376,1215780,649.35,986.01,1635.36,987,650,0.00,0.00,0,0
1544346775,3008-eth3,571838.19,528847.19,1100685.38,529376,572410,335.66,363.64,699.30,364,336,0.00,0.00,0,0
1544346775,2005-eth2,11650.35,11552.45,23202.80,11564,11662,118.88,117.88,236.76,118,119,0.00,0.00,0,0
1544346775,2006-eth4,21422.58,1181310.75,1202733.25,1182492,21444,324.68,408.59,733.27,409,325,0.00,0.00,0,0
1544346775,3006-eth2,1181310.75,21422.58,1202733.25,21444,1182492,408.59,324.68,733.27,325,409,0.00,0.00,0,0
1544346775,1003-eth4,375996.00,12851.15,388847.16,12864,376372,129.87,194.81,324.68,195,130,0.00,0.00,0,0
1544346775,2006-eth2,59.94,0.00,59.94,0,60,1.00,0.00,1.00,0,1,0.00,0.00,0,0
1544346775,3001-eth1,9692.31,9752.25,19444.56,9762,9702,98.90,99.90,198.80,100,99,0.00,0.00,0,0
1544346775,3008-eth2,1157218.88,1214565.50,2371784.25,1215780,1158376,986.01,649.35,1635.36,650,987,0.00,0.00,0,0
1544346775,2004-eth3,1216333.75,674605.44,1890939.12,675280,1217550,646.35,643.36,1289.71,644,647,0.00,0.00,0,0
1544346775,3001-eth4,930621.38,776441.56,1707063.00,777218,931552,511.49,564.44,1075.92,565,512,0.00,0.00,0,0
1544346775,1003-eth1,4549.45,269404.59,273954.06,269674,4554,68.93,92.91,161.84,93,69,0.00,0.00,0,0
1544346775,3002-eth2,1218679.38,1215372.62,2434052.00,1216588,1219898,887.11,749.25,1636.36,750,888,0.00,0.00,0,0
1544346775,2005-eth4,15468.53,15626.37,31094.91,15642,15484,157.84,159.84,317.68,160,158,0.00,0.00,0,0
1544346775,3003-eth2,674605.44,1216333.75,1890939.12,1217550,675280,643.36,646.35,1289.71,647,644,0.00,0.00,0,0
1544346775,2007-eth1,0.00,0.00,0.00,0,0,0.00,0.00,0.00,0,0,0.00,0.00,0,0
1544346775,1002-eth4,0.00,0.00,0.00,0,0,0.00,0.00,0.00,0,0,0.00,0.00,0,0
1544346775,3002-eth4,1210889.12,853458.56,2064347.75,854312,1212100,681.32,679.32,1360.64,680,682,0.00,0.00,0,0
1544346775,2007-eth3,0.00,0.00,0.00,0,0,0.00,0.00,0.00,0,0,0.00,0.00,0,0
1544346775,3005-eth1,0.00,0.00,0.00,0,0,0.00,0.00,0.00,0,0,0.00,0.00,0,0
1544346775,2001-eth4,9398.60,9398.60,18797.20,9408,9408,95.90,95.90,191.81,96,96,0.00,0.00,0,0
1544346775,3003-eth4,17860.14,282093.91,299954.06,282376,17878,214.79,215.78,430.57,216,215,0.00,0.00,0,0
1544346775,2004-eth1,387198.81,539764.25,926963.06,540304,387586,299.70,375.62,675.32,376,300,0.00,0.00,0,0
1544346775,3006-eth4,15456.54,363462.56,378919.09,363826,15472,186.81,220.78,407.59,221,187,0.00,0.00,0,0
1544346775,3007-eth1,0.00,0.00,0.00,0,0,0.00,0.00,0.00,0,0,0.00,0.00,0,0
1544346775,2008-eth1,12851.15,375996.00,388847.16,376372,12864,194.81,129.87,324.68,130,195,0.00,0.00,0,0
1544346775,2002-eth2,0.00,0.00,0.00,0,0,0.00,0.00,0.00,0,0,0.00,0.00,0,0
1544346775,2003-eth1,7734.27,7734.27,15468.53,7742,7742,78.92,78.92,157.84,79,79,0.00,0.00,0,0
1544346775,3008-eth4,642781.25,211314.69,854095.94,211526,643424,314.69,286.71,601.40,287,315,0.00,0.00,0,0
1544346775,1004-eth4,0.00,59.94,59.94,60,0,0.00,1.00,1.00,1,0,0.00,0.00,0,0
1544346775,3006-eth1,15626.37,15468.53,31094.91,15484,15642,159.84,157.84,317.68,158,160,0.00,0.00,0,0
1544346775,1004-eth3,0.00,59.94,59.94,60,0,0.00,1.00,1.00,1,0,0.00,0.00,0,0
1544346775,1002-eth2,7734.27,7636.36,15370.63,7644,7742,78.92,77.92,156.84,78,79,0.00,0.00,0,0
1544346775,3004-eth3,27032.97,850455.56,877488.56,851306,27060,361.64,388.61,750.25,389,362,0.00,0.00,0,0
1544346775,2003-eth3,9692.31,9594.41,19286.71,9604,9702,98.90,97.90,196.80,98,99,0.00,0.00,0,0
1544346775,2005-eth1,3916.08,3916.08,7832.17,3920,3920,39.96,39.96,79.92,40,40,0.00,0.00,0,0
1544346775,3002-eth3,13882.12,232905.09,246787.22,233138,13896,163.84,172.83,336.66,173,164,0.00,0.00,0,0
1544346775,3006-eth3,25410.59,849106.94,874517.50,849956,25436,336.66,389.61,726.27,390,337,0.00,0.00,0,0
1544346775,2001-eth1,3818.18,3818.18,7636.36,3822,3822,38.96,38.96,77.92,39,39,0.00,0.00,0,0
1544346775,3005-eth2,552885.12,1217644.38,1770529.50,1218862,553438,574.43,586.41,1160.84,587,575,0.00,0.00,0,0
1544346775,2001-eth2,11552.45,11552.45,23104.90,11564,11564,117.88,117.88,235.76,118,118,0.00,0.00,0,0
1544346775,3007-eth2,1216831.25,1144493.50,2361324.75,1145638,1218048,815.18,793.21,1608.39,794,816,0.00,0.00,0,0
1544346775,1001-eth1,3818.18,3818.18,7636.36,3822,3822,38.96,38.96,77.92,39,39,0.00,0.00,0,0
1544346775,3007-eth4,776165.88,698773.25,1474939.12,699472,776942,494.51,483.52,978.02,484,495,0.00,0.00,0,0
1544346775,2003-eth2,7636.36,7734.27,15370.63,7742,7644,77.92,78.92,156.84,79,78,0.00,0.00,0,0
1544346775,3007-eth3,368267.75,494711.31,862979.06,495206,368636,297.70,306.69,604.40,307,298,0.00,0.00,0,0
1544346775,1002-eth1,11552.45,11552.45,23104.90,11564,11564,117.88,117.88,235.76,118,118,0.00,0.00,0,0
1544346775,2002-eth3,949214.81,1213057.00,2162271.75,1214270,950164,793.21,670.33,1463.54,671,794,0.00,0.00,0,0
1544346775,2007-eth2,0.00,0.00,0.00,0,0,0.00,0.00,0.00,0,0,0.00,0.00,0,0
1544346775,total,27185240.00,27714748.00,54899988.00,27742462,27212424,20852.15,21035.96,41888.11,21057,20873,0.00,0.00,0,0
1544346776,3003-eth3,1211324.75,550189.81,1761514.50,550740,1212536,578.42,577.42,1155.84,578,579,0.00,0.00,0,0
1544346776,2002-eth1,248751.25,4351.65,253102.91,4356,249000,86.91,65.93,152.85,66,87,0.00,0.00,0,0
1544346776,lo,7574.43,7574.43,15148.85,7582,7582,73.93,73.93,147.85,74,74,0.00,0.00,0,0
1544346776,3005-eth3,1220181.88,1222090.00,2442271.75,1223312,1221402,800.20,807.19,1607.39,808,801,0.00,0.00,0,0
1544346776,2005-eth3,59.94,0.00,59.94,0,60,1.00,0.00,1.00,0,1,0.00,0.00,0,0
1544346776,3004-eth4,1224303.75,810123.88,2034427.62,810934,1225528,687.31,658.34,1345.65,659,688,0.00,0.00,0,0
1544346776,1004-eth2,0.00,0.00,0.00,0,0,0.00,0.00,0.00,0,0,0.00,0.00,0,0
1544346776,2004-eth4,336715.28,790343.69,1127059.00,791134,337052,345.65,358.64,704.30,359,346,0.00,0.00,0,0
1544346776,1001-eth2,7734.27,7734.27,15468.53,7742,7742,78.92,78.92,157.84,79,79,0.00,0.00,0,0
1544346776,1003-eth3,261350.66,449918.09,711268.75,450368,261612,277.72,219.78,497.50,220,278,0.00,0.00,0,0
1544346776,2002-eth4,1221730.25,1222361.62,2444092.00,1223584,1222952,670.33,855.14,1525.47,856,671,0.00,0.00,0,0
1544346776,1001-eth4,59.94,0.00,59.94,0,60,1.00,0.00,1.00,0,1,0.00,0.00,0,0
1544346776,3001-eth2,1219292.75,973730.31,2193023.00,974704,1220512,611.39,770.23,1381.62,771,612,0.00,0.00,0,0
1544346776,1004-eth1,0.00,59.94,59.94,60,0,0.00,1.00,1.00,1,0,0.00,0.00,0,0
1544346776,3005-eth4,1205606.38,471610.41,1677216.88,472082,1206812,557.44,548.45,1105.89,549,558,0.00,0.00,0,0
1544346776,1003-eth2,450907.09,536673.31,987580.44,537210,451358,234.77,372.63,607.39,373,235,0.00,0.00,0,0
1544346776,3008-eth1,0.00,0.00,0.00,0,0,0.00,0.00,0.00,0,0,0.00,0.00,0,0
1544346776,1002-eth3,11650.35,11710.29,23360.64,11722,11662,118.88,119.88,238.76,120,119,0.00,0.00,0,0
1544346776,2006-eth1,449918.09,261350.66,711268.75,261612,450368,219.78,277.72,497.50,278,220,0.00,0.00,0,0
1544346776,3003-eth1,9594.41,9594.41,19188.81,9604,9604,97.90,97.90,195.80,98,98,0.00,0.00,0,0
1544346776,2001-eth3,9790.21,9850.15,19640.36,9860,9800,99.90,100.90,200.80,101,100,0.00,0.00,0,0
1544346776,2008-eth2,0.00,0.00,0.00,0,0,0.00,0.00,0.00,0,0,0.00,0.00,0,0
1544346776,2008-eth3,1048479.56,1082289.75,2130769.25,1083372,1049528,675.32,749.25,1424.58,750,676,0.00,0.00,0,0
1544346776,1001-eth3,3976.02,3976.02,7952.05,3980,3980,40.96,40.96,81.92,41,41,0.00,0.00,0,0
1544346776,2007-eth4,0.00,0.00,0.00,0,0,0.00,0.00,0.00,0,0,0.00,0.00,0,0
1544346776,2004-eth2,0.00,0.00,0.00,0,0,0.00,0.00,0.00,0,0,0.00,0.00,0,0
1544346776,3002-eth1,9692.31,9752.25,19444.56,9762,9702,98.90,99.90,198.80,100,99,0.00,0.00,0,0
1544346776,3004-eth1,9790.21,9850.15,19640.36,9860,9800,99.90,100.90,200.80,101,100,0.00,0.00,0,0
1544346776,2006-eth3,1220461.62,471544.47,1692006.00,472016,1221682,563.44,547.45,1110.89,548,564,0.00,0.00,0,0
1544346776,3004-eth2,790343.69,336715.28,1127059.00,337052,791134,358.64,345.65,704.30,346,359,0.00,0.00,0,0
1544346776,3001-eth3,24421.58,850553.50,874975.06,851404,24446,321.68,389.61,711.29,390,322,0.00,0.00,0,0
1544346776,2003-eth4,9850.15,9790.21,19640.36,9800,9860,100.90,99.90,200.80,100,101,0.00,0.00,0,0
1544346776,2008-eth4,1222269.75,1053886.12,2276156.00,1054940,1223492,744.26,757.24,1501.50,758,745,0.00,0.00,0,0
1544346776,3008-eth3,525958.06,702441.56,1228399.62,703144,526484,385.61,407.59,793.21,408,386,0.00,0.00,0,0
1544346776,2005-eth2,11710.29,11650.35,23360.64,11662,11722,119.88,118.88,238.76,119,120,0.00,0.00,0,0
1544346776,2006-eth4,21626.38,1222677.38,1244303.75,1223900,21648,327.67,421.58,749.25,422,328,0.00,0.00,0,0
1544346776,3006-eth2,1222677.38,21626.38,1244303.75,21648,1223900,421.58,327.67,749.25,328,422,0.00,0.00,0,0
1544346776,1003-eth4,524014.00,5406.59,529420.62,5412,524538,180.82,81.92,262.74,82,181,0.00,0.00,0,0
1544346776,2006-eth2,0.00,0.00,0.00,0,0,0.00,0.00,0.00,0,0,0.00,0.00,0,0
1544346776,3001-eth1,9850.15,9790.21,19640.36,9800,9860,100.90,99.90,200.80,100,101,0.00,0.00,0,0
1544346776,3008-eth2,1053886.12,1222269.75,2276156.00,1223492,1054940,757.24,744.26,1501.50,745,758,0.00,0.00,0,0
1544346776,2004-eth3,1222927.12,873388.62,2096315.75,874262,1224150,710.29,718.28,1428.57,719,711,0.00,0.00,0,0
1544346776,3001-eth4,959158.88,917754.25,1876913.12,918672,960118,549.45,623.38,1172.83,624,550,0.00,0.00,0,0
1544346776,1003-eth1,4351.65,248751.25,253102.91,249000,4356,65.93,86.91,152.85,87,66,0.00,0.00,0,0
1544346776,3002-eth2,1222361.62,1221730.25,2444092.00,1222952,1223584,855.14,670.33,1525.47,671,856,0.00,0.00,0,0
1544346776,2005-eth4,15626.37,15566.43,31192.81,15582,15642,159.84,158.84,318.68,159,160,0.00,0.00,0,0
1544346776,3003-eth2,873388.62,1222927.12,2096315.75,1224150,874262,718.28,710.29,1428.57,711,719,0.00,0.00,0,0
1544346776,2007-eth1,0.00,59.94,59.94,60,0,0.00,1.00,1.00,1,0,0.00,0.00,0,0
1544346776,1002-eth4,0.00,0.00,0.00,0,0,0.00,0.00,0.00,0,0,0.00,0.00,0,0
1544346776,3002-eth4,1217714.38,619826.19,1837540.50,620446,1218932,609.39,602.40,1211.79,603,610,0.00,0.00,0,0
1544346776,2007-eth3,0.00,0.00,0.00,0,0,0.00,0.00,0.00,0,0,0.00,0.00,0,0
1544346776,3005-eth1,0.00,59.94,59.94,60,0,0.00,1.00,1.00,1,0,0.00,0.00,0,0
1544346776,2001-eth4,9752.25,9692.31,19444.56,9702,9762,99.90,98.90,198.80,99,100,0.00,0.00,0,0
1544346776,3003-eth4,18357.64,332793.22,351150.84,333126,18376,230.77,238.76,469.53,239,231,0.00,0.00,0,0
1544346776,2004-eth1,536673.31,450907.09,987580.44,451358,537210,372.63,234.77,607.39,235,373,0.00,0.00,0,0
1544346776,3006-eth4,23572.43,863706.31,887278.75,864570,23596,309.69,392.61,702.30,393,310,0.00,0.00,0,0
1544346776,3007-eth1,0.00,0.00,0.00,0,0,0.00,0.00,0.00,0,0,0.00,0.00,0,0
1544346776,2008-eth1,5406.59,524014.00,529420.62,524538,5412,81.92,180.82,262.74,181,82,0.00,0.00,0,0
1544346776,2002-eth2,59.94,0.00,59.94,0,60,1.00,0.00,1.00,0,1,0.00,0.00,0,0
1544346776,2003-eth1,7734.27,7734.27,15468.53,7742,7742,78.92,78.92,157.84,79,79,0.00,0.00,0,0
1544346776,3008-eth4,696317.69,345460.56,1041778.25,345806,697014,358.64,346.65,705.29,347,359,0.00,0.00,0,0
1544346776,1004-eth4,0.00,0.00,0.00,0,0,0.00,0.00,0.00,0,0,0.00,0.00,0,0
1544346776,3006-eth1,15566.43,15626.37,31192.81,15642,15582,158.84,159.84,318.68,160,159,0.00,0.00,0,0
1544346776,1004-eth3,0.00,0.00,0.00,0,0,0.00,0.00,0.00,0,0,0.00,0.00,0,0
1544346776,1002-eth2,7734.27,7734.27,15468.53,7742,7742,78.92,78.92,157.84,79,79,0.00,0.00,0,0
1544346776,3004-eth3,29570.43,961616.44,991186.81,962578,29600,399.60,428.57,828.17,429,400,0.00,0.00,0,0
1544346776,2003-eth3,9594.41,9594.41,19188.81,9604,9604,97.90,97.90,195.80,98,98,0.00,0.00,0,0
1544346776,2005-eth1,3976.02,3976.02,7952.05,3980,3980,40.96,40.96,81.92,41,41,0.00,0.00,0,0
1544346776,3002-eth3,13648.35,215444.56,229092.91,215660,13662,158.84,169.83,328.67,170,159,0.00,0.00,0,0
1544346776,3006-eth3,17340.66,452299.72,469640.38,452752,17358,214.79,251.75,466.53,252,215,0.00,0.00,0,0
1544346776,2001-eth1,3818.18,3878.12,7696.30,3882,3822,38.96,39.96,78.92,40,39,0.00,0.00,0,0
1544346776,3005-eth2,471544.47,1220461.62,1692006.00,1221682,472016,547.45,563.44,1110.89,564,548,0.00,0.00,0,0
1544346776,2001-eth2,11808.19,11748.25,23556.44,11760,11820,120.88,119.88,240.76,120,121,0.00,0.00,0,0
1544346776,3007-eth2,1082289.75,1048479.56,2130769.25,1049528,1083372,749.25,675.32,1424.58,676,750,0.00,0.00,0,0
1544346776,1001-eth1,3878.12,3818.18,7696.30,3822,3882,39.96,38.96,78.92,39,40,0.00,0.00,0,0
1544346776,3007-eth4,705268.75,522805.22,1228074.00,523328,705974,406.59,403.60,810.19,404,407,0.00,0.00,0,0
1544346776,2003-eth2,7734.27,7734.27,15468.53,7742,7742,78.92,78.92,157.84,79,79,0.00,0.00,0,0
1544346776,3007-eth3,343210.81,462355.66,805566.44,462818,343554,268.73,276.72,545.45,277,269,0.00,0.00,0,0
1544346776,1002-eth1,11748.25,11808.19,23556.44,11820,11760,119.88,120.88,240.76,121,120,0.00,0.00,0,0
1544346776,2002-eth3,973730.31,1219292.75,2193023.00,1220512,974704,770.23,611.39,1381.62,612,771,0.00,0.00,0,0
1544346776,2007-eth2,0.00,0.00,0.00,0,0,0.00,0.00,0.00,0,0,0.00,0.00,0,0
1544346776,total,27331418.00,28196532.00,55527948.00,28224728,27358748,20331.67,20617.38,40949.05,20638,20352,0.00,0.00,0,0
1544346777,3003-eth3,1213226.75,347462.56,1560689.38,347810,1214440,519.48,508.49,1027.97,509,520,0.00,0.00,0,0
1544346777,2002-eth1,327138.88,4807.19,331946.06,4812,327466,112.89,72.93,185.81,73,113,0.00,0.00,0,0
1544346777,lo,64993.01,64993.01,129986.02,65058,65058,298.70,298.70,597.40,299,299,0.00,0.00,0,0
1544346777,3005-eth3,1215644.38,1216105.88,2431750.25,1217322,1216860,797.20,804.20,1601.40,805,798,0.00,0.00,0,0
1544346777,2005-eth3,0.00,59.94,59.94,60,0,0.00,1.00,1.00,1,0,0.00,0.00,0,0
1544346777,3004-eth4,1216601.38,648691.31,1865292.75,649340,1217818,636.36,601.40,1237.76,602,637,0.00,0.00,0,0
1544346777,1004-eth2,59.94,0.00,59.94,0,60,1.00,0.00,1.00,0,1,0.00,0.00,0,0
1544346777,2004-eth4,307590.41,628977.06,936567.44,629606,307898,364.64,302.70,667.33,303,365,0.00,0.00,0,0
1544346777,1001-eth2,7696.30,7636.36,15332.67,7644,7704,78.92,77.92,156.84,78,79,0.00,0.00,0,0
1544346777,1003-eth3,335908.09,482863.16,818771.25,483346,336244,245.75,236.76,482.52,237,246,0.00,0.00,0,0
1544346777,2002-eth4,1217862.12,1214555.50,2432417.75,1215770,1219080,699.30,956.04,1655.34,957,700,0.00,0.00,0,0
1544346777,1001-eth4,0.00,59.94,59.94,60,0,0.00,1.00,1.00,1,0,0.00,0.00,0,0
1544346777,3001-eth2,1220209.88,887416.62,2107626.50,888304,1221430,625.37,843.16,1468.53,844,626,0.00,0.00,0,0
1544346777,1004-eth1,59.94,0.00,59.94,0,60,1.00,0.00,1.00,0,1,0.00,0.00,0,0
1544346777,3005-eth4,1200539.50,504028.00,1704567.50,504532,1201740,568.43,557.44,1125.87,558,569,0.00,0.00,0,0
1544346777,1003-eth2,489396.62,329990.03,819386.62,330320,489886,322.68,243.76,566.43,244,323,0.00,0.00,0,0
1544346777,3008-eth1,0.00,59.94,59.94,60,0,0.00,1.00,1.00,1,0,0.00,0.00,0,0
1544346777,1002-eth3,11552.45,11454.55,23006.99,11466,11564,117.88,116.88,234.77,117,118,0.00,0.00,0,0
1544346777,2006-eth1,482863.16,335908.09,818771.25,336244,483346,236.76,245.75,482.52,246,237,0.00,0.00,0,0
1544346777,3003-eth1,9556.44,9496.50,19052.95,9506,9566,97.90,96.90,194.81,97,98,0.00,0.00,0,0
1544346777,2001-eth3,9594.41,9594.41,19188.81,9604,9604,97.90,97.90,195.80,98,98,0.00,0.00,0,0
1544346777,2008-eth2,0.00,59.94,59.94,60,0,0.00,1.00,1.00,1,0,0.00,0.00,0,0
1544346777,2008-eth3,930273.75,697336.69,1627610.38,698034,931204,563.44,571.43,1134.87,572,564,0.00,0.00,0,0
1544346777,1001-eth3,3818.18,3818.18,7636.36,3822,3822,38.96,38.96,77.92,39,39,0.00,0.00,0,0
1544346777,2007-eth4,59.94,0.00,59.94,0,60,1.00,0.00,1.00,0,1,0.00,0.00,0,0
1544346777,2004-eth2,0.00,59.94,59.94,60,0,0.00,1.00,1.00,1,0,0.00,0.00,0,0
1544346777,3002-eth1,9790.21,9790.21,19580.42,9800,9800,99.90,99.90,199.80,100,100,0.00,0.00,0,0
1544346777,3004-eth1,9594.41,9496.50,19090.91,9506,9604,97.90,96.90,194.81,97,98,0.00,0.00,0,0
1544346777,2006-eth3,1218233.75,504219.78,1722453.62,504724,1219452,573.43,560.44,1133.87,561,574,0.00,0.00,0,0
1544346777,3004-eth2,628977.06,307590.41,936567.44,307898,629606,302.70,364.64,667.33,365,303,0.00,0.00,0,0
1544346777,3001-eth3,31616.38,1211558.50,1243174.88,1212770,31648,431.57,512.49,944.06,513,432,0.00,0.00,0,0
1544346777,2003-eth4,9496.50,9594.41,19090.91,9604,9506,96.90,97.90,194.81,98,97,0.00,0.00,0,0
1544346777,2008-eth4,1212995.00,941488.56,2154483.50,942430,1214208,691.31,720.28,1411.59,721,692,0.00,0.00,0,0
1544346777,3008-eth3,354589.41,593148.88,947738.31,593742,354944,287.71,316.68,604.40,317,288,0.00,0.00,0,0
1544346777,2005-eth2,11454.55,11552.45,23006.99,11564,11466,116.88,117.88,234.77,118,117,0.00,0.00,0,0
1544346777,2006-eth4,21296.70,1218271.75,1239568.50,1219490,21318,322.68,420.58,743.26,421,323,0.00,0.00,0,0
1544346777,3006-eth2,1218271.75,21296.70,1239568.50,21318,1219490,420.58,322.68,743.26,323,421,0.00,0.00,0,0
1544346777,1003-eth4,321220.78,11214.79,332435.56,11226,321542,110.89,156.84,267.73,157,111,0.00,0.00,0,0
1544346777,2006-eth2,0.00,59.94,59.94,60,0,0.00,1.00,1.00,1,0,0.00,0.00,0,0
1544346777,3001-eth1,9594.41,9594.41,19188.81,9604,9604,97.90,97.90,195.80,98,98,0.00,0.00,0,0
1544346777,3008-eth2,941488.56,1212995.00,2154483.50,1214208,942430,720.28,691.31,1411.59,692,721,0.00,0.00,0,0
1544346777,2004-eth3,1218303.75,637640.38,1855944.12,638278,1219522,596.40,609.39,1205.79,610,597,0.00,0.00,0,0
1544346777,3001-eth4,865394.62,847454.56,1712849.25,848302,866260,509.49,566.43,1075.92,567,510,0.00,0.00,0,0
1544346777,1003-eth1,4807.19,327138.88,331946.06,327466,4812,72.93,112.89,185.81,113,73,0.00,0.00,0,0
1544346777,3002-eth2,1214555.50,1217862.12,2432417.75,1219080,1215770,956.04,699.30,1655.34,700,957,0.00,0.00,0,0
1544346777,2005-eth4,15370.63,15272.73,30643.36,15288,15386,156.84,155.84,312.69,156,157,0.00,0.00,0,0
1544346777,3003-eth2,637640.38,1218303.75,1855944.12,1219522,638278,609.39,596.40,1205.79,597,610,0.00,0.00,0,0
1544346777,2007-eth1,59.94,0.00,59.94,0,60,1.00,0.00,1.00,0,1,0.00,0.00,0,0
1544346777,1002-eth4,0.00,0.00,0.00,0,0,0.00,0.00,0.00,0,0,0.00,0.00,0,0
1544346777,3002-eth4,1213049.00,709990.00,1923039.00,710700,1214262,626.37,631.37,1257.74,632,627,0.00,0.00,0,0
1544346777,2007-eth3,0.00,0.00,0.00,0,0,0.00,0.00,0.00,0,0,0.00,0.00,0,0
1544346777,3005-eth1,59.94,0.00,59.94,0,60,1.00,0.00,1.00,0,1,0.00,0.00,0,0
1544346777,2001-eth4,9790.21,9790.21,19580.42,9800,9800,99.90,99.90,199.80,100,100,0.00,0.00,0,0
1544346777,3003-eth4,14573.43,299614.41,314187.81,299914,14588,173.83,196.80,370.63,197,174,0.00,0.00,0,0
1544346777,2004-eth1,329990.03,489396.62,819386.62,489886,330320,243.76,322.68,566.43,323,244,0.00,0.00,0,0
1544346777,3006-eth4,15462.54,367738.28,383200.81,368106,15478,186.81,220.78,407.59,221,187,0.00,0.00,0,0
1544346777,3007-eth1,0.00,0.00,0.00,0,0,0.00,0.00,0.00,0,0,0.00,0.00,0,0
1544346777,2008-eth1,11214.79,321220.78,332435.56,321542,11226,156.84,110.89,267.73,111,157,0.00,0.00,0,0
1544346777,2002-eth2,0.00,59.94,59.94,60,0,0.00,1.00,1.00,1,0,0.00,0.00,0,0
1544346777,2003-eth1,7636.36,7696.30,15332.67,7704,7644,77.92,78.92,156.84,79,78,0.00,0.00,0,0
1544346777,3008-eth4,858339.69,348141.88,1206481.50,348490,859198,402.60,400.60,803.20,401,403,0.00,0.00,0,0
1544346777,1004-eth4,59.94,0.00,59.94,0,60,1.00,0.00,1.00,0,1,0.00,0.00,0,0
1544346777,3006-eth1,15272.73,15370.63,30643.36,15386,15288,155.84,156.84,312.69,157,156,0.00,0.00,0,0
1544346777,1004-eth3,59.94,0.00,59.94,0,60,1.00,0.00,1.00,0,1,0.00,0.00,0,0
1544346777,1002-eth2,7636.36,7734.27,15370.63,7742,7644,77.92,78.92,156.84,79,78,0.00,0.00,0,0
1544346777,3004-eth3,29144.86,939292.75,968437.56,940232,29174,394.61,419.58,814.19,420,395,0.00,0.00,0,0
1544346777,2003-eth3,9496.50,9556.44,19052.95,9566,9506,96.90,97.90,194.81,98,97,0.00,0.00,0,0
1544346777,2005-eth1,3818.18,3818.18,7636.36,3822,3822,38.96,38.96,77.92,39,39,0.00,0.00,0,0
1544346777,3002-eth3,14603.40,273276.72,287880.12,273550,14618,172.83,190.81,363.64,191,173,0.00,0.00,0,0
1544346777,3006-eth3,25120.88,884517.50,909638.38,885402,25146,332.67,400.60,733.27,401,333,0.00,0.00,0,0
1544346777,2001-eth1,3878.12,3818.18,7696.30,3822,3882,39.96,38.96,78.92,39,40,0.00,0.00,0,0
1544346777,3005-eth2,504219.78,1218233.75,1722453.62,1219452,504724,560.44,573.43,1133.87,574,561,0.00,0.00,0,0
1544346777,2001-eth2,11650.35,11650.35,23300.70,11662,11662,118.88,118.88,237.76,119,119,0.00,0.00,0,0
1544346777,3007-eth2,697336.69,930273.75,1627610.38,931204,698034,571.43,563.44,1134.87,564,572,0.00,0.00,0,0
1544346777,1001-eth1,3818.18,3878.12,7696.30,3882,3822,38.96,39.96,78.92,40,39,0.00,0.00,0,0
1544346777,3007-eth4,593340.69,336315.69,929656.38,336652,593934,319.68,317.68,637.36,318,320,0.00,0.00,0,0
1544346777,2003-eth2,7734.27,7636.36,15370.63,7644,7742,78.92,77.92,156.84,78,79,0.00,0.00,0,0
1544346777,3007-eth3,337052.97,360895.12,697948.06,361256,337390,245.75,251.75,497.50,252,246,0.00,0.00,0,0
1544346777,1002-eth1,11650.35,11650.35,23300.70,11662,11662,118.88,118.88,237.76,119,119,0.00,0.00,0,0
1544346777,2002-eth3,887416.62,1220209.88,2107626.50,1221430,888304,843.16,625.37,1468.53,626,844,0.00,0.00,0,0
1544346777,2007-eth2,0.00,0.00,0.00,0,0,0.00,0.00,0.00,0,0,0.00,0.00,0,0
1544346777,total,25842824.00,26532756.00,52375576.00,26559288,25868666,19875.13,20166.83,40041.96,20187,19895,0.00,0.00,0,0
1544346778,3003-eth3,1221116.88,419076.94,1640193.88,419496,1222338,566.43,563.44,1129.87,564,567,0.00,0.00,0,0
1544346778,2002-eth1,263486.53,4417.58,267904.09,4422,263750,90.91,66.93,157.84,67,91,0.00,0.00,0,0
1544346778,lo,7574.43,7574.43,15148.85,7582,7582,73.93,73.93,147.85,74,74,0.00,0.00,0,0
1544346778,3005-eth3,1221820.25,1220577.50,2442397.75,1221798,1223042,803.20,806.19,1609.39,807,804,0.00,0.00,0,0
1544346778,2005-eth3,0.00,0.00,0.00,0,0,0.00,0.00,0.00,0,0,0.00,0.00,0,0
1544346778,3004-eth4,1222066.00,843332.69,2065398.62,844176,1223288,675.32,679.32,1354.65,680,676,0.00,0.00,0,0
1544346778,1004-eth2,0.00,0.00,0.00,0,0,0.00,0.00,0.00,0,0,0.00,0.00,0,0
1544346778,2004-eth4,333426.59,823414.62,1156841.25,824238,333760,339.66,377.62,717.28,378,340,0.00,0.00,0,0
1544346778,1001-eth2,7538.46,7598.40,15136.86,7606,7546,76.92,77.92,154.85,78,77,0.00,0.00,0,0
1544346778,1003-eth3,274623.38,375942.06,650565.44,376318,274898,259.74,194.81,454.55,195,260,0.00,0.00,0,0
1544346778,2002-eth4,1223582.50,1225398.62,2448981.00,1226624,1224806,698.30,840.16,1538.46,841,699,0.00,0.00,0,0
1544346778,1001-eth4,0.00,0.00,0.00,0,0,0.00,0.00,0.00,0,0,0.00,0.00,0,0
1544346778,3001-eth2,1221134.88,961852.19,2182987.00,962814,1222356,617.38,748.25,1365.63,749,618,0.00,0.00,0,0
1544346778,1004-eth1,0.00,0.00,0.00,0,0,0.00,0.00,0.00,0,0,0.00,0.00,0,0
1544346778,3005-eth4,1202511.50,397634.38,1600145.88,398032,1203714,532.47,523.48,1055.94,524,533,0.00,0.00,0,0
1544346778,1003-eth2,381068.94,403846.16,784915.12,404250,381450,229.77,332.67,562.44,333,230,0.00,0.00,0,0
1544346778,3008-eth1,0.00,0.00,0.00,0,0,0.00,0.00,0.00,0,0,0.00,0.00,0,0
1544346778,1002-eth3,11612.39,11552.45,23164.84,11564,11624,118.88,117.88,236.76,118,119,0.00,0.00,0,0
1544346778,2006-eth1,375942.06,274623.38,650565.44,274898,376318,194.81,259.74,454.55,260,195,0.00,0.00,0,0
1544346778,3003-eth1,9496.50,9556.44,19052.95,9566,9506,96.90,97.90,194.81,98,97,0.00,0.00,0,0
1544346778,2001-eth3,9496.50,9496.50,18993.01,9506,9506,96.90,96.90,193.81,97,97,0.00,0.00,0,0
1544346778,2008-eth2,0.00,0.00,0.00,0,0,0.00,0.00,0.00,0,0,0.00,0.00,0,0
1544346778,2008-eth3,1106739.25,757128.88,1863868.12,757886,1107846,682.32,666.33,1348.65,667,683,0.00,0.00,0,0
1544346778,1001-eth3,3818.18,3818.18,7636.36,3822,3822,38.96,38.96,77.92,39,39,0.00,0.00,0,0
1544346778,2007-eth4,0.00,0.00,0.00,0,0,0.00,0.00,0.00,0,0,0.00,0.00,0,0
1544346778,2004-eth2,0.00,0.00,0.00,0,0,0.00,0.00,0.00,0,0,0.00,0.00,0,0
1544346778,3002-eth1,9458.54,9300.70,18759.24,9310,9468,96.90,94.91,191.81,95,97,0.00,0.00,0,0
1544346778,3004-eth1,9556.44,9594.41,19150.85,9604,9566,97.90,97.90,195.80,98,98,0.00,0.00,0,0
1544346778,2006-eth3,1221778.25,397568.44,1619346.75,397966,1223000,539.46,522.48,1061.94,523,540,0.00,0.00,0,0
1544346778,3004-eth2,823414.62,333426.59,1156841.25,333760,824238,377.62,339.66,717.28,340,378,0.00,0.00,0,0
1544346778,3001-eth3,26551.45,585928.06,612479.56,586514,26578,304.70,348.65,653.35,349,305,0.00,0.00,0,0
1544346778,2003-eth4,9594.41,9556.44,19150.85,9566,9604,97.90,97.90,195.80,98,98,0.00,0.00,0,0
1544346778,2008-eth4,1224711.38,1116223.75,2340935.25,1117340,1225936,759.24,783.22,1542.46,784,760,0.00,0.00,0,0
1544346778,3008-eth3,557984.00,765174.88,1323158.88,765940,558542,410.59,445.55,856.14,446,411,0.00,0.00,0,0
1544346778,2005-eth2,11552.45,11612.39,23164.84,11624,11564,117.88,118.88,236.76,119,118,0.00,0.00,0,0
1544346778,2006-eth4,21626.38,1222677.38,1244303.75,1223900,21648,327.67,421.58,749.25,422,328,0.00,0.00,0,0
1544346778,3006-eth2,1222677.38,21626.38,1244303.75,21648,1223900,421.58,327.67,749.25,328,422,0.00,0.00,0,0
1544346778,1003-eth4,392829.19,9484.52,402313.69,9494,393222,165.83,100.90,266.73,101,166,0.00,0.00,0,0
1544346778,2006-eth2,0.00,0.00,0.00,0,0,0.00,0.00,0.00,0,0,0.00,0.00,0,0
1544346778,3001-eth1,9496.50,9496.50,18993.01,9506,9506,96.90,96.90,193.81,97,97,0.00,0.00,0,0
1544346778,3008-eth2,1116223.75,1224711.38,2340935.25,1225936,1117340,783.22,759.24,1542.46,760,784,0.00,0.00,0,0
1544346778,2004-eth3,1224283.75,737272.75,1961556.50,738010,1225508,658.34,672.33,1330.67,673,659,0.00,0.00,0,0
1544346778,3001-eth4,944797.25,630933.06,1575730.38,631564,945742,540.46,573.43,1113.89,574,541,0.00,0.00,0,0
1544346778,1003-eth1,4417.58,263486.53,267904.09,263750,4422,66.93,90.91,157.84,91,67,0.00,0.00,0,0
1544346778,3002-eth2,1225398.62,1223582.50,2448981.00,1224806,1226624,840.16,698.30,1538.46,699,841,0.00,0.00,0,0
1544346778,2005-eth4,15370.63,15370.63,30741.26,15386,15386,156.84,156.84,313.69,157,157,0.00,0.00,0,0
1544346778,3003-eth2,737272.75,1224283.75,1961556.50,1225508,738010,672.33,658.34,1330.67,659,673,0.00,0.00,0,0
1544346778,2007-eth1,0.00,0.00,0.00,0,0,0.00,0.00,0.00,0,0,0.00,0.00,0,0
1544346778,1002-eth4,59.94,0.00,59.94,0,60,1.00,0.00,1.00,0,1,0.00,0.00,0,0
1544346778,3002-eth4,1219093.00,1052905.12,2271998.00,1053958,1220312,630.37,766.23,1396.60,767,631,0.00,0.00,0,0
1544346778,2007-eth3,59.94,59.94,119.88,60,60,1.00,1.00,2.00,1,1,0.00,0.00,0,0
1544346778,3005-eth1,0.00,0.00,0.00,0,0,0.00,0.00,0.00,0,0,0.00,0.00,0,0
1544346778,2001-eth4,9300.70,9458.54,18759.24,9468,9310,94.91,96.90,191.81,97,95,0.00,0.00,0,0
1544346778,3003-eth4,15562.44,327758.25,343320.69,328086,15578,188.81,206.79,395.60,207,189,0.00,0.00,0,0
1544346778,2004-eth1,403846.16,381068.94,784915.12,381450,404250,332.67,229.77,562.44,230,333,0.00,0.00,0,0
1544346778,3006-eth4,26703.30,1116999.00,1143702.38,1118116,26730,356.64,481.52,838.16,482,357,0.00,0.00,0,0
1544346778,3007-eth1,59.94,59.94,119.88,60,60,1.00,1.00,2.00,1,1,0.00,0.00,0,0
1544346778,2008-eth1,9484.52,392829.19,402313.69,393222,9494,100.90,165.83,266.73,166,101,0.00,0.00,0,0
1544346778,2002-eth2,0.00,0.00,0.00,0,0,0.00,0.00,0.00,0,0,0.00,0.00,0,0
1544346778,2003-eth1,7598.40,7538.46,15136.86,7546,7606,77.92,76.92,154.85,77,78,0.00,0.00,0,0
1544346778,3008-eth4,666793.25,375378.62,1042171.88,375754,667460,349.65,352.65,702.30,353,350,0.00,0.00,0,0
1544346778,1004-eth4,0.00,0.00,0.00,0,0,0.00,0.00,0.00,0,0,0.00,0.00,0,0
1544346778,3006-eth1,15370.63,15370.63,30741.26,15386,15386,156.84,156.84,313.69,157,157,0.00,0.00,0,0
1544346778,1004-eth3,0.00,0.00,0.00,0,0,0.00,0.00,0.00,0,0,0.00,0.00,0,0
1544346778,1002-eth2,7696.30,7598.40,15294.71,7606,7704,78.92,77.92,156.84,78,79,0.00,0.00,0,0
1544346778,3004-eth3,29698.30,947876.12,977574.44,948824,29728,402.60,419.58,822.18,420,403,0.00,0.00,0,0
1544346778,2003-eth3,9556.44,9496.50,19052.95,9506,9566,97.90,96.90,194.81,97,98,0.00,0.00,0,0
1544346778,2005-eth1,3818.18,3818.18,7636.36,3822,3822,38.96,38.96,77.92,39,39,0.00,0.00,0,0
1544346778,3002-eth3,13910.09,272885.12,286795.22,273158,13924,164.84,186.81,351.65,187,165,0.00,0.00,0,0
1544346778,3006-eth3,14209.79,311548.47,325758.25,311860,14224,167.83,201.80,369.63,202,168,0.00,0.00,0,0
1544346778,2001-eth1,3720.28,3720.28,7440.56,3724,3724,37.96,37.96,75.92,38,38,0.00,0.00,0,0
1544346778,3005-eth2,397568.44,1221778.25,1619346.75,1223000,397966,522.48,539.46,1061.94,540,523,0.00,0.00,0,0
1544346778,2001-eth2,11454.55,11416.58,22871.13,11428,11466,116.88,116.88,233.77,117,117,0.00,0.00,0,0
1544346778,3007-eth2,757128.88,1106739.25,1863868.12,1107846,757886,666.33,682.32,1348.65,683,667,0.00,0.00,0,0
1544346778,1001-eth1,3720.28,3720.28,7440.56,3724,3724,37.96,37.96,75.92,38,38,0.00,0.00,0,0
1544346778,3007-eth4,753150.88,450877.12,1204028.00,451328,753904,439.56,431.57,871.13,432,440,0.00,0.00,0,0
1544346778,2003-eth2,7598.40,7696.30,15294.71,7704,7606,77.92,78.92,156.84,79,78,0.00,0.00,0,0
1544346778,3007-eth3,353588.41,306251.75,659840.19,306558,353942,242.76,234.77,477.52,235,243,0.00,0.00,0,0
1544346778,1002-eth1,11416.58,11454.55,22871.13,11466,11428,116.88,116.88,233.77,117,117,0.00,0.00,0,0
1544346778,2002-eth3,961852.19,1221134.88,2182987.00,1222356,962814,748.25,617.38,1365.63,618,749,0.00,0.00,0,0
1544346778,2007-eth2,0.00,59.94,59.94,60,0,0.00,1.00,1.00,1,0,0.00,0.00,0,0
1544346778,total,26620070.00,27155652.00,53775720.00,27182806,26646690,19975.03,20420.58,40395.61,20441,19995,0.00,0.00,0,0
1544346779,3003-eth3,1213240.75,382253.75,1595494.50,382636,1214454,580.42,553.45,1133.87,554,581,0.00,0.00,0,0
1544346779,2002-eth1,278281.72,5142.86,283424.59,5148,278560,95.90,77.92,173.83,78,96,0.00,0.00,0,0
1544346779,lo,6957.04,6957.04,13914.09,6964,6964,67.93,67.93,135.86,68,68,0.00,0.00,0,0
1544346779,3005-eth3,1224719.38,1219262.75,2443982.00,1220482,1225944,803.20,808.19,1611.39,809,804,0.00,0.00,0,0
1544346779,2005-eth3,0.00,0.00,0.00,0,0,0.00,0.00,0.00,0,0,0.00,0.00,0,0
1544346779,3004-eth4,1222513.50,711622.38,1934135.88,712334,1223736,638.36,634.37,1272.73,635,639,0.00,0.00,0,0
1544346779,1004-eth2,0.00,59.94,59.94,60,0,0.00,1.00,1.00,1,0,0.00,0.00,0,0
1544346779,2004-eth4,408389.62,692171.88,1100561.50,692864,408798,401.60,339.66,741.26,340,402,0.00,0.00,0,0
1544346779,1001-eth2,7734.27,7734.27,15468.53,7742,7742,78.92,78.92,157.84,79,79,0.00,0.00,0,0
1544346779,1003-eth3,286391.62,375280.72,661672.38,375656,286678,218.78,206.79,425.57,207,219,0.00,0.00,0,0
1544346779,2002-eth4,1223644.38,1219460.62,2443105.00,1220680,1224868,677.32,829.17,1506.49,830,678,0.00,0.00,0,0
1544346779,1001-eth4,0.00,0.00,0.00,0,0,0.00,0.00,0.00,0,0,0.00,0.00,0,0
1544346779,3001-eth2,1221270.75,941178.88,2162449.50,942120,1222492,641.36,733.27,1374.63,734,642,0.00,0.00,0,0
1544346779,1004-eth1,0.00,0.00,0.00,0,0,0.00,0.00,0.00,0,0,0.00,0.00,0,0
1544346779,3005-eth4,1201065.00,396055.97,1597120.88,396452,1202266,532.47,521.48,1053.95,522,533,0.00,0.00,0,0
1544346779,1003-eth2,386229.78,355436.56,741666.38,355792,386616,299.70,278.72,578.42,279,300,0.00,0.00,0,0
1544346779,3008-eth1,59.94,0.00,59.94,0,60,1.00,0.00,1.00,0,1,0.00,0.00,0,0
1544346779,1002-eth3,11552.45,11650.35,23202.80,11662,11564,117.88,118.88,236.76,119,118,0.00,0.00,0,0
1544346779,2006-eth1,375280.72,286391.62,661672.38,286678,375656,206.79,218.78,425.57,219,207,0.00,0.00,0,0
1544346779,3003-eth1,9692.31,9594.41,19286.71,9604,9702,98.90,97.90,196.80,98,99,0.00,0.00,0,0
1544346779,2001-eth3,9850.15,9790.21,19640.36,9800,9860,100.90,99.90,200.80,100,101,0.00,0.00,0,0
1544346779,2008-eth2,59.94,0.00,59.94,0,60,1.00,0.00,1.00,0,1,0.00,0.00,0,0
1544346779,2008-eth3,1205053.00,683296.75,1888349.75,683980,1206258,725.27,709.29,1434.57,710,726,0.00,0.00,0,0
1544346779,1001-eth3,3916.08,3916.08,7832.17,3920,3920,39.96,39.96,79.92,40,40,0.00,0.00,0,0
1544346779,2007-eth4,0.00,59.94,59.94,60,0,0.00,1.00,1.00,1,0,0.00,0.00,0,0
1544346779,2004-eth2,59.94,0.00,59.94,0,60,1.00,0.00,1.00,0,1,0.00,0.00,0,0
1544346779,3002-eth1,9496.50,9594.41,19090.91,9604,9506,96.90,97.90,194.81,98,97,0.00,0.00,0,0
1544346779,3004-eth1,9692.31,9790.21,19482.52,9800,9702,98.90,99.90,198.80,100,99,0.00,0.00,0,0
1544346779,2006-eth3,1224737.25,396187.81,1620925.12,396584,1225962,540.46,523.48,1063.94,524,541,0.00,0.00,0,0
1544346779,3004-eth2,692171.88,408389.62,1100561.50,408798,692864,339.66,401.60,741.26,402,340,0.00,0.00,0,0
1544346779,3001-eth3,33360.64,567354.69,600715.31,567922,33394,350.65,372.63,723.28,373,351,0.00,0.00,0,0
1544346779,2003-eth4,9790.21,9692.31,19482.52,9702,9800,99.90,98.90,198.80,99,100,0.00,0.00,0,0
1544346779,2008-eth4,1227958.12,1221204.88,2449163.00,1222426,1229186,896.10,897.10,1793.21,898,897,0.00,0.00,0,0
1544346779,3008-eth3,464487.53,881958.06,1346445.62,882840,464952,462.54,499.50,962.04,500,463,0.00,0.00,0,0
1544346779,2005-eth2,11650.35,11552.45,23202.80,11564,11662,118.88,117.88,236.76,118,119,0.00,0.00,0,0
1544346779,2006-eth4,21026.97,1222677.38,1243704.38,1223900,21048,318.68,421.58,740.26,422,319,0.00,0.00,0,0
1544346779,3006-eth2,1222677.38,21026.97,1243704.38,21048,1223900,421.58,318.68,740.26,319,422,0.00,0.00,0,0
1544346779,1003-eth4,347266.75,16211.79,363478.53,16228,347614,154.85,172.83,327.67,173,155,0.00,0.00,0,0
1544346779,2006-eth2,59.94,0.00,59.94,0,60,1.00,0.00,1.00,0,1,0.00,0.00,0,0
1544346779,3001-eth1,9790.21,9850.15,19640.36,9860,9800,99.90,100.90,200.80,101,100,0.00,0.00,0,0
1544346779,3008-eth2,1221204.88,1227958.12,2449163.00,1229186,1222426,897.10,896.10,1793.21,897,898,0.00,0.00,0,0
1544346779,2004-eth3,1221548.50,763706.31,1985254.75,764470,1222770,706.29,678.32,1384.62,679,707,0.00,0.00,0,0
1544346779,3001-eth4,917608.44,457206.81,1374815.25,457664,918526,482.52,527.47,1009.99,528,483,0.00,0.00,0,0
1544346779,1003-eth1,5142.86,278281.72,283424.59,278560,5148,77.92,95.90,173.83,96,78,0.00,0.00,0,0
1544346779,3002-eth2,1219460.62,1223644.38,2443105.00,1224868,1220680,829.17,677.32,1506.49,678,830,0.00,0.00,0,0
1544346779,2005-eth4,15468.53,15626.37,31094.91,15642,15484,157.84,159.84,317.68,160,158,0.00,0.00,0,0
1544346779,3003-eth2,763706.31,1221548.50,1985254.75,1222770,764470,678.32,706.29,1384.62,707,679,0.00,0.00,0,0
1544346779,2007-eth1,0.00,0.00,0.00,0,0,0.00,0.00,0.00,0,0,0.00,0.00,0,0
1544346779,1002-eth4,0.00,59.94,59.94,60,0,0.00,1.00,1.00,1,0,0.00,0.00,0,0
1544346779,3002-eth4,1215938.12,902147.88,2118086.00,903050,1217154,604.40,714.29,1318.68,715,605,0.00,0.00,0,0
1544346779,2007-eth3,0.00,0.00,0.00,0,0,0.00,0.00,0.00,0,0,0.00,0.00,0,0
1544346779,3005-eth1,0.00,0.00,0.00,0,0,0.00,0.00,0.00,0,0,0.00,0.00,0,0
1544346779,2001-eth4,9594.41,9496.50,19090.91,9506,9604,97.90,96.90,194.81,97,98,0.00,0.00,0,0
1544346779,3003-eth4,17902.10,415278.72,433180.84,415694,17920,223.78,238.76,462.54,239,224,0.00,0.00,0,0
1544346779,2004-eth1,355436.56,386229.78,741666.38,386616,355792,278.72,299.70,578.42,300,279,0.00,0.00,0,0
1544346779,3006-eth4,13246.75,249506.50,262753.25,249756,13260,152.85,181.82,334.67,182,153,0.00,0.00,0,0
1544346779,3007-eth1,0.00,0.00,0.00,0,0,0.00,0.00,0.00,0,0,0.00,0.00,0,0
1544346779,2008-eth1,16211.79,347266.75,363478.53,347614,16228,172.83,154.85,327.67,155,173,0.00,0.00,0,0
1544346779,2002-eth2,0.00,0.00,0.00,0,0,0.00,0.00,0.00,0,0,0.00,0.00,0,0
1544346779,2003-eth1,7734.27,7734.27,15468.53,7742,7742,78.92,78.92,157.84,79,79,0.00,0.00,0,0
1544346779,3008-eth4,763590.44,414439.56,1178030.00,414854,764354,435.56,450.55,886.11,451,436,0.00,0.00,0,0
1544346779,1004-eth4,0.00,59.94,59.94,60,0,0.00,1.00,1.00,1,0,0.00,0.00,0,0
1544346779,3006-eth1,15626.37,15468.53,31094.91,15484,15642,159.84,157.84,317.68,158,160,0.00,0.00,0,0
1544346779,1004-eth3,0.00,59.94,59.94,60,0,0.00,1.00,1.00,1,0,0.00,0.00,0,0
1544346779,1002-eth2,7832.17,7832.17,15664.34,7840,7840,79.92,79.92,159.84,80,80,0.00,0.00,0,0
1544346779,3004-eth3,29240.76,911148.88,940389.62,912060,29270,394.61,409.59,804.20,410,395,0.00,0.00,0,0
1544346779,2003-eth3,9594.41,9692.31,19286.71,9702,9604,97.90,98.90,196.80,99,98,0.00,0.00,0,0
1544346779,2005-eth1,3916.08,3916.08,7832.17,3920,3920,39.96,39.96,79.92,40,40,0.00,0.00,0,0
1544346779,3002-eth3,14341.66,301126.88,315468.53,301428,14356,169.83,197.80,367.63,198,170,0.00,0.00,0,0
1544346779,3006-eth3,27224.78,1063638.38,1090863.12,1064702,27252,364.64,462.54,827.17,463,365,0.00,0.00,0,0
1544346779,2001-eth1,3818.18,3818.18,7636.36,3822,3822,38.96,38.96,77.92,39,39,0.00,0.00,0,0
1544346779,3005-eth2,396187.81,1224737.25,1620925.12,1225962,396584,523.48,540.46,1063.94,541,524,0.00,0.00,0,0
1544346779,2001-eth2,11552.45,11650.35,23202.80,11662,11564,117.88,118.88,236.76,119,118,0.00,0.00,0,0
1544346779,3007-eth2,683296.75,1205053.00,1888349.75,1206258,683980,709.29,725.27,1434.57,726,710,0.00,0.00,0,0
1544346779,1001-eth1,3818.18,3818.18,7636.36,3822,3822,38.96,38.96,77.92,39,39,0.00,0.00,0,0
1544346779,3007-eth4,821170.88,466665.34,1287836.25,467132,821992,477.52,473.53,951.05,474,478,0.00,0.00,0,0
1544346779,2003-eth2,7832.17,7832.17,15664.34,7840,7840,79.92,79.92,159.84,80,80,0.00,0.00,0,0
1544346779,3007-eth3,383822.19,216697.31,600519.50,216914,384206,246.75,236.76,483.52,237,247,0.00,0.00,0,0
1544346779,1002-eth1,11650.35,11552.45,23202.80,11564,11662,118.88,117.88,236.76,118,119,0.00,0.00,0,0
1544346779,2002-eth3,941178.88,1221270.75,2162449.50,1222492,942120,733.27,641.36,1374.63,642,734,0.00,0.00,0,0
1544346779,2007-eth2,59.94,0.00,59.94,0,60,1.00,0.00,1.00,0,1,0.00,0.00,0,0
1544346779,total,26716086.00,26708978.00,53425064.00,26735686,26742802,20595.41,20958.04,41553.45,20979,20616,0.00,0.00,0,0
1544346780,3003-eth3,1208959.12,278357.66,1487316.75,278636,1210168,519.48,513.49,1032.97,514,520,0.00,0.00,0,0
1544346780,2002-eth1,306485.53,5604.40,312089.91,5610,306792,106.89,84.92,191.81,85,107,0.00,0.00,0,0
1544346780,lo,65452.55,65452.55,130905.10,65518,65518,301.70,301.70,603.40,302,302,0.00,0.00,0,0
1544346780,3005-eth3,1215446.62,1216105.88,2431552.50,1217322,1216662,794.21,804.20,1598.40,805,795,0.00,0.00,0,0
1544346780,2005-eth3,59.94,0.00,59.94,0,60,1.00,0.00,1.00,0,1,0.00,0.00,0,0
1544346780,3004-eth4,1213188.88,822421.62,2035610.50,823244,1214402,672.33,669.33,1341.66,670,673,0.00,0.00,0,0
1544346780,1004-eth2,0.00,0.00,0.00,0,0,0.00,0.00,0.00,0,0,0.00,0.00,0,0
1544346780,2004-eth4,326857.16,804026.00,1130883.12,804830,327184,371.63,390.61,762.24,391,372,0.00,0.00,0,0
1544346780,1001-eth2,7734.27,7734.27,15468.53,7742,7742,78.92,78.92,157.84,79,79,0.00,0.00,0,0
1544346780,1003-eth3,315590.41,405272.75,720863.19,405678,315906,244.76,222.78,467.53,223,245,0.00,0.00,0,0
1544346780,2002-eth4,1219424.62,1209230.75,2428655.50,1210440,1220644,1007.99,827.17,1835.16,828,1009,0.00,0.00,0,0
1544346780,1001-eth4,59.94,0.00,59.94,0,60,1.00,0.00,1.00,0,1,0.00,0.00,0,0
1544346780,3001-eth2,1224491.50,902771.25,2127262.75,903674,1225716,997.00,721.28,1718.28,722,998,0.00,0.00,0,0
1544346780,1004-eth1,0.00,59.94,59.94,60,0,0.00,1.00,1.00,1,0,0.00,0.00,0,0
1544346780,3005-eth4,1195146.88,425514.50,1620661.38,425940,1196342,530.47,529.47,1059.94,530,531,0.00,0.00,0,0
1544346780,1003-eth2,411500.50,270289.72,681790.25,270560,411912,263.74,259.74,523.48,260,264,0.00,0.00,0,0
1544346780,3008-eth1,0.00,0.00,0.00,0,0,0.00,0.00,0.00,0,0,0.00,0.00,0,0
1544346780,1002-eth3,11356.64,11416.58,22773.23,11428,11368,115.88,116.88,232.77,117,116,0.00,0.00,0,0
1544346780,2006-eth1,405272.75,315590.41,720863.19,315906,405678,222.78,244.76,467.53,245,223,0.00,0.00,0,0
1544346780,3003-eth1,9594.41,9692.31,19286.71,9702,9604,97.90,98.90,196.80,99,98,0.00,0.00,0,0
1544346780,2001-eth3,9594.41,9654.35,19248.75,9664,9604,97.90,98.90,196.80,99,98,0.00,0.00,0,0
1544346780,2008-eth2,0.00,0.00,0.00,0,0,0.00,0.00,0.00,0,0,0.00,0.00,0,0
1544346780,2008-eth3,1197027.00,588409.62,1785436.62,588998,1198224,721.28,674.33,1395.60,675,722,0.00,0.00,0,0
1544346780,1001-eth3,3878.12,3878.12,7756.24,3882,3882,39.96,39.96,79.92,40,40,0.00,0.00,0,0
1544346780,2007-eth4,0.00,0.00,0.00,0,0,0.00,0.00,0.00,0,0,0.00,0.00,0,0
1544346780,2004-eth2,0.00,0.00,0.00,0,0,0.00,0.00,0.00,0,0,0.00,0.00,0,0
1544346780,3002-eth1,9692.31,9654.35,19346.65,9664,9702,98.90,98.90,197.80,99,99,0.00,0.00,0,0
1544346780,3004-eth1,9594.41,9654.35,19248.75,9664,9604,97.90,98.90,196.80,99,98,0.00,0.00,0,0
1544346780,2006-eth3,1218819.25,425712.31,1644531.50,426138,1220038,538.46,532.47,1070.93,533,539,0.00,0.00,0,0
1544346780,3004-eth2,804026.00,326857.16,1130883.12,327184,804830,390.61,371.63,762.24,372,391,0.00,0.00,0,0
1544346780,3001-eth3,31910.09,678745.25,710655.38,679424,31942,335.66,395.60,731.27,396,336,0.00,0.00,0,0
1544346780,2003-eth4,9654.35,9594.41,19248.75,9604,9664,98.90,97.90,196.80,98,99,0.00,0.00,0,0
1544346780,2008-eth4,1225672.38,1208859.12,2434531.50,1210068,1226898,1014.99,847.15,1862.14,848,1016,0.00,0.00,0,0
1544346780,3008-eth3,487584.44,972155.88,1459740.25,973128,488072,527.47,543.46,1070.93,544,528,0.00,0.00,0,0
1544346780,2005-eth2,11416.58,11356.64,22773.23,11368,11428,116.88,115.88,232.77,116,117,0.00,0.00,0,0
1544346780,2006-eth4,20439.56,1216819.25,1237258.75,1218036,20460,309.69,420.58,730.27,421,310,0.00,0.00,0,0
1544346780,3006-eth2,1216819.25,20439.56,1237258.75,20460,1218036,420.58,309.69,730.27,310,421,0.00,0.00,0,0
1544346780,1003-eth4,261124.88,11832.17,272957.06,11844,261386,120.88,125.87,246.75,126,121,0.00,0.00,0,0
1544346780,2006-eth2,0.00,0.00,0.00,0,0,0.00,0.00,0.00,0,0,0.00,0.00,0,0
1544346780,3001-eth1,9654.35,9594.41,19248.75,9604,9664,98.90,97.90,196.80,98,99,0.00,0.00,0,0
1544346780,3008-eth2,1208859.12,1225672.38,2434531.50,1226898,1210068,847.15,1014.99,1862.14,1016,848,0.00,0.00,0,0
1544346780,2004-eth3,1218050.00,597146.88,1815196.88,597744,1219268,613.39,631.37,1244.76,632,614,0.00,0.00,0,0
1544346780,3001-eth4,880515.50,533346.69,1413862.12,533880,881396,484.52,519.48,1004.00,520,485,0.00,0.00,0,0
1544346780,1003-eth1,5604.40,306485.53,312089.91,306792,5610,84.92,106.89,191.81,107,85,0.00,0.00,0,0
1544346780,3002-eth2,1209230.75,1219424.62,2428655.50,1220644,1210440,827.17,1007.99,1835.16,1009,828,0.00,0.00,0,0
1544346780,2005-eth4,15234.77,15174.83,30409.59,15190,15250,155.84,154.85,310.69,155,156,0.00,0.00,0,0
1544346780,3003-eth2,597146.88,1218050.00,1815196.88,1219268,597744,631.37,613.39,1244.76,614,632,0.00,0.00,0,0
1544346780,2007-eth1,0.00,59.94,59.94,60,0,0.00,1.00,1.00,1,0,0.00,0.00,0,0
1544346780,1002-eth4,0.00,0.00,0.00,0,0,0.00,0.00,0.00,0,0,0.00,0.00,0,0
1544346780,3002-eth4,1216719.38,1130581.50,2347300.75,1131712,1217936,923.08,935.06,1858.14,936,924,0.00,0.00,0,0
1544346780,2007-eth3,0.00,0.00,0.00,0,0,0.00,0.00,0.00,0,0,0.00,0.00,0,0
1544346780,3005-eth1,0.00,59.94,59.94,60,0,0.00,1.00,1.00,1,0,0.00,0.00,0,0
1544346780,2001-eth4,9654.35,9692.31,19346.65,9702,9664,98.90,98.90,197.80,99,99,0.00,0.00,0,0
1544346780,3003-eth4,15884.12,304183.81,320067.94,304488,15900,192.81,199.80,392.61,200,193,0.00,0.00,0,0
1544346780,2004-eth1,270289.72,411500.50,681790.25,411912,270560,259.74,263.74,523.48,264,260,0.00,0.00,0,0
1544346780,3006-eth4,22749.25,856177.88,878927.12,857034,22772,297.70,388.61,686.31,389,298,0.00,0.00,0,0
1544346780,3007-eth1,0.00,0.00,0.00,0,0,0.00,0.00,0.00,0,0,0.00,0.00,0,0
1544346780,2008-eth1,11832.17,261124.88,272957.06,261386,11844,125.87,120.88,246.75,121,126,0.00,0.00,0,0
1544346780,2002-eth2,59.94,0.00,59.94,0,60,1.00,0.00,1.00,0,1,0.00,0.00,0,0
1544346780,2003-eth1,7734.27,7734.27,15468.53,7742,7742,78.92,78.92,157.84,79,79,0.00,0.00,0,0
1544346780,3008-eth4,738028.00,478197.81,1216225.75,478676,738766,486.51,481.52,968.03,482,487,0.00,0.00,0,0
1544346780,1004-eth4,0.00,0.00,0.00,0,0,0.00,0.00,0.00,0,0,0.00,0.00,0,0
1544346780,3006-eth1,15174.83,15234.77,30409.59,15250,15190,154.85,155.84,310.69,156,155,0.00,0.00,0,0
1544346780,1004-eth3,0.00,0.00,0.00,0,0,0.00,0.00,0.00,0,0,0.00,0.00,0,0
1544346780,1002-eth2,7734.27,7636.36,15370.63,7644,7742,78.92,77.92,156.84,78,79,0.00,0.00,0,0
1544346780,3004-eth3,27990.01,854829.19,882819.19,855684,28018,376.62,389.61,766.23,390,377,0.00,0.00,0,0
1544346780,2003-eth3,9692.31,9594.41,19286.71,9604,9702,98.90,97.90,196.80,98,99,0.00,0.00,0,0
1544346780,2005-eth1,3878.12,3878.12,7756.24,3882,3882,39.96,39.96,79.92,40,40,0.00,0.00,0,0
1544346780,3002-eth3,15198.80,378257.75,393456.56,378636,15214,182.82,225.77,408.59,226,183,0.00,0.00,0,0
1544346780,3006-eth3,16781.22,481792.22,498573.44,482274,16798,206.79,260.74,467.53,261,207,0.00,0.00,0,0
1544346780,2001-eth1,3916.08,3976.02,7892.11,3980,3920,39.96,40.96,80.92,41,40,0.00,0.00,0,0
1544346780,3005-eth2,425712.31,1218819.25,1644531.50,1220038,426138,532.47,538.46,1070.93,539,533,0.00,0.00,0,0
1544346780,2001-eth2,11514.49,11356.64,22871.13,11368,11526,117.88,115.88,233.77,116,118,0.00,0.00,0,0
1544346780,3007-eth2,588409.62,1197027.00,1785436.62,1198224,588998,674.33,721.28,1395.60,722,675,0.00,0.00,0,0
1544346780,1001-eth1,3976.02,3916.08,7892.11,3920,3980,40.96,39.96,80.92,40,41,0.00,0.00,0,0
1544346780,3007-eth4,839366.62,354683.31,1194050.00,355038,840206,464.54,442.56,907.09,443,465,0.00,0.00,0,0
1544346780,2003-eth2,7636.36,7734.27,15370.63,7742,7644,77.92,78.92,156.84,79,78,0.00,0.00,0,0
1544346780,3007-eth3,357660.34,233792.22,591452.56,234026,358018,256.74,232.77,489.51,233,257,0.00,0.00,0,0
1544346780,1002-eth1,11356.64,11514.49,22871.13,11526,11368,115.88,117.88,233.77,118,116,0.00,0.00,0,0
1544346780,2002-eth3,902771.25,1224491.50,2127262.75,1225716,903674,721.28,997.00,1718.28,998,722,0.00,0.00,0,0
1544346780,2007-eth2,0.00,0.00,0.00,0,0,0.00,0.00,0.00,0,0,0.00,0.00,0,0
1544346780,total,26339890.00,26855904.00,53195796.00,26882760,26366230,21646.35,21926.07,43572.43,21948,21668,0.00,0.00,0,0
1544346781,3003-eth3,1215770.25,512913.09,1728683.38,513426,1216986,623.38,604.40,1227.77,605,624,0.00,0.00,0,0
1544346781,2002-eth1,296035.97,4193.81,300229.78,4198,296332,101.90,61.94,163.84,62,102,0.00,0.00,0,0
1544346781,lo,7420.58,7420.58,14841.16,7428,7428,72.93,72.93,145.85,73,73,0.00,0.00,0,0
1544346781,3005-eth3,1223206.88,1223059.00,2446265.75,1224282,1224430,802.20,808.19,1610.39,809,803,0.00,0.00,0,0
1544346781,2005-eth3,0.00,59.94,59.94,60,0,0.00,1.00,1.00,1,0,0.00,0.00,0,0
1544346781,3004-eth4,1222263.75,825578.44,2047842.25,826404,1223486,678.32,673.33,1351.65,674,679,0.00,0.00,0,0
1544346781,1004-eth2,59.94,0.00,59.94,0,60,1.00,0.00,1.00,0,1,0.00,0.00,0,0
1544346781,2004-eth4,417338.69,806523.50,1223862.12,807330,417756,405.59,384.62,790.21,385,406,0.00,0.00,0,0
1544346781,1001-eth2,7892.11,7832.17,15724.28,7840,7900,80.92,79.92,160.84,80,81,0.00,0.00,0,0
1544346781,1003-eth3,304211.78,377170.84,681382.62,377548,304516,225.77,189.81,415.58,190,226,0.00,0.00,0,0
1544346781,2002-eth4,1230723.25,1222709.38,2453432.75,1223932,1231954,916.08,879.12,1795.20,880,917,0.00,0.00,0,0
1544346781,1001-eth4,0.00,59.94,59.94,60,0,0.00,1.00,1.00,1,0,0.00,0.00,0,0
1544346781,3001-eth2,1228797.25,926673.38,2155470.50,927600,1230026,843.16,777.22,1620.38,778,844,0.00,0.00,0,0
1544346781,1004-eth1,59.94,0.00,59.94,0,60,1.00,0.00,1.00,0,1,0.00,0.00,0,0
1544346781,3005-eth4,1202237.75,399080.94,1601318.75,399480,1203440,506.49,523.48,1029.97,524,507,0.00,0.00,0,0
1544346781,1003-eth2,386123.88,495242.78,881366.69,495738,386510,276.72,336.66,613.39,337,277,0.00,0.00,0,0
1544346781,3008-eth1,0.00,59.94,59.94,60,0,0.00,1.00,1.00,1,0,0.00,0.00,0,0
1544346781,1002-eth3,11650.35,11650.35,23300.70,11662,11662,118.88,118.88,237.76,119,119,0.00,0.00,0,0
1544346781,2006-eth1,377170.84,304211.78,681382.62,304516,377548,189.81,225.77,415.58,226,190,0.00,0.00,0,0
1544346781,3003-eth1,9850.15,9790.21,19640.36,9800,9860,100.90,99.90,200.80,100,101,0.00,0.00,0,0
1544346781,2001-eth3,9496.50,9496.50,18993.01,9506,9506,96.90,96.90,193.81,97,97,0.00,0.00,0,0
1544346781,2008-eth2,0.00,59.94,59.94,60,0,0.00,1.00,1.00,1,0,0.00,0.00,0,0
1544346781,2008-eth3,1206731.25,590431.56,1797162.88,591022,1207938,612.39,617.38,1229.77,618,613,0.00,0.00,0,0
1544346781,1001-eth3,3916.08,3916.08,7832.17,3920,3920,39.96,39.96,79.92,40,40,0.00,0.00,0,0
1544346781,2007-eth4,59.94,0.00,59.94,0,60,1.00,0.00,1.00,0,1,0.00,0.00,0,0
1544346781,2004-eth2,0.00,59.94,59.94,60,0,0.00,1.00,1.00,1,0,0.00,0.00,0,0
1544346781,3002-eth1,9594.41,9692.31,19286.71,9702,9604,97.90,98.90,196.80,99,98,0.00,0.00,0,0
1544346781,3004-eth1,9692.31,9594.41,19286.71,9604,9702,98.90,97.90,196.80,98,99,0.00,0.00,0,0
1544346781,2006-eth3,1220058.00,400109.91,1620167.88,400510,1221278,513.49,525.47,1038.96,526,514,0.00,0.00,0,0
1544346781,3004-eth2,806523.50,417338.69,1223862.12,417756,807330,384.62,405.59,790.21,406,385,0.00,0.00,0,0
1544346781,3001-eth3,33724.28,519522.50,553246.75,520042,33758,354.65,372.63,727.27,373,355,0.00,0.00,0,0
1544346781,2003-eth4,9594.41,9692.31,19286.71,9702,9604,97.90,98.90,196.80,99,98,0.00,0.00,0,0
1544346781,2008-eth4,1230038.00,1222777.25,2452815.25,1224000,1231268,1124.88,761.24,1886.11,762,1126,0.00,0.00,0,0
1544346781,3008-eth3,447550.47,1122881.12,1570431.62,1124004,447998,578.42,509.49,1087.91,510,579,0.00,0.00,0,0
1544346781,2005-eth2,11650.35,11650.35,23300.70,11662,11662,118.88,118.88,237.76,119,119,0.00,0.00,0,0
1544346781,2006-eth4,22879.12,1219718.38,1242597.38,1220938,22902,334.67,420.58,755.24,421,335,0.00,0.00,0,0
1544346781,3006-eth2,1219718.38,22879.12,1242597.38,22902,1220938,420.58,334.67,755.24,335,421,0.00,0.00,0,0
1544346781,1003-eth4,487066.94,13086.91,500153.88,13100,487554,212.79,147.85,360.64,148,213,0.00,0.00,0,0
1544346781,2006-eth2,0.00,59.94,59.94,60,0,0.00,1.00,1.00,1,0,0.00,0.00,0,0
1544346781,3001-eth1,9496.50,9496.50,18993.01,9506,9506,96.90,96.90,193.81,97,97,0.00,0.00,0,0
1544346781,3008-eth2,1222777.25,1230038.00,2452815.25,1231268,1224000,761.24,1124.88,1886.11,1126,762,0.00,0.00,0,0
1544346781,2004-eth3,1224215.88,912641.38,2136857.25,913554,1225440,751.25,743.26,1494.51,744,752,0.00,0.00,0,0
1544346781,3001-eth4,902445.56,438071.94,1340517.50,438510,903348,519.48,522.48,1041.96,523,520,0.00,0.00,0,0
1544346781,1003-eth1,4193.81,296035.97,300229.78,296332,4198,61.94,101.90,163.84,102,62,0.00,0.00,0,0
1544346781,3002-eth2,1222709.38,1230723.25,2453432.75,1231954,1223932,879.12,916.08,1795.20,917,880,0.00,0.00,0,0
1544346781,2005-eth4,15566.43,15566.43,31132.87,15582,15582,158.84,158.84,317.68,159,159,0.00,0.00,0,0
1544346781,3003-eth2,912641.38,1224215.88,2136857.25,1225440,913554,743.26,751.25,1494.51,752,744,0.00,0.00,0,0
1544346781,2007-eth1,59.94,0.00,59.94,0,60,1.00,0.00,1.00,0,1,0.00,0.00,0,0
1544346781,1002-eth4,0.00,0.00,0.00,0,0,0.00,0.00,0.00,0,0,0.00,0.00,0,0
1544346781,3002-eth4,1226042.00,1223834.25,2449876.25,1225058,1227268,845.15,952.05,1797.20,953,846,0.00,0.00,0,0
1544346781,2007-eth3,0.00,0.00,0.00,0,0,0.00,0.00,0.00,0,0,0.00,0.00,0,0
1544346781,3005-eth1,59.94,0.00,59.94,0,60,1.00,0.00,1.00,0,1,0.00,0.00,0,0
1544346781,2001-eth4,9692.31,9594.41,19286.71,9604,9702,98.90,97.90,196.80,98,99,0.00,0.00,0,0
1544346781,3003-eth4,18295.71,409458.56,427754.25,409868,18314,228.77,237.76,466.53,238,229,0.00,0.00,0,0
1544346781,2004-eth1,495242.78,386123.88,881366.69,386510,495738,336.66,276.72,613.39,277,337,0.00,0.00,0,0
1544346781,3006-eth4,27044.96,1058379.62,1085424.62,1059438,27072,351.65,470.53,822.18,471,352,0.00,0.00,0,0
1544346781,3007-eth1,0.00,0.00,0.00,0,0,0.00,0.00,0.00,0,0,0.00,0.00,0,0
1544346781,2008-eth1,13086.91,487066.94,500153.88,487554,13100,147.85,212.79,360.64,213,148,0.00,0.00,0,0
1544346781,2002-eth2,0.00,59.94,59.94,60,0,0.00,1.00,1.00,1,0,0.00,0.00,0,0
1544346781,2003-eth1,7832.17,7892.11,15724.28,7900,7840,79.92,80.92,160.84,81,80,0.00,0.00,0,0
1544346781,3008-eth4,782421.62,598757.25,1381178.88,599356,783204,545.45,457.54,1003.00,458,546,0.00,0.00,0,0
1544346781,1004-eth4,59.94,0.00,59.94,0,60,1.00,0.00,1.00,0,1,0.00,0.00,0,0
1544346781,3006-eth1,15566.43,15566.43,31132.87,15582,15582,158.84,158.84,317.68,159,159,0.00,0.00,0,0
1544346781,1004-eth3,59.94,0.00,59.94,0,60,1.00,0.00,1.00,0,1,0.00,0.00,0,0
1544346781,1002-eth2,7636.36,7734.27,15370.63,7742,7644,77.92,78.92,156.84,79,78,0.00,0.00,0,0
1544346781,3004-eth3,28649.35,890435.56,919084.94,891326,28678,386.61,402.60,789.21,403,387,0.00,0.00,0,0
1544346781,2003-eth3,9790.21,9850.15,19640.36,9860,9800,99.90,100.90,200.80,101,100,0.00,0.00,0,0
1544346781,2005-eth1,3916.08,3916.08,7832.17,3920,3920,39.96,39.96,79.92,40,40,0.00,0.00,0,0
1544346781,3002-eth3,14373.63,333774.25,348147.88,334108,14388,169.83,209.79,379.62,210,170,0.00,0.00,0,0
1544346781,3006-eth3,15120.88,354619.38,369740.28,354974,15136,179.82,218.78,398.60,219,180,0.00,0.00,0,0
1544346781,2001-eth1,3976.02,3916.08,7892.11,3920,3980,40.96,39.96,80.92,40,41,0.00,0.00,0,0
1544346781,3005-eth2,400109.91,1220058.00,1620167.88,1221278,400510,525.47,513.49,1038.96,514,526,0.00,0.00,0,0
1544346781,2001-eth2,11454.55,11552.45,23006.99,11564,11466,116.88,117.88,234.77,118,117,0.00,0.00,0,0
1544346781,3007-eth2,590431.56,1206731.25,1797162.88,1207938,591022,617.38,612.39,1229.77,613,618,0.00,0.00,0,0
1544346781,1001-eth1,3916.08,3976.02,7892.11,3980,3920,39.96,40.96,80.92,41,40,0.00,0.00,0,0
1544346781,3007-eth4,784069.94,321928.09,1105998.00,322250,784854,389.61,384.62,774.23,385,390,0.00,0.00,0,0
1544346781,2003-eth2,7734.27,7636.36,15370.63,7644,7742,78.92,77.92,156.84,78,79,0.00,0.00,0,0
1544346781,3007-eth3,422781.22,268311.69,691092.94,268580,423204,224.78,229.77,454.55,230,225,0.00,0.00,0,0
1544346781,1002-eth1,11552.45,11454.55,23006.99,11466,11564,117.88,116.88,234.77,117,118,0.00,0.00,0,0
1544346781,2002-eth3,926673.38,1228797.25,2155470.50,1230026,927600,777.22,843.16,1620.38,844,778,0.00,0.00,0,0
1544346781,2007-eth2,0.00,0.00,0.00,0,0,0.00,0.00,0.00,0,0,0.00,0.00,0,0
1544346781,total,27220804.00,28155412.00,55376216.00,28183566,27248024,21685.32,21878.12,43563.44,21900,21707,0.00,0.00,0,0
1544346782,3003-eth3,1218415.62,265136.88,1483552.50,265402,1219634,488.51,488.51,977.02,489,489,0.00,0.00,0,0
1544346782,2002-eth1,236855.16,6181.82,243036.97,6188,237092,81.92,65.93,147.85,66,82,0.00,0.00,0,0
1544346782,lo,7368.63,7368.63,14737.26,7376,7376,71.93,71.93,143.86,72,72,0.00,0.00,0,0
1544346782,3005-eth3,1221820.25,1220103.88,2441924.25,1221324,1223042,803.20,821.18,1624.38,822,804,0.00,0.00,0,0
1544346782,2005-eth3,0.00,0.00,0.00,0,0,0.00,0.00,0.00,0,0,0.00,0.00,0,0
1544346782,3004-eth4,1221011.00,767778.25,1988789.25,768546,1222232,659.34,652.35,1311.69,653,660,0.00,0.00,0,0
1544346782,1004-eth2,0.00,0.00,0.00,0,0,0.00,0.00,0.00,0,0,0.00,0.00,0,0
1544346782,2004-eth4,385840.16,747142.88,1132983.00,747890,386226,388.61,383.62,772.23,384,389,0.00,0.00,0,0
1544346782,1001-eth2,7440.56,7500.50,14941.06,7508,7448,75.92,76.92,152.85,77,76,0.00,0.00,0,0
1544346782,1003-eth3,246079.92,441358.66,687438.56,441800,246326,221.78,215.78,437.56,216,222,0.00,0.00,0,0
1544346782,2002-eth4,1235218.88,1223932.12,2459151.00,1225156,1236454,1031.97,831.17,1863.14,832,1033,0.00,0.00,0,0
1544346782,1001-eth4,0.00,0.00,0.00,0,0,0.00,0.00,0.00,0,0,0.00,0.00,0,0
1544346782,3001-eth2,1237316.75,987170.88,2224487.50,988158,1238554,1015.98,750.25,1766.23,751,1017,0.00,0.00,0,0
1544346782,1004-eth1,0.00,0.00,0.00,0,0,0.00,0.00,0.00,0,0,0.00,0.00,0,0
1544346782,3005-eth4,1190275.75,460957.06,1651232.75,461418,1191466,500.50,540.46,1040.96,541,501,0.00,0.00,0,0
1544346782,1003-eth2,443478.53,247664.34,691142.88,247912,443922,275.72,223.78,499.50,224,276,0.00,0.00,0,0
1544346782,3008-eth1,0.00,0.00,0.00,0,0,0.00,0.00,0.00,0,0,0.00,0.00,0,0
1544346782,1002-eth3,11808.19,11748.25,23556.44,11760,11820,120.88,119.88,240.76,120,121,0.00,0.00,0,0
1544346782,2006-eth1,441358.66,246079.92,687438.56,246326,441800,215.78,221.78,437.56,222,216,0.00,0.00,0,0
1544346782,3003-eth1,9496.50,9556.44,19052.95,9566,9506,96.90,97.90,194.81,98,97,0.00,0.00,0,0
1544346782,2001-eth3,9496.50,9496.50,18993.01,9506,9506,96.90,96.90,193.81,97,97,0.00,0.00,0,0
1544346782,2008-eth2,0.00,0.00,0.00,0,0,0.00,0.00,0.00,0,0,0.00,0.00,0,0
1544346782,2008-eth3,1217512.50,607990.00,1825502.50,608598,1218730,584.42,598.40,1182.82,599,585,0.00,0.00,0,0
1544346782,1001-eth3,3818.18,3818.18,7636.36,3822,3822,38.96,38.96,77.92,39,39,0.00,0.00,0,0
1544346782,2007-eth4,0.00,0.00,0.00,0,0,0.00,0.00,0.00,0,0,0.00,0.00,0,0
1544346782,2004-eth2,0.00,0.00,0.00,0,0,0.00,0.00,0.00,0,0,0.00,0.00,0,0
1544346782,3002-eth1,9654.35,9594.41,19248.75,9604,9664,98.90,97.90,196.80,98,99,0.00,0.00,0,0
1544346782,3004-eth1,9752.25,9692.31,19444.56,9702,9762,99.90,98.90,198.80,99,100,0.00,0.00,0,0
1544346782,2006-eth3,1222759.25,474029.97,1696789.25,474504,1223982,510.49,563.44,1073.93,564,511,0.00,0.00,0,0
1544346782,3004-eth2,747142.88,385840.16,1132983.00,386226,747890,383.62,388.61,772.23,389,384,0.00,0.00,0,0
1544346782,3001-eth3,32785.21,581588.44,614373.62,582170,32818,344.66,348.65,693.31,349,345,0.00,0.00,0,0
1544346782,2003-eth4,9692.31,9752.25,19444.56,9762,9702,98.90,99.90,198.80,100,99,0.00,0.00,0,0
1544346782,2008-eth4,1225208.88,1222795.25,2448004.00,1224018,1226434,964.04,708.29,1672.33,709,965,0.00,0.00,0,0
1544346782,3008-eth3,417882.12,1037134.88,1455017.00,1038172,418300,501.50,481.52,983.02,482,502,0.00,0.00,0,0
1544346782,2005-eth2,11748.25,11808.19,23556.44,11820,11760,119.88,120.88,240.76,121,120,0.00,0.00,0,0
1544346782,2006-eth4,32671.33,1229534.50,1262205.88,1230764,32704,347.65,525.47,873.13,526,348,0.00,0.00,0,0
1544346782,3006-eth2,1229534.50,32671.33,1262205.88,32704,1230764,525.47,347.65,873.13,348,526,0.00,0.00,0,0
1544346782,1003-eth4,238559.45,8241.76,246801.20,8250,238798,85.91,124.88,210.79,125,86,0.00,0.00,0,0
1544346782,2006-eth2,0.00,0.00,0.00,0,0,0.00,0.00,0.00,0,0,0.00,0.00,0,0
1544346782,3001-eth1,9496.50,9496.50,18993.01,9506,9506,96.90,96.90,193.81,97,97,0.00,0.00,0,0
1544346782,3008-eth2,1222795.25,1225208.88,2448004.00,1226434,1224018,708.29,964.04,1672.33,965,709,0.00,0.00,0,0
1544346782,2004-eth3,1223428.62,633504.50,1856933.12,634138,1224652,608.39,612.39,1220.78,613,609,0.00,0.00,0,0
1544346782,3001-eth4,963882.12,422943.06,1386825.25,423366,964846,502.50,490.51,993.01,491,503,0.00,0.00,0,0
1544346782,1003-eth1,6181.82,236855.16,243036.97,237092,6188,65.93,81.92,147.85,82,66,0.00,0.00,0,0
1544346782,3002-eth2,1223932.12,1235218.88,2459151.00,1236454,1225156,831.17,1031.97,1863.14,1033,832,0.00,0.00,0,0
1544346782,2005-eth4,15566.43,15566.43,31132.87,15582,15582,158.84,158.84,317.68,159,159,0.00,0.00,0,0
1544346782,3003-eth2,633504.50,1223428.62,1856933.12,1224652,634138,612.39,608.39,1220.78,609,613,0.00,0.00,0,0
1544346782,2007-eth1,0.00,0.00,0.00,0,0,0.00,0.00,0.00,0,0,0.00,0.00,0,0
1544346782,1002-eth4,59.94,0.00,59.94,0,60,1.00,0.00,1.00,0,1,0.00,0.00,0,0
1544346782,3002-eth4,1230004.00,1223916.12,2453920.25,1225140,1231234,971.03,1028.97,2000.00,1030,972,0.00,0.00,0,0
1544346782,2007-eth3,59.94,59.94,119.88,60,60,1.00,1.00,2.00,1,1,0.00,0.00,0,0
1544346782,3005-eth1,0.00,0.00,0.00,0,0,0.00,0.00,0.00,0,0,0.00,0.00,0,0
1544346782,2001-eth4,9594.41,9654.35,19248.75,9664,9604,97.90,98.90,196.80,99,98,0.00,0.00,0,0
1544346782,3003-eth4,17408.59,378061.94,395470.53,378440,17426,216.78,223.78,440.56,224,217,0.00,0.00,0,0
1544346782,2004-eth1,247664.34,443478.53,691142.88,443922,247912,223.78,275.72,499.50,276,224,0.00,0.00,0,0
1544346782,3006-eth4,18617.38,201278.73,219896.11,201480,18636,193.81,195.80,389.61,196,194,0.00,0.00,0,0
1544346782,3007-eth1,59.94,59.94,119.88,60,60,1.00,1.00,2.00,1,1,0.00,0.00,0,0
1544346782,2008-eth1,8241.76,238559.45,246801.20,238798,8250,124.88,85.91,210.79,86,125,0.00,0.00,0,0
1544346782,2002-eth2,0.00,0.00,0.00,0,0,0.00,0.00,0.00,0,0,0.00,0.00,0,0
1544346782,2003-eth1,7500.50,7440.56,14941.06,7448,7508,76.92,75.92,152.85,76,77,0.00,0.00,0,0
1544346782,3008-eth4,807392.62,532147.88,1339540.50,532680,808200,463.54,435.56,899.10,436,464,0.00,0.00,0,0
1544346782,1004-eth4,0.00,0.00,0.00,0,0,0.00,0.00,0.00,0,0,0.00,0.00,0,0
1544346782,3006-eth1,15566.43,15566.43,31132.87,15582,15582,158.84,158.84,317.68,159,159,0.00,0.00,0,0
1544346782,1004-eth3,0.00,0.00,0.00,0,0,0.00,0.00,0.00,0,0,0.00,0.00,0,0
1544346782,1002-eth2,7892.11,7892.11,15784.22,7900,7900,80.92,80.92,161.84,81,81,0.00,0.00,0,0
1544346782,3004-eth3,27488.51,826783.25,854271.75,827610,27516,368.63,380.62,749.25,381,369,0.00,0.00,0,0
1544346782,2003-eth3,9556.44,9496.50,19052.95,9506,9566,97.90,96.90,194.81,97,98,0.00,0.00,0,0
1544346782,2005-eth1,3818.18,3818.18,7636.36,3822,3822,38.96,38.96,77.92,39,39,0.00,0.00,0,0
1544346782,3002-eth3,14929.07,181090.91,196019.98,181272,14944,160.84,175.82,336.66,176,161,0.00,0.00,0,0
1544346782,3006-eth3,33536.46,528855.19,562391.62,529384,33570,352.65,359.64,712.29,360,353,0.00,0.00,0,0
1544346782,2001-eth1,3622.38,3622.38,7244.76,3626,3626,36.96,36.96,73.93,37,37,0.00,0.00,0,0
1544346782,3005-eth2,474029.97,1222759.25,1696789.25,1223982,474504,563.44,510.49,1073.93,511,564,0.00,0.00,0,0
1544346782,2001-eth2,11748.25,11808.19,23556.44,11820,11760,119.88,120.88,240.76,121,120,0.00,0.00,0,0
1544346782,3007-eth2,607990.00,1217512.50,1825502.50,1218730,608598,598.40,584.42,1182.82,585,599,0.00,0.00,0,0
1544346782,1001-eth1,3622.38,3622.38,7244.76,3626,3626,36.96,36.96,73.93,37,37,0.00,0.00,0,0
1544346782,3007-eth4,851824.19,302595.41,1154419.62,302898,852676,369.63,376.62,746.25,377,370,0.00,0.00,0,0
1544346782,2003-eth2,7892.11,7892.11,15784.22,7900,7900,80.92,80.92,161.84,81,81,0.00,0.00,0,0
1544346782,3007-eth3,365688.31,305394.62,671082.94,305700,366054,214.79,221.78,436.56,222,215,0.00,0.00,0,0
1544346782,1002-eth1,11808.19,11748.25,23556.44,11760,11820,120.88,119.88,240.76,120,121,0.00,0.00,0,0
1544346782,2002-eth3,987170.88,1237316.75,2224487.50,1238554,988158,750.25,1015.98,1766.23,1017,751,0.00,0.00,0,0
1544346782,2007-eth2,0.00,59.94,59.94,60,0,0.00,1.00,1.00,1,0,0.00,0.00,0,0
1544346782,total,26615578.00,26218382.00,52833960.00,26244600,26642192,20957.04,21066.93,42023.98,21088,20978,0.00,0.00,0,0
1544346783,3003-eth3,1207708.38,474635.38,1682343.75,475110,1208916,545.45,550.45,1095.90,551,546,0.00,0.00,0,0
1544346783,2002-eth1,141840.16,6385.61,148225.78,6392,141982,66.93,67.93,134.87,68,67,0.00,0.00,0,0
1544346783,lo,65928.07,65928.07,131856.14,65994,65994,312.69,312.69,625.37,313,313,0.00,0.00,0,0
1544346783,3005-eth3,1215182.88,1213740.25,2428923.25,1214954,1216398,790.21,814.19,1604.40,815,791,0.00,0.00,0,0
1544346783,2005-eth3,0.00,0.00,0.00,0,0,0.00,0.00,0.00,0,0,0.00,0.00,0,0
1544346783,3004-eth4,1217196.88,863914.12,2081111.00,864778,1218414,689.31,684.32,1373.63,685,690,0.00,0.00,0,0
1544346783,1004-eth2,0.00,59.94,59.94,60,0,0.00,1.00,1.00,1,0,0.00,0.00,0,0
1544346783,2004-eth4,332637.38,848477.56,1181114.88,849326,332970,371.63,406.59,778.22,407,372,0.00,0.00,0,0
1544346783,1001-eth2,7538.46,7538.46,15076.92,7546,7546,76.92,76.92,153.85,77,77,0.00,0.00,0,0
1544346783,1003-eth3,150873.12,412031.97,562905.12,412444,151024,203.80,208.79,412.59,209,204,0.00,0.00,0,0
1544346783,2002-eth4,1222285.75,1211506.50,2433792.25,1212718,1223508,979.02,979.02,1958.04,980,980,0.00,0.00,0,0
1544346783,1001-eth4,0.00,0.00,0.00,0,0,0.00,0.00,0.00,0,0,0.00,0.00,0,0
1544346783,3001-eth2,1215454.62,1069606.38,2285061.00,1070676,1216670,838.16,911.09,1749.25,912,839,0.00,0.00,0,0
1544346783,1004-eth1,0.00,0.00,0.00,0,0,0.00,0.00,0.00,0,0,0.00,0.00,0,0
1544346783,3005-eth4,1180343.75,431168.84,1611512.50,431600,1181524,481.52,527.47,1008.99,528,482,0.00,0.00,0,0
1544346783,1003-eth2,411256.75,457618.41,868875.12,458076,411668,225.77,292.71,518.48,293,226,0.00,0.00,0,0
1544346783,3008-eth1,59.94,0.00,59.94,0,60,1.00,0.00,1.00,0,1,0.00,0.00,0,0
1544346783,1002-eth3,11258.74,11258.74,22517.48,11270,11270,114.89,114.89,229.77,115,115,0.00,0.00,0,0
1544346783,2006-eth1,412031.97,150873.12,562905.12,151024,412444,208.79,203.80,412.59,204,209,0.00,0.00,0,0
1544346783,3003-eth1,9300.70,9300.70,18601.40,9310,9310,94.91,94.91,189.81,95,95,0.00,0.00,0,0
1544346783,2001-eth3,9850.15,9790.21,19640.36,9800,9860,100.90,99.90,200.80,100,101,0.00,0.00,0,0
1544346783,2008-eth2,59.94,0.00,59.94,0,60,1.00,0.00,1.00,0,1,0.00,0.00,0,0
1544346783,2008-eth3,1203436.62,595890.12,1799326.75,596486,1204640,590.41,590.41,1180.82,591,591,0.00,0.00,0,0
1544346783,1001-eth3,3720.28,3720.28,7440.56,3724,3724,37.96,37.96,75.92,38,38,0.00,0.00,0,0
1544346783,2007-eth4,0.00,59.94,59.94,60,0,0.00,1.00,1.00,1,0,0.00,0.00,0,0
1544346783,2004-eth2,59.94,0.00,59.94,0,60,1.00,0.00,1.00,0,1,0.00,0.00,0,0
1544346783,3002-eth1,9300.70,9300.70,18601.40,9310,9310,94.91,94.91,189.81,95,95,0.00,0.00,0,0
1544346783,3004-eth1,9496.50,9496.50,18993.01,9506,9506,96.90,96.90,193.81,97,97,0.00,0.00,0,0
1544346783,2006-eth3,1212959.12,443994.03,1656953.12,444438,1214172,493.51,548.45,1041.96,549,494,0.00,0.00,0,0
1544346783,3004-eth2,848477.56,332637.38,1181114.88,332970,849326,406.59,371.63,778.22,372,407,0.00,0.00,0,0
1544346783,3001-eth3,38807.20,795662.38,834469.56,796458,38846,408.59,456.54,865.13,457,409,0.00,0.00,0,0
1544346783,2003-eth4,9496.50,9496.50,18993.01,9506,9506,96.90,96.90,193.81,97,97,0.00,0.00,0,0
1544346783,2008-eth4,1216701.38,1209047.00,2425748.25,1210256,1217918,857.14,675.32,1532.47,676,858,0.00,0.00,0,0
1544346783,3008-eth3,399582.44,922981.06,1322563.50,923904,399982,421.58,439.56,861.14,440,422,0.00,0.00,0,0
1544346783,2005-eth2,11258.74,11258.74,22517.48,11270,11270,114.89,114.89,229.77,115,115,0.00,0.00,0,0
1544346783,2006-eth4,32081.92,830463.56,862545.50,831294,32114,341.66,418.58,760.24,419,342,0.00,0.00,0,0
1544346783,3006-eth2,830463.56,32081.92,862545.50,32114,831294,418.58,341.66,760.24,342,419,0.00,0.00,0,0
1544346783,1003-eth4,448525.50,5730.27,454255.75,5736,448974,154.85,86.91,241.76,87,155,0.00,0.00,0,0
1544346783,2006-eth2,59.94,0.00,59.94,0,60,1.00,0.00,1.00,0,1,0.00,0.00,0,0
1544346783,3001-eth1,9790.21,9850.15,19640.36,9860,9800,99.90,100.90,200.80,101,100,0.00,0.00,0,0
1544346783,3008-eth2,1209047.00,1216701.38,2425748.25,1217918,1210256,675.32,857.14,1532.47,858,676,0.00,0.00,0,0
1544346783,2004-eth3,1214499.50,790135.88,2004635.38,790926,1215714,648.35,662.34,1310.69,663,649,0.00,0.00,0,0
1544346783,3001-eth4,1040589.44,632123.88,1672713.38,632756,1041630,602.40,613.39,1215.78,614,603,0.00,0.00,0,0
1544346783,1003-eth1,6385.61,141840.16,148225.78,141982,6392,67.93,66.93,134.87,67,68,0.00,0.00,0,0
1544346783,3002-eth2,1211506.50,1222285.75,2433792.25,1223508,1212718,979.02,979.02,1958.04,980,980,0.00,0.00,0,0
1544346783,2005-eth4,14964.07,15023.95,29988.03,15054,14994,152.69,153.69,306.39,154,153,0.00,0.00,0,0
1544346783,3003-eth2,789347.31,1213287.50,2002634.75,1215714,790926,661.68,647.70,1309.38,649,663,0.00,0.00,0,0
1544346783,2007-eth1,0.00,0.00,0.00,0,0,0.00,0.00,0.00,0,0,0.00,0.00,0,0
1544346783,1002-eth4,0.00,59.88,59.88,60,0,0.00,1.00,1.00,1,0,0.00,0.00,0,0
1544346783,3002-eth4,1214780.50,1209030.00,2423810.50,1211448,1217210,911.18,842.32,1753.49,844,913,0.00,0.00,0,0
1544346783,2007-eth3,0.00,0.00,0.00,0,0,0.00,0.00,0.00,0,0,0.00,0.00,0,0
1544346783,3005-eth1,0.00,0.00,0.00,0,0,0.00,0.00,0.00,0,0,0.00,0.00,0,0
1544346783,2001-eth4,9291.42,9291.42,18582.83,9310,9310,94.81,94.81,189.62,95,95,0.00,0.00,0,0
1544346783,3003-eth4,16075.85,324279.44,340355.31,324928,16108,197.60,203.59,401.20,204,198,0.00,0.00,0,0
1544346783,2004-eth1,457161.69,410846.31,868008.00,411668,458076,292.42,225.55,517.96,226,293,0.00,0.00,0,0
1544346783,3006-eth4,21648.70,274229.56,295878.25,274778,21692,226.55,232.53,459.08,233,227,0.00,0.00,0,0
1544346783,3007-eth1,0.00,0.00,0.00,0,0,0.00,0.00,0.00,0,0,0.00,0.00,0,0
1544346783,2008-eth1,5724.55,448077.84,453802.41,448974,5736,86.83,154.69,241.52,155,87,0.00,0.00,0,0
1544346783,2002-eth2,0.00,0.00,0.00,0,0,0.00,0.00,0.00,0,0,0.00,0.00,0,0
1544346783,2003-eth1,7530.94,7530.94,15061.88,7546,7546,76.85,76.85,153.69,77,77,0.00,0.00,0,0
1544346783,3008-eth4,816363.31,520319.38,1336682.62,521360,817996,436.13,439.12,875.25,440,437,0.00,0.00,0,0
1544346783,1004-eth4,0.00,59.88,59.88,60,0,0.00,1.00,1.00,1,0,0.00,0.00,0,0
1544346783,3006-eth1,15023.95,14964.07,29988.03,14994,15054,153.69,152.69,306.39,153,154,0.00,0.00,0,0
1544346783,1004-eth3,0.00,59.88,59.88,60,0,0.00,1.00,1.00,1,0,0.00,0.00,0,0
1544346783,1002-eth2,7530.94,7530.94,15061.88,7546,7546,76.85,76.85,153.69,77,77,0.00,0.00,0,0
1544346783,3004-eth3,27798.40,856834.38,884632.75,858548,27854,374.25,389.22,763.47,390,375,0.00,0.00,0,0
1544346783,2003-eth3,9291.42,9291.42,18582.83,9310,9310,94.81,94.81,189.62,95,95,0.00,0.00,0,0
1544346783,2005-eth1,3716.57,3716.57,7433.13,3724,3724,37.92,37.92,75.85,38,38,0.00,0.00,0,0
1544346783,3002-eth3,15576.85,146918.17,162495.02,147212,15608,161.68,165.67,327.35,166,162,0.00,0.00,0,0
1544346783,3006-eth3,29277.45,447099.81,476377.25,447994,29336,307.39,312.38,619.76,313,308,0.00,0.00,0,0
1544346783,2001-eth1,3814.37,3814.37,7628.74,3822,3822,38.92,38.92,77.84,39,39,0.00,0.00,0,0
1544346783,3005-eth2,443550.91,1211748.50,1655299.50,1214172,444438,547.90,493.01,1040.92,494,549,0.00,0.00,0,0
1544346783,2001-eth2,11345.31,11345.31,22690.62,11368,11368,115.77,115.77,231.54,116,116,0.00,0.00,0,0
1544346783,3007-eth2,595295.44,1202235.50,1797531.00,1204640,596486,589.82,589.82,1179.64,591,591,0.00,0.00,0,0
1544346783,1001-eth1,3814.37,3814.37,7628.74,3822,3822,38.92,38.92,77.84,39,39,0.00,0.00,0,0
1544346783,3007-eth4,751323.38,310564.88,1061888.25,311186,752826,348.30,348.30,696.61,349,349,0.00,0.00,0,0
1544346783,2003-eth2,7530.94,7530.94,15061.88,7546,7546,76.85,76.85,153.69,77,77,0.00,0.00,0,0
1544346783,3007-eth3,450852.31,284730.53,735582.88,285300,451754,240.52,241.52,482.04,242,241,0.00,0.00,0,0
1544346783,1002-eth1,11345.31,11345.31,22690.62,11368,11368,115.77,115.77,231.54,116,116,0.00,0.00,0,0
1544346783,2002-eth3,1068539.00,1214241.50,2282780.50,1216670,1070676,910.18,837.33,1747.51,839,912,0.00,0.00,0,0
1544346783,2007-eth2,59.88,0.00,59.88,0,60,1.00,0.00,1.00,0,1,0.00,0.00,0,0
1544346783,total,26565890.00,26631978.00,53197868.00,26685242,26619022,21065.87,21183.63,42249.50,21226,21108,0.00,0.00,0,0
1544346784,3003-eth3,1200237.50,437087.84,1637325.38,437962,1202638,537.92,535.93,1073.85,537,539,0.00,0.00,0,0
1544346784,2002-eth1,122642.72,6379.24,129021.96,6392,122888,62.87,67.86,130.74,68,63,0.00,0.00,0,0
1544346784,lo,7566.87,7566.87,15133.73,7582,7582,73.85,73.85,147.70,74,74,0.00,0.00,0,0
1544346784,3005-eth3,1208189.62,1211111.75,2419301.50,1213534,1210606,789.42,813.37,1602.79,815,791,0.00,0.00,0,0
1544346784,2005-eth3,101.80,41.92,143.71,42,102,2.00,1.00,2.99,1,2,0.00,0.00,0,0
1544346784,3004-eth4,1211648.75,815820.38,2027469.12,817452,1214072,666.67,668.66,1335.33,670,668,0.00,0.00,0,0
1544346784,1004-eth2,0.00,0.00,0.00,0,0,0.00,0.00,0.00,0,0,0.00,0.00,0,0
1544346784,2004-eth4,430385.25,796916.19,1227301.38,798510,431246,390.22,382.24,772.46,383,391,0.00,0.00,0,0
1544346784,1001-eth2,7433.13,7433.13,14866.27,7448,7448,75.85,75.85,151.70,76,76,0.00,0.00,0,0
1544346784,1003-eth3,132067.88,614151.69,746219.56,615380,132332,205.59,277.45,483.03,278,206,0.00,0.00,0,0
1544346784,2002-eth4,1220327.38,1205014.00,2425341.50,1207424,1222768,923.15,846.31,1769.46,848,925,0.00,0.00,0,0
1544346784,1001-eth4,59.88,0.00,59.88,0,60,1.00,0.00,1.00,0,1,0.00,0.00,0,0
1544346784,3001-eth2,1220335.38,1082491.00,2302826.50,1084656,1222776,818.36,785.43,1603.79,787,820,0.00,0.00,0,0
1544346784,1004-eth1,0.00,59.88,59.88,60,0,0.00,1.00,1.00,1,0,0.00,0.00,0,0
1544346784,3005-eth4,1179014.00,633239.56,1812253.50,634506,1181372,501.00,595.81,1096.81,597,502,0.00,0.00,0,0
1544346784,1003-eth2,618113.81,420578.84,1038692.62,421420,619350,366.27,285.43,651.70,286,367,0.00,0.00,0,0
1544346784,3008-eth1,0.00,0.00,0.00,0,0,0.00,0.00,0.00,0,0,0.00,0.00,0,0
1544346784,1002-eth3,11387.23,11447.11,22834.33,11470,11410,116.77,117.76,234.53,118,117,0.00,0.00,0,0
1544346784,2006-eth1,614151.69,132067.88,746219.56,132332,615380,277.45,205.59,483.03,206,278,0.00,0.00,0,0
1544346784,3003-eth1,9626.75,9626.75,19253.49,9646,9646,98.80,98.80,197.60,99,99,0.00,0.00,0,0
1544346784,2001-eth3,9193.61,9253.49,18447.11,9272,9212,93.81,94.81,188.62,95,94,0.00,0.00,0,0
1544346784,2008-eth2,0.00,0.00,0.00,0,0,0.00,0.00,0.00,0,0,0.00,0.00,0,0
1544346784,2008-eth3,1197053.88,627614.81,1824668.75,628870,1199448,598.80,597.80,1196.61,599,600,0.00,0.00,0,0
1544346784,1001-eth3,3580.84,3580.84,7161.68,3588,3588,36.93,36.93,73.85,37,37,0.00,0.00,0,0
1544346784,2007-eth4,0.00,0.00,0.00,0,0,0.00,0.00,0.00,0,0,0.00,0.00,0,0
1544346784,2004-eth2,0.00,0.00,0.00,0,0,0.00,0.00,0.00,0,0,0.00,0.00,0,0
1544346784,3002-eth1,9584.83,9644.71,19229.54,9664,9604,97.80,98.80,196.61,99,98,0.00,0.00,0,0
1544346784,3004-eth1,8215.57,8275.45,16491.02,8292,8232,83.83,84.83,168.66,85,84,0.00,0.00,0,0
1544346784,2006-eth3,1212427.12,646235.56,1858662.75,647528,1214852,612.77,618.76,1231.54,620,614,0.00,0.00,0,0
1544346784,3004-eth2,796916.19,430385.25,1227301.38,431246,798510,382.24,390.22,772.46,391,383,0.00,0.00,0,0
1544346784,3001-eth3,25988.03,929525.00,955513.00,931384,26040,326.35,419.16,745.51,420,327,0.00,0.00,0,0
1544346784,2003-eth4,8275.45,8215.57,16491.02,8232,8292,84.83,83.83,168.66,84,85,0.00,0.00,0,0
1544346784,2008-eth4,1044950.12,1207455.12,2252405.25,1209870,1047040,746.51,756.49,1502.99,758,748,0.00,0.00,0,0
1544346784,3008-eth3,384602.81,852493.06,1237095.88,854198,385372,397.21,414.17,811.38,415,398,0.00,0.00,0,0
1544346784,2005-eth2,11447.11,11387.23,22834.33,11410,11470,117.76,116.77,234.53,117,118,0.00,0.00,0,0
1544346784,2006-eth4,31990.02,798087.88,830077.88,799684,32054,340.32,356.29,696.61,357,341,0.00,0.00,0,0
1544346784,3006-eth2,798087.88,31990.02,830077.88,32054,799684,356.29,340.32,696.61,341,357,0.00,0.00,0,0
1544346784,1003-eth4,411093.81,10341.32,421435.16,10362,411916,141.72,156.69,298.40,157,142,0.00,0.00,0,0
1544346784,2006-eth2,0.00,0.00,0.00,0,0,0.00,0.00,0.00,0,0,0.00,0.00,0,0
1544346784,3001-eth1,9253.49,9193.61,18447.11,9212,9272,94.81,93.81,188.62,94,95,0.00,0.00,0,0
1544346784,3008-eth2,1207455.12,1044950.12,2252405.25,1047040,1209870,756.49,746.51,1502.99,748,758,0.00,0.00,0,0
1544346784,2004-eth3,1209087.88,851029.94,2060117.88,852732,1211506,671.66,676.65,1348.30,678,673,0.00,0.00,0,0
1544346784,3001-eth4,1065756.50,907239.56,1972996.00,909054,1067888,553.89,675.65,1229.54,677,555,0.00,0.00,0,0
1544346784,1003-eth1,6379.24,122642.72,129021.96,122888,6392,67.86,62.87,130.74,63,68,0.00,0.00,0,0
1544346784,3002-eth2,1205014.00,1220327.38,2425341.50,1222768,1207424,846.31,923.15,1769.46,925,848,0.00,0.00,0,0
1544346784,2005-eth4,14926.15,14866.27,29792.42,14896,14956,152.69,151.70,304.39,152,153,0.00,0.00,0,0
1544346784,3003-eth2,851029.94,1209087.88,2060117.88,1211506,852732,676.65,671.66,1348.30,673,678,0.00,0.00,0,0
1544346784,2007-eth1,0.00,59.94,59.94,60,0,0.00,1.00,1.00,1,0,0.00,0.00,0,0
1544346784,1002-eth4,0.00,0.00,0.00,0,0,0.00,0.00,0.00,0,0,0.00,0.00,0,0
1544346784,3002-eth4,1213682.38,1208811.25,2422493.50,1210020,1214896,855.14,825.17,1680.32,826,856,0.00,0.00,0,0
1544346784,2007-eth3,0.00,0.00,0.00,0,0,0.00,0.00,0.00,0,0,0.00,0.00,0,0
1544346784,3005-eth1,41.96,101.90,143.86,102,42,1.00,2.00,3.00,2,1,0.00,0.00,0,0
1544346784,2001-eth4,9654.35,9594.41,19248.75,9604,9664,98.90,97.90,196.80,98,99,0.00,0.00,0,0
1544346784,3003-eth4,18495.51,424057.97,442553.47,424482,18514,232.77,240.76,473.53,241,233,0.00,0.00,0,0
1544346784,2004-eth1,420999.00,618731.31,1039730.31,619350,421420,285.71,366.63,652.35,367,286,0.00,0.00,0,0
1544346784,3006-eth4,35500.50,625848.19,661348.69,626474,35536,373.63,384.62,758.24,385,374,0.00,0.00,0,0
1544346784,3007-eth1,0.00,0.00,0.00,0,0,0.00,0.00,0.00,0,0,0.00,0.00,0,0
1544346784,2008-eth1,10351.65,411504.50,421856.16,411916,10362,156.84,141.86,298.70,142,157,0.00,0.00,0,0
1544346784,2002-eth2,59.94,0.00,59.94,0,60,1.00,0.00,1.00,0,1,0.00,0.00,0,0
1544346784,2003-eth1,7440.56,7440.56,14881.12,7448,7448,75.92,75.92,151.85,76,76,0.00,0.00,0,0
1544346784,3008-eth4,661007.00,425746.25,1086753.25,426172,661668,349.65,357.64,707.29,358,350,0.00,0.00,0,0
1544346784,1004-eth4,0.00,0.00,0.00,0,0,0.00,0.00,0.00,0,0,0.00,0.00,0,0
1544346784,3006-eth1,14881.12,14941.06,29822.18,14956,14896,151.85,152.85,304.70,153,152,0.00,0.00,0,0
1544346784,1004-eth3,0.00,0.00,0.00,0,0,0.00,0.00,0.00,0,0,0.00,0.00,0,0
1544346784,1002-eth2,6895.10,6895.10,13790.21,6902,6902,70.93,70.93,141.86,71,71,0.00,0.00,0,0
1544346784,3004-eth3,27212.79,896397.62,923610.44,897294,27240,371.63,390.61,762.24,391,372,0.00,0.00,0,0
1544346784,2003-eth3,9636.36,9636.36,19272.73,9646,9646,98.90,98.90,197.80,99,99,0.00,0.00,0,0
1544346784,2005-eth1,3584.42,3584.42,7168.83,3588,3588,36.96,36.96,73.93,37,37,0.00,0.00,0,0
1544346784,3002-eth3,15886.11,159656.34,175542.47,159816,15902,164.84,179.82,344.66,180,165,0.00,0.00,0,0
1544346784,3006-eth3,15182.82,191578.42,206761.25,191770,15198,157.84,160.84,318.68,161,158,0.00,0.00,0,0
1544346784,2001-eth1,3916.08,3976.02,7892.11,3980,3920,39.96,40.96,80.92,41,40,0.00,0.00,0,0
1544346784,3005-eth2,646881.12,1213638.38,1860519.50,1214852,647528,619.38,613.39,1232.77,614,620,0.00,0.00,0,0
1544346784,2001-eth2,11024.98,10965.04,21990.01,10976,11036,112.89,111.89,224.78,112,113,0.00,0.00,0,0
1544346784,3007-eth2,628241.75,1198249.75,1826491.50,1199448,628870,598.40,599.40,1197.80,600,599,0.00,0.00,0,0
1544346784,1001-eth1,3976.02,3916.08,7892.11,3920,3980,40.96,39.96,80.92,40,41,0.00,0.00,0,0
1544346784,3007-eth4,787590.44,376699.31,1164289.75,377076,788378,382.62,381.62,764.24,382,383,0.00,0.00,0,0
1544346784,2003-eth2,6895.10,6895.10,13790.21,6902,6902,70.93,70.93,141.86,71,71,0.00,0.00,0,0
1544346784,3007-eth3,410729.28,251608.41,662337.69,251860,411140,217.78,217.78,435.56,218,218,0.00,0.00,0,0
1544346784,1002-eth1,10965.04,11024.98,21990.01,11036,10976,111.89,112.89,224.78,113,112,0.00,0.00,0,0
1544346784,2002-eth3,1083572.50,1221554.50,2305127.00,1222776,1084656,786.21,819.18,1605.39,820,787,0.00,0.00,0,0
1544346784,2007-eth2,0.00,0.00,0.00,0,0,0.00,0.00,0.00,0,0,0.00,0.00,0,0
1544346784,total,26800598.00,27686306.00,54486908.00,27713992,26827398,20623.38,21006.99,41630.37,21028,20644,0.00,0.00,0,0
1544346785,3003-eth3,1213480.50,295646.38,1509126.88,295942,1214694,501.50,490.51,992.01,491,502,0.00,0.00,0,0
1544346785,2002-eth1,129348.66,4473.53,133822.19,4478,129478,74.93,47.95,122.88,48,75,0.00,0.00,0,0
1544346785,lo,5064.94,5064.94,10129.87,5070,5070,48.95,48.95,97.90,49,49,0.00,0.00,0,0
1544346785,3005-eth3,1224603.38,1213878.12,2438481.50,1215092,1225828,889.11,907.09,1796.20,908,890,0.00,0.00,0,0
1544346785,2005-eth3,0.00,59.94,59.94,60,0,0.00,1.00,1.00,1,0,0.00,0.00,0,0
1544346785,3004-eth4,1217326.75,750024.00,1967350.75,750774,1218544,647.35,646.35,1293.71,647,648,0.00,0.00,0,0
1544346785,1004-eth2,0.00,0.00,0.00,0,0,0.00,0.00,0.00,0,0,0.00,0.00,0,0
1544346785,2004-eth4,248071.94,732287.75,980359.69,733020,248320,295.70,377.62,673.33,378,296,0.00,0.00,0,0
1544346785,1001-eth2,3192.81,3132.87,6325.67,3136,3196,32.97,31.97,64.94,32,33,0.00,0.00,0,0
1544346785,1003-eth3,141546.45,759364.62,900911.12,760124,141688,259.74,307.69,567.43,308,260,0.00,0.00,0,0
1544346785,2002-eth4,1220857.12,1223474.50,2444331.75,1224698,1222078,692.31,828.17,1520.48,829,693,0.00,0.00,0,0
1544346785,1001-eth4,0.00,59.94,59.94,60,0,0.00,1.00,1.00,1,0,0.00,0.00,0,0
1544346785,3001-eth2,1218305.75,1094125.88,2312431.75,1095220,1219524,634.37,753.25,1387.61,754,635,0.00,0.00,0,0
1544346785,1004-eth1,0.00,0.00,0.00,0,0,0.00,0.00,0.00,0,0,0.00,0.00,0,0
1544346785,3005-eth4,1178911.12,780311.69,1959222.88,781092,1180090,591.41,645.35,1236.76,646,592,0.00,0.00,0,0
1544346785,1003-eth2,760687.31,281602.41,1042289.75,281884,761448,347.65,277.72,625.37,278,348,0.00,0.00,0,0
1544346785,3008-eth1,0.00,59.94,59.94,60,0,0.00,1.00,1.00,1,0,0.00,0.00,0,0
1544346785,1002-eth3,4307.69,4307.69,8615.38,4312,4312,43.96,43.96,87.91,44,44,0.00,0.00,0,0
1544346785,2006-eth1,759364.62,141546.45,900911.12,141688,760124,307.69,259.74,567.43,260,308,0.00,0.00,0,0
1544346785,3003-eth1,4367.63,4307.69,8675.33,4312,4372,44.96,43.96,88.91,44,45,0.00,0.00,0,0
1544346785,2001-eth3,2447.55,2447.55,4895.10,2450,2450,24.98,24.98,49.95,25,25,0.00,0.00,0,0
1544346785,2008-eth2,0.00,0.00,0.00,0,0,0.00,0.00,0.00,0,0,0.00,0.00,0,0
1544346785,2008-eth3,1212781.25,597534.50,1810315.75,598132,1213994,600.40,593.41,1193.81,594,601,0.00,0.00,0,0
1544346785,1001-eth3,979.02,979.02,1958.04,980,980,9.99,9.99,19.98,10,10,0.00,0.00,0,0
1544346785,2007-eth4,59.94,0.00,59.94,0,60,1.00,0.00,1.00,0,1,0.00,0.00,0,0
1544346785,2004-eth2,0.00,0.00,0.00,0,0,0.00,0.00,0.00,0,0,0.00,0.00,0,0
1544346785,3002-eth1,4209.79,4209.79,8419.58,4214,4214,42.96,42.96,85.91,43,43,0.00,0.00,0,0
1544346785,3004-eth1,0.00,0.00,0.00,0,0,0.00,0.00,0.00,0,0,0.00,0.00,0,0
1544346785,2006-eth3,1231418.62,802433.56,2033852.25,803236,1232650,795.20,766.23,1561.44,767,796,0.00,0.00,0,0
1544346785,3004-eth2,732287.75,248071.94,980359.69,248320,733020,377.62,295.70,673.33,296,378,0.00,0.00,0,0
1544346785,3001-eth3,17414.59,658633.38,676048.00,659292,17432,251.75,257.74,509.49,258,252,0.00,0.00,0,0
1544346785,2003-eth4,0.00,0.00,0.00,0,0,0.00,0.00,0.00,0,0,0.00,0.00,0,0
1544346785,2008-eth4,910933.06,1218517.50,2129450.50,1219736,911844,717.28,687.31,1404.60,688,718,0.00,0.00,0,0
1544346785,3008-eth3,420165.84,831778.25,1251944.12,832610,420586,404.60,416.58,821.18,417,405,0.00,0.00,0,0
1544346785,2005-eth2,4307.69,4307.69,8615.38,4312,4312,43.96,43.96,87.91,44,44,0.00,0.00,0,0
1544346785,2006-eth4,43102.90,1137284.75,1180387.62,1138422,43146,458.54,530.47,989.01,531,459,0.00,0.00,0,0
1544346785,3006-eth2,1137284.75,43102.90,1180387.62,43146,1138422,530.47,458.54,989.01,459,531,0.00,0.00,0,0
1544346785,1003-eth4,269404.59,5736.26,275140.88,5742,269674,92.91,86.91,179.82,87,93,0.00,0.00,0,0
1544346785,2006-eth2,0.00,0.00,0.00,0,0,0.00,0.00,0.00,0,0,0.00,0.00,0,0
1544346785,3001-eth1,2447.55,2447.55,4895.10,2450,2450,24.98,24.98,49.95,25,25,0.00,0.00,0,0
1544346785,3008-eth2,1218517.50,910933.06,2129450.50,911844,1219736,687.31,717.28,1404.60,718,688,0.00,0.00,0,0
1544346785,2004-eth3,1218365.62,529668.38,1748034.00,530198,1219584,575.42,573.43,1148.85,574,576,0.00,0.00,0,0
1544346785,3001-eth4,1079158.88,543776.25,1622935.12,544320,1080238,526.47,543.46,1069.93,544,527,0.00,0.00,0,0
1544346785,1003-eth1,4473.53,129348.66,133822.19,129478,4478,47.95,74.93,122.88,75,48,0.00,0.00,0,0
1544346785,3002-eth2,1223474.50,1220857.12,2444331.75,1222078,1224698,828.17,692.31,1520.48,693,829,0.00,0.00,0,0
1544346785,2005-eth4,5286.71,5286.71,10573.43,5292,5292,53.95,53.95,107.89,54,54,0.00,0.00,0,0
1544346785,3003-eth2,529668.38,1218365.62,1748034.00,1219584,530198,573.43,575.42,1148.85,576,574,0.00,0.00,0,0
1544346785,2007-eth1,59.94,0.00,59.94,0,60,1.00,0.00,1.00,0,1,0.00,0.00,0,0
1544346785,1002-eth4,0.00,0.00,0.00,0,0,0.00,0.00,0.00,0,0,0.00,0.00,0,0
1544346785,3002-eth4,1216641.38,496345.66,1712987.00,496842,1217858,632.37,616.38,1248.75,617,633,0.00,0.00,0,0
1544346785,2007-eth3,0.00,0.00,0.00,0,0,0.00,0.00,0.00,0,0,0.00,0.00,0,0
1544346785,3005-eth1,59.94,0.00,59.94,0,60,1.00,0.00,1.00,0,1,0.00,0.00,0,0
1544346785,2001-eth4,4209.79,4209.79,8419.58,4214,4214,42.96,42.96,85.91,43,43,0.00,0.00,0,0
1544346785,3003-eth4,9312.69,238203.80,247516.48,238442,9322,119.88,124.88,244.76,125,120,0.00,0.00,0,0
1544346785,2004-eth1,281602.41,760687.31,1042289.75,761448,281884,277.72,347.65,625.37,348,278,0.00,0.00,0,0
1544346785,3006-eth4,24199.80,581398.62,605598.44,581980,24224,255.74,285.71,541.46,286,256,0.00,0.00,0,0
1544346785,3007-eth1,0.00,0.00,0.00,0,0,0.00,0.00,0.00,0,0,0.00,0.00,0,0
1544346785,2008-eth1,5736.26,269404.59,275140.88,269674,5742,86.91,92.91,179.82,93,87,0.00,0.00,0,0
1544346785,2002-eth2,0.00,0.00,0.00,0,0,0.00,0.00,0.00,0,0,0.00,0.00,0,0
1544346785,2003-eth1,3132.87,3192.81,6325.67,3196,3136,31.97,32.97,64.94,33,32,0.00,0.00,0,0
1544346785,3008-eth4,490767.25,512271.75,1003039.00,512784,491258,312.69,331.67,644.36,332,313,0.00,0.00,0,0
1544346785,1004-eth4,0.00,0.00,0.00,0,0,0.00,0.00,0.00,0,0,0.00,0.00,0,0
1544346785,3006-eth1,5286.71,5286.71,10573.43,5292,5292,53.95,53.95,107.89,54,54,0.00,0.00,0,0
1544346785,1004-eth3,0.00,0.00,0.00,0,0,0.00,0.00,0.00,0,0,0.00,0.00,0,0
1544346785,1002-eth2,1174.83,1174.83,2349.65,1176,1176,11.99,11.99,23.98,12,12,0.00,0.00,0,0
1544346785,3004-eth3,17736.26,840763.25,858499.50,841604,17754,268.73,289.71,558.44,290,269,0.00,0.00,0,0
1544346785,2003-eth3,4307.69,4367.63,8675.33,4372,4312,43.96,44.96,88.91,45,44,0.00,0.00,0,0
1544346785,2005-eth1,979.02,979.02,1958.04,980,980,9.99,9.99,19.98,10,10,0.00,0.00,0,0
1544346785,3002-eth3,9928.14,202658.69,212586.83,203064,9948,103.79,115.77,219.56,116,104,0.00,0.00,0,0
1544346785,3006-eth3,26121.76,562568.88,588690.62,563694,26174,276.45,318.36,594.81,319,277,0.00,0.00,0,0
1544346785,2001-eth1,2211.58,2151.70,4363.27,2156,2216,22.95,21.96,44.91,22,23,0.00,0.00,0,0
1544346785,3005-eth2,801632.75,1230189.62,2031822.38,1232650,803236,765.47,794.41,1559.88,796,767,0.00,0.00,0,0
1544346785,2001-eth2,3129.74,3129.74,6259.48,3136,3136,31.94,31.94,63.87,32,32,0.00,0.00,0,0
1544346785,3007-eth2,596938.12,1211570.88,1808509.00,1213994,598132,592.81,599.80,1192.61,601,594,0.00,0.00,0,0
1544346785,1001-eth1,2151.70,2211.58,4363.27,2216,2156,21.96,22.95,44.91,23,22,0.00,0.00,0,0
1544346785,3007-eth4,789233.56,413307.41,1202541.00,414134,790812,397.21,394.21,791.42,395,398,0.00,0.00,0,0
1544346785,2003-eth2,1173.65,1173.65,2347.31,1176,1176,11.98,11.98,23.95,12,12,0.00,0.00,0,0
1544346785,3007-eth3,422337.34,183564.88,605902.19,183932,423182,202.59,197.60,400.20,198,203,0.00,0.00,0,0
1544346785,1002-eth1,3129.74,3129.74,6259.48,3136,3136,31.94,31.94,63.87,32,32,0.00,0.00,0,0
1544346785,2002-eth3,1093034.00,1217089.88,2310123.75,1219524,1095220,752.50,633.73,1386.23,635,754,0.00,0.00,0,0
1544346785,2007-eth2,0.00,0.00,0.00,0,0,0.00,0.00,0.00,0,0,0.00,0.00,0,0
1544346785,total,26391238.00,26139396.00,52530636.00,26191674,26444020,18429.14,18628.74,37057.89,18666,18466,0.00,0.00,0,0
1544346786,3003-eth3,1211461.62,315794.62,1527256.25,316742,1215096,506.48,497.51,1003.99,499,508,0.00,0.00,0,0
1544346786,2002-eth1,284751.75,8153.54,292905.28,8178,285606,114.66,86.74,201.40,87,115,0.00,0.00,0,0
1544346786,lo,64193.42,64193.42,128386.84,64386,64386,289.13,289.13,578.27,290,290,0.00,0.00,0,0
1544346786,3005-eth3,1227597.25,1216127.62,2443724.75,1219776,1231280,992.02,1001.00,1993.02,1004,995,0.00,0.00,0,0
1544346786,2005-eth3,0.00,0.00,0.00,0,0,0.00,0.00,0.00,0,0,0.00,0.00,0,0
1544346786,3004-eth4,1216018.00,814875.38,2030893.38,817320,1219666,663.01,666.00,1329.01,668,665,0.00,0.00,0,0
1544346786,1004-eth2,59.82,0.00,59.82,0,60,1.00,0.00,1.00,0,1,0.00,0.00,0,0
1544346786,2004-eth4,356773.69,794865.44,1151639.12,797250,357844,309.07,362.91,671.98,364,310,0.00,0.00,0,0
1544346786,1001-eth2,0.00,0.00,0.00,0,0,0.00,0.00,0.00,0,0,0.00,0.00,0,0
1544346786,1003-eth3,298438.69,664079.75,962518.44,666072,299334,322.03,313.06,635.09,314,323,0.00,0.00,0,0
1544346786,2002-eth4,1217864.38,1223389.88,2441254.25,1227060,1221518,806.58,1146.56,1953.14,1150,809,0.00,0.00,0,0
1544346786,1001-eth4,0.00,0.00,0.00,0,0,0.00,0.00,0.00,0,0,0.00,0.00,0,0
1544346786,3001-eth2,1217481.62,938572.31,2156053.75,941388,1221134,788.63,1030.91,1819.54,1034,791,0.00,0.00,0,0
1544346786,1004-eth1,59.82,0.00,59.82,0,60,1.00,0.00,1.00,0,1,0.00,0.00,0,0
1544346786,3005-eth4,1171224.38,681391.81,1852616.12,683436,1174738,575.27,612.16,1187.44,614,577,0.00,0.00,0,0
1544346786,1003-eth2,664875.38,297320.03,962195.44,298212,666870,361.91,305.08,667.00,306,363,0.00,0.00,0,0
1544346786,3008-eth1,0.00,0.00,0.00,0,0,0.00,0.00,0.00,0,0,0.00,0.00,0,0
1544346786,1002-eth3,59.82,0.00,59.82,0,60,1.00,0.00,1.00,0,1,0.00,0.00,0,0
1544346786,2006-eth1,664079.75,298438.69,962518.44,299334,666072,313.06,322.03,635.09,323,314,0.00,0.00,0,0
1544346786,3003-eth1,0.00,0.00,0.00,0,0,0.00,0.00,0.00,0,0,0.00,0.00,0,0
1544346786,2001-eth3,0.00,0.00,0.00,0,0,0.00,0.00,0.00,0,0,0.00,0.00,0,0
1544346786,2008-eth2,0.00,59.82,59.82,60,0,0.00,1.00,1.00,1,0,0.00,0.00,0,0
1544346786,2008-eth3,1208853.50,594893.31,1803746.75,596678,1212480,598.21,592.22,1190.43,594,600,0.00,0.00,0,0
1544346786,1001-eth3,0.00,0.00,0.00,0,0,0.00,0.00,0.00,0,0,0.00,0.00,0,0
1544346786,2007-eth4,0.00,0.00,0.00,0,0,0.00,0.00,0.00,0,0,0.00,0.00,0,0
1544346786,2004-eth2,0.00,59.82,59.82,60,0,0.00,1.00,1.00,1,0,0.00,0.00,0,0
1544346786,3002-eth1,59.82,0.00,59.82,0,60,1.00,0.00,1.00,0,1,0.00,0.00,0,0
1544346786,3004-eth1,0.00,0.00,0.00,0,0,0.00,0.00,0.00,0,0,0.00,0.00,0,0
1544346786,2006-eth3,1223306.12,712345.00,1935651.00,714482,1226976,685.94,826.52,1512.46,829,688,0.00,0.00,0,0
1544346786,3004-eth2,794865.44,356773.69,1151639.12,357844,797250,362.91,309.07,671.98,310,364,0.00,0.00,0,0
1544346786,3001-eth3,21846.46,1082819.50,1104666.00,1086068,21912,331.01,372.88,703.89,374,332,0.00,0.00,0,0
1544346786,2003-eth4,0.00,0.00,0.00,0,0,0.00,0.00,0.00,0,0,0.00,0.00,0,0
1544346786,2008-eth4,878400.81,1217868.38,2096269.25,1221522,881036,687.94,734.80,1422.73,737,690,0.00,0.00,0,0
1544346786,3008-eth3,316885.34,816069.81,1132955.12,818518,317836,360.92,377.87,738.78,379,362,0.00,0.00,0,0
1544346786,2005-eth2,0.00,59.82,59.82,60,0,0.00,1.00,1.00,1,0,0.00,0.00,0,0
1544346786,2006-eth4,48265.20,1036325.06,1084590.25,1039434,48410,513.46,543.37,1056.83,545,515,0.00,0.00,0,0
1544346786,3006-eth2,1036325.06,48265.20,1084590.25,48410,1039434,543.37,513.46,1056.83,515,545,0.00,0.00,0,0
1544346786,1003-eth4,283633.09,8949.15,292582.25,8976,284484,97.71,135.59,233.30,136,98,0.00,0.00,0,0
1544346786,2006-eth2,0.00,59.82,59.82,60,0,0.00,1.00,1.00,1,0,0.00,0.00,0,0
1544346786,3001-eth1,0.00,0.00,0.00,0,0,0.00,0.00,0.00,0,0,0.00,0.00,0,0
1544346786,3008-eth2,1217868.38,878400.81,2096269.25,881036,1221522,734.80,687.94,1422.73,690,737,0.00,0.00,0,0
1544346786,2004-eth3,1218628.12,657046.88,1875675.00,659018,1222284,615.15,615.15,1230.31,617,617,0.00,0.00,0,0
1544346786,3001-eth4,916725.81,970616.19,1887342.00,973528,919476,699.90,638.09,1337.99,640,702,0.00,0.00,0,0
1544346786,1003-eth1,8153.54,284751.75,292905.28,285606,8178,86.74,114.66,201.40,115,87,0.00,0.00,0,0
1544346786,3002-eth2,1223389.88,1217864.38,2441254.25,1221518,1227060,1146.56,806.58,1953.14,809,1150,0.00,0.00,0,0
1544346786,2005-eth4,0.00,0.00,0.00,0,0,0.00,0.00,0.00,0,0,0.00,0.00,0,0
1544346786,3003-eth2,657046.88,1218628.12,1875675.00,1222284,659018,615.15,615.15,1230.31,617,617,0.00,0.00,0,0
1544346786,2007-eth1,0.00,0.00,0.00,0,0,0.00,0.00,0.00,0,0,0.00,0.00,0,0
1544346786,1002-eth4,59.82,0.00,59.82,0,60,1.00,0.00,1.00,0,1,0.00,0.00,0,0
1544346786,3002-eth4,1212020.00,710153.56,1922173.50,712284,1215656,744.77,719.84,1464.61,722,747,0.00,0.00,0,0
1544346786,2007-eth3,0.00,59.82,59.82,60,0,0.00,1.00,1.00,1,0,0.00,0.00,0,0
1544346786,3005-eth1,0.00,0.00,0.00,0,0,0.00,0.00,0.00,0,0,0.00,0.00,0,0
1544346786,2001-eth4,0.00,59.82,59.82,60,0,0.00,1.00,1.00,1,0,0.00,0.00,0,0
1544346786,3003-eth4,7106.68,344205.38,351312.06,345238,7128,107.68,118.64,226.32,119,108,0.00,0.00,0,0
1544346786,2004-eth1,297320.03,664875.38,962195.44,666870,298212,305.08,361.91,667.00,363,306,0.00,0.00,0,0
1544346786,3006-eth4,30364.91,624382.88,654747.75,626256,30456,323.03,338.98,662.01,340,324,0.00,0.00,0,0
1544346786,3007-eth1,59.82,0.00,59.82,0,60,1.00,0.00,1.00,0,1,0.00,0.00,0,0
1544346786,2008-eth1,8949.15,283633.09,292582.25,284484,8976,135.59,97.71,233.30,98,136,0.00,0.00,0,0
1544346786,2002-eth2,0.00,59.82,59.82,60,0,0.00,1.00,1.00,1,0,0.00,0.00,0,0
1544346786,2003-eth1,0.00,0.00,0.00,0,0,0.00,0.00,0.00,0,0,0.00,0.00,0,0
1544346786,3008-eth4,561515.44,496685.94,1058201.38,498176,563200,327.02,350.95,677.97,352,328,0.00,0.00,0,0
1544346786,1004-eth4,59.82,0.00,59.82,0,60,1.00,0.00,1.00,0,1,0.00,0.00,0,0
1544346786,3006-eth1,0.00,0.00,0.00,0,0,0.00,0.00,0.00,0,0,0.00,0.00,0,0
1544346786,1004-eth3,59.82,0.00,59.82,0,60,1.00,0.00,1.00,0,1,0.00,0.00,0,0
1544346786,1002-eth2,59.82,0.00,59.82,0,60,1.00,0.00,1.00,0,1,0.00,0.00,0,0
1544346786,3004-eth3,20063.81,964693.94,984757.75,967588,20124,304.09,333.00,637.09,334,305,0.00,0.00,0,0
1544346786,2003-eth3,0.00,0.00,0.00,0,0,0.00,0.00,0.00,0,0,0.00,0.00,0,0
1544346786,2005-eth1,0.00,0.00,0.00,0,0,0.00,0.00,0.00,0,0,0.00,0.00,0,0
1544346786,3002-eth3,5970.06,190049.91,196019.97,190430,5982,63.87,98.80,162.67,99,64,0.00,0.00,0,0
1544346786,3006-eth3,17918.16,412353.31,430271.47,413178,17954,190.62,204.59,395.21,205,191,0.00,0.00,0,0
1544346786,2001-eth1,0.00,0.00,0.00,0,0,0.00,0.00,0.00,0,0,0.00,0.00,0,0
1544346786,3005-eth2,713055.94,1224527.00,1937582.88,1226976,714482,827.35,686.63,1513.97,688,829,0.00,0.00,0,0
1544346786,2001-eth2,0.00,59.88,59.88,60,0,0.00,1.00,1.00,1,0,0.00,0.00,0,0
1544346786,3007-eth2,595487.06,1210059.88,1805547.00,1212480,596678,592.81,598.80,1191.62,600,594,0.00,0.00,0,0
1544346786,1001-eth1,0.00,0.00,0.00,0,0,0.00,0.00,0.00,0,0,0.00,0.00,0,0
1544346786,3007-eth4,787317.38,317201.59,1104519.00,317836,788892,368.26,361.28,729.54,362,369,0.00,0.00,0,0
1544346786,2003-eth2,0.00,59.88,59.88,60,0,0.00,1.00,1.00,1,0,0.00,0.00,0,0
1544346786,3007-eth3,422862.28,278225.56,701087.81,278782,423708,232.53,230.54,463.07,231,233,0.00,0.00,0,0
1544346786,1002-eth1,59.88,0.00,59.88,0,60,1.00,0.00,1.00,0,1,0.00,0.00,0,0
1544346786,2002-eth3,939509.00,1218696.62,2158205.75,1221134,941388,1031.94,789.42,1821.36,791,1034,0.00,0.00,0,0
1544346786,2007-eth2,0.00,59.88,59.88,60,0,0.00,1.00,1.00,1,0,0.00,0.00,0,0
1544346786,total,26291754.00,27381626.00,53673380.00,27436388,26344336,19702.60,19834.33,39536.93,19874,19742,0.00,0.00,0,0
1544346787,3003-eth3,1218159.88,371332.69,1589492.50,371704,1219378,528.47,519.48,1047.95,520,529,0.00,0.00,0,0
1544346787,2002-eth1,239756.25,6103.90,245860.14,6110,239996,125.87,64.94,190.81,65,126,0.00,0.00,0,0
1544346787,lo,7934.07,7934.07,15868.13,7942,7942,76.92,76.92,153.85,77,77,0.00,0.00,0,0
1544346787,3005-eth3,1229075.00,1222755.25,2451830.25,1223978,1230304,891.11,910.09,1801.20,911,892,0.00,0.00,0,0
1544346787,2005-eth3,0.00,0.00,0.00,0,0,0.00,0.00,0.00,0,0,0.00,0.00,0,0
1544346787,3004-eth4,1224024.00,599376.62,1823400.62,599976,1225248,595.40,599.40,1194.81,600,596,0.00,0.00,0,0
1544346787,1004-eth2,0.00,0.00,0.00,0,0,0.00,0.00,0.00,0,0,0.00,0.00,0,0
1544346787,2004-eth4,243864.14,579794.25,823658.38,580374,244108,297.70,302.70,600.40,303,298,0.00,0.00,0,0
1544346787,1001-eth2,0.00,59.94,59.94,60,0,0.00,1.00,1.00,1,0,0.00,0.00,0,0
1544346787,1003-eth3,251816.19,756643.38,1008459.56,757400,252068,308.69,324.68,633.37,325,309,0.00,0.00,0,0
1544346787,2002-eth4,1224769.25,1232781.25,2457550.50,1234014,1225994,826.17,1056.94,1883.12,1058,827,0.00,0.00,0,0
1544346787,1001-eth4,0.00,0.00,0.00,0,0,0.00,0.00,0.00,0,0,0.00,0.00,0,0
1544346787,3001-eth2,1223440.62,993031.00,2216471.50,994024,1224664,683.32,931.07,1614.39,932,684,0.00,0.00,0,0
1544346787,1004-eth1,0.00,0.00,0.00,0,0,0.00,0.00,0.00,0,0,0.00,0.00,0,0
1544346787,3005-eth4,1186277.75,778889.12,1965166.88,779668,1187464,571.43,645.35,1216.78,646,572,0.00,0.00,0,0
1544346787,1003-eth2,754429.56,362811.19,1117240.75,363174,755184,318.68,302.70,621.38,303,319,0.00,0.00,0,0
1544346787,3008-eth1,0.00,0.00,0.00,0,0,0.00,0.00,0.00,0,0,0.00,0.00,0,0
1544346787,1002-eth3,0.00,0.00,0.00,0,0,0.00,0.00,0.00,0,0,0.00,0.00,0,0
1544346787,2006-eth1,756643.38,251816.19,1008459.56,252068,757400,324.68,308.69,633.37,309,325,0.00,0.00,0,0
1544346787,3003-eth1,0.00,59.94,59.94,60,0,0.00,1.00,1.00,1,0,0.00,0.00,0,0
1544346787,2001-eth3,59.94,0.00,59.94,0,60,1.00,0.00,1.00,0,1,0.00,0.00,0,0
1544346787,2008-eth2,59.94,0.00,59.94,0,60,1.00,0.00,1.00,0,1,0.00,0.00,0,0
1544346787,2008-eth3,1220601.38,613974.06,1834575.50,614588,1221822,609.39,601.40,1210.79,602,610,0.00,0.00,0,0
1544346787,1001-eth3,0.00,0.00,0.00,0,0,0.00,0.00,0.00,0,0,0.00,0.00,0,0
1544346787,2007-eth4,0.00,0.00,0.00,0,0,0.00,0.00,0.00,0,0,0.00,0.00,0,0
1544346787,2004-eth2,0.00,0.00,0.00,0,0,0.00,0.00,0.00,0,0,0.00,0.00,0,0
1544346787,3002-eth1,0.00,0.00,0.00,0,0,0.00,0.00,0.00,0,0,0.00,0.00,0,0
1544346787,3004-eth1,59.94,0.00,59.94,0,60,1.00,0.00,1.00,0,1,0.00,0.00,0,0
1544346787,2006-eth3,1238661.38,797714.31,2036375.62,798512,1239900,817.18,761.24,1578.42,762,818,0.00,0.00,0,0
1544346787,3004-eth2,579794.25,246823.19,826617.38,247070,580374,302.70,298.70,601.40,299,303,0.00,0.00,0,0
1544346787,3001-eth3,18000.00,990293.75,1008293.75,991284,18018,272.73,341.66,614.39,342,273,0.00,0.00,0,0
1544346787,2003-eth4,0.00,59.94,59.94,60,0,0.00,1.00,1.00,1,0,0.00,0.00,0,0
1544346787,2008-eth4,964911.12,1224365.62,2189276.75,1225590,965876,724.28,666.33,1390.61,667,725,0.00,0.00,0,0
1544346787,3008-eth3,285558.44,775614.44,1061172.88,776390,285844,337.66,354.65,692.31,355,338,0.00,0.00,0,0
1544346787,2005-eth2,0.00,0.00,0.00,0,0,0.00,0.00,0.00,0,0,0.00,0.00,0,0
1544346787,2006-eth4,41190.81,1108074.00,1149264.75,1109182,41232,438.56,438.56,877.12,439,439,0.00,0.00,0,0
1544346787,3006-eth2,1108074.00,41190.81,1149264.75,41232,1109182,438.56,438.56,877.12,439,439,0.00,0.00,0,0
1544346787,1003-eth4,350871.12,3950.05,354821.19,3954,351222,121.88,59.94,181.82,60,122,0.00,0.00,0,0
1544346787,2006-eth2,59.94,0.00,59.94,0,60,1.00,0.00,1.00,0,1,0.00,0.00,0,0
1544346787,3001-eth1,0.00,59.94,59.94,60,0,0.00,1.00,1.00,1,0,0.00,0.00,0,0
1544346787,3008-eth2,1224365.62,964911.12,2189276.75,965876,1225590,666.33,724.28,1390.61,725,667,0.00,0.00,0,0
1544346787,2004-eth3,1225734.25,606675.31,1832409.62,607282,1226960,599.40,600.40,1199.80,601,600,0.00,0.00,0,0
1544346787,3001-eth4,975031.00,760129.88,1735160.88,760890,976006,658.34,536.46,1194.81,537,659,0.00,0.00,0,0
1544346787,1003-eth1,6103.90,239756.25,245860.14,239996,6110,64.94,125.87,190.81,126,65,0.00,0.00,0,0
1544346787,3002-eth2,1232781.25,1224769.25,2457550.50,1225994,1234014,1056.94,826.17,1883.12,827,1058,0.00,0.00,0,0
1544346787,2005-eth4,0.00,59.94,59.94,60,0,0.00,1.00,1.00,1,0,0.00,0.00,0,0
1544346787,3003-eth2,606675.31,1225734.25,1832409.62,1226960,607282,600.40,599.40,1199.80,600,601,0.00,0.00,0,0
1544346787,2007-eth1,0.00,0.00,0.00,0,0,0.00,0.00,0.00,0,0,0.00,0.00,0,0
1544346787,1002-eth4,0.00,59.94,59.94,60,0,0.00,1.00,1.00,1,0,0.00,0.00,0,0
1544346787,3002-eth4,1217538.50,786661.38,2004199.88,787448,1218756,749.25,719.28,1468.53,720,750,0.00,0.00,0,0
1544346787,2007-eth3,59.94,0.00,59.94,0,60,1.00,0.00,1.00,0,1,0.00,0.00,0,0
1544346787,3005-eth1,0.00,0.00,0.00,0,0,0.00,0.00,0.00,0,0,0.00,0.00,0,0
1544346787,2001-eth4,0.00,0.00,0.00,0,0,0.00,0.00,0.00,0,0,0.00,0.00,0,0
1544346787,3003-eth4,4615.38,232383.62,236999.00,232616,4620,69.93,79.92,149.85,80,70,0.00,0.00,0,0
1544346787,2004-eth1,362811.19,754429.56,1117240.75,755184,363174,302.70,318.68,621.38,319,303,0.00,0.00,0,0
1544346787,3006-eth4,27984.02,766663.38,794647.38,767430,28012,297.70,306.69,604.40,307,298,0.00,0.00,0,0
1544346787,3007-eth1,0.00,59.94,59.94,60,0,0.00,1.00,1.00,1,0,0.00,0.00,0,0
1544346787,2008-eth1,3950.05,350871.12,354821.19,351222,3954,59.94,121.88,181.82,122,60,0.00,0.00,0,0
1544346787,2002-eth2,0.00,0.00,0.00,0,0,0.00,0.00,0.00,0,0,0.00,0.00,0,0
1544346787,2003-eth1,59.94,0.00,59.94,0,60,1.00,0.00,1.00,0,1,0.00,0.00,0,0
1544346787,3008-eth4,679352.69,577052.94,1256405.62,577630,680032,386.61,414.59,801.20,415,387,0.00,0.00,0,0
1544346787,1004-eth4,0.00,59.94,59.94,60,0,0.00,1.00,1.00,1,0,0.00,0.00,0,0
1544346787,3006-eth1,59.94,0.00,59.94,0,60,1.00,0.00,1.00,0,1,0.00,0.00,0,0
1544346787,1004-eth3,0.00,59.94,59.94,60,0,0.00,1.00,1.00,1,0,0.00,0.00,0,0
1544346787,1002-eth2,0.00,59.94,59.94,60,0,0.00,1.00,1.00,1,0,0.00,0.00,0,0
1544346787,3004-eth3,19648.35,959190.81,978839.19,960150,19668,297.70,330.67,628.37,331,298,0.00,0.00,0,0
1544346787,2003-eth3,59.94,0.00,59.94,0,60,1.00,0.00,1.00,0,1,0.00,0.00,0,0
1544346787,2005-eth1,0.00,0.00,0.00,0,0,0.00,0.00,0.00,0,0,0.00,0.00,0,0
1544346787,3002-eth3,7230.77,144011.98,151242.77,144156,7238,76.92,77.92,154.85,78,77,0.00,0.00,0,0
1544346787,3006-eth3,13146.85,381720.28,394867.16,382102,13160,139.86,150.85,290.71,151,140,0.00,0.00,0,0
1544346787,2001-eth1,0.00,0.00,0.00,0,0,0.00,0.00,0.00,0,0,0.00,0.00,0,0
1544346787,3005-eth2,800861.19,1240173.88,2041035.00,1241414,801662,764.24,818.18,1582.42,819,765,0.00,0.00,0,0
1544346787,2001-eth2,0.00,0.00,0.00,0,0,0.00,0.00,0.00,0,0,0.00,0.00,0,0
1544346787,3007-eth2,613974.06,1220601.38,1834575.50,1221822,614588,601.40,609.39,1210.79,610,602,0.00,0.00,0,0
1544346787,1001-eth1,0.00,0.00,0.00,0,0,0.00,0.00,0.00,0,0,0.00,0.00,0,0
1544346787,3007-eth4,747470.56,285558.44,1033029.00,285844,748218,344.66,337.66,682.32,338,345,0.00,0.00,0,0
1544346787,2003-eth2,59.94,0.00,59.94,0,60,1.00,0.00,1.00,0,1,0.00,0.00,0,0
1544346787,3007-eth3,473070.94,328415.59,801486.56,328744,473544,263.74,263.74,527.47,264,264,0.00,0.00,0,0
1544346787,1002-eth1,0.00,0.00,0.00,0,0,0.00,0.00,0.00,0,0,0.00,0.00,0,0
1544346787,2002-eth3,996056.00,1226399.62,2222455.50,1227626,997052,933.07,684.32,1617.38,685,934,0.00,0.00,0,0
1544346787,2007-eth2,59.94,0.00,59.94,0,60,1.00,0.00,1.00,0,1,0.00,0.00,0,0
1544346787,total,26606854.00,27241978.00,53848832.00,27269220,26633460,18555.45,18660.34,37215.79,18679,18574,0.00,0.00,0,0
1544346788,3003-eth3,1215518.50,172879.12,1388397.62,173052,1216734,466.53,449.55,916.08,450,467,0.00,0.00,0,0
1544346788,2002-eth1,181098.91,9202.80,190301.70,9212,181280,91.91,97.90,189.81,98,92,0.00,0.00,0,0
1544346788,lo,7008.99,7008.99,14017.98,7016,7016,68.93,68.93,137.86,69,69,0.00,0.00,0,0
1544346788,3005-eth3,1235936.12,1222741.25,2458677.50,1223964,1237172,1016.98,1046.95,2063.94,1048,1018,0.00,0.00,0,0
1544346788,2005-eth3,59.94,0.00,59.94,0,60,1.00,0.00,1.00,0,1,0.00,0.00,0,0
1544346788,3004-eth4,1221986.00,736741.25,1958727.38,737478,1223208,630.37,642.36,1272.73,643,631,0.00,0.00,0,0
1544346788,1004-eth2,0.00,59.94,59.94,60,0,0.00,1.00,1.00,1,0,0.00,0.00,0,0
1544346788,2004-eth4,365830.19,716038.00,1081868.12,716754,366196,304.70,328.67,633.37,329,305,0.00,0.00,0,0
1544346788,1001-eth2,0.00,0.00,0.00,0,0,0.00,0.00,0.00,0,0,0.00,0.00,0,0
1544346788,1003-eth3,195274.73,704907.12,900181.81,705612,195470,306.69,337.66,644.36,338,307,0.00,0.00,0,0
1544346788,2002-eth4,1220825.25,1109146.88,2329972.00,1110256,1222046,669.33,945.05,1614.39,946,670,0.00,0.00,0,0
1544346788,1001-eth4,0.00,0.00,0.00,0,0,0.00,0.00,0.00,0,0,0.00,0.00,0,0
1544346788,3001-eth2,1222379.62,928107.94,2150487.50,929036,1223602,592.41,854.15,1446.55,855,593,0.00,0.00,0,0
1544346788,1004-eth1,0.00,59.94,59.94,60,0,0.00,1.00,1.00,1,0,0.00,0.00,0,0
1544346788,3005-eth4,1173324.75,718195.81,1891520.50,718914,1174498,572.43,624.38,1196.80,625,573,0.00,0.00,0,0
1544346788,1003-eth2,704012.00,160807.20,864819.19,160968,704716,365.63,266.73,632.37,267,366,0.00,0.00,0,0
1544346788,3008-eth1,59.94,0.00,59.94,0,60,1.00,0.00,1.00,0,1,0.00,0.00,0,0
1544346788,1002-eth3,0.00,0.00,0.00,0,0,0.00,0.00,0.00,0,0,0.00,0.00,0,0
1544346788,2006-eth1,704907.12,195274.73,900181.81,195470,705612,337.66,306.69,644.36,307,338,0.00,0.00,0,0
1544346788,3003-eth1,0.00,0.00,0.00,0,0,0.00,0.00,0.00,0,0,0.00,0.00,0,0
1544346788,2001-eth3,0.00,59.94,59.94,60,0,0.00,1.00,1.00,1,0,0.00,0.00,0,0
1544346788,2008-eth2,0.00,0.00,0.00,0,0,0.00,0.00,0.00,0,0,0.00,0.00,0,0
1544346788,2008-eth3,1212381.62,527714.31,1740096.00,528242,1213594,572.43,572.43,1144.86,573,573,0.00,0.00,0,0
1544346788,1001-eth3,0.00,0.00,0.00,0,0,0.00,0.00,0.00,0,0,0.00,0.00,0,0
1544346788,2007-eth4,0.00,59.94,59.94,60,0,0.00,1.00,1.00,1,0,0.00,0.00,0,0
1544346788,2004-eth2,59.94,0.00,59.94,0,60,1.00,0.00,1.00,0,1,0.00,0.00,0,0
1544346788,3002-eth1,0.00,59.94,59.94,60,0,0.00,1.00,1.00,1,0,0.00,0.00,0,0
1544346788,3004-eth1,0.00,0.00,0.00,0,0,0.00,0.00,0.00,0,0,0.00,0.00,0,0
1544346788,2006-eth3,1224557.50,756649.38,1981206.88,757406,1225782,669.33,888.11,1557.44,889,670,0.00,0.00,0,0
1544346788,3004-eth2,716038.00,362871.12,1078909.12,363234,716754,328.67,303.70,632.37,304,329,0.00,0.00,0,0
1544346788,3001-eth3,21792.21,689468.56,711260.75,690158,21814,271.73,298.70,570.43,299,272,0.00,0.00,0,0
1544346788,2003-eth4,0.00,0.00,0.00,0,0,0.00,0.00,0.00,0,0,0.00,0.00,0,0
1544346788,2008-eth4,674285.75,1220689.38,1894975.12,1221910,674960,623.38,698.30,1321.68,699,624,0.00,0.00,0,0
1544346788,3008-eth3,310004.00,700591.44,1010595.44,701292,310314,333.67,357.64,691.31,358,334,0.00,0.00,0,0
1544346788,2005-eth2,0.00,0.00,0.00,0,0,0.00,0.00,0.00,0,0,0.00,0.00,0,0
1544346788,2006-eth4,51742.26,1084555.50,1136297.75,1085640,51794,550.45,586.41,1136.86,587,551,0.00,0.00,0,0
1544346788,3006-eth2,1084555.50,51742.26,1136297.75,51794,1085640,586.41,550.45,1136.86,551,587,0.00,0.00,0,0
1544346788,1003-eth4,146571.44,8307.69,154879.12,8316,146718,50.95,125.87,176.82,126,51,0.00,0.00,0,0
1544346788,2006-eth2,0.00,0.00,0.00,0,0,0.00,0.00,0.00,0,0,0.00,0.00,0,0
1544346788,3001-eth1,59.94,0.00,59.94,0,60,1.00,0.00,1.00,0,1,0.00,0.00,0,0
1544346788,3008-eth2,1220689.38,674285.75,1894975.12,674960,1221910,698.30,623.38,1321.68,624,699,0.00,0.00,0,0
1544346788,2004-eth3,1219218.88,523558.47,1742777.25,524082,1220438,566.43,568.43,1134.87,569,567,0.00,0.00,0,0
1544346788,3001-eth4,906375.62,646193.81,1552569.50,646840,907282,583.42,607.39,1190.81,608,584,0.00,0.00,0,0
1544346788,1003-eth1,9202.80,181098.91,190301.70,181280,9212,97.90,91.91,189.81,92,98,0.00,0.00,0,0
1544346788,3002-eth2,1109146.88,1220825.25,2329972.00,1222046,1110256,945.05,669.33,1614.39,670,946,0.00,0.00,0,0
1544346788,2005-eth4,59.94,0.00,59.94,0,60,1.00,0.00,1.00,0,1,0.00,0.00,0,0
1544346788,3003-eth2,523558.47,1219218.88,1742777.25,1220438,524082,568.43,566.43,1134.87,567,569,0.00,0.00,0,0
1544346788,2007-eth1,0.00,0.00,0.00,0,0,0.00,0.00,0.00,0,0,0.00,0.00,0,0
1544346788,1002-eth4,0.00,0.00,0.00,0,0,0.00,0.00,0.00,0,0,0.00,0.00,0,0
1544346788,3002-eth4,1210885.12,716046.00,1926931.12,716762,1212096,593.41,664.34,1257.74,665,594,0.00,0.00,0,0
1544346788,2007-eth3,0.00,0.00,0.00,0,0,0.00,0.00,0.00,0,0,0.00,0.00,0,0
1544346788,3005-eth1,0.00,59.94,59.94,60,0,0.00,1.00,1.00,1,0,0.00,0.00,0,0
1544346788,2001-eth4,59.94,0.00,59.94,0,60,1.00,0.00,1.00,0,1,0.00,0.00,0,0
1544346788,3003-eth4,6659.34,350811.19,357470.53,351162,6666,100.90,120.88,221.78,121,101,0.00,0.00,0,0
1544346788,2004-eth1,160807.20,704012.00,864819.19,704716,160968,266.73,365.63,632.37,366,267,0.00,0.00,0,0
1544346788,3006-eth4,20061.94,395608.41,415670.34,396004,20082,213.79,229.77,443.56,230,214,0.00,0.00,0,0
1544346788,3007-eth1,0.00,0.00,0.00,0,0,0.00,0.00,0.00,0,0,0.00,0.00,0,0
1544346788,2008-eth1,8307.69,146571.44,154879.12,146718,8316,125.87,50.95,176.82,51,126,0.00,0.00,0,0
1544346788,2002-eth2,59.94,0.00,59.94,0,60,1.00,0.00,1.00,0,1,0.00,0.00,0,0
1544346788,2003-eth1,0.00,0.00,0.00,0,0,0.00,0.00,0.00,0,0,0.00,0.00,0,0
1544346788,3008-eth4,364341.66,593146.88,957488.56,593740,364706,290.71,329.67,620.38,330,291,0.00,0.00,0,0
1544346788,1004-eth4,0.00,0.00,0.00,0,0,0.00,0.00,0.00,0,0,0.00,0.00,0,0
1544346788,3006-eth1,0.00,59.88,59.88,60,0,0.00,1.00,1.00,1,0,0.00,0.00,0,0
1544346788,1004-eth3,0.00,0.00,0.00,0,0,0.00,0.00,0.00,0,0,0.00,0.00,0,0
1544346788,1002-eth2,0.00,0.00,0.00,0,0,0.00,0.00,0.00,0,0,0.00,0.00,0,0
1544346788,3004-eth3,20703.30,1036191.81,1056895.12,1037228,20724,313.69,357.64,671.33,358,314,0.00,0.00,0,0
1544346788,2003-eth3,0.00,0.00,0.00,0,0,0.00,0.00,0.00,0,0,0.00,0.00,0,0
1544346788,2005-eth1,0.00,0.00,0.00,0,0,0.00,0.00,0.00,0,0,0.00,0.00,0,0
1544346788,3002-eth3,6855.15,149468.53,156323.69,149618,6862,72.93,72.93,145.85,73,73,0.00,0.00,0,0
1544346788,3006-eth3,31800.20,648577.44,680377.62,649226,31832,338.66,336.66,675.32,337,339,0.00,0.00,0,0
1544346788,2001-eth1,0.00,0.00,0.00,0,0,0.00,0.00,0.00,0,0,0.00,0.00,0,0
1544346788,3005-eth2,753502.50,1223045.00,1976547.50,1224268,754256,885.11,668.33,1553.45,669,886,0.00,0.00,0,0
1544346788,2001-eth2,59.94,0.00,59.94,0,60,1.00,0.00,1.00,0,1,0.00,0.00,0,0
1544346788,3007-eth2,527714.31,1212381.62,1740096.00,1213594,528242,572.43,572.43,1144.86,573,573,0.00,0.00,0,0
1544346788,1001-eth1,0.00,0.00,0.00,0,0,0.00,0.00,0.00,0,0,0.00,0.00,0,0
1544346788,3007-eth4,700521.50,309944.06,1010465.56,310254,701222,334.67,332.67,667.33,333,335,0.00,0.00,0,0
1544346788,2003-eth2,0.00,0.00,0.00,0,0,0.00,0.00,0.00,0,0,0.00,0.00,0,0
1544346788,3007-eth3,511860.16,217770.23,729630.38,217988,512372,237.76,239.76,477.52,240,238,0.00,0.00,0,0
1544346788,1002-eth1,0.00,59.94,59.94,60,0,0.00,1.00,1.00,1,0,0.00,0.00,0,0
1544346788,2002-eth3,925082.94,1219420.62,2144503.50,1220640,926008,852.15,591.41,1443.56,592,853,0.00,0.00,0,0
1544346788,2007-eth2,0.00,0.00,0.00,0,0,0.00,0.00,0.00,0,0,0.00,0.00,0,0
1544346788,total,25127804.00,25472296.00,50600100.00,25497768,25152932,18076.92,18418.58,36495.51,18437,18095,0.00,0.00,0,0
