1544348620,3003-eth3,0.00,0.00,0.00,0,0,0.00,0.00,0.00,0,0,0.00,0.00,0,0
1544348620,2002-eth1,0.00,0.00,0.00,0,0,0.00,0.00,0.00,0,0,0.00,0.00,0,0
1544348620,lo,0.00,0.00,0.00,0,0,0.00,0.00,0.00,0,0,0.00,0.00,0,0
1544348620,3005-eth3,0.00,0.00,0.00,0,0,0.00,0.00,0.00,0,0,0.00,0.00,0,0
1544348620,2005-eth3,0.00,0.00,0.00,0,0,0.00,0.00,0.00,0,0,0.00,0.00,0,0
1544348620,3004-eth4,0.00,0.00,0.00,0,0,0.00,0.00,0.00,0,0,0.00,0.00,0,0
1544348620,1004-eth2,0.00,0.00,0.00,0,0,0.00,0.00,0.00,0,0,0.00,0.00,0,0
1544348620,2004-eth4,0.00,0.00,0.00,0,0,0.00,0.00,0.00,0,0,0.00,0.00,0,0
1544348620,1001-eth2,0.00,0.00,0.00,0,0,0.00,0.00,0.00,0,0,0.00,0.00,0,0
1544348620,1003-eth3,0.00,0.00,0.00,0,0,0.00,0.00,0.00,0,0,0.00,0.00,0,0
1544348620,2002-eth4,0.00,0.00,0.00,0,0,0.00,0.00,0.00,0,0,0.00,0.00,0,0
1544348620,1001-eth4,0.00,0.00,0.00,0,0,0.00,0.00,0.00,0,0,0.00,0.00,0,0
1544348620,3001-eth2,0.00,0.00,0.00,0,0,0.00,0.00,0.00,0,0,0.00,0.00,0,0
1544348620,1004-eth1,0.00,0.00,0.00,0,0,0.00,0.00,0.00,0,0,0.00,0.00,0,0
1544348620,3005-eth4,0.00,0.00,0.00,0,0,0.00,0.00,0.00,0,0,0.00,0.00,0,0
1544348620,1003-eth2,0.00,0.00,0.00,0,0,0.00,0.00,0.00,0,0,0.00,0.00,0,0
1544348620,3008-eth1,0.00,0.00,0.00,0,0,0.00,0.00,0.00,0,0,0.00,0.00,0,0
1544348620,1002-eth3,0.00,0.00,0.00,0,0,0.00,0.00,0.00,0,0,0.00,0.00,0,0
1544348620,2006-eth1,0.00,0.00,0.00,0,0,0.00,0.00,0.00,0,0,0.00,0.00,0,0
1544348620,3003-eth1,0.00,0.00,0.00,0,0,0.00,0.00,0.00,0,0,0.00,0.00,0,0
1544348620,2001-eth3,0.00,0.00,0.00,0,0,0.00,0.00,0.00,0,0,0.00,0.00,0,0
1544348620,2008-eth2,0.00,0.00,0.00,0,0,0.00,0.00,0.00,0,0,0.00,0.00,0,0
1544348620,2008-eth3,0.00,0.00,0.00,0,0,0.00,0.00,0.00,0,0,0.00,0.00,0,0
1544348620,1001-eth3,0.00,0.00,0.00,0,0,0.00,0.00,0.00,0,0,0.00,0.00,0,0
1544348620,2007-eth4,0.00,0.00,0.00,0,0,0.00,0.00,0.00,0,0,0.00,0.00,0,0
1544348620,2004-eth2,0.00,0.00,0.00,0,0,0.00,0.00,0.00,0,0,0.00,0.00,0,0
1544348620,3002-eth1,0.00,0.00,0.00,0,0,0.00,0.00,0.00,0,0,0.00,0.00,0,0
1544348620,3004-eth1,0.00,0.00,0.00,0,0,0.00,0.00,0.00,0,0,0.00,0.00,0,0
1544348620,2006-eth3,0.00,0.00,0.00,0,0,0.00,0.00,0.00,0,0,0.00,0.00,0,0
1544348620,3004-eth2,0.00,0.00,0.00,0,0,0.00,0.00,0.00,0,0,0.00,0.00,0,0
1544348620,3001-eth3,0.00,0.00,0.00,0,0,0.00,0.00,0.00,0,0,0.00,0.00,0,0
1544348620,2003-eth4,0.00,0.00,0.00,0,0,0.00,0.00,0.00,0,0,0.00,0.00,0,0
1544348620,2008-eth4,0.00,0.00,0.00,0,0,0.00,0.00,0.00,0,0,0.00,0.00,0,0
1544348620,3008-eth3,0.00,0.00,0.00,0,0,0.00,0.00,0.00,0,0,0.00,0.00,0,0
1544348620,2005-eth2,0.00,0.00,0.00,0,0,0.00,0.00,0.00,0,0,0.00,0.00,0,0
1544348620,2006-eth4,0.00,0.00,0.00,0,0,0.00,0.00,0.00,0,0,0.00,0.00,0,0
1544348620,3006-eth2,0.00,0.00,0.00,0,0,0.00,0.00,0.00,0,0,0.00,0.00,0,0
1544348620,1003-eth4,0.00,0.00,0.00,0,0,0.00,0.00,0.00,0,0,0.00,0.00,0,0
1544348620,2006-eth2,0.00,0.00,0.00,0,0,0.00,0.00,0.00,0,0,0.00,0.00,0,0
1544348620,3001-eth1,0.00,0.00,0.00,0,0,0.00,0.00,0.00,0,0,0.00,0.00,0,0
1544348620,3008-eth2,0.00,0.00,0.00,0,0,0.00,0.00,0.00,0,0,0.00,0.00,0,0
1544348620,2004-eth3,0.00,0.00,0.00,0,0,0.00,0.00,0.00,0,0,0.00,0.00,0,0
1544348620,3001-eth4,0.00,0.00,0.00,0,0,0.00,0.00,0.00,0,0,0.00,0.00,0,0
1544348620,1003-eth1,0.00,0.00,0.00,0,0,0.00,0.00,0.00,0,0,0.00,0.00,0,0
1544348620,3002-eth2,0.00,0.00,0.00,0,0,0.00,0.00,0.00,0,0,0.00,0.00,0,0
1544348620,2005-eth4,0.00,0.00,0.00,0,0,0.00,0.00,0.00,0,0,0.00,0.00,0,0
1544348620,3003-eth2,0.00,0.00,0.00,0,0,0.00,0.00,0.00,0,0,0.00,0.00,0,0
1544348620,2007-eth1,0.00,0.00,0.00,0,0,0.00,0.00,0.00,0,0,0.00,0.00,0,0
1544348620,1002-eth4,0.00,0.00,0.00,0,0,0.00,0.00,0.00,0,0,0.00,0.00,0,0
1544348620,3002-eth4,0.00,0.00,0.00,0,0,0.00,0.00,0.00,0,0,0.00,0.00,0,0
1544348620,2007-eth3,0.00,0.00,0.00,0,0,0.00,0.00,0.00,0,0,0.00,0.00,0,0
1544348620,3005-eth1,0.00,0.00,0.00,0,0,0.00,0.00,0.00,0,0,0.00,0.00,0,0
1544348620,2001-eth4,0.00,0.00,0.00,0,0,0.00,0.00,0.00,0,0,0.00,0.00,0,0
1544348620,3003-eth4,0.00,0.00,0.00,0,0,0.00,0.00,0.00,0,0,0.00,0.00,0,0
1544348620,2004-eth1,0.00,0.00,0.00,0,0,0.00,0.00,0.00,0,0,0.00,0.00,0,0
1544348620,3006-eth4,0.00,0.00,0.00,0,0,0.00,0.00,0.00,0,0,0.00,0.00,0,0
1544348620,3007-eth1,0.00,0.00,0.00,0,0,0.00,0.00,0.00,0,0,0.00,0.00,0,0
1544348620,2008-eth1,0.00,0.00,0.00,0,0,0.00,0.00,0.00,0,0,0.00,0.00,0,0
1544348620,2002-eth2,0.00,0.00,0.00,0,0,0.00,0.00,0.00,0,0,0.00,0.00,0,0
1544348620,2003-eth1,0.00,0.00,0.00,0,0,0.00,0.00,0.00,0,0,0.00,0.00,0,0
1544348620,3008-eth4,0.00,0.00,0.00,0,0,0.00,0.00,0.00,0,0,0.00,0.00,0,0
1544348620,1004-eth4,0.00,0.00,0.00,0,0,0.00,0.00,0.00,0,0,0.00,0.00,0,0
1544348620,3006-eth1,0.00,0.00,0.00,0,0,0.00,0.00,0.00,0,0,0.00,0.00,0,0
1544348620,1004-eth3,0.00,0.00,0.00,0,0,0.00,0.00,0.00,0,0,0.00,0.00,0,0
1544348620,1002-eth2,0.00,0.00,0.00,0,0,0.00,0.00,0.00,0,0,0.00,0.00,0,0
1544348620,3004-eth3,0.00,0.00,0.00,0,0,0.00,0.00,0.00,0,0,0.00,0.00,0,0
1544348620,2003-eth3,0.00,0.00,0.00,0,0,0.00,0.00,0.00,0,0,0.00,0.00,0,0
1544348620,2005-eth1,0.00,0.00,0.00,0,0,0.00,0.00,0.00,0,0,0.00,0.00,0,0
1544348620,3002-eth3,0.00,0.00,0.00,0,0,0.00,0.00,0.00,0,0,0.00,0.00,0,0
1544348620,3006-eth3,0.00,0.00,0.00,0,0,0.00,0.00,0.00,0,0,0.00,0.00,0,0
1544348620,2001-eth1,0.00,0.00,0.00,0,0,0.00,0.00,0.00,0,0,0.00,0.00,0,0
1544348620,3005-eth2,0.00,0.00,0.00,0,0,0.00,0.00,0.00,0,0,0.00,0.00,0,0
1544348620,2001-eth2,0.00,0.00,0.00,0,0,0.00,0.00,0.00,0,0,0.00,0.00,0,0
1544348620,3007-eth2,0.00,0.00,0.00,0,0,0.00,0.00,0.00,0,0,0.00,0.00,0,0
1544348620,1001-eth1,0.00,0.00,0.00,0,0,0.00,0.00,0.00,0,0,0.00,0.00,0,0
1544348620,3007-eth4,0.00,0.00,0.00,0,0,0.00,0.00,0.00,0,0,0.00,0.00,0,0
1544348620,2003-eth2,0.00,0.00,0.00,0,0,0.00,0.00,0.00,0,0,0.00,0.00,0,0
1544348620,3007-eth3,0.00,0.00,0.00,0,0,0.00,0.00,0.00,0,0,0.00,0.00,0,0
1544348620,1002-eth1,0.00,0.00,0.00,0,0,0.00,0.00,0.00,0,0,0.00,0.00,0,0
1544348620,2002-eth3,0.00,0.00,0.00,0,0,0.00,0.00,0.00,0,0,0.00,0.00,0,0
1544348620,2007-eth2,0.00,0.00,0.00,0,0,0.00,0.00,0.00,0,0,0.00,0.00,0,0
1544348620,total,0.00,0.00,0.00,0,0,0.00,0.00,0.00,0,0,0.00,0.00,0,0
1544348621,3003-eth3,1229226.75,1216072.00,2445298.75,1217288,1230456,1003.00,1024.98,2027.97,1026,1004,0.00,0.00,0,0
1544348621,2002-eth1,246065.94,0.00,246065.94,0,246312,111.89,0.00,111.89,0,112,0.00,0.00,0,0
1544348621,lo,127832.17,127832.17,255664.34,127960,127960,1069.93,1069.93,2139.86,1071,1071,0.00,0.00,0,0
1544348621,3005-eth3,1220159.88,963668.38,2183828.25,964632,1221380,712.29,727.27,1439.56,728,713,0.00,0.00,0,0
1544348621,2005-eth3,717624.38,977726.31,1695350.75,978704,718342,374.63,778.22,1152.85,779,375,0.00,0.00,0,0
1544348621,3004-eth4,1219780.25,532327.69,1752108.00,532860,1221000,745.25,701.30,1446.55,702,746,0.00,0.00,0,0
1544348621,1004-eth2,505030.97,537614.38,1042645.38,538152,505536,287.71,755.24,1042.96,756,288,0.00,0.00,0,0
1544348621,2004-eth4,1187168.88,538789.25,1725958.12,539328,1188356,409.59,767.23,1176.82,768,410,0.00,0.00,0,0
1544348621,1001-eth2,520393.62,717624.38,1238018.00,718342,520914,520.48,374.63,895.10,375,521,0.00,0.00,0,0
1544348621,1003-eth3,1219700.38,1187168.88,2406869.25,1188356,1220920,683.32,409.59,1092.91,410,684,0.00,0.00,0,0
1544348621,2002-eth4,12583.42,248219.78,260803.20,248468,12596,133.87,133.87,267.73,134,134,0.00,0.00,0,0
1544348621,1001-eth4,36999.00,13978.02,50977.02,13992,37036,549.45,211.79,761.24,212,550,0.00,0.00,0,0
1544348621,3001-eth2,506401.62,979.02,507380.62,980,506908,301.70,9.99,311.69,10,302,0.00,0.00,0,0
1544348621,1004-eth1,13562.44,508163.84,521726.28,508672,13576,143.86,319.68,463.54,320,144,0.00,0.00,0,0
1544348621,3005-eth4,1226038.00,1061266.75,2287304.75,1062328,1227264,823.18,935.06,1758.24,936,824,0.00,0.00,0,0
1544348621,1003-eth2,1187168.88,657236.75,1844405.62,657894,1188356,409.59,226.77,636.36,227,410,0.00,0.00,0,0
1544348621,3008-eth1,11650.35,51648.35,63298.70,51700,11662,118.88,701.30,820.18,702,119,0.00,0.00,0,0
1544348621,1002-eth3,5934.07,52383.62,58317.68,52436,5940,60.94,573.43,634.37,574,61,0.00,0.00,0,0
1544348621,2006-eth1,1187168.88,1219700.38,2406869.25,1220920,1188356,409.59,683.32,1092.91,684,410,0.00,0.00,0,0
1544348621,3003-eth1,59472.53,520393.62,579866.12,520914,59532,635.36,520.48,1155.84,521,636,0.00,0.00,0,0
1544348621,2001-eth3,35656.34,5640.36,41296.70,5646,35692,375.62,57.94,433.57,58,376,0.00,0.00,0,0
1544348621,2008-eth2,0.00,4013.99,4013.99,4018,0,0.00,40.96,40.96,41,0,0.00,0.00,0,0
1544348621,2008-eth3,687096.94,1190127.88,1877224.88,1191318,687784,659.34,410.59,1069.93,411,660,0.00,0.00,0,0
1544348621,1001-eth3,717624.38,541162.88,1258787.25,541704,718342,374.63,835.16,1209.79,836,375,0.00,0.00,0,0
1544348621,2007-eth4,51648.35,11650.35,63298.70,11662,51700,701.30,118.88,820.18,119,702,0.00,0.00,0,0
1544348621,2004-eth2,537548.44,505030.97,1042579.44,505536,538086,754.25,287.71,1041.96,288,755,0.00,0.00,0,0
1544348621,3002-eth1,6951.05,7538.46,14489.51,7546,6958,70.93,76.92,147.85,77,71,0.00,0.00,0,0
1544348621,3004-eth1,717624.38,75354.65,792979.06,75430,718342,374.63,822.18,1196.80,823,375,0.00,0.00,0,0
1544348621,2006-eth3,1219832.25,29654.35,1249486.50,29684,1221052,685.31,392.61,1077.92,393,686,0.00,0.00,0,0
1544348621,3004-eth2,538723.31,1187168.88,1725892.12,1188356,539262,766.23,409.59,1175.82,410,767,0.00,0.00,0,0
1544348621,3001-eth3,1213226.75,530881.12,1744108.00,531412,1214440,717.28,679.32,1396.60,680,718,0.00,0.00,0,0
1544348621,2003-eth4,75354.65,717624.38,792979.06,718342,75430,822.18,374.63,1196.80,375,823,0.00,0.00,0,0
1544348621,2008-eth4,1190127.88,1120941.12,2311069.00,1122062,1191318,410.59,1049.95,1460.54,1051,411,0.00,0.00,0,0
1544348621,3008-eth3,16901.10,158723.28,175624.38,158882,16918,174.83,180.82,355.64,181,175,0.00,0.00,0,0
1544348621,2005-eth2,52383.62,5934.07,58317.68,5940,52436,573.43,60.94,634.37,61,574,0.00,0.00,0,0
1544348621,2006-eth4,552699.31,1187168.88,1739868.12,1188356,553252,993.01,409.59,1402.60,410,994,0.00,0.00,0,0
1544348621,3006-eth2,1187168.88,552699.31,1739868.12,553252,1188356,409.59,993.01,1402.60,994,410,0.00,0.00,0,0
1544348621,1003-eth4,657236.75,1095094.88,1752331.75,1096190,657894,226.77,658.34,885.11,659,227,0.00,0.00,0,0
1544348621,2006-eth2,12583.42,535688.31,548271.75,536224,12596,133.87,735.26,869.13,736,134,0.00,0.00,0,0
1544348621,3001-eth1,5640.36,35656.34,41296.70,35692,5646,57.94,375.62,433.57,376,58,0.00,0.00,0,0
1544348621,3008-eth2,1120941.12,1190127.88,2311069.00,1191318,1122062,1049.95,410.59,1460.54,411,1051,0.00,0.00,0,0
1544348621,2004-eth3,506010.00,657236.75,1163246.75,657894,506516,297.70,226.77,524.48,227,298,0.00,0.00,0,0
1544348621,3001-eth4,35462.54,1218357.62,1253820.25,1219576,35498,491.51,523.48,1014.99,524,492,0.00,0.00,0,0
1544348621,1003-eth1,0.00,246065.94,246065.94,246312,0,0.00,111.89,111.89,112,0,0.00,0.00,0,0
1544348621,3002-eth2,248219.78,12583.42,260803.20,12596,248468,133.87,133.87,267.73,134,134,0.00,0.00,0,0
1544348621,2005-eth4,942905.12,552421.56,1495326.75,552974,943848,383.62,950.05,1333.67,951,384,0.00,0.00,0,0
1544348621,3003-eth2,657236.75,506010.00,1163246.75,506516,657894,226.77,297.70,524.48,298,227,0.00,0.00,0,0
1544348621,2007-eth1,13978.02,36999.00,50977.02,37036,13992,211.79,549.45,761.24,550,212,0.00,0.00,0,0
1544348621,1002-eth4,18663.34,21342.66,40006.00,21364,18682,192.81,217.78,410.59,218,193,0.00,0.00,0,0
1544348621,3002-eth4,1212481.50,272241.78,1484723.38,272514,1213694,526.47,508.49,1034.97,509,527,0.00,0.00,0,0
1544348621,2007-eth3,9006.99,28467.53,37474.53,28496,9016,91.91,359.64,451.55,360,92,0.00,0.00,0,0
1544348621,3005-eth1,977726.31,717624.38,1695350.75,718342,978704,778.22,374.63,1152.85,375,779,0.00,0.00,0,0
1544348621,2001-eth4,7538.46,6951.05,14489.51,6958,7546,76.92,70.93,147.85,71,77,0.00,0.00,0,0
1544348621,3003-eth4,1171556.50,682357.69,1853914.12,683040,1172728,611.39,607.39,1218.78,608,612,0.00,0.00,0,0
1544348621,2004-eth1,657236.75,1184209.88,1841446.62,1185394,657894,226.77,408.59,635.36,409,227,0.00,0.00,0,0
1544348621,3006-eth4,1212347.62,1210253.75,2422601.50,1211464,1213560,747.25,803.20,1550.45,804,748,0.00,0.00,0,0
1544348621,3007-eth1,28467.53,9006.99,37474.53,9016,28496,359.64,91.91,451.55,92,360,0.00,0.00,0,0
1544348621,2008-eth1,1095094.88,657236.75,1752331.75,657894,1096190,658.34,226.77,885.11,227,659,0.00,0.00,0,0
1544348621,2002-eth2,508163.84,13562.44,521726.28,13576,508672,319.68,143.86,463.54,144,320,0.00,0.00,0,0
1544348621,2003-eth1,717624.38,520393.62,1238018.00,520914,718342,374.63,520.48,895.10,521,375,0.00,0.00,0,0
1544348621,3008-eth4,1204179.88,955380.62,2159560.50,956336,1205384,667.33,711.29,1378.62,712,668,0.00,0.00,0,0
1544348621,1004-eth4,4013.99,0.00,4013.99,0,4018,40.96,0.00,40.96,0,41,0.00,0.00,0,0
1544348621,3006-eth1,552421.56,942905.12,1495326.75,943848,552974,950.05,383.62,1333.67,384,951,0.00,0.00,0,0
1544348621,1004-eth3,535688.31,12583.42,548271.75,12596,536224,735.26,133.87,869.13,134,736,0.00,0.00,0,0
1544348621,1002-eth2,44000.00,28117.88,72117.88,28146,44044,485.51,298.70,784.22,299,486,0.00,0.00,0,0
1544348621,3004-eth3,44125.88,728099.94,772225.81,728828,44170,488.51,481.52,970.03,482,489,0.00,0.00,0,0
1544348621,2003-eth3,520393.62,59472.53,579866.12,59532,520914,520.48,635.36,1155.84,636,521,0.00,0.00,0,0
1544348621,2005-eth1,541162.88,717624.38,1258787.25,718342,541704,835.16,374.63,1209.79,375,836,0.00,0.00,0,0
1544348621,3002-eth3,33798.20,1216301.75,1250099.88,1217518,33832,475.52,502.50,978.02,503,476,0.00,0.00,0,0
1544348621,3006-eth3,17668.33,388353.66,406022.00,388742,17686,222.78,226.77,449.55,227,223,0.00,0.00,0,0
1544348621,2001-eth1,2251.75,0.00,2251.75,0,2254,22.98,0.00,22.98,0,23,0.00,0.00,0,0
1544348621,3005-eth2,29654.35,1218253.75,1247908.12,1219472,29684,392.61,683.32,1075.92,684,393,0.00,0.00,0,0
1544348621,2001-eth2,8615.38,41922.08,50537.46,41964,8624,87.91,439.56,527.47,440,88,0.00,0.00,0,0
1544348621,3007-eth2,1187168.88,687031.00,1874199.88,687718,1188356,409.59,658.34,1067.93,659,410,0.00,0.00,0,0
1544348621,1001-eth1,0.00,2251.75,2251.75,2254,0,0.00,22.98,22.98,23,0,0.00,0.00,0,0
1544348621,3007-eth4,23486.51,572663.38,596149.88,573236,23510,298.70,297.70,596.40,298,299,0.00,0.00,0,0
1544348621,2003-eth2,28117.88,43812.19,71930.07,43856,28146,298.70,483.52,782.22,484,299,0.00,0.00,0,0
1544348621,3007-eth3,1210575.50,1216040.00,2426615.50,1217256,1211786,764.24,803.20,1567.43,804,765,0.00,0.00,0,0
1544348621,1002-eth1,41922.08,8615.38,50537.46,8624,41964,439.56,87.91,527.47,88,440,0.00,0.00,0,0
1544348621,2002-eth3,979.02,506401.62,507380.62,506908,980,9.99,301.70,311.69,302,10,0.00,0.00,0,0
1544348621,2007-eth2,21342.66,18569.43,39912.09,18588,21364,217.78,191.81,409.59,192,218,0.00,0.00,0,0
1544348621,total,39108220.00,39738400.00,78846616.00,39778136,39147326,34909.09,35149.85,70058.94,35185,34944,0.00,0.00,0,0
1544348622,3003-eth3,1239970.12,1221878.12,2461848.25,1223100,1241210,1143.86,949.05,2092.91,950,1145,0.00,0.00,0,0
1544348622,2002-eth1,183722.28,59.94,183782.22,60,183906,87.91,1.00,88.91,1,88,0.00,0.00,0,0
1544348622,lo,159218.78,159218.78,318437.56,159378,159378,1198.80,1198.80,2397.60,1200,1200,0.00,0.00,0,0
1544348622,3005-eth3,1221980.00,497520.50,1719500.50,498018,1223202,564.44,568.43,1132.87,569,565,0.00,0.00,0,0
1544348622,2005-eth3,820275.75,518201.81,1338477.50,518720,821096,439.56,667.33,1106.89,668,440,0.00,0.00,0,0
1544348622,3004-eth4,1222707.38,621152.88,1843860.25,621774,1223930,678.32,666.33,1344.66,667,679,0.00,0.00,0,0
1544348622,1004-eth2,614109.94,634271.75,1248381.62,634906,614724,296.70,800.20,1096.90,801,297,0.00,0.00,0,0
1544348622,2004-eth4,1197884.12,636523.50,1834407.62,637160,1199082,396.60,823.18,1219.78,824,397,0.00,0.00,0,0
1544348622,1001-eth2,609152.88,820275.75,1429428.62,821096,609762,484.52,439.56,924.08,440,485,0.00,0.00,0,0
1544348622,1003-eth3,1224249.75,1197884.12,2422134.00,1199082,1225474,752.25,396.60,1148.85,397,753,0.00,0.00,0,0
1544348622,2002-eth4,11808.19,187382.62,199190.81,187570,11820,123.88,124.88,248.75,125,124,0.00,0.00,0,0
1544348622,1001-eth4,31658.34,13252.75,44911.09,13266,31690,468.53,200.80,669.33,201,469,0.00,0.00,0,0
1544348622,3001-eth2,616987.00,2153.85,619140.88,2156,617604,325.67,21.98,347.65,22,326,0.00,0.00,0,0
1544348622,1004-eth1,13962.04,621158.88,635120.88,621780,13976,145.85,368.63,514.49,369,146,0.00,0.00,0,0
1544348622,3005-eth4,1232399.62,813220.81,2045620.38,814034,1233632,766.23,850.15,1616.38,851,767,0.00,0.00,0,0
1544348622,1003-eth2,1197884.12,617256.75,1815140.88,617874,1199082,396.60,212.79,609.39,213,397,0.00,0.00,0,0
1544348622,3008-eth1,11748.25,48029.97,59778.22,48078,11760,119.88,638.36,758.24,639,120,0.00,0.00,0,0
1544348622,1002-eth3,4993.01,61908.09,66901.10,61970,4998,50.95,652.35,703.30,653,51,0.00,0.00,0,0
1544348622,2006-eth1,1197884.12,1224249.75,2422134.00,1225474,1199082,396.60,752.25,1148.85,753,397,0.00,0.00,0,0
1544348622,3003-eth1,47938.06,609152.88,657090.94,609762,47986,572.43,484.52,1056.94,485,573,0.00,0.00,0,0
1544348622,2001-eth3,35890.11,12139.86,48029.97,12152,35926,406.59,123.88,530.47,124,407,0.00,0.00,0,0
1544348622,2008-eth2,0.00,3584.42,3584.42,3588,0,0.00,36.96,36.96,37,0,0.00,0.00,0,0
1544348622,2008-eth3,646891.12,1199005.00,1845896.12,1200204,647538,644.36,413.59,1057.94,414,645,0.00,0.00,0,0
1544348622,1001-eth3,820275.75,625306.69,1445582.50,625932,821096,439.56,729.27,1168.83,730,440,0.00,0.00,0,0
1544348622,2007-eth4,48029.97,11748.25,59778.22,11760,48078,638.36,119.88,758.24,120,639,0.00,0.00,0,0
1544348622,2004-eth2,634271.75,614109.94,1248381.62,614724,634906,800.20,296.70,1096.90,297,801,0.00,0.00,0,0
1544348622,3002-eth1,12335.67,13118.88,25454.55,13132,12348,125.87,133.87,259.74,134,126,0.00,0.00,0,0
1544348622,3004-eth1,820275.75,80101.90,900377.62,80182,821096,439.56,878.12,1317.68,879,440,0.00,0.00,0,0
1544348622,2006-eth3,1228655.38,20651.35,1249306.75,20672,1229884,753.25,277.72,1030.97,278,754,0.00,0.00,0,0
1544348622,3004-eth2,636523.50,1197884.12,1834407.62,1199082,637160,823.18,396.60,1219.78,397,824,0.00,0.00,0,0
1544348622,3001-eth3,1222659.38,640159.88,1862819.25,640800,1223882,705.29,691.31,1396.60,692,706,0.00,0.00,0,0
1544348622,2003-eth4,80101.90,820275.75,900377.62,821096,80182,878.12,439.56,1317.68,440,879,0.00,0.00,0,0
1544348622,2008-eth4,1199005.00,952271.75,2151276.75,953224,1200204,413.59,971.03,1384.62,972,414,0.00,0.00,0,0
1544348622,3008-eth3,18665.34,141202.80,159868.14,141344,18684,193.81,159.84,353.65,160,194,0.00,0.00,0,0
1544348622,2005-eth2,61908.09,4993.01,66901.10,4998,61970,652.35,50.95,703.30,51,653,0.00,0.00,0,0
1544348622,2006-eth4,644485.56,1197884.12,1842369.62,1199082,645130,968.03,396.60,1364.64,397,969,0.00,0.00,0,0
1544348622,3006-eth2,1197884.12,644485.56,1842369.62,645130,1199082,396.60,968.03,1364.64,969,397,0.00,0.00,0,0
1544348622,1003-eth4,617316.69,926095.94,1543412.62,927022,617934,213.79,574.43,788.21,575,214,0.00,0.00,0,0
1544348622,2006-eth2,7794.21,631688.31,639482.56,632320,7802,82.92,774.23,857.14,775,83,0.00,0.00,0,0
1544348622,3001-eth1,12139.86,35890.11,48029.97,35926,12152,123.88,406.59,530.47,407,124,0.00,0.00,0,0
1544348622,3008-eth2,952271.75,1199005.00,2151276.75,1200204,953224,971.03,413.59,1384.62,414,972,0.00,0.00,0,0
1544348622,2004-eth3,616889.12,617256.75,1234145.88,617874,617506,324.68,212.79,537.46,213,325,0.00,0.00,0,0
1544348622,3001-eth4,41774.23,1220315.75,1262090.00,1221536,41816,555.44,543.46,1098.90,544,556,0.00,0.00,0,0
1544348622,1003-eth1,59.94,183722.28,183782.22,183906,60,1.00,87.91,88.91,88,1,0.00,0.00,0,0
1544348622,3002-eth2,187382.62,11808.19,199190.81,11820,187570,124.88,123.88,248.75,124,125,0.00,0.00,0,0
1544348622,2005-eth4,475678.34,639698.31,1115376.62,640338,476154,212.79,876.12,1088.91,877,213,0.00,0.00,0,0
1544348622,3003-eth2,617256.75,616889.12,1234145.88,617506,617874,212.79,324.68,537.46,325,213,0.00,0.00,0,0
1544348622,2007-eth1,13252.75,31658.34,44911.09,31690,13266,200.80,468.53,669.33,469,201,0.00,0.00,0,0
1544348622,1002-eth4,20189.81,21636.36,41826.18,21658,20210,208.79,220.78,429.57,221,209,0.00,0.00,0,0
1544348622,3002-eth4,1224177.88,210101.91,1434279.75,210312,1225402,498.50,487.51,986.01,488,499,0.00,0.00,0,0
1544348622,2007-eth3,9300.70,26861.14,36161.84,26888,9310,94.91,339.66,434.57,340,95,0.00,0.00,0,0
1544348622,3005-eth1,518201.81,820275.75,1338477.50,821096,518720,667.33,439.56,1106.89,440,668,0.00,0.00,0,0
1544348622,2001-eth4,13118.88,12335.67,25454.55,12348,13132,133.87,125.87,259.74,126,134,0.00,0.00,0,0
1544348622,3003-eth4,1190032.00,642905.12,1832937.12,643548,1191222,606.39,601.40,1207.79,602,607,0.00,0.00,0,0
1544348622,2004-eth1,617256.75,1197884.12,1815140.88,1199082,617874,212.79,396.60,609.39,397,213,0.00,0.00,0,0
1544348622,3006-eth4,1224211.88,1223730.25,2447942.00,1224954,1225436,905.09,788.21,1693.31,789,906,0.00,0.00,0,0
1544348622,3007-eth1,26861.14,9300.70,36161.84,9310,26888,339.66,94.91,434.57,95,340,0.00,0.00,0,0
1544348622,2008-eth1,926095.94,617316.69,1543412.62,617934,927022,574.43,213.79,788.21,214,575,0.00,0.00,0,0
1544348622,2002-eth2,621158.88,13962.04,635120.88,13976,621780,368.63,145.85,514.49,146,369,0.00,0.00,0,0
1544348622,2003-eth1,820275.75,609152.88,1429428.62,609762,821096,439.56,484.52,924.08,485,440,0.00,0.00,0,0
1544348622,3008-eth4,1211862.12,804799.25,2016661.38,805604,1213074,608.39,665.33,1273.73,666,609,0.00,0.00,0,0
1544348622,1004-eth4,3584.42,0.00,3584.42,0,3588,36.96,0.00,36.96,0,37,0.00,0.00,0,0
1544348622,3006-eth1,639698.31,475678.34,1115376.62,476154,640338,876.12,212.79,1088.91,213,877,0.00,0.00,0,0
1544348622,1004-eth3,631688.31,7794.21,639482.56,7802,632320,774.23,82.92,857.14,83,775,0.00,0.00,0,0
1544348622,1002-eth2,57382.62,25120.88,82503.50,25146,57440,603.40,296.70,900.10,297,604,0.00,0.00,0,0
1544348622,3004-eth3,57382.62,833003.00,890385.62,833836,57440,603.40,569.43,1172.83,570,604,0.00,0.00,0,0
1544348622,2003-eth3,609152.88,47938.06,657090.94,47986,609762,484.52,572.43,1056.94,573,485,0.00,0.00,0,0
1544348622,2005-eth1,625306.69,820275.75,1445582.50,821096,625932,729.27,439.56,1168.83,440,730,0.00,0.00,0,0
1544348622,3002-eth3,43656.34,1224351.62,1268008.00,1225576,43700,577.42,555.44,1132.87,556,578,0.00,0.00,0,0
1544348622,3006-eth3,24873.13,448197.81,473070.94,448646,24898,300.70,282.72,583.42,283,301,0.00,0.00,0,0
1544348622,2001-eth1,2251.75,0.00,2251.75,0,2254,22.98,0.00,22.98,0,23,0.00,0.00,0,0
1544348622,3005-eth2,20651.35,1228655.38,1249306.75,1229884,20672,277.72,753.25,1030.97,754,278,0.00,0.00,0,0
1544348622,2001-eth2,15468.53,41568.43,57036.96,41610,15484,157.84,464.54,622.38,465,158,0.00,0.00,0,0
1544348622,3007-eth2,1199005.00,646891.12,1845896.12,647538,1200204,413.59,644.36,1057.94,645,414,0.00,0.00,0,0
1544348622,1001-eth1,0.00,2251.75,2251.75,2254,0,0.00,22.98,22.98,23,0,0.00,0.00,0,0
1544348622,3007-eth4,24049.95,603374.62,627424.56,603978,24074,308.69,304.70,613.39,305,309,0.00,0.00,0,0
1544348622,2003-eth2,25120.88,57382.62,82503.50,57440,25146,296.70,603.40,900.10,604,297,0.00,0.00,0,0
1544348622,3007-eth3,1225840.25,1222090.00,2447930.25,1223312,1227066,820.18,807.19,1627.37,808,821,0.00,0.00,0,0
1544348622,1002-eth1,41568.43,15468.53,57036.96,15484,41610,464.54,157.84,622.38,158,465,0.00,0.00,0,0
1544348622,2002-eth3,2153.85,616987.00,619140.88,617604,2156,21.98,325.67,347.65,326,22,0.00,0.00,0,0
1544348622,2007-eth2,21636.36,20189.81,41826.18,20210,21658,220.78,208.79,429.57,209,221,0.00,0.00,0,0
1544348622,total,39403420.00,39345184.00,78748616.00,39384530,39442826,35361.64,35015.98,70377.62,35051,35397,0.00,0.00,0,0
1544348623,3003-eth3,1226911.12,1218076.00,2444987.00,1219294,1228138,924.08,790.21,1714.29,791,925,0.00,0.00,0,0
1544348623,2002-eth1,347794.22,5090.91,352885.12,5096,348142,162.84,51.95,214.79,52,163,0.00,0.00,0,0
1544348623,lo,80927.08,80927.08,161854.16,81008,81008,619.38,619.38,1238.76,620,620,0.00,0.00,0,0
1544348623,3005-eth3,1219102.88,772381.62,1991484.62,773154,1220322,652.35,656.34,1308.69,657,653,0.00,0.00,0,0
1544348623,2005-eth3,814205.81,776319.69,1590525.50,777096,815020,325.67,659.34,985.02,660,326,0.00,0.00,0,0
1544348623,3004-eth4,1207037.00,657350.69,1864387.62,658008,1208244,469.53,491.51,961.04,492,470,0.00,0.00,0,0
1544348623,1004-eth2,615810.19,666749.25,1282559.50,667416,616426,212.79,587.41,800.20,588,213,0.00,0.00,0,0
1544348623,2004-eth4,1185104.88,671840.19,1856945.12,672512,1186290,268.73,639.36,908.09,640,269,0.00,0.00,0,0
1544348623,1001-eth2,653394.62,814205.81,1467600.50,815020,654048,431.57,325.67,757.24,326,432,0.00,0.00,0,0
1544348623,1003-eth3,1222319.75,1185104.88,2407424.75,1186290,1223542,657.34,268.73,926.07,269,658,0.00,0.00,0,0
1544348623,2002-eth4,14541.46,349654.34,364195.81,350004,14556,157.84,181.82,339.66,182,158,0.00,0.00,0,0
1544348623,1001-eth4,29254.75,13912.09,43166.84,13926,29284,433.57,210.79,644.36,211,434,0.00,0.00,0,0
1544348623,3001-eth2,619334.69,3034.97,622369.62,3038,619954,248.75,30.97,279.72,31,249,0.00,0.00,0,0
1544348623,1004-eth1,12485.51,621194.81,633680.31,621816,12498,136.86,267.73,404.60,268,137,0.00,0.00,0,0
1544348623,3005-eth4,1228865.12,927826.19,2156691.25,928754,1230094,822.18,828.17,1650.35,829,823,0.00,0.00,0,0
1544348623,1003-eth2,1185164.88,647592.44,1832757.25,648240,1186350,269.73,274.73,544.46,275,270,0.00,0.00,0,0
1544348623,3008-eth1,9790.21,45010.99,54801.20,45056,9800,99.90,611.39,711.29,612,100,0.00,0.00,0,0
1544348623,1002-eth3,3916.08,41210.79,45126.88,41252,3920,39.96,513.49,553.45,514,40,0.00,0.00,0,0
1544348623,2006-eth1,1185104.88,1222319.75,2407424.75,1223542,1186290,268.73,657.34,926.07,658,269,0.00,0.00,0,0
1544348623,3003-eth1,25048.95,653394.62,678443.56,654048,25074,379.62,431.57,811.19,432,380,0.00,0.00,0,0
1544348623,2001-eth3,21294.71,11160.84,32455.54,11172,21316,276.72,113.89,390.61,114,277,0.00,0.00,0,0
1544348623,2008-eth2,0.00,3916.08,3916.08,3920,0,0.00,39.96,39.96,40,0,0.00,0.00,0,0
1544348623,2008-eth3,672006.00,1188615.38,1860621.38,1189804,672678,650.35,409.59,1059.94,410,651,0.00,0.00,0,0
1544348623,1001-eth3,814205.81,666779.25,1480985.00,667446,815020,325.67,634.37,960.04,635,326,0.00,0.00,0,0
1544348623,2007-eth4,45010.99,9790.21,54801.20,9800,45056,611.39,99.90,711.29,100,612,0.00,0.00,0,0
1544348623,2004-eth2,666749.25,615810.19,1282559.50,616426,667416,587.41,212.79,800.20,213,588,0.00,0.00,0,0
1544348623,3002-eth1,9496.50,10045.95,19542.46,10056,9506,96.90,102.90,199.80,103,97,0.00,0.00,0,0
1544348623,3004-eth1,814205.81,47810.19,862016.00,47858,815020,325.67,628.37,954.05,629,326,0.00,0.00,0,0
1544348623,2006-eth3,1219366.62,24303.70,1243670.38,24328,1220586,656.34,323.68,980.02,324,657,0.00,0.00,0,0
1544348623,3004-eth2,671840.19,1185104.88,1856945.12,1186290,672512,639.36,268.73,908.09,269,640,0.00,0.00,0,0
1544348623,3001-eth3,1216923.12,641986.06,1858909.12,642628,1218140,597.40,609.39,1206.79,610,598,0.00,0.00,0,0
1544348623,2003-eth4,47810.19,814205.81,862016.00,815020,47858,628.37,325.67,954.05,326,629,0.00,0.00,0,0
1544348623,2008-eth4,1188615.38,1052211.88,2240827.25,1053264,1189804,409.59,951.05,1360.64,952,410,0.00,0.00,0,0
1544348623,3008-eth3,17714.29,199696.31,217410.59,199896,17732,197.80,171.83,369.63,172,198,0.00,0.00,0,0
1544348623,2005-eth2,41210.79,3916.08,45126.88,3920,41252,513.49,39.96,553.45,40,514,0.00,0.00,0,0
1544348623,2006-eth4,680036.00,1185104.88,1865140.88,1186290,680716,789.21,268.73,1057.94,269,790,0.00,0.00,0,0
1544348623,3006-eth2,1185104.88,680036.00,1865140.88,680716,1186290,268.73,789.21,1057.94,790,269,0.00,0.00,0,0
1544348623,1003-eth4,642441.56,1026629.38,1669071.00,1027656,643084,221.78,563.44,785.21,564,222,0.00,0.00,0,0
1544348623,2006-eth2,10919.08,666651.38,677570.44,667318,10930,120.88,586.41,707.29,587,121,0.00,0.00,0,0
1544348623,3001-eth1,11160.84,21294.71,32455.54,21316,11172,113.89,276.72,390.61,277,114,0.00,0.00,0,0
1544348623,3008-eth2,1052211.88,1188615.38,2240827.25,1189804,1053264,951.05,409.59,1360.64,410,952,0.00,0.00,0,0
1544348623,2004-eth3,615870.12,642501.50,1258371.62,643144,616486,213.79,222.78,436.56,223,214,0.00,0.00,0,0
1544348623,3001-eth4,38511.49,1221218.88,1259730.25,1222440,38550,522.48,523.48,1045.95,524,523,0.00,0.00,0,0
1544348623,1003-eth1,5090.91,347794.22,352885.12,348142,5096,51.95,162.84,214.79,163,52,0.00,0.00,0,0
1544348623,3002-eth2,349654.34,14541.46,364195.81,14556,350004,181.82,157.84,339.66,158,182,0.00,0.00,0,0
1544348623,2005-eth4,749990.00,677744.25,1427734.25,678422,750740,297.70,746.25,1043.96,747,298,0.00,0.00,0,0
1544348623,3003-eth2,642501.50,615870.12,1258371.62,616486,643144,222.78,213.79,436.56,214,223,0.00,0.00,0,0
1544348623,2007-eth1,13912.09,29254.75,43166.84,29284,13926,210.79,433.57,644.36,434,211,0.00,0.00,0,0
1544348623,1002-eth4,17714.29,15664.34,33378.62,15680,17732,197.80,159.84,357.64,160,198,0.00,0.00,0,0
1544348623,3002-eth4,1215322.75,374035.97,1589358.62,374410,1216538,558.44,560.44,1118.88,561,559,0.00,0.00,0,0
1544348623,2007-eth3,7832.17,25660.34,33492.51,25686,7840,79.92,330.67,410.59,331,80,0.00,0.00,0,0
1544348623,3005-eth1,776319.69,814205.81,1590525.50,815020,777096,659.34,325.67,985.02,326,660,0.00,0.00,0,0
1544348623,2001-eth4,10045.95,9496.50,19542.46,9506,10056,102.90,96.90,199.80,97,103,0.00,0.00,0,0
1544348623,3003-eth4,1207059.00,668485.56,1875544.50,669154,1208266,623.38,616.38,1239.76,617,624,0.00,0.00,0,0
1544348623,2004-eth1,647592.44,1185164.88,1832757.25,1186350,648240,274.73,269.73,544.46,270,275,0.00,0.00,0,0
1544348623,3006-eth4,1219968.12,1211148.88,2431117.00,1212360,1221188,709.29,663.34,1372.63,664,710,0.00,0.00,0,0
1544348623,3007-eth1,25660.34,7832.17,33492.51,7840,25686,330.67,79.92,410.59,80,331,0.00,0.00,0,0
1544348623,2008-eth1,1026629.38,642441.56,1669071.00,643084,1027656,563.44,221.78,785.21,222,564,0.00,0.00,0,0
1544348623,2002-eth2,621194.81,12485.51,633680.31,12498,621816,267.73,136.86,404.60,137,268,0.00,0.00,0,0
1544348623,2003-eth1,814205.81,653394.62,1467600.50,654048,815020,325.67,431.57,757.24,432,326,0.00,0.00,0,0
1544348623,3008-eth4,1202000.00,857798.25,2059798.25,858656,1203202,612.39,679.32,1291.71,680,613,0.00,0.00,0,0
1544348623,1004-eth4,3916.08,0.00,3916.08,0,3920,39.96,0.00,39.96,0,40,0.00,0.00,0,0
1544348623,3006-eth1,677744.25,749990.00,1427734.25,750740,678422,746.25,297.70,1043.96,298,747,0.00,0.00,0,0
1544348623,1004-eth3,666651.38,10919.08,677570.44,10930,667318,586.41,120.88,707.29,121,587,0.00,0.00,0,0
1544348623,1002-eth2,34755.25,12031.97,46787.21,12044,34790,430.57,181.82,612.39,182,431,0.00,0.00,0,0
1544348623,3004-eth3,34755.25,824191.81,858947.06,825016,34790,430.57,427.57,858.14,428,431,0.00,0.00,0,0
1544348623,2003-eth3,653394.62,25048.95,678443.56,25074,654048,431.57,379.62,811.19,380,432,0.00,0.00,0,0
1544348623,2005-eth1,666779.25,814205.81,1480985.00,815020,667446,634.37,325.67,960.04,326,635,0.00,0.00,0,0
1544348623,3002-eth3,39850.15,1216279.75,1256129.88,1217496,39890,536.46,531.47,1067.93,532,537,0.00,0.00,0,0
1544348623,3006-eth3,25348.65,577918.12,603266.75,578496,25374,318.68,307.69,626.37,308,319,0.00,0.00,0,0
1544348623,2001-eth1,2017.98,0.00,2017.98,0,2020,20.98,0.00,20.98,0,21,0.00,0.00,0,0
1544348623,3005-eth2,24303.70,1219366.62,1243670.38,1220586,24328,323.68,656.34,980.02,657,324,0.00,0.00,0,0
1544348623,2001-eth2,11906.09,24367.63,36273.73,24392,11918,121.88,307.69,429.57,308,122,0.00,0.00,0,0
1544348623,3007-eth2,1188615.38,672006.00,1860621.38,672678,1189804,409.59,650.35,1059.94,651,410,0.00,0.00,0,0
1544348623,1001-eth1,0.00,2017.98,2017.98,2020,0,0.00,20.98,20.98,21,0,0.00,0.00,0,0
1544348623,3007-eth4,21856.14,567866.12,589722.31,568434,21878,282.72,292.71,575.42,293,283,0.00,0.00,0,0
1544348623,2003-eth2,12031.97,34755.25,46787.21,34790,12044,181.82,430.57,612.39,431,182,0.00,0.00,0,0
1544348623,3007-eth3,1217156.88,1214659.38,2431816.25,1215874,1218374,798.20,804.20,1602.40,805,799,0.00,0.00,0,0
1544348623,1002-eth1,24367.63,11906.09,36273.73,11918,24392,307.69,121.88,429.57,122,308,0.00,0.00,0,0
1544348623,2002-eth3,3034.97,619334.69,622369.62,619954,3038,30.97,248.75,279.72,249,31,0.00,0.00,0,0
1544348623,2007-eth2,15664.34,17714.29,33378.62,17732,15680,159.84,197.80,357.64,198,160,0.00,0.00,0,0
1544348623,total,40445664.00,41258200.00,81703864.00,41299458,40486108,30362.64,30260.74,60623.38,30291,30393,0.00,0.00,0,0
1544348624,3003-eth3,1223065.00,1225114.88,2448180.00,1226340,1224288,778.22,809.19,1587.41,810,779,0.00,0.00,0,0
1544348624,2002-eth1,183662.34,3916.08,187578.42,3920,183846,86.91,39.96,126.87,40,87,0.00,0.00,0,0
1544348624,lo,7626.37,7626.37,15252.75,7634,7634,74.93,74.93,149.85,75,75,0.00,0.00,0,0
1544348624,3005-eth3,1221390.62,525664.38,1747055.00,526190,1222612,577.42,578.42,1155.84,579,578,0.00,0.00,0,0
1544348624,2005-eth3,880803.25,519070.94,1399874.12,519590,881684,304.70,478.52,783.22,479,305,0.00,0.00,0,0
1544348624,3004-eth4,1211850.12,662819.19,1874669.38,663482,1213062,542.46,552.45,1094.91,553,543,0.00,0.00,0,0
1544348624,1004-eth2,620215.81,668693.31,1288909.12,669362,620836,213.79,612.39,826.17,613,214,0.00,0.00,0,0
1544348624,2004-eth4,1189720.25,672609.44,1862329.75,673282,1190910,338.66,652.35,991.01,653,339,0.00,0.00,0,0
1544348624,1001-eth2,654445.56,880743.25,1535188.88,881624,655100,425.57,303.70,729.27,304,426,0.00,0.00,0,0
1544348624,1003-eth3,1221868.12,1189780.25,2411648.50,1190970,1223090,672.33,339.66,1011.99,340,673,0.00,0.00,0,0
1544348624,2002-eth4,7430.57,185620.39,193050.95,185806,7438,102.90,106.89,209.79,107,103,0.00,0.00,0,0
1544348624,1001-eth4,28529.47,13576.42,42105.89,13590,28558,422.58,205.79,628.37,206,423,0.00,0.00,0,0
1544348624,3001-eth2,622173.81,1958.04,624131.88,1960,622796,233.77,19.98,253.75,20,234,0.00,0.00,0,0
1544348624,1004-eth1,5472.53,624131.88,629604.44,624756,5478,82.92,253.75,336.66,254,83,0.00,0.00,0,0
1544348624,3005-eth4,1228783.25,912375.62,2141159.00,913288,1230012,733.27,695.30,1428.57,696,734,0.00,0.00,0,0
1544348624,1003-eth2,1189720.25,624131.88,1813852.25,624756,1190910,338.66,253.75,592.41,254,339,0.00,0.00,0,0
1544348624,3008-eth1,9850.15,38801.20,48651.35,38840,9860,100.90,539.46,640.36,540,101,0.00,0.00,0,0
1544348624,1002-eth3,3916.08,29994.01,33910.09,30024,3920,39.96,406.59,446.55,407,40,0.00,0.00,0,0
1544348624,2006-eth1,1189780.25,1221868.12,2411648.50,1223090,1190970,339.66,672.33,1011.99,673,340,0.00,0.00,0,0
1544348624,3003-eth1,26109.89,654445.56,680555.44,655100,26136,395.60,425.57,821.18,426,396,0.00,0.00,0,0
1544348624,2001-eth3,20657.34,7636.36,28293.71,7644,20678,274.73,77.92,352.65,78,275,0.00,0.00,0,0
1544348624,2008-eth2,0.00,3916.08,3916.08,3920,0,0.00,39.96,39.96,40,0,0.00,0.00,0,0
1544348624,2008-eth3,650439.56,1199005.00,1849444.62,1200204,651090,652.35,413.59,1065.93,414,653,0.00,0.00,0,0
1544348624,1001-eth3,880743.25,667560.44,1548303.75,668228,881624,303.70,624.38,928.07,625,304,0.00,0.00,0,0
1544348624,2007-eth4,38801.20,9850.15,48651.35,9860,38840,539.46,100.90,640.36,101,540,0.00,0.00,0,0
1544348624,2004-eth2,668693.31,620215.81,1288909.12,620836,669362,612.39,213.79,826.17,214,613,0.00,0.00,0,0
1544348624,3002-eth1,7734.27,7538.46,15272.73,7546,7742,78.92,76.92,155.84,77,79,0.00,0.00,0,0
1544348624,3004-eth1,880743.25,40779.22,921522.50,40820,881624,303.70,569.43,873.13,570,304,0.00,0.00,0,0
1544348624,2006-eth3,1221928.12,17934.07,1239862.12,17952,1223150,673.33,271.73,945.05,272,674,0.00,0.00,0,0
1544348624,3004-eth2,672609.44,1189720.25,1862329.75,1190910,673282,652.35,338.66,991.01,339,653,0.00,0.00,0,0
1544348624,3001-eth3,1220611.38,646589.44,1867200.88,647236,1221832,609.39,613.39,1222.78,614,610,0.00,0.00,0,0
1544348624,2003-eth4,40779.22,880743.25,921522.50,881624,40820,569.43,303.70,873.13,304,570,0.00,0.00,0,0
1544348624,2008-eth4,1199005.00,1036887.12,2235892.25,1037924,1200204,413.59,960.04,1373.63,961,414,0.00,0.00,0,0
1544348624,3008-eth3,12289.71,143078.92,155368.64,143222,12302,137.86,146.85,284.72,147,138,0.00,0.00,0,0
1544348624,2005-eth2,29994.01,3916.08,33910.09,3920,30024,406.59,39.96,446.55,40,407,0.00,0.00,0,0
1544348624,2006-eth4,681214.81,1189780.25,1870995.00,1190970,681896,802.20,339.66,1141.86,340,803,0.00,0.00,0,0
1544348624,3006-eth2,1189780.25,681214.81,1870995.00,681896,1190970,339.66,802.20,1141.86,803,340,0.00,0.00,0,0
1544348624,1003-eth4,620215.81,1010519.50,1630735.25,1011530,620836,213.79,560.44,774.23,561,214,0.00,0.00,0,0
1544348624,2006-eth2,5532.47,668693.31,674225.81,669362,5538,83.92,612.39,696.30,613,84,0.00,0.00,0,0
1544348624,3001-eth1,7636.36,20657.34,28293.71,20678,7644,77.92,274.73,352.65,275,78,0.00,0.00,0,0
1544348624,3008-eth2,1036887.12,1199005.00,2235892.25,1200204,1037924,960.04,413.59,1373.63,414,961,0.00,0.00,0,0
1544348624,2004-eth3,620215.81,620215.81,1240431.62,620836,620836,213.79,213.79,427.57,214,214,0.00,0.00,0,0
1544348624,3001-eth4,36065.93,1223394.62,1259460.62,1224618,36102,498.50,516.48,1014.99,517,499,0.00,0.00,0,0
1544348624,1003-eth1,3916.08,183662.34,187578.42,183846,3920,39.96,86.91,126.87,87,40,0.00,0.00,0,0
1544348624,3002-eth2,185620.39,7430.57,193050.95,7438,185806,106.89,102.90,209.79,103,107,0.00,0.00,0,0
1544348624,2005-eth4,502805.22,677252.75,1180058.00,677930,503308,212.79,723.28,936.06,724,213,0.00,0.00,0,0
1544348624,3003-eth2,620215.81,620215.81,1240431.62,620836,620836,213.79,213.79,427.57,214,214,0.00,0.00,0,0
1544348624,2007-eth1,13576.42,28529.47,42105.89,28558,13590,205.79,422.58,628.37,423,206,0.00,0.00,0,0
1544348624,1002-eth4,12289.71,15724.28,28013.99,15740,12302,137.86,160.84,298.70,161,138,0.00,0.00,0,0
1544348624,3002-eth4,1222165.88,210167.84,1432333.75,210378,1223388,501.50,488.51,990.01,489,502,0.00,0.00,0,0
1544348624,2007-eth3,7832.17,25264.74,33096.90,25290,7840,79.92,324.68,404.60,325,80,0.00,0.00,0,0
1544348624,3005-eth1,519070.94,880803.25,1399874.12,881684,519590,478.52,304.70,783.22,305,479,0.00,0.00,0,0
1544348624,2001-eth4,7538.46,7734.27,15272.73,7742,7546,76.92,78.92,155.84,79,77,0.00,0.00,0,0
1544348624,3003-eth4,1212521.50,646259.75,1858781.25,646906,1213734,618.38,608.39,1226.77,609,619,0.00,0.00,0,0
1544348624,2004-eth1,624131.88,1189720.25,1813852.25,1190910,624756,253.75,338.66,592.41,339,254,0.00,0.00,0,0
1544348624,3006-eth4,1219182.88,1215896.12,2435079.00,1217112,1220402,763.24,735.26,1498.50,736,764,0.00,0.00,0,0
1544348624,3007-eth1,25264.74,7832.17,33096.90,7840,25290,324.68,79.92,404.60,80,325,0.00,0.00,0,0
1544348624,2008-eth1,1010519.50,620215.81,1630735.25,620836,1011530,560.44,213.79,774.23,214,561,0.00,0.00,0,0
1544348624,2002-eth2,624131.88,5472.53,629604.44,5478,624756,253.75,82.92,336.66,83,254,0.00,0.00,0,0
1544348624,2003-eth1,880743.25,654445.56,1535188.88,655100,881624,303.70,425.57,729.27,426,304,0.00,0.00,0,0
1544348624,3008-eth4,1211526.50,883049.00,2094575.50,883932,1212738,603.40,689.31,1292.71,690,604,0.00,0.00,0,0
1544348624,1004-eth4,3916.08,0.00,3916.08,0,3920,39.96,0.00,39.96,0,40,0.00,0.00,0,0
1544348624,3006-eth1,677252.75,502805.22,1180058.00,503308,677930,723.28,212.79,936.06,213,724,0.00,0.00,0,0
1544348624,1004-eth3,668693.31,5532.47,674225.81,5538,669362,612.39,83.92,696.30,84,613,0.00,0.00,0,0
1544348624,1002-eth2,27652.35,12923.08,40575.43,12936,27680,370.63,195.80,566.43,196,371,0.00,0.00,0,0
1544348624,3004-eth3,27592.41,890533.50,918125.88,891424,27620,369.63,403.60,773.23,404,370,0.00,0.00,0,0
1544348624,2003-eth3,654445.56,26109.89,680555.44,26136,655100,425.57,395.60,821.18,396,426,0.00,0.00,0,0
1544348624,2005-eth1,667560.44,880743.25,1548303.75,881624,668228,624.38,303.70,928.07,304,625,0.00,0.00,0,0
1544348624,3002-eth3,36002.00,1222046.00,1258048.00,1223268,36038,498.50,517.48,1015.98,518,499,0.00,0.00,0,0
1544348624,3006-eth3,21916.08,581050.94,602967.06,581632,21938,283.72,295.70,579.42,296,284,0.00,0.00,0,0
1544348624,2001-eth1,1958.04,0.00,1958.04,0,1960,19.98,0.00,19.98,0,20,0.00,0.00,0,0
1544348624,3005-eth2,17934.07,1221928.12,1239862.12,1223150,17952,271.73,673.33,945.05,674,272,0.00,0.00,0,0
1544348624,2001-eth2,9790.21,24633.37,34423.58,24658,9800,99.90,315.68,415.58,316,100,0.00,0.00,0,0
1544348624,3007-eth2,1199005.00,650439.56,1849444.62,651090,1200204,413.59,652.35,1065.93,653,414,0.00,0.00,0,0
1544348624,1001-eth1,0.00,1958.04,1958.04,1960,0,0.00,19.98,19.98,20,0,0.00,0.00,0,0
1544348624,3007-eth4,22317.68,584107.94,606425.56,584692,22340,289.71,297.70,587.41,298,290,0.00,0.00,0,0
1544348624,2003-eth2,12923.08,27652.35,40575.43,27680,12936,195.80,370.63,566.43,371,196,0.00,0.00,0,0
1544348624,3007-eth3,1218999.00,1224983.00,2443982.00,1226208,1220218,804.20,807.19,1611.39,808,805,0.00,0.00,0,0
1544348624,1002-eth1,24633.37,9790.21,34423.58,9800,24658,315.68,99.90,415.58,100,316,0.00,0.00,0,0
1544348624,2002-eth3,1958.04,622173.81,624131.88,622796,1960,19.98,233.77,253.75,234,20,0.00,0.00,0,0
1544348624,2007-eth2,15724.28,12289.71,28013.99,12302,15740,160.84,137.86,298.70,138,161,0.00,0.00,0,0
1544348624,total,39682320.00,40133172.00,79815488.00,40173302,39722000,28497.50,28643.36,57140.86,28672,28526,0.00,0.00,0,0
1544348625,3003-eth3,1207465.12,1208782.50,2416247.50,1211200,1209880,778.44,798.40,1576.85,800,780,0.00,0.00,0,0
1544348625,2002-eth1,187089.83,3912.18,191002.00,3920,187464,75.85,39.92,115.77,40,76,0.00,0.00,0,0
1544348625,lo,72692.62,72692.62,145385.23,72838,72838,296.41,296.41,592.81,297,297,0.00,0.00,0,0
1544348625,3005-eth3,1210636.75,344620.78,1555257.50,345310,1213058,519.96,513.97,1033.93,515,521,0.00,0.00,0,0
1544348625,2005-eth3,906469.06,339285.44,1245754.50,339964,908282,312.38,433.13,745.51,434,313,0.00,0.00,0,0
1544348625,3004-eth4,1184349.38,637509.00,1821858.38,638784,1186718,450.10,463.07,913.17,464,451,0.00,0.00,0,0
1544348625,1004-eth2,607772.50,643437.12,1251209.62,644724,608988,209.58,523.95,733.53,525,210,0.00,0.00,0,0
1544348625,2004-eth4,1171301.38,647289.44,1818590.88,648584,1173644,252.50,562.87,815.37,564,253,0.00,0.00,0,0
1544348625,1001-eth2,634934.12,906469.06,1541403.25,908282,636204,424.15,312.38,736.53,313,425,0.00,0.00,0,0
1544348625,1003-eth3,1213081.88,1177087.88,2390169.75,1179442,1215508,600.80,252.50,853.29,253,602,0.00,0.00,0,0
1544348625,2002-eth4,6698.60,189105.80,195804.39,189484,6712,91.82,96.81,188.62,97,92,0.00,0.00,0,0
1544348625,1001-eth4,23554.89,13766.47,37321.36,13794,23602,347.31,208.58,555.89,209,348,0.00,0.00,0,0
1544348625,3001-eth2,609630.75,1956.09,611586.81,1960,610850,228.54,19.96,248.50,20,229,0.00,0.00,0,0
1544348625,1004-eth1,4802.40,611586.81,616389.25,612810,4812,72.85,248.50,321.36,249,73,0.00,0.00,0,0
1544348625,3005-eth4,1212501.00,957712.62,2170213.75,959628,1214926,657.68,716.57,1374.25,718,659,0.00,0.00,0,0
1544348625,1003-eth2,1177087.88,639800.44,1816888.25,641080,1179442,252.50,259.48,511.98,260,253,0.00,0.00,0,0
1544348625,3008-eth1,9487.03,33654.69,43141.72,33722,9506,96.81,463.07,559.88,464,97,0.00,0.00,0,0
1544348625,1002-eth3,3814.37,31023.95,34838.32,31086,3822,38.92,422.16,461.08,423,39,0.00,0.00,0,0
1544348625,2006-eth1,1177087.88,1213081.88,2390169.75,1215508,1179442,252.50,600.80,853.29,602,253,0.00,0.00,0,0
1544348625,3003-eth1,25754.49,634934.12,660688.62,636204,25806,390.22,424.15,814.37,425,391,0.00,0.00,0,0
1544348625,2001-eth3,20471.06,7824.35,28295.41,7840,20512,271.46,79.84,351.30,80,272,0.00,0.00,0,0
1544348625,2008-eth2,59.88,3912.18,3972.06,3920,60,1.00,39.92,40.92,40,1,0.00,0.00,0,0
1544348625,2008-eth3,665417.19,1180071.88,1845489.12,1182432,666748,647.70,407.19,1054.89,408,649,0.00,0.00,0,0
1544348625,1001-eth3,906528.94,642646.75,1549175.75,643932,908342,313.37,540.92,854.29,542,314,0.00,0.00,0,0
1544348625,2007-eth4,33654.69,9487.03,43141.72,9506,33722,463.07,96.81,559.88,97,464,0.00,0.00,0,0
1544348625,2004-eth2,643437.12,607772.50,1251209.62,608988,644724,523.95,209.58,733.53,210,525,0.00,0.00,0,0
1544348625,3002-eth1,7884.23,7824.35,15708.58,7840,7900,80.84,79.84,160.68,80,81,0.00,0.00,0,0
1544348625,3004-eth1,906469.06,41720.56,948189.62,41804,908282,312.38,583.83,896.21,585,313,0.00,0.00,0,0
1544348625,2006-eth3,1213016.00,16664.67,1229680.62,16698,1215442,599.80,252.50,852.30,253,601,0.00,0.00,0,0
1544348625,3004-eth2,647289.44,1171301.38,1818590.88,1173644,648584,562.87,252.50,815.37,253,564,0.00,0.00,0,0
1544348625,3001-eth3,1210389.25,633856.31,1844245.50,635124,1212810,603.79,604.79,1208.58,606,605,0.00,0.00,0,0
1544348625,2003-eth4,41720.56,906469.06,948189.62,908282,41804,583.83,312.38,896.21,313,585,0.00,0.00,0,0
1544348625,2008-eth4,1177175.62,944730.56,2121906.25,946620,1179530,407.19,848.30,1255.49,850,408,0.00,0.00,0,0
1544348625,3008-eth3,12055.89,126351.30,138407.19,126604,12080,135.73,137.72,273.45,138,136,0.00,0.00,0,0
1544348625,2005-eth2,31023.95,3814.37,34838.32,3822,31086,422.16,38.92,461.08,39,423,0.00,0.00,0,0
1544348625,2006-eth4,655201.62,1177087.88,1832289.50,1179442,656512,702.59,252.50,955.09,253,704,0.00,0.00,0,0
1544348625,3006-eth2,1177087.88,655201.62,1832289.50,656512,1179442,252.50,702.59,955.09,704,253,0.00,0.00,0,0
1544348625,1003-eth4,635254.25,918317.06,1553571.25,921072,637160,219.34,461.62,680.96,463,220,0.00,0.00,0,0
1544348625,2006-eth2,4737.79,642638.06,647375.88,644566,4752,71.78,521.44,593.22,523,72,0.00,0.00,0,0
1544348625,3001-eth1,7816.55,20450.65,28267.20,20512,7840,79.76,271.19,350.95,272,80,0.00,0.00,0,0
1544348625,3008-eth2,943788.62,1176002.00,2119790.75,1179530,946620,847.46,406.78,1254.24,408,850,0.00,0.00,0,0
1544348625,2004-eth3,607166.50,635254.25,1242420.75,637160,608988,209.37,219.34,428.71,220,210,0.00,0.00,0,0
1544348625,3001-eth4,35828.52,1213702.88,1249531.38,1217344,35936,494.52,514.46,1008.97,516,496,0.00,0.00,0,0
1544348625,1003-eth1,3908.28,186903.30,190811.56,187464,3920,39.88,75.77,115.65,76,40,0.00,0.00,0,0
1544348625,3002-eth2,188917.25,6691.92,195609.17,6712,189484,96.71,91.72,188.43,92,97,0.00,0.00,0,0
1544348625,2005-eth4,324390.84,651810.56,976201.38,653766,325364,149.55,641.08,790.63,643,150,0.00,0.00,0,0
1544348625,3003-eth2,635254.25,610119.62,1245373.88,611950,637160,219.34,210.37,429.71,211,220,0.00,0.00,0,0
1544348625,2007-eth1,13752.74,23663.01,37415.75,23734,13794,208.37,348.95,557.33,350,209,0.00,0.00,0,0
1544348625,1002-eth4,12239.28,15535.39,27774.68,15582,12276,137.59,158.52,296.11,159,138,0.00,0.00,0,0
1544348625,3002-eth4,1217621.12,213290.12,1430911.25,213930,1221274,490.53,475.57,966.10,477,492,0.00,0.00,0,0
1544348625,2007-eth3,7680.96,25282.15,32963.11,25358,7704,78.76,326.02,404.79,327,79,0.00,0.00,0,0
1544348625,3005-eth1,341900.31,905565.31,1247465.62,908282,342926,433.70,312.06,745.76,313,435,0.00,0.00,0,0
1544348625,2001-eth4,7816.55,7876.37,15692.92,7900,7840,79.76,80.76,160.52,81,80,0.00,0.00,0,0
1544348625,3003-eth4,1198554.38,661114.69,1859669.00,663098,1202150,617.15,611.17,1228.32,613,619,0.00,0.00,0,0
1544348625,2004-eth1,639162.50,1177423.75,1816586.25,1180956,641080,259.22,253.24,512.46,254,260,0.00,0.00,0,0
1544348625,3006-eth4,1210839.50,1209256.25,2420095.75,1212884,1214472,693.92,648.06,1341.97,650,696,0.00,0.00,0,0
1544348625,3007-eth1,25282.15,7680.96,32963.11,7704,25358,326.02,78.76,404.79,79,327,0.00,0.00,0,0
1544348625,2008-eth1,918382.88,635254.25,1553637.12,637160,921138,462.61,219.34,681.95,220,464,0.00,0.00,0,0
1544348625,2002-eth2,613930.19,4797.61,618727.81,4812,615772,249.25,72.78,322.03,73,250,0.00,0.00,0,0
1544348625,2003-eth1,905565.31,634301.12,1539866.38,636204,908282,312.06,423.73,735.79,425,313,0.00,0.00,0,0
1544348625,3008-eth4,1187852.50,814612.19,2002464.62,817056,1191416,586.24,662.01,1248.26,664,588,0.00,0.00,0,0
1544348625,1004-eth4,3908.28,59.82,3968.10,60,3920,39.88,1.00,40.88,1,40,0.00,0.00,0,0
1544348625,3006-eth1,651810.56,324390.84,976201.38,325364,653766,641.08,149.55,790.63,150,643,0.00,0.00,0,0
1544348625,1004-eth3,642638.06,4737.79,647375.88,4752,644566,521.44,71.78,593.22,72,523,0.00,0.00,0,0
1544348625,1002-eth2,28524.43,12634.10,41158.52,12672,28610,383.85,191.43,575.27,192,385,0.00,0.00,0,0
1544348625,3004-eth3,28524.43,915336.00,943860.44,918082,28610,383.85,411.76,795.61,413,385,0.00,0.00,0,0
1544348625,2003-eth3,634301.12,25794.62,660095.69,25872,636204,423.73,390.83,814.56,392,425,0.00,0.00,0,0
1544348625,2005-eth1,642137.56,905625.12,1547762.75,908342,644064,542.37,313.06,855.43,314,544,0.00,0.00,0,0
1544348625,3002-eth3,36217.35,1212291.12,1248508.50,1215928,36326,500.50,514.46,1014.96,516,502,0.00,0.00,0,0
1544348625,3006-eth3,25828.51,789696.94,815525.44,792066,25906,343.97,367.90,711.86,369,345,0.00,0.00,0,0
1544348625,2001-eth1,1954.14,59.82,2013.96,60,1960,19.94,1.00,20.94,1,20,0.00,0.00,0,0
1544348625,3005-eth2,16648.06,1214825.50,1231473.62,1218470,16698,252.24,601.20,853.44,603,253,0.00,0.00,0,0
1544348625,2001-eth2,9770.69,24358.92,34129.61,24432,9800,99.70,311.07,410.77,312,100,0.00,0.00,0,0
1544348625,3007-eth2,1181848.50,664951.12,1846799.62,666946,1185394,407.78,650.05,1057.83,652,409,0.00,0.00,0,0
1544348625,1001-eth1,59.82,1954.14,2013.96,1960,60,1.00,19.94,20.94,20,1,0.00,0.00,0,0
1544348625,3007-eth4,21682.95,569491.50,591174.50,571200,21748,281.16,291.13,572.28,292,282,0.00,0.00,0,0
1544348625,2003-eth2,12634.10,28524.43,41158.52,28610,12672,191.43,383.85,575.27,385,192,0.00,0.00,0,0
1544348625,3007-eth3,1216568.25,1207708.88,2424277.25,1211332,1220218,802.59,799.60,1602.19,802,805,0.00,0.00,0,0
1544348625,1002-eth1,24358.92,9770.69,34129.61,9800,24432,311.07,99.70,410.77,100,312,0.00,0.00,0,0
1544348625,2002-eth3,1954.14,611976.06,613930.19,613812,1960,19.94,229.31,249.25,230,20,0.00,0.00,0,0
1544348625,2007-eth2,15535.39,12239.28,27774.68,12276,15582,158.52,137.59,296.11,138,159,0.00,0.00,0,0
1544348625,total,38857716.00,39360024.00,78217736.00,39478106,38974286,26909.27,27104.69,54013.96,27186,26990,0.00,0.00,0,0
1544348626,3003-eth3,1224481.12,1223958.12,2448439.25,1226406,1226930,795.41,809.38,1604.79,811,797,0.00,0.00,0,0
1544348626,2002-eth1,202590.83,3912.18,206503.00,3920,202996,69.86,39.92,109.78,40,70,0.00,0.00,0,0
1544348626,lo,6590.82,6590.82,13181.64,6604,6604,64.87,64.87,129.74,65,65,0.00,0.00,0,0
1544348626,3005-eth3,1224638.75,739049.94,1963688.62,740528,1227088,578.84,658.68,1237.52,660,580,0.00,0.00,0,0
1544348626,2005-eth3,869550.94,723772.50,1593323.38,725220,871290,300.40,587.82,888.22,589,301,0.00,0.00,0,0
1544348626,3004-eth4,1207008.00,635998.00,1843006.00,637270,1209422,465.07,462.08,927.15,463,466,0.00,0.00,0,0
1544348626,1004-eth2,607772.50,641670.69,1249443.12,642954,608988,209.58,519.96,729.54,521,210,0.00,0.00,0,0
1544348626,2004-eth4,1193642.75,645642.75,1839285.50,646934,1196030,262.48,560.88,823.35,562,263,0.00,0.00,0,0
1544348626,1001-eth2,633033.94,869610.81,1502644.75,871350,634300,417.17,301.40,718.56,302,418,0.00,0.00,0,0
1544348626,1003-eth3,1203640.75,1187796.50,2391437.25,1190172,1206048,698.60,261.48,960.08,262,700,0.00,0.00,0,0
1544348626,2002-eth4,5572.85,204546.91,210119.77,204956,5584,74.85,89.82,164.67,90,75,0.00,0.00,0,0
1544348626,1001-eth4,30748.50,13437.13,44185.63,13464,30810,382.24,203.59,585.83,204,383,0.00,0.00,0,0
1544348626,3001-eth2,609690.62,2015.97,611706.62,2020,610910,229.54,20.96,250.50,21,230,0.00,0.00,0,0
1544348626,1004-eth1,3556.89,611586.81,615143.75,612810,3564,53.89,248.50,302.40,249,54,0.00,0.00,0,0
1544348626,3005-eth4,1224584.88,949107.81,2173692.75,951006,1227034,643.71,717.56,1361.28,719,645,0.00,0.00,0,0
1544348626,1003-eth2,1187796.50,626465.06,1814261.50,627718,1190172,261.48,254.49,515.97,255,262,0.00,0.00,0,0
1544348626,3008-eth1,9487.03,42890.22,52377.25,42976,9506,96.81,528.94,625.75,530,97,0.00,0.00,0,0
1544348626,1002-eth3,3716.57,32179.64,35896.21,32244,3724,37.92,441.12,479.04,442,38,0.00,0.00,0,0
1544348626,2006-eth1,1187796.50,1203640.75,2391437.25,1206048,1190172,261.48,698.60,960.08,700,262,0.00,0.00,0,0
1544348626,3003-eth1,26149.70,633033.94,659183.62,634300,26202,396.21,417.17,813.37,418,397,0.00,0.00,0,0
1544348626,2001-eth3,20473.05,7884.23,28357.29,7900,20514,272.46,80.84,353.29,81,273,0.00,0.00,0,0
1544348626,2008-eth2,0.00,3716.57,3716.57,3724,0,0.00,37.92,37.92,38,0,0.00,0.00,0,0
1544348626,2008-eth3,652550.94,1197868.25,1850419.25,1200264,653856,650.70,414.17,1064.87,415,652,0.00,0.00,0,0
1544348626,1001-eth3,869550.94,648389.25,1517940.12,649686,871290,300.40,575.85,876.25,577,301,0.00,0.00,0,0
1544348626,2007-eth4,42890.22,9487.03,52377.25,9506,42976,528.94,96.81,625.75,97,530,0.00,0.00,0,0
1544348626,2004-eth2,641670.69,607772.50,1249443.12,608988,642954,519.96,209.58,729.54,210,521,0.00,0.00,0,0
1544348626,3002-eth1,7824.35,7824.35,15648.70,7840,7840,79.84,79.84,159.68,80,80,0.00,0.00,0,0
1544348626,3004-eth1,869610.81,41069.86,910680.69,41152,871350,301.40,574.85,876.25,576,302,0.00,0.00,0,0
1544348626,2006-eth3,1206662.75,21277.45,1227940.12,21320,1209076,700.60,248.50,949.10,249,702,0.00,0.00,0,0
1544348626,3004-eth2,645642.75,1193642.75,1839285.50,1196030,646934,560.88,262.48,823.35,263,562,0.00,0.00,0,0
1544348626,3001-eth3,1222345.38,634185.62,1856531.00,635454,1224790,609.78,609.78,1219.56,611,611,0.00,0.00,0,0
1544348626,2003-eth4,41069.86,869610.81,910680.69,871350,41152,574.85,301.40,876.25,302,576,0.00,0.00,0,0
1544348626,2008-eth4,1200764.50,688620.75,1889385.25,689998,1203166,414.17,865.27,1279.44,867,415,0.00,0.00,0,0
1544348626,3008-eth3,14097.80,222522.95,236620.77,222968,14126,166.67,171.66,338.32,172,167,0.00,0.00,0,0
1544348626,2005-eth2,32179.64,3716.57,35896.21,3724,32244,441.12,37.92,479.04,38,442,0.00,0.00,0,0
1544348626,2006-eth4,659429.19,1187796.50,1847225.62,1190172,660748,714.57,261.48,976.05,262,716,0.00,0.00,0,0
1544348626,3006-eth2,1187796.50,659429.19,1847225.62,660748,1190172,261.48,714.57,976.05,716,262,0.00,0.00,0,0
1544348626,1003-eth4,623174.81,663001.00,1286175.88,663664,623798,214.79,467.53,682.32,468,215,0.00,0.00,0,0
1544348626,2006-eth2,3560.44,642409.62,645970.06,643052,3564,53.95,521.48,575.42,522,54,0.00,0.00,0,0
1544348626,3001-eth1,7892.11,20493.51,28385.62,20514,7900,80.92,272.73,353.65,273,81,0.00,0.00,0,0
1544348626,3008-eth2,689308.69,1201964.12,1891272.75,1203166,689998,866.13,414.59,1280.72,415,867,0.00,0.00,0,0
1544348626,2004-eth3,608379.62,623174.81,1231554.50,623798,608988,209.79,214.79,424.58,215,210,0.00,0.00,0,0
1544348626,3001-eth4,36093.91,1226451.62,1262545.50,1227678,36130,499.50,518.48,1017.98,519,500,0.00,0.00,0,0
1544348626,1003-eth1,3916.08,202793.22,206709.30,202996,3920,39.96,69.93,109.89,70,40,0.00,0.00,0,0
1544348626,3002-eth2,204751.25,5578.42,210329.67,5584,204956,89.91,74.93,164.84,75,90,0.00,0.00,0,0
1544348626,2005-eth4,702383.62,658303.69,1360687.38,658962,703086,278.72,670.33,949.05,671,279,0.00,0.00,0,0
1544348626,3003-eth2,623174.81,605420.62,1228595.50,606026,623798,214.79,208.79,423.58,209,215,0.00,0.00,0,0
1544348626,2007-eth1,13450.55,30647.35,44097.90,30678,13464,203.80,380.62,584.42,381,204,0.00,0.00,0,0
1544348626,1002-eth4,14209.79,15272.73,29482.52,15288,14224,167.83,155.84,323.68,156,168,0.00,0.00,0,0
1544348626,3002-eth4,1223410.62,229364.64,1452775.25,229594,1224634,476.52,472.53,949.05,473,477,0.00,0.00,0,0
1544348626,2007-eth3,7734.27,24965.04,32699.30,24990,7742,78.92,321.68,400.60,322,79,0.00,0.00,0,0
1544348626,3005-eth1,721536.50,870419.62,1591956.12,871290,722258,587.41,300.70,888.11,301,588,0.00,0.00,0,0
1544348626,2001-eth4,7832.17,7832.17,15664.34,7840,7840,79.92,79.92,159.84,80,80,0.00,0.00,0,0
1544348626,3003-eth4,1209496.50,649152.88,1858649.38,649802,1210706,616.38,608.39,1224.78,609,617,0.00,0.00,0,0
1544348626,2004-eth1,627090.94,1187470.50,1814561.50,1188658,627718,254.75,260.74,515.48,261,255,0.00,0.00,0,0
1544348626,3006-eth4,1222771.25,1208058.00,2430829.25,1209266,1223994,576.42,660.34,1236.76,661,577,0.00,0.00,0,0
1544348626,3007-eth1,24965.04,7734.27,32699.30,7742,24990,321.68,78.92,400.60,79,322,0.00,0.00,0,0
1544348626,2008-eth1,662935.06,623174.81,1286109.88,623798,663598,466.53,214.79,681.32,215,467,0.00,0.00,0,0
1544348626,2002-eth2,609238.75,3560.44,612799.19,3564,609848,247.75,53.95,301.70,54,248,0.00,0.00,0,0
1544348626,2003-eth1,870479.56,633666.38,1504145.88,634300,871350,301.70,417.58,719.28,418,302,0.00,0.00,0,0
1544348626,3008-eth4,1219642.38,464785.22,1684427.62,465250,1220862,608.39,620.38,1228.77,621,609,0.00,0.00,0,0
1544348626,1004-eth4,3720.28,0.00,3720.28,0,3724,37.96,0.00,37.96,0,38,0.00,0.00,0,0
1544348626,3006-eth1,658303.69,702383.62,1360687.38,703086,658962,670.33,278.72,949.05,279,671,0.00,0.00,0,0
1544348626,1004-eth3,642409.62,3560.44,645970.06,3564,643052,521.48,53.95,575.42,54,522,0.00,0.00,0,0
1544348626,1002-eth2,27792.21,12917.08,40709.29,12930,27820,373.63,195.80,569.43,196,374,0.00,0.00,0,0
1544348626,3004-eth3,27852.15,880014.00,907866.19,880894,27880,374.63,398.60,773.23,399,375,0.00,0.00,0,0
1544348626,2003-eth3,633666.38,26109.89,659776.25,26136,634300,417.58,395.60,813.19,396,418,0.00,0.00,0,0
1544348626,2005-eth1,648905.12,870419.62,1519324.75,871290,649554,574.43,300.70,875.12,301,575,0.00,0.00,0,0
1544348626,3002-eth3,36361.64,1223590.50,1259952.12,1224814,36398,502.50,518.48,1020.98,519,503,0.00,0.00,0,0
1544348626,3006-eth3,24859.14,759878.12,784737.31,760638,24884,329.67,354.65,684.32,355,330,0.00,0.00,0,0
1544348626,2001-eth1,1958.04,0.00,1958.04,0,1960,19.98,0.00,19.98,0,20,0.00,0.00,0,0
1544348626,3005-eth2,21298.70,1204843.25,1226141.88,1206048,21320,248.75,699.30,948.05,700,249,0.00,0.00,0,0
1544348626,2001-eth2,9790.21,24409.59,34199.80,24434,9800,99.90,312.69,412.59,313,100,0.00,0.00,0,0
1544348626,3007-eth2,1196105.88,653005.00,1849111.00,653658,1197302,413.59,648.35,1061.94,649,414,0.00,0.00,0,0
1544348626,1001-eth1,0.00,1958.04,1958.04,1960,0,0.00,19.98,19.98,20,0,0.00,0.00,0,0
1544348626,3007-eth4,22411.59,597358.69,619770.25,597956,22434,291.71,301.70,593.41,302,292,0.00,0.00,0,0
1544348626,2003-eth2,12917.08,27792.21,40709.29,27820,12930,195.80,373.63,569.43,374,196,0.00,0.00,0,0
1544348626,3007-eth3,1221760.25,1222155.88,2443916.25,1223378,1222982,802.20,808.19,1610.39,809,803,0.00,0.00,0,0
1544348626,1002-eth1,24409.59,9790.21,34199.80,9800,24434,312.69,99.90,412.59,100,313,0.00,0.00,0,0
1544348626,2002-eth3,2017.98,607340.69,609358.69,607948,2020,20.98,228.77,249.75,229,21,0.00,0.00,0,0
1544348626,2007-eth2,15272.73,14209.79,29482.52,14224,15288,155.84,167.83,323.68,168,156,0.00,0.00,0,0
1544348626,total,39167804.00,39668132.00,78835944.00,39707802,39206972,27311.69,27660.34,54972.03,27688,27339,0.00,0.00,0,0
1544348627,3003-eth3,1213868.12,1216040.00,2429908.25,1217256,1215082,792.21,803.20,1595.40,804,793,0.00,0.00,0,0
1544348627,2002-eth1,245792.22,3976.02,249768.23,3980,246038,85.91,40.96,126.87,41,86,0.00,0.00,0,0
1544348627,lo,7780.22,7780.22,15560.44,7788,7788,75.92,75.92,151.85,76,76,0.00,0.00,0,0
1544348627,3005-eth3,1215468.62,605924.06,1821392.62,606530,1216684,553.45,610.39,1163.84,611,554,0.00,0.00,0,0
1544348627,2005-eth3,814131.88,588381.62,1402513.50,588970,814946,280.72,520.48,801.20,521,281,0.00,0.00,0,0
1544348627,3004-eth4,1203051.00,625414.62,1828465.62,626040,1204254,606.39,599.40,1205.79,600,607,0.00,0.00,0,0
1544348627,1004-eth2,602521.50,631027.00,1233548.50,631658,603124,208.79,656.34,865.13,657,209,0.00,0.00,0,0
1544348627,2004-eth4,1193087.00,634943.06,1828030.00,635578,1194280,411.59,696.30,1107.89,697,412,0.00,0.00,0,0
1544348627,1001-eth2,613084.94,814131.88,1427216.88,814946,613698,412.59,280.72,693.31,281,413,0.00,0.00,0,0
1544348627,1003-eth3,1020115.94,1193087.00,2213202.75,1194280,1021136,574.43,411.59,986.01,412,575,0.00,0.00,0,0
1544348627,2002-eth4,6705.29,247592.42,254297.70,247840,6712,91.91,103.90,195.80,104,92,0.00,0.00,0,0
1544348627,1001-eth4,33236.77,13582.42,46819.18,13596,33270,406.59,205.79,612.39,206,407,0.00,0.00,0,0
1544348627,3001-eth2,604419.62,1958.04,606377.62,1960,605024,227.77,19.98,247.75,20,228,0.00,0.00,0,0
1544348627,1004-eth1,4747.25,606339.69,611086.94,606946,4752,71.93,247.75,319.68,248,72,0.00,0.00,0,0
1544348627,3005-eth4,1217270.75,575646.38,1792917.12,576222,1218488,612.39,634.37,1246.75,635,613,0.00,0.00,0,0
1544348627,1003-eth2,1193146.88,640499.50,1833646.38,641140,1194340,412.59,260.74,673.33,261,413,0.00,0.00,0,0
1544348627,3008-eth1,9790.21,45288.71,55078.92,45334,9800,99.90,550.45,650.35,551,100,0.00,0.00,0,0
1544348627,1002-eth3,3878.12,31022.98,34901.10,31054,3882,39.96,422.58,462.54,423,40,0.00,0.00,0,0
1544348627,2006-eth1,1193087.00,1020115.94,2213202.75,1021136,1194280,411.59,574.43,986.01,575,412,0.00,0.00,0,0
1544348627,3003-eth1,25972.03,613019.00,638991.00,613632,25998,393.61,411.59,805.19,412,394,0.00,0.00,0,0
1544348627,2001-eth3,20815.19,7832.17,28647.35,7840,20836,276.72,79.92,356.64,80,277,0.00,0.00,0,0
1544348627,2008-eth2,0.00,3780.22,3780.22,3784,0,0.00,38.96,38.96,39,0,0.00,0.00,0,0
1544348627,2008-eth3,666155.88,1190127.88,1856283.75,1191318,666822,650.35,410.59,1060.94,411,651,0.00,0.00,0,0
1544348627,1001-eth3,814131.88,630781.25,1444913.12,631412,814946,280.72,593.41,874.13,594,281,0.00,0.00,0,0
1544348627,2007-eth4,45288.71,9790.21,55078.92,9800,45334,550.45,99.90,650.35,100,551,0.00,0.00,0,0
1544348627,2004-eth2,631027.00,602521.50,1233548.50,603124,631658,656.34,208.79,865.13,209,657,0.00,0.00,0,0
1544348627,3002-eth1,7832.17,7794.21,15626.37,7802,7840,79.92,79.92,159.84,80,80,0.00,0.00,0,0
1544348627,3004-eth1,814131.88,39890.11,854022.00,39930,814946,280.72,556.44,837.16,557,281,0.00,0.00,0,0
1544348627,2006-eth3,1020056.00,24091.91,1044147.88,24116,1021076,573.43,277.72,851.15,278,574,0.00,0.00,0,0
1544348627,3004-eth2,634943.06,1193087.00,1828030.00,1194280,635578,696.30,411.59,1107.89,412,697,0.00,0.00,0,0
1544348627,3001-eth3,1219286.75,628703.31,1847990.00,629332,1220506,611.39,605.39,1216.78,606,612,0.00,0.00,0,0
1544348627,2003-eth4,39890.11,814131.88,854022.00,814946,39930,556.44,280.72,837.16,281,557,0.00,0.00,0,0
1544348627,2008-eth4,1190127.88,813914.12,2004042.00,814728,1191318,410.59,891.11,1301.70,892,411,0.00,0.00,0,0
1544348627,3008-eth3,14009.99,200747.27,214757.25,200948,14024,163.84,165.83,329.67,166,164,0.00,0.00,0,0
1544348627,2005-eth2,31022.98,3878.12,34901.10,3882,31054,422.58,39.96,462.54,40,423,0.00,0.00,0,0
1544348627,2006-eth4,650469.56,1193087.00,1843556.50,1194280,651120,863.14,411.59,1274.73,412,864,0.00,0.00,0,0
1544348627,3006-eth2,1193087.00,650469.56,1843556.50,651120,1194280,411.59,863.14,1274.73,864,412,0.00,0.00,0,0
1544348627,1003-eth4,636583.44,788002.00,1424585.50,788790,637220,220.78,498.50,719.28,499,221,0.00,0.00,0,0
1544348627,2006-eth2,4747.25,631184.81,635932.06,631816,4752,71.93,658.34,730.27,659,72,0.00,0.00,0,0
1544348627,3001-eth1,7832.17,20815.19,28647.35,20836,7840,79.92,276.72,356.64,277,80,0.00,0.00,0,0
1544348627,3008-eth2,813914.12,1190127.88,2004042.00,1191318,814728,891.11,410.59,1301.70,411,892,0.00,0.00,0,0
1544348627,2004-eth3,602521.50,636583.44,1239104.88,637220,603124,208.79,220.78,429.57,221,209,0.00,0.00,0,0
1544348627,3001-eth4,36031.97,1217672.38,1253704.38,1218890,36068,497.50,516.48,1013.99,517,498,0.00,0.00,0,0
1544348627,1003-eth1,3976.02,245792.22,249768.23,246038,3980,40.96,85.91,126.87,86,41,0.00,0.00,0,0
1544348627,3002-eth2,247592.42,6705.29,254297.70,6712,247840,103.90,91.91,195.80,92,104,0.00,0.00,0,0
1544348627,2005-eth4,570771.25,640375.62,1211146.88,641016,571342,234.77,691.31,926.07,692,235,0.00,0.00,0,0
1544348627,3003-eth2,636583.44,602521.50,1239104.88,603124,637220,220.78,208.79,429.57,209,221,0.00,0.00,0,0
1544348627,2007-eth1,13582.42,33236.77,46819.18,33270,13596,205.79,406.59,612.39,407,206,0.00,0.00,0,0
1544348627,1002-eth4,13912.09,15468.53,29380.62,15484,13926,162.84,157.84,320.68,158,163,0.00,0.00,0,0
1544348627,3002-eth4,1215588.50,272105.91,1487694.38,272378,1216804,489.51,484.52,974.03,485,490,0.00,0.00,0,0
1544348627,2007-eth3,7734.27,25134.87,32869.13,25160,7742,78.92,323.68,402.60,324,79,0.00,0.00,0,0
1544348627,3005-eth1,588381.62,814131.88,1402513.50,814946,588970,520.48,280.72,801.20,281,521,0.00,0.00,0,0
1544348627,2001-eth4,7794.21,7832.17,15626.37,7840,7802,79.92,79.92,159.84,80,80,0.00,0.00,0,0
1544348627,3003-eth4,1203704.38,662501.50,1866205.88,663164,1204908,616.38,613.39,1229.77,614,617,0.00,0.00,0,0
1544348627,2004-eth1,640499.50,1193146.88,1833646.38,1194340,641140,260.74,412.59,673.33,413,261,0.00,0.00,0,0
1544348627,3006-eth4,1219316.75,1219196.88,2438513.50,1220416,1220536,743.26,807.19,1550.45,808,744,0.00,0.00,0,0
1544348627,3007-eth1,25134.87,7734.27,32869.13,7742,25160,323.68,78.92,402.60,79,324,0.00,0.00,0,0
1544348627,2008-eth1,788002.00,636583.44,1424585.50,637220,788790,498.50,220.78,719.28,221,499,0.00,0.00,0,0
1544348627,2002-eth2,606339.69,4747.25,611086.94,4752,606946,247.75,71.93,319.68,72,248,0.00,0.00,0,0
1544348627,2003-eth1,814131.88,613084.94,1427216.88,613698,814946,280.72,412.59,693.31,413,281,0.00,0.00,0,0
1544348627,3008-eth4,1209472.50,610957.06,1820429.62,611568,1210682,616.38,643.36,1259.74,644,617,0.00,0.00,0,0
1544348627,1004-eth4,3780.22,0.00,3780.22,0,3784,38.96,0.00,38.96,0,39,0.00,0.00,0,0
1544348627,3006-eth1,640375.62,570771.25,1211146.88,571342,641016,691.31,234.77,926.07,235,692,0.00,0.00,0,0
1544348627,1004-eth3,631184.81,4747.25,635932.06,4752,631816,658.34,71.93,730.27,72,659,0.00,0.00,0,0
1544348627,1002-eth2,26901.10,12923.08,39824.18,12936,26928,359.64,195.80,555.44,196,360,0.00,0.00,0,0
1544348627,3004-eth3,26901.10,823726.31,850627.38,824550,26928,359.64,378.62,738.26,379,360,0.00,0.00,0,0
1544348627,2003-eth3,613019.00,25972.03,638991.00,25998,613632,411.59,393.61,805.19,394,412,0.00,0.00,0,0
1544348627,2005-eth1,630781.25,814131.88,1444913.12,814946,631412,593.41,280.72,874.13,281,594,0.00,0.00,0,0
1544348627,3002-eth3,36065.93,1217574.50,1253640.38,1218792,36102,498.50,515.48,1013.99,516,499,0.00,0.00,0,0
1544348627,3006-eth3,23770.23,727524.50,751294.75,728252,23794,312.69,345.65,658.34,346,313,0.00,0.00,0,0
1544348627,2001-eth1,2017.98,0.00,2017.98,0,2020,20.98,0.00,20.98,0,21,0.00,0.00,0,0
1544348627,3005-eth2,24091.91,1020056.00,1044147.88,1021076,24116,277.72,573.43,851.15,574,278,0.00,0.00,0,0
1544348627,2001-eth2,9850.15,24573.43,34423.58,24598,9860,100.90,314.69,415.58,315,101,0.00,0.00,0,0
1544348627,3007-eth2,1190127.88,666155.88,1856283.75,666822,1191318,410.59,650.35,1060.94,651,411,0.00,0.00,0,0
1544348627,1001-eth1,0.00,2017.98,2017.98,2020,0,0.00,20.98,20.98,21,0,0.00,0.00,0,0
1544348627,3007-eth4,21760.24,589830.19,611590.44,590420,21782,282.72,297.70,580.42,298,283,0.00,0.00,0,0
1544348627,2003-eth2,12923.08,26901.10,39824.18,26928,12936,195.80,359.64,555.44,360,196,0.00,0.00,0,0
1544348627,3007-eth3,1212877.12,1215974.00,2428851.25,1217190,1214090,799.20,802.20,1601.40,803,800,0.00,0.00,0,0
1544348627,1002-eth1,24573.43,9850.15,34423.58,9860,24598,314.69,100.90,415.58,101,315,0.00,0.00,0,0
1544348627,2002-eth3,1958.04,604419.62,606377.62,605024,1960,19.98,227.77,247.75,228,20,0.00,0.00,0,0
1544348627,2007-eth2,15468.53,13912.09,29380.62,13926,15484,157.84,162.84,320.68,163,158,0.00,0.00,0,0
1544348627,total,38476004.00,38597100.00,77073104.00,38635698,38514482,28454.55,28722.28,57176.82,28751,28483,0.00,0.00,0,0
1544348628,3003-eth3,1209786.25,1209990.00,2419776.25,1211200,1210996,796.20,799.20,1595.40,800,797,0.00,0.00,0,0
1544348628,2002-eth1,223506.50,3916.08,227422.58,3920,223730,76.92,39.96,116.88,40,77,0.00,0.00,0,0
1544348628,lo,71182.82,71182.82,142365.64,71254,71254,291.71,291.71,583.42,292,292,0.00,0.00,0,0
1544348628,3005-eth3,1217708.38,743926.12,1961634.38,744670,1218926,609.39,722.28,1331.67,723,610,0.00,0.00,0,0
1544348628,2005-eth3,796437.56,719696.31,1516133.88,720416,797234,275.72,559.44,835.16,560,276,0.00,0.00,0,0
1544348628,3004-eth4,1194107.88,619298.69,1813406.62,619918,1195302,602.40,594.41,1196.80,595,603,0.00,0.00,0,0
1544348628,1004-eth2,599502.50,625172.88,1224675.38,625798,600102,206.79,654.35,861.14,655,207,0.00,0.00,0,0
1544348628,2004-eth4,1181250.75,629088.94,1810339.75,629718,1182432,407.59,694.31,1101.90,695,408,0.00,0.00,0,0
1544348628,1001-eth2,607035.00,796377.62,1403412.62,797174,607642,408.59,274.73,683.32,275,409,0.00,0.00,0,0
1544348628,1003-eth3,990069.94,1184269.75,2174339.75,1185454,991060,557.44,409.59,967.03,410,558,0.00,0.00,0,0
1544348628,2002-eth4,6969.03,225464.55,232433.58,225690,6976,95.90,96.90,192.81,97,96,0.00,0.00,0,0
1544348628,1001-eth4,30717.28,13510.49,44227.77,13524,30748,367.63,204.80,572.43,205,368,0.00,0.00,0,0
1544348628,3001-eth2,601460.56,1958.04,603418.62,1960,602062,226.77,19.98,246.75,20,227,0.00,0.00,0,0
1544348628,1004-eth1,5010.99,603418.62,608429.56,604022,5016,75.92,246.75,322.68,247,76,0.00,0.00,0,0
1544348628,3005-eth4,1205348.62,455186.81,1660535.50,455642,1206554,618.38,628.37,1246.75,629,619,0.00,0.00,0,0
1544348628,1003-eth2,1181250.75,649316.69,1830567.50,649966,1182432,407.59,262.74,670.33,263,408,0.00,0.00,0,0
1544348628,3008-eth1,9496.50,42441.56,51938.06,42484,9506,96.90,507.49,604.40,508,97,0.00,0.00,0,0
1544348628,1002-eth3,3916.08,30883.12,34799.20,30914,3920,39.96,419.58,459.54,420,40,0.00,0.00,0,0
1544348628,2006-eth1,1184269.75,990069.94,2174339.75,991060,1185454,409.59,557.44,967.03,558,410,0.00,0.00,0,0
1544348628,3003-eth1,25780.22,607100.94,632881.12,607708,25806,390.61,409.59,800.20,410,391,0.00,0.00,0,0
1544348628,2001-eth3,20755.25,7832.17,28587.41,7840,20776,275.72,79.92,355.64,80,276,0.00,0.00,0,0
1544348628,2008-eth2,0.00,3916.08,3916.08,3920,0,0.00,39.96,39.96,40,0,0.00,0.00,0,0
1544348628,2008-eth3,674833.19,1184209.88,1859043.00,1185394,675508,649.35,408.59,1057.94,409,650,0.00,0.00,0,0
1544348628,1001-eth3,796377.62,622501.50,1418879.12,623124,797174,274.73,554.45,829.17,555,275,0.00,0.00,0,0
1544348628,2007-eth4,42441.56,9496.50,51938.06,9506,42484,507.49,96.90,604.40,97,508,0.00,0.00,0,0
1544348628,2004-eth2,625172.88,599502.50,1224675.38,600102,625798,654.35,206.79,861.14,207,655,0.00,0.00,0,0
1544348628,3002-eth1,7734.27,7734.27,15468.53,7742,7742,78.92,78.92,157.84,79,79,0.00,0.00,0,0
1544348628,3004-eth1,796377.62,39494.51,835872.12,39534,797174,274.73,550.45,825.17,551,275,0.00,0.00,0,0
1544348628,2006-eth3,990129.88,24637.36,1014767.25,24662,991120,558.44,284.72,843.16,285,559,0.00,0.00,0,0
1544348628,3004-eth2,629088.94,1181250.75,1810339.75,1182432,629718,694.31,407.59,1101.90,408,695,0.00,0.00,0,0
1544348628,3001-eth3,1208903.12,625546.50,1834449.62,626172,1210112,607.39,601.40,1208.79,602,608,0.00,0.00,0,0
1544348628,2003-eth4,39494.51,796377.62,835872.12,797174,39534,550.45,274.73,825.17,275,551,0.00,0.00,0,0
1544348628,2008-eth4,1181250.75,778467.56,1959718.38,779246,1182432,407.59,858.14,1265.73,859,408,0.00,0.00,0,0
1544348628,3008-eth3,13644.36,190063.94,203708.30,190254,13658,159.84,158.84,318.68,159,160,0.00,0.00,0,0
1544348628,2005-eth2,30883.12,3916.08,34799.20,3920,30914,419.58,39.96,459.54,40,420,0.00,0.00,0,0
1544348628,2006-eth4,644859.19,1187228.75,1832088.00,1188416,645504,864.14,410.59,1274.73,411,865,0.00,0.00,0,0
1544348628,3006-eth2,1187228.75,644859.19,1832088.00,645504,1188416,410.59,864.14,1274.73,865,411,0.00,0.00,0,0
1544348628,1003-eth4,645400.62,752885.12,1398285.75,753638,646046,222.78,470.53,693.31,471,223,0.00,0.00,0,0
1544348628,2006-eth2,5070.93,625172.88,630243.75,625798,5076,76.92,654.35,731.27,655,77,0.00,0.00,0,0
1544348628,3001-eth1,7832.17,20755.25,28587.41,20776,7840,79.92,275.72,355.64,276,80,0.00,0.00,0,0
1544348628,3008-eth2,778467.56,1181250.75,1959718.38,1182432,779246,858.14,407.59,1265.73,408,859,0.00,0.00,0,0
1544348628,2004-eth3,599502.50,645400.62,1244903.12,646046,600102,206.79,222.78,429.57,223,207,0.00,0.00,0,0
1544348628,3001-eth4,35834.17,1214713.38,1250547.50,1215928,35870,494.51,515.48,1009.99,516,495,0.00,0.00,0,0
1544348628,1003-eth1,3916.08,223506.50,227422.58,223730,3920,39.96,76.92,116.88,77,40,0.00,0.00,0,0
1544348628,3002-eth2,225464.55,6969.03,232433.58,6976,225690,96.90,95.90,192.81,96,97,0.00,0.00,0,0
1544348628,2005-eth4,702639.38,632357.69,1334997.00,632990,703342,281.72,655.34,937.06,656,282,0.00,0.00,0,0
1544348628,3003-eth2,645400.62,599502.50,1244903.12,600102,646046,222.78,206.79,429.57,207,223,0.00,0.00,0,0
1544348628,2007-eth1,13510.49,30717.28,44227.77,30748,13524,204.80,367.63,572.43,368,205,0.00,0.00,0,0
1544348628,1002-eth4,13938.06,15528.47,29466.54,15544,13952,162.84,158.84,321.68,159,163,0.00,0.00,0,0
1544348628,3002-eth4,1209538.50,249748.27,1459286.75,249998,1210748,485.51,474.53,960.04,475,486,0.00,0.00,0,0
1544348628,2007-eth3,7636.36,24905.10,32541.46,24930,7644,77.92,320.68,398.60,321,78,0.00,0.00,0,0
1544348628,3005-eth1,719696.31,796437.56,1516133.88,797234,720416,559.44,275.72,835.16,276,560,0.00,0.00,0,0
1544348628,2001-eth4,7734.27,7734.27,15468.53,7742,7742,78.92,78.92,157.84,79,79,0.00,0.00,0,0
1544348628,3003-eth4,1194767.25,671114.88,1865882.12,671786,1195962,612.39,612.39,1224.78,613,613,0.00,0.00,0,0
1544348628,2004-eth1,649316.69,1181250.75,1830567.50,1182432,649966,262.74,407.59,670.33,408,263,0.00,0.00,0,0
1544348628,3006-eth4,1211958.12,1212949.12,2424907.25,1214162,1213170,807.19,800.20,1607.39,801,808,0.00,0.00,0,0
1544348628,3007-eth1,24905.10,7636.36,32541.46,7644,24930,320.68,77.92,398.60,78,321,0.00,0.00,0,0
1544348628,2008-eth1,752885.12,645400.62,1398285.75,646046,753638,470.53,222.78,693.31,223,471,0.00,0.00,0,0
1544348628,2002-eth2,603418.62,5010.99,608429.56,5016,604022,246.75,75.92,322.68,76,247,0.00,0.00,0,0
1544348628,2003-eth1,796377.62,607035.00,1403412.62,607642,797174,274.73,408.59,683.32,409,275,0.00,0.00,0,0
1544348628,3008-eth4,1197884.12,588735.25,1786619.38,589324,1199082,615.38,657.34,1272.73,658,616,0.00,0.00,0,0
1544348628,1004-eth4,3916.08,0.00,3916.08,0,3920,39.96,0.00,39.96,0,40,0.00,0.00,0,0
1544348628,3006-eth1,632357.69,702639.38,1334997.00,703342,632990,655.34,281.72,937.06,282,656,0.00,0.00,0,0
1544348628,1004-eth3,625172.88,5070.93,630243.75,5076,625798,654.35,76.92,731.27,77,655,0.00,0.00,0,0
1544348628,1002-eth2,26697.30,12923.08,39620.38,12936,26724,356.64,195.80,552.45,196,357,0.00,0.00,0,0
1544348628,3004-eth3,26637.36,806167.88,832805.19,806974,26664,355.64,374.63,730.27,375,356,0.00,0.00,0,0
1544348628,2003-eth3,607100.94,25780.22,632881.12,25806,607708,409.59,390.61,800.20,391,410,0.00,0.00,0,0
1544348628,2005-eth1,622501.50,796377.62,1418879.12,797174,623124,554.45,274.73,829.17,275,555,0.00,0.00,0,0
1544348628,3002-eth3,35934.07,1214615.38,1250549.50,1215830,35970,496.50,514.49,1010.99,515,497,0.00,0.00,0,0
1544348628,3006-eth3,26399.60,860943.06,887342.69,861804,26426,351.65,393.61,745.25,394,352,0.00,0.00,0,0
1544348628,2001-eth1,1860.14,0.00,1860.14,0,1862,18.98,0.00,18.98,0,19,0.00,0.00,0,0
1544348628,3005-eth2,24637.36,990129.88,1014767.25,991120,24662,284.72,558.44,843.16,559,285,0.00,0.00,0,0
1544348628,2001-eth2,9790.21,24633.37,34423.58,24658,9800,99.90,315.68,415.58,316,100,0.00,0.00,0,0
1544348628,3007-eth2,1184209.88,674833.19,1859043.00,675508,1185394,408.59,649.35,1057.94,650,409,0.00,0.00,0,0
1544348628,1001-eth1,0.00,1860.14,1860.14,1862,0,0.00,18.98,18.98,19,0,0.00,0.00,0,0
1544348628,3007-eth4,21858.14,600121.88,621980.06,600722,21880,283.72,300.70,584.42,301,284,0.00,0.00,0,0
1544348628,2003-eth2,12923.08,26697.30,39620.38,26724,12936,195.80,356.64,552.45,357,196,0.00,0.00,0,0
1544348628,3007-eth3,1205646.38,1212883.12,2418529.50,1214096,1206852,777.22,799.20,1576.42,800,778,0.00,0.00,0,0
1544348628,1002-eth1,24633.37,9790.21,34423.58,9800,24658,315.68,99.90,415.58,100,316,0.00,0.00,0,0
1544348628,2002-eth3,1958.04,601460.56,603418.62,602062,1960,19.98,226.77,246.75,227,20,0.00,0.00,0,0
1544348628,2007-eth2,15528.47,13938.06,29466.54,13952,15544,158.84,162.84,321.68,163,159,0.00,0.00,0,0
1544348628,total,38396840.00,38656888.00,77053736.00,38695544,38435236,28547.45,28821.18,57368.63,28850,28576,0.00,0.00,0,0
1544348629,3003-eth3,1217486.50,1216105.88,2433592.50,1217322,1218704,803.20,804.20,1607.39,805,804,0.00,0.00,0,0
1544348629,2002-eth1,251650.36,3916.08,255566.44,3920,251902,86.91,39.96,126.87,40,87,0.00,0.00,0,0
1544348629,lo,5528.47,5528.47,11056.94,5534,5534,53.95,53.95,107.89,54,54,0.00,0.00,0,0
1544348629,3005-eth3,1225037.00,723304.69,1948341.75,724028,1226262,742.26,777.22,1519.48,778,743,0.00,0.00,0,0
1544348629,2005-eth3,771192.81,690369.62,1461562.50,691060,771964,265.73,553.45,819.18,554,266,0.00,0.00,0,0
1544348629,3004-eth4,1211994.00,625612.38,1837606.50,626238,1213206,610.39,602.40,1212.79,603,611,0.00,0.00,0,0
1544348629,1004-eth2,596543.50,631612.38,1228155.88,632244,597140,205.79,664.34,870.13,665,206,0.00,0.00,0,0
1544348629,2004-eth4,1196105.88,635468.56,1831574.50,636104,1197302,413.59,703.30,1116.88,704,414,0.00,0.00,0,0
1544348629,1001-eth2,613150.88,771192.81,1384343.75,771964,613764,413.59,265.73,679.32,266,414,0.00,0.00,0,0
1544348629,1003-eth3,1205098.88,1193087.00,2398186.00,1194280,1206304,659.34,411.59,1070.93,412,660,0.00,0.00,0,0
1544348629,2002-eth4,6969.03,253608.41,260577.42,253862,6976,95.90,106.89,202.80,107,96,0.00,0.00,0,0
1544348629,1001-eth4,45003.00,13648.35,58651.35,13662,45048,540.46,206.79,747.25,207,541,0.00,0.00,0,0
1544348629,3001-eth2,598501.50,1958.04,600459.56,1960,599100,225.77,19.98,245.75,20,226,0.00,0.00,0,0
1544348629,1004-eth1,5070.93,600459.56,605530.50,601060,5076,76.92,245.75,322.68,246,77,0.00,0.00,0,0
1544348629,3005-eth4,1219852.12,631670.38,1851522.50,632302,1221072,635.36,650.35,1285.71,651,636,0.00,0.00,0,0
1544348629,1003-eth2,1196046.00,670030.00,1866076.00,670700,1197242,412.59,269.73,682.32,270,413,0.00,0.00,0,0
1544348629,3008-eth1,9850.15,57450.55,67300.70,57508,9860,100.90,690.31,791.21,691,101,0.00,0.00,0,0
1544348629,1002-eth3,3916.08,31086.91,35003.00,31118,3920,39.96,422.58,462.54,423,40,0.00,0.00,0,0
1544348629,2006-eth1,1193087.00,1205098.88,2398186.00,1206304,1194280,411.59,659.34,1070.93,660,412,0.00,0.00,0,0
1544348629,3003-eth1,25978.02,613150.88,639128.88,613764,26004,393.61,413.59,807.19,414,394,0.00,0.00,0,0
1544348629,2001-eth3,20887.11,7832.17,28719.28,7840,20908,277.72,79.92,357.64,80,278,0.00,0.00,0,0
1544348629,2008-eth2,59.94,3916.08,3976.02,3920,60,1.00,39.96,40.96,40,1,0.00,0.00,0,0
1544348629,2008-eth3,696067.94,1193087.00,1889154.88,1194280,696764,664.34,411.59,1075.92,412,665,0.00,0.00,0,0
1544348629,1001-eth3,771252.75,642487.50,1413740.25,643130,772024,266.73,726.27,993.01,727,267,0.00,0.00,0,0
1544348629,2007-eth4,57450.55,9850.15,67300.70,9860,57508,690.31,100.90,791.21,101,691,0.00,0.00,0,0
1544348629,2004-eth2,631612.38,596543.50,1228155.88,597140,632244,664.34,205.79,870.13,206,665,0.00,0.00,0,0
1544348629,3002-eth1,7832.17,7832.17,15664.34,7840,7840,79.92,79.92,159.84,80,80,0.00,0.00,0,0
1544348629,3004-eth1,771192.81,39394.61,810587.44,39434,771964,265.73,548.45,814.19,549,266,0.00,0.00,0,0
1544348629,2006-eth3,1205098.88,34215.79,1239314.75,34250,1206304,659.34,386.61,1045.95,387,660,0.00,0.00,0,0
1544348629,3004-eth2,635468.56,1196105.88,1831574.50,1197302,636104,703.30,413.59,1116.88,414,704,0.00,0.00,0,0
1544348629,3001-eth3,1217846.12,622785.25,1840631.38,623408,1219064,611.39,603.40,1214.79,604,612,0.00,0.00,0,0
1544348629,2003-eth4,39394.61,771192.81,810587.44,771964,39434,548.45,265.73,814.19,266,549,0.00,0.00,0,0
1544348629,2008-eth4,1196105.88,1018877.12,2214983.00,1019896,1197302,413.59,994.01,1407.59,995,414,0.00,0.00,0,0
1544348629,3008-eth3,14405.59,215542.47,229948.06,215758,14420,169.83,170.83,340.66,171,170,0.00,0.00,0,0
1544348629,2005-eth2,31086.91,3916.08,35003.00,3920,31118,422.58,39.96,462.54,40,423,0.00,0.00,0,0
1544348629,2006-eth4,660757.25,1190127.88,1850885.12,1191318,661418,974.03,410.59,1384.62,411,975,0.00,0.00,0,0
1544348629,3006-eth2,1190127.88,660757.25,1850885.12,661418,1191318,410.59,974.03,1384.62,975,411,0.00,0.00,0,0
1544348629,1003-eth4,666113.88,992965.06,1659079.00,993958,666780,229.77,601.40,831.17,602,230,0.00,0.00,0,0
1544348629,2006-eth2,5010.99,631552.44,636563.44,632184,5016,75.92,663.34,739.26,664,76,0.00,0.00,0,0
1544348629,3001-eth1,7832.17,20887.11,28719.28,20908,7840,79.92,277.72,357.64,278,80,0.00,0.00,0,0
1544348629,3008-eth2,1018877.12,1196105.88,2214983.00,1197302,1019896,994.01,413.59,1407.59,414,995,0.00,0.00,0,0
1544348629,2004-eth3,596543.50,666113.88,1262657.38,666780,597140,205.79,229.77,435.56,230,206,0.00,0.00,0,0
1544348629,3001-eth4,36031.97,1217672.38,1253704.38,1218890,36068,497.50,516.48,1013.99,517,498,0.00,0.00,0,0
1544348629,1003-eth1,3916.08,251650.36,255566.44,251902,3920,39.96,86.91,126.87,87,40,0.00,0.00,0,0
1544348629,3002-eth2,253608.41,6969.03,260577.42,6976,253862,106.89,95.90,202.80,96,107,0.00,0.00,0,0
1544348629,2005-eth4,672989.00,652211.81,1325200.88,652864,673662,270.73,825.17,1095.90,826,271,0.00,0.00,0,0
1544348629,3003-eth2,666113.88,596543.50,1262657.38,597140,666780,229.77,205.79,435.56,206,230,0.00,0.00,0,0
1544348629,2007-eth1,13648.35,45003.00,58651.35,45048,13662,206.79,540.46,747.25,541,207,0.00,0.00,0,0
1544348629,1002-eth4,14405.59,15664.34,30069.93,15680,14420,169.83,159.84,329.67,160,170,0.00,0.00,0,0
1544348629,3002-eth4,1216175.88,278023.97,1494199.88,278302,1217392,498.50,486.51,985.02,487,499,0.00,0.00,0,0
1544348629,2007-eth3,7892.11,25396.60,33288.71,25422,7900,80.92,326.67,407.59,327,81,0.00,0.00,0,0
1544348629,3005-eth1,690369.62,771192.81,1461562.50,771964,691060,553.45,265.73,819.18,266,554,0.00,0.00,0,0
1544348629,2001-eth4,7832.17,7832.17,15664.34,7840,7840,79.92,79.92,159.84,80,80,0.00,0.00,0,0
1544348629,3003-eth4,1206735.25,692091.94,1898827.25,692784,1207942,618.38,623.38,1241.76,624,619,0.00,0.00,0,0
1544348629,2004-eth1,670030.00,1196046.00,1866076.00,1197242,670700,269.73,412.59,682.32,413,270,0.00,0.00,0,0
1544348629,3006-eth4,1216016.00,1216303.75,2432319.75,1217520,1217232,671.33,807.19,1478.52,808,672,0.00,0.00,0,0
1544348629,3007-eth1,25396.60,7892.11,33288.71,7900,25422,326.67,80.92,407.59,81,327,0.00,0.00,0,0
1544348629,2008-eth1,992965.06,666113.88,1659079.00,666780,993958,601.40,229.77,831.17,230,602,0.00,0.00,0,0
1544348629,2002-eth2,600459.56,5070.93,605530.50,5076,601060,245.75,76.92,322.68,77,246,0.00,0.00,0,0
1544348629,2003-eth1,771192.81,613150.88,1384343.75,613764,771964,265.73,413.59,679.32,414,266,0.00,0.00,0,0
1544348629,3008-eth4,1216092.00,799284.75,2015376.62,800084,1217308,717.28,713.29,1430.57,714,718,0.00,0.00,0,0
1544348629,1004-eth4,3916.08,59.94,3976.02,60,3920,39.96,1.00,40.96,1,40,0.00,0.00,0,0
1544348629,3006-eth1,652211.81,672989.00,1325200.88,673662,652864,825.17,270.73,1095.90,271,826,0.00,0.00,0,0
1544348629,1004-eth3,631552.44,5010.99,636563.44,5016,632184,663.34,75.92,739.26,76,664,0.00,0.00,0,0
1544348629,1002-eth2,26471.53,13054.95,39526.47,13068,26498,352.65,197.80,550.45,198,353,0.00,0.00,0,0
1544348629,3004-eth3,26471.53,780983.06,807454.56,781764,26498,352.65,365.63,718.28,366,353,0.00,0.00,0,0
1544348629,2003-eth3,613150.88,25978.02,639128.88,26004,613764,413.59,393.61,807.19,394,414,0.00,0.00,0,0
1544348629,2005-eth1,642487.50,771252.75,1413740.25,772024,643130,726.27,266.73,993.01,267,727,0.00,0.00,0,0
1544348629,3002-eth3,36163.84,1217672.38,1253836.25,1218890,36200,499.50,516.48,1015.98,517,500,0.00,0.00,0,0
1544348629,3006-eth3,22251.75,675904.12,698155.88,676580,22274,288.71,329.67,618.38,330,289,0.00,0.00,0,0
1544348629,2001-eth1,1958.04,0.00,1958.04,0,1960,19.98,0.00,19.98,0,20,0.00,0.00,0,0
1544348629,3005-eth2,34215.79,1205098.88,1239314.75,1206304,34250,386.61,659.34,1045.95,660,387,0.00,0.00,0,0
1544348629,2001-eth2,9790.21,24803.20,34593.41,24828,9800,99.90,317.68,417.58,318,100,0.00,0.00,0,0
1544348629,3007-eth2,1193087.00,696067.94,1889154.88,696764,1194280,411.59,664.34,1075.92,665,412,0.00,0.00,0,0
1544348629,1001-eth1,0.00,1958.04,1958.04,1960,0,0.00,19.98,19.98,20,0,0.00,0.00,0,0
1544348629,3007-eth4,22053.95,615210.81,637264.75,615826,22076,285.71,308.69,594.41,309,286,0.00,0.00,0,0
1544348629,2003-eth2,13054.95,26471.53,39526.47,26498,13068,197.80,352.65,550.45,353,198,0.00,0.00,0,0
1544348629,3007-eth3,1215481.12,1214826.38,2430307.50,1217256,1217912,790.42,802.40,1592.81,804,792,0.00,0.00,0,0
1544348629,1002-eth1,24778.44,9780.44,34558.88,9800,24828,317.37,99.80,417.17,100,318,0.00,0.00,0,0
1544348629,2002-eth3,1956.09,597904.19,599860.31,599100,1960,19.96,225.55,245.51,226,20,0.00,0.00,0,0
1544348629,2007-eth2,15648.70,14391.22,30039.92,14420,15680,159.68,169.66,329.34,170,160,0.00,0.00,0,0
1544348629,total,39469488.00,39891960.00,79361448.00,39971746,39548424,29869.26,30154.69,60023.95,30215,29929,0.00,0.00,0,0
1544348630,3003-eth3,1223826.38,1220870.25,2444696.75,1223312,1226274,807.39,806.39,1613.77,808,809,0.00,0.00,0,0
1544348630,2002-eth1,251399.20,3912.18,255311.39,3920,251902,86.83,39.92,126.75,40,87,0.00,0.00,0,0
1544348630,lo,0.00,0.00,0.00,0,0,0.00,0.00,0.00,0,0,0.00,0.00,0,0
1544348630,3005-eth3,1228676.62,661912.19,1890588.88,663236,1231134,749.50,770.46,1519.96,772,751,0.00,0.00,0,0
1544348630,2005-eth3,763065.88,633317.38,1396383.25,634584,764592,263.47,530.94,794.41,532,264,0.00,0.00,0,0
1544348630,3004-eth4,1204938.12,624856.31,1829794.50,626106,1207348,608.78,599.80,1208.58,601,610,0.00,0.00,0,0
1544348630,1004-eth2,598904.19,630724.56,1229628.75,631986,600102,206.59,659.68,866.27,661,207,0.00,0.00,0,0
1544348630,2004-eth4,1191896.25,634636.75,1826533.00,635906,1194280,411.18,699.60,1110.78,701,412,0.00,0.00,0,0
1544348630,1001-eth2,611946.12,763065.88,1375012.00,764592,613170,404.19,263.47,667.66,264,405,0.00,0.00,0,0
1544348630,1003-eth3,592574.88,1191896.25,1784471.12,1194280,593760,439.12,411.18,850.30,412,440,0.00,0.00,0,0
1544348630,2002-eth4,7225.55,253355.30,260580.84,253862,7240,99.80,106.79,206.59,107,100,0.00,0.00,0,0
1544348630,1001-eth4,42147.71,13041.92,55189.62,13068,42232,506.99,197.60,704.59,198,508,0.00,0.00,0,0
1544348630,3001-eth2,600860.31,1956.09,602816.38,1960,602062,226.55,19.96,246.51,20,227,0.00,0.00,0,0
1544348630,1004-eth1,5269.46,602816.38,608085.88,604022,5280,79.84,246.51,326.35,247,80,0.00,0.00,0,0
1544348630,3005-eth4,1219618.75,661461.12,1881079.88,662784,1222058,675.65,694.61,1370.26,696,677,0.00,0.00,0,0
1544348630,1003-eth2,1191896.25,656025.94,1847922.25,657338,1194280,411.18,264.47,675.65,265,412,0.00,0.00,0,0
1544348630,3008-eth1,9780.44,54516.97,64297.41,54626,9800,99.80,655.69,755.49,657,100,0.00,0.00,0,0
1544348630,1002-eth3,3912.18,30858.29,34770.46,30920,3920,39.92,419.16,459.08,420,40,0.00,0.00,0,0
1544348630,2006-eth1,1191896.25,592574.88,1784471.12,593760,1194280,411.18,439.12,850.30,440,412,0.00,0.00,0,0
1544348630,3003-eth1,26017.96,611946.12,637964.06,613170,26070,394.21,404.19,798.40,405,395,0.00,0.00,0,0
1544348630,2001-eth3,20800.40,7824.35,28624.75,7840,20842,276.45,79.84,356.29,80,277,0.00,0.00,0,0
1544348630,2008-eth2,0.00,3912.18,3912.18,3920,0,0.00,39.92,39.92,40,0,0.00,0.00,0,0
1544348630,2008-eth3,682109.81,1194852.38,1876962.12,1197242,683474,659.68,412.18,1071.86,413,661,0.00,0.00,0,0
1544348630,1001-eth3,763065.88,639095.81,1402161.75,640374,764592,263.47,693.61,957.09,695,264,0.00,0.00,0,0
1544348630,2007-eth4,54516.97,9780.44,64297.41,9800,54626,655.69,99.80,755.49,100,657,0.00,0.00,0,0
1544348630,2004-eth2,630724.56,598904.19,1229628.75,600102,631986,659.68,206.59,866.27,207,661,0.00,0.00,0,0
1544348630,3002-eth1,7824.35,7824.35,15648.70,7840,7840,79.84,79.84,159.68,80,80,0.00,0.00,0,0
1544348630,3004-eth1,763065.88,39355.29,802421.19,39434,764592,263.47,547.90,811.38,549,264,0.00,0.00,0,0
1544348630,2006-eth3,592574.88,32287.43,624862.31,32352,593760,439.12,367.27,806.39,368,440,0.00,0.00,0,0
1544348630,3004-eth2,634636.75,1191896.25,1826533.00,1194280,635906,699.60,411.18,1110.78,412,701,0.00,0.00,0,0
1544348630,3001-eth3,1219652.75,625185.62,1844838.38,626436,1222092,612.77,604.79,1217.56,606,614,0.00,0.00,0,0
1544348630,2003-eth4,39355.29,763065.88,802421.19,764592,39434,547.90,263.47,811.38,264,549,0.00,0.00,0,0
1544348630,2008-eth4,1194852.38,327842.31,1522694.62,328498,1197242,412.18,719.56,1131.74,721,413,0.00,0.00,0,0
1544348630,3008-eth3,14325.35,213882.23,228207.59,214310,14354,168.66,170.66,339.32,171,169,0.00,0.00,0,0
1544348630,2005-eth2,30858.29,3912.18,34770.46,3920,30920,419.16,39.92,459.08,40,420,0.00,0.00,0,0
1544348630,2006-eth4,657742.56,1191896.25,1849638.75,1194280,659058,947.11,411.18,1358.28,412,949,0.00,0.00,0,0
1544348630,3006-eth2,1191896.25,657742.56,1849638.75,659058,1194280,411.18,947.11,1358.28,949,412,0.00,0.00,0,0
1544348630,1003-eth4,652113.81,301758.50,953872.31,302362,653418,224.55,324.35,548.90,325,225,0.00,0.00,0,0
1544348630,2006-eth2,5269.46,630724.56,635994.00,631986,5280,79.84,659.68,739.52,661,80,0.00,0.00,0,0
1544348630,3001-eth1,7824.35,20800.40,28624.75,20842,7840,79.84,276.45,356.29,277,80,0.00,0.00,0,0
1544348630,3008-eth2,327842.31,1194852.38,1522694.62,1197242,328498,719.56,412.18,1131.74,413,721,0.00,0.00,0,0
1544348630,2004-eth3,598904.19,652113.81,1251018.00,653418,600102,206.59,224.55,431.14,225,207,0.00,0.00,0,0
1544348630,3001-eth4,36061.88,1219413.25,1255475.12,1221852,36134,498.00,516.97,1014.97,518,499,0.00,0.00,0,0
1544348630,1003-eth1,3912.18,251399.20,255311.39,251902,3920,39.92,86.83,126.75,87,40,0.00,0.00,0,0
1544348630,3002-eth2,253355.30,7225.55,260580.84,7240,253862,106.79,99.80,206.59,100,107,0.00,0.00,0,0
1544348630,2005-eth4,616151.69,648876.25,1265028.00,650174,617384,251.50,793.41,1044.91,795,252,0.00,0.00,0,0
1544348630,3003-eth2,652113.81,598904.19,1251018.00,600102,653418,224.55,206.59,431.14,207,225,0.00,0.00,0,0
1544348630,2007-eth1,13041.92,42147.71,55189.62,42232,13068,197.60,506.99,704.59,508,198,0.00,0.00,0,0
1544348630,1002-eth4,14325.35,15648.70,29974.05,15680,14354,168.66,159.68,328.34,160,169,0.00,0.00,0,0
1544348630,3002-eth4,1222391.25,277878.25,1500269.50,278434,1224836,501.00,488.02,989.02,489,502,0.00,0.00,0,0
1544348630,2007-eth3,7824.35,24778.44,32602.79,24828,7840,79.84,317.37,397.21,318,80,0.00,0.00,0,0
1544348630,3005-eth1,633317.38,763065.88,1396383.25,764592,634584,530.94,263.47,794.41,264,532,0.00,0.00,0,0
1544348630,2001-eth4,7824.35,7824.35,15648.70,7840,7840,79.84,79.84,159.68,80,80,0.00,0.00,0,0
1544348630,3003-eth4,1207828.38,678131.75,1885960.12,679488,1210244,608.78,618.76,1227.54,620,610,0.00,0.00,0,0
1544348630,2004-eth1,656025.94,1191896.25,1847922.25,1194280,657338,264.47,411.18,675.65,412,265,0.00,0.00,0,0
1544348630,3006-eth4,1220994.00,1217914.25,2438908.25,1220350,1223436,764.47,805.39,1569.86,807,766,0.00,0.00,0,0
1544348630,3007-eth1,24778.44,7824.35,32602.79,7840,24828,317.37,79.84,397.21,80,318,0.00,0.00,0,0
1544348630,2008-eth1,301758.50,652113.81,953872.31,653418,302362,324.35,224.55,548.90,225,325,0.00,0.00,0,0
1544348630,2002-eth2,602816.38,5269.46,608085.88,5280,604022,246.51,79.84,326.35,80,247,0.00,0.00,0,0
1544348630,2003-eth1,763065.88,611946.12,1375012.00,613170,764592,263.47,404.19,667.66,405,264,0.00,0.00,0,0
1544348630,3008-eth4,1221870.25,110501.00,1332371.25,110722,1224314,699.60,448.10,1147.70,449,701,0.00,0.00,0,0
1544348630,1004-eth4,3912.18,0.00,3912.18,0,3920,39.92,0.00,39.92,0,40,0.00,0.00,0,0
1544348630,3006-eth1,648876.25,616151.69,1265028.00,617384,650174,793.41,251.50,1044.91,252,795,0.00,0.00,0,0
1544348630,1004-eth3,630724.56,5269.46,635994.00,5280,631986,659.68,79.84,739.52,80,661,0.00,0.00,0,0
1544348630,1002-eth2,26313.37,12976.05,39289.42,13002,26366,350.30,196.61,546.91,197,351,0.00,0.00,0,0
1544348630,3004-eth3,26313.37,772846.31,799159.69,774392,26366,350.30,363.27,713.57,364,351,0.00,0.00,0,0
1544348630,2003-eth3,611946.12,26017.96,637964.06,26070,613170,404.19,394.21,798.40,395,405,0.00,0.00,0,0
1544348630,2005-eth1,639095.81,763065.88,1402161.75,764592,640374,693.61,263.47,957.09,264,695,0.00,0.00,0,0
1544348630,3002-eth3,36259.48,1217968.12,1254227.62,1220404,36332,501.00,516.97,1017.96,518,502,0.00,0.00,0,0
1544348630,3006-eth3,22558.88,719570.88,742129.75,721010,22604,293.41,344.31,637.72,345,294,0.00,0.00,0,0
1544348630,2001-eth1,1956.09,0.00,1956.09,0,1960,19.96,0.00,19.96,0,20,0.00,0.00,0,0
1544348630,3005-eth2,32287.43,592574.88,624862.31,593760,32352,367.27,439.12,806.39,440,368,0.00,0.00,0,0
1544348630,2001-eth2,9780.44,24712.58,34493.02,24762,9800,99.80,316.37,416.17,317,100,0.00,0.00,0,0
1544348630,3007-eth2,1194852.38,682109.81,1876962.12,683474,1197242,412.18,659.68,1071.86,661,413,0.00,0.00,0,0
1544348630,1001-eth1,0.00,1956.09,1956.09,1960,0,0.00,19.96,19.96,20,0,0.00,0.00,0,0
1544348630,3007-eth4,22798.40,666403.19,689201.62,667736,22844,297.41,327.35,624.75,328,298,0.00,0.00,0,0
1544348630,2003-eth2,12976.05,26313.37,39289.42,26366,13002,196.61,350.30,546.91,351,197,0.00,0.00,0,0
1544348630,3007-eth3,1221756.25,1222131.88,2443888.25,1223354,1222978,780.22,808.19,1588.41,809,781,0.00,0.00,0,0
1544348630,1002-eth1,24737.26,9790.21,34527.47,9800,24762,316.68,99.90,416.58,100,317,0.00,0.00,0,0
1544348630,2002-eth3,1958.04,601460.56,603418.62,602062,1960,19.98,226.77,246.75,227,20,0.00,0.00,0,0
1544348630,2007-eth2,15664.34,14339.66,30004.00,14354,15680,159.84,168.83,328.67,169,160,0.00,0.00,0,0
1544348630,total,36735432.00,36496248.00,73231680.00,36532746,36772168,28699.30,28666.33,57365.64,28695,28728,0.00,0.00,0,0
1544348631,3003-eth3,1224851.12,1225114.88,2449966.00,1226340,1226076,805.19,809.19,1614.39,810,806,0.00,0.00,0,0
1544348631,2002-eth1,238301.70,3916.08,242217.78,3920,238540,81.92,39.96,121.88,40,82,0.00,0.00,0,0
1544348631,lo,187.81,187.81,375.62,188,188,2.00,2.00,4.00,2,2,0.00,0.00,0,0
1544348631,3005-eth3,1234589.50,854601.44,2089190.88,855456,1235824,843.16,833.17,1676.32,834,844,0.00,0.00,0,0
1544348631,2005-eth3,780069.94,823394.62,1603464.62,824218,780850,268.73,596.40,865.13,597,269,0.00,0.00,0,0
1544348631,3004-eth4,1212060.00,643366.62,1855426.62,644010,1213272,611.39,608.39,1219.78,609,612,0.00,0.00,0,0
1544348631,1004-eth2,605420.62,649240.75,1254661.38,649890,606026,208.79,668.33,877.12,669,209,0.00,0.00,0,0
1544348631,2004-eth4,1199005.00,653156.88,1852161.88,653810,1200204,413.59,708.29,1121.88,709,414,0.00,0.00,0,0
1544348631,1001-eth2,630443.56,780069.94,1410513.50,780850,631074,412.59,268.73,681.32,269,413,0.00,0.00,0,0
1544348631,1003-eth3,474739.28,1199005.00,1673744.25,1200204,475214,350.65,413.59,764.24,414,351,0.00,0.00,0,0
1544348631,2002-eth4,7100.90,240259.75,247360.64,240500,7108,97.90,101.90,199.80,102,98,0.00,0.00,0,0
1544348631,1001-eth4,28989.01,13186.81,42175.82,13200,29018,362.64,199.80,562.44,200,363,0.00,0.00,0,0
1544348631,3001-eth2,607378.62,1958.04,609336.69,1960,607986,228.77,19.98,248.75,20,229,0.00,0.00,0,0
1544348631,1004-eth1,5142.86,609336.69,614479.56,609946,5148,77.92,248.75,326.67,249,78,0.00,0.00,0,0
1544348631,3005-eth4,1224735.25,425968.03,1650703.38,426394,1225960,687.31,624.38,1311.69,625,688,0.00,0.00,0,0
1544348631,1003-eth2,1199005.00,683378.62,1882383.62,684062,1200204,413.59,274.73,688.31,275,414,0.00,0.00,0,0
1544348631,3008-eth1,9594.41,40779.22,50373.63,40820,9604,97.90,503.50,601.40,504,98,0.00,0.00,0,0
1544348631,1002-eth3,3818.18,30791.21,34609.39,30822,3822,38.96,418.58,457.54,419,39,0.00,0.00,0,0
1544348631,2006-eth1,1199005.00,474739.28,1673744.25,475214,1200204,413.59,350.65,764.24,351,414,0.00,0.00,0,0
1544348631,3003-eth1,26109.89,630443.56,656553.44,631074,26136,395.60,412.59,808.19,413,396,0.00,0.00,0,0
1544348631,2001-eth3,20691.31,7734.27,28425.58,7742,20712,275.72,78.92,354.65,79,276,0.00,0.00,0,0
1544348631,2008-eth2,0.00,3916.08,3916.08,3920,0,0.00,39.96,39.96,40,0,0.00,0.00,0,0
1544348631,2008-eth3,709686.31,1199005.00,1908691.38,1200204,710396,673.33,413.59,1086.91,414,674,0.00,0.00,0,0
1544348631,1001-eth3,780069.94,644385.62,1424455.62,645030,780850,268.73,556.44,825.17,557,269,0.00,0.00,0,0
1544348631,2007-eth4,40779.22,9594.41,50373.63,9604,40820,503.50,97.90,601.40,98,504,0.00,0.00,0,0
1544348631,2004-eth2,649240.75,605420.62,1254661.38,606026,649890,668.33,208.79,877.12,209,669,0.00,0.00,0,0
1544348631,3002-eth1,7636.36,7734.27,15370.63,7742,7644,77.92,78.92,156.84,79,78,0.00,0.00,0,0
1544348631,3004-eth1,780069.94,39790.21,819860.19,39830,780850,268.73,554.45,823.18,555,269,0.00,0.00,0,0
1544348631,2006-eth3,474739.28,20073.93,494813.19,20094,475214,350.65,236.76,587.41,237,351,0.00,0.00,0,0
1544348631,3004-eth2,653156.88,1199005.00,1852161.88,1200204,653810,708.29,413.59,1121.88,414,709,0.00,0.00,0,0
1544348631,3001-eth3,1223962.12,631794.25,1855756.25,632426,1225186,616.38,608.39,1224.78,609,617,0.00,0.00,0,0
1544348631,2003-eth4,39790.21,780069.94,819860.19,780850,39830,554.45,268.73,823.18,269,555,0.00,0.00,0,0
1544348631,2008-eth4,1199005.00,262745.25,1461750.25,263008,1200204,413.59,667.33,1080.92,668,414,0.00,0.00,0,0
1544348631,3008-eth3,13650.35,203510.50,217160.84,203714,13664,159.84,164.84,324.68,165,160,0.00,0.00,0,0
1544348631,2005-eth2,30791.21,3818.18,34609.39,3822,30822,418.58,38.96,457.54,39,419,0.00,0.00,0,0
1544348631,2006-eth4,664171.88,1199005.00,1863176.88,1200204,664836,827.17,413.59,1240.76,414,828,0.00,0.00,0,0
1544348631,3006-eth2,1199005.00,664171.88,1863176.88,664836,1200204,413.59,827.17,1240.76,828,414,0.00,0.00,0,0
1544348631,1003-eth4,679462.56,236437.56,915900.12,236674,680142,234.77,268.73,503.50,269,235,0.00,0.00,0,0
1544348631,2006-eth2,5142.86,649240.75,654383.62,649890,5148,77.92,668.33,746.25,669,78,0.00,0.00,0,0
1544348631,3001-eth1,7734.27,20691.31,28425.58,20712,7742,78.92,275.72,354.65,276,79,0.00,0.00,0,0
1544348631,3008-eth2,262745.25,1199005.00,1461750.25,1200204,263008,667.33,413.59,1080.92,414,668,0.00,0.00,0,0
1544348631,2004-eth3,605420.62,679462.56,1284883.12,680142,606026,208.79,234.77,443.56,235,209,0.00,0.00,0,0
1544348631,3001-eth4,35968.03,1222046.00,1258014.00,1223268,36004,497.50,517.48,1014.99,518,498,0.00,0.00,0,0
1544348631,1003-eth1,3916.08,238301.70,242217.78,238540,3920,39.96,81.92,121.88,82,40,0.00,0.00,0,0
1544348631,3002-eth2,240259.75,7100.90,247360.64,7108,240500,101.90,97.90,199.80,98,102,0.00,0.00,0,0
1544348631,2005-eth4,806113.94,654077.94,1460191.88,654732,806920,315.68,655.34,971.03,656,316,0.00,0.00,0,0
1544348631,3003-eth2,679462.56,605420.62,1284883.12,606026,680142,234.77,208.79,443.56,209,235,0.00,0.00,0,0
1544348631,2007-eth1,13186.81,28989.01,42175.82,29018,13200,199.80,362.64,562.44,363,200,0.00,0.00,0,0
1544348631,1002-eth4,13650.35,15272.73,28923.08,15288,13664,159.84,155.84,315.68,156,160,0.00,0.00,0,0
1544348631,3002-eth4,1224861.12,264873.12,1489734.25,265138,1226086,498.50,484.52,983.02,485,499,0.00,0.00,0,0
1544348631,2007-eth3,7734.27,24739.26,32473.53,24764,7742,78.92,317.68,396.60,318,79,0.00,0.00,0,0
1544348631,3005-eth1,823394.62,780069.94,1603464.62,780850,824218,596.40,268.73,865.13,269,597,0.00,0.00,0,0
1544348631,2001-eth4,7734.27,7636.36,15370.63,7644,7742,78.92,77.92,156.84,78,79,0.00,0.00,0,0
1544348631,3003-eth4,1212257.75,705572.44,1917830.25,706278,1213470,614.39,630.37,1244.76,631,615,0.00,0.00,0,0
1544348631,2004-eth1,683378.62,1199005.00,1882383.62,1200204,684062,274.73,413.59,688.31,414,275,0.00,0.00,0,0
1544348631,3006-eth4,1222477.50,1225114.88,2447592.50,1226340,1223700,769.23,809.19,1578.42,810,770,0.00,0.00,0,0
1544348631,3007-eth1,24739.26,7734.27,32473.53,7742,24764,317.68,78.92,396.60,79,318,0.00,0.00,0,0
1544348631,2008-eth1,236437.56,679462.56,915900.12,680142,236674,268.73,234.77,503.50,235,269,0.00,0.00,0,0
1544348631,2002-eth2,609336.69,5142.86,614479.56,5148,609946,248.75,77.92,326.67,78,249,0.00,0.00,0,0
1544348631,2003-eth1,780069.94,630443.56,1410513.50,631074,780850,268.73,412.59,681.32,413,269,0.00,0.00,0,0
1544348631,3008-eth4,1226147.88,56631.37,1282779.25,56688,1227374,580.42,415.58,996.00,416,581,0.00,0.00,0,0
1544348631,1004-eth4,3916.08,0.00,3916.08,0,3920,39.96,0.00,39.96,0,40,0.00,0.00,0,0
1544348631,3006-eth1,654077.94,806113.94,1460191.88,806920,654732,655.34,315.68,971.03,316,656,0.00,0.00,0,0
1544348631,1004-eth3,649240.75,5142.86,654383.62,5148,649890,668.33,77.92,746.25,78,669,0.00,0.00,0,0
1544348631,1002-eth2,26735.27,13054.95,39790.21,13068,26762,356.64,197.80,554.45,198,357,0.00,0.00,0,0
1544348631,3004-eth3,26735.27,789860.19,816595.44,790650,26762,356.64,368.63,725.27,369,357,0.00,0.00,0,0
1544348631,2003-eth3,630443.56,26109.89,656553.44,26136,631074,412.59,395.60,808.19,396,413,0.00,0.00,0,0
1544348631,2005-eth1,644385.62,780069.94,1424455.62,780850,645030,556.44,268.73,825.17,269,557,0.00,0.00,0,0
1544348631,3002-eth3,36263.74,1223394.62,1259658.38,1224618,36300,501.50,516.48,1017.98,517,502,0.00,0.00,0,0
1544348631,3006-eth3,23670.33,811988.06,835658.38,812800,23694,310.69,375.62,686.31,376,311,0.00,0.00,0,0
1544348631,2001-eth1,1860.14,0.00,1860.14,0,1862,18.98,0.00,18.98,0,19,0.00,0.00,0,0
1544348631,3005-eth2,20073.93,474739.28,494813.19,475214,20094,236.76,350.65,587.41,351,237,0.00,0.00,0,0
1544348631,2001-eth2,9594.41,24509.49,34103.90,24534,9604,97.90,314.69,412.59,315,98,0.00,0.00,0,0
1544348631,3007-eth2,1199005.00,709686.31,1908691.38,710396,1200204,413.59,673.33,1086.91,674,414,0.00,0.00,0,0
1544348631,1001-eth1,0.00,1860.14,1860.14,1862,0,0.00,18.98,18.98,19,0,0.00,0.00,0,0
1544348631,3007-eth4,22747.25,687544.50,710291.75,688232,22770,296.70,331.67,628.37,332,297,0.00,0.00,0,0
1544348631,2003-eth2,13054.95,26735.27,39790.21,26762,13068,197.80,356.64,554.45,357,198,0.00,0.00,0,0
1544348631,3007-eth3,1224361.62,1225246.75,2449608.50,1226472,1225586,776.22,811.19,1587.41,812,777,0.00,0.00,0,0
1544348631,1002-eth1,24509.49,9594.41,34103.90,9604,24534,314.69,97.90,412.59,98,315,0.00,0.00,0,0
1544348631,2002-eth3,1958.04,607378.62,609336.69,607986,1960,19.98,228.77,248.75,229,20,0.00,0.00,0,0
1544348631,2007-eth2,15272.73,13650.35,28923.08,13664,15288,155.84,159.84,315.68,160,156,0.00,0.00,0,0
1544348631,total,37036532.00,36843820.00,73880352.00,36880664,37073568,27810.19,27794.21,55604.40,27822,27838,0.00,0.00,0,0
1544348632,3003-eth3,1220541.00,1220870.25,2441411.25,1223312,1222982,801.40,806.39,1607.78,808,803,0.00,0.00,0,0
1544348632,2002-eth1,245487.03,3912.18,249399.20,3920,245978,84.83,39.92,124.75,40,85,0.00,0.00,0,0
1544348632,lo,562.87,562.87,1125.75,564,564,5.99,5.99,11.98,6,6,0.00,0.00,0,0
1544348632,3005-eth3,1108852.38,1108668.75,2217521.00,1110886,1111070,685.63,765.47,1451.10,767,687,0.00,0.00,0,0
1544348632,2005-eth3,789670.69,1097489.00,1887159.75,1099684,791250,272.46,688.62,961.08,690,273,0.00,0.00,0,0
1544348632,3004-eth4,1208026.00,653037.94,1861063.88,654344,1210442,611.78,610.78,1222.55,612,613,0.00,0.00,0,0
1544348632,1004-eth2,604816.38,658644.75,1263461.12,659962,606026,208.58,667.66,876.25,669,209,0.00,0.00,0,0
1544348632,2004-eth4,1194852.38,662556.88,1857409.25,663882,1197242,412.18,707.58,1119.76,709,413,0.00,0.00,0,0
1544348632,1001-eth2,640391.25,789670.69,1430061.88,791250,641672,419.16,272.46,691.62,273,420,0.00,0.00,0,0
1544348632,1003-eth3,1098355.38,1194852.38,2293207.75,1197242,1100552,443.11,412.18,855.29,413,444,0.00,0.00,0,0
1544348632,2002-eth4,7225.55,247443.12,254668.67,247938,7240,99.80,104.79,204.59,105,100,0.00,0.00,0,0
1544348632,1001-eth4,26942.12,13371.26,40313.38,13398,26996,393.21,202.59,595.81,203,394,0.00,0.00,0,0
1544348632,3001-eth2,606772.50,1956.09,608728.56,1960,607986,228.54,19.96,248.50,20,229,0.00,0.00,0,0
1544348632,1004-eth1,5269.46,608728.56,613998.00,609946,5280,79.84,248.50,328.34,249,80,0.00,0.00,0,0
1544348632,3005-eth4,1219347.38,41211.58,1260558.88,41294,1221786,657.68,406.19,1063.87,407,659,0.00,0.00,0,0
1544348632,1003-eth2,1194852.38,707790.44,1902642.75,709206,1197242,412.18,282.44,694.61,283,413,0.00,0.00,0,0
1544348632,3008-eth1,9682.63,38586.83,48269.46,38664,9702,98.80,530.94,629.74,532,99,0.00,0.00,0,0
1544348632,1002-eth3,3912.18,30465.07,34377.25,30526,3920,39.92,414.17,454.09,415,40,0.00,0.00,0,0
1544348632,2006-eth1,1194852.38,1098355.38,2293207.75,1100552,1197242,412.18,443.11,855.29,444,413,0.00,0.00,0,0
1544348632,3003-eth1,26017.96,640325.38,666343.31,641606,26070,394.21,418.16,812.38,419,395,0.00,0.00,0,0
1544348632,2001-eth3,20668.66,7726.55,28395.21,7742,20710,274.45,78.84,353.29,79,275,0.00,0.00,0,0
1544348632,2008-eth2,0.00,3912.18,3912.18,3920,0,0.00,39.92,39.92,40,0,0.00,0.00,0,0
1544348632,2008-eth3,730251.50,1194852.38,1925103.88,1197242,731712,622.75,412.18,1034.93,413,624,0.00,0.00,0,0
1544348632,1001-eth3,789670.69,652006.00,1441676.62,653310,791250,272.46,589.82,862.28,591,273,0.00,0.00,0,0
1544348632,2007-eth4,38586.83,9682.63,48269.46,9702,38664,530.94,98.80,629.74,99,532,0.00,0.00,0,0
1544348632,2004-eth2,658644.75,604816.38,1263461.12,606026,659962,667.66,208.58,876.25,209,669,0.00,0.00,0,0
1544348632,3002-eth1,7824.35,7726.55,15550.90,7742,7840,79.84,78.84,158.68,79,80,0.00,0.00,0,0
1544348632,3004-eth1,789670.69,39818.36,829489.06,39898,791250,272.46,555.89,828.34,557,273,0.00,0.00,0,0
1544348632,2006-eth3,1098355.38,18003.99,1116359.25,18040,1100552,443.11,267.47,710.58,268,444,0.00,0.00,0,0
1544348632,3004-eth2,662556.88,1194852.38,1857409.25,1197242,663882,707.58,412.18,1119.76,413,709,0.00,0.00,0,0
1544348632,3001-eth3,1225499.00,631163.69,1856662.75,632426,1227950,613.77,607.78,1221.56,609,615,0.00,0.00,0,0
1544348632,2003-eth4,39818.36,789670.69,829489.06,791250,39898,555.89,272.46,828.34,273,557,0.00,0.00,0,0
1544348632,2008-eth4,1194852.38,1054798.38,2249650.75,1056908,1197242,412.18,768.46,1180.64,770,413,0.00,0.00,0,0
1544348632,3008-eth3,13600.80,193025.95,206626.75,193412,13628,157.68,161.68,319.36,162,158,0.00,0.00,0,0
1544348632,2005-eth2,30465.07,3912.18,34377.25,3920,30526,414.17,39.92,454.09,40,415,0.00,0.00,0,0
1544348632,2006-eth4,671379.25,1194852.38,1866231.62,1197242,672722,855.29,412.18,1267.47,413,857,0.00,0.00,0,0
1544348632,3006-eth2,1194852.38,671379.25,1866231.62,672722,1197242,412.18,855.29,1267.47,857,413,0.00,0.00,0,0
1544348632,1003-eth4,703878.25,1032337.38,1736215.62,1034402,705286,242.51,428.14,670.66,429,243,0.00,0.00,0,0
1544348632,2006-eth2,5269.46,658644.75,663914.19,659962,5280,79.84,667.66,747.51,669,80,0.00,0.00,0,0
1544348632,3001-eth1,7726.55,20668.66,28395.21,20710,7742,78.84,274.45,353.29,275,79,0.00,0.00,0,0
1544348632,3008-eth2,1054798.38,1194852.38,2249650.75,1197242,1056908,768.46,412.18,1180.64,413,770,0.00,0.00,0,0
1544348632,2004-eth3,604816.38,703878.25,1308694.62,705286,606026,208.58,242.51,451.10,243,209,0.00,0.00,0,0
1544348632,3001-eth4,36061.88,1222271.50,1258333.38,1224716,36134,498.00,516.97,1014.97,518,499,0.00,0.00,0,0
1544348632,1003-eth1,3912.18,245487.03,249399.20,245978,3920,39.92,84.83,124.75,85,40,0.00,0.00,0,0
1544348632,3002-eth2,247443.12,7225.55,254668.67,7240,247938,104.79,99.80,204.59,100,105,0.00,0.00,0,0
1544348632,2005-eth4,1080455.12,661656.69,1742111.88,662980,1082616,411.18,688.62,1099.80,690,412,0.00,0.00,0,0
1544348632,3003-eth2,703878.25,604816.38,1308694.62,606026,705286,242.51,208.58,451.10,209,243,0.00,0.00,0,0
1544348632,2007-eth1,13371.26,26942.12,40313.38,26996,13398,202.59,393.21,595.81,394,203,0.00,0.00,0,0
1544348632,1002-eth4,13502.99,15550.90,29053.89,15582,13530,156.69,158.68,315.37,159,157,0.00,0.00,0,0
1544348632,3002-eth4,1223770.50,271966.06,1495736.62,272510,1226218,500.00,486.03,986.03,487,501,0.00,0.00,0,0
1544348632,2007-eth3,7726.55,25107.79,32834.33,25158,7742,78.84,322.36,401.20,323,79,0.00,0.00,0,0
1544348632,3005-eth1,1097489.00,789670.69,1887159.75,791250,1099684,688.62,272.46,961.08,273,690,0.00,0.00,0,0
1544348632,2001-eth4,7726.55,7824.35,15550.90,7840,7742,78.84,79.84,158.68,80,79,0.00,0.00,0,0
1544348632,3003-eth4,1208157.75,729896.25,1938054.00,731356,1210574,613.77,636.73,1250.50,638,615,0.00,0.00,0,0
1544348632,2004-eth1,707790.44,1194852.38,1902642.75,1197242,709206,282.44,412.18,694.61,413,283,0.00,0.00,0,0
1544348632,3006-eth4,1225720.62,1221109.88,2446830.50,1223552,1228172,748.50,810.38,1558.88,812,750,0.00,0.00,0,0
1544348632,3007-eth1,25107.79,7726.55,32834.33,7742,25158,322.36,78.84,401.20,79,323,0.00,0.00,0,0
1544348632,2008-eth1,1032337.38,703878.25,1736215.62,705286,1034402,428.14,242.51,670.66,243,429,0.00,0.00,0,0
1544348632,2002-eth2,608728.56,5269.46,613998.00,5280,609946,248.50,79.84,328.34,80,249,0.00,0.00,0,0
1544348632,2003-eth1,789670.69,640391.25,1430061.88,641672,791250,272.46,419.16,691.62,420,273,0.00,0.00,0,0
1544348632,3008-eth4,1207586.88,1019894.25,2227481.00,1021934,1210002,599.80,633.73,1233.53,635,601,0.00,0.00,0,0
1544348632,1004-eth4,3912.18,0.00,3912.18,0,3920,39.92,0.00,39.92,0,40,0.00,0.00,0,0
1544348632,3006-eth1,661656.69,1080455.12,1742111.88,1082616,662980,688.62,411.18,1099.80,412,690,0.00,0.00,0,0
1544348632,1004-eth3,658644.75,5269.46,663914.19,5280,659962,667.66,79.84,747.51,80,669,0.00,0.00,0,0
1544348632,1002-eth2,26644.71,12844.31,39489.02,12870,26698,356.29,194.61,550.90,195,357,0.00,0.00,0,0
1544348632,3004-eth3,26644.71,799255.50,825900.25,800854,26698,356.29,370.26,726.55,371,357,0.00,0.00,0,0
1544348632,2003-eth3,640325.38,26017.96,666343.31,26070,641606,418.16,394.21,812.38,395,419,0.00,0.00,0,0
1544348632,2005-eth1,652006.00,789670.69,1441676.62,791250,653310,589.82,272.46,862.28,273,591,0.00,0.00,0,0
1544348632,3002-eth3,36161.68,1222369.25,1258531.00,1224814,36234,500.00,517.96,1017.96,519,501,0.00,0.00,0,0
1544348632,3006-eth3,23483.04,818503.00,841986.06,820140,23530,308.38,377.25,685.63,378,309,0.00,0.00,0,0
1544348632,2001-eth1,1956.09,0.00,1956.09,0,1960,19.96,0.00,19.96,0,20,0.00,0.00,0,0
1544348632,3005-eth2,18003.99,1098355.38,1116359.25,1100552,18040,267.47,443.11,710.58,444,268,0.00,0.00,0,0
1544348632,2001-eth2,9682.63,24483.04,34165.67,24532,9702,98.80,313.37,412.18,314,99,0.00,0.00,0,0
1544348632,3007-eth2,1194852.38,730251.50,1925103.88,731712,1197242,412.18,622.75,1034.93,624,413,0.00,0.00,0,0
1544348632,1001-eth1,0.00,1956.09,1956.09,1960,0,0.00,19.96,19.96,20,0,0.00,0.00,0,0
1544348632,3007-eth4,22395.21,691521.00,713916.19,692904,22440,291.42,335.33,626.75,336,292,0.00,0.00,0,0
1544348632,2003-eth2,12844.31,26644.71,39489.02,26698,12870,194.61,356.29,550.90,357,195,0.00,0.00,0,0
1544348632,3007-eth3,1219614.75,1220936.12,2440551.00,1223378,1222054,765.47,807.39,1572.85,809,767,0.00,0.00,0,0
1544348632,1002-eth1,24483.04,9682.63,34165.67,9702,24532,313.37,98.80,412.18,99,314,0.00,0.00,0,0
1544348632,2002-eth3,1956.09,606772.50,608728.56,607986,1960,19.96,228.54,248.50,229,20,0.00,0.00,0,0
1544348632,2007-eth2,15550.90,13502.99,29053.89,13530,15582,158.68,156.69,315.37,157,159,0.00,0.00,0,0
1544348632,total,40440872.00,41281112.00,81721984.00,41363670,40521752,28417.17,28557.89,56975.05,28615,28474,0.00,0.00,0,0
1544348633,3003-eth3,1222970.12,1219425.12,2442395.25,1221864,1225416,794.41,806.39,1600.80,808,796,0.00,0.00,0,0
1544348633,2002-eth1,190243.52,3912.18,194155.69,3920,190624,79.84,39.92,119.76,40,80,0.00,0.00,0,0
1544348633,lo,12355.29,12355.29,24710.58,12380,12380,145.71,145.71,291.42,146,146,0.00,0.00,0,0
1544348633,3005-eth3,1060373.25,495612.78,1555986.12,496604,1062494,503.99,524.95,1028.94,526,505,0.00,0.00,0,0
1544348633,2005-eth3,587091.81,501812.38,1088904.25,502816,588266,268.46,512.97,781.44,514,269,0.00,0.00,0,0
1544348633,3004-eth4,1196261.50,666043.94,1862305.50,667376,1198654,608.78,610.78,1219.56,612,610,0.00,0.00,0,0
1544348633,1004-eth2,609283.44,671716.56,1281000.00,673060,610502,210.58,668.66,879.24,670,211,0.00,0.00,0,0
1544348633,2004-eth4,1183028.00,675688.62,1858716.62,677040,1185394,408.18,709.58,1117.76,711,409,0.00,0.00,0,0
1544348633,1001-eth2,653003.00,586566.31,1239569.25,588326,654962,422.73,269.19,691.92,270,424,0.00,0.00,0,0
1544348633,1003-eth3,1217591.25,1181848.50,2399439.75,1185394,1221244,560.32,407.78,968.10,409,562,0.00,0.00,0,0
1544348633,2002-eth4,8245.26,192067.80,200313.06,192644,8270,94.72,100.70,195.41,101,95,0.00,0.00,0,0
1544348633,1001-eth4,39049.90,13305.39,52355.29,13332,39128,516.97,201.60,718.56,202,518,0.00,0.00,0,0
1544348633,3001-eth2,611239.56,1956.09,613195.62,1960,612462,230.54,19.96,250.50,20,231,0.00,0.00,0,0
1544348633,1004-eth1,6297.41,613195.62,619493.00,614422,6310,74.85,250.50,325.35,251,75,0.00,0.00,0,0
1544348633,3005-eth4,1219984.12,201876.25,1421860.38,202280,1222424,694.61,481.04,1175.65,482,696,0.00,0.00,0,0
1544348633,1003-eth2,1183028.00,735906.19,1918934.12,737378,1185394,408.18,292.42,700.60,293,409,0.00,0.00,0,0
1544348633,3008-eth1,9389.22,52483.04,61872.26,52588,9408,95.81,664.67,760.48,666,96,0.00,0.00,0,0
1544348633,1002-eth3,3814.37,38746.51,42560.88,38824,3822,38.92,433.13,472.06,434,39,0.00,0.00,0,0
1544348633,2006-eth1,1183028.00,1218806.38,2401834.50,1221244,1185394,408.18,560.88,969.06,562,409,0.00,0.00,0,0
1544348633,3003-eth1,26083.83,653720.56,679804.44,655028,26136,395.21,424.15,819.36,425,396,0.00,0.00,0,0
1544348633,2001-eth3,20734.53,7726.55,28461.08,7742,20776,275.45,78.84,354.29,79,276,0.00,0.00,0,0
1544348633,2008-eth2,0.00,3716.57,3716.57,3724,0,0.00,37.92,37.92,38,0,0.00,0.00,0,0
1544348633,2008-eth3,758171.69,1191956.12,1950127.75,1194340,759688,630.74,412.18,1042.91,413,632,0.00,0.00,0,0
1544348633,1001-eth3,587091.81,677383.25,1264475.12,678738,588266,268.46,717.56,986.03,719,269,0.00,0.00,0,0
1544348633,2007-eth4,52483.04,9389.22,61872.26,9408,52588,664.67,95.81,760.48,96,666,0.00,0.00,0,0
1544348633,2004-eth2,671716.56,609283.44,1281000.00,610502,673060,668.66,210.58,879.24,211,670,0.00,0.00,0,0
1544348633,3002-eth1,7884.23,7824.35,15708.58,7840,7900,80.84,79.84,160.68,80,81,0.00,0.00,0,0
1544348633,3004-eth1,587151.69,45686.63,632838.31,45778,588326,269.46,558.88,828.34,560,270,0.00,0.00,0,0
1544348633,2006-eth3,1215850.38,24213.57,1240063.88,24262,1218282,559.88,346.31,906.19,347,561,0.00,0.00,0,0
1544348633,3004-eth2,675688.62,1183028.00,1858716.62,1185394,677040,709.58,408.18,1117.76,409,711,0.00,0.00,0,0
1544348633,3001-eth3,1219521.00,635564.88,1855085.88,636836,1221960,610.78,608.78,1219.56,610,612,0.00,0.00,0,0
1544348633,2003-eth4,45686.63,587151.69,632838.31,588326,45778,558.88,269.46,828.34,270,560,0.00,0.00,0,0
1544348633,2008-eth4,1191896.25,1217774.50,2409670.75,1220210,1194280,411.18,937.13,1348.30,939,412,0.00,0.00,0,0
1544348633,3008-eth3,15473.05,195512.98,210986.03,195904,15504,169.66,179.64,349.30,180,170,0.00,0.00,0,0
1544348633,2005-eth2,38746.51,3814.37,42560.88,3822,38824,433.13,38.92,472.06,39,434,0.00,0.00,0,0
1544348633,2006-eth4,689828.38,1183028.00,1872856.38,1185394,691208,942.12,408.18,1350.30,409,944,0.00,0.00,0,0
1544348633,3006-eth2,1183028.00,689828.38,1872856.38,691208,1185394,408.18,942.12,1350.30,944,409,0.00,0.00,0,0
1544348633,1003-eth4,731994.06,1195313.38,1927307.50,1197704,733458,252.50,596.81,849.30,598,253,0.00,0.00,0,0
1544348633,2006-eth2,6297.41,671912.19,678209.62,673256,6310,74.85,670.66,745.51,672,75,0.00,0.00,0,0
1544348633,3001-eth1,7726.55,20734.53,28461.08,20776,7742,78.84,275.45,354.29,276,79,0.00,0.00,0,0
1544348633,3008-eth2,1217774.50,1191896.25,2409670.75,1194280,1220210,937.13,411.18,1348.30,412,939,0.00,0.00,0,0
1544348633,2004-eth3,609283.44,731994.06,1341277.50,733458,610502,210.58,252.50,463.07,253,211,0.00,0.00,0,0
1544348633,3001-eth4,36127.75,1219315.38,1255443.12,1221754,36200,499.00,515.97,1014.97,517,500,0.00,0.00,0,0
1544348633,1003-eth1,3912.18,190243.52,194155.69,190624,3920,39.92,79.84,119.76,80,40,0.00,0.00,0,0
1544348633,3002-eth2,192259.48,8253.49,200512.98,8270,192644,100.80,94.81,195.61,95,101,0.00,0.00,0,0
1544348633,2005-eth4,476726.56,687097.81,1163824.38,688472,477680,219.56,816.37,1035.93,818,220,0.00,0.00,0,0
1544348633,3003-eth2,731994.06,609283.44,1341277.50,610502,733458,252.50,210.58,463.07,211,253,0.00,0.00,0,0
1544348633,2007-eth1,13305.39,39049.90,52355.29,39128,13332,201.60,516.97,718.56,518,202,0.00,0.00,0,0
1544348633,1002-eth4,15780.44,15355.29,31135.73,15386,15812,171.66,156.69,328.34,157,172,0.00,0.00,0,0
1544348633,3002-eth4,1217259.50,216782.44,1434042.00,217216,1219694,496.01,483.03,979.04,484,497,0.00,0.00,0,0
1544348633,2007-eth3,7628.74,24612.78,32241.52,24662,7644,77.84,317.37,395.21,318,78,0.00,0.00,0,0
1544348633,3005-eth1,501812.38,587091.81,1088904.25,588266,502816,512.97,268.46,781.44,269,514,0.00,0.00,0,0
1544348633,2001-eth4,7824.35,7884.23,15708.58,7900,7840,79.84,80.84,160.68,81,80,0.00,0.00,0,0
1544348633,3003-eth4,1206712.62,758012.00,1964724.62,759528,1209126,613.77,646.71,1260.48,648,615,0.00,0.00,0,0
1544348633,2004-eth1,735906.19,1183028.00,1918934.12,1185394,737378,292.42,408.18,700.60,409,293,0.00,0.00,0,0
1544348633,3006-eth4,1220311.38,1217582.88,2437894.25,1220018,1222752,622.75,817.37,1440.12,819,624,0.00,0.00,0,0
1544348633,3007-eth1,24612.78,7628.74,32241.52,7644,24662,317.37,77.84,395.21,78,318,0.00,0.00,0,0
1544348633,2008-eth1,1195313.38,731994.06,1927307.50,733458,1197704,596.81,252.50,849.30,253,598,0.00,0.00,0,0
1544348633,2002-eth2,613195.62,6297.41,619493.00,6310,614422,250.50,74.85,325.35,75,251,0.00,0.00,0,0
1544348633,2003-eth1,587151.69,653654.69,1240806.38,654962,588326,269.46,423.15,692.61,424,270,0.00,0.00,0,0
1544348633,3008-eth4,1209812.38,1214958.12,2424770.50,1217388,1212232,682.63,804.39,1487.03,806,684,0.00,0.00,0,0
1544348633,1004-eth4,3716.57,0.00,3716.57,0,3724,37.92,0.00,37.92,0,38,0.00,0.00,0,0
1544348633,3006-eth1,687097.81,476726.56,1163824.38,477680,688472,816.37,219.56,1035.93,220,818,0.00,0.00,0,0
1544348633,1004-eth3,671912.19,6297.41,678209.62,6310,673256,670.66,74.85,745.51,75,672,0.00,0.00,0,0
1544348633,1002-eth2,32453.09,12970.06,45423.16,12996,32518,358.28,196.61,554.89,197,359,0.00,0.00,0,0
1544348633,3004-eth3,32512.97,596774.44,629287.44,597968,32578,359.28,367.27,726.55,368,360,0.00,0.00,0,0
1544348633,2003-eth3,653720.56,26083.83,679804.44,26136,655028,424.15,395.21,819.36,396,425,0.00,0.00,0,0
1544348633,2005-eth1,677383.25,587091.81,1264475.12,588266,678738,717.56,268.46,986.03,269,719,0.00,0.00,0,0
1544348633,3002-eth3,36253.49,1219413.25,1255666.75,1221852,36326,501.00,516.97,1017.96,518,502,0.00,0.00,0,0
1544348633,3006-eth3,25125.75,509433.16,534558.88,510452,25176,283.43,313.37,596.81,314,284,0.00,0.00,0,0
1544348633,2001-eth1,1956.09,59.88,2015.97,60,1960,19.96,1.00,20.96,1,20,0.00,0.00,0,0
1544348633,3005-eth2,24213.57,1215850.38,1240063.88,1218282,24262,346.31,559.88,906.19,561,347,0.00,0.00,0,0
1544348633,2001-eth2,9682.63,24646.71,34329.34,24696,9702,98.80,315.37,414.17,316,99,0.00,0.00,0,0
1544348633,3007-eth2,1191956.12,758171.69,1950127.75,759688,1194340,412.18,630.74,1042.91,632,413,0.00,0.00,0,0
1544348633,1001-eth1,59.88,1956.09,2015.97,1960,60,1.00,19.96,20.96,20,1,0.00,0.00,0,0
1544348633,3007-eth4,22357.29,716419.19,738776.44,717852,22402,291.42,341.32,632.73,342,292,0.00,0.00,0,0
1544348633,2003-eth2,12970.06,32453.09,45423.16,32518,12996,196.61,358.28,554.89,359,197,0.00,0.00,0,0
1544348633,3007-eth3,1223151.75,1217980.12,2441131.75,1220416,1225598,709.58,806.39,1515.97,808,711,0.00,0.00,0,0
1544348633,1002-eth1,24646.71,9682.63,34329.34,9702,24696,315.37,98.80,414.17,99,316,0.00,0.00,0,0
1544348633,2002-eth3,1956.09,611239.56,613195.62,612462,1960,19.96,230.54,250.50,231,20,0.00,0.00,0,0
1544348633,2007-eth2,15355.29,15780.44,31135.73,15812,15386,156.69,171.66,328.34,172,157,0.00,0.00,0,0
1544348633,total,39104392.00,39240892.00,78345280.00,39319372,39182600,29211.58,29594.81,58806.39,29654,29270,0.00,0.00,0,0
1544348634,3003-eth3,1210513.50,1213015.00,2423528.50,1214228,1211724,785.21,801.20,1586.41,802,786,0.00,0.00,0,0
1544348634,2002-eth1,202197.81,3976.02,206173.83,3980,202400,82.92,40.96,123.88,41,83,0.00,0.00,0,0
1544348634,lo,71048.95,71048.95,142097.91,71120,71120,284.72,284.72,569.43,285,285,0.00,0.00,0,0
1544348634,3005-eth3,1186233.75,262425.59,1448659.38,262688,1187420,522.48,535.46,1057.94,536,523,0.00,0.00,0,0
1544348634,2005-eth3,731356.69,269276.72,1000633.38,269546,732088,319.68,503.50,823.18,504,320,0.00,0.00,0,0
1544348634,3004-eth4,1154589.50,688209.81,1842799.25,688898,1155744,595.40,608.39,1203.80,609,596,0.00,0.00,0,0
1544348634,1004-eth2,611398.62,694149.88,1305548.50,694844,612010,211.79,669.33,881.12,670,212,0.00,0.00,0,0
1544348634,2004-eth4,1141270.75,698065.94,1839336.75,698764,1142412,393.61,709.29,1102.90,710,394,0.00,0.00,0,0
1544348634,1001-eth2,677132.88,731356.69,1408489.50,732088,677810,440.56,319.68,760.24,320,441,0.00,0.00,0,0
1544348634,1003-eth3,1212691.38,1141270.75,2353962.00,1142412,1213904,629.37,393.61,1022.98,394,630,0.00,0.00,0,0
1544348634,2002-eth4,9906.09,204095.91,214002.00,204300,9916,104.90,101.90,206.79,102,105,0.00,0.00,0,0
1544348634,1001-eth4,34943.06,13978.02,48921.08,13992,34978,434.57,211.79,646.35,212,435,0.00,0.00,0,0
1544348634,3001-eth2,613356.69,2017.98,615374.62,2020,613970,231.77,20.98,252.75,21,232,0.00,0.00,0,0
1544348634,1004-eth1,7888.11,615314.69,623202.81,615930,7896,83.92,251.75,335.66,252,84,0.00,0.00,0,0
1544348634,3005-eth4,1218066.00,1033362.69,2251428.75,1034396,1219284,571.43,801.20,1372.63,802,572,0.00,0.00,0,0
1544348634,1003-eth2,1141270.75,797334.69,1938605.50,798132,1142412,393.61,313.69,707.29,314,394,0.00,0.00,0,0
1544348634,3008-eth1,9692.31,48973.03,58665.34,49022,9702,98.90,580.42,679.32,581,99,0.00,0.00,0,0
1544348634,1002-eth3,3976.02,43360.64,47336.66,43404,3980,40.96,473.53,514.49,474,41,0.00,0.00,0,0
1544348634,2006-eth1,1141270.75,1212691.38,2353962.00,1213904,1142412,393.61,629.37,1022.98,630,394,0.00,0.00,0,0
1544348634,3003-eth1,25846.15,677132.88,702979.06,677810,25872,391.61,440.56,832.17,441,392,0.00,0.00,0,0
1544348634,2001-eth3,20261.74,7892.11,28153.85,7900,20282,268.73,80.92,349.65,81,269,0.00,0.00,0,0
1544348634,2008-eth2,0.00,3976.02,3976.02,3980,0,0.00,40.96,40.96,41,0,0.00,0.00,0,0
1544348634,2008-eth3,822059.94,1185656.38,2007716.38,1186842,822882,688.31,408.59,1096.90,409,689,0.00,0.00,0,0
1544348634,1001-eth3,731356.69,696139.88,1427496.50,696836,732088,319.68,643.36,963.04,644,320,0.00,0.00,0,0
1544348634,2007-eth4,48973.03,9692.31,58665.34,9702,49022,580.42,98.90,679.32,99,581,0.00,0.00,0,0
1544348634,2004-eth2,694149.88,611398.62,1305548.50,612010,694844,669.33,211.79,881.12,212,670,0.00,0.00,0,0
1544348634,3002-eth1,7734.27,7832.17,15566.43,7840,7742,78.92,79.92,158.84,80,79,0.00,0.00,0,0
1544348634,3004-eth1,731356.69,50579.42,781936.06,50630,732088,319.68,610.39,930.07,611,320,0.00,0.00,0,0
1544348634,2006-eth3,1215556.50,22057.94,1237614.38,22080,1216772,629.37,298.70,928.07,299,630,0.00,0.00,0,0
1544348634,3004-eth2,698065.94,1141270.75,1839336.75,1142412,698764,709.29,393.61,1102.90,394,710,0.00,0.00,0,0
1544348634,3001-eth3,1211724.25,637448.56,1849172.88,638086,1212936,606.39,606.39,1212.79,607,607,0.00,0.00,0,0
1544348634,2003-eth4,50579.42,731356.69,781936.06,732088,50630,610.39,319.68,930.07,320,611,0.00,0.00,0,0
1544348634,2008-eth4,1185656.38,1212491.50,2398148.00,1213704,1186842,408.59,993.01,1401.60,994,409,0.00,0.00,0,0
1544348634,3008-eth3,15988.01,157252.75,173240.77,157410,16004,165.83,164.84,330.67,165,166,0.00,0.00,0,0
1544348634,2005-eth2,43360.64,3976.02,47336.66,3980,43404,473.53,40.96,514.49,41,474,0.00,0.00,0,0
1544348634,2006-eth4,708259.75,1141270.75,1849530.50,1142412,708968,883.12,393.61,1276.72,394,884,0.00,0.00,0,0
1544348634,3006-eth2,1141270.75,708259.75,1849530.50,708968,1142412,393.61,883.12,1276.72,884,394,0.00,0.00,0,0
1544348634,1003-eth4,793478.56,1187766.25,1981244.75,1188954,794272,274.73,618.38,893.11,619,275,0.00,0.00,0,0
1544348634,2006-eth2,7888.11,694209.81,702097.94,694904,7896,83.92,670.33,754.25,671,84,0.00,0.00,0,0
1544348634,3001-eth1,7892.11,20261.74,28153.85,20282,7900,80.92,268.73,349.65,269,81,0.00,0.00,0,0
1544348634,3008-eth2,1212491.50,1185656.38,2398148.00,1186842,1213704,993.01,408.59,1401.60,409,994,0.00,0.00,0,0
1544348634,2004-eth3,611338.69,793418.62,1404757.25,794212,611950,210.79,273.73,484.52,274,211,0.00,0.00,0,0
1544348634,3001-eth4,35862.14,1211754.25,1247616.38,1212966,35898,495.50,514.49,1009.99,515,496,0.00,0.00,0,0
1544348634,1003-eth1,3976.02,202197.81,206173.83,202400,3980,40.96,82.92,123.88,83,41,0.00,0.00,0,0
1544348634,3002-eth2,204095.91,9906.09,214002.00,9916,204300,101.90,104.90,206.79,105,102,0.00,0.00,0,0
1544348634,2005-eth4,239464.55,705832.19,945296.75,706538,239704,167.83,742.26,910.09,743,168,0.00,0.00,0,0
1544348634,3003-eth2,793418.62,611338.69,1404757.25,611950,794212,273.73,210.79,484.52,211,274,0.00,0.00,0,0
1544348634,2007-eth1,13978.02,34943.06,48921.08,34978,13992,211.79,434.57,646.35,435,212,0.00,0.00,0,0
1544348634,1002-eth4,15792.21,15566.43,31358.64,15582,15808,163.84,158.84,322.68,159,164,0.00,0.00,0,0
1544348634,3002-eth4,1215488.50,228445.56,1443934.12,228674,1216704,497.50,480.52,978.02,481,498,0.00,0.00,0,0
1544348634,2007-eth3,7636.36,25726.28,33362.64,25752,7644,77.92,331.67,409.59,332,78,0.00,0.00,0,0
1544348634,3005-eth1,269276.72,731356.69,1000633.38,732088,269546,503.50,319.68,823.18,320,504,0.00,0.00,0,0
1544348634,2001-eth4,7832.17,7734.27,15566.43,7742,7840,79.92,78.92,158.84,79,80,0.00,0.00,0,0
1544348634,3003-eth4,1201146.88,819198.81,2020345.75,820018,1202348,621.38,664.34,1285.71,665,622,0.00,0.00,0,0
1544348634,2004-eth1,797334.69,1141270.75,1938605.50,1142412,798132,313.69,393.61,707.29,394,314,0.00,0.00,0,0
1544348634,3006-eth4,1211622.38,1184275.75,2395898.25,1185460,1212834,736.26,821.18,1557.44,822,737,0.00,0.00,0,0
1544348634,3007-eth1,25726.28,7636.36,33362.64,7644,25752,331.67,77.92,409.59,78,332,0.00,0.00,0,0
1544348634,2008-eth1,1187766.25,793478.56,1981244.75,794272,1188954,618.38,274.73,893.11,275,619,0.00,0.00,0,0
1544348634,2002-eth2,615314.69,7888.11,623202.81,7896,615930,251.75,83.92,335.66,84,252,0.00,0.00,0,0
1544348634,2003-eth1,731356.69,677132.88,1408489.50,677810,732088,319.68,440.56,760.24,441,320,0.00,0.00,0,0
1544348634,3008-eth4,1199700.38,964389.62,2164090.00,965354,1200900,621.38,716.28,1337.66,717,622,0.00,0.00,0,0
1544348634,1004-eth4,3976.02,0.00,3976.02,0,3980,40.96,0.00,40.96,0,41,0.00,0.00,0,0
1544348634,3006-eth1,705832.19,239464.55,945296.75,239704,706538,742.26,167.83,910.09,168,743,0.00,0.00,0,0
1544348634,1004-eth3,694209.81,7888.11,702097.94,7896,694904,670.33,83.92,754.25,84,671,0.00,0.00,0,0
1544348634,1002-eth2,37260.74,12527.47,49788.21,12540,37298,408.59,189.81,598.40,190,409,0.00,0.00,0,0
1544348634,3004-eth3,37260.74,741049.00,778309.69,741790,37298,408.59,418.58,827.17,419,409,0.00,0.00,0,0
1544348634,2003-eth3,677132.88,25846.15,702979.06,25872,677810,440.56,391.61,832.17,392,441,0.00,0.00,0,0
1544348634,2005-eth1,696139.88,731356.69,1427496.50,732088,696836,643.36,319.68,963.04,320,644,0.00,0.00,0,0
1544348634,3002-eth3,36097.90,1211656.38,1247754.25,1212868,36134,498.50,513.49,1011.99,514,499,0.00,0.00,0,0
1544348634,3006-eth3,30919.08,579414.62,610333.69,579994,30950,324.68,336.66,661.34,337,325,0.00,0.00,0,0
1544348634,2001-eth1,1958.04,0.00,1958.04,0,1960,19.98,0.00,19.98,0,20,0.00,0.00,0,0
1544348634,3005-eth2,22057.94,1215556.50,1237614.38,1216772,22080,298.70,629.37,928.07,630,299,0.00,0.00,0,0
1544348634,2001-eth2,9692.31,24177.82,33870.13,24202,9702,98.90,308.69,407.59,309,99,0.00,0.00,0,0
1544348634,3007-eth2,1185656.38,822059.94,2007716.38,822882,1186842,408.59,688.31,1096.90,689,409,0.00,0.00,0,0
1544348634,1001-eth1,0.00,1958.04,1958.04,1960,0,0.00,19.98,19.98,20,0,0.00,0.00,0,0
1544348634,3007-eth4,21660.34,696519.50,718179.81,697216,21682,280.72,335.66,616.38,336,281,0.00,0.00,0,0
1544348634,2003-eth2,12527.47,37260.74,49788.21,37298,12540,189.81,408.59,598.40,409,190,0.00,0.00,0,0
1544348634,3007-eth3,1207274.75,1211634.38,2418909.25,1212846,1208482,692.31,802.20,1494.51,803,693,0.00,0.00,0,0
1544348634,1002-eth1,24177.82,9692.31,33870.13,9702,24202,308.69,98.90,407.59,99,309,0.00,0.00,0,0
1544348634,2002-eth3,2017.98,613356.69,615374.62,613970,2020,20.98,231.77,252.75,232,21,0.00,0.00,0,0
1544348634,2007-eth2,15566.43,15792.21,31358.64,15808,15582,158.84,163.84,322.68,164,159,0.00,0.00,0,0
1544348634,total,39562304.00,40208204.00,79770504.00,40248412,39601862,29543.46,30240.76,59784.22,30271,29573,0.00,0.00,0,0
1544348635,3003-eth3,1215772.25,1213122.88,2428895.25,1214336,1216988,777.22,803.20,1580.42,804,778,0.00,0.00,0,0
1544348635,2002-eth1,199046.95,3916.08,202963.05,3920,199246,78.92,39.96,118.88,40,79,0.00,0.00,0,0
1544348635,lo,8913.09,8913.09,17826.17,8922,8922,86.91,86.91,173.83,87,87,0.00,0.00,0,0
1544348635,3005-eth3,1213942.12,294645.38,1508587.50,294940,1215156,527.47,541.46,1068.93,542,528,0.00,0.00,0,0
1544348635,2005-eth3,950373.62,289040.97,1239414.62,289330,951324,328.67,450.55,779.22,451,329,0.00,0.00,0,0
1544348635,3004-eth4,1172517.50,710609.44,1883126.88,711320,1173690,604.40,619.38,1223.78,620,605,0.00,0.00,0,0
1544348635,1004-eth2,611338.69,716343.69,1327682.38,717060,611950,210.79,677.32,888.11,678,211,0.00,0.00,0,0
1544348635,2004-eth4,1159025.00,720259.75,1879284.75,720980,1160184,399.60,717.28,1116.88,718,400,0.00,0.00,0,0
1544348635,1001-eth2,698759.25,950313.69,1649073.00,951264,699458,420.58,327.67,748.25,328,421,0.00,0.00,0,0
1544348635,1003-eth3,1216469.62,1159025.00,2375494.50,1160184,1217686,685.31,399.60,1084.92,400,686,0.00,0.00,0,0
1544348635,2002-eth4,6481.52,201005.00,207486.52,201206,6488,83.92,98.90,182.82,99,84,0.00,0.00,0,0
1544348635,1001-eth4,32955.05,13378.62,46333.67,13392,32988,403.60,183.82,587.41,184,404,0.00,0.00,0,0
1544348635,3001-eth2,613296.75,1958.04,615254.75,1960,613910,230.77,19.98,250.75,20,231,0.00,0.00,0,0
1544348635,1004-eth1,4523.48,615254.75,619778.25,615870,4528,63.94,250.75,314.69,251,64,0.00,0.00,0,0
1544348635,3005-eth4,1223061.00,1216517.50,2439578.50,1217734,1224284,756.24,800.20,1556.44,801,757,0.00,0.00,0,0
1544348635,1003-eth2,1159085.00,624195.81,1783280.75,624820,1160244,400.60,276.72,677.32,277,401,0.00,0.00,0,0
1544348635,3008-eth1,9692.31,44093.91,53786.21,44138,9702,98.90,528.47,627.37,529,99,0.00,0.00,0,0
1544348635,1002-eth3,3818.18,31618.38,35436.56,31650,3822,38.96,425.57,464.54,426,39,0.00,0.00,0,0
1544348635,2006-eth1,1159025.00,1216469.62,2375494.50,1217686,1160184,399.60,685.31,1084.92,686,400,0.00,0.00,0,0
1544348635,3003-eth1,25972.03,698759.25,724731.31,699458,25998,393.61,420.58,814.19,421,394,0.00,0.00,0,0
1544348635,2001-eth3,20353.65,7734.27,28087.91,7742,20374,269.73,78.92,348.65,79,270,0.00,0.00,0,0
1544348635,2008-eth2,0.00,3818.18,3818.18,3822,0,0.00,38.96,38.96,39,0,0.00,0.00,0,0
1544348635,2008-eth3,658059.94,1184209.88,1842269.75,1185394,658718,790.21,408.59,1198.80,409,791,0.00,0.00,0,0
1544348635,1001-eth3,950313.69,716437.56,1666751.25,717154,951264,327.67,621.38,949.05,622,328,0.00,0.00,0,0
1544348635,2007-eth4,44093.91,9692.31,53786.21,9702,44138,528.47,98.90,627.37,99,529,0.00,0.00,0,0
1544348635,2004-eth2,716343.69,611338.69,1327682.38,611950,717060,677.32,210.79,888.11,211,678,0.00,0.00,0,0
1544348635,3002-eth1,7832.17,7794.21,15626.37,7802,7840,79.92,79.92,159.84,80,80,0.00,0.00,0,0
1544348635,3004-eth1,950313.69,41604.40,991918.12,41646,951264,327.67,582.42,910.09,583,328,0.00,0.00,0,0
1544348635,2006-eth3,1216503.50,16457.54,1232961.12,16474,1217720,685.31,244.76,930.07,245,686,0.00,0.00,0,0
1544348635,3004-eth2,720259.75,1159025.00,1879284.75,1160184,720980,717.28,399.60,1116.88,400,718,0.00,0.00,0,0
1544348635,3001-eth3,1211400.62,637514.50,1848915.12,638152,1212612,601.40,607.39,1208.79,608,602,0.00,0.00,0,0
1544348635,2003-eth4,41604.40,950313.69,991918.12,951264,41646,582.42,327.67,910.09,328,583,0.00,0.00,0,0
1544348635,2008-eth4,1184209.88,1046535.50,2230745.25,1047582,1185394,408.59,1127.87,1536.46,1129,409,0.00,0.00,0,0
1544348635,3008-eth3,13096.90,141930.08,155026.98,142072,13110,144.86,151.85,296.70,152,145,0.00,0.00,0,0
1544348635,2005-eth2,31618.38,3818.18,35436.56,3822,31650,425.57,38.96,464.54,39,426,0.00,0.00,0,0
1544348635,2006-eth4,728375.62,1159025.00,1887400.62,1160184,729104,859.14,399.60,1258.74,400,860,0.00,0.00,0,0
1544348635,3006-eth2,1159025.00,728375.62,1887400.62,729104,1160184,399.60,859.14,1258.74,860,400,0.00,0.00,0,0
1544348635,1003-eth4,620219.81,1012513.50,1632733.25,1013526,620840,235.76,612.39,848.15,613,236,0.00,0.00,0,0
1544348635,2006-eth2,4523.48,716441.56,720965.06,717158,4528,63.94,678.32,742.26,679,64,0.00,0.00,0,0
1544348635,3001-eth1,7734.27,20353.65,28087.91,20374,7742,78.92,269.73,348.65,270,79,0.00,0.00,0,0
1544348635,3008-eth2,1046535.50,1184209.88,2230745.25,1185394,1047582,1127.87,408.59,1536.46,409,1129,0.00,0.00,0,0
1544348635,2004-eth3,611398.62,620279.75,1231678.38,620900,612010,211.79,236.76,448.55,237,212,0.00,0.00,0,0
1544348635,3001-eth4,35966.04,1217574.50,1253540.50,1218792,36002,496.50,515.48,1011.99,516,497,0.00,0.00,0,0
1544348635,1003-eth1,3916.08,199046.95,202963.05,199246,3920,39.96,78.92,118.88,79,40,0.00,0.00,0,0
1544348635,3002-eth2,201005.00,6481.52,207486.52,6488,201206,98.90,83.92,182.82,84,99,0.00,0.00,0,0
1544348635,2005-eth4,271052.97,726069.94,997122.88,726796,271324,164.84,719.28,884.12,720,165,0.00,0.00,0,0
1544348635,3003-eth2,620279.75,611398.62,1231678.38,612010,620900,236.76,211.79,448.55,212,237,0.00,0.00,0,0
1544348635,2007-eth1,13378.62,32955.05,46333.67,32988,13392,183.82,403.60,587.41,404,184,0.00,0.00,0,0
1544348635,1002-eth4,13058.94,15370.63,28429.57,15386,13072,144.86,156.84,301.70,157,145,0.00,0.00,0,0
1544348635,3002-eth4,1219045.00,225486.52,1444531.50,225712,1220264,487.51,479.52,967.03,480,488,0.00,0.00,0,0
1544348635,2007-eth3,7734.27,24931.07,32665.34,24956,7742,78.92,301.70,380.62,302,79,0.00,0.00,0,0
1544348635,3005-eth1,289040.97,950373.62,1239414.62,951324,289330,450.55,328.67,779.22,329,451,0.00,0.00,0,0
1544348635,2001-eth4,7794.21,7832.17,15626.37,7840,7802,79.92,79.92,159.84,80,80,0.00,0.00,0,0
1544348635,3003-eth4,1200607.38,646131.88,1846739.25,646778,1201808,594.41,628.37,1222.78,629,595,0.00,0.00,0,0
1544348635,2004-eth1,624195.81,1159085.00,1783280.75,1160244,624820,276.72,400.60,677.32,401,277,0.00,0.00,0,0
1544348635,3006-eth4,1224092.00,1207756.25,2431848.25,1208964,1225316,1100.90,949.05,2049.95,950,1102,0.00,0.00,0,0
1544348635,3007-eth1,24931.07,7734.27,32665.34,7742,24956,301.70,78.92,380.62,79,302,0.00,0.00,0,0
1544348635,2008-eth1,1012513.50,620219.81,1632733.25,620840,1013526,612.39,235.76,848.15,236,613,0.00,0.00,0,0
1544348635,2002-eth2,615254.75,4523.48,619778.25,4528,615870,250.75,63.94,314.69,64,251,0.00,0.00,0,0
1544348635,2003-eth1,950313.69,698759.25,1649073.00,699458,951264,327.67,420.58,748.25,421,328,0.00,0.00,0,0
1544348635,3008-eth4,1196209.88,613446.56,1809656.38,614060,1197406,590.41,593.41,1183.82,594,591,0.00,0.00,0,0
1544348635,1004-eth4,3818.18,0.00,3818.18,0,3822,38.96,0.00,38.96,0,39,0.00,0.00,0,0
1544348635,3006-eth1,726069.94,271052.97,997122.88,271324,726796,719.28,164.84,884.12,165,720,0.00,0.00,0,0
1544348635,1004-eth3,716441.56,4523.48,720965.06,4528,717158,678.32,63.94,742.26,64,679,0.00,0.00,0,0
1544348635,1002-eth2,28213.79,12461.54,40675.32,12474,28242,379.62,188.81,568.43,189,380,0.00,0.00,0,0
1544348635,3004-eth3,28153.85,960103.94,988257.75,961064,28182,378.62,427.57,806.19,428,379,0.00,0.00,0,0
1544348635,2003-eth3,698759.25,25972.03,724731.31,25998,699458,420.58,393.61,814.19,394,421,0.00,0.00,0,0
1544348635,2005-eth1,716437.56,950313.69,1666751.25,951264,717154,621.38,327.67,949.05,328,622,0.00,0.00,0,0
1544348635,3002-eth3,36131.87,1217672.38,1253804.25,1218890,36168,499.50,516.48,1015.98,517,500,0.00,0.00,0,0
1544348635,3006-eth3,42243.76,474071.94,516315.69,474546,42286,445.55,316.68,762.24,317,446,0.00,0.00,0,0
1544348635,2001-eth1,2017.98,0.00,2017.98,0,2020,20.98,0.00,20.98,0,21,0.00,0.00,0,0
1544348635,3005-eth2,16457.54,1216503.50,1232961.12,1217720,16474,244.76,685.31,930.07,686,245,0.00,0.00,0,0
1544348635,2001-eth2,9752.25,24171.83,33924.08,24196,9762,99.90,308.69,408.59,309,100,0.00,0.00,0,0
1544348635,3007-eth2,1184209.88,658059.94,1842269.75,658718,1185394,408.59,790.21,1198.80,791,409,0.00,0.00,0,0
1544348635,1001-eth1,0.00,2017.98,2017.98,2020,0,0.00,20.98,20.98,21,0,0.00,0.00,0,0
1544348635,3007-eth4,24589.41,762575.44,787164.88,763338,24614,310.69,372.63,683.32,373,311,0.00,0.00,0,0
1544348635,2003-eth2,12461.54,28213.79,40675.32,28242,12474,188.81,379.62,568.43,380,189,0.00,0.00,0,0
1544348635,3007-eth3,1215556.50,1212583.50,2428140.00,1213796,1216772,708.29,805.19,1513.49,806,709,0.00,0.00,0,0
1544348635,1002-eth1,24171.83,9752.25,33924.08,9762,24196,308.69,99.90,408.59,100,309,0.00,0.00,0,0
1544348635,2002-eth3,1958.04,613296.75,615254.75,613910,1960,19.98,230.77,250.75,231,20,0.00,0.00,0,0
1544348635,2007-eth2,15370.63,13058.94,28429.57,13072,15386,156.84,144.86,301.70,145,157,0.00,0.00,0,0
1544348635,total,39661092.00,40140444.00,79801536.00,40180586,39700750,29700.30,29804.20,59504.50,29834,29730,0.00,0.00,0,0
1544348636,3003-eth3,1214032.00,1216147.88,2430180.00,1217364,1215246,773.23,805.19,1578.42,806,774,0.00,0.00,0,0
1544348636,2002-eth1,193916.09,3986.01,197902.11,3990,194110,66.93,40.96,107.89,41,67,0.00,0.00,0,0
1544348636,lo,13994.01,13994.01,27988.01,14008,14008,132.87,132.87,265.73,133,133,0.00,0.00,0,0
1544348636,3005-eth3,1217826.25,390075.94,1607902.12,390466,1219044,537.46,540.46,1077.92,541,538,0.00,0.00,0,0
1544348636,2005-eth3,947424.62,385790.22,1333214.88,386176,948372,327.67,475.52,803.20,476,328,0.00,0.00,0,0
1544348636,3004-eth4,1184795.25,735118.88,1919914.12,735854,1185980,505.49,530.47,1035.96,531,506,0.00,0.00,0,0
1544348636,1004-eth2,629092.94,740913.12,1370006.00,741654,629722,216.78,589.41,806.19,590,217,0.00,0.00,0,0
1544348636,2004-eth4,1171230.75,744839.19,1916070.00,745584,1172402,299.70,629.37,929.07,630,300,0.00,0.00,0,0
1544348636,1001-eth2,734329.69,947424.62,1681754.25,948372,735064,437.56,327.67,765.23,328,438,0.00,0.00,0,0
1544348636,1003-eth3,1220829.25,1171230.75,2392060.00,1172402,1222050,630.37,299.70,930.07,300,631,0.00,0.00,0,0
1544348636,2002-eth4,5452.55,195874.12,201326.67,196070,5458,72.93,86.91,159.84,87,73,0.00,0.00,0,0
1544348636,1001-eth4,27852.15,17902.10,45754.25,17920,27880,343.66,190.81,534.47,191,344,0.00,0.00,0,0
1544348636,3001-eth2,631050.94,1958.04,633009.00,1960,631682,236.76,19.98,256.74,20,237,0.00,0.00,0,0
1544348636,1004-eth1,3624.38,633078.94,636703.31,633712,3628,54.95,257.74,312.69,258,55,0.00,0.00,0,0
1544348636,3005-eth4,1220685.38,1074203.88,2294889.25,1075278,1221906,654.35,758.24,1412.59,759,655,0.00,0.00,0,0
1544348636,1003-eth2,1171240.75,503812.19,1675053.00,504316,1172412,299.70,271.73,571.43,272,300,0.00,0.00,0,0
1544348636,3008-eth1,9920.08,39314.69,49234.77,39354,9930,101.90,478.52,580.42,479,102,0.00,0.00,0,0
1544348636,1002-eth3,3818.18,32373.63,36191.81,32406,3822,38.96,442.56,481.52,443,39,0.00,0.00,0,0
1544348636,2006-eth1,1171230.75,1220829.25,2392060.00,1222050,1172402,299.70,630.37,930.07,631,300,0.00,0.00,0,0
1544348636,3003-eth1,25978.02,734259.75,760237.81,734994,26004,393.61,436.56,830.17,437,394,0.00,0.00,0,0
1544348636,2001-eth3,20133.87,7832.17,27966.04,7840,20154,266.73,79.92,346.65,80,267,0.00,0.00,0,0
1544348636,2008-eth2,59.94,3818.18,3878.12,3822,60,1.00,38.96,39.96,39,1,0.00,0.00,0,0
1544348636,2008-eth3,529488.50,1178361.62,1707850.25,1179540,530018,661.34,407.59,1068.93,408,662,0.00,0.00,0,0
1544348636,1001-eth3,947424.62,742381.62,1689806.25,743124,948372,327.67,571.43,899.10,572,328,0.00,0.00,0,0
1544348636,2007-eth4,39314.69,9920.08,49234.77,9930,39354,478.52,101.90,580.42,102,479,0.00,0.00,0,0
1544348636,2004-eth2,740913.12,629092.94,1370006.00,629722,741654,589.41,216.78,806.19,217,590,0.00,0.00,0,0
1544348636,3002-eth1,7832.17,7832.17,15664.34,7840,7840,79.92,79.92,159.84,80,80,0.00,0.00,0,0
1544348636,3004-eth1,947354.69,42461.54,989816.19,42504,948302,326.67,595.40,922.08,596,327,0.00,0.00,0,0
1544348636,2006-eth3,1214877.12,14175.82,1229053.00,14190,1216092,628.37,214.79,843.16,215,629,0.00,0.00,0,0
1544348636,3004-eth2,744839.19,1171230.75,1916070.00,1172402,745584,629.37,299.70,929.07,300,630,0.00,0.00,0,0
1544348636,3001-eth3,1214293.75,655268.75,1869562.50,655924,1215508,601.40,613.39,1214.79,614,602,0.00,0.00,0,0
1544348636,2003-eth4,42461.54,947354.69,989816.19,948302,42504,595.40,326.67,922.08,327,596,0.00,0.00,0,0
1544348636,2008-eth4,1178421.62,770823.19,1949244.75,771594,1179600,408.59,805.19,1213.79,806,409,0.00,0.00,0,0
1544348636,3008-eth3,13410.59,215612.39,229022.98,215828,13424,154.85,171.83,326.67,172,155,0.00,0.00,0,0
1544348636,2005-eth2,32373.63,3818.18,36191.81,3822,32406,442.56,38.96,481.52,39,443,0.00,0.00,0,0
1544348636,2006-eth4,751762.25,1171300.75,1923063.00,1172472,752514,753.25,300.70,1053.95,301,754,0.00,0.00,0,0
1544348636,3006-eth2,1171300.75,751762.25,1923063.00,752514,1172472,300.70,753.25,1053.95,754,301,0.00,0.00,0,0
1544348636,1003-eth4,499826.19,745039.00,1244865.12,745784,500326,230.77,414.59,645.35,415,231,0.00,0.00,0,0
1544348636,2006-eth2,3554.45,740951.06,744505.50,741692,3558,53.95,589.41,643.36,590,54,0.00,0.00,0,0
1544348636,3001-eth1,7832.17,20133.87,27966.04,20154,7840,79.92,266.73,346.65,267,80,0.00,0.00,0,0
1544348636,3008-eth2,770823.19,1178421.62,1949244.75,1179600,771594,805.19,408.59,1213.79,409,806,0.00,0.00,0,0
1544348636,2004-eth3,629092.94,499826.19,1128919.12,500326,629722,216.78,230.77,447.55,231,217,0.00,0.00,0,0
1544348636,3001-eth4,35938.06,1217672.38,1253610.38,1218890,35974,496.50,516.48,1012.99,517,497,0.00,0.00,0,0
1544348636,1003-eth1,3986.01,193916.09,197902.11,194110,3990,40.96,66.93,107.89,67,41,0.00,0.00,0,0
1544348636,3002-eth2,195874.12,5452.55,201326.67,5458,196070,86.91,72.93,159.84,73,87,0.00,0.00,0,0
1544348636,2005-eth4,366927.09,752063.94,1118991.00,752816,367294,170.83,670.33,841.16,671,171,0.00,0.00,0,0
1544348636,3003-eth2,499826.19,629092.94,1128919.12,629722,500326,230.77,216.78,447.55,217,231,0.00,0.00,0,0
1544348636,2007-eth1,17902.10,27852.15,45754.25,27880,17920,190.81,343.66,534.47,344,191,0.00,0.00,0,0
1544348636,1002-eth4,13252.75,15500.50,28753.25,15516,13266,152.85,158.84,311.69,159,153,0.00,0.00,0,0
1544348636,3002-eth4,1217562.50,220355.66,1437918.12,220576,1218780,475.52,467.53,943.06,468,476,0.00,0.00,0,0
1544348636,2007-eth3,7794.21,29296.70,37090.91,29326,7802,79.92,306.69,386.61,307,80,0.00,0.00,0,0
1544348636,3005-eth1,385790.22,947424.62,1333214.88,948372,386176,475.52,327.67,803.20,328,476,0.00,0.00,0,0
1544348636,2001-eth4,7832.17,7832.17,15664.34,7840,7840,79.92,79.92,159.84,80,80,0.00,0.00,0,0
1544348636,3003-eth4,1207970.12,525738.25,1733708.38,526264,1209178,600.40,623.38,1223.78,624,601,0.00,0.00,0,0
1544348636,2004-eth1,503812.19,1171240.75,1675053.00,1172412,504316,271.73,299.70,571.43,300,272,0.00,0.00,0,0
1544348636,3006-eth4,1228277.75,1213646.38,2441924.25,1214860,1229506,1010.99,803.20,1814.19,804,1012,0.00,0.00,0,0
1544348636,3007-eth1,29296.70,7794.21,37090.91,7802,29326,306.69,79.92,386.61,80,307,0.00,0.00,0,0
1544348636,2008-eth1,745039.00,499826.19,1244865.12,500326,745784,414.59,230.77,645.35,231,415,0.00,0.00,0,0
1544348636,2002-eth2,633078.94,3624.38,636703.31,3628,633712,257.74,54.95,312.69,55,258,0.00,0.00,0,0
1544348636,2003-eth1,947424.62,734329.69,1681754.25,735064,948372,327.67,437.56,765.23,438,328,0.00,0.00,0,0
1544348636,3008-eth4,1189033.00,549728.31,1738761.25,550278,1190222,569.43,570.43,1139.86,571,570,0.00,0.00,0,0
1544348636,1004-eth4,3818.18,59.94,3878.12,60,3822,38.96,1.00,39.96,1,39,0.00,0.00,0,0
1544348636,3006-eth1,752063.94,366927.09,1118991.00,367294,752816,670.33,170.83,841.16,171,671,0.00,0.00,0,0
1544348636,1004-eth3,740951.06,3554.45,744505.50,3558,741692,589.41,53.95,643.36,54,590,0.00,0.00,0,0
1544348636,1002-eth2,28813.19,12329.67,41142.86,12342,28842,388.61,186.81,575.42,187,389,0.00,0.00,0,0
1544348636,3004-eth3,28813.19,956949.06,985762.25,957906,28842,388.61,424.58,813.19,425,389,0.00,0.00,0,0
1544348636,2003-eth3,734259.75,25978.02,760237.81,26004,734994,436.56,393.61,830.17,394,437,0.00,0.00,0,0
1544348636,2005-eth1,742381.62,947424.62,1689806.25,948372,743124,571.43,327.67,899.10,328,572,0.00,0.00,0,0
1544348636,3002-eth3,36229.77,1217672.38,1253902.12,1218890,36266,500.50,516.48,1016.98,517,501,0.00,0.00,0,0
1544348636,3006-eth3,36979.02,1001572.44,1038551.50,1002574,37016,441.56,466.53,908.09,467,442,0.00,0.00,0,0
1544348636,2001-eth1,2027.97,0.00,2027.97,0,2030,20.98,0.00,20.98,0,21,0.00,0.00,0,0
1544348636,3005-eth2,14175.82,1214877.12,1229053.00,1216092,14190,214.79,628.37,843.16,629,215,0.00,0.00,0,0
1544348636,2001-eth2,9790.21,23980.02,33770.23,24004,9800,99.90,305.69,405.59,306,100,0.00,0.00,0,0
1544348636,3007-eth2,1178361.62,529488.50,1707850.25,530018,1179540,407.59,661.34,1068.93,662,408,0.00,0.00,0,0
1544348636,1001-eth1,0.00,2027.97,2027.97,2030,0,0.00,20.98,20.98,21,0,0.00,0.00,0,0
1544348636,3007-eth4,30347.65,552855.19,583202.81,553408,30378,318.68,351.65,670.33,352,319,0.00,0.00,0,0
1544348636,2003-eth2,12329.67,28813.19,41142.86,28842,12342,186.81,388.61,575.42,389,187,0.00,0.00,0,0
1544348636,3007-eth3,1217102.88,1216957.12,2434060.00,1218174,1218320,863.14,818.18,1681.32,819,864,0.00,0.00,0,0
1544348636,1002-eth1,23980.02,9790.21,33770.23,9800,24004,305.69,99.90,405.59,100,306,0.00,0.00,0,0
1544348636,2002-eth3,1958.04,631050.94,633009.00,631682,1960,19.98,236.76,256.74,237,20,0.00,0.00,0,0
1544348636,2007-eth2,15500.50,13252.75,28753.25,13266,15516,158.84,152.85,311.69,153,159,0.00,0.00,0,0
1544348636,total,39152216.00,39818496.00,78970712.00,39858312,39191368,27919.08,28005.00,55924.08,28033,27947,0.00,0.00,0,0
1544348637,3003-eth3,1216403.62,1217676.38,2434080.00,1218894,1217620,765.23,808.19,1573.43,809,766,0.00,0.00,0,0
1544348637,2002-eth1,244219.78,3916.08,248135.88,3920,244464,83.92,39.96,123.88,40,84,0.00,0.00,0,0
1544348637,lo,71570.43,71570.43,143140.86,71642,71642,296.70,296.70,593.41,297,297,0.00,0.00,0,0
1544348637,3005-eth3,1216105.88,335704.31,1551810.25,336040,1217322,580.42,571.43,1151.85,572,581,0.00,0.00,0,0
1544348637,2005-eth3,857070.94,330825.19,1187896.12,331156,857928,295.70,497.50,793.21,498,296,0.00,0.00,0,0
1544348637,3004-eth4,1191350.62,718171.88,1909522.50,718890,1192542,459.54,492.51,952.05,493,460,0.00,0.00,0,0
1544348637,1004-eth2,636523.50,724046.00,1360569.50,724770,637160,219.78,552.45,772.23,553,220,0.00,0.00,0,0
1544348637,2004-eth4,1176421.62,728022.00,1904443.62,728750,1177598,246.75,593.41,840.16,594,247,0.00,0.00,0,0
1544348637,1001-eth2,728485.56,857130.88,1585616.38,857988,729214,531.47,296.70,828.17,297,532,0.00,0.00,0,0
1544348637,1003-eth3,1208571.50,1176421.62,2384993.00,1177598,1209780,591.41,246.75,838.16,247,592,0.00,0.00,0,0
1544348637,2002-eth4,6705.29,246237.77,252943.06,246484,6712,91.91,104.90,196.80,105,92,0.00,0.00,0,0
1544348637,1001-eth4,26465.54,26011.99,52477.52,26038,26492,328.67,276.72,605.39,277,329,0.00,0.00,0,0
1544348637,3001-eth2,638481.56,1958.04,640439.56,1960,639120,239.76,19.98,259.74,20,240,0.00,0.00,0,0
1544348637,1004-eth1,4747.25,640439.56,645186.81,641080,4752,71.93,259.74,331.67,260,72,0.00,0.00,0,0
1544348637,3005-eth4,1211404.62,785532.50,1996937.12,786318,1212616,623.38,658.34,1281.72,659,624,0.00,0.00,0,0
1544348637,1003-eth2,1176421.62,595608.44,1772030.00,596204,1177598,246.75,325.67,572.43,326,247,0.00,0.00,0,0
1544348637,3008-eth1,9594.41,38123.88,47718.28,38162,9604,97.90,467.53,565.43,468,98,0.00,0.00,0,0
1544348637,1002-eth3,3916.08,31152.85,35068.93,31184,3920,39.96,423.58,463.54,424,40,0.00,0.00,0,0
1544348637,2006-eth1,1176421.62,1208571.50,2384993.00,1209780,1177598,246.75,591.41,838.16,592,247,0.00,0.00,0,0
1544348637,3003-eth1,27506.49,728485.56,755992.00,729214,27534,396.60,531.47,928.07,532,397,0.00,0.00,0,0
1544348637,2001-eth3,20441.56,7832.17,28273.73,7840,20462,264.74,79.92,344.66,80,265,0.00,0.00,0,0
1544348637,2008-eth2,0.00,3916.08,3916.08,3920,0,0.00,39.96,39.96,40,0,0.00,0.00,0,0
1544348637,2008-eth3,620861.12,1161984.00,1782845.25,1163146,621482,708.29,400.60,1108.89,401,709,0.00,0.00,0,0
1544348637,1001-eth3,857130.88,726861.19,1583992.00,727588,857988,296.70,561.44,858.14,562,297,0.00,0.00,0,0
1544348637,2007-eth4,38123.88,9594.41,47718.28,9604,38162,467.53,97.90,565.43,98,468,0.00,0.00,0,0
1544348637,2004-eth2,724046.00,636523.50,1360569.50,637160,724770,552.45,219.78,772.23,220,553,0.00,0.00,0,0
1544348637,3002-eth1,7794.21,7832.17,15626.37,7840,7802,79.92,79.92,159.84,80,80,0.00,0.00,0,0
1544348637,3004-eth1,857130.88,41990.01,899120.88,42032,857988,296.70,574.43,871.13,575,297,0.00,0.00,0,0
1544348637,2006-eth3,1214583.50,15296.70,1229880.12,15312,1215798,594.41,231.77,826.17,232,595,0.00,0.00,0,0
1544348637,3004-eth2,728022.00,1176421.62,1904443.62,1177598,728750,593.41,246.75,840.16,247,594,0.00,0.00,0,0
1544348637,3001-eth3,1214072.00,662741.25,1876813.25,663404,1215286,598.40,617.38,1215.78,618,599,0.00,0.00,0,0
1544348637,2003-eth4,41990.01,857130.88,899120.88,857988,42032,574.43,296.70,871.13,297,575,0.00,0.00,0,0
1544348637,2008-eth4,1161984.00,752609.44,1914593.50,753362,1163146,400.60,776.22,1176.82,777,401,0.00,0.00,0,0
1544348637,3008-eth3,13616.38,212387.62,226004.00,212600,13630,158.84,167.83,326.67,168,159,0.00,0.00,0,0
1544348637,2005-eth2,31152.85,3916.08,35068.93,3920,31184,423.58,39.96,463.54,40,424,0.00,0.00,0,0
1544348637,2006-eth4,734595.44,1176421.62,1911017.00,1177598,735330,712.29,246.75,959.04,247,713,0.00,0.00,0,0
1544348637,3006-eth2,1176421.62,734595.44,1911017.00,735330,1177598,246.75,712.29,959.04,713,247,0.00,0.00,0,0
1544348637,1003-eth4,591692.31,727356.69,1319049.00,728084,592284,285.71,393.61,679.32,394,286,0.00,0.00,0,0
1544348637,2006-eth2,4747.25,724046.00,728793.25,724770,4752,71.93,552.45,624.38,553,72,0.00,0.00,0,0
1544348637,3001-eth1,7832.17,20441.56,28273.73,20462,7840,79.92,264.74,344.66,265,80,0.00,0.00,0,0
1544348637,3008-eth2,752609.44,1161984.00,1914593.50,1163146,753362,776.22,400.60,1176.82,401,777,0.00,0.00,0,0
1544348637,2004-eth3,636523.50,591692.31,1228215.88,592284,637160,219.78,285.71,505.49,286,220,0.00,0.00,0,0
1544348637,3001-eth4,35966.04,1214713.38,1250679.38,1215928,36002,496.50,515.48,1011.99,516,497,0.00,0.00,0,0
1544348637,1003-eth1,3916.08,244219.78,248135.88,244464,3920,39.96,83.92,123.88,84,40,0.00,0.00,0,0
1544348637,3002-eth2,246237.77,6705.29,252943.06,6712,246484,104.90,91.91,196.80,92,105,0.00,0.00,0,0
1544348637,2005-eth4,313378.62,736651.38,1050030.00,737388,313692,213.79,661.34,875.12,662,214,0.00,0.00,0,0
1544348637,3003-eth2,591692.31,636523.50,1228215.88,637160,592284,285.71,219.78,505.49,220,286,0.00,0.00,0,0
1544348637,2007-eth1,26011.99,26465.54,52477.52,26492,26038,276.72,328.67,605.39,329,277,0.00,0.00,0,0
1544348637,1002-eth4,13812.19,15664.34,29476.52,15680,13826,160.84,159.84,320.68,160,161,0.00,0.00,0,0
1544348637,3002-eth4,1215582.50,270593.41,1486175.88,270864,1216798,489.51,483.52,973.03,484,490,0.00,0.00,0,0
1544348637,2007-eth3,7636.36,37564.44,45200.80,37602,7644,77.92,394.61,472.53,395,78,0.00,0.00,0,0
1544348637,3005-eth1,330825.19,857070.94,1187896.12,857928,331156,497.50,295.70,793.21,296,498,0.00,0.00,0,0
1544348637,2001-eth4,7832.17,7794.21,15626.37,7802,7840,79.92,79.92,159.84,80,80,0.00,0.00,0,0
1544348637,3003-eth4,1213180.88,617448.56,1830629.38,618066,1214394,686.31,676.32,1362.64,677,687,0.00,0.00,0,0
1544348637,2004-eth1,595608.44,1176421.62,1772030.00,1177598,596204,325.67,246.75,572.43,247,326,0.00,0.00,0,0
1544348637,3006-eth4,1219354.62,1210231.75,2429586.50,1211442,1220574,590.41,696.30,1286.71,697,591,0.00,0.00,0,0
1544348637,3007-eth1,37564.44,7636.36,45200.80,7644,37602,394.61,77.92,472.53,78,395,0.00,0.00,0,0
1544348637,2008-eth1,727356.69,591692.31,1319049.00,592284,728084,393.61,285.71,679.32,286,394,0.00,0.00,0,0
1544348637,2002-eth2,640439.56,4747.25,645186.81,4752,641080,259.74,71.93,331.67,72,260,0.00,0.00,0,0
1544348637,2003-eth1,857130.88,728485.56,1585616.38,729214,857988,296.70,531.47,828.17,532,297,0.00,0.00,0,0
1544348637,3008-eth4,1172533.50,535984.00,1708517.50,536520,1173706,560.44,559.44,1119.88,560,561,0.00,0.00,0,0
1544348637,1004-eth4,3916.08,0.00,3916.08,0,3920,39.96,0.00,39.96,0,40,0.00,0.00,0,0
1544348637,3006-eth1,736651.38,313378.62,1050030.00,313692,737388,661.34,213.79,875.12,214,662,0.00,0.00,0,0
1544348637,1004-eth3,724046.00,4747.25,728793.25,4752,724770,552.45,71.93,624.38,72,553,0.00,0.00,0,0
1544348637,1002-eth2,27032.97,12669.33,39702.30,12682,27060,361.64,185.81,547.45,186,362,0.00,0.00,0,0
1544348637,3004-eth3,27092.91,866861.19,893954.06,867728,27120,362.64,395.60,758.24,396,363,0.00,0.00,0,0
1544348637,2003-eth3,728485.56,27506.49,755992.00,27534,729214,531.47,396.60,928.07,397,532,0.00,0.00,0,0
1544348637,2005-eth1,726861.19,857130.88,1583992.00,857988,727588,561.44,296.70,858.14,297,562,0.00,0.00,0,0
1544348637,3002-eth3,36223.78,1219087.00,1255310.75,1220306,36260,500.50,516.48,1016.98,517,501,0.00,0.00,0,0
1544348637,3006-eth3,29702.30,1145142.88,1174845.12,1146288,29732,401.60,491.51,893.11,492,402,0.00,0.00,0,0
1544348637,2001-eth1,1958.04,59.94,2017.98,60,1960,19.98,1.00,20.98,1,20,0.00,0.00,0,0
1544348637,3005-eth2,15296.70,1214583.50,1229880.12,1215798,15312,231.77,594.41,826.17,595,232,0.00,0.00,0,0
1544348637,2001-eth2,9692.31,24357.64,34049.95,24382,9702,98.90,304.70,403.60,305,99,0.00,0.00,0,0
1544348637,3007-eth2,1161984.00,620861.12,1782845.25,621482,1163146,400.60,708.29,1108.89,709,401,0.00,0.00,0,0
1544348637,1001-eth1,59.94,1958.04,2017.98,1960,60,1.00,19.98,20.98,20,1,0.00,0.00,0,0
1544348637,3007-eth4,36793.21,631009.00,667802.19,631640,36830,387.61,395.60,783.22,396,388,0.00,0.00,0,0
1544348637,2003-eth2,12669.33,27032.97,39702.30,27060,12682,185.81,361.64,547.45,362,186,0.00,0.00,0,0
1544348637,3007-eth3,1221009.00,1215134.88,2436144.00,1216350,1222230,1009.99,966.03,1976.02,967,1011,0.00,0.00,0,0
1544348637,1002-eth1,24357.64,9692.31,34049.95,9702,24382,304.70,98.90,403.60,99,305,0.00,0.00,0,0
1544348637,2002-eth3,1958.04,638481.56,640439.56,639120,1960,19.98,239.76,259.74,240,20,0.00,0.00,0,0
1544348637,2007-eth2,15664.34,13812.19,29476.52,13826,15680,159.84,160.84,320.68,161,160,0.00,0.00,0,0
1544348637,total,39061276.00,39649304.00,78710568.00,39688950,39100334,27881.12,28221.78,56102.90,28250,27909,0.00,0.00,0,0
1544348638,3003-eth3,1222953.12,1220117.88,2443071.00,1221338,1224176,755.24,822.18,1577.42,823,756,0.00,0.00,0,0
1544348638,2002-eth1,263546.47,3682.32,267228.78,3686,263810,91.91,37.96,129.87,38,92,0.00,0.00,0,0
1544348638,lo,8453.55,8453.55,16907.09,8462,8462,83.92,83.92,167.83,84,84,0.00,0.00,0,0
1544348638,3005-eth3,1223640.38,394795.22,1618435.62,395190,1224864,569.43,566.43,1135.86,567,570,0.00,0.00,0,0
1544348638,2005-eth3,805254.75,382627.38,1187882.12,383010,806060,277.72,471.53,749.25,472,278,0.00,0.00,0,0
1544348638,3004-eth4,1210655.38,496675.34,1707330.75,497172,1211866,628.37,621.38,1249.75,622,629,0.00,0.00,0,0
1544348638,1004-eth2,463388.62,502549.47,965938.06,503052,463852,204.80,681.32,886.11,682,205,0.00,0.00,0,0
1544348638,2004-eth4,1189996.00,506171.84,1696167.88,506678,1191186,408.59,718.28,1126.87,719,409,0.00,0.00,0,0
1544348638,1001-eth2,489526.50,805254.75,1294781.25,806060,490016,471.53,277.72,749.25,278,472,0.00,0.00,0,0
1544348638,1003-eth3,910193.81,1189996.00,2100189.75,1191186,911104,455.54,408.59,864.14,409,456,0.00,0.00,0,0
1544348638,2002-eth4,7426.57,265444.56,272871.12,265710,7434,103.90,110.89,214.79,111,104,0.00,0.00,0,0
1544348638,1001-eth4,25368.63,18499.50,43868.13,18518,25394,302.70,238.76,541.46,239,303,0.00,0.00,0,0
1544348638,3001-eth2,465346.66,1920.08,467266.75,1922,465812,224.78,19.98,244.76,20,225,0.00,0.00,0,0
1544348638,1004-eth1,5604.40,467304.72,472909.09,467772,5610,84.92,244.76,329.67,245,85,0.00,0.00,0,0
1544348638,3005-eth4,1221200.88,747238.81,1968439.62,747986,1222422,618.38,648.35,1266.73,649,619,0.00,0.00,0,0
1544348638,1003-eth2,1189996.00,771072.94,1961069.00,771844,1191186,408.59,333.67,742.26,334,409,0.00,0.00,0,0
1544348638,3008-eth1,9692.31,37388.61,47080.92,37426,9702,98.90,446.55,545.45,447,99,0.00,0.00,0,0
1544348638,1002-eth3,3878.12,30395.61,34273.73,30426,3882,39.96,412.59,452.55,413,40,0.00,0.00,0,0
1544348638,2006-eth1,1189996.00,910193.81,2100189.75,911104,1191186,408.59,455.54,864.14,456,409,0.00,0.00,0,0
1544348638,3003-eth1,38783.22,489526.50,528309.69,490016,38822,412.59,471.53,884.12,472,413,0.00,0.00,0,0
1544348638,2001-eth3,26049.95,7696.30,33746.25,7704,26076,273.73,78.92,352.65,79,274,0.00,0.00,0,0
1544348638,2008-eth2,0.00,3976.02,3976.02,3980,0,0.00,40.96,40.96,41,0,0.00,0.00,0,0
1544348638,2008-eth3,797212.81,1184269.75,1981482.62,1185454,798010,728.27,409.59,1137.86,410,729,0.00,0.00,0,0
1544348638,1001-eth3,805254.75,494437.56,1299692.38,494932,806060,277.72,515.48,793.21,516,278,0.00,0.00,0,0
1544348638,2007-eth4,37388.61,9692.31,47080.92,9702,37426,446.55,98.90,545.45,99,447,0.00,0.00,0,0
1544348638,2004-eth2,502549.47,463388.62,965938.06,463852,503052,681.32,204.80,886.11,205,682,0.00,0.00,0,0
1544348638,3002-eth1,7832.17,7832.17,15664.34,7840,7840,79.92,79.92,159.84,80,80,0.00,0.00,0,0
1544348638,3004-eth1,805254.75,46577.43,851832.19,46624,806060,277.72,565.43,843.16,566,278,0.00,0.00,0,0
1544348638,2006-eth3,910193.81,19686.31,929880.12,19706,911104,455.54,257.74,713.29,258,456,0.00,0.00,0,0
1544348638,3004-eth2,506171.84,1189996.00,1696167.88,1191186,506678,718.28,408.59,1126.87,409,719,0.00,0.00,0,0
1544348638,3001-eth3,1222281.75,489612.41,1711894.12,490102,1223504,606.39,602.40,1208.79,603,607,0.00,0.00,0,0
1544348638,2003-eth4,46577.43,805254.75,851832.19,806060,46624,565.43,277.72,843.16,278,566,0.00,0.00,0,0
1544348638,2008-eth4,1184209.88,672553.44,1856763.25,673226,1185394,408.59,756.24,1164.84,757,409,0.00,0.00,0,0
1544348638,3008-eth3,13978.02,218403.61,232381.62,218622,13992,163.84,170.83,334.67,171,164,0.00,0.00,0,0
1544348638,2005-eth2,30395.61,3878.12,34273.73,3882,30426,412.59,39.96,452.55,40,413,0.00,0.00,0,0
1544348638,2006-eth4,516571.44,1189996.00,1706567.50,1191186,517088,853.15,408.59,1261.74,409,854,0.00,0.00,0,0
1544348638,3006-eth2,1189996.00,516571.44,1706567.50,517088,1191186,408.59,853.15,1261.74,854,409,0.00,0.00,0,0
1544348638,1003-eth4,767450.56,646707.31,1414157.88,647354,768218,296.70,364.64,661.34,365,297,0.00,0.00,0,0
1544348638,2006-eth2,5604.40,502609.41,508213.81,503112,5610,84.92,682.32,767.23,683,85,0.00,0.00,0,0
1544348638,3001-eth1,7794.21,26143.86,33938.06,26170,7802,79.92,274.73,354.65,275,80,0.00,0.00,0,0
1544348638,3008-eth2,672553.44,1184209.88,1856763.25,1185394,673226,756.24,408.59,1164.84,409,757,0.00,0.00,0,0
1544348638,2004-eth3,463328.69,767450.56,1230779.25,768218,463792,203.80,296.70,500.50,297,204,0.00,0.00,0,0
1544348638,3001-eth4,35994.01,1222046.00,1258040.00,1223268,36030,497.50,517.48,1014.99,518,498,0.00,0.00,0,0
1544348638,1003-eth1,3682.32,263546.47,267228.78,263810,3686,37.96,91.91,129.87,92,38,0.00,0.00,0,0
1544348638,3002-eth2,265444.56,7426.57,272871.12,7434,265710,110.89,103.90,214.79,104,111,0.00,0.00,0,0
1544348638,2005-eth4,365682.31,504129.88,869812.19,504634,366048,195.80,614.39,810.19,615,196,0.00,0.00,0,0
1544348638,3003-eth2,767450.56,463328.69,1230779.25,463792,768218,296.70,203.80,500.50,204,297,0.00,0.00,0,0
1544348638,2007-eth1,18499.50,25368.63,43868.13,25394,18518,238.76,302.70,541.46,303,239,0.00,0.00,0,0
1544348638,1002-eth4,13978.02,15566.43,29544.46,15582,13992,163.84,158.84,322.68,159,164,0.00,0.00,0,0
1544348638,3002-eth4,1223546.50,289992.03,1513538.50,290282,1224770,500.50,492.51,993.01,493,501,0.00,0.00,0,0
1544348638,2007-eth3,7832.17,30307.69,38139.86,30338,7840,79.92,359.64,439.56,360,80,0.00,0.00,0,0
1544348638,3005-eth1,382627.38,805254.75,1187882.12,806060,383010,471.53,277.72,749.25,278,472,0.00,0.00,0,0
1544348638,2001-eth4,7832.17,7832.17,15664.34,7840,7840,79.92,79.92,159.84,80,80,0.00,0.00,0,0
1544348638,3003-eth4,1205710.38,793404.62,1999115.00,794198,1206916,649.35,690.31,1339.66,691,650,0.00,0.00,0,0
1544348638,2004-eth1,771072.94,1189996.00,1961069.00,1191186,771844,333.67,408.59,742.26,409,334,0.00,0.00,0,0
1544348638,3006-eth4,1224637.38,1221868.12,2446505.50,1223090,1225862,714.29,860.14,1574.43,861,715,0.00,0.00,0,0
1544348638,3007-eth1,30307.69,7832.17,38139.86,7840,30338,359.64,79.92,439.56,80,360,0.00,0.00,0,0
1544348638,2008-eth1,646707.31,767450.56,1414157.88,768218,647354,364.64,296.70,661.34,297,365,0.00,0.00,0,0
1544348638,2002-eth2,467304.72,5604.40,472909.09,5610,467772,244.76,84.92,329.67,85,245,0.00,0.00,0,0
1544348638,2003-eth1,805254.75,489526.50,1294781.25,490016,806060,277.72,471.53,749.25,472,278,0.00,0.00,0,0
1544348638,3008-eth4,1198137.88,454387.62,1652525.50,454842,1199336,579.42,572.43,1151.85,573,580,0.00,0.00,0,0
1544348638,1004-eth4,3976.02,0.00,3976.02,0,3980,40.96,0.00,40.96,0,41,0.00,0.00,0,0
1544348638,3006-eth1,504129.88,365682.31,869812.19,366048,504634,614.39,195.80,810.19,196,615,0.00,0.00,0,0
1544348638,1004-eth3,502609.41,5604.40,508213.81,5610,503112,682.32,84.92,767.23,85,683,0.00,0.00,0,0
1544348638,1002-eth2,26109.89,18311.69,44421.58,18330,26136,347.65,194.81,542.46,195,348,0.00,0.00,0,0
1544348638,3004-eth3,26151.85,814989.06,841140.88,815804,26178,348.65,377.62,726.27,378,349,0.00,0.00,0,0
1544348638,2003-eth3,489526.50,38877.12,528403.62,38916,490016,471.53,413.59,885.11,414,472,0.00,0.00,0,0
1544348638,2005-eth1,494437.56,805254.75,1299692.38,806060,494932,515.48,277.72,793.21,278,516,0.00,0.00,0,0
1544348638,3002-eth3,36099.90,1220631.38,1256731.25,1221852,36136,499.50,517.48,1016.98,518,500,0.00,0.00,0,0
1544348638,3006-eth3,32175.82,1100725.25,1132901.12,1101826,32208,439.56,476.52,916.08,477,440,0.00,0.00,0,0
1544348638,2001-eth1,1958.04,0.00,1958.04,0,1960,19.98,0.00,19.98,0,20,0.00,0.00,0,0
1544348638,3005-eth2,19686.31,910193.81,929880.12,911104,19706,257.74,455.54,713.29,456,258,0.00,0.00,0,0
1544348638,2001-eth2,9692.31,30059.94,39752.25,30090,9702,98.90,314.69,413.59,315,99,0.00,0.00,0,0
1544348638,3007-eth2,1184269.75,797212.81,1981482.62,798010,1185454,409.59,728.27,1137.86,729,410,0.00,0.00,0,0
1544348638,1001-eth1,0.00,1958.04,1958.04,1960,0,0.00,19.98,19.98,20,0,0.00,0.00,0,0
1544348638,3007-eth4,28959.04,811368.62,840327.69,812180,28988,349.65,409.59,759.24,410,350,0.00,0.00,0,0
1544348638,2003-eth2,18311.69,26109.89,44421.58,26136,18330,194.81,347.65,542.46,348,195,0.00,0.00,0,0
1544348638,3007-eth3,1232171.88,1221878.12,2454050.00,1223100,1233404,960.04,897.10,1857.14,898,961,0.00,0.00,0,0
1544348638,1002-eth1,30059.94,9692.31,39752.25,9702,30090,314.69,98.90,413.59,99,315,0.00,0.00,0,0
1544348638,2002-eth3,1920.08,465346.66,467266.75,465812,1922,19.98,224.78,244.76,225,20,0.00,0.00,0,0
1544348638,2007-eth2,15566.43,13978.02,29544.46,13992,15582,158.84,163.84,322.68,164,159,0.00,0.00,0,0
1544348638,total,36563064.00,36923000.00,73486056.00,36959918,36599628,28370.63,28734.27,57104.90,28763,28399,0.00,0.00,0,0
1544348639,3003-eth3,1227732.25,1220109.88,2447842.25,1221330,1228960,1003.00,928.07,1931.07,929,1004,0.00,0.00,0,0
1544348639,2002-eth1,225018.98,3818.18,228837.17,3822,225244,77.92,38.96,116.88,39,78,0.00,0.00,0,0
1544348639,lo,8011.99,8011.99,16023.98,8020,8020,77.92,77.92,155.84,78,78,0.00,0.00,0,0
1544348639,3005-eth3,1217298.75,500137.88,1717436.62,500638,1218516,577.42,608.39,1185.81,609,578,0.00,0.00,0,0
1544348639,2005-eth3,790519.50,483046.97,1273566.50,483530,791310,273.73,524.48,798.20,525,274,0.00,0.00,0,0
1544348639,3004-eth4,1214439.62,651732.31,1866171.88,652384,1215654,684.32,691.31,1375.62,692,685,0.00,0.00,0,0
1544348639,1004-eth2,509622.41,657606.44,1167228.75,658264,510132,225.77,751.25,977.02,752,226,0.00,0.00,0,0
1544348639,2004-eth4,1188615.38,661424.56,1850040.00,662086,1189804,409.59,790.21,1199.80,791,410,0.00,0.00,0,0
1544348639,1001-eth2,639696.31,790459.56,1430155.88,791250,640336,493.51,272.73,766.23,273,494,0.00,0.00,0,0
1544348639,1003-eth3,891942.06,1188615.38,2080557.50,1189804,892834,451.55,409.59,861.14,410,452,0.00,0.00,0,0
1544348639,2002-eth4,6375.62,226977.03,233352.66,227204,6382,86.91,97.90,184.82,98,87,0.00,0.00,0,0
1544348639,1001-eth4,24985.02,13876.12,38861.14,13890,25010,294.71,194.81,489.51,195,295,0.00,0.00,0,0
1544348639,3001-eth2,511580.44,1860.14,513440.56,1862,512092,245.75,18.98,264.74,19,246,0.00,0.00,0,0
1544348639,1004-eth1,4417.58,513538.47,517956.06,514052,4422,66.93,265.73,332.67,266,67,0.00,0.00,0,0
1544348639,3005-eth4,1219626.38,758287.75,1977914.12,759046,1220846,643.36,662.34,1305.69,663,644,0.00,0.00,0,0
1544348639,1003-eth2,1188675.38,586549.44,1775224.88,587136,1189864,410.59,254.75,665.33,255,411,0.00,0.00,0,0
1544348639,3008-eth1,9790.21,38091.91,47882.12,38130,9800,99.90,454.55,554.45,455,100,0.00,0.00,0,0
1544348639,1002-eth3,3916.08,31542.46,35458.54,31574,3920,39.96,429.57,469.53,430,40,0.00,0.00,0,0
1544348639,2006-eth1,1188615.38,891942.06,2080557.50,892834,1189804,409.59,451.55,861.14,452,410,0.00,0.00,0,0
1544348639,3003-eth1,49266.73,639696.31,688963.06,640336,49316,524.48,493.51,1017.98,494,525,0.00,0.00,0,0
1544348639,2001-eth3,31082.92,7832.17,38915.09,7840,31114,327.67,79.92,407.59,80,328,0.00,0.00,0,0
1544348639,2008-eth2,0.00,3916.08,3916.08,3920,0,0.00,39.96,39.96,40,0,0.00,0.00,0,0
1544348639,2008-eth3,612367.62,1187168.88,1799536.50,1188356,612980,645.35,409.59,1054.95,410,646,0.00,0.00,0,0
1544348639,1001-eth3,790459.56,648907.12,1439366.62,649556,791250,272.73,574.43,847.15,575,273,0.00,0.00,0,0
1544348639,2007-eth4,38091.91,9790.21,47882.12,9800,38130,454.55,99.90,554.45,100,455,0.00,0.00,0,0
1544348639,2004-eth2,657606.44,509622.41,1167228.75,510132,658264,751.25,225.77,977.02,226,752,0.00,0.00,0,0
1544348639,3002-eth1,7636.36,7892.11,15528.47,7900,7644,77.92,80.92,158.84,81,78,0.00,0.00,0,0
1544348639,3004-eth1,790459.56,52027.97,842487.56,52080,791250,272.73,623.38,896.10,624,273,0.00,0.00,0,0
1544348639,2006-eth3,891882.12,20851.15,912733.31,20872,892774,450.55,241.76,692.31,242,451,0.00,0.00,0,0
1544348639,3004-eth2,661424.56,1188615.38,1850040.00,1189804,662086,790.21,409.59,1199.80,410,791,0.00,0.00,0,0
1544348639,3001-eth3,1222529.50,535732.31,1758261.75,536268,1223752,633.37,621.38,1254.75,622,634,0.00,0.00,0,0
1544348639,2003-eth4,52027.97,790459.56,842487.56,791250,52080,623.38,272.73,896.10,273,624,0.00,0.00,0,0
1544348639,2008-eth4,1187168.88,695602.44,1882771.25,696298,1188356,409.59,764.24,1173.83,765,410,0.00,0.00,0,0
1544348639,3008-eth3,15064.94,258481.53,273546.47,258740,15080,179.82,185.81,365.63,186,180,0.00,0.00,0,0
1544348639,2005-eth2,31542.46,3916.08,35458.54,3920,31574,429.57,39.96,469.53,40,430,0.00,0.00,0,0
1544348639,2006-eth4,673942.06,1188615.38,1862557.50,1189804,674616,925.07,409.59,1334.67,410,926,0.00,0.00,0,0
1544348639,3006-eth2,1188615.38,673942.06,1862557.50,674616,1189804,409.59,925.07,1334.67,926,410,0.00,0.00,0,0
1544348639,1003-eth4,582731.31,669822.19,1252553.50,670492,583314,215.78,373.63,589.41,374,216,0.00,0.00,0,0
1544348639,2006-eth2,4417.58,657508.50,661926.06,658166,4422,66.93,750.25,817.18,751,67,0.00,0.00,0,0
1544348639,3001-eth1,7734.27,30989.01,38723.28,31020,7742,78.92,326.67,405.59,327,79,0.00,0.00,0,0
1544348639,3008-eth2,695602.44,1187168.88,1882771.25,1188356,696298,764.24,409.59,1173.83,410,765,0.00,0.00,0,0
1544348639,2004-eth3,509682.34,582731.31,1092413.62,583314,510192,226.77,215.78,442.56,216,227,0.00,0.00,0,0
1544348639,3001-eth4,35704.30,1220533.50,1256237.75,1221754,35740,493.51,516.48,1009.99,517,494,0.00,0.00,0,0
1544348639,1003-eth1,3818.18,225018.98,228837.17,225244,3822,38.96,77.92,116.88,78,39,0.00,0.00,0,0
1544348639,3002-eth2,226977.03,6375.62,233352.66,6382,227204,97.90,86.91,184.82,87,98,0.00,0.00,0,0
1544348639,2005-eth4,465330.69,658637.38,1123968.12,659296,465796,236.76,673.33,910.09,674,237,0.00,0.00,0,0
1544348639,3003-eth2,582731.31,509682.34,1092413.62,510192,583314,215.78,226.77,442.56,227,216,0.00,0.00,0,0
1544348639,2007-eth1,13876.12,24985.02,38861.14,25010,13890,194.81,294.71,489.51,295,195,0.00,0.00,0,0
1544348639,1002-eth4,15064.94,15664.34,30729.27,15680,15080,179.82,159.84,339.66,160,180,0.00,0.00,0,0
1544348639,3002-eth4,1218415.62,251458.55,1469874.12,251710,1219634,488.51,478.52,967.03,479,489,0.00,0.00,0,0
1544348639,2007-eth3,7832.17,25624.38,33456.54,25650,7840,79.92,314.69,394.61,315,80,0.00,0.00,0,0
1544348639,3005-eth1,483046.97,790519.50,1273566.50,791310,483530,524.48,273.73,798.20,274,525,0.00,0.00,0,0
1544348639,2001-eth4,7892.11,7636.36,15528.47,7644,7900,80.92,77.92,158.84,78,81,0.00,0.00,0,0
1544348639,3003-eth4,1181880.12,608187.81,1790068.00,608796,1183062,599.40,601.40,1200.80,602,600,0.00,0.00,0,0
1544348639,2004-eth1,586549.44,1188675.38,1775224.88,1189864,587136,254.75,410.59,665.33,411,255,0.00,0.00,0,0
1544348639,3006-eth4,1219976.00,1215516.50,2435492.50,1216732,1221196,753.25,817.18,1570.43,818,754,0.00,0.00,0,0
1544348639,3007-eth1,25624.38,7832.17,33456.54,7840,25650,314.69,79.92,394.61,80,315,0.00,0.00,0,0
1544348639,2008-eth1,669822.19,582731.31,1252553.50,583314,670492,373.63,215.78,589.41,216,374,0.00,0.00,0,0
1544348639,2002-eth2,513538.47,4417.58,517956.06,4422,514052,265.73,66.93,332.67,67,266,0.00,0.00,0,0
1544348639,2003-eth1,790459.56,639696.31,1430155.88,640336,791250,272.73,493.51,766.23,494,273,0.00,0.00,0,0
1544348639,3008-eth4,1203696.38,440317.69,1644014.00,440758,1204900,585.41,578.42,1163.84,579,586,0.00,0.00,0,0
1544348639,1004-eth4,3916.08,0.00,3916.08,0,3920,39.96,0.00,39.96,0,40,0.00,0.00,0,0
1544348639,3006-eth1,658637.38,465330.69,1123968.12,465796,659296,673.33,236.76,910.09,237,674,0.00,0.00,0,0
1544348639,1004-eth3,657508.50,4417.58,661926.06,4422,658166,750.25,66.93,817.18,67,751,0.00,0.00,0,0
1544348639,1002-eth2,26011.99,23194.81,49206.79,23218,26038,346.65,246.75,593.41,247,347,0.00,0.00,0,0
1544348639,3004-eth3,26053.95,799998.00,826052.00,800798,26080,347.65,370.63,718.28,371,348,0.00,0.00,0,0
1544348639,2003-eth3,639696.31,49172.83,688869.12,49222,640336,493.51,523.48,1016.98,524,494,0.00,0.00,0,0
1544348639,2005-eth1,648907.12,790459.56,1439366.62,791250,649556,574.43,272.73,847.15,273,575,0.00,0.00,0,0
1544348639,3002-eth3,36229.77,1220435.62,1256665.38,1221656,36266,500.50,515.48,1015.98,516,501,0.00,0.00,0,0
1544348639,3006-eth3,29994.01,957144.88,987138.88,958102,30024,406.59,426.57,833.17,427,407,0.00,0.00,0,0
1544348639,2001-eth1,2017.98,0.00,2017.98,0,2020,20.98,0.00,20.98,0,21,0.00,0.00,0,0
1544348639,3005-eth2,20851.15,891882.12,912733.31,892774,20872,241.76,450.55,692.31,451,242,0.00,0.00,0,0
1544348639,2001-eth2,9654.35,35003.00,44657.34,35038,9664,98.90,367.63,466.53,368,99,0.00,0.00,0,0
1544348639,3007-eth2,1187168.88,612367.62,1799536.50,612980,1188356,409.59,645.35,1054.95,646,410,0.00,0.00,0,0
1544348639,1001-eth1,0.00,2017.98,2017.98,2020,0,0.00,20.98,20.98,21,0,0.00,0.00,0,0
1544348639,3007-eth4,26489.51,624157.88,650647.38,624782,26516,343.66,334.67,678.32,335,344,0.00,0.00,0,0
1544348639,2003-eth2,23194.81,26011.99,49206.79,26038,23218,246.75,346.65,593.41,347,247,0.00,0.00,0,0
1544348639,3007-eth3,1221554.50,1217744.25,2439298.75,1218962,1222776,755.24,848.15,1603.40,849,756,0.00,0.00,0,0
1544348639,1002-eth1,35003.00,9654.35,44657.34,9664,35038,367.63,98.90,466.53,99,368,0.00,0.00,0,0
1544348639,2002-eth3,1860.14,511580.44,513440.56,512092,1862,18.98,245.75,264.74,246,19,0.00,0.00,0,0
1544348639,2007-eth2,15664.34,15064.94,30729.27,15080,15680,159.84,179.82,339.66,180,160,0.00,0.00,0,0
1544348639,total,37294868.00,37458068.00,74752928.00,37495524,37332160,28950.05,29138.86,58088.91,29168,28979,0.00,0.00,0,0
1544348640,3003-eth3,1215402.62,1210945.12,2426347.75,1212156,1216618,947.05,947.05,1894.11,948,948,0.00,0.00,0,0
1544348640,2002-eth1,275322.69,3916.08,279238.78,3920,275598,94.91,39.96,134.87,40,95,0.00,0.00,0,0
1544348640,lo,71848.16,71848.16,143696.31,71920,71920,296.70,296.70,593.41,297,297,0.00,0.00,0,0
1544348640,3005-eth3,1211202.88,428663.34,1639866.12,429092,1212414,563.44,617.38,1180.82,618,564,0.00,0.00,0,0
1544348640,2005-eth3,732725.31,404525.50,1137250.75,404930,733458,252.75,452.55,705.29,453,253,0.00,0.00,0,0
1544348640,3004-eth4,1206475.50,664095.94,1870571.50,664760,1207682,716.28,703.30,1419.58,704,717,0.00,0.00,0,0
1544348640,1004-eth2,511930.09,669872.12,1181802.25,670542,512442,260.74,762.24,1022.98,763,261,0.00,0.00,0,0
1544348640,2004-eth4,1184269.75,673788.25,1858058.00,674462,1185454,409.59,802.20,1211.79,803,410,0.00,0.00,0,0
1544348640,1001-eth2,657068.94,732725.31,1389794.25,733458,657726,512.49,252.75,765.23,253,513,0.00,0.00,0,0
1544348640,1003-eth3,964353.69,1184269.75,2148623.50,1185454,965318,518.48,409.59,928.07,410,519,0.00,0.00,0,0
1544348640,2002-eth4,7628.37,277182.81,284811.19,277460,7636,105.89,113.89,219.78,114,106,0.00,0.00,0,0
1544348640,1001-eth4,29818.18,18747.25,48565.44,18766,29848,355.64,199.80,555.44,200,356,0.00,0.00,0,0
1544348640,3001-eth2,513888.12,1958.04,515846.16,1960,514402,280.72,19.98,300.70,20,281,0.00,0.00,0,0
1544348640,1004-eth1,5730.27,515748.28,521478.53,516264,5736,86.91,299.70,386.61,300,87,0.00,0.00,0,0
1544348640,3005-eth4,1211430.62,456893.12,1668323.75,457350,1212642,622.38,610.39,1232.77,611,623,0.00,0.00,0,0
1544348640,1003-eth2,1184209.88,420757.25,1604967.12,421178,1185394,408.59,240.76,649.35,241,409,0.00,0.00,0,0
1544348640,3008-eth1,9850.15,42529.47,52379.62,42572,9860,100.90,509.49,610.39,510,101,0.00,0.00,0,0
1544348640,1002-eth3,3916.08,30065.94,33982.02,30096,3920,39.96,407.59,447.55,408,40,0.00,0.00,0,0
1544348640,2006-eth1,1184269.75,964353.69,2148623.50,965318,1185454,409.59,518.48,928.07,519,410,0.00,0.00,0,0
1544348640,3003-eth1,50407.59,657068.94,707476.56,657726,50458,546.45,512.49,1058.94,513,547,0.00,0.00,0,0
1544348640,2001-eth3,29994.01,7734.27,37728.27,7742,30024,315.68,78.92,394.61,79,316,0.00,0.00,0,0
1544348640,2008-eth2,59.94,3916.08,3976.02,3920,60,1.00,39.96,40.96,40,1,0.00,0.00,0,0
1544348640,2008-eth3,446333.69,1167902.12,1614235.75,1169070,446780,628.37,402.60,1030.97,403,629,0.00,0.00,0,0
1544348640,1001-eth3,732725.31,666241.75,1398967.12,666908,733458,252.75,649.35,902.10,650,253,0.00,0.00,0,0
1544348640,2007-eth4,42529.47,9850.15,52379.62,9860,42572,509.49,100.90,610.39,101,510,0.00,0.00,0,0
1544348640,2004-eth2,669872.12,511930.09,1181802.25,512442,670542,762.24,260.74,1022.98,261,763,0.00,0.00,0,0
1544348640,3002-eth1,7832.17,7734.27,15566.43,7742,7840,79.92,78.92,158.84,79,80,0.00,0.00,0,0
1544348640,3004-eth1,732725.31,53432.57,786157.88,53486,733458,252.75,644.36,897.10,645,253,0.00,0.00,0,0
1544348640,2006-eth3,964413.62,24827.17,989240.81,24852,965378,519.48,289.71,809.19,290,520,0.00,0.00,0,0
1544348640,3004-eth2,673788.25,1184269.75,1858058.00,1185454,674462,802.20,409.59,1211.79,410,803,0.00,0.00,0,0
1544348640,3001-eth3,1205704.38,537776.25,1743480.62,538314,1206910,652.35,652.35,1304.70,653,653,0.00,0.00,0,0
1544348640,2003-eth4,53432.57,732725.31,786157.88,733458,53486,644.36,252.75,897.10,253,645,0.00,0.00,0,0
1544348640,2008-eth4,1167902.12,711648.38,1879550.50,712360,1169070,402.60,810.19,1212.79,811,403,0.00,0.00,0,0
1544348640,3008-eth3,14729.27,236255.75,250985.02,236492,14744,174.83,177.82,352.65,178,175,0.00,0.00,0,0
1544348640,2005-eth2,30065.94,3916.08,33982.02,3920,30096,407.59,39.96,447.55,40,408,0.00,0.00,0,0
1544348640,2006-eth4,689088.94,1184269.75,1873358.75,1185454,689778,967.03,409.59,1376.62,410,968,0.00,0.00,0,0
1544348640,3006-eth2,1184269.75,689088.94,1873358.75,689778,1185454,409.59,967.03,1376.62,968,410,0.00,0.00,0,0
1544348640,1003-eth4,416841.16,686131.88,1102973.00,686818,417258,200.80,423.58,624.38,424,201,0.00,0.00,0,0
1544348640,2006-eth2,5730.27,669872.12,675602.44,670542,5736,86.91,762.24,849.15,763,87,0.00,0.00,0,0
1544348640,3001-eth1,7734.27,29994.01,37728.27,30024,7742,78.92,315.68,394.61,316,79,0.00,0.00,0,0
1544348640,3008-eth2,711648.38,1167902.12,1879550.50,1169070,712360,810.19,402.60,1212.79,403,811,0.00,0.00,0,0
1544348640,2004-eth3,511930.09,416841.16,928771.25,417258,512442,260.74,200.80,461.54,201,261,0.00,0.00,0,0
1544348640,3001-eth4,35636.36,1211754.25,1247390.62,1212966,35672,491.51,514.49,1005.99,515,492,0.00,0.00,0,0
1544348640,1003-eth1,3916.08,275322.69,279238.78,275598,3920,39.96,94.91,134.87,95,40,0.00,0.00,0,0
1544348640,3002-eth2,277182.81,7628.37,284811.19,7636,277460,113.89,105.89,219.78,106,114,0.00,0.00,0,0
1544348640,2005-eth4,388067.94,675994.00,1064062.00,676670,388456,183.82,749.25,933.07,750,184,0.00,0.00,0,0
1544348640,3003-eth2,416841.16,511930.09,928771.25,512442,417258,200.80,260.74,461.54,261,201,0.00,0.00,0,0
1544348640,2007-eth1,18747.25,29818.18,48565.44,29848,18766,199.80,355.64,555.44,356,200,0.00,0.00,0,0
1544348640,1002-eth4,14729.27,15724.28,30453.55,15740,14744,174.83,160.84,335.66,161,175,0.00,0.00,0,0
1544348640,3002-eth4,1210725.25,301498.50,1512223.88,301800,1211936,503.50,491.51,995.01,492,504,0.00,0.00,0,0
1544348640,2007-eth3,7892.11,30435.56,38327.67,30466,7900,80.92,318.68,399.60,319,81,0.00,0.00,0,0
1544348640,3005-eth1,404525.50,732725.31,1137250.75,733458,404930,452.55,252.75,705.29,253,453,0.00,0.00,0,0
1544348640,2001-eth4,7734.27,7832.17,15566.43,7840,7742,78.92,79.92,158.84,80,79,0.00,0.00,0,0
1544348640,3003-eth4,1179224.75,442027.97,1621252.75,442470,1180404,599.40,582.42,1181.82,583,600,0.00,0.00,0,0
1544348640,2004-eth1,420757.25,1184209.88,1604967.12,1185394,421178,240.76,408.59,649.35,409,241,0.00,0.00,0,0
1544348640,3006-eth4,1211356.62,1209990.00,2421346.75,1211200,1212568,754.25,799.20,1553.45,800,755,0.00,0.00,0,0
1544348640,3007-eth1,30435.56,7892.11,38327.67,7900,30466,318.68,80.92,399.60,81,319,0.00,0.00,0,0
1544348640,2008-eth1,686131.88,416841.16,1102973.00,417258,686818,423.58,200.80,624.38,201,424,0.00,0.00,0,0
1544348640,2002-eth2,515748.28,5730.27,521478.53,5736,516264,299.70,86.91,386.61,87,300,0.00,0.00,0,0
1544348640,2003-eth1,732725.31,657068.94,1389794.25,657726,733458,252.75,512.49,765.23,513,253,0.00,0.00,0,0
1544348640,3008-eth4,1187118.88,476419.59,1663538.50,476896,1188306,607.39,599.40,1206.79,600,608,0.00,0.00,0,0
1544348640,1004-eth4,3916.08,59.94,3976.02,60,3920,39.96,1.00,40.96,1,40,0.00,0.00,0,0
1544348640,3006-eth1,675994.00,388067.94,1064062.00,388456,676670,749.25,183.82,933.07,184,750,0.00,0.00,0,0
1544348640,1004-eth3,669872.12,5730.27,675602.44,5736,670542,762.24,86.91,849.15,87,763,0.00,0.00,0,0
1544348640,1002-eth2,25246.75,22161.84,47408.59,22184,25272,334.67,235.76,570.43,236,335,0.00,0.00,0,0
1544348640,3004-eth3,25186.81,742417.62,767604.44,743160,25212,333.67,351.65,685.31,352,334,0.00,0.00,0,0
1544348640,2003-eth3,657068.94,50407.59,707476.56,50458,657726,512.49,546.45,1058.94,547,513,0.00,0.00,0,0
1544348640,2005-eth1,666241.75,732725.31,1398967.12,733458,666908,649.35,252.75,902.10,253,650,0.00,0.00,0,0
1544348640,3002-eth3,35868.13,1214615.38,1250483.50,1215830,35904,495.50,514.49,1009.99,515,496,0.00,0.00,0,0
1544348640,3006-eth3,26835.17,832701.31,859536.50,833534,26862,358.64,382.62,741.26,383,359,0.00,0.00,0,0
1544348640,2001-eth1,1958.04,0.00,1958.04,0,1960,19.98,0.00,19.98,0,20,0.00,0.00,0,0
1544348640,3005-eth2,24827.17,964413.62,989240.81,965378,24852,289.71,519.48,809.19,520,290,0.00,0.00,0,0
1544348640,2001-eth2,9790.21,33910.09,43700.30,33944,9800,99.90,355.64,455.54,356,100,0.00,0.00,0,0
1544348640,3007-eth2,1167902.12,446333.69,1614235.75,446780,1169070,402.60,628.37,1030.97,629,403,0.00,0.00,0,0
1544348640,1001-eth1,0.00,1958.04,1958.04,1960,0,0.00,19.98,19.98,20,0,0.00,0.00,0,0
1544348640,3007-eth4,27010.99,439060.94,466071.94,439500,27038,316.68,313.69,630.37,314,317,0.00,0.00,0,0
1544348640,2003-eth2,22161.84,25246.75,47408.59,25272,22184,235.76,334.67,570.43,335,236,0.00,0.00,0,0
1544348640,3007-eth3,1210183.88,1203904.12,2414088.00,1205108,1211394,780.22,819.18,1599.40,820,781,0.00,0.00,0,0
1544348640,1002-eth1,33910.09,9790.21,43700.30,9800,33944,355.64,99.90,455.54,100,356,0.00,0.00,0,0
1544348640,2002-eth3,1958.04,513888.12,515846.16,514402,1960,19.98,280.72,300.70,281,20,0.00,0.00,0,0
1544348640,2007-eth2,15724.28,14729.27,30453.55,14744,15740,160.84,174.83,335.66,175,161,0.00,0.00,0,0
1544348640,total,36582252.00,35977180.00,72559432.00,36013156,36618834,29683.32,29843.16,59526.48,29873,29713,0.00,0.00,0,0
1544348641,3003-eth3,1232911.12,1219190.88,2452102.00,1220410,1234144,1014.99,850.15,1865.13,851,1016,0.00,0.00,0,0
1544348641,2002-eth1,263486.53,3916.08,267402.59,3920,263750,90.91,39.96,130.87,40,91,0.00,0.00,0,0
1544348641,lo,6959.04,6959.04,13918.08,6966,6966,67.93,67.93,135.86,68,68,0.00,0.00,0,0
1544348641,3005-eth3,1223702.38,486049.97,1709752.25,486536,1224926,634.37,631.37,1265.73,632,635,0.00,0.00,0,0
1544348641,2005-eth3,735684.31,464163.84,1199848.12,464628,736420,253.75,457.54,711.29,458,254,0.00,0.00,0,0
1544348641,3004-eth4,1213408.62,570251.75,1783660.38,570822,1214622,625.37,618.38,1243.76,619,626,0.00,0.00,0,0
1544348641,1004-eth2,551642.38,575892.12,1127534.50,576468,552194,248.75,676.32,925.07,677,249,0.00,0.00,0,0
1544348641,2004-eth4,1193087.00,579808.19,1772895.12,580388,1194280,411.59,716.28,1127.87,717,412,0.00,0.00,0,0
1544348641,1001-eth2,569556.44,735744.25,1305300.75,736480,570126,493.51,254.75,748.25,255,494,0.00,0.00,0,0
1544348641,1003-eth3,980069.94,1193087.00,2173157.00,1194280,981050,476.52,411.59,888.11,412,477,0.00,0.00,0,0
1544348641,2002-eth4,7892.11,265504.50,273396.62,265770,7900,109.89,111.89,221.78,112,110,0.00,0.00,0,0
1544348641,1001-eth4,26825.18,25354.65,52179.82,25380,26852,340.66,269.73,610.39,270,341,0.00,0.00,0,0
1544348641,3001-eth2,553502.50,1958.04,555460.56,1960,554056,267.73,19.98,287.71,20,268,0.00,0.00,0,0
1544348641,1004-eth1,5934.07,555460.56,561394.62,556016,5940,89.91,287.71,377.62,288,90,0.00,0.00,0,0
1544348641,3005-eth4,1222763.25,544679.31,1767442.62,545224,1223986,666.33,647.35,1313.69,648,667,0.00,0.00,0,0
1544348641,1003-eth2,1193087.00,602709.31,1795796.25,603312,1194280,411.59,323.68,735.26,324,412,0.00,0.00,0,0
1544348641,3008-eth1,9496.50,38781.22,48277.72,38820,9506,96.90,484.52,581.42,485,97,0.00,0.00,0,0
1544348641,1002-eth3,3818.18,29606.39,33424.58,29636,3822,38.96,401.60,440.56,402,39,0.00,0.00,0,0
1544348641,2006-eth1,1193087.00,980069.94,2173157.00,981050,1194280,411.59,476.52,888.11,477,412,0.00,0.00,0,0
1544348641,3003-eth1,33534.46,569556.44,603090.94,570126,33568,441.56,493.51,935.06,494,442,0.00,0.00,0,0
1544348641,2001-eth3,27178.82,7734.27,34913.09,7742,27206,312.69,78.92,391.61,79,313,0.00,0.00,0,0
1544348641,2008-eth2,0.00,3720.28,3720.28,3724,0,0.00,37.96,37.96,38,0,0.00,0.00,0,0
1544348641,2008-eth3,627898.12,1169414.62,1797312.75,1170584,628526,706.29,403.60,1109.89,404,707,0.00,0.00,0,0
1544348641,1001-eth3,735744.25,568949.06,1304693.38,569518,736480,254.75,542.46,797.20,543,255,0.00,0.00,0,0
1544348641,2007-eth4,38781.22,9496.50,48277.72,9506,38820,484.52,96.90,581.42,97,485,0.00,0.00,0,0
1544348641,2004-eth2,575892.12,551642.38,1127534.50,552194,576468,676.32,248.75,925.07,249,677,0.00,0.00,0,0
1544348641,3002-eth1,7892.11,7636.36,15528.47,7644,7900,80.92,77.92,158.84,78,81,0.00,0.00,0,0
1544348641,3004-eth1,735744.25,39436.57,775180.81,39476,736480,254.75,544.46,799.20,545,255,0.00,0.00,0,0
1544348641,2006-eth3,980069.94,21448.55,1001518.50,21470,981050,476.52,286.71,763.24,287,477,0.00,0.00,0,0
1544348641,3004-eth2,579808.19,1193087.00,1772895.12,1194280,580388,716.28,411.59,1127.87,412,717,0.00,0.00,0,0
1544348641,3001-eth3,1222147.88,577794.25,1799942.12,578372,1223370,660.34,645.35,1305.69,646,661,0.00,0.00,0,0
1544348641,2003-eth4,39436.57,735744.25,775180.81,736480,39476,544.46,254.75,799.20,255,545,0.00,0.00,0,0
1544348641,2008-eth4,1169474.50,771746.25,1941220.88,772518,1170644,404.60,782.22,1186.81,783,405,0.00,0.00,0,0
1544348641,3008-eth3,13914.09,215248.75,229162.84,215464,13928,163.84,167.83,331.67,168,164,0.00,0.00,0,0
1544348641,2005-eth2,29606.39,3818.18,33424.58,3822,29636,401.60,38.96,440.56,39,402,0.00,0.00,0,0
1544348641,2006-eth4,591444.56,1193087.00,1784531.50,1194280,592036,873.13,411.59,1284.72,412,874,0.00,0.00,0,0
1544348641,3006-eth2,1193087.00,591444.56,1784531.50,592036,1194280,411.59,873.13,1284.72,874,412,0.00,0.00,0,0
1544348641,1003-eth4,598793.25,746361.69,1345154.88,747108,599392,283.72,397.60,681.32,398,284,0.00,0.00,0,0
1544348641,2006-eth2,5934.07,575930.06,581864.12,576506,5940,89.91,676.32,766.23,677,90,0.00,0.00,0,0
1544348641,3001-eth1,7734.27,27178.82,34913.09,27206,7742,78.92,312.69,391.61,313,79,0.00,0.00,0,0
1544348641,3008-eth2,771746.25,1169474.50,1941220.88,1170644,772518,782.22,404.60,1186.81,405,783,0.00,0.00,0,0
1544348641,2004-eth3,551642.38,598793.25,1150435.62,599392,552194,248.75,283.72,532.47,284,249,0.00,0.00,0,0
1544348641,3001-eth4,35942.06,1223338.75,1259280.75,1224562,35978,496.50,516.48,1012.99,517,497,0.00,0.00,0,0
1544348641,1003-eth1,3916.08,263486.53,267402.59,263750,3920,39.96,90.91,130.87,91,40,0.00,0.00,0,0
1544348641,3002-eth2,265504.50,7892.11,273396.62,7900,265770,111.89,109.89,221.78,110,112,0.00,0.00,0,0
1544348641,2005-eth4,447872.12,578445.56,1026317.69,579024,448320,191.81,639.36,831.17,640,192,0.00,0.00,0,0
1544348641,3003-eth2,598793.25,551642.38,1150435.62,552194,599392,283.72,248.75,532.47,249,284,0.00,0.00,0,0
1544348641,2007-eth1,25354.65,26825.18,52179.82,26852,25380,269.73,340.66,610.39,341,270,0.00,0.00,0,0
1544348641,1002-eth4,14109.89,15370.63,29480.52,15386,14124,165.83,156.84,322.68,157,166,0.00,0.00,0,0
1544348641,3002-eth4,1222423.62,289992.03,1512415.62,290282,1223646,505.49,492.51,998.00,493,506,0.00,0.00,0,0
1544348641,2007-eth3,7538.46,36613.39,44151.85,36650,7546,76.92,384.62,461.54,385,77,0.00,0.00,0,0
1544348641,3005-eth1,464163.84,735684.31,1199848.12,736420,464628,457.54,253.75,711.29,254,458,0.00,0.00,0,0
1544348641,2001-eth4,7636.36,7892.11,15528.47,7900,7644,77.92,80.92,158.84,81,78,0.00,0.00,0,0
1544348641,3003-eth4,1210917.12,624705.31,1835622.38,625330,1212128,677.32,676.32,1353.65,677,678,0.00,0.00,0,0
1544348641,2004-eth1,602709.31,1193087.00,1795796.25,1194280,603312,323.68,411.59,735.26,412,324,0.00,0.00,0,0
1544348641,3006-eth4,1220841.25,1222625.38,2443466.50,1223848,1222062,810.19,809.19,1619.38,810,811,0.00,0.00,0,0
1544348641,3007-eth1,36613.39,7538.46,44151.85,7546,36650,384.62,76.92,461.54,77,385,0.00,0.00,0,0
1544348641,2008-eth1,746361.69,598793.25,1345154.88,599392,747108,397.60,283.72,681.32,284,398,0.00,0.00,0,0
1544348641,2002-eth2,555460.56,5934.07,561394.62,5940,556016,287.71,89.91,377.62,90,288,0.00,0.00,0,0
1544348641,2003-eth1,735744.25,569556.44,1305300.75,570126,736480,254.75,493.51,748.25,494,255,0.00,0.00,0,0
1544348641,3008-eth4,1184929.12,559660.38,1744589.50,560220,1186114,600.40,589.41,1189.81,590,601,0.00,0.00,0,0
1544348641,1004-eth4,3720.28,0.00,3720.28,0,3724,37.96,0.00,37.96,0,38,0.00,0.00,0,0
1544348641,3006-eth1,578445.56,447872.12,1026317.69,448320,579024,639.36,191.81,831.17,192,640,0.00,0.00,0,0
1544348641,1004-eth3,575930.06,5934.07,581864.12,5940,576506,676.32,89.91,766.23,90,677,0.00,0.00,0,0
1544348641,1002-eth2,25188.81,19406.59,44595.41,19426,25214,334.67,233.77,568.43,234,335,0.00,0.00,0,0
1544348641,3004-eth3,25248.75,745180.81,770429.56,745926,25274,335.66,350.65,686.31,351,336,0.00,0.00,0,0
1544348641,2003-eth3,569556.44,33534.46,603090.94,33568,570126,493.51,441.56,935.06,442,494,0.00,0.00,0,0
1544348641,2005-eth1,568949.06,735744.25,1304693.38,736480,569518,542.46,254.75,797.20,255,543,0.00,0.00,0,0
1544348641,3002-eth3,36159.84,1220631.38,1256791.25,1221852,36196,500.50,517.48,1017.98,518,501,0.00,0.00,0,0
1544348641,3006-eth3,29742.26,797066.94,826809.19,797864,29772,371.63,391.61,763.24,392,372,0.00,0.00,0,0
1544348641,2001-eth1,1958.04,59.94,2017.98,60,1960,19.98,1.00,20.98,1,20,0.00,0.00,0,0
1544348641,3005-eth2,21448.55,980069.94,1001518.50,981050,21470,286.71,476.52,763.24,477,287,0.00,0.00,0,0
1544348641,2001-eth2,9790.21,30997.00,40787.21,31028,9800,99.90,351.65,451.55,352,100,0.00,0.00,0,0
1544348641,3007-eth2,1169414.62,627898.12,1797312.75,628526,1170584,403.60,706.29,1109.89,707,404,0.00,0.00,0,0
1544348641,1001-eth1,59.94,1958.04,2017.98,1960,60,1.00,19.98,20.98,20,1,0.00,0.00,0,0
1544348641,3007-eth4,37178.82,641466.56,678645.38,642108,37216,391.61,401.60,793.21,402,392,0.00,0.00,0,0
1544348641,2003-eth2,19406.59,25188.81,44595.41,25214,19426,233.77,334.67,568.43,335,234,0.00,0.00,0,0
1544348641,3007-eth3,1230619.38,1222455.62,2453075.00,1223678,1231850,1067.93,968.03,2035.96,969,1069,0.00,0.00,0,0
1544348641,1002-eth1,30997.00,9790.21,40787.21,9800,31028,351.65,99.90,451.55,100,352,0.00,0.00,0,0
1544348641,2002-eth3,1958.04,553502.50,555460.56,554056,1960,19.98,267.73,287.71,268,20,0.00,0.00,0,0
1544348641,2007-eth2,15370.63,14109.89,29480.52,14124,15386,156.84,165.83,322.68,166,157,0.00,0.00,0,0
1544348641,total,37062396.00,36859880.00,73922272.00,36896740,37099454,29477.52,29228.77,58706.30,29258,29507,0.00,0.00,0,0
1544348642,3003-eth3,1226806.38,1222245.50,2449052.00,1224690,1229260,940.12,783.43,1723.55,785,942,0.00,0.00,0,0
1544348642,2002-eth1,214475.06,3912.18,218387.23,3920,214904,74.85,39.92,114.77,40,75,0.00,0.00,0,0
1544348642,lo,6950.10,6950.10,13900.20,6964,6964,67.86,67.86,135.73,68,68,0.00,0.00,0,0
1544348642,3005-eth3,1235044.00,636177.69,1871221.62,637450,1237514,751.50,659.68,1411.18,661,753,0.00,0.00,0,0
1544348642,2005-eth3,795582.88,624117.81,1419700.62,625366,797174,274.45,544.91,819.36,546,275,0.00,0.00,0,0
1544348642,3004-eth4,1195674.62,667554.94,1863229.62,668890,1198066,599.80,611.78,1211.58,613,601,0.00,0.00,0,0
1544348642,1004-eth2,433694.62,673325.38,1107020.00,674672,434562,199.60,670.66,870.26,672,200,0.00,0.00,0,0
1544348642,2004-eth4,1183028.00,677237.56,1860265.50,678592,1185394,408.18,710.58,1118.76,712,409,0.00,0.00,0,0
1544348642,1001-eth2,667253.50,795582.88,1462836.38,797174,668588,495.01,274.45,769.46,275,496,0.00,0.00,0,0
1544348642,1003-eth3,1091788.50,1183028.00,2274816.50,1185394,1093972,502.99,408.18,911.18,409,504,0.00,0.00,0,0
1544348642,2002-eth4,6363.27,216371.27,222734.53,216804,6376,86.83,93.81,180.64,94,87,0.00,0.00,0,0
1544348642,1001-eth4,26045.91,25453.09,51499.00,25504,26098,330.34,273.45,603.79,274,331,0.00,0.00,0,0
1544348642,3001-eth2,434782.88,2011.95,436794.84,2020,436522,219.12,20.92,240.04,21,220,0.00,0.00,0,0
1544348642,1004-eth1,4338.65,436735.06,441073.72,438482,4356,65.74,239.04,304.78,240,66,0.00,0.00,0,0
1544348642,3005-eth4,1216496.00,659416.38,1875912.38,662054,1221362,682.27,660.36,1342.63,663,685,0.00,0.00,0,0
1544348642,1003-eth2,1180671.38,564721.12,1745392.50,566980,1185394,407.37,320.72,728.09,322,409,0.00,0.00,0,0
1544348642,3008-eth1,9663.35,38241.04,47904.38,38394,9702,98.61,477.09,575.70,479,99,0.00,0.00,0,0
1544348642,1002-eth3,3964.14,31290.84,35254.98,31416,3980,40.84,426.29,467.13,428,41,0.00,0.00,0,0
1544348642,2006-eth1,1180671.38,1089613.62,2270285.00,1093972,1185394,407.37,501.99,909.36,504,409,0.00,0.00,0,0
1544348642,3003-eth1,24388.45,665924.31,690312.75,668588,24486,369.52,494.02,863.55,496,371,0.00,0.00,0,0
1544348642,2001-eth3,19380.48,7868.53,27249.00,7900,19458,255.98,80.68,336.65,81,257,0.00,0.00,0,0
1544348642,2008-eth2,0.00,3866.53,3866.53,3882,0,0.00,39.84,39.84,40,0,0.00,0.00,0,0
1544348642,2008-eth3,590063.75,1164472.12,1754535.88,1169130,592424,705.18,402.39,1107.57,404,708,0.00,0.00,0,0
1544348642,1001-eth3,793998.06,664563.75,1458561.75,667222,797174,273.90,530.88,804.78,533,275,0.00,0.00,0,0
1544348642,2007-eth4,38241.04,9663.35,47904.38,9702,38394,477.09,98.61,575.70,99,479,0.00,0.00,0,0
1544348642,2004-eth2,671984.06,432830.69,1104814.75,434562,674672,669.32,199.20,868.53,200,672,0.00,0.00,0,0
1544348642,3002-eth1,7711.16,7808.77,15519.92,7840,7742,78.69,79.68,158.37,80,79,0.00,0.00,0,0
1544348642,3004-eth1,793998.06,39376.50,833374.50,39534,797174,273.90,548.80,822.71,551,275,0.00,0.00,0,0
1544348642,2006-eth3,1089613.62,16362.55,1105976.12,16428,1093972,501.99,248.01,750.00,249,504,0.00,0.00,0,0
1544348642,3004-eth2,675888.44,1180671.38,1856559.88,1185394,678592,709.16,407.37,1116.53,409,712,0.00,0.00,0,0
1544348642,3001-eth3,1220193.25,459065.75,1679259.00,460902,1225074,610.56,596.61,1207.17,599,613,0.00,0.00,0,0
1544348642,2003-eth4,39376.50,793998.06,833374.50,797174,39534,548.80,273.90,822.71,275,551,0.00,0.00,0,0
1544348642,2008-eth4,1164412.38,871376.50,2035788.88,874862,1169070,401.39,801.79,1203.19,805,403,0.00,0.00,0,0
1544348642,3008-eth3,14199.20,223651.41,237850.61,224546,14256,167.33,172.31,339.64,173,168,0.00,0.00,0,0
1544348642,2005-eth2,31290.84,3964.14,35254.98,3980,31416,426.29,40.84,467.13,41,428,0.00,0.00,0,0
1544348642,2006-eth4,684045.81,1180671.38,1864717.12,1185394,686782,851.59,407.37,1258.96,409,855,0.00,0.00,0,0
1544348642,3006-eth2,1180671.38,684045.81,1864717.12,686782,1185394,407.37,851.59,1258.96,855,409,0.00,0.00,0,0
1544348642,1003-eth4,560816.75,845936.25,1406753.00,849320,563060,280.88,416.33,697.21,418,282,0.00,0.00,0,0
1544348642,2006-eth2,4338.65,672141.44,676480.12,674830,4356,65.74,671.31,737.05,674,66,0.00,0.00,0,0
1544348642,3001-eth1,7868.53,19380.48,27249.00,19458,7900,80.68,255.98,336.65,257,81,0.00,0.00,0,0
1544348642,3008-eth2,871376.50,1164412.38,2035788.88,1169070,874862,801.79,401.39,1203.19,403,805,0.00,0.00,0,0
1544348642,2004-eth3,432770.94,560816.75,993587.69,563060,434502,198.21,280.88,479.08,282,199,0.00,0.00,0,0
1544348642,3001-eth4,35920.32,1216984.12,1252904.38,1221852,36064,497.01,515.94,1012.95,518,499,0.00,0.00,0,0
1544348642,1003-eth1,3904.38,214047.81,217952.20,214904,3920,39.84,74.70,114.54,75,40,0.00,0.00,0,0
1544348642,3002-eth2,215940.25,6350.60,222290.84,6376,216804,93.63,86.65,180.28,87,94,0.00,0.00,0,0
1544348642,2005-eth4,604489.56,673747.25,1278236.75,677116,607512,254.73,630.85,885.57,634,256,0.00,0.00,0,0
1544348642,3003-eth2,560258.69,435287.56,995546.25,437464,563060,280.60,199.00,479.60,200,282,0.00,0.00,0,0
1544348642,2007-eth1,25508.46,26061.69,51570.15,26192,25636,274.63,330.35,604.98,332,276,0.00,0.00,0,0
1544348642,1002-eth4,14282.59,15504.48,29787.06,15582,14354,168.16,158.21,326.37,159,169,0.00,0.00,0,0
1544348642,3002-eth4,1220967.12,240306.47,1461273.62,241508,1227072,489.55,475.62,965.17,478,492,0.00,0.00,0,0
1544348642,2007-eth3,7801.00,37172.14,44973.13,37358,7840,79.60,394.03,473.63,396,80,0.00,0.00,0,0
1544348642,3005-eth1,622320.38,793207.94,1415528.38,797174,625432,544.28,273.63,817.91,275,547,0.00,0.00,0,0
1544348642,2001-eth4,7801.00,7703.48,15504.48,7742,7840,79.60,78.61,158.21,79,80,0.00,0.00,0,0
1544348642,3003-eth4,1219703.50,586264.69,1805968.12,589196,1225802,685.57,674.63,1360.20,678,689,0.00,0.00,0,0
1544348642,2004-eth1,564159.19,1182443.75,1746603.00,1188356,566980,320.40,407.96,728.36,410,322,0.00,0.00,0,0
1544348642,3006-eth4,1219516.38,1221353.25,2440869.50,1227460,1225614,795.02,821.89,1616.92,826,799,0.00,0.00,0,0
1544348642,3007-eth1,37172.14,7801.00,44973.13,7840,37358,394.03,79.60,473.63,80,396,0.00,0.00,0,0
1544348642,2008-eth1,845094.50,560258.69,1405353.25,563060,849320,415.92,280.60,696.52,282,418,0.00,0.00,0,0
1544348642,2002-eth2,439247.75,4334.33,443582.09,4356,441444,239.80,65.67,305.47,66,241,0.00,0.00,0,0
1544348642,2003-eth1,793207.94,665393.00,1458601.00,668720,797174,273.63,495.52,769.15,498,275,0.00,0.00,0,0
1544348642,3008-eth4,1176712.38,641721.38,1818433.75,644930,1182596,583.08,598.01,1181.09,601,586,0.00,0.00,0,0
1544348642,1004-eth4,3862.69,0.00,3862.69,0,3882,39.80,0.00,39.80,0,40,0.00,0.00,0,0
1544348642,3006-eth1,673747.25,604489.56,1278236.75,607512,677116,630.85,254.73,885.57,256,634,0.00,0.00,0,0
1544348642,1004-eth3,671472.62,4334.33,675806.94,4356,674830,670.65,65.67,736.32,66,674,0.00,0.00,0,0
1544348642,1002-eth2,26794.03,11755.22,38549.25,11814,26928,358.21,178.11,536.32,179,360,0.00,0.00,0,0
1544348642,3004-eth3,26820.72,803661.38,830482.12,806876,26928,358.57,372.51,731.08,374,360,0.00,0.00,0,0
1544348642,2003-eth3,666055.81,24454.18,690510.00,24552,668720,496.02,370.52,866.53,372,498,0.00,0.00,0,0
1544348642,2005-eth1,664657.38,793998.06,1458655.38,797174,667316,531.87,273.90,805.78,275,534,0.00,0.00,0,0
1544348642,3002-eth3,36187.25,1222786.88,1258974.12,1227678,36332,500.00,516.93,1016.93,519,502,0.00,0.00,0,0
1544348642,3006-eth3,36537.85,612796.81,649334.69,615248,36684,384.46,386.45,770.92,388,386,0.00,0.00,0,0
1544348642,2001-eth1,1952.19,0.00,1952.19,0,1960,19.92,0.00,19.92,0,20,0.00,0.00,0,0
1544348642,3005-eth2,16362.55,1089613.62,1105976.12,1093972,16428,248.01,501.99,750.00,504,249,0.00,0.00,0,0
1544348642,2001-eth2,9760.96,23480.08,33241.04,23574,9800,99.60,297.81,397.41,299,100,0.00,0.00,0,0
1544348642,3007-eth2,1165980.12,590063.75,1756043.88,592424,1170644,403.39,705.18,1108.57,708,405,0.00,0.00,0,0
1544348642,1001-eth1,0.00,1952.19,1952.19,1960,0,0.00,19.92,19.92,20,0,0.00,0.00,0,0
1544348642,3007-eth4,37948.21,475452.22,513400.41,477354,38100,419.32,359.56,778.88,361,421,0.00,0.00,0,0
1544348642,2003-eth2,11766.93,26820.72,38587.65,26928,11814,178.29,358.57,536.85,360,179,0.00,0.00,0,0
1544348642,3007-eth3,1236099.62,1222531.88,2458631.50,1227422,1241044,985.06,997.01,1982.07,1001,989,0.00,0.00,0,0
1544348642,1002-eth1,23480.08,9760.96,33241.04,9800,23574,297.81,99.60,397.41,100,299,0.00,0.00,0,0
1544348642,2002-eth3,2011.95,437733.09,439745.03,439484,2020,20.92,220.12,241.04,221,21,0.00,0.00,0,0
1544348642,2007-eth2,15519.92,14296.81,29816.73,14354,15582,158.37,168.33,326.69,169,159,0.00,0.00,0,0
1544348642,total,37965540.00,37727060.00,75692600.00,37877966,38117400,29116.53,28869.52,57986.06,28985,29233,0.00,0.00,0,0
1544348643,3003-eth3,1221591.62,1214304.88,2435896.50,1219162,1226478,874.50,785.86,1660.36,789,878,0.00,0.00,0,0
1544348643,2002-eth1,253063.75,3964.14,257027.89,3980,254076,97.61,40.84,138.45,41,98,0.00,0.00,0,0
1544348643,lo,72890.44,72890.44,145780.88,73182,73182,316.73,316.73,633.47,318,318,0.00,0.00,0,0
1544348643,3005-eth3,1216027.88,257462.16,1473490.12,258492,1220892,588.65,492.03,1080.68,494,591,0.00,0.00,0,0
1544348643,2005-eth3,582962.19,256589.66,839551.81,257616,585294,245.02,424.30,669.32,426,246,0.00,0.00,0,0
1544348643,3004-eth4,1184844.62,791354.62,1976199.25,794520,1189584,645.42,649.40,1294.82,652,648,0.00,0.00,0,0
1544348643,1004-eth2,486195.22,797071.75,1283267.00,800260,488140,177.29,707.17,884.46,710,178,0.00,0.00,0,0
1544348643,2004-eth4,1168870.50,800976.12,1969846.62,804180,1173546,403.39,747.01,1150.40,750,405,0.00,0.00,0,0
1544348643,1001-eth2,778625.50,582902.44,1361527.88,585234,781740,456.18,244.02,700.20,245,458,0.00,0.00,0,0
1544348643,1003-eth3,1143219.12,1168870.50,2312089.75,1173546,1147792,608.57,403.39,1011.95,405,611,0.00,0.00,0,0
1544348643,2002-eth4,8701.20,255015.94,263717.12,256036,8736,111.55,117.53,229.08,118,112,0.00,0.00,0,0
1544348643,1001-eth4,33868.53,12752.99,46621.52,12804,34004,420.32,193.23,613.55,194,422,0.00,0.00,0,0
1544348643,3001-eth2,489121.78,1956.09,491077.84,1960,490100,197.60,19.96,217.56,20,198,0.00,0.00,0,0
1544348643,1004-eth1,6762.48,491077.84,497840.34,492060,6776,91.82,217.56,309.38,218,92,0.00,0.00,0,0
1544348643,3005-eth4,1218537.00,662355.31,1880892.25,663680,1220974,702.59,708.58,1411.18,710,704,0.00,0.00,0,0
1544348643,1003-eth2,1171263.50,519191.62,1690455.12,520230,1173606,405.19,249.50,654.69,250,406,0.00,0.00,0,0
1544348643,3008-eth1,9584.83,47554.89,57139.72,47650,9604,97.80,581.84,679.64,583,98,0.00,0.00,0,0
1544348643,1002-eth3,3814.37,33964.07,37778.45,34032,3822,38.92,412.18,451.10,413,39,0.00,0.00,0,0
1544348643,2006-eth1,1171203.62,1145501.00,2316704.75,1147792,1173546,404.19,609.78,1013.97,611,405,0.00,0.00,0,0
1544348643,3003-eth1,24826.35,780179.69,805006.00,781740,24876,376.25,457.09,833.33,458,377,0.00,0.00,0,0
1544348643,2001-eth3,16644.71,7824.35,24469.06,7840,16678,213.57,79.84,293.41,80,214,0.00,0.00,0,0
1544348643,2008-eth2,0.00,3814.37,3814.37,3822,0,0.00,38.92,38.92,39,0,0.00,0.00,0,0
1544348643,2008-eth3,544986.06,1191896.25,1736882.25,1194280,546076,640.72,411.18,1051.90,412,642,0.00,0.00,0,0
1544348643,1001-eth3,584065.88,799544.94,1383610.88,801144,585234,244.51,666.67,911.18,668,245,0.00,0.00,0,0
1544348643,2007-eth4,47554.89,9584.83,57139.72,9604,47650,581.84,97.80,679.64,98,583,0.00,0.00,0,0
1544348643,2004-eth2,798662.69,487165.69,1285828.38,488140,800260,708.58,177.64,886.23,178,710,0.00,0.00,0,0
1544348643,3002-eth1,7726.55,7786.43,15512.97,7802,7742,78.84,79.84,158.68,80,79,0.00,0.00,0,0
1544348643,3004-eth1,584065.88,44017.96,628083.88,44106,585234,244.51,571.86,816.37,573,245,0.00,0.00,0,0
1544348643,2006-eth3,1145441.12,20265.47,1165706.62,20306,1147732,608.78,296.41,905.19,297,610,0.00,0.00,0,0
1544348643,3004-eth2,802574.88,1171203.62,1973778.50,1173546,804180,748.50,404.19,1152.69,405,750,0.00,0.00,0,0
1544348643,3001-eth3,1215237.50,513381.25,1728618.75,514408,1217668,567.86,574.85,1142.71,576,569,0.00,0.00,0,0
1544348643,2003-eth4,44017.96,584065.88,628083.88,585234,44106,571.86,244.51,816.37,245,573,0.00,0.00,0,0
1544348643,2008-eth4,1191896.25,917824.38,2109720.50,919660,1194280,411.18,904.19,1315.37,906,412,0.00,0.00,0,0
1544348643,3008-eth3,15477.05,226301.41,241778.45,226754,15508,179.64,184.63,364.27,185,180,0.00,0.00,0,0
1544348643,2005-eth2,33964.07,3814.37,37778.45,3822,34032,412.18,38.92,451.10,39,413,0.00,0.00,0,0
1544348643,2006-eth4,812263.50,1171203.62,1983467.12,1173546,813888,914.17,404.19,1318.36,405,916,0.00,0.00,0,0
1544348643,3006-eth2,1171203.62,812263.50,1983467.12,813888,1173546,404.19,914.17,1318.36,916,405,0.00,0.00,0,0
1544348643,1003-eth4,515279.47,891872.25,1407151.75,893656,516310,209.58,510.98,720.56,512,210,0.00,0.00,0,0
1544348643,2006-eth2,6762.48,798760.50,805523.00,800358,6776,91.82,709.58,801.40,711,92,0.00,0.00,0,0
1544348643,3001-eth1,7824.35,16644.71,24469.06,16678,7840,79.84,213.57,293.41,214,80,0.00,0.00,0,0
1544348643,3008-eth2,917824.38,1191896.25,2109720.50,1194280,919660,904.19,411.18,1315.37,412,906,0.00,0.00,0,0
1544348643,2004-eth3,487225.56,515279.47,1002505.00,516310,488200,178.64,209.58,388.22,210,179,0.00,0.00,0,0
1544348643,3001-eth4,35996.01,1216457.12,1252453.12,1218890,36068,497.01,515.97,1012.97,517,498,0.00,0.00,0,0
1544348643,1003-eth1,3972.06,253568.88,257540.92,254076,3980,40.92,97.80,138.72,98,41,0.00,0.00,0,0
1544348643,3002-eth2,255780.23,8727.27,264507.50,8736,256036,117.88,111.89,229.77,112,118,0.00,0.00,0,0
1544348643,2005-eth4,236991.02,809844.19,1046835.19,810654,237228,152.85,764.24,917.08,765,153,0.00,0.00,0,0
1544348643,3003-eth2,515794.22,484753.25,1000547.50,485238,516310,209.79,177.82,387.61,178,210,0.00,0.00,0,0
1544348643,2007-eth1,12659.34,33876.12,46535.46,33910,12672,191.81,420.58,612.39,421,192,0.00,0.00,0,0
1544348643,1002-eth4,15590.41,15370.63,30961.04,15386,15606,180.82,156.84,337.66,157,181,0.00,0.00,0,0
1544348643,3002-eth4,1214619.38,280171.84,1494791.25,280452,1215834,510.49,497.50,1007.99,498,511,0.00,0.00,0,0
1544348643,2007-eth3,7832.17,24309.69,32141.86,24334,7840,79.92,310.69,390.61,311,80,0.00,0.00,0,0
1544348643,3005-eth1,257292.72,584709.31,842002.00,585294,257550,424.58,245.75,670.33,246,425,0.00,0.00,0,0
1544348643,2001-eth4,7794.21,7734.27,15528.47,7742,7802,79.92,78.92,158.84,79,80,0.00,0.00,0,0
1544348643,3003-eth4,1205872.12,541712.31,1747584.50,542254,1207078,605.39,602.40,1207.79,603,606,0.00,0.00,0,0
1544348643,2004-eth1,519710.31,1169474.50,1689184.88,1170644,520230,249.75,404.60,654.35,405,250,0.00,0.00,0,0
1544348643,3006-eth4,1219142.88,1216461.62,2435604.50,1217678,1220362,872.13,904.10,1776.22,905,873,0.00,0.00,0,0
1544348643,3007-eth1,24309.69,7832.17,32141.86,7840,24334,310.69,79.92,390.61,80,311,0.00,0.00,0,0
1544348643,2008-eth1,892763.25,515794.22,1408557.50,516310,893656,511.49,209.79,721.28,210,512,0.00,0.00,0,0
1544348643,2002-eth2,488609.41,6769.23,495378.62,6776,489098,216.78,91.91,308.69,92,217,0.00,0.00,0,0
1544348643,2003-eth1,584649.38,780827.19,1365476.50,781608,585234,244.76,455.54,700.30,456,245,0.00,0.00,0,0
1544348643,3008-eth4,1205091.00,683214.81,1888305.75,683898,1206296,615.38,620.38,1235.76,621,616,0.00,0.00,0,0
1544348643,1004-eth4,3818.18,0.00,3818.18,0,3822,38.96,0.00,38.96,0,39,0.00,0.00,0,0
1544348643,3006-eth1,809844.19,236991.02,1046835.19,237228,810654,764.24,152.85,917.08,153,765,0.00,0.00,0,0
1544348643,1004-eth3,799558.44,6769.23,806327.69,6776,800358,710.29,91.91,802.20,92,711,0.00,0.00,0,0
1544348643,1002-eth2,27974.03,8769.23,36743.26,8778,28002,328.67,132.87,461.54,133,329,0.00,0.00,0,0
1544348643,3004-eth3,27974.03,594341.69,622315.69,594936,28002,328.67,343.66,672.33,344,329,0.00,0.00,0,0
1544348643,2003-eth3,780827.19,24785.21,805612.44,24810,781608,455.54,375.62,831.17,376,456,0.00,0.00,0,0
1544348643,2005-eth1,800249.75,584649.38,1384899.12,585234,801050,666.33,244.76,911.09,245,667,0.00,0.00,0,0
1544348643,3002-eth3,36173.83,1216169.88,1252343.75,1217386,36210,500.50,516.48,1016.98,517,501,0.00,0.00,0,0
1544348643,3006-eth3,38299.70,636535.50,674835.19,637172,38338,403.60,413.59,817.18,414,404,0.00,0.00,0,0
1544348643,2001-eth1,1920.08,0.00,1920.08,0,1922,19.98,0.00,19.98,0,20,0.00,0.00,0,0
1544348643,3005-eth2,20285.71,1146585.50,1166871.12,1147732,20306,296.70,609.39,906.09,610,297,0.00,0.00,0,0
1544348643,2001-eth2,9850.15,20381.62,30231.77,20402,9860,100.90,251.75,352.65,252,101,0.00,0.00,0,0
1544348643,3007-eth2,1191574.50,545530.50,1737105.00,546076,1192766,410.59,641.36,1051.95,642,411,0.00,0.00,0,0
1544348643,1001-eth1,0.00,1920.08,1920.08,1922,0,0.00,19.98,19.98,20,0,0.00,0.00,0,0
1544348643,3007-eth4,23604.40,580593.44,604197.81,581174,23628,309.69,310.69,620.38,311,310,0.00,0.00,0,0
1544348643,2003-eth2,8769.23,27974.03,36743.26,28002,8778,132.87,328.67,461.54,329,133,0.00,0.00,0,0
1544348643,3007-eth3,1228711.38,1215186.88,2443898.25,1216402,1229940,1060.94,812.19,1873.13,813,1062,0.00,0.00,0,0
1544348643,1002-eth1,20381.62,9850.15,30231.77,9860,20402,251.75,100.90,352.65,101,252,0.00,0.00,0,0
1544348643,2002-eth3,1958.04,486651.38,488609.41,487138,1960,19.98,196.80,216.78,197,20,0.00,0.00,0,0
1544348643,2007-eth2,15370.63,15590.41,30961.04,15606,15386,156.84,180.82,337.66,181,157,0.00,0.00,0,0
1544348643,total,37787788.00,37318380.00,75106160.00,37355694,37825574,29350.65,29020.98,58371.63,29050,29380,0.00,0.00,0,0
1544348644,3003-eth3,1219324.75,1222090.00,2441414.75,1223312,1220544,787.21,807.19,1594.41,808,788,0.00,0.00,0,0
1544348644,2002-eth1,177744.27,3916.08,181660.34,3920,177922,84.92,39.96,124.88,40,85,0.00,0.00,0,0
1544348644,lo,8475.52,8475.52,16951.05,8484,8484,82.92,82.92,165.83,83,83,0.00,0.00,0,0
1544348644,3005-eth3,1226751.25,403428.59,1630179.88,403832,1227978,668.33,567.43,1235.76,568,669,0.00,0.00,0,0
1544348644,2005-eth3,569990.00,409190.81,979180.88,409600,570560,263.74,521.48,785.21,522,264,0.00,0.00,0,0
1544348644,3004-eth4,1186727.25,773078.94,1959806.25,773852,1187914,644.36,645.35,1289.71,646,645,0.00,0.00,0,0
1544348644,1004-eth2,481074.94,778911.12,1259986.00,779690,481556,165.83,704.30,870.13,705,166,0.00,0.00,0,0
1544348644,2004-eth4,1170921.12,782827.19,1953748.25,783610,1172092,404.60,744.26,1148.85,745,405,0.00,0.00,0,0
1544348644,1001-eth2,759388.62,569990.00,1329378.62,570560,760148,437.56,263.74,701.30,264,438,0.00,0.00,0,0
1544348644,1003-eth3,998919.12,1170921.12,2169840.25,1172092,999918,552.45,404.60,957.04,405,553,0.00,0.00,0,0
1544348644,2002-eth4,9862.14,179604.41,189466.53,179784,9872,111.89,103.90,215.78,104,112,0.00,0.00,0,0
1544348644,1001-eth4,31880.12,11862.14,43742.26,11874,31912,399.60,179.82,579.42,180,400,0.00,0.00,0,0
1544348644,3001-eth2,483032.97,1958.04,484991.03,1960,483516,185.81,19.98,205.79,20,186,0.00,0.00,0,0
1544348644,1004-eth1,7964.04,484893.12,492857.16,485378,7972,92.91,204.80,297.70,205,93,0.00,0.00,0,0
1544348644,3005-eth4,1224090.00,663408.62,1887498.50,664072,1225314,596.40,641.36,1237.76,642,597,0.00,0.00,0,0
1544348644,1003-eth2,1170861.12,600459.56,1771320.75,601060,1172032,403.60,245.75,649.35,246,404,0.00,0.00,0,0
1544348644,3008-eth1,9654.35,45702.30,55356.64,45748,9664,98.90,549.45,648.35,550,99,0.00,0.00,0,0
1544348644,1002-eth3,3818.18,40379.62,44197.80,40420,3822,38.96,431.57,470.53,432,39,0.00,0.00,0,0
1544348644,2006-eth1,1170921.12,998919.12,2169840.25,999918,1172092,404.60,552.45,957.04,553,405,0.00,0.00,0,0
1544348644,3003-eth1,26043.96,759388.62,785432.56,760148,26070,394.61,437.56,832.17,438,395,0.00,0.00,0,0
1544348644,2001-eth3,17954.05,7832.17,25786.21,7840,17972,233.77,79.92,313.69,80,234,0.00,0.00,0,0
1544348644,2008-eth2,0.00,3916.08,3916.08,3920,0,0.00,39.96,39.96,40,0,0.00,0.00,0,0
1544348644,2008-eth3,626365.62,1196046.00,1822411.62,1197242,626992,638.36,412.59,1050.95,413,639,0.00,0.00,0,0
1544348644,1001-eth3,569990.00,777502.50,1347492.50,778280,570560,263.74,638.36,902.10,639,264,0.00,0.00,0,0
1544348644,2007-eth4,45702.30,9654.35,55356.64,9664,45748,549.45,98.90,648.35,99,550,0.00,0.00,0,0
1544348644,2004-eth2,778911.12,481074.94,1259986.00,481556,779690,704.30,165.83,870.13,166,705,0.00,0.00,0,0
1544348644,3002-eth1,7832.17,7734.27,15566.43,7742,7840,79.92,78.92,158.84,79,80,0.00,0.00,0,0
1544348644,3004-eth1,569990.00,50311.69,620301.69,50362,570560,263.74,602.40,866.13,603,264,0.00,0.00,0,0
1544348644,2006-eth3,996020.00,21486.51,1017506.50,21508,997016,552.45,297.70,850.15,298,553,0.00,0.00,0,0
1544348644,3004-eth2,782827.19,1170921.12,1953748.25,1172092,783610,744.26,404.60,1148.85,405,745,0.00,0.00,0,0
1544348644,3001-eth3,1223294.75,507514.50,1730809.25,508022,1224518,562.44,566.43,1128.87,567,563,0.00,0.00,0,0
1544348644,2003-eth4,50311.69,569990.00,620301.69,570560,50362,602.40,263.74,866.13,264,603,0.00,0.00,0,0
1544348644,2008-eth4,1196046.00,848593.44,2044639.38,849442,1197242,412.59,861.14,1273.73,862,413,0.00,0.00,0,0
1544348644,3008-eth3,15840.16,160311.69,176151.86,160472,15856,170.83,167.83,338.66,168,171,0.00,0.00,0,0
1544348644,2005-eth2,40379.62,3818.18,44197.80,3822,40420,431.57,38.96,470.53,39,432,0.00,0.00,0,0
1544348644,2006-eth4,792455.56,1170921.12,1963376.62,1172092,793248,910.09,404.60,1314.69,405,911,0.00,0.00,0,0
1544348644,3006-eth2,1170921.12,792455.56,1963376.62,793248,1172092,404.60,910.09,1314.69,911,405,0.00,0.00,0,0
1544348644,1003-eth4,596543.50,821234.81,1417778.25,822056,597140,205.79,468.53,674.33,469,206,0.00,0.00,0,0
1544348644,2006-eth2,7964.04,778813.19,786777.25,779592,7972,92.91,703.30,796.20,704,93,0.00,0.00,0,0
1544348644,3001-eth1,7832.17,17954.05,25786.21,17972,7840,79.92,233.77,313.69,234,80,0.00,0.00,0,0
1544348644,3008-eth2,848593.44,1196046.00,2044639.38,1197242,849442,861.14,412.59,1273.73,413,862,0.00,0.00,0,0
1544348644,2004-eth3,481074.94,596543.50,1077618.38,597140,481556,165.83,205.79,371.63,206,166,0.00,0.00,0,0
1544348644,3001-eth4,36131.87,1223590.50,1259722.25,1224814,36168,499.50,518.48,1017.98,519,500,0.00,0.00,0,0
1544348644,1003-eth1,3916.08,177744.27,181660.34,177922,3920,39.96,84.92,124.88,85,40,0.00,0.00,0,0
1544348644,3002-eth2,179604.41,9862.14,189466.53,9872,179784,103.90,111.89,215.78,112,104,0.00,0.00,0,0
1544348644,2005-eth4,382125.88,786999.00,1169124.88,787786,382508,225.77,735.26,961.04,736,226,0.00,0.00,0,0
1544348644,3003-eth2,596543.50,481074.94,1077618.38,481556,597140,205.79,165.83,371.63,166,206,0.00,0.00,0,0
1544348644,2007-eth1,11862.14,31880.12,43742.26,31912,11874,179.82,399.60,579.42,400,180,0.00,0.00,0,0
1544348644,1002-eth4,15938.06,15626.37,31564.44,15642,15954,171.83,159.84,331.67,160,172,0.00,0.00,0,0
1544348644,3002-eth4,1218229.75,204117.89,1422347.75,204322,1219448,503.50,484.52,988.01,485,504,0.00,0.00,0,0
1544348644,2007-eth3,7794.21,23452.55,31246.75,23476,7802,79.92,297.70,377.62,298,80,0.00,0.00,0,0
1544348644,3005-eth1,409190.81,569990.00,979180.88,570560,409600,521.48,263.74,785.21,264,522,0.00,0.00,0,0
1544348644,2001-eth4,7734.27,7832.17,15566.43,7840,7742,78.92,79.92,158.84,80,79,0.00,0.00,0,0
1544348644,3003-eth4,1207914.12,622587.44,1830501.50,623210,1209122,592.41,600.40,1192.81,601,593,0.00,0.00,0,0
1544348644,2004-eth1,600459.56,1170861.12,1771320.75,1172032,601060,245.75,403.60,649.35,404,246,0.00,0.00,0,0
1544348644,3006-eth4,1231776.25,1223152.88,2454929.25,1224376,1233008,1085.91,973.03,2058.94,974,1087,0.00,0.00,0,0
1544348644,3007-eth1,23452.55,7794.21,31246.75,7802,23476,297.70,79.92,377.62,80,298,0.00,0.00,0,0
1544348644,2008-eth1,821234.81,596543.50,1417778.25,597140,822056,468.53,205.79,674.33,206,469,0.00,0.00,0,0
1544348644,2002-eth2,484893.12,7964.04,492857.16,7972,485378,204.80,92.91,297.70,93,205,0.00,0.00,0,0
1544348644,2003-eth1,569990.00,759388.62,1329378.62,760148,570560,263.74,437.56,701.30,438,264,0.00,0.00,0,0
1544348644,3008-eth4,1209622.38,681768.25,1891390.62,682450,1210832,618.38,620.38,1238.76,621,619,0.00,0.00,0,0
1544348644,1004-eth4,3916.08,0.00,3916.08,0,3920,39.96,0.00,39.96,0,40,0.00,0.00,0,0
1544348644,3006-eth1,786999.00,382125.88,1169124.88,382508,787786,735.26,225.77,961.04,226,736,0.00,0.00,0,0
1544348644,1004-eth3,778813.19,7964.04,786777.25,7972,779592,703.30,92.91,796.20,93,704,0.00,0.00,0,0
1544348644,1002-eth2,34547.45,10219.78,44767.23,10230,34582,363.64,154.85,518.48,155,364,0.00,0.00,0,0
1544348644,3004-eth3,34487.51,579780.25,614267.75,580360,34522,362.64,363.64,726.27,364,363,0.00,0.00,0,0
1544348644,2003-eth3,759388.62,26043.96,785432.56,26070,760148,437.56,394.61,832.17,395,438,0.00,0.00,0,0
1544348644,2005-eth1,777502.50,569990.00,1347492.50,570560,778280,638.36,263.74,902.10,264,639,0.00,0.00,0,0
1544348644,3002-eth3,36065.93,1220533.50,1256599.38,1221754,36102,498.50,516.48,1014.99,517,499,0.00,0.00,0,0
1544348644,3006-eth3,45504.50,647948.06,693452.56,648596,45550,492.51,433.57,926.07,434,493,0.00,0.00,0,0
1544348644,2001-eth1,1958.04,0.00,1958.04,0,1960,19.98,0.00,19.98,0,20,0.00,0.00,0,0
1544348644,3005-eth2,21486.51,996020.00,1017506.50,997016,21508,297.70,552.45,850.15,553,298,0.00,0.00,0,0
1544348644,2001-eth2,9790.21,21772.23,31562.44,21794,9800,99.90,272.73,372.63,273,100,0.00,0.00,0,0
1544348644,3007-eth2,1196046.00,626365.62,1822411.62,626992,1197242,412.59,638.36,1050.95,639,413,0.00,0.00,0,0
1544348644,1001-eth1,0.00,1958.04,1958.04,1960,0,0.00,19.98,19.98,20,0,0.00,0.00,0,0
1544348644,3007-eth4,23340.66,666929.06,690269.75,667596,23364,305.69,325.67,631.37,326,306,0.00,0.00,0,0
1544348644,2003-eth2,10219.78,34547.45,44767.23,34582,10230,154.85,363.64,518.48,364,155,0.00,0.00,0,0
1544348644,3007-eth3,1225646.38,1221496.50,2447143.00,1222718,1226872,839.16,798.20,1637.36,799,840,0.00,0.00,0,0
1544348644,1002-eth1,21772.23,9790.21,31562.44,9800,21794,272.73,99.90,372.63,100,273,0.00,0.00,0,0
1544348644,2002-eth3,1958.04,483032.97,484991.03,483516,1960,19.98,185.81,205.79,186,20,0.00,0.00,0,0
1544348644,2007-eth2,15626.37,15938.06,31564.44,15954,15642,159.84,171.83,331.67,172,160,0.00,0.00,0,0
1544348644,total,37567776.00,37224768.00,74792544.00,37261990,37605344,28991.01,28793.21,57784.22,28822,29020,0.00,0.00,0,0
1544348645,3003-eth3,1219456.62,1219065.00,2438521.50,1220284,1220676,789.21,805.19,1594.41,806,790,0.00,0.00,0,0
1544348645,2002-eth1,249284.72,3916.08,253200.81,3920,249534,94.91,39.96,134.87,40,95,0.00,0.00,0,0
1544348645,lo,7384.62,7384.62,14769.23,7392,7392,72.93,72.93,145.85,73,73,0.00,0.00,0,0
1544348645,3005-eth3,1220205.88,441170.84,1661376.62,441612,1221426,616.38,569.43,1185.81,570,617,0.00,0.00,0,0
1544348645,2005-eth3,755416.62,440885.12,1196301.75,441326,756172,289.71,526.47,816.18,527,290,0.00,0.00,0,0
1544348645,3004-eth4,1194201.88,753494.50,1947696.38,754248,1195396,560.44,567.43,1127.87,568,561,0.00,0.00,0,0
1544348645,1004-eth2,495870.16,759362.69,1255232.75,760122,496366,170.83,627.37,798.20,628,171,0.00,0.00,0,0
1544348645,2004-eth4,1178407.62,763278.75,1941686.38,764042,1179586,320.68,667.33,988.01,668,321,0.00,0.00,0,0
1544348645,1001-eth2,744917.12,755476.56,1500393.62,756232,745662,437.56,290.71,728.27,291,438,0.00,0.00,0,0
1544348645,1003-eth3,1126783.25,1178407.62,2305190.75,1179586,1127910,612.39,320.68,933.07,321,613,0.00,0.00,0,0
1544348645,2002-eth4,7486.51,251302.70,258789.22,251554,7494,100.90,115.88,216.78,116,101,0.00,0.00,0,0
1544348645,1001-eth4,34859.14,12131.87,46991.01,12144,34894,429.57,183.82,613.39,184,430,0.00,0.00,0,0
1544348645,3001-eth2,497730.28,1958.04,499688.31,1960,498228,189.81,19.98,209.79,20,190,0.00,0.00,0,0
1544348645,1004-eth1,5528.47,499688.31,505216.81,500188,5534,80.92,209.79,290.71,210,81,0.00,0.00,0,0
1544348645,3005-eth4,1226103.88,910253.75,2136357.75,911164,1227330,824.18,731.27,1555.44,732,825,0.00,0.00,0,0
1544348645,1003-eth2,1178407.62,585664.38,1764072.00,586250,1179586,320.68,240.76,561.44,241,321,0.00,0.00,0,0
1544348645,3008-eth1,9692.31,48653.35,58345.66,48702,9702,98.90,593.41,692.31,594,99,0.00,0.00,0,0
1544348645,1002-eth3,3818.18,35120.88,38939.06,35156,3822,38.96,445.55,484.52,446,39,0.00,0.00,0,0
1544348645,2006-eth1,1178407.62,1126783.25,2305190.75,1127910,1179586,320.68,612.39,933.07,613,321,0.00,0.00,0,0
1544348645,3003-eth1,26043.96,744917.12,770961.06,745662,26070,394.61,437.56,832.17,438,395,0.00,0.00,0,0
1544348645,2001-eth3,18085.91,7734.27,25820.18,7742,18104,235.76,78.92,314.69,79,236,0.00,0.00,0,0
1544348645,2008-eth2,59.94,3916.08,3976.02,3920,60,1.00,39.96,40.96,40,1,0.00,0.00,0,0
1544348645,2008-eth3,611708.31,1193087.00,1804795.25,1194280,612320,635.36,411.59,1046.95,412,636,0.00,0.00,0,0
1544348645,1001-eth3,755476.56,765566.44,1521043.00,766332,756232,290.71,661.34,952.05,662,291,0.00,0.00,0,0
1544348645,2007-eth4,48653.35,9692.31,58345.66,9702,48702,593.41,98.90,692.31,99,594,0.00,0.00,0,0
1544348645,2004-eth2,759362.69,495870.16,1255232.75,496366,760122,627.37,170.83,798.20,171,628,0.00,0.00,0,0
1544348645,3002-eth1,7892.11,7832.17,15724.28,7840,7900,80.92,79.92,160.84,80,81,0.00,0.00,0,0
1544348645,3004-eth1,755416.62,44911.09,800327.69,44956,756172,289.71,600.40,890.11,601,290,0.00,0.00,0,0
1544348645,2006-eth3,1126783.25,18715.29,1145498.50,18734,1127910,612.39,280.72,893.11,281,613,0.00,0.00,0,0
1544348645,3004-eth2,763278.75,1178407.62,1941686.38,1179586,764042,667.33,320.68,988.01,321,668,0.00,0.00,0,0
1544348645,3001-eth3,1218101.88,522177.84,1740279.75,522700,1219320,571.43,569.43,1140.86,570,572,0.00,0.00,0,0
1544348645,2003-eth4,44911.09,755416.62,800327.69,756172,44956,600.40,289.71,890.11,290,601,0.00,0.00,0,0
1544348645,2008-eth4,1193146.88,914241.81,2107388.75,915156,1194340,412.59,919.08,1331.67,920,413,0.00,0.00,0,0
1544348645,3008-eth3,15752.25,253388.62,269140.88,253642,15768,183.82,196.80,380.62,197,184,0.00,0.00,0,0
1544348645,2005-eth2,35120.88,3818.18,38939.06,3822,35156,445.55,38.96,484.52,39,446,0.00,0.00,0,0
1544348645,2006-eth4,772391.62,1178407.62,1950799.25,1179586,773164,825.17,320.68,1145.85,321,826,0.00,0.00,0,0
1544348645,3006-eth2,1178407.62,772391.62,1950799.25,773164,1179586,320.68,825.17,1145.85,826,321,0.00,0.00,0,0
1544348645,1003-eth4,581748.25,886751.25,1468499.50,887638,582330,200.80,524.48,725.27,525,201,0.00,0.00,0,0
1544348645,2006-eth2,5528.47,759204.81,764733.31,759964,5534,80.92,625.37,706.29,626,81,0.00,0.00,0,0
1544348645,3001-eth1,7734.27,18085.91,25820.18,18104,7742,78.92,235.76,314.69,236,79,0.00,0.00,0,0
1544348645,3008-eth2,914241.81,1193146.88,2107388.75,1194340,915156,919.08,412.59,1331.67,413,920,0.00,0.00,0,0
1544348645,2004-eth3,495870.16,581748.25,1077618.38,582330,496366,170.83,200.80,371.63,201,171,0.00,0.00,0,0
1544348645,3001-eth4,36000.00,1213071.00,1249071.00,1214284,36036,497.50,513.49,1010.99,514,498,0.00,0.00,0,0
1544348645,1003-eth1,3916.08,249284.72,253200.81,249534,3920,39.96,94.91,134.87,95,40,0.00,0.00,0,0
1544348645,3002-eth2,251302.70,7486.51,258789.22,7494,251554,115.88,100.90,216.78,101,116,0.00,0.00,0,0
1544348645,2005-eth4,419274.75,775258.75,1194533.50,776034,419694,218.78,760.24,979.02,761,219,0.00,0.00,0,0
1544348645,3003-eth2,581748.25,495870.16,1077618.38,496366,582330,200.80,170.83,371.63,171,201,0.00,0.00,0,0
1544348645,2007-eth1,12131.87,34859.14,46991.01,34894,12144,183.82,429.57,613.39,430,184,0.00,0.00,0,0
1544348645,1002-eth4,15654.35,15468.53,31122.88,15484,15670,182.82,157.84,340.66,158,183,0.00,0.00,0,0
1544348645,3002-eth4,1217019.00,275658.34,1492677.38,275934,1218236,504.50,494.51,999.00,495,505,0.00,0.00,0,0
1544348645,2007-eth3,7734.27,23782.22,31516.48,23806,7742,78.92,302.70,381.62,303,79,0.00,0.00,0,0
1544348645,3005-eth1,440885.12,755416.62,1196301.75,756172,441326,526.47,289.71,816.18,290,527,0.00,0.00,0,0
1544348645,2001-eth4,7832.17,7892.11,15724.28,7900,7840,79.92,80.92,160.84,81,80,0.00,0.00,0,0
1544348645,3003-eth4,1205218.88,607660.38,1812879.12,608268,1206424,595.40,593.41,1188.81,594,596,0.00,0.00,0,0
1544348645,2004-eth1,585664.38,1178407.62,1764072.00,1179586,586250,240.76,320.68,561.44,321,241,0.00,0.00,0,0
1544348645,3006-eth4,1225192.88,1213598.38,2438791.25,1214812,1226418,1007.99,765.23,1773.23,766,1009,0.00,0.00,0,0
1544348645,3007-eth1,23782.22,7734.27,31516.48,7742,23806,302.70,78.92,381.62,79,303,0.00,0.00,0,0
1544348645,2008-eth1,886751.25,581748.25,1468499.50,582330,887638,524.48,200.80,725.27,201,525,0.00,0.00,0,0
1544348645,2002-eth2,499688.31,5528.47,505216.81,5534,500188,209.79,80.92,290.71,81,210,0.00,0.00,0,0
1544348645,2003-eth1,755476.56,744917.12,1500393.62,745662,756232,290.71,437.56,728.27,438,291,0.00,0.00,0,0
1544348645,3008-eth4,1203314.75,650599.44,1853914.12,651250,1204518,610.39,608.39,1218.78,609,611,0.00,0.00,0,0
1544348645,1004-eth4,3916.08,59.94,3976.02,60,3920,39.96,1.00,40.96,1,40,0.00,0.00,0,0
1544348645,3006-eth1,775258.75,419274.75,1194533.50,419694,776034,760.24,218.78,979.02,219,761,0.00,0.00,0,0
1544348645,1004-eth3,759204.81,5528.47,764733.31,5534,759964,625.37,80.92,706.29,81,626,0.00,0.00,0,0
1544348645,1002-eth2,29158.84,10411.59,39570.43,10422,29188,361.64,157.84,519.48,158,362,0.00,0.00,0,0
1544348645,3004-eth3,29218.78,765206.81,794425.62,765972,29248,362.64,389.61,752.25,390,363,0.00,0.00,0,0
1544348645,2003-eth3,744917.12,26043.96,770961.06,26070,745662,437.56,394.61,832.17,395,438,0.00,0.00,0,0
1544348645,2005-eth1,765566.44,755476.56,1521043.00,756232,766332,661.34,290.71,952.05,291,662,0.00,0.00,0,0
1544348645,3002-eth3,36187.62,1219413.25,1255600.88,1221852,36260,500.00,516.97,1016.97,518,501,0.00,0.00,0,0
1544348645,3006-eth3,24998.00,768281.44,793279.44,769818,25048,331.34,360.28,691.62,361,332,0.00,0.00,0,0
1544348645,2001-eth1,1956.09,59.88,2015.97,60,1960,19.96,1.00,20.96,1,20,0.00,0.00,0,0
1544348645,3005-eth2,18696.61,1125658.75,1144355.38,1127910,18734,280.44,611.78,892.22,613,281,0.00,0.00,0,0
1544348645,2001-eth2,9682.63,21980.04,31662.68,22024,9702,98.80,275.45,374.25,276,99,0.00,0.00,0,0
1544348645,3007-eth2,1191896.25,611097.81,1802994.00,612320,1194280,411.18,634.73,1045.91,636,412,0.00,0.00,0,0
1544348645,1001-eth1,59.88,1956.09,2015.97,1960,60,1.00,19.96,20.96,20,1,0.00,0.00,0,0
1544348645,3007-eth4,23449.10,663307.38,686756.50,664634,23496,307.39,324.35,631.74,325,308,0.00,0.00,0,0
1544348645,2003-eth2,10401.20,29129.74,39530.94,29188,10422,157.68,361.28,518.96,362,158,0.00,0.00,0,0
1544348645,3007-eth3,1213838.38,1217782.50,2431620.75,1220218,1216266,787.43,803.39,1590.82,805,789,0.00,0.00,0,0
1544348645,1002-eth1,21980.04,9682.63,31662.68,9702,22024,275.45,98.80,374.25,99,276,0.00,0.00,0,0
1544348645,2002-eth3,1956.09,497233.53,499189.62,498228,1960,19.96,189.62,209.58,190,20,0.00,0.00,0,0
1544348645,2007-eth2,15453.09,15638.72,31091.82,15670,15484,157.68,182.63,340.32,183,158,0.00,0.00,0,0
1544348645,total,38689980.00,39078028.00,77768008.00,39156184,38767358,28591.82,28351.30,56943.12,28408,28649,0.00,0.00,0,0
1544348646,3003-eth3,1219918.12,1213146.88,2433065.00,1214360,1221138,796.20,803.20,1599.40,804,797,0.00,0.00,0,0
1544348646,2002-eth1,269464.53,3916.08,273380.62,3920,269734,93.91,39.96,133.87,40,94,0.00,0.00,0,0
1544348646,lo,71544.46,71544.46,143088.92,71616,71616,298.70,298.70,597.40,299,299,0.00,0.00,0,0
1544348646,3005-eth3,1217364.62,353850.16,1571214.88,354204,1218582,578.42,561.44,1139.86,562,579,0.00,0.00,0,0
1544348646,2005-eth3,781582.44,348107.91,1129690.38,348456,782364,269.73,474.53,744.26,475,270,0.00,0.00,0,0
1544348646,3004-eth4,1200665.38,732641.38,1933306.75,733374,1201866,504.50,514.49,1018.98,515,505,0.00,0.00,0,0
1544348646,1004-eth2,503300.72,738581.44,1241882.12,739320,503804,173.83,575.42,749.25,576,174,0.00,0.00,0,0
1544348646,2004-eth4,1185104.88,742497.50,1927602.50,743240,1186290,268.73,615.38,884.12,616,269,0.00,0.00,0,0
1544348646,1001-eth2,727300.75,781582.44,1508883.12,782364,728028,433.57,269.73,703.30,270,434,0.00,0.00,0,0
1544348646,1003-eth3,1081906.12,1185104.88,2267011.00,1186290,1082988,503.50,268.73,772.23,269,504,0.00,0.00,0,0
1544348646,2002-eth4,7094.91,271362.66,278457.56,271634,7102,97.90,112.89,210.79,113,98,0.00,0.00,0,0
1544348646,1001-eth4,23128.87,12461.54,35590.41,12474,23152,321.68,188.81,510.49,189,322,0.00,0.00,0,0
1544348646,3001-eth2,505318.69,2017.98,507336.69,2020,505824,194.81,20.98,215.78,21,195,0.00,0.00,0,0
1544348646,1004-eth1,5076.92,507276.75,512353.66,507784,5082,76.92,214.79,291.71,215,77,0.00,0.00,0,0
1544348646,3005-eth4,1224167.88,660461.56,1884629.38,661122,1225392,663.34,604.40,1267.73,605,664,0.00,0.00,0,0
1544348646,1003-eth2,1185104.88,585664.38,1770769.25,586250,1186290,268.73,240.76,509.49,241,269,0.00,0.00,0,0
1544348646,3008-eth1,9692.31,35544.46,45236.77,35580,9702,98.90,471.53,570.43,472,99,0.00,0.00,0,0
1544348646,1002-eth3,3976.02,30163.84,34139.86,30194,3980,40.96,408.59,449.55,409,41,0.00,0.00,0,0
1544348646,2006-eth1,1185104.88,1081906.12,2267011.00,1082988,1186290,268.73,503.50,772.23,504,269,0.00,0.00,0,0
1544348646,3003-eth1,25978.02,727300.75,753278.75,728028,26004,393.61,433.57,827.17,434,394,0.00,0.00,0,0
1544348646,2001-eth3,18249.75,7892.11,26141.86,7900,18268,237.76,80.92,318.68,81,238,0.00,0.00,0,0
1544348646,2008-eth2,0.00,3976.02,3976.02,3980,0,0.00,40.96,40.96,41,0,0.00,0.00,0,0
1544348646,2008-eth3,611642.38,1190187.88,1801830.25,1191378,612254,634.37,411.59,1045.95,412,635,0.00,0.00,0,0
1544348646,1001-eth3,781582.44,736141.88,1517724.38,736878,782364,269.73,548.45,818.18,549,270,0.00,0.00,0,0
1544348646,2007-eth4,35544.46,9692.31,45236.77,9702,35580,471.53,98.90,570.43,99,472,0.00,0.00,0,0
1544348646,2004-eth2,738581.44,503300.72,1241882.12,503804,739320,575.42,173.83,749.25,174,576,0.00,0.00,0,0
1544348646,3002-eth1,7832.17,7832.17,15664.34,7840,7840,79.92,79.92,159.84,80,80,0.00,0.00,0,0
1544348646,3004-eth1,781642.38,41042.96,822685.31,41084,782424,270.73,573.43,844.16,574,271,0.00,0.00,0,0
1544348646,2006-eth3,1084865.12,16477.52,1101342.62,16494,1085950,504.50,249.75,754.25,250,505,0.00,0.00,0,0
1544348646,3004-eth2,742497.50,1185104.88,1927602.50,1186290,743240,615.38,268.73,884.12,269,616,0.00,0.00,0,0
1544348646,3001-eth3,1218299.75,529542.50,1747842.25,530072,1219518,574.43,571.43,1145.85,572,575,0.00,0.00,0,0
1544348646,2003-eth4,41042.96,781642.38,822685.31,782424,41084,573.43,270.73,844.16,271,574,0.00,0.00,0,0
1544348646,2008-eth4,1190127.88,829226.81,2019354.75,830056,1191318,410.59,797.20,1207.79,798,411,0.00,0.00,0,0
1544348646,3008-eth3,14373.63,270219.78,284593.41,270490,14388,169.83,188.81,358.64,189,170,0.00,0.00,0,0
1544348646,2005-eth2,30163.84,3976.02,34139.86,3980,30194,408.59,40.96,449.55,41,409,0.00,0.00,0,0
1544348646,2006-eth4,749856.19,1185104.88,1934961.12,1186290,750606,746.25,268.73,1014.99,269,747,0.00,0.00,0,0
1544348646,3006-eth2,1185104.88,749856.19,1934961.12,750606,1186290,268.73,746.25,1014.99,747,269,0.00,0.00,0,0
1544348646,1003-eth4,581748.25,806207.81,1387956.12,807014,582330,200.80,404.60,605.39,405,201,0.00,0.00,0,0
1544348646,2006-eth2,5076.92,738641.38,743718.31,739380,5082,76.92,576.42,653.35,577,77,0.00,0.00,0,0
1544348646,3001-eth1,7892.11,18249.75,26141.86,18268,7900,80.92,237.76,318.68,238,81,0.00,0.00,0,0
1544348646,3008-eth2,829226.81,1190127.88,2019354.75,1191318,830056,797.20,410.59,1207.79,411,798,0.00,0.00,0,0
1544348646,2004-eth3,503300.72,581748.25,1085049.00,582330,503804,173.83,200.80,374.63,201,174,0.00,0.00,0,0
1544348646,3001-eth4,36091.91,1220631.38,1256723.25,1221852,36128,498.50,517.48,1015.98,518,499,0.00,0.00,0,0
1544348646,1003-eth1,3916.08,269464.53,273380.62,269734,3920,39.96,93.91,133.87,94,40,0.00,0.00,0,0
1544348646,3002-eth2,271362.66,7094.91,278457.56,7102,271634,112.89,97.90,210.79,98,113,0.00,0.00,0,0
1544348646,2005-eth4,331590.41,745932.06,1077522.50,746678,331922,204.80,648.35,853.15,649,205,0.00,0.00,0,0
1544348646,3003-eth2,581748.25,503300.72,1085049.00,503804,582330,200.80,173.83,374.63,174,201,0.00,0.00,0,0
1544348646,2007-eth1,12461.54,23128.87,35590.41,23152,12474,188.81,321.68,510.49,322,189,0.00,0.00,0,0
1544348646,1002-eth4,14471.53,15664.34,30135.87,15680,14486,170.83,159.84,330.67,160,171,0.00,0.00,0,0
1544348646,3002-eth4,1218745.25,295844.16,1514589.50,296140,1219964,493.51,493.51,987.01,494,494,0.00,0.00,0,0
1544348646,2007-eth3,7734.27,24171.83,31906.10,24196,7742,78.92,308.69,387.61,309,79,0.00,0.00,0,0
1544348646,3005-eth1,348107.91,781582.44,1129690.38,782364,348456,474.53,269.73,744.26,270,475,0.00,0.00,0,0
1544348646,2001-eth4,7832.17,7832.17,15664.34,7840,7840,79.92,79.92,159.84,80,80,0.00,0.00,0,0
1544348646,3003-eth4,1199498.50,607594.44,1807093.00,608202,1200698,596.40,592.41,1188.81,593,597,0.00,0.00,0,0
1544348646,2004-eth1,585664.38,1185104.88,1770769.25,1186290,586250,240.76,268.73,509.49,269,241,0.00,0.00,0,0
1544348646,3006-eth4,1219844.25,1212737.25,2432581.50,1213950,1221064,751.25,668.33,1419.58,669,752,0.00,0.00,0,0
1544348646,3007-eth1,24171.83,7734.27,31906.10,7742,24196,308.69,78.92,387.61,79,309,0.00,0.00,0,0
1544348646,2008-eth1,806207.81,581748.25,1387956.12,582330,807014,404.60,200.80,605.39,201,405,0.00,0.00,0,0
1544348646,2002-eth2,507276.75,5076.92,512353.66,5082,507784,214.79,76.92,291.71,77,215,0.00,0.00,0,0
1544348646,2003-eth1,781582.44,727300.75,1508883.12,728028,782364,269.73,433.57,703.30,434,270,0.00,0.00,0,0
1544348646,3008-eth4,1204427.62,558803.19,1763230.88,559362,1205632,583.42,576.42,1159.84,577,584,0.00,0.00,0,0
1544348646,1004-eth4,3976.02,0.00,3976.02,0,3980,40.96,0.00,40.96,0,41,0.00,0.00,0,0
1544348646,3006-eth1,745932.06,331590.41,1077522.50,331922,746678,648.35,204.80,853.15,205,649,0.00,0.00,0,0
1544348646,1004-eth3,738641.38,5076.92,743718.31,5082,739380,576.42,76.92,653.35,77,577,0.00,0.00,0,0
1544348646,1002-eth2,25482.52,10417.58,35900.10,10428,25508,337.66,157.84,495.50,158,338,0.00,0.00,0,0
1544348646,3004-eth3,25482.52,791372.62,816855.19,792164,25508,337.66,369.63,707.29,370,338,0.00,0.00,0,0
1544348646,2003-eth3,727300.75,25978.02,753278.75,26004,728028,433.57,393.61,827.17,394,434,0.00,0.00,0,0
1544348646,2005-eth1,736141.88,781582.44,1517724.38,782364,736878,548.45,269.73,818.18,270,549,0.00,0.00,0,0
1544348646,3002-eth3,36229.77,1220631.38,1256861.12,1221852,36266,500.50,517.48,1017.98,518,501,0.00,0.00,0,0
1544348646,3006-eth3,27592.41,860943.06,888535.50,861804,27620,369.63,393.61,763.24,394,370,0.00,0.00,0,0
1544348646,2001-eth1,1958.04,0.00,1958.04,0,1960,19.98,0.00,19.98,0,20,0.00,0.00,0,0
1544348646,3005-eth2,16477.52,1084865.12,1101342.62,1085950,16494,249.75,504.50,754.25,505,250,0.00,0.00,0,0
1544348646,2001-eth2,9790.21,22165.83,31956.04,22188,9800,99.90,277.72,377.62,278,100,0.00,0.00,0,0
1544348646,3007-eth2,1190187.88,611642.38,1801830.25,612254,1191378,411.59,634.37,1045.95,635,412,0.00,0.00,0,0
1544348646,1001-eth1,0.00,1958.04,1958.04,1960,0,0.00,19.98,19.98,20,0,0.00,0.00,0,0
1544348646,3007-eth4,23268.73,640297.75,663566.44,640938,23292,304.70,316.68,621.38,317,305,0.00,0.00,0,0
1544348646,2003-eth2,10417.58,25482.52,35900.10,25508,10428,157.84,337.66,495.50,338,158,0.00,0.00,0,0
1544348646,3007-eth3,1215308.75,1216105.88,2431414.75,1217322,1216524,792.21,804.20,1596.40,805,793,0.00,0.00,0,0
1544348646,1002-eth1,22165.83,9790.21,31956.04,9800,22188,277.72,99.90,377.62,100,278,0.00,0.00,0,0
1544348646,2002-eth3,2017.98,505318.69,507336.69,505824,2020,20.98,194.81,215.78,195,21,0.00,0.00,0,0
1544348646,2007-eth2,15664.34,14471.53,30135.87,14486,15680,159.84,170.83,330.67,171,160,0.00,0.00,0,0
1544348646,total,38328216.00,38411764.00,76739984.00,38450174,38366546,26688.31,26667.33,53355.65,26694,26715,0.00,0.00,0,0
1544348647,3003-eth3,1221430.62,1219196.88,2440627.50,1220416,1222652,797.20,807.19,1604.40,808,798,0.00,0.00,0,0
1544348647,2002-eth1,285712.28,3976.02,289688.31,3980,285998,98.90,40.96,139.86,41,99,0.00,0.00,0,0
1544348647,lo,7742.26,7742.26,15484.52,7750,7750,75.92,75.92,151.85,76,76,0.00,0.00,0,0
1544348647,3005-eth3,1222431.62,407216.78,1629648.38,407624,1223654,576.42,559.44,1135.86,560,577,0.00,0.00,0,0
1544348647,2005-eth3,744621.38,401702.31,1146323.75,402104,745366,257.74,475.52,733.27,476,258,0.00,0.00,0,0
1544348647,3004-eth4,1200335.75,720937.06,1921272.75,721658,1201536,499.50,512.49,1011.99,513,500,0.00,0.00,0,0
1544348647,1004-eth2,501848.16,726713.31,1228561.50,727440,502350,173.83,571.43,745.25,572,174,0.00,0.00,0,0
1544348647,2004-eth4,1185104.88,730629.38,1915734.38,731360,1186290,268.73,611.39,880.12,612,269,0.00,0.00,0,0
1544348647,1001-eth2,715992.00,744561.44,1460553.50,745306,716708,437.56,256.74,694.31,257,438,0.00,0.00,0,0
1544348647,1003-eth3,1115374.62,1185104.88,2300479.50,1186290,1116490,483.52,268.73,752.25,269,484,0.00,0.00,0,0
1544348647,2002-eth4,7364.64,287670.34,295034.97,287958,7372,101.90,118.88,220.78,119,102,0.00,0.00,0,0
1544348647,1001-eth4,20453.55,12725.28,33178.82,12738,20474,300.70,192.81,493.51,193,301,0.00,0.00,0,0
1544348647,3001-eth2,503746.28,1958.04,505704.31,1960,504250,192.81,19.98,212.79,20,193,0.00,0.00,0,0
1544348647,1004-eth1,5406.59,505704.31,511110.91,506210,5412,81.92,212.79,294.71,213,82,0.00,0.00,0,0
1544348647,3005-eth4,1222707.38,680585.44,1903292.75,681266,1223930,619.38,624.38,1243.76,625,620,0.00,0.00,0,0
1544348647,1003-eth2,1185164.88,603478.56,1788643.38,604082,1186350,269.73,247.75,517.48,248,270,0.00,0.00,0,0
1544348647,3008-eth1,9692.31,33594.41,43286.71,33628,9702,98.90,461.54,560.44,462,99,0.00,0.00,0,0
1544348647,1002-eth3,3916.08,30625.38,34541.46,30656,3920,39.96,415.58,455.54,416,40,0.00,0.00,0,0
1544348647,2006-eth1,1185104.88,1115374.62,2300479.50,1116490,1186290,268.73,483.52,752.25,484,269,0.00,0.00,0,0
1544348647,3003-eth1,26169.83,715992.00,742161.88,716708,26196,396.60,437.56,834.17,438,397,0.00,0.00,0,0
1544348647,2001-eth3,18541.46,7734.27,26275.72,7742,18560,242.76,78.92,321.68,79,243,0.00,0.00,0,0
1544348647,2008-eth2,0.00,3818.18,3818.18,3822,0,0.00,38.96,38.96,39,0,0.00,0.00,0,0
1544348647,2008-eth3,629298.69,1193087.00,1822385.62,1194280,629928,639.36,411.59,1050.95,412,640,0.00,0.00,0,0
1544348647,1001-eth3,744561.44,721728.31,1466289.75,722450,745306,256.74,524.48,781.22,525,257,0.00,0.00,0,0
1544348647,2007-eth4,33594.41,9692.31,43286.71,9702,33628,461.54,98.90,560.44,99,462,0.00,0.00,0,0
1544348647,2004-eth2,726713.31,501848.16,1228561.50,502350,727440,571.43,173.83,745.25,174,572,0.00,0.00,0,0
1544348647,3002-eth1,7636.36,7794.21,15430.57,7802,7644,77.92,79.92,157.84,80,78,0.00,0.00,0,0
1544348647,3004-eth1,744561.44,40483.52,785045.00,40524,745306,256.74,565.43,822.18,566,257,0.00,0.00,0,0
1544348647,2006-eth3,1115314.75,17274.73,1132589.50,17292,1116430,482.52,261.74,744.26,262,483,0.00,0.00,0,0
1544348647,3004-eth2,730629.38,1185104.88,1915734.38,1186290,731360,611.39,268.73,880.12,269,612,0.00,0.00,0,0
1544348647,3001-eth3,1224475.50,528293.75,1752769.25,528822,1225700,580.42,574.43,1154.85,575,581,0.00,0.00,0,0
1544348647,2003-eth4,40483.52,744561.44,785045.00,745306,40524,565.43,256.74,822.18,257,566,0.00,0.00,0,0
1544348647,2008-eth4,1193087.00,858671.38,2051758.25,859530,1194280,411.59,780.22,1191.81,781,412,0.00,0.00,0,0
1544348647,3008-eth3,15001.00,279096.91,294097.91,279376,15016,179.82,191.81,371.63,192,180,0.00,0.00,0,0
1544348647,2005-eth2,30625.38,3916.08,34541.46,3920,30656,415.58,39.96,455.54,40,416,0.00,0.00,0,0
1544348647,2006-eth4,738745.25,1185104.88,1923850.25,1186290,739484,753.25,268.73,1021.98,269,754,0.00,0.00,0,0
1544348647,3006-eth2,1185104.88,738745.25,1923850.25,739484,1186290,268.73,753.25,1021.98,754,269,0.00,0.00,0,0
1544348647,1003-eth4,599562.44,832627.38,1432189.88,833460,600162,207.79,385.61,593.41,386,208,0.00,0.00,0,0
1544348647,2006-eth2,5406.59,726811.19,732217.81,727538,5412,81.92,572.43,654.35,573,82,0.00,0.00,0,0
1544348647,3001-eth1,7734.27,18541.46,26275.72,18560,7742,78.92,242.76,321.68,243,79,0.00,0.00,0,0
1544348647,3008-eth2,858671.38,1193087.00,2051758.25,1194280,859530,780.22,411.59,1191.81,412,781,0.00,0.00,0,0
1544348647,2004-eth3,501848.16,599562.44,1101410.62,600162,502350,173.83,207.79,381.62,208,174,0.00,0.00,0,0
1544348647,3001-eth4,36197.80,1223492.50,1259690.38,1224716,36234,500.50,517.48,1017.98,518,501,0.00,0.00,0,0
1544348647,1003-eth1,3976.02,285712.28,289688.31,285998,3980,40.96,98.90,139.86,99,41,0.00,0.00,0,0
1544348647,3002-eth2,287670.34,7364.64,295034.97,7372,287958,118.88,101.90,220.78,102,119,0.00,0.00,0,0
1544348647,2005-eth4,384843.16,731518.50,1116361.62,732250,385228,200.80,624.38,825.17,625,201,0.00,0.00,0,0
1544348647,3003-eth2,599562.44,501848.16,1101410.62,502350,600162,207.79,173.83,381.62,174,208,0.00,0.00,0,0
1544348647,2007-eth1,12725.28,20453.55,33178.82,20474,12738,192.81,300.70,493.51,301,193,0.00,0.00,0,0
1544348647,1002-eth4,15001.00,15370.63,30371.63,15386,15016,179.82,156.84,336.66,157,180,0.00,0.00,0,0
1544348647,3002-eth4,1223876.12,312217.78,1536094.00,312530,1225100,505.49,500.50,1005.99,501,506,0.00,0.00,0,0
1544348647,2007-eth3,7636.36,24179.82,31816.19,24204,7644,77.92,309.69,387.61,310,78,0.00,0.00,0,0
1544348647,3005-eth1,401702.31,744621.38,1146323.75,745366,402104,475.52,257.74,733.27,258,476,0.00,0.00,0,0
1544348647,2001-eth4,7794.21,7636.36,15430.57,7644,7802,79.92,77.92,157.84,78,80,0.00,0.00,0,0
1544348647,3003-eth4,1206004.00,625546.50,1831550.50,626172,1207210,607.39,601.40,1208.79,602,608,0.00,0.00,0,0
1544348647,2004-eth1,603478.56,1185164.88,1788643.38,1186350,604082,247.75,269.73,517.48,270,248,0.00,0.00,0,0
1544348647,3006-eth4,1225494.50,1210489.50,2435984.00,1211700,1226720,727.27,653.35,1380.62,654,728,0.00,0.00,0,0
1544348647,3007-eth1,24179.82,7636.36,31816.19,7644,24204,309.69,77.92,387.61,78,310,0.00,0.00,0,0
1544348647,2008-eth1,832627.38,599562.44,1432189.88,600162,833460,385.61,207.79,593.41,208,386,0.00,0.00,0,0
1544348647,2002-eth2,505704.31,5406.59,511110.91,5412,506210,212.79,81.92,294.71,82,213,0.00,0.00,0,0
1544348647,2003-eth1,744561.44,715992.00,1460553.50,716708,745306,256.74,437.56,694.31,438,257,0.00,0.00,0,0
1544348647,3008-eth4,1205021.00,582649.38,1787670.38,583232,1206226,592.41,587.41,1179.82,588,593,0.00,0.00,0,0
1544348647,1004-eth4,3818.18,0.00,3818.18,0,3822,38.96,0.00,38.96,0,39,0.00,0.00,0,0
1544348647,3006-eth1,731518.50,384843.16,1116361.62,385228,732250,624.38,200.80,825.17,201,625,0.00,0.00,0,0
1544348647,1004-eth3,726811.19,5406.59,732217.81,5412,727538,572.43,81.92,654.35,82,573,0.00,0.00,0,0
1544348647,1002-eth2,25120.88,10747.25,35868.13,10758,25146,332.67,162.84,495.50,163,333,0.00,0.00,0,0
1544348647,3004-eth3,25120.88,754253.75,779374.62,755008,25146,332.67,355.64,688.31,356,333,0.00,0.00,0,0
1544348647,2003-eth3,715992.00,26169.83,742161.88,26196,716708,437.56,396.60,834.17,397,438,0.00,0.00,0,0
1544348647,2005-eth1,721728.31,744561.44,1466289.75,745306,722450,524.48,256.74,781.22,257,525,0.00,0.00,0,0
1544348647,3002-eth3,36197.80,1223394.62,1259592.50,1224618,36234,500.50,516.48,1016.98,517,501,0.00,0.00,0,0
1544348647,3006-eth3,28575.43,896451.56,925027.00,897348,28604,384.62,405.59,790.21,406,385,0.00,0.00,0,0
1544348647,2001-eth1,1920.08,0.00,1920.08,0,1922,19.98,0.00,19.98,0,20,0.00,0.00,0,0
1544348647,3005-eth2,17274.73,1115314.75,1132589.50,1116430,17292,261.74,482.52,744.26,483,262,0.00,0.00,0,0
1544348647,2001-eth2,9654.35,22359.64,32013.99,22382,9664,98.90,281.72,380.62,282,99,0.00,0.00,0,0
1544348647,3007-eth2,1193087.00,629298.69,1822385.62,629928,1194280,411.59,639.36,1050.95,640,412,0.00,0.00,0,0
1544348647,1001-eth1,0.00,1920.08,1920.08,1922,0,0.00,19.98,19.98,20,0,0.00,0.00,0,0
1544348647,3007-eth4,22913.09,623892.12,646805.19,624516,22936,299.70,309.69,609.39,310,300,0.00,0.00,0,0
1544348647,2003-eth2,10747.25,25120.88,35868.13,25146,10758,162.84,332.67,495.50,333,163,0.00,0.00,0,0
1544348647,3007-eth3,1221496.50,1219130.88,2440627.50,1220350,1222718,798.20,806.19,1604.40,807,799,0.00,0.00,0,0
1544348647,1002-eth1,22359.64,9654.35,32013.99,9664,22382,281.72,98.90,380.62,99,282,0.00,0.00,0,0
1544348647,2002-eth3,1958.04,503746.28,505704.31,504250,1960,19.98,192.81,212.79,193,20,0.00,0.00,0,0
1544348647,2007-eth2,15370.63,15001.00,30371.63,15016,15386,156.84,179.82,336.66,180,157,0.00,0.00,0,0
1544348647,total,38381636.00,38551200.00,76932848.00,38589754,38420018,26317.68,26339.66,52657.34,26366,26344,0.00,0.00,0,0
1544348648,3003-eth3,1222018.00,1219065.00,2441083.00,1220284,1223240,806.19,805.19,1611.39,806,807,0.00,0.00,0,0
1544348648,2002-eth1,293076.94,3916.08,296993.00,3920,293370,100.90,39.96,140.86,40,101,0.00,0.00,0,0
1544348648,lo,8153.85,8153.85,16307.69,8162,8162,79.92,79.92,159.84,80,80,0.00,0.00,0,0
1544348648,3005-eth3,1221310.75,432067.94,1653378.62,432500,1222532,532.47,541.46,1073.93,542,533,0.00,0.00,0,0
1544348648,2005-eth3,726807.19,426091.91,1152899.12,426518,727534,250.75,450.55,701.30,451,251,0.00,0.00,0,0
1544348648,3004-eth4,1200335.75,719358.69,1919694.38,720078,1201536,499.50,510.49,1009.99,511,500,0.00,0.00,0,0
1544348648,1004-eth2,500341.69,725134.88,1225476.50,725860,500842,172.83,569.43,742.26,570,173,0.00,0.00,0,0
1544348648,2004-eth4,1185164.88,729051.00,1914215.88,729780,1186350,269.73,609.39,879.12,610,270,0.00,0.00,0,0
1544348648,1001-eth2,714347.69,726807.19,1441154.88,727534,715062,434.57,250.75,685.31,251,435,0.00,0.00,0,0
1544348648,1003-eth3,1119592.50,1185164.88,2304757.25,1186350,1120712,503.50,269.73,773.23,270,504,0.00,0.00,0,0
1544348648,2002-eth4,7826.17,295034.97,302861.16,295330,7834,108.89,120.88,229.77,121,109,0.00,0.00,0,0
1544348648,1001-eth4,22133.87,12785.21,34919.08,12798,22156,325.67,193.81,519.48,194,326,0.00,0.00,0,0
1544348648,3001-eth2,502299.72,1958.04,504257.75,1960,502802,192.81,19.98,212.79,20,193,0.00,0.00,0,0
1544348648,1004-eth1,5868.13,504257.75,510125.88,504762,5874,88.91,212.79,301.70,213,89,0.00,0.00,0,0
1544348648,3005-eth4,1221704.38,698381.62,1920086.00,699080,1222926,626.37,631.37,1257.74,632,627,0.00,0.00,0,0
1544348648,1003-eth2,1185104.88,590069.94,1775174.88,590660,1186290,268.73,241.76,510.49,242,269,0.00,0.00,0,0
1544348648,3008-eth1,9654.35,35142.86,44797.20,35178,9664,98.90,484.52,583.42,485,99,0.00,0.00,0,0
1544348648,1002-eth3,3818.18,30257.74,34075.93,30288,3822,38.96,410.59,449.55,411,39,0.00,0.00,0,0
1544348648,2006-eth1,1185164.88,1119592.50,2304757.25,1120712,1186350,269.73,503.50,773.23,504,270,0.00,0.00,0,0
1544348648,3003-eth1,25978.02,714347.69,740325.69,715062,26004,393.61,434.57,828.17,435,394,0.00,0.00,0,0
1544348648,2001-eth3,18711.29,7832.17,26543.46,7840,18730,244.76,79.92,324.68,80,245,0.00,0.00,0,0
1544348648,2008-eth2,0.00,3818.18,3818.18,3822,0,0.00,38.96,38.96,39,0,0.00,0.00,0,0
1544348648,2008-eth3,615944.06,1193087.00,1809031.00,1194280,616560,634.37,411.59,1045.95,412,635,0.00,0.00,0,0
1544348648,1001-eth3,726807.19,721858.19,1448665.38,722580,727534,250.75,548.45,799.20,549,251,0.00,0.00,0,0
1544348648,2007-eth4,35142.86,9654.35,44797.20,9664,35178,484.52,98.90,583.42,99,485,0.00,0.00,0,0
1544348648,2004-eth2,725134.88,500341.69,1225476.50,500842,725860,569.43,172.83,742.26,173,570,0.00,0.00,0,0
1544348648,3002-eth1,7832.17,7734.27,15566.43,7742,7840,79.92,78.92,158.84,79,80,0.00,0.00,0,0
1544348648,3004-eth1,726807.19,40021.98,766829.19,40062,727534,250.75,558.44,809.19,559,251,0.00,0.00,0,0
1544348648,2006-eth3,1119652.38,18131.87,1137784.25,18150,1120772,504.50,274.73,779.22,275,505,0.00,0.00,0,0
1544348648,3004-eth2,729051.00,1185164.88,1914215.88,1186350,729780,609.39,269.73,879.12,270,610,0.00,0.00,0,0
1544348648,3001-eth3,1218629.38,526649.38,1745278.75,527176,1219848,579.42,571.43,1150.85,572,580,0.00,0.00,0,0
1544348648,2003-eth4,40021.98,726807.19,766829.19,727534,40062,558.44,250.75,809.19,251,559,0.00,0.00,0,0
1544348648,2008-eth4,1193087.00,849462.56,2042549.50,850312,1194280,411.59,794.21,1205.79,795,412,0.00,0.00,0,0
1544348648,3008-eth3,15026.97,261244.77,276271.75,261506,15042,179.82,184.82,364.64,185,180,0.00,0.00,0,0
1544348648,2005-eth2,30257.74,3818.18,34075.93,3822,30288,410.59,38.96,449.55,39,411,0.00,0.00,0,0
1544348648,2006-eth4,737556.44,1185164.88,1922721.38,1186350,738294,757.24,269.73,1026.97,270,758,0.00,0.00,0,0
1544348648,3006-eth2,1185164.88,737556.44,1922721.38,738294,1186350,269.73,757.24,1026.97,758,270,0.00,0.00,0,0
1544348648,1003-eth4,586153.88,823616.38,1409770.25,824440,586740,201.80,402.60,604.40,403,202,0.00,0.00,0,0
1544348648,2006-eth2,5928.07,725232.81,731160.88,725958,5934,89.91,570.43,660.34,571,90,0.00,0.00,0,0
1544348648,3001-eth1,7832.17,18711.29,26543.46,18730,7840,79.92,244.76,324.68,245,80,0.00,0.00,0,0
1544348648,3008-eth2,849462.56,1193087.00,2042549.50,1194280,850312,794.21,411.59,1205.79,412,795,0.00,0.00,0,0
1544348648,2004-eth3,500341.69,586153.88,1086495.50,586740,500842,172.83,201.80,374.63,202,173,0.00,0.00,0,0
1544348648,3001-eth4,36097.90,1220631.38,1256729.25,1221852,36134,498.50,517.48,1015.98,518,499,0.00,0.00,0,0
1544348648,1003-eth1,3916.08,293076.94,296993.00,293370,3920,39.96,100.90,140.86,101,40,0.00,0.00,0,0
1544348648,3002-eth2,295034.97,7826.17,302861.16,7834,295330,120.88,108.89,229.77,109,121,0.00,0.00,0,0
1544348648,2005-eth4,409404.59,731550.50,1140955.12,732282,409814,178.82,647.35,826.17,648,179,0.00,0.00,0,0
1544348648,3003-eth2,586153.88,500341.69,1086495.50,500842,586740,201.80,172.83,374.63,173,202,0.00,0.00,0,0
1544348648,2007-eth1,12785.21,22133.87,34919.08,22156,12798,193.81,325.67,519.48,326,194,0.00,0.00,0,0
1544348648,1002-eth4,15026.97,15430.57,30457.54,15446,15042,179.82,157.84,337.66,158,180,0.00,0.00,0,0
1544348648,3002-eth4,1219734.25,319516.50,1539250.75,319836,1220954,508.49,501.50,1009.99,502,509,0.00,0.00,0,0
1544348648,2007-eth3,7696.30,24179.82,31876.12,24204,7704,78.92,309.69,388.61,310,79,0.00,0.00,0,0
1544348648,3005-eth1,426091.91,726807.19,1152899.12,727534,426518,450.55,250.75,701.30,251,451,0.00,0.00,0,0
1544348648,2001-eth4,7734.27,7832.17,15566.43,7840,7742,78.92,79.92,158.84,80,79,0.00,0.00,0,0
1544348648,3003-eth4,1205812.25,612131.88,1817944.12,612744,1207018,604.40,595.40,1199.80,596,605,0.00,0.00,0,0
1544348648,2004-eth1,590069.94,1185104.88,1775174.88,1186290,590660,241.76,268.73,510.49,269,242,0.00,0.00,0,0
1544348648,3006-eth4,1219694.38,1214107.88,2433802.25,1215322,1220914,683.32,664.34,1347.65,665,684,0.00,0.00,0,0
1544348648,3007-eth1,24179.82,7696.30,31876.12,7704,24204,309.69,78.92,388.61,79,310,0.00,0.00,0,0
1544348648,2008-eth1,823616.38,586153.88,1409770.25,586740,824440,402.60,201.80,604.40,202,403,0.00,0.00,0,0
1544348648,2002-eth2,504257.75,5868.13,510125.88,5874,504762,212.79,88.91,301.70,89,213,0.00,0.00,0,0
1544348648,2003-eth1,726807.19,714347.69,1441154.88,715062,727534,250.75,434.57,685.31,435,251,0.00,0.00,0,0
1544348648,3008-eth4,1205386.62,589840.19,1795226.88,590430,1206592,598.40,586.41,1184.82,587,599,0.00,0.00,0,0
1544348648,1004-eth4,3818.18,0.00,3818.18,0,3822,38.96,0.00,38.96,0,39,0.00,0.00,0,0
1544348648,3006-eth1,731550.50,409404.59,1140955.12,409814,732282,647.35,178.82,826.17,179,648,0.00,0.00,0,0
1544348648,1004-eth3,725232.81,5928.07,731160.88,5934,725958,570.43,89.91,660.34,90,571,0.00,0.00,0,0
1544348648,1002-eth2,24983.02,10879.12,35862.14,10890,25008,330.67,164.84,495.50,165,331,0.00,0.00,0,0
1544348648,3004-eth3,24923.08,736499.50,761422.62,737236,24948,329.67,349.65,679.32,350,330,0.00,0.00,0,0
1544348648,2003-eth3,714347.69,25978.02,740325.69,26004,715062,434.57,393.61,828.17,394,435,0.00,0.00,0,0
1544348648,2005-eth1,721858.19,726807.19,1448665.38,727534,722580,548.45,250.75,799.20,251,549,0.00,0.00,0,0
1544348648,3002-eth3,36131.87,1217672.38,1253804.25,1218890,36168,499.50,516.48,1015.98,517,500,0.00,0.00,0,0
1544348648,3006-eth3,27692.31,851968.06,879660.38,852820,27720,371.63,389.61,761.24,390,372,0.00,0.00,0,0
1544348648,2001-eth1,1958.04,0.00,1958.04,0,1960,19.98,0.00,19.98,0,20,0.00,0.00,0,0
1544348648,3005-eth2,18131.87,1119652.38,1137784.25,1120772,18150,274.73,504.50,779.22,505,275,0.00,0.00,0,0
1544348648,2001-eth2,9790.21,22529.47,32319.68,22552,9800,99.90,283.72,383.62,284,100,0.00,0.00,0,0
1544348648,3007-eth2,1193087.00,615944.06,1809031.00,616560,1194280,411.59,634.37,1045.95,635,412,0.00,0.00,0,0
1544348648,1001-eth1,0.00,1958.04,1958.04,1960,0,0.00,19.98,19.98,20,0,0.00,0.00,0,0
1544348648,3007-eth4,22683.32,617876.12,640559.44,618494,22706,296.70,306.69,603.40,307,297,0.00,0.00,0,0
1544348648,2003-eth2,10879.12,24983.02,35862.14,25008,10890,164.84,330.67,495.50,331,165,0.00,0.00,0,0
1544348648,3007-eth3,1218975.00,1219041.00,2438016.00,1220260,1220194,804.20,805.19,1609.39,806,805,0.00,0.00,0,0
1544348648,1002-eth1,22529.47,9790.21,32319.68,9800,22552,283.72,99.90,383.62,100,284,0.00,0.00,0,0
1544348648,2002-eth3,1958.04,502299.72,504257.75,502802,1960,19.98,192.81,212.79,193,20,0.00,0.00,0,0
1544348648,2007-eth2,15430.57,15026.97,30457.54,15042,15446,157.84,179.82,337.66,180,158,0.00,0.00,0,0
1544348648,total,38280708.00,38420604.00,76701320.00,38459024,38318988,26335.67,26394.61,52730.27,26421,26362,0.00,0.00,0,0
1544348649,3003-eth3,1221892.12,1222155.88,2444048.00,1223378,1223114,804.20,808.19,1612.39,809,805,0.00,0.00,0,0
1544348649,2002-eth1,272363.66,3916.08,276279.72,3920,272636,93.91,39.96,133.87,40,94,0.00,0.00,0,0
1544348649,lo,70871.13,70871.13,141742.27,70942,70942,285.71,285.71,571.43,286,286,0.00,0.00,0,0
1544348649,3005-eth3,1223418.62,389194.81,1612613.38,389584,1224642,520.48,527.47,1047.95,528,521,0.00,0.00,0,0
1544348649,2005-eth3,689786.25,383152.84,1072939.12,383536,690476,237.76,435.56,673.33,436,238,0.00,0.00,0,0
1544348649,3004-eth4,1211992.00,719708.31,1931700.38,720428,1213204,632.37,625.37,1257.74,626,633,0.00,0.00,0,0
1544348649,1004-eth2,506259.75,725446.56,1231706.38,726172,506766,174.83,684.32,859.14,685,175,0.00,0.00,0,0
1544348649,2004-eth4,1196899.12,729302.69,1926201.88,730032,1198096,403.60,723.28,1126.87,724,404,0.00,0.00,0,0
1544348649,1001-eth2,706845.19,689846.19,1396691.38,690536,707552,430.57,238.76,669.33,239,431,0.00,0.00,0,0
1544348649,1003-eth3,1103944.12,1196899.12,2300843.25,1198096,1105048,507.49,403.60,911.09,404,508,0.00,0.00,0,0
1544348649,2002-eth4,7826.17,274381.62,282207.81,274656,7834,108.89,114.89,223.78,115,109,0.00,0.00,0,0
1544348649,1001-eth4,22259.74,12527.47,34787.21,12540,22282,327.67,189.81,517.48,190,328,0.00,0.00,0,0
1544348649,3001-eth2,508217.78,1958.04,510175.84,1960,508726,194.81,19.98,214.79,20,195,0.00,0.00,0,0
1544348649,1004-eth1,5928.07,510175.84,516103.91,510686,5934,89.91,214.79,304.70,215,90,0.00,0.00,0,0
1544348649,3005-eth4,1224465.62,680693.31,1905158.88,681374,1225690,624.38,626.37,1250.75,627,625,0.00,0.00,0,0
1544348649,1003-eth2,1196899.12,576787.25,1773686.38,577364,1198096,403.60,237.76,641.36,238,404,0.00,0.00,0,0
1544348649,3008-eth1,9496.50,35634.37,45130.87,35670,9506,96.90,493.51,590.41,494,97,0.00,0.00,0,0
1544348649,1002-eth3,3720.28,29904.10,33624.38,29934,3724,37.96,406.59,444.56,407,38,0.00,0.00,0,0
1544348649,2006-eth1,1196899.12,1103944.12,2300843.25,1105048,1198096,403.60,507.49,911.09,508,404,0.00,0.00,0,0
1544348649,3003-eth1,26043.96,706845.19,732889.12,707552,26070,394.61,430.57,825.17,431,395,0.00,0.00,0,0
1544348649,2001-eth3,18843.16,7734.27,26577.42,7742,18862,246.75,78.92,325.67,79,247,0.00,0.00,0,0
1544348649,2008-eth2,59.94,3916.08,3976.02,3920,60,1.00,39.96,40.96,40,1,0.00,0.00,0,0
1544348649,2008-eth3,602963.06,1196046.00,1799009.00,1197242,603566,634.37,412.59,1046.95,413,635,0.00,0.00,0,0
1544348649,1001-eth3,689846.19,714499.50,1404345.75,715214,690536,238.76,546.45,785.21,547,239,0.00,0.00,0,0
1544348649,2007-eth4,35634.37,9496.50,45130.87,9506,35670,493.51,96.90,590.41,97,494,0.00,0.00,0,0
1544348649,2004-eth2,725446.56,506259.75,1231706.38,506766,726172,684.32,174.83,859.14,175,685,0.00,0.00,0,0
1544348649,3002-eth1,7892.11,7832.17,15724.28,7840,7900,80.92,79.92,160.84,80,81,0.00,0.00,0,0
1544348649,3004-eth1,689786.25,39258.74,729045.00,39298,690476,237.76,547.45,785.21,548,238,0.00,0.00,0,0
1544348649,2006-eth3,1103944.12,17604.40,1121548.50,17622,1105048,507.49,266.73,774.23,267,508,0.00,0.00,0,0
1544348649,3004-eth2,729302.69,1196899.12,1926201.88,1198096,730032,723.28,403.60,1126.87,404,724,0.00,0.00,0,0
1544348649,3001-eth3,1226257.75,532633.38,1758891.12,533166,1227484,585.41,574.43,1159.84,575,586,0.00,0.00,0,0
1544348649,2003-eth4,39258.74,689786.25,729045.00,690476,39298,547.45,237.76,785.21,238,548,0.00,0.00,0,0
1544348649,2008-eth4,1196105.88,857690.31,2053796.25,858548,1197302,413.59,809.19,1222.78,810,414,0.00,0.00,0,0
1544348649,3008-eth3,15332.67,287778.22,303110.91,288066,15348,185.81,192.81,378.62,193,186,0.00,0.00,0,0
1544348649,2005-eth2,29904.10,3720.28,33624.38,3724,29934,406.59,37.96,444.56,38,407,0.00,0.00,0,0
1544348649,2006-eth4,737122.88,1196899.12,1934022.00,1198096,737860,861.14,403.60,1264.74,404,862,0.00,0.00,0,0
1544348649,3006-eth2,1196899.12,737122.88,1934022.00,737860,1198096,403.60,861.14,1264.74,862,404,0.00,0.00,0,0
1544348649,1003-eth4,572871.12,831514.50,1404385.62,832346,573444,197.80,412.59,610.39,413,198,0.00,0.00,0,0
1544348649,2006-eth2,5868.13,725386.62,731254.75,726112,5874,88.91,683.32,772.23,684,89,0.00,0.00,0,0
1544348649,3001-eth1,7734.27,18843.16,26577.42,18862,7742,78.92,246.75,325.67,247,79,0.00,0.00,0,0
1544348649,3008-eth2,857690.31,1196105.88,2053796.25,1197302,858548,809.19,413.59,1222.78,414,810,0.00,0.00,0,0
1544348649,2004-eth3,506259.75,572871.12,1079130.88,573444,506766,174.83,197.80,372.63,198,175,0.00,0.00,0,0
1544348649,3001-eth4,36163.84,1223492.50,1259656.38,1224716,36200,499.50,517.48,1016.98,518,500,0.00,0.00,0,0
1544348649,1003-eth1,3916.08,272363.66,276279.72,272636,3920,39.96,93.91,133.87,94,40,0.00,0.00,0,0
1544348649,3002-eth2,274381.62,7826.17,282207.81,7834,274656,114.89,108.89,223.78,109,115,0.00,0.00,0,0
1544348649,2005-eth4,366367.66,723898.12,1090265.75,724622,366734,162.84,642.36,805.19,643,163,0.00,0.00,0,0
1544348649,3003-eth2,572871.12,506259.75,1079130.88,506766,573444,197.80,174.83,372.63,175,198,0.00,0.00,0,0
1544348649,2007-eth1,12527.47,22259.74,34787.21,22282,12540,189.81,327.67,517.48,328,190,0.00,0.00,0,0
1544348649,1002-eth4,15430.57,15468.53,30899.10,15484,15446,186.81,157.84,344.66,158,187,0.00,0.00,0,0
1544348649,3002-eth4,1222489.50,298869.12,1521358.62,299168,1223712,506.49,495.50,1002.00,496,507,0.00,0.00,0,0
1544348649,2007-eth3,7734.27,24177.82,31912.09,24202,7742,78.92,308.69,387.61,309,79,0.00,0.00,0,0
1544348649,3005-eth1,383152.84,689786.25,1072939.12,690476,383536,435.56,237.76,673.33,238,436,0.00,0.00,0,0
1544348649,2001-eth4,7832.17,7892.11,15724.28,7900,7840,79.92,80.92,160.84,81,80,0.00,0.00,0,0
1544348649,3003-eth4,1208573.50,598915.12,1807488.50,599514,1209782,602.40,592.41,1194.81,593,603,0.00,0.00,0,0
1544348649,2004-eth1,576787.25,1196899.12,1773686.38,1198096,577364,237.76,403.60,641.36,404,238,0.00,0.00,0,0
1544348649,3006-eth4,1221546.50,1220223.75,2441770.25,1221444,1222768,711.29,801.20,1512.49,802,712,0.00,0.00,0,0
1544348649,3007-eth1,24177.82,7734.27,31912.09,7742,24202,308.69,78.92,387.61,79,309,0.00,0.00,0,0
1544348649,2008-eth1,831514.50,572871.12,1404385.62,573444,832346,412.59,197.80,610.39,198,413,0.00,0.00,0,0
1544348649,2002-eth2,510175.84,5928.07,516103.91,5934,510686,214.79,89.91,304.70,90,215,0.00,0.00,0,0
1544348649,2003-eth1,689846.19,706845.19,1396691.38,707552,690536,238.76,430.57,669.33,431,239,0.00,0.00,0,0
1544348649,3008-eth4,1207848.12,570903.12,1778751.25,571474,1209056,591.41,584.42,1175.82,585,592,0.00,0.00,0,0
1544348649,1004-eth4,3916.08,59.94,3976.02,60,3920,39.96,1.00,40.96,1,40,0.00,0.00,0,0
1544348649,3006-eth1,723898.12,366367.66,1090265.75,366734,724622,642.36,162.84,805.19,163,643,0.00,0.00,0,0
1544348649,1004-eth3,725386.62,5868.13,731254.75,5874,726112,683.32,88.91,772.23,89,684,0.00,0.00,0,0
1544348649,1002-eth2,24165.83,11070.93,35236.77,11082,24190,318.68,167.83,486.51,168,319,0.00,0.00,0,0
1544348649,3004-eth3,24225.78,699380.62,723606.44,700080,24250,319.68,335.66,655.34,336,320,0.00,0.00,0,0
1544348649,2003-eth3,706845.19,26043.96,732889.12,26070,707552,430.57,394.61,825.17,395,431,0.00,0.00,0,0
1544348649,2005-eth1,714499.50,689846.19,1404345.75,690536,715214,546.45,238.76,785.21,239,547,0.00,0.00,0,0
1544348649,3002-eth3,36355.64,1225102.88,1261458.62,1226328,36392,502.50,519.48,1021.98,520,503,0.00,0.00,0,0
1544348649,3006-eth3,27242.76,832449.56,859692.31,833282,27270,366.63,380.62,747.25,381,367,0.00,0.00,0,0
1544348649,2001-eth1,1958.04,59.94,2017.98,60,1960,19.98,1.00,20.98,1,20,0.00,0.00,0,0
1544348649,3005-eth2,17604.40,1103944.12,1121548.50,1105048,17622,266.73,507.49,774.23,508,267,0.00,0.00,0,0
1544348649,2001-eth2,9692.31,22759.24,32451.55,22782,9702,98.90,286.71,385.61,287,99,0.00,0.00,0,0
1544348649,3007-eth2,1196046.00,602963.06,1799009.00,603566,1197242,412.59,634.37,1046.95,635,413,0.00,0.00,0,0
1544348649,1001-eth1,59.94,1958.04,2017.98,1960,60,1.00,19.98,20.98,20,1,0.00,0.00,0,0
1544348649,3007-eth4,23274.73,635826.19,659100.94,636462,23298,304.70,314.69,619.38,315,305,0.00,0.00,0,0
1544348649,2003-eth2,11070.93,24165.83,35236.77,24190,11082,167.83,318.68,486.51,319,168,0.00,0.00,0,0
1544348649,3007-eth3,1224983.00,1222221.75,2447204.75,1223444,1226208,807.19,809.19,1616.38,810,808,0.00,0.00,0,0
1544348649,1002-eth1,22759.24,9692.31,32451.55,9702,22782,286.71,98.90,385.61,99,287,0.00,0.00,0,0
1544348649,2002-eth3,1958.04,508217.78,510175.84,508726,1960,19.98,194.81,214.79,195,20,0.00,0.00,0,0
1544348649,2007-eth2,15468.53,15430.57,30899.10,15446,15484,157.84,186.81,344.66,187,158,0.00,0.00,0,0
1544348649,total,38085800.00,38089288.00,76175080.00,38127374,38123884,27578.42,27719.28,55297.70,27747,27606,0.00,0.00,0,0
1544348650,3003-eth3,1217782.50,1217848.38,2435630.75,1220284,1220218,803.39,804.39,1607.78,806,805,0.00,0.00,0,0
1544348650,2002-eth1,269195.62,3912.18,273107.78,3920,269734,93.81,39.92,133.73,40,94,0.00,0.00,0,0
1544348650,lo,6898.20,6898.20,13796.41,6912,6912,66.87,66.87,133.73,67,67,0.00,0.00,0,0
1544348650,3005-eth3,1219485.12,444864.28,1664349.38,445754,1221924,544.91,543.91,1088.82,545,546,0.00,0.00,0,0
1544348650,2005-eth3,705389.25,438996.03,1144385.25,439874,706800,243.51,455.09,698.60,456,244,0.00,0.00,0,0
1544348650,3004-eth4,1204543.00,730415.19,1934958.12,731876,1206952,602.79,600.80,1203.59,602,604,0.00,0.00,0,0
1544348650,1004-eth2,504243.53,736185.62,1240429.12,737658,505252,173.65,659.68,833.33,661,174,0.00,0.00,0,0
1544348650,2004-eth4,1189393.25,740157.69,1929551.00,741638,1191772,373.25,700.60,1073.85,702,374,0.00,0.00,0,0
1544348650,1001-eth2,719217.56,705389.25,1424606.88,706800,720656,431.14,243.51,674.65,244,432,0.00,0.00,0,0
1544348650,1003-eth3,1090556.88,1189393.25,2279950.25,1191772,1092738,496.01,373.25,869.26,374,497,0.00,0.00,0,0
1544348650,2002-eth4,7746.51,271091.81,278838.34,271634,7762,107.78,112.77,220.56,113,108,0.00,0.00,0,0
1544348650,1001-eth4,22309.38,12383.23,34692.62,12408,22354,328.34,187.62,515.97,188,329,0.00,0.00,0,0
1544348650,3001-eth2,506259.50,2015.97,508275.47,2020,507272,194.61,20.96,215.57,21,195,0.00,0.00,0,0
1544348650,1004-eth1,5730.54,508215.59,513946.12,509232,5742,86.83,214.57,301.40,215,87,0.00,0.00,0,0
1544348650,3005-eth4,1214704.62,688684.62,1903389.25,690062,1217134,625.75,625.75,1251.50,627,627,0.00,0.00,0,0
1544348650,1003-eth2,1189393.25,576211.56,1765604.88,577364,1191772,373.25,237.52,610.78,238,374,0.00,0.00,0,0
1544348650,3008-eth1,9682.63,35371.26,45053.89,35442,9702,98.80,488.02,586.83,489,99,0.00,0.00,0,0
1544348650,1002-eth3,3972.06,30199.60,34171.66,30260,3980,40.92,409.18,450.10,410,41,0.00,0.00,0,0
1544348650,2006-eth1,1189393.25,1090556.88,2279950.25,1092738,1191772,373.25,496.01,869.26,497,374,0.00,0.00,0,0
1544348650,3003-eth1,25952.10,719217.56,745169.69,720656,26004,393.21,431.14,824.35,432,394,0.00,0.00,0,0
1544348650,2001-eth3,18626.75,7884.23,26510.98,7900,18664,243.51,80.84,324.35,81,244,0.00,0.00,0,0
1544348650,2008-eth2,0.00,3874.25,3874.25,3882,0,0.00,39.92,39.92,40,0,0.00,0.00,0,0
1544348650,2008-eth3,602131.75,1194912.25,1797044.00,1197302,603336,630.74,413.17,1043.91,414,632,0.00,0.00,0,0
1544348650,1001-eth3,705389.25,727187.62,1432576.88,728642,706800,243.51,551.90,795.41,553,244,0.00,0.00,0,0
1544348650,2007-eth4,35371.26,9682.63,45053.89,9702,35442,488.02,98.80,586.83,99,489,0.00,0.00,0,0
1544348650,2004-eth2,736185.62,504243.53,1240429.12,505252,737658,659.68,173.65,833.33,174,661,0.00,0.00,0,0
1544348650,3002-eth1,7824.35,7824.35,15648.70,7840,7840,79.84,79.84,159.68,80,80,0.00,0.00,0,0
1544348650,3004-eth1,705449.12,39916.17,745365.31,39996,706860,244.51,556.89,801.40,558,245,0.00,0.00,0,0
1544348650,2006-eth3,1090556.88,18041.92,1108598.88,18078,1092738,496.01,273.45,769.46,274,497,0.00,0.00,0,0
1544348650,3004-eth2,740157.69,1189393.25,1929551.00,1191772,741638,700.60,373.25,1073.85,374,702,0.00,0.00,0,0
1544348650,3001-eth3,1217610.75,530590.81,1748201.62,531652,1220046,581.84,572.85,1154.69,574,583,0.00,0.00,0,0
1544348650,2003-eth4,39916.17,705449.12,745365.31,706860,39996,556.89,244.51,801.40,245,558,0.00,0.00,0,0
1544348650,2008-eth4,1194852.38,850395.25,2045247.50,852096,1197242,412.18,798.40,1210.58,800,413,0.00,0.00,0,0
1544348650,3008-eth3,15017.96,258125.75,273143.72,258642,15048,179.64,184.63,364.27,185,180,0.00,0.00,0,0
1544348650,2005-eth2,30199.60,3972.06,34171.66,3980,30260,409.18,40.92,450.10,41,410,0.00,0.00,0,0
1544348650,2006-eth4,748534.94,1189393.25,1937928.25,1191772,750032,846.31,373.25,1219.56,374,848,0.00,0.00,0,0
1544348650,3006-eth2,1189393.25,748534.94,1937928.25,750032,1191772,373.25,846.31,1219.56,848,374,0.00,0.00,0,0
1544348650,1003-eth4,572299.44,824377.25,1396676.62,826026,573444,197.60,404.19,601.80,405,198,0.00,0.00,0,0
1544348650,2006-eth2,5730.54,736283.44,742014.00,737756,5742,86.83,660.68,747.51,662,87,0.00,0.00,0,0
1544348650,3001-eth1,7884.23,18626.75,26510.98,18664,7900,80.84,243.51,324.35,244,81,0.00,0.00,0,0
1544348650,3008-eth2,850395.25,1194852.38,2045247.50,1197242,852096,798.40,412.18,1210.58,413,800,0.00,0.00,0,0
1544348650,2004-eth3,504243.53,572299.44,1076543.00,573444,505252,173.65,197.60,371.26,198,174,0.00,0.00,0,0
1544348650,3001-eth4,36187.62,1220924.12,1257111.75,1223366,36260,500.00,517.96,1017.96,519,501,0.00,0.00,0,0
1544348650,1003-eth1,3912.18,269195.62,273107.78,269734,3920,39.92,93.81,133.73,94,40,0.00,0.00,0,0
1544348650,3002-eth2,271091.81,7746.51,278838.34,7762,271634,112.77,107.78,220.56,108,113,0.00,0.00,0,0
1544348650,2005-eth4,422429.16,736968.06,1159397.25,738442,423274,184.63,651.70,836.33,653,185,0.00,0.00,0,0
1544348650,3003-eth2,572299.44,504243.53,1076543.00,505252,573444,197.60,173.65,371.26,174,198,0.00,0.00,0,0
1544348650,2007-eth1,12383.23,22309.38,34692.62,22354,12408,187.62,328.34,515.97,329,188,0.00,0.00,0,0
1544348650,1002-eth4,15115.77,15550.90,30666.67,15582,15146,180.64,158.68,339.32,159,181,0.00,0.00,0,0
1544348650,3002-eth4,1218319.38,295548.91,1513868.25,296140,1220756,504.99,493.01,998.00,494,506,0.00,0.00,0,0
1544348650,2007-eth3,7824.35,24081.84,31906.19,24130,7840,79.84,307.39,387.23,308,80,0.00,0.00,0,0
1544348650,3005-eth1,438996.03,705389.25,1144385.25,706800,439874,455.09,243.51,698.60,244,456,0.00,0.00,0,0
1544348650,2001-eth4,7824.35,7824.35,15648.70,7840,7840,79.84,79.84,159.68,80,80,0.00,0.00,0,0
1544348650,3003-eth4,1204279.50,598251.50,1802531.00,599448,1206688,598.80,590.82,1189.62,592,600,0.00,0.00,0,0
1544348650,2004-eth1,576211.56,1189393.25,1765604.88,1191772,577364,237.52,373.25,610.78,374,238,0.00,0.00,0,0
1544348650,3006-eth4,1216968.12,1215345.38,2432313.50,1217776,1219402,791.42,766.47,1557.88,768,793,0.00,0.00,0,0
1544348650,3007-eth1,24081.84,7824.35,31906.19,7840,24130,307.39,79.84,387.23,80,308,0.00,0.00,0,0
1544348650,2008-eth1,824377.25,572299.44,1396676.62,573444,826026,404.19,197.60,601.80,198,405,0.00,0.00,0,0
1544348650,2002-eth2,508215.59,5730.54,513946.12,5742,509232,214.57,86.83,301.40,87,215,0.00,0.00,0,0
1544348650,2003-eth1,705389.25,719217.56,1424606.88,720656,706800,243.51,431.14,674.65,432,244,0.00,0.00,0,0
1544348650,3008-eth4,1207103.88,593850.31,1800954.12,595038,1209518,597.80,589.82,1187.62,591,599,0.00,0.00,0,0
1544348650,1004-eth4,3874.25,0.00,3874.25,0,3882,39.92,0.00,39.92,0,40,0.00,0.00,0,0
1544348650,3006-eth1,736968.06,422429.16,1159397.25,423274,738442,651.70,184.63,836.33,185,653,0.00,0.00,0,0
1544348650,1004-eth3,736283.44,5730.54,742014.00,5742,737756,660.68,86.83,747.51,87,662,0.00,0.00,0,0
1544348650,1002-eth2,24766.47,10802.40,35568.86,10824,24816,327.35,163.67,491.02,164,328,0.00,0.00,0,0
1544348650,3004-eth3,24766.47,715071.88,739838.31,716502,24816,327.35,342.32,669.66,343,328,0.00,0.00,0,0
1544348650,2003-eth3,719217.56,25952.10,745169.69,26004,720656,431.14,393.21,824.35,394,432,0.00,0.00,0,0
1544348650,2005-eth1,727187.62,705389.25,1432576.88,706800,728642,551.90,243.51,795.41,244,553,0.00,0.00,0,0
1544348650,3002-eth3,36193.61,1216457.12,1252650.75,1218890,36266,500.00,515.97,1015.97,517,501,0.00,0.00,0,0
1544348650,3006-eth3,27630.74,830523.00,858153.69,832184,27686,370.26,383.23,753.49,384,371,0.00,0.00,0,0
1544348650,2001-eth1,1956.09,0.00,1956.09,0,1960,19.96,0.00,19.96,0,20,0.00,0.00,0,0
1544348650,3005-eth2,18041.92,1090556.88,1108598.88,1092738,18078,273.45,496.01,769.46,497,274,0.00,0.00,0,0
1544348650,2001-eth2,9780.44,22538.92,32319.36,22584,9800,99.80,283.43,383.23,284,100,0.00,0.00,0,0
1544348650,3007-eth2,1194912.25,602131.75,1797044.00,603336,1197302,413.17,630.74,1043.91,632,414,0.00,0.00,0,0
1544348650,1001-eth1,0.00,1956.09,1956.09,1960,0,0.00,19.96,19.96,20,0,0.00,0.00,0,0
1544348650,3007-eth4,23409.18,636800.44,660209.62,638074,23456,306.39,316.37,622.75,317,307,0.00,0.00,0,0
1544348650,2003-eth2,10802.40,24766.47,35568.86,24816,10824,163.67,327.35,491.02,328,164,0.00,0.00,0,0
1544348650,3007-eth3,1217842.38,1220738.50,2438581.00,1223180,1220278,804.39,804.39,1608.78,806,806,0.00,0.00,0,0
1544348650,1002-eth1,22538.92,9780.44,32319.36,9800,22584,283.43,99.80,383.23,100,284,0.00,0.00,0,0
1544348650,2002-eth3,2015.97,506259.50,508275.47,507272,2020,20.96,194.61,215.57,195,21,0.00,0.00,0,0
1544348650,2007-eth2,15550.90,15115.77,30666.67,15146,15582,158.68,180.64,339.32,181,159,0.00,0.00,0,0
1544348650,total,38146368.00,38258564.00,76404936.00,38335080,38222660,27257.49,27270.46,54527.95,27325,27312,0.00,0.00,0,0
1544348651,3003-eth3,1220409.25,1220870.25,2441279.50,1223312,1222850,799.40,806.39,1605.79,808,801,0.00,0.00,0,0
1544348651,2002-eth1,278004.00,3972.06,281976.06,3980,278560,95.81,40.92,136.73,41,96,0.00,0.00,0,0
1544348651,lo,7361.28,7361.28,14722.56,7376,7376,71.86,71.86,143.71,72,72,0.00,0.00,0,0
1544348651,3005-eth3,1220798.38,428572.88,1649371.25,429430,1223240,542.91,537.92,1080.84,539,544,0.00,0.00,0,0
1544348651,2005-eth3,717213.56,422578.84,1139792.50,423424,718648,247.50,447.11,694.61,448,248,0.00,0.00,0,0
1544348651,3004-eth4,1210067.88,749077.88,1959145.75,750576,1212488,642.71,642.71,1285.43,644,644,0.00,0.00,0,0
1544348651,1004-eth2,493990.03,754946.12,1248936.12,756456,494978,171.66,702.59,874.25,704,172,0.00,0.00,0,0
1544348651,2004-eth4,1194852.38,758858.31,1953710.62,760376,1197242,412.18,742.51,1154.69,744,413,0.00,0.00,0,0
1544348651,1001-eth2,736035.94,717213.56,1453249.50,718648,737508,445.11,247.50,692.61,248,446,0.00,0.00,0,0
1544348651,1003-eth3,1085297.38,1194852.38,2280149.75,1197242,1087468,503.99,412.18,916.17,413,505,0.00,0.00,0,0
1544348651,2002-eth4,7818.36,279960.09,287778.44,280520,7834,108.78,115.77,224.55,116,109,0.00,0.00,0,0
1544348651,1001-eth4,22704.59,12910.18,35614.77,12936,22750,334.33,195.61,529.94,196,335,0.00,0.00,0,0
1544348651,3001-eth2,495886.25,1956.09,497842.34,1960,496878,190.62,19.96,210.58,20,191,0.00,0.00,0,0
1544348651,1004-eth1,5862.28,497842.34,503704.59,498838,5874,88.82,210.58,299.40,211,89,0.00,0.00,0,0
1544348651,3005-eth4,1217612.75,676884.25,1894497.00,678238,1220048,625.75,621.76,1247.51,623,627,0.00,0.00,0,0
1544348651,1003-eth2,1194912.25,602876.25,1797788.50,604082,1197302,413.17,247.50,660.68,248,414,0.00,0.00,0,0
1544348651,3008-eth1,9682.63,35403.20,45085.83,35474,9702,98.80,488.02,586.83,489,99,0.00,0.00,0,0
1544348651,1002-eth3,3912.18,30133.73,34045.91,30194,3920,39.92,408.18,448.10,409,40,0.00,0.00,0,0
1544348651,2006-eth1,1194852.38,1085297.38,2280149.75,1087468,1197242,412.18,503.99,916.17,505,413,0.00,0.00,0,0
1544348651,3003-eth1,26143.71,736035.94,762179.69,737508,26196,396.21,445.11,841.32,446,397,0.00,0.00,0,0
1544348651,2001-eth3,18654.69,7726.55,26381.24,7742,18692,244.51,78.84,323.35,79,245,0.00,0.00,0,0
1544348651,2008-eth2,0.00,3912.18,3912.18,3920,0,0.00,39.92,39.92,40,0,0.00,0.00,0,0
1544348651,2008-eth3,628768.50,1194852.38,1823620.75,1197242,630026,639.72,412.18,1051.90,413,641,0.00,0.00,0,0
1544348651,1001-eth3,717213.56,743874.25,1461087.88,745362,718648,247.50,563.87,811.38,565,248,0.00,0.00,0,0
1544348651,2007-eth4,35403.20,9682.63,45085.83,9702,35474,488.02,98.80,586.83,99,489,0.00,0.00,0,0
1544348651,2004-eth2,754946.12,493990.03,1248936.12,494978,756456,702.59,171.66,874.25,172,704,0.00,0.00,0,0
1544348651,3002-eth1,7726.55,7884.23,15610.78,7900,7742,78.84,80.84,159.68,81,79,0.00,0.00,0,0
1544348651,3004-eth1,717213.56,40475.05,757688.62,40556,718648,247.50,564.87,812.38,566,248,0.00,0.00,0,0
1544348651,2006-eth3,1085237.50,17916.17,1103153.75,17952,1087408,502.99,271.46,774.45,272,504,0.00,0.00,0,0
1544348651,3004-eth2,758858.31,1194852.38,1953710.62,1197242,760376,742.51,412.18,1154.69,413,744,0.00,0.00,0,0
1544348651,3001-eth3,1217407.25,520211.59,1737618.75,521252,1219842,578.84,568.86,1147.70,570,580,0.00,0.00,0,0
1544348651,2003-eth4,40475.05,717213.56,757688.62,718648,40556,564.87,247.50,812.38,248,566,0.00,0.00,0,0
1544348651,2008-eth4,1194852.38,827339.38,2022191.62,828994,1197242,412.18,799.40,1211.58,801,413,0.00,0.00,0,0
1544348651,3008-eth3,14654.69,235922.16,250576.86,236394,14684,173.65,176.65,350.30,177,174,0.00,0.00,0,0
1544348651,2005-eth2,30133.73,3912.18,34045.91,3920,30194,408.18,39.92,448.10,40,409,0.00,0.00,0,0
1544348651,2006-eth4,767000.00,1194852.38,1961852.38,1197242,768534,885.23,412.18,1297.41,413,887,0.00,0.00,0,0
1544348651,3006-eth2,1194852.38,767000.00,1961852.38,768534,1197242,412.18,885.23,1297.41,887,413,0.00,0.00,0,0
1544348651,1003-eth4,598964.06,801321.38,1400285.50,802924,600162,207.58,405.19,612.77,406,208,0.00,0.00,0,0
1544348651,2006-eth2,5862.28,755006.00,760868.31,756516,5874,88.82,703.59,792.42,705,89,0.00,0.00,0,0
1544348651,3001-eth1,7726.55,18654.69,26381.24,18692,7742,78.84,244.51,323.35,245,79,0.00,0.00,0,0
1544348651,3008-eth2,827339.38,1194852.38,2022191.62,1197242,828994,799.40,412.18,1211.58,413,801,0.00,0.00,0,0
1544348651,2004-eth3,493990.03,598964.06,1092954.12,600162,494978,171.66,207.58,379.24,208,172,0.00,0.00,0,0
1544348651,3001-eth4,35964.07,1219315.38,1255279.50,1221754,36036,497.01,515.97,1012.97,517,498,0.00,0.00,0,0
1544348651,1003-eth1,3972.06,278004.00,281976.06,278560,3980,40.92,95.81,136.73,96,41,0.00,0.00,0,0
1544348651,3002-eth2,279960.09,7818.36,287778.44,7834,280520,115.77,108.78,224.55,109,116,0.00,0.00,0,0
1544348651,2005-eth4,406197.62,753654.69,1159852.38,755162,407010,179.64,663.67,843.31,665,180,0.00,0.00,0,0
1544348651,3003-eth2,598964.06,493990.03,1092954.12,494978,600162,207.58,171.66,379.24,172,208,0.00,0.00,0,0
1544348651,2007-eth1,12910.18,22704.59,35614.77,22750,12936,195.61,334.33,529.94,335,196,0.00,0.00,0,0
1544348651,1002-eth4,14459.08,15550.90,30009.98,15582,14488,171.66,158.68,330.34,159,172,0.00,0.00,0,0
1544348651,3002-eth4,1220028.00,304417.19,1524445.12,305026,1222468,508.98,496.01,1004.99,497,510,0.00,0.00,0,0
1544348651,2007-eth3,7628.74,24646.71,32275.45,24696,7644,77.84,315.37,393.21,316,78,0.00,0.00,0,0
1544348651,3005-eth1,422578.84,717213.56,1139792.50,718648,423424,447.11,247.50,694.61,248,448,0.00,0.00,0,0
1544348651,2001-eth4,7884.23,7726.55,15610.78,7742,7900,80.84,78.84,159.68,79,81,0.00,0.00,0,0
1544348651,3003-eth4,1207756.50,624922.19,1832678.75,626172,1210172,607.78,600.80,1208.58,602,609,0.00,0.00,0,0
1544348651,2004-eth1,602876.25,1194912.25,1797788.50,1197302,604082,247.50,413.17,660.68,414,248,0.00,0.00,0,0
1544348651,3006-eth4,1220730.62,1220870.25,2441600.75,1223312,1223172,760.48,806.39,1566.87,808,762,0.00,0.00,0,0
1544348651,3007-eth1,24646.71,7628.74,32275.45,7644,24696,315.37,77.84,393.21,78,316,0.00,0.00,0,0
1544348651,2008-eth1,801321.38,598964.06,1400285.50,600162,802924,405.19,207.58,612.77,208,406,0.00,0.00,0,0
1544348651,2002-eth2,497842.34,5862.28,503704.59,5874,498838,210.58,88.82,299.40,89,211,0.00,0.00,0,0
1544348651,2003-eth1,717213.56,736035.94,1453249.50,737508,718648,247.50,445.11,692.61,446,248,0.00,0.00,0,0
1544348651,3008-eth4,1206906.25,592405.19,1799311.38,593590,1209320,594.81,589.82,1184.63,591,596,0.00,0.00,0,0
1544348651,1004-eth4,3912.18,0.00,3912.18,0,3920,39.92,0.00,39.92,0,40,0.00,0.00,0,0
1544348651,3006-eth1,753654.69,406197.62,1159852.38,407010,755162,663.67,179.64,843.31,180,665,0.00,0.00,0,0
1544348651,1004-eth3,755006.00,5862.28,760868.31,5874,756516,703.59,88.82,792.42,89,705,0.00,0.00,0,0
1544348651,1002-eth2,25259.48,10868.26,36127.75,10890,25310,334.33,164.67,499.00,165,335,0.00,0.00,0,0
1544348651,3004-eth3,25259.48,726994.06,752253.50,728448,25310,334.33,347.31,681.64,348,335,0.00,0.00,0,0
1544348651,2003-eth3,736035.94,26143.71,762179.69,26196,737508,445.11,396.21,841.32,397,446,0.00,0.00,0,0
1544348651,2005-eth1,743874.25,717213.56,1461087.88,718648,745362,563.87,247.50,811.38,248,565,0.00,0.00,0,0
1544348651,3002-eth3,36193.61,1216359.38,1252552.88,1218792,36266,500.00,514.97,1014.97,516,501,0.00,0.00,0,0
1544348651,3006-eth3,27229.54,808319.38,835548.94,809936,27284,364.27,375.25,739.52,376,365,0.00,0.00,0,0
1544348651,2001-eth1,2015.97,0.00,2015.97,0,2020,20.96,0.00,20.96,0,21,0.00,0.00,0,0
1544348651,3005-eth2,17916.17,1085237.50,1103153.75,1087408,17952,271.46,502.99,774.45,504,272,0.00,0.00,0,0
1544348651,2001-eth2,9644.71,22566.87,32211.58,22612,9664,98.80,284.43,383.23,285,99,0.00,0.00,0,0
1544348651,3007-eth2,1194852.38,628768.50,1823620.75,630026,1197242,412.18,639.72,1051.90,641,413,0.00,0.00,0,0
1544348651,1001-eth1,0.00,2015.97,2015.97,2020,0,0.00,20.96,20.96,21,0,0.00,0.00,0,0
1544348651,3007-eth4,22758.48,626421.19,649179.69,627674,22804,297.41,312.38,609.78,313,298,0.00,0.00,0,0
1544348651,2003-eth2,10868.26,25259.48,36127.75,25310,10890,164.67,334.33,499.00,335,165,0.00,0.00,0,0
1544348651,3007-eth3,1220672.75,1220936.12,2441608.75,1223378,1223114,803.39,807.39,1610.78,809,805,0.00,0.00,0,0
1544348651,1002-eth1,22566.87,9644.71,32211.58,9664,22612,284.43,98.80,383.23,99,285,0.00,0.00,0,0
1544348651,2002-eth3,1956.09,495886.25,497842.34,496878,1960,19.96,190.62,210.58,191,20,0.00,0.00,0,0
1544348651,2007-eth2,15550.90,14459.08,30009.98,14488,15582,158.68,171.66,330.34,172,159,0.00,0.00,0,0
1544348651,total,38375764.00,38443816.00,76819576.00,38520702,38452516,27710.58,27799.40,55509.98,27855,27766,0.00,0.00,0,0
1544348652,3003-eth3,1212481.50,1211436.62,2423918.25,1212648,1213694,793.21,799.20,1592.41,800,794,0.00,0.00,0,0
1544348652,2002-eth1,288671.34,3916.08,292587.41,3920,288960,99.90,39.96,139.86,40,100,0.00,0.00,0,0
1544348652,lo,75090.91,75090.91,150181.83,75166,75166,330.67,330.67,661.34,331,331,0.00,0.00,0,0
1544348652,3005-eth3,1210175.88,419992.03,1630167.88,420412,1211386,539.46,533.47,1072.93,534,540,0.00,0.00,0,0
1544348652,2005-eth3,675050.94,413464.53,1088515.50,413878,675726,233.77,434.57,668.33,435,234,0.00,0.00,0,0
1544348652,3004-eth4,1200887.12,758637.38,1959524.50,759396,1202088,639.36,645.35,1284.72,646,640,0.00,0.00,0,0
1544348652,1004-eth2,504747.28,764445.56,1269192.88,765210,505252,173.83,704.30,878.12,705,174,0.00,0.00,0,0
1544348652,2004-eth4,1185716.38,768361.69,1954078.00,769130,1186902,409.59,744.26,1153.85,745,410,0.00,0.00,0,0
1544348652,1001-eth2,745252.75,674991.00,1420243.75,675666,745998,442.56,232.77,675.32,233,443,0.00,0.00,0,0
1544348652,1003-eth3,1096711.38,1185716.38,2282427.75,1186902,1097808,507.49,409.59,917.08,410,508,0.00,0.00,0,0
1544348652,2002-eth4,8155.84,290699.31,298855.16,290990,8164,113.89,120.88,234.77,121,114,0.00,0.00,0,0
1544348652,1001-eth4,22599.40,12587.41,35186.81,12600,22622,332.67,190.81,523.48,191,333,0.00,0.00,0,0
1544348652,3001-eth2,506705.31,1958.04,508663.34,1960,507212,193.81,19.98,213.79,20,194,0.00,0.00,0,0
1544348652,1004-eth1,6197.80,508663.34,514861.16,509172,6204,93.91,213.79,307.69,214,94,0.00,0.00,0,0
1544348652,3005-eth4,1207394.62,689136.88,1896531.50,689826,1208602,628.37,622.38,1250.75,623,629,0.00,0.00,0,0
1544348652,1003-eth2,1185656.38,600459.56,1786115.88,601060,1186842,408.59,245.75,654.35,246,409,0.00,0.00,0,0
1544348652,3008-eth1,9752.25,35274.73,45026.97,35310,9762,99.90,486.51,586.41,487,100,0.00,0.00,0,0
1544348652,1002-eth3,3916.08,29634.37,33550.45,29664,3920,39.96,400.60,440.56,401,40,0.00,0.00,0,0
1544348652,2006-eth1,1185716.38,1096711.38,2282427.75,1097808,1186902,409.59,507.49,917.08,508,410,0.00,0.00,0,0
1544348652,3003-eth1,25850.15,745252.75,771102.94,745998,25876,391.61,442.56,834.17,443,392,0.00,0.00,0,0
1544348652,2001-eth3,18283.72,7832.17,26115.88,7840,18302,238.76,79.92,318.68,80,239,0.00,0.00,0,0
1544348652,2008-eth2,69.93,3986.01,4055.94,3990,70,1.00,40.96,41.96,41,1,0.00,0.00,0,0
1544348652,2008-eth3,626305.69,1184209.88,1810515.50,1185394,626932,637.36,408.59,1045.95,409,638,0.00,0.00,0,0
1544348652,1001-eth3,674991.00,753356.69,1428347.75,754110,675666,232.77,565.43,798.20,566,233,0.00,0.00,0,0
1544348652,2007-eth4,35274.73,9752.25,45026.97,9762,35310,486.51,99.90,586.41,100,487,0.00,0.00,0,0
1544348652,2004-eth2,764445.56,504747.28,1269192.88,505252,765210,704.30,173.83,878.12,174,705,0.00,0.00,0,0
1544348652,3002-eth1,7832.17,7902.10,15734.27,7910,7840,79.92,80.92,160.84,81,80,0.00,0.00,0,0
1544348652,3004-eth1,674991.00,39724.28,714715.31,39764,675666,232.77,553.45,786.21,554,233,0.00,0.00,0,0
1544348652,2006-eth3,1096771.25,18065.93,1114837.25,18084,1097868,508.49,273.73,782.22,274,509,0.00,0.00,0,0
1544348652,3004-eth2,768361.69,1185716.38,1954078.00,1186902,769130,744.26,409.59,1153.85,410,745,0.00,0.00,0,0
1544348652,3001-eth3,1212711.38,530857.19,1743568.50,531388,1213924,577.42,569.43,1146.85,570,578,0.00,0.00,0,0
1544348652,2003-eth4,39724.28,674991.00,714715.31,675666,39764,553.45,232.77,786.21,233,554,0.00,0.00,0,0
1544348652,2008-eth4,1184209.88,833880.12,2018090.00,834714,1185394,408.59,799.20,1207.79,800,409,0.00,0.00,0,0
1544348652,3008-eth3,14833.17,246547.45,261380.62,246794,14848,176.82,180.82,357.64,181,177,0.00,0.00,0,0
1544348652,2005-eth2,29634.37,3916.08,33550.45,3920,29664,400.60,39.96,440.56,40,401,0.00,0.00,0,0
1544348652,2006-eth4,776373.62,1185716.38,1962090.00,1186902,777150,885.11,409.59,1294.71,410,886,0.00,0.00,0,0
1544348652,3006-eth2,1185716.38,776373.62,1962090.00,777150,1186902,409.59,885.11,1294.71,886,410,0.00,0.00,0,0
1544348652,1003-eth4,596543.50,808099.94,1404643.38,808908,597140,205.79,408.59,614.39,409,206,0.00,0.00,0,0
1544348652,2006-eth2,6257.74,764515.50,770773.25,765280,6264,94.91,705.29,800.20,706,95,0.00,0.00,0,0
1544348652,3001-eth1,7832.17,18283.72,26115.88,18302,7840,79.92,238.76,318.68,239,80,0.00,0.00,0,0
1544348652,3008-eth2,833880.12,1184209.88,2018090.00,1185394,834714,799.20,408.59,1207.79,409,800,0.00,0.00,0,0
1544348652,2004-eth3,504817.19,596613.38,1101430.62,597210,505322,174.83,206.79,381.62,207,175,0.00,0.00,0,0
1544348652,3001-eth4,35802.20,1211754.25,1247556.50,1212966,35838,494.51,514.49,1008.99,515,495,0.00,0.00,0,0
1544348652,1003-eth1,3916.08,288671.34,292587.41,288960,3920,39.96,99.90,139.86,100,40,0.00,0.00,0,0
1544348652,3002-eth2,290699.31,8155.84,298855.16,8164,290990,120.88,113.89,234.77,114,121,0.00,0.00,0,0
1544348652,2005-eth4,397736.28,763146.88,1160883.12,763910,398134,176.82,665.33,842.16,666,177,0.00,0.00,0,0
1544348652,3003-eth2,596613.38,504817.19,1101430.62,505322,597210,206.79,174.83,381.62,175,207,0.00,0.00,0,0
1544348652,2007-eth1,12587.41,22599.40,35186.81,22622,12600,190.81,332.67,523.48,333,191,0.00,0.00,0,0
1544348652,1002-eth4,14931.07,15626.37,30557.44,15642,14946,177.82,159.84,337.66,160,178,0.00,0.00,0,0
1544348652,3002-eth4,1214080.00,314913.09,1528993.00,315228,1215294,510.49,497.50,1007.99,498,511,0.00,0.00,0,0
1544348652,2007-eth3,7734.27,24079.92,31814.19,24104,7742,78.92,307.69,386.61,308,79,0.00,0.00,0,0
1544348652,3005-eth1,413464.53,675050.94,1088515.50,675726,413878,434.57,233.77,668.33,234,435,0.00,0.00,0,0
1544348652,2001-eth4,7902.10,7832.17,15734.27,7840,7910,80.92,79.92,160.84,80,81,0.00,0.00,0,0
1544348652,3003-eth4,1198249.75,622389.62,1820639.38,623012,1199448,599.40,597.40,1196.80,598,600,0.00,0.00,0,0
1544348652,2004-eth1,600459.56,1185656.38,1786115.88,1186842,601060,245.75,408.59,654.35,409,246,0.00,0.00,0,0
1544348652,3006-eth4,1210511.50,1211436.62,2421948.00,1212648,1211722,807.19,799.20,1606.39,800,808,0.00,0.00,0,0
1544348652,3007-eth1,24079.92,7734.27,31814.19,7742,24104,307.69,78.92,386.61,79,308,0.00,0.00,0,0
1544348652,2008-eth1,808099.94,596543.50,1404643.38,597140,808908,408.59,205.79,614.39,206,409,0.00,0.00,0,0
1544348652,2002-eth2,508663.34,6197.80,514861.16,6204,509172,213.79,93.91,307.69,94,214,0.00,0.00,0,0
1544348652,2003-eth1,674991.00,745252.75,1420243.75,745998,675666,232.77,442.56,675.32,443,233,0.00,0.00,0,0
1544348652,3008-eth4,1196137.88,588261.75,1784399.62,588850,1197334,589.41,584.42,1173.83,585,590,0.00,0.00,0,0
1544348652,1004-eth4,3986.01,69.93,4055.94,70,3990,40.96,1.00,41.96,1,41,0.00,0.00,0,0
1544348652,3006-eth1,763146.88,397736.28,1160883.12,398134,763910,665.33,176.82,842.16,177,666,0.00,0.00,0,0
1544348652,1004-eth3,764515.50,6257.74,770773.25,6264,765280,705.29,94.91,800.20,95,706,0.00,0.00,0,0
1544348652,1002-eth2,24553.45,10549.45,35102.90,10560,24578,323.68,159.84,483.52,160,324,0.00,0.00,0,0
1544348652,3004-eth3,24493.51,684781.25,709274.75,685466,24518,322.68,332.67,655.34,333,323,0.00,0.00,0,0
1544348652,2003-eth3,745252.75,25850.15,771102.94,25876,745998,442.56,391.61,834.17,392,443,0.00,0.00,0,0
1544348652,2005-eth1,753356.69,674991.00,1428347.75,675666,754110,565.43,232.77,798.20,233,566,0.00,0.00,0,0
1544348652,3002-eth3,36031.97,1211824.25,1247856.12,1213036,36068,497.50,515.48,1012.99,516,498,0.00,0.00,0,0
1544348652,3006-eth3,26867.13,800249.75,827116.88,801050,26894,358.64,372.63,731.27,373,359,0.00,0.00,0,0
1544348652,2001-eth1,1958.04,0.00,1958.04,0,1960,19.98,0.00,19.98,0,20,0.00,0.00,0,0
1544348652,3005-eth2,18065.93,1096771.25,1114837.25,1097868,18084,273.73,508.49,782.22,509,274,0.00,0.00,0,0
1544348652,2001-eth2,9790.21,22199.80,31990.01,22222,9800,99.90,278.72,378.62,279,100,0.00,0.00,0,0
1544348652,3007-eth2,1184209.88,626305.69,1810515.50,626932,1185394,408.59,637.36,1045.95,638,409,0.00,0.00,0,0
1544348652,1001-eth1,0.00,1958.04,1958.04,1960,0,0.00,19.98,19.98,20,0,0.00,0.00,0,0
1544348652,3007-eth4,22879.12,638855.19,661734.31,639494,22902,298.70,316.68,615.38,317,299,0.00,0.00,0,0
1544348652,2003-eth2,10549.45,24553.45,35102.90,24578,10560,159.84,323.68,483.52,324,160,0.00,0.00,0,0
1544348652,3007-eth3,1207884.12,1209924.12,2417808.25,1211134,1209092,789.21,798.20,1587.41,799,790,0.00,0.00,0,0
1544348652,1002-eth1,22199.80,9790.21,31990.01,9800,22222,278.72,99.90,378.62,100,279,0.00,0.00,0,0
1544348652,2002-eth3,1958.04,506705.31,508663.34,507212,1960,19.98,193.81,213.79,194,20,0.00,0.00,0,0
1544348652,2007-eth2,15626.37,14931.07,30557.44,14946,15642,159.84,177.82,337.66,178,160,0.00,0.00,0,0
1544348652,total,38270576.00,38390152.00,76660728.00,38428540,38308844,27862.14,27919.08,55781.22,27947,27890,0.00,0.00,0,0
1544348653,3003-eth3,1221035.00,1222155.88,2443191.00,1223378,1222256,791.21,808.19,1599.40,809,792,0.00,0.00,0,0
1544348653,2002-eth1,275322.69,3916.08,279238.78,3920,275598,94.91,39.96,134.87,40,95,0.00,0.00,0,0
1544348653,lo,871.13,871.13,1742.26,872,872,8.99,8.99,17.98,9,9,0.00,0.00,0,0
1544348653,3005-eth3,1222899.12,464509.50,1687408.62,464974,1224122,556.44,550.45,1106.89,551,557,0.00,0.00,0,0
1544348653,2005-eth3,674991.00,458707.31,1133698.38,459166,675666,232.77,462.54,695.30,463,233,0.00,0.00,0,0
1544348653,3004-eth4,1211606.38,791252.75,2002859.25,792044,1212818,648.35,657.34,1305.69,658,649,0.00,0.00,0,0
1544348653,1004-eth2,503300.72,797192.81,1300493.50,797990,503804,173.83,718.28,892.11,719,174,0.00,0.00,0,0
1544348653,2004-eth4,1196046.00,801108.94,1997154.88,801910,1197242,412.59,758.24,1170.83,759,413,0.00,0.00,0,0
1544348653,1001-eth2,777538.50,674991.00,1452529.50,675666,778316,449.55,232.77,682.32,233,450,0.00,0.00,0,0
1544348653,1003-eth3,1170951.12,1196046.00,2366997.00,1197242,1172122,536.46,412.59,949.05,413,537,0.00,0.00,0,0
1544348653,2002-eth4,7760.24,277280.72,285040.97,277558,7768,107.89,114.89,222.78,115,108,0.00,0.00,0,0
1544348653,1001-eth4,23386.61,12263.74,35650.35,12276,23410,344.66,185.81,530.47,186,345,0.00,0.00,0,0
1544348653,3001-eth2,505258.75,1958.04,507216.81,1960,505764,193.81,19.98,213.79,20,194,0.00,0.00,0,0
1544348653,1004-eth1,5802.20,507216.81,513019.00,507724,5808,87.91,213.79,301.70,214,88,0.00,0.00,0,0
1544348653,3005-eth4,1224885.12,685122.88,1910008.00,685808,1226110,630.37,627.37,1257.74,628,631,0.00,0.00,0,0
1544348653,1003-eth2,1196046.00,593029.00,1789075.00,593622,1197242,412.59,242.76,655.34,243,413,0.00,0.00,0,0
1544348653,3008-eth1,9692.31,37120.88,46813.19,37158,9702,98.90,514.49,613.39,515,99,0.00,0.00,0,0
1544348653,1002-eth3,3818.18,30263.74,34081.92,30294,3822,38.96,410.59,449.55,411,39,0.00,0.00,0,0
1544348653,2006-eth1,1196046.00,1170951.12,2366997.00,1172122,1197242,412.59,536.46,949.05,537,413,0.00,0.00,0,0
1544348653,3003-eth1,26109.89,777538.50,803648.38,778316,26136,395.60,449.55,845.15,450,396,0.00,0.00,0,0
1544348653,2001-eth3,18381.62,7832.17,26213.79,7840,18400,239.76,79.92,319.68,80,240,0.00,0.00,0,0
1544348653,2008-eth2,0.00,3916.08,3916.08,3920,0,0.00,39.96,39.96,40,0,0.00,0.00,0,0
1544348653,2008-eth3,619132.88,1196046.00,1815178.88,1197242,619752,638.36,412.59,1050.95,413,639,0.00,0.00,0,0
1544348653,1001-eth3,674991.00,786703.31,1461694.38,787490,675666,232.77,588.41,821.18,589,233,0.00,0.00,0,0
1544348653,2007-eth4,37120.88,9692.31,46813.19,9702,37158,514.49,98.90,613.39,99,515,0.00,0.00,0,0
1544348653,2004-eth2,797192.81,503300.72,1300493.50,503804,797990,718.28,173.83,892.11,174,719,0.00,0.00,0,0
1544348653,3002-eth1,7734.27,7734.27,15468.53,7742,7742,78.92,78.92,157.84,79,79,0.00,0.00,0,0
1544348653,3004-eth1,674991.00,39824.18,714815.19,39864,675666,232.77,555.44,788.21,556,233,0.00,0.00,0,0
1544348653,2006-eth3,1167992.00,18197.80,1186189.88,18216,1169160,535.46,275.72,811.19,276,536,0.00,0.00,0,0
1544348653,3004-eth2,801108.94,1196046.00,1997154.88,1197242,801910,758.24,412.59,1170.83,413,759,0.00,0.00,0,0
1544348653,3001-eth3,1218431.62,529674.31,1748106.00,530204,1219650,576.42,573.43,1149.85,574,577,0.00,0.00,0,0
1544348653,2003-eth4,39824.18,674991.00,714815.19,675666,39864,555.44,232.77,788.21,233,556,0.00,0.00,0,0
1544348653,2008-eth4,1196046.00,924697.31,2120743.25,925622,1197242,412.59,838.16,1250.75,839,413,0.00,0.00,0,0
1544348653,3008-eth3,15692.31,296851.16,312543.47,297148,15708,189.81,197.80,387.61,198,190,0.00,0.00,0,0
1544348653,2005-eth2,30263.74,3818.18,34081.92,3822,30294,410.59,38.96,449.55,39,411,0.00,0.00,0,0
1544348653,2006-eth4,809588.44,1196046.00,2005634.38,1197242,810398,906.09,412.59,1318.68,413,907,0.00,0.00,0,0
1544348653,3006-eth2,1196046.00,809588.44,2005634.38,810398,1197242,412.59,906.09,1318.68,907,413,0.00,0.00,0,0
1544348653,1003-eth4,589112.88,898653.38,1487766.25,899552,589702,202.80,443.56,646.35,444,203,0.00,0.00,0,0
1544348653,2006-eth2,5802.20,797192.81,802995.00,797990,5808,87.91,718.28,806.19,719,88,0.00,0.00,0,0
1544348653,3001-eth1,7832.17,18381.62,26213.79,18400,7840,79.92,239.76,319.68,240,80,0.00,0.00,0,0
1544348653,3008-eth2,924697.31,1196046.00,2120743.25,1197242,925622,838.16,412.59,1250.75,413,839,0.00,0.00,0,0
1544348653,2004-eth3,503300.72,589112.88,1092413.62,589702,503804,173.83,202.80,376.62,203,174,0.00,0.00,0,0
1544348653,3001-eth4,36163.84,1220631.38,1256795.25,1221852,36200,499.50,517.48,1016.98,518,500,0.00,0.00,0,0
1544348653,1003-eth1,3916.08,275322.69,279238.78,275598,3920,39.96,94.91,134.87,95,40,0.00,0.00,0,0
1544348653,3002-eth2,277280.72,7760.24,285040.97,7768,277558,114.89,107.89,222.78,108,115,0.00,0.00,0,0
1544348653,2005-eth4,441954.06,796395.62,1238349.62,797192,442396,189.81,687.31,877.12,688,190,0.00,0.00,0,0
1544348653,3003-eth2,589112.88,503300.72,1092413.62,503804,589702,202.80,173.83,376.62,174,203,0.00,0.00,0,0
1544348653,2007-eth1,12263.74,23386.61,35650.35,23410,12276,185.81,344.66,530.47,345,186,0.00,0.00,0,0
1544348653,1002-eth4,15692.31,15468.53,31160.84,15484,15708,189.81,157.84,347.65,158,190,0.00,0.00,0,0
1544348653,3002-eth4,1219734.25,301828.19,1521562.50,302130,1220954,508.49,496.50,1005.00,497,509,0.00,0.00,0,0
1544348653,2007-eth3,7696.30,23718.28,31414.59,23742,7704,78.92,302.70,381.62,303,79,0.00,0.00,0,0
1544348653,3005-eth1,458707.31,674991.00,1133698.38,675666,459166,462.54,232.77,695.30,233,463,0.00,0.00,0,0
1544348653,2001-eth4,7734.27,7734.27,15468.53,7742,7742,78.92,78.92,157.84,79,79,0.00,0.00,0,0
1544348653,3003-eth4,1208309.75,615156.88,1823466.62,615772,1209518,598.40,597.40,1195.80,598,599,0.00,0.00,0,0
1544348653,2004-eth1,593029.00,1196046.00,1789075.00,1197242,593622,242.76,412.59,655.34,413,243,0.00,0.00,0,0
1544348653,3006-eth4,1218537.50,1222090.00,2440627.50,1223312,1219756,797.20,807.19,1604.40,808,798,0.00,0.00,0,0
1544348653,3007-eth1,23718.28,7696.30,31414.59,7704,23742,302.70,78.92,381.62,79,303,0.00,0.00,0,0
1544348653,2008-eth1,898653.38,589112.88,1487766.25,589702,899552,443.56,202.80,646.35,203,444,0.00,0.00,0,0
1544348653,2002-eth2,507216.81,5802.20,513019.00,5808,507724,213.79,87.91,301.70,88,214,0.00,0.00,0,0
1544348653,2003-eth1,674991.00,777538.50,1452529.50,778316,675666,232.77,449.55,682.32,450,233,0.00,0.00,0,0
1544348653,3008-eth4,1208441.62,628505.50,1836947.12,629134,1209650,600.40,602.40,1202.80,603,601,0.00,0.00,0,0
1544348653,1004-eth4,3916.08,0.00,3916.08,0,3920,39.96,0.00,39.96,0,40,0.00,0.00,0,0
1544348653,3006-eth1,796395.62,441954.06,1238349.62,442396,797192,687.31,189.81,877.12,190,688,0.00,0.00,0,0
1544348653,1004-eth3,797192.81,5802.20,802995.00,5808,797990,718.28,87.91,806.19,88,719,0.00,0.00,0,0
1544348653,1002-eth2,24263.74,10549.45,34813.19,10560,24288,319.68,159.84,479.52,160,320,0.00,0.00,0,0
1544348653,3004-eth3,24263.74,684781.25,709045.00,685466,24288,319.68,332.67,652.35,333,320,0.00,0.00,0,0
1544348653,2003-eth3,777538.50,26109.89,803648.38,26136,778316,449.55,395.60,845.15,396,450,0.00,0.00,0,0
1544348653,2005-eth1,786703.31,674991.00,1461694.38,675666,787490,588.41,232.77,821.18,233,589,0.00,0.00,0,0
1544348653,3002-eth3,36197.80,1220533.50,1256731.25,1221754,36234,500.50,516.48,1016.98,517,501,0.00,0.00,0,0
1544348653,3006-eth3,26703.30,798639.38,825342.69,799438,26730,356.64,370.63,727.27,371,357,0.00,0.00,0,0
1544348653,2001-eth1,1958.04,0.00,1958.04,0,1960,19.98,0.00,19.98,0,20,0.00,0.00,0,0
1544348653,3005-eth2,18197.80,1167992.00,1186189.88,1169160,18216,275.72,535.46,811.19,536,276,0.00,0.00,0,0
1544348653,2001-eth2,9692.31,22199.80,31892.11,22222,9702,98.90,278.72,377.62,279,99,0.00,0.00,0,0
1544348653,3007-eth2,1196046.00,619132.88,1815178.88,619752,1197242,412.59,638.36,1050.95,639,413,0.00,0.00,0,0
1544348653,1001-eth1,0.00,1958.04,1958.04,1960,0,0.00,19.98,19.98,20,0,0.00,0.00,0,0
1544348653,3007-eth4,23374.63,677025.00,700399.62,677702,23398,306.69,326.67,633.37,327,307,0.00,0.00,0,0
1544348653,2003-eth2,10549.45,24263.74,34813.19,24288,10560,159.84,319.68,479.52,320,160,0.00,0.00,0,0
1544348653,3007-eth3,1222877.12,1222090.00,2444967.00,1223312,1224100,797.20,807.19,1604.40,808,798,0.00,0.00,0,0
1544348653,1002-eth1,22199.80,9692.31,31892.11,9702,22222,278.72,98.90,377.62,99,279,0.00,0.00,0,0
1544348653,2002-eth3,1958.04,505258.75,507216.81,505764,1960,19.98,193.81,213.79,194,20,0.00,0.00,0,0
1544348653,2007-eth2,15468.53,15692.31,31160.84,15708,15484,157.84,189.81,347.65,190,158,0.00,0.00,0,0
1544348653,total,38987300.00,39228996.00,78216296.00,39268222,39026286,27914.09,28025.97,55940.06,28054,27942,0.00,0.00,0,0
1544348654,3003-eth3,1223598.38,1225180.88,2448779.25,1226406,1224822,786.21,810.19,1596.40,811,787,0.00,0.00,0,0
1544348654,2002-eth1,281240.78,3818.18,285058.94,3822,281522,96.90,38.96,135.86,39,97,0.00,0.00,0,0
1544348654,lo,375.62,375.62,751.25,376,376,4.00,4.00,7.99,4,4,0.00,0.00,0,0
1544348654,3005-eth3,1222239.75,423214.78,1645454.62,423638,1223462,546.45,538.46,1084.92,539,547,0.00,0.00,0,0
1544348654,2005-eth3,695704.31,417148.88,1112853.12,417566,696400,239.76,446.55,686.31,447,240,0.00,0.00,0,0
1544348654,3004-eth4,1211804.25,819462.56,2031266.75,820282,1213016,651.35,668.33,1319.68,669,652,0.00,0.00,0,0
1544348654,1004-eth2,513624.38,825074.94,1338699.38,825900,514138,176.82,725.27,902.10,726,177,0.00,0.00,0,0
1544348654,2004-eth4,1196046.00,828893.12,2024939.12,829722,1197242,412.59,764.24,1176.82,765,413,0.00,0.00,0,0
1544348654,1001-eth2,805748.25,695704.31,1501452.62,696400,806554,460.54,239.76,700.30,240,461,0.00,0.00,0,0
1544348654,1003-eth3,1159114.88,1196046.00,2355161.00,1197242,1160274,532.47,412.59,945.05,413,533,0.00,0.00,0,0
1544348654,2002-eth4,7728.27,283198.81,290927.09,283482,7736,107.89,116.88,224.78,117,108,0.00,0.00,0,0
1544348654,1001-eth4,23320.68,12329.67,35650.35,12342,23344,343.66,186.81,530.47,187,344,0.00,0.00,0,0
1544348654,3001-eth2,515582.44,1958.04,517540.47,1960,516098,196.80,19.98,216.78,20,197,0.00,0.00,0,0
1544348654,1004-eth1,5868.13,517540.47,523408.59,518058,5874,88.91,216.78,305.69,217,89,0.00,0.00,0,0
1544348654,3005-eth4,1221794.25,677710.31,1899504.50,678388,1223016,627.37,625.37,1252.75,626,628,0.00,0.00,0,0
1544348654,1003-eth2,1196046.00,610751.25,1806797.25,611362,1197242,412.59,248.75,661.34,249,413,0.00,0.00,0,0
1544348654,3008-eth1,9692.31,36461.54,46153.85,36498,9702,98.90,504.50,603.40,505,99,0.00,0.00,0,0
1544348654,1002-eth3,3916.08,30131.87,34047.95,30162,3920,39.96,408.59,448.55,409,40,0.00,0.00,0,0
1544348654,2006-eth1,1196046.00,1159114.88,2355161.00,1160274,1197242,412.59,532.47,945.05,533,413,0.00,0.00,0,0
1544348654,3003-eth1,26175.82,805748.25,831924.12,806554,26202,396.60,460.54,857.14,461,397,0.00,0.00,0,0
1544348654,2001-eth3,18249.75,7734.27,25984.02,7742,18268,237.76,78.92,316.68,79,238,0.00,0.00,0,0
1544348654,2008-eth2,0.00,3720.28,3720.28,3724,0,0.00,37.96,37.96,38,0,0.00,0.00,0,0
1544348654,2008-eth3,636499.50,1194533.50,1831033.00,1195728,637136,639.36,411.59,1050.95,412,640,0.00,0.00,0,0
1544348654,1001-eth3,695704.31,814781.25,1510485.50,815596,696400,239.76,597.40,837.16,598,240,0.00,0.00,0,0
1544348654,2007-eth4,36461.54,9692.31,46153.85,9702,36498,504.50,98.90,603.40,99,505,0.00,0.00,0,0
1544348654,2004-eth2,825074.94,513624.38,1338699.38,514138,825900,725.27,176.82,902.10,177,726,0.00,0.00,0,0
1544348654,3002-eth1,7832.17,7832.17,15664.34,7840,7840,79.92,79.92,159.84,80,80,0.00,0.00,0,0
1544348654,3004-eth1,695704.31,40189.81,735894.12,40230,696400,239.76,562.44,802.20,563,240,0.00,0.00,0,0
1544348654,2006-eth3,1162074.00,18263.74,1180337.75,18282,1163236,533.47,276.72,810.19,277,534,0.00,0.00,0,0
1544348654,3004-eth2,828893.12,1196046.00,2024939.12,1197242,829722,764.24,412.59,1176.82,413,765,0.00,0.00,0,0
1544348654,3001-eth3,1224283.75,539998.00,1764281.75,540538,1225508,577.42,576.42,1153.85,577,578,0.00,0.00,0,0
1544348654,2003-eth4,40189.81,695704.31,735894.12,696400,40230,562.44,239.76,802.20,240,563,0.00,0.00,0,0
1544348654,2008-eth4,1194533.50,918581.44,2113115.00,919500,1195728,411.59,833.17,1244.76,834,412,0.00,0.00,0,0
1544348654,3008-eth3,15098.90,282055.94,297154.84,282338,15114,180.82,192.81,373.63,193,181,0.00,0.00,0,0
1544348654,2005-eth2,30131.87,3916.08,34047.95,3920,30162,408.59,39.96,448.55,40,409,0.00,0.00,0,0
1544348654,2006-eth4,837666.38,1196046.00,2033712.38,1197242,838504,915.08,412.59,1327.67,413,916,0.00,0.00,0,0
1544348654,3006-eth2,1196046.00,837666.38,2033712.38,838504,1197242,412.59,915.08,1327.67,916,413,0.00,0.00,0,0
1544348654,1003-eth4,606933.06,892735.31,1499668.38,893628,607540,209.79,441.56,651.35,442,210,0.00,0.00,0,0
1544348654,2006-eth2,5868.13,825270.75,831138.88,826096,5874,88.91,727.27,816.18,728,89,0.00,0.00,0,0
1544348654,3001-eth1,7734.27,18249.75,25984.02,18268,7742,78.92,237.76,316.68,238,79,0.00,0.00,0,0
1544348654,3008-eth2,918581.44,1194533.50,2113115.00,1195728,919500,833.17,411.59,1244.76,412,834,0.00,0.00,0,0
1544348654,2004-eth3,513624.38,606933.06,1120557.50,607540,514138,176.82,209.79,386.61,210,177,0.00,0.00,0,0
1544348654,3001-eth4,36163.84,1223492.50,1259656.38,1224716,36200,499.50,517.48,1016.98,518,500,0.00,0.00,0,0
1544348654,1003-eth1,3818.18,281240.78,285058.94,281522,3822,38.96,96.90,135.86,97,39,0.00,0.00,0,0
1544348654,3002-eth2,283198.81,7728.27,290927.09,7736,283482,116.88,107.89,224.78,108,117,0.00,0.00,0,0
1544348654,2005-eth4,400625.38,824571.44,1225196.88,825396,401026,176.82,697.30,874.13,698,177,0.00,0.00,0,0
1544348654,3003-eth2,606933.06,513624.38,1120557.50,514138,607540,209.79,176.82,386.61,177,210,0.00,0.00,0,0
1544348654,2007-eth1,12329.67,23320.68,35650.35,23344,12342,186.81,343.66,530.47,344,187,0.00,0.00,0,0
1544348654,1002-eth4,15196.80,15468.53,30665.34,15484,15212,181.82,157.84,339.66,158,182,0.00,0.00,0,0
1544348654,3002-eth4,1222949.12,305174.84,1528123.88,305480,1224172,469.53,459.54,929.07,460,470,0.00,0.00,0,0
1544348654,2007-eth3,7832.17,23882.12,31714.29,23906,7840,79.92,304.70,384.62,305,80,0.00,0.00,0,0
1544348654,3005-eth1,417148.88,695704.31,1112853.12,696400,417566,446.55,239.76,686.31,240,447,0.00,0.00,0,0
1544348654,2001-eth4,7832.17,7832.17,15664.34,7840,7840,79.92,79.92,159.84,80,80,0.00,0.00,0,0
1544348654,3003-eth4,1211334.75,633043.00,1844377.62,633676,1212546,600.40,605.39,1205.79,606,601,0.00,0.00,0,0
1544348654,2004-eth1,610751.25,1196046.00,1806797.25,1197242,611362,248.75,412.59,661.34,413,249,0.00,0.00,0,0
1544348654,3006-eth4,1224587.50,1222221.75,2446809.25,1223444,1225812,801.20,809.19,1610.39,810,802,0.00,0.00,0,0
1544348654,3007-eth1,23882.12,7832.17,31714.29,7840,23906,304.70,79.92,384.62,80,305,0.00,0.00,0,0
1544348654,2008-eth1,892735.31,606933.06,1499668.38,607540,893628,441.56,209.79,651.35,210,442,0.00,0.00,0,0
1544348654,2002-eth2,517540.47,5868.13,523408.59,5874,518058,216.78,88.91,305.69,89,217,0.00,0.00,0,0
1544348654,2003-eth1,695704.31,805748.25,1501452.62,806554,696400,239.76,460.54,700.30,461,240,0.00,0.00,0,0
1544348654,3008-eth4,1206863.12,640341.69,1847204.88,640982,1208070,598.40,606.39,1204.80,607,599,0.00,0.00,0,0
1544348654,1004-eth4,3720.28,0.00,3720.28,0,3724,37.96,0.00,37.96,0,38,0.00,0.00,0,0
1544348654,3006-eth1,824571.44,400625.38,1225196.88,401026,825396,697.30,176.82,874.13,177,698,0.00,0.00,0,0
1544348654,1004-eth3,825270.75,5868.13,831138.88,5874,826096,727.27,88.91,816.18,89,728,0.00,0.00,0,0
1544348654,1002-eth2,24431.57,10417.58,34849.15,10428,24456,323.68,157.84,481.52,158,324,0.00,0.00,0,0
1544348654,3004-eth3,24431.57,705200.81,729632.38,705906,24456,323.68,336.66,660.34,337,324,0.00,0.00,0,0
1544348654,2003-eth3,805748.25,26175.82,831924.12,26202,806554,460.54,396.60,857.14,397,461,0.00,0.00,0,0
1544348654,2005-eth1,814781.25,695704.31,1510485.50,696400,815596,597.40,239.76,837.16,240,598,0.00,0.00,0,0
1544348654,3002-eth3,33626.38,1220821.25,1254447.62,1222042,33660,461.54,476.52,938.06,477,462,0.00,0.00,0,0
1544348654,3006-eth3,26933.07,809126.88,836059.94,809936,26960,359.64,375.62,735.26,376,360,0.00,0.00,0,0
1544348654,2001-eth1,1958.04,0.00,1958.04,0,1960,19.98,0.00,19.98,0,20,0.00,0.00,0,0
1544348654,3005-eth2,18263.74,1162074.00,1180337.75,1163236,18282,276.72,533.47,810.19,534,277,0.00,0.00,0,0
1544348654,2001-eth2,9692.31,22165.83,31858.14,22188,9702,98.90,277.72,376.62,278,99,0.00,0.00,0,0
1544348654,3007-eth2,1194533.50,636499.50,1831033.00,637136,1195728,411.59,639.36,1050.95,640,412,0.00,0.00,0,0
1544348654,1001-eth1,0.00,1958.04,1958.04,1960,0,0.00,19.98,19.98,20,0,0.00,0.00,0,0
1544348654,3007-eth4,23472.53,693560.44,717033.00,694254,23496,307.69,334.67,642.36,335,308,0.00,0.00,0,0
1544348654,2003-eth2,10417.58,24431.57,34849.15,24456,10428,157.84,323.68,481.52,324,158,0.00,0.00,0,0
1544348654,3007-eth3,1220573.50,1220709.38,2441282.75,1221930,1221794,784.22,808.19,1592.41,809,785,0.00,0.00,0,0
1544348654,1002-eth1,22165.83,9692.31,31858.14,9702,22188,277.72,98.90,376.62,99,278,0.00,0.00,0,0
1544348654,2002-eth3,1958.04,515582.44,517540.47,516098,1960,19.98,196.80,216.78,197,20,0.00,0.00,0,0
1544348654,2007-eth2,15468.53,15196.80,30665.34,15212,15484,157.84,181.82,339.66,182,158,0.00,0.00,0,0
1544348654,total,39312296.00,39603856.00,78916160.00,39643460,39351608,27892.11,28057.94,55950.05,28086,27920,0.00,0.00,0,0
1544348655,3003-eth3,1223005.00,1222090.00,2445095.00,1223312,1224228,777.22,807.19,1584.42,808,778,0.00,0.00,0,0
1544348655,2002-eth1,309384.62,3818.18,313202.81,3822,309694,106.89,38.96,145.85,39,107,0.00,0.00,0,0
1544348655,lo,375.62,375.62,751.25,376,376,4.00,4.00,7.99,4,4,0.00,0.00,0,0
1544348655,3005-eth3,1220925.12,429001.00,1649926.12,429430,1222146,548.45,538.46,1086.91,539,549,0.00,0.00,0,0
1544348655,2005-eth3,688339.69,422737.28,1111077.00,423160,689028,237.76,443.56,681.32,444,238,0.00,0.00,0,0
1544348655,3004-eth4,1211870.12,844713.31,2056583.50,845558,1213082,652.35,678.32,1330.67,679,653,0.00,0.00,0,0
1544348655,1004-eth2,518095.91,850555.44,1368651.38,851406,518614,178.82,738.26,917.08,739,179,0.00,0.00,0,0
1544348655,2004-eth4,1196046.00,854373.62,2050419.62,855228,1197242,412.59,777.22,1189.81,778,413,0.00,0.00,0,0
1544348655,1001-eth2,830801.25,688339.69,1519140.88,689028,831632,467.53,237.76,705.29,238,468,0.00,0.00,0,0
1544348655,1003-eth3,1223686.38,1196046.00,2419732.25,1197242,1224910,546.45,412.59,959.04,413,547,0.00,0.00,0,0
1544348655,2002-eth4,8189.81,311244.75,319434.56,311556,8198,114.89,125.87,240.76,126,115,0.00,0.00,0,0
1544348655,1001-eth4,22859.14,12197.80,35056.95,12210,22882,336.66,184.82,521.48,185,337,0.00,0.00,0,0
1544348655,3001-eth2,520053.97,1958.04,522012.00,1960,520574,198.80,19.98,218.78,20,199,0.00,0.00,0,0
1544348655,1004-eth1,6329.67,521914.09,528243.75,522436,6336,95.90,217.78,313.69,218,96,0.00,0.00,0,0
1544348655,3005-eth4,1226199.88,674817.19,1901017.00,675492,1227426,628.37,625.37,1253.75,626,629,0.00,0.00,0,0
1544348655,1003-eth2,1196046.00,618115.88,1814161.88,618734,1197242,412.59,250.75,663.34,251,413,0.00,0.00,0,0
1544348655,3008-eth1,9692.31,36000.00,45692.31,36036,9702,98.90,497.50,596.40,498,99,0.00,0.00,0,0
1544348655,1002-eth3,3818.18,29802.20,33620.38,29832,3822,38.96,403.60,442.56,404,39,0.00,0.00,0,0
1544348655,2006-eth1,1196046.00,1223686.38,2419732.25,1224910,1197242,412.59,546.45,959.04,547,413,0.00,0.00,0,0
1544348655,3003-eth1,25978.02,830801.25,856779.25,831632,26004,393.61,467.53,861.14,468,394,0.00,0.00,0,0
1544348655,2001-eth3,17986.01,7832.17,25818.18,7840,18004,233.77,79.92,313.69,80,234,0.00,0.00,0,0
1544348655,2008-eth2,0.00,3916.08,3916.08,3920,0,0.00,39.96,39.96,40,0,0.00,0.00,0,0
1544348655,2008-eth3,644455.56,1199005.00,1843460.62,1200204,645100,649.35,413.59,1062.94,414,650,0.00,0.00,0,0
1544348655,1001-eth3,688339.69,839504.50,1527844.25,840344,689028,237.76,599.40,837.16,600,238,0.00,0.00,0,0
1544348655,2007-eth4,36000.00,9692.31,45692.31,9702,36036,497.50,98.90,596.40,99,498,0.00,0.00,0,0
1544348655,2004-eth2,850555.44,518095.91,1368651.38,518614,851406,738.26,178.82,917.08,179,739,0.00,0.00,0,0
1544348655,3002-eth1,7734.27,7832.17,15566.43,7840,7742,78.92,79.92,158.84,80,79,0.00,0.00,0,0
1544348655,3004-eth1,688339.69,40219.78,728559.44,40260,689028,237.76,561.44,799.20,562,238,0.00,0.00,0,0
1544348655,2006-eth3,1223686.38,18725.28,1242411.62,18744,1224910,546.45,283.72,830.17,284,547,0.00,0.00,0,0
1544348655,3004-eth2,854373.62,1196046.00,2050419.62,1197242,855228,777.22,412.59,1189.81,413,778,0.00,0.00,0,0
1544348655,3001-eth3,1222639.38,544535.50,1767174.88,545080,1223862,574.43,579.42,1153.85,580,575,0.00,0.00,0,0
1544348655,2003-eth4,40219.78,688339.69,728559.44,689028,40260,561.44,237.76,799.20,238,562,0.00,0.00,0,0
1544348655,2008-eth4,1199005.00,952445.56,2151450.50,953398,1200204,413.59,842.16,1255.74,843,414,0.00,0.00,0,0
1544348655,3008-eth3,15098.90,287974.03,303072.94,288262,15114,180.82,194.81,375.62,195,181,0.00,0.00,0,0
1544348655,2005-eth2,29802.20,3818.18,33620.38,3822,29832,403.60,38.96,442.56,39,404,0.00,0.00,0,0
1544348655,2006-eth4,862853.19,1196046.00,2058899.12,1197242,863716,925.07,412.59,1337.66,413,926,0.00,0.00,0,0
1544348655,3006-eth2,1196046.00,862853.19,2058899.12,863716,1197242,412.59,925.07,1337.66,926,413,0.00,0.00,0,0
1544348655,1003-eth4,614297.75,926203.81,1540501.50,927130,614912,211.79,444.56,656.34,445,212,0.00,0.00,0,0
1544348655,2006-eth2,6329.67,850457.56,856787.25,851308,6336,95.90,737.26,833.17,738,96,0.00,0.00,0,0
1544348655,3001-eth1,7832.17,17986.01,25818.18,18004,7840,79.92,233.77,313.69,234,80,0.00,0.00,0,0
1544348655,3008-eth2,952445.56,1199005.00,2151450.50,1200204,953398,842.16,413.59,1255.74,414,843,0.00,0.00,0,0
1544348655,2004-eth3,518095.91,614297.75,1132393.62,614912,518614,178.82,211.79,390.61,212,179,0.00,0.00,0,0
1544348655,3001-eth4,36229.77,1226549.50,1262779.25,1227776,36266,500.50,519.48,1019.98,520,501,0.00,0.00,0,0
1544348655,1003-eth1,3818.18,309384.62,313202.81,309694,3822,38.96,106.89,145.85,107,39,0.00,0.00,0,0
1544348655,3002-eth2,311244.75,8189.81,319434.56,8198,311556,125.87,114.89,240.76,115,126,0.00,0.00,0,0
1544348655,2005-eth4,406445.56,849098.94,1255544.50,849948,406852,177.82,697.30,875.12,698,178,0.00,0.00,0,0
1544348655,3003-eth2,614297.75,518095.91,1132393.62,518614,614912,211.79,178.82,390.61,179,212,0.00,0.00,0,0
1544348655,2007-eth1,12197.80,22859.14,35056.95,22882,12210,184.82,336.66,521.48,337,185,0.00,0.00,0,0
1544348655,1002-eth4,15098.90,15566.43,30665.34,15582,15114,180.82,158.84,339.66,159,181,0.00,0.00,0,0
1544348655,3002-eth4,1214583.50,328241.78,1542825.25,328570,1215798,386.61,392.61,779.22,393,387,0.00,0.00,0,0
1544348655,2007-eth3,7832.17,23946.05,31778.22,23970,7840,79.92,304.70,384.62,305,80,0.00,0.00,0,0
1544348655,3005-eth1,422737.28,688339.69,1111077.00,689028,423160,443.56,237.76,681.32,238,444,0.00,0.00,0,0
1544348655,2001-eth4,7832.17,7734.27,15566.43,7742,7840,79.92,78.92,158.84,79,80,0.00,0.00,0,0
1544348655,3003-eth4,1208243.75,640341.69,1848585.50,640982,1209452,597.40,606.39,1203.80,607,598,0.00,0.00,0,0
1544348655,2004-eth1,618115.88,1196046.00,1814161.88,1197242,618734,250.75,412.59,663.34,413,251,0.00,0.00,0,0
1544348655,3006-eth4,1224917.12,1222024.00,2446941.25,1223246,1226142,806.19,806.19,1612.39,807,807,0.00,0.00,0,0
1544348655,3007-eth1,23946.05,7832.17,31778.22,7840,23970,304.70,79.92,384.62,80,305,0.00,0.00,0,0
1544348655,2008-eth1,926203.81,614297.75,1540501.50,614912,927130,444.56,211.79,656.34,212,445,0.00,0.00,0,0
1544348655,2002-eth2,521914.09,6329.67,528243.75,6336,522436,217.78,95.90,313.69,96,218,0.00,0.00,0,0
1544348655,2003-eth1,688339.69,830801.25,1519140.88,831632,689028,237.76,467.53,705.29,468,238,0.00,0.00,0,0
1544348655,3008-eth4,1211466.62,662633.38,1874100.00,663296,1212678,602.40,615.38,1217.78,616,603,0.00,0.00,0,0
1544348655,1004-eth4,3916.08,0.00,3916.08,0,3920,39.96,0.00,39.96,0,40,0.00,0.00,0,0
1544348655,3006-eth1,849098.94,406445.56,1255544.50,406852,849948,697.30,177.82,875.12,178,698,0.00,0.00,0,0
1544348655,1004-eth3,850457.56,6329.67,856787.25,6336,851308,737.26,95.90,833.17,96,738,0.00,0.00,0,0
1544348655,1002-eth2,24395.61,10153.85,34549.45,10164,24420,321.68,153.85,475.52,154,322,0.00,0.00,0,0
1544348655,3004-eth3,24395.61,697934.06,722329.69,698632,24420,321.68,335.66,657.34,336,322,0.00,0.00,0,0
1544348655,2003-eth3,830801.25,25978.02,856779.25,26004,831632,467.53,393.61,861.14,394,468,0.00,0.00,0,0
1544348655,2005-eth1,839504.50,688339.69,1527844.25,689028,840344,599.40,237.76,837.16,238,600,0.00,0.00,0,0
1544348655,3002-eth3,28549.45,1217320.75,1245870.12,1218538,28578,384.62,380.62,765.23,381,385,0.00,0.00,0,0
1544348655,3006-eth3,26969.03,848911.12,875880.12,849760,26996,361.64,387.61,749.25,388,362,0.00,0.00,0,0
1544348655,2001-eth1,1958.04,0.00,1958.04,0,1960,19.98,0.00,19.98,0,20,0.00,0.00,0,0
1544348655,3005-eth2,18725.28,1223686.38,1242411.62,1224910,18744,283.72,546.45,830.17,547,284,0.00,0.00,0,0
1544348655,2001-eth2,9692.31,21902.10,31594.41,21924,9702,98.90,273.73,372.63,274,99,0.00,0.00,0,0
1544348655,3007-eth2,1199005.00,644455.56,1843460.62,645100,1200204,413.59,649.35,1062.94,650,414,0.00,0.00,0,0
1544348655,1001-eth1,0.00,1958.04,1958.04,1960,0,0.00,19.98,19.98,20,0,0.00,0.00,0,0
1544348655,3007-eth4,23636.37,717330.69,740967.06,718048,23660,309.69,343.66,653.35,344,310,0.00,0.00,0,0
1544348655,2003-eth2,10153.85,24395.61,34549.45,24420,10164,153.85,321.68,475.52,322,154,0.00,0.00,0,0
1544348655,3007-eth3,1223334.75,1224983.00,2448317.75,1226208,1224558,782.22,807.19,1589.41,808,783,0.00,0.00,0,0
1544348655,1002-eth1,21902.10,9692.31,31594.41,9702,21924,273.73,98.90,372.63,99,274,0.00,0.00,0,0
1544348655,2002-eth3,1958.04,520053.97,522012.00,520574,1960,19.98,198.80,218.78,199,20,0.00,0.00,0,0
1544348655,2007-eth2,15566.43,15098.90,30665.34,15114,15582,158.84,180.82,339.66,181,159,0.00,0.00,0,0
1544348655,total,39793364.00,40240700.00,80034064.00,40280940,39833156,27858.14,28061.94,55920.08,28090,27886,0.00,0.00,0,0
1544348656,3003-eth3,1222345.75,1222090.00,2444435.75,1223312,1223568,767.23,807.19,1574.43,808,768,0.00,0.00,0,0
1544348656,2002-eth1,307872.12,3720.28,311592.41,3724,308180,105.89,37.96,143.86,38,106,0.00,0.00,0,0
1544348656,lo,10967.03,10967.03,21934.07,10978,10978,128.87,128.87,257.74,129,129,0.00,0.00,0,0
1544348656,3005-eth3,1225067.00,414271.75,1639338.75,414686,1226292,545.45,534.47,1079.92,535,546,0.00,0.00,0,0
1544348656,2005-eth3,683868.12,408073.94,1091942.12,408482,684552,235.76,440.56,676.32,441,236,0.00,0.00,0,0
1544348656,3004-eth4,1212002.00,872725.31,2084727.38,873598,1213214,654.35,686.31,1340.66,687,655,0.00,0.00,0,0
1544348656,1004-eth2,526973.06,878561.44,1405534.50,879440,527500,181.82,746.25,928.07,747,182,0.00,0.00,0,0
1544348656,2004-eth4,1196046.00,882221.81,2078267.75,883104,1197242,412.59,783.22,1195.80,784,413,0.00,0.00,0,0
1544348656,1001-eth2,859202.81,683868.12,1543071.00,684552,860062,481.52,235.76,717.28,236,482,0.00,0.00,0,0
1544348656,1003-eth3,1218687.38,1196046.00,2414733.25,1197242,1219906,536.46,412.59,949.05,413,537,0.00,0.00,0,0
1544348656,2002-eth4,7892.11,309890.12,317782.22,310200,7900,109.89,126.87,236.76,127,110,0.00,0.00,0,0
1544348656,1001-eth4,23446.55,12461.54,35908.09,12474,23470,345.65,188.81,534.47,189,346,0.00,0.00,0,0
1544348656,3001-eth2,528931.06,1762.24,530693.31,1764,529460,201.80,17.98,219.78,18,202,0.00,0.00,0,0
1544348656,1004-eth1,5994.01,530889.12,536883.12,531420,6000,90.91,221.78,312.69,222,91,0.00,0.00,0,0
1544348656,3005-eth4,1218307.75,655352.69,1873660.38,656008,1219526,618.38,615.38,1233.77,616,619,0.00,0.00,0,0
1544348656,1003-eth2,1196046.00,655039.00,1851085.00,655694,1197242,412.59,262.74,675.32,263,413,0.00,0.00,0,0
1544348656,3008-eth1,9692.31,37048.95,46741.26,37086,9702,98.90,513.49,612.39,514,99,0.00,0.00,0,0
1544348656,1002-eth3,3818.18,29836.16,33654.35,29866,3822,38.96,404.60,443.56,405,39,0.00,0.00,0,0
1544348656,2006-eth1,1196046.00,1218687.38,2414733.25,1219906,1197242,412.59,536.46,949.05,537,413,0.00,0.00,0,0
1544348656,3003-eth1,26109.89,859142.88,885252.75,860002,26136,395.60,480.52,876.12,481,396,0.00,0.00,0,0
1544348656,2001-eth3,17986.01,7734.27,25720.28,7742,18004,233.77,78.92,312.69,79,234,0.00,0.00,0,0
1544348656,2008-eth2,59.94,3916.08,3976.02,3920,60,1.00,39.96,40.96,40,1,0.00,0.00,0,0
1544348656,2008-eth3,681278.75,1193087.00,1874365.62,1194280,681960,659.34,411.59,1070.93,412,660,0.00,0.00,0,0
1544348656,1001-eth3,683928.06,868109.94,1552038.00,868978,684612,236.76,616.38,853.15,617,237,0.00,0.00,0,0
1544348656,2007-eth4,37048.95,9692.31,46741.26,9702,37086,513.49,98.90,612.39,99,514,0.00,0.00,0,0
1544348656,2004-eth2,878561.44,526973.06,1405534.50,527500,879440,746.25,181.82,928.07,182,747,0.00,0.00,0,0
1544348656,3002-eth1,7892.11,7832.17,15724.28,7840,7900,80.92,79.92,160.84,80,81,0.00,0.00,0,0
1544348656,3004-eth1,683868.12,39924.08,723792.25,39964,684552,235.76,557.44,793.21,558,236,0.00,0.00,0,0
1544348656,2006-eth3,1218687.38,18923.08,1237610.38,18942,1219906,536.46,286.71,823.18,287,537,0.00,0.00,0,0
1544348656,3004-eth2,882221.81,1196046.00,2078267.75,1197242,883104,783.22,412.59,1195.80,413,784,0.00,0.00,0,0
1544348656,3001-eth3,1220995.00,553346.69,1774341.75,553900,1222216,571.43,581.42,1152.85,582,572,0.00,0.00,0,0
1544348656,2003-eth4,39924.08,683868.12,723792.25,684552,39964,557.44,235.76,793.21,236,558,0.00,0.00,0,0
1544348656,2008-eth4,1193146.88,1036613.44,2229760.25,1037650,1194340,412.59,868.13,1280.72,869,413,0.00,0.00,0,0
1544348656,3008-eth3,15686.31,328079.94,343766.25,328408,15702,190.81,211.79,402.60,212,191,0.00,0.00,0,0
1544348656,2005-eth2,29836.16,3818.18,33654.35,3822,29866,404.60,38.96,443.56,39,405,0.00,0.00,0,0
1544348656,2006-eth4,891490.56,1196046.00,2087536.50,1197242,892382,942.06,412.59,1354.65,413,943,0.00,0.00,0,0
1544348656,3006-eth2,1196046.00,891490.56,2087536.50,892382,1197242,412.59,942.06,1354.65,943,413,0.00,0.00,0,0
1544348656,1003-eth4,651318.69,1010569.44,1661888.12,1011580,651970,224.78,473.53,698.30,474,225,0.00,0.00,0,0
1544348656,2006-eth2,5934.07,878501.50,884435.56,879380,5940,89.91,745.25,835.16,746,90,0.00,0.00,0,0
1544348656,3001-eth1,7734.27,17986.01,25720.28,18004,7742,78.92,233.77,312.69,234,79,0.00,0.00,0,0
1544348656,3008-eth2,1036613.44,1193146.88,2229760.25,1194340,1037650,868.13,412.59,1280.72,413,869,0.00,0.00,0,0
1544348656,2004-eth3,526973.06,651318.69,1178291.75,651970,527500,181.82,224.78,406.59,225,182,0.00,0.00,0,0
1544348656,3001-eth4,35968.03,1219087.00,1255055.00,1220306,36004,497.50,516.48,1013.99,517,498,0.00,0.00,0,0
1544348656,1003-eth1,3720.28,307872.12,311592.41,308180,3724,37.96,105.89,143.86,106,38,0.00,0.00,0,0
1544348656,3002-eth2,309890.12,7892.11,317782.22,7900,310200,126.87,109.89,236.76,110,127,0.00,0.00,0,0
1544348656,2005-eth4,391650.38,877704.31,1269354.62,878582,392042,172.83,714.29,887.11,715,173,0.00,0.00,0,0
1544348656,3003-eth2,651318.69,526973.06,1178291.75,527500,651970,224.78,181.82,406.59,182,225,0.00,0.00,0,0
1544348656,2007-eth1,12461.54,23446.55,35908.09,23470,12474,188.81,345.65,534.47,346,189,0.00,0.00,0,0
1544348656,1002-eth4,15560.44,15566.43,31126.87,15582,15576,187.81,158.84,346.65,159,188,0.00,0.00,0,0
1544348656,3002-eth4,1213318.75,325998.00,1539316.75,326324,1214532,368.63,381.62,750.25,382,369,0.00,0.00,0,0
1544348656,2007-eth3,7636.36,24013.99,31650.35,24038,7644,77.92,306.69,384.62,307,78,0.00,0.00,0,0
1544348656,3005-eth1,408073.94,683868.12,1091942.12,684552,408482,440.56,235.76,676.32,236,441,0.00,0.00,0,0
1544348656,2001-eth4,7832.17,7892.11,15724.28,7900,7840,79.92,80.92,160.84,81,80,0.00,0.00,0,0
1544348656,3003-eth4,1208507.50,677362.62,1885870.12,678040,1209716,601.40,619.38,1220.78,620,602,0.00,0.00,0,0
1544348656,2004-eth1,655039.00,1196046.00,1851085.00,1197242,655694,262.74,412.59,675.32,413,263,0.00,0.00,0,0
1544348656,3006-eth4,1221166.88,1222155.88,2443322.75,1223378,1222388,793.21,808.19,1601.40,809,794,0.00,0.00,0,0
1544348656,3007-eth1,24013.99,7636.36,31650.35,7644,24038,306.69,77.92,384.62,78,307,0.00,0.00,0,0
1544348656,2008-eth1,1010569.44,651318.69,1661888.12,651970,1011580,473.53,224.78,698.30,225,474,0.00,0.00,0,0
1544348656,2002-eth2,530889.12,5994.01,536883.12,6000,531420,221.78,90.91,312.69,91,222,0.00,0.00,0,0
1544348656,2003-eth1,683868.12,859202.81,1543071.00,860062,684552,235.76,481.52,717.28,482,236,0.00,0.00,0,0
1544348656,3008-eth4,1206076.00,709846.19,1915922.12,710556,1207282,608.39,629.37,1237.76,630,609,0.00,0.00,0,0
1544348656,1004-eth4,3916.08,59.94,3976.02,60,3920,39.96,1.00,40.96,1,40,0.00,0.00,0,0
1544348656,3006-eth1,877704.31,391650.38,1269354.62,392042,878582,714.29,172.83,887.11,173,715,0.00,0.00,0,0
1544348656,1004-eth3,878501.50,5934.07,884435.56,5940,879380,745.25,89.91,835.16,90,746,0.00,0.00,0,0
1544348656,1002-eth2,23968.03,10153.85,34121.88,10164,23992,315.68,153.85,469.53,154,316,0.00,0.00,0,0
1544348656,3004-eth3,23968.03,693364.62,717332.69,694058,23992,315.68,332.67,648.35,333,316,0.00,0.00,0,0
1544348656,2003-eth3,859142.88,26109.89,885252.75,26136,860002,480.52,395.60,876.12,396,481,0.00,0.00,0,0
1544348656,2005-eth1,868109.94,683928.06,1552038.00,684612,868978,616.38,236.76,853.15,237,617,0.00,0.00,0,0
1544348656,3002-eth3,27850.15,1212517.50,1240367.62,1213730,27878,373.63,372.63,746.25,373,374,0.00,0.00,0,0
1544348656,3006-eth3,27330.67,869624.38,896955.06,870494,27358,366.63,394.61,761.24,395,367,0.00,0.00,0,0
1544348656,2001-eth1,1958.04,59.94,2017.98,60,1960,19.98,1.00,20.98,1,20,0.00,0.00,0,0
1544348656,3005-eth2,18923.08,1218687.38,1237610.38,1219906,18942,286.71,536.46,823.18,537,287,0.00,0.00,0,0
1544348656,2001-eth2,9692.31,21902.10,31594.41,21924,9702,98.90,273.73,372.63,274,99,0.00,0.00,0,0
1544348656,3007-eth2,1193087.00,681278.75,1874365.62,681960,1194280,411.59,659.34,1070.93,660,412,0.00,0.00,0,0
1544348656,1001-eth1,59.94,1958.04,2017.98,1960,60,1.00,19.98,20.98,20,1,0.00,0.00,0,0
1544348656,3007-eth4,23308.69,730483.56,753792.25,731214,23332,305.69,346.65,652.35,347,306,0.00,0.00,0,0
1544348656,2003-eth2,10153.85,23968.03,34121.88,23992,10164,153.85,315.68,469.53,316,154,0.00,0.00,0,0
1544348656,3007-eth3,1224056.00,1222287.75,2446343.75,1223510,1225280,771.23,810.19,1581.42,811,772,0.00,0.00,0,0
1544348656,1002-eth1,21902.10,9692.31,31594.41,9702,21924,273.73,98.90,372.63,99,274,0.00,0.00,0,0
1544348656,2002-eth3,1762.24,528931.06,530693.31,529460,1764,17.98,201.80,219.78,202,18,0.00,0.00,0,0
1544348656,2007-eth2,15566.43,15560.44,31126.87,15576,15582,158.84,187.81,346.65,188,159,0.00,0.00,0,0
1544348656,total,40295068.00,40897708.00,81192776.00,40938604,40335362,28111.89,28410.59,56522.48,28439,28140,0.00,0.00,0,0
1544348657,3003-eth3,1221884.12,1222155.88,2444040.00,1223378,1223106,760.24,808.19,1568.43,809,761,0.00,0.00,0,0
1544348657,2002-eth1,306425.59,3916.08,310341.66,3920,306732,105.89,39.96,145.85,40,106,0.00,0.00,0,0
1544348657,lo,73240.76,73240.76,146481.52,73314,73314,309.69,309.69,619.38,310,310,0.00,0.00,0,0
1544348657,3005-eth3,1218687.38,392087.94,1610775.25,392480,1219906,536.46,527.47,1063.94,528,537,0.00,0.00,0,0
1544348657,2005-eth3,677950.06,386105.91,1064056.00,386492,678628,233.77,436.56,670.33,437,234,0.00,0.00,0,0
1544348657,3004-eth4,1212193.88,905208.81,2117402.75,906114,1213406,657.34,696.30,1353.65,697,658,0.00,0.00,0,0
1544348657,1004-eth2,544727.31,911082.94,1455810.25,911994,545272,187.81,756.24,944.06,757,188,0.00,0.00,0,0
1544348657,2004-eth4,1196046.00,915058.94,2111105.00,915974,1197242,412.59,797.20,1209.79,798,413,0.00,0.00,0,0
1544348657,1001-eth2,892087.94,678010.00,1570098.00,678688,892980,497.50,234.77,732.27,235,498,0.00,0.00,0,0
1544348657,1003-eth3,1224143.88,1196046.00,2420190.00,1197242,1225368,531.47,412.59,944.06,413,532,0.00,0.00,0,0
1544348657,2002-eth4,7820.18,308383.62,316203.81,308692,7828,108.89,125.87,234.77,126,109,0.00,0.00,0,0
1544348657,1001-eth4,23056.94,12791.21,35848.15,12804,23080,339.66,193.81,533.47,194,340,0.00,0.00,0,0
1544348657,3001-eth2,546745.25,2017.98,548763.25,2020,547292,208.79,20.98,229.77,21,209,0.00,0.00,0,0
1544348657,1004-eth1,5802.20,548643.38,554445.56,549192,5808,87.91,227.77,315.68,228,88,0.00,0.00,0,0
1544348657,3005-eth4,1221104.88,653972.06,1875077.00,654626,1222326,618.38,616.38,1234.77,617,619,0.00,0.00,0,0
1544348657,1003-eth2,1196046.00,687784.25,1883830.25,688472,1197242,412.59,275.72,688.31,276,413,0.00,0.00,0,0
1544348657,3008-eth1,9692.31,37252.75,46945.05,37290,9702,98.90,516.48,615.38,517,99,0.00,0.00,0,0
1544348657,1002-eth3,3818.18,30033.97,33852.15,30064,3822,38.96,407.59,446.55,408,39,0.00,0.00,0,0
1544348657,2006-eth1,1196046.00,1224143.88,2420190.00,1225368,1197242,412.59,531.47,944.06,532,413,0.00,0.00,0,0
1544348657,3003-eth1,26109.89,892147.88,918257.75,893040,26136,395.60,498.50,894.11,499,396,0.00,0.00,0,0
1544348657,2001-eth3,17756.24,7832.17,25588.41,7840,17774,230.77,79.92,310.69,80,231,0.00,0.00,0,0
1544348657,2008-eth2,0.00,3916.08,3916.08,3920,0,0.00,39.96,39.96,40,0,0.00,0.00,0,0
1544348657,2008-eth3,713234.81,1196105.88,1909340.75,1197302,713948,661.34,413.59,1074.93,414,662,0.00,0.00,0,0
1544348657,1001-eth3,677950.06,900395.62,1578345.75,901296,678628,233.77,623.38,857.14,624,234,0.00,0.00,0,0
1544348657,2007-eth4,37252.75,9692.31,46945.05,9702,37290,516.48,98.90,615.38,99,517,0.00,0.00,0,0
1544348657,2004-eth2,911082.94,544727.31,1455810.25,545272,911994,756.24,187.81,944.06,188,757,0.00,0.00,0,0
1544348657,3002-eth1,7734.27,7734.27,15468.53,7742,7742,78.92,78.92,157.84,79,79,0.00,0.00,0,0
1544348657,3004-eth1,678010.00,39916.09,717926.06,39956,678688,234.77,556.44,791.21,557,235,0.00,0.00,0,0
1544348657,2006-eth3,1221184.88,18917.08,1240101.88,18936,1222406,530.47,286.71,817.18,287,531,0.00,0.00,0,0
1544348657,3004-eth2,915058.94,1196046.00,2111105.00,1197242,915974,797.20,412.59,1209.79,413,798,0.00,0.00,0,0
1544348657,3001-eth3,1220929.12,571100.94,1792030.00,571672,1222150,570.43,587.41,1157.84,588,571,0.00,0.00,0,0
1544348657,2003-eth4,39916.09,678010.00,717926.06,678688,39956,556.44,234.77,791.21,235,557,0.00,0.00,0,0
1544348657,2008-eth4,1196046.00,1091846.12,2287892.25,1092938,1197242,412.59,872.13,1284.72,873,413,0.00,0.00,0,0
1544348657,3008-eth3,16195.80,379812.19,396008.00,380192,16212,197.80,227.77,425.57,228,198,0.00,0.00,0,0
1544348657,2005-eth2,30033.97,3818.18,33852.15,3822,30064,407.59,38.96,446.55,39,408,0.00,0.00,0,0
1544348657,2006-eth4,924137.88,1196046.00,2120183.75,1197242,925062,954.05,412.59,1366.63,413,955,0.00,0.00,0,0
1544348657,3006-eth2,1196046.00,924137.88,2120183.75,925062,1197242,412.59,954.05,1366.63,955,413,0.00,0.00,0,0
1544348657,1003-eth4,683868.12,1066329.75,1750197.88,1067396,684552,235.76,485.51,721.28,486,236,0.00,0.00,0,0
1544348657,2006-eth2,5802.20,911082.94,916885.12,911994,5808,87.91,756.24,844.16,757,88,0.00,0.00,0,0
1544348657,3001-eth1,7832.17,17756.24,25588.41,17774,7840,79.92,230.77,310.69,231,80,0.00,0.00,0,0
1544348657,3008-eth2,1091846.12,1196046.00,2287892.25,1197242,1092938,872.13,412.59,1284.72,413,873,0.00,0.00,0,0
1544348657,2004-eth3,544727.31,683868.12,1228595.50,684552,545272,187.81,235.76,423.58,236,188,0.00,0.00,0,0
1544348657,3001-eth4,36065.93,1217672.38,1253738.25,1218890,36102,498.50,516.48,1014.99,517,499,0.00,0.00,0,0
1544348657,1003-eth1,3916.08,306425.59,310341.66,306732,3920,39.96,105.89,145.85,106,40,0.00,0.00,0,0
1544348657,3002-eth2,308383.62,7820.18,316203.81,7828,308692,125.87,108.89,234.77,109,126,0.00,0.00,0,0
1544348657,2005-eth4,369424.59,909990.06,1279414.62,910900,369794,164.84,721.28,886.11,722,165,0.00,0.00,0,0
1544348657,3003-eth2,683868.12,544727.31,1228595.50,545272,684552,235.76,187.81,423.58,188,236,0.00,0.00,0,0
1544348657,2007-eth1,12791.21,23056.94,35848.15,23080,12804,193.81,339.66,533.47,340,194,0.00,0.00,0,0
1544348657,1002-eth4,16153.85,15566.43,31720.28,15582,16170,196.80,158.84,355.64,159,197,0.00,0.00,0,0
1544348657,3002-eth4,1208571.50,324401.59,1532973.12,324726,1209780,361.64,378.62,740.26,379,362,0.00,0.00,0,0
1544348657,2007-eth3,7832.17,24599.40,32431.57,24624,7840,79.92,314.69,394.61,315,80,0.00,0.00,0,0
1544348657,3005-eth1,386105.91,677950.06,1064056.00,678628,386492,436.56,233.77,670.33,234,437,0.00,0.00,0,0
1544348657,2001-eth4,7734.27,7734.27,15468.53,7742,7742,78.92,78.92,157.84,79,79,0.00,0.00,0,0
1544348657,3003-eth4,1208879.12,709888.12,1918767.25,710598,1210088,607.39,630.37,1237.76,631,608,0.00,0.00,0,0
1544348657,2004-eth1,687784.25,1196046.00,1883830.25,1197242,688472,275.72,412.59,688.31,413,276,0.00,0.00,0,0
1544348657,3006-eth4,1221100.88,1222090.00,2443191.00,1223312,1222322,792.21,807.19,1599.40,808,793,0.00,0.00,0,0
1544348657,3007-eth1,24599.40,7832.17,32431.57,7840,24624,314.69,79.92,394.61,80,315,0.00,0.00,0,0
1544348657,2008-eth1,1066329.75,683868.12,1750197.88,684552,1067396,485.51,235.76,721.28,236,486,0.00,0.00,0,0
1544348657,2002-eth2,548643.38,5802.20,554445.56,5808,549192,227.77,87.91,315.68,88,228,0.00,0.00,0,0
1544348657,2003-eth1,678010.00,892087.94,1570098.00,892980,678688,234.77,497.50,732.27,498,235,0.00,0.00,0,0
1544348657,3008-eth4,1209142.88,735072.94,1944215.88,735808,1210352,611.39,639.36,1250.75,640,612,0.00,0.00,0,0
1544348657,1004-eth4,3916.08,0.00,3916.08,0,3920,39.96,0.00,39.96,0,40,0.00,0.00,0,0
1544348657,3006-eth1,909990.06,369424.59,1279414.62,369794,910900,721.28,164.84,886.11,165,722,0.00,0.00,0,0
1544348657,1004-eth3,911082.94,5802.20,916885.12,5808,911994,756.24,87.91,844.16,88,757,0.00,0.00,0,0
1544348657,1002-eth2,23768.23,10081.92,33850.15,10092,23792,311.69,152.85,464.54,153,312,0.00,0.00,0,0
1544348657,3004-eth3,23828.17,687740.25,711568.44,688428,23852,312.69,333.67,646.35,334,313,0.00,0.00,0,0
1544348657,2003-eth3,892147.88,26109.89,918257.75,26136,893040,498.50,395.60,894.11,396,499,0.00,0.00,0,0
1544348657,2005-eth1,900395.62,677950.06,1578345.75,678628,901296,623.38,233.77,857.14,234,624,0.00,0.00,0,0
1544348657,3002-eth3,27626.38,1212419.62,1240046.00,1213632,27654,370.63,371.63,742.26,372,371,0.00,0.00,0,0
1544348657,3006-eth3,27626.38,896255.75,923882.12,897152,27654,370.63,403.60,774.23,404,371,0.00,0.00,0,0
1544348657,2001-eth1,1958.04,0.00,1958.04,0,1960,19.98,0.00,19.98,0,20,0.00,0.00,0,0
1544348657,3005-eth2,18917.08,1221184.88,1240101.88,1222406,18936,286.71,530.47,817.18,531,287,0.00,0.00,0,0
1544348657,2001-eth2,9790.21,21672.33,31462.54,21694,9800,99.90,270.73,370.63,271,100,0.00,0.00,0,0
1544348657,3007-eth2,1196105.88,713234.81,1909340.75,713948,1197302,413.59,661.34,1074.93,662,414,0.00,0.00,0,0
1544348657,1001-eth1,0.00,1958.04,1958.04,1960,0,0.00,19.98,19.98,20,0,0.00,0.00,0,0
1544348657,3007-eth4,23168.83,730679.31,753848.19,731410,23192,302.70,348.65,651.35,349,303,0.00,0.00,0,0
1544348657,2003-eth2,10081.92,23768.23,33850.15,23792,10092,152.85,311.69,464.54,312,153,0.00,0.00,0,0
1544348657,3007-eth3,1223396.62,1219172.88,2442569.50,1220392,1224620,761.24,807.19,1568.43,808,762,0.00,0.00,0,0
1544348657,1002-eth1,21672.33,9790.21,31462.54,9800,21694,270.73,99.90,370.63,100,271,0.00,0.00,0,0
1544348657,2002-eth3,2017.98,546745.25,548763.25,547292,2020,20.98,208.79,229.77,209,21,0.00,0.00,0,0
1544348657,2007-eth2,15566.43,16153.85,31720.28,16170,15582,158.84,196.80,355.64,197,159,0.00,0.00,0,0
1544348657,total,40868668.00,41627996.00,82496664.00,41669624,40909536,28424.58,28795.21,57219.78,28824,28453,0.00,0.00,0,0
1544348658,3003-eth3,1222143.88,1223914.12,2446058.00,1225138,1223366,742.26,818.18,1560.44,819,743,0.00,0.00,0,0
1544348658,2002-eth1,368625.38,3976.02,372601.41,3980,368994,127.87,40.96,168.83,41,128,0.00,0.00,0,0
1544348658,lo,8707.29,8707.29,17414.59,8716,8716,84.92,84.92,169.83,85,85,0.00,0.00,0,0
1544348658,3005-eth3,1224407.62,390641.38,1615049.00,391032,1225632,535.46,527.47,1062.94,528,536,0.00,0.00,0,0
1544348658,2005-eth3,709052.94,384137.88,1093190.88,384522,709762,244.76,428.57,673.33,429,245,0.00,0.00,0,0
1544348658,3004-eth4,1216703.38,690917.12,1907620.38,691608,1217920,661.34,671.33,1332.67,672,662,0.00,0.00,0,0
1544348658,1004-eth2,520195.81,696595.44,1216791.25,697292,520716,188.81,729.27,918.08,730,189,0.00,0.00,0,0
1544348658,2004-eth4,1196046.00,700511.50,1896557.50,701212,1197242,412.59,769.23,1181.82,770,413,0.00,0.00,0,0
1544348658,1001-eth2,677644.38,709052.94,1386697.38,709762,678322,462.54,244.76,707.29,245,463,0.00,0.00,0,0
1544348658,1003-eth3,1220717.38,1196046.00,2416763.25,1197242,1221938,523.48,412.59,936.06,413,524,0.00,0.00,0,0
1544348658,2002-eth4,8353.65,370523.50,378877.12,370894,8362,116.88,146.85,263.74,147,117,0.00,0.00,0,0
1544348658,1001-eth4,23056.94,12903.10,35960.04,12916,23080,339.66,187.81,527.47,188,340,0.00,0.00,0,0
1544348658,3001-eth2,522093.91,1958.04,524051.97,1960,522616,207.79,19.98,227.77,20,208,0.00,0.00,0,0
1544348658,1004-eth1,6395.60,524111.91,530507.50,524636,6402,96.90,228.77,325.67,229,97,0.00,0.00,0,0
1544348658,3005-eth4,1220691.38,646655.38,1867346.75,647302,1221912,611.39,614.39,1225.77,615,612,0.00,0.00,0,0
1544348658,1003-eth2,1196105.88,652737.25,1848843.25,653390,1197302,413.59,270.73,684.32,271,414,0.00,0.00,0,0
1544348658,3008-eth1,9594.41,36363.64,45958.04,36400,9604,97.90,503.50,601.40,504,98,0.00,0.00,0,0
1544348658,1002-eth3,3976.02,29768.23,33744.26,29798,3980,40.96,402.60,443.56,403,41,0.00,0.00,0,0
1544348658,2006-eth1,1196046.00,1220717.38,2416763.25,1221938,1197242,412.59,523.48,936.06,524,413,0.00,0.00,0,0
1544348658,3003-eth1,33846.16,677644.38,711490.50,678322,33880,408.59,462.54,871.13,463,409,0.00,0.00,0,0
1544348658,2001-eth3,20927.07,7892.11,28819.18,7900,20948,238.76,80.92,319.68,81,239,0.00,0.00,0,0
1544348658,2008-eth2,0.00,3780.22,3780.22,3784,0,0.00,38.96,38.96,39,0,0.00,0.00,0,0
1544348658,2008-eth3,678915.12,1196046.00,1874961.12,1197242,679594,668.33,412.59,1080.92,413,669,0.00,0.00,0,0
1544348658,1001-eth3,709052.94,685840.19,1394893.12,686526,709762,244.76,594.41,839.16,595,245,0.00,0.00,0,0
1544348658,2007-eth4,36363.64,9594.41,45958.04,9604,36400,503.50,97.90,601.40,98,504,0.00,0.00,0,0
1544348658,2004-eth2,696595.44,520195.81,1216791.25,520716,697292,729.27,188.81,918.08,189,730,0.00,0.00,0,0
1544348658,3002-eth1,7832.17,7892.11,15724.28,7900,7840,79.92,80.92,160.84,81,80,0.00,0.00,0,0
1544348658,3004-eth1,709052.94,44653.35,753706.31,44698,709762,244.76,564.44,809.19,565,245,0.00,0.00,0,0
1544348658,2006-eth3,1220657.38,19714.29,1240371.62,19734,1221878,522.48,298.70,821.18,299,523,0.00,0.00,0,0
1544348658,3004-eth2,700511.50,1196046.00,1896557.50,1197242,701212,769.23,412.59,1181.82,413,770,0.00,0.00,0,0
1544348658,3001-eth3,1221490.50,546509.50,1768000.00,547056,1222712,572.43,587.41,1159.84,588,573,0.00,0.00,0,0
1544348658,2003-eth4,44653.35,709052.94,753706.31,709762,44698,564.44,244.76,809.19,245,565,0.00,0.00,0,0
1544348658,2008-eth4,1196046.00,1129592.50,2325638.50,1130722,1197242,412.59,896.10,1308.69,897,413,0.00,0.00,0,0
1544348658,3008-eth3,15264.74,345610.41,360875.12,345956,15280,183.82,213.79,397.60,214,184,0.00,0.00,0,0
1544348658,2005-eth2,29768.23,3976.02,33744.26,3980,29798,402.60,40.96,443.56,41,403,0.00,0.00,0,0
1544348658,2006-eth4,710109.94,1196046.00,1906155.88,1197242,710820,933.07,412.59,1345.65,413,934,0.00,0.00,0,0
1544348658,3006-eth2,1196046.00,710109.94,1906155.88,710820,1197242,412.59,933.07,1345.65,934,413,0.00,0.00,0,0
1544348658,1003-eth4,648881.12,1103218.75,1752100.00,1104322,649530,231.77,496.50,728.27,497,232,0.00,0.00,0,0
1544348658,2006-eth2,6395.60,696851.19,703246.75,697548,6402,96.90,732.27,829.17,733,97,0.00,0.00,0,0
1544348658,3001-eth1,7892.11,20927.07,28819.18,20948,7900,80.92,238.76,319.68,239,81,0.00,0.00,0,0
1544348658,3008-eth2,1129592.50,1196046.00,2325638.50,1197242,1130722,896.10,412.59,1308.69,413,897,0.00,0.00,0,0
1544348658,2004-eth3,520135.88,648881.12,1169017.00,649530,520656,187.81,231.77,419.58,232,188,0.00,0.00,0,0
1544348658,3001-eth4,36223.78,1223590.50,1259814.25,1224814,36260,500.50,518.48,1018.98,519,501,0.00,0.00,0,0
1544348658,1003-eth1,3976.02,368625.38,372601.41,368994,3980,40.96,127.87,168.83,128,41,0.00,0.00,0,0
1544348658,3002-eth2,370523.50,8353.65,378877.12,8362,370894,146.85,116.88,263.74,117,147,0.00,0.00,0,0
1544348658,2005-eth4,368075.94,695630.38,1063706.38,696326,368444,165.83,694.31,860.14,695,166,0.00,0.00,0,0
1544348658,3003-eth2,648881.12,520135.88,1169017.00,520656,649530,231.77,187.81,419.58,188,232,0.00,0.00,0,0
1544348658,2007-eth1,12903.10,23056.94,35960.04,23080,12916,187.81,339.66,527.47,340,188,0.00,0.00,0,0
1544348658,1002-eth4,15460.54,15468.53,30929.07,15484,15476,185.81,157.84,343.66,158,186,0.00,0.00,0,0
1544348658,3002-eth4,1213594.50,386763.25,1600357.62,387150,1214808,371.63,402.60,774.23,403,372,0.00,0.00,0,0
1544348658,2007-eth3,7734.27,24357.64,32091.91,24382,7742,78.92,304.70,383.62,305,79,0.00,0.00,0,0
1544348658,3005-eth1,384137.88,709052.94,1093190.88,709762,384522,428.57,244.76,673.33,245,429,0.00,0.00,0,0
1544348658,2001-eth4,7892.11,7832.17,15724.28,7840,7900,80.92,79.92,160.84,80,81,0.00,0.00,0,0
1544348658,3003-eth4,1203039.00,674841.19,1877880.12,675516,1204242,599.40,625.37,1224.78,626,600,0.00,0.00,0,0
1544348658,2004-eth1,652737.25,1196105.88,1848843.25,1197302,653390,270.73,413.59,684.32,414,271,0.00,0.00,0,0
1544348658,3006-eth4,1223862.12,1222090.00,2445952.00,1223312,1225086,790.21,807.19,1597.40,808,791,0.00,0.00,0,0
1544348658,3007-eth1,24357.64,7734.27,32091.91,7742,24382,304.70,78.92,383.62,79,305,0.00,0.00,0,0
1544348658,2008-eth1,1103218.75,648881.12,1752100.00,649530,1104322,496.50,231.77,728.27,232,497,0.00,0.00,0,0
1544348658,2002-eth2,524111.91,6395.60,530507.50,6402,524636,228.77,96.90,325.67,97,229,0.00,0.00,0,0
1544348658,2003-eth1,709052.94,677644.38,1386697.38,678322,709762,244.76,462.54,707.29,463,245,0.00,0.00,0,0
1544348658,3008-eth4,1209406.62,770647.38,1980054.00,771418,1210616,615.38,652.35,1267.73,653,616,0.00,0.00,0,0
1544348658,1004-eth4,3780.22,0.00,3780.22,0,3784,38.96,0.00,38.96,0,39,0.00,0.00,0,0
1544348658,3006-eth1,695630.38,368075.94,1063706.38,368444,696326,694.31,165.83,860.14,166,695,0.00,0.00,0,0
1544348658,1004-eth3,696851.19,6395.60,703246.75,6402,697548,732.27,96.90,829.17,97,733,0.00,0.00,0,0
1544348658,1002-eth2,23902.10,13034.97,36937.06,13048,23926,314.69,157.84,472.53,158,315,0.00,0.00,0,0
1544348658,3004-eth3,23902.10,718647.38,742549.50,719366,23926,314.69,342.66,657.34,343,315,0.00,0.00,0,0
1544348658,2003-eth3,677644.38,33846.16,711490.50,33880,678322,462.54,408.59,871.13,409,463,0.00,0.00,0,0
1544348658,2005-eth1,685840.19,709052.94,1394893.12,709762,686526,594.41,244.76,839.16,245,595,0.00,0.00,0,0
1544348658,3002-eth3,27988.01,1212517.50,1240505.50,1213730,28016,375.62,372.63,748.25,373,376,0.00,0.00,0,0
1544348658,3006-eth3,28119.88,936431.62,964551.50,937368,28148,377.62,419.58,797.20,420,378,0.00,0.00,0,0
1544348658,2001-eth1,1958.04,0.00,1958.04,0,1960,19.98,0.00,19.98,0,20,0.00,0.00,0,0
1544348658,3005-eth2,19714.29,1220657.38,1240371.62,1221878,19734,298.70,522.48,821.18,523,299,0.00,0.00,0,0
1544348658,2001-eth2,9850.15,24783.22,34633.37,24808,9860,100.90,277.72,378.62,278,101,0.00,0.00,0,0
1544348658,3007-eth2,1196046.00,678915.12,1874961.12,679594,1197242,412.59,668.33,1080.92,669,413,0.00,0.00,0,0
1544348658,1001-eth1,0.00,1958.04,1958.04,1960,0,0.00,19.98,19.98,20,0,0.00,0.00,0,0
1544348658,3007-eth4,23628.37,751526.50,775154.88,752278,23652,307.69,358.64,666.33,359,308,0.00,0.00,0,0
1544348658,2003-eth2,13034.97,23902.10,36937.06,23926,13048,157.84,314.69,472.53,315,158,0.00,0.00,0,0
1544348658,3007-eth3,1221590.50,1223025.00,2444615.50,1224248,1222812,756.24,811.19,1567.43,812,757,0.00,0.00,0,0
1544348658,1002-eth1,24783.22,9850.15,34633.37,9860,24808,277.72,100.90,378.62,101,278,0.00,0.00,0,0
1544348658,2002-eth3,1958.04,522093.91,524051.97,522616,1960,19.98,207.79,227.77,208,20,0.00,0.00,0,0
1544348658,2007-eth2,15468.53,15460.54,30929.07,15476,15484,157.84,185.81,343.66,186,158,0.00,0.00,0,0
1544348658,total,39201468.00,39833740.00,79035208.00,39873572,39240668,28090.91,28518.48,56609.39,28547,28119,0.00,0.00,0,0
1544348659,3003-eth3,1223532.50,1219234.75,2442767.25,1220454,1224756,785.21,842.16,1627.37,843,786,0.00,0.00,0,0
1544348659,2002-eth1,312343.66,3916.08,316259.75,3920,312656,107.89,39.96,147.85,40,108,0.00,0.00,0,0
1544348659,lo,8475.52,8475.52,16951.05,8484,8484,82.92,82.92,165.83,83,83,0.00,0.00,0,0
1544348659,3005-eth3,1220891.12,362521.50,1583412.62,362884,1222112,526.47,517.48,1043.96,518,527,0.00,0.00,0,0
1544348659,2005-eth3,720229.56,356692.62,1076922.12,357406,721670,249.50,434.13,683.63,435,250,0.00,0.00,0,0
1544348659,3004-eth4,1216568.88,676501.00,1893069.88,677854,1219002,673.65,681.64,1355.29,683,675,0.00,0.00,0,0
1544348659,1004-eth2,324786.44,682369.25,1007155.69,683734,325436,169.66,741.52,911.18,743,170,0.00,0.00,0,0
1544348659,2004-eth4,1191896.25,686281.44,1878177.75,687654,1194280,411.18,781.44,1192.61,783,412,0.00,0.00,0,0
1544348659,1001-eth2,667716.56,720169.69,1387886.25,721610,669052,471.06,248.50,719.56,249,472,0.00,0.00,0,0
1544348659,1003-eth3,1220093.88,1191956.12,2412050.00,1194340,1222534,509.98,412.18,922.16,413,511,0.00,0.00,0,0
1544348659,2002-eth4,7225.55,313988.03,321213.59,314616,7240,99.80,127.74,227.54,128,100,0.00,0.00,0,0
1544348659,1001-eth4,22375.25,17227.54,39602.80,17262,22420,329.34,183.63,512.97,184,330,0.00,0.00,0,0
1544348659,3001-eth2,326644.72,1956.09,328600.81,1960,327298,188.62,19.96,208.58,20,189,0.00,0.00,0,0
1544348659,1004-eth1,5269.46,328600.81,333870.28,329258,5280,79.84,208.58,288.42,209,80,0.00,0.00,0,0
1544348659,3005-eth4,1217956.12,656233.56,1874189.62,657546,1220392,609.78,615.77,1225.55,617,611,0.00,0.00,0,0
1544348659,1003-eth2,1191896.25,402463.09,1594359.38,403268,1194280,411.18,232.53,643.71,233,412,0.00,0.00,0,0
1544348659,3008-eth1,9780.44,37115.77,46896.21,37190,9800,99.80,513.97,613.77,515,100,0.00,0.00,0,0
1544348659,1002-eth3,3912.18,30852.30,34764.47,30914,3920,39.92,419.16,459.08,420,40,0.00,0.00,0,0
1544348659,2006-eth1,1191956.12,1220093.88,2412050.00,1222534,1194340,412.18,509.98,922.16,511,413,0.00,0.00,0,0
1544348659,3003-eth1,40808.38,667716.56,708525.00,669052,40890,434.13,471.06,905.19,472,435,0.00,0.00,0,0
1544348659,2001-eth3,24053.89,7726.55,31780.44,7742,24102,252.50,78.84,331.34,79,253,0.00,0.00,0,0
1544348659,2008-eth2,0.00,3912.18,3912.18,3920,0,0.00,39.92,39.92,40,0,0.00,0.00,0,0
1544348659,2008-eth3,427762.50,1180071.88,1607834.38,1182432,428618,615.77,407.19,1022.95,408,617,0.00,0.00,0,0
1544348659,1001-eth3,720169.69,671027.94,1391197.62,672370,721610,248.50,598.80,847.31,600,249,0.00,0.00,0,0
1544348659,2007-eth4,37115.77,9780.44,46896.21,9800,37190,513.97,99.80,613.77,100,515,0.00,0.00,0,0
1544348659,2004-eth2,682369.25,324786.44,1007155.69,325436,683734,741.52,169.66,911.18,170,743,0.00,0.00,0,0
1544348659,3002-eth1,7824.35,7726.55,15550.90,7742,7840,79.84,78.84,158.68,79,80,0.00,0.00,0,0
1544348659,3004-eth1,720169.69,48455.09,768624.75,48552,721610,248.50,574.85,823.35,576,249,0.00,0.00,0,0
1544348659,2006-eth3,1220153.75,18508.98,1238662.75,18546,1222594,510.98,280.44,791.42,281,512,0.00,0.00,0,0
1544348659,3004-eth2,686281.44,1191896.25,1878177.75,1194280,687654,781.44,411.18,1192.61,412,783,0.00,0.00,0,0
1544348659,3001-eth3,1218543.00,351002.00,1569545.00,351704,1220980,572.85,566.87,1139.72,568,574,0.00,0.00,0,0
1544348659,2003-eth4,48455.09,720169.69,768624.75,721610,48552,574.85,248.50,823.35,249,576,0.00,0.00,0,0
1544348659,2008-eth4,1180071.88,1199143.75,2379215.75,1201542,1182432,407.19,893.21,1300.40,895,408,0.00,0.00,0,0
1544348659,3008-eth3,16696.61,432698.62,449395.22,433564,16730,204.59,245.51,450.10,246,205,0.00,0.00,0,0
1544348659,2005-eth2,30852.30,3912.18,34764.47,3920,30914,419.16,39.92,459.08,40,420,0.00,0.00,0,0
1544348659,2006-eth4,695570.88,1191956.12,1887527.00,1194340,696962,942.12,412.18,1354.29,413,944,0.00,0.00,0,0
1544348659,3006-eth2,1191956.12,695570.88,1887527.00,696962,1194340,412.18,942.12,1354.29,944,413,0.00,0.00,0,0
1544348659,1003-eth4,398491.03,1173850.38,1572341.38,1176198,399288,191.62,509.98,701.60,511,192,0.00,0.00,0,0
1544348659,2006-eth2,5329.34,682271.50,687600.81,683636,5340,80.84,740.52,821.36,742,81,0.00,0.00,0,0
1544348659,3001-eth1,7726.55,24053.89,31780.44,24102,7742,78.84,252.50,331.34,253,79,0.00,0.00,0,0
1544348659,3008-eth2,1199143.75,1180071.88,2379215.75,1182432,1201542,893.21,407.19,1300.40,408,895,0.00,0.00,0,0
1544348659,2004-eth3,324846.31,398491.03,723337.38,399288,325496,170.66,191.62,362.28,192,171,0.00,0.00,0,0
1544348659,3001-eth4,35996.01,1219217.62,1255213.62,1221656,36068,497.01,514.97,1011.98,516,498,0.00,0.00,0,0
1544348659,1003-eth1,3912.18,312031.94,315944.12,312656,3920,39.92,107.78,147.70,108,40,0.00,0.00,0,0
1544348659,3002-eth2,313988.03,7225.55,321213.59,7240,314616,127.74,99.80,227.54,100,128,0.00,0.00,0,0
1544348659,2005-eth4,339652.72,680808.38,1020461.12,682170,340332,156.69,698.60,855.29,700,157,0.00,0.00,0,0
1544348659,3003-eth2,398491.03,324846.31,723337.38,325496,399288,191.62,170.66,362.28,171,192,0.00,0.00,0,0
1544348659,2007-eth1,17227.54,22375.25,39602.80,22420,17262,183.63,329.34,512.97,330,184,0.00,0.00,0,0
1544348659,1002-eth4,16756.49,15708.58,32465.07,15740,16790,205.59,160.68,366.27,161,206,0.00,0.00,0,0
1544348659,3002-eth4,1211197.62,330079.84,1541277.50,330740,1213620,353.29,381.24,734.53,382,354,0.00,0.00,0,0
1544348659,2007-eth3,7816.55,28875.38,36691.93,28962,7840,79.76,302.09,381.85,303,80,0.00,0.00,0,0
1544348659,3005-eth1,356337.00,719511.50,1075848.50,721670,357406,433.70,249.25,682.95,250,435,0.00,0.00,0,0
1544348659,2001-eth4,7718.84,7816.55,15535.39,7840,7742,78.76,79.76,158.52,80,79,0.00,0.00,0,0
1544348659,3003-eth4,1193186.50,423690.94,1616877.38,424962,1196766,589.23,579.26,1168.49,581,591,0.00,0.00,0,0
1544348659,2004-eth1,402061.81,1190707.88,1592769.75,1194280,403268,232.30,410.77,643.07,412,233,0.00,0.00,0,0
1544348659,3006-eth4,1220829.50,1216831.50,2437661.00,1220482,1224492,779.66,806.58,1586.24,809,782,0.00,0.00,0,0
1544348659,3007-eth1,28875.38,7816.55,36691.93,7840,28962,302.09,79.76,381.85,80,303,0.00,0.00,0,0
1544348659,2008-eth1,1172680.00,398093.72,1570773.75,399288,1176198,509.47,191.43,700.90,192,511,0.00,0.00,0,0
1544348659,2002-eth2,328273.19,5264.21,333537.38,5280,329258,208.37,79.76,288.14,80,209,0.00,0.00,0,0
1544348659,2003-eth1,719451.62,667050.88,1386502.50,669052,721610,248.26,470.59,718.84,472,249,0.00,0.00,0,0
1544348659,3008-eth4,1192121.62,788033.88,1980155.50,790398,1195698,607.18,653.04,1260.22,655,609,0.00,0.00,0,0
1544348659,1004-eth4,3908.28,0.00,3908.28,0,3920,39.88,0.00,39.88,0,40,0.00,0.00,0,0
1544348659,3006-eth1,680129.62,339314.06,1019443.69,340332,682170,697.91,156.53,854.44,157,700,0.00,0.00,0,0
1544348659,1004-eth3,681591.25,5324.03,686915.25,5340,683636,739.78,80.76,820.54,81,742,0.00,0.00,0,0
1544348659,1002-eth2,23912.26,16213.36,40125.62,16262,23984,314.06,172.48,486.54,173,315,0.00,0.00,0,0
1544348659,3004-eth3,23894.32,729264.19,753158.50,731452,23966,314.06,348.95,663.01,350,315,0.00,0.00,0,0
1544348659,2003-eth3,667050.88,40767.70,707818.56,40890,669052,470.59,433.70,904.29,435,472,0.00,0.00,0,0
1544348659,2005-eth1,670358.94,719451.62,1389810.62,721610,672370,598.21,248.26,846.46,249,600,0.00,0.00,0,0
1544348659,3002-eth3,27702.89,1210099.75,1237802.62,1213730,27786,371.88,371.88,743.77,373,373,0.00,0.00,0,0
1544348659,3006-eth3,28618.15,983324.06,1011942.19,986274,28704,385.84,435.69,821.54,437,387,0.00,0.00,0,0
1544348659,2001-eth1,2013.96,0.00,2013.96,0,2020,20.94,0.00,20.94,0,21,0.00,0.00,0,0
1544348659,3005-eth2,18490.53,1218937.25,1237427.75,1222594,18546,280.16,510.47,790.63,512,281,0.00,0.00,0,0
1544348659,2001-eth2,9770.69,27998.01,37768.70,28082,9800,99.70,293.12,392.82,294,100,0.00,0.00,0,0
1544348659,3007-eth2,1178895.38,427336.00,1606231.38,428618,1182432,406.78,615.15,1021.93,617,408,0.00,0.00,0,0
1544348659,1001-eth1,0.00,2013.96,2013.96,2020,0,0.00,20.94,20.94,21,0,0.00,0.00,0,0
1544348659,3007-eth4,31419.74,496331.00,527750.75,497820,31514,330.01,340.98,670.99,342,331,0.00,0.00,0,0
1544348659,2003-eth2,16213.36,23912.26,40125.62,23984,16262,172.48,314.06,486.54,315,173,0.00,0.00,0,0
1544348659,3007-eth3,1218765.75,1217694.88,2436460.75,1221348,1222422,748.75,819.54,1568.30,822,751,0.00,0.00,0,0
1544348659,1002-eth1,27998.01,9770.69,37768.70,9800,28082,293.12,99.70,392.82,100,294,0.00,0.00,0,0
1544348659,2002-eth3,1954.14,326319.03,328273.19,327298,1960,19.94,188.43,208.37,189,20,0.00,0.00,0,0
1544348659,2007-eth2,15692.92,16739.78,32432.70,16790,15740,160.52,205.38,365.90,206,161,0.00,0.00,0,0
1544348659,total,37234912.00,37252716.00,74487624.00,37364474,37346614,27903.29,28275.17,56178.46,28360,27987,0.00,0.00,0,0
1544348660,3003-eth3,1217134.62,1206149.50,2423284.25,1209768,1220786,1029.91,955.13,1985.04,958,1033,0.00,0.00,0,0
1544348660,2002-eth1,387058.81,3908.28,390967.09,3920,388220,133.60,39.88,173.48,40,134,0.00,0.00,0,0
1544348660,lo,71423.73,71423.73,142847.45,71638,71638,292.12,292.12,584.25,293,293,0.00,0.00,0,0
1544348660,3005-eth3,1208945.12,343750.75,1552695.88,344782,1212572,512.46,505.48,1017.95,507,514,0.00,0.00,0,0
1544348660,2005-eth3,746029.94,337302.09,1083332.00,338314,748268,257.23,407.78,665.00,409,258,0.00,0.00,0,0
1544348660,3004-eth4,1202650.00,806097.69,2008747.75,808516,1206258,750.75,751.74,1502.49,754,753,0.00,0.00,0,0
1544348660,1004-eth2,487671.00,812019.94,1299690.88,814456,489134,214.36,812.56,1026.92,815,215,0.00,0.00,0,0
1544348660,2004-eth4,1184861.38,815868.38,2000729.88,818316,1188416,409.77,851.45,1261.22,854,411,0.00,0.00,0,0
1544348660,1001-eth2,804121.62,746029.94,1550151.50,748268,806534,616.15,257.23,873.38,258,618,0.00,0.00,0,0
1544348660,1003-eth3,1208113.62,1184801.62,2392915.25,1188356,1211738,499.50,408.77,908.28,410,501,0.00,0.00,0,0
1544348660,2002-eth4,8336.99,389012.97,397349.94,390180,8362,116.65,153.54,270.19,154,117,0.00,0.00,0,0
1544348660,1001-eth4,21722.83,23429.71,45152.54,23500,21788,320.04,249.25,569.29,250,321,0.00,0.00,0,0
1544348660,3001-eth2,489625.12,1954.14,491579.25,1960,491094,234.30,19.94,254.24,20,235,0.00,0.00,0,0
1544348660,1004-eth1,6442.67,491579.25,498021.94,493054,6462,97.71,254.24,351.94,255,98,0.00,0.00,0,0
1544348660,3005-eth4,1202684.00,642125.62,1844809.62,644052,1206292,592.22,608.18,1200.40,610,594,0.00,0.00,0,0
1544348660,1003-eth2,1184801.62,609511.50,1794313.12,611340,1188356,408.77,313.06,721.83,314,410,0.00,0.00,0,0
1544348660,3008-eth1,9635.09,34837.49,44472.58,34942,9664,98.70,480.56,579.26,482,99,0.00,0.00,0,0
1544348660,1002-eth3,3908.28,29445.66,33353.94,29534,3920,39.88,397.81,437.69,399,40,0.00,0.00,0,0
1544348660,2006-eth1,1184801.62,1208113.62,2392915.25,1211738,1188356,408.77,499.50,908.28,501,410,0.00,0.00,0,0
1544348660,3003-eth1,52482.55,804061.81,856544.38,806474,52640,558.33,615.15,1173.48,617,560,0.00,0.00,0,0
1544348660,2001-eth3,27310.07,7816.55,35126.62,7840,27392,287.14,79.76,366.90,80,288,0.00,0.00,0,0
1544348660,2008-eth2,59.82,3908.28,3968.10,3920,60,1.00,39.88,40.88,40,1,0.00,0.00,0,0
1544348660,2008-eth3,635036.88,1156713.88,1791750.75,1160184,636942,699.90,398.80,1098.70,400,702,0.00,0.00,0,0
1544348660,1001-eth3,746089.75,800438.69,1546528.38,802840,748328,258.23,666.00,924.23,668,259,0.00,0.00,0,0
1544348660,2007-eth4,34837.49,9635.09,44472.58,9664,34942,480.56,98.70,579.26,99,482,0.00,0.00,0,0
1544348660,2004-eth2,812019.94,487671.00,1299690.88,489134,814456,812.56,214.36,1026.92,215,815,0.00,0.00,0,0
1544348660,3002-eth1,7718.84,7718.84,15437.69,7742,7742,78.76,78.76,157.53,79,79,0.00,0.00,0,0
1544348660,3004-eth1,746029.94,57038.88,803068.81,57210,748268,257.23,667.00,924.23,669,258,0.00,0.00,0,0
1544348660,2006-eth3,1208113.62,19411.77,1227525.38,19470,1211738,499.50,294.12,793.62,295,501,0.00,0.00,0,0
1544348660,3004-eth2,815868.38,1184861.38,2000729.88,1188416,818316,851.45,409.77,1261.22,411,854,0.00,0.00,0,0
1544348660,3001-eth3,1209264.25,513597.22,1722861.38,515138,1212892,608.18,607.18,1215.35,609,610,0.00,0.00,0,0
1544348660,2003-eth4,57038.88,746029.94,803068.81,748268,57210,667.00,257.23,924.23,258,669,0.00,0.00,0,0
1544348660,2008-eth4,1156773.62,1196498.50,2353272.25,1200088,1160244,399.80,892.32,1292.12,895,401,0.00,0.00,0,0
1544348660,3008-eth3,15030.91,373008.97,388039.88,374128,15076,180.46,223.33,403.79,224,181,0.00,0.00,0,0
1544348660,2005-eth2,29445.66,3908.28,33353.94,3920,29534,397.81,39.88,437.69,40,399,0.00,0.00,0,0
1544348660,2006-eth4,824989.06,1184801.62,2009790.62,1188356,827464,1008.97,408.77,1417.75,410,1012,0.00,0.00,0,0
1544348660,3006-eth2,1184801.62,824989.06,2009790.62,827464,1188356,408.77,1008.97,1417.75,1012,410,0.00,0.00,0,0
1544348660,1003-eth4,605603.19,1171032.88,1776636.12,1174546,607420,273.18,506.48,779.66,508,274,0.00,0.00,0,0
1544348660,2006-eth2,6382.85,811960.12,818343.00,814396,6402,96.71,811.57,908.28,814,97,0.00,0.00,0,0
1544348660,3001-eth1,7816.55,27310.07,35126.62,27392,7840,79.76,287.14,366.90,288,80,0.00,0.00,0,0
1544348660,3008-eth2,1196498.50,1156773.62,2353272.25,1160244,1200088,892.32,399.80,1292.12,401,895,0.00,0.00,0,0
1544348660,2004-eth3,487671.00,605603.19,1093274.12,607420,489134,214.36,273.18,487.54,274,215,0.00,0.00,0,0
1544348660,3001-eth4,35696.91,1209338.00,1245034.88,1212966,35804,492.52,513.46,1005.98,515,494,0.00,0.00,0,0
1544348660,1003-eth1,3908.28,387058.81,390967.09,388220,3920,39.88,133.60,173.48,134,40,0.00,0.00,0,0
1544348660,3002-eth2,389012.97,8336.99,397349.94,8362,390180,153.54,116.65,270.19,117,154,0.00,0.00,0,0
1544348660,2005-eth4,321535.41,810209.38,1131744.75,812640,322500,149.55,765.70,915.25,768,150,0.00,0.00,0,0
1544348660,3003-eth2,605603.19,487671.00,1093274.12,489134,607420,273.18,214.36,487.54,215,274,0.00,0.00,0,0
1544348660,2007-eth1,23429.71,21722.83,45152.54,21788,23500,249.25,320.04,569.29,321,250,0.00,0.00,0,0
1544348660,1002-eth4,15166.50,15535.39,30701.89,15582,15212,181.46,158.52,339.98,159,182,0.00,0.00,0,0
1544348660,3002-eth4,1197912.25,404891.34,1602803.62,406106,1201506,366.90,403.79,770.69,405,368,0.00,0.00,0,0
1544348660,2007-eth3,7794.21,35126.88,42921.08,35162,7802,79.92,368.63,448.55,369,80,0.00,0.00,0,0
1544348660,3005-eth1,337976.03,747520.50,1085496.50,748268,338314,408.59,257.74,666.33,258,409,0.00,0.00,0,0
1544348660,2001-eth4,7734.27,7734.27,15468.53,7742,7742,78.92,78.92,157.84,79,79,0.00,0.00,0,0
1544348660,3003-eth4,1179448.62,632000.00,1811448.62,632632,1180628,647.35,655.34,1302.70,656,648,0.00,0.00,0,0
1544348660,2004-eth1,610729.31,1187168.88,1797898.12,1188356,611340,313.69,409.59,723.28,410,314,0.00,0.00,0,0
1544348660,3006-eth4,1209057.00,1213015.00,2422072.00,1214228,1210266,763.24,801.20,1564.44,802,764,0.00,0.00,0,0
1544348660,3007-eth1,35126.88,7794.21,42921.08,7802,35162,368.63,79.92,448.55,80,369,0.00,0.00,0,0
1544348660,2008-eth1,1173372.62,606813.19,1780185.88,607420,1174546,507.49,273.73,781.22,274,508,0.00,0.00,0,0
1544348660,2002-eth2,492561.44,6455.54,499017.00,6462,493054,254.75,97.90,352.65,98,255,0.00,0.00,0,0
1544348660,2003-eth1,747520.50,805728.31,1553248.75,806534,748268,257.74,617.38,875.12,618,258,0.00,0.00,0,0
1544348660,3008-eth4,1172139.88,818671.38,1990811.25,819490,1173312,598.40,656.34,1254.75,657,599,0.00,0.00,0,0
1544348660,1004-eth4,3916.08,59.94,3976.02,60,3920,39.96,1.00,40.96,1,40,0.00,0.00,0,0
1544348660,3006-eth1,811828.19,322177.84,1134006.00,322500,812640,767.23,149.85,917.08,150,768,0.00,0.00,0,0
1544348660,1004-eth3,813582.44,6395.60,819978.06,6402,814396,813.19,96.90,910.09,97,814,0.00,0.00,0,0
1544348660,1002-eth2,24097.90,19532.47,43630.37,19552,24122,316.68,207.79,524.48,208,317,0.00,0.00,0,0
1544348660,3004-eth3,24139.86,757352.69,781492.50,758110,24164,317.68,358.64,676.32,359,318,0.00,0.00,0,0
1544348660,2003-eth3,805668.38,52587.41,858255.75,52640,806474,616.38,559.44,1175.82,560,617,0.00,0.00,0,0
1544348660,2005-eth1,802038.00,747580.44,1549618.38,748328,802840,667.33,258.74,926.07,259,668,0.00,0.00,0,0
1544348660,3002-eth3,27620.38,1203608.38,1231228.75,1204812,27648,370.63,369.63,740.26,370,371,0.00,0.00,0,0
1544348660,3006-eth3,28911.09,1020797.25,1049708.38,1021818,28940,389.61,448.55,838.16,449,390,0.00,0.00,0,0
1544348660,2001-eth1,1860.14,59.94,1920.08,60,1862,18.98,1.00,19.98,1,19,0.00,0.00,0,0
1544348660,3005-eth2,19450.55,1210527.50,1229978.00,1211738,19470,294.71,500.50,795.20,501,295,0.00,0.00,0,0
1544348660,2001-eth2,9790.21,31182.82,40973.03,31214,9800,99.90,326.67,426.57,327,100,0.00,0.00,0,0
1544348660,3007-eth2,1159025.00,636305.69,1795330.75,636942,1160184,399.60,701.30,1100.90,702,400,0.00,0.00,0,0
1544348660,1001-eth1,59.94,1860.14,1920.08,1862,60,1.00,18.98,19.98,19,1,0.00,0.00,0,0
1544348660,3007-eth4,37112.89,683842.19,720955.06,684526,37150,390.61,406.59,797.20,407,391,0.00,0.00,0,0
1544348660,2003-eth2,19532.47,24097.90,43630.37,24122,19552,207.79,316.68,524.48,317,208,0.00,0.00,0,0
1544348660,3007-eth3,1216076.00,1209922.12,2425998.00,1211132,1217292,1001.00,941.06,1942.06,942,1002,0.00,0.00,0,0
1544348660,1002-eth1,31182.82,9790.21,40973.03,9800,31214,326.67,99.90,426.57,100,327,0.00,0.00,0,0
1544348660,2002-eth3,1958.04,490603.41,492561.44,491094,1960,19.98,234.77,254.75,235,20,0.00,0.00,0,0
1544348660,2007-eth2,15566.43,15196.80,30763.24,15212,15582,158.84,181.82,340.66,182,159,0.00,0.00,0,0
1544348660,total,39970120.00,40820884.00,80791000.00,40861706,40010088,30485.52,30679.32,61164.84,30710,30516,0.00,0.00,0,0
1544348661,3003-eth3,1228221.75,1223320.75,2451542.50,1224544,1229450,900.10,935.06,1835.16,936,901,0.00,0.00,0,0
1544348661,2002-eth1,226073.94,3916.08,229990.02,3920,226300,93.91,39.96,133.87,40,94,0.00,0.00,0,0
1544348661,lo,6957.04,6957.04,13914.09,6964,6964,67.93,67.93,135.86,68,68,0.00,0.00,0,0
1544348661,3005-eth3,1219800.25,337336.69,1557136.88,337674,1221020,509.49,508.49,1017.98,509,510,0.00,0.00,0,0
1544348661,2005-eth3,542369.62,339846.16,882215.81,340186,542912,239.76,444.56,684.32,445,240,0.00,0.00,0,0
1544348661,3004-eth4,1225114.88,702695.31,1927810.25,703398,1226340,740.26,718.28,1458.54,719,741,0.00,0.00,0,0
1544348661,1004-eth2,429926.09,708471.56,1138397.62,709180,430356,201.80,777.22,979.02,778,202,0.00,0.00,0,0
1544348661,2004-eth4,1193087.00,712447.56,1905534.50,713160,1194280,411.59,818.18,1229.77,819,412,0.00,0.00,0,0
1544348661,1001-eth2,701818.19,542429.56,1244247.75,542972,702520,591.41,240.76,832.17,241,592,0.00,0.00,0,0
1544348661,1003-eth3,1221704.38,1193087.00,2414791.25,1194280,1222926,494.51,411.59,906.09,412,495,0.00,0.00,0,0
1544348661,2002-eth4,7990.01,228091.92,236081.92,228320,7998,93.91,114.89,208.79,115,94,0.00,0.00,0,0
1544348661,1001-eth4,21738.26,25166.83,46905.10,25192,21760,319.68,267.73,587.41,268,320,0.00,0.00,0,0
1544348661,3001-eth2,431944.06,2017.98,433962.06,2020,432376,222.78,20.98,243.76,21,223,0.00,0.00,0,0
1544348661,1004-eth1,5972.03,433842.16,439814.19,434276,5978,72.93,241.76,314.69,242,73,0.00,0.00,0,0
1544348661,3005-eth4,1221370.62,730691.31,1952062.00,731422,1222592,599.40,650.35,1249.75,651,600,0.00,0.00,0,0
1544348661,1003-eth2,1193087.00,607770.25,1800857.25,608378,1194280,411.59,312.69,724.28,313,412,0.00,0.00,0,0
1544348661,3008-eth1,9594.41,39366.63,48961.04,39406,9604,97.90,510.49,608.39,511,98,0.00,0.00,0,0
1544348661,1002-eth3,3916.08,38609.39,42525.48,38648,3920,39.96,435.56,475.52,436,40,0.00,0.00,0,0
1544348661,2006-eth1,1193087.00,1221704.38,2414791.25,1222926,1194280,411.59,494.51,906.09,495,412,0.00,0.00,0,0
1544348661,3003-eth1,47988.01,701878.12,749866.12,702580,48036,529.47,592.41,1121.88,593,530,0.00,0.00,0,0
1544348661,2001-eth3,26793.21,7636.36,34429.57,7644,26820,281.72,77.92,359.64,78,282,0.00,0.00,0,0
1544348661,2008-eth2,0.00,3818.18,3818.18,3822,0,0.00,38.96,38.96,39,0,0.00,0.00,0,0
1544348661,2008-eth3,633188.81,1169474.50,1802663.38,1170644,633822,698.30,404.60,1102.90,405,699,0.00,0.00,0,0
1544348661,1001-eth3,542369.62,696431.56,1238801.25,697128,542912,239.76,623.38,863.14,624,240,0.00,0.00,0,0
1544348661,2007-eth4,39366.63,9594.41,48961.04,9604,39406,510.49,97.90,608.39,98,511,0.00,0.00,0,0
1544348661,2004-eth2,708471.56,429926.09,1138397.62,430356,709180,777.22,201.80,979.02,202,778,0.00,0.00,0,0
1544348661,3002-eth1,7892.11,7636.36,15528.47,7644,7900,80.92,77.92,158.84,78,81,0.00,0.00,0,0
1544348661,3004-eth1,542429.56,57606.39,600036.00,57664,542972,240.76,650.35,891.11,651,241,0.00,0.00,0,0
1544348661,2006-eth3,1221704.38,19284.71,1240989.00,19304,1222926,494.51,274.73,769.23,275,495,0.00,0.00,0,0
1544348661,3004-eth2,712447.56,1193087.00,1905534.50,1194280,713160,818.18,411.59,1229.77,412,819,0.00,0.00,0,0
1544348661,3001-eth3,1223516.50,456233.78,1679750.25,456690,1224740,613.39,600.40,1213.79,601,614,0.00,0.00,0,0
1544348661,2003-eth4,57606.39,542429.56,600036.00,542972,57664,650.35,240.76,891.11,241,651,0.00,0.00,0,0
1544348661,2008-eth4,1169414.62,1117690.38,2287105.00,1118808,1170584,403.60,891.11,1294.71,892,404,0.00,0.00,0,0
1544348661,3008-eth3,19586.41,276637.38,296223.78,276914,19606,210.79,220.78,431.57,221,211,0.00,0.00,0,0
1544348661,2005-eth2,38609.39,3916.08,42525.48,3920,38648,435.56,39.96,475.52,40,436,0.00,0.00,0,0
1544348661,2006-eth4,721822.19,1193087.00,1914909.12,1194280,722544,979.02,411.59,1390.61,412,980,0.00,0.00,0,0
1544348661,3006-eth2,1193087.00,721822.19,1914909.12,722544,1194280,411.59,979.02,1390.61,980,412,0.00,0.00,0,0
1544348661,1003-eth4,603854.19,1092173.88,1696028.00,1093266,604458,272.73,504.50,777.22,505,273,0.00,0.00,0,0
1544348661,2006-eth2,5972.03,708569.44,714541.50,709278,5978,72.93,778.22,851.15,779,73,0.00,0.00,0,0
1544348661,3001-eth1,7636.36,26793.21,34429.57,26820,7644,77.92,281.72,359.64,282,78,0.00,0.00,0,0
1544348661,3008-eth2,1117690.38,1169414.62,2287105.00,1170584,1118808,891.11,403.60,1294.71,404,892,0.00,0.00,0,0
1544348661,2004-eth3,429926.09,603854.19,1033780.25,604458,430356,201.80,272.73,474.53,273,202,0.00,0.00,0,0
1544348661,3001-eth4,35902.10,1220435.62,1256337.75,1221656,35938,496.50,515.48,1011.99,516,497,0.00,0.00,0,0
1544348661,1003-eth1,3916.08,226073.94,229990.02,226300,3920,39.96,93.91,133.87,94,40,0.00,0.00,0,0
1544348661,3002-eth2,228091.92,7990.01,236081.92,7998,228320,114.89,93.91,208.79,94,115,0.00,0.00,0,0
1544348661,2005-eth4,314747.25,706026.00,1020773.25,706732,315062,146.85,721.28,868.13,722,147,0.00,0.00,0,0
1544348661,3003-eth2,603854.19,429926.09,1033780.25,430356,604458,272.73,201.80,474.53,202,273,0.00,0.00,0,0
1544348661,2007-eth1,25166.83,21738.26,46905.10,21760,25192,267.73,319.68,587.41,320,268,0.00,0.00,0,0
1544348661,1002-eth4,19684.32,15468.53,35152.85,15484,19704,211.79,157.84,369.63,158,212,0.00,0.00,0,0
1544348661,3002-eth4,1213340.75,244139.86,1457480.50,244384,1214554,350.65,367.63,718.28,368,351,0.00,0.00,0,0
1544348661,2007-eth3,7832.17,36877.12,44709.29,36914,7840,79.92,387.61,467.53,388,80,0.00,0.00,0,0
1544348661,3005-eth1,339846.16,542369.62,882215.81,542912,340186,444.56,239.76,684.32,240,445,0.00,0.00,0,0
1544348661,2001-eth4,7636.36,7892.11,15528.47,7900,7644,77.92,80.92,158.84,81,78,0.00,0.00,0,0
1544348661,3003-eth4,1200593.50,629436.56,1830030.00,630066,1201794,674.33,660.34,1334.67,661,675,0.00,0.00,0,0
1544348661,2004-eth1,607770.25,1193087.00,1800857.25,1194280,608378,312.69,411.59,724.28,412,313,0.00,0.00,0,0
1544348661,3006-eth4,1223726.25,1222155.88,2445882.25,1223378,1224950,766.23,808.19,1574.43,809,767,0.00,0.00,0,0
1544348661,3007-eth1,36877.12,7832.17,44709.29,7840,36914,387.61,79.92,467.53,80,388,0.00,0.00,0,0
1544348661,2008-eth1,1092173.88,603854.19,1696028.00,604458,1093266,504.50,272.73,777.22,273,505,0.00,0.00,0,0
1544348661,2002-eth2,433842.16,5972.03,439814.19,5978,434276,241.76,72.93,314.69,73,242,0.00,0.00,0,0
1544348661,2003-eth1,542429.56,701818.19,1244247.75,702520,542972,240.76,591.41,832.17,592,241,0.00,0.00,0,0
1544348661,3008-eth4,1182667.38,836557.44,2019224.88,837394,1183850,604.40,664.34,1268.73,665,605,0.00,0.00,0,0
1544348661,1004-eth4,3818.18,0.00,3818.18,0,3822,38.96,0.00,38.96,0,39,0.00,0.00,0,0
1544348661,3006-eth1,706026.00,314747.25,1020773.25,315062,706732,721.28,146.85,868.13,147,722,0.00,0.00,0,0
1544348661,1004-eth3,708569.44,5972.03,714541.50,5978,709278,778.22,72.93,851.15,73,779,0.00,0.00,0,0
1544348661,1002-eth2,28715.29,19216.78,47932.07,19236,28744,323.68,204.80,528.47,205,324,0.00,0.00,0,0
1544348661,3004-eth3,28775.22,552061.94,580837.19,552614,28804,324.68,338.66,663.34,339,325,0.00,0.00,0,0
1544348661,2003-eth3,701878.12,47988.01,749866.12,48036,702580,592.41,529.47,1121.88,530,593,0.00,0.00,0,0
1544348661,2005-eth1,696431.56,542369.62,1238801.25,542912,697128,623.38,239.76,863.14,240,624,0.00,0.00,0,0
1544348661,3002-eth3,27660.34,1212517.50,1240177.88,1213730,27688,371.63,372.63,744.26,373,372,0.00,0.00,0,0
1544348661,3006-eth3,29372.63,1069458.62,1098831.25,1070528,29402,396.60,463.54,860.14,464,397,0.00,0.00,0,0
1544348661,2001-eth1,1958.04,0.00,1958.04,0,1960,19.98,0.00,19.98,0,20,0.00,0.00,0,0
1544348661,3005-eth2,19284.71,1221704.38,1240989.00,1222926,19304,274.73,494.51,769.23,495,275,0.00,0.00,0,0
1544348661,2001-eth2,9692.31,30611.39,40303.70,30642,9702,98.90,320.68,419.58,321,99,0.00,0.00,0,0
1544348661,3007-eth2,1169474.50,633188.81,1802663.38,633822,1170644,404.60,698.30,1102.90,699,405,0.00,0.00,0,0
1544348661,1001-eth1,0.00,1958.04,1958.04,1960,0,0.00,19.98,19.98,20,0,0.00,0.00,0,0
1544348661,3007-eth4,36801.20,649746.25,686547.50,650396,36838,387.61,393.61,781.22,394,388,0.00,0.00,0,0
1544348661,2003-eth2,19216.78,28715.29,47932.07,28744,19236,204.80,323.68,528.47,324,205,0.00,0.00,0,0
1544348661,3007-eth3,1231708.38,1221532.50,2453240.75,1222754,1232940,909.09,958.04,1867.13,959,910,0.00,0.00,0,0
1544348661,1002-eth1,30611.39,9692.31,40303.70,9702,30642,320.68,98.90,419.58,99,321,0.00,0.00,0,0
1544348661,2002-eth3,2017.98,431944.06,433962.06,432376,2020,20.98,222.78,243.76,223,21,0.00,0.00,0,0
1544348661,2007-eth2,15468.53,19684.32,35152.85,19704,15484,157.84,211.79,369.63,212,158,0.00,0.00,0,0
1544348661,total,37742724.00,37979524.00,75722248.00,38017502,37780466,29618.38,29939.06,59557.44,29969,29648,0.00,0.00,0,0
1544348662,3003-eth3,1232775.25,1221336.75,2454112.00,1222558,1234008,991.01,814.19,1805.19,815,992,0.00,0.00,0,0
1544348662,2002-eth1,176687.31,3976.02,180663.34,3980,176864,90.91,40.96,131.87,41,91,0.00,0.00,0,0
1544348662,lo,7162.84,7162.84,14325.67,7170,7170,69.93,69.93,139.86,70,70,0.00,0.00,0,0
1544348662,3005-eth3,1223678.38,318135.88,1541814.25,318454,1224902,502.50,502.50,1005.00,503,503,0.00,0.00,0,0
1544348662,2005-eth3,575182.81,323054.97,898237.81,323378,575758,254.75,435.56,690.31,436,255,0.00,0.00,0,0
1544348662,3004-eth4,1222651.38,642451.56,1865103.00,643094,1223874,640.36,638.36,1278.72,639,641,0.00,0.00,0,0
1544348662,1004-eth2,468387.62,648325.69,1116713.38,648974,468856,214.79,698.30,913.09,699,215,0.00,0.00,0,0
1544348662,2004-eth4,1199005.00,652241.75,1851246.75,652894,1200204,413.59,738.26,1151.85,739,414,0.00,0.00,0,0
1544348662,1001-eth2,628235.81,575182.81,1203418.62,575758,628864,419.58,254.75,674.33,255,420,0.00,0.00,0,0
1544348662,1003-eth3,1224609.38,1199005.00,2423614.50,1200204,1225834,560.44,413.59,974.03,414,561,0.00,0.00,0,0
1544348662,2002-eth4,10691.31,178487.52,189178.83,178666,10702,112.89,108.89,221.78,109,113,0.00,0.00,0,0
1544348662,1001-eth4,20749.25,12091.91,32841.16,12104,20770,304.70,179.82,484.52,180,305,0.00,0.00,0,0
1544348662,3001-eth2,470187.81,1958.04,472145.88,1960,470658,232.77,19.98,252.75,20,233,0.00,0.00,0,0
1544348662,1004-eth1,8733.27,472107.91,480841.19,472580,8742,92.91,252.75,345.65,253,93,0.00,0.00,0,0
1544348662,3005-eth4,1225908.12,758028.00,1983936.12,758786,1227134,602.40,674.33,1276.72,675,603,0.00,0.00,0,0
1544348662,1003-eth2,1199065.00,399120.88,1598185.88,399520,1200264,414.59,219.78,634.37,220,415,0.00,0.00,0,0
1544348662,3008-eth1,9692.31,37310.69,47003.00,37348,9702,98.90,477.52,576.42,478,99,0.00,0.00,0,0
1544348662,1002-eth3,3878.12,40959.04,44837.16,41000,3882,39.96,431.57,471.53,432,40,0.00,0.00,0,0
1544348662,2006-eth1,1199005.00,1224609.38,2423614.50,1225834,1200204,413.59,560.44,974.03,561,414,0.00,0.00,0,0
1544348662,3003-eth1,28309.69,628235.81,656545.50,628864,28338,403.60,419.58,823.18,420,404,0.00,0.00,0,0
1544348662,2001-eth3,21374.62,7892.11,29266.73,7900,21396,260.74,80.92,341.66,81,261,0.00,0.00,0,0
1544348662,2008-eth2,0.00,3976.02,3976.02,3980,0,0.00,40.96,40.96,41,0,0.00,0.00,0,0
1544348662,2008-eth3,425428.59,1196046.00,1621474.62,1197242,425854,618.38,412.59,1030.97,413,619,0.00,0.00,0,0
1544348662,1001-eth3,575182.81,634935.06,1210117.88,635570,575758,254.75,524.48,779.22,525,255,0.00,0.00,0,0
1544348662,2007-eth4,37310.69,9692.31,47003.00,9702,37348,477.52,98.90,576.42,99,478,0.00,0.00,0,0
1544348662,2004-eth2,648325.69,468387.62,1116713.38,468856,648974,698.30,214.79,913.09,215,699,0.00,0.00,0,0
1544348662,3002-eth1,7734.27,7892.11,15626.37,7900,7742,78.92,80.92,159.84,81,79,0.00,0.00,0,0
1544348662,3004-eth1,575182.81,46899.10,622081.94,46946,575758,254.75,560.44,815.18,561,255,0.00,0.00,0,0
1544348662,2006-eth3,1224609.38,21722.28,1246331.75,21744,1225834,560.44,289.71,850.15,290,561,0.00,0.00,0,0
1544348662,3004-eth2,652241.75,1199005.00,1851246.75,1200204,652894,738.26,413.59,1151.85,414,739,0.00,0.00,0,0
1544348662,3001-eth3,1223095.00,494569.44,1717664.38,495064,1224318,619.38,611.39,1230.77,612,620,0.00,0.00,0,0
1544348662,2003-eth4,46899.10,575182.81,622081.94,575758,46946,560.44,254.75,815.18,255,561,0.00,0.00,0,0
1544348662,2008-eth4,1196046.00,1065742.25,2261788.25,1066808,1197242,412.59,871.13,1283.72,872,413,0.00,0.00,0,0
1544348662,3008-eth3,18519.48,202495.52,221014.98,202698,18538,192.81,192.81,385.61,193,193,0.00,0.00,0,0
1544348662,2005-eth2,40959.04,3878.12,44837.16,3882,41000,431.57,39.96,471.53,40,432,0.00,0.00,0,0
1544348662,2006-eth4,661118.88,1199005.00,1860123.88,1200204,661780,893.11,413.59,1306.69,414,894,0.00,0.00,0,0
1544348662,3006-eth2,1199005.00,661118.88,1860123.88,661780,1200204,413.59,893.11,1306.69,894,414,0.00,0.00,0,0
1544348662,1003-eth4,395264.75,1039434.56,1434699.38,1040474,395660,180.82,472.53,653.35,473,181,0.00,0.00,0,0
1544348662,2006-eth2,8733.27,648189.81,656923.12,648838,8742,92.91,697.30,790.21,698,93,0.00,0.00,0,0
1544348662,3001-eth1,7892.11,21374.62,29266.73,21396,7900,80.92,260.74,341.66,261,81,0.00,0.00,0,0
1544348662,3008-eth2,1065742.25,1196046.00,2261788.25,1197242,1066808,871.13,412.59,1283.72,413,872,0.00,0.00,0,0
1544348662,2004-eth3,468327.69,395264.75,863592.44,395660,468796,213.79,180.82,394.61,181,214,0.00,0.00,0,0
1544348662,3001-eth4,35896.11,1225005.00,1260901.12,1226230,35932,496.50,518.48,1014.99,519,497,0.00,0.00,0,0
1544348662,1003-eth1,3976.02,176687.31,180663.34,176864,3980,40.96,90.91,131.87,91,41,0.00,0.00,0,0
1544348662,3002-eth2,178487.52,10691.31,189178.83,10702,178666,108.89,112.89,221.78,113,109,0.00,0.00,0,0
1544348662,2005-eth4,295448.56,644529.50,939978.06,645174,295744,139.86,622.38,762.24,623,140,0.00,0.00,0,0
1544348662,3003-eth2,395264.75,468327.69,863592.44,468796,395660,180.82,213.79,394.61,214,181,0.00,0.00,0,0
1544348662,2007-eth1,12091.91,20749.25,32841.16,20770,12104,179.82,304.70,484.52,305,180,0.00,0.00,0,0
1544348662,1002-eth4,18519.48,15566.43,34085.91,15582,18538,192.81,158.84,351.65,159,193,0.00,0.00,0,0
1544348662,3002-eth4,1215302.75,194693.31,1409996.00,194888,1216518,360.64,363.64,724.28,364,361,0.00,0.00,0,0
1544348662,2007-eth3,7636.36,23644.36,31280.72,23668,7644,77.92,297.70,375.62,298,78,0.00,0.00,0,0
1544348662,3005-eth1,323054.97,575182.81,898237.81,575758,323378,435.56,254.75,690.31,255,436,0.00,0.00,0,0
1544348662,2001-eth4,7892.11,7734.27,15626.37,7742,7900,80.92,78.92,159.84,79,81,0.00,0.00,0,0
1544348662,3003-eth4,1205238.75,421182.84,1626421.62,421604,1206444,592.41,573.43,1165.83,574,593,0.00,0.00,0,0
1544348662,2004-eth1,399120.88,1199065.00,1598185.88,1200264,399520,219.78,414.59,634.37,415,220,0.00,0.00,0,0
1544348662,3006-eth4,1224975.00,1222155.88,2447131.00,1223378,1226200,763.24,808.19,1571.43,809,764,0.00,0.00,0,0
1544348662,3007-eth1,23644.36,7636.36,31280.72,7644,23668,297.70,77.92,375.62,78,298,0.00,0.00,0,0
1544348662,2008-eth1,1039434.56,395264.75,1434699.38,395660,1040474,472.53,180.82,653.35,181,473,0.00,0.00,0,0
1544348662,2002-eth2,472107.91,8733.27,480841.19,8742,472580,252.75,92.91,345.65,93,253,0.00,0.00,0,0
1544348662,2003-eth1,575182.81,628235.81,1203418.62,628864,575758,254.75,419.58,674.33,420,255,0.00,0.00,0,0
1544348662,3008-eth4,1209035.00,857996.00,2067031.00,858854,1210244,609.39,682.32,1291.71,683,610,0.00,0.00,0,0
1544348662,1004-eth4,3976.02,0.00,3976.02,0,3980,40.96,0.00,40.96,0,41,0.00,0.00,0,0
1544348662,3006-eth1,644529.50,295448.56,939978.06,295744,645174,622.38,139.86,762.24,140,623,0.00,0.00,0,0
1544348662,1004-eth3,648189.81,8733.27,656923.12,8742,648838,697.30,92.91,790.21,93,698,0.00,0.00,0,0
1544348662,1002-eth2,32327.67,13678.32,46006.00,13692,32360,339.66,181.82,521.48,182,340,0.00,0.00,0,0
1544348662,3004-eth3,32327.67,584973.06,617300.69,585558,32360,339.66,354.65,694.31,355,340,0.00,0.00,0,0
1544348662,2003-eth3,628235.81,28309.69,656545.50,28338,628864,419.58,403.60,823.18,404,420,0.00,0.00,0,0
1544348662,2005-eth1,634935.06,575182.81,1210117.88,575758,635570,524.48,254.75,779.22,255,525,0.00,0.00,0,0
1544348662,3002-eth3,27856.14,1212321.75,1240177.88,1213534,27884,373.63,370.63,744.26,371,374,0.00,0.00,0,0
1544348662,3006-eth3,29804.20,1130151.88,1159956.12,1131282,29834,404.60,484.52,889.11,485,405,0.00,0.00,0,0
1544348662,2001-eth1,1958.04,0.00,1958.04,0,1960,19.98,0.00,19.98,0,20,0.00,0.00,0,0
1544348662,3005-eth2,21722.28,1224609.38,1246331.75,1225834,21744,289.71,560.44,850.15,561,290,0.00,0.00,0,0
1544348662,2001-eth2,9790.21,25328.67,35118.88,25354,9800,99.90,300.70,400.60,301,100,0.00,0.00,0,0
1544348662,3007-eth2,1196046.00,425428.59,1621474.62,425854,1197242,412.59,618.38,1030.97,619,413,0.00,0.00,0,0
1544348662,1001-eth1,0.00,1958.04,1958.04,1960,0,0.00,19.98,19.98,20,0,0.00,0.00,0,0
1544348662,3007-eth4,24449.55,506721.28,531170.81,507228,24474,302.70,309.69,612.39,310,303,0.00,0.00,0,0
1544348662,2003-eth2,13678.32,32327.67,46006.00,32360,13692,181.82,339.66,521.48,340,182,0.00,0.00,0,0
1544348662,3007-eth3,1230062.00,1222993.00,2453055.00,1224216,1231292,928.07,797.20,1725.27,798,929,0.00,0.00,0,0
1544348662,1002-eth1,25328.67,9790.21,35118.88,9800,25354,300.70,99.90,400.60,100,301,0.00,0.00,0,0
1544348662,2002-eth3,1958.04,470187.81,472145.88,470658,1960,19.98,232.77,252.75,233,20,0.00,0.00,0,0
1544348662,2007-eth2,15566.43,18519.48,34085.91,18538,15582,158.84,192.81,351.65,193,159,0.00,0.00,0,0
1544348662,total,36498640.00,36332276.00,72830912.00,36368608,36535138,28012.99,27990.01,56003.00,28018,28041,0.00,0.00,0,0
1544348663,3003-eth3,1228351.62,1223706.38,2452058.00,1224930,1229580,924.08,788.21,1712.29,789,925,0.00,0.00,0,0
1544348663,2002-eth1,297816.19,3916.08,301732.28,3920,298114,128.87,39.96,168.83,40,129,0.00,0.00,0,0
1544348663,lo,73008.99,73008.99,146017.98,73082,73082,310.69,310.69,621.38,311,311,0.00,0.00,0,0
1544348663,3005-eth3,1224393.62,293017.00,1517410.62,293310,1225618,491.51,494.51,986.01,495,492,0.00,0.00,0,0
1544348663,2005-eth3,576631.38,304759.25,881390.62,305064,577208,298.70,499.50,798.20,500,299,0.00,0.00,0,0
1544348663,3004-eth4,1199808.25,737900.12,1937708.38,738638,1201008,623.38,638.36,1261.74,639,624,0.00,0.00,0,0
1544348663,1004-eth2,541768.25,743634.38,1285402.62,744378,542310,186.81,696.30,883.12,697,187,0.00,0.00,0,0
1544348663,2004-eth4,1182697.38,747550.50,1930247.75,748298,1183880,407.59,736.26,1143.86,737,408,0.00,0.00,0,0
1544348663,1001-eth2,722693.31,576571.44,1299264.75,577148,723416,407.59,297.70,705.29,298,408,0.00,0.00,0,0
1544348663,1003-eth3,1226511.50,1182757.25,2409268.75,1183940,1227738,567.43,408.59,976.02,409,568,0.00,0.00,0,0
1544348663,2002-eth4,13038.96,299774.22,312813.19,300074,13052,137.86,148.85,286.71,149,138,0.00,0.00,0,0
1544348663,1001-eth4,21932.07,10681.32,32613.39,10692,21954,290.71,161.84,452.55,162,291,0.00,0.00,0,0
1544348663,3001-eth2,543726.31,1958.04,545684.31,1960,544270,206.79,19.98,226.77,20,207,0.00,0.00,0,0
1544348663,1004-eth1,11080.92,545684.31,556765.25,546230,11092,117.88,226.77,344.66,227,118,0.00,0.00,0,0
1544348663,3005-eth4,1226283.75,1002667.38,2228951.00,1003670,1227510,761.24,854.15,1615.38,855,762,0.00,0.00,0,0
1544348663,1003-eth2,1182697.38,557646.38,1740343.75,558204,1183880,407.59,232.77,640.36,233,408,0.00,0.00,0,0
1544348663,3008-eth1,9692.31,40841.16,50533.47,40882,9702,98.90,488.51,587.41,489,99,0.00,0.00,0,0
1544348663,1002-eth3,3818.18,48065.93,51884.12,48114,3822,38.96,507.49,546.45,508,39,0.00,0.00,0,0
1544348663,2006-eth1,1182757.25,1226511.50,2409268.75,1227738,1183940,408.59,567.43,976.02,568,409,0.00,0.00,0,0
1544348663,3003-eth1,24659.34,722693.31,747352.69,723416,24684,373.63,407.59,781.22,408,374,0.00,0.00,0,0
1544348663,2001-eth3,18217.78,7832.17,26049.95,7840,18236,237.76,79.92,317.68,80,238,0.00,0.00,0,0
1544348663,2008-eth2,0.00,3818.18,3818.18,3822,0,0.00,38.96,38.96,39,0,0.00,0.00,0,0
1544348663,2008-eth3,583070.94,1199005.00,1782076.00,1200204,583654,618.38,413.59,1031.97,414,619,0.00,0.00,0,0
1544348663,1001-eth3,576571.44,732046.00,1308617.38,732778,577148,297.70,517.48,815.18,518,298,0.00,0.00,0,0
1544348663,2007-eth4,40841.16,9692.31,50533.47,9702,40882,488.51,98.90,587.41,99,489,0.00,0.00,0,0
1544348663,2004-eth2,743634.38,541768.25,1285402.62,542310,744378,696.30,186.81,883.12,187,697,0.00,0.00,0,0
1544348663,3002-eth1,7832.17,7832.17,15664.34,7840,7840,79.92,79.92,159.84,80,80,0.00,0.00,0,0
1544348663,3004-eth1,576571.44,51007.00,627578.44,51058,577148,297.70,602.40,900.10,603,298,0.00,0.00,0,0
1544348663,2006-eth3,1220593.50,23674.33,1244267.75,23698,1221814,565.43,308.69,874.13,309,566,0.00,0.00,0,0
1544348663,3004-eth2,747550.50,1182697.38,1930247.75,1183880,748298,736.26,407.59,1143.86,408,737,0.00,0.00,0,0
1544348663,3001-eth3,1221984.00,568141.88,1790125.88,568710,1223206,586.41,586.41,1172.83,587,587,0.00,0.00,0,0
1544348663,2003-eth4,51007.00,576571.44,627578.44,577148,51058,602.40,297.70,900.10,298,603,0.00,0.00,0,0
1544348663,2008-eth4,1199005.00,1177300.75,2376305.75,1178478,1200204,413.59,886.11,1299.70,887,414,0.00,0.00,0,0
1544348663,3008-eth3,20867.13,304483.53,325350.66,304788,20888,217.78,225.77,443.56,226,218,0.00,0.00,0,0
1544348663,2005-eth2,48065.93,3818.18,51884.12,3822,48114,507.49,38.96,546.45,39,508,0.00,0.00,0,0
1544348663,2006-eth4,756385.62,1182757.25,1939142.88,1183940,757142,889.11,408.59,1297.70,409,890,0.00,0.00,0,0
1544348663,3006-eth2,1182757.25,756385.62,1939142.88,757142,1183940,408.59,889.11,1297.70,890,409,0.00,0.00,0,0
1544348663,1003-eth4,553670.38,1151718.38,1705388.62,1152870,554224,191.81,498.50,690.31,499,192,0.00,0.00,0,0
1544348663,2006-eth2,11140.86,743732.31,754873.12,744476,11152,118.88,697.30,816.18,698,119,0.00,0.00,0,0
1544348663,3001-eth1,7832.17,18217.78,26049.95,18236,7840,79.92,237.76,317.68,238,80,0.00,0.00,0,0
1544348663,3008-eth2,1177300.75,1199005.00,2376305.75,1200204,1178478,886.11,413.59,1299.70,414,887,0.00,0.00,0,0
1544348663,2004-eth3,541828.19,553670.38,1095498.50,554224,542370,187.81,191.81,379.62,192,188,0.00,0.00,0,0
1544348663,3001-eth4,36065.93,1220631.38,1256697.38,1221852,36102,498.50,517.48,1015.98,518,499,0.00,0.00,0,0
1544348663,1003-eth1,3916.08,297816.19,301732.28,298114,3920,39.96,128.87,168.83,129,40,0.00,0.00,0,0
1544348663,3002-eth2,299774.22,13038.96,312813.19,13052,300074,148.85,137.86,286.71,138,149,0.00,0.00,0,0
1544348663,2005-eth4,270323.69,741738.31,1012061.94,742480,270594,131.87,616.38,748.25,617,132,0.00,0.00,0,0
1544348663,3003-eth2,553670.38,541828.19,1095498.50,542370,554224,191.81,187.81,379.62,188,192,0.00,0.00,0,0
1544348663,2007-eth1,10681.32,21932.07,32613.39,21954,10692,161.84,290.71,452.55,291,162,0.00,0.00,0,0
1544348663,1002-eth4,20927.07,15430.57,36357.64,15446,20948,218.78,157.84,376.62,158,219,0.00,0.00,0,0
1544348663,3002-eth4,1213996.00,315816.19,1529812.25,316132,1215210,392.61,401.60,794.21,402,393,0.00,0.00,0,0
1544348663,2007-eth3,7832.17,22233.77,30065.94,22256,7840,79.92,279.72,359.64,280,80,0.00,0.00,0,0
1544348663,3005-eth1,304759.25,576631.38,881390.62,577208,305064,499.50,298.70,798.20,299,500,0.00,0.00,0,0
1544348663,2001-eth4,7832.17,7832.17,15664.34,7840,7840,79.92,79.92,159.84,80,80,0.00,0.00,0,0
1544348663,3003-eth4,1209686.38,579780.25,1789466.62,580360,1210896,575.42,587.41,1162.84,588,576,0.00,0.00,0,0
1544348663,2004-eth1,557646.38,1182697.38,1740343.75,1183880,558204,232.77,407.59,640.36,408,233,0.00,0.00,0,0
1544348663,3006-eth4,1218723.25,1220969.12,2439692.25,1222190,1219942,734.27,820.18,1554.45,821,735,0.00,0.00,0,0
1544348663,3007-eth1,22233.77,7832.17,30065.94,7840,22256,279.72,79.92,359.64,80,280,0.00,0.00,0,0
1544348663,2008-eth1,1151718.38,553670.38,1705388.62,554224,1152870,498.50,191.81,690.31,192,499,0.00,0.00,0,0
1544348663,2002-eth2,545684.31,11080.92,556765.25,11092,546230,226.77,117.88,344.66,118,227,0.00,0.00,0,0
1544348663,2003-eth1,576571.44,722693.31,1299264.75,723416,577148,297.70,407.59,705.29,408,298,0.00,0.00,0,0
1544348663,3008-eth4,1211598.38,891926.12,2103524.50,892818,1212810,604.40,692.31,1296.70,693,605,0.00,0.00,0,0
1544348663,1004-eth4,3818.18,0.00,3818.18,0,3822,38.96,0.00,38.96,0,39,0.00,0.00,0,0
1544348663,3006-eth1,741738.31,270323.69,1012061.94,270594,742480,616.38,131.87,748.25,132,617,0.00,0.00,0,0
1544348663,1004-eth3,743732.31,11140.86,754873.12,11152,744476,697.30,118.88,816.18,119,698,0.00,0.00,0,0
1544348663,1002-eth2,36891.11,10483.52,47374.62,10494,36928,388.61,158.84,547.45,159,389,0.00,0.00,0,0
1544348663,3004-eth3,36831.17,586263.75,623094.94,586850,36868,387.61,396.60,784.22,397,388,0.00,0.00,0,0
1544348663,2003-eth3,722693.31,24659.34,747352.69,24684,723416,407.59,373.63,781.22,374,408,0.00,0.00,0,0
1544348663,2005-eth1,732046.00,576571.44,1308617.38,577148,732778,517.48,297.70,815.18,298,518,0.00,0.00,0,0
1544348663,3002-eth3,27790.21,1216923.12,1244713.38,1218140,27818,372.63,373.63,746.25,374,373,0.00,0.00,0,0
1544348663,3006-eth3,40643.36,697920.12,738563.44,698618,40684,432.57,444.56,877.12,445,433,0.00,0.00,0,0
1544348663,2001-eth1,2017.98,0.00,2017.98,0,2020,20.98,0.00,20.98,0,21,0.00,0.00,0,0
1544348663,3005-eth2,23674.33,1220593.50,1244267.75,1221814,23698,308.69,565.43,874.13,566,309,0.00,0.00,0,0
1544348663,2001-eth2,9850.15,22193.81,32043.96,22216,9860,100.90,278.72,379.62,279,101,0.00,0.00,0,0
1544348663,3007-eth2,1199005.00,583070.94,1782076.00,583654,1200204,413.59,618.38,1031.97,619,414,0.00,0.00,0,0
1544348663,1001-eth1,0.00,2017.98,2017.98,2020,0,0.00,20.98,20.98,21,0,0.00,0.00,0,0
1544348663,3007-eth4,22351.65,642173.81,664525.50,642816,22374,290.71,323.68,614.39,324,291,0.00,0.00,0,0
1544348663,2003-eth2,10483.52,36891.11,47374.62,36928,10494,158.84,388.61,547.45,389,159,0.00,0.00,0,0
1544348663,3007-eth3,1225546.50,1222345.75,2447892.25,1223568,1226772,1012.99,767.23,1780.22,768,1014,0.00,0.00,0,0
1544348663,1002-eth1,22193.81,9850.15,32043.96,9860,22216,278.72,100.90,379.62,101,279,0.00,0.00,0,0
1544348663,2002-eth3,1958.04,543726.31,545684.31,544270,1960,19.98,206.79,226.77,207,20,0.00,0.00,0,0
1544348663,2007-eth2,15430.57,20927.07,36357.64,20948,15446,157.84,218.78,376.62,219,158,0.00,0.00,0,0
1544348663,total,38622432.00,38982176.00,77604608.00,39021156,38661052,28812.19,28818.18,57630.37,28847,28841,0.00,0.00,0,0
1544348664,3003-eth3,1220483.50,1222155.88,2442639.50,1223378,1221704,783.22,808.19,1591.41,809,784,0.00,0.00,0,0
1544348664,2002-eth1,218449.56,3916.08,222365.64,3920,218668,109.89,39.96,149.85,40,110,0.00,0.00,0,0
1544348664,lo,7420.58,7420.58,14841.16,7428,7428,72.93,72.93,145.85,73,73,0.00,0.00,0,0
1544348664,3005-eth3,1221902.12,404047.97,1625950.12,404452,1223124,497.50,539.46,1036.96,540,498,0.00,0.00,0,0
1544348664,2005-eth3,689080.94,408381.62,1097462.62,408790,689770,336.66,604.40,941.06,605,337,0.00,0.00,0,0
1544348664,3004-eth4,1190365.62,749430.56,1939796.25,750180,1191556,633.37,637.36,1270.73,638,634,0.00,0.00,0,0
1544348664,1004-eth2,541768.25,755266.75,1297035.00,756022,542310,186.81,697.30,884.12,698,187,0.00,0.00,0,0
1544348664,2004-eth4,1175392.62,759122.88,1934515.50,759882,1176568,406.59,736.26,1142.86,737,407,0.00,0.00,0,0
1544348664,1001-eth2,736435.56,689080.94,1425516.50,689770,737172,440.56,336.66,777.22,337,441,0.00,0.00,0,0
1544348664,1003-eth3,1227003.00,1175332.75,2402335.75,1176508,1228230,526.47,405.59,932.07,406,527,0.00,0.00,0,0
1544348664,2002-eth4,12099.90,220407.59,232507.50,220628,12112,127.87,129.87,257.74,130,128,0.00,0.00,0,0
1544348664,1001-eth4,29106.89,12587.41,41694.31,12600,29136,324.68,190.81,515.48,191,325,0.00,0.00,0,0
1544348664,3001-eth2,543726.31,1958.04,545684.31,1960,544270,206.79,19.98,226.77,20,207,0.00,0.00,0,0
1544348664,1004-eth1,10201.80,545684.31,555886.12,546230,10212,108.89,226.77,335.66,227,109,0.00,0.00,0,0
1544348664,3005-eth4,1232483.50,1046169.88,2278653.50,1047216,1233716,833.17,929.07,1762.24,930,834,0.00,0.00,0,0
1544348664,1003-eth2,1175332.75,609336.69,1784669.38,609946,1176508,405.59,248.75,654.35,249,406,0.00,0.00,0,0
1544348664,3008-eth1,9752.25,48861.14,58613.39,48910,9762,99.90,531.47,631.37,532,100,0.00,0.00,0,0
1544348664,1002-eth3,3916.08,52467.54,56383.62,52520,3920,39.96,577.42,617.38,578,40,0.00,0.00,0,0
1544348664,2006-eth1,1175332.75,1227003.00,2402335.75,1228230,1176508,405.59,526.47,932.07,527,406,0.00,0.00,0,0
1544348664,3003-eth1,26043.96,736375.62,762419.62,737112,26070,394.61,439.56,834.17,440,395,0.00,0.00,0,0
1544348664,2001-eth3,18909.09,7734.27,26643.36,7742,18928,247.75,78.92,326.67,79,248,0.00,0.00,0,0
1544348664,2008-eth2,59.94,3916.08,3976.02,3920,60,1.00,39.96,40.96,40,1,0.00,0.00,0,0
1544348664,2008-eth3,635968.06,1196046.00,1832014.00,1197242,636604,652.35,412.59,1064.94,413,653,0.00,0.00,0,0
1544348664,1001-eth3,689140.88,750937.06,1440078.00,751688,689830,337.66,553.45,891.11,554,338,0.00,0.00,0,0
1544348664,2007-eth4,48861.14,9752.25,58613.39,9762,48910,531.47,99.90,631.37,100,532,0.00,0.00,0,0
1544348664,2004-eth2,755266.75,541768.25,1297035.00,542310,756022,697.30,186.81,884.12,187,698,0.00,0.00,0,0
1544348664,3002-eth1,7832.17,7832.17,15664.34,7840,7840,79.92,79.92,159.84,80,80,0.00,0.00,0,0
1544348664,3004-eth1,689080.94,55414.59,744495.50,55470,689770,336.66,676.32,1012.99,677,337,0.00,0.00,0,0
1544348664,2006-eth3,1223950.12,27934.07,1251884.12,27962,1225174,524.48,312.69,837.16,313,525,0.00,0.00,0,0
1544348664,3004-eth2,759122.88,1175392.62,1934515.50,1176568,759882,736.26,406.59,1142.86,407,737,0.00,0.00,0,0
1544348664,3001-eth3,1222969.12,568207.81,1791176.88,568776,1224192,579.42,587.41,1166.83,588,580,0.00,0.00,0,0
1544348664,2003-eth4,55414.59,689080.94,744495.50,689770,55470,676.32,336.66,1012.99,337,677,0.00,0.00,0,0
1544348664,2008-eth4,1196105.88,862863.19,2058969.12,863726,1197302,413.59,889.11,1302.70,890,414,0.00,0.00,0,0
1544348664,3008-eth3,21772.23,276079.94,297852.16,276356,21794,227.77,233.77,461.54,234,228,0.00,0.00,0,0
1544348664,2005-eth2,52467.54,3916.08,56383.62,3920,52520,577.42,39.96,617.38,40,578,0.00,0.00,0,0
1544348664,2006-eth4,772999.00,1175332.75,1948331.75,1176508,773772,901.10,405.59,1306.69,406,902,0.00,0.00,0,0
1544348664,3006-eth2,1175332.75,772999.00,1948331.75,773772,1176508,405.59,901.10,1306.69,902,406,0.00,0.00,0,0
1544348664,1003-eth4,605420.62,836291.75,1441712.38,837128,606026,208.79,486.51,695.30,487,209,0.00,0.00,0,0
1544348664,2006-eth2,10141.86,755206.81,765348.69,755962,10152,107.89,696.30,804.20,697,108,0.00,0.00,0,0
1544348664,3001-eth1,7734.27,18909.09,26643.36,18928,7742,78.92,247.75,326.67,248,79,0.00,0.00,0,0
1544348664,3008-eth2,862863.19,1196105.88,2058969.12,1197302,863726,889.11,413.59,1302.70,414,890,0.00,0.00,0,0
1544348664,2004-eth3,541768.25,605420.62,1147188.88,606026,542310,186.81,208.79,395.60,209,187,0.00,0.00,0,0
1544348664,3001-eth4,36229.77,1226451.62,1262681.38,1227678,36266,500.50,518.48,1018.98,519,501,0.00,0.00,0,0
1544348664,1003-eth1,3916.08,218449.56,222365.64,218668,3920,39.96,109.89,149.85,110,40,0.00,0.00,0,0
1544348664,3002-eth2,220407.59,12099.90,232507.50,12112,220628,129.87,127.87,257.74,128,130,0.00,0.00,0,0
1544348664,2005-eth4,369522.50,760629.38,1130151.88,761390,369892,165.83,652.35,818.18,653,166,0.00,0.00,0,0
1544348664,3003-eth2,605420.62,541768.25,1147188.88,542310,606026,208.79,186.81,395.60,187,209,0.00,0.00,0,0
1544348664,2007-eth1,12587.41,29106.89,41694.31,29136,12600,190.81,324.68,515.48,325,191,0.00,0.00,0,0
1544348664,1002-eth4,21712.29,15664.34,37376.62,15680,21734,226.77,159.84,386.61,160,227,0.00,0.00,0,0
1544348664,3002-eth4,1212835.25,236449.56,1449284.75,236686,1214048,380.62,382.62,763.24,383,381,0.00,0.00,0,0
1544348664,2007-eth3,7696.30,24177.82,31874.13,24202,7704,78.92,308.69,387.61,309,79,0.00,0.00,0,0
1544348664,3005-eth1,408381.62,689080.94,1097462.62,689770,408790,604.40,336.66,941.06,337,605,0.00,0.00,0,0
1544348664,2001-eth4,7832.17,7832.17,15664.34,7840,7840,79.92,79.92,159.84,80,80,0.00,0.00,0,0
1544348664,3003-eth4,1208573.50,631464.56,1840038.00,632096,1209782,602.40,603.40,1205.79,604,603,0.00,0.00,0,0
1544348664,2004-eth1,609336.69,1175332.75,1784669.38,1176508,609946,248.75,405.59,654.35,406,249,0.00,0.00,0,0
1544348664,3006-eth4,1226977.00,1222567.50,2449544.50,1223790,1228204,925.07,908.09,1833.17,909,926,0.00,0.00,0,0
1544348664,3007-eth1,24177.82,7696.30,31874.13,7704,24202,308.69,78.92,387.61,79,309,0.00,0.00,0,0
1544348664,2008-eth1,836291.75,605420.62,1441712.38,606026,837128,486.51,208.79,695.30,209,487,0.00,0.00,0,0
1544348664,2002-eth2,545684.31,10201.80,555886.12,10212,546230,226.77,108.89,335.66,109,227,0.00,0.00,0,0
1544348664,2003-eth1,689080.94,736435.56,1425516.50,737172,689770,336.66,440.56,777.22,441,337,0.00,0.00,0,0
1544348664,3008-eth4,1213898.12,570321.69,1784219.88,570892,1215112,618.38,641.36,1259.74,642,619,0.00,0.00,0,0
1544348664,1004-eth4,3916.08,59.94,3976.02,60,3920,39.96,1.00,40.96,1,40,0.00,0.00,0,0
1544348664,3006-eth1,760629.38,369522.50,1130151.88,369892,761390,652.35,165.83,818.18,166,653,0.00,0.00,0,0
1544348664,1004-eth3,755206.81,10141.86,765348.69,10152,755962,696.30,107.89,804.20,108,697,0.00,0.00,0,0
1544348664,1002-eth2,40447.55,11076.92,51524.48,11088,40488,449.55,167.83,617.38,168,450,0.00,0.00,0,0
1544348664,3004-eth3,40447.55,698773.25,739220.81,699472,40488,449.55,435.56,885.11,436,450,0.00,0.00,0,0
1544348664,2003-eth3,736375.62,26043.96,762419.62,26070,737112,439.56,394.61,834.17,395,440,0.00,0.00,0,0
1544348664,2005-eth1,750937.06,689140.88,1440078.00,689830,751688,553.45,337.66,891.11,338,554,0.00,0.00,0,0
1544348664,3002-eth3,27850.15,1212517.50,1240367.62,1213730,27878,373.63,372.63,746.25,373,374,0.00,0.00,0,0
1544348664,3006-eth3,47630.37,935104.94,982735.31,936040,47678,502.50,531.47,1033.97,532,503,0.00,0.00,0,0
1544348664,2001-eth1,1958.04,59.94,2017.98,60,1960,19.98,1.00,20.98,1,20,0.00,0.00,0,0
1544348664,3005-eth2,27934.07,1223950.12,1251884.12,1225174,27962,312.69,524.48,837.16,525,313,0.00,0.00,0,0
1544348664,2001-eth2,9692.31,22825.18,32517.48,22848,9702,98.90,287.71,386.61,288,99,0.00,0.00,0,0
1544348664,3007-eth2,1196046.00,635968.06,1832014.00,636604,1197242,412.59,652.35,1064.94,653,413,0.00,0.00,0,0
1544348664,1001-eth1,59.94,1958.04,2017.98,1960,60,1.00,19.98,20.98,20,1,0.00,0.00,0,0
1544348664,3007-eth4,23176.82,666929.06,690105.94,667596,23200,303.70,325.67,629.37,326,304,0.00,0.00,0,0
1544348664,2003-eth2,11076.92,40447.55,51524.48,40488,11088,167.83,449.55,617.38,450,168,0.00,0.00,0,0
1544348664,3007-eth3,1222811.25,1222155.88,2444967.00,1223378,1224034,796.20,808.19,1604.40,809,797,0.00,0.00,0,0
1544348664,1002-eth1,22825.18,9692.31,32517.48,9702,22848,287.71,98.90,386.61,99,288,0.00,0.00,0,0
1544348664,2002-eth3,1958.04,543726.31,545684.31,544270,1960,19.98,206.79,226.77,207,20,0.00,0.00,0,0
1544348664,2007-eth2,15664.34,21712.29,37376.62,21734,15680,159.84,226.77,386.61,227,160,0.00,0.00,0,0
1544348664,total,38756684.00,39275104.00,78031792.00,39314380,38795440,29435.57,29691.31,59126.87,29721,29465,0.00,0.00,0,0
1544348665,3003-eth3,1220441.62,1219106.88,2439548.50,1220326,1221662,782.22,806.19,1588.41,807,783,0.00,0.00,0,0
1544348665,2002-eth1,234163.84,3916.08,238079.92,3920,234398,106.89,39.96,146.85,40,107,0.00,0.00,0,0
1544348665,lo,7330.67,7330.67,14661.34,7338,7338,71.93,71.93,143.86,72,72,0.00,0.00,0,0
1544348665,3005-eth3,1221176.88,421448.56,1642625.38,421870,1222398,486.51,552.45,1038.96,553,487,0.00,0.00,0,0
1544348665,2005-eth3,561900.12,414061.94,975962.06,414476,562462,250.75,503.50,754.25,504,251,0.00,0.00,0,0
1544348665,3004-eth4,1190095.88,724179.81,1914275.75,724904,1191286,629.37,627.37,1256.74,628,630,0.00,0.00,0,0
1544348665,1004-eth2,558075.94,729858.19,1287934.12,730588,558634,192.81,685.31,878.12,686,193,0.00,0.00,0,0
1544348665,2004-eth4,1175332.75,733834.19,1909166.88,734568,1176508,405.59,726.27,1131.87,727,406,0.00,0.00,0,0
1544348665,1001-eth2,711322.69,561960.06,1273282.75,562522,712034,432.57,251.75,684.32,252,433,0.00,0.00,0,0
1544348665,1003-eth3,1228617.38,1175332.75,2403950.00,1176508,1229846,664.34,405.59,1069.93,406,665,0.00,0.00,0,0
1544348665,2002-eth4,11878.12,236181.83,248059.95,236418,11890,125.87,127.87,253.75,128,126,0.00,0.00,0,0
1544348665,1001-eth4,31252.75,12659.34,43912.09,12672,31284,331.67,191.81,523.48,192,332,0.00,0.00,0,0
1544348665,3001-eth2,560093.94,2017.98,562111.88,2020,560654,213.79,20.98,234.77,21,214,0.00,0.00,0,0
1544348665,1004-eth1,9860.14,561992.00,571852.19,562554,9870,104.90,232.77,337.66,233,105,0.00,0.00,0,0
1544348665,3005-eth4,1231015.00,637047.00,1868062.00,637684,1232246,780.22,725.27,1505.49,726,781,0.00,0.00,0,0
1544348665,1003-eth2,1175332.75,603418.62,1778751.25,604022,1176508,405.59,246.75,652.35,247,406,0.00,0.00,0,0
1544348665,3008-eth1,9692.31,49222.78,58915.09,49272,9702,98.90,519.48,618.38,520,99,0.00,0.00,0,0
1544348665,1002-eth3,3818.18,38783.22,42601.40,38822,3822,38.96,468.53,507.49,469,39,0.00,0.00,0,0
1544348665,2006-eth1,1175332.75,1228617.38,2403950.00,1229846,1176508,405.59,664.34,1069.93,665,406,0.00,0.00,0,0
1544348665,3003-eth1,26043.96,711382.62,737426.56,712094,26070,394.61,433.57,828.17,434,395,0.00,0.00,0,0
1544348665,2001-eth3,19172.83,7832.17,27005.00,7840,19192,251.75,79.92,331.67,80,252,0.00,0.00,0,0
1544348665,2008-eth2,0.00,3818.18,3818.18,3822,0,0.00,38.96,38.96,39,0,0.00,0.00,0,0
1544348665,2008-eth3,629232.81,1196105.88,1825338.75,1197302,629862,638.36,413.59,1051.95,414,639,0.00,0.00,0,0
1544348665,1001-eth3,561900.12,728055.94,1289956.12,728784,562462,250.75,553.45,804.20,554,251,0.00,0.00,0,0
1544348665,2007-eth4,49222.78,9692.31,58915.09,9702,49272,519.48,98.90,618.38,99,520,0.00,0.00,0,0
1544348665,2004-eth2,729858.19,558075.94,1287934.12,558634,730588,685.31,192.81,878.12,193,686,0.00,0.00,0,0
1544348665,3002-eth1,7696.30,7734.27,15430.57,7742,7704,78.92,78.92,157.84,79,79,0.00,0.00,0,0
1544348665,3004-eth1,561960.06,43310.69,605270.75,43354,562522,251.75,583.42,835.16,584,252,0.00,0.00,0,0
1544348665,2006-eth3,1231510.50,28701.30,1260211.88,28730,1232742,664.34,305.69,970.03,306,665,0.00,0.00,0,0
1544348665,3004-eth2,733834.19,1175332.75,1909166.88,1176508,734568,726.27,405.59,1131.87,406,727,0.00,0.00,0,0
1544348665,3001-eth3,1221720.38,584449.56,1806169.88,585034,1222942,582.42,592.41,1174.83,593,583,0.00,0.00,0,0
1544348665,2003-eth4,43310.69,561960.06,605270.75,562522,43354,583.42,251.75,835.16,252,584,0.00,0.00,0,0
1544348665,2008-eth4,1193087.00,689832.19,1882919.12,690522,1194280,411.59,826.17,1237.76,827,412,0.00,0.00,0,0
1544348665,3008-eth3,19830.17,254047.95,273878.12,254302,19850,206.79,206.79,413.59,207,207,0.00,0.00,0,0
1544348665,2005-eth2,38783.22,3818.18,42601.40,3822,38822,468.53,38.96,507.49,39,469,0.00,0.00,0,0
1544348665,2006-eth4,748737.31,1175332.75,1924070.00,1176508,749486,886.11,405.59,1291.71,406,887,0.00,0.00,0,0
1544348665,3006-eth2,1175332.75,748737.31,1924070.00,749486,1176508,405.59,886.11,1291.71,887,406,0.00,0.00,0,0
1544348665,1003-eth4,599502.50,663920.12,1263422.62,664584,600102,206.79,433.57,640.36,434,207,0.00,0.00,0,0
1544348665,2006-eth2,9860.14,729956.06,739816.19,730686,9870,104.90,686.31,791.21,687,105,0.00,0.00,0,0
1544348665,3001-eth1,7832.17,19172.83,27005.00,19192,7840,79.92,251.75,331.67,252,80,0.00,0.00,0,0
1544348665,3008-eth2,689832.19,1193087.00,1882919.12,1194280,690522,826.17,411.59,1237.76,412,827,0.00,0.00,0,0
1544348665,2004-eth3,558075.94,599502.50,1157578.50,600102,558634,192.81,206.79,399.60,207,193,0.00,0.00,0,0
1544348665,3001-eth4,36163.84,1217672.38,1253836.25,1218890,36200,499.50,516.48,1015.98,517,500,0.00,0.00,0,0
1544348665,1003-eth1,3916.08,234163.84,238079.92,234398,3920,39.96,106.89,146.85,107,40,0.00,0.00,0,0
1544348665,3002-eth2,236181.83,11878.12,248059.95,11890,236418,127.87,125.87,253.75,126,128,0.00,0.00,0,0
1544348665,2005-eth4,388691.31,737650.38,1126341.75,738388,389080,171.83,651.35,823.18,652,172,0.00,0.00,0,0
1544348665,3003-eth2,599502.50,558075.94,1157578.50,558634,600102,206.79,192.81,399.60,193,207,0.00,0.00,0,0
1544348665,2007-eth1,12659.34,31252.75,43912.09,31284,12672,191.81,331.67,523.48,332,192,0.00,0.00,0,0
1544348665,1002-eth4,19830.17,15370.63,35200.80,15386,19850,206.79,156.84,363.64,157,207,0.00,0.00,0,0
1544348665,3002-eth4,1212681.38,252163.84,1464845.25,252416,1213894,378.62,379.62,758.24,380,379,0.00,0.00,0,0
1544348665,2007-eth3,7734.27,24271.73,32005.99,24296,7742,78.92,310.69,389.61,311,79,0.00,0.00,0,0
1544348665,3005-eth1,414061.94,561900.12,975962.06,562462,414476,503.50,250.75,754.25,251,504,0.00,0.00,0,0
1544348665,2001-eth4,7734.27,7696.30,15430.57,7704,7742,78.92,78.92,157.84,79,79,0.00,0.00,0,0
1544348665,3003-eth4,1205680.38,625480.56,1831160.88,626106,1206886,602.40,600.40,1202.80,601,603,0.00,0.00,0,0
1544348665,2004-eth1,603418.62,1175332.75,1778751.25,1176508,604022,246.75,405.59,652.35,406,247,0.00,0.00,0,0
1544348665,3006-eth4,1228349.62,1224445.62,2452795.25,1225670,1229578,880.12,928.07,1808.19,929,881,0.00,0.00,0,0
1544348665,3007-eth1,24271.73,7734.27,32005.99,7742,24296,310.69,78.92,389.61,79,311,0.00,0.00,0,0
1544348665,2008-eth1,663920.12,599502.50,1263422.62,600102,664584,433.57,206.79,640.36,207,434,0.00,0.00,0,0
1544348665,2002-eth2,561992.00,9860.14,571852.19,9870,562554,232.77,104.90,337.66,105,233,0.00,0.00,0,0
1544348665,2003-eth1,561960.06,711322.69,1273282.75,712034,562522,251.75,432.57,684.32,433,252,0.00,0.00,0,0
1544348665,3008-eth4,1211774.25,434931.09,1646705.38,435366,1212986,610.39,606.39,1216.78,607,611,0.00,0.00,0,0
1544348665,1004-eth4,3818.18,0.00,3818.18,0,3822,38.96,0.00,38.96,0,39,0.00,0.00,0,0
1544348665,3006-eth1,737650.38,388691.31,1126341.75,389080,738388,651.35,171.83,823.18,172,652,0.00,0.00,0,0
1544348665,1004-eth3,729956.06,9860.14,739816.19,9870,730686,686.31,104.90,791.21,105,687,0.00,0.00,0,0
1544348665,1002-eth2,28547.45,11400.60,39948.05,11412,28576,359.64,172.83,532.47,173,360,0.00,0.00,0,0
1544348665,3004-eth3,28607.39,571494.50,600101.94,572066,28636,360.64,348.65,709.29,349,361,0.00,0.00,0,0
1544348665,2003-eth3,711382.62,26043.96,737426.56,26070,712094,433.57,394.61,828.17,395,434,0.00,0.00,0,0
1544348665,2005-eth1,728055.94,561900.12,1289956.12,562462,728784,553.45,250.75,804.20,251,554,0.00,0.00,0,0
1544348665,3002-eth3,27692.31,1212321.75,1240014.00,1213534,27720,371.63,370.63,742.26,371,372,0.00,0.00,0,0
1544348665,3006-eth3,48095.91,914425.62,962521.50,915340,48144,507.49,525.47,1032.97,526,508,0.00,0.00,0,0
1544348665,2001-eth1,1860.14,0.00,1860.14,0,1862,18.98,0.00,18.98,0,19,0.00,0.00,0,0
1544348665,3005-eth2,28701.30,1231510.50,1260211.88,1232742,28730,305.69,664.34,970.03,665,306,0.00,0.00,0,0
1544348665,2001-eth2,9692.31,22991.01,32683.32,23014,9702,98.90,290.71,389.61,291,99,0.00,0.00,0,0
1544348665,3007-eth2,1196105.88,629232.81,1825338.75,629862,1197302,413.59,638.36,1051.95,639,414,0.00,0.00,0,0
1544348665,1001-eth1,0.00,1860.14,1860.14,1862,0,0.00,18.98,18.98,19,0,0.00,0.00,0,0
1544348665,3007-eth4,22973.03,647564.44,670537.50,648212,22996,300.70,317.68,618.38,318,301,0.00,0.00,0,0
1544348665,2003-eth2,11400.60,28547.45,39948.05,28576,11412,172.83,359.64,532.47,360,173,0.00,0.00,0,0
1544348665,3007-eth3,1218010.00,1222024.00,2440034.00,1223246,1219228,789.21,806.19,1595.40,807,790,0.00,0.00,0,0
1544348665,1002-eth1,22991.01,9692.31,32683.32,9702,23014,290.71,98.90,389.61,99,291,0.00,0.00,0,0
1544348665,2002-eth3,2017.98,560093.94,562111.88,560654,2020,20.98,213.79,234.77,214,21,0.00,0.00,0,0
1544348665,2007-eth2,15370.63,19830.17,35200.80,19850,15386,156.84,206.79,363.64,207,157,0.00,0.00,0,0
1544348665,total,37746524.00,37565020.00,75311536.00,37602582,37784268,28529.47,28671.33,57200.80,28700,28558,0.00,0.00,0,0
1544348666,3003-eth3,1217812.25,1217594.50,2435406.75,1218812,1219030,786.21,805.19,1591.41,806,787,0.00,0.00,0,0
1544348666,2002-eth1,206013.98,3976.02,209990.02,3980,206220,96.90,40.96,137.86,41,97,0.00,0.00,0,0
1544348666,lo,71932.07,71932.07,143864.14,72004,72004,301.70,301.70,603.40,302,302,0.00,0.00,0,0
1544348666,3005-eth3,1219460.62,185196.81,1404657.38,185382,1220680,465.53,480.52,946.05,481,466,0.00,0.00,0,0
1544348666,2005-eth3,633564.44,168971.03,802535.50,169140,634198,218.78,380.62,599.40,381,219,0.00,0.00,0,0
1544348666,3004-eth4,1185366.62,708004.00,1893370.62,708712,1186552,623.38,623.38,1246.75,624,624,0.00,0.00,0,0
1544348666,1004-eth2,586213.81,713616.38,1299830.25,714330,586800,202.80,680.32,883.12,681,203,0.00,0.00,0,0
1544348666,2004-eth4,1170861.12,717532.50,1888393.62,718250,1172032,403.60,720.28,1123.88,721,404,0.00,0.00,0,0
1544348666,1001-eth2,694685.31,633564.44,1328249.75,634198,695380,421.58,218.78,640.36,219,422,0.00,0.00,0,0
1544348666,1003-eth3,1230885.12,1170861.12,2401746.25,1172032,1232116,743.26,403.60,1146.85,404,744,0.00,0.00,0,0
1544348666,2002-eth4,10163.84,207912.09,218075.94,208120,10174,124.88,115.88,240.76,116,125,0.00,0.00,0,0
1544348666,1001-eth4,29003.00,12263.74,41266.73,12276,29032,307.69,185.81,493.51,186,308,0.00,0.00,0,0
1544348666,3001-eth2,588111.88,1958.04,590069.94,1960,588700,221.78,19.98,241.76,20,222,0.00,0.00,0,0
1544348666,1004-eth1,8205.79,590129.88,598335.69,590720,8214,104.90,242.76,347.65,243,105,0.00,0.00,0,0
1544348666,3005-eth4,1225896.12,512885.12,1738781.25,513398,1227122,809.19,684.32,1493.51,685,810,0.00,0.00,0,0
1544348666,1003-eth2,1170921.12,585664.38,1756585.50,586250,1172092,404.60,240.76,645.35,241,405,0.00,0.00,0,0
1544348666,3008-eth1,9398.60,47338.66,56737.27,47386,9408,95.90,516.48,612.39,517,96,0.00,0.00,0,0
1544348666,1002-eth3,3878.12,32753.25,36631.37,32786,3882,39.96,416.58,456.54,417,40,0.00,0.00,0,0
1544348666,2006-eth1,1170861.12,1230885.12,2401746.25,1232116,1172032,403.60,743.26,1146.85,744,404,0.00,0.00,0,0
1544348666,3003-eth1,26037.96,694685.31,720723.31,695380,26064,394.61,421.58,816.18,422,395,0.00,0.00,0,0
1544348666,2001-eth3,19304.70,7892.11,27196.80,7900,19324,253.75,80.92,334.67,81,254,0.00,0.00,0,0
1544348666,2008-eth2,0.00,3780.22,3780.22,3784,0,0.00,38.96,38.96,39,0,0.00,0.00,0,0
1544348666,2008-eth3,611512.50,1190127.88,1801640.38,1191318,612124,633.37,410.59,1043.96,411,634,0.00,0.00,0,0
1544348666,1001-eth3,633564.44,709466.56,1343031.00,710176,634198,218.78,523.48,742.26,524,219,0.00,0.00,0,0
1544348666,2007-eth4,47338.66,9398.60,56737.27,9408,47386,516.48,95.90,612.39,96,517,0.00,0.00,0,0
1544348666,2004-eth2,713616.38,586213.81,1299830.25,586800,714330,680.32,202.80,883.12,203,681,0.00,0.00,0,0
1544348666,3002-eth1,7832.17,7794.21,15626.37,7802,7840,79.92,79.92,159.84,80,80,0.00,0.00,0,0
1544348666,3004-eth1,633564.44,36363.64,669928.06,36400,634198,218.78,503.50,722.28,504,219,0.00,0.00,0,0
1544348666,2006-eth3,1230979.00,23700.30,1254679.38,23724,1232210,744.26,269.73,1013.99,270,745,0.00,0.00,0,0
1544348666,3004-eth2,717532.50,1170861.12,1888393.62,1172032,718250,720.28,403.60,1123.88,404,721,0.00,0.00,0,0
1544348666,3001-eth3,1219522.50,612503.50,1832026.00,613116,1220742,593.41,601.40,1194.81,602,594,0.00,0.00,0,0
1544348666,2003-eth4,36363.64,633564.44,669928.06,634198,36400,503.50,218.78,722.28,219,504,0.00,0.00,0,0
1544348666,2008-eth4,1193087.00,736137.88,1929224.88,736874,1194280,411.59,822.18,1233.77,823,412,0.00,0.00,0,0
1544348666,3008-eth3,20293.71,228243.77,248537.47,228472,20314,228.77,211.79,440.56,212,229,0.00,0.00,0,0
1544348666,2005-eth2,32753.25,3878.12,36631.37,3882,32786,416.58,39.96,456.54,40,417,0.00,0.00,0,0
1544348666,2006-eth4,729306.69,1170861.12,1900167.88,1172032,730036,847.15,403.60,1250.75,404,848,0.00,0.00,0,0
1544348666,3006-eth2,1170861.12,729306.69,1900167.88,730036,1172032,403.60,847.15,1250.75,848,404,0.00,0.00,0,0
1544348666,1003-eth4,581808.19,710093.94,1291902.12,710804,582390,201.80,427.57,629.37,428,202,0.00,0.00,0,0
1544348666,2006-eth2,8205.79,713872.12,722077.94,714586,8214,104.90,683.32,788.21,684,105,0.00,0.00,0,0
1544348666,3001-eth1,7892.11,19304.70,27196.80,19324,7900,80.92,253.75,334.67,254,81,0.00,0.00,0,0
1544348666,3008-eth2,736137.88,1193087.00,1929224.88,1194280,736874,822.18,411.59,1233.77,412,823,0.00,0.00,0,0
1544348666,2004-eth3,586153.88,581808.19,1167962.12,582390,586740,201.80,201.80,403.60,202,202,0.00,0.00,0,0
1544348666,3001-eth4,36091.91,1217672.38,1253764.25,1218890,36128,498.50,516.48,1014.99,517,499,0.00,0.00,0,0
1544348666,1003-eth1,3976.02,206013.98,209990.02,206220,3980,40.96,96.90,137.86,97,41,0.00,0.00,0,0
1544348666,3002-eth2,207912.09,10163.84,218075.94,10174,208120,115.88,124.88,240.76,125,116,0.00,0.00,0,0
1544348666,2005-eth4,149668.33,719252.75,868921.12,719972,149818,100.90,623.38,724.28,624,101,0.00,0.00,0,0
1544348666,3003-eth2,581808.19,586153.88,1167962.12,586740,582390,201.80,201.80,403.60,202,202,0.00,0.00,0,0
1544348666,2007-eth1,12263.74,29003.00,41266.73,29032,12276,185.81,307.69,493.51,308,186,0.00,0.00,0,0
1544348666,1002-eth4,20489.51,15272.73,35762.24,15288,20510,230.77,155.84,386.61,156,231,0.00,0.00,0,0
1544348666,3002-eth4,1215478.50,224019.98,1439498.50,224244,1216694,378.62,369.63,748.25,370,379,0.00,0.00,0,0
1544348666,2007-eth3,7636.36,23620.38,31256.74,23644,7644,77.92,301.70,379.62,302,78,0.00,0.00,0,0
1544348666,3005-eth1,168971.03,633564.44,802535.50,634198,169140,380.62,218.78,599.40,219,381,0.00,0.00,0,0
1544348666,2001-eth4,7794.21,7832.17,15626.37,7840,7802,79.92,79.92,159.84,80,80,0.00,0.00,0,0
1544348666,3003-eth4,1203964.12,607726.31,1811690.38,608334,1205168,598.40,594.41,1192.81,595,599,0.00,0.00,0,0
1544348666,2004-eth1,585664.38,1170921.12,1756585.50,1172092,586250,240.76,404.60,645.35,405,241,0.00,0.00,0,0
1544348666,3006-eth4,1226837.25,1219250.75,2446088.00,1220470,1228064,879.12,920.08,1799.20,921,880,0.00,0.00,0,0
1544348666,3007-eth1,23620.38,7636.36,31256.74,7644,23644,301.70,77.92,379.62,78,302,0.00,0.00,0,0
1544348666,2008-eth1,710093.94,581808.19,1291902.12,582390,710804,427.57,201.80,629.37,202,428,0.00,0.00,0,0
1544348666,2002-eth2,590129.88,8205.79,598335.69,8214,590720,242.76,104.90,347.65,105,243,0.00,0.00,0,0
1544348666,2003-eth1,633564.44,694685.31,1328249.75,695380,634198,218.78,421.58,640.36,422,219,0.00,0.00,0,0
1544348666,3008-eth4,1208675.38,505676.34,1714351.75,506182,1209884,577.42,582.42,1159.84,583,578,0.00,0.00,0,0
1544348666,1004-eth4,3780.22,0.00,3780.22,0,3784,38.96,0.00,38.96,0,39,0.00,0.00,0,0
1544348666,3006-eth1,719252.75,149668.33,868921.12,149818,719972,623.38,100.90,724.28,101,624,0.00,0.00,0,0
1544348666,1004-eth3,713872.12,8205.79,722077.94,8214,714586,683.32,104.90,788.21,105,684,0.00,0.00,0,0
1544348666,1002-eth2,21858.14,11472.53,33330.67,11484,21880,283.72,173.83,457.54,174,284,0.00,0.00,0,0
1544348666,3004-eth3,21858.14,643158.88,665017.00,643802,21880,283.72,316.68,600.40,317,284,0.00,0.00,0,0
1544348666,2003-eth3,694685.31,26037.96,720723.31,26064,695380,421.58,394.61,816.18,395,422,0.00,0.00,0,0
1544348666,2005-eth1,709466.56,633564.44,1343031.00,634198,710176,523.48,218.78,742.26,219,524,0.00,0.00,0,0
1544348666,3002-eth3,27758.24,1212517.50,1240275.75,1213730,27786,372.63,372.63,745.25,373,373,0.00,0.00,0,0
1544348666,3006-eth3,46437.56,699894.12,746331.69,700594,46484,491.51,452.55,944.06,453,492,0.00,0.00,0,0
1544348666,2001-eth1,1958.04,0.00,1958.04,0,1960,19.98,0.00,19.98,0,20,0.00,0.00,0,0
1544348666,3005-eth2,23700.30,1230979.00,1254679.38,1232210,23724,269.73,744.26,1013.99,745,270,0.00,0.00,0,0
1544348666,2001-eth2,9790.21,23122.88,32913.09,23146,9800,99.90,292.71,392.61,293,100,0.00,0.00,0,0
1544348666,3007-eth2,1190127.88,611512.50,1801640.38,612124,1191318,410.59,633.37,1043.96,634,411,0.00,0.00,0,0
1544348666,1001-eth1,0.00,1958.04,1958.04,1960,0,0.00,19.98,19.98,20,0,0.00,0.00,0,0
1544348666,3007-eth4,23242.76,654995.00,678237.75,655650,23266,304.70,320.68,625.37,321,305,0.00,0.00,0,0
1544348666,2003-eth2,11472.53,21858.14,33330.67,21880,11484,173.83,283.72,457.54,284,174,0.00,0.00,0,0
1544348666,3007-eth3,1218201.88,1216105.88,2434307.75,1217322,1219420,792.21,804.20,1596.40,805,793,0.00,0.00,0,0
1544348666,1002-eth1,23122.88,9790.21,32913.09,9800,23146,292.71,99.90,392.61,100,293,0.00,0.00,0,0
1544348666,2002-eth3,1958.04,588111.88,590069.94,588700,1960,19.98,221.78,241.76,222,20,0.00,0.00,0,0
1544348666,2007-eth2,15272.73,20489.51,35762.24,20510,15288,155.84,230.77,386.61,231,156,0.00,0.00,0,0
1544348666,total,37469360.00,36817908.00,74287264.00,36854724,37506828,28092.91,28065.93,56158.84,28094,28121,0.00,0.00,0,0
1544348667,3003-eth3,1223634.38,1222221.75,2445856.25,1223444,1224858,787.21,809.19,1596.40,810,788,0.00,0.00,0,0
1544348667,2002-eth1,219104.91,3916.08,223020.98,3920,219324,97.90,39.96,137.86,40,98,0.00,0.00,0,0
1544348667,lo,8411.59,8411.59,16823.18,8420,8420,82.92,82.92,165.83,83,83,0.00,0.00,0,0
1544348667,3005-eth3,1226847.12,326179.84,1553027.00,326506,1228074,617.38,646.35,1263.74,647,618,0.00,0.00,0,0
1544348667,2005-eth3,632111.88,296751.25,928863.19,297048,632744,218.78,419.58,638.36,420,219,0.00,0.00,0,0
1544348667,3004-eth4,1178855.12,680845.19,1859700.38,681526,1180034,612.39,606.39,1218.78,607,613,0.00,0.00,0,0
1544348667,1004-eth2,584707.31,686785.25,1271492.50,687472,585292,201.80,667.33,869.13,668,202,0.00,0.00,0,0
1544348667,2004-eth4,1164745.25,690701.31,1855446.62,691392,1165910,398.60,707.29,1105.89,708,399,0.00,0.00,0,0
1544348667,1001-eth2,667856.19,632051.94,1299908.12,632684,668524,409.59,217.78,627.37,218,410,0.00,0.00,0,0
1544348667,1003-eth3,1227800.25,1164805.25,2392605.50,1165970,1229028,636.36,399.60,1035.96,400,637,0.00,0.00,0,0
1544348667,2002-eth4,8353.65,221062.94,229416.59,221284,8362,116.88,117.88,234.77,118,117,0.00,0.00,0,0
1544348667,1001-eth4,35670.33,12131.87,47802.20,12144,35706,378.62,183.82,562.44,184,379,0.00,0.00,0,0
1544348667,3001-eth2,586665.38,1958.04,588623.38,1960,587252,221.78,19.98,241.76,20,222,0.00,0.00,0,0
1544348667,1004-eth1,6395.60,588623.38,595019.00,589212,6402,96.90,241.76,338.66,242,97,0.00,0.00,0,0
1544348667,3005-eth4,1227576.50,651196.81,1878773.25,651848,1228804,723.28,639.36,1362.64,640,724,0.00,0.00,0,0
1544348667,1003-eth2,1164745.25,566457.56,1731202.88,567024,1165910,398.60,234.77,633.37,235,399,0.00,0.00,0,0
1544348667,3008-eth1,9692.31,49536.46,59228.77,49586,9702,98.90,550.45,649.35,551,99,0.00,0.00,0,0
1544348667,1002-eth3,3916.08,28971.03,32887.11,29000,3920,39.96,390.61,430.57,391,40,0.00,0.00,0,0
1544348667,2006-eth1,1164805.25,1227800.25,2392605.50,1229028,1165970,399.60,636.36,1035.96,637,400,0.00,0.00,0,0
1544348667,3003-eth1,26175.82,667856.19,694032.00,668524,26202,396.60,409.59,806.19,410,397,0.00,0.00,0,0
1544348667,2001-eth3,19958.04,7832.17,27790.21,7840,19978,263.74,79.92,343.66,80,264,0.00,0.00,0,0
1544348667,2008-eth2,0.00,3916.08,3916.08,3920,0,0.00,39.96,39.96,40,0,0.00,0.00,0,0
1544348667,2008-eth3,592309.69,1196046.00,1788355.75,1197242,592902,626.37,412.59,1038.96,413,627,0.00,0.00,0,0
1544348667,1001-eth3,632051.94,689496.50,1321548.50,690186,632684,217.78,585.41,803.20,586,218,0.00,0.00,0,0
1544348667,2007-eth4,49536.46,9692.31,59228.77,9702,49586,550.45,98.90,649.35,99,551,0.00,0.00,0,0
1544348667,2004-eth2,686785.25,584707.31,1271492.50,585292,687472,667.33,201.80,869.13,202,668,0.00,0.00,0,0
1544348667,3002-eth1,7832.17,7832.17,15664.34,7840,7840,79.92,79.92,159.84,80,80,0.00,0.00,0,0
1544348667,3004-eth1,632051.94,36889.11,668941.06,36926,632684,217.78,510.49,728.27,511,218,0.00,0.00,0,0
1544348667,2006-eth3,1223394.62,31468.53,1254863.12,31500,1224618,635.36,363.64,999.00,364,636,0.00,0.00,0,0
1544348667,3004-eth2,690701.31,1164745.25,1855446.62,1165910,691392,707.29,398.60,1105.89,399,708,0.00,0.00,0,0
1544348667,3001-eth3,1219660.38,611056.94,1830717.38,611668,1220880,595.40,601.40,1196.80,602,596,0.00,0.00,0,0
1544348667,2003-eth4,36889.11,632051.94,668941.06,632684,36926,510.49,217.78,728.27,218,511,0.00,0.00,0,0
1544348667,2008-eth4,1196046.00,932415.62,2128461.50,933348,1197242,412.59,873.13,1285.71,874,413,0.00,0.00,0,0
1544348667,3008-eth3,15824.18,243130.88,258955.05,243374,15840,191.81,194.81,386.61,195,192,0.00,0.00,0,0
1544348667,2005-eth2,28971.03,3916.08,32887.11,3920,29000,390.61,39.96,430.57,40,391,0.00,0.00,0,0
1544348667,2006-eth4,711918.12,1164805.25,1876723.38,1165970,712630,935.06,399.60,1334.67,400,936,0.00,0.00,0,0
1544348667,3006-eth2,1164805.25,711918.12,1876723.38,712630,1165970,399.60,935.06,1334.67,936,400,0.00,0.00,0,0
1544348667,1003-eth4,562481.56,906503.50,1468985.00,907410,563044,193.81,480.52,674.33,481,194,0.00,0.00,0,0
1544348667,2006-eth2,6455.54,686785.25,693240.75,687472,6462,97.90,667.33,765.23,668,98,0.00,0.00,0,0
1544348667,3001-eth1,7832.17,19958.04,27790.21,19978,7840,79.92,263.74,343.66,264,80,0.00,0.00,0,0
1544348667,3008-eth2,932415.62,1196046.00,2128461.50,1197242,933348,873.13,412.59,1285.71,413,874,0.00,0.00,0,0
1544348667,2004-eth3,584767.25,562481.56,1147248.75,563044,585352,202.80,193.81,396.60,194,203,0.00,0.00,0,0
1544348667,3001-eth4,36163.84,1220631.38,1256795.25,1221852,36200,499.50,517.48,1016.98,518,500,0.00,0.00,0,0
1544348667,1003-eth1,3916.08,219104.91,223020.98,219324,3920,39.96,97.90,137.86,98,40,0.00,0.00,0,0
1544348667,3002-eth2,221062.94,8353.65,229416.59,8362,221284,117.88,116.88,234.77,117,118,0.00,0.00,0,0
1544348667,2005-eth4,281606.41,699192.81,980799.25,699892,281888,170.83,684.32,855.14,685,171,0.00,0.00,0,0
1544348667,3003-eth2,562481.56,584767.25,1147248.75,585352,563044,193.81,202.80,396.60,203,194,0.00,0.00,0,0
1544348667,2007-eth1,12131.87,35670.33,47802.20,35706,12144,183.82,378.62,562.44,379,184,0.00,0.00,0,0
1544348667,1002-eth4,15982.02,15664.34,31646.36,15680,15998,193.81,159.84,353.65,160,194,0.00,0.00,0,0
1544348667,3002-eth4,1213264.75,236181.83,1449446.62,236418,1214478,366.63,356.64,723.28,357,367,0.00,0.00,0,0
1544348667,2007-eth3,7734.27,23782.22,31516.48,23806,7742,78.92,302.70,381.62,303,79,0.00,0.00,0,0
1544348667,3005-eth1,296751.25,632111.88,928863.19,632744,297048,419.58,218.78,638.36,219,420,0.00,0.00,0,0
1544348667,2001-eth4,7832.17,7832.17,15664.34,7840,7840,79.92,79.92,159.84,80,80,0.00,0.00,0,0
1544348667,3003-eth4,1208177.88,588525.50,1796703.38,589114,1209386,596.40,588.41,1184.82,589,597,0.00,0.00,0,0
1544348667,2004-eth1,566457.56,1164745.25,1731202.88,1165910,567024,234.77,398.60,633.37,399,235,0.00,0.00,0,0
1544348667,3006-eth4,1234837.25,1221210.88,2456048.00,1222432,1236072,1153.85,1012.99,2166.83,1014,1155,0.00,0.00,0,0
1544348667,3007-eth1,23782.22,7734.27,31516.48,7742,23806,302.70,78.92,381.62,79,303,0.00,0.00,0,0
1544348667,2008-eth1,906503.50,562481.56,1468985.00,563044,907410,480.52,193.81,674.33,194,481,0.00,0.00,0,0
1544348667,2002-eth2,588623.38,6395.60,595019.00,6402,589212,241.76,96.90,338.66,97,242,0.00,0.00,0,0
1544348667,2003-eth1,632051.94,667856.19,1299908.12,668524,632684,217.78,409.59,627.37,410,218,0.00,0.00,0,0
1544348667,3008-eth4,1217972.00,690591.44,1908563.50,691282,1219190,676.32,688.31,1364.64,689,677,0.00,0.00,0,0
1544348667,1004-eth4,3916.08,0.00,3916.08,0,3920,39.96,0.00,39.96,0,40,0.00,0.00,0,0
1544348667,3006-eth1,699192.81,281606.41,980799.25,281888,699892,684.32,170.83,855.14,171,685,0.00,0.00,0,0
1544348667,1004-eth3,686785.25,6455.54,693240.75,6462,687472,667.33,97.90,765.23,98,668,0.00,0.00,0,0
1544348667,1002-eth2,22839.16,12065.93,34905.10,12078,22862,297.70,182.82,480.52,183,298,0.00,0.00,0,0
1544348667,3004-eth3,22779.22,641842.19,664621.38,642484,22802,296.70,317.68,614.39,318,297,0.00,0.00,0,0
1544348667,2003-eth3,667856.19,26175.82,694032.00,26202,668524,409.59,396.60,806.19,397,410,0.00,0.00,0,0
1544348667,2005-eth1,689496.50,632051.94,1321548.50,632684,690186,585.41,217.78,803.20,218,586,0.00,0.00,0,0
1544348667,3002-eth3,26867.13,1212253.75,1239120.88,1213466,26894,358.64,368.63,727.27,369,359,0.00,0.00,0,0
1544348667,3006-eth3,57770.23,911146.88,968917.12,912058,57828,624.38,584.42,1208.79,585,625,0.00,0.00,0,0
1544348667,2001-eth1,2017.98,0.00,2017.98,0,2020,20.98,0.00,20.98,0,21,0.00,0.00,0,0
1544348667,3005-eth2,31468.53,1223394.62,1254863.12,1224618,31500,363.64,635.36,999.00,636,364,0.00,0.00,0,0
1544348667,2001-eth2,9850.15,23874.13,33724.28,23898,9860,100.90,303.70,404.60,304,101,0.00,0.00,0,0
1544348667,3007-eth2,1196046.00,592309.69,1788355.75,592902,1197242,412.59,626.37,1038.96,627,413,0.00,0.00,0,0
1544348667,1001-eth1,0.00,2017.98,2017.98,2020,0,0.00,20.98,20.98,21,0,0.00,0.00,0,0
1544348667,3007-eth4,23604.40,658051.94,681656.38,658710,23628,309.69,322.68,632.37,323,310,0.00,0.00,0,0
1544348667,2003-eth2,12065.93,22839.16,34905.10,22862,12078,182.82,297.70,480.52,298,183,0.00,0.00,0,0
1544348667,3007-eth3,1221364.62,1222024.00,2443388.75,1223246,1222586,796.20,806.19,1602.40,807,797,0.00,0.00,0,0
1544348667,1002-eth1,23874.13,9850.15,33724.28,9860,23898,303.70,100.90,404.60,101,304,0.00,0.00,0,0
1544348667,2002-eth3,1958.04,586665.38,588623.38,587252,1960,19.98,221.78,241.76,222,20,0.00,0.00,0,0
1544348667,2007-eth2,15664.34,15982.02,31646.36,15998,15680,159.84,193.81,353.65,194,160,0.00,0.00,0,0
1544348667,total,37823504.00,37805400.00,75628912.00,37843204,37861330,28666.33,28521.48,57187.81,28550,28695,0.00,0.00,0,0
1544348668,3003-eth3,1217986.00,1222024.00,2440010.00,1223246,1219204,789.21,806.19,1595.40,807,790,0.00,0.00,0,0
1544348668,2002-eth1,273810.19,3916.08,277726.28,3920,274084,93.91,39.96,133.87,40,94,0.00,0.00,0,0
1544348668,lo,8005.99,8005.99,16011.99,8014,8014,77.92,77.92,155.84,78,78,0.00,0.00,0,0
1544348668,3005-eth3,1228555.50,622731.31,1851286.75,623354,1229784,719.28,768.23,1487.51,769,720,0.00,0.00,0,0
1544348668,2005-eth3,677950.06,591670.38,1269620.38,592262,678628,233.77,526.47,760.24,527,234,0.00,0.00,0,0
1544348668,3004-eth4,1197912.12,655586.44,1853498.50,656242,1199110,550.45,552.45,1102.90,553,551,0.00,0.00,0,0
1544348668,1004-eth2,590625.38,661520.50,1252145.88,662182,591216,203.80,613.39,817.18,614,204,0.00,0.00,0,0
1544348668,2004-eth4,1184323.75,665376.62,1849700.38,666042,1185508,344.66,652.35,997.00,653,345,0.00,0.00,0,0
1544348668,1001-eth2,645624.38,677950.06,1323574.50,678628,646270,401.60,233.77,635.36,234,402,0.00,0.00,0,0
1544348668,1003-eth3,1230131.88,1184263.75,2414395.75,1185448,1231362,684.32,343.66,1027.97,344,685,0.00,0.00,0,0
1544348668,2002-eth4,6639.36,275768.25,282407.59,276044,6646,90.91,113.89,204.80,114,91,0.00,0.00,0,0
1544348668,1001-eth4,41176.82,12125.87,53302.70,12138,41218,437.56,183.82,621.38,184,438,0.00,0.00,0,0
1544348668,3001-eth2,592583.44,1958.04,594541.50,1960,593176,223.78,19.98,243.76,20,224,0.00,0.00,0,0
1544348668,1004-eth1,4741.26,594541.50,599282.75,595136,4746,71.93,243.76,315.68,244,72,0.00,0.00,0,0
1544348668,3005-eth4,1229464.62,750028.00,1979492.50,750778,1230694,744.26,668.33,1412.59,669,745,0.00,0.00,0,0
1544348668,1003-eth2,1184263.75,557520.50,1741784.25,558078,1185448,343.66,230.77,574.43,231,344,0.00,0.00,0,0
1544348668,3008-eth1,9752.25,54351.65,64103.90,54406,9762,99.90,599.40,699.30,600,100,0.00,0.00,0,0
1544348668,1002-eth3,3818.18,29340.66,33158.84,29370,3822,38.96,396.60,435.56,397,39,0.00,0.00,0,0
1544348668,2006-eth1,1184263.75,1230131.88,2414395.75,1231362,1185448,343.66,684.32,1027.97,685,344,0.00,0.00,0,0
1544348668,3003-eth1,25978.02,645564.44,671542.50,646210,26004,393.61,400.60,794.21,401,394,0.00,0.00,0,0
1544348668,2001-eth3,20161.84,7734.27,27896.11,7742,20182,266.73,78.92,345.65,79,267,0.00,0.00,0,0
1544348668,2008-eth2,59.94,3916.08,3976.02,3920,60,1.00,39.96,40.96,40,1,0.00,0.00,0,0
1544348668,2008-eth3,583756.25,1199005.00,1782761.25,1200204,584340,628.37,413.59,1041.96,414,629,0.00,0.00,0,0
1544348668,1001-eth3,678010.00,672723.31,1350733.25,673396,678688,234.77,635.36,870.13,636,235,0.00,0.00,0,0
1544348668,2007-eth4,54351.65,9752.25,64103.90,9762,54406,599.40,99.90,699.30,100,600,0.00,0.00,0,0
1544348668,2004-eth2,661520.50,590625.38,1252145.88,591216,662182,613.39,203.80,817.18,204,614,0.00,0.00,0,0
1544348668,3002-eth1,7636.36,7832.17,15468.53,7840,7644,77.92,79.92,157.84,80,78,0.00,0.00,0,0
1544348668,3004-eth1,677950.06,37450.55,715400.62,37488,678628,233.77,519.48,753.25,520,234,0.00,0.00,0,0
1544348668,2006-eth3,1231324.75,30129.87,1261454.62,30160,1232556,681.32,341.66,1022.98,342,682,0.00,0.00,0,0
1544348668,3004-eth2,665376.62,1184323.75,1849700.38,1185508,666042,652.35,344.66,997.00,345,653,0.00,0.00,0,0
1544348668,3001-eth3,1222973.00,616999.00,1839972.12,617616,1224196,601.40,603.40,1204.80,604,602,0.00,0.00,0,0
1544348668,2003-eth4,37450.55,677950.06,715400.62,678628,37488,519.48,233.77,753.25,234,520,0.00,0.00,0,0
1544348668,2008-eth4,1199065.00,998841.19,2197906.25,999840,1200264,414.59,956.04,1370.63,957,415,0.00,0.00,0,0
1544348668,3008-eth3,15192.81,330913.09,346105.91,331244,15208,182.82,209.79,392.61,210,183,0.00,0.00,0,0
1544348668,2005-eth2,29340.66,3818.18,33158.84,3822,29370,396.60,38.96,435.56,39,397,0.00,0.00,0,0
1544348668,2006-eth4,686815.19,1184263.75,1871079.00,1185448,687502,882.12,343.66,1225.77,344,883,0.00,0.00,0,0
1544348668,3006-eth2,1184263.75,686815.19,1871079.00,687502,1185448,343.66,882.12,1225.77,883,344,0.00,0.00,0,0
1544348668,1003-eth4,553604.44,972665.38,1526269.75,973638,554158,190.81,559.44,750.25,560,191,0.00,0.00,0,0
1544348668,2006-eth2,4681.32,661460.56,666141.88,662122,4686,70.93,612.39,683.32,613,71,0.00,0.00,0,0
1544348668,3001-eth1,7734.27,20161.84,27896.11,20182,7742,78.92,266.73,345.65,267,79,0.00,0.00,0,0
1544348668,3008-eth2,998841.19,1199065.00,2197906.25,1200264,999840,956.04,414.59,1370.63,415,957,0.00,0.00,0,0
1544348668,2004-eth3,590625.38,553604.44,1144229.75,554158,591216,203.80,190.81,394.61,191,204,0.00,0.00,0,0
1544348668,3001-eth4,36097.90,1222046.00,1258143.88,1223268,36134,498.50,517.48,1015.98,518,499,0.00,0.00,0,0
1544348668,1003-eth1,3916.08,273810.19,277726.28,274084,3920,39.96,93.91,133.87,94,40,0.00,0.00,0,0
1544348668,3002-eth2,275768.25,6639.36,282407.59,6646,276044,113.89,90.91,204.80,91,114,0.00,0.00,0,0
1544348668,2005-eth4,575840.19,682415.62,1258255.75,683098,576416,267.73,734.27,1002.00,735,268,0.00,0.00,0,0
1544348668,3003-eth2,553604.44,590625.38,1144229.75,591216,554158,190.81,203.80,394.61,204,191,0.00,0.00,0,0
1544348668,2007-eth1,12125.87,41176.82,53302.70,41218,12138,183.82,437.56,621.38,438,184,0.00,0.00,0,0
1544348668,1002-eth4,15034.97,15626.37,30661.34,15642,15050,180.82,159.84,340.66,160,181,0.00,0.00,0,0
1544348668,3002-eth4,1212525.50,288513.50,1501039.00,288802,1213738,311.69,316.68,628.37,317,312,0.00,0.00,0,0
1544348668,2007-eth3,7864.14,23814.19,31678.32,23838,7872,80.92,302.70,383.62,303,81,0.00,0.00,0,0
1544348668,3005-eth1,591670.38,677950.06,1269620.38,678628,592262,526.47,233.77,760.24,234,527,0.00,0.00,0,0
1544348668,2001-eth4,7832.17,7636.36,15468.53,7644,7840,79.92,77.92,157.84,78,80,0.00,0.00,0,0
1544348668,3003-eth4,1208046.00,579648.38,1787694.38,580228,1209254,594.41,585.41,1179.82,586,595,0.00,0.00,0,0
1544348668,2004-eth1,557520.50,1184263.75,1741784.25,1185448,558078,230.77,343.66,574.43,344,231,0.00,0.00,0,0
1544348668,3006-eth4,1230917.12,1217452.62,2448369.75,1218670,1232148,897.10,784.22,1681.32,785,898,0.00,0.00,0,0
1544348668,3007-eth1,23814.19,7864.14,31678.32,7872,23838,302.70,80.92,383.62,81,303,0.00,0.00,0,0
1544348668,2008-eth1,972665.38,553604.44,1526269.75,554158,973638,559.44,190.81,750.25,191,560,0.00,0.00,0,0
1544348668,2002-eth2,594541.50,4741.26,599282.75,4746,595136,243.76,71.93,315.68,72,244,0.00,0.00,0,0
1544348668,2003-eth1,677950.06,645624.38,1323574.50,646270,678628,233.77,401.60,635.36,402,234,0.00,0.00,0,0
1544348668,3008-eth4,1224607.38,663502.50,1888110.00,664166,1225832,686.31,694.31,1380.62,695,687,0.00,0.00,0,0
1544348668,1004-eth4,3916.08,59.94,3976.02,60,3920,39.96,1.00,40.96,1,40,0.00,0.00,0,0
1544348668,3006-eth1,682415.62,575840.19,1258255.75,576416,683098,734.27,267.73,1002.00,268,735,0.00,0.00,0,0
1544348668,1004-eth3,661460.56,4681.32,666141.88,4686,662122,612.39,70.93,683.32,71,613,0.00,0.00,0,0
1544348668,1002-eth2,23802.20,12399.60,36201.80,12412,23826,312.69,187.81,500.50,188,313,0.00,0.00,0,0
1544348668,3004-eth3,23802.20,687740.25,711542.50,688428,23826,312.69,333.67,646.35,334,313,0.00,0.00,0,0
1544348668,2003-eth3,645564.44,25978.02,671542.50,26004,646210,400.60,393.61,794.21,394,401,0.00,0.00,0,0
1544348668,2005-eth1,672723.31,678010.00,1350733.25,678688,673396,635.36,234.77,870.13,235,636,0.00,0.00,0,0
1544348668,3002-eth3,24493.51,1208237.75,1232731.25,1209446,24518,322.68,330.67,653.35,331,323,0.00,0.00,0,0
1544348668,3006-eth3,29010.99,923051.00,952061.94,923974,29040,391.61,414.59,806.19,415,392,0.00,0.00,0,0
1544348668,2001-eth1,1958.04,59.94,2017.98,60,1960,19.98,1.00,20.98,1,20,0.00,0.00,0,0
1544348668,3005-eth2,30129.87,1231324.75,1261454.62,1232556,30160,341.66,681.32,1022.98,682,342,0.00,0.00,0,0
1544348668,2001-eth2,9496.50,24077.92,33574.43,24102,9506,96.90,306.69,403.60,307,97,0.00,0.00,0,0
1544348668,3007-eth2,1199005.00,583756.25,1782761.25,584340,1200204,413.59,628.37,1041.96,629,414,0.00,0.00,0,0
1544348668,1001-eth1,59.94,1958.04,2017.98,1960,60,1.00,19.98,20.98,20,1,0.00,0.00,0,0
1544348668,3007-eth4,23736.26,656637.38,680373.62,657294,23760,311.69,322.68,634.37,323,312,0.00,0.00,0,0
1544348668,2003-eth2,12399.60,23802.20,36201.80,23826,12412,187.81,312.69,500.50,313,188,0.00,0.00,0,0
1544348668,3007-eth3,1223140.88,1225114.88,2448255.75,1226340,1224364,801.20,809.19,1610.39,810,802,0.00,0.00,0,0
1544348668,1002-eth1,24077.92,9496.50,33574.43,9506,24102,306.69,96.90,403.60,97,307,0.00,0.00,0,0
1544348668,2002-eth3,1958.04,592583.44,594541.50,593176,1960,19.98,223.78,243.76,224,20,0.00,0.00,0,0
1544348668,2007-eth2,15626.37,15034.97,30661.34,15050,15642,159.84,180.82,340.66,181,160,0.00,0.00,0,0
1544348668,total,38739460.00,39261228.00,78000688.00,39300486,38778200,28362.64,28364.64,56727.27,28393,28391,0.00,0.00,0,0
1544348669,3003-eth3,1217255.50,1217848.38,2435103.75,1220284,1219690,795.41,804.39,1599.80,806,797,0.00,0.00,0,0
1544348669,2002-eth1,254355.30,3912.18,258267.47,3920,254864,87.82,39.92,127.74,40,88,0.00,0.00,0,0
1544348669,lo,70752.50,70752.50,141505.00,70894,70894,288.42,288.42,576.85,289,289,0.00,0.00,0,0
1544348669,3005-eth3,1225702.62,248514.98,1474217.62,249012,1228154,583.83,594.81,1178.64,596,585,0.00,0.00,0,0
1544348669,2005-eth3,687652.69,221634.73,909287.44,222078,689028,237.52,402.20,639.72,403,238,0.00,0.00,0,0
1544348669,3004-eth4,1198036.00,645483.06,1843519.00,646774,1200432,613.77,605.79,1219.56,607,615,0.00,0.00,0,0
1544348669,1004-eth2,598904.19,651253.50,1250157.75,652556,600102,206.59,664.67,871.26,666,207,0.00,0.00,0,0
1544348669,2004-eth4,1184473.12,655225.56,1839698.62,656536,1186842,408.18,705.59,1113.77,707,409,0.00,0.00,0,0
1544348669,1001-eth2,631650.69,687712.56,1319363.25,689088,632914,396.21,238.52,634.73,239,397,0.00,0.00,0,0
1544348669,1003-eth3,1219531.00,1184473.12,2404004.00,1186842,1221970,619.76,408.18,1027.94,409,621,0.00,0.00,0,0
1544348669,2002-eth4,6824.35,256371.27,263195.62,256884,6838,93.81,108.78,202.59,109,94,0.00,0.00,0,0
1544348669,1001-eth4,46906.19,11988.02,58894.21,12012,47000,499.00,181.64,680.64,182,500,0.00,0.00,0,0
1544348669,3001-eth2,600920.19,2015.97,602936.12,2020,602122,227.54,20.96,248.50,21,228,0.00,0.00,0,0
1544348669,1004-eth1,4808.38,602816.38,607624.75,604022,4818,72.85,246.51,319.36,247,73,0.00,0.00,0,0
1544348669,3005-eth4,1216872.25,597612.81,1814485.12,598808,1219306,697.60,690.62,1388.22,692,699,0.00,0.00,0,0
1544348669,1003-eth2,1184473.12,558475.06,1742948.12,559592,1186842,408.18,231.54,639.72,232,409,0.00,0.00,0,0
1544348669,3008-eth1,9682.63,60856.29,70538.92,60978,9702,98.80,671.66,770.46,673,99,0.00,0.00,0,0
1544348669,1002-eth3,3912.18,30463.07,34375.25,30524,3920,39.92,413.17,453.09,414,40,0.00,0.00,0,0
1544348669,2006-eth1,1184473.12,1219531.00,2404004.00,1221970,1186842,408.18,619.76,1027.94,621,409,0.00,0.00,0,0
1544348669,3003-eth1,25952.10,631710.62,657662.69,632974,26004,393.21,397.21,790.42,398,394,0.00,0.00,0,0
1544348669,2001-eth3,20175.65,7824.35,28000.00,7840,20216,267.47,79.84,347.31,80,268,0.00,0.00,0,0
1544348669,2008-eth2,0.00,3814.37,3814.37,3822,0,0.00,38.92,38.92,39,0,0.00,0.00,0,0
1544348669,2008-eth3,583012.00,1191956.12,1774968.12,1194340,584178,603.79,412.18,1015.97,413,605,0.00,0.00,0,0
1544348669,1001-eth3,687652.69,664546.94,1352199.62,665876,689028,237.52,692.61,930.14,694,238,0.00,0.00,0,0
1544348669,2007-eth4,60856.29,9682.63,70538.92,9702,60978,671.66,98.80,770.46,99,673,0.00,0.00,0,0
1544348669,2004-eth2,651253.50,598904.19,1250157.75,600102,652556,664.67,206.59,871.26,207,666,0.00,0.00,0,0
1544348669,3002-eth1,7884.23,7824.35,15708.58,7840,7900,80.84,79.84,160.68,80,81,0.00,0.00,0,0
1544348669,3004-eth1,687712.56,37802.39,725515.00,37878,689088,238.52,524.95,763.47,526,239,0.00,0.00,0,0
1544348669,2006-eth3,1216734.62,31920.16,1248654.75,31984,1219168,620.76,361.28,982.04,362,622,0.00,0.00,0,0
1544348669,3004-eth2,655225.56,1184473.12,1839698.62,1186842,656536,705.59,408.18,1113.77,409,707,0.00,0.00,0,0
1544348669,3001-eth3,1219125.75,625185.62,1844311.38,626436,1221564,604.79,604.79,1209.58,606,606,0.00,0.00,0,0
1544348669,2003-eth4,37802.39,687712.56,725515.00,689088,37878,524.95,238.52,763.47,239,526,0.00,0.00,0,0
1544348669,2008-eth4,1191896.25,1084125.75,2276022.00,1086294,1194280,411.18,977.05,1388.22,979,412,0.00,0.00,0,0
1544348669,3008-eth3,15906.19,321714.59,337620.78,322358,15938,192.61,206.59,399.20,207,193,0.00,0.00,0,0
1544348669,2005-eth2,30463.07,3912.18,34375.25,3920,30524,413.17,39.92,453.09,40,414,0.00,0.00,0,0
1544348669,2006-eth4,678463.06,1184473.12,1862936.12,1186842,679820,954.09,408.18,1362.28,409,956,0.00,0.00,0,0
1544348669,3006-eth2,1184473.12,678463.06,1862936.12,679820,1186842,408.18,954.09,1362.28,956,409,0.00,0.00,0,0
1544348669,1003-eth4,554562.88,1056535.00,1611097.88,1058648,555672,191.62,602.79,794.41,604,192,0.00,0.00,0,0
1544348669,2006-eth2,4808.38,651351.31,656159.69,652654,4818,72.85,665.67,738.52,667,73,0.00,0.00,0,0
1544348669,3001-eth1,7824.35,20175.65,28000.00,20216,7840,79.84,267.47,347.31,268,80,0.00,0.00,0,0
1544348669,3008-eth2,1084125.75,1191896.25,2276022.00,1194280,1086294,977.05,411.18,1388.22,412,979,0.00,0.00,0,0
1544348669,2004-eth3,598904.19,554562.88,1153467.12,555672,600102,206.59,191.62,398.20,192,207,0.00,0.00,0,0
1544348669,3001-eth4,36029.94,1216457.12,1252487.00,1218890,36102,498.00,515.97,1013.97,517,499,0.00,0.00,0,0
1544348669,1003-eth1,3912.18,254355.30,258267.47,254864,3920,39.92,87.82,127.74,88,40,0.00,0.00,0,0
1544348669,3002-eth2,256371.27,6824.35,263195.62,6838,256884,108.78,93.81,202.59,94,109,0.00,0.00,0,0
1544348669,2005-eth4,204864.28,674327.38,879191.62,675676,205274,128.74,792.42,921.16,794,129,0.00,0.00,0,0
1544348669,3003-eth2,554562.88,598904.19,1153467.12,600102,555672,191.62,206.59,398.20,207,192,0.00,0.00,0,0
1544348669,2007-eth1,11988.02,46906.19,58894.21,47000,12012,181.64,499.00,680.64,500,182,0.00,0.00,0,0
1544348669,1002-eth4,15906.19,15453.09,31359.28,15484,15938,192.61,157.68,350.30,158,193,0.00,0.00,0,0
1544348669,3002-eth4,1208558.88,267528.94,1476087.88,268064,1210976,291.42,287.43,578.84,288,292,0.00,0.00,0,0
1544348669,2007-eth3,7824.35,23686.63,31510.98,23734,7840,79.84,301.40,381.24,302,80,0.00,0.00,0,0
1544348669,3005-eth1,221634.73,687652.69,909287.44,689028,222078,402.20,237.52,639.72,238,403,0.00,0.00,0,0
1544348669,2001-eth4,7824.35,7884.23,15708.58,7900,7840,79.84,80.84,160.68,81,80,0.00,0.00,0,0
1544348669,3003-eth4,1203950.12,580515.00,1784465.12,581676,1206358,593.81,584.83,1178.64,586,595,0.00,0.00,0,0
1544348669,2004-eth1,558475.06,1184473.12,1742948.12,1186842,559592,231.54,408.18,639.72,409,232,0.00,0.00,0,0
1544348669,3006-eth4,1221051.88,1218053.88,2439105.75,1220490,1223494,721.56,837.33,1558.88,839,723,0.00,0.00,0,0
1544348669,3007-eth1,23686.63,7824.35,31510.98,7840,23734,301.40,79.84,381.24,80,302,0.00,0.00,0,0
1544348669,2008-eth1,1056535.00,554562.88,1611097.88,555672,1058648,602.79,191.62,794.41,192,604,0.00,0.00,0,0
1544348669,2002-eth2,602816.38,4808.38,607624.75,4818,604022,246.51,72.85,319.36,73,247,0.00,0.00,0,0
1544348669,2003-eth1,687712.56,631650.69,1319363.25,632914,689088,238.52,396.21,634.73,397,239,0.00,0.00,0,0
1544348669,3008-eth4,1208441.12,806173.69,2014614.88,807786,1210858,693.61,719.56,1413.17,721,695,0.00,0.00,0,0
1544348669,1004-eth4,3814.37,0.00,3814.37,0,3822,38.92,0.00,38.92,0,39,0.00,0.00,0,0
1544348669,3006-eth1,674327.38,204864.28,879191.62,205274,675676,792.42,128.74,921.16,129,794,0.00,0.00,0,0
1544348669,1004-eth3,651351.31,4808.38,656159.69,4818,652654,665.67,72.85,738.52,73,667,0.00,0.00,0,0
1544348669,1002-eth2,24239.52,12508.98,36748.50,12534,24288,319.36,189.62,508.98,190,320,0.00,0.00,0,0
1544348669,3004-eth3,24299.40,697335.38,721634.75,698730,24348,320.36,336.33,656.69,337,321,0.00,0.00,0,0
1544348669,2003-eth3,631710.62,25952.10,657662.69,26004,632974,397.21,393.21,790.42,394,398,0.00,0.00,0,0
1544348669,2005-eth1,664546.94,687652.69,1352199.62,689028,665876,692.61,237.52,930.14,238,694,0.00,0.00,0,0
1544348669,3002-eth3,23013.97,1206337.38,1229351.38,1208750,23060,300.40,318.36,618.76,319,301,0.00,0.00,0,0
1544348669,3006-eth3,25522.96,769890.25,795413.19,771430,25574,338.32,362.28,700.60,363,339,0.00,0.00,0,0
1544348669,2001-eth1,1956.09,0.00,1956.09,0,1960,19.96,0.00,19.96,0,20,0.00,0.00,0,0
1544348669,3005-eth2,31920.16,1216734.62,1248654.75,1219168,31984,361.28,620.76,982.04,622,362,0.00,0.00,0,0
1544348669,2001-eth2,9780.44,24087.82,33868.27,24136,9800,99.80,307.39,407.19,308,100,0.00,0.00,0,0
1544348669,3007-eth2,1191956.12,583012.00,1774968.12,584178,1194340,412.18,603.79,1015.97,605,413,0.00,0.00,0,0
1544348669,1001-eth1,0.00,1956.09,1956.09,1960,0,0.00,19.96,19.96,20,0,0.00,0.00,0,0
1544348669,3007-eth4,23706.59,654439.12,678145.75,655748,23754,311.38,321.36,632.73,322,312,0.00,0.00,0,0
1544348669,2003-eth2,12508.98,24239.52,36748.50,24288,12534,189.62,319.36,508.98,320,190,0.00,0.00,0,0
1544348669,3007-eth3,1216271.50,1217848.38,2434119.75,1220284,1218704,802.40,804.39,1606.79,806,804,0.00,0.00,0,0
1544348669,1002-eth1,24087.82,9780.44,33868.27,9800,24136,307.39,99.80,407.19,100,308,0.00,0.00,0,0
1544348669,2002-eth3,2015.97,600920.19,602936.12,602122,2020,20.96,227.54,248.50,228,21,0.00,0.00,0,0
1544348669,2007-eth2,15453.09,15906.19,31359.28,15938,15484,157.68,192.61,350.30,193,158,0.00,0.00,0,0
1544348669,total,38096632.00,38103824.00,76200448.00,38180030,38172822,28676.65,28912.18,57588.82,28970,28734,0.00,0.00,0,0
1544348670,3003-eth3,1221694.38,1222024.00,2443718.25,1223246,1222916,801.20,806.19,1607.39,807,802,0.00,0.00,0,0
1544348670,2002-eth1,275382.62,3976.02,279358.66,3980,275658,95.90,40.96,136.86,41,96,0.00,0.00,0,0
1544348670,lo,7008.99,7008.99,14017.98,7016,7016,68.93,68.93,137.86,69,69,0.00,0.00,0,0
1544348670,3005-eth3,1231478.50,449358.66,1680837.25,449808,1232710,752.25,769.23,1521.48,770,753,0.00,0.00,0,0
1544348670,2005-eth3,663154.88,413796.22,1076951.12,414210,663818,228.77,483.52,712.29,484,229,0.00,0.00,0,0
1544348670,3004-eth4,1209298.75,638829.19,1848127.88,639468,1210508,613.39,605.39,1218.78,606,614,0.00,0.00,0,0
1544348670,1004-eth2,587726.31,643190.81,1230917.12,643834,588314,203.80,664.34,868.13,665,204,0.00,0.00,0,0
1544348670,2004-eth4,1196046.00,647106.94,1843152.88,647754,1197242,412.59,704.30,1116.88,705,413,0.00,0.00,0,0
1544348670,1001-eth2,623734.31,663154.88,1286889.12,663818,624358,398.60,228.77,627.37,229,399,0.00,0.00,0,0
1544348670,1003-eth3,1223850.12,1196046.00,2419896.25,1197242,1225074,604.40,412.59,1016.98,413,605,0.00,0.00,0,0
1544348670,2002-eth4,7628.37,277280.72,284909.09,277558,7636,105.89,114.89,220.78,115,106,0.00,0.00,0,0
1544348670,1001-eth4,32761.24,12395.60,45156.84,12408,32794,370.63,187.81,558.44,188,371,0.00,0.00,0,0
1544348670,3001-eth2,589624.38,1958.04,591582.44,1960,590214,222.78,19.98,242.76,20,223,0.00,0.00,0,0
1544348670,1004-eth1,5670.33,591642.38,597312.69,592234,5676,85.91,243.76,329.67,244,86,0.00,0.00,0,0
1544348670,3005-eth4,1221496.50,604441.56,1825938.12,605046,1222718,622.38,610.39,1232.77,611,623,0.00,0.00,0,0
1544348670,1003-eth2,1196105.88,575274.75,1771380.62,575850,1197302,413.59,236.76,650.35,237,414,0.00,0.00,0,0
1544348670,3008-eth1,9692.31,46595.41,56287.71,46642,9702,98.90,542.46,641.36,543,99,0.00,0.00,0,0
1544348670,1002-eth3,3878.12,30033.97,33912.09,30064,3882,39.96,407.59,447.55,408,40,0.00,0.00,0,0
1544348670,2006-eth1,1196046.00,1223850.12,2419896.25,1225074,1197242,412.59,604.40,1016.98,605,413,0.00,0.00,0,0
1544348670,3003-eth1,26037.96,623668.38,649706.31,624292,26064,394.61,397.60,792.21,398,395,0.00,0.00,0,0
1544348670,2001-eth3,20557.44,7794.21,28351.65,7802,20578,272.73,79.92,352.65,80,273,0.00,0.00,0,0
1544348670,2008-eth2,0.00,3976.02,3976.02,3980,0,0.00,40.96,40.96,41,0,0.00,0.00,0,0
1544348670,2008-eth3,602373.62,1193087.00,1795460.62,1194280,602976,647.35,411.59,1058.94,412,648,0.00,0.00,0,0
1544348670,1001-eth3,663154.88,642141.88,1305296.75,642784,663818,228.77,561.44,790.21,562,229,0.00,0.00,0,0
1544348670,2007-eth4,46595.41,9692.31,56287.71,9702,46642,542.46,98.90,641.36,99,543,0.00,0.00,0,0
1544348670,2004-eth2,643190.81,587726.31,1230917.12,588314,643834,664.34,203.80,868.13,204,665,0.00,0.00,0,0
1544348670,3002-eth1,7832.17,7734.27,15566.43,7742,7840,79.92,78.92,158.84,79,80,0.00,0.00,0,0
1544348670,3004-eth1,663154.88,37284.71,700439.56,37322,663818,228.77,516.48,745.25,517,229,0.00,0.00,0,0
1544348670,2006-eth3,1225456.62,31272.73,1256729.25,31304,1226682,606.39,358.64,965.03,359,607,0.00,0.00,0,0
1544348670,3004-eth2,647106.94,1196046.00,1843152.88,1197242,647754,704.30,412.59,1116.88,413,705,0.00,0.00,0,0
1544348670,3001-eth3,1217510.50,613908.12,1831418.62,614522,1218728,606.39,600.40,1206.79,601,607,0.00,0.00,0,0
1544348670,2003-eth4,37284.71,663154.88,700439.56,663818,37322,516.48,228.77,745.25,229,517,0.00,0.00,0,0
1544348670,2008-eth4,1193087.00,1137596.38,2330683.50,1138734,1194280,411.59,928.07,1339.66,929,412,0.00,0.00,0,0
1544348670,3008-eth3,15792.21,308687.31,324479.53,308996,15808,191.81,201.80,393.61,202,192,0.00,0.00,0,0
1544348670,2005-eth2,30033.97,3878.12,33912.09,3882,30064,407.59,39.96,447.55,40,408,0.00,0.00,0,0
1544348670,2006-eth4,668827.19,1196046.00,1864873.12,1197242,669496,937.06,412.59,1349.65,413,938,0.00,0.00,0,0
1544348670,3006-eth2,1196046.00,668827.19,1864873.12,669496,1197242,412.59,937.06,1349.65,938,413,0.00,0.00,0,0
1544348670,1003-eth4,571418.62,1113456.62,1684875.12,1114570,571990,197.80,518.48,716.28,519,198,0.00,0.00,0,0
1544348670,2006-eth2,5670.33,643250.75,648921.12,643894,5676,85.91,665.33,751.25,666,86,0.00,0.00,0,0
1544348670,3001-eth1,7794.21,20557.44,28351.65,20578,7802,79.92,272.73,352.65,273,80,0.00,0.00,0,0
1544348670,3008-eth2,1137596.38,1193087.00,2330683.50,1194280,1138734,928.07,411.59,1339.66,412,929,0.00,0.00,0,0
1544348670,2004-eth3,587666.38,571418.62,1159085.00,571990,588254,202.80,197.80,400.60,198,203,0.00,0.00,0,0
1544348670,3001-eth4,36091.91,1220533.50,1256625.38,1221754,36128,498.50,516.48,1014.99,517,499,0.00,0.00,0,0
1544348670,1003-eth1,3976.02,275382.62,279358.66,275658,3980,40.96,95.90,136.86,96,41,0.00,0.00,0,0
1544348670,3002-eth2,277280.72,7628.37,284909.09,7636,277558,114.89,105.89,220.78,106,115,0.00,0.00,0,0
1544348670,2005-eth4,397114.91,651834.19,1048949.12,652486,397512,211.79,660.34,872.13,661,212,0.00,0.00,0,0
1544348670,3003-eth2,571418.62,587666.38,1159085.00,588254,571990,197.80,202.80,400.60,203,198,0.00,0.00,0,0
1544348670,2007-eth1,12395.60,32761.24,45156.84,32794,12408,187.81,370.63,558.44,371,188,0.00,0.00,0,0
1544348670,1002-eth4,15694.31,15468.53,31162.84,15484,15710,190.81,157.84,348.65,158,191,0.00,0.00,0,0
1544348670,3002-eth4,1209964.12,287850.16,1497814.25,288138,1211174,294.71,284.72,579.42,285,295,0.00,0.00,0,0
1544348670,2007-eth3,7538.46,23850.15,31388.61,23874,7546,76.92,304.70,381.62,305,77,0.00,0.00,0,0
1544348670,3005-eth1,413796.22,663154.88,1076951.12,663818,414210,483.52,228.77,712.29,229,484,0.00,0.00,0,0
1544348670,2001-eth4,7734.27,7832.17,15566.43,7840,7742,78.92,79.92,158.84,80,79,0.00,0.00,0,0
1544348670,3003-eth4,1208435.62,597402.62,1805838.25,598000,1209644,600.40,591.41,1191.81,592,601,0.00,0.00,0,0
1544348670,2004-eth1,575274.75,1196105.88,1771380.62,1197302,575850,236.76,413.59,650.35,414,237,0.00,0.00,0,0
1544348670,3006-eth4,1221714.38,1221718.38,2443432.75,1222940,1222936,911.09,801.20,1712.29,802,912,0.00,0.00,0,0
1544348670,3007-eth1,23850.15,7538.46,31388.61,7546,23874,304.70,76.92,381.62,77,305,0.00,0.00,0,0
1544348670,2008-eth1,1113456.62,571418.62,1684875.12,571990,1114570,518.48,197.80,716.28,198,519,0.00,0.00,0,0
1544348670,2002-eth2,591642.38,5670.33,597312.69,5676,592234,243.76,85.91,329.67,86,244,0.00,0.00,0,0
1544348670,2003-eth1,663154.88,623734.31,1286889.12,624358,663818,228.77,398.60,627.37,399,229,0.00,0.00,0,0
1544348670,3008-eth4,1218535.50,781464.56,2000000.00,782246,1219754,682.32,706.29,1388.61,707,683,0.00,0.00,0,0
1544348670,1004-eth4,3976.02,0.00,3976.02,0,3980,40.96,0.00,40.96,0,41,0.00,0.00,0,0
1544348670,3006-eth1,651834.19,397114.91,1048949.12,397512,652486,660.34,211.79,872.13,212,661,0.00,0.00,0,0
1544348670,1004-eth3,643250.75,5670.33,648921.12,5676,643894,665.33,85.91,751.25,86,666,0.00,0.00,0,0
1544348670,1002-eth2,24031.97,12725.28,36757.24,12738,24056,315.68,192.81,508.49,193,316,0.00,0.00,0,0
1544348670,3004-eth3,24031.97,672945.06,696977.06,673618,24056,315.68,328.67,644.36,329,316,0.00,0.00,0,0
1544348670,2003-eth3,623668.38,26037.96,649706.31,26064,624292,397.60,394.61,792.21,395,398,0.00,0.00,0,0
1544348670,2005-eth1,642141.88,663154.88,1305296.75,663818,642784,561.44,228.77,790.21,229,562,0.00,0.00,0,0
1544348670,3002-eth3,22219.78,1209580.50,1231800.25,1210790,22242,288.71,306.69,595.40,307,289,0.00,0.00,0,0
1544348670,3006-eth3,30263.74,991108.94,1021372.62,992100,30294,410.59,437.56,848.15,438,411,0.00,0.00,0,0
1544348670,2001-eth1,1958.04,0.00,1958.04,0,1960,19.98,0.00,19.98,0,20,0.00,0.00,0,0
1544348670,3005-eth2,31272.73,1225456.62,1256729.25,1226682,31304,358.64,606.39,965.03,607,359,0.00,0.00,0,0
1544348670,2001-eth2,9692.31,24375.62,34067.93,24400,9702,98.90,311.69,410.59,312,99,0.00,0.00,0,0
1544348670,3007-eth2,1193087.00,602373.62,1795460.62,602976,1194280,411.59,647.35,1058.94,648,412,0.00,0.00,0,0
1544348670,1001-eth1,0.00,1958.04,1958.04,1960,0,0.00,19.98,19.98,20,0,0.00,0.00,0,0
1544348670,3007-eth4,23210.79,638589.44,661800.19,639228,23234,304.70,313.69,618.38,314,305,0.00,0.00,0,0
1544348670,2003-eth2,12725.28,24031.97,36757.24,24056,12738,192.81,315.68,508.49,316,193,0.00,0.00,0,0
1544348670,3007-eth3,1219252.75,1219196.88,2438449.50,1220416,1220472,786.21,807.19,1593.41,808,787,0.00,0.00,0,0
1544348670,1002-eth1,24375.62,9692.31,34067.93,9702,24400,311.69,98.90,410.59,99,312,0.00,0.00,0,0
1544348670,2002-eth3,1958.04,589624.38,591582.44,590214,1960,19.98,222.78,242.76,223,20,0.00,0.00,0,0
1544348670,2007-eth2,15468.53,15694.31,31162.84,15710,15484,157.84,190.81,348.65,191,158,0.00,0.00,0,0
1544348670,total,38483956.00,38830604.00,77314560.00,38869432,38522438,28321.68,28328.67,56650.35,28357,28350,0.00,0.00,0,0
1544348671,3003-eth3,1221826.25,1219196.88,2441023.00,1220416,1223048,803.20,807.19,1610.39,808,804,0.00,0.00,0,0
1544348671,2002-eth1,248691.31,3720.28,252411.59,3724,248940,85.91,37.96,123.88,38,86,0.00,0.00,0,0
1544348671,lo,7986.01,7986.01,15972.03,7994,7994,77.92,77.92,155.84,78,78,0.00,0.00,0,0
1544348671,3005-eth3,1227436.62,448437.56,1675874.12,448886,1228664,652.35,662.34,1314.69,663,653,0.00,0.00,0,0
1544348671,2005-eth3,704641.38,421954.06,1126595.38,422376,705346,243.76,475.52,719.28,476,244,0.00,0.00,0,0
1544348671,3004-eth4,1212257.75,640473.56,1852731.38,641114,1213470,614.39,608.39,1222.78,609,615,0.00,0.00,0,0
1544348671,1004-eth2,596543.50,647762.25,1244305.75,648410,597140,205.79,668.33,874.13,669,206,0.00,0.00,0,0
1544348671,2004-eth4,1199005.00,651482.56,1850487.62,652134,1200204,413.59,706.29,1119.88,707,414,0.00,0.00,0,0
1544348671,1001-eth2,627876.12,704581.44,1332457.62,705286,628504,395.60,242.76,638.36,243,396,0.00,0.00,0,0
1544348671,1003-eth3,1225386.62,1199065.00,2424451.50,1200264,1226612,528.47,414.59,943.06,415,529,0.00,0.00,0,0
1544348671,2002-eth4,6773.23,250649.36,257422.58,250900,6780,93.91,105.89,199.80,106,94,0.00,0.00,0,0
1544348671,1001-eth4,36499.50,12065.93,48565.44,12078,36536,419.58,182.82,602.40,183,420,0.00,0.00,0,0
1544348671,3001-eth2,598501.50,1958.04,600459.56,1960,599100,225.77,19.98,245.75,20,226,0.00,0.00,0,0
1544348671,1004-eth1,5010.99,600459.56,605470.56,601060,5016,75.92,245.75,321.68,246,76,0.00,0.00,0,0
1544348671,3005-eth4,1222529.50,752277.75,1974807.25,753030,1223752,740.26,746.25,1486.51,747,741,0.00,0.00,0,0
1544348671,1003-eth2,1199005.00,564815.19,1763820.25,565380,1200204,413.59,232.77,646.35,233,414,0.00,0.00,0,0
1544348671,3008-eth1,9594.41,50035.96,59630.37,50086,9604,97.90,586.41,684.32,587,98,0.00,0.00,0,0
1544348671,1002-eth3,3818.18,30883.12,34701.30,30914,3822,38.96,419.58,458.54,420,39,0.00,0.00,0,0
1544348671,2006-eth1,1199065.00,1225386.62,2424451.50,1226612,1200264,414.59,528.47,943.06,529,415,0.00,0.00,0,0
1544348671,3003-eth1,26043.96,627876.12,653920.12,628504,26070,394.61,395.60,790.21,396,395,0.00,0.00,0,0
1544348671,2001-eth3,20585.42,7832.17,28417.58,7840,20606,273.73,79.92,353.65,80,274,0.00,0.00,0,0
1544348671,2008-eth2,0.00,3916.08,3916.08,3920,0,0.00,39.96,39.96,40,0,0.00,0.00,0,0
1544348671,2008-eth3,590995.00,1199005.00,1790000.00,1200204,591586,628.37,413.59,1041.96,414,629,0.00,0.00,0,0
1544348671,1001-eth3,704581.44,650505.50,1355087.00,651156,705286,242.76,614.39,857.14,615,243,0.00,0.00,0,0
1544348671,2007-eth4,50035.96,9594.41,59630.37,9604,50086,586.41,97.90,684.32,98,587,0.00,0.00,0,0
1544348671,2004-eth2,647762.25,596543.50,1244305.75,597140,648410,668.33,205.79,874.13,206,669,0.00,0.00,0,0
1544348671,3002-eth1,7734.27,7892.11,15626.37,7900,7742,78.92,80.92,159.84,81,79,0.00,0.00,0,0
1544348671,3004-eth1,704581.44,38175.82,742757.25,38214,705286,242.76,530.47,773.23,531,243,0.00,0.00,0,0
1544348671,2006-eth3,1226701.38,32525.47,1259226.75,32558,1227928,526.47,368.63,895.10,369,527,0.00,0.00,0,0
1544348671,3004-eth2,651482.56,1199005.00,1850487.62,1200204,652134,706.29,413.59,1119.88,414,707,0.00,0.00,0,0
1544348671,3001-eth3,1222185.88,622851.19,1845037.00,623474,1223408,611.39,604.40,1215.78,605,612,0.00,0.00,0,0
1544348671,2003-eth4,38175.82,704581.44,742757.25,705286,38214,530.47,242.76,773.23,243,531,0.00,0.00,0,0
1544348671,2008-eth4,1199005.00,981780.25,2180785.25,982762,1200204,413.59,892.11,1305.69,893,414,0.00,0.00,0,0
1544348671,3008-eth3,15494.51,284917.09,300411.59,285202,15510,186.81,192.81,379.62,193,187,0.00,0.00,0,0
1544348671,2005-eth2,30883.12,3818.18,34701.30,3822,30914,419.58,38.96,458.54,39,420,0.00,0.00,0,0
1544348671,2006-eth4,675336.69,1199065.00,1874401.62,1200264,676012,962.04,414.59,1376.62,415,963,0.00,0.00,0,0
1544348671,3006-eth2,1199065.00,675336.69,1874401.62,676012,1200264,414.59,962.04,1376.62,963,415,0.00,0.00,0,0
1544348671,1003-eth4,561035.00,955736.31,1516771.25,956692,561596,193.81,497.50,691.31,498,194,0.00,0.00,0,0
1544348671,2006-eth2,5070.93,647762.25,652833.19,648410,5076,76.92,668.33,745.25,669,77,0.00,0.00,0,0
1544348671,3001-eth1,7832.17,20585.42,28417.58,20606,7840,79.92,273.73,353.65,274,80,0.00,0.00,0,0
1544348671,3008-eth2,981780.25,1199005.00,2180785.25,1200204,982762,892.11,413.59,1305.69,414,893,0.00,0.00,0,0
1544348671,2004-eth3,596603.44,561035.00,1157638.38,561596,597200,206.79,193.81,400.60,194,207,0.00,0.00,0,0
1544348671,3001-eth4,36000.00,1220631.38,1256631.38,1221852,36036,497.50,517.48,1014.99,518,498,0.00,0.00,0,0
1544348671,1003-eth1,3720.28,248691.31,252411.59,248940,3724,37.96,85.91,123.88,86,38,0.00,0.00,0,0
1544348671,3002-eth2,250649.36,6773.23,257422.58,6780,250900,105.89,93.91,199.80,94,106,0.00,0.00,0,0
1544348671,2005-eth4,404799.22,660137.88,1064937.12,660798,405204,196.80,712.29,909.09,713,197,0.00,0.00,0,0
1544348671,3003-eth2,561035.00,596603.44,1157638.38,597200,561596,193.81,206.79,400.60,207,194,0.00,0.00,0,0
1544348671,2007-eth1,12065.93,36499.50,48565.44,36536,12078,182.82,419.58,602.40,420,183,0.00,0.00,0,0
1544348671,1002-eth4,15652.35,15468.53,31120.88,15484,15668,188.81,157.84,346.65,158,189,0.00,0.00,0,0
1544348671,3002-eth4,1202525.50,259702.31,1462227.75,259962,1203728,247.75,252.75,500.50,253,248,0.00,0.00,0,0
1544348671,2007-eth3,7734.27,23618.38,31352.65,23642,7742,78.92,300.70,379.62,301,79,0.00,0.00,0,0
1544348671,3005-eth1,421954.06,704641.38,1126595.38,705346,422376,475.52,243.76,719.28,244,476,0.00,0.00,0,0
1544348671,2001-eth4,7892.11,7734.27,15626.37,7742,7900,80.92,78.92,159.84,79,81,0.00,0.00,0,0
1544348671,3003-eth4,1205152.88,587013.00,1792165.88,587600,1206358,594.41,587.41,1181.82,588,595,0.00,0.00,0,0
1544348671,2004-eth1,564815.19,1199005.00,1763820.25,1200204,565380,232.77,413.59,646.35,414,233,0.00,0.00,0,0
1544348671,3006-eth4,1222543.50,1224257.75,2446801.25,1225482,1223766,770.23,796.20,1566.43,797,771,0.00,0.00,0,0
1544348671,3007-eth1,23618.38,7734.27,31352.65,7742,23642,300.70,78.92,379.62,79,301,0.00,0.00,0,0
1544348671,2008-eth1,955736.31,561035.00,1516771.25,561596,956692,497.50,193.81,691.31,194,498,0.00,0.00,0,0
1544348671,2002-eth2,600459.56,5010.99,605470.56,5016,601060,245.75,75.92,321.68,76,246,0.00,0.00,0,0
1544348671,2003-eth1,704581.44,627876.12,1332457.62,628504,705286,242.76,395.60,638.36,396,243,0.00,0.00,0,0
1544348671,3008-eth4,1223466.62,699336.69,1922803.25,700036,1224690,704.30,689.31,1393.61,690,705,0.00,0.00,0,0
1544348671,1004-eth4,3916.08,0.00,3916.08,0,3920,39.96,0.00,39.96,0,40,0.00,0.00,0,0
1544348671,3006-eth1,660137.88,404799.22,1064937.12,405204,660798,712.29,196.80,909.09,197,713,0.00,0.00,0,0
1544348671,1004-eth3,647762.25,5070.93,652833.19,5076,648410,668.33,76.92,745.25,77,669,0.00,0.00,0,0
1544348671,1002-eth2,24983.02,12791.21,37774.23,12804,25008,330.67,193.81,524.48,194,331,0.00,0.00,0,0
1544348671,3004-eth3,24923.08,714077.94,739001.00,714792,24948,329.67,339.66,669.33,340,330,0.00,0.00,0,0
1544348671,2003-eth3,627876.12,26043.96,653920.12,26070,628504,395.60,394.61,790.21,395,396,0.00,0.00,0,0
1544348671,2005-eth1,650505.50,704581.44,1355087.00,705286,651156,614.39,242.76,857.14,243,615,0.00,0.00,0,0
1544348671,3002-eth3,20605.39,1207075.00,1227680.38,1208282,20626,264.74,268.73,533.47,269,265,0.00,0.00,0,0
1544348671,3006-eth3,27786.21,868209.81,895996.00,869078,27814,373.63,394.61,768.23,395,374,0.00,0.00,0,0
1544348671,2001-eth1,2017.98,0.00,2017.98,0,2020,20.98,0.00,20.98,0,21,0.00,0.00,0,0
1544348671,3005-eth2,32525.47,1226701.38,1259226.75,1227928,32558,368.63,526.47,895.10,527,369,0.00,0.00,0,0
1544348671,2001-eth2,9752.25,24501.50,34253.75,24526,9762,99.90,313.69,413.59,314,100,0.00,0.00,0,0
1544348671,3007-eth2,1199005.00,590995.00,1790000.00,591586,1200204,413.59,628.37,1041.96,629,414,0.00,0.00,0,0
1544348671,1001-eth1,0.00,2017.98,2017.98,2020,0,0.00,20.98,20.98,21,0,0.00,0.00,0,0
1544348671,3007-eth4,23538.46,654995.00,678533.50,655650,23562,308.69,320.68,629.37,321,309,0.00,0.00,0,0
1544348671,2003-eth2,12791.21,24983.02,37774.23,25008,12804,193.81,330.67,524.48,331,194,0.00,0.00,0,0
1544348671,3007-eth3,1221566.50,1224917.12,2446483.50,1226142,1222788,821.18,806.19,1627.37,807,822,0.00,0.00,0,0
1544348671,1002-eth1,24501.50,9752.25,34253.75,9762,24526,313.69,99.90,413.59,100,314,0.00,0.00,0,0
1544348671,2002-eth3,1958.04,598501.50,600459.56,599100,1960,19.98,225.77,245.75,226,20,0.00,0.00,0,0
1544348671,2007-eth2,15468.53,15652.35,31120.88,15668,15484,157.84,188.81,346.65,189,158,0.00,0.00,0,0
1544348671,total,38371440.00,38669972.00,77041416.00,38708642,38409812,28200.80,28274.73,56475.53,28303,28229,0.00,0.00,0,0
1544348672,3003-eth3,1217348.62,1219065.00,2436413.75,1220284,1218566,801.20,805.19,1606.39,806,802,0.00,0.00,0,0
1544348672,2002-eth1,260527.48,3916.08,264443.56,3920,260788,89.91,39.96,129.87,40,90,0.00,0.00,0,0
1544348672,lo,71624.38,71624.38,143248.75,71696,71696,296.70,296.70,593.41,297,297,0.00,0.00,0,0
1544348672,3005-eth3,1224807.25,265656.34,1490463.62,265922,1226032,563.44,574.43,1137.86,575,564,0.00,0.00,0,0
1544348672,2005-eth3,669072.94,239738.27,908811.19,239978,669742,230.77,388.61,619.38,389,231,0.00,0.00,0,0
1544348672,3004-eth4,1206405.62,655070.94,1861476.62,655726,1207612,613.39,610.39,1223.78,611,614,0.00,0.00,0,0
1544348672,1004-eth2,587666.38,660711.31,1248377.62,661372,588254,202.80,668.33,871.13,669,203,0.00,0.00,0,0
1544348672,2004-eth4,1193146.88,664567.44,1857714.38,665232,1194340,412.59,707.29,1119.88,708,413,0.00,0.00,0,0
1544348672,1001-eth2,641686.31,669072.94,1310759.25,669742,642328,407.59,230.77,638.36,231,408,0.00,0.00,0,0
1544348672,1003-eth3,1224947.12,1193087.00,2418034.00,1194280,1226172,609.39,411.59,1020.98,412,610,0.00,0.00,0,0
1544348672,2002-eth4,7430.57,262387.62,269818.19,262650,7438,102.90,108.89,211.79,109,103,0.00,0.00,0,0
1544348672,1001-eth4,34423.58,12653.35,47076.93,12666,34458,403.60,191.81,595.40,192,404,0.00,0.00,0,0
1544348672,3001-eth2,589624.38,1958.04,591582.44,1960,590214,222.78,19.98,242.76,20,223,0.00,0.00,0,0
1544348672,1004-eth1,5532.47,591484.56,597017.00,592076,5538,83.92,241.76,325.67,242,84,0.00,0.00,0,0
1544348672,3005-eth4,1218631.38,544869.12,1763500.50,545414,1219850,622.38,606.39,1228.77,607,623,0.00,0.00,0,0
1544348672,1003-eth2,1193087.00,600459.56,1793546.50,601060,1194280,411.59,245.75,657.34,246,412,0.00,0.00,0,0
1544348672,3008-eth1,9752.25,48223.78,57976.03,48272,9762,99.90,574.43,674.33,575,100,0.00,0.00,0,0
1544348672,1002-eth3,3916.08,30231.77,34147.85,30262,3920,39.96,410.59,450.55,411,40,0.00,0.00,0,0
1544348672,2006-eth1,1193087.00,1224947.12,2418034.00,1226172,1194280,411.59,609.39,1020.98,610,412,0.00,0.00,0,0
1544348672,3003-eth1,26043.96,641752.25,667796.25,642394,26070,394.61,408.59,803.20,409,395,0.00,0.00,0,0
1544348672,2001-eth3,20557.44,7832.17,28389.61,7840,20578,272.73,79.92,352.65,80,273,0.00,0.00,0,0
1544348672,2008-eth2,59.94,3720.28,3780.22,3724,60,1.00,37.96,38.96,38,1,0.00,0.00,0,0
1544348672,2008-eth3,626235.81,1191574.50,1817810.25,1192766,626862,637.36,410.59,1047.95,411,638,0.00,0.00,0,0
1544348672,1001-eth3,669132.88,661404.62,1330537.50,662066,669802,231.77,598.40,830.17,599,232,0.00,0.00,0,0
1544348672,2007-eth4,48223.78,9752.25,57976.03,9762,48272,574.43,99.90,674.33,100,575,0.00,0.00,0,0
1544348672,2004-eth2,660711.31,587666.38,1248377.62,588254,661372,668.33,202.80,871.13,203,669,0.00,0.00,0,0
1544348672,3002-eth1,7832.17,7832.17,15664.34,7840,7840,79.92,79.92,159.84,80,80,0.00,0.00,0,0
1544348672,3004-eth1,669072.94,37288.71,706361.69,37326,669742,230.77,518.48,749.25,519,231,0.00,0.00,0,0
1544348672,2006-eth3,1223500.50,30147.85,1253648.38,30178,1224724,609.39,348.65,958.04,349,610,0.00,0.00,0,0
1544348672,3004-eth2,664567.44,1193146.88,1857714.38,1194340,665232,707.29,412.59,1119.88,413,708,0.00,0.00,0,0
1544348672,3001-eth3,1220607.38,613974.06,1834581.50,614588,1221828,609.39,601.40,1210.79,602,610,0.00,0.00,0,0
1544348672,2003-eth4,37288.71,669072.94,706361.69,669742,37326,518.48,230.77,749.25,231,519,0.00,0.00,0,0
1544348672,2008-eth4,1191634.38,926801.25,2118435.50,927728,1192826,411.59,870.13,1281.72,871,412,0.00,0.00,0,0
1544348672,3008-eth3,15818.18,290933.06,306751.25,291224,15834,191.81,195.80,387.61,196,192,0.00,0.00,0,0
1544348672,2005-eth2,30231.77,3916.08,34147.85,3920,30262,410.59,39.96,450.55,40,411,0.00,0.00,0,0
1544348672,2006-eth4,685358.69,1193087.00,1878445.62,1194280,686044,933.07,411.59,1344.66,412,934,0.00,0.00,0,0
1544348672,3006-eth2,1193087.00,685358.69,1878445.62,686044,1194280,411.59,933.07,1344.66,934,412,0.00,0.00,0,0
1544348672,1003-eth4,596543.50,900823.19,1497366.62,901724,597140,205.79,476.52,682.32,477,206,0.00,0.00,0,0
1544348672,2006-eth2,5472.53,660749.25,666221.81,661410,5478,82.92,668.33,751.25,669,83,0.00,0.00,0,0
1544348672,3001-eth1,7832.17,20557.44,28389.61,20578,7840,79.92,272.73,352.65,273,80,0.00,0.00,0,0
1544348672,3008-eth2,926801.25,1191634.38,2118435.50,1192826,927728,870.13,411.59,1281.72,412,871,0.00,0.00,0,0
1544348672,2004-eth3,587666.38,596543.50,1184209.88,597140,588254,202.80,205.79,408.59,206,203,0.00,0.00,0,0
1544348672,3001-eth4,36031.97,1220631.38,1256663.38,1221852,36068,497.50,517.48,1014.99,518,498,0.00,0.00,0,0
1544348672,1003-eth1,3916.08,260527.48,264443.56,260788,3920,39.96,89.91,129.87,90,40,0.00,0.00,0,0
1544348672,3002-eth2,262387.62,7430.57,269818.19,7438,262650,108.89,102.90,211.79,103,109,0.00,0.00,0,0
1544348672,2005-eth4,223016.98,671058.94,894075.94,671730,223240,115.88,697.30,813.19,698,116,0.00,0.00,0,0
1544348672,3003-eth2,596543.50,587666.38,1184209.88,588254,597140,205.79,202.80,408.59,203,206,0.00,0.00,0,0
1544348672,2007-eth1,12653.35,34423.58,47076.93,34458,12666,191.81,403.60,595.40,404,192,0.00,0.00,0,0
1544348672,1002-eth4,15856.14,15528.47,31384.62,15544,15872,191.81,158.84,350.65,159,192,0.00,0.00,0,0
1544348672,3002-eth4,1202717.38,271340.66,1474058.00,271612,1203920,250.75,253.75,504.50,254,251,0.00,0.00,0,0
1544348672,2007-eth3,7892.11,24145.86,32037.96,24170,7900,80.92,308.69,389.61,309,81,0.00,0.00,0,0
1544348672,3005-eth1,239738.27,669072.94,908811.19,669742,239978,388.61,230.77,619.38,231,389,0.00,0.00,0,0
1544348672,2001-eth4,7832.17,7832.17,15664.34,7840,7840,79.92,79.92,159.84,80,80,0.00,0.00,0,0
1544348672,3003-eth4,1205746.25,622455.56,1828201.88,623078,1206952,603.40,598.40,1201.80,599,604,0.00,0.00,0,0
1544348672,2004-eth1,600459.56,1193087.00,1793546.50,1194280,601060,245.75,411.59,657.34,412,246,0.00,0.00,0,0
1544348672,3006-eth4,1220637.38,1218603.38,2439240.75,1219822,1221858,807.19,798.20,1605.39,799,808,0.00,0.00,0,0
1544348672,3007-eth1,24145.86,7892.11,32037.96,7900,24170,308.69,80.92,389.61,81,309,0.00,0.00,0,0
1544348672,2008-eth1,900823.19,596543.50,1497366.62,597140,901724,476.52,205.79,682.32,206,477,0.00,0.00,0,0
1544348672,2002-eth2,591484.56,5532.47,597017.00,5538,592076,241.76,83.92,325.67,84,242,0.00,0.00,0,0
1544348672,2003-eth1,669072.94,641686.31,1310759.25,642328,669742,230.77,407.59,638.36,408,231,0.00,0.00,0,0
1544348672,3008-eth4,1218058.00,637786.25,1855844.25,638424,1219276,680.32,655.34,1335.66,656,681,0.00,0.00,0,0
1544348672,1004-eth4,3720.28,59.94,3780.22,60,3724,37.96,1.00,38.96,1,38,0.00,0.00,0,0
1544348672,3006-eth1,671058.94,223016.98,894075.94,223240,671730,697.30,115.88,813.19,116,698,0.00,0.00,0,0
1544348672,1004-eth3,660749.25,5472.53,666221.81,5478,661410,668.33,82.92,751.25,83,669,0.00,0.00,0,0
1544348672,1002-eth2,23970.03,12725.28,36695.30,12738,23994,316.68,192.81,509.49,193,317,0.00,0.00,0,0
1544348672,3004-eth3,23970.03,678569.44,702539.50,679248,23994,316.68,327.67,644.36,328,317,0.00,0.00,0,0
1544348672,2003-eth3,641752.25,26043.96,667796.25,26070,642394,408.59,394.61,803.20,395,409,0.00,0.00,0,0
1544348672,2005-eth1,661404.62,669132.88,1330537.50,669802,662066,598.40,231.77,830.17,232,599,0.00,0.00,0,0
1544348672,3002-eth3,20603.40,1203918.12,1224521.50,1205122,20624,263.74,264.74,528.47,265,264,0.00,0.00,0,0
1544348672,3006-eth3,27396.60,840034.00,867430.56,840874,27424,367.63,384.62,752.25,385,368,0.00,0.00,0,0
1544348672,2001-eth1,1958.04,0.00,1958.04,0,1960,19.98,0.00,19.98,0,20,0.00,0.00,0,0
1544348672,3005-eth2,30147.85,1223500.50,1253648.38,1224724,30178,348.65,609.39,958.04,610,349,0.00,0.00,0,0
1544348672,2001-eth2,9790.21,24473.53,34263.74,24498,9800,99.90,312.69,412.59,313,100,0.00,0.00,0,0
1544348672,3007-eth2,1191574.50,626235.81,1817810.25,626862,1192766,410.59,637.36,1047.95,638,411,0.00,0.00,0,0
1544348672,1001-eth1,0.00,1958.04,1958.04,1960,0,0.00,19.98,19.98,20,0,0.00,0.00,0,0
1544348672,3007-eth4,23142.86,640297.75,663440.56,640938,23166,302.70,316.68,619.38,317,303,0.00,0.00,0,0
1544348672,2003-eth2,12725.28,23970.03,36695.30,23994,12738,192.81,316.68,509.49,317,193,0.00,0.00,0,0
1544348672,3007-eth3,1220247.75,1217618.38,2437866.25,1218836,1221468,801.20,805.19,1606.39,806,802,0.00,0.00,0,0
1544348672,1002-eth1,24473.53,9790.21,34263.74,9800,24498,312.69,99.90,412.59,100,313,0.00,0.00,0,0
1544348672,2002-eth3,1958.04,589624.38,591582.44,590214,1960,19.98,222.78,242.76,223,20,0.00,0.00,0,0
1544348672,2007-eth2,15528.47,15856.14,31384.62,15872,15544,158.84,191.81,350.65,192,159,0.00,0.00,0,0
1544348672,total,37972180.00,37810840.00,75783016.00,37848646,38010154,28050.95,28073.93,56124.88,28102,28079,0.00,0.00,0,0
1544348673,3003-eth3,1218669.38,1222024.00,2440693.25,1223246,1219888,799.20,806.19,1605.39,807,800,0.00,0.00,0,0
1544348673,2002-eth1,248691.31,3818.18,252509.50,3822,248940,85.91,38.96,124.88,39,86,0.00,0.00,0,0
1544348673,lo,8575.42,8575.42,17150.85,8584,8584,89.91,89.91,179.82,90,90,0.00,0.00,0,0
1544348673,3005-eth3,1231071.00,363300.72,1594371.62,363664,1232302,658.34,633.37,1291.71,634,659,0.00,0.00,0,0
1544348673,2005-eth3,674991.00,340477.53,1015468.56,340818,675666,232.77,424.58,657.34,425,233,0.00,0.00,0,0
1544348673,3004-eth4,1209358.62,659608.44,1868967.12,660268,1210568,614.39,613.39,1227.77,614,615,0.00,0.00,0,0
1544348673,1004-eth2,593584.44,665384.62,1258969.12,666050,594178,204.80,672.33,877.12,673,205,0.00,0.00,0,0
1544348673,2004-eth4,1196046.00,669360.69,1865406.62,670030,1197242,412.59,713.29,1125.87,714,413,0.00,0.00,0,0
1544348673,1001-eth2,646020.00,675050.94,1321071.00,675726,646666,407.59,233.77,641.36,234,408,0.00,0.00,0,0
1544348673,1003-eth3,1223764.25,1196046.00,2419810.25,1197242,1224988,613.39,412.59,1025.97,413,614,0.00,0.00,0,0
1544348673,2002-eth4,7358.64,250709.30,258067.94,250960,7366,101.90,106.89,208.79,107,102,0.00,0.00,0,0
1544348673,1001-eth4,23134.87,12395.60,35530.47,12408,23158,320.68,187.81,508.49,188,321,0.00,0.00,0,0
1544348673,3001-eth2,595602.44,1920.08,597522.50,1922,596198,225.77,19.98,245.75,20,226,0.00,0.00,0,0
1544348673,1004-eth1,5340.66,597500.50,602841.19,598098,5346,80.92,244.76,325.67,245,81,0.00,0.00,0,0
1544348673,3005-eth4,1220321.75,593792.25,1814113.88,594386,1221542,640.36,624.38,1264.74,625,641,0.00,0.00,0,0
1544348673,1003-eth2,1196046.00,603320.69,1799366.62,603924,1197242,412.59,245.75,658.34,246,413,0.00,0.00,0,0
1544348673,3008-eth1,9692.31,36935.07,46627.38,36972,9702,98.90,491.51,590.41,492,99,0.00,0.00,0,0
1544348673,1002-eth3,3818.18,30461.54,34279.72,30492,3822,38.96,413.59,452.55,414,39,0.00,0.00,0,0
1544348673,2006-eth1,1196046.00,1223764.25,2419810.25,1224988,1197242,412.59,613.39,1025.97,614,413,0.00,0.00,0,0
1544348673,3003-eth1,25978.02,646020.00,671998.00,646666,26004,393.61,407.59,801.20,408,394,0.00,0.00,0,0
1544348673,2001-eth3,20459.54,7734.27,28193.81,7742,20480,271.73,78.92,350.65,79,272,0.00,0.00,0,0
1544348673,2008-eth2,0.00,3818.18,3818.18,3822,0,0.00,38.96,38.96,39,0,0.00,0.00,0,0
1544348673,2008-eth3,629628.38,1196105.88,1825734.38,1197302,630258,644.36,413.59,1057.94,414,645,0.00,0.00,0,0
1544348673,1001-eth3,674991.00,654741.25,1329732.25,655396,675666,232.77,519.48,752.25,520,233,0.00,0.00,0,0
1544348673,2007-eth4,36935.07,9692.31,46627.38,9702,36972,491.51,98.90,590.41,99,492,0.00,0.00,0,0
1544348673,2004-eth2,665384.62,593584.44,1258969.12,594178,666050,672.33,204.80,877.12,205,673,0.00,0.00,0,0
1544348673,3002-eth1,7794.21,7832.17,15626.37,7840,7802,79.92,79.92,159.84,80,80,0.00,0.00,0,0
1544348673,3004-eth1,675050.94,37610.39,712661.38,37648,675726,233.77,522.48,756.24,523,234,0.00,0.00,0,0
1544348673,2006-eth3,1223896.12,20835.17,1244731.25,20856,1225120,615.38,295.70,911.09,296,616,0.00,0.00,0,0
1544348673,3004-eth2,669360.69,1196046.00,1865406.62,1197242,670030,713.29,412.59,1125.87,413,714,0.00,0.00,0,0
1544348673,3001-eth3,1220673.38,619892.12,1840565.50,620512,1221894,610.39,603.40,1213.79,604,611,0.00,0.00,0,0
1544348673,2003-eth4,37610.39,675050.94,712661.38,675726,37648,522.48,233.77,756.24,234,523,0.00,0.00,0,0
1544348673,2008-eth4,1196046.00,790357.69,1986403.62,791148,1197242,412.59,797.20,1209.79,798,413,0.00,0.00,0,0
1544348673,3008-eth3,15758.24,292445.56,308203.81,292738,15774,190.81,196.80,387.61,197,191,0.00,0.00,0,0
1544348673,2005-eth2,30461.54,3818.18,34279.72,3822,30492,413.59,38.96,452.55,39,414,0.00,0.00,0,0
1544348673,2006-eth4,681043.00,1196046.00,1877089.00,1197242,681724,889.11,412.59,1301.70,413,890,0.00,0.00,0,0
1544348673,3006-eth2,1196046.00,681043.00,1877089.00,681724,1197242,412.59,889.11,1301.70,890,413,0.00,0.00,0,0
1544348673,1003-eth4,599502.50,764115.88,1363618.38,764880,600102,206.79,399.60,606.39,400,207,0.00,0.00,0,0
1544348673,2006-eth2,5340.66,665482.56,670823.19,666148,5346,80.92,673.33,754.25,674,81,0.00,0.00,0,0
1544348673,3001-eth1,7734.27,20459.54,28193.81,20480,7742,78.92,271.73,350.65,272,79,0.00,0.00,0,0
1544348673,3008-eth2,790357.69,1196046.00,1986403.62,1197242,791148,797.20,412.59,1209.79,413,798,0.00,0.00,0,0
1544348673,2004-eth3,593584.44,599502.50,1193087.00,600102,594178,204.80,206.79,411.59,207,205,0.00,0.00,0,0
1544348673,3001-eth4,35968.03,1217574.50,1253542.50,1218792,36004,497.50,515.48,1012.99,516,498,0.00,0.00,0,0
1544348673,1003-eth1,3818.18,248691.31,252509.50,248940,3822,38.96,85.91,124.88,86,39,0.00,0.00,0,0
1544348673,3002-eth2,250709.30,7358.64,258067.94,7366,250960,106.89,101.90,208.79,102,107,0.00,0.00,0,0
1544348673,2005-eth4,323526.47,664433.56,987960.06,665098,323850,148.85,618.38,767.23,619,149,0.00,0.00,0,0
1544348673,3003-eth2,599502.50,593584.44,1193087.00,594178,600102,206.79,204.80,411.59,205,207,0.00,0.00,0,0
1544348673,2007-eth1,12395.60,23134.87,35530.47,23158,12408,187.81,320.68,508.49,321,188,0.00,0.00,0,0
1544348673,1002-eth4,15758.24,15468.53,31226.77,15484,15774,190.81,157.84,348.65,158,191,0.00,0.00,0,0
1544348673,3002-eth4,1205154.88,258911.09,1464066.00,259170,1206360,243.76,240.76,484.52,241,244,0.00,0.00,0,0
1544348673,2007-eth3,7734.27,24007.99,31742.26,24032,7742,78.92,306.69,385.61,307,79,0.00,0.00,0,0
1544348673,3005-eth1,340477.53,674991.00,1015468.56,675666,340818,424.58,232.77,657.34,233,425,0.00,0.00,0,0
1544348673,2001-eth4,7832.17,7794.21,15626.37,7802,7840,79.92,79.92,159.84,80,80,0.00,0.00,0,0
1544348673,3003-eth4,1208375.62,625546.50,1833922.12,626172,1209584,599.40,601.40,1200.80,602,600,0.00,0.00,0,0
1544348673,2004-eth1,603320.69,1196046.00,1799366.62,1197242,603924,245.75,412.59,658.34,413,246,0.00,0.00,0,0
1544348673,3006-eth4,1222625.38,1222066.00,2444691.50,1223288,1223848,859.14,807.19,1666.33,808,860,0.00,0.00,0,0
1544348673,3007-eth1,24007.99,7734.27,31742.26,7742,24032,306.69,78.92,385.61,79,307,0.00,0.00,0,0
1544348673,2008-eth1,764115.88,599502.50,1363618.38,600102,764880,399.60,206.79,606.39,207,400,0.00,0.00,0,0
1544348673,2002-eth2,597500.50,5340.66,602841.19,5346,598098,244.76,80.92,325.67,81,245,0.00,0.00,0,0
1544348673,2003-eth1,675050.94,646020.00,1321071.00,646666,675726,233.77,407.59,641.36,408,234,0.00,0.00,0,0
1544348673,3008-eth4,1223478.50,502000.00,1725478.62,502502,1224702,632.37,614.39,1246.75,615,633,0.00,0.00,0,0
1544348673,1004-eth4,3818.18,0.00,3818.18,0,3822,38.96,0.00,38.96,0,39,0.00,0.00,0,0
1544348673,3006-eth1,664433.56,323526.47,987960.06,323850,665098,618.38,148.85,767.23,149,619,0.00,0.00,0,0
1544348673,1004-eth3,665482.56,5340.66,670823.19,5346,666148,673.33,80.92,754.25,81,674,0.00,0.00,0,0
1544348673,1002-eth2,24297.70,12785.21,37082.92,12798,24322,320.68,193.81,514.49,194,321,0.00,0.00,0,0
1544348673,3004-eth3,24357.64,684683.31,709041.00,685368,24382,321.68,331.67,653.35,332,322,0.00,0.00,0,0
1544348673,2003-eth3,646020.00,25978.02,671998.00,26004,646666,407.59,393.61,801.20,394,408,0.00,0.00,0,0
1544348673,2005-eth1,654741.25,674991.00,1329732.25,675666,655396,519.48,232.77,752.25,233,520,0.00,0.00,0,0
1544348673,3002-eth3,20069.93,1202207.88,1222277.75,1203410,20090,255.74,260.74,516.48,261,256,0.00,0.00,0,0
1544348673,3006-eth3,30065.94,951128.88,981194.81,952080,30096,407.59,423.58,831.17,424,408,0.00,0.00,0,0
1544348673,2001-eth1,1958.04,59.94,2017.98,60,1960,19.98,1.00,20.98,1,20,0.00,0.00,0,0
1544348673,3005-eth2,20835.17,1223896.12,1244731.25,1225120,20856,295.70,615.38,911.09,616,296,0.00,0.00,0,0
1544348673,2001-eth2,9692.31,24473.53,34165.84,24498,9702,98.90,312.69,411.59,313,99,0.00,0.00,0,0
1544348673,3007-eth2,1196105.88,629628.38,1825734.38,630258,1197302,413.59,644.36,1057.94,645,414,0.00,0.00,0,0
1544348673,1001-eth1,59.94,1958.04,2017.98,1960,60,1.00,19.98,20.98,20,1,0.00,0.00,0,0
1544348673,3007-eth4,23334.67,659498.50,682833.19,660158,23358,305.69,322.68,628.37,323,306,0.00,0.00,0,0
1544348673,2003-eth2,12785.21,24297.70,37082.92,24322,12798,193.81,320.68,514.49,321,194,0.00,0.00,0,0
1544348673,3007-eth3,1223075.00,1222024.00,2445099.00,1223246,1224298,800.20,806.19,1606.39,807,801,0.00,0.00,0,0
1544348673,1002-eth1,24473.53,9692.31,34165.84,9702,24498,312.69,98.90,411.59,99,313,0.00,0.00,0,0
1544348673,2002-eth3,1920.08,595602.44,597522.50,596198,1922,19.98,225.77,245.75,226,20,0.00,0.00,0,0
1544348673,2007-eth2,15468.53,15758.24,31226.77,15774,15484,157.84,190.81,348.65,191,158,0.00,0.00,0,0
1544348673,total,37896116.00,37860460.00,75756584.00,37898322,37934012,27529.47,27494.51,55023.98,27522,27557,0.00,0.00,0,0
1544348674,3003-eth3,1219918.12,1222024.00,2441942.00,1223246,1221138,796.20,806.19,1602.40,807,797,0.00,0.00,0,0
1544348674,2002-eth1,269464.53,3976.02,273440.56,3980,269734,93.91,40.96,134.87,41,94,0.00,0.00,0,0
1544348674,lo,7124.88,7124.88,14249.75,7132,7132,69.93,69.93,139.86,70,70,0.00,0.00,0,0
1544348674,3005-eth3,1223108.88,571492.50,1794601.50,572064,1224332,625.37,665.33,1290.71,666,626,0.00,0.00,0,0
1544348674,2005-eth3,627646.38,547208.81,1174855.12,547756,628274,216.78,488.51,705.29,489,217,0.00,0.00,0,0
1544348674,3004-eth4,1206471.50,683214.81,1889686.38,683898,1207678,614.39,620.38,1234.77,621,615,0.00,0.00,0,0
1544348674,1004-eth2,586213.81,689088.94,1275302.75,689778,586800,202.80,680.32,883.12,681,203,0.00,0.00,0,0
1544348674,2004-eth4,1196046.00,692907.12,1888953.12,693600,1197242,412.59,719.28,1131.87,720,413,0.00,0.00,0,0
1544348674,1001-eth2,669302.69,627646.38,1296949.12,628274,669972,409.59,216.78,626.37,217,410,0.00,0.00,0,0
1544348674,1003-eth3,1224082.00,1196046.00,2420128.00,1197242,1225306,552.45,412.59,965.03,413,553,0.00,0.00,0,0
1544348674,2002-eth4,7760.24,271362.66,279122.88,271634,7768,107.89,112.89,220.78,113,108,0.00,0.00,0,0
1544348674,1001-eth4,35270.73,12065.93,47336.66,12078,35306,410.59,182.82,593.41,183,411,0.00,0.00,0,0
1544348674,3001-eth2,588111.88,1958.04,590069.94,1960,588700,221.78,19.98,241.76,20,222,0.00,0.00,0,0
1544348674,1004-eth1,5802.20,590129.88,595932.06,590720,5808,87.91,242.76,330.67,243,88,0.00,0.00,0,0
1544348674,3005-eth4,1222893.12,674551.44,1897444.62,675226,1224116,715.28,708.29,1423.58,709,716,0.00,0.00,0,0
1544348674,1003-eth2,1196046.00,603418.62,1799464.62,604022,1197242,412.59,246.75,659.34,247,413,0.00,0.00,0,0
1544348674,3008-eth1,9594.41,49632.37,59226.77,49682,9604,97.90,590.41,688.31,591,98,0.00,0.00,0,0
1544348674,1002-eth3,3878.12,29770.23,33648.35,29800,3882,39.96,403.60,443.56,404,40,0.00,0.00,0,0
1544348674,2006-eth1,1196046.00,1224082.00,2420128.00,1225306,1197242,412.59,552.45,965.03,553,413,0.00,0.00,0,0
1544348674,3003-eth1,26037.96,669302.69,695340.69,669972,26064,394.61,409.59,804.20,410,395,0.00,0.00,0,0
1544348674,2001-eth3,20359.64,7892.11,28251.75,7900,20380,269.73,80.92,350.65,81,270,0.00,0.00,0,0
1544348674,2008-eth2,0.00,3976.02,3976.02,3980,0,0.00,40.96,40.96,41,0,0.00,0.00,0,0
1544348674,2008-eth3,629396.62,1193087.00,1822483.62,1194280,630026,640.36,411.59,1051.95,412,641,0.00,0.00,0,0
1544348674,1001-eth3,627646.38,690549.50,1318195.88,691240,628274,216.78,617.38,834.17,618,217,0.00,0.00,0,0
1544348674,2007-eth4,49632.37,9594.41,59226.77,9604,49682,590.41,97.90,688.31,98,591,0.00,0.00,0,0
1544348674,2004-eth2,689088.94,586213.81,1275302.75,586800,689778,680.32,202.80,883.12,203,681,0.00,0.00,0,0
1544348674,3002-eth1,7832.17,7734.27,15566.43,7742,7840,79.92,78.92,158.84,79,80,0.00,0.00,0,0
1544348674,3004-eth1,627646.38,36691.31,664337.69,36728,628274,216.78,507.49,724.28,508,217,0.00,0.00,0,0
1544348674,2006-eth3,1224016.00,32449.55,1256465.62,32482,1225240,551.45,377.62,929.07,378,552,0.00,0.00,0,0
1544348674,3004-eth2,692907.12,1196046.00,1888953.12,1197242,693600,719.28,412.59,1131.87,413,720,0.00,0.00,0,0
1544348674,3001-eth3,1223494.50,612527.50,1836022.00,613140,1224718,609.39,601.40,1210.79,602,610,0.00,0.00,0,0
1544348674,2003-eth4,36691.31,627646.38,664337.69,628274,36728,507.49,216.78,724.28,217,508,0.00,0.00,0,0
1544348674,2008-eth4,1193087.00,1042997.06,2236084.00,1044040,1194280,411.59,899.10,1310.69,900,412,0.00,0.00,0,0
1544348674,3008-eth3,16319.68,323384.62,339704.31,323708,16336,199.80,205.79,405.59,206,200,0.00,0.00,0,0
1544348674,2005-eth2,29770.23,3878.12,33648.35,3882,29800,403.60,39.96,443.56,40,404,0.00,0.00,0,0
1544348674,2006-eth4,715676.31,1196046.00,1911722.38,1197242,716392,969.03,412.59,1381.62,413,970,0.00,0.00,0,0
1544348674,3006-eth2,1196046.00,715676.31,1911722.38,716392,1197242,412.59,969.03,1381.62,970,413,0.00,0.00,0,0
1544348674,1003-eth4,599562.44,1017019.00,1616581.50,1018036,600162,207.79,505.49,713.29,506,208,0.00,0.00,0,0
1544348674,2006-eth2,5802.20,689148.88,694951.06,689838,5808,87.91,681.32,769.23,682,88,0.00,0.00,0,0
1544348674,3001-eth1,7892.11,20359.64,28251.75,20380,7900,80.92,269.73,350.65,270,81,0.00,0.00,0,0
1544348674,3008-eth2,1042997.06,1193087.00,2236084.00,1194280,1044040,899.10,411.59,1310.69,412,900,0.00,0.00,0,0
1544348674,2004-eth3,586153.88,599562.44,1185716.38,600162,586740,201.80,207.79,409.59,208,202,0.00,0.00,0,0
1544348674,3001-eth4,36223.78,1219184.88,1255408.62,1220404,36260,500.50,517.48,1017.98,518,501,0.00,0.00,0,0
1544348674,1003-eth1,3976.02,269464.53,273440.56,269734,3980,40.96,93.91,134.87,94,41,0.00,0.00,0,0
1544348674,3002-eth2,271362.66,7760.24,279122.88,7768,271634,112.89,107.89,220.78,108,113,0.00,0.00,0,0
1544348674,2005-eth4,530791.25,700143.88,1230935.12,700844,531322,220.78,715.28,936.06,716,221,0.00,0.00,0,0
1544348674,3003-eth2,599562.44,586153.88,1185716.38,586740,600162,207.79,201.80,409.59,202,208,0.00,0.00,0,0
1544348674,2007-eth1,12065.93,35270.73,47336.66,35306,12078,182.82,410.59,593.41,411,183,0.00,0.00,0,0
1544348674,1002-eth4,16417.58,15566.43,31984.02,15582,16434,200.80,158.84,359.64,159,201,0.00,0.00,0,0
1544348674,3002-eth4,1208901.12,279030.97,1487932.12,279310,1210110,234.77,238.76,473.53,239,235,0.00,0.00,0,0
1544348674,2007-eth3,7734.27,23716.29,31450.55,23740,7742,78.92,301.70,380.62,302,79,0.00,0.00,0,0
1544348674,3005-eth1,547208.81,627646.38,1174855.12,628274,547756,488.51,216.78,705.29,217,489,0.00,0.00,0,0
1544348674,2001-eth4,7734.27,7832.17,15566.43,7840,7742,78.92,79.92,158.84,80,79,0.00,0.00,0,0
1544348674,3003-eth4,1208171.88,625612.38,1833784.25,626238,1209380,596.40,602.40,1198.80,603,597,0.00,0.00,0,0
1544348674,2004-eth1,603418.62,1196046.00,1799464.62,1197242,604022,246.75,412.59,659.34,413,247,0.00,0.00,0,0
1544348674,3006-eth4,1220046.00,1222197.88,2442243.75,1223420,1221266,776.22,809.19,1585.41,810,777,0.00,0.00,0,0
1544348674,3007-eth1,23716.29,7734.27,31450.55,7742,23740,301.70,78.92,380.62,79,302,0.00,0.00,0,0
1544348674,2008-eth1,1017019.00,599562.44,1616581.50,600162,1018036,505.49,207.79,713.29,208,506,0.00,0.00,0,0
1544348674,2002-eth2,590129.88,5802.20,595932.06,5808,590720,242.76,87.91,330.67,88,243,0.00,0.00,0,0
1544348674,2003-eth1,627646.38,669302.69,1296949.12,669972,628274,216.78,409.59,626.37,410,217,0.00,0.00,0,0
1544348674,3008-eth4,1219712.38,725440.56,1945152.88,726166,1220932,701.30,690.31,1391.61,691,702,0.00,0.00,0,0
1544348674,1004-eth4,3976.02,0.00,3976.02,0,3980,40.96,0.00,40.96,0,41,0.00,0.00,0,0
1544348674,3006-eth1,700143.88,530791.25,1230935.12,531322,700844,715.28,220.78,936.06,221,716,0.00,0.00,0,0
1544348674,1004-eth3,689148.88,5802.20,694951.06,5808,689838,681.32,87.91,769.23,88,682,0.00,0.00,0,0
1544348674,1002-eth2,23240.76,12527.47,35768.23,12540,23264,303.70,189.81,493.51,190,304,0.00,0.00,0,0
1544348674,3004-eth3,23240.76,637338.69,660579.44,637976,23264,303.70,315.68,619.38,316,304,0.00,0.00,0,0
1544348674,2003-eth3,669302.69,26037.96,695340.69,26064,669972,409.59,394.61,804.20,395,410,0.00,0.00,0,0
1544348674,2005-eth1,690549.50,627646.38,1318195.88,628274,691240,617.38,216.78,834.17,217,618,0.00,0.00,0,0
1544348674,3002-eth3,19318.68,1204143.88,1223462.62,1205348,19338,244.76,245.75,490.51,246,245,0.00,0.00,0,0
1544348674,3006-eth3,29076.92,902173.88,931250.75,903076,29106,392.61,405.59,798.20,406,393,0.00,0.00,0,0
1544348674,2001-eth1,1958.04,0.00,1958.04,0,1960,19.98,0.00,19.98,0,20,0.00,0.00,0,0
1544348674,3005-eth2,32449.55,1224016.00,1256465.62,1225240,32482,377.62,551.45,929.07,552,378,0.00,0.00,0,0
1544348674,2001-eth2,9790.21,24177.82,33968.03,24202,9800,99.90,308.69,408.59,309,100,0.00,0.00,0,0
1544348674,3007-eth2,1193087.00,629396.62,1822483.62,630026,1194280,411.59,640.36,1051.95,641,412,0.00,0.00,0,0
1544348674,1001-eth1,0.00,1958.04,1958.04,1960,0,0.00,19.98,19.98,20,0,0.00,0.00,0,0
1544348674,3007-eth4,23802.20,692113.88,715916.12,692806,23826,312.69,334.67,647.35,335,313,0.00,0.00,0,0
1544348674,2003-eth2,12527.47,23240.76,35768.23,23264,12540,189.81,303.70,493.51,304,190,0.00,0.00,0,0
1544348674,3007-eth3,1222409.62,1222221.75,2444631.50,1223444,1223632,790.21,809.19,1599.40,810,791,0.00,0.00,0,0
1544348674,1002-eth1,24177.82,9790.21,33968.03,9800,24202,308.69,99.90,408.59,100,309,0.00,0.00,0,0
1544348674,2002-eth3,1958.04,588111.88,590069.94,588700,1960,19.98,221.78,241.76,222,20,0.00,0.00,0,0
1544348674,2007-eth2,15566.43,16417.58,31984.02,16434,15582,158.84,200.80,359.64,201,159,0.00,0.00,0,0
1544348674,total,38880400.00,39373948.00,78254344.00,39413318,38919280,28184.82,28347.65,56532.47,28376,28213,0.00,0.00,0,0
1544348675,3003-eth3,1216629.38,1213081.00,2429710.25,1214294,1217846,790.21,802.20,1592.41,803,791,0.00,0.00,0,0
1544348675,2002-eth1,278281.72,3818.18,282099.91,3822,278560,95.90,38.96,134.87,39,96,0.00,0.00,0,0
1544348675,lo,72967.03,72967.03,145934.06,73040,73040,306.69,306.69,613.39,307,307,0.00,0.00,0,0
1544348675,3005-eth3,1224991.00,421204.81,1646195.88,421626,1226216,654.35,672.33,1326.67,673,655,0.00,0.00,0,0
1544348675,2005-eth3,646907.12,390253.75,1037160.88,390644,647554,223.78,433.57,657.34,434,224,0.00,0.00,0,0
1544348675,3004-eth4,1203842.25,712715.31,1916557.50,713428,1205046,618.38,629.37,1247.75,630,619,0.00,0.00,0,0
1544348675,1004-eth2,578789.25,718547.50,1297336.75,719266,579368,199.80,688.31,888.11,689,200,0.00,0.00,0,0
1544348675,2004-eth4,1187168.88,722365.62,1909534.50,723088,1188356,409.59,727.27,1136.86,728,410,0.00,0.00,0,0
1544348675,1001-eth2,699354.69,646847.19,1346201.88,647494,700054,426.57,222.78,649.35,223,427,0.00,0.00,0,0
1544348675,1003-eth3,1219158.88,1187168.88,2406327.75,1188356,1220378,631.37,409.59,1040.96,410,632,0.00,0.00,0,0
1544348675,2002-eth4,7892.11,280239.78,288131.88,280520,7900,109.89,115.88,225.77,116,110,0.00,0.00,0,0
1544348675,1001-eth4,35530.47,12527.47,48057.95,12540,35566,420.58,189.81,610.39,190,421,0.00,0.00,0,0
1544348675,3001-eth2,580649.38,1860.14,582509.50,1862,581230,218.78,18.98,237.76,19,219,0.00,0.00,0,0
1544348675,1004-eth1,5934.07,582607.44,588541.50,583190,5940,89.91,238.76,328.67,239,90,0.00,0.00,0,0
1544348675,3005-eth4,1216933.12,385348.66,1602281.75,385734,1218150,601.40,578.42,1179.82,579,602,0.00,0.00,0,0
1544348675,1003-eth2,1187228.75,641848.19,1829077.00,642490,1188416,410.59,259.74,670.33,260,411,0.00,0.00,0,0
1544348675,3008-eth1,9692.31,49660.34,59352.65,49710,9702,98.90,596.40,695.30,597,99,0.00,0.00,0,0
1544348675,1002-eth3,3916.08,30025.97,33942.06,30056,3920,39.96,406.59,446.55,407,40,0.00,0.00,0,0
1544348675,2006-eth1,1187168.88,1219158.88,2406327.75,1220378,1188356,409.59,631.37,1040.96,632,410,0.00,0.00,0,0
1544348675,3003-eth1,25912.09,699354.69,725266.75,700054,25938,392.61,426.57,819.18,427,393,0.00,0.00,0,0
1544348675,2001-eth3,20155.84,7734.27,27890.11,7742,20176,266.73,78.92,345.65,79,267,0.00,0.00,0,0
1544348675,2008-eth2,0.00,3916.08,3916.08,3920,0,0.00,39.96,39.96,40,0,0.00,0.00,0,0
1544348675,2008-eth3,667798.25,1193087.00,1860885.12,1194280,668466,652.35,411.59,1063.94,412,653,0.00,0.00,0,0
1544348675,1001-eth3,646847.19,720459.56,1367306.75,721180,647494,222.78,638.36,861.14,639,223,0.00,0.00,0,0
1544348675,2007-eth4,49660.34,9692.31,59352.65,9702,49710,596.40,98.90,695.30,99,597,0.00,0.00,0,0
1544348675,2004-eth2,718547.50,578789.25,1297336.75,579368,719266,688.31,199.80,888.11,200,689,0.00,0.00,0,0
1544348675,3002-eth1,7832.17,7892.11,15724.28,7900,7840,79.92,80.92,160.84,81,80,0.00,0.00,0,0
1544348675,3004-eth1,646847.19,37120.88,683968.06,37158,647494,222.78,514.49,737.26,515,223,0.00,0.00,0,0
1544348675,2006-eth3,1219158.88,29880.12,1249039.00,29910,1220378,631.37,344.66,976.02,345,632,0.00,0.00,0,0
1544348675,3004-eth2,722365.62,1187168.88,1909534.50,1188356,723088,727.27,409.59,1136.86,410,728,0.00,0.00,0,0
1544348675,3001-eth3,1214359.62,604899.12,1819258.75,605504,1215574,602.40,595.40,1197.80,596,603,0.00,0.00,0,0
1544348675,2003-eth4,37120.88,646847.19,683968.06,647494,37158,514.49,222.78,737.26,223,515,0.00,0.00,0,0
1544348675,2008-eth4,1193087.00,903011.00,2096098.00,903914,1194280,411.59,904.10,1315.68,905,412,0.00,0.00,0,0
1544348675,3008-eth3,16087.91,313158.84,329246.75,313472,16104,195.80,203.80,399.60,204,196,0.00,0.00,0,0
1544348675,2005-eth2,30025.97,3916.08,33942.06,3920,30056,406.59,39.96,446.55,40,407,0.00,0.00,0,0
1544348675,2006-eth4,742455.56,1187228.75,1929684.38,1188416,743198,943.06,410.59,1353.65,411,944,0.00,0.00,0,0
1544348675,3006-eth2,1187228.75,742455.56,1929684.38,743198,1188416,410.59,943.06,1353.65,944,411,0.00,0.00,0,0
1544348675,1003-eth4,637970.06,877098.94,1515069.00,877976,638608,219.78,511.49,731.27,512,220,0.00,0.00,0,0
1544348675,2006-eth2,5994.01,718449.56,724443.56,719168,6000,90.91,687.31,778.22,688,91,0.00,0.00,0,0
1544348675,3001-eth1,7734.27,20155.84,27890.11,20176,7742,78.92,266.73,345.65,267,79,0.00,0.00,0,0
1544348675,3008-eth2,903011.00,1193087.00,2096098.00,1194280,903914,904.10,411.59,1315.68,412,905,0.00,0.00,0,0
1544348675,2004-eth3,578849.19,637970.06,1216819.25,638608,579428,200.80,219.78,420.58,220,201,0.00,0.00,0,0
1544348675,3001-eth4,35802.20,1211558.50,1247360.62,1212770,35838,494.51,512.49,1006.99,513,495,0.00,0.00,0,0
1544348675,1003-eth1,3818.18,278281.72,282099.91,278560,3822,38.96,95.90,134.87,96,39,0.00,0.00,0,0
1544348675,3002-eth2,280239.78,7892.11,288131.88,7900,280520,115.88,109.89,225.77,110,116,0.00,0.00,0,0
1544348675,2005-eth4,374053.97,730189.81,1104243.75,730920,374428,168.83,737.26,906.09,738,169,0.00,0.00,0,0
1544348675,3003-eth2,637970.06,578849.19,1216819.25,579428,638608,219.78,200.80,420.58,201,220,0.00,0.00,0,0
1544348675,2007-eth1,12527.47,35530.47,48057.95,35566,12540,189.81,420.58,610.39,421,190,0.00,0.00,0,0
1544348675,1002-eth4,16245.75,15664.34,31910.09,15680,16262,197.80,159.84,357.64,160,198,0.00,0.00,0,0
1544348675,3002-eth4,1198775.25,287182.81,1485958.12,287470,1199974,234.77,230.77,465.53,231,235,0.00,0.00,0,0
1544348675,2007-eth3,7734.27,24177.82,31912.09,24202,7742,78.92,308.69,387.61,309,79,0.00,0.00,0,0
1544348675,3005-eth1,390253.75,646907.12,1037160.88,647554,390644,433.57,223.78,657.34,224,434,0.00,0.00,0,0
1544348675,2001-eth4,7892.11,7832.17,15724.28,7840,7900,80.92,79.92,160.84,80,81,0.00,0.00,0,0
1544348675,3003-eth4,1199762.25,663792.25,1863554.50,664456,1200962,600.40,611.39,1211.79,612,601,0.00,0.00,0,0
1544348675,2004-eth1,641848.19,1187228.75,1829077.00,1188416,642490,259.74,410.59,670.33,411,260,0.00,0.00,0,0
1544348675,3006-eth4,1215043.00,1213122.88,2428166.00,1214336,1216258,744.26,803.20,1547.45,804,745,0.00,0.00,0,0
1544348675,3007-eth1,24177.82,7734.27,31912.09,7742,24202,308.69,78.92,387.61,79,309,0.00,0.00,0,0
1544348675,2008-eth1,877098.94,637970.06,1515069.00,638608,877976,511.49,219.78,731.27,220,512,0.00,0.00,0,0
1544348675,2002-eth2,582607.44,5934.07,588541.50,5940,583190,238.76,89.91,328.67,90,239,0.00,0.00,0,0
1544348675,2003-eth1,646847.19,699354.69,1346201.88,700054,647494,222.78,426.57,649.35,427,223,0.00,0.00,0,0
1544348675,3008-eth4,1214074.00,586959.06,1801033.00,587546,1215288,665.33,652.35,1317.68,653,666,0.00,0.00,0,0
1544348675,1004-eth4,3916.08,0.00,3916.08,0,3920,39.96,0.00,39.96,0,40,0.00,0.00,0,0
1544348675,3006-eth1,730189.81,374053.97,1104243.75,374428,730920,737.26,168.83,906.09,169,738,0.00,0.00,0,0
1544348675,1004-eth3,718449.56,5994.01,724443.56,6000,719168,687.31,90.91,778.22,91,688,0.00,0.00,0,0
1544348675,1002-eth2,23532.47,12263.74,35796.20,12276,23556,308.69,185.81,494.51,186,309,0.00,0.00,0,0
1544348675,3004-eth3,23472.53,656539.50,680012.00,657196,23496,307.69,321.68,629.37,322,308,0.00,0.00,0,0
1544348675,2003-eth3,699354.69,25912.09,725266.75,25938,700054,426.57,392.61,819.18,393,427,0.00,0.00,0,0
1544348675,2005-eth1,720459.56,646847.19,1367306.75,647494,721180,638.36,222.78,861.14,223,639,0.00,0.00,0,0
1544348675,3002-eth3,18691.31,1209864.12,1228555.50,1211074,18710,234.77,244.76,479.52,245,235,0.00,0.00,0,0
1544348675,3006-eth3,26037.96,758823.19,784861.19,759582,26064,346.65,358.64,705.29,359,347,0.00,0.00,0,0
1544348675,2001-eth1,2017.98,0.00,2017.98,0,2020,20.98,0.00,20.98,0,21,0.00,0.00,0,0
1544348675,3005-eth2,29880.12,1219158.88,1249039.00,1220378,29910,344.66,631.37,976.02,632,345,0.00,0.00,0,0
1544348675,2001-eth2,9752.25,24071.93,33824.18,24096,9762,99.90,306.69,406.59,307,100,0.00,0.00,0,0
1544348675,3007-eth2,1193087.00,667798.25,1860885.12,668466,1194280,411.59,652.35,1063.94,653,412,0.00,0.00,0,0
1544348675,1001-eth1,0.00,2017.98,2017.98,2020,0,0.00,20.98,20.98,21,0,0.00,0.00,0,0
1544348675,3007-eth4,23010.99,681724.31,704735.31,682406,23034,300.70,330.67,631.37,331,301,0.00,0.00,0,0
1544348675,2003-eth2,12263.74,23532.47,35796.20,23556,12276,185.81,308.69,494.51,309,186,0.00,0.00,0,0
1544348675,3007-eth3,1212879.12,1215974.00,2428853.25,1217190,1214092,777.22,802.20,1579.42,803,778,0.00,0.00,0,0
1544348675,1002-eth1,24071.93,9752.25,33824.18,9762,24096,306.69,99.90,406.59,100,307,0.00,0.00,0,0
1544348675,2002-eth3,1860.14,580649.38,582509.50,581230,1862,18.98,218.78,237.76,219,19,0.00,0.00,0,0
1544348675,2007-eth2,15664.34,16245.75,31910.09,16262,15680,159.84,197.80,357.64,198,160,0.00,0.00,0,0
1544348675,total,38697448.00,38573004.00,77270448.00,38611576,38736144,28374.63,28555.45,56930.07,28584,28403,0.00,0.00,0,0
1544348676,3003-eth3,1223592.50,1223091.00,2446683.50,1224314,1224816,786.21,814.19,1600.40,815,787,0.00,0.00,0,0
1544348676,2002-eth1,284199.81,3916.08,288115.91,3920,284484,97.90,39.96,137.86,40,98,0.00,0.00,0,0
1544348676,lo,2421.58,2421.58,4843.16,2424,2424,23.98,23.98,47.95,24,24,0.00,0.00,0,0
1544348676,3005-eth3,1231116.88,473558.47,1704675.38,474032,1232348,681.32,711.29,1392.61,712,682,0.00,0.00,0,0
1544348676,2005-eth3,648359.69,440491.53,1088851.12,440932,649008,223.78,449.55,673.33,450,224,0.00,0.00,0,0
1544348676,3004-eth4,1209454.62,652289.75,1861744.25,652942,1210664,629.37,634.37,1263.74,635,630,0.00,0.00,0,0
1544348676,1004-eth2,581748.25,658024.00,1239772.25,658682,582330,200.80,692.31,893.11,693,201,0.00,0.00,0,0
1544348676,2004-eth4,1193087.00,661940.06,1855027.00,662602,1194280,411.59,732.27,1143.86,733,412,0.00,0.00,0,0
1544348676,1001-eth2,639456.56,648359.69,1287816.25,649008,640096,439.56,223.78,663.34,224,440,0.00,0.00,0,0
1544348676,1003-eth3,1226591.50,1193146.88,2419738.25,1194340,1227818,612.39,412.59,1024.98,413,613,0.00,0.00,0,0
1544348676,2002-eth4,7958.04,286157.84,294115.91,286444,7966,110.89,117.88,228.77,118,111,0.00,0.00,0,0
1544348676,1001-eth4,40423.58,13312.69,53736.27,13326,40464,469.53,201.80,671.33,202,470,0.00,0.00,0,0
1544348676,3001-eth2,583706.31,1958.04,585664.38,1960,584290,220.78,19.98,240.76,20,221,0.00,0.00,0,0
1544348676,1004-eth1,6000.00,585664.38,591664.38,586250,6006,90.91,240.76,331.67,241,91,0.00,0.00,0,0
1544348676,3005-eth4,1220743.25,604779.25,1825522.50,605384,1221964,675.32,659.34,1334.67,660,676,0.00,0.00,0,0
1544348676,1003-eth2,1193087.00,698173.88,1891260.75,698872,1194280,411.59,279.72,691.31,280,412,0.00,0.00,0,0
1544348676,3008-eth1,9790.21,54783.22,64573.43,54838,9800,99.90,648.35,748.25,649,100,0.00,0.00,0,0
1544348676,1002-eth3,3916.08,29704.30,33620.38,29734,3920,39.96,402.60,442.56,403,40,0.00,0.00,0,0
1544348676,2006-eth1,1193146.88,1226591.50,2419738.25,1227818,1194340,412.59,612.39,1024.98,613,413,0.00,0.00,0,0
1544348676,3003-eth1,30004.00,639456.56,669460.56,640096,30034,402.60,439.56,842.16,440,403,0.00,0.00,0,0
1544348676,2001-eth3,21370.63,7636.36,29006.99,7644,21392,263.74,77.92,341.66,78,264,0.00,0.00,0,0
1544348676,2008-eth2,0.00,3916.08,3916.08,3920,0,0.00,39.96,39.96,40,0,0.00,0.00,0,0
1544348676,2008-eth3,724217.81,1196046.00,1920263.75,1197242,724942,674.33,412.59,1086.91,413,675,0.00,0.00,0,0
1544348676,1001-eth3,648359.69,664669.38,1313029.00,665334,649008,223.78,688.31,912.09,689,224,0.00,0.00,0,0
1544348676,2007-eth4,54783.22,9790.21,64573.43,9800,54838,648.35,99.90,748.25,100,649,0.00,0.00,0,0
1544348676,2004-eth2,658024.00,581748.25,1239772.25,582330,658682,692.31,200.80,893.11,201,693,0.00,0.00,0,0
1544348676,3002-eth1,7832.17,7636.36,15468.53,7644,7840,79.92,77.92,157.84,78,80,0.00,0.00,0,0
1544348676,3004-eth1,648359.69,39642.36,688002.00,39682,649008,223.78,522.48,746.25,523,224,0.00,0.00,0,0
1544348676,2006-eth3,1223698.38,35564.44,1259262.75,35600,1224922,612.39,405.59,1017.98,406,613,0.00,0.00,0,0
1544348676,3004-eth2,661940.06,1193087.00,1855027.00,1194280,662602,732.27,411.59,1143.86,412,733,0.00,0.00,0,0
1544348676,3001-eth3,1222973.00,608121.88,1831095.00,608730,1224196,601.40,600.40,1201.80,601,602,0.00,0.00,0,0
1544348676,2003-eth4,39642.36,648359.69,688002.00,649008,39682,522.48,223.78,746.25,224,523,0.00,0.00,0,0
1544348676,2008-eth4,1196046.00,1103764.25,2299810.25,1104868,1197242,412.59,965.03,1377.62,966,413,0.00,0.00,0,0
1544348676,3008-eth3,16377.62,328051.97,344429.59,328380,16394,199.80,209.79,409.59,210,200,0.00,0.00,0,0
1544348676,2005-eth2,29704.30,3916.08,33620.38,3920,29734,402.60,39.96,442.56,40,403,0.00,0.00,0,0
1544348676,2006-eth4,687588.44,1193087.00,1880675.38,1194280,688276,1006.99,411.59,1418.58,412,1008,0.00,0.00,0,0
1544348676,3006-eth2,1193087.00,687588.44,1880675.38,688276,1194280,411.59,1006.99,1418.58,1008,412,0.00,0.00,0,0
1544348676,1003-eth4,694257.75,1077720.25,1771978.12,1078798,694952,239.76,570.43,810.19,571,240,0.00,0.00,0,0
1544348676,2006-eth2,6000.00,658024.00,664024.00,658682,6006,90.91,692.31,783.22,693,91,0.00,0.00,0,0
1544348676,3001-eth1,7636.36,21370.63,29006.99,21392,7644,77.92,263.74,341.66,264,78,0.00,0.00,0,0
1544348676,3008-eth2,1103764.25,1196046.00,2299810.25,1197242,1104868,965.03,412.59,1377.62,413,966,0.00,0.00,0,0
1544348676,2004-eth3,581748.25,694257.75,1276006.00,694952,582330,200.80,239.76,440.56,240,201,0.00,0.00,0,0
1544348676,3001-eth4,36065.93,1223394.62,1259460.62,1224618,36102,498.50,516.48,1014.99,517,499,0.00,0.00,0,0
1544348676,1003-eth1,3916.08,284199.81,288115.91,284484,3920,39.96,97.90,137.86,98,40,0.00,0.00,0,0
1544348676,3002-eth2,286157.84,7958.04,294115.91,7966,286444,117.88,110.89,228.77,111,118,0.00,0.00,0,0
1544348676,2005-eth4,424297.72,674323.69,1098621.38,674998,424722,184.82,787.21,972.03,788,185,0.00,0.00,0,0
1544348676,3003-eth2,694257.75,581748.25,1276006.00,582330,694952,239.76,200.80,440.56,201,240,0.00,0.00,0,0
1544348676,2007-eth1,13312.69,40423.58,53736.27,40464,13326,201.80,469.53,671.33,470,202,0.00,0.00,0,0
1544348676,1002-eth4,16317.68,15724.28,32041.96,15740,16334,198.80,160.84,359.64,161,199,0.00,0.00,0,0
1544348676,3002-eth4,1210413.62,292837.16,1503250.75,293130,1211624,235.76,228.77,464.54,229,236,0.00,0.00,0,0
1544348676,2007-eth3,7832.17,25001.00,32833.17,25026,7840,79.92,320.68,400.60,321,80,0.00,0.00,0,0
1544348676,3005-eth1,440491.53,648359.69,1088851.12,649008,440932,449.55,223.78,673.33,224,450,0.00,0.00,0,0
1544348676,2001-eth4,7636.36,7832.17,15468.53,7840,7644,77.92,79.92,157.84,80,78,0.00,0.00,0,0
1544348676,3003-eth4,1206339.75,720343.69,1926683.38,721064,1207546,612.39,635.36,1247.75,636,613,0.00,0.00,0,0
1544348676,2004-eth1,698173.88,1193087.00,1891260.75,1194280,698872,279.72,411.59,691.31,412,280,0.00,0.00,0,0
1544348676,3006-eth4,1222587.50,1219196.88,2441784.25,1220416,1223810,815.18,807.19,1622.38,808,816,0.00,0.00,0,0
1544348676,3007-eth1,25001.00,7832.17,32833.17,7840,25026,320.68,79.92,400.60,80,321,0.00,0.00,0,0
1544348676,2008-eth1,1077720.25,694257.75,1771978.12,694952,1078798,570.43,239.76,810.19,240,571,0.00,0.00,0,0
1544348676,2002-eth2,585664.38,6000.00,591664.38,6006,586250,240.76,90.91,331.67,91,241,0.00,0.00,0,0
1544348676,2003-eth1,648359.69,639456.56,1287816.25,640096,649008,223.78,439.56,663.34,440,224,0.00,0.00,0,0
1544348676,3008-eth4,1222523.50,776601.44,1999124.88,777378,1223746,725.27,720.28,1445.55,721,726,0.00,0.00,0,0
1544348676,1004-eth4,3916.08,0.00,3916.08,0,3920,39.96,0.00,39.96,0,40,0.00,0.00,0,0
1544348676,3006-eth1,674323.69,424297.72,1098621.38,424722,674998,787.21,184.82,972.03,185,788,0.00,0.00,0,0
1544348676,1004-eth3,658024.00,6000.00,664024.00,6006,658682,692.31,90.91,783.22,91,693,0.00,0.00,0,0
1544348676,1002-eth2,23274.73,13636.36,36911.09,13650,23298,304.70,184.82,489.51,185,305,0.00,0.00,0,0
1544348676,3004-eth3,23274.73,658051.94,681326.69,658710,23298,304.70,322.68,627.37,323,305,0.00,0.00,0,0
1544348676,2003-eth3,639456.56,30004.00,669460.56,30034,640096,439.56,402.60,842.16,403,440,0.00,0.00,0,0
1544348676,2005-eth1,664669.38,648359.69,1313029.00,649008,665334,688.31,223.78,912.09,224,689,0.00,0.00,0,0
1544348676,3002-eth3,18231.77,1206971.00,1225202.88,1208178,18250,228.77,244.76,473.53,245,229,0.00,0.00,0,0
1544348676,3006-eth3,26901.10,803013.00,829914.12,803816,26928,359.64,371.63,731.27,372,360,0.00,0.00,0,0
1544348676,2001-eth1,1958.04,0.00,1958.04,0,1960,19.98,0.00,19.98,0,20,0.00,0.00,0,0
1544348676,3005-eth2,35564.44,1223698.38,1259262.75,1224922,35600,405.59,612.39,1017.98,613,406,0.00,0.00,0,0
1544348676,2001-eth2,9790.21,25286.71,35076.93,25312,9800,99.90,303.70,403.60,304,100,0.00,0.00,0,0
1544348676,3007-eth2,1196046.00,724217.81,1920263.75,724942,1197242,412.59,674.33,1086.91,675,413,0.00,0.00,0,0
1544348676,1001-eth1,0.00,1958.04,1958.04,1960,0,0.00,19.98,19.98,20,0,0.00,0.00,0,0
1544348676,3007-eth4,22647.35,669986.06,692633.38,670656,22670,294.71,327.67,622.38,328,295,0.00,0.00,0,0
1544348676,2003-eth2,13636.36,23274.73,36911.09,23298,13650,184.82,304.70,489.51,305,185,0.00,0.00,0,0
1544348676,3007-eth3,1221228.75,1222155.88,2443384.75,1223378,1222450,772.23,808.19,1580.42,809,773,0.00,0.00,0,0
1544348676,1002-eth1,25286.71,9790.21,35076.93,9800,25312,303.70,99.90,403.60,100,304,0.00,0.00,0,0
1544348676,2002-eth3,1958.04,583706.31,585664.38,584290,1960,19.98,220.78,240.76,221,20,0.00,0.00,0,0
1544348676,2007-eth2,15724.28,16317.68,32041.96,16334,15740,160.84,198.80,359.64,199,161,0.00,0.00,0,0
1544348676,total,39059196.00,39407168.00,78466368.00,39446574,39098254,28956.04,29147.85,58103.90,29177,28985,0.00,0.00,0,0
1544348677,3003-eth3,1221604.38,1226557.50,2448162.00,1227784,1222826,800.20,829.17,1629.37,830,801,0.00,0.00,0,0
1544348677,2002-eth1,293076.94,3916.08,296993.00,3920,293370,100.90,39.96,140.86,40,101,0.00,0.00,0,0
1544348677,lo,563.44,563.44,1126.87,564,564,5.99,5.99,11.99,6,6,0.00,0.00,0,0
1544348677,3005-eth3,1233033.00,619430.56,1852463.62,620050,1234266,732.27,756.24,1488.51,757,733,0.00,0.00,0,0
1544348677,2005-eth3,660195.81,587062.94,1247258.75,587650,660856,227.77,500.50,728.27,501,228,0.00,0.00,0,0
1544348677,3004-eth4,1220603.38,527688.31,1748291.75,528216,1221824,643.36,631.37,1274.73,632,644,0.00,0.00,0,0
1544348677,1004-eth2,410131.88,533324.69,943456.56,533858,410542,186.81,688.31,875.12,689,187,0.00,0.00,0,0
1544348677,2004-eth4,1199005.00,537240.75,1736245.75,537778,1200204,413.59,728.27,1141.86,729,414,0.00,0.00,0,0
1544348677,1001-eth2,513932.09,660195.81,1174127.88,660856,514446,422.58,227.77,650.35,228,423,0.00,0.00,0,0
1544348677,1003-eth3,1229154.88,1199005.00,2428160.00,1200204,1230384,607.39,413.59,1020.98,414,608,0.00,0.00,0,0
1544348677,2002-eth4,7958.04,295034.97,302993.00,295330,7966,110.89,120.88,231.77,121,111,0.00,0.00,0,0
1544348677,1001-eth4,38357.64,12395.60,50753.25,12408,38396,447.55,187.81,635.36,188,448,0.00,0.00,0,0
1544348677,3001-eth2,412089.91,1958.04,414047.97,1960,412502,206.79,19.98,226.77,20,207,0.00,0.00,0,0
1544348677,1004-eth1,6000.00,414047.97,420047.97,414462,6006,90.91,226.77,317.68,227,91,0.00,0.00,0,0
1544348677,3005-eth4,1223232.75,549744.25,1772977.12,550294,1224456,671.33,658.34,1329.67,659,672,0.00,0.00,0,0
1544348677,1003-eth2,1199005.00,678907.12,1877912.12,679586,1200204,413.59,272.73,686.31,273,414,0.00,0.00,0,0
1544348677,3008-eth1,9594.41,52685.32,62279.72,52738,9604,97.90,626.37,724.28,627,98,0.00,0.00,0,0
1544348677,1002-eth3,3818.18,29704.30,33522.48,29734,3822,38.96,402.60,441.56,403,39,0.00,0.00,0,0
1544348677,2006-eth1,1199005.00,1229154.88,2428160.00,1230384,1200204,413.59,607.39,1020.98,608,414,0.00,0.00,0,0
1544348677,3003-eth1,39346.66,513932.09,553278.75,514446,39386,418.58,422.58,841.16,423,419,0.00,0.00,0,0
1544348677,2001-eth3,25580.42,7832.17,33412.59,7840,25606,268.73,79.92,348.65,80,269,0.00,0.00,0,0
1544348677,2008-eth2,0.00,3818.18,3818.18,3822,0,0.00,38.96,38.96,39,0,0.00,0.00,0,0
1544348677,2008-eth3,704853.19,1196046.00,1900899.12,1197242,705558,666.33,412.59,1078.92,413,667,0.00,0.00,0,0
1544348677,1001-eth3,660195.81,538034.00,1198229.75,538572,660856,227.77,663.34,891.11,664,228,0.00,0.00,0,0
1544348677,2007-eth4,52685.32,9594.41,62279.72,9604,52738,626.37,97.90,724.28,98,627,0.00,0.00,0,0
1544348677,2004-eth2,533324.69,410131.88,943456.56,410542,533858,688.31,186.81,875.12,187,689,0.00,0.00,0,0
1544348677,3002-eth1,7734.27,7734.27,15468.53,7742,7742,78.92,78.92,157.84,79,79,0.00,0.00,0,0
1544348677,3004-eth1,660195.81,44709.29,704905.12,44754,660856,227.77,532.47,760.24,533,228,0.00,0.00,0,0
1544348677,2006-eth3,1230601.38,33926.07,1264527.50,33960,1231832,607.39,389.61,997.00,390,608,0.00,0.00,0,0
1544348677,3004-eth2,537240.75,1199005.00,1736245.75,1200204,537778,728.27,413.59,1141.86,414,729,0.00,0.00,0,0
1544348677,3001-eth3,1220965.12,436481.53,1657446.62,436918,1222186,600.40,586.41,1186.81,587,601,0.00,0.00,0,0
1544348677,2003-eth4,44709.29,660195.81,704905.12,660856,44754,532.47,227.77,760.24,228,533,0.00,0.00,0,0
1544348677,2008-eth4,1196046.00,1018215.81,2214261.75,1019234,1197242,412.59,940.06,1352.65,941,413,0.00,0.00,0,0
1544348677,3008-eth3,16187.81,339692.31,355880.12,340032,16204,197.80,211.79,409.59,212,198,0.00,0.00,0,0
1544348677,2005-eth2,29704.30,3818.18,33522.48,3822,29734,402.60,38.96,441.56,39,403,0.00,0.00,0,0
1544348677,2006-eth4,561348.69,1199005.00,1760353.75,1200204,561910,988.01,413.59,1401.60,414,989,0.00,0.00,0,0
1544348677,3006-eth2,1199005.00,561348.69,1760353.75,561910,1200204,413.59,988.01,1401.60,989,414,0.00,0.00,0,0
1544348677,1003-eth4,674991.00,992171.88,1667162.88,993164,675666,232.77,545.45,778.22,546,233,0.00,0.00,0,0
1544348677,2006-eth2,6000.00,533422.56,539422.56,533956,6006,90.91,689.31,780.22,690,91,0.00,0.00,0,0
1544348677,3001-eth1,7832.17,25580.42,33412.59,25606,7840,79.92,268.73,348.65,269,80,0.00,0.00,0,0
1544348677,3008-eth2,1018215.81,1196046.00,2214261.75,1197242,1019234,940.06,412.59,1352.65,413,941,0.00,0.00,0,0
1544348677,2004-eth3,410131.88,674991.00,1085122.88,675666,410542,186.81,232.77,419.58,233,187,0.00,0.00,0,0
1544348677,3001-eth4,36139.86,1223632.38,1259772.25,1224856,36176,499.50,519.48,1018.98,520,500,0.00,0.00,0,0
1544348677,1003-eth1,3916.08,293076.94,296993.00,293370,3920,39.96,100.90,140.86,101,40,0.00,0.00,0,0
1544348677,3002-eth2,295034.97,7958.04,302993.00,7966,295330,120.88,110.89,231.77,111,121,0.00,0.00,0,0
1544348677,2005-eth4,570771.25,547628.38,1118399.62,548176,571342,234.77,761.24,996.00,762,235,0.00,0.00,0,0
1544348677,3003-eth2,674991.00,410131.88,1085122.88,410542,675666,232.77,186.81,419.58,187,233,0.00,0.00,0,0
1544348677,2007-eth1,12395.60,38357.64,50753.25,38396,12408,187.81,447.55,635.36,448,188,0.00,0.00,0,0
1544348677,1002-eth4,16285.71,15370.63,31656.34,15386,16302,198.80,156.84,355.64,157,199,0.00,0.00,0,0
1544348677,3002-eth4,1197852.12,301648.38,1499500.50,301950,1199050,220.78,230.77,451.55,231,221,0.00,0.00,0,0
1544348677,2007-eth3,7832.17,24045.96,31878.12,24070,7840,79.92,306.69,386.61,307,80,0.00,0.00,0,0
1544348677,3005-eth1,587062.94,660195.81,1247258.75,660856,587650,500.50,227.77,728.27,228,501,0.00,0.00,0,0
1544348677,2001-eth4,7734.27,7734.27,15468.53,7742,7742,78.92,78.92,157.84,79,79,0.00,0.00,0,0
1544348677,3003-eth4,1196647.38,700771.25,1897418.62,701472,1197844,597.40,623.38,1220.78,624,598,0.00,0.00,0,0
1544348677,2004-eth1,678907.12,1199005.00,1877912.12,1200204,679586,272.73,413.59,686.31,414,273,0.00,0.00,0,0
1544348677,3006-eth4,1223120.88,1225091.00,2448211.75,1226316,1224344,823.18,809.19,1632.37,810,824,0.00,0.00,0,0
1544348677,3007-eth1,24045.96,7832.17,31878.12,7840,24070,306.69,79.92,386.61,80,307,0.00,0.00,0,0
1544348677,2008-eth1,992171.88,674991.00,1667162.88,675666,993164,545.45,232.77,778.22,233,546,0.00,0.00,0,0
1544348677,2002-eth2,414047.97,6000.00,420047.97,6006,414462,226.77,90.91,317.68,91,227,0.00,0.00,0,0
1544348677,2003-eth1,660195.81,513932.09,1174127.88,514446,660856,227.77,422.58,650.35,423,228,0.00,0.00,0,0
1544348677,3008-eth4,1224187.88,679546.50,1903734.38,680226,1225412,713.29,696.30,1409.59,697,714,0.00,0.00,0,0
1544348677,1004-eth4,3818.18,0.00,3818.18,0,3822,38.96,0.00,38.96,0,39,0.00,0.00,0,0
1544348677,3006-eth1,547628.38,570771.25,1118399.62,571342,548176,761.24,234.77,996.00,235,762,0.00,0.00,0,0
1544348677,1004-eth3,533422.56,6000.00,539422.56,6006,533956,689.31,90.91,780.22,91,690,0.00,0.00,0,0
1544348677,1002-eth2,23110.89,17748.25,40859.14,17766,23134,302.70,188.81,491.51,189,303,0.00,0.00,0,0
1544348677,3004-eth3,23110.89,669790.25,692901.12,670460,23134,302.70,325.67,628.37,326,303,0.00,0.00,0,0
1544348677,2003-eth3,513932.09,39346.66,553278.75,39386,514446,422.58,418.58,841.16,419,423,0.00,0.00,0,0
1544348677,2005-eth1,538034.00,660195.81,1198229.75,660856,538572,663.34,227.77,891.11,228,664,0.00,0.00,0,0
1544348677,3002-eth3,18263.74,1204437.62,1222701.38,1205642,18282,228.77,228.77,457.54,229,229,0.00,0.00,0,0
1544348677,3006-eth3,27066.93,823726.31,850793.25,824550,27094,362.64,378.62,741.26,379,363,0.00,0.00,0,0
1544348677,2001-eth1,1860.14,0.00,1860.14,0,1862,18.98,0.00,18.98,0,19,0.00,0.00,0,0
1544348677,3005-eth2,33926.07,1230601.38,1264527.50,1231832,33960,389.61,607.39,997.00,608,390,0.00,0.00,0,0
1544348677,2001-eth2,9790.21,29398.60,39188.81,29428,9800,99.90,307.69,407.59,308,100,0.00,0.00,0,0
1544348677,3007-eth2,1196046.00,704853.19,1900899.12,705558,1197242,412.59,666.33,1078.92,667,413,0.00,0.00,0,0
1544348677,1001-eth1,0.00,1860.14,1860.14,1862,0,0.00,18.98,18.98,19,0,0.00,0.00,0,0
1544348677,3007-eth4,23448.55,735029.00,758477.56,735764,23472,307.69,349.65,657.34,350,308,0.00,0.00,0,0
1544348677,2003-eth2,17748.25,23110.89,40859.14,23134,17766,188.81,302.70,491.51,303,189,0.00,0.00,0,0
1544348677,3007-eth3,1222411.62,1222197.88,2444609.50,1223420,1223634,768.23,809.19,1577.42,810,769,0.00,0.00,0,0
1544348677,1002-eth1,29398.60,9790.21,39188.81,9800,29428,307.69,99.90,407.59,100,308,0.00,0.00,0,0
1544348677,2002-eth3,1958.04,412089.91,414047.97,412502,1960,19.98,206.79,226.77,207,20,0.00,0.00,0,0
1544348677,2007-eth2,15370.63,16285.71,31656.34,16302,15386,156.84,198.80,355.64,199,157,0.00,0.00,0,0
1544348677,total,37520944.00,37678532.00,75199472.00,37716210,37558464,28799.20,28974.03,57773.23,29003,28828,0.00,0.00,0,0
1544348678,3003-eth3,1232253.50,1223201.62,2455455.25,1225648,1234718,1044.91,946.11,1991.02,948,1047,0.00,0.00,0,0
1544348678,2002-eth1,276558.88,3912.18,280471.06,3920,277112,95.81,39.92,135.73,40,96,0.00,0.00,0,0
1544348678,lo,562.87,562.87,1125.75,564,564,5.99,5.99,11.98,6,6,0.00,0.00,0,0
1544348678,3005-eth3,1232341.38,374992.03,1607333.38,375742,1234806,673.65,599.80,1273.45,601,675,0.00,0.00,0,0
1544348678,2005-eth3,711301.44,356297.41,1067598.88,357010,712724,245.51,428.14,673.65,429,246,0.00,0.00,0,0
1544348678,3004-eth4,1222574.88,637590.81,1860165.75,638866,1225020,710.58,683.63,1394.21,685,712,0.00,0.00,0,0
1544348678,1004-eth2,473904.22,643319.38,1117223.62,644606,474852,217.56,741.52,959.08,743,218,0.00,0.00,0,0
1544348678,2004-eth4,1197808.38,647231.56,1845040.00,648526,1200204,413.17,781.44,1194.61,783,414,0.00,0.00,0,0
1544348678,1001-eth2,628632.75,711301.44,1339934.12,712724,629890,492.02,245.51,737.52,246,493,0.00,0.00,0,0
1544348678,1003-eth3,1225042.00,1197808.38,2422850.25,1200204,1227492,628.74,413.17,1041.92,414,630,0.00,0.00,0,0
1544348678,2002-eth4,7291.42,278417.19,285708.59,278974,7306,100.80,114.77,215.57,115,101,0.00,0.00,0,0
1544348678,1001-eth4,26524.95,16311.38,42836.33,16344,26578,392.22,191.62,583.83,192,393,0.00,0.00,0,0
1544348678,3001-eth2,475860.28,1956.09,477816.38,1960,476812,237.52,19.96,257.49,20,238,0.00,0.00,0,0
1544348678,1004-eth1,5335.33,477718.56,483053.91,478674,5346,80.84,256.49,337.33,257,81,0.00,0.00,0,0
1544348678,3005-eth4,1223429.12,578247.50,1801676.75,579404,1225876,670.66,660.68,1331.34,662,672,0.00,0.00,0,0
1544348678,1003-eth2,1197808.38,477025.97,1674834.38,477980,1200204,413.17,245.51,658.68,246,414,0.00,0.00,0,0
1544348678,3008-eth1,9584.83,40477.05,50061.88,40558,9604,97.80,565.87,663.67,567,98,0.00,0.00,0,0
1544348678,1002-eth3,3814.37,30201.60,34015.97,30262,3822,38.92,410.18,449.10,411,39,0.00,0.00,0,0
1544348678,2006-eth1,1197808.38,1225042.00,2422850.25,1227492,1200204,413.17,628.74,1041.92,630,414,0.00,0.00,0,0
1544348678,3003-eth1,50510.98,628632.75,679143.75,629890,50612,540.92,492.02,1032.93,493,542,0.00,0.00,0,0
1544348678,2001-eth3,30429.14,7824.35,38253.49,7840,30490,320.36,79.84,400.20,80,321,0.00,0.00,0,0
1544348678,2008-eth2,0.00,3814.37,3814.37,3822,0,0.00,38.92,38.92,39,0,0.00,0.00,0,0
1544348678,2008-eth3,502946.12,1188940.12,1691886.25,1191318,503952,638.72,410.18,1048.90,411,640,0.00,0.00,0,0
1544348678,1001-eth3,711301.44,636890.25,1348191.62,638164,712724,245.51,672.65,918.16,674,246,0.00,0.00,0,0
1544348678,2007-eth4,40477.05,9584.83,50061.88,9604,40558,565.87,97.80,663.67,98,567,0.00,0.00,0,0
1544348678,2004-eth2,643319.38,473904.22,1117223.62,474852,644606,741.52,217.56,959.08,218,743,0.00,0.00,0,0
1544348678,3002-eth1,7726.55,7726.55,15453.09,7742,7742,78.84,78.84,157.68,79,79,0.00,0.00,0,0
1544348678,3004-eth1,711301.44,51784.43,763085.88,51888,712724,245.51,614.77,860.28,616,246,0.00,0.00,0,0
1544348678,2006-eth3,1224844.38,19035.93,1243880.25,19074,1227294,625.75,288.42,914.17,289,627,0.00,0.00,0,0
1544348678,3004-eth2,647231.56,1197808.38,1845040.00,1200204,648526,781.44,413.17,1194.61,414,783,0.00,0.00,0,0
1544348678,3001-eth3,1223463.12,500053.91,1723517.00,501054,1225910,625.75,613.77,1239.52,615,627,0.00,0.00,0,0
1544348678,2003-eth4,51784.43,711301.44,763085.88,712724,51888,614.77,245.51,860.28,246,616,0.00,0.00,0,0
1544348678,2008-eth4,1188940.12,835828.38,2024768.50,837500,1191318,410.18,884.23,1294.41,886,411,0.00,0.00,0,0
1544348678,3008-eth3,15908.18,339353.31,355261.50,340032,15940,193.61,211.58,405.19,212,194,0.00,0.00,0,0
1544348678,2005-eth2,30201.60,3814.37,34015.97,3822,30262,410.18,38.92,449.10,39,411,0.00,0.00,0,0
1544348678,2006-eth4,657020.00,1197808.38,1854828.38,1200204,658334,949.10,413.17,1362.28,414,951,0.00,0.00,0,0
1544348678,3006-eth2,1197808.38,657020.00,1854828.38,658334,1200204,413.17,949.10,1362.28,951,414,0.00,0.00,0,0
1544348678,1003-eth4,473113.78,809810.38,1282924.12,811430,474060,205.59,490.02,695.61,491,206,0.00,0.00,0,0
1544348678,2006-eth2,5335.33,643319.38,648654.69,644606,5346,80.84,741.52,822.36,743,81,0.00,0.00,0,0
1544348678,3001-eth1,7824.35,30429.14,38253.49,30490,7840,79.84,320.36,400.20,321,80,0.00,0.00,0,0
1544348678,3008-eth2,835828.38,1188940.12,2024768.50,1191318,837500,884.23,410.18,1294.41,411,886,0.00,0.00,0,0
1544348678,2004-eth3,473904.22,473113.78,947018.00,474060,474852,217.56,205.59,423.15,206,218,0.00,0.00,0,0
1544348678,3001-eth4,35832.34,1222369.25,1258201.62,1224814,35904,495.01,517.96,1012.97,519,496,0.00,0.00,0,0
1544348678,1003-eth1,3912.18,276558.88,280471.06,277112,3920,39.92,95.81,135.73,96,40,0.00,0.00,0,0
1544348678,3002-eth2,278417.19,7291.42,285708.59,7306,278974,114.77,100.80,215.57,101,115,0.00,0.00,0,0
1544348678,2005-eth4,339495.03,646475.06,985970.06,647768,340174,154.69,770.46,925.15,772,155,0.00,0.00,0,0
1544348678,3003-eth2,473113.78,473904.22,947018.00,474852,474060,205.59,217.56,423.15,218,206,0.00,0.00,0,0
1544348678,2007-eth1,16311.38,26524.95,42836.33,26578,16344,191.62,392.22,583.83,393,192,0.00,0.00,0,0
1544348678,1002-eth4,16005.99,15453.09,31459.08,15484,16038,194.61,157.68,352.30,158,195,0.00,0.00,0,0
1544348678,3002-eth4,1204668.75,284463.09,1489131.75,285032,1207078,210.58,215.57,426.15,216,211,0.00,0.00,0,0
1544348678,2007-eth3,7628.74,27754.49,35383.23,27810,7644,77.84,308.38,386.23,309,78,0.00,0.00,0,0
1544348678,3005-eth1,356297.41,711301.44,1067598.88,712724,357010,428.14,245.51,673.65,246,429,0.00,0.00,0,0
1544348678,2001-eth4,7726.55,7726.55,15453.09,7742,7742,78.84,78.84,157.68,79,79,0.00,0.00,0,0
1544348678,3003-eth4,1191864.25,498670.69,1690535.00,499668,1194248,596.81,592.81,1189.62,594,598,0.00,0.00,0,0
1544348678,2004-eth1,477025.97,1197808.38,1674834.38,1200204,477980,245.51,413.17,658.68,414,246,0.00,0.00,0,0
1544348678,3006-eth4,1225457.12,1223958.12,2449415.25,1226406,1227908,744.51,809.38,1553.89,811,746,0.00,0.00,0,0
1544348678,3007-eth1,27754.49,7628.74,35383.23,7644,27810,308.38,77.84,386.23,78,309,0.00,0.00,0,0
1544348678,2008-eth1,809810.38,473113.78,1282924.12,474060,811430,490.02,205.59,695.61,206,491,0.00,0.00,0,0
1544348678,2002-eth2,477718.56,5335.33,483053.91,5346,478674,256.49,80.84,337.33,81,257,0.00,0.00,0,0
1544348678,2003-eth1,711301.44,628632.75,1339934.12,629890,712724,245.51,492.02,737.52,493,246,0.00,0.00,0,0
1544348678,3008-eth4,1211574.88,495191.62,1706766.50,496182,1213998,621.76,605.79,1227.54,607,623,0.00,0.00,0,0
1544348678,1004-eth4,3814.37,0.00,3814.37,0,3822,38.92,0.00,38.92,0,39,0.00,0.00,0,0
1544348678,3006-eth1,646475.06,339495.03,985970.06,340174,647768,770.46,154.69,925.15,155,772,0.00,0.00,0,0
1544348678,1004-eth3,643319.38,5335.33,648654.69,5346,644606,741.52,80.84,822.36,81,743,0.00,0.00,0,0
1544348678,1002-eth2,23976.05,22702.60,46678.64,22748,24024,315.37,241.52,556.89,242,316,0.00,0.00,0,0
1544348678,3004-eth3,23976.05,720984.06,744960.12,722426,24024,315.37,344.31,659.68,345,316,0.00,0.00,0,0
1544348678,2003-eth3,628632.75,50510.98,679143.75,50612,629890,492.02,540.92,1032.93,542,493,0.00,0.00,0,0
1544348678,2005-eth1,636890.25,711301.44,1348191.62,712724,638164,672.65,245.51,918.16,246,674,0.00,0.00,0,0
1544348678,3002-eth3,17569.29,1197475.62,1215044.88,1201068,17622,218.34,225.32,443.67,226,219,0.00,0.00,0,0
1544348678,3006-eth3,24841.48,729026.94,753868.38,731214,24916,329.01,345.96,674.98,347,330,0.00,0.00,0,0
1544348678,2001-eth1,1954.14,0.00,1954.14,0,1960,19.94,0.00,19.94,0,20,0.00,0.00,0,0
1544348678,3005-eth2,19016.95,1223623.12,1242640.12,1227294,19074,288.14,625.12,913.26,627,289,0.00,0.00,0,0
1544348678,2001-eth2,9770.69,34307.08,44077.77,34410,9800,99.70,359.92,459.62,361,100,0.00,0.00,0,0
1544348678,3007-eth2,1187754.75,502444.66,1690199.38,503952,1191318,409.77,638.09,1047.86,640,411,0.00,0.00,0,0
1544348678,1001-eth1,0.00,1954.14,1954.14,1960,0,0.00,19.94,19.94,20,0,0.00,0.00,0,0
1544348678,3007-eth4,28945.16,509956.12,538901.31,511486,29032,317.05,330.01,647.06,331,318,0.00,0.00,0,0
1544348678,2003-eth2,22679.96,23952.14,46632.11,24024,22748,241.28,315.05,556.33,316,242,0.00,0.00,0,0
1544348678,3007-eth3,1226008.00,1226466.62,2452474.50,1230146,1229686,748.75,822.53,1571.29,825,751,0.00,0.00,0,0
1544348678,1002-eth1,34307.08,9770.69,44077.77,9800,34410,359.92,99.70,459.62,100,361,0.00,0.00,0,0
1544348678,2002-eth3,1954.14,476895.31,478849.47,478326,1960,19.94,238.29,258.23,239,20,0.00,0.00,0,0
1544348678,2007-eth2,15437.69,16055.83,31493.52,16104,15484,157.53,195.41,352.94,196,158,0.00,0.00,0,0
1544348678,total,37114440.00,36540244.00,73654688.00,36649866,37225784,29072.78,29083.75,58156.53,29171,29160,0.00,0.00,0,0
1544348679,3003-eth3,1220343.00,1209942.12,2430285.25,1213572,1224004,991.03,935.19,1926.22,938,994,0.00,0.00,0,0
1544348679,2002-eth1,301351.94,3908.28,305260.22,3920,302256,103.69,39.88,143.57,40,104,0.00,0.00,0,0
1544348679,lo,8878.24,8878.24,17756.49,8896,8896,111.78,111.78,223.55,112,112,0.00,0.00,0,0
1544348679,3005-eth3,1220199.62,534131.75,1754331.38,535200,1222640,730.54,538.92,1269.46,540,732,0.00,0.00,0,0
1544348679,2005-eth3,712746.50,530443.12,1243189.62,531504,714172,245.51,483.03,728.54,484,246,0.00,0.00,0,0
1544348679,3004-eth4,1209287.50,544596.81,1753884.25,545686,1211706,697.60,653.69,1351.30,655,699,0.00,0.00,0,0
1544348679,1004-eth2,503403.22,550367.25,1053770.50,551468,504410,248.50,712.57,961.08,714,249,0.00,0.00,0,0
1544348679,2004-eth4,1183087.88,554279.44,1737367.38,555388,1185454,409.18,752.50,1161.68,754,410,0.00,0.00,0,0
1544348679,1001-eth2,540379.25,712746.50,1253125.75,714172,541460,489.02,245.51,734.53,246,490,0.00,0.00,0,0
1544348679,1003-eth3,1216046.00,1183028.00,2399074.00,1185394,1218478,645.71,408.18,1053.89,409,647,0.00,0.00,0,0
1544348679,2002-eth4,7686.63,303608.78,311295.41,304216,7702,106.79,123.75,230.54,124,107,0.00,0.00,0,0
1544348679,1001-eth4,23990.02,22327.35,46317.37,22372,24038,354.29,237.52,591.82,238,355,0.00,0.00,0,0
1544348679,3001-eth2,505359.28,1956.09,507315.38,1960,506370,268.46,19.96,288.42,20,269,0.00,0.00,0,0
1544348679,1004-eth1,5730.54,507315.38,513045.94,508330,5742,86.83,288.42,375.25,289,87,0.00,0.00,0,0
1544348679,3005-eth4,1213275.50,549473.06,1762748.50,550572,1215702,653.69,640.72,1294.41,642,655,0.00,0.00,0,0
1544348679,1003-eth2,1183028.00,610053.94,1793081.88,611274,1185394,408.18,312.38,720.56,313,409,0.00,0.00,0,0
1544348679,3008-eth1,9742.52,38039.92,47782.44,38116,9762,99.80,528.94,628.74,530,100,0.00,0.00,0,0
1544348679,1002-eth3,3716.57,29774.45,33491.02,29834,3724,37.92,404.19,442.12,405,38,0.00,0.00,0,0
1544348679,2006-eth1,1183028.00,1216046.00,2399074.00,1218478,1185394,408.18,645.71,1053.89,647,409,0.00,0.00,0,0
1544348679,3003-eth1,45858.29,540379.25,586237.56,541460,45950,533.93,489.02,1022.95,490,535,0.00,0.00,0,0
1544348679,2001-eth3,30409.18,7824.35,38233.54,7840,30470,326.35,79.84,406.19,80,327,0.00,0.00,0,0
1544348679,2008-eth2,0.00,3814.37,3814.37,3822,0,0.00,38.92,38.92,39,0,0.00,0.00,0,0
1544348679,2008-eth3,635375.25,1163780.50,1799155.75,1166108,636646,696.61,401.20,1097.80,402,698,0.00,0.00,0,0
1544348679,1001-eth3,712746.50,540183.62,1252930.12,541264,714172,245.51,586.83,832.34,588,246,0.00,0.00,0,0
1544348679,2007-eth4,38039.92,9742.52,47782.44,9762,38116,528.94,99.80,628.74,100,530,0.00,0.00,0,0
1544348679,2004-eth2,550367.25,503403.22,1053770.50,504410,551468,712.57,248.50,961.08,249,714,0.00,0.00,0,0
1544348679,3002-eth1,7726.55,7824.35,15550.90,7840,7742,78.84,79.84,158.68,80,79,0.00,0.00,0,0
1544348679,3004-eth1,712746.50,46822.36,759568.88,46916,714172,245.51,596.81,842.32,598,246,0.00,0.00,0,0
1544348679,2006-eth3,1216111.75,18970.06,1235081.88,19008,1218544,646.71,287.43,934.13,288,648,0.00,0.00,0,0
1544348679,3004-eth2,554279.44,1183087.88,1737367.38,1185454,555388,752.50,409.18,1161.68,410,754,0.00,0.00,0,0
1544348679,3001-eth3,1211455.12,529355.31,1740810.38,530414,1213878,649.70,641.72,1291.42,643,651,0.00,0.00,0,0
1544348679,2003-eth4,46822.36,712746.50,759568.88,714172,46916,596.81,245.51,842.32,246,598,0.00,0.00,0,0
1544348679,2008-eth4,1163780.50,893161.69,2056942.12,894948,1166108,401.20,855.29,1256.49,857,402,0.00,0.00,0,0
1544348679,3008-eth3,15992.02,357271.47,373263.47,357986,16024,195.61,220.56,416.17,221,196,0.00,0.00,0,0
1544348679,2005-eth2,29774.45,3716.57,33491.02,3724,29834,404.19,37.92,442.12,38,405,0.00,0.00,0,0
1544348679,2006-eth4,563142.56,1181848.50,1744991.00,1185394,564832,913.26,407.78,1321.04,409,916,0.00,0.00,0,0
1544348679,3006-eth2,1181848.50,563142.56,1744991.00,564832,1185394,407.78,913.26,1321.04,916,409,0.00,0.00,0,0
1544348679,1003-eth4,605537.38,866937.19,1472474.62,869538,607354,272.18,470.59,742.77,472,273,0.00,0.00,0,0
1544348679,2006-eth2,5724.83,549916.25,555641.06,551566,5742,86.74,712.86,799.60,715,87,0.00,0.00,0,0
1544348679,3001-eth1,7816.55,30378.86,38195.41,30470,7840,79.76,326.02,405.78,327,80,0.00,0.00,0,0
1544348679,3008-eth2,892271.19,1162620.12,2054891.38,1166108,894948,854.44,400.80,1255.23,402,857,0.00,0.00,0,0
1544348679,2004-eth3,502901.31,605537.38,1108438.75,607354,504410,248.26,272.18,520.44,273,249,0.00,0.00,0,0
1544348679,3001-eth4,35599.20,1206384.88,1241984.00,1210004,35706,491.53,512.46,1003.99,514,493,0.00,0.00,0,0
1544348679,1003-eth1,3908.28,301351.94,305260.22,302256,3920,39.88,103.69,143.57,104,40,0.00,0.00,0,0
1544348679,3002-eth2,303306.09,7678.96,310985.03,7702,304216,123.63,106.68,230.31,107,124,0.00,0.00,0,0
1544348679,2005-eth4,513359.94,549122.62,1062482.50,550770,514900,213.36,682.95,896.31,685,214,0.00,0.00,0,0
1544348679,3003-eth2,605537.38,502901.31,1108438.75,504410,607354,272.18,248.26,520.44,249,273,0.00,0.00,0,0
1544348679,2007-eth1,22305.08,23966.10,46271.19,24038,22372,237.29,353.94,591.23,355,238,0.00,0.00,0,0
1544348679,1002-eth4,15892.32,15339.98,31232.30,15386,15940,193.42,156.53,349.95,157,194,0.00,0.00,0,0
1544348679,3002-eth4,1200598.25,308739.78,1509338.00,309666,1204200,211.37,216.35,427.72,217,212,0.00,0.00,0,0
1544348679,2007-eth3,7786.43,33868.27,41654.69,33936,7802,79.84,355.29,435.13,356,80,0.00,0.00,0,0
1544348679,3005-eth1,530443.12,712746.50,1243189.62,714172,531504,483.03,245.51,728.54,246,484,0.00,0.00,0,0
1544348679,2001-eth4,7824.35,7726.55,15550.90,7742,7840,79.84,78.84,158.68,79,80,0.00,0.00,0,0
1544348679,3003-eth4,1187525.00,631566.88,1819091.88,632830,1189900,638.72,657.68,1296.41,659,640,0.00,0.00,0,0
1544348679,2004-eth1,610053.94,1183028.00,1793081.88,1185394,611274,312.38,408.18,720.56,409,313,0.00,0.00,0,0
1544348679,3006-eth4,1207934.12,1208782.50,2416716.75,1211200,1210350,829.34,798.40,1627.74,800,831,0.00,0.00,0,0
1544348679,3007-eth1,33868.27,7786.43,41654.69,7802,33936,355.29,79.84,435.13,80,356,0.00,0.00,0,0
1544348679,2008-eth1,867802.44,606141.75,1473944.12,607354,869538,471.06,272.46,743.51,273,472,0.00,0.00,0,0
1544348679,2002-eth2,507315.38,5730.54,513045.94,5742,508330,288.42,86.83,375.25,87,289,0.00,0.00,0,0
1544348679,2003-eth1,712746.50,540379.25,1253125.75,541460,714172,245.51,489.02,734.53,490,246,0.00,0.00,0,0
1544348679,3008-eth4,1177020.00,536704.62,1713724.62,537778,1179374,601.80,599.80,1201.60,601,603,0.00,0.00,0,0
1544348679,1004-eth4,3814.37,0.00,3814.37,0,3822,38.92,0.00,38.92,0,39,0.00,0.00,0,0
1544348679,3006-eth1,549670.69,513872.28,1063543.00,514900,550770,683.63,213.57,897.21,214,685,0.00,0.00,0,0
1544348679,1004-eth3,550465.06,5730.54,556195.62,5742,551566,713.57,86.83,800.40,87,715,0.00,0.00,0,0
1544348679,1002-eth2,23646.71,22682.63,46329.34,22728,23694,310.38,247.50,557.88,248,311,0.00,0.00,0,0
1544348679,3004-eth3,23646.71,722429.19,746075.88,723874,23694,310.38,344.31,654.69,345,311,0.00,0.00,0,0
1544348679,2003-eth3,540379.25,45858.29,586237.56,45950,541460,489.02,533.93,1022.95,535,490,0.00,0.00,0,0
1544348679,2005-eth1,540183.62,712746.50,1252930.12,714172,541264,586.83,245.51,832.34,246,588,0.00,0.00,0,0
1544348679,3002-eth3,17042.96,1196677.38,1213720.38,1197874,17060,209.79,220.78,430.57,221,210,0.00,0.00,0,0
1544348679,3006-eth3,26473.53,814751.25,841224.81,815566,26500,353.65,374.63,728.27,375,354,0.00,0.00,0,0
1544348679,2001-eth1,1860.14,0.00,1860.14,0,1862,18.98,0.00,18.98,0,19,0.00,0.00,0,0
1544348679,3005-eth2,18989.01,1217326.75,1236315.75,1218544,19008,287.71,647.35,935.06,648,288,0.00,0.00,0,0
1544348679,2001-eth2,9790.21,34355.64,44145.86,34390,9800,99.90,366.63,466.53,367,100,0.00,0.00,0,0
1544348679,3007-eth2,1164943.12,636010.00,1800953.12,636646,1166108,401.60,697.30,1098.90,698,402,0.00,0.00,0,0
1544348679,1001-eth1,0.00,1860.14,1860.14,1862,0,0.00,18.98,18.98,19,0,0.00,0.00,0,0
1544348679,3007-eth4,33446.55,588593.44,622040.00,589182,33480,351.65,366.63,718.28,367,352,0.00,0.00,0,0
1544348679,2003-eth2,22705.29,23670.33,46375.62,23694,22728,247.75,310.69,558.44,311,248,0.00,0.00,0,0
1544348679,3007-eth3,1211898.12,1208092.00,2419990.00,1209300,1213110,938.06,891.11,1829.17,892,939,0.00,0.00,0,0
1544348679,1002-eth1,34355.64,9790.21,44145.86,9800,34390,366.63,99.90,466.53,100,367,0.00,0.00,0,0
1544348679,2002-eth3,1958.04,504351.66,506309.72,504856,1960,19.98,267.73,287.71,268,20,0.00,0.00,0,0
1544348679,2007-eth2,15370.63,15858.14,31228.77,15874,15386,156.84,192.81,349.65,193,157,0.00,0.00,0,0
1544348679,total,37366180.00,37298040.00,74664216.00,37335338,37403542,29759.24,29515.49,59274.73,29545,29789,0.00,0.00,0,0
1544348680,3003-eth3,1219426.62,1212689.38,2432116.00,1213902,1220646,986.01,808.19,1794.21,809,987,0.00,0.00,0,0
1544348680,2002-eth1,321220.78,1958.04,323178.84,1960,321542,110.89,19.98,130.87,20,111,0.00,0.00,0,0
1544348680,lo,74313.69,74313.69,148627.38,74388,74388,328.67,328.67,657.34,329,329,0.00,0.00,0,0
1544348680,3005-eth3,1221224.75,651514.50,1872739.25,652166,1222446,750.25,578.42,1328.67,579,751,0.00,0.00,0,0
1544348680,2005-eth3,709052.94,648151.88,1357204.88,648800,709762,244.76,527.47,772.23,528,245,0.00,0.00,0,0
1544348680,3004-eth4,1197780.25,680189.81,1877970.12,680870,1198978,615.38,618.38,1233.77,619,616,0.00,0.00,0,0
1544348680,1004-eth2,453602.41,685438.56,1139041.00,686124,454056,231.77,672.33,904.10,673,232,0.00,0.00,0,0
1544348680,2004-eth4,1184209.88,687336.69,1871546.50,688024,1185394,408.59,691.31,1099.90,692,409,0.00,0.00,0,0
1544348680,1001-eth2,680725.31,709112.94,1389838.25,709822,681406,507.49,245.75,753.25,246,508,0.00,0.00,0,0
1544348680,1003-eth3,1211850.12,1184209.88,2396060.00,1185394,1213062,542.46,408.59,951.05,409,543,0.00,0.00,0,0
1544348680,2002-eth4,6715.28,322259.75,328975.03,322582,6722,96.90,121.88,218.78,122,97,0.00,0.00,0,0
1544348680,1001-eth4,21412.59,26387.61,47800.20,26414,21434,319.68,280.72,600.40,281,320,0.00,0.00,0,0
1544348680,3001-eth2,454483.53,979.02,455462.56,980,454938,240.76,9.99,250.75,10,241,0.00,0.00,0,0
1544348680,1004-eth1,5796.20,455462.56,461258.75,455918,5802,87.91,250.75,338.66,251,88,0.00,0.00,0,0
1544348680,3005-eth4,1219156.88,386615.41,1605772.25,387002,1220376,595.40,576.42,1171.83,577,596,0.00,0.00,0,0
1544348680,1003-eth2,1184209.88,634417.62,1818627.38,635052,1185394,408.59,309.69,718.28,310,409,0.00,0.00,0,0
1544348680,3008-eth1,7146.85,34733.27,41880.12,34768,7154,72.93,490.51,563.44,491,73,0.00,0.00,0,0
1544348680,1002-eth3,3524.48,27750.25,31274.73,27778,3528,35.96,384.62,420.58,385,36,0.00,0.00,0,0
1544348680,2006-eth1,1184209.88,1211850.12,2396060.00,1213062,1185394,408.59,542.46,951.05,543,409,0.00,0.00,0,0
1544348680,3003-eth1,27032.97,680725.31,707758.25,681406,27060,399.60,507.49,907.09,508,400,0.00,0.00,0,0
1544348680,2001-eth3,17172.83,3524.48,20697.30,3528,17190,232.77,35.96,268.73,36,233,0.00,0.00,0,0
1544348680,2008-eth2,59.94,3426.57,3486.51,3430,60,1.00,34.97,35.96,35,1,0.00,0.00,0,0
1544348680,2008-eth3,661138.88,1157578.50,1818717.38,1158736,661800,707.29,399.60,1106.89,400,708,0.00,0.00,0,0
1544348680,1001-eth3,709112.94,674651.38,1383764.25,675326,709822,245.75,534.47,780.22,535,246,0.00,0.00,0,0
1544348680,2007-eth4,34733.27,7146.85,41880.12,7154,34768,490.51,72.93,563.44,73,491,0.00,0.00,0,0
1544348680,2004-eth2,685438.56,453602.41,1139041.00,454056,686124,672.33,231.77,904.10,232,673,0.00,0.00,0,0
1544348680,3002-eth1,3780.22,3622.38,7402.60,3626,3784,38.96,36.96,75.92,37,39,0.00,0.00,0,0
1544348680,3004-eth1,709052.94,34041.96,743094.94,34076,709762,244.76,480.52,725.27,481,245,0.00,0.00,0,0
1544348680,2006-eth3,1214875.12,16945.05,1231820.25,16962,1216090,544.46,256.74,801.20,257,545,0.00,0.00,0,0
1544348680,3004-eth2,687336.69,1184209.88,1871546.50,1185394,688024,691.31,408.59,1099.90,409,692,0.00,0.00,0,0
1544348680,3001-eth3,1216539.50,479646.38,1696185.88,480126,1217756,661.34,626.37,1287.71,627,662,0.00,0.00,0,0
1544348680,2003-eth4,34041.96,709052.94,743094.94,709762,34076,480.52,244.76,725.27,245,481,0.00,0.00,0,0
1544348680,2008-eth4,1157638.38,1051342.62,2208981.00,1052394,1158796,400.60,872.13,1272.73,873,401,0.00,0.00,0,0
1544348680,3008-eth3,14341.66,409816.19,424157.84,410226,14356,181.82,212.79,394.61,213,182,0.00,0.00,0,0
1544348680,2005-eth2,27750.25,3524.48,31274.73,3528,27778,384.62,35.96,420.58,36,385,0.00,0.00,0,0
1544348680,2006-eth4,695021.00,1184209.88,1879230.88,1185394,695716,825.17,408.59,1233.77,409,826,0.00,0.00,0,0
1544348680,3006-eth2,1184209.88,695021.00,1879230.88,695716,1185394,408.59,825.17,1233.77,826,409,0.00,0.00,0,0
1544348680,1003-eth4,632459.56,1026089.94,1658549.50,1027116,633092,289.71,489.51,779.22,490,290,0.00,0.00,0,0
1544348680,2006-eth2,5736.26,683812.19,689548.50,684496,5742,86.91,655.34,742.26,656,87,0.00,0.00,0,0
1544348680,3001-eth1,3524.48,17172.83,20697.30,17190,3528,35.96,232.77,268.73,233,36,0.00,0.00,0,0
1544348680,3008-eth2,1051342.62,1157638.38,2208981.00,1158796,1052394,872.13,400.60,1272.73,401,873,0.00,0.00,0,0
1544348680,2004-eth3,453602.41,632459.56,1086062.00,633092,454056,231.77,289.71,521.48,290,232,0.00,0.00,0,0
1544348680,3001-eth4,30547.45,1212287.75,1242835.25,1213500,30578,440.56,461.54,902.10,462,441,0.00,0.00,0,0
1544348680,1003-eth1,1958.04,321220.78,323178.84,321542,1960,19.98,110.89,130.87,111,20,0.00,0.00,0,0
1544348680,3002-eth2,322259.75,6715.28,328975.03,6722,322582,121.88,96.90,218.78,97,122,0.00,0.00,0,0
1544348680,2005-eth4,631170.88,681896.12,1313067.00,682578,631802,252.75,608.39,861.14,609,253,0.00,0.00,0,0
1544348680,3003-eth2,632459.56,453602.41,1086062.00,454056,633092,289.71,231.77,521.48,232,290,0.00,0.00,0,0
1544348680,2007-eth1,26387.61,21412.59,47800.20,21434,26414,280.72,319.68,600.40,320,281,0.00,0.00,0,0
1544348680,1002-eth4,12929.07,10181.82,23110.89,10192,12942,166.83,103.90,270.73,104,167,0.00,0.00,0,0
1544348680,3002-eth4,1192361.62,328449.56,1520811.25,328778,1193554,203.80,220.78,424.58,221,204,0.00,0.00,0,0
1544348680,2007-eth3,5090.91,34905.10,39996.00,34940,5096,51.95,367.63,419.58,368,52,0.00,0.00,0,0
1544348680,3005-eth1,648151.88,709052.94,1357204.88,709762,648800,527.47,244.76,772.23,245,528,0.00,0.00,0,0
1544348680,2001-eth4,3622.38,3780.22,7402.60,3784,3626,36.96,38.96,75.92,39,37,0.00,0.00,0,0
1544348680,3003-eth4,1209272.75,658173.88,1867446.62,658832,1210482,690.31,679.32,1369.63,680,691,0.00,0.00,0,0
1544348680,2004-eth1,634417.62,1184209.88,1818627.38,1185394,635052,309.69,408.59,718.28,409,310,0.00,0.00,0,0
1544348680,3006-eth4,1217168.88,1210247.75,2427416.75,1211458,1218386,800.20,804.20,1604.40,805,801,0.00,0.00,0,0
1544348680,3007-eth1,34905.10,5090.91,39996.00,5096,34940,367.63,51.95,419.58,52,368,0.00,0.00,0,0
1544348680,2008-eth1,1026089.94,632459.56,1658549.50,633092,1027116,489.51,289.71,779.22,290,490,0.00,0.00,0,0
1544348680,2002-eth2,455462.56,5796.20,461258.75,5802,455918,250.75,87.91,338.66,88,251,0.00,0.00,0,0
1544348680,2003-eth1,709112.94,680725.31,1389838.25,681406,709822,245.75,507.49,753.25,508,246,0.00,0.00,0,0
1544348680,3008-eth4,1168787.25,639550.44,1808337.75,640190,1169956,569.43,594.41,1163.84,595,570,0.00,0.00,0,0
1544348680,1004-eth4,3426.57,59.94,3486.51,60,3430,34.97,1.00,35.96,1,35,0.00,0.00,0,0
1544348680,3006-eth1,681896.12,631170.88,1313067.00,631802,682578,608.39,252.75,861.14,253,609,0.00,0.00,0,0
1544348680,1004-eth3,683812.19,5736.26,689548.50,5742,684496,655.34,86.91,742.26,87,656,0.00,0.00,0,0
1544348680,1002-eth2,20597.40,13708.29,34305.70,13722,20618,276.72,197.80,474.53,198,277,0.00,0.00,0,0
1544348680,3004-eth3,20657.34,716199.81,736857.19,716916,20678,277.72,317.68,595.40,318,278,0.00,0.00,0,0
1544348680,2003-eth3,680725.31,27032.97,707758.25,27060,681406,507.49,399.60,907.09,400,508,0.00,0.00,0,0
1544348680,2005-eth1,674651.38,709112.94,1383764.25,709822,675326,534.47,245.75,780.22,246,535,0.00,0.00,0,0
1544348680,3002-eth3,11914.09,1202861.12,1214775.25,1204064,11926,157.84,163.84,321.68,164,158,0.00,0.00,0,0
1544348680,3006-eth3,23828.17,821376.62,845204.81,822198,23852,325.67,354.65,680.32,355,326,0.00,0.00,0,0
1544348680,2001-eth1,979.02,59.94,1038.96,60,980,9.99,1.00,10.99,1,10,0.00,0.00,0,0
1544348680,3005-eth2,16945.05,1214875.12,1231820.25,1216090,16962,256.74,544.46,801.20,545,257,0.00,0.00,0,0
1544348680,2001-eth2,4307.69,18837.16,23144.86,18856,4312,43.96,249.75,293.71,250,44,0.00,0.00,0,0
1544348680,3007-eth2,1157578.50,661138.88,1818717.38,661800,1158736,399.60,707.29,1106.89,708,400,0.00,0.00,0,0
1544348680,1001-eth1,59.94,979.02,1038.96,980,60,1.00,9.99,10.99,10,1,0.00,0.00,0,0
1544348680,3007-eth4,31828.17,589043.00,620871.12,589632,31860,335.66,343.66,679.32,344,336,0.00,0.00,0,0
1544348680,2003-eth2,13708.29,20597.40,34305.70,20618,13722,197.80,276.72,474.53,277,198,0.00,0.00,0,0
1544348680,3007-eth3,1220667.38,1209132.88,2429800.25,1210342,1221888,939.06,948.05,1887.11,949,940,0.00,0.00,0,0
1544348680,1002-eth1,18837.16,4307.69,23144.86,4312,18856,249.75,43.96,293.71,44,250,0.00,0.00,0,0
1544348680,2002-eth3,979.02,454483.53,455462.56,454938,980,9.99,240.76,250.75,241,10,0.00,0.00,0,0
1544348680,2007-eth2,10181.82,12929.07,23110.89,12942,10192,103.90,166.83,270.73,167,104,0.00,0.00,0,0
1544348680,total,38825744.00,39018032.00,77843776.00,39057050,38864566,28162.84,27941.06,56103.90,27969,28191,0.00,0.00,0,0
1544348681,3003-eth3,1209416.62,1203148.88,2412565.50,1204352,1210626,900.10,783.22,1683.32,784,901,0.00,0.00,0,0
1544348681,2002-eth1,353830.19,0.00,353830.19,0,354184,122.88,0.00,122.88,0,123,0.00,0.00,0,0
1544348681,lo,7496.50,7496.50,14993.01,7504,7504,71.93,71.93,143.86,72,72,0.00,0.00,0,0
1544348681,3005-eth3,1208845.25,517438.56,1726283.75,517956,1210054,650.35,541.46,1191.81,542,651,0.00,0.00,0,0
1544348681,2005-eth3,712012.00,512817.19,1224829.25,513330,712724,245.75,471.53,717.28,472,246,0.00,0.00,0,0
1544348681,3004-eth4,1187081.00,798287.75,1985368.62,799086,1188268,649.35,654.35,1303.70,655,650,0.00,0.00,0,0
1544348681,1004-eth2,420121.88,798287.75,1218409.62,799086,420542,162.84,654.35,817.18,655,163,0.00,0.00,0,0
1544348681,2004-eth4,1170861.12,798347.69,1969208.88,799146,1172032,403.60,655.34,1058.94,656,404,0.00,0.00,0,0
1544348681,1001-eth2,794215.81,712012.00,1506227.88,712724,795010,522.48,245.75,768.23,246,523,0.00,0.00,0,0
1544348681,1003-eth3,1200409.62,1170861.12,2371270.75,1172032,1201610,544.46,403.60,948.05,404,545,0.00,0.00,0,0
1544348681,2002-eth4,5994.01,353770.25,359764.25,354124,6000,90.91,121.88,212.79,122,91,0.00,0.00,0,0
1544348681,1001-eth4,28473.53,21510.49,49984.02,21532,28502,394.61,255.74,650.35,256,395,0.00,0.00,0,0
1544348681,3001-eth2,420181.84,59.94,420241.78,60,420602,163.84,1.00,164.84,1,164,0.00,0.00,0,0
1544348681,1004-eth1,5934.07,420181.84,426115.91,420602,5940,89.91,163.84,253.75,164,90,0.00,0.00,0,0
1544348681,3005-eth4,1197772.25,389792.22,1587564.50,390182,1198970,572.43,558.44,1130.87,559,573,0.00,0.00,0,0
1544348681,1003-eth2,1170861.12,547764.25,1718625.38,548312,1172032,403.60,255.74,659.34,256,404,0.00,0.00,0,0
1544348681,3008-eth1,1174.83,36439.56,37614.39,36476,1176,11.99,509.49,521.48,510,12,0.00,0.00,0,0
1544348681,1002-eth3,157.84,19944.06,20101.90,19964,158,2.00,301.70,303.70,302,2,0.00,0.00,0,0
1544348681,2006-eth1,1170861.12,1200409.62,2371270.75,1201610,1172032,403.60,544.46,948.05,545,404,0.00,0.00,0,0
1544348681,3003-eth1,24857.14,794215.81,819072.94,795010,24882,376.62,522.48,899.10,523,377,0.00,0.00,0,0
1544348681,2001-eth3,8637.36,59.94,8697.30,60,8646,130.87,1.00,131.87,1,131,0.00,0.00,0,0
1544348681,2008-eth2,0.00,59.94,59.94,60,0,0.00,1.00,1.00,1,0,0.00,0.00,0,0
1544348681,2008-eth3,571632.38,1162044.00,1733676.38,1163206,572204,617.38,401.60,1018.98,402,618,0.00,0.00,0,0
1544348681,1001-eth3,712012.00,801178.81,1513190.88,801980,712724,245.75,661.34,907.09,662,246,0.00,0.00,0,0
1544348681,2007-eth4,36439.56,1174.83,37614.39,1176,36476,509.49,11.99,521.48,12,510,0.00,0.00,0,0
1544348681,2004-eth2,798287.75,420121.88,1218409.62,420542,799086,654.35,162.84,817.18,163,655,0.00,0.00,0,0
1544348681,3002-eth1,0.00,0.00,0.00,0,0,0.00,0.00,0.00,0,0,0.00,0.00,0,0
1544348681,3004-eth1,712071.94,29274.73,741346.69,29304,712784,246.75,443.56,690.31,444,247,0.00,0.00,0,0
1544348681,2006-eth3,1203500.50,21158.84,1224659.38,21180,1204704,547.45,320.68,868.13,321,548,0.00,0.00,0,0
1544348681,3004-eth2,798347.69,1170861.12,1969208.88,1172032,799146,655.34,403.60,1058.94,404,656,0.00,0.00,0,0
1544348681,3001-eth3,1203306.75,446099.91,1649406.62,446546,1204510,566.43,556.44,1122.88,557,567,0.00,0.00,0,0
1544348681,2003-eth4,29274.73,712071.94,741346.69,712784,29304,443.56,246.75,690.31,247,444,0.00,0.00,0,0
1544348681,2008-eth4,1161984.00,1153808.25,2315792.25,1154962,1163146,400.60,902.10,1302.70,903,401,0.00,0.00,0,0
1544348681,3008-eth3,7966.03,412679.34,420645.38,413092,7974,114.89,153.85,268.73,154,115,0.00,0.00,0,0
1544348681,2005-eth2,19944.06,157.84,20101.90,158,19964,301.70,2.00,303.70,2,302,0.00,0.00,0,0
1544348681,2006-eth4,813452.56,1170861.12,1984313.75,1172032,814266,884.12,403.60,1287.71,404,885,0.00,0.00,0,0
1544348681,3006-eth2,1170861.12,813452.56,1984313.75,814266,1172032,403.60,884.12,1287.71,885,404,0.00,0.00,0,0
1544348681,1003-eth4,547764.25,1129874.12,1677638.38,1131004,548312,255.74,539.46,795.20,540,256,0.00,0.00,0,0
1544348681,2006-eth2,5934.07,798287.75,804221.81,799086,5940,89.91,654.35,744.26,655,90,0.00,0.00,0,0
1544348681,3001-eth1,59.94,8637.36,8697.30,8646,60,1.00,130.87,131.87,131,1,0.00,0.00,0,0
1544348681,3008-eth2,1153808.25,1161984.00,2315792.25,1163146,1154962,902.10,400.60,1302.70,401,903,0.00,0.00,0,0
1544348681,2004-eth3,420121.88,547764.25,967886.12,548312,420542,162.84,255.74,418.58,256,163,0.00,0.00,0,0
1544348681,3001-eth4,26037.96,1206435.62,1232473.50,1207642,26064,394.61,416.58,811.19,417,395,0.00,0.00,0,0
1544348681,1003-eth1,0.00,353830.19,353830.19,354184,0,0.00,122.88,122.88,123,0,0.00,0.00,0,0
1544348681,3002-eth2,353770.25,5994.01,359764.25,6000,354124,121.88,90.91,212.79,91,122,0.00,0.00,0,0
1544348681,2005-eth4,493009.00,801276.75,1294285.75,802078,493502,170.83,662.34,833.17,663,171,0.00,0.00,0,0
1544348681,3003-eth2,547764.25,420121.88,967886.12,420542,548312,255.74,162.84,418.58,163,256,0.00,0.00,0,0
1544348681,2007-eth1,21510.49,28473.53,49984.02,28502,21532,255.74,394.61,650.35,395,256,0.00,0.00,0,0
1544348681,1002-eth4,6889.11,97.90,6987.01,98,6896,103.90,1.00,104.90,1,104,0.00,0.00,0,0
1544348681,3002-eth4,1208040.00,360363.66,1568403.62,360724,1209248,199.80,221.78,421.58,222,200,0.00,0.00,0,0
1544348681,2007-eth3,1076.92,22647.35,23724.28,22670,1078,10.99,267.73,278.72,268,11,0.00,0.00,0,0
1544348681,3005-eth1,512817.19,712012.00,1224829.25,712724,513330,471.53,245.75,717.28,246,472,0.00,0.00,0,0
1544348681,2001-eth4,0.00,0.00,0.00,0,0,0.00,0.00,0.00,0,0,0.00,0.00,0,0
1544348681,3003-eth4,1199802.25,573478.56,1773280.75,574052,1201002,662.34,645.35,1307.69,646,663,0.00,0.00,0,0
1544348681,2004-eth1,547764.25,1170861.12,1718625.38,1172032,548312,255.74,403.60,659.34,404,256,0.00,0.00,0,0
1544348681,3006-eth4,1199378.62,1203264.75,2402643.50,1204468,1200578,660.34,803.20,1463.54,804,661,0.00,0.00,0,0
1544348681,3007-eth1,22647.35,1076.92,23724.28,1078,22670,267.73,10.99,278.72,11,268,0.00,0.00,0,0
1544348681,2008-eth1,1129874.12,547764.25,1677638.38,548312,1131004,539.46,255.74,795.20,256,540,0.00,0.00,0,0
1544348681,2002-eth2,420181.84,5934.07,426115.91,5940,420602,163.84,89.91,253.75,90,164,0.00,0.00,0,0
1544348681,2003-eth1,712012.00,794215.81,1506227.88,795010,712724,245.75,522.48,768.23,523,246,0.00,0.00,0,0
1544348681,3008-eth4,1177083.00,789146.88,1966229.88,789936,1178260,629.37,647.35,1276.72,648,630,0.00,0.00,0,0
1544348681,1004-eth4,59.94,0.00,59.94,0,60,1.00,0.00,1.00,0,1,0.00,0.00,0,0
1544348681,3006-eth1,801276.75,493009.00,1294285.75,493502,802078,662.34,170.83,833.17,171,663,0.00,0.00,0,0
1544348681,1004-eth3,798287.75,5934.07,804221.81,5940,799086,654.35,89.91,744.26,90,655,0.00,0.00,0,0
1544348681,1002-eth2,13054.95,8637.36,21692.31,8646,13068,197.80,130.87,328.67,131,198,0.00,0.00,0,0
1544348681,3004-eth3,13096.90,712053.94,725150.88,712766,13110,198.80,246.75,445.55,247,199,0.00,0.00,0,0
1544348681,2003-eth3,794215.81,24857.14,819072.94,24882,795010,522.48,376.62,899.10,377,523,0.00,0.00,0,0
1544348681,2005-eth1,801178.81,712012.00,1513190.88,712724,801980,661.34,245.75,907.09,246,662,0.00,0.00,0,0
1544348681,3002-eth3,6593.41,1190401.62,1196995.00,1191592,6600,99.90,107.89,207.79,108,100,0.00,0.00,0,0
1544348681,3006-eth3,19164.84,622823.19,641988.00,623446,19184,235.76,274.73,510.49,275,236,0.00,0.00,0,0
1544348681,2001-eth1,0.00,0.00,0.00,0,0,0.00,0.00,0.00,0,0,0.00,0.00,0,0
1544348681,3005-eth2,21158.84,1203500.50,1224659.38,1204704,21180,320.68,547.45,868.13,548,321,0.00,0.00,0,0
1544348681,2001-eth2,0.00,8637.36,8637.36,8646,0,0.00,130.87,130.87,131,0,0.00,0.00,0,0
1544348681,3007-eth2,1162044.00,571632.38,1733676.38,572204,1163206,401.60,617.38,1018.98,618,402,0.00,0.00,0,0
1544348681,1001-eth1,0.00,0.00,0.00,0,0,0.00,0.00,0.00,0,0,0.00,0.00,0,0
1544348681,3007-eth4,19528.47,468551.47,488079.94,469020,19548,236.76,233.77,470.53,234,237,0.00,0.00,0,0
1544348681,2003-eth2,8637.36,13054.95,21692.31,13068,8646,130.87,197.80,328.67,198,131,0.00,0.00,0,0
1544348681,3007-eth3,1212709.38,1201858.12,2414567.50,1203060,1213922,928.07,881.12,1809.19,882,929,0.00,0.00,0,0
1544348681,1002-eth1,8637.36,0.00,8637.36,0,8646,130.87,0.00,130.87,0,131,0.00,0.00,0,0
1544348681,2002-eth3,59.94,420181.84,420241.78,420602,60,1.00,163.84,164.84,164,1,0.00,0.00,0,0
1544348681,2007-eth2,97.90,6889.11,6987.01,6896,98,1.00,103.90,104.90,104,1,0.00,0.00,0,0
1544348681,total,38925428.00,38925428.00,77850856.00,38964352,38964350,25711.29,25738.26,51449.55,25764,25737,0.00,0.00,0,0
1544348682,3003-eth3,1220277.50,1223694.62,2443972.00,1226142,1222718,797.41,805.39,1602.79,807,799,0.00,0.00,0,0
1544348682,2002-eth1,324053.91,59.88,324113.78,60,324702,114.77,1.00,115.77,1,115,0.00,0.00,0,0
1544348682,lo,7798.40,7798.40,15596.81,7814,7814,75.85,75.85,151.70,76,76,0.00,0.00,0,0
1544348682,3005-eth3,1226281.50,476002.00,1702283.50,476954,1228734,630.74,555.89,1186.63,557,632,0.00,0.00,0,0
1544348682,2005-eth3,734229.56,472475.06,1206704.62,473420,735698,264.47,493.01,757.49,494,265,0.00,0.00,0,0
1544348682,3004-eth4,1193714.62,809447.12,2003161.75,811066,1196102,657.68,659.68,1317.37,661,659,0.00,0.00,0,0
1544348682,1004-eth2,442225.56,809447.12,1251672.75,811066,443110,153.69,659.68,813.37,661,154,0.00,0.00,0,0
1544348682,2004-eth4,1177115.75,809447.12,1986562.88,811066,1179470,406.19,659.68,1065.87,661,407,0.00,0.00,0,0
1544348682,1001-eth2,796207.62,734229.56,1530437.12,735698,797800,459.08,264.47,723.55,265,460,0.00,0.00,0,0
1544348682,1003-eth3,1220992.00,1177115.75,2398107.75,1179470,1223434,541.92,406.19,948.10,407,543,0.00,0.00,0,0
1544348682,2002-eth4,5742.52,324053.91,329796.41,324702,5754,84.83,114.77,199.60,115,85,0.00,0.00,0,0
1544348682,1001-eth4,33399.20,12449.10,45848.30,12474,33466,428.14,188.62,616.77,189,429,0.00,0.00,0,0
1544348682,3001-eth2,442165.69,0.00,442165.69,0,443050,152.69,0.00,152.69,0,153,0.00,0.00,0,0
1544348682,1004-eth1,5742.52,442165.69,447908.19,443050,5754,84.83,152.69,237.52,153,85,0.00,0.00,0,0
1544348682,3005-eth4,1223193.62,395447.12,1618640.75,396238,1225640,578.84,571.86,1150.70,573,580,0.00,0.00,0,0
1544348682,1003-eth2,1177175.62,519614.78,1696790.50,520654,1179530,407.19,209.58,616.77,210,408,0.00,0.00,0,0
1544348682,3008-eth1,0.00,40381.24,40381.24,40462,0,0.00,533.93,533.93,535,0,0.00,0.00,0,0
1544348682,1002-eth3,0.00,21568.86,21568.86,21612,0,0.00,317.37,317.37,318,0,0.00,0.00,0,0
1544348682,2006-eth1,1177115.75,1220992.00,2398107.75,1223434,1179470,406.19,541.92,948.10,543,407,0.00,0.00,0,0
1544348682,3003-eth1,25946.11,796207.62,822153.69,797800,25998,393.21,459.08,852.30,460,394,0.00,0.00,0,0
1544348682,2001-eth3,9347.31,0.00,9347.31,0,9366,141.72,0.00,141.72,0,142,0.00,0.00,0,0
1544348682,2008-eth2,0.00,0.00,0.00,0,0,0.00,0.00,0.00,0,0,0.00,0.00,0,0
1544348682,2008-eth3,544914.19,1197808.38,1742722.62,1200204,546004,592.81,413.17,1005.99,414,594,0.00,0.00,0,0
1544348682,1001-eth3,734229.56,817157.69,1551387.25,818792,735698,264.47,698.60,963.07,700,265,0.00,0.00,0,0
1544348682,2007-eth4,40381.24,0.00,40381.24,0,40462,533.93,0.00,533.93,0,535,0.00,0.00,0,0
1544348682,2004-eth2,809447.12,442225.56,1251672.75,443110,811066,659.68,153.69,813.37,154,661,0.00,0.00,0,0
1544348682,3002-eth1,0.00,59.88,59.88,60,0,0.00,1.00,1.00,1,0,0.00,0.00,0,0
1544348682,3004-eth1,734229.56,31185.63,765415.19,31248,735698,264.47,463.07,727.54,464,265,0.00,0.00,0,0
1544348682,2006-eth3,1220992.00,21880.24,1242872.25,21924,1223434,541.92,329.34,871.26,330,543,0.00,0.00,0,0
1544348682,3004-eth2,809447.12,1177115.75,1986562.88,1179470,811066,659.68,406.19,1065.87,407,661,0.00,0.00,0,0
1544348682,3001-eth3,1220948.12,468578.84,1689527.00,469516,1223390,544.91,552.89,1097.80,554,546,0.00,0.00,0,0
1544348682,2003-eth4,31185.63,734229.56,765415.19,735698,31248,463.07,264.47,727.54,265,464,0.00,0.00,0,0
1544348682,2008-eth4,1197808.38,1221970.12,2419778.50,1224414,1200204,413.17,967.07,1380.24,969,414,0.00,0.00,0,0
1544348682,3008-eth3,6982.04,428830.34,435812.38,429688,6996,105.79,147.70,253.49,148,106,0.00,0.00,0,0
1544348682,2005-eth2,21568.86,0.00,21568.86,0,21612,317.37,0.00,317.37,0,318,0.00,0.00,0,0
1544348682,2006-eth4,825584.88,1177115.75,2002700.62,1179470,827236,904.19,406.19,1310.38,407,906,0.00,0.00,0,0
1544348682,3006-eth2,1177115.75,825584.88,2002700.62,827236,1179470,406.19,904.19,1310.38,906,407,0.00,0.00,0,0
1544348682,1003-eth4,519614.78,1196676.62,1716291.50,1199070,520654,209.58,583.83,793.41,585,210,0.00,0.00,0,0
1544348682,2006-eth2,5742.52,809507.00,815249.50,811126,5754,84.83,660.68,745.51,662,85,0.00,0.00,0,0
1544348682,3001-eth1,0.00,9347.31,9347.31,9366,0,0.00,141.72,141.72,142,0,0.00,0.00,0,0
1544348682,3008-eth2,1221970.12,1197808.38,2419778.50,1200204,1224414,967.07,413.17,1380.24,414,969,0.00,0.00,0,0
1544348682,2004-eth3,442225.56,519614.78,961840.38,520654,443110,153.69,209.58,363.27,210,154,0.00,0.00,0,0
1544348682,3001-eth4,26413.17,1218501.00,1244914.25,1220938,26466,400.20,420.16,820.36,421,401,0.00,0.00,0,0
1544348682,1003-eth1,59.88,324053.91,324113.78,324702,60,1.00,114.77,115.77,115,1,0.00,0.00,0,0
1544348682,3002-eth2,324053.91,5742.52,329796.41,5754,324702,114.77,84.83,199.60,85,115,0.00,0.00,0,0
1544348682,2005-eth4,450966.09,817157.69,1268123.75,818792,451868,176.65,698.60,875.25,700,177,0.00,0.00,0,0
1544348682,3003-eth2,519614.78,442225.56,961840.38,443110,520654,209.58,153.69,363.27,154,210,0.00,0.00,0,0
1544348682,2007-eth1,12449.10,33399.20,45848.30,33466,12474,188.62,428.14,616.77,429,189,0.00,0.00,0,0
1544348682,1002-eth4,6982.04,0.00,6982.04,0,6996,105.79,0.00,105.79,0,106,0.00,0.00,0,0
1544348682,3002-eth4,1201441.12,331431.16,1532872.25,332094,1203844,203.59,226.55,430.14,227,204,0.00,0.00,0,0
1544348682,2007-eth3,0.00,12449.10,12449.10,12474,0,0.00,188.62,188.62,189,0,0.00,0.00,0,0
1544348682,3005-eth1,472475.06,734229.56,1206704.62,735698,473420,493.01,264.47,757.49,265,494,0.00,0.00,0,0
1544348682,2001-eth4,59.88,0.00,59.88,0,60,1.00,0.00,1.00,0,1,0.00,0.00,0,0
1544348682,3003-eth4,1213273.50,545704.62,1758978.12,546796,1215700,603.79,604.79,1208.58,606,605,0.00,0.00,0,0
1544348682,2004-eth1,519614.78,1177175.62,1696790.50,1179530,520654,209.58,407.19,616.77,408,210,0.00,0.00,0,0
1544348682,3006-eth4,1224101.88,1221207.62,2445309.50,1223650,1226550,877.25,875.25,1752.50,877,879,0.00,0.00,0,0
1544348682,3007-eth1,12449.10,0.00,12449.10,0,12474,188.62,0.00,188.62,0,189,0.00,0.00,0,0
1544348682,2008-eth1,1196676.62,519614.78,1716291.50,520654,1199070,583.83,209.58,793.41,210,585,0.00,0.00,0,0
1544348682,2002-eth2,442165.69,5742.52,447908.19,5754,443050,152.69,84.83,237.52,85,153,0.00,0.00,0,0
1544348682,2003-eth1,734229.56,796207.62,1530437.12,797800,735698,264.47,459.08,723.55,460,265,0.00,0.00,0,0
1544348682,3008-eth4,1213946.12,806886.25,2020832.38,808500,1216374,657.68,664.67,1322.36,666,659,0.00,0.00,0,0
1544348682,1004-eth4,0.00,0.00,0.00,0,0,0.00,0.00,0.00,0,0,0.00,0.00,0,0
1544348682,3006-eth1,817157.69,450966.09,1268123.75,451868,818792,698.60,176.65,875.25,177,700,0.00,0.00,0,0
1544348682,1004-eth3,809507.00,5742.52,815249.50,5754,811126,660.68,84.83,745.51,85,662,0.00,0.00,0,0
1544348682,1002-eth2,14586.83,9287.43,23874.25,9306,14616,211.58,140.72,352.30,141,212,0.00,0.00,0,0
1544348682,3004-eth3,14628.74,734271.50,748900.25,735740,14658,212.57,265.47,478.04,266,213,0.00,0.00,0,0
1544348682,2003-eth3,796207.62,25946.11,822153.69,25998,797800,459.08,393.21,852.30,394,460,0.00,0.00,0,0
1544348682,2005-eth1,817157.69,734229.56,1551387.25,735698,818792,698.60,264.47,963.07,265,700,0.00,0.00,0,0
1544348682,3002-eth3,7377.25,1207411.25,1214788.50,1209826,7392,111.78,120.76,232.53,121,112,0.00,0.00,0,0
1544348682,3006-eth3,26984.03,697648.75,724632.75,699044,27038,287.43,301.40,588.82,302,288,0.00,0.00,0,0
1544348682,2001-eth1,59.88,0.00,59.88,0,60,1.00,0.00,1.00,0,1,0.00,0.00,0,0
1544348682,3005-eth2,21880.24,1220992.00,1242872.25,1223434,21924,329.34,541.92,871.26,543,330,0.00,0.00,0,0
1544348682,2001-eth2,59.88,9347.31,9407.19,9366,60,1.00,141.72,142.71,142,1,0.00,0.00,0,0
1544348682,3007-eth2,1197808.38,544914.19,1742722.62,546004,1200204,413.17,592.81,1005.99,594,414,0.00,0.00,0,0
1544348682,1001-eth1,0.00,59.88,59.88,60,0,0.00,1.00,1.00,1,0,0.00,0.00,0,0
1544348682,3007-eth4,11263.47,534594.81,545858.31,535664,11286,170.66,195.61,366.27,196,171,0.00,0.00,0,0
1544348682,2003-eth2,9287.43,14586.83,23874.25,14616,9306,140.72,211.58,352.30,212,141,0.00,0.00,0,0
1544348682,3007-eth3,1231213.62,1221455.12,2452668.75,1223898,1233676,1006.99,771.46,1778.44,773,1009,0.00,0.00,0,0
1544348682,1002-eth1,9347.31,59.88,9407.19,60,9366,141.72,1.00,142.71,1,142,0.00,0.00,0,0
1544348682,2002-eth3,0.00,442165.69,442165.69,443050,0,0.00,152.69,152.69,153,0,0.00,0.00,0,0
1544348682,2007-eth2,0.00,6982.04,6982.04,6996,0,0.00,105.79,105.79,106,0,0.00,0.00,0,0
1544348682,total,39362612.00,39421684.00,78784296.00,39500526,39441336,25843.31,25735.53,51578.84,25787,25895,0.00,0.00,0,0
1544348683,3003-eth3,1222739.25,1219262.75,2442002.00,1220482,1223962,795.20,808.19,1603.40,809,796,0.00,0.00,0,0
1544348683,2002-eth1,177942.06,0.00,177942.06,0,178120,87.91,0.00,87.91,0,88,0.00,0.00,0,0
1544348683,lo,71748.25,71748.25,143496.50,71820,71820,296.70,296.70,593.41,297,297,0.00,0.00,0,0
1544348683,3005-eth3,1222949.12,352469.53,1575418.62,352822,1224172,599.40,562.44,1161.84,563,600,0.00,0.00,0,0
1544348683,2005-eth3,465168.84,357878.12,823047.00,358236,465634,231.77,505.49,737.26,506,232,0.00,0.00,0,0
1544348683,3004-eth4,1200759.25,791054.94,1991814.25,791846,1201960,659.34,654.35,1313.69,655,660,0.00,0.00,0,0
1544348683,1004-eth2,457402.62,791054.94,1248457.62,791846,457860,157.84,654.35,812.19,655,158,0.00,0.00,0,0
1544348683,2004-eth4,1187228.75,791054.94,1978283.75,791846,1188416,410.59,654.35,1064.94,655,411,0.00,0.00,0,0
1544348683,1001-eth2,777538.50,465108.91,1242647.38,465574,778316,449.55,230.77,680.32,231,450,0.00,0.00,0,0
1544348683,1003-eth3,1222545.50,1187228.75,2409774.25,1188416,1223768,558.44,410.59,969.03,411,559,0.00,0.00,0,0
1544348683,2002-eth4,8137.86,177942.06,186079.92,178120,8146,86.91,87.91,174.83,88,87,0.00,0.00,0,0
1544348683,1001-eth4,33290.71,12323.68,45614.39,12336,33324,425.57,186.81,612.39,187,426,0.00,0.00,0,0
1544348683,3001-eth2,457402.62,0.00,457402.62,0,457860,157.84,0.00,157.84,0,158,0.00,0.00,0,0
1544348683,1004-eth1,8137.86,457402.62,465540.47,457860,8146,86.91,157.84,244.76,158,87,0.00,0.00,0,0
1544348683,3005-eth4,1222997.00,458241.78,1681238.75,458700,1224220,536.46,565.43,1101.90,566,537,0.00,0.00,0,0
1544348683,1003-eth2,1187168.88,618769.25,1805938.12,619388,1188356,409.59,213.79,623.38,214,410,0.00,0.00,0,0
1544348683,3008-eth1,59.94,43162.84,43222.78,43206,60,1.00,532.47,533.47,533,1,0.00,0.00,0,0
1544348683,1002-eth3,0.00,31248.75,31248.75,31280,0,0.00,334.67,334.67,335,0,0.00,0.00,0,0
1544348683,2006-eth1,1187228.75,1222545.50,2409774.25,1223768,1188416,410.59,558.44,969.03,559,411,0.00,0.00,0,0
1544348683,3003-eth1,26175.82,777538.50,803714.31,778316,26202,396.60,449.55,846.15,450,397,0.00,0.00,0,0
1544348683,2001-eth3,9560.44,0.00,9560.44,0,9570,144.86,0.00,144.86,0,145,0.00,0.00,0,0
1544348683,2008-eth2,0.00,0.00,0.00,0,0,0.00,0.00,0.00,0,0,0.00,0.00,0,0
1544348683,2008-eth3,646791.25,1196046.00,1842837.25,1197242,647438,638.36,412.59,1050.95,413,639,0.00,0.00,0,0
1544348683,1001-eth3,465108.91,798625.38,1263734.25,799424,465574,230.77,690.31,921.08,691,231,0.00,0.00,0,0
1544348683,2007-eth4,43162.84,59.94,43222.78,60,43206,532.47,1.00,533.47,1,533,0.00,0.00,0,0
1544348683,2004-eth2,791054.94,457402.62,1248457.62,457860,791846,654.35,157.84,812.19,158,655,0.00,0.00,0,0
1544348683,3002-eth1,0.00,0.00,0.00,0,0,0.00,0.00,0.00,0,0,0.00,0.00,0,0
1544348683,3004-eth1,465108.91,37932.07,503040.97,37970,465574,230.77,478.52,709.29,479,231,0.00,0.00,0,0
1544348683,2006-eth3,1222545.50,23962.04,1246507.50,23986,1223768,558.44,326.67,885.11,327,559,0.00,0.00,0,0
1544348683,3004-eth2,791054.94,1187228.75,1978283.75,1188416,791846,654.35,410.59,1064.94,411,655,0.00,0.00,0,0
1544348683,3001-eth3,1224675.38,483776.25,1708451.62,484260,1225900,561.44,557.44,1118.88,558,562,0.00,0.00,0,0
1544348683,2003-eth4,37932.07,465108.91,503040.97,465574,37970,478.52,230.77,709.29,231,479,0.00,0.00,0,0
1544348683,2008-eth4,1196046.00,1110499.50,2306545.50,1111610,1197242,412.59,1024.98,1437.56,1026,413,0.00,0.00,0,0
1544348683,3008-eth3,9932.07,222591.42,232523.48,222814,9942,107.89,106.89,214.79,107,108,0.00,0.00,0,0
1544348683,2005-eth2,31248.75,0.00,31248.75,0,31280,334.67,0.00,334.67,0,335,0.00,0.00,0,0
1544348683,2006-eth4,806939.06,1187228.75,1994167.88,1188416,807746,895.10,410.59,1305.69,411,896,0.00,0.00,0,0
1544348683,3006-eth2,1187228.75,806939.06,1994167.88,807746,1188416,410.59,895.10,1305.69,896,411,0.00,0.00,0,0
1544348683,1003-eth4,618769.25,1082477.50,1701246.75,1083560,619388,213.79,600.40,814.19,601,214,0.00,0.00,0,0
1544348683,2006-eth2,8197.80,791054.94,799252.75,791846,8206,87.91,654.35,742.26,655,88,0.00,0.00,0,0
1544348683,3001-eth1,0.00,9560.44,9560.44,9570,0,0.00,144.86,144.86,145,0,0.00,0.00,0,0
1544348683,3008-eth2,1110499.50,1196046.00,2306545.50,1197242,1111610,1024.98,412.59,1437.56,413,1026,0.00,0.00,0,0
1544348683,2004-eth3,457402.62,618769.25,1076171.88,619388,457860,157.84,213.79,371.63,214,158,0.00,0.00,0,0
1544348683,3001-eth4,26373.63,1222677.38,1249051.00,1223900,26400,399.60,421.58,821.18,422,400,0.00,0.00,0,0
1544348683,1003-eth1,0.00,177942.06,177942.06,178120,0,0.00,87.91,87.91,88,0,0.00,0.00,0,0
1544348683,3002-eth2,177942.06,8137.86,186079.92,8146,178120,87.91,86.91,174.83,87,88,0.00,0.00,0,0
1544348683,2005-eth4,326689.31,798625.38,1125314.75,799424,327016,171.83,690.31,862.14,691,172,0.00,0.00,0,0
1544348683,3003-eth2,618769.25,457402.62,1076171.88,457860,619388,213.79,157.84,371.63,158,214,0.00,0.00,0,0
1544348683,2007-eth1,12323.68,33290.71,45614.39,33324,12336,186.81,425.57,612.39,426,187,0.00,0.00,0,0
1544348683,1002-eth4,9932.07,59.94,9992.01,60,9942,107.89,1.00,108.89,1,108,0.00,0.00,0,0
1544348683,3002-eth4,1208529.50,186051.95,1394581.50,186238,1209738,214.79,210.79,425.57,211,215,0.00,0.00,0,0
1544348683,2007-eth3,0.00,12263.74,12263.74,12276,0,0.00,185.81,185.81,186,0,0.00,0.00,0,0
1544348683,3005-eth1,357878.12,465168.84,823047.00,465634,358236,505.49,231.77,737.26,232,506,0.00,0.00,0,0
1544348683,2001-eth4,0.00,0.00,0.00,0,0,0.00,0.00,0.00,0,0,0.00,0.00,0,0
1544348683,3003-eth4,1205350.62,644747.25,1850098.00,645392,1206556,597.40,607.39,1204.80,608,598,0.00,0.00,0,0
1544348683,2004-eth1,618769.25,1187168.88,1805938.12,1188356,619388,213.79,409.59,623.38,410,214,0.00,0.00,0,0
1544348683,3006-eth4,1227956.12,1220437.62,2448393.75,1221658,1229184,918.08,832.17,1750.25,833,919,0.00,0.00,0,0
1544348683,3007-eth1,12263.74,0.00,12263.74,0,12276,185.81,0.00,185.81,0,186,0.00,0.00,0,0
1544348683,2008-eth1,1082477.50,618769.25,1701246.75,619388,1083560,600.40,213.79,814.19,214,601,0.00,0.00,0,0
1544348683,2002-eth2,457402.62,8137.86,465540.47,8146,457860,157.84,86.91,244.76,87,158,0.00,0.00,0,0
1544348683,2003-eth1,465108.91,777538.50,1242647.38,778316,465574,230.77,449.55,680.32,450,231,0.00,0.00,0,0
1544348683,3008-eth4,1208905.12,779416.62,1988321.75,780196,1210114,651.35,653.35,1304.70,654,652,0.00,0.00,0,0
1544348683,1004-eth4,0.00,0.00,0.00,0,0,0.00,0.00,0.00,0,0,0.00,0.00,0,0
1544348683,3006-eth1,797828.38,326363.28,1124191.62,327016,799424,689.62,171.66,861.28,172,691,0.00,0.00,0,0
1544348683,1004-eth3,790265.50,8189.62,798455.12,8206,791846,653.69,87.82,741.52,88,655,0.00,0.00,0,0
1544348683,1002-eth2,21376.62,9560.44,30937.06,9570,21398,227.77,144.86,372.63,145,228,0.00,0.00,0,0
1544348683,3004-eth3,21316.68,465108.91,486425.59,465574,21338,226.77,230.77,457.54,231,227,0.00,0.00,0,0
1544348683,2003-eth3,777538.50,26175.82,803714.31,26202,778316,449.55,396.60,846.15,397,450,0.00,0.00,0,0
1544348683,2005-eth1,798625.38,465108.91,1263734.25,465574,799424,690.31,230.77,921.08,231,691,0.00,0.00,0,0
1544348683,3002-eth3,8101.80,1202157.75,1210259.50,1204562,8118,122.75,128.74,251.50,129,123,0.00,0.00,0,0
1544348683,3006-eth3,15786.43,723389.25,739175.69,724836,15818,236.53,253.49,490.02,254,237,0.00,0.00,0,0
1544348683,2001-eth1,0.00,0.00,0.00,0,0,0.00,0.00,0.00,0,0,0.00,0.00,0,0
1544348683,3005-eth2,23938.12,1221325.38,1245263.50,1223768,23986,326.35,557.88,884.23,559,327,0.00,0.00,0,0
1544348683,2001-eth2,0.00,9550.90,9550.90,9570,0,0.00,144.71,144.71,145,0,0.00,0.00,0,0
1544348683,3007-eth2,1194852.38,646145.75,1840998.00,647438,1197242,412.18,637.72,1049.90,639,413,0.00,0.00,0,0
1544348683,1001-eth1,0.00,0.00,0.00,0,0,0.00,0.00,0.00,0,0,0.00,0.00,0,0
1544348683,3007-eth4,13041.92,634377.25,647419.19,635646,13068,197.60,218.56,416.17,219,198,0.00,0.00,0,0
1544348683,2003-eth2,9550.90,21355.29,30906.19,21398,9570,144.71,227.54,372.26,228,145,0.00,0.00,0,0
1544348683,3007-eth3,1219696.62,1220145.75,2439842.50,1222586,1222136,854.29,795.41,1649.70,797,856,0.00,0.00,0,0
1544348683,1002-eth1,9550.90,0.00,9550.90,0,9570,144.71,0.00,144.71,0,145,0.00,0.00,0,0
1544348683,2002-eth3,0.00,456946.12,456946.12,457860,0,0.00,157.68,157.68,158,0,0.00,0.00,0,0
1544348683,2007-eth2,59.88,9922.16,9982.04,9942,60,1.00,107.78,108.78,108,1,0.00,0.00,0,0
1544348683,total,37944256.00,37514000.00,75458256.00,37589028,38020142,25887.23,25815.37,51702.60,25867,25939,0.00,0.00,0,0
1544348684,3003-eth3,1221628.38,1222155.88,2443784.25,1223378,1222850,800.20,808.19,1608.39,809,801,0.00,0.00,0,0
1544348684,2002-eth1,194381.62,0.00,194381.62,0,194576,95.90,0.00,95.90,0,96,0.00,0.00,0,0
1544348684,lo,7574.43,7574.43,15148.85,7582,7582,73.93,73.93,147.85,74,74,0.00,0.00,0,0
1544348684,3005-eth3,1225067.00,541576.44,1766643.38,542118,1226292,599.40,578.42,1177.82,579,600,0.00,0.00,0,0
1544348684,2005-eth3,531588.44,548079.94,1079668.38,548628,532120,251.75,529.47,781.22,530,252,0.00,0.00,0,0
1544348684,3004-eth4,1212457.62,782441.56,1994899.12,783224,1213670,661.34,655.34,1316.68,656,662,0.00,0.00,0,0
1544348684,1004-eth2,460361.66,782435.56,1242797.25,783218,460822,158.84,655.34,814.19,656,159,0.00,0.00,0,0
1544348684,2004-eth4,1193087.00,782375.62,1975462.62,783158,1194280,411.59,654.35,1065.93,655,412,0.00,0.00,0,0
1544348684,1001-eth2,769380.62,531648.38,1301029.00,532180,770150,457.54,252.75,710.29,253,458,0.00,0.00,0,0
1544348684,1003-eth3,1226795.25,1193087.00,2419882.25,1194280,1228022,664.34,411.59,1075.92,412,665,0.00,0.00,0,0
1544348684,2002-eth4,8921.08,194441.56,203362.64,194636,8930,94.91,96.90,191.81,97,95,0.00,0.00,0,0
1544348684,1001-eth4,28247.75,12923.08,41170.83,12936,28276,394.61,195.80,590.41,196,395,0.00,0.00,0,0
1544348684,3001-eth2,460361.66,0.00,460361.66,0,460822,158.84,0.00,158.84,0,159,0.00,0.00,0,0
1544348684,1004-eth1,8981.02,460361.66,469342.66,460822,8990,95.90,158.84,254.75,159,96,0.00,0.00,0,0
1544348684,3005-eth4,1222417.62,559696.31,1782113.88,560256,1223640,571.43,621.38,1192.81,622,572,0.00,0.00,0,0
1544348684,1003-eth2,1193087.00,620215.81,1813302.75,620836,1194280,411.59,213.79,625.37,214,412,0.00,0.00,0,0
1544348684,3008-eth1,0.00,38107.89,38107.89,38146,0,0.00,499.50,499.50,500,0,0.00,0.00,0,0
1544348684,1002-eth3,0.00,32679.32,32679.32,32712,0,0.00,347.65,347.65,348,0,0.00,0.00,0,0
1544348684,2006-eth1,1193087.00,1226795.25,2419882.25,1228022,1194280,411.59,664.34,1075.92,665,412,0.00,0.00,0,0
1544348684,3003-eth1,26109.89,769380.62,795490.50,770150,26136,395.60,457.54,853.15,458,396,0.00,0.00,0,0
1544348684,2001-eth3,9824.18,0.00,9824.18,0,9834,148.85,0.00,148.85,0,149,0.00,0.00,0,0
1544348684,2008-eth2,59.94,0.00,59.94,0,60,1.00,0.00,1.00,0,1,0.00,0.00,0,0
1544348684,2008-eth3,646451.56,1196046.00,1842497.50,1197242,647098,611.39,412.59,1023.98,413,612,0.00,0.00,0,0
1544348684,1001-eth3,531648.38,784585.44,1316233.75,785370,532180,252.75,654.35,907.09,655,253,0.00,0.00,0,0
1544348684,2007-eth4,38107.89,0.00,38107.89,0,38146,499.50,0.00,499.50,0,500,0.00,0.00,0,0
1544348684,2004-eth2,782435.56,460361.66,1242797.25,460822,783218,655.34,158.84,814.19,159,656,0.00,0.00,0,0
1544348684,3002-eth1,59.94,0.00,59.94,0,60,1.00,0.00,1.00,0,1,0.00,0.00,0,0
1544348684,3004-eth1,531588.44,39164.84,570753.25,39204,532120,251.75,490.51,742.26,491,252,0.00,0.00,0,0
1544348684,2006-eth3,1226795.25,24943.06,1251738.25,24968,1228022,664.34,337.66,1002.00,338,665,0.00,0.00,0,0
1544348684,3004-eth2,782375.62,1193087.00,1975462.62,1194280,783158,654.35,411.59,1065.93,412,655,0.00,0.00,0,0
1544348684,3001-eth3,1223360.62,486867.16,1710227.88,487354,1224584,563.44,560.44,1123.88,561,564,0.00,0.00,0,0
1544348684,2003-eth4,39164.84,531588.44,570753.25,532120,39204,490.51,251.75,742.26,252,491,0.00,0.00,0,0
1544348684,2008-eth4,1196105.88,1012755.25,2208861.25,1013768,1197302,413.59,911.09,1324.68,912,414,0.00,0.00,0,0
1544348684,3008-eth3,9860.14,214963.05,224823.19,215178,9870,104.90,100.90,205.79,101,105,0.00,0.00,0,0
1544348684,2005-eth2,32679.32,0.00,32679.32,0,32712,347.65,0.00,347.65,0,348,0.00,0.00,0,0
1544348684,2006-eth4,798397.62,1193087.00,1991484.62,1194280,799196,897.10,411.59,1308.69,412,898,0.00,0.00,0,0
1544348684,3006-eth2,1193087.00,798397.62,1991484.62,799196,1194280,411.59,897.10,1308.69,898,412,0.00,0.00,0,0
1544348684,1003-eth4,620215.81,986579.44,1606795.25,987566,620836,213.79,514.49,728.27,515,214,0.00,0.00,0,0
1544348684,2006-eth2,8921.08,782375.62,791296.75,783158,8930,94.91,654.35,749.25,655,95,0.00,0.00,0,0
1544348684,3001-eth1,0.00,9824.18,9824.18,9834,0,0.00,148.85,148.85,149,0,0.00,0.00,0,0
1544348684,3008-eth2,1012755.25,1196105.88,2208861.25,1197302,1013768,911.09,413.59,1324.68,414,912,0.00,0.00,0,0
1544348684,2004-eth3,460361.66,620215.81,1080577.50,620836,460822,158.84,213.79,372.63,214,159,0.00,0.00,0,0
1544348684,3001-eth4,26505.50,1221230.75,1247736.25,1222452,26532,401.60,421.58,823.18,422,402,0.00,0.00,0,0
1544348684,1003-eth1,0.00,194381.62,194381.62,194576,0,0.00,95.90,95.90,96,0,0.00,0.00,0,0
1544348684,3002-eth2,194441.56,8921.08,203362.64,8930,194636,96.90,94.91,191.81,95,97,0.00,0.00,0,0
1544348684,2005-eth4,515400.62,784585.44,1299986.00,785370,515916,181.82,654.35,836.16,655,182,0.00,0.00,0,0
1544348684,3003-eth2,620215.81,460361.66,1080577.50,460822,620836,213.79,158.84,372.63,159,214,0.00,0.00,0,0
1544348684,2007-eth1,12923.08,28247.75,41170.83,28276,12936,195.80,394.61,590.41,395,196,0.00,0.00,0,0
1544348684,1002-eth4,9860.14,0.00,9860.14,0,9870,104.90,0.00,104.90,0,105,0.00,0.00,0,0
1544348684,3002-eth4,1203136.88,203744.27,1406881.12,203948,1204340,238.76,237.76,476.52,238,239,0.00,0.00,0,0
1544348684,2007-eth3,59.94,12923.08,12983.02,12936,60,1.00,195.80,196.80,196,1,0.00,0.00,0,0
1544348684,3005-eth1,548079.94,531588.44,1079668.38,532120,548628,529.47,251.75,781.22,252,530,0.00,0.00,0,0
1544348684,2001-eth4,0.00,59.94,59.94,60,0,0.00,1.00,1.00,1,0,0.00,0.00,0,0
1544348684,3003-eth4,1208969.12,646259.75,1855228.88,646906,1210178,608.39,608.39,1216.78,609,609,0.00,0.00,0,0
1544348684,2004-eth1,620215.81,1193087.00,1813302.75,1194280,620836,213.79,411.59,625.37,412,214,0.00,0.00,0,0
1544348684,3006-eth4,1222501.50,1223120.88,2445622.50,1224344,1223724,901.10,833.17,1734.27,834,902,0.00,0.00,0,0
1544348684,3007-eth1,12923.08,59.94,12983.02,60,12936,195.80,1.00,196.80,1,196,0.00,0.00,0,0
1544348684,2008-eth1,986579.44,620215.81,1606795.25,620836,987566,514.49,213.79,728.27,214,515,0.00,0.00,0,0
1544348684,2002-eth2,460361.66,8981.02,469342.66,8990,460822,158.84,95.90,254.75,96,159,0.00,0.00,0,0
1544348684,2003-eth1,531648.38,769380.62,1301029.00,770150,532180,252.75,457.54,710.29,458,253,0.00,0.00,0,0
1544348684,3008-eth4,1215158.88,788425.62,2003584.50,789214,1216374,658.34,658.34,1316.68,659,659,0.00,0.00,0,0
1544348684,1004-eth4,0.00,59.94,59.94,60,0,0.00,1.00,1.00,1,0,0.00,0.00,0,0
1544348684,3006-eth1,784585.44,515400.62,1299986.00,515916,785370,654.35,181.82,836.16,182,655,0.00,0.00,0,0
1544348684,1004-eth3,782375.62,8921.08,791296.75,8930,783158,654.35,94.91,749.25,95,655,0.00,0.00,0,0
1544348684,1002-eth2,22819.18,9884.12,32703.30,9894,22842,242.76,149.85,392.61,150,243,0.00,0.00,0,0
1544348684,3004-eth3,22819.18,531588.44,554407.62,532120,22842,242.76,251.75,494.51,252,243,0.00,0.00,0,0
1544348684,2003-eth3,769380.62,26109.89,795490.50,26136,770150,457.54,395.60,853.15,396,458,0.00,0.00,0,0
1544348684,2005-eth1,784585.44,531648.38,1316233.75,532180,785370,654.35,252.75,907.09,253,655,0.00,0.00,0,0
1544348684,3002-eth3,9356.64,1205794.25,1215150.88,1207000,9366,141.86,143.86,285.71,144,142,0.00,0.00,0,0
1544348684,3006-eth3,17868.13,877784.25,895652.38,878662,17886,270.73,302.70,573.43,303,271,0.00,0.00,0,0
1544348684,2001-eth1,0.00,59.94,59.94,60,0,0.00,1.00,1.00,1,0,0.00,0.00,0,0
1544348684,3005-eth2,24943.06,1226795.25,1251738.25,1228022,24968,337.66,664.34,1002.00,665,338,0.00,0.00,0,0
1544348684,2001-eth2,0.00,9824.18,9824.18,9834,0,0.00,148.85,148.85,149,0,0.00,0.00,0,0
1544348684,3007-eth2,1196046.00,646451.56,1842497.50,647098,1197242,412.59,611.39,1023.98,612,413,0.00,0.00,0,0
1544348684,1001-eth1,59.94,0.00,59.94,0,60,1.00,0.00,1.00,0,1,0.00,0.00,0,0
1544348684,3007-eth4,13120.88,630605.44,643726.31,631236,13134,198.80,217.78,416.58,218,199,0.00,0.00,0,0
1544348684,2003-eth2,9884.12,22819.18,32703.30,22842,9894,149.85,242.76,392.61,243,150,0.00,0.00,0,0
1544348684,3007-eth3,1223800.25,1222090.00,2445890.25,1223312,1225024,811.19,807.19,1618.38,808,812,0.00,0.00,0,0
1544348684,1002-eth1,9824.18,0.00,9824.18,0,9834,148.85,0.00,148.85,0,149,0.00,0.00,0,0
1544348684,2002-eth3,0.00,460361.66,460361.66,460822,0,0.00,158.84,158.84,159,0,0.00,0.00,0,0
1544348684,2007-eth2,0.00,9860.14,9860.14,9870,0,0.00,104.90,104.90,105,0,0.00,0.00,0,0
1544348684,total,38388240.00,38468556.00,76856792.00,38507024,38426628,25903.10,25936.06,51839.16,25962,25929,0.00,0.00,0,0
