1544345438,3003-eth3,0.00,0.00,0.00,0,0,0.00,0.00,0.00,0,0,0.00,0.00,0,0
1544345438,2002-eth1,0.00,0.00,0.00,0,0,0.00,0.00,0.00,0,0,0.00,0.00,0,0
1544345438,lo,0.00,0.00,0.00,0,0,0.00,0.00,0.00,0,0,0.00,0.00,0,0
1544345438,3005-eth3,0.00,0.00,0.00,0,0,0.00,0.00,0.00,0,0,0.00,0.00,0,0
1544345438,2005-eth3,0.00,0.00,0.00,0,0,0.00,0.00,0.00,0,0,0.00,0.00,0,0
1544345438,3004-eth4,0.00,0.00,0.00,0,0,0.00,0.00,0.00,0,0,0.00,0.00,0,0
1544345438,1004-eth2,0.00,0.00,0.00,0,0,0.00,0.00,0.00,0,0,0.00,0.00,0,0
1544345438,2004-eth4,0.00,0.00,0.00,0,0,0.00,0.00,0.00,0,0,0.00,0.00,0,0
1544345438,1001-eth2,0.00,0.00,0.00,0,0,0.00,0.00,0.00,0,0,0.00,0.00,0,0
1544345438,1003-eth3,0.00,0.00,0.00,0,0,0.00,0.00,0.00,0,0,0.00,0.00,0,0
1544345438,2002-eth4,0.00,0.00,0.00,0,0,0.00,0.00,0.00,0,0,0.00,0.00,0,0
1544345438,1001-eth4,0.00,0.00,0.00,0,0,0.00,0.00,0.00,0,0,0.00,0.00,0,0
1544345438,3001-eth2,0.00,0.00,0.00,0,0,0.00,0.00,0.00,0,0,0.00,0.00,0,0
1544345438,1004-eth1,0.00,0.00,0.00,0,0,0.00,0.00,0.00,0,0,0.00,0.00,0,0
1544345438,3005-eth4,0.00,0.00,0.00,0,0,0.00,0.00,0.00,0,0,0.00,0.00,0,0
1544345438,1003-eth2,0.00,0.00,0.00,0,0,0.00,0.00,0.00,0,0,0.00,0.00,0,0
1544345438,3008-eth1,0.00,0.00,0.00,0,0,0.00,0.00,0.00,0,0,0.00,0.00,0,0
1544345438,1002-eth3,0.00,0.00,0.00,0,0,0.00,0.00,0.00,0,0,0.00,0.00,0,0
1544345438,2006-eth1,0.00,0.00,0.00,0,0,0.00,0.00,0.00,0,0,0.00,0.00,0,0
1544345438,3003-eth1,0.00,0.00,0.00,0,0,0.00,0.00,0.00,0,0,0.00,0.00,0,0
1544345438,2001-eth3,0.00,0.00,0.00,0,0,0.00,0.00,0.00,0,0,0.00,0.00,0,0
1544345438,2008-eth2,0.00,0.00,0.00,0,0,0.00,0.00,0.00,0,0,0.00,0.00,0,0
1544345438,2008-eth3,0.00,0.00,0.00,0,0,0.00,0.00,0.00,0,0,0.00,0.00,0,0
1544345438,1001-eth3,0.00,0.00,0.00,0,0,0.00,0.00,0.00,0,0,0.00,0.00,0,0
1544345438,2007-eth4,0.00,0.00,0.00,0,0,0.00,0.00,0.00,0,0,0.00,0.00,0,0
1544345438,2004-eth2,0.00,0.00,0.00,0,0,0.00,0.00,0.00,0,0,0.00,0.00,0,0
1544345438,3002-eth1,0.00,0.00,0.00,0,0,0.00,0.00,0.00,0,0,0.00,0.00,0,0
1544345438,3004-eth1,0.00,0.00,0.00,0,0,0.00,0.00,0.00,0,0,0.00,0.00,0,0
1544345438,2006-eth3,0.00,0.00,0.00,0,0,0.00,0.00,0.00,0,0,0.00,0.00,0,0
1544345438,3004-eth2,0.00,0.00,0.00,0,0,0.00,0.00,0.00,0,0,0.00,0.00,0,0
1544345438,3001-eth3,0.00,0.00,0.00,0,0,0.00,0.00,0.00,0,0,0.00,0.00,0,0
1544345438,2003-eth4,0.00,0.00,0.00,0,0,0.00,0.00,0.00,0,0,0.00,0.00,0,0
1544345438,2008-eth4,0.00,0.00,0.00,0,0,0.00,0.00,0.00,0,0,0.00,0.00,0,0
1544345438,3008-eth3,0.00,0.00,0.00,0,0,0.00,0.00,0.00,0,0,0.00,0.00,0,0
1544345438,2005-eth2,0.00,0.00,0.00,0,0,0.00,0.00,0.00,0,0,0.00,0.00,0,0
1544345438,2006-eth4,0.00,0.00,0.00,0,0,0.00,0.00,0.00,0,0,0.00,0.00,0,0
1544345438,3006-eth2,0.00,0.00,0.00,0,0,0.00,0.00,0.00,0,0,0.00,0.00,0,0
1544345438,1003-eth4,0.00,0.00,0.00,0,0,0.00,0.00,0.00,0,0,0.00,0.00,0,0
1544345438,2006-eth2,0.00,0.00,0.00,0,0,0.00,0.00,0.00,0,0,0.00,0.00,0,0
1544345438,3001-eth1,0.00,0.00,0.00,0,0,0.00,0.00,0.00,0,0,0.00,0.00,0,0
1544345438,3008-eth2,0.00,0.00,0.00,0,0,0.00,0.00,0.00,0,0,0.00,0.00,0,0
1544345438,2004-eth3,0.00,0.00,0.00,0,0,0.00,0.00,0.00,0,0,0.00,0.00,0,0
1544345438,3001-eth4,0.00,0.00,0.00,0,0,0.00,0.00,0.00,0,0,0.00,0.00,0,0
1544345438,1003-eth1,0.00,0.00,0.00,0,0,0.00,0.00,0.00,0,0,0.00,0.00,0,0
1544345438,3002-eth2,0.00,0.00,0.00,0,0,0.00,0.00,0.00,0,0,0.00,0.00,0,0
1544345438,2005-eth4,0.00,0.00,0.00,0,0,0.00,0.00,0.00,0,0,0.00,0.00,0,0
1544345438,3003-eth2,0.00,0.00,0.00,0,0,0.00,0.00,0.00,0,0,0.00,0.00,0,0
1544345438,2007-eth1,0.00,0.00,0.00,0,0,0.00,0.00,0.00,0,0,0.00,0.00,0,0
1544345438,1002-eth4,0.00,0.00,0.00,0,0,0.00,0.00,0.00,0,0,0.00,0.00,0,0
1544345438,3002-eth4,0.00,0.00,0.00,0,0,0.00,0.00,0.00,0,0,0.00,0.00,0,0
1544345438,2007-eth3,0.00,0.00,0.00,0,0,0.00,0.00,0.00,0,0,0.00,0.00,0,0
1544345438,3005-eth1,0.00,0.00,0.00,0,0,0.00,0.00,0.00,0,0,0.00,0.00,0,0
1544345438,2001-eth4,0.00,0.00,0.00,0,0,0.00,0.00,0.00,0,0,0.00,0.00,0,0
1544345438,3003-eth4,0.00,0.00,0.00,0,0,0.00,0.00,0.00,0,0,0.00,0.00,0,0
1544345438,2004-eth1,0.00,0.00,0.00,0,0,0.00,0.00,0.00,0,0,0.00,0.00,0,0
1544345438,3006-eth4,0.00,0.00,0.00,0,0,0.00,0.00,0.00,0,0,0.00,0.00,0,0
1544345438,3007-eth1,0.00,0.00,0.00,0,0,0.00,0.00,0.00,0,0,0.00,0.00,0,0
1544345438,2008-eth1,0.00,0.00,0.00,0,0,0.00,0.00,0.00,0,0,0.00,0.00,0,0
1544345438,2002-eth2,0.00,0.00,0.00,0,0,0.00,0.00,0.00,0,0,0.00,0.00,0,0
1544345438,2003-eth1,0.00,0.00,0.00,0,0,0.00,0.00,0.00,0,0,0.00,0.00,0,0
1544345438,3008-eth4,0.00,0.00,0.00,0,0,0.00,0.00,0.00,0,0,0.00,0.00,0,0
1544345438,1004-eth4,0.00,0.00,0.00,0,0,0.00,0.00,0.00,0,0,0.00,0.00,0,0
1544345438,3006-eth1,0.00,0.00,0.00,0,0,0.00,0.00,0.00,0,0,0.00,0.00,0,0
1544345438,1004-eth3,0.00,0.00,0.00,0,0,0.00,0.00,0.00,0,0,0.00,0.00,0,0
1544345438,1002-eth2,0.00,0.00,0.00,0,0,0.00,0.00,0.00,0,0,0.00,0.00,0,0
1544345438,3004-eth3,0.00,0.00,0.00,0,0,0.00,0.00,0.00,0,0,0.00,0.00,0,0
1544345438,2003-eth3,0.00,0.00,0.00,0,0,0.00,0.00,0.00,0,0,0.00,0.00,0,0
1544345438,2005-eth1,0.00,0.00,0.00,0,0,0.00,0.00,0.00,0,0,0.00,0.00,0,0
1544345438,3002-eth3,0.00,0.00,0.00,0,0,0.00,0.00,0.00,0,0,0.00,0.00,0,0
1544345438,3006-eth3,0.00,0.00,0.00,0,0,0.00,0.00,0.00,0,0,0.00,0.00,0,0
1544345438,2001-eth1,0.00,0.00,0.00,0,0,0.00,0.00,0.00,0,0,0.00,0.00,0,0
1544345438,3005-eth2,0.00,0.00,0.00,0,0,0.00,0.00,0.00,0,0,0.00,0.00,0,0
1544345438,2001-eth2,0.00,0.00,0.00,0,0,0.00,0.00,0.00,0,0,0.00,0.00,0,0
1544345438,3007-eth2,0.00,0.00,0.00,0,0,0.00,0.00,0.00,0,0,0.00,0.00,0,0
1544345438,1001-eth1,0.00,0.00,0.00,0,0,0.00,0.00,0.00,0,0,0.00,0.00,0,0
1544345438,3007-eth4,0.00,0.00,0.00,0,0,0.00,0.00,0.00,0,0,0.00,0.00,0,0
1544345438,2003-eth2,0.00,0.00,0.00,0,0,0.00,0.00,0.00,0,0,0.00,0.00,0,0
1544345438,3007-eth3,0.00,0.00,0.00,0,0,0.00,0.00,0.00,0,0,0.00,0.00,0,0
1544345438,1002-eth1,0.00,0.00,0.00,0,0,0.00,0.00,0.00,0,0,0.00,0.00,0,0
1544345438,2002-eth3,0.00,0.00,0.00,0,0,0.00,0.00,0.00,0,0,0.00,0.00,0,0
1544345438,2007-eth2,0.00,0.00,0.00,0,0,0.00,0.00,0.00,0,0,0.00,0.00,0,0
1544345438,total,0.00,0.00,0.00,0,0,0.00,0.00,0.00,0,0,0.00,0.00,0,0
1544345439,3003-eth3,919876.12,129400.60,1049276.75,129530,920796,369.63,360.64,730.27,361,370,0.00,0.00,0,0
1544345439,2002-eth1,1193087.00,30789.21,1223876.12,30820,1194280,411.59,435.56,847.15,436,412,0.00,0.00,0,0
1544345439,lo,7780.22,7780.22,15560.44,7788,7788,75.92,75.92,151.85,76,76,0.00,0.00,0,0
1544345439,3005-eth3,675382.62,1218473.50,1893856.25,1219692,676058,652.35,719.28,1371.63,720,653,0.00,0.00,0,0
1544345439,2005-eth3,0.00,0.00,0.00,0,0,0.00,0.00,0.00,0,0,0.00,0.00,0,0
1544345439,3004-eth4,1210026.00,17802.20,1227828.25,17820,1211236,273.73,269.73,543.46,270,274,0.00,0.00,0,0
1544345439,1004-eth2,20763.24,1108655.38,1129418.62,1109764,20784,314.69,381.62,696.30,382,315,0.00,0.00,0,0
1544345439,2004-eth4,0.00,0.00,0.00,0,0,0.00,0.00,0.00,0,0,0.00,0.00,0,0
1544345439,1001-eth2,3976.02,3916.08,7892.11,3920,3980,40.96,39.96,80.92,40,41,0.00,0.00,0,0
1544345439,1003-eth3,94165.84,5070.93,99236.77,5076,94260,45.95,53.95,99.90,54,46,0.00,0.00,0,0
1544345439,2002-eth4,1208209.88,1220581.50,2428791.25,1221802,1209418,772.23,828.17,1600.40,829,773,0.00,0.00,0,0
1544345439,1001-eth4,59.94,59.94,119.88,60,60,1.00,1.00,2.00,1,1,0.00,0.00,0,0
1544345439,3001-eth2,88745.26,6855.15,95600.40,6862,88834,32.97,72.93,105.89,73,33,0.00,0.00,0,0
1544345439,1004-eth1,1187168.88,116239.77,1303408.62,116356,1188356,409.59,449.55,859.14,450,410,0.00,0.00,0,0
1544345439,3005-eth4,1221810.25,1218105.88,2439916.25,1219324,1223032,715.28,811.19,1526.47,812,716,0.00,0.00,0,0
1544345439,1003-eth2,919876.12,112429.57,1032305.75,112542,920796,369.63,322.68,692.31,323,370,0.00,0.00,0,0
1544345439,3008-eth1,41.96,101.90,143.86,102,42,1.00,2.00,3.00,2,1,0.00,0.00,0,0
1544345439,1002-eth3,7832.17,7892.11,15724.28,7900,7840,79.92,80.92,160.84,81,80,0.00,0.00,0,0
1544345439,2006-eth1,5070.93,94165.84,99236.77,94260,5076,53.95,45.95,99.90,46,54,0.00,0.00,0,0
1544345439,3003-eth1,7832.17,7832.17,15664.34,7840,7840,79.92,79.92,159.84,80,80,0.00,0.00,0,0
1544345439,2001-eth3,7832.17,7892.11,15724.28,7900,7840,79.92,80.92,160.84,81,80,0.00,0.00,0,0
1544345439,2008-eth2,20703.30,1221198.88,1241902.12,1222420,20724,313.69,424.58,738.26,425,314,0.00,0.00,0,0
1544345439,2008-eth3,1224825.25,1089262.75,2314088.00,1090352,1226050,695.30,767.23,1462.54,768,696,0.00,0.00,0,0
1544345439,1001-eth3,59.94,59.94,119.88,60,60,1.00,1.00,2.00,1,1,0.00,0.00,0,0
1544345439,2007-eth4,101.90,41.96,143.86,42,102,2.00,1.00,3.00,1,2,0.00,0.00,0,0
1544345439,2004-eth2,1105696.38,20763.24,1126459.62,20784,1106802,380.62,314.69,695.30,315,381,0.00,0.00,0,0
1544345439,3002-eth1,7832.17,7832.17,15664.34,7840,7840,79.92,79.92,159.84,80,80,0.00,0.00,0,0
1544345439,3004-eth1,7832.17,7832.17,15664.34,7840,7840,79.92,79.92,159.84,80,80,0.00,0.00,0,0
1544345439,2006-eth3,985716.31,1221430.62,2207147.00,1222652,986702,1277.72,781.22,2058.94,782,1279,0.00,0.00,0,0
1544345439,3004-eth2,0.00,0.00,0.00,0,0,0.00,0.00,0.00,0,0,0.00,0.00,0,0
1544345439,3001-eth3,1220527.50,115184.82,1335712.38,115300,1221748,490.51,433.57,924.08,434,491,0.00,0.00,0,0
1544345439,2003-eth4,7832.17,7832.17,15664.34,7840,7840,79.92,79.92,159.84,80,80,0.00,0.00,0,0
1544345439,2008-eth4,1223996.00,25184.82,1249180.88,25210,1225220,441.56,350.65,792.21,351,442,0.00,0.00,0,0
1544345439,3008-eth3,1223140.88,544915.12,1768056.00,545460,1224364,716.28,629.37,1345.65,630,717,0.00,0.00,0,0
1544345439,2005-eth2,7892.11,7832.17,15724.28,7840,7900,80.92,79.92,160.84,80,81,0.00,0.00,0,0
1544345439,2006-eth4,29190.81,122049.95,151240.77,122172,29220,317.68,73.93,391.61,74,318,0.00,0.00,0,0
1544345439,3006-eth2,122049.95,29190.81,151240.77,29220,122172,73.93,317.68,391.61,318,74,0.00,0.00,0,0
1544345439,1003-eth4,278281.72,12525.47,290807.19,12538,278560,95.90,158.84,254.75,159,96,0.00,0.00,0,0
1544345439,2006-eth2,1187168.88,27554.45,1214723.25,27582,1188356,409.59,417.58,827.17,418,410,0.00,0.00,0,0
1544345439,3001-eth1,7892.11,7832.17,15724.28,7840,7900,80.92,79.92,160.84,80,81,0.00,0.00,0,0
1544345439,3008-eth2,25184.82,1221037.00,1246221.75,1222258,25210,350.65,440.56,791.21,441,351,0.00,0.00,0,0
1544345439,2004-eth3,940579.44,1221079.00,2161658.50,1222300,941520,683.32,704.30,1387.61,705,684,0.00,0.00,0,0
1544345439,3001-eth4,34331.67,1217226.75,1251558.50,1218444,34366,481.52,497.50,979.02,498,482,0.00,0.00,0,0
1544345439,1003-eth1,30723.28,1193087.00,1223810.25,1194280,30754,434.57,411.59,846.15,412,435,0.00,0.00,0,0
1544345439,3002-eth2,1220581.50,1208078.00,2428659.50,1209286,1221802,828.17,770.23,1598.40,771,829,0.00,0.00,0,0
1544345439,2005-eth4,7832.17,7832.17,15664.34,7840,7840,79.92,79.92,159.84,80,80,0.00,0.00,0,0
1544345439,3003-eth2,1221079.00,940579.44,2161658.50,941520,1222300,704.30,683.32,1387.61,684,705,0.00,0.00,0,0
1544345439,2007-eth1,59.94,59.94,119.88,60,60,1.00,1.00,2.00,1,1,0.00,0.00,0,0
1544345439,1002-eth4,0.00,59.94,59.94,60,0,0.00,1.00,1.00,1,0,0.00,0.00,0,0
1544345439,3002-eth4,13502.50,292031.97,305534.47,292324,13516,165.83,177.82,343.66,178,166,0.00,0.00,0,0
1544345439,2007-eth3,101.90,41.96,143.86,42,102,2.00,1.00,3.00,1,2,0.00,0.00,0,0
1544345439,3005-eth1,0.00,0.00,0.00,0,0,0.00,0.00,0.00,0,0,0.00,0.00,0,0
1544345439,2001-eth4,7832.17,7832.17,15664.34,7840,7840,79.92,79.92,159.84,80,80,0.00,0.00,0,0
1544345439,3003-eth4,28535.46,1218673.38,1247208.88,1219892,28564,393.61,497.50,891.11,498,394,0.00,0.00,0,0
1544345439,2004-eth1,112363.64,919876.12,1032239.81,920796,112476,321.68,369.63,691.31,370,322,0.00,0.00,0,0
1544345439,3006-eth4,33606.39,1220185.88,1253792.25,1221406,33640,470.53,498.50,969.03,499,471,0.00,0.00,0,0
1544345439,3007-eth1,41.96,101.90,143.86,102,42,1.00,2.00,3.00,2,1,0.00,0.00,0,0
1544345439,2008-eth1,12525.47,278281.72,290807.19,278560,12538,158.84,95.90,254.75,96,159,0.00,0.00,0,0
1544345439,2002-eth2,116239.77,1187168.88,1303408.62,1188356,116356,449.55,409.59,859.14,410,450,0.00,0.00,0,0
1544345439,2003-eth1,3916.08,3976.02,7892.11,3980,3920,39.96,40.96,80.92,41,40,0.00,0.00,0,0
1544345439,3008-eth4,1220335.75,541274.75,1761610.38,541816,1221556,561.44,623.38,1184.82,624,562,0.00,0.00,0,0
1544345439,1004-eth4,1221198.88,20703.30,1241902.12,20724,1222420,424.58,313.69,738.26,314,425,0.00,0.00,0,0
1544345439,3006-eth1,7832.17,7832.17,15664.34,7840,7840,79.92,79.92,159.84,80,80,0.00,0.00,0,0
1544345439,1004-eth3,27488.51,1184209.88,1211698.38,1185394,27516,416.58,408.59,825.17,409,417,0.00,0.00,0,0
1544345439,1002-eth2,7892.11,7832.17,15724.28,7840,7900,80.92,79.92,160.84,80,81,0.00,0.00,0,0
1544345439,3004-eth3,25634.37,1209047.00,1234681.38,1210256,25660,349.65,351.65,701.30,352,350,0.00,0.00,0,0
1544345439,2003-eth3,7832.17,7832.17,15664.34,7840,7840,79.92,79.92,159.84,80,80,0.00,0.00,0,0
1544345439,2005-eth1,59.94,59.94,119.88,60,60,1.00,1.00,2.00,1,1,0.00,0.00,0,0
1544345439,3002-eth3,1199448.62,916847.19,2116295.75,917764,1200648,683.32,697.30,1380.62,698,684,0.00,0.00,0,0
1544345439,3006-eth3,1217826.25,147698.31,1365524.50,147846,1219044,827.17,462.54,1289.71,463,828,0.00,0.00,0,0
1544345439,2001-eth1,3916.08,3976.02,7892.11,3980,3920,39.96,40.96,80.92,41,40,0.00,0.00,0,0
1544345439,3005-eth2,1218471.50,985716.31,2204187.75,986702,1219690,780.22,1277.72,2057.94,1279,781,0.00,0.00,0,0
1544345439,2001-eth2,7832.17,7892.11,15724.28,7900,7840,79.92,80.92,160.84,81,80,0.00,0.00,0,0
1544345439,3007-eth2,1089262.75,1221866.12,2311129.00,1223088,1090352,767.23,694.31,1461.54,695,768,0.00,0.00,0,0
1544345439,1001-eth1,3976.02,3916.08,7892.11,3920,3980,40.96,39.96,80.92,40,41,0.00,0.00,0,0
1544345439,3007-eth4,263214.78,344621.38,607836.19,344966,263478,174.83,202.80,377.62,203,175,0.00,0.00,0,0
1544345439,2003-eth2,7832.17,7892.11,15724.28,7900,7840,79.92,80.92,160.84,81,80,0.00,0.00,0,0
1544345439,3007-eth3,958633.38,747312.69,1705946.12,748060,959592,519.48,561.44,1080.92,562,520,0.00,0.00,0,0
1544345439,1002-eth1,7892.11,7832.17,15724.28,7840,7900,80.92,79.92,160.84,80,81,0.00,0.00,0,0
1544345439,2002-eth3,6855.15,88745.26,95600.40,88834,6862,72.93,32.97,105.89,33,73,0.00,0.00,0,0
1544345439,2007-eth2,59.94,0.00,59.94,0,60,1.00,0.00,1.00,0,1,0.00,0.00,0,0
1544345439,total,29752808.00,29382884.00,59135688.00,29412266,29782560,22185.81,22134.87,44320.68,22157,22208,0.00,0.00,0,0
1544345440,3003-eth3,910143.88,241580.42,1151724.25,241822,911054,372.63,394.61,767.23,395,373,0.00,0.00,0,0
1544345440,2002-eth1,1194533.50,31790.21,1226323.75,31822,1195728,411.59,440.56,852.15,441,412,0.00,0.00,0,0
1544345440,lo,67178.82,67178.82,134357.64,67246,67246,304.70,304.70,609.39,305,305,0.00,0.00,0,0
1544345440,3005-eth3,374923.09,860597.44,1235520.50,861458,375298,473.53,524.48,998.00,525,474,0.00,0.00,0,0
1544345440,2005-eth3,0.00,0.00,0.00,0,0,0.00,0.00,0.00,0,0,0.00,0.00,0,0
1544345440,3004-eth4,1208567.50,69540.46,1278107.88,69610,1209776,240.76,220.78,461.54,221,241,0.00,0.00,0,0
1544345440,1004-eth2,23292.71,1129368.62,1152661.38,1130498,23316,341.66,388.61,730.27,389,342,0.00,0.00,0,0
1544345440,2004-eth4,2589.41,56743.26,59332.67,56800,2592,27.97,26.97,54.95,27,28,0.00,0.00,0,0
1544345440,1001-eth2,3916.08,3976.02,7892.11,3980,3920,39.96,40.96,80.92,41,40,0.00,0.00,0,0
1544345440,1003-eth3,76345.66,5728.27,82073.93,5734,76422,38.96,60.94,99.90,61,39,0.00,0.00,0,0
1544345440,2002-eth4,1221558.50,1220709.38,2442267.75,1221930,1222780,755.24,808.19,1563.44,809,756,0.00,0.00,0,0
1544345440,1001-eth4,69.93,0.00,69.93,0,70,1.00,0.00,1.00,0,1,0.00,0.00,0,0
1544345440,3001-eth2,0.00,9108.89,9108.89,9118,0,0.00,96.90,96.90,97,0,0.00,0.00,0,0
1544345440,1004-eth1,1210841.25,26175.82,1237017.00,26202,1212052,417.58,396.60,814.19,397,418,0.00,0.00,0,0
1544345440,3005-eth4,1221566.50,1224205.88,2445772.25,1225430,1222788,821.18,820.18,1641.36,821,822,0.00,0.00,0,0
1544345440,1003-eth2,910143.88,150237.77,1060381.62,150388,911054,372.63,325.67,698.30,326,373,0.00,0.00,0,0
1544345440,3008-eth1,41.96,41.96,83.92,42,42,1.00,1.00,2.00,1,1,0.00,0.00,0,0
1544345440,1002-eth3,7832.17,7832.17,15664.34,7840,7840,79.92,79.92,159.84,80,80,0.00,0.00,0,0
1544345440,2006-eth1,5728.27,76345.66,82073.93,76422,5734,60.94,38.96,99.90,39,61,0.00,0.00,0,0
1544345440,3003-eth1,7832.17,7892.11,15724.28,7900,7840,79.92,80.92,160.84,81,80,0.00,0.00,0,0
1544345440,2001-eth3,7892.11,7832.17,15724.28,7840,7900,80.92,79.92,160.84,80,81,0.00,0.00,0,0
1544345440,2008-eth2,23292.71,1222611.38,1245904.12,1223834,23316,341.66,420.58,762.24,421,342,0.00,0.00,0,0
1544345440,2008-eth3,1221274.75,1088993.00,2310267.75,1090082,1222496,663.34,763.24,1426.57,764,664,0.00,0.00,0,0
1544345440,1001-eth3,0.00,0.00,0.00,0,0,0.00,0.00,0.00,0,0,0.00,0.00,0,0
1544345440,2007-eth4,41.96,41.96,83.92,42,42,1.00,1.00,2.00,1,1,0.00,0.00,0,0
1544345440,2004-eth2,1129368.62,23292.71,1152661.38,23316,1130498,388.61,341.66,730.27,342,389,0.00,0.00,0,0
1544345440,3002-eth1,7902.10,7892.11,15794.21,7900,7910,80.92,80.92,161.84,81,81,0.00,0.00,0,0
1544345440,3004-eth1,7892.11,7892.11,15784.22,7900,7900,80.92,80.92,161.84,81,81,0.00,0.00,0,0
1544345440,2006-eth3,445454.56,1224475.50,1669930.12,1225700,445900,549.45,598.40,1147.85,599,550,0.00,0.00,0,0
1544345440,3004-eth2,56743.26,2589.41,59332.67,2592,56800,26.97,27.97,54.95,28,27,0.00,0.00,0,0
1544345440,3001-eth3,1224139.88,26439.56,1250579.50,26466,1225364,513.49,400.60,914.09,401,514,0.00,0.00,0,0
1544345440,2003-eth4,7892.11,7892.11,15784.22,7900,7900,80.92,80.92,161.84,81,81,0.00,0.00,0,0
1544345440,2008-eth4,1224097.88,28845.16,1252943.12,28874,1225322,424.58,384.62,809.19,385,425,0.00,0.00,0,0
1544345440,3008-eth3,1223178.88,54299.70,1277478.50,54354,1224402,732.27,406.59,1138.86,407,733,0.00,0.00,0,0
1544345440,2005-eth2,7832.17,7832.17,15664.34,7840,7840,79.92,79.92,159.84,80,80,0.00,0.00,0,0
1544345440,2006-eth4,7846.15,355230.78,363076.94,355586,7854,118.88,124.88,243.76,125,119,0.00,0.00,0,0
1544345440,3006-eth2,355230.78,7846.15,363076.94,7854,355586,124.88,118.88,243.76,119,125,0.00,0.00,0,0
1544345440,1003-eth4,346801.22,14651.35,361452.56,14666,347148,125.87,180.82,306.69,181,126,0.00,0.00,0,0
1544345440,2006-eth2,1210841.25,26175.82,1237017.00,26202,1212052,417.58,396.60,814.19,397,418,0.00,0.00,0,0
1544345440,3001-eth1,7832.17,7892.11,15724.28,7900,7840,79.92,80.92,160.84,81,80,0.00,0.00,0,0
1544345440,3008-eth2,28845.16,1224097.88,1252943.12,1225322,28874,384.62,424.58,809.19,425,385,0.00,0.00,0,0
1544345440,2004-eth3,930917.12,1220030.00,2150947.00,1221250,931848,687.31,688.31,1375.62,689,688,0.00,0.00,0,0
1544345440,3001-eth4,34271.73,1221632.38,1255904.12,1222854,34306,480.52,498.50,979.02,499,481,0.00,0.00,0,0
1544345440,1003-eth1,31790.21,1194533.50,1226323.75,1195728,31822,440.56,411.59,852.15,412,441,0.00,0.00,0,0
1544345440,3002-eth2,1220709.38,1221558.50,2442267.75,1222780,1221930,808.19,755.24,1563.44,756,809,0.00,0.00,0,0
1544345440,2005-eth4,7832.17,7892.11,15724.28,7900,7840,79.92,80.92,160.84,81,80,0.00,0.00,0,0
1544345440,3003-eth2,1220030.00,930917.12,2150947.00,931848,1221250,688.31,687.31,1375.62,688,689,0.00,0.00,0,0
1544345440,2007-eth1,0.00,69.93,69.93,70,0,0.00,1.00,1.00,1,0,0.00,0.00,0,0
1544345440,1002-eth4,0.00,0.00,0.00,0,0,0.00,0.00,0.00,0,0,0.00,0.00,0,0
1544345440,3002-eth4,13304.70,290585.44,303890.12,290876,13318,162.84,177.82,340.66,178,163,0.00,0.00,0,0
1544345440,2007-eth3,41.96,101.90,143.86,102,42,1.00,2.00,3.00,2,1,0.00,0.00,0,0
1544345440,3005-eth1,0.00,0.00,0.00,0,0,0.00,0.00,0.00,0,0,0.00,0.00,0,0
1544345440,2001-eth4,7892.11,7902.10,15794.21,7910,7900,80.92,80.92,161.84,81,81,0.00,0.00,0,0
1544345440,3003-eth4,28535.46,1203878.12,1232413.62,1205082,28564,393.61,492.51,886.11,493,394,0.00,0.00,0,0
1544345440,2004-eth1,150237.77,910143.88,1060381.62,911054,150388,325.67,372.63,698.30,373,326,0.00,0.00,0,0
1544345440,3006-eth4,34007.99,1221702.38,1255710.38,1222924,34042,476.52,499.50,976.02,500,477,0.00,0.00,0,0
1544345440,3007-eth1,101.90,41.96,143.86,42,102,2.00,1.00,3.00,1,2,0.00,0.00,0,0
1544345440,2008-eth1,14651.35,346801.22,361452.56,347148,14666,180.82,125.87,306.69,126,181,0.00,0.00,0,0
1544345440,2002-eth2,26175.82,1210841.25,1237017.00,1212052,26202,396.60,417.58,814.19,418,397,0.00,0.00,0,0
1544345440,2003-eth1,3976.02,3916.08,7892.11,3920,3980,40.96,39.96,80.92,40,41,0.00,0.00,0,0
1544345440,3008-eth4,1229091.00,630351.69,1859442.62,630982,1230320,650.35,718.28,1368.63,719,651,0.00,0.00,0,0
1544345440,1004-eth4,1222611.38,23292.71,1245904.12,23316,1223834,420.58,341.66,762.24,342,421,0.00,0.00,0,0
1544345440,3006-eth1,7892.11,7832.17,15724.28,7840,7900,80.92,79.92,160.84,80,81,0.00,0.00,0,0
1544345440,1004-eth3,26175.82,1210841.25,1237017.00,1212052,26202,396.60,417.58,814.19,418,397,0.00,0.00,0,0
1544345440,1002-eth2,7902.10,7892.11,15794.21,7900,7910,80.92,80.92,161.84,81,81,0.00,0.00,0,0
1544345440,3004-eth3,20749.25,1207918.12,1228667.38,1209126,20770,275.72,290.71,566.43,291,276,0.00,0.00,0,0
1544345440,2003-eth3,7892.11,7832.17,15724.28,7840,7900,80.92,79.92,160.84,80,81,0.00,0.00,0,0
1544345440,2005-eth1,0.00,0.00,0.00,0,0,0.00,0.00,0.00,0,0,0.00,0.00,0,0
1544345440,3002-eth3,1216016.00,927632.38,2143648.50,928560,1217232,671.33,707.29,1378.62,708,672,0.00,0.00,0,0
1544345440,3006-eth3,1222367.62,381406.59,1603774.25,381788,1223590,555.44,521.48,1076.92,522,556,0.00,0.00,0,0
1544345440,2001-eth1,3916.08,3916.08,7832.17,3920,3920,39.96,39.96,79.92,40,40,0.00,0.00,0,0
1544345440,3005-eth2,1224475.50,445454.56,1669930.12,445900,1225700,598.40,549.45,1147.85,550,599,0.00,0.00,0,0
1544345440,2001-eth2,7892.11,7902.10,15794.21,7910,7900,80.92,80.92,161.84,81,81,0.00,0.00,0,0
1544345440,3007-eth2,1088993.00,1221274.75,2310267.75,1222496,1090082,763.24,663.34,1426.57,664,764,0.00,0.00,0,0
1544345440,1001-eth1,3916.08,3916.08,7832.17,3920,3920,39.96,39.96,79.92,40,40,0.00,0.00,0,0
1544345440,3007-eth4,263876.12,639078.94,902955.06,639718,264140,228.77,302.70,531.47,303,229,0.00,0.00,0,0
1544345440,2003-eth2,7892.11,7902.10,15794.21,7910,7900,80.92,80.92,161.84,81,81,0.00,0.00,0,0
1544345440,3007-eth3,957560.44,452987.03,1410547.50,453440,958518,437.56,463.54,901.10,464,438,0.00,0.00,0,0
1544345440,1002-eth1,7902.10,7892.11,15794.21,7900,7910,80.92,80.92,161.84,81,81,0.00,0.00,0,0
1544345440,2002-eth3,9108.89,0.00,9108.89,0,9118,96.90,0.00,96.90,0,97,0.00,0.00,0,0
1544345440,2007-eth2,0.00,0.00,0.00,0,0,0.00,0.00,0.00,0,0,0.00,0.00,0,0
1544345440,total,29252210.00,28723748.00,57975956.00,28752470,29281462,21043.96,20997.00,42040.96,21018,21065,0.00,0.00,0,0
1544345441,3003-eth3,921862.19,113620.38,1035482.56,113734,922784,360.64,362.64,723.28,363,361,0.00,0.00,0,0
1544345441,2002-eth1,1193087.00,29148.85,1222235.75,29178,1194280,411.59,408.59,820.18,409,412,0.00,0.00,0,0
1544345441,lo,7172.83,7172.83,14345.65,7180,7180,69.93,69.93,139.86,70,70,0.00,0.00,0,0
1544345441,3005-eth3,1110151.88,780753.25,1890905.12,781534,1111262,870.13,686.31,1556.44,687,871,0.00,0.00,0,0
1544345441,2005-eth3,59.94,59.94,119.88,60,60,1.00,1.00,2.00,1,1,0.00,0.00,0,0
1544345441,3004-eth4,1208605.38,146141.86,1354747.25,146288,1209814,228.77,219.78,448.55,220,229,0.00,0.00,0,0
1544345441,1004-eth2,33832.17,1058351.62,1092183.88,1059410,33866,384.62,364.64,749.25,365,385,0.00,0.00,0,0
1544345441,2004-eth4,3244.76,135130.88,138375.62,135266,3248,47.95,52.95,100.90,53,48,0.00,0.00,0,0
1544345441,1001-eth2,3916.08,3916.08,7832.17,3920,3920,39.96,39.96,79.92,40,40,0.00,0.00,0,0
1544345441,1003-eth3,145982.02,4097.90,150079.92,4102,146128,63.94,43.96,107.89,44,64,0.00,0.00,0,0
1544345441,2002-eth4,1201694.38,1218471.50,2420166.00,1219690,1202896,739.26,796.20,1535.46,797,740,0.00,0.00,0,0
1544345441,1001-eth4,0.00,0.00,0.00,0,0,0.00,0.00,0.00,0,0,0.00,0.00,0,0
1544345441,3001-eth2,539158.88,7390.61,546549.44,7398,539698,187.81,78.92,266.73,79,188,0.00,0.00,0,0
1544345441,1004-eth1,1167902.12,564483.56,1732385.62,565048,1169070,402.60,571.43,974.03,572,403,0.00,0.00,0,0
1544345441,3005-eth4,1230407.62,1219268.75,2449676.50,1220488,1231638,999.00,949.05,1948.05,950,1000,0.00,0.00,0,0
1544345441,1003-eth2,921802.25,297854.16,1219656.38,298152,922724,359.64,370.63,730.27,371,360,0.00,0.00,0,0
1544345441,3008-eth1,0.00,0.00,0.00,0,0,0.00,0.00,0.00,0,0,0.00,0.00,0,0
1544345441,1002-eth3,7734.27,7832.17,15566.43,7840,7742,78.92,79.92,158.84,80,79,0.00,0.00,0,0
1544345441,2006-eth1,4097.90,145982.02,150079.92,146128,4102,43.96,63.94,107.89,64,44,0.00,0.00,0,0
1544345441,3003-eth1,7892.11,7832.17,15724.28,7840,7900,80.92,79.92,160.84,80,81,0.00,0.00,0,0
1544345441,2001-eth3,7734.27,7832.17,15566.43,7840,7742,78.92,79.92,158.84,80,79,0.00,0.00,0,0
1544345441,2008-eth2,33832.17,1221454.62,1255286.75,1222676,33866,384.62,421.58,806.19,422,385,0.00,0.00,0,0
1544345441,2008-eth3,1220153.88,980059.94,2200213.75,981040,1221374,624.38,739.26,1363.64,740,625,0.00,0.00,0,0
1544345441,1001-eth3,0.00,0.00,0.00,0,0,0.00,0.00,0.00,0,0,0.00,0.00,0,0
1544345441,2007-eth4,0.00,0.00,0.00,0,0,0.00,0.00,0.00,0,0,0.00,0.00,0,0
1544345441,2004-eth2,1058351.62,33832.17,1092183.88,33866,1059410,364.64,384.62,749.25,385,365,0.00,0.00,0,0
1544345441,3002-eth1,7892.11,7832.17,15724.28,7840,7900,80.92,79.92,160.84,80,81,0.00,0.00,0,0
1544345441,3004-eth1,7636.36,7832.17,15468.53,7840,7644,77.92,79.92,157.84,80,78,0.00,0.00,0,0
1544345441,2006-eth3,1218197.88,1196269.75,2414467.50,1197466,1219416,770.23,814.19,1584.42,815,771,0.00,0.00,0,0
1544345441,3004-eth2,135130.88,3244.76,138375.62,3248,135266,52.95,47.95,100.90,48,53,0.00,0.00,0,0
1544345441,3001-eth3,1219170.88,565472.56,1784643.38,566038,1220390,506.49,586.41,1092.91,587,507,0.00,0.00,0,0
1544345441,2003-eth4,7832.17,7636.36,15468.53,7644,7840,79.92,77.92,157.84,78,80,0.00,0.00,0,0
1544345441,2008-eth4,1220509.50,28365.63,1248875.12,28394,1221730,432.57,395.60,828.17,396,433,0.00,0.00,0,0
1544345441,3008-eth3,1218497.50,25978.02,1244475.50,26004,1219716,697.30,393.61,1090.91,394,698,0.00,0.00,0,0
1544345441,2005-eth2,7832.17,7734.27,15566.43,7742,7840,79.92,78.92,158.84,79,80,0.00,0.00,0,0
1544345441,2006-eth4,24389.61,1196105.88,1220495.50,1197302,24414,369.63,413.59,783.22,414,370,0.00,0.00,0,0
1544345441,3006-eth2,1196105.88,24389.61,1220495.50,24414,1197302,413.59,369.63,783.22,370,414,0.00,0.00,0,0
1544345441,1003-eth4,410453.56,12467.53,422921.09,12480,410864,147.85,155.84,303.70,156,148,0.00,0.00,0,0
1544345441,2006-eth2,1167962.12,25384.62,1193346.62,25410,1169130,403.60,384.62,788.21,385,404,0.00,0.00,0,0
1544345441,3001-eth1,7832.17,7734.27,15566.43,7742,7840,79.92,78.92,158.84,79,80,0.00,0.00,0,0
1544345441,3008-eth2,28365.63,1220509.50,1248875.12,1221730,28394,395.60,432.57,828.17,433,396,0.00,0.00,0,0
1544345441,2004-eth3,952201.81,1223908.12,2176110.00,1225132,953154,694.31,681.32,1375.62,682,695,0.00,0.00,0,0
1544345441,3001-eth4,34107.89,1221632.38,1255740.25,1222854,34142,478.52,498.50,977.02,499,479,0.00,0.00,0,0
1544345441,1003-eth1,29148.85,1193087.00,1222235.75,1194280,29178,408.59,411.59,820.18,412,409,0.00,0.00,0,0
1544345441,3002-eth2,1218471.50,1201694.38,2420166.00,1202896,1219690,796.20,739.26,1535.46,740,797,0.00,0.00,0,0
1544345441,2005-eth4,7794.21,7832.17,15626.37,7840,7802,79.92,79.92,159.84,80,80,0.00,0.00,0,0
1544345441,3003-eth2,1223908.12,952201.81,2176110.00,953154,1225132,681.32,694.31,1375.62,695,682,0.00,0.00,0,0
1544345441,2007-eth1,0.00,0.00,0.00,0,0,0.00,0.00,0.00,0,0,0.00,0.00,0,0
1544345441,1002-eth4,0.00,0.00,0.00,0,0,0.00,0.00,0.00,0,0,0.00,0.00,0,0
1544345441,3002-eth4,12903.10,280195.81,293098.91,280476,12916,156.84,173.83,330.67,174,157,0.00,0.00,0,0
1544345441,2007-eth3,0.00,0.00,0.00,0,0,0.00,0.00,0.00,0,0,0.00,0.00,0,0
1544345441,3005-eth1,59.94,59.94,119.88,60,60,1.00,1.00,2.00,1,1,0.00,0.00,0,0
1544345441,2001-eth4,7832.17,7892.11,15724.28,7900,7840,79.92,80.92,160.84,81,80,0.00,0.00,0,0
1544345441,3003-eth4,38291.71,741166.88,779458.56,741908,38330,415.58,429.57,845.15,430,416,0.00,0.00,0,0
1544345441,2004-eth1,297854.16,921802.25,1219656.38,922724,298152,370.63,359.64,730.27,360,371,0.00,0.00,0,0
1544345441,3006-eth4,33976.02,1221632.38,1255608.38,1222854,34010,476.52,498.50,975.03,499,477,0.00,0.00,0,0
1544345441,3007-eth1,0.00,0.00,0.00,0,0,0.00,0.00,0.00,0,0,0.00,0.00,0,0
1544345441,2008-eth1,12467.53,410453.56,422921.09,410864,12480,155.84,147.85,303.70,148,156,0.00,0.00,0,0
1544345441,2002-eth2,564483.56,1167902.12,1732385.62,1169070,565048,571.43,402.60,974.03,403,572,0.00,0.00,0,0
1544345441,2003-eth1,3916.08,3916.08,7832.17,3920,3920,39.96,39.96,79.92,40,40,0.00,0.00,0,0
1544345441,3008-eth4,526743.25,1112197.88,1638941.12,1113310,527270,510.49,572.43,1082.92,573,511,0.00,0.00,0,0
1544345441,1004-eth4,1221454.62,33832.17,1255286.75,33866,1222676,421.58,384.62,806.19,385,422,0.00,0.00,0,0
1544345441,3006-eth1,7832.17,7794.21,15626.37,7802,7840,79.92,79.92,159.84,80,80,0.00,0.00,0,0
1544345441,1004-eth3,25384.62,1167962.12,1193346.62,1169130,25410,384.62,403.60,788.21,404,385,0.00,0.00,0,0
1544345441,1002-eth2,7832.17,7636.36,15468.53,7644,7840,79.92,77.92,157.84,78,80,0.00,0.00,0,0
1544345441,3004-eth3,18843.16,1205612.38,1224455.62,1206818,18862,246.75,256.74,503.50,257,247,0.00,0.00,0,0
1544345441,2003-eth3,7832.17,7892.11,15724.28,7900,7840,79.92,80.92,160.84,81,80,0.00,0.00,0,0
1544345441,2005-eth1,0.00,0.00,0.00,0,0,0.00,0.00,0.00,0,0,0.00,0.00,0,0
1544345441,3002-eth3,1196677.38,949396.62,2146074.00,950346,1197874,663.34,708.29,1371.63,709,664,0.00,0.00,0,0
1544345441,3006-eth3,1220359.62,1222287.75,2442647.50,1223510,1221580,693.31,810.19,1503.50,811,694,0.00,0.00,0,0
1544345441,2001-eth1,3976.02,3916.08,7892.11,3920,3980,40.96,39.96,80.92,40,41,0.00,0.00,0,0
1544345441,3005-eth2,1196269.75,1218197.88,2414467.50,1219416,1197466,814.19,770.23,1584.42,771,815,0.00,0.00,0,0
1544345441,2001-eth2,7832.17,7734.27,15566.43,7742,7840,79.92,78.92,158.84,79,80,0.00,0.00,0,0
1544345441,3007-eth2,980059.94,1220153.88,2200213.75,1221374,981040,739.26,624.38,1363.64,625,740,0.00,0.00,0,0
1544345441,1001-eth1,3916.08,3976.02,7892.11,3980,3920,39.96,40.96,80.92,41,40,0.00,0.00,0,0
1544345441,3007-eth4,237732.28,579394.62,817126.88,579974,237970,204.80,274.73,479.52,275,205,0.00,0.00,0,0
1544345441,2003-eth2,7636.36,7832.17,15468.53,7840,7644,77.92,79.92,157.84,80,78,0.00,0.00,0,0
1544345441,3007-eth3,982351.69,391656.34,1374008.00,392048,983334,418.58,459.54,878.12,460,419,0.00,0.00,0,0
1544345441,1002-eth1,7734.27,7832.17,15566.43,7840,7742,78.92,79.92,158.84,80,79,0.00,0.00,0,0
1544345441,2002-eth3,7390.61,539158.88,546549.44,539698,7398,78.92,187.81,266.73,188,79,0.00,0.00,0,0
1544345441,2007-eth2,0.00,0.00,0.00,0,0,0.00,0.00,0.00,0,0,0.00,0.00,0,0
1544345441,total,32011760.00,32577486.00,64589244.00,32610062,32043770,22551.45,22504.50,45055.95,22527,22574,0.00,0.00,0,0
1544345442,3003-eth3,923114.94,284391.62,1207506.50,284676,924038,434.57,429.57,864.14,430,435,0.00,0.00,0,0
1544345442,2002-eth1,1197558.50,35736.27,1233294.75,35772,1198756,413.59,541.46,955.04,542,414,0.00,0.00,0,0
1544345442,lo,3698.30,3698.30,7396.60,3702,3702,35.96,35.96,71.93,36,36,0.00,0.00,0,0
1544345442,3005-eth3,1099404.62,332901.09,1432305.75,333234,1100504,713.29,428.57,1141.86,429,714,0.00,0.00,0,0
1544345442,2005-eth3,0.00,0.00,0.00,0,0,0.00,0.00,0.00,0,0,0.00,0.00,0,0
1544345442,3004-eth4,1207780.25,143706.30,1351486.50,143850,1208988,217.78,204.80,422.58,205,218,0.00,0.00,0,0
1544345442,1004-eth2,34171.83,1053033.00,1087204.88,1054086,34206,376.62,437.56,814.19,438,377,0.00,0.00,0,0
1544345442,2004-eth4,2961.04,133222.78,136183.81,133356,2964,44.96,45.95,90.91,46,45,0.00,0.00,0,0
1544345442,1001-eth2,3818.18,3818.18,7636.36,3822,3822,38.96,38.96,77.92,39,39,0.00,0.00,0,0
1544345442,1003-eth3,153152.84,11268.73,164421.58,11280,153306,84.92,119.88,204.80,120,85,0.00,0.00,0,0
1544345442,2002-eth4,1200973.00,1222673.38,2423646.50,1223896,1202174,750.25,794.21,1544.46,795,751,0.00,0.00,0,0
1544345442,1001-eth4,0.00,0.00,0.00,0,0,0.00,0.00,0.00,0,0,0.00,0.00,0,0
1544345442,3001-eth2,364159.84,8703.30,372863.16,8712,364524,125.87,131.87,257.74,132,126,0.00,0.00,0,0
1544345442,1004-eth1,1171178.88,389214.78,1560393.62,389604,1172350,342.66,505.49,848.15,506,343,0.00,0.00,0,0
1544345442,3005-eth4,1237992.00,1220315.75,2458307.75,1221536,1239230,1113.89,807.19,1921.08,808,1115,0.00,0.00,0,0
1544345442,1003-eth2,923114.94,308463.53,1231578.50,308772,924038,434.57,465.53,900.10,466,435,0.00,0.00,0,0
1544345442,3008-eth1,0.00,0.00,0.00,0,0,0.00,0.00,0.00,0,0,0.00,0.00,0,0
1544345442,1002-eth3,7832.17,7832.17,15664.34,7840,7840,79.92,79.92,159.84,80,80,0.00,0.00,0,0
1544345442,2006-eth1,11268.73,153152.84,164421.58,153306,11280,119.88,84.92,204.80,85,120,0.00,0.00,0,0
1544345442,3003-eth1,7734.27,7734.27,15468.53,7742,7742,78.92,78.92,157.84,79,79,0.00,0.00,0,0
1544345442,2001-eth3,7832.17,7832.17,15664.34,7840,7840,79.92,79.92,159.84,80,80,0.00,0.00,0,0
1544345442,2008-eth2,34231.77,1224189.88,1258421.62,1225414,34266,377.62,422.58,800.20,423,378,0.00,0.00,0,0
1544345442,2008-eth3,1223043.00,974693.31,2197736.25,975668,1224266,624.38,731.27,1355.64,732,625,0.00,0.00,0,0
1544345442,1001-eth3,0.00,0.00,0.00,0,0,0.00,0.00,0.00,0,0,0.00,0.00,0,0
1544345442,2007-eth4,0.00,0.00,0.00,0,0,0.00,0.00,0.00,0,0,0.00,0.00,0,0
1544345442,2004-eth2,1053033.00,34171.83,1087204.88,34206,1054086,437.56,376.62,814.19,377,438,0.00,0.00,0,0
1544345442,3002-eth1,7734.27,7734.27,15468.53,7742,7742,78.92,78.92,157.84,79,79,0.00,0.00,0,0
1544345442,3004-eth1,7832.17,7832.17,15664.34,7840,7840,79.92,79.92,159.84,80,80,0.00,0.00,0,0
1544345442,2006-eth3,1223730.25,1206249.75,2429980.00,1207456,1224954,788.21,823.18,1611.39,824,789,0.00,0.00,0,0
1544345442,3004-eth2,133222.78,2961.04,136183.81,2964,133356,45.95,44.96,90.91,45,46,0.00,0.00,0,0
1544345442,3001-eth3,1221778.25,390599.41,1612377.62,390990,1223000,539.46,526.47,1065.93,527,540,0.00,0.00,0,0
1544345442,2003-eth4,7832.17,7832.17,15664.34,7840,7840,79.92,79.92,159.84,80,80,0.00,0.00,0,0
1544345442,2008-eth4,1223158.88,33010.99,1256169.88,33044,1224382,425.57,427.57,853.15,428,426,0.00,0.00,0,0
1544345442,3008-eth3,1225176.88,66705.30,1291882.12,66772,1226402,572.43,427.57,1000.00,428,573,0.00,0.00,0,0
1544345442,2005-eth2,7832.17,7832.17,15664.34,7840,7840,79.92,79.92,159.84,80,80,0.00,0.00,0,0
1544345442,2006-eth4,23736.26,1196046.00,1219782.25,1197242,23760,359.64,412.59,772.23,413,360,0.00,0.00,0,0
1544345442,3006-eth2,1196046.00,23736.26,1219782.25,23760,1197242,412.59,359.64,772.23,360,413,0.00,0.00,0,0
1544345442,1003-eth4,418995.03,13708.29,432703.31,13722,419414,145.85,207.79,353.65,208,146,0.00,0.00,0,0
1544345442,2006-eth2,1171178.88,25054.95,1196233.75,25080,1172350,342.66,379.62,722.28,380,343,0.00,0.00,0,0
1544345442,3001-eth1,7832.17,7832.17,15664.34,7840,7840,79.92,79.92,159.84,80,80,0.00,0.00,0,0
1544345442,3008-eth2,33010.99,1223158.88,1256169.88,1224382,33044,427.57,425.57,853.15,426,428,0.00,0.00,0,0
1544345442,2004-eth3,954633.38,1228273.75,2182907.25,1229502,955588,770.23,857.14,1627.37,858,771,0.00,0.00,0,0
1544345442,3001-eth4,34271.73,1221632.38,1255904.12,1222854,34306,480.52,498.50,979.02,499,481,0.00,0.00,0,0
1544345442,1003-eth1,35736.27,1197558.50,1233294.75,1198756,35772,541.46,413.59,955.04,414,542,0.00,0.00,0,0
1544345442,3002-eth2,1222673.38,1200973.00,2423646.50,1202174,1223896,794.21,750.25,1544.46,751,795,0.00,0.00,0,0
1544345442,2005-eth4,7832.17,7832.17,15664.34,7840,7840,79.92,79.92,159.84,80,80,0.00,0.00,0,0
1544345442,3003-eth2,1228273.75,954633.38,2182907.25,955588,1229502,857.14,770.23,1627.37,771,858,0.00,0.00,0,0
1544345442,2007-eth1,0.00,0.00,0.00,0,0,0.00,0.00,0.00,0,0,0.00,0.00,0,0
1544345442,1002-eth4,0.00,0.00,0.00,0,0,0.00,0.00,0.00,0,0,0.00,0.00,0,0
1544345442,3002-eth4,12679.32,297852.16,310531.47,298150,12692,153.85,178.82,332.67,179,154,0.00,0.00,0,0
1544345442,2007-eth3,0.00,0.00,0.00,0,0,0.00,0.00,0.00,0,0,0.00,0.00,0,0
1544345442,3005-eth1,0.00,0.00,0.00,0,0,0.00,0.00,0.00,0,0,0.00,0.00,0,0
1544345442,2001-eth4,7734.27,7734.27,15468.53,7742,7742,78.92,78.92,157.84,79,79,0.00,0.00,0,0
1544345442,3003-eth4,39192.81,695306.69,734499.50,696002,39232,413.59,414.59,828.17,415,414,0.00,0.00,0,0
1544345442,2004-eth1,308463.53,923114.94,1231578.50,924038,308772,465.53,434.57,900.10,435,466,0.00,0.00,0,0
1544345442,3006-eth4,34007.99,1221632.38,1255640.38,1222854,34042,476.52,498.50,975.03,499,477,0.00,0.00,0,0
1544345442,3007-eth1,0.00,0.00,0.00,0,0,0.00,0.00,0.00,0,0,0.00,0.00,0,0
1544345442,2008-eth1,13708.29,418995.03,432703.31,419414,13722,207.79,145.85,353.65,146,208,0.00,0.00,0,0
1544345442,2002-eth2,389214.78,1171178.88,1560393.62,1172350,389604,505.49,342.66,848.15,343,506,0.00,0.00,0,0
1544345442,2003-eth1,3818.18,3818.18,7636.36,3822,3822,38.96,38.96,77.92,39,39,0.00,0.00,0,0
1544345442,3008-eth4,547508.50,603490.50,1150999.00,604094,548056,351.65,442.56,794.21,443,352,0.00,0.00,0,0
1544345442,1004-eth4,1224189.88,34231.77,1258421.62,34266,1225414,422.58,377.62,800.20,378,423,0.00,0.00,0,0
1544345442,3006-eth1,7832.17,7832.17,15664.34,7840,7840,79.92,79.92,159.84,80,80,0.00,0.00,0,0
1544345442,1004-eth3,25054.95,1171178.88,1196233.75,1172350,25080,379.62,342.66,722.28,343,380,0.00,0.00,0,0
1544345442,1002-eth2,7832.17,7832.17,15664.34,7840,7840,79.92,79.92,159.84,80,80,0.00,0.00,0,0
1544345442,3004-eth3,18315.69,1212711.38,1231027.00,1213924,18334,238.76,253.75,492.51,254,239,0.00,0.00,0,0
1544345442,2003-eth3,7734.27,7734.27,15468.53,7742,7742,78.92,78.92,157.84,79,79,0.00,0.00,0,0
1544345442,2005-eth1,0.00,0.00,0.00,0,0,0.00,0.00,0.00,0,0,0.00,0.00,0,0
1544345442,3002-eth3,1196028.00,1051966.12,2247994.00,1053018,1197224,675.32,684.32,1359.64,685,676,0.00,0.00,0,0
1544345442,3006-eth3,1222807.25,1222221.75,2445029.00,1223444,1224030,774.23,809.19,1583.42,810,775,0.00,0.00,0,0
1544345442,2001-eth1,3818.18,3818.18,7636.36,3822,3822,38.96,38.96,77.92,39,39,0.00,0.00,0,0
1544345442,3005-eth2,1206249.75,1223730.25,2429980.00,1224954,1207456,823.18,788.21,1611.39,789,824,0.00,0.00,0,0
1544345442,2001-eth2,7832.17,7832.17,15664.34,7840,7840,79.92,79.92,159.84,80,80,0.00,0.00,0,0
1544345442,3007-eth2,974693.31,1223043.00,2197736.25,1224266,975668,731.27,624.38,1355.64,625,732,0.00,0.00,0,0
1544345442,1001-eth1,3818.18,3818.18,7636.36,3822,3822,38.96,38.96,77.92,39,39,0.00,0.00,0,0
1544345442,3007-eth4,236211.80,366211.81,602423.56,366578,236448,159.84,200.80,360.64,201,160,0.00,0.00,0,0
1544345442,2003-eth2,7832.17,7832.17,15664.34,7840,7840,79.92,79.92,159.84,80,80,0.00,0.00,0,0
1544345442,3007-eth3,986831.19,611882.12,1598713.38,612494,987818,464.54,536.46,1001.00,537,465,0.00,0.00,0,0
1544345442,1002-eth1,7832.17,7832.17,15664.34,7840,7840,79.92,79.92,159.84,80,80,0.00,0.00,0,0
1544345442,2002-eth3,8703.30,364159.84,372863.16,364524,8712,131.87,125.87,257.74,126,132,0.00,0.00,0,0
1544345442,2007-eth2,0.00,0.00,0.00,0,0,0.00,0.00,0.00,0,0,0.00,0.00,0,0
1544345442,total,31770516.00,31470942.00,63241456.00,31502412,31802286,22958.04,22519.48,45477.52,22542,22981,0.00,0.00,0,0
1544345443,3003-eth3,952119.62,140761.72,1092881.38,141184,954976,396.81,382.85,779.66,384,398,0.00,0.00,0,0
1544345443,2002-eth1,1208486.50,40396.81,1248883.38,40518,1212112,417.75,612.16,1029.91,614,419,0.00,0.00,0,0
1544345443,lo,7304.09,7304.09,14608.18,7326,7326,70.79,70.79,141.58,71,71,0.00,0.00,0,0
1544345443,3005-eth3,1041437.69,1208512.50,2249950.25,1212138,1044562,511.47,527.42,1038.88,529,513,0.00,0.00,0,0
1544345443,2005-eth3,0.00,0.00,0.00,0,0,0.00,0.00,0.00,0,0,0.00,0.00,0,0
1544345443,3004-eth4,1194279.12,106406.78,1300686.00,106726,1197862,202.39,190.43,392.82,191,203,0.00,0.00,0,0
1544345443,1004-eth2,30937.19,921864.44,952801.62,924630,31030,338.98,449.65,788.63,451,340,0.00,0.00,0,0
1544345443,2004-eth4,2105.68,96009.97,98115.66,96298,2112,31.90,32.90,64.81,33,32,0.00,0.00,0,0
1544345443,1001-eth2,3908.28,3908.28,7816.55,3920,3920,39.88,39.88,79.76,40,40,0.00,0.00,0,0
1544345443,1003-eth3,286719.84,6654.04,293373.88,6674,287580,144.57,70.79,215.35,71,145,0.00,0.00,0,0
1544345443,2002-eth4,1210249.25,1221316.00,2431565.25,1224980,1213880,728.81,568.30,1297.11,570,731,0.00,0.00,0,0
1544345443,1001-eth4,59.82,0.00,59.82,0,60,1.00,0.00,1.00,0,1,0.00,0.00,0,0
1544345443,3001-eth2,327930.22,6442.67,334372.88,6462,328914,112.66,97.71,210.37,98,113,0.00,0.00,0,0
1544345443,1004-eth1,1180823.50,337926.22,1518749.75,338940,1184366,217.35,264.21,481.56,265,218,0.00,0.00,0,0
1544345443,3005-eth4,1200879.38,1208173.50,2409052.75,1211798,1204482,411.76,447.66,859.42,449,413,0.00,0.00,0,0
1544345443,1003-eth2,955132.62,409583.25,1364715.88,410812,957998,398.80,584.25,983.05,586,400,0.00,0.00,0,0
1544345443,3008-eth1,59.82,0.00,59.82,0,60,1.00,0.00,1.00,0,1,0.00,0.00,0,0
1544345443,1002-eth3,7876.37,7718.84,15595.21,7742,7900,80.76,78.76,159.52,79,81,0.00,0.00,0,0
1544345443,2006-eth1,6654.04,286719.84,293373.88,287580,6674,70.79,144.57,215.35,145,71,0.00,0.00,0,0
1544345443,3003-eth1,7816.55,7816.55,15633.10,7840,7840,79.76,79.76,159.52,80,80,0.00,0.00,0,0
1544345443,2001-eth3,7621.14,7816.55,15437.69,7840,7644,77.77,79.76,157.53,80,78,0.00,0.00,0,0
1544345443,2008-eth2,30971.09,1226753.75,1257724.88,1230434,31064,338.98,519.44,858.42,521,340,0.00,0.00,0,0
1544345443,2008-eth3,1221978.12,1055208.38,2277186.50,1058374,1225644,724.83,808.57,1533.40,811,727,0.00,0.00,0,0
1544345443,1001-eth3,0.00,0.00,0.00,0,0,0.00,0.00,0.00,0,0,0.00,0.00,0,0
1544345443,2007-eth4,0.00,59.82,59.82,60,0,0.00,1.00,1.00,1,0,0.00,0.00,0,0
1544345443,2004-eth2,921864.44,31030.91,952895.31,31124,924630,449.65,339.98,789.63,341,451,0.00,0.00,0,0
1544345443,3002-eth1,7718.84,7816.55,15535.39,7840,7742,78.76,79.76,158.52,80,79,0.00,0.00,0,0
1544345443,3004-eth1,7816.55,7816.55,15633.10,7840,7840,79.76,79.76,159.52,80,80,0.00,0.00,0,0
1544345443,2006-eth3,1224935.25,1210185.50,2435120.75,1213816,1228610,623.13,632.10,1255.23,634,625,0.00,0.00,0,0
1544345443,3004-eth2,96009.97,2105.68,98115.66,2112,96298,32.90,31.90,64.81,32,33,0.00,0.00,0,0
1544345443,3001-eth3,1220979.12,354382.84,1575361.88,355446,1224642,519.44,513.46,1032.90,515,521,0.00,0.00,0,0
1544345443,2003-eth4,7816.55,7816.55,15633.10,7840,7840,79.76,79.76,159.52,80,80,0.00,0.00,0,0
1544345443,2008-eth4,1224636.12,27326.02,1251962.12,27408,1228310,421.73,329.01,750.75,330,423,0.00,0.00,0,0
1544345443,3008-eth3,1220239.25,39549.35,1259788.62,39668,1223900,420.74,420.74,841.48,422,422,0.00,0.00,0,0
1544345443,2005-eth2,7718.84,7876.37,15595.21,7900,7742,78.76,80.76,159.52,81,79,0.00,0.00,0,0
1544345443,2006-eth4,22833.50,1193661.00,1216494.50,1197242,22902,345.96,411.76,757.73,413,347,0.00,0.00,0,0
1544345443,3006-eth2,1193661.00,22833.50,1216494.50,22902,1197242,411.76,345.96,757.73,347,413,0.00,0.00,0,0
1544345443,1003-eth4,358971.09,13423.73,372394.81,13464,360048,123.63,203.39,327.02,204,124,0.00,0.00,0,0
1544345443,2006-eth2,1180763.75,9996.01,1190759.75,10026,1184306,216.35,151.55,367.90,152,217,0.00,0.00,0,0
1544345443,3001-eth1,7816.55,7621.14,15437.69,7644,7840,79.76,77.77,157.53,78,80,0.00,0.00,0,0
1544345443,3008-eth2,27326.02,1224636.12,1251962.12,1228310,27408,329.01,421.73,750.75,423,330,0.00,0.00,0,0
1544345443,2004-eth3,983750.75,1232484.50,2216235.25,1236182,986702,702.89,1000.00,1702.89,1003,705,0.00,0.00,0,0
1544345443,3001-eth4,34073.78,1222149.50,1256223.38,1225816,34176,478.56,498.50,977.07,500,480,0.00,0.00,0,0
1544345443,1003-eth1,40396.81,1211439.75,1251836.50,1215074,40518,612.16,418.74,1030.91,420,614,0.00,0.00,0,0
1544345443,3002-eth2,1221316.00,1210249.25,2431565.25,1213880,1224980,568.30,728.81,1297.11,731,570,0.00,0.00,0,0
1544345443,2005-eth4,7816.55,7718.84,15535.39,7742,7840,79.76,78.76,158.52,79,80,0.00,0.00,0,0
1544345443,3003-eth2,1232484.50,983750.75,2216235.25,986702,1236182,1000.00,702.89,1702.89,705,1003,0.00,0.00,0,0
1544345443,2007-eth1,0.00,59.82,59.82,60,0,0.00,1.00,1.00,1,0,0.00,0.00,0,0
1544345443,1002-eth4,59.82,0.00,59.82,0,60,1.00,0.00,1.00,0,1,0.00,0.00,0,0
1544345443,3002-eth4,14923.23,436121.62,451044.88,437430,14968,187.44,226.32,413.76,227,188,0.00,0.00,0,0
1544345443,2007-eth3,0.00,0.00,0.00,0,0,0.00,0.00,0.00,0,0,0.00,0.00,0,0
1544345443,3005-eth1,0.00,0.00,0.00,0,0,0.00,0.00,0.00,0,0,0.00,0.00,0,0
1544345443,2001-eth4,7816.55,7718.84,15535.39,7742,7840,79.76,78.76,158.52,79,80,0.00,0.00,0,0
1544345443,3003-eth4,36494.52,660279.19,696773.69,662260,36604,384.85,384.85,769.69,386,386,0.00,0.00,0,0
1544345443,2004-eth1,409583.25,955132.62,1364715.88,957998,410812,584.25,398.80,983.05,400,586,0.00,0.00,0,0
1544345443,3006-eth4,33874.38,1222051.88,1255926.25,1225718,33976,474.58,497.51,972.08,499,476,0.00,0.00,0,0
1544345443,3007-eth1,0.00,0.00,0.00,0,0,0.00,0.00,0.00,0,0,0.00,0.00,0,0
1544345443,2008-eth1,13423.73,358971.09,372394.81,360048,13464,203.39,123.63,327.02,124,204,0.00,0.00,0,0
1544345443,2002-eth2,337926.22,1180823.50,1518749.75,1184366,338940,264.21,217.35,481.56,218,265,0.00,0.00,0,0
1544345443,2003-eth1,3908.28,3908.28,7816.55,3920,3920,39.88,39.88,79.76,40,40,0.00,0.00,0,0
1544345443,3008-eth4,394508.47,520574.28,915082.75,522136,395692,349.95,362.91,712.86,364,351,0.00,0.00,0,0
1544345443,1004-eth4,1226753.75,30971.09,1257724.88,31064,1230434,519.44,338.98,858.42,340,521,0.00,0.00,0,0
1544345443,3006-eth1,7718.84,7816.55,15535.39,7840,7742,78.76,79.76,158.52,80,79,0.00,0.00,0,0
1544345443,1004-eth3,9996.01,1185160.50,1195156.50,1188716,10026,151.55,217.35,368.89,218,152,0.00,0.00,0,0
1544345443,1002-eth2,7876.37,7816.55,15692.92,7840,7900,80.76,79.76,160.52,80,81,0.00,0.00,0,0
1544345443,3004-eth3,18213.36,1199990.00,1218203.38,1203590,18268,237.29,250.25,487.54,251,238,0.00,0.00,0,0
1544345443,2003-eth3,7816.55,7816.55,15633.10,7840,7840,79.76,79.76,159.52,80,80,0.00,0.00,0,0
1544345443,2005-eth1,0.00,0.00,0.00,0,0,0.00,0.00,0.00,0,0,0.00,0.00,0,0
1544345443,3002-eth3,1203148.50,1221982.00,2425130.50,1225648,1206758,621.14,622.13,1243.27,624,623,0.00,0.00,0,0
1544345443,3006-eth3,1222993.00,1219718.88,2442712.00,1223378,1226662,768.69,806.58,1575.27,809,771,0.00,0.00,0,0
1544345443,2001-eth1,3908.28,3908.28,7816.55,3920,3920,39.88,39.88,79.76,40,40,0.00,0.00,0,0
1544345443,3005-eth2,1214582.25,1227888.38,2442470.50,1231572,1218226,633.10,624.13,1257.23,626,635,0.00,0.00,0,0
1544345443,2001-eth2,7816.55,7778.66,15595.21,7802,7840,79.76,79.76,159.52,80,80,0.00,0.00,0,0
1544345443,3007-eth2,1055208.38,1221978.12,2277186.50,1225644,1058374,808.57,724.83,1533.40,727,811,0.00,0.00,0,0
1544345443,1001-eth1,3908.28,3908.28,7816.55,3920,3920,39.88,39.88,79.76,40,40,0.00,0.00,0,0
1544345443,3007-eth4,330973.09,394366.91,725340.00,395550,331966,238.29,266.20,504.49,267,239,0.00,0.00,0,0
1544345443,2003-eth2,7816.55,7876.37,15692.92,7900,7840,79.76,80.76,160.52,81,80,0.00,0.00,0,0
1544345443,3007-eth3,890945.19,657447.69,1548392.88,659420,893618,485.54,536.39,1021.93,538,487,0.00,0.00,0,0
1544345443,1002-eth1,7778.66,7816.55,15595.21,7840,7802,79.76,79.76,159.52,80,80,0.00,0.00,0,0
1544345443,2002-eth3,6442.67,327930.22,334372.88,328914,6462,97.71,112.66,210.37,113,98,0.00,0.00,0,0
1544345443,2007-eth2,0.00,59.82,59.82,60,0,0.00,1.00,1.00,1,0,0.00,0.00,0,0
1544345443,total,31622710.00,32431096.00,64053808.00,32528390,31717578,20820.54,21068.79,41889.33,21132,20883,0.00,0.00,0,0
1544345444,3003-eth3,906775.25,285442.56,1192217.88,285728,907682,432.57,423.58,856.14,424,433,0.00,0.00,0,0
1544345444,2002-eth1,1215246.75,37252.75,1252499.50,37290,1216462,418.58,564.44,983.02,565,419,0.00,0.00,0,0
1544345444,lo,65024.98,65024.98,130049.95,65090,65090,286.71,286.71,573.43,287,287,0.00,0.00,0,0
1544345444,3005-eth3,1005334.69,1222795.25,2228130.00,1224018,1006340,613.39,708.29,1321.68,709,614,0.00,0.00,0,0
1544345444,2005-eth3,0.00,0.00,0.00,0,0,0.00,0.00,0.00,0,0,0.00,0.00,0,0
1544345444,3004-eth4,1201065.00,108263.74,1309328.75,108372,1202266,203.80,193.81,397.60,194,204,0.00,0.00,0,0
1544345444,1004-eth2,39484.52,960913.12,1000397.62,961874,39524,429.57,400.60,830.17,401,430,0.00,0.00,0,0
1544345444,2004-eth4,2109.89,97774.23,99884.12,97872,2112,31.97,34.97,66.93,35,32,0.00,0.00,0,0
1544345444,1001-eth2,3878.12,3818.18,7696.30,3822,3882,39.96,38.96,78.92,39,40,0.00,0.00,0,0
1544345444,1003-eth3,242451.56,11236.76,253688.31,11248,242694,122.88,123.88,246.75,124,123,0.00,0.00,0,0
1544345444,2002-eth4,1219860.12,1223892.12,2443752.25,1225116,1221080,839.16,593.41,1432.57,594,840,0.00,0.00,0,0
1544345444,1001-eth4,0.00,59.94,59.94,60,0,0.00,1.00,1.00,1,0,0.00,0.00,0,0
1544345444,3001-eth2,297614.41,5802.20,303416.59,5808,297912,103.90,87.91,191.81,88,104,0.00,0.00,0,0
1544345444,1004-eth1,1186765.25,309218.78,1495984.00,309528,1187952,359.64,279.72,639.36,280,360,0.00,0.00,0,0
1544345444,3005-eth4,1221110.88,1216024.00,2437135.00,1217240,1222332,485.51,757.24,1242.76,758,486,0.00,0.00,0,0
1544345444,1003-eth2,903816.19,365484.53,1269300.75,365850,904720,431.57,540.46,972.03,541,432,0.00,0.00,0,0
1544345444,3008-eth1,0.00,59.94,59.94,60,0,0.00,1.00,1.00,1,0,0.00,0.00,0,0
1544345444,1002-eth3,7636.36,7892.11,15528.47,7900,7644,77.92,80.92,158.84,81,78,0.00,0.00,0,0
1544345444,2006-eth1,11236.76,245410.59,256647.36,245656,11248,123.88,123.88,247.75,124,124,0.00,0.00,0,0
1544345444,3003-eth1,7636.36,7636.36,15272.73,7644,7644,77.92,77.92,155.84,78,78,0.00,0.00,0,0
1544345444,2001-eth3,7734.27,7304.70,15038.96,7312,7742,78.92,74.93,153.85,75,79,0.00,0.00,0,0
1544345444,2008-eth2,39390.61,1233810.25,1273200.88,1235044,39430,428.57,568.43,997.00,569,429,0.00,0.00,0,0
1544345444,2008-eth3,1227550.50,488071.94,1715622.38,488560,1228778,710.29,717.28,1427.57,718,711,0.00,0.00,0,0
1544345444,1001-eth3,59.94,59.94,119.88,60,60,1.00,1.00,2.00,1,1,0.00,0.00,0,0
1544345444,2007-eth4,59.94,0.00,59.94,0,60,1.00,0.00,1.00,0,1,0.00,0.00,0,0
1544345444,2004-eth2,960913.12,39390.61,1000303.75,39430,961874,400.60,428.57,829.17,429,401,0.00,0.00,0,0
1544345444,3002-eth1,7734.27,7636.36,15370.63,7644,7742,78.92,77.92,156.84,78,79,0.00,0.00,0,0
1544345444,3004-eth1,7832.17,7636.36,15468.53,7644,7840,79.92,77.92,157.84,78,80,0.00,0.00,0,0
1544345444,2006-eth3,1226389.62,1222389.62,2448779.25,1223612,1227616,587.41,809.19,1396.60,810,588,0.00,0.00,0,0
1544345444,3004-eth2,97774.23,2109.89,99884.12,2112,97872,34.97,31.97,66.93,32,35,0.00,0.00,0,0
1544345444,3001-eth3,1224265.75,324119.88,1548385.62,324444,1225490,511.49,505.49,1016.98,506,512,0.00,0.00,0,0
1544345444,2003-eth4,7636.36,7832.17,15468.53,7840,7644,77.92,79.92,157.84,80,78,0.00,0.00,0,0
1544345444,2008-eth4,1223604.38,29792.21,1253396.62,29822,1224828,457.54,352.65,810.19,353,458,0.00,0.00,0,0
1544345444,3008-eth3,1226699.38,379870.12,1606569.50,380250,1227926,482.52,582.42,1064.94,583,483,0.00,0.00,0,0
1544345444,2005-eth2,7892.11,7636.36,15528.47,7644,7900,80.92,77.92,158.84,78,81,0.00,0.00,0,0
1544345444,2006-eth4,21428.57,1108721.25,1130149.88,1109830,21450,324.68,382.62,707.29,383,325,0.00,0.00,0,0
1544345444,3006-eth2,1108721.25,21428.57,1130149.88,21450,1109830,382.62,324.68,707.29,325,383,0.00,0.00,0,0
1544345444,1003-eth4,417422.59,11934.07,429356.66,11946,417840,143.86,180.82,324.68,181,144,0.00,0.00,0,0
1544345444,2006-eth2,1189724.25,11604.40,1201328.75,11616,1190914,360.64,175.82,536.46,176,361,0.00,0.00,0,0
1544345444,3001-eth1,7304.70,7734.27,15038.96,7742,7312,74.93,78.92,153.85,79,75,0.00,0.00,0,0
1544345444,3008-eth2,29792.21,1223604.38,1253396.62,1224828,29822,352.65,457.54,810.19,458,353,0.00,0.00,0,0
1544345444,2004-eth3,941284.75,1231642.38,2172927.25,1232874,942226,830.17,908.09,1738.26,909,831,0.00,0.00,0,0
1544345444,3001-eth4,34299.70,1222557.50,1256857.12,1223780,34334,481.52,493.51,975.03,494,482,0.00,0.00,0,0
1544345444,1003-eth1,37252.75,1212287.75,1249540.50,1213500,37290,564.44,417.58,982.02,418,565,0.00,0.00,0,0
1544345444,3002-eth2,1223892.12,1219860.12,2443752.25,1221080,1225116,593.41,839.16,1432.57,840,594,0.00,0.00,0,0
1544345444,2005-eth4,7636.36,7892.11,15528.47,7900,7644,77.92,80.92,158.84,81,78,0.00,0.00,0,0
1544345444,3003-eth2,1231642.38,941284.75,2172927.25,942226,1232874,908.09,830.17,1738.26,831,909,0.00,0.00,0,0
1544345444,2007-eth1,59.94,0.00,59.94,0,60,1.00,0.00,1.00,0,1,0.00,0.00,0,0
1544345444,1002-eth4,0.00,59.94,59.94,60,0,0.00,1.00,1.00,1,0,0.00,0.00,0,0
1544345444,3002-eth4,13702.30,377812.19,391514.50,378190,13716,169.83,206.79,376.62,207,170,0.00,0.00,0,0
1544345444,2007-eth3,59.94,0.00,59.94,0,60,1.00,0.00,1.00,0,1,0.00,0.00,0,0
1544345444,3005-eth1,0.00,0.00,0.00,0,0,0.00,0.00,0.00,0,0,0.00,0.00,0,0
1544345444,2001-eth4,7636.36,7734.27,15370.63,7742,7644,77.92,78.92,156.84,79,78,0.00,0.00,0,0
1544345444,3003-eth4,45104.89,984004.00,1029108.94,984988,45150,476.52,493.51,970.03,494,477,0.00,0.00,0,0
1544345444,2004-eth1,368443.56,903816.19,1272259.75,904720,368812,541.46,431.57,973.03,432,542,0.00,0.00,0,0
1544345444,3006-eth4,33938.06,1223144.88,1257083.00,1224368,33972,476.52,499.50,976.02,500,477,0.00,0.00,0,0
1544345444,3007-eth1,0.00,59.94,59.94,60,0,0.00,1.00,1.00,1,0,0.00,0.00,0,0
1544345444,2008-eth1,11934.07,417422.59,429356.66,417840,11946,180.82,143.86,324.68,144,181,0.00,0.00,0,0
1544345444,2002-eth2,309218.78,1189724.25,1498943.12,1190914,309528,279.72,360.64,640.36,361,280,0.00,0.00,0,0
1544345444,2003-eth1,3818.18,3878.12,7696.30,3882,3822,38.96,39.96,78.92,40,39,0.00,0.00,0,0
1544345444,3008-eth4,640781.25,607108.94,1247890.12,607716,641422,432.57,453.55,886.11,454,433,0.00,0.00,0,0
1544345444,1004-eth4,1233810.25,39390.61,1273200.88,39430,1235044,568.43,428.57,997.00,429,569,0.00,0.00,0,0
1544345444,3006-eth1,7892.11,7636.36,15528.47,7644,7900,80.92,77.92,158.84,78,81,0.00,0.00,0,0
1544345444,1004-eth3,11604.40,1185318.75,1196923.12,1186504,11616,175.82,359.64,535.46,360,176,0.00,0.00,0,0
1544345444,1002-eth2,7538.46,7734.27,15272.73,7742,7546,76.92,78.92,155.84,79,77,0.00,0.00,0,0
1544345444,3004-eth3,18245.75,1206727.25,1224973.00,1207934,18264,238.76,250.75,489.51,251,239,0.00,0.00,0,0
1544345444,2003-eth3,7636.36,7636.36,15272.73,7644,7644,77.92,77.92,155.84,78,78,0.00,0.00,0,0
1544345444,2005-eth1,59.94,59.94,119.88,60,60,1.00,1.00,2.00,1,1,0.00,0.00,0,0
1544345444,3002-eth3,1213794.25,1221884.12,2435678.50,1223106,1215008,747.25,760.24,1507.49,761,748,0.00,0.00,0,0
1544345444,3006-eth3,1222403.62,1134963.12,2357366.75,1136098,1223626,724.28,780.22,1504.50,781,725,0.00,0.00,0,0
1544345444,2001-eth1,3818.18,3878.12,7696.30,3882,3822,38.96,39.96,78.92,40,39,0.00,0.00,0,0
1544345444,3005-eth2,1217984.00,1223430.62,2441414.75,1224654,1219202,808.19,586.41,1394.61,587,809,0.00,0.00,0,0
1544345444,2001-eth2,7342.66,7734.27,15076.92,7742,7350,74.93,78.92,153.85,79,75,0.00,0.00,0,0
1544345444,3007-eth2,488071.94,1227550.50,1715622.38,1228778,488560,717.28,710.29,1427.57,711,718,0.00,0.00,0,0
1544345444,1001-eth1,3878.12,3818.18,7696.30,3822,3882,39.96,38.96,78.92,39,40,0.00,0.00,0,0
1544345444,3007-eth4,294387.62,293496.50,587884.12,293790,294682,236.76,238.76,475.52,239,237,0.00,0.00,0,0
1544345444,2003-eth2,7734.27,7538.46,15272.73,7546,7742,78.92,76.92,155.84,77,79,0.00,0.00,0,0
1544345444,3007-eth3,932231.56,194381.25,1126612.75,194770,934096,473.05,478.04,951.10,479,474,0.00,0.00,0,0
1544345444,1002-eth1,7824.35,7628.74,15453.09,7644,7840,79.84,77.84,157.68,78,80,0.00,0.00,0,0
1544345444,2002-eth3,5862.28,297317.38,303179.66,297912,5874,88.82,103.79,192.61,104,89,0.00,0.00,0,0
1544345444,2007-eth2,59.88,0.00,59.88,0,60,1.00,0.00,1.00,0,1,0.00,0.00,0,0
1544345444,total,31149690.00,31913722.00,63063412.00,31977548,31211988,22169.66,22807.39,44977.05,22853,22214,0.00,0.00,0,0
1544345445,3003-eth3,919538.94,207443.12,1126982.12,207858,921378,396.21,384.23,780.44,385,397,0.00,0.00,0,0
1544345445,2002-eth1,1196363.25,35503.00,1231866.25,35574,1198756,413.17,537.92,951.10,539,414,0.00,0.00,0,0
1544345445,lo,7361.28,7361.28,14722.56,7376,7376,71.86,71.86,143.71,72,72,0.00,0.00,0,0
1544345445,3005-eth3,996061.88,1216061.88,2212123.75,1218494,998054,684.63,733.53,1418.16,735,686,0.00,0.00,0,0
1544345445,2005-eth3,0.00,59.88,59.88,60,0,0.00,1.00,1.00,1,0,0.00,0.00,0,0
1544345445,3004-eth4,1196916.25,100930.14,1297846.38,101132,1199310,202.59,193.61,396.21,194,203,0.00,0.00,0,0
1544345445,1004-eth2,42624.75,1006016.00,1048640.75,1008028,42710,462.08,485.03,947.11,486,463,0.00,0.00,0,0
1544345445,2004-eth4,1910.18,90193.62,92103.80,90374,1914,28.94,30.94,59.88,31,29,0.00,0.00,0,0
1544345445,1001-eth2,3814.37,3874.25,7688.62,3882,3822,38.92,39.92,78.84,40,39,0.00,0.00,0,0
1544345445,1003-eth3,203582.84,5646.71,209229.55,5658,203990,106.79,80.84,187.62,81,107,0.00,0.00,0,0
1544345445,2002-eth4,1214241.50,1214806.38,2429048.00,1217236,1216670,837.33,692.61,1529.94,694,839,0.00,0.00,0,0
1544345445,1001-eth4,0.00,0.00,0.00,0,0,0.00,0.00,0.00,0,0,0.00,0.00,0,0
1544345445,3001-eth2,350461.09,7179.64,357640.72,7194,351162,120.76,108.78,229.54,109,121,0.00,0.00,0,0
1544345445,1004-eth1,1188940.12,368904.19,1557844.38,369642,1191318,410.18,400.20,810.38,401,411,0.00,0.00,0,0
1544345445,3005-eth4,1217736.50,1220584.88,2438321.50,1223026,1220172,583.83,841.32,1425.15,843,585,0.00,0.00,0,0
1544345445,1003-eth2,919538.94,315183.66,1234722.62,315814,921378,396.21,462.08,858.28,463,397,0.00,0.00,0,0
1544345445,3008-eth1,0.00,0.00,0.00,0,0,0.00,0.00,0.00,0,0,0.00,0.00,0,0
1544345445,1002-eth3,7726.55,7530.94,15257.49,7546,7742,78.84,76.85,155.69,77,79,0.00,0.00,0,0
1544345445,2006-eth1,5646.71,200626.75,206273.45,201028,5658,80.84,105.79,186.63,106,81,0.00,0.00,0,0
1544345445,3003-eth1,7726.55,7786.43,15512.97,7802,7742,78.84,79.84,158.68,80,79,0.00,0.00,0,0
1544345445,2001-eth3,7688.62,7824.35,15512.97,7840,7704,78.84,79.84,158.68,80,79,0.00,0.00,0,0
1544345445,2008-eth2,42624.75,1221728.62,1264353.38,1224172,42710,462.08,469.06,931.14,470,463,0.00,0.00,0,0
1544345445,2008-eth3,1226794.50,489604.81,1716399.25,490584,1229248,760.48,753.49,1513.97,755,762,0.00,0.00,0,0
1544345445,1001-eth3,0.00,0.00,0.00,0,0,0.00,0.00,0.00,0,0,0.00,0.00,0,0
1544345445,2007-eth4,0.00,0.00,0.00,0,0,0.00,0.00,0.00,0,0,0.00,0.00,0,0
1544345445,2004-eth2,1006016.00,42624.75,1048640.75,42710,1008028,485.03,462.08,947.11,463,486,0.00,0.00,0,0
1544345445,3002-eth1,7726.55,7786.43,15512.97,7802,7742,78.84,79.84,158.68,80,79,0.00,0.00,0,0
1544345445,3004-eth1,7493.01,7493.01,14986.03,7508,7508,76.85,76.85,153.69,77,77,0.00,0.00,0,0
1544345445,2006-eth3,1218870.25,1212900.25,2431770.50,1215326,1221308,644.71,812.38,1457.09,814,646,0.00,0.00,0,0
1544345445,3004-eth2,90193.62,1910.18,92103.80,1914,90374,30.94,28.94,59.88,29,31,0.00,0.00,0,0
1544345445,3001-eth3,1216680.62,376742.53,1593423.25,377496,1219114,523.95,518.96,1042.91,520,525,0.00,0.00,0,0
1544345445,2003-eth4,7493.01,7493.01,14986.03,7508,7508,76.85,76.85,153.69,77,77,0.00,0.00,0,0
1544345445,2008-eth4,1227125.75,34385.23,1261511.00,34454,1229580,528.94,407.19,936.13,408,530,0.00,0.00,0,0
1544345445,3008-eth3,1225271.50,1220541.00,2445812.50,1222982,1227722,479.04,883.23,1362.28,885,480,0.00,0.00,0,0
1544345445,2005-eth2,7530.94,7726.55,15257.49,7742,7546,76.85,78.84,155.69,79,77,0.00,0.00,0,0
1544345445,2006-eth4,21269.46,1076543.00,1097812.38,1078696,21312,322.36,371.26,693.61,372,323,0.00,0.00,0,0
1544345445,3006-eth2,1076543.00,21269.46,1097812.38,21312,1078696,371.26,322.36,693.61,323,372,0.00,0.00,0,0
1544345445,1003-eth4,372664.69,14095.81,386760.50,14124,373410,128.74,213.57,342.32,214,129,0.00,0.00,0,0
1544345445,2006-eth2,1186044.00,18443.12,1204487.00,18480,1188416,410.18,279.44,689.62,280,411,0.00,0.00,0,0
1544345445,3001-eth1,7824.35,7688.62,15512.97,7704,7840,79.84,78.84,158.68,79,80,0.00,0.00,0,0
1544345445,3008-eth2,34385.23,1227125.75,1261511.00,1229580,34454,407.19,528.94,936.13,530,408,0.00,0.00,0,0
1544345445,2004-eth3,960159.69,1228049.88,2188209.75,1230506,962080,828.34,915.17,1743.51,917,830,0.00,0.00,0,0
1544345445,3001-eth4,33910.18,1217457.12,1251367.25,1219892,33978,476.05,497.01,973.05,498,477,0.00,0.00,0,0
1544345445,1003-eth1,35503.00,1196363.25,1231866.25,1198756,35574,537.92,413.17,951.10,414,539,0.00,0.00,0,0
1544345445,3002-eth2,1214806.38,1214241.50,2429048.00,1216670,1217236,692.61,837.33,1529.94,839,694,0.00,0.00,0,0
1544345445,2005-eth4,7726.55,7530.94,15257.49,7546,7742,78.84,76.85,155.69,77,79,0.00,0.00,0,0
1544345445,3003-eth2,1228049.88,960159.69,2188209.75,962080,1230506,915.17,828.34,1743.51,830,917,0.00,0.00,0,0
1544345445,2007-eth1,0.00,0.00,0.00,0,0,0.00,0.00,0.00,0,0,0.00,0.00,0,0
1544345445,1002-eth4,0.00,0.00,0.00,0,0,0.00,0.00,0.00,0,0,0.00,0.00,0,0
1544345445,3002-eth4,14642.71,461716.59,476359.28,462640,14672,183.63,235.53,419.16,236,184,0.00,0.00,0,0
1544345445,2007-eth3,0.00,59.88,59.88,60,0,0.00,1.00,1.00,1,0,0.00,0.00,0,0
1544345445,3005-eth1,59.88,0.00,59.88,0,60,1.00,0.00,1.00,0,1,0.00,0.00,0,0
1544345445,2001-eth4,7786.43,7726.55,15512.97,7742,7802,79.84,78.84,158.68,79,80,0.00,0.00,0,0
1544345445,3003-eth4,48347.31,890702.62,939049.94,892484,48444,510.98,516.97,1027.94,518,512,0.00,0.00,0,0
1544345445,2004-eth1,312227.56,919538.94,1231766.50,921378,312852,461.08,396.21,857.29,397,462,0.00,0.00,0,0
1544345445,3006-eth4,33744.51,1214207.62,1247952.12,1216636,33812,473.05,493.01,966.07,494,474,0.00,0.00,0,0
1544345445,3007-eth1,59.88,0.00,59.88,0,60,1.00,0.00,1.00,0,1,0.00,0.00,0,0
1544345445,2008-eth1,14095.81,372664.69,386760.50,373410,14124,213.57,128.74,342.32,129,214,0.00,0.00,0,0
1544345445,2002-eth2,368904.19,1185984.12,1554888.25,1188356,369642,400.20,409.18,809.38,410,401,0.00,0.00,0,0
1544345445,2003-eth1,3874.25,3814.37,7688.62,3822,3882,39.92,38.92,78.84,39,40,0.00,0.00,0,0
1544345445,3008-eth4,1214836.38,336287.44,1551123.75,336960,1217266,563.87,562.87,1126.75,564,565,0.00,0.00,0,0
1544345445,1004-eth4,1221728.62,42624.75,1264353.38,42710,1224172,469.06,462.08,931.14,463,470,0.00,0.00,0,0
1544345445,3006-eth1,7530.94,7726.55,15257.49,7742,7546,76.85,78.84,155.69,79,77,0.00,0.00,0,0
1544345445,1004-eth3,18443.12,1186044.00,1204487.00,1188416,18480,279.44,410.18,689.62,411,280,0.00,0.00,0,0
1544345445,1002-eth2,7628.74,7688.62,15317.37,7704,7644,77.84,78.84,156.69,79,78,0.00,0.00,0,0
1544345445,3004-eth3,18169.66,1202537.00,1220706.62,1204942,18206,238.52,250.50,489.02,251,239,0.00,0.00,0,0
1544345445,2003-eth3,7786.43,7726.55,15512.97,7742,7802,79.84,78.84,158.68,79,80,0.00,0.00,0,0
1544345445,2005-eth1,0.00,0.00,0.00,0,0,0.00,0.00,0.00,0,0,0.00,0.00,0,0
1544345445,3002-eth3,1207325.38,1211804.38,2419129.75,1214228,1209740,732.53,800.40,1532.93,802,734,0.00,0.00,0,0
1544345445,3006-eth3,1213495.00,1102560.88,2316056.00,1104766,1215922,738.52,765.47,1503.99,767,740,0.00,0.00,0,0
1544345445,2001-eth1,3874.25,3814.37,7688.62,3822,3882,39.92,38.92,78.84,39,40,0.00,0.00,0,0
1544345445,3005-eth2,1212900.25,1218870.25,2431770.50,1221308,1215326,812.38,644.71,1457.09,646,814,0.00,0.00,0,0
1544345445,2001-eth2,7884.23,7628.74,15512.97,7644,7900,80.84,77.84,158.68,78,81,0.00,0.00,0,0
1544345445,3007-eth2,490093.91,1228020.00,1718113.88,1229248,490584,754.25,761.24,1515.48,762,755,0.00,0.00,0,0
1544345445,1001-eth1,3818.18,3878.12,7696.30,3882,3822,38.96,39.96,78.92,40,39,0.00,0.00,0,0
1544345445,3007-eth4,330341.66,268509.50,598851.19,268778,330672,238.76,232.77,471.53,233,239,0.00,0.00,0,0
1544345445,2003-eth2,7696.30,7636.36,15332.67,7644,7704,78.92,77.92,156.84,78,79,0.00,0.00,0,0
1544345445,3007-eth3,894839.19,221524.48,1116363.62,221746,895734,523.48,520.48,1043.96,521,524,0.00,0.00,0,0
1544345445,1002-eth1,7538.46,7598.40,15136.86,7606,7546,76.92,77.92,154.85,78,77,0.00,0.00,0,0
1544345445,2002-eth3,7120.88,350811.19,357932.06,351162,7128,107.89,120.88,228.77,121,108,0.00,0.00,0,0
1544345445,2007-eth2,0.00,0.00,0.00,0,0,0.00,0.00,0.00,0,0,0.00,0.00,0,0
1544345445,total,31667248.00,32353334.00,64020580.00,32385686,31698914,22938.06,23817.18,46755.25,23841,22961,0.00,0.00,0,0
1544345446,3003-eth3,868917.12,263212.78,1132129.88,263476,869786,387.61,393.61,781.22,394,388,0.00,0.00,0,0
1544345446,2002-eth1,1201964.12,32571.43,1234535.50,32604,1203166,414.59,493.51,908.09,494,415,0.00,0.00,0,0
1544345446,lo,6545.45,6545.45,13090.91,6552,6552,63.94,63.94,127.87,64,64,0.00,0.00,0,0
1544345446,3005-eth3,1021654.38,1220829.25,2242483.50,1222050,1022676,685.31,744.26,1429.57,745,686,0.00,0.00,0,0
1544345446,2005-eth3,59.94,0.00,59.94,0,60,1.00,0.00,1.00,0,1,0.00,0.00,0,0
1544345446,3004-eth4,1206857.12,102279.73,1309136.88,102382,1208064,203.80,190.81,394.61,191,204,0.00,0.00,0,0
1544345446,1004-eth2,38535.46,934287.75,972823.19,935222,38574,418.58,457.54,876.12,458,419,0.00,0.00,0,0
1544345446,2004-eth4,1972.03,91796.20,93768.23,91888,1974,29.97,31.97,61.94,32,30,0.00,0.00,0,0
1544345446,1001-eth2,3916.08,3916.08,7832.17,3920,3920,39.96,39.96,79.92,40,40,0.00,0.00,0,0
1544345446,1003-eth3,276113.91,5928.07,282041.97,5934,276390,106.89,89.91,196.80,90,107,0.00,0.00,0,0
1544345446,2002-eth4,1220181.88,1223648.38,2443830.25,1224872,1221402,800.20,699.30,1499.50,700,801,0.00,0.00,0,0
1544345446,1001-eth4,0.00,0.00,0.00,0,0,0.00,0.00,0.00,0,0,0.00,0.00,0,0
1544345446,3001-eth2,349424.59,7054.95,356479.53,7062,349774,121.88,106.89,228.77,107,122,0.00,0.00,0,0
1544345446,1004-eth1,1193087.00,368089.91,1561176.88,368458,1194280,411.59,404.60,816.18,405,412,0.00,0.00,0,0
1544345446,3005-eth4,1225087.00,1218413.62,2443500.50,1219632,1226312,655.34,839.16,1494.51,840,656,0.00,0.00,0,0
1544345446,1003-eth2,868857.19,387618.41,1256475.50,388006,869726,386.61,437.56,824.18,438,387,0.00,0.00,0,0
1544345446,3008-eth1,0.00,0.00,0.00,0,0,0.00,0.00,0.00,0,0,0.00,0.00,0,0
1544345446,1002-eth3,7832.17,7832.17,15664.34,7840,7840,79.92,79.92,159.84,80,80,0.00,0.00,0,0
1544345446,2006-eth1,5928.07,276113.91,282041.97,276390,5934,89.91,106.89,196.80,107,90,0.00,0.00,0,0
1544345446,3003-eth1,7892.11,7734.27,15626.37,7742,7900,80.92,78.92,159.84,79,81,0.00,0.00,0,0
1544345446,2001-eth3,7832.17,7832.17,15664.34,7840,7840,79.92,79.92,159.84,80,80,0.00,0.00,0,0
1544345446,2008-eth2,38535.46,1231776.25,1270311.75,1233008,38574,418.58,559.44,978.02,560,419,0.00,0.00,0,0
1544345446,2008-eth3,1225856.12,601304.69,1827160.88,601906,1227082,750.25,748.25,1498.50,749,751,0.00,0.00,0,0
1544345446,1001-eth3,0.00,0.00,0.00,0,0,0.00,0.00,0.00,0,0,0.00,0.00,0,0
1544345446,2007-eth4,0.00,0.00,0.00,0,0,0.00,0.00,0.00,0,0,0.00,0.00,0,0
1544345446,2004-eth2,934287.75,38535.46,972823.19,38574,935222,457.54,418.58,876.12,419,458,0.00,0.00,0,0
1544345446,3002-eth1,7892.11,7832.17,15724.28,7840,7900,80.92,79.92,160.84,80,81,0.00,0.00,0,0
1544345446,3004-eth1,7734.27,7832.17,15566.43,7840,7742,78.92,79.92,158.84,80,79,0.00,0.00,0,0
1544345446,2006-eth3,1225692.38,1220713.38,2446405.75,1221934,1226918,730.27,830.17,1560.44,831,731,0.00,0.00,0,0
1544345446,3004-eth2,91796.20,1972.03,93768.23,1974,91888,31.97,29.97,61.94,30,32,0.00,0.00,0,0
1544345446,3001-eth3,1224012.00,375870.12,1599882.12,376246,1225236,529.47,522.48,1051.95,523,530,0.00,0.00,0,0
1544345446,2003-eth4,7832.17,7734.27,15566.43,7742,7840,79.92,78.92,158.84,79,80,0.00,0.00,0,0
1544345446,2008-eth4,1230717.38,32819.18,1263536.50,32852,1231948,521.48,389.61,911.09,390,522,0.00,0.00,0,0
1544345446,3008-eth3,1224078.00,756711.31,1980789.25,757468,1225302,530.47,721.28,1251.75,722,531,0.00,0.00,0,0
1544345446,2005-eth2,7832.17,7832.17,15664.34,7840,7840,79.92,79.92,159.84,80,80,0.00,0.00,0,0
1544345446,2006-eth4,21758.24,1030333.69,1052091.88,1031364,21780,329.67,356.64,686.31,357,330,0.00,0.00,0,0
1544345446,3006-eth2,1030333.69,21758.24,1052091.88,21780,1031364,356.64,329.67,686.31,330,357,0.00,0.00,0,0
1544345446,1003-eth4,430771.25,12923.08,443694.31,12936,431202,148.85,195.80,344.66,196,149,0.00,0.00,0,0
1544345446,2006-eth2,1193087.00,18725.28,1211812.25,18744,1194280,411.59,283.72,695.30,284,412,0.00,0.00,0,0
1544345446,3001-eth1,7832.17,7832.17,15664.34,7840,7840,79.92,79.92,159.84,80,80,0.00,0.00,0,0
1544345446,3008-eth2,32819.18,1230717.38,1263536.50,1231948,32852,389.61,521.48,911.09,522,390,0.00,0.00,0,0
1544345446,2004-eth3,905634.38,1230181.88,2135816.25,1231412,906540,778.22,864.14,1642.36,865,779,0.00,0.00,0,0
1544345446,3001-eth4,34337.66,1224591.50,1258929.12,1225816,34372,481.52,499.50,981.02,500,482,0.00,0.00,0,0
1544345446,1003-eth1,32571.43,1201964.12,1234535.50,1203166,32604,493.51,414.59,908.09,415,494,0.00,0.00,0,0
1544345446,3002-eth2,1223648.38,1220181.88,2443830.25,1221402,1224872,699.30,800.20,1499.50,801,700,0.00,0.00,0,0
1544345446,2005-eth4,7892.11,7832.17,15724.28,7840,7900,80.92,79.92,160.84,80,81,0.00,0.00,0,0
1544345446,3003-eth2,1230181.88,905634.38,2135816.25,906540,1231412,864.14,778.22,1642.36,779,865,0.00,0.00,0,0
1544345446,2007-eth1,0.00,0.00,0.00,0,0,0.00,0.00,0.00,0,0,0.00,0.00,0,0
1544345446,1002-eth4,0.00,0.00,0.00,0,0,0.00,0.00,0.00,0,0,0.00,0.00,0,0
1544345446,3002-eth4,13826.17,416377.62,430203.81,416794,13840,170.83,220.78,391.61,221,171,0.00,0.00,0,0
1544345446,2007-eth3,0.00,0.00,0.00,0,0,0.00,0.00,0.00,0,0,0.00,0.00,0,0
1544345446,3005-eth1,0.00,59.94,59.94,60,0,0.00,1.00,1.00,1,0,0.00,0.00,0,0
1544345446,2001-eth4,7832.17,7892.11,15724.28,7900,7840,79.92,80.92,160.84,81,80,0.00,0.00,0,0
1544345446,3003-eth4,44511.49,937840.19,982351.69,938778,44556,470.53,472.53,943.06,473,471,0.00,0.00,0,0
1544345446,2004-eth1,387618.41,868857.19,1256475.50,869726,388006,437.56,386.61,824.18,387,438,0.00,0.00,0,0
1544345446,3006-eth4,34007.99,1224591.50,1258599.38,1225816,34042,476.52,499.50,976.02,500,477,0.00,0.00,0,0
1544345446,3007-eth1,0.00,0.00,0.00,0,0,0.00,0.00,0.00,0,0,0.00,0.00,0,0
1544345446,2008-eth1,12923.08,430771.25,443694.31,431202,12936,195.80,148.85,344.66,149,196,0.00,0.00,0,0
1544345446,2002-eth2,368089.91,1193087.00,1561176.88,1194280,368458,404.60,411.59,816.18,412,405,0.00,0.00,0,0
1544345446,2003-eth1,3916.08,3916.08,7832.17,3920,3920,39.96,39.96,79.92,40,40,0.00,0.00,0,0
1544345446,3008-eth4,1221282.75,393764.25,1615047.00,394158,1222504,559.44,574.43,1133.87,575,560,0.00,0.00,0,0
1544345446,1004-eth4,1231776.25,38535.46,1270311.75,38574,1233008,559.44,418.58,978.02,419,560,0.00,0.00,0,0
1544345446,3006-eth1,7832.17,7892.11,15724.28,7900,7840,79.92,80.92,160.84,81,80,0.00,0.00,0,0
1544345446,1004-eth3,18725.28,1193087.00,1211812.25,1194280,18744,283.72,411.59,695.30,412,284,0.00,0.00,0,0
1544345446,1002-eth2,7832.17,7832.17,15664.34,7840,7840,79.92,79.92,159.84,80,80,0.00,0.00,0,0
1544345446,3004-eth3,18249.75,1212581.50,1230831.25,1213794,18268,237.76,252.75,490.51,253,238,0.00,0.00,0,0
1544345446,2003-eth3,7734.27,7892.11,15626.37,7900,7742,78.92,80.92,159.84,81,79,0.00,0.00,0,0
1544345446,2005-eth1,0.00,0.00,0.00,0,0,0.00,0.00,0.00,0,0,0.00,0.00,0,0
1544345446,3002-eth3,1214307.75,1054871.12,2269179.00,1055926,1215522,711.29,750.25,1461.54,751,712,0.00,0.00,0,0
1544345446,3006-eth3,1223590.50,1056449.62,2280040.00,1057506,1224814,742.26,752.25,1494.51,753,743,0.00,0.00,0,0
1544345446,2001-eth1,3916.08,3916.08,7832.17,3920,3920,39.96,39.96,79.92,40,40,0.00,0.00,0,0
1544345446,3005-eth2,1220713.38,1225692.38,2446405.75,1226918,1221934,830.17,730.27,1560.44,731,831,0.00,0.00,0,0
1544345446,2001-eth2,7832.17,7832.17,15664.34,7840,7840,79.92,79.92,159.84,80,80,0.00,0.00,0,0
1544345446,3007-eth2,601304.69,1225856.12,1827160.88,1227082,601906,748.25,750.25,1498.50,751,749,0.00,0.00,0,0
1544345446,1001-eth1,3916.08,3916.08,7832.17,3920,3920,39.96,39.96,79.92,40,40,0.00,0.00,0,0
1544345446,3007-eth4,278795.22,216359.64,495154.84,216576,279074,192.81,187.81,380.62,188,193,0.00,0.00,0,0
1544345446,2003-eth2,7832.17,7832.17,15664.34,7840,7840,79.92,79.92,159.84,80,80,0.00,0.00,0,0
1544345446,3007-eth3,950020.00,384945.06,1334965.12,385330,950970,558.44,560.44,1118.88,561,559,0.00,0.00,0,0
1544345446,1002-eth1,7832.17,7832.17,15664.34,7840,7840,79.92,79.92,159.84,80,80,0.00,0.00,0,0
1544345446,2002-eth3,7054.95,349424.59,356479.53,349774,7062,106.89,121.88,228.77,122,107,0.00,0.00,0,0
1544345446,2007-eth2,0.00,0.00,0.00,0,0,0.00,0.00,0.00,0,0,0.00,0.00,0,0
1544345446,total,31803064.00,32059218.00,63862284.00,32091276,31834866,22826.17,23414.59,46240.76,23438,22849,0.00,0.00,0,0
1544345447,3003-eth3,852809.19,210335.67,1063144.88,210546,853662,362.64,358.64,721.28,359,363,0.00,0.00,0,0
1544345447,2002-eth1,1145736.25,36857.14,1182593.50,36894,1146882,395.60,541.46,937.06,542,396,0.00,0.00,0,0
1544345447,lo,64000.00,64000.00,128000.00,64064,64064,272.73,272.73,545.45,273,273,0.00,0.00,0,0
1544345447,3005-eth3,941954.06,1152437.62,2094391.62,1153590,942896,639.36,694.31,1333.67,695,640,0.00,0.00,0,0
1544345447,2005-eth3,0.00,0.00,0.00,0,0,0.00,0.00,0.00,0,0,0.00,0.00,0,0
1544345447,3004-eth4,1154913.12,127332.67,1282245.75,127460,1156068,205.79,197.80,403.60,198,206,0.00,0.00,0,0
1544345447,1004-eth2,37536.46,954929.12,992465.56,955884,37574,436.56,397.60,834.17,398,437,0.00,0.00,0,0
1544345447,2004-eth4,2373.63,116915.09,119288.71,117032,2376,35.96,39.96,75.92,40,36,0.00,0.00,0,0
1544345447,1001-eth2,3916.08,3916.08,7832.17,3920,3920,39.96,39.96,79.92,40,40,0.00,0.00,0,0
1544345447,1003-eth3,192665.34,4615.38,197280.72,4620,192858,91.91,69.93,161.84,70,92,0.00,0.00,0,0
1544345447,2002-eth4,1157626.38,1164145.88,2321772.25,1165310,1158784,800.20,718.28,1518.48,719,801,0.00,0.00,0,0
1544345447,1001-eth4,0.00,0.00,0.00,0,0,0.00,0.00,0.00,0,0,0.00,0.00,0,0
1544345447,3001-eth2,405586.44,8697.30,414283.72,8706,405992,139.86,131.87,271.73,132,140,0.00,0.00,0,0
1544345447,1004-eth1,1135412.62,427074.94,1562487.50,427502,1136548,392.61,465.53,858.14,466,393,0.00,0.00,0,0
1544345447,3005-eth4,1163276.75,1167248.75,2330525.50,1168416,1164440,639.36,787.21,1426.57,788,640,0.00,0.00,0,0
1544345447,1003-eth2,852869.12,331021.00,1183890.12,331352,853722,363.64,439.56,803.20,440,364,0.00,0.00,0,0
1544345447,3008-eth1,59.94,0.00,59.94,0,60,1.00,0.00,1.00,0,1,0.00,0.00,0,0
1544345447,1002-eth3,7636.36,7636.36,15272.73,7644,7644,77.92,77.92,155.84,78,78,0.00,0.00,0,0
1544345447,2006-eth1,4615.38,192665.34,197280.72,192858,4620,69.93,91.91,161.84,92,70,0.00,0.00,0,0
1544345447,3003-eth1,7734.27,7636.36,15370.63,7644,7742,78.92,77.92,156.84,78,79,0.00,0.00,0,0
1544345447,2001-eth3,7832.17,7734.27,15566.43,7742,7840,79.92,78.92,158.84,79,80,0.00,0.00,0,0
1544345447,2008-eth2,37596.41,1177986.00,1215582.50,1179164,37634,437.56,533.47,971.03,534,438,0.00,0.00,0,0
1544345447,2008-eth3,1170621.38,578269.75,1748891.12,578848,1171792,709.29,717.28,1426.57,718,710,0.00,0.00,0,0
1544345447,1001-eth3,0.00,0.00,0.00,0,0,0.00,0.00,0.00,0,0,0.00,0.00,0,0
1544345447,2007-eth4,0.00,59.94,59.94,60,0,0.00,1.00,1.00,1,0,0.00,0.00,0,0
1544345447,2004-eth2,954929.12,37536.46,992465.56,37574,955884,397.60,436.56,834.17,437,398,0.00,0.00,0,0
1544345447,3002-eth1,7776.22,7776.22,15552.45,7784,7784,79.92,79.92,159.84,80,80,0.00,0.00,0,0
1544345447,3004-eth1,7832.17,7832.17,15664.34,7840,7840,79.92,79.92,159.84,80,80,0.00,0.00,0,0
1544345447,2006-eth3,1163142.88,1159880.12,2323023.00,1161040,1164306,659.34,763.24,1422.58,764,660,0.00,0.00,0,0
1544345447,3004-eth2,116915.09,2373.63,119288.71,2376,117032,39.96,35.96,75.92,36,40,0.00,0.00,0,0
1544345447,3001-eth3,1161678.38,430773.25,1592451.62,431204,1162840,527.47,521.48,1048.95,522,528,0.00,0.00,0,0
1544345447,2003-eth4,7832.17,7832.17,15664.34,7840,7840,79.92,79.92,159.84,80,80,0.00,0.00,0,0
1544345447,2008-eth4,1168431.62,48009.99,1216441.62,48058,1169600,454.55,560.44,1014.99,561,455,0.00,0.00,0,0
1544345447,3008-eth3,1173108.88,1170467.62,2343576.50,1171638,1174282,832.17,948.05,1780.22,949,833,0.00,0.00,0,0
1544345447,2005-eth2,7636.36,7636.36,15272.73,7644,7644,77.92,77.92,155.84,78,78,0.00,0.00,0,0
1544345447,2006-eth4,19846.15,947354.69,967200.81,948302,19866,300.70,326.67,627.37,327,301,0.00,0.00,0,0
1544345447,3006-eth2,947354.69,19846.15,967200.81,19866,948302,326.67,300.70,627.37,301,327,0.00,0.00,0,0
1544345447,1003-eth4,414457.56,15356.64,429814.19,15372,414872,142.86,232.77,375.62,233,143,0.00,0.00,0,0
1544345447,2006-eth2,1135352.62,21428.57,1156781.25,21450,1136488,391.61,324.68,716.28,325,392,0.00,0.00,0,0
1544345447,3001-eth1,7734.27,7832.17,15566.43,7840,7742,78.92,79.92,158.84,80,79,0.00,0.00,0,0
1544345447,3008-eth2,48009.99,1168431.62,1216441.62,1169600,48058,560.44,454.55,1014.99,455,561,0.00,0.00,0,0
1544345447,2004-eth3,887972.06,1168997.00,2056969.12,1170166,888860,763.24,796.20,1559.44,797,764,0.00,0.00,0,0
1544345447,3001-eth4,33018.98,1168271.75,1201290.75,1169440,33052,461.54,479.52,941.06,480,462,0.00,0.00,0,0
1544345447,1003-eth1,36857.14,1145736.25,1182593.50,1146882,36894,541.46,395.60,937.06,396,542,0.00,0.00,0,0
1544345447,3002-eth2,1164145.88,1157626.38,2321772.25,1158784,1165310,718.28,800.20,1518.48,801,719,0.00,0.00,0,0
1544345447,2005-eth4,7636.36,7636.36,15272.73,7644,7644,77.92,77.92,155.84,78,78,0.00,0.00,0,0
1544345447,3003-eth2,1168997.00,887972.06,2056969.12,888860,1170166,796.20,763.24,1559.44,764,797,0.00,0.00,0,0
1544345447,2007-eth1,0.00,0.00,0.00,0,0,0.00,0.00,0.00,0,0,0.00,0.00,0,0
1544345447,1002-eth4,41.96,41.96,83.92,42,42,1.00,1.00,2.00,1,1,0.00,0.00,0,0
1544345447,3002-eth4,14435.56,465178.84,479614.41,465644,14450,180.82,237.76,418.58,238,181,0.00,0.00,0,0
1544345447,2007-eth3,41.96,41.96,83.92,42,42,1.00,1.00,2.00,1,1,0.00,0.00,0,0
1544345447,3005-eth1,0.00,0.00,0.00,0,0,0.00,0.00,0.00,0,0,0.00,0.00,0,0
1544345447,2001-eth4,7776.22,7776.22,15552.45,7784,7784,79.92,79.92,159.84,80,80,0.00,0.00,0,0
1544345447,3003-eth4,42799.20,767049.00,809848.19,767816,42842,478.52,471.53,950.05,472,479,0.00,0.00,0,0
1544345447,2004-eth1,331021.00,852869.12,1183890.12,853722,331352,439.56,363.64,803.20,364,440,0.00,0.00,0,0
1544345447,3006-eth4,32691.31,1163702.38,1196393.62,1164866,32724,457.54,476.52,934.07,477,458,0.00,0.00,0,0
1544345447,3007-eth1,41.96,41.96,83.92,42,42,1.00,1.00,2.00,1,1,0.00,0.00,0,0
1544345447,2008-eth1,15356.64,414457.56,429814.19,414872,15372,232.77,142.86,375.62,143,233,0.00,0.00,0,0
1544345447,2002-eth2,427074.94,1135412.62,1562487.50,1136548,427502,465.53,392.61,858.14,393,466,0.00,0.00,0,0
1544345447,2003-eth1,3916.08,3916.08,7832.17,3920,3920,39.96,39.96,79.92,40,40,0.00,0.00,0,0
1544345447,3008-eth4,1169182.88,459584.44,1628767.25,460044,1170352,599.40,585.41,1184.82,586,600,0.00,0.00,0,0
1544345447,1004-eth4,1177986.00,37596.41,1215582.50,37634,1179164,533.47,437.56,971.03,438,534,0.00,0.00,0,0
1544345447,3006-eth1,7636.36,7636.36,15272.73,7644,7644,77.92,77.92,155.84,78,78,0.00,0.00,0,0
1544345447,1004-eth3,21428.57,1135352.62,1156781.25,1136488,21450,324.68,391.61,716.28,392,325,0.00,0.00,0,0
1544345447,1002-eth2,7636.36,7734.27,15370.63,7742,7644,77.92,78.92,156.84,79,78,0.00,0.00,0,0
1544345447,3004-eth3,18315.69,1160371.62,1178687.38,1161532,18334,238.76,249.75,488.51,250,239,0.00,0.00,0,0
1544345447,2003-eth3,7636.36,7734.27,15370.63,7742,7644,77.92,78.92,156.84,79,78,0.00,0.00,0,0
1544345447,2005-eth1,0.00,0.00,0.00,0,0,0.00,0.00,0.00,0,0,0.00,0.00,0,0
1544345447,3002-eth3,1150813.25,1029422.62,2180235.75,1030452,1151964,697.30,737.26,1434.57,738,698,0.00,0.00,0,0
1544345447,3006-eth3,1170455.62,972409.62,2142865.25,973382,1171626,704.30,706.29,1410.59,707,705,0.00,0.00,0,0
1544345447,2001-eth1,3916.08,3916.08,7832.17,3920,3920,39.96,39.96,79.92,40,40,0.00,0.00,0,0
1544345447,3005-eth2,1159880.12,1163142.88,2323023.00,1164306,1161040,763.24,659.34,1422.58,660,764,0.00,0.00,0,0
1544345447,2001-eth2,7678.32,7776.22,15454.55,7784,7686,78.92,79.92,158.84,80,79,0.00,0.00,0,0
1544345447,3007-eth2,578269.75,1170621.38,1748891.12,1171792,578848,717.28,709.29,1426.57,710,718,0.00,0.00,0,0
1544345447,1001-eth1,3916.08,3916.08,7832.17,3920,3920,39.96,39.96,79.92,40,40,0.00,0.00,0,0
1544345447,3007-eth4,312797.22,163860.14,476657.34,164024,313110,158.84,159.84,318.68,160,159,0.00,0.00,0,0
1544345447,2003-eth2,7734.27,7636.36,15370.63,7644,7742,78.92,77.92,156.84,78,79,0.00,0.00,0,0
1544345447,3007-eth3,857866.19,414595.41,1272461.62,415010,858724,551.45,560.44,1111.89,561,552,0.00,0.00,0,0
1544345447,1002-eth1,7776.22,7678.32,15454.55,7686,7784,79.92,78.92,158.84,79,80,0.00,0.00,0,0
1544345447,2002-eth3,8697.30,405586.44,414283.72,405992,8706,131.87,139.86,271.73,140,132,0.00,0.00,0,0
1544345447,2007-eth2,41.96,41.96,83.92,42,42,1.00,1.00,2.00,1,1,0.00,0.00,0,0
1544345447,total,30542298.00,31315224.00,61857520.00,31346538,30572840,23009.99,23446.55,46456.54,23470,23033,0.00,0.00,0,0
1544345448,3003-eth3,833414.62,254245.77,1087660.38,254500,834248,375.62,377.62,753.25,378,376,0.00,0.00,0,0
1544345448,2002-eth1,1196046.00,51782.22,1247828.25,51834,1197242,412.59,594.41,1006.99,595,413,0.00,0.00,0,0
1544345448,lo,7832.17,7832.17,15664.34,7840,7840,76.92,76.92,153.85,77,77,0.00,0.00,0,0
1544345448,3005-eth3,978056.00,1079252.75,2057308.75,1080332,979034,660.34,681.32,1341.66,682,661,0.00,0.00,0,0
1544345448,2005-eth3,0.00,0.00,0.00,0,0,0.00,0.00,0.00,0,0,0.00,0.00,0,0
1544345448,3004-eth4,1198243.75,128911.09,1327154.88,129040,1199442,204.80,199.80,404.60,200,205,0.00,0.00,0,0
1544345448,1004-eth2,38879.12,883478.56,922357.69,884362,38918,455.54,520.48,976.02,521,456,0.00,0.00,0,0
1544345448,2004-eth4,2241.76,118427.58,120669.34,118546,2244,33.97,40.96,74.93,41,34,0.00,0.00,0,0
1544345448,1001-eth2,3878.12,3818.18,7696.30,3822,3882,39.96,38.96,78.92,39,40,0.00,0.00,0,0
1544345448,1003-eth3,302877.12,5934.07,308811.19,5940,303180,117.88,89.91,207.79,90,118,0.00,0.00,0,0
1544345448,2002-eth4,1220127.88,1219386.62,2439514.50,1220606,1221348,897.10,766.23,1663.34,767,898,0.00,0.00,0,0
1544345448,1001-eth4,59.94,59.94,119.88,60,60,1.00,1.00,2.00,1,1,0.00,0.00,0,0
1544345448,3001-eth2,301954.06,6329.67,308283.72,6336,302256,103.90,95.90,199.80,96,104,0.00,0.00,0,0
1544345448,1004-eth1,1191574.50,325294.72,1516869.12,325620,1192766,410.59,457.54,868.13,458,411,0.00,0.00,0,0
1544345448,3005-eth4,1217656.38,1220779.25,2438435.75,1222000,1218874,652.35,831.17,1483.52,832,653,0.00,0.00,0,0
1544345448,1003-eth2,833414.62,459148.88,1292563.50,459608,834248,375.62,561.44,937.06,562,376,0.00,0.00,0,0
1544345448,3008-eth1,0.00,59.94,59.94,60,0,0.00,1.00,1.00,1,0,0.00,0.00,0,0
1544345448,1002-eth3,7892.11,7794.21,15686.31,7802,7900,80.92,79.92,160.84,80,81,0.00,0.00,0,0
1544345448,2006-eth1,5934.07,302877.12,308811.19,303180,5940,89.91,117.88,207.79,118,90,0.00,0.00,0,0
1544345448,3003-eth1,7636.36,7636.36,15272.73,7644,7644,77.92,77.92,155.84,78,78,0.00,0.00,0,0
1544345448,2001-eth3,7734.27,7892.11,15626.37,7900,7742,78.92,80.92,159.84,81,79,0.00,0.00,0,0
1544345448,2008-eth2,38819.18,1223015.00,1261834.25,1224238,38858,454.55,470.53,925.07,471,455,0.00,0.00,0,0
1544345448,2008-eth3,1226179.88,1051148.88,2277328.75,1052200,1227406,945.05,1044.96,1990.01,1046,946,0.00,0.00,0,0
1544345448,1001-eth3,59.94,59.94,119.88,60,60,1.00,1.00,2.00,1,1,0.00,0.00,0,0
1544345448,2007-eth4,59.94,0.00,59.94,0,60,1.00,0.00,1.00,0,1,0.00,0.00,0,0
1544345448,2004-eth2,883478.56,38879.12,922357.69,38918,884362,520.48,455.54,976.02,456,521,0.00,0.00,0,0
1544345448,3002-eth1,7734.27,7734.27,15468.53,7742,7742,78.92,78.92,157.84,79,79,0.00,0.00,0,0
1544345448,3004-eth1,7832.17,7832.17,15664.34,7840,7840,79.92,79.92,159.84,80,80,0.00,0.00,0,0
1544345448,2006-eth3,1218999.00,1219988.00,2438987.00,1221208,1220218,804.20,819.18,1623.38,820,805,0.00,0.00,0,0
1544345448,3004-eth2,118427.58,2241.76,120669.34,2244,118546,40.96,33.97,74.93,34,41,0.00,0.00,0,0
1544345448,3001-eth3,1218677.38,328327.69,1547005.00,328656,1219896,514.49,503.50,1017.98,504,515,0.00,0.00,0,0
1544345448,2003-eth4,7832.17,7832.17,15664.34,7840,7840,79.92,79.92,159.84,80,80,0.00,0.00,0,0
1544345448,2008-eth4,1229934.12,38527.47,1268461.62,38566,1231164,553.45,448.55,1002.00,449,554,0.00,0.00,0,0
1544345448,3008-eth3,1229378.62,1218611.38,2447990.00,1219830,1230608,786.21,942.06,1728.27,943,787,0.00,0.00,0,0
1544345448,2005-eth2,7794.21,7892.11,15686.31,7900,7802,79.92,80.92,160.84,81,80,0.00,0.00,0,0
1544345448,2006-eth4,21032.97,968067.94,989100.94,969036,21054,318.68,333.67,652.35,334,319,0.00,0.00,0,0
1544345448,3006-eth2,968067.94,21032.97,989100.94,21054,969036,333.67,318.68,652.35,319,334,0.00,0.00,0,0
1544345448,1003-eth4,486993.03,13938.06,500931.09,13952,487480,167.83,191.81,359.64,192,168,0.00,0.00,0,0
1544345448,2006-eth2,1191574.50,23400.60,1214975.00,23424,1192766,410.59,354.65,765.23,355,411,0.00,0.00,0,0
1544345448,3001-eth1,7892.11,7734.27,15626.37,7742,7900,80.92,78.92,159.84,79,81,0.00,0.00,0,0
1544345448,3008-eth2,38527.47,1229934.12,1268461.62,1231164,38566,448.55,553.45,1002.00,554,449,0.00,0.00,0,0
1544345448,2004-eth3,869992.06,1224105.88,2094098.00,1225330,870862,796.20,1039.96,1836.16,1041,797,0.00,0.00,0,0
1544345448,3001-eth4,34167.83,1218673.38,1252841.25,1219892,34202,479.52,497.50,977.02,498,480,0.00,0.00,0,0
1544345448,1003-eth1,51782.22,1196046.00,1247828.25,1197242,51834,594.41,412.59,1006.99,413,595,0.00,0.00,0,0
1544345448,3002-eth2,1219386.62,1220127.88,2439514.50,1221348,1220606,766.23,897.10,1663.34,898,767,0.00,0.00,0,0
1544345448,2005-eth4,7832.17,7734.27,15566.43,7742,7840,79.92,78.92,158.84,79,80,0.00,0.00,0,0
1544345448,3003-eth2,1224105.88,869992.06,2094098.00,870862,1225330,1039.96,796.20,1836.16,797,1041,0.00,0.00,0,0
1544345448,2007-eth1,59.94,59.94,119.88,60,60,1.00,1.00,2.00,1,1,0.00,0.00,0,0
1544345448,1002-eth4,59.94,59.94,119.88,60,60,1.00,1.00,2.00,1,1,0.00,0.00,0,0
1544345448,3002-eth4,15342.66,321726.28,337068.94,322048,15358,174.83,211.79,386.61,212,175,0.00,0.00,0,0
1544345448,2007-eth3,59.94,0.00,59.94,0,60,1.00,0.00,1.00,0,1,0.00,0.00,0,0
1544345448,3005-eth1,0.00,0.00,0.00,0,0,0.00,0.00,0.00,0,0,0.00,0.00,0,0
1544345448,2001-eth4,7734.27,7734.27,15468.53,7742,7742,78.92,78.92,157.84,79,79,0.00,0.00,0,0
1544345448,3003-eth4,44213.79,643726.31,687940.06,644370,44258,498.50,444.56,943.06,445,499,0.00,0.00,0,0
1544345448,2004-eth1,459148.88,833414.62,1292563.50,834248,459608,561.44,375.62,937.06,376,562,0.00,0.00,0,0
1544345448,3006-eth4,33942.06,1220088.00,1254030.00,1221308,33976,475.52,497.50,973.03,498,476,0.00,0.00,0,0
1544345448,3007-eth1,0.00,59.94,59.94,60,0,0.00,1.00,1.00,1,0,0.00,0.00,0,0
1544345448,2008-eth1,13938.06,486993.03,500931.09,487480,13952,191.81,167.83,359.64,168,192,0.00,0.00,0,0
1544345448,2002-eth2,325294.72,1191574.50,1516869.12,1192766,325620,457.54,410.59,868.13,411,458,0.00,0.00,0,0
1544345448,2003-eth1,3818.18,3878.12,7696.30,3882,3822,38.96,39.96,78.92,40,39,0.00,0.00,0,0
1544345448,3008-eth4,1220939.12,319986.03,1540925.12,320306,1222160,540.46,552.45,1092.91,553,541,0.00,0.00,0,0
1544345448,1004-eth4,1223015.00,38819.18,1261834.25,38858,1224238,470.53,454.55,925.07,455,471,0.00,0.00,0,0
1544345448,3006-eth1,7734.27,7832.17,15566.43,7840,7742,78.92,79.92,158.84,80,79,0.00,0.00,0,0
1544345448,1004-eth3,23400.60,1191574.50,1214975.00,1192766,23424,354.65,410.59,765.23,411,355,0.00,0.00,0,0
1544345448,1002-eth2,7794.21,7734.27,15528.47,7742,7802,79.92,78.92,158.84,79,80,0.00,0.00,0,0
1544345448,3004-eth3,18315.69,1205346.62,1223662.38,1206552,18334,238.76,251.75,490.51,252,239,0.00,0.00,0,0
1544345448,2003-eth3,7636.36,7636.36,15272.73,7644,7644,77.92,77.92,155.84,78,78,0.00,0.00,0,0
1544345448,2005-eth1,59.94,59.94,119.88,60,60,1.00,1.00,2.00,1,1,0.00,0.00,0,0
1544345448,3002-eth3,1212519.50,936331.69,2148851.25,937268,1213732,801.20,817.18,1618.38,818,802,0.00,0.00,0,0
1544345448,3006-eth3,1219906.12,994177.88,2214084.00,995172,1221126,730.27,729.27,1459.54,730,731,0.00,0.00,0,0
1544345448,2001-eth1,3818.18,3878.12,7696.30,3882,3822,38.96,39.96,78.92,40,39,0.00,0.00,0,0
1544345448,3005-eth2,1219988.00,1218999.00,2438987.00,1220218,1221208,819.18,804.20,1623.38,805,820,0.00,0.00,0,0
1544345448,2001-eth2,7832.17,7794.21,15626.37,7802,7840,79.92,79.92,159.84,80,80,0.00,0.00,0,0
1544345448,3007-eth2,1051148.88,1226179.88,2277328.75,1227406,1052200,1044.96,945.05,1990.01,946,1046,0.00,0.00,0,0
1544345448,1001-eth1,3878.12,3818.18,7696.30,3822,3882,39.96,38.96,78.92,39,40,0.00,0.00,0,0
1544345448,3007-eth4,304529.47,623372.62,927902.12,623996,304834,344.66,417.58,762.24,418,345,0.00,0.00,0,0
1544345448,2003-eth2,7734.27,7794.21,15528.47,7802,7742,78.92,79.92,158.84,80,79,0.00,0.00,0,0
1544345448,3007-eth3,921590.44,427632.38,1349222.88,428060,922512,599.40,625.37,1224.78,626,600,0.00,0.00,0,0
1544345448,1002-eth1,7794.21,7832.17,15626.37,7840,7802,79.92,79.92,159.84,80,80,0.00,0.00,0,0
1544345448,2002-eth3,6329.67,301954.06,308283.72,302256,6336,95.90,103.90,199.80,104,96,0.00,0.00,0,0
1544345448,2007-eth2,59.94,59.94,119.88,60,60,1.00,1.00,2.00,1,1,0.00,0.00,0,0
1544345448,total,32051652.00,32491946.00,64543600.00,32524438,32083702,24679.32,25182.82,49862.14,25208,24704,0.00,0.00,0,0
1544345449,3003-eth3,873084.94,272747.25,1145832.25,273020,873958,494.51,497.50,992.01,498,495,0.00,0.00,0,0
1544345449,2002-eth1,1187980.00,55328.67,1243308.75,55384,1189168,531.47,615.38,1146.85,616,532,0.00,0.00,0,0
1544345449,lo,6751.25,6751.25,13502.50,6758,6758,65.93,65.93,131.87,66,66,0.00,0.00,0,0
1544345449,3005-eth3,953586.44,1004683.38,1958269.75,1005688,954540,640.36,647.35,1287.71,648,641,0.00,0.00,0,0
1544345449,2005-eth3,0.00,0.00,0.00,0,0,0.00,0.00,0.00,0,0,0.00,0.00,0,0
1544345449,3004-eth4,1196329.75,108263.74,1304593.50,108372,1197526,197.80,193.81,391.61,194,198,0.00,0.00,0,0
1544345449,1004-eth2,32139.86,648441.56,680581.44,649090,32172,349.65,312.69,662.34,313,350,0.00,0.00,0,0
1544345449,2004-eth4,1714.29,97774.23,99488.52,97872,1716,25.97,34.97,60.94,35,26,0.00,0.00,0,0
1544345449,1001-eth2,3818.18,3780.22,7598.40,3784,3822,38.96,38.96,77.92,39,39,0.00,0.00,0,0
1544345449,1003-eth3,234621.39,5868.13,240489.52,5874,234856,91.91,88.91,180.82,89,92,0.00,0.00,0,0
1544345449,2002-eth4,1214629.38,1213826.25,2428455.50,1215040,1215844,915.08,923.08,1838.16,924,916,0.00,0.00,0,0
1544345449,1001-eth4,0.00,0.00,0.00,0,0,0.00,0.00,0.00,0,0,0.00,0.00,0,0
1544345449,3001-eth2,281240.78,5934.07,287174.84,5940,281522,96.90,89.91,186.81,90,97,0.00,0.00,0,0
1544345449,1004-eth1,1190127.88,307086.91,1497214.88,307394,1191318,410.59,488.51,899.10,489,411,0.00,0.00,0,0
1544345449,3005-eth4,1210052.00,1214004.00,2424056.00,1215218,1211262,778.22,816.18,1594.41,817,779,0.00,0.00,0,0
1544345449,1003-eth2,873084.94,370273.75,1243358.62,370644,873958,494.51,529.47,1023.98,530,495,0.00,0.00,0,0
1544345449,3008-eth1,0.00,0.00,0.00,0,0,0.00,0.00,0.00,0,0,0.00,0.00,0,0
1544345449,1002-eth3,7734.27,7832.17,15566.43,7840,7742,78.92,79.92,158.84,80,79,0.00,0.00,0,0
1544345449,2006-eth1,5868.13,234621.39,240489.52,234856,5874,88.91,91.91,180.82,92,89,0.00,0.00,0,0
1544345449,3003-eth1,7538.46,7794.21,15332.67,7802,7546,76.92,79.92,156.84,80,77,0.00,0.00,0,0
1544345449,2001-eth3,7892.11,7734.27,15626.37,7742,7900,80.92,78.92,159.84,79,81,0.00,0.00,0,0
1544345449,2008-eth2,32139.86,1223960.12,1256099.88,1225184,32172,349.65,638.36,988.01,639,350,0.00,0.00,0,0
1544345449,2008-eth3,1214060.00,732861.19,1946921.12,733594,1215274,752.25,767.23,1519.48,768,753,0.00,0.00,0,0
1544345449,1001-eth3,0.00,0.00,0.00,0,0,0.00,0.00,0.00,0,0,0.00,0.00,0,0
1544345449,2007-eth4,0.00,0.00,0.00,0,0,0.00,0.00,0.00,0,0,0.00,0.00,0,0
1544345449,2004-eth2,648441.56,32139.86,680581.44,32172,649090,312.69,349.65,662.34,350,313,0.00,0.00,0,0
1544345449,3002-eth1,7734.27,7598.40,15332.67,7606,7742,78.92,77.92,156.84,78,79,0.00,0.00,0,0
1544345449,3004-eth1,7794.21,7794.21,15588.41,7802,7802,79.92,79.92,159.84,80,80,0.00,0.00,0,0
1544345449,2006-eth3,1221488.50,1214917.12,2436405.75,1216132,1222710,754.25,808.19,1562.44,809,755,0.00,0.00,0,0
1544345449,3004-eth2,97774.23,1714.29,99488.52,1716,97872,34.97,25.97,60.94,26,35,0.00,0.00,0,0
1544345449,3001-eth3,1207898.12,307416.59,1515314.75,307724,1209106,504.50,493.51,998.00,494,505,0.00,0.00,0,0
1544345449,2003-eth4,7794.21,7794.21,15588.41,7802,7802,79.92,79.92,159.84,80,80,0.00,0.00,0,0
1544345449,2008-eth4,1218295.75,48183.82,1266479.50,48232,1219514,552.45,555.44,1107.89,556,553,0.00,0.00,0,0
1544345449,3008-eth3,1224343.75,1133638.38,2357982.00,1134772,1225568,907.09,981.02,1888.11,982,908,0.00,0.00,0,0
1544345449,2005-eth2,7832.17,7734.27,15566.43,7742,7840,79.92,78.92,158.84,79,80,0.00,0.00,0,0
1544345449,2006-eth4,20373.63,908887.12,929260.75,909796,20394,308.69,313.69,622.38,314,309,0.00,0.00,0,0
1544345449,3006-eth2,908887.12,20373.63,929260.75,20394,909796,313.69,308.69,622.38,309,314,0.00,0.00,0,0
1544345449,1003-eth4,418477.53,17390.61,435868.16,17408,418896,159.84,211.79,371.63,212,160,0.00,0.00,0,0
1544345449,2006-eth2,1190127.88,25846.15,1215974.00,25872,1191318,410.59,391.61,802.20,392,411,0.00,0.00,0,0
1544345449,3001-eth1,7734.27,7892.11,15626.37,7900,7742,78.92,80.92,159.84,81,79,0.00,0.00,0,0
1544345449,3008-eth2,48183.82,1218295.75,1266479.50,1219514,48232,555.44,552.45,1107.89,553,556,0.00,0.00,0,0
1544345449,2004-eth3,903510.50,921001.00,1824511.50,921922,904414,818.18,808.19,1626.37,809,819,0.00,0.00,0,0
1544345449,3001-eth4,34007.99,1209698.38,1243706.38,1210908,34042,476.52,493.51,970.03,494,477,0.00,0.00,0,0
1544345449,1003-eth1,55328.67,1187980.00,1243308.75,1189168,55384,615.38,531.47,1146.85,532,616,0.00,0.00,0,0
1544345449,3002-eth2,1213826.25,1214629.38,2428455.50,1215844,1215040,923.08,915.08,1838.16,916,924,0.00,0.00,0,0
1544345449,2005-eth4,7734.27,7892.11,15626.37,7900,7742,78.92,80.92,159.84,81,79,0.00,0.00,0,0
1544345449,3003-eth2,921001.00,903510.50,1824511.50,904414,921922,808.19,818.18,1626.37,819,809,0.00,0.00,0,0
1544345449,2007-eth1,0.00,0.00,0.00,0,0,0.00,0.00,0.00,0,0,0.00,0.00,0,0
1544345449,1002-eth4,0.00,0.00,0.00,0,0,0.00,0.00,0.00,0,0,0.00,0.00,0,0
1544345449,3002-eth4,18619.38,298911.09,317530.47,299210,18638,194.81,216.78,411.59,217,195,0.00,0.00,0,0
1544345449,2007-eth3,0.00,59.94,59.94,60,0,0.00,1.00,1.00,1,0,0.00,0.00,0,0
1544345449,3005-eth1,0.00,0.00,0.00,0,0,0.00,0.00,0.00,0,0,0.00,0.00,0,0
1544345449,2001-eth4,7598.40,7734.27,15332.67,7742,7606,77.92,78.92,156.84,79,78,0.00,0.00,0,0
1544345449,3003-eth4,38159.84,663410.62,701570.44,664074,38198,402.60,392.61,795.20,393,403,0.00,0.00,0,0
1544345449,2004-eth1,370273.75,873084.94,1243358.62,873958,370644,529.47,494.51,1023.98,495,530,0.00,0.00,0,0
1544345449,3006-eth4,33838.16,1212755.25,1246593.50,1213968,33872,474.53,495.50,970.03,496,475,0.00,0.00,0,0
1544345449,3007-eth1,59.94,0.00,59.94,0,60,1.00,0.00,1.00,0,1,0.00,0.00,0,0
1544345449,2008-eth1,17390.61,418477.53,435868.16,418896,17408,211.79,159.84,371.63,160,212,0.00,0.00,0,0
1544345449,2002-eth2,307086.91,1190127.88,1497214.88,1191318,307394,488.51,410.59,899.10,411,489,0.00,0.00,0,0
1544345449,2003-eth1,3780.22,3818.18,7598.40,3822,3784,38.96,38.96,77.92,39,39,0.00,0.00,0,0
1544345449,3008-eth4,1213362.62,422299.72,1635662.38,422722,1214576,581.42,568.43,1149.85,569,582,0.00,0.00,0,0
1544345449,1004-eth4,1223960.12,32139.86,1256099.88,32172,1225184,638.36,349.65,988.01,350,639,0.00,0.00,0,0
1544345449,3006-eth1,7892.11,7734.27,15626.37,7742,7900,80.92,78.92,159.84,79,81,0.00,0.00,0,0
1544345449,1004-eth3,25846.15,1190127.88,1215974.00,1191318,25872,391.61,410.59,802.20,411,392,0.00,0.00,0,0
1544345449,1002-eth2,7832.17,7794.21,15626.37,7802,7840,79.92,79.92,159.84,80,80,0.00,0.00,0,0
1544345449,3004-eth3,18343.66,1200777.25,1219120.88,1201978,18362,239.76,248.75,488.51,249,240,0.00,0.00,0,0
1544345449,2003-eth3,7794.21,7538.46,15332.67,7546,7802,79.92,76.92,156.84,77,80,0.00,0.00,0,0
1544345449,2005-eth1,0.00,0.00,0.00,0,0,0.00,0.00,0.00,0,0,0.00,0.00,0,0
1544345449,3002-eth3,1203642.38,889910.12,2093552.50,890800,1204846,798.20,815.18,1613.39,816,799,0.00,0.00,0,0
1544345449,3006-eth3,1209902.12,934931.12,2144833.25,935866,1211112,710.29,708.29,1418.58,709,711,0.00,0.00,0,0
1544345449,2001-eth1,3818.18,3720.28,7538.46,3724,3822,38.96,37.96,76.92,38,39,0.00,0.00,0,0
1544345449,3005-eth2,1214917.12,1221488.50,2436405.75,1222710,1216132,808.19,754.25,1562.44,755,809,0.00,0.00,0,0
1544345449,2001-eth2,7832.17,7832.17,15664.34,7840,7840,79.92,79.92,159.84,80,80,0.00,0.00,0,0
1544345449,3007-eth2,732861.19,1214060.00,1946921.12,1215274,733594,767.23,752.25,1519.48,753,768,0.00,0.00,0,0
1544345449,1001-eth1,3720.28,3818.18,7538.46,3822,3724,37.96,38.96,76.92,39,38,0.00,0.00,0,0
1544345449,3007-eth4,362987.03,179560.44,542547.44,179740,363350,189.81,191.81,381.62,192,190,0.00,0.00,0,0
1544345449,2003-eth2,7794.21,7832.17,15626.37,7840,7802,79.92,79.92,159.84,80,80,0.00,0.00,0,0
1544345449,3007-eth3,851192.81,553334.69,1404527.50,553888,852044,564.44,575.42,1139.86,576,565,0.00,0.00,0,0
1544345449,1002-eth1,7832.17,7832.17,15664.34,7840,7840,79.92,79.92,159.84,80,80,0.00,0.00,0,0
1544345449,2002-eth3,5934.07,281240.78,287174.84,281522,5940,89.91,96.90,186.81,97,90,0.00,0.00,0,0
1544345449,2007-eth2,0.00,0.00,0.00,0,0,0.00,0.00,0.00,0,0,0.00,0.00,0,0
1544345449,total,30827256.00,30784246.00,61611504.00,30815030,30858082,24247.75,24428.57,48676.32,24453,24272,0.00,0.00,0,0
1544345450,3003-eth3,912407.62,307080.94,1219488.50,307388,913320,542.46,543.46,1085.91,544,543,0.00,0.00,0,0
1544345450,2002-eth1,1189434.62,55746.25,1245180.88,55802,1190624,575.42,612.39,1187.81,613,576,0.00,0.00,0,0
1544345450,lo,64251.75,64251.75,128503.50,64316,64316,275.72,275.72,551.45,276,276,0.00,0.00,0,0
1544345450,3005-eth3,955958.06,964703.31,1920661.38,965668,956914,632.37,633.37,1265.73,634,633,0.00,0.00,0,0
1544345450,2005-eth3,0.00,59.94,59.94,60,0,0.00,1.00,1.00,1,0,0.00,0.00,0,0
1544345450,3004-eth4,1196665.38,130489.52,1327154.88,130620,1197862,202.80,201.80,404.60,202,203,0.00,0.00,0,0
1544345450,1004-eth2,45916.09,801738.31,847654.38,802540,45962,496.50,465.53,962.04,466,497,0.00,0.00,0,0
1544345450,2004-eth4,1780.22,119874.13,121654.35,119994,1782,26.97,40.96,67.93,41,27,0.00,0.00,0,0
1544345450,1001-eth2,3916.08,3916.08,7832.17,3920,3920,39.96,39.96,79.92,40,40,0.00,0.00,0,0
1544345450,1003-eth3,264343.66,6851.15,271194.81,6858,264608,103.90,103.90,207.79,104,104,0.00,0.00,0,0
1544345450,2002-eth4,1210297.75,1215940.12,2426237.75,1217156,1211508,945.05,977.02,1922.08,978,946,0.00,0.00,0,0
1544345450,1001-eth4,0.00,0.00,0.00,0,0,0.00,0.00,0.00,0,0,0.00,0.00,0,0
1544345450,3001-eth2,202853.16,4285.71,207138.86,4290,203056,70.93,64.94,135.86,65,71,0.00,0.00,0,0
1544345450,1004-eth1,1178291.75,229298.70,1407590.50,229528,1179470,406.59,471.53,878.12,472,407,0.00,0.00,0,0
1544345450,3005-eth4,1211286.75,1210125.88,2421412.75,1211336,1212498,731.27,823.18,1554.45,824,732,0.00,0.00,0,0
1544345450,1003-eth2,912347.69,425596.41,1337944.12,426022,913260,541.46,585.41,1126.87,586,542,0.00,0.00,0,0
1544345450,3008-eth1,0.00,0.00,0.00,0,0,0.00,0.00,0.00,0,0,0.00,0.00,0,0
1544345450,1002-eth3,7832.17,7832.17,15664.34,7840,7840,79.92,79.92,159.84,80,80,0.00,0.00,0,0
1544345450,2006-eth1,6851.15,264343.66,271194.81,264608,6858,103.90,103.90,207.79,104,104,0.00,0.00,0,0
1544345450,3003-eth1,7892.11,7832.17,15724.28,7840,7900,80.92,79.92,160.84,80,81,0.00,0.00,0,0
1544345450,2001-eth3,7734.27,7832.17,15566.43,7840,7742,78.92,79.92,158.84,80,79,0.00,0.00,0,0
1544345450,2008-eth2,45916.09,1219874.12,1265790.25,1221094,45962,496.50,554.45,1050.95,555,497,0.00,0.00,0,0
1544345450,2008-eth3,1223864.12,1088379.62,2312243.75,1089468,1225088,1026.97,1012.99,2039.96,1014,1028,0.00,0.00,0,0
1544345450,1001-eth3,0.00,0.00,0.00,0,0,0.00,0.00,0.00,0,0,0.00,0.00,0,0
1544345450,2007-eth4,0.00,0.00,0.00,0,0,0.00,0.00,0.00,0,0,0.00,0.00,0,0
1544345450,2004-eth2,801738.31,45916.09,847654.38,45962,802540,465.53,496.50,962.04,497,466,0.00,0.00,0,0
1544345450,3002-eth1,7794.21,7832.17,15626.37,7840,7802,79.92,79.92,159.84,80,80,0.00,0.00,0,0
1544345450,3004-eth1,7832.17,7832.17,15664.34,7840,7840,79.92,79.92,159.84,80,80,0.00,0.00,0,0
1544345450,2006-eth3,1211902.12,1205324.75,2417226.75,1206530,1213114,828.17,816.18,1644.36,817,829,0.00,0.00,0,0
1544345450,3004-eth2,119874.13,1780.22,121654.35,1782,119994,40.96,26.97,67.93,27,41,0.00,0.00,0,0
1544345450,3001-eth3,1206315.75,228969.03,1435284.75,229198,1207522,480.52,466.53,947.05,467,481,0.00,0.00,0,0
1544345450,2003-eth4,7832.17,7832.17,15664.34,7840,7840,79.92,79.92,159.84,80,80,0.00,0.00,0,0
1544345450,2008-eth4,1211047.00,30131.87,1241178.88,30162,1212258,464.54,425.57,890.11,426,465,0.00,0.00,0,0
1544345450,3008-eth3,1215326.75,950065.94,2165392.75,951016,1216542,858.14,775.22,1633.37,776,859,0.00,0.00,0,0
1544345450,2005-eth2,7832.17,7832.17,15664.34,7840,7840,79.92,79.92,159.84,80,80,0.00,0.00,0,0
1544345450,2006-eth4,20301.70,947354.69,967656.38,948302,20322,307.69,326.67,634.37,327,308,0.00,0.00,0,0
1544345450,3006-eth2,947354.69,20301.70,967656.38,20322,948302,326.67,307.69,634.37,308,327,0.00,0.00,0,0
1544345450,1003-eth4,403752.25,14427.57,418179.84,14442,404156,177.82,172.83,350.65,173,178,0.00,0.00,0,0
1544345450,2006-eth2,1178351.62,26505.50,1204857.12,26532,1179530,407.59,401.60,809.19,402,408,0.00,0.00,0,0
1544345450,3001-eth1,7832.17,7734.27,15566.43,7742,7840,79.92,78.92,158.84,79,80,0.00,0.00,0,0
1544345450,3008-eth2,30131.87,1211047.00,1241178.88,1212258,30162,425.57,464.54,890.11,465,426,0.00,0.00,0,0
1544345450,2004-eth3,956483.56,1107460.62,2063944.12,1108568,957440,1010.99,1009.99,2020.98,1011,1012,0.00,0.00,0,0
1544345450,3001-eth4,33910.09,1203878.12,1237788.25,1205082,33944,475.52,492.51,968.03,493,476,0.00,0.00,0,0
1544345450,1003-eth1,55746.25,1189434.62,1245180.88,1190624,55802,612.39,575.42,1187.81,576,613,0.00,0.00,0,0
1544345450,3002-eth2,1215940.12,1210297.75,2426237.75,1211508,1217156,977.02,945.05,1922.08,946,978,0.00,0.00,0,0
1544345450,2005-eth4,7832.17,7832.17,15664.34,7840,7840,79.92,79.92,159.84,80,80,0.00,0.00,0,0
1544345450,3003-eth2,1107460.62,956483.56,2063944.12,957440,1108568,1009.99,1010.99,2020.98,1012,1011,0.00,0.00,0,0
1544345450,2007-eth1,0.00,0.00,0.00,0,0,0.00,0.00,0.00,0,0,0.00,0.00,0,0
1544345450,1002-eth4,0.00,0.00,0.00,0,0,0.00,0.00,0.00,0,0,0.00,0.00,0,0
1544345450,3002-eth4,18033.97,394123.88,412157.84,394518,18052,188.81,234.77,423.58,235,189,0.00,0.00,0,0
1544345450,2007-eth3,0.00,0.00,0.00,0,0,0.00,0.00,0.00,0,0,0.00,0.00,0,0
1544345450,3005-eth1,59.94,0.00,59.94,0,60,1.00,0.00,1.00,0,1,0.00,0.00,0,0
1544345450,2001-eth4,7832.17,7794.21,15626.37,7802,7840,79.92,79.92,159.84,80,80,0.00,0.00,0,0
1544345450,3003-eth4,52027.97,802139.88,854167.88,802942,52080,550.45,542.46,1092.91,543,551,0.00,0.00,0,0
1544345450,2004-eth1,425596.41,912347.69,1337944.12,913260,426022,585.41,541.46,1126.87,542,586,0.00,0.00,0,0
1544345450,3006-eth4,33612.39,1206837.25,1240449.62,1208044,33646,470.53,493.51,964.04,494,471,0.00,0.00,0,0
1544345450,3007-eth1,0.00,0.00,0.00,0,0,0.00,0.00,0.00,0,0,0.00,0.00,0,0
1544345450,2008-eth1,14427.57,403752.25,418179.84,404156,14442,172.83,177.82,350.65,178,173,0.00,0.00,0,0
1544345450,2002-eth2,229298.70,1178291.75,1407590.50,1179470,229528,471.53,406.59,878.12,407,472,0.00,0.00,0,0
1544345450,2003-eth1,3916.08,3916.08,7832.17,3920,3920,39.96,39.96,79.92,40,40,0.00,0.00,0,0
1544345450,3008-eth4,1203462.62,275402.59,1478865.12,275678,1204666,552.45,534.47,1086.91,535,553,0.00,0.00,0,0
1544345450,1004-eth4,1219874.12,45916.09,1265790.25,45962,1221094,554.45,496.50,1050.95,497,555,0.00,0.00,0,0
1544345450,3006-eth1,7832.17,7832.17,15664.34,7840,7840,79.92,79.92,159.84,80,80,0.00,0.00,0,0
1544345450,1004-eth3,26505.50,1178351.62,1204857.12,1179530,26532,401.60,407.59,809.19,408,402,0.00,0.00,0,0
1544345450,1002-eth2,7832.17,7832.17,15664.34,7840,7840,79.92,79.92,159.84,80,80,0.00,0.00,0,0
1544345450,3004-eth3,18447.55,1202717.38,1221164.88,1203920,18466,240.76,255.74,496.50,256,241,0.00,0.00,0,0
1544345450,2003-eth3,7832.17,7892.11,15724.28,7900,7840,79.92,80.92,160.84,81,80,0.00,0.00,0,0
1544345450,2005-eth1,0.00,0.00,0.00,0,0,0.00,0.00,0.00,0,0,0.00,0.00,0,0
1544345450,3002-eth3,1200215.88,979270.75,2179486.50,980250,1201416,838.16,832.17,1670.33,833,839,0.00,0.00,0,0
1544345450,3006-eth3,1207608.38,973134.88,2180743.25,974108,1208816,719.28,717.28,1436.56,718,720,0.00,0.00,0,0
1544345450,2001-eth1,3976.02,3916.08,7892.11,3920,3980,40.96,39.96,80.92,40,41,0.00,0.00,0,0
1544345450,3005-eth2,1205324.75,1211902.12,2417226.75,1213114,1206530,816.18,828.17,1644.36,829,817,0.00,0.00,0,0
1544345450,2001-eth2,7892.11,7832.17,15724.28,7840,7900,80.92,79.92,160.84,80,81,0.00,0.00,0,0
1544345450,3007-eth2,1088379.62,1223864.12,2312243.75,1225088,1089468,1012.99,1026.97,2039.96,1028,1014,0.00,0.00,0,0
1544345450,1001-eth1,3916.08,3976.02,7892.11,3980,3920,39.96,40.96,80.92,41,40,0.00,0.00,0,0
1544345450,3007-eth4,322341.66,628685.31,951027.00,629314,322664,343.66,380.62,724.28,381,344,0.00,0.00,0,0
1544345450,2003-eth2,7832.17,7832.17,15664.34,7840,7840,79.92,79.92,159.84,80,80,0.00,0.00,0,0
1544345450,3007-eth3,901522.50,531914.12,1433436.62,532446,902424,683.32,718.28,1401.60,719,684,0.00,0.00,0,0
1544345450,1002-eth1,7832.17,7892.11,15724.28,7900,7840,79.92,80.92,160.84,81,80,0.00,0.00,0,0
1544345450,2002-eth3,4285.71,202853.16,207138.86,203056,4290,64.94,70.93,135.86,71,65,0.00,0.00,0,0
1544345450,2007-eth2,0.00,0.00,0.00,0,0,0.00,0.00,0.00,0,0,0.00,0.00,0,0
1544345450,total,31650150.00,31950546.00,63600696.00,31982496,31681800,26156.84,26291.71,52448.55,26318,26183,0.00,0.00,0,0
1544345451,3003-eth3,861446.56,287848.16,1149294.75,288136,862308,493.51,491.51,985.02,492,494,0.00,0.00,0,0
1544345451,2002-eth1,1183574.50,55398.60,1238973.00,55454,1184758,530.47,635.36,1165.83,636,531,0.00,0.00,0,0
1544345451,lo,7420.58,7420.58,14841.16,7428,7428,72.93,72.93,145.85,73,73,0.00,0.00,0,0
1544345451,3005-eth3,940899.12,949710.31,1890609.50,950660,941840,623.38,625.37,1248.75,626,624,0.00,0.00,0,0
1544345451,2005-eth3,59.94,0.00,59.94,0,60,1.00,0.00,1.00,0,1,0.00,0.00,0,0
1544345451,3004-eth4,1192193.88,137722.28,1329916.12,137860,1193386,200.80,201.80,402.60,202,201,0.00,0.00,0,0
1544345451,1004-eth2,48179.82,917852.19,966032.00,918770,48228,521.48,471.53,993.01,472,522,0.00,0.00,0,0
1544345451,2004-eth4,2037.96,127304.70,129342.66,127432,2040,30.97,43.96,74.93,44,31,0.00,0.00,0,0
1544345451,1001-eth2,3916.08,3916.08,7832.17,3920,3920,39.96,39.96,79.92,40,40,0.00,0.00,0,0
1544345451,1003-eth3,253552.45,6197.80,259750.25,6204,253806,93.91,93.91,187.81,94,94,0.00,0.00,0,0
1544345451,2002-eth4,1198937.12,1205992.00,2404929.25,1207198,1200136,929.07,870.13,1799.20,871,930,0.00,0.00,0,0
1544345451,1001-eth4,0.00,0.00,0.00,0,0,0.00,0.00,0.00,0,0,0.00,0.00,0,0
1544345451,3001-eth2,288671.34,6257.74,294929.09,6264,288960,99.90,94.91,194.81,95,100,0.00,0.00,0,0
1544345451,1004-eth1,1175332.75,311088.91,1486421.62,311400,1176508,405.59,439.56,845.15,440,406,0.00,0.00,0,0
1544345451,3005-eth4,1196513.50,1198549.50,2395063.00,1199748,1197710,814.19,801.20,1615.38,802,815,0.00,0.00,0,0
1544345451,1003-eth2,861506.50,416603.41,1278109.88,417020,862368,494.51,535.46,1029.97,536,495,0.00,0.00,0,0
1544345451,3008-eth1,59.94,0.00,59.94,0,60,1.00,0.00,1.00,0,1,0.00,0.00,0,0
1544345451,1002-eth3,7832.17,7832.17,15664.34,7840,7840,79.92,79.92,159.84,80,80,0.00,0.00,0,0
1544345451,2006-eth1,6197.80,253552.45,259750.25,253806,6204,93.91,93.91,187.81,94,94,0.00,0.00,0,0
1544345451,3003-eth1,7832.17,7832.17,15664.34,7840,7840,79.92,79.92,159.84,80,80,0.00,0.00,0,0
1544345451,2001-eth3,7832.17,7832.17,15664.34,7840,7840,79.92,79.92,159.84,80,80,0.00,0.00,0,0
1544345451,2008-eth2,48239.76,1212789.25,1261029.00,1214002,48288,522.48,644.36,1166.83,645,523,0.00,0.00,0,0
1544345451,2008-eth3,1211846.12,725732.31,1937578.50,726458,1213058,892.11,952.05,1844.16,953,893,0.00,0.00,0,0
1544345451,1001-eth3,0.00,0.00,0.00,0,0,0.00,0.00,0.00,0,0,0.00,0.00,0,0
1544345451,2007-eth4,0.00,59.94,59.94,60,0,0.00,1.00,1.00,1,0,0.00,0.00,0,0
1544345451,2004-eth2,917852.19,48179.82,966032.00,48228,918770,471.53,521.48,993.01,522,472,0.00,0.00,0,0
1544345451,3002-eth1,7832.17,7832.17,15664.34,7840,7840,79.92,79.92,159.84,80,80,0.00,0.00,0,0
1544345451,3004-eth1,7832.17,7832.17,15664.34,7840,7840,79.92,79.92,159.84,80,80,0.00,0.00,0,0
1544345451,2006-eth3,1193676.38,1201706.38,2395382.75,1202908,1194870,793.21,805.19,1598.40,806,794,0.00,0.00,0,0
1544345451,3004-eth2,127304.70,2037.96,129342.66,2040,127432,43.96,30.97,74.93,31,44,0.00,0.00,0,0
1544345451,3001-eth3,1202177.88,314715.28,1516893.12,315030,1203380,505.49,494.51,1000.00,495,506,0.00,0.00,0,0
1544345451,2003-eth4,7832.17,7832.17,15664.34,7840,7840,79.92,79.92,159.84,80,80,0.00,0.00,0,0
1544345451,2008-eth4,1204673.38,27296.70,1231970.12,27324,1205878,521.48,413.59,935.06,414,522,0.00,0.00,0,0
1544345451,3008-eth3,1208753.25,1099516.50,2308269.75,1100616,1209962,868.13,747.25,1615.38,748,869,0.00,0.00,0,0
1544345451,2005-eth2,7832.17,7832.17,15664.34,7840,7840,79.92,79.92,159.84,80,80,0.00,0.00,0,0
1544345451,2006-eth4,20175.82,897110.94,917286.75,898008,20196,305.69,310.69,616.38,311,306,0.00,0.00,0,0
1544345451,3006-eth2,897110.94,20175.82,917286.75,20196,898008,310.69,305.69,616.38,306,311,0.00,0.00,0,0
1544345451,1003-eth4,455690.31,19592.41,475282.72,19612,456146,175.82,236.76,412.59,237,176,0.00,0.00,0,0
1544345451,2006-eth2,1175332.75,22417.58,1197750.25,22440,1176508,405.59,339.66,745.25,340,406,0.00,0.00,0,0
1544345451,3001-eth1,7832.17,7832.17,15664.34,7840,7840,79.92,79.92,159.84,80,80,0.00,0.00,0,0
1544345451,3008-eth2,27296.70,1204673.38,1231970.12,1205878,27324,413.59,521.48,935.06,522,414,0.00,0.00,0,0
1544345451,2004-eth3,907708.31,1207091.00,2114799.25,1208298,908616,986.01,962.04,1948.05,963,987,0.00,0.00,0,0
1544345451,3001-eth4,33876.12,1206837.25,1240713.38,1208044,33910,474.53,493.51,968.03,494,475,0.00,0.00,0,0
1544345451,1003-eth1,55398.60,1183574.50,1238973.00,1184758,55454,635.36,530.47,1165.83,531,636,0.00,0.00,0,0
1544345451,3002-eth2,1205992.00,1198937.12,2404929.25,1200136,1207198,870.13,929.07,1799.20,930,871,0.00,0.00,0,0
1544345451,2005-eth4,7892.11,7832.17,15724.28,7840,7900,80.92,79.92,160.84,80,81,0.00,0.00,0,0
1544345451,3003-eth2,1207091.00,907708.31,2114799.25,908616,1208298,962.04,986.01,1948.05,987,963,0.00,0.00,0,0
1544345451,2007-eth1,0.00,0.00,0.00,0,0,0.00,0.00,0.00,0,0,0.00,0.00,0,0
1544345451,1002-eth4,0.00,0.00,0.00,0,0,0.00,0.00,0.00,0,0,0.00,0.00,0,0
1544345451,3002-eth4,20979.02,304139.88,325118.88,304444,21000,219.78,229.77,449.55,230,220,0.00,0.00,0,0
1544345451,2007-eth3,0.00,0.00,0.00,0,0,0.00,0.00,0.00,0,0,0.00,0.00,0,0
1544345451,3005-eth1,0.00,59.94,59.94,60,0,0.00,1.00,1.00,1,0,0.00,0.00,0,0
1544345451,2001-eth4,7832.17,7832.17,15664.34,7840,7840,79.92,79.92,159.84,80,80,0.00,0.00,0,0
1544345451,3003-eth4,54033.97,934633.38,988667.38,935568,54088,571.43,555.44,1126.87,556,572,0.00,0.00,0,0
1544345451,2004-eth1,416603.41,861506.50,1278109.88,862368,417020,535.46,494.51,1029.97,495,536,0.00,0.00,0,0
1544345451,3006-eth4,33612.39,1206837.25,1240449.62,1208044,33646,470.53,493.51,964.04,494,471,0.00,0.00,0,0
1544345451,3007-eth1,0.00,0.00,0.00,0,0,0.00,0.00,0.00,0,0,0.00,0.00,0,0
1544345451,2008-eth1,19592.41,455690.31,475282.72,456146,19612,236.76,175.82,412.59,176,237,0.00,0.00,0,0
1544345451,2002-eth2,311088.91,1175332.75,1486421.62,1176508,311400,439.56,405.59,845.15,406,440,0.00,0.00,0,0
1544345451,2003-eth1,3916.08,3916.08,7832.17,3920,3920,39.96,39.96,79.92,40,40,0.00,0.00,0,0
1544345451,3008-eth4,1202585.50,326423.59,1529009.00,326750,1203788,529.47,518.48,1047.95,519,530,0.00,0.00,0,0
1544345451,1004-eth4,1212789.25,48239.76,1261029.00,48288,1214002,644.36,522.48,1166.83,523,645,0.00,0.00,0,0
1544345451,3006-eth1,7832.17,7892.11,15724.28,7900,7840,79.92,80.92,160.84,81,80,0.00,0.00,0,0
1544345451,1004-eth3,22417.58,1175332.75,1197750.25,1176508,22440,339.66,405.59,745.25,406,340,0.00,0.00,0,0
1544345451,1002-eth2,7832.17,7832.17,15664.34,7840,7840,79.92,79.92,159.84,80,80,0.00,0.00,0,0
1544345451,3004-eth3,18183.82,1198048.00,1216231.75,1199246,18202,236.76,250.75,487.51,251,237,0.00,0.00,0,0
1544345451,2003-eth3,7832.17,7832.17,15664.34,7840,7840,79.92,79.92,159.84,80,80,0.00,0.00,0,0
1544345451,2005-eth1,0.00,0.00,0.00,0,0,0.00,0.00,0.00,0,0,0.00,0.00,0,0
1544345451,3002-eth3,1184606.88,832387.25,2016994.12,834052,1186976,788.42,744.51,1532.93,746,790,0.00,0.00,0,0
1544345451,3006-eth3,1199371.25,921910.19,2121281.50,923754,1201770,699.60,699.60,1399.20,701,701,0.00,0.00,0,0
1544345451,2001-eth1,3912.18,3912.18,7824.35,3920,3920,39.92,39.92,79.84,40,40,0.00,0.00,0,0
1544345451,3005-eth2,1200507.00,1192485.00,2392992.00,1194870,1202908,804.39,792.42,1596.81,794,806,0.00,0.00,0,0
1544345451,2001-eth2,7824.35,7824.35,15648.70,7840,7840,79.84,79.84,159.68,80,80,0.00,0.00,0,0
1544345451,3007-eth2,725008.00,1210636.75,1935644.75,1213058,726458,951.10,891.22,1842.32,893,953,0.00,0.00,0,0
1544345451,1001-eth1,3912.18,3912.18,7824.35,3920,3920,39.92,39.92,79.84,40,40,0.00,0.00,0,0
1544345451,3007-eth4,294311.38,224532.94,518844.31,224982,294900,245.51,236.53,482.04,237,246,0.00,0.00,0,0
1544345451,2003-eth2,7824.35,7824.35,15648.70,7840,7840,79.84,79.84,159.68,80,80,0.00,0.00,0,0
1544345451,3007-eth3,916325.38,428233.53,1344558.88,429090,918158,645.71,627.74,1273.45,629,647,0.00,0.00,0,0
1544345451,1002-eth1,7824.35,7824.35,15648.70,7840,7840,79.84,79.84,159.68,80,80,0.00,0.00,0,0
1544345451,2002-eth3,6251.50,288383.25,294634.75,288960,6264,94.81,99.80,194.61,100,95,0.00,0.00,0,0
1544345451,2007-eth2,0.00,0.00,0.00,0,0,0.00,0.00,0.00,0,0,0.00,0.00,0,0
1544345451,total,31270368.00,31281346.00,62551716.00,31343908,31332908,25436.13,25260.48,50696.61,25311,25487,0.00,0.00,0,0
1544345452,3003-eth3,875894.25,294059.88,1169954.12,294648,877646,505.99,504.99,1010.98,506,507,0.00,0.00,0,0
1544345452,2002-eth1,1203479.12,55550.90,1259030.00,55662,1205886,564.87,623.75,1188.62,625,566,0.00,0.00,0,0
1544345452,lo,8389.22,8389.22,16778.44,8406,8406,81.84,81.84,163.67,82,82,0.00,0.00,0,0
1544345452,3005-eth3,949157.69,974053.94,1923211.62,976002,951056,630.74,635.73,1266.47,637,632,0.00,0.00,0,0
1544345452,2005-eth3,0.00,0.00,0.00,0,0,0.00,0.00,0.00,0,0,0.00,0.00,0,0
1544345452,3004-eth4,1198097.88,128782.44,1326880.25,129040,1200494,198.60,199.60,398.20,200,199,0.00,0.00,0,0
1544345452,1004-eth2,48582.84,856972.06,905554.94,858686,48680,549.90,482.04,1031.94,483,551,0.00,0.00,0,0
1544345452,2004-eth4,1712.57,118309.38,120021.96,118546,1716,25.95,40.92,66.87,41,26,0.00,0.00,0,0
1544345452,1001-eth2,3776.45,3814.37,7590.82,3822,3784,38.92,38.92,77.84,39,39,0.00,0.00,0,0
1544345452,1003-eth3,256656.69,6718.56,263375.25,6732,257170,100.80,101.80,202.59,102,101,0.00,0.00,0,0
1544345452,2002-eth4,1223247.50,1231077.88,2454325.50,1233540,1225694,908.18,983.03,1891.22,985,910,0.00,0.00,0,0
1544345452,1001-eth4,59.88,59.88,119.76,60,60,1.00,1.00,2.00,1,1,0.00,0.00,0,0
1544345452,3001-eth2,272091.81,5796.41,277888.22,5808,272636,93.81,87.82,181.64,88,94,0.00,0.00,0,0
1544345452,1004-eth1,1191956.12,299684.62,1491640.75,300284,1194340,412.18,511.98,924.15,513,413,0.00,0.00,0,0
1544345452,3005-eth4,1220870.25,1222055.88,2442926.25,1224500,1223312,806.39,824.35,1630.74,826,808,0.00,0.00,0,0
1544345452,1003-eth2,875894.25,412524.97,1288419.25,413350,877646,505.99,547.90,1053.89,549,507,0.00,0.00,0,0
1544345452,3008-eth1,0.00,59.88,59.88,60,0,0.00,1.00,1.00,1,0,0.00,0.00,0,0
1544345452,1002-eth3,7884.23,7726.55,15610.78,7742,7900,80.84,78.84,159.68,79,81,0.00,0.00,0,0
1544345452,2006-eth1,6718.56,256656.69,263375.25,257170,6732,101.80,100.80,202.59,101,102,0.00,0.00,0,0
1544345452,3003-eth1,7726.55,7726.55,15453.09,7742,7742,78.84,78.84,157.68,79,79,0.00,0.00,0,0
1544345452,2001-eth3,7824.35,7884.23,15708.58,7900,7840,79.84,80.84,160.68,81,80,0.00,0.00,0,0
1544345452,2008-eth2,48522.96,1233576.88,1282099.88,1236044,48620,548.90,604.79,1153.69,606,550,0.00,0.00,0,0
1544345452,2008-eth3,1237636.75,889868.31,2127505.00,891648,1240112,929.14,958.08,1887.23,960,931,0.00,0.00,0,0
1544345452,1001-eth3,59.88,0.00,59.88,0,60,1.00,0.00,1.00,0,1,0.00,0.00,0,0
1544345452,2007-eth4,59.88,0.00,59.88,0,60,1.00,0.00,1.00,0,1,0.00,0.00,0,0
1544345452,2004-eth2,856972.06,48582.84,905554.94,48680,858686,482.04,549.90,1031.94,551,483,0.00,0.00,0,0
1544345452,3002-eth1,7628.74,7628.74,15257.49,7644,7644,77.84,77.84,155.69,78,78,0.00,0.00,0,0
1544345452,3004-eth1,7824.35,7726.55,15550.90,7742,7840,79.84,78.84,158.68,79,80,0.00,0.00,0,0
1544345452,2006-eth3,1222834.38,1218770.50,2441604.75,1221208,1225280,770.46,818.36,1588.82,820,772,0.00,0.00,0,0
1544345452,3004-eth2,118309.38,1712.57,120021.96,1716,118546,40.92,25.95,66.87,26,41,0.00,0.00,0,0
1544345452,3001-eth3,1218451.12,298505.00,1516956.12,299102,1220888,506.99,494.01,1001.00,495,508,0.00,0.00,0,0
1544345452,2003-eth4,7726.55,7824.35,15550.90,7840,7742,78.84,79.84,158.68,80,79,0.00,0.00,0,0
1544345452,2008-eth4,1226257.50,24305.39,1250562.88,24354,1228710,450.10,368.26,818.36,369,451,0.00,0.00,0,0
1544345452,3008-eth3,1228682.62,912712.62,2141395.25,914538,1231140,815.37,691.62,1506.99,693,817,0.00,0.00,0,0
1544345452,2005-eth2,7726.55,7884.23,15610.78,7900,7742,78.84,80.84,159.68,81,79,0.00,0.00,0,0
1544345452,2006-eth4,20155.69,970057.94,990213.62,971998,20196,305.39,334.33,639.72,335,306,0.00,0.00,0,0
1544345452,3006-eth2,970057.94,20155.69,990213.62,20196,971998,334.33,305.39,639.72,306,335,0.00,0.00,0,0
1544345452,1003-eth4,452552.91,17992.02,470544.94,18028,453458,200.60,217.56,418.16,218,201,0.00,0.00,0,0
1544345452,2006-eth2,1191896.25,27592.81,1219489.00,27648,1194280,411.18,418.16,829.34,419,412,0.00,0.00,0,0
1544345452,3001-eth1,7884.23,7824.35,15708.58,7840,7900,80.84,79.84,160.68,80,81,0.00,0.00,0,0
1544345452,3008-eth2,24305.39,1226257.50,1250562.88,1228710,24354,368.26,450.10,818.36,451,369,0.00,0.00,0,0
1544345452,2004-eth3,922704.62,1151187.62,2073892.25,1153490,924550,1028.94,989.02,2017.96,991,1031,0.00,0.00,0,0
1544345452,3001-eth4,34297.41,1220413.25,1254710.62,1222854,34366,481.04,498.00,979.04,499,482,0.00,0.00,0,0
1544345452,1003-eth1,55550.90,1203479.12,1259030.00,1205886,55662,623.75,564.87,1188.62,566,625,0.00,0.00,0,0
1544345452,3002-eth2,1231077.88,1223247.50,2454325.50,1225694,1233540,983.03,908.18,1891.22,910,985,0.00,0.00,0,0
1544345452,2005-eth4,7824.35,7726.55,15550.90,7742,7840,79.84,78.84,158.68,79,80,0.00,0.00,0,0
1544345452,3003-eth2,1151187.62,922704.62,2073892.25,924550,1153490,989.02,1028.94,2017.96,1031,991,0.00,0.00,0,0
1544345452,2007-eth1,59.88,59.88,119.76,60,60,1.00,1.00,2.00,1,1,0.00,0.00,0,0
1544345452,1002-eth4,59.88,59.88,119.76,60,60,1.00,1.00,2.00,1,1,0.00,0.00,0,0
1544345452,3002-eth4,18698.60,301796.41,320495.03,302400,18736,195.61,199.60,395.21,200,196,0.00,0.00,0,0
1544345452,2007-eth3,59.88,0.00,59.88,0,60,1.00,0.00,1.00,0,1,0.00,0.00,0,0
1544345452,3005-eth1,0.00,0.00,0.00,0,0,0.00,0.00,0.00,0,0,0.00,0.00,0,0
1544345452,2001-eth4,7628.74,7628.74,15257.49,7644,7644,77.84,77.84,155.69,78,78,0.00,0.00,0,0
1544345452,3003-eth4,54536.93,855698.62,910235.56,857410,54646,601.80,555.89,1157.68,557,603,0.00,0.00,0,0
1544345452,2004-eth1,412524.97,875894.25,1288419.25,877646,413350,547.90,505.99,1053.89,507,549,0.00,0.00,0,0
1544345452,3006-eth4,33974.05,1223271.50,1257245.50,1225718,34042,476.05,498.00,974.05,499,477,0.00,0.00,0,0
1544345452,3007-eth1,0.00,59.88,59.88,60,0,0.00,1.00,1.00,1,0,0.00,0.00,0,0
1544345452,2008-eth1,17992.02,452552.91,470544.94,453458,18028,217.56,200.60,418.16,201,218,0.00,0.00,0,0
1544345452,2002-eth2,299684.62,1191956.12,1491640.75,1194340,300284,511.98,412.18,924.15,413,513,0.00,0.00,0,0
1544345452,2003-eth1,3810.57,3772.68,7583.25,3784,3822,38.88,38.88,77.77,39,39,0.00,0.00,0,0
1544345452,3008-eth4,1218815.50,378402.78,1597218.38,379538,1222472,530.41,527.42,1057.83,529,532,0.00,0.00,0,0
1544345452,1004-eth4,1232347.00,48474.58,1280821.50,48620,1236044,604.19,548.35,1152.54,550,606,0.00,0.00,0,0
1544345452,3006-eth1,7718.84,7816.55,15535.39,7840,7742,78.76,79.76,158.52,80,79,0.00,0.00,0,0
1544345452,1004-eth3,27565.30,1190707.88,1218273.25,1194280,27648,417.75,410.77,828.51,412,419,0.00,0.00,0,0
1544345452,1002-eth2,7876.37,7816.55,15692.92,7840,7900,80.76,79.76,160.52,80,81,0.00,0.00,0,0
1544345452,3004-eth3,18247.26,1203009.00,1221256.25,1206618,18302,238.29,252.24,490.53,253,239,0.00,0.00,0,0
1544345452,2003-eth3,7726.55,7726.55,15453.09,7742,7742,78.84,78.84,157.68,79,79,0.00,0.00,0,0
1544345452,2005-eth1,0.00,59.88,59.88,60,0,0.00,1.00,1.00,1,0,0.00,0.00,0,0
1544345452,3002-eth3,1212117.75,844281.44,2056399.25,845970,1214542,789.42,771.46,1560.88,773,791,0.00,0.00,0,0
1544345452,3006-eth3,1224403.25,996207.62,2220610.75,998200,1226852,728.54,730.54,1459.08,732,730,0.00,0.00,0,0
1544345452,2001-eth1,3720.28,3878.12,7598.40,3882,3724,37.96,39.96,77.92,40,38,0.00,0.00,0,0
1544345452,3005-eth2,1219988.00,1224056.00,2444044.00,1225280,1221208,819.18,771.23,1590.41,772,820,0.00,0.00,0,0
1544345452,2001-eth2,7832.17,7794.21,15626.37,7802,7840,79.92,79.92,159.84,80,80,0.00,0.00,0,0
1544345452,3007-eth2,890757.25,1238873.12,2129630.50,1240112,891648,959.04,930.07,1889.11,931,960,0.00,0.00,0,0
1544345452,1001-eth1,3878.12,3720.28,7598.40,3724,3882,39.96,37.96,77.92,38,40,0.00,0.00,0,0
1544345452,3007-eth4,337622.38,451096.91,788719.31,451548,337960,271.73,291.71,563.44,292,272,0.00,0.00,0,0
1544345452,2003-eth2,7832.17,7892.11,15724.28,7900,7840,79.92,80.92,160.84,81,80,0.00,0.00,0,0
1544345452,3007-eth3,901190.81,441266.75,1342457.62,441708,902092,657.34,669.33,1326.67,670,658,0.00,0.00,0,0
1544345452,1002-eth1,7794.21,7832.17,15626.37,7840,7802,79.92,79.92,159.84,80,80,0.00,0.00,0,0
1544345452,2002-eth3,5802.20,272363.66,278165.84,272636,5808,87.91,93.91,181.82,94,88,0.00,0.00,0,0
1544345452,2007-eth2,59.94,59.94,119.88,60,60,1.00,1.00,2.00,1,1,0.00,0.00,0,0
1544345452,total,31841444.00,31842690.00,63684132.00,31874532,31873284,25870.13,25780.22,51650.35,25806,25896,0.00,0.00,0,0
1544345453,3003-eth3,878479.56,298881.12,1177360.62,299180,879358,510.49,465.53,976.02,466,511,0.00,0.00,0,0
1544345453,2002-eth1,1200871.12,49802.20,1250673.38,49852,1202072,551.45,593.41,1144.86,594,552,0.00,0.00,0,0
1544345453,lo,64353.65,64353.65,128707.30,64418,64418,277.72,277.72,555.44,278,278,0.00,0.00,0,0
1544345453,3005-eth3,961870.12,976737.31,1938607.50,977714,962832,634.37,640.36,1274.73,641,635,0.00,0.00,0,0
1544345453,2005-eth3,0.00,0.00,0.00,0,0,0.00,0.00,0.00,0,0,0.00,0.00,0,0
1544345453,3004-eth4,1200343.75,192563.44,1392907.12,192756,1201544,214.79,221.78,436.56,222,215,0.00,0.00,0,0
1544345453,1004-eth2,21164.84,661060.94,682225.81,661722,21186,320.68,284.72,605.39,285,321,0.00,0.00,0,0
1544345453,2004-eth4,2769.23,182139.86,184909.09,182322,2772,41.96,63.94,105.89,64,42,0.00,0.00,0,0
1544345453,1001-eth2,3916.08,3976.02,7892.11,3980,3920,39.96,40.96,80.92,41,40,0.00,0.00,0,0
1544345453,1003-eth3,268155.84,6263.74,274419.59,6270,268424,95.90,94.91,190.81,95,96,0.00,0.00,0,0
1544345453,2002-eth4,1215910.12,1227904.12,2443814.25,1229132,1217126,948.05,961.04,1909.09,962,949,0.00,0.00,0,0
1544345453,1001-eth4,0.00,0.00,0.00,0,0,0.00,0.00,0.00,0,0,0.00,0.00,0,0
1544345453,3001-eth2,229424.58,4681.32,234105.91,4686,229654,78.92,70.93,149.85,71,79,0.00,0.00,0,0
1544345453,1004-eth1,1193087.00,256523.48,1449610.38,256780,1194280,411.59,489.51,901.10,490,412,0.00,0.00,0,0
1544345453,3005-eth4,1223528.50,1219790.25,2443318.75,1221010,1224752,763.24,816.18,1579.42,817,764,0.00,0.00,0,0
1544345453,1003-eth2,878479.56,480895.12,1359374.62,481376,879358,510.49,527.47,1037.96,528,511,0.00,0.00,0,0
1544345453,3008-eth1,0.00,0.00,0.00,0,0,0.00,0.00,0.00,0,0,0.00,0.00,0,0
1544345453,1002-eth3,7734.27,7892.11,15626.37,7900,7742,78.92,80.92,159.84,81,79,0.00,0.00,0,0
1544345453,2006-eth1,6263.74,268155.84,274419.59,268424,6270,94.91,95.90,190.81,96,95,0.00,0.00,0,0
1544345453,3003-eth1,7832.17,7892.11,15724.28,7900,7840,79.92,80.92,160.84,81,80,0.00,0.00,0,0
1544345453,2001-eth3,7832.17,7832.17,15664.34,7840,7840,79.92,79.92,159.84,80,80,0.00,0.00,0,0
1544345453,2008-eth2,21164.84,1227562.50,1248727.25,1228790,21186,320.68,561.44,882.12,562,321,0.00,0.00,0,0
1544345453,2008-eth3,1234531.50,875330.69,2109862.25,876206,1235766,886.11,726.27,1612.39,727,887,0.00,0.00,0,0
1544345453,1001-eth3,0.00,59.94,59.94,60,0,0.00,1.00,1.00,1,0,0.00,0.00,0,0
1544345453,2007-eth4,0.00,0.00,0.00,0,0,0.00,0.00,0.00,0,0,0.00,0.00,0,0
1544345453,2004-eth2,661060.94,21164.84,682225.81,21186,661722,284.72,320.68,605.39,321,285,0.00,0.00,0,0
1544345453,3002-eth1,7734.27,7832.17,15566.43,7840,7742,78.92,79.92,158.84,80,79,0.00,0.00,0,0
1544345453,3004-eth1,7892.11,7892.11,15784.22,7900,7900,80.92,80.92,161.84,81,81,0.00,0.00,0,0
1544345453,2006-eth3,1216773.25,1219850.12,2436623.50,1221070,1217990,858.14,817.18,1675.32,818,859,0.00,0.00,0,0
1544345453,3004-eth2,182139.86,2769.23,184909.09,2772,182322,63.94,41.96,105.89,42,64,0.00,0.00,0,0
1544345453,3001-eth3,1218541.50,255864.14,1474405.62,256120,1219760,490.51,479.52,970.03,480,491,0.00,0.00,0,0
1544345453,2003-eth4,7892.11,7892.11,15784.22,7900,7900,80.92,80.92,161.84,81,81,0.00,0.00,0,0
1544345453,2008-eth4,1219063.00,25648.35,1244711.38,25674,1220282,432.57,388.61,821.18,389,433,0.00,0.00,0,0
1544345453,3008-eth3,1218467.62,1036919.12,2255386.75,1037956,1219686,774.23,741.26,1515.48,742,775,0.00,0.00,0,0
1544345453,2005-eth2,7892.11,7734.27,15626.37,7742,7900,80.92,78.92,159.84,79,81,0.00,0.00,0,0
1544345453,2006-eth4,20439.56,951826.19,972265.75,952778,20460,309.69,328.67,638.36,329,310,0.00,0.00,0,0
1544345453,3006-eth2,951826.19,20439.56,972265.75,20460,952778,328.67,309.69,638.36,310,329,0.00,0.00,0,0
1544345453,1003-eth4,510735.28,19142.86,529878.12,19162,511246,198.80,224.78,423.58,225,199,0.00,0.00,0,0
1544345453,2006-eth2,1193087.00,27098.90,1220185.88,27126,1194280,411.59,410.59,822.18,411,412,0.00,0.00,0,0
1544345453,3001-eth1,7832.17,7832.17,15664.34,7840,7840,79.92,79.92,159.84,80,80,0.00,0.00,0,0
1544345453,3008-eth2,25648.35,1219063.00,1244711.38,1220282,25674,388.61,432.57,821.18,433,389,0.00,0.00,0,0
1544345453,2004-eth3,896875.12,959876.12,1856751.25,960836,897772,789.21,749.25,1538.46,750,790,0.00,0.00,0,0
1544345453,3001-eth4,34271.73,1218673.38,1252945.12,1219892,34306,480.52,497.50,978.02,498,481,0.00,0.00,0,0
1544345453,1003-eth1,49802.20,1200871.12,1250673.38,1202072,49852,593.41,551.45,1144.86,552,594,0.00,0.00,0,0
1544345453,3002-eth2,1227904.12,1215910.12,2443814.25,1217126,1229132,961.04,948.05,1909.09,949,962,0.00,0.00,0,0
1544345453,2005-eth4,7734.27,7892.11,15626.37,7900,7742,78.92,80.92,159.84,81,79,0.00,0.00,0,0
1544345453,3003-eth2,959876.12,896875.12,1856751.25,897772,960836,749.25,789.21,1538.46,790,750,0.00,0.00,0,0
1544345453,2007-eth1,0.00,0.00,0.00,0,0,0.00,0.00,0.00,0,0,0.00,0.00,0,0
1544345453,1002-eth4,0.00,0.00,0.00,0,0,0.00,0.00,0.00,0,0,0.00,0.00,0,0
1544345453,3002-eth4,22387.61,333566.44,355954.06,333900,22410,234.77,237.76,472.53,238,235,0.00,0.00,0,0
1544345453,2007-eth3,0.00,0.00,0.00,0,0,0.00,0.00,0.00,0,0,0.00,0.00,0,0
1544345453,3005-eth1,0.00,0.00,0.00,0,0,0.00,0.00,0.00,0,0,0.00,0.00,0,0
1544345453,2001-eth4,7832.17,7734.27,15566.43,7742,7840,79.92,78.92,158.84,79,80,0.00,0.00,0,0
1544345453,3003-eth4,26227.77,668893.12,695120.88,669562,26254,358.64,364.64,723.28,365,359,0.00,0.00,0,0
1544345453,2004-eth1,480895.12,878479.56,1359374.62,879358,481376,527.47,510.49,1037.96,511,528,0.00,0.00,0,0
1544345453,3006-eth4,33904.10,1215714.38,1249618.38,1216930,33938,475.52,496.50,972.03,497,476,0.00,0.00,0,0
1544345453,3007-eth1,0.00,0.00,0.00,0,0,0.00,0.00,0.00,0,0,0.00,0.00,0,0
1544345453,2008-eth1,19142.86,510735.28,529878.12,511246,19162,224.78,198.80,423.58,199,225,0.00,0.00,0,0
1544345453,2002-eth2,256523.48,1193087.00,1449610.38,1194280,256780,489.51,411.59,901.10,412,490,0.00,0.00,0,0
1544345453,2003-eth1,3976.02,3916.08,7892.11,3920,3980,40.96,39.96,80.92,40,41,0.00,0.00,0,0
1544345453,3008-eth4,1216963.12,244423.58,1461386.62,244668,1218180,488.51,481.52,970.03,482,489,0.00,0.00,0,0
1544345453,1004-eth4,1227562.50,21164.84,1248727.25,21186,1228790,561.44,320.68,882.12,321,562,0.00,0.00,0,0
1544345453,3006-eth1,7892.11,7734.27,15626.37,7742,7900,80.92,78.92,159.84,79,81,0.00,0.00,0,0
1544345453,1004-eth3,27098.90,1193087.00,1220185.88,1194280,27126,410.59,411.59,822.18,412,411,0.00,0.00,0,0
1544345453,1002-eth2,7832.17,7892.11,15724.28,7900,7840,79.92,80.92,160.84,81,80,0.00,0.00,0,0
1544345453,3004-eth3,18375.62,1205412.62,1223788.25,1206618,18394,239.76,252.75,492.51,253,240,0.00,0.00,0,0
1544345453,2003-eth3,7892.11,7832.17,15724.28,7840,7900,80.92,79.92,160.84,80,81,0.00,0.00,0,0
1544345453,2005-eth1,59.94,0.00,59.94,0,60,1.00,0.00,1.00,0,1,0.00,0.00,0,0
1544345453,3002-eth3,1201354.62,952305.75,2153660.50,953258,1202556,793.21,796.20,1589.41,797,794,0.00,0.00,0,0
1544345453,3006-eth3,1219043.00,977936.06,2196979.00,978914,1220262,717.28,724.28,1441.56,725,718,0.00,0.00,0,0
1544345453,2001-eth1,3916.08,3916.08,7832.17,3920,3920,39.96,39.96,79.92,40,40,0.00,0.00,0,0
1544345453,3005-eth2,1219850.12,1216773.25,2436623.50,1217990,1221070,817.18,858.14,1675.32,859,818,0.00,0.00,0,0
1544345453,2001-eth2,7734.27,7832.17,15566.43,7840,7742,78.92,79.92,158.84,80,79,0.00,0.00,0,0
1544345453,3007-eth2,875330.69,1234531.50,2109862.25,1235766,876206,726.27,886.11,1612.39,887,727,0.00,0.00,0,0
1544345453,1001-eth1,3916.08,3916.08,7832.17,3920,3920,39.96,39.96,79.92,40,40,0.00,0.00,0,0
1544345453,3007-eth4,321704.31,400753.25,722457.56,401154,322026,271.73,286.71,558.44,287,272,0.00,0.00,0,0
1544345453,2003-eth2,7892.11,7832.17,15724.28,7840,7900,80.92,79.92,160.84,80,81,0.00,0.00,0,0
1544345453,3007-eth3,912887.12,472971.03,1385858.12,473444,913800,615.38,437.56,1052.95,438,616,0.00,0.00,0,0
1544345453,1002-eth1,7832.17,7734.27,15566.43,7742,7840,79.92,78.92,158.84,79,80,0.00,0.00,0,0
1544345453,2002-eth3,4681.32,229424.58,234105.91,229654,4686,70.93,78.92,149.85,79,71,0.00,0.00,0,0
1544345453,2007-eth2,0.00,0.00,0.00,0,0,0.00,0.00,0.00,0,0,0.00,0.00,0,0
1544345453,total,31411908.00,31374964.00,62786872.00,31406338,31443320,24241.76,24118.88,48360.64,24143,24266,0.00,0.00,0,0
1544345454,3003-eth3,904177.88,272811.19,1176989.00,273084,905082,483.52,385.61,869.13,386,484,0.00,0.00,0,0
1544345454,2002-eth1,1199816.25,37336.66,1237152.88,37374,1201016,535.46,508.49,1043.96,509,536,0.00,0.00,0,0
1544345454,lo,6805.19,6805.19,13610.39,6812,6812,66.93,66.93,133.87,67,67,0.00,0.00,0,0
1544345454,3005-eth3,950171.88,995740.31,1945912.12,996736,951122,632.37,643.36,1275.72,644,633,0.00,0.00,0,0
1544345454,2005-eth3,41.96,59.94,101.90,60,42,1.00,1.00,2.00,1,1,0.00,0.00,0,0
1544345454,3004-eth4,1198651.38,183992.02,1382643.38,184176,1199850,210.79,223.78,434.57,224,211,0.00,0.00,0,0
1544345454,1004-eth2,20553.45,903364.69,923918.12,904268,20574,310.69,317.68,628.37,318,311,0.00,0.00,0,0
1544345454,2004-eth4,2685.31,173202.80,175888.11,173376,2688,39.96,59.94,99.90,60,40,0.00,0.00,0,0
1544345454,1001-eth2,3818.18,3818.18,7636.36,3822,3822,38.96,38.96,77.92,39,39,0.00,0.00,0,0
1544345454,1003-eth3,253690.31,6455.54,260145.86,6462,253944,95.90,97.90,193.81,98,96,0.00,0.00,0,0
1544345454,2002-eth4,1217660.38,1224475.50,2442136.00,1225700,1218878,818.18,909.09,1727.27,910,819,0.00,0.00,0,0
1544345454,1001-eth4,0.00,0.00,0.00,0,0,0.00,0.00,0.00,0,0,0.00,0.00,0,0
1544345454,3001-eth2,282885.12,6223.78,289108.91,6230,283168,99.90,90.91,190.81,91,100,0.00,0.00,0,0
1544345454,1004-eth1,1191574.50,307544.47,1499118.88,307852,1192766,410.59,473.53,884.12,474,411,0.00,0.00,0,0
1544345454,3005-eth4,1213742.25,1211045.00,2424787.25,1212256,1214956,856.14,815.18,1671.33,816,857,0.00,0.00,0,0
1544345454,1003-eth2,904117.94,446139.88,1350257.75,446586,905022,482.52,447.55,930.07,448,483,0.00,0.00,0,0
1544345454,3008-eth1,0.00,0.00,0.00,0,0,0.00,0.00,0.00,0,0,0.00,0.00,0,0
1544345454,1002-eth3,7874.13,7832.17,15706.29,7840,7882,80.92,79.92,160.84,80,81,0.00,0.00,0,0
1544345454,2006-eth1,6455.54,253690.31,260145.86,253944,6462,97.90,95.90,193.81,96,98,0.00,0.00,0,0
1544345454,3003-eth1,7734.27,7734.27,15468.53,7742,7742,78.92,78.92,157.84,79,79,0.00,0.00,0,0
1544345454,2001-eth3,7892.11,7832.17,15724.28,7840,7900,80.92,79.92,160.84,80,81,0.00,0.00,0,0
1544345454,2008-eth2,20553.45,1219920.12,1240473.50,1221140,20574,310.69,445.55,756.24,446,311,0.00,0.00,0,0
1544345454,2008-eth3,1228407.62,919474.56,2147882.25,920394,1229636,837.16,705.29,1542.46,706,838,0.00,0.00,0,0
1544345454,1001-eth3,0.00,0.00,0.00,0,0,0.00,0.00,0.00,0,0,0.00,0.00,0,0
1544345454,2007-eth4,0.00,0.00,0.00,0,0,0.00,0.00,0.00,0,0,0.00,0.00,0,0
1544345454,2004-eth2,903364.69,20553.45,923918.12,20574,904268,317.68,310.69,628.37,311,318,0.00,0.00,0,0
1544345454,3002-eth1,7836.16,7794.21,15630.37,7802,7844,80.92,79.92,160.84,80,81,0.00,0.00,0,0
1544345454,3004-eth1,7832.17,7832.17,15664.34,7840,7840,79.92,79.92,159.84,80,80,0.00,0.00,0,0
1544345454,2006-eth3,1218207.88,1218409.62,2436617.50,1219628,1219426,792.21,817.18,1609.39,818,793,0.00,0.00,0,0
1544345454,3004-eth2,173202.80,2685.31,175888.11,2688,173376,59.94,39.96,99.90,40,60,0.00,0.00,0,0
1544345454,3001-eth3,1213920.12,309192.81,1523112.88,309502,1215134,506.49,498.50,1005.00,499,507,0.00,0.00,0,0
1544345454,2003-eth4,7832.17,7832.17,15664.34,7840,7840,79.92,79.92,159.84,80,80,0.00,0.00,0,0
1544345454,2008-eth4,1221230.75,28617.38,1249848.12,28646,1222452,421.58,429.57,851.15,430,422,0.00,0.00,0,0
1544345454,3008-eth3,1219840.25,980173.88,2200014.00,981154,1221060,729.27,736.26,1465.53,737,730,0.00,0.00,0,0
1544345454,2005-eth2,7832.17,7874.13,15706.29,7882,7840,79.92,80.92,160.84,81,80,0.00,0.00,0,0
1544345454,2006-eth4,20499.50,971027.00,991526.50,971998,20520,310.69,334.67,645.35,335,311,0.00,0.00,0,0
1544345454,3006-eth2,971027.00,20499.50,991526.50,20520,971998,334.67,310.69,645.35,311,335,0.00,0.00,0,0
1544345454,1003-eth4,475296.72,18149.85,493446.56,18168,475772,209.79,217.78,427.57,218,210,0.00,0.00,0,0
1544345454,2006-eth2,1191634.38,24659.34,1216293.75,24684,1192826,411.59,373.63,785.21,374,412,0.00,0.00,0,0
1544345454,3001-eth1,7832.17,7892.11,15724.28,7900,7840,79.92,80.92,160.84,81,80,0.00,0.00,0,0
1544345454,3008-eth2,28617.38,1221230.75,1249848.12,1222452,28646,429.57,421.58,851.15,422,430,0.00,0.00,0,0
1544345454,2004-eth3,921986.06,1176301.75,2098287.75,1177478,922908,753.25,705.29,1458.54,706,754,0.00,0.00,0,0
1544345454,3001-eth4,34139.86,1218673.38,1252813.25,1219892,34174,478.52,497.50,976.02,498,479,0.00,0.00,0,0
1544345454,1003-eth1,37336.66,1199816.25,1237152.88,1201016,37374,508.49,535.46,1043.96,536,509,0.00,0.00,0,0
1544345454,3002-eth2,1224475.50,1217660.38,2442136.00,1218878,1225700,909.09,818.18,1727.27,819,910,0.00,0.00,0,0
1544345454,2005-eth4,7832.17,7832.17,15664.34,7840,7840,79.92,79.92,159.84,80,80,0.00,0.00,0,0
1544345454,3003-eth2,1176301.75,921986.06,2098287.75,922908,1177478,705.29,753.25,1458.54,754,706,0.00,0.00,0,0
1544345454,2007-eth1,0.00,0.00,0.00,0,0,0.00,0.00,0.00,0,0,0.00,0.00,0,0
1544345454,1002-eth4,0.00,0.00,0.00,0,0,0.00,0.00,0.00,0,0,0.00,0.00,0,0
1544345454,3002-eth4,19626.38,312849.16,332475.53,313162,19646,205.79,208.79,414.59,209,206,0.00,0.00,0,0
1544345454,2007-eth3,0.00,59.94,59.94,60,0,0.00,1.00,1.00,1,0,0.00,0.00,0,0
1544345454,3005-eth1,59.94,41.96,101.90,42,60,1.00,1.00,2.00,1,1,0.00,0.00,0,0
1544345454,2001-eth4,7794.21,7836.16,15630.37,7844,7802,79.92,80.92,160.84,81,80,0.00,0.00,0,0
1544345454,3003-eth4,25662.34,911098.94,936761.25,912010,25688,350.65,396.60,747.25,397,351,0.00,0.00,0,0
1544345454,2004-eth1,446139.88,904117.94,1350257.75,905022,446586,447.55,482.52,930.07,483,448,0.00,0.00,0,0
1544345454,3006-eth4,33876.12,1218673.38,1252549.50,1219892,33910,474.53,497.50,972.03,498,475,0.00,0.00,0,0
1544345454,3007-eth1,59.94,0.00,59.94,0,60,1.00,0.00,1.00,0,1,0.00,0.00,0,0
1544345454,2008-eth1,18149.85,475296.72,493446.56,475772,18168,217.78,209.79,427.57,210,218,0.00,0.00,0,0
1544345454,2002-eth2,307544.47,1191574.50,1499118.88,1192766,307852,473.53,410.59,884.12,411,474,0.00,0.00,0,0
1544345454,2003-eth1,3818.18,3818.18,7636.36,3822,3822,38.96,38.96,77.92,39,39,0.00,0.00,0,0
1544345454,3008-eth4,1217636.38,404657.34,1622293.75,405062,1218854,542.46,536.46,1078.92,537,543,0.00,0.00,0,0
1544345454,1004-eth4,1219920.12,20553.45,1240473.50,20574,1221140,445.55,310.69,756.24,311,446,0.00,0.00,0,0
1544345454,3006-eth1,7832.17,7832.17,15664.34,7840,7840,79.92,79.92,159.84,80,80,0.00,0.00,0,0
1544345454,1004-eth3,24659.34,1191634.38,1216293.75,1192826,24684,373.63,411.59,785.21,412,374,0.00,0.00,0,0
1544345454,1002-eth2,7832.17,7832.17,15664.34,7840,7840,79.92,79.92,159.84,80,80,0.00,0.00,0,0
1544345454,3004-eth3,18621.38,1203810.25,1222431.62,1205014,18640,243.76,250.75,494.51,251,244,0.00,0.00,0,0
1544345454,2003-eth3,7734.27,7734.27,15468.53,7742,7742,78.92,78.92,157.84,79,79,0.00,0.00,0,0
1544345454,2005-eth1,0.00,0.00,0.00,0,0,0.00,0.00,0.00,0,0,0.00,0.00,0,0
1544345454,3002-eth3,1205888.12,931948.06,2137836.25,932880,1207094,693.31,707.29,1400.60,708,694,0.00,0.00,0,0
1544345454,3006-eth3,1216155.88,997070.94,2213226.75,998068,1217372,717.28,729.27,1446.55,730,718,0.00,0.00,0,0
1544345454,2001-eth1,3878.12,3818.18,7696.30,3822,3882,39.96,38.96,78.92,39,40,0.00,0.00,0,0
1544345454,3005-eth2,1218409.62,1218207.88,2436617.50,1219426,1219628,817.18,792.21,1609.39,793,818,0.00,0.00,0,0
1544345454,2001-eth2,7934.07,7832.17,15766.23,7840,7942,81.92,79.92,161.84,80,82,0.00,0.00,0,0
1544345454,3007-eth2,919474.56,1228407.62,2147882.25,1229636,920394,705.29,837.16,1542.46,838,706,0.00,0.00,0,0
1544345454,1001-eth1,3818.18,3878.12,7696.30,3882,3822,38.96,39.96,78.92,40,39,0.00,0.00,0,0
1544345454,3007-eth4,319538.47,450249.75,769788.25,450700,319858,260.74,279.72,540.46,280,261,0.00,0.00,0,0
1544345454,2003-eth2,7832.17,7832.17,15664.34,7840,7840,79.92,79.92,159.84,80,80,0.00,0.00,0,0
1544345454,3007-eth3,908929.12,472311.69,1381240.75,472784,909838,577.42,427.57,1005.00,428,578,0.00,0.00,0,0
1544345454,1002-eth1,7832.17,7934.07,15766.23,7942,7840,79.92,81.92,161.84,82,80,0.00,0.00,0,0
1544345454,2002-eth3,6223.78,282885.12,289108.91,283168,6230,90.91,99.90,190.81,100,91,0.00,0.00,0,0
1544345454,2007-eth2,0.00,0.00,0.00,0,0,0.00,0.00,0.00,0,0,0.00,0.00,0,0
1544345454,total,31900268.00,32273988.00,64174260.00,32306262,31932168,23245.75,23116.88,46362.64,23140,23269,0.00,0.00,0,0
1544345455,3003-eth3,880165.88,282541.47,1162707.38,282824,881046,382.62,379.62,762.24,380,383,0.00,0.00,0,0
1544345455,2002-eth1,1163566.50,39296.70,1202863.12,39336,1164730,424.58,510.49,935.06,511,425,0.00,0.00,0,0
1544345455,lo,7162.84,7162.84,14325.67,7170,7170,69.93,69.93,139.86,70,70,0.00,0.00,0,0
1544345455,3005-eth3,940701.31,979234.81,1919936.12,980214,941642,620.38,634.37,1254.75,635,621,0.00,0.00,0,0
1544345455,2005-eth3,101.90,41.96,143.86,42,102,2.00,1.00,3.00,1,2,0.00,0.00,0,0
1544345455,3004-eth4,1175790.25,76505.50,1252295.75,76582,1176966,202.80,194.81,397.60,195,203,0.00,0.00,0,0
1544345455,1004-eth2,21052.95,891192.81,912245.75,892084,21074,306.69,308.69,615.38,309,307,0.00,0.00,0,0
1544345455,2004-eth4,2915.08,66087.91,69003.00,66154,2918,31.97,36.96,68.93,37,32,0.00,0.00,0,0
1544345455,1001-eth2,3916.08,3916.08,7832.17,3920,3920,39.96,39.96,79.92,40,40,0.00,0.00,0,0
1544345455,1003-eth3,254669.34,5340.66,260010.00,5346,254924,88.91,80.92,169.83,81,89,0.00,0.00,0,0
1544345455,2002-eth4,1192483.50,1188159.88,2380643.50,1189348,1193676,827.17,797.20,1624.38,798,828,0.00,0.00,0,0
1544345455,1001-eth4,0.00,0.00,0.00,0,0,0.00,0.00,0.00,0,0,0.00,0.00,0,0
1544345455,3001-eth2,176951.05,7794.21,184745.27,7802,177128,94.91,82.92,177.82,83,95,0.00,0.00,0,0
1544345455,1004-eth1,1163496.50,201484.52,1364981.00,201686,1164660,401.60,466.53,868.13,467,402,0.00,0.00,0,0
1544345455,3005-eth4,1193192.88,1196287.75,2389480.50,1197484,1194386,764.24,789.21,1553.45,790,765,0.00,0.00,0,0
1544345455,1003-eth2,880225.81,339092.91,1219318.75,339432,881106,383.62,403.60,787.21,404,384,0.00,0.00,0,0
1544345455,3008-eth1,59.94,0.00,59.94,0,60,1.00,0.00,1.00,0,1,0.00,0.00,0,0
1544345455,1002-eth3,7874.13,7874.13,15748.25,7882,7882,80.92,80.92,161.84,81,81,0.00,0.00,0,0
1544345455,2006-eth1,5340.66,254669.34,260010.00,254924,5346,80.92,88.91,169.83,89,81,0.00,0.00,0,0
1544345455,3003-eth1,7892.11,7832.17,15724.28,7840,7900,80.92,79.92,160.84,80,81,0.00,0.00,0,0
1544345455,2001-eth3,7832.17,7832.17,15664.34,7840,7840,79.92,79.92,159.84,80,80,0.00,0.00,0,0
1544345455,2008-eth2,21112.89,1193552.50,1214665.38,1194746,21134,307.69,440.56,748.25,441,308,0.00,0.00,0,0
1544345455,2008-eth3,1193678.38,1006743.31,2200421.75,1007750,1194872,771.23,760.24,1531.47,761,772,0.00,0.00,0,0
1544345455,1001-eth3,0.00,0.00,0.00,0,0,0.00,0.00,0.00,0,0,0.00,0.00,0,0
1544345455,2007-eth4,0.00,59.94,59.94,60,0,0.00,1.00,1.00,1,0,0.00,0.00,0,0
1544345455,2004-eth2,891192.81,21052.95,912245.75,21074,892084,308.69,306.69,615.38,307,309,0.00,0.00,0,0
1544345455,3002-eth1,7874.13,7874.13,15748.25,7882,7882,80.92,80.92,161.84,81,81,0.00,0.00,0,0
1544345455,3004-eth1,7832.17,7832.17,15664.34,7840,7840,79.92,79.92,159.84,80,80,0.00,0.00,0,0
1544345455,2006-eth3,1188943.12,1188815.25,2377758.25,1190004,1190132,765.23,785.21,1550.45,786,766,0.00,0.00,0,0
1544345455,3004-eth2,66087.91,2915.08,69003.00,2918,66154,36.96,31.97,68.93,32,37,0.00,0.00,0,0
1544345455,3001-eth3,1195196.88,202737.27,1397934.12,202940,1196392,495.50,485.51,981.02,486,496,0.00,0.00,0,0
1544345455,2003-eth4,7832.17,7832.17,15664.34,7840,7840,79.92,79.92,159.84,80,80,0.00,0.00,0,0
1544345455,2008-eth4,1199862.12,27132.87,1226995.00,27160,1201062,426.57,363.64,790.21,364,427,0.00,0.00,0,0
1544345455,3008-eth3,1188775.25,709066.94,1897842.25,709776,1189964,685.31,683.32,1368.63,684,686,0.00,0.00,0,0
1544345455,2005-eth2,7874.13,7874.13,15748.25,7882,7882,80.92,80.92,161.84,81,81,0.00,0.00,0,0
1544345455,2006-eth4,19978.02,963722.31,983700.31,964686,19998,302.70,333.67,636.36,334,303,0.00,0.00,0,0
1544345455,3006-eth2,963722.31,19978.02,983700.31,19998,964686,333.67,302.70,636.36,303,334,0.00,0.00,0,0
1544345455,1003-eth4,354889.12,20901.10,375790.22,20922,355244,160.84,231.77,392.61,232,161,0.00,0.00,0,0
1544345455,2006-eth2,1163496.50,24593.41,1188090.00,24618,1164660,401.60,372.63,774.23,373,402,0.00,0.00,0,0
1544345455,3001-eth1,7832.17,7832.17,15664.34,7840,7840,79.92,79.92,159.84,80,80,0.00,0.00,0,0
1544345455,3008-eth2,27132.87,1199862.12,1226995.00,1201062,27160,363.64,426.57,790.21,427,364,0.00,0.00,0,0
1544345455,2004-eth3,898357.69,1164137.88,2062495.50,1165302,899256,658.34,674.33,1332.67,675,659,0.00,0.00,0,0
1544345455,3001-eth4,33678.32,1189083.00,1222761.25,1190272,33712,471.53,487.51,959.04,488,472,0.00,0.00,0,0
1544345455,1003-eth1,39296.70,1163566.50,1202863.12,1164730,39336,510.49,424.58,935.06,425,511,0.00,0.00,0,0
1544345455,3002-eth2,1188159.88,1192483.50,2380643.50,1193676,1189348,797.20,827.17,1624.38,828,798,0.00,0.00,0,0
1544345455,2005-eth4,7892.11,7832.17,15724.28,7840,7900,80.92,79.92,160.84,80,81,0.00,0.00,0,0
1544345455,3003-eth2,1164137.88,898357.69,2062495.50,899256,1165302,674.33,658.34,1332.67,659,675,0.00,0.00,0,0
1544345455,2007-eth1,0.00,0.00,0.00,0,0,0.00,0.00,0.00,0,0,0.00,0.00,0,0
1544345455,1002-eth4,0.00,0.00,0.00,0,0,0.00,0.00,0.00,0,0,0.00,0.00,0,0
1544345455,3002-eth4,21580.42,305322.69,326903.09,305628,21602,230.77,225.77,456.54,226,231,0.00,0.00,0,0
1544345455,2007-eth3,0.00,0.00,0.00,0,0,0.00,0.00,0.00,0,0,0.00,0.00,0,0
1544345455,3005-eth1,41.96,101.90,143.86,102,42,1.00,2.00,3.00,2,1,0.00,0.00,0,0
1544345455,2001-eth4,7874.13,7874.13,15748.25,7882,7882,80.92,80.92,161.84,81,81,0.00,0.00,0,0
1544345455,3003-eth4,25898.10,925596.44,951494.56,926522,25924,353.65,396.60,750.25,397,354,0.00,0.00,0,0
1544345455,2004-eth1,339092.91,880225.81,1219318.75,881106,339432,403.60,383.62,787.21,384,404,0.00,0.00,0,0
1544345455,3006-eth4,33216.79,1192042.00,1225258.75,1193234,33250,464.54,488.51,953.05,489,465,0.00,0.00,0,0
1544345455,3007-eth1,0.00,0.00,0.00,0,0,0.00,0.00,0.00,0,0,0.00,0.00,0,0
1544345455,2008-eth1,20901.10,354889.12,375790.22,355244,20922,231.77,160.84,392.61,161,232,0.00,0.00,0,0
1544345455,2002-eth2,201484.52,1163496.50,1364981.00,1164660,201686,466.53,401.60,868.13,402,467,0.00,0.00,0,0
1544345455,2003-eth1,3916.08,3916.08,7832.17,3920,3920,39.96,39.96,79.92,40,40,0.00,0.00,0,0
1544345455,3008-eth4,1192971.00,365462.56,1558433.62,365828,1194164,497.50,521.48,1018.98,522,498,0.00,0.00,0,0
1544345455,1004-eth4,1193552.50,21112.89,1214665.38,21134,1194746,440.56,307.69,748.25,308,441,0.00,0.00,0,0
1544345455,3006-eth1,7832.17,7892.11,15724.28,7900,7840,79.92,80.92,160.84,81,80,0.00,0.00,0,0
1544345455,1004-eth3,24593.41,1163496.50,1188090.00,1164660,24618,372.63,401.60,774.23,402,373,0.00,0.00,0,0
1544345455,1002-eth2,7832.17,7832.17,15664.34,7840,7840,79.92,79.92,159.84,80,80,0.00,0.00,0,0
1544345455,3004-eth3,18249.75,1180689.38,1198939.12,1181870,18268,237.76,250.75,488.51,251,238,0.00,0.00,0,0
1544345455,2003-eth3,7832.17,7892.11,15724.28,7900,7840,79.92,80.92,160.84,81,80,0.00,0.00,0,0
1544345455,2005-eth1,0.00,0.00,0.00,0,0,0.00,0.00,0.00,0,0,0.00,0.00,0,0
1544345455,3002-eth3,1175818.25,908931.06,2084749.25,909840,1176994,676.32,687.31,1363.64,688,677,0.00,0.00,0,0
1544345455,3006-eth3,1184525.50,989112.94,2173638.50,990102,1185710,698.30,718.28,1416.58,719,699,0.00,0.00,0,0
1544345455,2001-eth1,3916.08,3916.08,7832.17,3920,3920,39.96,39.96,79.92,40,40,0.00,0.00,0,0
1544345455,3005-eth2,1188815.25,1188943.12,2377758.25,1190132,1190004,785.21,765.23,1550.45,766,786,0.00,0.00,0,0
1544345455,2001-eth2,7874.13,7874.13,15748.25,7882,7882,80.92,80.92,161.84,81,81,0.00,0.00,0,0
1544345455,3007-eth2,1006743.31,1193678.38,2200421.75,1194872,1007750,760.24,771.23,1531.47,772,761,0.00,0.00,0,0
1544345455,1001-eth1,3916.08,3916.08,7832.17,3920,3920,39.96,39.96,79.92,40,40,0.00,0.00,0,0
1544345455,3007-eth4,303894.12,473286.72,777180.81,473760,304198,286.71,305.69,592.41,306,287,0.00,0.00,0,0
1544345455,2003-eth2,7832.17,7832.17,15664.34,7840,7840,79.92,79.92,159.84,80,80,0.00,0.00,0,0
1544345455,3007-eth3,889784.25,530441.56,1420225.88,530972,890674,484.52,453.55,938.06,454,485,0.00,0.00,0,0
1544345455,1002-eth1,7874.13,7874.13,15748.25,7882,7882,80.92,80.92,161.84,81,81,0.00,0.00,0,0
1544345455,2002-eth3,7794.21,176951.05,184745.27,177128,7802,82.92,94.91,177.82,95,83,0.00,0.00,0,0
1544345455,2007-eth2,0.00,0.00,0.00,0,0,0.00,0.00,0.00,0,0,0.00,0.00,0,0
1544345455,total,30825882.00,30878786.00,61704668.00,30909664,30856708,22075.92,22225.77,44301.70,22248,22098,0.00,0.00,0,0
1544345456,3003-eth3,900615.44,283003.00,1183618.38,283286,901516,385.61,386.61,772.23,387,386,0.00,0.00,0,0
1544345456,2002-eth1,1196113.88,33346.65,1229460.62,33380,1197310,457.54,467.53,925.07,468,458,0.00,0.00,0,0
1544345456,lo,66405.59,66405.59,132811.19,66472,66472,293.71,293.71,587.41,294,294,0.00,0.00,0,0
1544345456,3005-eth3,974173.88,1048018.00,2022191.88,1049066,975148,645.35,668.33,1313.69,669,646,0.00,0.00,0,0
1544345456,2005-eth3,0.00,41.96,41.96,42,0,0.00,1.00,1.00,1,0,0.00,0.00,0,0
1544345456,3004-eth4,1199035.00,139828.17,1338863.12,139968,1200234,218.78,211.79,430.57,212,219,0.00,0.00,0,0
1544345456,1004-eth2,24583.42,947354.69,971938.06,948302,24608,352.65,326.67,679.32,327,353,0.00,0.00,0,0
1544345456,2004-eth4,4413.59,129212.79,133626.38,129342,4418,46.95,50.95,97.90,51,47,0.00,0.00,0,0
1544345456,1001-eth2,3916.08,3916.08,7832.17,3920,3920,39.96,39.96,79.92,40,40,0.00,0.00,0,0
1544345456,1003-eth3,256055.95,5076.92,261132.88,5082,256312,87.91,76.92,164.84,77,88,0.00,0.00,0,0
1544345456,2002-eth4,1218597.38,1221828.25,2440425.75,1223050,1219816,798.20,847.15,1645.35,848,799,0.00,0.00,0,0
1544345456,1001-eth4,59.94,59.94,119.88,60,60,1.00,1.00,2.00,1,1,0.00,0.00,0,0
1544345456,3001-eth2,177942.06,8417.58,186359.64,8426,178120,87.91,89.91,177.82,90,88,0.00,0.00,0,0
1544345456,1004-eth1,1190187.88,203716.30,1393904.12,203920,1191378,411.59,478.52,890.11,479,412,0.00,0.00,0,0
1544345456,3005-eth4,1224559.50,1222066.00,2446625.50,1223288,1225784,779.22,807.19,1586.41,808,780,0.00,0.00,0,0
1544345456,1003-eth2,900615.44,404125.88,1304741.25,404530,901516,385.61,424.58,810.19,425,386,0.00,0.00,0,0
1544345456,3008-eth1,0.00,59.94,59.94,60,0,0.00,1.00,1.00,1,0,0.00,0.00,0,0
1544345456,1002-eth3,7794.21,7874.13,15668.33,7882,7802,79.92,80.92,160.84,81,80,0.00,0.00,0,0
1544345456,2006-eth1,5076.92,256055.95,261132.88,256312,5082,76.92,87.91,164.84,88,77,0.00,0.00,0,0
1544345456,3003-eth1,7832.17,7832.17,15664.34,7840,7840,79.92,79.92,159.84,80,80,0.00,0.00,0,0
1544345456,2001-eth3,7734.27,7832.17,15566.43,7840,7742,78.92,79.92,158.84,80,79,0.00,0.00,0,0
1544345456,2008-eth2,24523.48,1221822.25,1246345.75,1223044,24548,351.65,452.55,804.20,453,352,0.00,0.00,0,0
1544345456,2008-eth3,1220481.50,798947.06,2019428.62,799746,1221702,673.33,664.34,1337.66,665,674,0.00,0.00,0,0
1544345456,1001-eth3,59.94,0.00,59.94,0,60,1.00,0.00,1.00,0,1,0.00,0.00,0,0
1544345456,2007-eth4,59.94,0.00,59.94,0,60,1.00,0.00,1.00,0,1,0.00,0.00,0,0
1544345456,2004-eth2,947354.69,24583.42,971938.06,24608,948302,326.67,352.65,679.32,353,327,0.00,0.00,0,0
1544345456,3002-eth1,7832.17,7874.13,15706.29,7882,7840,79.92,80.92,160.84,81,80,0.00,0.00,0,0
1544345456,3004-eth1,7636.36,7832.17,15468.53,7840,7644,77.92,79.92,157.84,80,78,0.00,0.00,0,0
1544345456,2006-eth3,1222669.38,1215710.38,2438379.75,1216926,1223892,772.23,798.20,1570.43,799,773,0.00,0.00,0,0
1544345456,3004-eth2,129212.79,4413.59,133626.38,4418,129342,50.95,46.95,97.90,47,51,0.00,0.00,0,0
1544345456,3001-eth3,1221970.12,204381.62,1426351.62,204586,1223192,505.49,488.51,994.01,489,506,0.00,0.00,0,0
1544345456,2003-eth4,7832.17,7636.36,15468.53,7644,7840,79.92,77.92,157.84,78,80,0.00,0.00,0,0
1544345456,2008-eth4,1224653.38,33078.92,1257732.25,33112,1225878,473.53,443.56,917.08,444,474,0.00,0.00,0,0
1544345456,3008-eth3,1217017.00,613005.00,1830022.00,613618,1218234,697.30,696.30,1393.61,697,698,0.00,0.00,0,0
1544345456,2005-eth2,7874.13,7794.21,15668.33,7802,7882,80.92,79.92,160.84,80,81,0.00,0.00,0,0
1544345456,2006-eth4,20505.49,1025802.25,1046307.75,1026828,20526,310.69,353.65,664.34,354,311,0.00,0.00,0,0
1544345456,3006-eth2,1025802.25,20505.49,1046307.75,20526,1026828,353.65,310.69,664.34,311,354,0.00,0.00,0,0
1544345456,1003-eth4,429728.28,14489.51,444217.78,14504,430158,198.80,181.82,380.62,182,199,0.00,0.00,0,0
1544345456,2006-eth2,1190127.88,25774.23,1215902.12,25800,1191318,410.59,390.61,801.20,391,411,0.00,0.00,0,0
1544345456,3001-eth1,7832.17,7734.27,15566.43,7742,7840,79.92,78.92,158.84,79,80,0.00,0.00,0,0
1544345456,3008-eth2,33078.92,1224653.38,1257732.25,1225878,33112,443.56,473.53,917.08,474,444,0.00,0.00,0,0
1544345456,2004-eth3,920791.25,1222267.75,2143059.00,1223490,921712,691.31,700.30,1391.61,701,692,0.00,0.00,0,0
1544345456,3001-eth4,34173.83,1221632.38,1255806.25,1222854,34208,479.52,498.50,978.02,499,480,0.00,0.00,0,0
1544345456,1003-eth1,33346.65,1196113.88,1229460.62,1197310,33380,467.53,457.54,925.07,458,468,0.00,0.00,0,0
1544345456,3002-eth2,1221828.25,1218597.38,2440425.75,1219816,1223050,847.15,798.20,1645.35,799,848,0.00,0.00,0,0
1544345456,2005-eth4,7734.27,7832.17,15566.43,7840,7742,78.92,79.92,158.84,80,79,0.00,0.00,0,0
1544345456,3003-eth2,1222267.75,920791.25,2143059.00,921712,1223490,700.30,691.31,1391.61,692,701,0.00,0.00,0,0
1544345456,2007-eth1,59.94,59.94,119.88,60,60,1.00,1.00,2.00,1,1,0.00,0.00,0,0
1544345456,1002-eth4,59.94,59.94,119.88,60,60,1.00,1.00,2.00,1,1,0.00,0.00,0,0
1544345456,3002-eth4,14359.64,228449.56,242809.20,228678,14374,178.82,178.82,357.64,179,179,0.00,0.00,0,0
1544345456,2007-eth3,59.94,0.00,59.94,0,60,1.00,0.00,1.00,0,1,0.00,0.00,0,0
1544345456,3005-eth1,41.96,0.00,41.96,0,42,1.00,0.00,1.00,0,1,0.00,0.00,0,0
1544345456,2001-eth4,7874.13,7832.17,15706.29,7840,7882,80.92,79.92,160.84,80,81,0.00,0.00,0,0
1544345456,3003-eth4,28073.93,989248.75,1017322.69,990238,28102,386.61,418.58,805.19,419,387,0.00,0.00,0,0
1544345456,2004-eth1,404125.88,900615.44,1304741.25,901516,404530,424.58,385.61,810.19,386,425,0.00,0.00,0,0
1544345456,3006-eth4,33820.18,1221674.38,1255494.50,1222896,33854,474.53,499.50,974.03,500,475,0.00,0.00,0,0
1544345456,3007-eth1,0.00,59.94,59.94,60,0,0.00,1.00,1.00,1,0,0.00,0.00,0,0
1544345456,2008-eth1,14489.51,429728.28,444217.78,430158,14504,181.82,198.80,380.62,199,182,0.00,0.00,0,0
1544345456,2002-eth2,203716.30,1190187.88,1393904.12,1191378,203920,478.52,411.59,890.11,412,479,0.00,0.00,0,0
1544345456,2003-eth1,3916.08,3916.08,7832.17,3920,3920,39.96,39.96,79.92,40,40,0.00,0.00,0,0
1544345456,3008-eth4,1217302.75,350309.69,1567612.38,350660,1218520,515.48,527.47,1042.96,528,516,0.00,0.00,0,0
1544345456,1004-eth4,1221822.25,24523.48,1246345.75,24548,1223044,452.55,351.65,804.20,352,453,0.00,0.00,0,0
1544345456,3006-eth1,7832.17,7734.27,15566.43,7742,7840,79.92,78.92,158.84,79,80,0.00,0.00,0,0
1544345456,1004-eth3,25774.23,1190127.88,1215902.12,1191318,25800,390.61,410.59,801.20,411,391,0.00,0.00,0,0
1544345456,1002-eth2,7892.11,7636.36,15528.47,7644,7900,80.92,77.92,158.84,78,81,0.00,0.00,0,0
1544345456,3004-eth3,18447.55,1202257.75,1220705.38,1203460,18466,240.76,249.75,490.51,250,241,0.00,0.00,0,0
1544345456,2003-eth3,7832.17,7832.17,15664.34,7840,7840,79.92,79.92,159.84,80,80,0.00,0.00,0,0
1544345456,2005-eth1,0.00,59.94,59.94,60,0,0.00,1.00,1.00,1,0,0.00,0.00,0,0
1544345456,3002-eth3,1215011.00,934799.25,2149810.25,935734,1216226,700.30,706.29,1406.59,707,701,0.00,0.00,0,0
1544345456,3006-eth3,1219618.38,1051822.25,2271440.50,1052874,1220838,726.27,748.25,1474.53,749,727,0.00,0.00,0,0
1544345456,2001-eth1,3916.08,3916.08,7832.17,3920,3920,39.96,39.96,79.92,40,40,0.00,0.00,0,0
1544345456,3005-eth2,1215710.38,1222669.38,2438379.75,1223892,1216926,798.20,772.23,1570.43,773,799,0.00,0.00,0,0
1544345456,2001-eth2,7832.17,7836.16,15668.33,7844,7840,79.92,80.92,160.84,81,80,0.00,0.00,0,0
1544345456,3007-eth2,798947.06,1220481.50,2019428.62,1221702,799746,664.34,673.33,1337.66,674,665,0.00,0.00,0,0
1544345456,1001-eth1,3916.08,3916.08,7832.17,3920,3920,39.96,39.96,79.92,40,40,0.00,0.00,0,0
1544345456,3007-eth4,290010.00,373184.81,663194.81,373558,290300,229.77,218.78,448.55,219,230,0.00,0.00,0,0
1544345456,2003-eth2,7636.36,7892.11,15528.47,7900,7644,77.92,80.92,158.84,81,78,0.00,0.00,0,0
1544345456,3007-eth3,930411.62,425696.31,1356107.88,426122,931342,442.56,444.56,887.11,445,443,0.00,0.00,0,0
1544345456,1002-eth1,7836.16,7832.17,15668.33,7840,7844,80.92,79.92,160.84,80,81,0.00,0.00,0,0
1544345456,2002-eth3,8417.58,177942.06,186359.64,178120,8426,89.91,87.91,177.82,88,90,0.00,0.00,0,0
1544345456,2007-eth2,59.94,59.94,119.88,60,60,1.00,1.00,2.00,1,1,0.00,0.00,0,0
1544345456,total,31678930.00,31449708.00,63128636.00,31481156,31710608,22602.40,22745.26,45347.65,22768,22625,0.00,0.00,0,0
1544345457,3003-eth3,965846.19,290305.69,1256151.88,290596,966812,409.59,409.59,819.18,410,410,0.00,0.00,0,0
1544345457,2002-eth1,1196050.00,40739.26,1236789.25,40780,1197246,434.57,563.44,998.00,564,435,0.00,0.00,0,0
1544345457,lo,9350.65,9350.65,18701.30,9360,9360,89.91,89.91,179.82,90,90,0.00,0.00,0,0
1544345457,3005-eth3,978705.31,1061498.50,2040203.88,1062560,979684,648.35,675.32,1323.68,676,649,0.00,0.00,0,0
1544345457,2005-eth3,0.00,0.00,0.00,0,0,0.00,0.00,0.00,0,0,0.00,0.00,0,0
1544345457,3004-eth4,1210103.88,132731.27,1342835.25,132864,1211314,213.79,213.79,427.57,214,214,0.00,0.00,0,0
1544345457,1004-eth2,23960.04,938477.56,962437.56,939416,23984,345.65,323.68,669.33,324,346,0.00,0.00,0,0
1544345457,2004-eth4,3920.08,122241.76,126161.84,122364,3924,41.96,54.95,96.90,55,42,0.00,0.00,0,0
1544345457,1001-eth2,3920.08,3930.07,7850.15,3934,3924,40.96,40.96,81.92,41,41,0.00,0.00,0,0
1544345457,1003-eth3,260527.48,5142.86,265670.34,5148,260788,89.91,77.92,167.83,78,90,0.00,0.00,0,0
1544345457,2002-eth4,1221372.62,1223412.62,2444785.25,1224636,1222594,840.16,849.15,1689.31,850,841,0.00,0.00,0,0
1544345457,1001-eth4,41.96,41.96,83.92,42,42,1.00,1.00,2.00,1,1,0.00,0.00,0,0
1544345457,3001-eth2,306829.19,11926.07,318755.25,11938,307136,133.87,126.87,260.74,127,134,0.00,0.00,0,0
1544345457,1004-eth1,1199005.00,334121.88,1533126.88,334456,1200204,413.59,547.45,961.04,548,414,0.00,0.00,0,0
1544345457,3005-eth4,1220437.62,1219130.88,2439568.50,1220350,1221658,760.24,806.19,1566.43,807,761,0.00,0.00,0,0
1544345457,1003-eth2,965916.12,402947.06,1368863.12,403350,966882,410.59,450.55,861.14,451,411,0.00,0.00,0,0
1544345457,3008-eth1,0.00,0.00,0.00,0,0,0.00,0.00,0.00,0,0,0.00,0.00,0,0
1544345457,1002-eth3,7832.17,7892.11,15724.28,7900,7840,79.92,80.92,160.84,81,80,0.00,0.00,0,0
1544345457,2006-eth1,5142.86,260527.48,265670.34,260788,5148,77.92,89.91,167.83,90,78,0.00,0.00,0,0
1544345457,3003-eth1,7678.32,7836.16,15514.49,7844,7686,78.92,80.92,159.84,81,79,0.00,0.00,0,0
1544345457,2001-eth3,7734.27,7794.21,15528.47,7802,7742,78.92,79.92,158.84,80,79,0.00,0.00,0,0
1544345457,2008-eth2,24029.97,1221300.75,1245330.75,1222522,24054,346.65,444.56,791.21,445,347,0.00,0.00,0,0
1544345457,2008-eth3,1225428.62,894633.38,2120062.00,895528,1226654,726.27,733.27,1459.54,734,727,0.00,0.00,0,0
1544345457,1001-eth3,0.00,59.94,59.94,60,0,0.00,1.00,1.00,1,0,0.00,0.00,0,0
1544345457,2007-eth4,0.00,0.00,0.00,0,0,0.00,0.00,0.00,0,0,0.00,0.00,0,0
1544345457,2004-eth2,938477.56,23960.04,962437.56,23984,939416,323.68,345.65,669.33,346,324,0.00,0.00,0,0
1544345457,3002-eth1,7734.27,7734.27,15468.53,7742,7742,78.92,78.92,157.84,79,79,0.00,0.00,0,0
1544345457,3004-eth1,7892.11,7794.21,15686.31,7802,7900,80.92,79.92,160.84,80,81,0.00,0.00,0,0
1544345457,2006-eth3,1221756.25,1225240.75,2446997.00,1226466,1222978,780.22,811.19,1591.41,812,781,0.00,0.00,0,0
1544345457,3004-eth2,122241.76,3920.08,126161.84,3924,122364,54.95,41.96,96.90,42,55,0.00,0.00,0,0
1544345457,3001-eth3,1222545.50,333066.94,1555612.38,333400,1223768,542.46,531.47,1073.93,532,543,0.00,0.00,0,0
1544345457,2003-eth4,7794.21,7892.11,15686.31,7900,7802,79.92,80.92,160.84,81,80,0.00,0.00,0,0
1544345457,2008-eth4,1223011.00,33116.88,1256127.88,33150,1224234,448.55,430.57,879.12,431,449,0.00,0.00,0,0
1544345457,3008-eth3,1223570.50,769426.62,1992997.00,770196,1224794,690.31,677.32,1367.63,678,691,0.00,0.00,0,0
1544345457,2005-eth2,7892.11,7832.17,15724.28,7840,7900,80.92,79.92,160.84,80,81,0.00,0.00,0,0
1544345457,2006-eth4,21102.90,1048097.94,1069200.88,1049146,21124,319.68,362.64,682.32,363,320,0.00,0.00,0,0
1544345457,3006-eth2,1048097.94,21102.90,1069200.88,21124,1049146,362.64,319.68,682.32,320,363,0.00,0.00,0,0
1544345457,1003-eth4,357458.56,20431.57,377890.12,20452,357816,155.84,255.74,411.59,256,156,0.00,0.00,0,0
1544345457,2006-eth2,1199005.00,27432.57,1226437.62,27460,1200204,413.59,415.58,829.17,416,414,0.00,0.00,0,0
1544345457,3001-eth1,7794.21,7734.27,15528.47,7742,7802,79.92,78.92,158.84,79,80,0.00,0.00,0,0
1544345457,3008-eth2,33116.88,1223011.00,1256127.88,1224234,33150,430.57,448.55,879.12,449,431,0.00,0.00,0,0
1544345457,2004-eth3,985956.06,1219382.62,2205338.75,1220602,986942,714.29,722.28,1436.56,723,715,0.00,0.00,0,0
1544345457,3001-eth4,34101.90,1218575.50,1252677.38,1219794,34136,478.52,496.50,975.03,497,479,0.00,0.00,0,0
1544345457,1003-eth1,40739.26,1196050.00,1236789.25,1197246,40780,563.44,434.57,998.00,435,564,0.00,0.00,0,0
1544345457,3002-eth2,1223412.62,1221372.62,2444785.25,1222594,1224636,849.15,840.16,1689.31,841,850,0.00,0.00,0,0
1544345457,2005-eth4,7832.17,7892.11,15724.28,7900,7840,79.92,80.92,160.84,81,80,0.00,0.00,0,0
1544345457,3003-eth2,1219382.62,985956.06,2205338.75,986942,1220602,722.28,714.29,1436.56,715,723,0.00,0.00,0,0
1544345457,2007-eth1,41.96,41.96,83.92,42,42,1.00,1.00,2.00,1,1,0.00,0.00,0,0
1544345457,1002-eth4,69.93,0.00,69.93,0,70,1.00,0.00,1.00,0,1,0.00,0.00,0,0
1544345457,3002-eth4,15646.35,290755.25,306401.59,291046,15662,198.80,202.80,401.60,203,199,0.00,0.00,0,0
1544345457,2007-eth3,41.96,41.96,83.92,42,42,1.00,1.00,2.00,1,1,0.00,0.00,0,0
1544345457,3005-eth1,0.00,0.00,0.00,0,0,0.00,0.00,0.00,0,0,0.00,0.00,0,0
1544345457,2001-eth4,7734.27,7734.27,15468.53,7742,7742,78.92,78.92,157.84,79,79,0.00,0.00,0,0
1544345457,3003-eth4,27886.12,977258.75,1005144.88,978236,27914,384.62,413.59,798.20,414,385,0.00,0.00,0,0
1544345457,2004-eth1,402947.06,965916.12,1368863.12,966882,403350,450.55,410.59,861.14,411,451,0.00,0.00,0,0
1544345457,3006-eth4,34133.87,1215714.38,1249848.12,1216930,34168,478.52,496.50,975.03,497,479,0.00,0.00,0,0
1544345457,3007-eth1,41.96,41.96,83.92,42,42,1.00,1.00,2.00,1,1,0.00,0.00,0,0
1544345457,2008-eth1,20431.57,357458.56,377890.12,357816,20452,255.74,155.84,411.59,156,256,0.00,0.00,0,0
1544345457,2002-eth2,334121.88,1199005.00,1533126.88,1200204,334456,547.45,413.59,961.04,414,548,0.00,0.00,0,0
1544345457,2003-eth1,3930.07,3920.08,7850.15,3924,3934,40.96,40.96,81.92,41,41,0.00,0.00,0,0
1544345457,3008-eth4,1230681.38,628925.06,1859606.50,629554,1231912,718.28,748.25,1466.53,749,719,0.00,0.00,0,0
1544345457,1004-eth4,1221300.75,24029.97,1245330.75,24054,1222522,444.56,346.65,791.21,347,445,0.00,0.00,0,0
1544345457,3006-eth1,7892.11,7832.17,15724.28,7840,7900,80.92,79.92,160.84,80,81,0.00,0.00,0,0
1544345457,1004-eth3,27432.57,1199005.00,1226437.62,1200204,27460,415.58,413.59,829.17,414,416,0.00,0.00,0,0
1544345457,1002-eth2,7734.27,7794.21,15528.47,7802,7742,78.92,79.92,158.84,80,79,0.00,0.00,0,0
1544345457,3004-eth3,18343.66,1214026.00,1232369.62,1215240,18362,239.76,251.75,491.51,252,240,0.00,0.00,0,0
1544345457,2003-eth3,7836.16,7678.32,15514.49,7686,7844,80.92,78.92,159.84,79,81,0.00,0.00,0,0
1544345457,2005-eth1,59.94,0.00,59.94,0,60,1.00,0.00,1.00,0,1,0.00,0.00,0,0
1544345457,3002-eth3,1213460.62,1000030.00,2213490.50,1001030,1214674,720.28,730.27,1450.55,731,721,0.00,0.00,0,0
1544345457,3006-eth3,1219246.75,1074269.75,2293516.50,1075344,1220466,720.28,759.24,1479.52,760,721,0.00,0.00,0,0
1544345457,2001-eth1,3818.18,3878.12,7696.30,3882,3822,38.96,39.96,78.92,40,39,0.00,0.00,0,0
1544345457,3005-eth2,1225240.75,1221756.25,2446997.00,1222978,1226466,811.19,780.22,1591.41,781,812,0.00,0.00,0,0
1544345457,2001-eth2,7734.27,7734.27,15468.53,7742,7742,78.92,78.92,157.84,79,79,0.00,0.00,0,0
1544345457,3007-eth2,894633.38,1225428.62,2120062.00,1226654,895528,733.27,726.27,1459.54,727,734,0.00,0.00,0,0
1544345457,1001-eth1,3878.12,3818.18,7696.30,3822,3882,39.96,38.96,78.92,39,40,0.00,0.00,0,0
1544345457,3007-eth4,293706.31,477744.28,771450.56,478222,294000,285.71,290.71,576.42,291,286,0.00,0.00,0,0
1544345457,2003-eth2,7794.21,7734.27,15528.47,7742,7802,79.92,78.92,158.84,79,80,0.00,0.00,0,0
1544345457,3007-eth3,931834.19,416795.22,1348629.38,417212,932766,442.56,441.56,884.12,442,443,0.00,0.00,0,0
1544345457,1002-eth1,7734.27,7734.27,15468.53,7742,7742,78.92,78.92,157.84,79,79,0.00,0.00,0,0
1544345457,2002-eth3,11926.07,306829.19,318755.25,307136,11938,126.87,133.87,260.74,134,127,0.00,0.00,0,0
1544345457,2007-eth2,0.00,69.93,69.93,70,0,0.00,1.00,1.00,1,0,0.00,0.00,0,0
1544345457,total,32194062.00,32674066.00,64868128.00,32706740,32226256,23249.75,23462.54,46712.29,23486,23273,0.00,0.00,0,0
1544345458,3003-eth3,931580.44,289580.44,1221160.88,289870,932512,394.61,398.60,793.21,399,395,0.00,0.00,0,0
1544345458,2002-eth1,1197892.12,37970.03,1235862.12,38008,1199090,440.56,521.48,962.04,522,441,0.00,0.00,0,0
1544345458,lo,7172.83,7172.83,14345.65,7180,7180,69.93,69.93,139.86,70,70,0.00,0.00,0,0
1544345458,3005-eth3,974503.50,1101346.62,2075850.25,1102448,975478,650.35,687.31,1337.66,688,651,0.00,0.00,0,0
1544345458,2005-eth3,0.00,59.94,59.94,60,0,0.00,1.00,1.00,1,0,0.00,0.00,0,0
1544345458,3004-eth4,1202227.75,174351.66,1376579.50,174526,1203430,236.76,230.77,467.53,231,237,0.00,0.00,0,0
1544345458,1004-eth2,27550.45,950313.69,977864.19,951264,27578,388.61,327.67,716.28,328,389,0.00,0.00,0,0
1544345458,2004-eth4,6385.61,163670.33,170055.95,163834,6392,67.93,68.93,136.86,69,68,0.00,0.00,0,0
1544345458,1001-eth2,3916.08,3976.02,7892.11,3980,3920,39.96,40.96,80.92,41,40,0.00,0.00,0,0
1544345458,1003-eth3,251650.36,4939.06,256589.42,4944,251902,86.91,74.93,161.84,75,87,0.00,0.00,0,0
1544345458,2002-eth4,1217816.25,1222621.38,2440437.75,1223844,1219034,808.19,815.18,1623.38,816,809,0.00,0.00,0,0
1544345458,1001-eth4,0.00,0.00,0.00,0,0,0.00,0.00,0.00,0,0,0.00,0.00,0,0
1544345458,3001-eth2,257312.69,11926.07,269238.78,11938,257570,128.87,126.87,255.74,127,129,0.00,0.00,0,0
1544345458,1004-eth1,1193087.00,281972.03,1475059.00,282254,1194280,411.59,502.50,914.09,503,412,0.00,0.00,0,0
1544345458,3005-eth4,1219244.75,1219196.88,2438441.50,1220416,1220464,742.26,807.19,1549.45,808,743,0.00,0.00,0,0
1544345458,1003-eth2,931520.50,434303.72,1365824.25,434738,932452,393.61,443.56,837.16,444,394,0.00,0.00,0,0
1544345458,3008-eth1,41.96,41.96,83.92,42,42,1.00,1.00,2.00,1,1,0.00,0.00,0,0
1544345458,1002-eth3,7734.27,7734.27,15468.53,7742,7742,78.92,78.92,157.84,79,79,0.00,0.00,0,0
1544345458,2006-eth1,4939.06,251650.36,256589.42,251902,4944,74.93,86.91,161.84,87,75,0.00,0.00,0,0
1544345458,3003-eth1,7832.17,7734.27,15566.43,7742,7840,79.92,78.92,158.84,79,80,0.00,0.00,0,0
1544345458,2001-eth3,7836.16,7678.32,15514.49,7686,7844,80.92,78.92,159.84,79,81,0.00,0.00,0,0
1544345458,2008-eth2,27550.45,1225644.38,1253194.88,1226870,27578,388.61,466.53,855.14,467,389,0.00,0.00,0,0
1544345458,2008-eth3,1217079.00,938679.38,2155758.25,939618,1218296,731.27,743.26,1474.53,744,732,0.00,0.00,0,0
1544345458,1001-eth3,0.00,0.00,0.00,0,0,0.00,0.00,0.00,0,0,0.00,0.00,0,0
1544345458,2007-eth4,41.96,41.96,83.92,42,42,1.00,1.00,2.00,1,1,0.00,0.00,0,0
1544345458,2004-eth2,950313.69,27550.45,977864.19,27578,951264,327.67,388.61,716.28,389,328,0.00,0.00,0,0
1544345458,3002-eth1,7892.11,7892.11,15784.22,7900,7900,80.92,80.92,161.84,81,81,0.00,0.00,0,0
1544345458,3004-eth1,7832.17,7832.17,15664.34,7840,7840,79.92,79.92,159.84,80,80,0.00,0.00,0,0
1544345458,2006-eth3,1216827.25,1218735.25,2435562.50,1219954,1218044,793.21,800.20,1593.41,801,794,0.00,0.00,0,0
1544345458,3004-eth2,163670.33,6385.61,170055.95,6392,163834,68.93,67.93,136.86,68,69,0.00,0.00,0,0
1544345458,3001-eth3,1221456.62,283662.34,1505118.88,283946,1222678,546.45,528.47,1074.93,529,547,0.00,0.00,0,0
1544345458,2003-eth4,7832.17,7832.17,15664.34,7840,7840,79.92,79.92,159.84,80,80,0.00,0.00,0,0
1544345458,2008-eth4,1227948.12,34129.87,1262078.00,34164,1229176,479.52,434.57,914.09,435,480,0.00,0.00,0,0
1544345458,3008-eth3,1217734.25,726309.69,1944044.00,727036,1218952,765.23,769.23,1534.47,770,766,0.00,0.00,0,0
1544345458,2005-eth2,7734.27,7734.27,15468.53,7742,7742,78.92,78.92,157.84,79,79,0.00,0.00,0,0
1544345458,2006-eth4,20829.17,1095372.62,1116201.88,1096468,20850,315.68,377.62,693.31,378,316,0.00,0.00,0,0
1544345458,3006-eth2,1095372.62,20829.17,1116201.88,20850,1096468,377.62,315.68,693.31,316,378,0.00,0.00,0,0
1544345458,1003-eth4,434921.09,19046.95,453968.03,19066,435356,189.81,234.77,424.58,235,190,0.00,0.00,0,0
1544345458,2006-eth2,1193146.88,24659.34,1217806.25,24684,1194340,412.59,373.63,786.21,374,413,0.00,0.00,0,0
1544345458,3001-eth1,7678.32,7836.16,15514.49,7844,7686,78.92,80.92,159.84,81,79,0.00,0.00,0,0
1544345458,3008-eth2,34129.87,1227948.12,1262078.00,1229176,34164,434.57,479.52,914.09,480,435,0.00,0.00,0,0
1544345458,2004-eth3,952619.44,1223846.12,2176465.50,1225070,953572,713.29,702.30,1415.58,703,714,0.00,0.00,0,0
1544345458,3001-eth4,34041.96,1219990.00,1254032.00,1221210,34076,477.52,496.50,974.03,497,478,0.00,0.00,0,0
1544345458,1003-eth1,37970.03,1197892.12,1235862.12,1199090,38008,521.48,440.56,962.04,441,522,0.00,0.00,0,0
1544345458,3002-eth2,1222621.38,1217816.25,2440437.75,1219034,1223844,815.18,808.19,1623.38,809,816,0.00,0.00,0,0
1544345458,2005-eth4,7734.27,7734.27,15468.53,7742,7742,78.92,78.92,157.84,79,79,0.00,0.00,0,0
1544345458,3003-eth2,1223846.12,952619.44,2176465.50,953572,1225070,702.30,713.29,1415.58,714,703,0.00,0.00,0,0
1544345458,2007-eth1,0.00,0.00,0.00,0,0,0.00,0.00,0.00,0,0,0.00,0.00,0,0
1544345458,1002-eth4,41.96,41.96,83.92,42,42,1.00,1.00,2.00,1,1,0.00,0.00,0,0
1544345458,3002-eth4,15408.59,243640.36,259048.95,243884,15424,194.81,189.81,384.62,190,195,0.00,0.00,0,0
1544345458,2007-eth3,0.00,59.94,59.94,60,0,0.00,1.00,1.00,1,0,0.00,0.00,0,0
1544345458,3005-eth1,59.94,0.00,59.94,0,60,1.00,0.00,1.00,0,1,0.00,0.00,0,0
1544345458,2001-eth4,7892.11,7892.11,15784.22,7900,7900,80.92,80.92,161.84,81,81,0.00,0.00,0,0
1544345458,3003-eth4,28893.11,1018839.19,1047732.31,1019858,28922,399.60,428.57,828.17,429,400,0.00,0.00,0,0
1544345458,2004-eth1,434303.72,931520.50,1365824.25,932452,434738,443.56,393.61,837.16,394,444,0.00,0.00,0,0
1544345458,3006-eth4,33778.22,1223047.00,1256825.25,1224270,33812,473.53,498.50,972.03,499,474,0.00,0.00,0,0
1544345458,3007-eth1,59.94,0.00,59.94,0,60,1.00,0.00,1.00,0,1,0.00,0.00,0,0
1544345458,2008-eth1,19046.95,434921.09,453968.03,435356,19066,234.77,189.81,424.58,190,235,0.00,0.00,0,0
1544345458,2002-eth2,281972.03,1193087.00,1475059.00,1194280,282254,502.50,411.59,914.09,412,503,0.00,0.00,0,0
1544345458,2003-eth1,3976.02,3916.08,7892.11,3920,3980,40.96,39.96,80.92,40,41,0.00,0.00,0,0
1544345458,3008-eth4,1227786.25,440415.59,1668201.88,440856,1229014,652.35,663.34,1315.68,664,653,0.00,0.00,0,0
1544345458,1004-eth4,1225644.38,27550.45,1253194.88,27578,1226870,466.53,388.61,855.14,389,467,0.00,0.00,0,0
1544345458,3006-eth1,7734.27,7734.27,15468.53,7742,7742,78.92,78.92,157.84,79,79,0.00,0.00,0,0
1544345458,1004-eth3,24659.34,1193146.88,1217806.25,1194340,24684,373.63,412.59,786.21,413,374,0.00,0.00,0,0
1544345458,1002-eth2,7734.27,7832.17,15566.43,7840,7742,78.92,79.92,158.84,80,79,0.00,0.00,0,0
1544345458,3004-eth3,18447.55,1203768.25,1222215.88,1204972,18466,240.76,249.75,490.51,250,241,0.00,0.00,0,0
1544345458,2003-eth3,7734.27,7832.17,15566.43,7840,7742,78.92,79.92,158.84,80,79,0.00,0.00,0,0
1544345458,2005-eth1,0.00,0.00,0.00,0,0,0.00,0.00,0.00,0,0,0.00,0.00,0,0
1544345458,3002-eth3,1210359.62,905340.69,2115700.25,906246,1211570,695.30,698.30,1393.61,699,696,0.00,0.00,0,0
1544345458,3006-eth3,1219966.12,1121416.62,2341382.75,1122538,1221186,731.27,772.23,1503.50,773,732,0.00,0.00,0,0
1544345458,2001-eth1,3976.02,3916.08,7892.11,3920,3980,40.96,39.96,80.92,40,41,0.00,0.00,0,0
1544345458,3005-eth2,1218735.25,1216827.25,2435562.50,1218044,1219954,800.20,793.21,1593.41,794,801,0.00,0.00,0,0
1544345458,2001-eth2,7738.26,7776.22,15514.49,7784,7746,79.92,79.92,159.84,80,80,0.00,0.00,0,0
1544345458,3007-eth2,938679.38,1217079.00,2155758.25,1218296,939618,743.26,731.27,1474.53,732,744,0.00,0.00,0,0
1544345458,1001-eth1,3916.08,3976.02,7892.11,3980,3920,39.96,40.96,80.92,41,40,0.00,0.00,0,0
1544345458,3007-eth4,236217.78,375686.31,611904.12,376062,236454,225.77,234.77,460.54,235,226,0.00,0.00,0,0
1544345458,2003-eth2,7832.17,7734.27,15566.43,7742,7840,79.92,78.92,158.84,79,80,0.00,0.00,0,0
1544345458,3007-eth3,980981.06,562933.06,1543914.12,563496,981962,507.49,507.49,1014.99,508,508,0.00,0.00,0,0
1544345458,1002-eth1,7776.22,7738.26,15514.49,7746,7784,79.92,79.92,159.84,80,80,0.00,0.00,0,0
1544345458,2002-eth3,11926.07,257312.69,269238.78,257570,11938,126.87,128.87,255.74,129,127,0.00,0.00,0,0
1544345458,2007-eth2,41.96,41.96,83.92,42,42,1.00,1.00,2.00,1,1,0.00,0.00,0,0
1544345458,total,32182386.00,32519284.00,64701668.00,32551802,32214568,23210.79,23437.56,46648.35,23461,23234,0.00,0.00,0,0
1544345459,3003-eth3,949734.31,260781.22,1210515.50,261042,950684,397.60,400.60,798.20,401,398,0.00,0.00,0,0
1544345459,2002-eth1,1196511.50,39534.46,1236046.00,39574,1197708,441.56,552.45,994.01,553,442,0.00,0.00,0,0
1544345459,lo,65698.30,65698.30,131396.61,65764,65764,297.70,297.70,595.40,298,298,0.00,0.00,0,0
1544345459,3005-eth3,1000042.00,1015146.88,2015188.88,1016162,1001042,666.33,696.30,1362.64,697,667,0.00,0.00,0,0
1544345459,2005-eth3,59.94,0.00,59.94,0,60,1.00,0.00,1.00,0,1,0.00,0.00,0,0
1544345459,3004-eth4,1203278.75,80647.35,1283926.12,80728,1204482,238.76,191.81,430.57,192,239,0.00,0.00,0,0
1544345459,1004-eth2,26109.89,945968.06,972077.94,946914,26136,375.62,327.67,703.30,328,376,0.00,0.00,0,0
1544345459,2004-eth4,5862.14,70097.91,75960.04,70168,5868,68.93,31.97,100.90,32,69,0.00,0.00,0,0
1544345459,1001-eth2,3916.08,3916.08,7832.17,3920,3920,39.96,39.96,79.92,40,40,0.00,0.00,0,0
1544345459,1003-eth3,254801.20,5338.66,260139.88,5344,255056,90.91,71.93,162.84,72,91,0.00,0.00,0,0
1544345459,2002-eth4,1219724.25,1224137.88,2443862.25,1225362,1220944,815.18,860.14,1675.32,861,816,0.00,0.00,0,0
1544345459,1001-eth4,0.00,0.00,0.00,0,0,0.00,0.00,0.00,0,0,0.00,0.00,0,0
1544345459,3001-eth2,303992.03,11974.03,315966.03,11986,304296,134.87,134.87,269.73,135,135,0.00,0.00,0,0
1544345459,1004-eth1,1196046.00,331558.44,1527604.38,331890,1197242,412.59,552.45,965.03,553,413,0.00,0.00,0,0
1544345459,3005-eth4,1221031.00,1222931.12,2443962.00,1224154,1222252,769.23,812.19,1581.42,813,770,0.00,0.00,0,0
1544345459,1003-eth2,949794.25,345080.94,1294875.12,345426,950744,398.60,428.57,827.17,429,399,0.00,0.00,0,0
1544345459,3008-eth1,41.96,41.96,83.92,42,42,1.00,1.00,2.00,1,1,0.00,0.00,0,0
1544345459,1002-eth3,7734.27,7538.46,15272.73,7546,7742,78.92,76.92,155.84,77,79,0.00,0.00,0,0
1544345459,2006-eth1,5338.66,254801.20,260139.88,255056,5344,71.93,90.91,162.84,91,72,0.00,0.00,0,0
1544345459,3003-eth1,7892.11,7832.17,15724.28,7840,7900,80.92,79.92,160.84,80,81,0.00,0.00,0,0
1544345459,2001-eth3,7678.32,7678.32,15356.64,7686,7686,78.92,78.92,157.84,79,79,0.00,0.00,0,0
1544345459,2008-eth2,26169.83,1222945.12,1249114.88,1224168,26196,376.62,447.55,824.18,448,377,0.00,0.00,0,0
1544345459,2008-eth3,1222391.62,729314.69,1951706.38,730044,1223614,658.34,661.34,1319.68,662,659,0.00,0.00,0,0
1544345459,1001-eth3,0.00,0.00,0.00,0,0,0.00,0.00,0.00,0,0,0.00,0.00,0,0
1544345459,2007-eth4,41.96,41.96,83.92,42,42,1.00,1.00,2.00,1,1,0.00,0.00,0,0
1544345459,2004-eth2,945968.06,26109.89,972077.94,26136,946914,327.67,375.62,703.30,376,328,0.00,0.00,0,0
1544345459,3002-eth1,7832.17,7832.17,15664.34,7840,7840,79.92,79.92,159.84,80,80,0.00,0.00,0,0
1544345459,3004-eth1,7734.27,7538.46,15272.73,7546,7742,78.92,76.92,155.84,77,79,0.00,0.00,0,0
1544345459,2006-eth3,1222473.50,1222681.38,2445155.00,1223904,1223696,747.25,807.19,1554.45,808,748,0.00,0.00,0,0
1544345459,3004-eth2,70097.91,5862.14,75960.04,5868,70168,31.97,68.93,100.90,69,32,0.00,0.00,0,0
1544345459,3001-eth3,1219932.12,330347.66,1550279.75,330678,1221152,551.45,534.47,1085.91,535,552,0.00,0.00,0,0
1544345459,2003-eth4,7538.46,7734.27,15272.73,7742,7546,76.92,78.92,155.84,79,77,0.00,0.00,0,0
1544345459,2008-eth4,1225262.75,35182.82,1260445.62,35218,1226488,451.55,466.53,918.08,467,452,0.00,0.00,0,0
1544345459,3008-eth3,1224687.38,819206.81,2043894.12,820026,1225912,717.28,708.29,1425.57,709,718,0.00,0.00,0,0
1544345459,2005-eth2,7538.46,7734.27,15272.73,7742,7546,76.92,78.92,155.84,79,77,0.00,0.00,0,0
1544345459,2006-eth4,21296.70,1111740.25,1133037.00,1112852,21318,322.68,384.62,707.29,385,323,0.00,0.00,0,0
1544345459,3006-eth2,1111740.25,21296.70,1133037.00,21318,1112852,384.62,322.68,707.29,323,385,0.00,0.00,0,0
1544345459,1003-eth4,322273.75,19352.65,341626.38,19372,322596,148.85,246.75,395.60,247,149,0.00,0.00,0,0
1544345459,2006-eth2,1196046.00,27626.38,1223672.38,27654,1197242,412.59,418.58,831.17,419,413,0.00,0.00,0,0
1544345459,3001-eth1,7678.32,7678.32,15356.64,7686,7686,78.92,78.92,157.84,79,79,0.00,0.00,0,0
1544345459,3008-eth2,35182.82,1225262.75,1260445.62,1226488,35218,466.53,451.55,918.08,452,467,0.00,0.00,0,0
1544345459,2004-eth3,970167.88,1220951.12,2191119.00,1222172,971138,707.29,724.28,1431.57,725,708,0.00,0.00,0,0
1544345459,3001-eth4,34009.99,1221436.62,1255446.62,1222658,34044,477.52,496.50,974.03,497,478,0.00,0.00,0,0
1544345459,1003-eth1,39534.46,1196511.50,1236046.00,1197708,39574,552.45,441.56,994.01,442,553,0.00,0.00,0,0
1544345459,3002-eth2,1224137.88,1219724.25,2443862.25,1220944,1225362,860.14,815.18,1675.32,816,861,0.00,0.00,0,0
1544345459,2005-eth4,7794.21,7538.46,15332.67,7546,7802,79.92,76.92,156.84,77,80,0.00,0.00,0,0
1544345459,3003-eth2,1220951.12,970167.88,2191119.00,971138,1222172,724.28,707.29,1431.57,708,725,0.00,0.00,0,0
1544345459,2007-eth1,0.00,0.00,0.00,0,0,0.00,0.00,0.00,0,0,0.00,0.00,0,0
1544345459,1002-eth4,41.96,41.96,83.92,42,42,1.00,1.00,2.00,1,1,0.00,0.00,0,0
1544345459,3002-eth4,14623.38,302817.19,317440.56,303120,14638,182.82,187.81,370.63,188,183,0.00,0.00,0,0
1544345459,2007-eth3,0.00,0.00,0.00,0,0,0.00,0.00,0.00,0,0,0.00,0.00,0,0
1544345459,3005-eth1,0.00,59.94,59.94,60,0,0.00,1.00,1.00,1,0,0.00,0.00,0,0
1544345459,2001-eth4,7832.17,7832.17,15664.34,7840,7840,79.92,79.92,159.84,80,80,0.00,0.00,0,0
1544345459,3003-eth4,28205.79,967023.00,995228.81,967990,28234,388.61,410.59,799.20,411,389,0.00,0.00,0,0
1544345459,2004-eth1,345080.94,949794.25,1294875.12,950744,345426,428.57,398.60,827.17,399,429,0.00,0.00,0,0
1544345459,3006-eth4,33844.16,1221338.75,1255182.88,1222560,33878,474.53,495.50,970.03,496,475,0.00,0.00,0,0
1544345459,3007-eth1,0.00,0.00,0.00,0,0,0.00,0.00,0.00,0,0,0.00,0.00,0,0
1544345459,2008-eth1,19352.65,322273.75,341626.38,322596,19372,246.75,148.85,395.60,149,247,0.00,0.00,0,0
1544345459,2002-eth2,331558.44,1196046.00,1527604.38,1197242,331890,552.45,412.59,965.03,413,553,0.00,0.00,0,0
1544345459,2003-eth1,3916.08,3916.08,7832.17,3920,3920,39.96,39.96,79.92,40,40,0.00,0.00,0,0
1544345459,3008-eth4,1230803.25,613212.81,1844016.00,613826,1232034,764.24,778.22,1542.46,779,765,0.00,0.00,0,0
1544345459,1004-eth4,1222945.12,26169.83,1249114.88,26196,1224168,447.55,376.62,824.18,377,448,0.00,0.00,0,0
1544345459,3006-eth1,7538.46,7794.21,15332.67,7802,7546,76.92,79.92,156.84,80,77,0.00,0.00,0,0
1544345459,1004-eth3,27626.38,1196046.00,1223672.38,1197242,27654,418.58,412.59,831.17,413,419,0.00,0.00,0,0
1544345459,1002-eth2,7538.46,7734.27,15272.73,7742,7546,76.92,78.92,155.84,79,77,0.00,0.00,0,0
1544345459,3004-eth3,18153.85,1205116.88,1223270.75,1206322,18172,237.76,248.75,486.51,249,238,0.00,0.00,0,0
1544345459,2003-eth3,7832.17,7892.11,15724.28,7900,7840,79.92,80.92,160.84,81,80,0.00,0.00,0,0
1544345459,2005-eth1,0.00,0.00,0.00,0,0,0.00,0.00,0.00,0,0,0.00,0.00,0,0
1544345459,3002-eth3,1212933.12,951106.94,2164040.00,952058,1214146,712.29,712.29,1424.58,713,713,0.00,0.00,0,0
1544345459,3006-eth3,1222601.38,1137856.12,2360457.50,1138994,1223824,727.27,780.22,1507.49,781,728,0.00,0.00,0,0
1544345459,2001-eth1,3916.08,3916.08,7832.17,3920,3920,39.96,39.96,79.92,40,40,0.00,0.00,0,0
1544345459,3005-eth2,1222681.38,1222473.50,2445155.00,1223696,1223904,807.19,747.25,1554.45,748,808,0.00,0.00,0,0
1544345459,2001-eth2,7678.32,7678.32,15356.64,7686,7686,78.92,78.92,157.84,79,79,0.00,0.00,0,0
1544345459,3007-eth2,729314.69,1222391.62,1951706.38,1223614,730044,661.34,658.34,1319.68,659,662,0.00,0.00,0,0
1544345459,1001-eth1,3916.08,3916.08,7832.17,3920,3920,39.96,39.96,79.92,40,40,0.00,0.00,0,0
1544345459,3007-eth4,280609.41,412905.09,693514.50,413318,280890,240.76,250.75,491.51,251,241,0.00,0.00,0,0
1544345459,2003-eth2,7734.27,7538.46,15272.73,7546,7742,78.92,76.92,155.84,77,79,0.00,0.00,0,0
1544345459,3007-eth3,941782.25,316409.59,1258191.88,316726,942724,417.58,410.59,828.17,411,418,0.00,0.00,0,0
1544345459,1002-eth1,7678.32,7678.32,15356.64,7686,7686,78.92,78.92,157.84,79,79,0.00,0.00,0,0
1544345459,2002-eth3,11974.03,303992.03,315966.03,304296,11986,134.87,134.87,269.73,135,135,0.00,0.00,0,0
1544345459,2007-eth2,41.96,41.96,83.92,42,42,1.00,1.00,2.00,1,1,0.00,0.00,0,0
1544345459,total,31963524.00,32205536.00,64169056.00,32237740,31995486,23367.63,23518.48,46886.12,23542,23391,0.00,0.00,0,0
1544345460,3003-eth3,904167.69,161590.83,1065758.50,161914,905976,379.24,368.26,747.51,369,380,0.00,0.00,0,0
1544345460,2002-eth1,1180793.62,37531.41,1218325.00,37644,1184336,413.76,557.33,971.09,559,415,0.00,0.00,0,0
1544345460,lo,8586.24,8586.24,17172.48,8612,8612,83.75,83.75,167.50,84,84,0.00,0.00,0,0
1544345460,3005-eth3,989423.75,752468.62,1741892.38,754726,992392,671.98,661.02,1333.00,663,674,0.00,0.00,0,0
1544345460,2005-eth3,0.00,0.00,0.00,0,0,0.00,0.00,0.00,0,0,0.00,0.00,0,0
1544345460,3004-eth4,1195463.62,159694.92,1355158.50,160174,1199050,220.34,210.37,430.71,211,221,0.00,0.00,0,0
1544345460,1004-eth2,23748.75,1029663.00,1053411.75,1032752,23820,359.92,354.94,714.86,356,361,0.00,0.00,0,0
1544345460,2004-eth4,3290.13,149232.30,152522.44,149680,3300,49.85,51.84,101.69,52,50,0.00,0.00,0,0
1544345460,1001-eth2,3810.57,3810.57,7621.14,3822,3822,38.88,38.88,77.77,39,39,0.00,0.00,0,0
1544345460,1003-eth3,156783.66,6560.32,163343.97,6580,157254,78.76,69.79,148.55,70,79,0.00,0.00,0,0
1544345460,2002-eth4,1211848.50,1205864.38,2417713.00,1209482,1215484,862.41,793.62,1656.03,796,865,0.00,0.00,0,0
1544345460,1001-eth4,59.82,59.82,119.64,60,60,1.00,1.00,1.99,1,1,0.00,0.00,0,0
1544345460,3001-eth2,181330.02,8117.65,189447.66,8142,181874,100.70,111.67,212.36,112,101,0.00,0.00,0,0
1544345460,1004-eth1,1180398.75,206460.62,1386859.38,207080,1183940,407.78,481.56,889.33,483,409,0.00,0.00,0,0
1544345460,3005-eth4,1207561.38,1204185.50,2411746.75,1207798,1211184,709.87,812.56,1522.43,815,712,0.00,0.00,0,0
1544345460,1003-eth2,903266.19,327138.59,1230404.75,328120,905976,378.86,450.65,829.51,452,380,0.00,0.00,0,0
1544345460,3008-eth1,59.82,0.00,59.82,0,60,1.00,0.00,1.00,0,1,0.00,0.00,0,0
1544345460,1002-eth3,7876.37,7816.55,15692.92,7840,7900,80.76,79.76,160.52,80,81,0.00,0.00,0,0
1544345460,2006-eth1,6560.32,156783.66,163343.97,157254,6580,69.79,78.76,148.55,79,70,0.00,0.00,0,0
1544345460,3003-eth1,7718.84,7621.14,15339.98,7644,7742,78.76,77.77,156.53,78,79,0.00,0.00,0,0
1544345460,2001-eth3,7718.84,7621.14,15339.98,7644,7742,78.76,77.77,156.53,78,79,0.00,0.00,0,0
1544345460,2008-eth2,23688.93,1212825.50,1236514.50,1216464,23760,358.92,461.62,820.54,463,360,0.00,0.00,0,0
1544345460,2008-eth3,1208147.62,860360.94,2068508.50,862942,1211772,718.84,720.84,1439.68,723,721,0.00,0.00,0,0
1544345460,1001-eth3,59.82,0.00,59.82,0,60,1.00,0.00,1.00,0,1,0.00,0.00,0,0
1544345460,2007-eth4,0.00,59.82,59.82,60,0,0.00,1.00,1.00,1,0,0.00,0.00,0,0
1544345460,2004-eth2,1029663.00,23748.75,1053411.75,23820,1032752,354.94,359.92,714.86,361,356,0.00,0.00,0,0
1544345460,3002-eth1,7621.14,7621.14,15242.27,7644,7644,77.77,77.77,155.53,78,78,0.00,0.00,0,0
1544345460,3004-eth1,7816.55,7816.55,15633.10,7840,7840,79.76,79.76,159.52,80,80,0.00,0.00,0,0
1544345460,2006-eth3,1207172.50,1207956.12,2415128.75,1211580,1210794,769.69,795.61,1565.30,798,772,0.00,0.00,0,0
1544345460,3004-eth2,149232.30,3290.13,152522.44,3300,149680,51.84,49.85,101.69,50,52,0.00,0.00,0,0
1544345460,3001-eth3,1206649.50,207247.02,1413896.50,208076,1211476,525.90,496.02,1021.91,498,528,0.00,0.00,0,0
1544345460,2003-eth4,7808.77,7808.77,15617.53,7840,7840,79.68,79.68,159.36,80,80,0.00,0.00,0,0
1544345460,2008-eth4,1207605.62,26521.91,1234127.50,26628,1212436,475.10,390.44,865.54,392,477,0.00,0.00,0,0
1544345460,3008-eth3,1206547.88,677782.88,1884330.75,680494,1211374,728.09,720.12,1448.21,723,731,0.00,0.00,0,0
1544345460,2005-eth2,7808.77,7868.53,15677.29,7900,7840,79.68,80.68,160.36,81,80,0.00,0.00,0,0
1544345460,2006-eth4,21035.86,1146711.25,1167747.00,1151298,21120,318.73,395.42,714.14,397,320,0.00,0.00,0,0
1544345460,3006-eth2,1146711.25,21035.86,1167747.00,21120,1151298,395.42,318.73,714.14,320,397,0.00,0.00,0,0
1544345460,1003-eth4,432828.69,16332.67,449161.38,16398,434560,155.38,236.06,391.43,237,156,0.00,0.00,0,0
1544345460,2006-eth2,1182113.62,25171.32,1207284.88,25272,1186842,407.37,381.47,788.84,383,409,0.00,0.00,0,0
1544345460,3001-eth1,7711.16,7711.16,15422.31,7742,7742,78.69,78.69,157.37,79,79,0.00,0.00,0,0
1544345460,3008-eth2,26521.91,1210555.88,1237077.75,1215398,26628,390.44,476.10,866.53,478,392,0.00,0.00,0,0
1544345460,2004-eth3,925695.25,1203482.12,2129177.25,1208296,929398,688.25,752.99,1441.24,756,691,0.00,0.00,0,0
1544345460,3001-eth4,33808.77,1209033.88,1242842.62,1213870,33944,474.10,493.03,967.13,495,476,0.00,0.00,0,0
1544345460,1003-eth1,37559.76,1182567.75,1220127.50,1187298,37710,557.77,414.34,972.11,416,560,0.00,0.00,0,0
1544345460,3002-eth2,1207679.38,1213591.62,2421271.00,1218446,1212510,794.82,862.55,1657.37,866,798,0.00,0.00,0,0
1544345460,2005-eth4,7808.77,7808.77,15617.53,7840,7840,79.68,79.68,159.36,80,80,0.00,0.00,0,0
1544345460,3003-eth2,1203482.12,925695.25,2129177.25,929398,1208296,752.99,688.25,1441.24,691,756,0.00,0.00,0,0
1544345460,2007-eth1,59.76,59.76,119.52,60,60,1.00,1.00,1.99,1,1,0.00,0.00,0,0
1544345460,1002-eth4,59.76,59.76,119.52,60,60,1.00,1.00,1.99,1,1,0.00,0.00,0,0
1544345460,3002-eth4,16290.84,287002.00,303292.84,288150,16356,209.16,202.19,411.35,203,210,0.00,0.00,0,0
1544345460,2007-eth3,0.00,0.00,0.00,0,0,0.00,0.00,0.00,0,0,0.00,0.00,0,0
1544345460,3005-eth1,0.00,0.00,0.00,0,0,0.00,0.00,0.00,0,0,0.00,0.00,0,0
1544345460,2001-eth4,7613.55,7613.55,15227.09,7644,7644,77.69,77.69,155.38,78,78,0.00,0.00,0,0
1544345460,3003-eth4,28089.64,961085.69,989175.31,964930,28202,387.45,407.37,794.82,409,389,0.00,0.00,0,0
1544345460,2004-eth1,326878.50,905316.75,1232195.25,908938,328186,451.20,379.48,830.68,381,453,0.00,0.00,0,0
1544345460,3006-eth4,33709.16,1215031.88,1248741.12,1219892,33844,472.11,496.02,968.13,498,474,0.00,0.00,0,0
1544345460,3007-eth1,0.00,0.00,0.00,0,0,0.00,0.00,0.00,0,0,0.00,0.00,0,0
1544345460,2008-eth1,16332.67,432828.69,449161.38,434560,16398,236.06,155.38,391.43,156,237,0.00,0.00,0,0
1544345460,2002-eth2,206320.72,1182173.38,1388494.12,1186902,207146,482.07,408.37,890.44,410,484,0.00,0.00,0,0
1544345460,2003-eth1,3806.77,3806.77,7613.55,3822,3822,38.84,38.84,77.69,39,39,0.00,0.00,0,0
1544345460,3008-eth4,1217747.00,434197.22,1651944.25,435934,1222618,654.38,630.48,1284.86,633,657,0.00,0.00,0,0
1544345460,1004-eth4,1214567.75,23665.34,1238233.12,23760,1219426,462.15,358.57,820.72,360,464,0.00,0.00,0,0
1544345460,3006-eth1,7808.77,7808.77,15617.53,7840,7840,79.68,79.68,159.36,80,80,0.00,0.00,0,0
1544345460,1004-eth3,25171.32,1182113.62,1207284.88,1186842,25272,381.47,407.37,788.84,409,383,0.00,0.00,0,0
1544345460,1002-eth2,7868.53,7808.77,15677.29,7840,7900,80.68,79.68,160.36,80,81,0.00,0.00,0,0
1544345460,3004-eth3,18326.69,1198794.88,1217121.50,1203590,18400,239.04,250.00,489.04,251,240,0.00,0.00,0,0
1544345460,2003-eth3,7711.16,7711.16,15422.31,7742,7742,78.69,78.69,157.37,79,79,0.00,0.00,0,0
1544345460,2005-eth1,0.00,59.76,59.76,60,0,0.00,1.00,1.00,1,0,0.00,0.00,0,0
1544345460,3002-eth3,1204854.62,1007203.19,2212057.75,1011232,1209674,730.08,729.08,1459.16,732,733,0.00,0.00,0,0
1544345460,3006-eth3,1210360.62,1175496.00,2385856.75,1180198,1215202,726.10,787.85,1513.94,791,729,0.00,0.00,0,0
1544345460,2001-eth1,3806.77,3806.77,7613.55,3822,3822,38.84,38.84,77.69,39,39,0.00,0.00,0,0
1544345460,3005-eth2,1209769.00,1206167.38,2415936.25,1210992,1214608,796.81,771.91,1568.73,775,800,0.00,0.00,0,0
1544345460,2001-eth2,7808.77,7868.53,15677.29,7900,7840,79.68,80.68,160.36,81,80,0.00,0.00,0,0
1544345460,3007-eth2,862454.19,1207075.75,2069530.00,1211904,865904,721.12,720.12,1441.24,723,724,0.00,0.00,0,0
1544345460,1001-eth1,3806.77,3806.77,7613.55,3822,3822,38.84,38.84,77.69,39,39,0.00,0.00,0,0
1544345460,3007-eth4,263643.44,346245.03,609888.44,347630,264698,236.06,242.03,478.09,243,237,0.00,0.00,0,0
1544345460,2003-eth2,7808.77,7868.53,15677.29,7900,7840,79.68,80.68,160.36,81,80,0.00,0.00,0,0
1544345460,3007-eth3,943372.56,516209.19,1459581.75,518274,947146,483.07,479.08,962.15,481,485,0.00,0.00,0,0
1544345460,1002-eth1,7868.53,7808.77,15677.29,7840,7900,80.68,79.68,160.36,80,81,0.00,0.00,0,0
1544345460,2002-eth3,8109.56,181149.41,189258.97,181874,8142,111.55,100.60,212.15,101,112,0.00,0.00,0,0
1544345460,2007-eth2,59.76,59.76,119.52,60,60,1.00,1.00,1.99,1,1,0.00,0.00,0,0
1544345460,total,31541668.00,31380426.00,62922092.00,31505946,31667834,22909.36,23046.81,45956.18,23139,23001,0.00,0.00,0,0
1544345461,3003-eth3,937024.94,231585.25,1168610.12,232280,939836,418.74,402.79,821.54,404,420,0.00,0.00,0,0
1544345461,2002-eth1,1196947.12,36783.65,1233730.88,36894,1200538,439.68,557.33,997.01,559,441,0.00,0.00,0,0
1544345461,lo,6480.56,6480.56,12961.12,6500,6500,62.81,62.81,125.62,63,63,0.00,0.00,0,0
1544345461,3005-eth3,1084612.75,966191.62,2050804.50,968124,1086782,792.42,806.39,1598.80,808,794,0.00,0.00,0,0
1544345461,2005-eth3,0.00,0.00,0.00,0,0,0.00,0.00,0.00,0,0,0.00,0.00,0,0
1544345461,3004-eth4,1201381.25,160249.50,1361630.75,160570,1203784,226.55,216.57,443.11,217,227,0.00,0.00,0,0
1544345461,1004-eth2,24041.92,983393.25,1007435.19,985360,24090,364.27,339.32,703.59,340,365,0.00,0.00,0,0
1544345461,2004-eth4,3491.02,149704.59,153195.61,150004,3498,52.89,56.89,109.78,57,53,0.00,0.00,0,0
1544345461,1001-eth2,3972.06,3912.18,7884.23,3920,3980,40.92,39.92,80.84,40,41,0.00,0.00,0,0
1544345461,1003-eth3,213237.53,9287.43,222524.95,9306,213664,99.80,98.80,198.60,99,100,0.00,0.00,0,0
1544345461,2002-eth4,1219890.25,1222842.38,2442732.50,1225288,1222330,835.33,814.37,1649.70,816,837,0.00,0.00,0,0
1544345461,1001-eth4,0.00,0.00,0.00,0,0,0.00,0.00,0.00,0,0,0.00,0.00,0,0
1544345461,3001-eth2,266385.25,9616.77,276002.00,9636,266918,138.72,145.71,284.43,146,139,0.00,0.00,0,0
1544345461,1004-eth1,1174159.75,291085.84,1465245.50,291668,1176508,405.19,512.97,918.16,514,406,0.00,0.00,0,0
1544345461,3005-eth4,1227337.38,1215199.62,2442537.00,1217630,1229792,970.06,933.13,1903.19,935,972,0.00,0.00,0,0
1544345461,1003-eth2,937960.12,383828.34,1321788.50,384596,939836,419.16,473.05,892.22,474,420,0.00,0.00,0,0
1544345461,3008-eth1,0.00,59.88,59.88,60,0,0.00,1.00,1.00,1,0,0.00,0.00,0,0
1544345461,1002-eth3,7628.74,7786.43,15415.17,7802,7644,77.84,79.84,157.68,80,78,0.00,0.00,0,0
1544345461,2006-eth1,9287.43,213237.53,222524.95,213664,9306,98.80,99.80,198.60,100,99,0.00,0.00,0,0
1544345461,3003-eth1,7824.35,7922.16,15746.51,7938,7840,79.84,80.84,160.68,81,80,0.00,0.00,0,0
1544345461,2001-eth3,7824.35,7982.04,15806.39,7998,7840,79.84,81.84,161.68,82,80,0.00,0.00,0,0
1544345461,2008-eth2,24041.92,1222844.38,1246886.25,1225290,24090,364.27,464.07,828.34,465,365,0.00,0.00,0,0
1544345461,2008-eth3,1219525.00,680433.12,1899958.12,681794,1221964,632.73,631.74,1264.47,633,634,0.00,0.00,0,0
1544345461,1001-eth3,0.00,59.88,59.88,60,0,0.00,1.00,1.00,1,0,0.00,0.00,0,0
1544345461,2007-eth4,59.88,0.00,59.88,0,60,1.00,0.00,1.00,0,1,0.00,0.00,0,0
1544345461,2004-eth2,983393.25,24041.92,1007435.19,24090,985360,339.32,364.27,703.59,365,340,0.00,0.00,0,0
1544345461,3002-eth1,7726.55,7726.55,15453.09,7742,7742,78.84,78.84,157.68,79,79,0.00,0.00,0,0
1544345461,3004-eth1,7786.43,7884.23,15670.66,7900,7802,79.84,80.84,160.68,81,80,0.00,0.00,0,0
1544345461,2006-eth3,1221780.50,1215588.88,2437369.25,1218020,1224224,754.49,865.27,1619.76,867,756,0.00,0.00,0,0
1544345461,3004-eth2,149704.59,3491.02,153195.61,3498,150004,56.89,52.89,109.78,53,57,0.00,0.00,0,0
1544345461,3001-eth3,1220527.50,293024.97,1513552.50,293318,1221748,564.44,538.46,1102.90,539,565,0.00,0.00,0,0
1544345461,2003-eth4,7892.11,7794.21,15686.31,7802,7900,80.92,79.92,160.84,80,81,0.00,0.00,0,0
1544345461,2008-eth4,1227091.00,30593.41,1257684.38,30624,1228318,466.53,463.54,930.07,464,467,0.00,0.00,0,0
1544345461,3008-eth3,1222050.00,599788.25,1821838.25,600388,1223272,748.25,693.31,1441.56,694,749,0.00,0.00,0,0
1544345461,2005-eth2,7794.21,7636.36,15430.57,7644,7802,79.92,77.92,157.84,78,80,0.00,0.00,0,0
1544345461,2006-eth4,32113.89,1139037.00,1171150.88,1140176,32146,360.64,403.60,764.24,404,361,0.00,0.00,0,0
1544345461,3006-eth2,1139037.00,32113.89,1171150.88,32146,1140176,403.60,360.64,764.24,361,404,0.00,0.00,0,0
1544345461,1003-eth4,419532.47,15890.11,435422.59,15906,419952,175.82,240.76,416.58,241,176,0.00,0.00,0,0
1544345461,2006-eth2,1172373.62,24659.34,1197033.00,24684,1173546,404.60,373.63,778.22,374,405,0.00,0.00,0,0
1544345461,3001-eth1,7892.11,7832.17,15724.28,7840,7900,80.92,79.92,160.84,80,81,0.00,0.00,0,0
1544345461,3008-eth2,30593.41,1224131.88,1254725.25,1225356,30624,463.54,465.53,929.07,466,464,0.00,0.00,0,0
1544345461,2004-eth3,956509.50,1218727.25,2175236.75,1219946,957466,730.27,756.24,1486.51,757,731,0.00,0.00,0,0
1544345461,3001-eth4,34265.73,1218673.38,1252939.12,1219892,34300,480.52,497.50,978.02,498,481,0.00,0.00,0,0
1544345461,1003-eth1,36791.21,1196379.62,1233170.88,1197576,36828,557.44,439.56,997.00,440,558,0.00,0.00,0,0
1544345461,3002-eth2,1221039.00,1218149.88,2439189.00,1219368,1222260,813.19,835.16,1648.35,836,814,0.00,0.00,0,0
1544345461,2005-eth4,7636.36,7794.21,15430.57,7802,7644,77.92,79.92,157.84,80,78,0.00,0.00,0,0
1544345461,3003-eth2,1218727.25,956509.50,2175236.75,957466,1219946,756.24,730.27,1486.51,731,757,0.00,0.00,0,0
1544345461,2007-eth1,0.00,0.00,0.00,0,0,0.00,0.00,0.00,0,0,0.00,0.00,0,0
1544345461,1002-eth4,0.00,0.00,0.00,0,0,0.00,0.00,0.00,0,0,0.00,0.00,0,0
1544345461,3002-eth4,14195.80,292165.84,306361.66,292458,14210,176.82,180.82,357.64,181,177,0.00,0.00,0,0
1544345461,2007-eth3,59.94,0.00,59.94,0,60,1.00,0.00,1.00,0,1,0.00,0.00,0,0
1544345461,3005-eth1,0.00,0.00,0.00,0,0,0.00,0.00,0.00,0,0,0.00,0.00,0,0
1544345461,2001-eth4,7734.27,7734.27,15468.53,7742,7742,78.92,78.92,157.84,79,79,0.00,0.00,0,0
1544345461,3003-eth4,28403.60,959658.38,988061.94,960618,28432,391.61,408.59,800.20,409,392,0.00,0.00,0,0
1544345461,2004-eth1,384145.88,935938.06,1320084.00,936874,384530,472.53,418.58,891.11,419,473,0.00,0.00,0,0
1544345461,3006-eth4,33938.06,1221534.50,1255472.50,1222756,33972,476.52,497.50,974.03,498,477,0.00,0.00,0,0
1544345461,3007-eth1,0.00,59.94,59.94,60,0,0.00,1.00,1.00,1,0,0.00,0.00,0,0
1544345461,2008-eth1,15890.11,419532.47,435422.59,419952,15906,240.76,175.82,416.58,176,241,0.00,0.00,0,0
1544345461,2002-eth2,291310.69,1172373.62,1463684.38,1173546,291602,512.49,404.60,917.08,405,513,0.00,0.00,0,0
1544345461,2003-eth1,3916.08,3976.02,7892.11,3980,3920,39.96,40.96,80.92,41,40,0.00,0.00,0,0
1544345461,3008-eth4,1232645.38,579062.94,1811708.38,579642,1233878,757.24,620.38,1377.62,621,758,0.00,0.00,0,0
1544345461,1004-eth4,1221106.88,24065.94,1245172.88,24090,1222328,463.54,364.64,828.17,365,464,0.00,0.00,0,0
1544345461,3006-eth1,7794.21,7636.36,15430.57,7644,7802,79.92,77.92,157.84,78,80,0.00,0.00,0,0
1544345461,1004-eth3,24659.34,1172373.62,1197033.00,1173546,24684,373.63,404.60,778.22,405,374,0.00,0.00,0,0
1544345461,1002-eth2,7832.17,7734.27,15566.43,7742,7840,79.92,78.92,158.84,79,80,0.00,0.00,0,0
1544345461,3004-eth3,18441.56,1206761.25,1225202.88,1207968,18460,240.76,251.75,492.51,252,241,0.00,0.00,0,0
1544345461,2003-eth3,7832.17,7832.17,15664.34,7840,7840,79.92,79.92,159.84,80,80,0.00,0.00,0,0
1544345461,2005-eth1,59.94,0.00,59.94,0,60,1.00,0.00,1.00,0,1,0.00,0.00,0,0
1544345461,3002-eth3,1208729.25,1019033.00,2227762.25,1020052,1209938,736.26,733.27,1469.53,734,737,0.00,0.00,0,0
1544345461,3006-eth3,1214861.12,1162319.75,2377181.00,1163482,1216076,731.27,800.20,1531.47,801,732,0.00,0.00,0,0
1544345461,2001-eth1,3916.08,3976.02,7892.11,3980,3920,39.96,40.96,80.92,41,40,0.00,0.00,0,0
1544345461,3005-eth2,1213778.25,1222803.25,2436581.50,1224026,1214992,864.14,752.25,1616.38,753,865,0.00,0.00,0,0
1544345461,2001-eth2,7734.27,7734.27,15468.53,7742,7742,78.92,78.92,157.84,79,79,0.00,0.00,0,0
1544345461,3007-eth2,678153.88,1220611.38,1898765.25,1221832,678832,631.37,631.37,1262.74,632,632,0.00,0.00,0,0
1544345461,1001-eth1,3976.02,3916.08,7892.11,3920,3980,40.96,39.96,80.92,40,41,0.00,0.00,0,0
1544345461,3007-eth4,269094.91,324525.47,593620.38,324850,269364,197.80,204.80,402.60,205,198,0.00,0.00,0,0
1544345461,2003-eth2,7734.27,7832.17,15566.43,7840,7742,78.92,79.92,158.84,80,79,0.00,0.00,0,0
1544345461,3007-eth3,951516.50,353628.38,1305144.88,353982,952468,433.57,426.57,860.14,427,434,0.00,0.00,0,0
1544345461,1002-eth1,7734.27,7734.27,15468.53,7742,7742,78.92,78.92,157.84,79,79,0.00,0.00,0,0
1544345461,2002-eth3,9626.37,266651.34,276277.72,266918,9636,145.85,138.86,284.72,139,146,0.00,0.00,0,0
1544345461,2007-eth2,0.00,0.00,0.00,0,0,0.00,0.00,0.00,0,0,0.00,0.00,0,0
1544345461,total,31997462.00,31896494.00,63893956.00,31928390,32029458,23688.31,23558.44,47246.75,23582,23712,0.00,0.00,0,0
1544345462,3003-eth3,942561.44,205350.66,1147912.12,205556,943504,397.60,393.61,791.21,394,398,0.00,0.00,0,0
1544345462,2002-eth1,1200781.25,40153.85,1240935.12,40194,1201982,418.58,608.39,1026.97,609,419,0.00,0.00,0,0
1544345462,lo,66217.78,66217.78,132435.56,66284,66284,303.70,303.70,607.39,304,304,0.00,0.00,0,0
1544345462,3005-eth3,1080329.75,1014008.00,2094337.75,1015022,1081410,842.16,834.17,1676.32,835,843,0.00,0.00,0,0
1544345462,2005-eth3,0.00,59.94,59.94,60,0,0.00,1.00,1.00,1,0,0.00,0.00,0,0
1544345462,3004-eth4,1203510.50,195852.16,1399362.62,196048,1204714,240.76,227.77,468.53,228,241,0.00,0.00,0,0
1544345462,1004-eth2,24989.01,1008048.00,1033037.00,1009056,25014,378.62,347.65,726.27,348,379,0.00,0.00,0,0
1544345462,2004-eth4,4285.71,185434.58,189720.28,185620,4290,64.94,69.93,134.87,70,65,0.00,0.00,0,0
1544345462,1001-eth2,3916.08,3976.02,7892.11,3980,3920,39.96,40.96,80.92,41,40,0.00,0.00,0,0
1544345462,1003-eth3,193854.16,7102.90,200957.05,7110,194048,87.91,75.92,163.84,76,88,0.00,0.00,0,0
1544345462,2002-eth4,1216245.75,1225110.88,2441356.75,1226336,1217462,850.15,787.21,1637.36,788,851,0.00,0.00,0,0
1544345462,1001-eth4,0.00,0.00,0.00,0,0,0.00,0.00,0.00,0,0,0.00,0.00,0,0
1544345462,3001-eth2,339506.50,11208.79,350715.28,11220,339846,146.85,169.83,316.68,170,147,0.00,0.00,0,0
1544345462,1004-eth1,1172373.62,363836.19,1536209.88,364200,1173546,404.60,515.48,920.08,516,405,0.00,0.00,0,0
1544345462,3005-eth4,1233214.88,1223460.62,2456675.50,1224684,1234448,910.09,963.04,1873.13,964,911,0.00,0.00,0,0
1544345462,1003-eth2,942561.44,400651.38,1343212.88,401052,943504,397.60,481.52,879.12,482,398,0.00,0.00,0,0
1544345462,3008-eth1,0.00,0.00,0.00,0,0,0.00,0.00,0.00,0,0,0.00,0.00,0,0
1544345462,1002-eth3,7832.17,7832.17,15664.34,7840,7840,79.92,79.92,159.84,80,80,0.00,0.00,0,0
1544345462,2006-eth1,7102.90,193854.16,200957.05,194048,7110,75.92,87.91,163.84,88,76,0.00,0.00,0,0
1544345462,3003-eth1,7734.27,7696.30,15430.57,7704,7742,78.92,78.92,157.84,79,79,0.00,0.00,0,0
1544345462,2001-eth3,7892.11,7734.27,15626.37,7742,7900,80.92,78.92,159.84,79,81,0.00,0.00,0,0
1544345462,2008-eth2,24989.01,1224655.38,1249644.38,1225880,25014,378.62,451.55,830.17,452,379,0.00,0.00,0,0
1544345462,2008-eth3,1223318.75,806969.06,2030287.75,807776,1224542,694.31,698.30,1392.61,699,695,0.00,0.00,0,0
1544345462,1001-eth3,0.00,0.00,0.00,0,0,0.00,0.00,0.00,0,0,0.00,0.00,0,0
1544345462,2007-eth4,0.00,0.00,0.00,0,0,0.00,0.00,0.00,0,0,0.00,0.00,0,0
1544345462,2004-eth2,1008048.00,24989.01,1033037.00,25014,1009056,347.65,378.62,726.27,379,348,0.00,0.00,0,0
1544345462,3002-eth1,7832.17,7892.11,15724.28,7900,7840,79.92,80.92,160.84,81,80,0.00,0.00,0,0
1544345462,3004-eth1,7734.27,7734.27,15468.53,7742,7742,78.92,78.92,157.84,79,79,0.00,0.00,0,0
1544345462,2006-eth3,1223001.00,1213035.00,2436036.00,1214248,1224224,755.24,837.16,1592.41,838,756,0.00,0.00,0,0
1544345462,3004-eth2,185434.58,4285.71,189720.28,4290,185620,69.93,64.94,134.87,65,70,0.00,0.00,0,0
1544345462,3001-eth3,1221522.50,365880.12,1587402.62,366246,1222744,579.42,546.45,1125.87,547,580,0.00,0.00,0,0
1544345462,2003-eth4,7734.27,7734.27,15468.53,7742,7742,78.92,78.92,157.84,79,79,0.00,0.00,0,0
1544345462,2008-eth4,1224197.88,31378.62,1255576.50,31410,1225422,466.53,475.52,942.06,476,467,0.00,0.00,0,0
1544345462,3008-eth3,1220475.50,471684.34,1692159.88,472156,1221696,607.39,593.41,1200.80,594,608,0.00,0.00,0,0
1544345462,2005-eth2,7832.17,7832.17,15664.34,7840,7840,79.92,79.92,159.84,80,80,0.00,0.00,0,0
1544345462,2006-eth4,33678.32,736034.00,769712.31,736770,33712,358.64,368.63,727.27,369,359,0.00,0.00,0,0
1544345462,3006-eth2,736034.00,33678.32,769712.31,33712,736770,368.63,358.64,727.27,359,369,0.00,0.00,0,0
1544345462,1003-eth4,450697.31,18791.21,469488.53,18810,451148,165.83,284.72,450.55,285,166,0.00,0.00,0,0
1544345462,2006-eth2,1172433.62,24329.67,1196763.25,24354,1173606,405.59,368.63,774.23,369,406,0.00,0.00,0,0
1544345462,3001-eth1,7734.27,7892.11,15626.37,7900,7742,78.92,80.92,159.84,81,79,0.00,0.00,0,0
1544345462,3008-eth2,31378.62,1224197.88,1255576.50,1225422,31410,475.52,466.53,942.06,467,476,0.00,0.00,0,0
1544345462,2004-eth3,963132.88,1223264.75,2186397.75,1224488,964096,709.29,759.24,1468.53,760,710,0.00,0.00,0,0
1544345462,3001-eth4,34205.80,1218575.50,1252781.25,1219794,34240,479.52,496.50,976.02,497,480,0.00,0.00,0,0
1544345462,1003-eth1,40153.85,1200781.25,1240935.12,1201982,40194,608.39,418.58,1026.97,419,609,0.00,0.00,0,0
1544345462,3002-eth2,1225110.88,1216245.75,2441356.75,1217462,1226336,787.21,850.15,1637.36,851,788,0.00,0.00,0,0
1544345462,2005-eth4,7832.17,7832.17,15664.34,7840,7840,79.92,79.92,159.84,80,80,0.00,0.00,0,0
1544345462,3003-eth2,1223264.75,963132.88,2186397.75,964096,1224488,759.24,709.29,1468.53,710,760,0.00,0.00,0,0
1544345462,2007-eth1,0.00,0.00,0.00,0,0,0.00,0.00,0.00,0,0,0.00,0.00,0,0
1544345462,1002-eth4,0.00,0.00,0.00,0,0,0.00,0.00,0.00,0,0,0.00,0.00,0,0
1544345462,3002-eth4,15474.53,282895.12,298369.62,283178,15490,195.80,192.81,388.61,193,196,0.00,0.00,0,0
1544345462,2007-eth3,0.00,59.94,59.94,60,0,0.00,1.00,1.00,1,0,0.00,0.00,0,0
1544345462,3005-eth1,59.94,0.00,59.94,0,60,1.00,0.00,1.00,0,1,0.00,0.00,0,0
1544345462,2001-eth4,7892.11,7832.17,15724.28,7840,7900,80.92,79.92,160.84,80,81,0.00,0.00,0,0
1544345462,3003-eth4,28207.79,958048.00,986255.75,959006,28236,389.61,406.59,796.20,407,390,0.00,0.00,0,0
1544345462,2004-eth1,400651.38,942561.44,1343212.88,943504,401052,481.52,397.60,879.12,398,482,0.00,0.00,0,0
1544345462,3006-eth4,33678.32,1220185.88,1253864.12,1221406,33712,471.53,498.50,970.03,499,472,0.00,0.00,0,0
1544345462,3007-eth1,59.94,0.00,59.94,0,60,1.00,0.00,1.00,0,1,0.00,0.00,0,0
1544345462,2008-eth1,18791.21,450697.31,469488.53,451148,18810,284.72,165.83,450.55,166,285,0.00,0.00,0,0
1544345462,2002-eth2,363836.19,1172373.62,1536209.88,1173546,364200,515.48,404.60,920.08,405,516,0.00,0.00,0,0
1544345462,2003-eth1,3976.02,3916.08,7892.11,3920,3980,40.96,39.96,80.92,40,41,0.00,0.00,0,0
1544345462,3008-eth4,1233786.25,529946.06,1763732.38,530476,1235020,765.23,621.38,1386.61,622,766,0.00,0.00,0,0
1544345462,1004-eth4,1224655.38,24989.01,1249644.38,25014,1225880,451.55,378.62,830.17,379,452,0.00,0.00,0,0
1544345462,3006-eth1,7832.17,7832.17,15664.34,7840,7840,79.92,79.92,159.84,80,80,0.00,0.00,0,0
1544345462,1004-eth3,24329.67,1172433.62,1196763.25,1173606,24354,368.63,405.59,774.23,406,369,0.00,0.00,0,0
1544345462,1002-eth2,7734.27,7892.11,15626.37,7900,7742,78.92,80.92,159.84,81,79,0.00,0.00,0,0
1544345462,3004-eth3,18151.85,1206959.12,1225110.88,1208166,18170,236.76,254.75,491.51,255,237,0.00,0.00,0,0
1544345462,2003-eth3,7696.30,7734.27,15430.57,7742,7704,78.92,78.92,157.84,79,79,0.00,0.00,0,0
1544345462,2005-eth1,0.00,0.00,0.00,0,0,0.00,0.00,0.00,0,0,0.00,0.00,0,0
1544345462,3002-eth3,1211616.38,1013312.69,2224929.25,1014326,1212828,736.26,734.27,1470.53,735,737,0.00,0.00,0,0
1544345462,3006-eth3,1221128.88,761880.12,1983009.00,762642,1222350,771.23,760.24,1531.47,761,772,0.00,0.00,0,0
1544345462,2001-eth1,3976.02,3916.08,7892.11,3920,3980,40.96,39.96,80.92,40,41,0.00,0.00,0,0
1544345462,3005-eth2,1213035.00,1223001.00,2436036.00,1224224,1214248,837.16,755.24,1592.41,756,838,0.00,0.00,0,0
1544345462,2001-eth2,7794.21,7832.17,15626.37,7840,7802,79.92,79.92,159.84,80,80,0.00,0.00,0,0
1544345462,3007-eth2,806969.06,1223318.75,2030287.75,1224542,807776,698.30,694.31,1392.61,695,699,0.00,0.00,0,0
1544345462,1001-eth1,3916.08,3976.02,7892.11,3980,3920,39.96,40.96,80.92,41,40,0.00,0.00,0,0
1544345462,3007-eth4,266603.41,482739.28,749342.69,483222,266870,269.73,278.72,548.45,279,270,0.00,0.00,0,0
1544345462,2003-eth2,7892.11,7734.27,15626.37,7742,7900,80.92,78.92,159.84,79,81,0.00,0.00,0,0
1544345462,3007-eth3,956835.19,324169.84,1281005.00,324494,957792,426.57,418.58,845.15,419,427,0.00,0.00,0,0
1544345462,1002-eth1,7832.17,7794.21,15626.37,7802,7840,79.92,79.92,159.84,80,80,0.00,0.00,0,0
1544345462,2002-eth3,11208.79,339506.50,350715.28,339846,11220,169.83,146.85,316.68,147,170,0.00,0.00,0,0
1544345462,2007-eth2,0.00,0.00,0.00,0,0,0.00,0.00,0.00,0,0,0.00,0.00,0,0
1544345462,total,32058306.00,31611950.00,63670260.00,31643562,32090364,24045.95,23947.05,47993.01,23971,24070,0.00,0.00,0,0
1544345463,3003-eth3,933750.50,210073.86,1143824.38,210494,935618,405.19,402.20,807.39,403,406,0.00,0.00,0,0
1544345463,2002-eth1,1187038.00,36491.02,1223529.00,36564,1189412,425.15,552.89,978.04,554,426,0.00,0.00,0,0
1544345463,lo,2604.79,2604.79,5209.58,2610,2610,24.95,24.95,49.90,25,25,0.00,0.00,0,0
1544345463,3005-eth3,993830.38,874932.19,1868762.50,876682,995818,757.49,783.43,1540.92,785,759,0.00,0.00,0,0
1544345463,2005-eth3,0.00,0.00,0.00,0,0,0.00,0.00,0.00,0,0,0.00,0.00,0,0
1544345463,3004-eth4,1206385.25,244201.61,1450586.88,244690,1208798,258.48,240.52,499.00,241,259,0.00,0.00,0,0
1544345463,1004-eth2,25952.10,946409.19,972361.31,948302,26004,393.21,326.35,719.56,327,394,0.00,0.00,0,0
1544345463,2004-eth4,5532.93,230970.06,236503.00,231432,5544,83.83,83.83,167.66,84,84,0.00,0.00,0,0
1544345463,1001-eth2,3912.18,3912.18,7824.35,3920,3920,39.92,39.92,79.84,40,40,0.00,0.00,0,0
1544345463,1003-eth3,191363.28,7974.05,199337.33,7990,191746,96.81,84.83,181.64,85,97,0.00,0.00,0,0
1544345463,2002-eth4,1219495.00,1214365.25,2433860.25,1216794,1221934,829.34,795.41,1624.75,797,831,0.00,0.00,0,0
1544345463,1001-eth4,0.00,0.00,0.00,0,0,0.00,0.00,0.00,0,0,0.00,0.00,0,0
1544345463,3001-eth2,353415.19,9748.50,363163.69,9768,354122,143.71,147.70,291.42,148,144,0.00,0.00,0,0
1544345463,1004-eth1,1166736.50,377726.56,1544463.12,378482,1169070,402.20,511.98,914.17,513,403,0.00,0.00,0,0
1544345463,3005-eth4,1228251.50,1216030.00,2444281.50,1218462,1230708,940.12,803.39,1743.51,805,942,0.00,0.00,0,0
1544345463,1003-eth2,933690.62,442680.66,1376371.25,443566,935558,404.19,489.02,893.21,490,405,0.00,0.00,0,0
1544345463,3008-eth1,0.00,0.00,0.00,0,0,0.00,0.00,0.00,0,0,0.00,0.00,0,0
1544345463,1002-eth3,7824.35,7824.35,15648.70,7840,7840,79.84,79.84,159.68,80,80,0.00,0.00,0,0
1544345463,2006-eth1,7974.05,191363.28,199337.33,191746,7990,84.83,96.81,181.64,97,85,0.00,0.00,0,0
1544345463,3003-eth1,7786.43,7824.35,15610.78,7840,7802,79.84,79.84,159.68,80,80,0.00,0.00,0,0
1544345463,2001-eth3,7726.55,7824.35,15550.90,7840,7742,78.84,79.84,158.68,80,79,0.00,0.00,0,0
1544345463,2008-eth2,25952.10,1223038.00,1248990.00,1225484,26004,393.21,445.11,838.32,446,394,0.00,0.00,0,0
1544345463,2008-eth3,1221962.12,785538.94,2007501.00,787110,1224406,669.66,669.66,1339.32,671,671,0.00,0.00,0,0
1544345463,1001-eth3,0.00,0.00,0.00,0,0,0.00,0.00,0.00,0,0,0.00,0.00,0,0
1544345463,2007-eth4,0.00,0.00,0.00,0,0,0.00,0.00,0.00,0,0,0.00,0.00,0,0
1544345463,2004-eth2,947354.69,25978.02,973332.69,26004,948302,326.67,393.61,720.28,394,327,0.00,0.00,0,0
1544345463,3002-eth1,7892.11,7832.17,15724.28,7840,7900,80.92,79.92,160.84,80,81,0.00,0.00,0,0
1544345463,3004-eth1,7832.17,7832.17,15664.34,7840,7840,79.92,79.92,159.84,80,80,0.00,0.00,0,0
1544345463,2006-eth3,1226659.38,1217202.88,2443862.25,1218420,1227886,986.01,927.07,1913.09,928,987,0.00,0.00,0,0
1544345463,3004-eth2,231200.81,5538.46,236739.27,5544,231432,83.92,83.92,167.83,84,84,0.00,0.00,0,0
1544345463,3001-eth3,1220995.00,380081.94,1601077.00,380462,1222216,571.43,542.46,1113.89,543,572,0.00,0.00,0,0
1544345463,2003-eth4,7832.17,7832.17,15664.34,7840,7840,79.92,79.92,159.84,80,80,0.00,0.00,0,0
1544345463,2008-eth4,1221762.25,31054.95,1252817.25,31086,1222984,451.55,470.53,922.08,471,452,0.00,0.00,0,0
1544345463,3008-eth3,1217784.25,754891.12,1972675.38,755646,1219002,632.37,654.35,1286.71,655,633,0.00,0.00,0,0
1544345463,2005-eth2,7832.17,7832.17,15664.34,7840,7840,79.92,79.92,159.84,80,80,0.00,0.00,0,0
1544345463,2006-eth4,41224.78,822036.00,863260.75,822858,41266,438.56,356.64,795.20,357,439,0.00,0.00,0,0
1544345463,3006-eth2,822036.00,41224.78,863260.75,41266,822858,356.64,438.56,795.20,439,357,0.00,0.00,0,0
1544345463,1003-eth4,492783.22,16285.71,509068.94,16302,493276,189.81,246.75,436.56,247,190,0.00,0.00,0,0
1544345463,2006-eth2,1167902.12,24395.61,1192297.75,24420,1169070,402.60,369.63,772.23,370,403,0.00,0.00,0,0
1544345463,3001-eth1,7832.17,7734.27,15566.43,7742,7840,79.92,78.92,158.84,79,80,0.00,0.00,0,0
1544345463,3008-eth2,31054.95,1221762.25,1252817.25,1222984,31086,470.53,451.55,922.08,452,471,0.00,0.00,0,0
1544345463,2004-eth3,955194.81,1160855.12,2116050.00,1162016,956150,716.28,734.27,1450.55,735,717,0.00,0.00,0,0
1544345463,3001-eth4,34107.89,1220185.88,1254293.75,1221406,34142,478.52,498.50,977.02,499,479,0.00,0.00,0,0
1544345463,1003-eth1,36527.47,1188223.75,1224751.25,1189412,36564,553.45,425.57,979.02,426,554,0.00,0.00,0,0
1544345463,3002-eth2,1215578.50,1220713.38,2436291.75,1221934,1216794,796.20,830.17,1626.37,831,797,0.00,0.00,0,0
1544345463,2005-eth4,7832.17,7832.17,15664.34,7840,7840,79.92,79.92,159.84,80,80,0.00,0.00,0,0
1544345463,3003-eth2,1160855.12,955194.81,2116050.00,956150,1162016,734.27,716.28,1450.55,717,735,0.00,0.00,0,0
1544345463,2007-eth1,0.00,0.00,0.00,0,0,0.00,0.00,0.00,0,0,0.00,0.00,0,0
1544345463,1002-eth4,0.00,0.00,0.00,0,0,0.00,0.00,0.00,0,0,0.00,0.00,0,0
1544345463,3002-eth4,14689.31,283682.31,298371.62,283966,14704,183.82,182.82,366.63,183,184,0.00,0.00,0,0
1544345463,2007-eth3,0.00,0.00,0.00,0,0,0.00,0.00,0.00,0,0,0.00,0.00,0,0
1544345463,3005-eth1,0.00,0.00,0.00,0,0,0.00,0.00,0.00,0,0,0.00,0.00,0,0
1544345463,2001-eth4,7832.17,7892.11,15724.28,7900,7840,79.92,80.92,160.84,81,80,0.00,0.00,0,0
1544345463,3003-eth4,28463.54,955088.94,983552.50,956044,28492,392.61,405.59,798.20,406,393,0.00,0.00,0,0
1544345463,2004-eth1,443122.88,934623.38,1377746.25,935558,443566,489.51,404.60,894.11,405,490,0.00,0.00,0,0
1544345463,3006-eth4,33612.39,1218673.38,1252285.75,1219892,33646,470.53,497.50,968.03,498,471,0.00,0.00,0,0
1544345463,3007-eth1,0.00,0.00,0.00,0,0,0.00,0.00,0.00,0,0,0.00,0.00,0,0
1544345463,2008-eth1,16285.71,492783.22,509068.94,493276,16302,246.75,189.81,436.56,190,247,0.00,0.00,0,0
1544345463,2002-eth2,378103.91,1167902.12,1546006.00,1169070,378482,512.49,402.60,915.08,403,513,0.00,0.00,0,0
1544345463,2003-eth1,3916.08,3916.08,7832.17,3920,3920,39.96,39.96,79.92,40,40,0.00,0.00,0,0
1544345463,3008-eth4,1224171.88,621870.12,1846042.00,622492,1225396,685.31,633.37,1318.68,634,686,0.00,0.00,0,0
1544345463,1004-eth4,1224259.75,25978.02,1250237.75,26004,1225484,445.55,393.61,839.16,394,446,0.00,0.00,0,0
1544345463,3006-eth1,7832.17,7832.17,15664.34,7840,7840,79.92,79.92,159.84,80,80,0.00,0.00,0,0
1544345463,1004-eth3,24395.61,1167902.12,1192297.75,1169070,24420,369.63,402.60,772.23,403,370,0.00,0.00,0,0
1544345463,1002-eth2,7832.17,7734.27,15566.43,7742,7840,79.92,78.92,158.84,79,80,0.00,0.00,0,0
1544345463,3004-eth3,18117.88,1209884.12,1228002.00,1211094,18136,235.76,254.75,490.51,255,236,0.00,0.00,0,0
1544345463,2003-eth3,7832.17,7794.21,15626.37,7802,7840,79.92,79.92,159.84,80,80,0.00,0.00,0,0
1544345463,2005-eth1,0.00,0.00,0.00,0,0,0.00,0.00,0.00,0,0,0.00,0.00,0,0
1544345463,3002-eth3,1213922.12,985102.94,2199025.00,986088,1215136,727.27,723.28,1450.55,724,728,0.00,0.00,0,0
1544345463,3006-eth3,1220129.88,850775.25,2070905.12,851626,1221350,760.24,748.25,1508.49,749,761,0.00,0.00,0,0
1544345463,2001-eth1,3916.08,3916.08,7832.17,3920,3920,39.96,39.96,79.92,40,40,0.00,0.00,0,0
1544345463,3005-eth2,1217202.88,1226659.38,2443862.25,1227886,1218420,927.07,986.01,1913.09,987,928,0.00,0.00,0,0
1544345463,2001-eth2,7832.17,7734.27,15566.43,7742,7840,79.92,78.92,158.84,79,80,0.00,0.00,0,0
1544345463,3007-eth2,786323.69,1223182.88,2009506.50,1224406,787110,670.33,670.33,1340.66,671,671,0.00,0.00,0,0
1544345463,1001-eth1,3916.08,3916.08,7832.17,3920,3920,39.96,39.96,79.92,40,40,0.00,0.00,0,0
1544345463,3007-eth4,267776.22,249366.64,517142.88,249616,268044,177.82,183.82,361.64,184,178,0.00,0.00,0,0
1544345463,2003-eth2,7734.27,7832.17,15566.43,7840,7742,78.92,79.92,158.84,80,79,0.00,0.00,0,0
1544345463,3007-eth3,955406.62,540047.94,1495454.62,540588,956362,492.51,489.51,982.02,490,493,0.00,0.00,0,0
1544345463,1002-eth1,7734.27,7832.17,15566.43,7840,7742,78.92,79.92,158.84,80,79,0.00,0.00,0,0
1544345463,2002-eth3,9758.24,353768.25,363526.47,354122,9768,147.85,143.86,291.71,144,148,0.00,0.00,0,0
1544345463,2007-eth2,0.00,0.00,0.00,0,0,0.00,0.00,0.00,0,0,0.00,0.00,0,0
1544345463,total,31954098.00,31955778.00,63909876.00,31987732,31986052,23879.12,23753.25,47632.37,23777,23903,0.00,0.00,0,0
1544345464,3003-eth3,940305.75,290507.50,1230813.25,290798,941246,434.57,434.57,869.13,435,435,0.00,0.00,0,0
1544345464,2002-eth1,1193746.25,36653.35,1230399.62,36690,1194940,421.58,555.44,977.02,556,422,0.00,0.00,0,0
1544345464,lo,7626.37,7626.37,15252.75,7634,7634,74.93,74.93,149.85,75,75,0.00,0.00,0,0
1544345464,3005-eth3,978633.38,1002289.75,1980923.12,1003292,979612,713.29,759.24,1472.53,760,714,0.00,0.00,0,0
1544345464,2005-eth3,59.94,0.00,59.94,0,60,1.00,0.00,1.00,0,1,0.00,0.00,0,0
1544345464,3004-eth4,1205682.38,234319.69,1440002.00,234554,1206888,251.75,240.76,492.51,241,252,0.00,0.00,0,0
1544345464,1004-eth2,25450.55,923742.31,949192.81,924666,25476,385.61,319.68,705.29,320,386,0.00,0.00,0,0
1544345464,2004-eth4,5334.67,226597.41,231932.08,226824,5340,80.92,79.92,160.84,80,81,0.00,0.00,0,0
1544345464,1001-eth2,3720.28,3720.28,7440.56,3724,3724,37.96,37.96,75.92,38,38,0.00,0.00,0,0
1544345464,1003-eth3,270325.69,10705.29,281030.97,10716,270596,128.87,113.89,242.76,114,129,0.00,0.00,0,0
1544345464,2002-eth4,1214855.12,1215776.25,2430631.50,1216992,1216070,829.17,799.20,1628.37,800,830,0.00,0.00,0,0
1544345464,1001-eth4,0.00,0.00,0.00,0,0,0.00,0.00,0.00,0,0,0.00,0.00,0,0
1544345464,3001-eth2,351734.28,9224.78,360959.06,9234,352086,134.87,139.86,274.73,140,135,0.00,0.00,0,0
1544345464,1004-eth1,1169414.62,376723.28,1546137.88,377100,1170584,403.60,513.49,917.08,514,404,0.00,0.00,0,0
1544345464,3005-eth4,1223238.75,1217120.88,2440359.75,1218338,1224462,978.02,814.19,1792.21,815,979,0.00,0.00,0,0
1544345464,1003-eth2,940365.69,517038.97,1457404.62,517556,941306,435.56,513.49,949.05,514,436,0.00,0.00,0,0
1544345464,3008-eth1,59.94,0.00,59.94,0,60,1.00,0.00,1.00,0,1,0.00,0.00,0,0
1544345464,1002-eth3,7636.36,7636.36,15272.73,7644,7644,77.92,77.92,155.84,78,78,0.00,0.00,0,0
1544345464,2006-eth1,10705.29,270325.69,281030.97,270596,10716,113.89,128.87,242.76,129,114,0.00,0.00,0,0
1544345464,3003-eth1,7538.46,7538.46,15076.92,7546,7546,76.92,76.92,153.85,77,77,0.00,0.00,0,0
1544345464,2001-eth3,7832.17,7832.17,15664.34,7840,7840,79.92,79.92,159.84,80,80,0.00,0.00,0,0
1544345464,2008-eth2,25510.49,1219260.75,1244771.25,1220480,25536,386.61,435.56,822.18,436,387,0.00,0.00,0,0
1544345464,2008-eth3,1218843.25,801514.50,2020357.75,802316,1220062,670.33,681.32,1351.65,682,671,0.00,0.00,0,0
1544345464,1001-eth3,0.00,0.00,0.00,0,0,0.00,0.00,0.00,0,0,0.00,0.00,0,0
1544345464,2007-eth4,0.00,59.94,59.94,60,0,0.00,1.00,1.00,1,0,0.00,0.00,0,0
1544345464,2004-eth2,923742.31,25450.55,949192.81,25476,924666,319.68,385.61,705.29,386,320,0.00,0.00,0,0
1544345464,3002-eth1,7636.36,7636.36,15272.73,7644,7644,77.92,77.92,155.84,78,78,0.00,0.00,0,0
1544345464,3004-eth1,7734.27,7734.27,15468.53,7742,7742,78.92,78.92,157.84,79,79,0.00,0.00,0,0
1544345464,2006-eth3,1223888.12,1219466.62,2443354.75,1220686,1225112,966.03,936.06,1902.10,937,967,0.00,0.00,0,0
1544345464,3004-eth2,226597.41,5334.67,231932.08,5340,226824,79.92,80.92,160.84,81,80,0.00,0.00,0,0
1544345464,3001-eth3,1216981.00,377976.03,1594957.12,378354,1218198,554.45,532.47,1086.91,533,555,0.00,0.00,0,0
1544345464,2003-eth4,7734.27,7734.27,15468.53,7742,7742,78.92,78.92,157.84,79,79,0.00,0.00,0,0
1544345464,2008-eth4,1220767.25,28681.32,1249448.62,28710,1221988,436.56,434.57,871.13,435,437,0.00,0.00,0,0
1544345464,3008-eth3,1214487.50,643498.50,1857986.12,644142,1215702,582.42,610.39,1192.81,611,583,0.00,0.00,0,0
1544345464,2005-eth2,7636.36,7636.36,15272.73,7644,7644,77.92,77.92,155.84,78,78,0.00,0.00,0,0
1544345464,2006-eth4,39440.56,924099.94,963540.50,925024,39480,419.58,478.52,898.10,479,420,0.00,0.00,0,0
1544345464,3006-eth2,924099.94,39440.56,963540.50,39480,925024,478.52,419.58,898.10,420,479,0.00,0.00,0,0
1544345464,1003-eth4,490803.22,16411.59,507214.81,16428,491294,181.82,248.75,430.57,249,182,0.00,0.00,0,0
1544345464,2006-eth2,1169414.62,24989.01,1194403.62,25014,1170584,403.60,378.62,782.22,379,404,0.00,0.00,0,0
1544345464,3001-eth1,7824.35,7824.35,15648.70,7840,7840,79.84,79.84,159.68,80,80,0.00,0.00,0,0
1544345464,3008-eth2,28652.70,1219548.88,1248201.62,1221988,28710,434.13,436.13,870.26,437,435,0.00,0.00,0,0
1544345464,2004-eth3,959582.88,1211335.38,2170918.25,1213758,961502,740.52,749.50,1490.02,751,742,0.00,0.00,0,0
1544345464,3001-eth4,34039.92,1217457.12,1251497.00,1219892,34108,477.05,497.01,974.05,498,478,0.00,0.00,0,0
1544345464,1003-eth1,36616.77,1192554.88,1229171.75,1194940,36690,554.89,421.16,976.05,422,556,0.00,0.00,0,0
1544345464,3002-eth2,1214562.88,1213642.75,2428205.75,1216070,1216992,798.40,828.34,1626.75,830,800,0.00,0.00,0,0
1544345464,2005-eth4,7688.62,7628.74,15317.37,7644,7704,78.84,77.84,156.69,78,79,0.00,0.00,0,0
1544345464,3003-eth2,1211335.38,962538.94,2173874.25,964464,1213758,749.50,741.52,1491.02,743,751,0.00,0.00,0,0
1544345464,2007-eth1,0.00,0.00,0.00,0,0,0.00,0.00,0.00,0,0,0.00,0.00,0,0
1544345464,1002-eth4,0.00,0.00,0.00,0,0,0.00,0.00,0.00,0,0,0.00,0.00,0,0
1544345464,3002-eth4,14742.52,302385.25,317127.75,302990,14772,185.63,186.63,372.26,187,186,0.00,0.00,0,0
1544345464,2007-eth3,0.00,0.00,0.00,0,0,0.00,0.00,0.00,0,0,0.00,0.00,0,0
1544345464,3005-eth1,0.00,59.88,59.88,60,0,0.00,1.00,1.00,1,0,0.00,0.00,0,0
1544345464,2001-eth4,7628.74,7628.74,15257.49,7644,7644,77.84,77.84,155.69,78,78,0.00,0.00,0,0
1544345464,3003-eth4,27686.63,939159.69,966846.31,941038,27742,382.24,398.20,780.44,399,383,0.00,0.00,0,0
1544345464,2004-eth1,516522.97,942383.25,1458906.25,944268,517556,512.97,436.13,949.10,437,514,0.00,0.00,0,0
1544345464,3006-eth4,33251.50,1214305.38,1247556.88,1216734,33318,466.07,494.01,960.08,495,467,0.00,0.00,0,0
1544345464,3007-eth1,0.00,0.00,0.00,0,0,0.00,0.00,0.00,0,0,0.00,0.00,0,0
1544345464,2008-eth1,16395.21,490313.38,506708.59,491294,16428,248.50,181.64,430.14,182,249,0.00,0.00,0,0
1544345464,2002-eth2,376479.06,1168247.50,1544726.62,1170584,377232,514.97,403.19,918.16,404,516,0.00,0.00,0,0
1544345464,2003-eth1,3716.57,3716.57,7433.13,3724,3724,37.92,37.92,75.85,38,38,0.00,0.00,0,0
1544345464,3008-eth4,1217355.38,584528.94,1801884.25,585698,1219790,621.76,623.75,1245.51,625,623,0.00,0.00,0,0
1544345464,1004-eth4,1218044.00,25485.03,1243529.00,25536,1220480,435.13,386.23,821.36,387,436,0.00,0.00,0,0
1544345464,3006-eth1,7628.74,7688.62,15317.37,7704,7644,77.84,78.84,156.69,79,78,0.00,0.00,0,0
1544345464,1004-eth3,25095.81,1168247.50,1193343.38,1170584,25146,380.24,403.19,783.43,404,381,0.00,0.00,0,0
1544345464,1002-eth2,7628.74,7628.74,15257.49,7644,7644,77.84,77.84,155.69,78,78,0.00,0.00,0,0
1544345464,3004-eth3,18397.21,1206936.12,1225333.38,1209350,18434,240.52,250.50,491.02,251,241,0.00,0.00,0,0
1544345464,2003-eth3,7530.94,7530.94,15061.88,7546,7546,76.85,76.85,153.69,77,77,0.00,0.00,0,0
1544345464,2005-eth1,0.00,0.00,0.00,0,0,0.00,0.00,0.00,0,0,0.00,0.00,0,0
1544345464,3002-eth3,1209425.12,982542.94,2191968.00,984508,1211844,720.56,720.56,1441.12,722,722,0.00,0.00,0,0
1544345464,3006-eth3,1217445.12,945784.44,2163229.50,947676,1219880,850.30,864.27,1714.57,866,852,0.00,0.00,0,0
1544345464,2001-eth1,3716.57,3716.57,7433.13,3724,3724,37.92,37.92,75.85,38,38,0.00,0.00,0,0
1544345464,3005-eth2,1218249.50,1222666.75,2440916.25,1225112,1220686,935.13,965.07,1900.20,967,937,0.00,0.00,0,0
1544345464,2001-eth2,7824.35,7824.35,15648.70,7840,7840,79.84,79.84,159.68,80,80,0.00,0.00,0,0
1544345464,3007-eth2,800714.56,1220648.75,2021363.38,1223090,802316,680.64,671.66,1352.30,673,682,0.00,0.00,0,0
1544345464,1001-eth1,3716.57,3716.57,7433.13,3724,3724,37.92,37.92,75.85,38,38,0.00,0.00,0,0
1544345464,3007-eth4,293598.81,435944.12,729542.94,436816,294186,244.51,255.49,500.00,256,245,0.00,0.00,0,0
1544345464,2003-eth2,7628.74,7628.74,15257.49,7644,7644,77.84,77.84,155.69,78,78,0.00,0.00,0,0
1544345464,3007-eth3,927049.94,361682.66,1288732.62,362406,928904,427.15,422.16,849.30,423,428,0.00,0.00,0,0
1544345464,1002-eth1,7824.35,7824.35,15648.70,7840,7840,79.84,79.84,159.68,80,80,0.00,0.00,0,0
1544345464,2002-eth3,9215.57,351383.25,360598.81,352086,9234,139.72,134.73,274.45,135,140,0.00,0.00,0,0
1544345464,2007-eth2,0.00,0.00,0.00,0,0,0.00,0.00,0.00,0,0,0.00,0.00,0,0
1544345464,total,32174948.00,32370746.00,64545696.00,32435486,32239298,24003.99,23978.04,47982.04,24026,24052,0.00,0.00,0,0
1544345465,3003-eth3,921443.12,264399.22,1185842.38,264928,923286,426.15,415.17,841.32,416,427,0.00,0.00,0,0
1544345465,2002-eth1,1193598.88,32934.13,1226533.00,33000,1195986,415.17,499.00,914.17,500,416,0.00,0.00,0,0
1544345465,lo,65776.45,65776.45,131552.89,65908,65908,288.42,288.42,576.85,289,289,0.00,0.00,0,0
1544345465,3005-eth3,951355.31,1019353.31,1970708.62,1021392,953258,795.41,796.41,1591.82,798,797,0.00,0.00,0,0
1544345465,2005-eth3,0.00,0.00,0.00,0,0,0.00,0.00,0.00,0,0,0.00,0.00,0,0
1544345465,3004-eth4,1201127.75,214640.72,1415768.50,215070,1203530,244.51,230.54,475.05,231,245,0.00,0.00,0,0
1544345465,1004-eth2,25089.82,937540.94,962630.75,939416,25140,380.24,323.35,703.59,324,381,0.00,0.00,0,0
1544345465,2004-eth4,4808.38,204233.53,209041.92,204642,4818,72.85,72.85,145.71,73,73,0.00,0.00,0,0
1544345465,1001-eth2,3972.06,3814.37,7786.43,3822,3980,40.92,38.92,79.84,39,41,0.00,0.00,0,0
1544345465,1003-eth3,246083.84,10506.99,256590.83,10528,246576,115.77,111.78,227.54,112,116,0.00,0.00,0,0
1544345465,2002-eth4,1211742.50,1218562.88,2430305.50,1221000,1214166,821.36,793.41,1614.77,795,823,0.00,0.00,0,0
1544345465,1001-eth4,59.88,59.88,119.76,60,60,1.00,1.00,2.00,1,1,0.00,0.00,0,0
1544345465,3001-eth2,293113.78,6191.62,299305.41,6204,293700,105.79,93.81,199.60,94,106,0.00,0.00,0,0
1544345465,1004-eth1,1160884.25,318137.72,1479022.00,318774,1163206,401.20,485.03,886.23,486,402,0.00,0.00,0,0
1544345465,3005-eth4,1214345.38,1208521.00,2422866.25,1210938,1216774,817.37,833.33,1650.70,835,819,0.00,0.00,0,0
1544345465,1003-eth2,921443.12,470012.00,1391455.12,470952,923286,426.15,487.03,913.17,488,427,0.00,0.00,0,0
1544345465,3008-eth1,0.00,59.88,59.88,60,0,0.00,1.00,1.00,1,0,0.00,0.00,0,0
1544345465,1002-eth3,7884.23,7824.35,15708.58,7840,7900,80.84,79.84,160.68,80,81,0.00,0.00,0,0
1544345465,2006-eth1,10506.99,246083.84,256590.83,246576,10528,111.78,115.77,227.54,116,112,0.00,0.00,0,0
1544345465,3003-eth1,7824.35,7726.55,15550.90,7742,7840,79.84,78.84,158.68,79,80,0.00,0.00,0,0
1544345465,2001-eth3,7726.55,7726.55,15453.09,7742,7742,78.84,78.84,157.68,79,79,0.00,0.00,0,0
1544345465,2008-eth2,25029.94,1220598.88,1245628.75,1223040,25080,379.24,430.14,809.38,431,380,0.00,0.00,0,0
1544345465,2008-eth3,1216566.88,757818.38,1974385.25,759334,1219000,653.69,665.67,1319.36,667,655,0.00,0.00,0,0
1544345465,1001-eth3,59.88,0.00,59.88,0,60,1.00,0.00,1.00,0,1,0.00,0.00,0,0
1544345465,2007-eth4,59.88,0.00,59.88,0,60,1.00,0.00,1.00,0,1,0.00,0.00,0,0
1544345465,2004-eth2,937540.94,25089.82,962630.75,25140,939416,323.35,380.24,703.59,381,324,0.00,0.00,0,0
1544345465,3002-eth1,7726.55,7628.74,15355.29,7644,7742,78.84,77.84,156.69,78,79,0.00,0.00,0,0
1544345465,3004-eth1,7628.74,7824.35,15453.09,7840,7644,77.84,79.84,157.68,80,78,0.00,0.00,0,0
1544345465,2006-eth3,1228263.50,1208030.00,2436293.50,1210446,1230720,1005.99,973.05,1979.04,975,1008,0.00,0.00,0,0
1544345465,3004-eth2,204233.53,4808.38,209041.92,4818,204642,72.85,72.85,145.71,73,73,0.00,0.00,0,0
1544345465,3001-eth3,1217533.00,319461.09,1536994.00,320100,1219968,514.97,504.99,1019.96,506,516,0.00,0.00,0,0
1544345465,2003-eth4,7824.35,7628.74,15453.09,7644,7840,79.84,77.84,157.68,78,80,0.00,0.00,0,0
1544345465,2008-eth4,1220868.25,26479.04,1247347.38,26532,1223310,434.13,401.20,835.33,402,435,0.00,0.00,0,0
1544345465,3008-eth3,1213089.88,775814.38,1988904.25,777366,1215516,644.71,653.69,1298.40,655,646,0.00,0.00,0,0
1544345465,2005-eth2,7824.35,7884.23,15708.58,7900,7840,79.84,80.84,160.68,81,80,0.00,0.00,0,0
1544345465,2006-eth4,36698.61,927638.75,964337.38,929494,36772,461.08,414.17,875.25,415,462,0.00,0.00,0,0
1544345465,3006-eth2,927638.75,36698.61,964337.38,36772,929494,414.17,461.08,875.25,462,415,0.00,0.00,0,0
1544345465,1003-eth4,483880.25,13239.52,497119.78,13266,484848,171.66,200.60,372.26,201,172,0.00,0.00,0,0
1544345465,2006-eth2,1160824.38,25023.95,1185848.38,25074,1163146,400.20,379.24,779.44,380,401,0.00,0.00,0,0
1544345465,3001-eth1,7734.27,7734.27,15468.53,7742,7742,78.92,78.92,157.84,79,79,0.00,0.00,0,0
1544345465,3008-eth2,26505.50,1222088.00,1248593.50,1223310,26532,401.60,434.57,836.16,435,402,0.00,0.00,0,0
1544345465,2004-eth3,942605.44,1204587.50,2147192.75,1205792,943548,733.27,739.26,1472.53,740,734,0.00,0.00,0,0
1544345465,3001-eth4,34107.89,1215616.38,1249724.25,1216832,34142,478.52,495.50,974.03,496,479,0.00,0.00,0,0
1544345465,1003-eth1,32967.04,1194791.25,1227758.25,1195986,33000,499.50,415.58,915.08,416,500,0.00,0.00,0,0
1544345465,3002-eth2,1219780.25,1212953.12,2432733.25,1214166,1221000,794.21,822.18,1616.38,823,795,0.00,0.00,0,0
1544345465,2005-eth4,7832.17,7832.17,15664.34,7840,7840,79.92,79.92,159.84,80,80,0.00,0.00,0,0
1544345465,3003-eth2,1204587.50,939646.38,2144233.75,940586,1205792,739.26,732.27,1471.53,733,740,0.00,0.00,0,0
1544345465,2007-eth1,59.94,59.94,119.88,60,60,1.00,1.00,2.00,1,1,0.00,0.00,0,0
1544345465,1002-eth4,59.94,59.94,119.88,60,60,1.00,1.00,2.00,1,1,0.00,0.00,0,0
1544345465,3002-eth4,14823.18,286939.06,301762.25,287226,14838,186.81,188.81,375.62,189,187,0.00,0.00,0,0
1544345465,2007-eth3,59.94,0.00,59.94,0,60,1.00,0.00,1.00,0,1,0.00,0.00,0,0
1544345465,3005-eth1,0.00,0.00,0.00,0,0,0.00,0.00,0.00,0,0,0.00,0.00,0,0
1544345465,2001-eth4,7636.36,7734.27,15370.63,7742,7644,77.92,78.92,156.84,79,78,0.00,0.00,0,0
1544345465,3003-eth4,27976.03,949268.75,977244.81,950218,28004,385.61,404.60,790.21,405,386,0.00,0.00,0,0
1544345465,2004-eth1,470481.53,919404.62,1389886.12,920324,470952,487.51,425.57,913.09,426,488,0.00,0.00,0,0
1544345465,3006-eth4,33414.59,1218673.38,1252088.00,1219892,33448,467.53,497.50,965.03,498,468,0.00,0.00,0,0
1544345465,3007-eth1,0.00,59.94,59.94,60,0,0.00,1.00,1.00,1,0,0.00,0.00,0,0
1544345465,2008-eth1,13252.75,484363.66,497616.41,484848,13266,200.80,171.83,372.63,172,201,0.00,0.00,0,0
1544345465,2002-eth2,318323.69,1162044.00,1480367.62,1163206,318642,483.52,401.60,885.11,402,484,0.00,0.00,0,0
1544345465,2003-eth1,3818.18,3976.02,7794.21,3980,3822,38.96,40.96,79.92,41,39,0.00,0.00,0,0
1544345465,3008-eth4,1209948.12,559396.62,1769344.75,559956,1211158,601.40,585.41,1186.81,586,602,0.00,0.00,0,0
1544345465,1004-eth4,1221818.25,25054.95,1246873.12,25080,1223040,430.57,379.62,810.19,380,431,0.00,0.00,0,0
1544345465,3006-eth1,7832.17,7832.17,15664.34,7840,7840,79.92,79.92,159.84,80,80,0.00,0.00,0,0
1544345465,1004-eth3,24917.08,1161984.00,1186901.12,1163146,24942,377.62,400.60,778.22,401,378,0.00,0.00,0,0
1544345465,1002-eth2,7892.11,7832.17,15724.28,7840,7900,80.92,79.92,160.84,80,81,0.00,0.00,0,0
1544345465,3004-eth3,18249.75,1205216.88,1223466.62,1206422,18268,237.76,250.75,488.51,251,238,0.00,0.00,0,0
1544345465,2003-eth3,7734.27,7832.17,15566.43,7840,7742,78.92,79.92,158.84,80,79,0.00,0.00,0,0
1544345465,2005-eth1,0.00,59.94,59.94,60,0,0.00,1.00,1.00,1,0,0.00,0.00,0,0
1544345465,3002-eth3,1202807.25,970241.81,2173049.00,971212,1204010,712.29,717.28,1429.57,718,713,0.00,0.00,0,0
1544345465,3006-eth3,1216761.25,957106.94,2173868.25,958064,1217978,816.18,803.20,1619.38,804,817,0.00,0.00,0,0
1544345465,2001-eth1,3916.08,3878.12,7794.21,3882,3920,39.96,39.96,79.92,40,40,0.00,0.00,0,0
1544345465,3005-eth2,1209236.75,1229490.50,2438727.25,1230720,1210446,974.03,1006.99,1981.02,1008,975,0.00,0.00,0,0
1544345465,2001-eth2,7832.17,7892.11,15724.28,7900,7840,79.92,80.92,160.84,81,80,0.00,0.00,0,0
1544345465,3007-eth2,758575.44,1214757.25,1973332.75,1215972,759334,666.33,652.35,1318.68,653,667,0.00,0.00,0,0
1544345465,1001-eth1,3878.12,3916.08,7794.21,3920,3882,39.96,39.96,79.92,40,40,0.00,0.00,0,0
1544345465,3007-eth4,276269.75,446703.31,722973.06,447150,276546,240.76,258.74,499.50,259,241,0.00,0.00,0,0
1544345465,2003-eth2,7832.17,7892.11,15724.28,7900,7840,79.92,80.92,160.84,81,80,0.00,0.00,0,0
1544345465,3007-eth3,938427.62,311872.12,1250299.75,312184,939366,410.59,407.59,818.18,408,411,0.00,0.00,0,0
1544345465,1002-eth1,7892.11,7832.17,15724.28,7840,7900,80.92,79.92,160.84,80,81,0.00,0.00,0,0
1544345465,2002-eth3,6197.80,293406.59,299604.41,293700,6204,93.91,105.89,199.80,106,94,0.00,0.00,0,0
1544345465,2007-eth2,59.94,59.94,119.88,60,60,1.00,1.00,2.00,1,1,0.00,0.00,0,0
1544345465,total,31875516.00,32095468.00,63970984.00,32127562,31907390,23769.23,23832.17,47601.40,23856,23793,0.00,0.00,0,0
1544345466,3003-eth3,935066.94,196935.06,1132002.00,197132,936002,424.58,397.60,822.18,398,425,0.00,0.00,0,0
1544345466,2002-eth1,1195588.50,33428.57,1229017.00,33462,1196784,427.57,506.49,934.07,507,428,0.00,0.00,0,0
1544345466,lo,6287.71,6287.71,12575.42,6294,6294,60.94,60.94,121.88,61,61,0.00,0.00,0,0
1544345466,3005-eth3,965112.94,1006959.06,1972072.00,1007966,966078,749.25,638.36,1387.61,639,750,0.00,0.00,0,0
1544345466,2005-eth3,0.00,41.96,41.96,42,0,0.00,1.00,1.00,1,0,0.00,0.00,0,0
1544345466,3004-eth4,1202585.50,235634.38,1438219.88,235870,1203788,248.75,238.76,487.51,239,249,0.00,0.00,0,0
1544345466,1004-eth2,24791.21,944395.62,969186.81,945340,24816,375.62,325.67,701.30,326,376,0.00,0.00,0,0
1544345466,2004-eth4,4747.25,225013.00,229760.25,225238,4752,71.93,77.92,149.85,78,72,0.00,0.00,0,0
1544345466,1001-eth2,3818.18,3976.02,7794.21,3980,3822,38.96,40.96,79.92,41,39,0.00,0.00,0,0
1544345466,1003-eth3,176759.25,8425.57,185184.81,8434,176936,91.91,104.90,196.80,105,92,0.00,0.00,0,0
1544345466,2002-eth4,1216963.12,1220379.62,2437342.75,1221600,1218180,817.18,803.20,1620.38,804,818,0.00,0.00,0,0
1544345466,1001-eth4,0.00,0.00,0.00,0,0,0.00,0.00,0.00,0,0,0.00,0.00,0,0
1544345466,3001-eth2,324179.84,6659.34,330839.16,6666,324504,111.89,100.90,212.79,101,112,0.00,0.00,0,0
1544345466,1004-eth1,1193087.00,348971.03,1542058.00,349320,1194280,411.59,487.51,899.10,488,412,0.00,0.00,0,0
1544345466,3005-eth4,1219728.25,1218731.25,2438459.50,1219950,1220948,837.16,824.18,1661.34,825,838,0.00,0.00,0,0
1544345466,1003-eth2,935066.94,421888.12,1356955.12,422310,936002,424.58,474.53,899.10,475,425,0.00,0.00,0,0
1544345466,3008-eth1,0.00,0.00,0.00,0,0,0.00,0.00,0.00,0,0,0.00,0.00,0,0
1544345466,1002-eth3,7832.17,7892.11,15724.28,7900,7840,79.92,80.92,160.84,81,80,0.00,0.00,0,0
1544345466,2006-eth1,8425.57,176759.25,185184.81,176936,8434,104.90,91.91,196.80,92,105,0.00,0.00,0,0
1544345466,3003-eth1,7734.27,7892.11,15626.37,7900,7742,78.92,80.92,159.84,81,79,0.00,0.00,0,0
1544345466,2001-eth3,7832.17,7892.11,15724.28,7900,7840,79.92,80.92,160.84,81,80,0.00,0.00,0,0
1544345466,2008-eth2,24791.21,1222677.38,1247468.62,1223900,24816,375.62,421.58,797.20,422,376,0.00,0.00,0,0
1544345466,2008-eth3,1220813.25,823015.00,2043828.25,823838,1222034,656.34,678.32,1334.67,679,657,0.00,0.00,0,0
1544345466,1001-eth3,0.00,59.94,59.94,60,0,0.00,1.00,1.00,1,0,0.00,0.00,0,0
1544345466,2007-eth4,0.00,0.00,0.00,0,0,0.00,0.00,0.00,0,0,0.00,0.00,0,0
1544345466,2004-eth2,944395.62,24791.21,969186.81,24816,945340,325.67,375.62,701.30,376,326,0.00,0.00,0,0
1544345466,3002-eth1,7734.27,7832.17,15566.43,7840,7742,78.92,79.92,158.84,80,79,0.00,0.00,0,0
1544345466,3004-eth1,7892.11,7696.30,15588.41,7704,7900,80.92,78.92,159.84,79,81,0.00,0.00,0,0
1544345466,2006-eth3,1223498.50,1221154.88,2444653.50,1222376,1224722,960.04,814.19,1774.23,815,961,0.00,0.00,0,0
1544345466,3004-eth2,225013.00,4747.25,229760.25,4752,225238,77.92,71.93,149.85,72,78,0.00,0.00,0,0
1544345466,3001-eth3,1214535.50,350553.47,1565089.00,350904,1215750,517.48,511.49,1028.97,512,518,0.00,0.00,0,0
1544345466,2003-eth4,7696.30,7892.11,15588.41,7900,7704,78.92,80.92,159.84,81,79,0.00,0.00,0,0
1544345466,2008-eth4,1218601.38,25516.48,1244117.88,25542,1219820,425.57,386.61,812.19,387,426,0.00,0.00,0,0
1544345466,3008-eth3,1216723.25,671642.38,1888365.62,672314,1217940,616.38,620.38,1236.76,621,617,0.00,0.00,0,0
1544345466,2005-eth2,7892.11,7832.17,15724.28,7840,7900,80.92,79.92,160.84,80,81,0.00,0.00,0,0
1544345466,2006-eth4,19582.42,649500.50,669082.94,650150,19602,296.70,350.65,647.35,351,297,0.00,0.00,0,0
1544345466,3006-eth2,649500.50,19582.42,669082.94,19602,650150,350.65,296.70,647.35,297,351,0.00,0.00,0,0
1544345466,1003-eth4,496859.16,13252.75,510111.91,13266,497356,185.81,200.80,386.61,201,186,0.00,0.00,0,0
1544345466,2006-eth2,1193087.00,24791.21,1217878.12,24816,1194280,411.59,375.62,787.21,376,412,0.00,0.00,0,0
1544345466,3001-eth1,7892.11,7832.17,15724.28,7840,7900,80.92,79.92,160.84,80,81,0.00,0.00,0,0
1544345466,3008-eth2,25516.48,1218601.38,1244117.88,1219820,25542,386.61,425.57,812.19,426,387,0.00,0.00,0,0
1544345466,2004-eth3,955045.00,1141330.75,2096375.62,1142472,956000,727.27,723.28,1450.55,724,728,0.00,0.00,0,0
1544345466,3001-eth4,34265.73,1218673.38,1252939.12,1219892,34300,480.52,497.50,978.02,498,481,0.00,0.00,0,0
1544345466,1003-eth1,33428.57,1195588.50,1229017.00,1196784,33462,506.49,427.57,934.07,428,507,0.00,0.00,0,0
1544345466,3002-eth2,1220379.62,1216963.12,2437342.75,1218180,1221600,803.20,817.18,1620.38,818,804,0.00,0.00,0,0
1544345466,2005-eth4,7874.13,7892.11,15766.23,7900,7882,80.92,80.92,161.84,81,81,0.00,0.00,0,0
1544345466,3003-eth2,1141330.75,955045.00,2096375.62,956000,1142472,723.28,727.27,1450.55,728,724,0.00,0.00,0,0
1544345466,2007-eth1,0.00,0.00,0.00,0,0,0.00,0.00,0.00,0,0,0.00,0.00,0,0
1544345466,1002-eth4,0.00,0.00,0.00,0,0,0.00,0.00,0.00,0,0,0.00,0.00,0,0
1544345466,3002-eth4,14425.58,298081.94,312507.50,298380,14440,179.82,181.82,361.64,182,180,0.00,0.00,0,0
1544345466,2007-eth3,0.00,0.00,0.00,0,0,0.00,0.00,0.00,0,0,0.00,0.00,0,0
1544345466,3005-eth1,41.96,0.00,41.96,0,42,1.00,0.00,1.00,0,1,0.00,0.00,0,0
1544345466,2001-eth4,7832.17,7734.27,15566.43,7742,7840,79.92,78.92,158.84,79,80,0.00,0.00,0,0
1544345466,3003-eth4,27810.19,943252.75,971062.94,944196,27838,382.62,401.60,784.22,402,383,0.00,0.00,0,0
1544345466,2004-eth1,421888.12,935066.94,1356955.12,936002,422310,474.53,424.58,899.10,425,475,0.00,0.00,0,0
1544345466,3006-eth4,33738.26,1218673.38,1252411.62,1219892,33772,472.53,497.50,970.03,498,473,0.00,0.00,0,0
1544345466,3007-eth1,0.00,0.00,0.00,0,0,0.00,0.00,0.00,0,0,0.00,0.00,0,0
1544345466,2008-eth1,13252.75,496859.16,510111.91,497356,13266,200.80,185.81,386.61,186,201,0.00,0.00,0,0
1544345466,2002-eth2,348971.03,1193087.00,1542058.00,1194280,349320,487.51,411.59,899.10,412,488,0.00,0.00,0,0
1544345466,2003-eth1,3976.02,3818.18,7794.21,3822,3980,40.96,38.96,79.92,39,41,0.00,0.00,0,0
1544345466,3008-eth4,1218044.00,631266.75,1849310.75,631898,1219262,614.39,600.40,1214.79,601,615,0.00,0.00,0,0
1544345466,1004-eth4,1222677.38,24791.21,1247468.62,24816,1223900,421.58,375.62,797.20,376,422,0.00,0.00,0,0
1544345466,3006-eth1,7892.11,7874.13,15766.23,7882,7900,80.92,80.92,161.84,81,81,0.00,0.00,0,0
1544345466,1004-eth3,24791.21,1193087.00,1217878.12,1194280,24816,375.62,411.59,787.21,412,376,0.00,0.00,0,0
1544345466,1002-eth2,7832.17,7892.11,15724.28,7900,7840,79.92,80.92,160.84,81,80,0.00,0.00,0,0
1544345466,3004-eth3,18377.62,1205544.50,1223922.12,1206750,18396,240.76,254.75,495.50,255,241,0.00,0.00,0,0
1544345466,2003-eth3,7892.11,7734.27,15626.37,7742,7900,80.92,78.92,159.84,79,81,0.00,0.00,0,0
1544345466,2005-eth1,59.94,0.00,59.94,0,60,1.00,0.00,1.00,0,1,0.00,0.00,0,0
1544345466,3002-eth3,1210369.62,994046.00,2204415.75,995040,1211580,717.28,727.27,1444.56,728,718,0.00,0.00,0,0
1544345466,3006-eth3,1216355.62,672387.62,1888743.25,673060,1217572,833.17,741.26,1574.43,742,834,0.00,0.00,0,0
1544345466,2001-eth1,3818.18,3916.08,7734.27,3920,3822,38.96,39.96,78.92,40,39,0.00,0.00,0,0
1544345466,3005-eth2,1221154.88,1223498.50,2444653.50,1224722,1222376,814.19,960.04,1774.23,961,815,0.00,0.00,0,0
1544345466,2001-eth2,7832.17,7832.17,15664.34,7840,7840,79.92,79.92,159.84,80,80,0.00,0.00,0,0
1544345466,3007-eth2,823015.00,1220813.25,2043828.25,1222034,823838,678.32,656.34,1334.67,657,679,0.00,0.00,0,0
1544345466,1001-eth1,3916.08,3818.18,7734.27,3822,3920,39.96,38.96,78.92,39,40,0.00,0.00,0,0
1544345466,3007-eth4,291834.19,237530.47,529364.62,237768,292126,169.83,179.82,349.65,180,170,0.00,0.00,0,0
1544345466,2003-eth2,7892.11,7832.17,15724.28,7840,7900,80.92,79.92,160.84,80,81,0.00,0.00,0,0
1544345466,3007-eth3,929039.00,585484.56,1514523.50,586070,929968,487.51,498.50,986.01,499,488,0.00,0.00,0,0
1544345466,1002-eth1,7832.17,7832.17,15664.34,7840,7840,79.92,79.92,159.84,80,80,0.00,0.00,0,0
1544345466,2002-eth3,6659.34,324179.84,330839.16,324504,6666,100.90,111.89,212.79,112,101,0.00,0.00,0,0
1544345466,2007-eth2,0.00,0.00,0.00,0,0,0.00,0.00,0.00,0,0,0.00,0.00,0,0
1544345466,total,31649176.00,31586560.00,63235732.00,31618146,31680824,23079.92,22919.08,45999.00,22942,23103,0.00,0.00,0,0
1544345467,3003-eth3,930650.75,243714.58,1174365.25,244202,932512,394.21,394.21,788.42,395,395,0.00,0.00,0,0
1544345467,2002-eth1,1195181.62,36790.42,1231972.12,36864,1197572,417.17,481.04,898.20,482,418,0.00,0.00,0,0
1544345467,lo,7207.58,7207.58,14415.17,7222,7222,70.86,70.86,141.72,71,71,0.00,0.00,0,0
1544345467,3005-eth3,962822.38,988237.56,1951059.88,990214,964748,772.46,609.78,1382.24,611,774,0.00,0.00,0,0
1544345467,2005-eth3,41.92,59.88,101.80,60,42,1.00,1.00,2.00,1,1,0.00,0.00,0,0
1544345467,3004-eth4,1197776.50,220421.16,1418197.62,220862,1200172,237.52,230.54,468.06,231,238,0.00,0.00,0,0
1544345467,1004-eth2,24898.21,950876.25,975774.50,952778,24948,377.25,328.34,705.59,329,378,0.00,0.00,0,0
1544345467,2004-eth4,4413.17,210013.98,214427.16,210434,4422,66.87,72.85,139.72,73,67,0.00,0.00,0,0
1544345467,1001-eth2,3814.37,3814.37,7628.74,3822,3822,38.92,38.92,77.84,39,39,0.00,0.00,0,0
1544345467,1003-eth3,211854.30,4934.13,216788.42,4944,212278,78.84,74.85,153.69,75,79,0.00,0.00,0,0
1544345467,2002-eth4,1216173.62,1219684.62,2435858.25,1222124,1218606,797.41,788.42,1585.83,790,799,0.00,0.00,0,0
1544345467,1001-eth4,0.00,0.00,0.00,0,0,0.00,0.00,0.00,0,0,0.00,0.00,0,0
1544345467,3001-eth2,266179.66,5862.28,272041.94,5874,266712,91.82,88.82,180.64,89,92,0.00,0.00,0,0
1544345467,1004-eth1,1194852.38,290682.66,1485535.00,291264,1197242,412.18,463.07,875.25,464,413,0.00,0.00,0,0
1544345467,3005-eth4,1222712.62,1217519.00,2440231.50,1219954,1225158,856.29,799.40,1655.69,801,858,0.00,0.00,0,0
1544345467,1003-eth2,930590.88,447389.22,1377980.12,448284,932452,393.21,462.08,855.29,463,394,0.00,0.00,0,0
1544345467,3008-eth1,0.00,0.00,0.00,0,0,0.00,0.00,0.00,0,0,0.00,0.00,0,0
1544345467,1002-eth3,7824.35,7726.55,15550.90,7742,7840,79.84,78.84,158.68,79,80,0.00,0.00,0,0
1544345467,2006-eth1,4934.13,211854.30,216788.42,212278,4944,74.85,78.84,153.69,79,75,0.00,0.00,0,0
1544345467,3003-eth1,7786.43,7726.55,15512.97,7742,7802,79.84,78.84,158.68,79,80,0.00,0.00,0,0
1544345467,2001-eth3,7884.23,7824.35,15708.58,7840,7900,80.84,79.84,160.68,80,81,0.00,0.00,0,0
1544345467,2008-eth2,24898.21,1220012.00,1244910.25,1222452,24948,377.25,421.16,798.40,422,378,0.00,0.00,0,0
1544345467,2008-eth3,1219133.75,772786.44,1991920.25,774332,1221572,648.70,651.70,1300.40,653,650,0.00,0.00,0,0
1544345467,1001-eth3,0.00,0.00,0.00,0,0,0.00,0.00,0.00,0,0,0.00,0.00,0,0
1544345467,2007-eth4,0.00,0.00,0.00,0,0,0.00,0.00,0.00,0,0,0.00,0.00,0,0
1544345467,2004-eth2,950876.25,24898.21,975774.50,24948,952778,328.34,377.25,705.59,378,329,0.00,0.00,0,0
1544345467,3002-eth1,7786.43,7688.62,15475.05,7704,7802,79.84,78.84,158.68,79,80,0.00,0.00,0,0
1544345467,3004-eth1,7824.35,7824.35,15648.70,7840,7840,79.84,79.84,159.68,80,80,0.00,0.00,0,0
1544345467,2006-eth3,1228279.50,1217972.12,2446251.50,1220408,1230736,1093.81,762.48,1856.29,764,1096,0.00,0.00,0,0
1544345467,3004-eth2,210013.98,4413.17,214427.16,4422,210434,72.85,66.87,139.72,67,73,0.00,0.00,0,0
1544345467,3001-eth3,1218319.38,292592.81,1510912.25,293178,1220756,504.99,492.02,997.01,493,506,0.00,0.00,0,0
1544345467,2003-eth4,7824.35,7824.35,15648.70,7840,7840,79.84,79.84,159.68,80,80,0.00,0.00,0,0
1544345467,2008-eth4,1219946.12,25814.37,1245760.50,25866,1222386,420.16,391.22,811.38,392,421,0.00,0.00,0,0
1544345467,3008-eth3,1217622.75,772990.06,1990612.88,774536,1220058,647.70,654.69,1302.40,656,649,0.00,0.00,0,0
1544345467,2005-eth2,7726.55,7824.35,15550.90,7840,7742,78.84,79.84,158.68,80,79,0.00,0.00,0,0
1544345467,2006-eth4,18305.39,786986.06,805291.44,788560,18342,277.45,319.36,596.81,320,278,0.00,0.00,0,0
1544345467,3006-eth2,786986.06,18305.39,805291.44,18342,788560,319.36,277.45,596.81,278,320,0.00,0.00,0,0
1544345467,1003-eth4,479479.06,11329.34,490808.41,11352,480438,170.66,171.66,342.32,172,171,0.00,0.00,0,0
1544345467,2006-eth2,1194912.25,24502.99,1219415.25,24552,1197302,413.17,371.26,784.43,372,414,0.00,0.00,0,0
1544345467,3001-eth1,7824.35,7884.23,15708.58,7900,7840,79.84,80.84,160.68,81,80,0.00,0.00,0,0
1544345467,3008-eth2,25814.37,1219946.12,1245760.50,1222386,25866,391.22,420.16,811.38,421,392,0.00,0.00,0,0
1544345467,2004-eth3,951141.75,1188185.62,2139327.50,1190562,953044,704.59,716.57,1421.16,718,706,0.00,0.00,0,0
1544345467,3001-eth4,34237.53,1220413.25,1254650.75,1222854,34306,480.04,498.00,978.04,499,481,0.00,0.00,0,0
1544345467,1003-eth1,36790.42,1195181.62,1231972.12,1197572,36864,481.04,417.17,898.20,418,482,0.00,0.00,0,0
1544345467,3002-eth2,1219684.62,1216173.62,2435858.25,1218606,1222124,788.42,797.41,1585.83,799,790,0.00,0.00,0,0
1544345467,2005-eth4,7824.35,7768.46,15592.81,7784,7840,79.84,79.84,159.68,80,80,0.00,0.00,0,0
1544345467,3003-eth2,1188185.62,951141.75,2139327.50,953044,1190562,716.57,704.59,1421.16,706,718,0.00,0.00,0,0
1544345467,2007-eth1,0.00,0.00,0.00,0,0,0.00,0.00,0.00,0,0,0.00,0.00,0,0
1544345467,1002-eth4,0.00,0.00,0.00,0,0,0.00,0.00,0.00,0,0,0.00,0.00,0,0
1544345467,3002-eth4,13221.56,279720.56,292942.12,280280,13248,162.67,171.66,334.33,172,163,0.00,0.00,0,0
1544345467,2007-eth3,0.00,59.88,59.88,60,0,0.00,1.00,1.00,1,0,0.00,0.00,0,0
1544345467,3005-eth1,59.88,41.92,101.80,42,60,1.00,1.00,2.00,1,1,0.00,0.00,0,0
1544345467,2001-eth4,7688.62,7786.43,15475.05,7802,7704,78.84,79.84,158.68,80,79,0.00,0.00,0,0
1544345467,3003-eth4,28337.33,982251.50,1010588.88,984216,28394,391.22,415.17,806.39,416,392,0.00,0.00,0,0
1544345467,2004-eth1,447389.22,930590.88,1377980.12,932452,448284,462.08,393.21,855.29,394,463,0.00,0.00,0,0
1544345467,3006-eth4,33974.05,1220315.38,1254289.50,1222756,34042,476.05,497.01,973.05,498,477,0.00,0.00,0,0
1544345467,3007-eth1,59.88,0.00,59.88,0,60,1.00,0.00,1.00,0,1,0.00,0.00,0,0
1544345467,2008-eth1,11329.34,479479.06,490808.41,480438,11352,171.66,170.66,342.32,171,172,0.00,0.00,0,0
1544345467,2002-eth2,290682.66,1194852.38,1485535.00,1197242,291264,463.07,412.18,875.25,413,464,0.00,0.00,0,0
1544345467,2003-eth1,3814.37,3814.37,7628.74,3822,3822,38.92,38.92,77.84,39,39,0.00,0.00,0,0
1544345467,3008-eth4,1222012.00,570530.94,1792543.00,571672,1224456,582.83,586.83,1169.66,588,584,0.00,0.00,0,0
1544345467,1004-eth4,1220012.00,24898.21,1244910.25,24948,1222452,421.16,377.25,798.40,378,422,0.00,0.00,0,0
1544345467,3006-eth1,7768.46,7824.35,15592.81,7840,7784,79.84,79.84,159.68,80,80,0.00,0.00,0,0
1544345467,1004-eth3,24502.99,1194912.25,1219415.25,1197302,24552,371.26,413.17,784.43,414,372,0.00,0.00,0,0
1544345467,1002-eth2,7824.35,7824.35,15648.70,7840,7840,79.84,79.84,159.68,80,80,0.00,0.00,0,0
1544345467,3004-eth3,18231.54,1208479.12,1226710.62,1210896,18268,237.52,251.50,489.02,252,238,0.00,0.00,0,0
1544345467,2003-eth3,7726.55,7786.43,15512.97,7802,7742,78.84,79.84,158.68,80,79,0.00,0.00,0,0
1544345467,2005-eth1,0.00,0.00,0.00,0,0,0.00,0.00,0.00,0,0,0.00,0.00,0,0
1544345467,3002-eth3,1210700.62,788305.44,1999006.00,789882,1213122,714.57,711.58,1426.15,713,716,0.00,0.00,0,0
1544345467,3006-eth3,1220363.25,813177.69,2033541.00,814804,1222804,711.58,716.57,1428.14,718,713,0.00,0.00,0,0
1544345467,2001-eth1,3874.25,3814.37,7688.62,3822,3882,39.92,38.92,78.84,39,40,0.00,0.00,0,0
1544345467,3005-eth2,1217972.12,1228279.50,2446251.50,1230736,1220408,762.48,1093.81,1856.29,1096,764,0.00,0.00,0,0
1544345467,2001-eth2,7884.23,7726.55,15610.78,7742,7900,80.84,78.84,159.68,79,81,0.00,0.00,0,0
1544345467,3007-eth2,772786.44,1219133.75,1991920.25,1221572,774332,651.70,648.70,1300.40,650,653,0.00,0.00,0,0
1544345467,1001-eth1,3814.37,3874.25,7688.62,3882,3822,38.92,39.92,78.84,40,39,0.00,0.00,0,0
1544345467,3007-eth4,272445.12,434363.28,706808.38,435232,272990,230.54,231.54,462.08,232,231,0.00,0.00,0,0
1544345467,2003-eth2,7824.35,7824.35,15648.70,7840,7840,79.84,79.84,159.68,80,80,0.00,0.00,0,0
1544345467,3007-eth3,946748.50,344341.31,1291089.88,345030,948642,419.16,422.16,841.32,423,420,0.00,0.00,0,0
1544345467,1002-eth1,7726.55,7884.23,15610.78,7900,7742,78.84,80.84,159.68,81,79,0.00,0.00,0,0
1544345467,2002-eth3,5862.28,266179.66,272041.94,266712,5874,88.82,91.82,180.64,92,89,0.00,0.00,0,0
1544345467,2007-eth2,0.00,0.00,0.00,0,0,0.00,0.00,0.00,0,0,0.00,0.00,0,0
1544345467,total,31660076.00,31507426.00,63167500.00,31601948,31755056,22608.18,22471.59,45079.76,22539,22676,0.00,0.00,0,0
1544345468,3003-eth3,903252.75,293676.34,1196929.12,293970,904156,425.57,442.56,868.13,443,426,0.00,0.00,0,0
1544345468,2002-eth1,1192963.12,44407.59,1237370.62,44452,1194156,453.55,528.47,982.02,529,454,0.00,0.00,0,0
1544345468,lo,65328.67,65328.67,130657.34,65394,65394,286.71,286.71,573.43,287,287,0.00,0.00,0,0
1544345468,3005-eth3,972397.62,969570.44,1941968.12,970540,973370,640.36,641.36,1281.72,642,641,0.00,0.00,0,0
1544345468,2005-eth3,59.94,0.00,59.94,0,60,1.00,0.00,1.00,0,1,0.00,0.00,0,0
1544345468,3004-eth4,1212429.62,243106.91,1455536.50,243350,1213642,244.76,242.76,487.51,243,245,0.00,0.00,0,0
1544345468,1004-eth2,24857.14,935578.44,960435.56,936514,24882,376.62,323.68,700.30,324,377,0.00,0.00,0,0
1544345468,2004-eth4,4807.19,232383.62,237190.81,232616,4812,72.93,79.92,152.85,80,73,0.00,0.00,0,0
1544345468,1001-eth2,3916.08,3916.08,7832.17,3920,3920,39.96,39.96,79.92,40,40,0.00,0.00,0,0
1544345468,1003-eth3,253156.84,4879.12,258035.97,4884,253410,87.91,73.93,161.84,74,88,0.00,0.00,0,0
1544345468,2002-eth4,1220905.12,1221116.88,2442022.00,1222338,1222126,824.18,880.12,1704.30,881,825,0.00,0.00,0,0
1544345468,1001-eth4,0.00,0.00,0.00,0,0,0.00,0.00,0.00,0,0,0.00,0.00,0,0
1544345468,3001-eth2,328645.38,6791.21,335436.56,6798,328974,113.89,102.90,216.78,103,114,0.00,0.00,0,0
1544345468,1004-eth1,1196046.00,356739.28,1552785.25,357096,1197242,412.59,539.46,952.05,540,413,0.00,0.00,0,0
1544345468,3005-eth4,1219612.38,1221430.62,2441043.00,1222652,1220832,923.08,797.20,1720.28,798,924,0.00,0.00,0,0
1544345468,1003-eth2,903312.69,516845.16,1420157.88,517362,904216,426.57,500.50,927.07,501,427,0.00,0.00,0,0
1544345468,3008-eth1,101.90,41.96,143.86,42,102,2.00,1.00,3.00,1,2,0.00,0.00,0,0
1544345468,1002-eth3,7734.27,7832.17,15566.43,7840,7742,78.92,79.92,158.84,80,79,0.00,0.00,0,0
1544345468,2006-eth1,4879.12,253156.84,258035.97,253410,4884,73.93,87.91,161.84,88,74,0.00,0.00,0,0
1544345468,3003-eth1,7832.17,7832.17,15664.34,7840,7840,79.92,79.92,159.84,80,80,0.00,0.00,0,0
1544345468,2001-eth3,7832.17,7832.17,15664.34,7840,7840,79.92,79.92,159.84,80,80,0.00,0.00,0,0
1544345468,2008-eth2,24917.08,1222677.38,1247594.50,1223900,24942,377.62,421.58,799.20,422,378,0.00,0.00,0,0
1544345468,2008-eth3,1222721.25,907045.00,2129766.25,907952,1223944,663.34,699.30,1362.64,700,664,0.00,0.00,0,0
1544345468,1001-eth3,0.00,0.00,0.00,0,0,0.00,0.00,0.00,0,0,0.00,0.00,0,0
1544345468,2007-eth4,41.96,101.90,143.86,102,42,1.00,2.00,3.00,2,1,0.00,0.00,0,0
1544345468,2004-eth2,935578.44,24857.14,960435.56,24882,936514,323.68,376.62,700.30,377,324,0.00,0.00,0,0
1544345468,3002-eth1,7734.27,7832.17,15566.43,7840,7742,78.92,79.92,158.84,80,79,0.00,0.00,0,0
1544345468,3004-eth1,7874.13,7874.13,15748.25,7882,7882,80.92,80.92,161.84,81,81,0.00,0.00,0,0
1544345468,2006-eth3,1222607.38,1221496.50,2444104.00,1222718,1223830,793.21,798.20,1591.41,799,794,0.00,0.00,0,0
1544345468,3004-eth2,232383.62,4807.19,237190.81,4812,232616,79.92,72.93,152.85,73,80,0.00,0.00,0,0
1544345468,3001-eth3,1223856.12,355066.94,1578923.12,355422,1225080,527.47,514.49,1041.96,515,528,0.00,0.00,0,0
1544345468,2003-eth4,7874.13,7874.13,15748.25,7882,7882,80.92,80.92,161.84,81,81,0.00,0.00,0,0
1544345468,2008-eth4,1222743.25,25714.29,1248457.62,25740,1223966,422.58,389.61,812.19,390,423,0.00,0.00,0,0
1544345468,3008-eth3,1220871.12,648036.00,1868907.12,648684,1222092,613.39,613.39,1226.77,614,614,0.00,0.00,0,0
1544345468,2005-eth2,7832.17,7734.27,15566.43,7742,7840,79.92,78.92,158.84,79,80,0.00,0.00,0,0
1544345468,2006-eth4,20571.43,965168.88,985740.31,966134,20592,311.69,333.67,645.35,334,312,0.00,0.00,0,0
1544345468,3006-eth2,965168.88,20571.43,985740.31,20592,966134,333.67,311.69,645.35,312,334,0.00,0.00,0,0
1544345468,1003-eth4,527033.00,13042.96,540075.94,13056,527560,182.82,194.81,377.62,195,183,0.00,0.00,0,0
1544345468,2006-eth2,1196046.00,28153.85,1224199.88,28182,1197242,412.59,426.57,839.16,427,413,0.00,0.00,0,0
1544345468,3001-eth1,7832.17,7832.17,15664.34,7840,7840,79.92,79.92,159.84,80,80,0.00,0.00,0,0
1544345468,3008-eth2,25714.29,1222743.25,1248457.62,1223966,25740,389.61,422.58,812.19,423,390,0.00,0.00,0,0
1544345468,2004-eth3,923422.62,1219980.00,2143402.75,1221200,924346,731.27,743.26,1474.53,744,732,0.00,0.00,0,0
1544345468,3001-eth4,34313.69,1221674.38,1255988.00,1222896,34348,481.52,499.50,981.02,500,482,0.00,0.00,0,0
1544345468,1003-eth1,44407.59,1192963.12,1237370.62,1194156,44452,528.47,453.55,982.02,454,529,0.00,0.00,0,0
1544345468,3002-eth2,1221116.88,1220905.12,2442022.00,1222126,1222338,880.12,824.18,1704.30,825,881,0.00,0.00,0,0
1544345468,2005-eth4,7794.21,7832.17,15626.37,7840,7802,79.92,79.92,159.84,80,80,0.00,0.00,0,0
1544345468,3003-eth2,1219980.00,923422.62,2143402.75,924346,1221200,743.26,731.27,1474.53,732,744,0.00,0.00,0,0
1544345468,2007-eth1,0.00,0.00,0.00,0,0,0.00,0.00,0.00,0,0,0.00,0.00,0,0
1544345468,1002-eth4,41.96,41.96,83.92,42,42,1.00,1.00,2.00,1,1,0.00,0.00,0,0
1544345468,3002-eth4,13820.18,295156.84,308977.03,295452,13834,168.83,181.82,350.65,182,169,0.00,0.00,0,0
1544345468,2007-eth3,0.00,0.00,0.00,0,0,0.00,0.00,0.00,0,0,0.00,0.00,0,0
1544345468,3005-eth1,0.00,59.94,59.94,60,0,0.00,1.00,1.00,1,0,0.00,0.00,0,0
1544345468,2001-eth4,7832.17,7734.27,15566.43,7742,7840,79.92,78.92,158.84,79,80,0.00,0.00,0,0
1544345468,3003-eth4,27942.06,977412.62,1005354.69,978390,27970,384.62,414.59,799.20,415,385,0.00,0.00,0,0
1544345468,2004-eth1,516845.16,903312.69,1420157.88,904216,517362,500.50,426.57,927.07,427,501,0.00,0.00,0,0
1544345468,3006-eth4,33976.02,1223144.88,1257120.88,1224368,34010,476.52,499.50,976.02,500,477,0.00,0.00,0,0
1544345468,3007-eth1,0.00,0.00,0.00,0,0,0.00,0.00,0.00,0,0,0.00,0.00,0,0
1544345468,2008-eth1,13042.96,527033.00,540075.94,527560,13056,194.81,182.82,377.62,183,195,0.00,0.00,0,0
1544345468,2002-eth2,356739.28,1196046.00,1552785.25,1197242,357096,539.46,412.59,952.05,413,540,0.00,0.00,0,0
1544345468,2003-eth1,3916.08,3916.08,7832.17,3920,3920,39.96,39.96,79.92,40,40,0.00,0.00,0,0
1544345468,3008-eth4,1223608.38,683652.38,1907260.75,684336,1224832,611.39,627.37,1238.76,628,612,0.00,0.00,0,0
1544345468,1004-eth4,1222677.38,24917.08,1247594.50,24942,1223900,421.58,377.62,799.20,378,422,0.00,0.00,0,0
1544345468,3006-eth1,7832.17,7794.21,15626.37,7802,7840,79.92,79.92,159.84,80,80,0.00,0.00,0,0
1544345468,1004-eth3,28153.85,1196046.00,1224199.88,1197242,28182,426.57,412.59,839.16,413,427,0.00,0.00,0,0
1544345468,1002-eth2,7874.13,7874.13,15748.25,7882,7882,80.92,80.92,161.84,81,81,0.00,0.00,0,0
1544345468,3004-eth3,18513.49,1208239.75,1226753.25,1209448,18532,241.76,251.75,493.51,252,242,0.00,0.00,0,0
1544345468,2003-eth3,7832.17,7832.17,15664.34,7840,7840,79.92,79.92,159.84,80,80,0.00,0.00,0,0
1544345468,2005-eth1,0.00,0.00,0.00,0,0,0.00,0.00,0.00,0,0,0.00,0.00,0,0
1544345468,3002-eth3,1214823.25,708943.06,1923766.25,709652,1216038,734.27,725.27,1459.54,726,735,0.00,0.00,0,0
1544345468,3006-eth3,1220095.88,991350.69,2211446.50,992342,1221316,689.31,730.27,1419.58,731,690,0.00,0.00,0,0
1544345468,2001-eth1,3916.08,3916.08,7832.17,3920,3920,39.96,39.96,79.92,40,40,0.00,0.00,0,0
1544345468,3005-eth2,1221496.50,1222607.38,2444104.00,1223830,1222718,798.20,793.21,1591.41,794,799,0.00,0.00,0,0
1544345468,2001-eth2,7734.27,7832.17,15566.43,7840,7742,78.92,79.92,158.84,80,79,0.00,0.00,0,0
1544345468,3007-eth2,907045.00,1222721.25,2129766.25,1223944,907952,699.30,663.34,1362.64,664,700,0.00,0.00,0,0
1544345468,1001-eth1,3916.08,3916.08,7832.17,3920,3920,39.96,39.96,79.92,40,40,0.00,0.00,0,0
1544345468,3007-eth4,289658.69,544391.25,834049.94,545480,290238,250.50,275.45,525.95,276,251,0.00,0.00,0,0
1544345468,2003-eth2,7866.27,7866.27,15732.54,7882,7882,80.84,80.84,161.68,81,81,0.00,0.00,0,0
1544345468,3007-eth3,931842.31,355836.34,1287678.62,356548,933706,412.18,421.16,833.33,422,413,0.00,0.00,0,0
1544345468,1002-eth1,7824.35,7726.55,15550.90,7742,7840,79.84,78.84,158.68,79,80,0.00,0.00,0,0
1544345468,2002-eth3,6784.43,328317.38,335101.81,328974,6798,102.79,113.77,216.57,114,103,0.00,0.00,0,0
1544345468,2007-eth2,41.92,41.92,83.83,42,42,1.00,1.00,2.00,1,1,0.00,0.00,0,0
1544345468,total,32343130.00,32522306.00,64865440.00,32587350,32407816,23234.53,23287.43,46521.96,23334,23281,0.00,0.00,0,0
1544345469,3003-eth3,858026.00,302343.31,1160369.25,302948,859742,498.00,506.99,1004.99,508,499,0.00,0.00,0,0
1544345469,2002-eth1,1196249.50,49790.42,1246040.00,49890,1198642,542.91,557.88,1100.80,559,544,0.00,0.00,0,0
1544345469,lo,8542.91,8542.91,17085.83,8560,8560,82.83,82.83,165.67,83,83,0.00,0.00,0,0
1544345469,3005-eth3,968668.69,975828.38,1944497.00,977780,970606,641.72,640.72,1282.44,642,643,0.00,0.00,0,0
1544345469,2005-eth3,0.00,0.00,0.00,0,0,0.00,0.00,0.00,0,0,0.00,0.00,0,0
1544345469,3004-eth4,1200930.12,247223.56,1448153.75,247718,1203332,241.52,242.51,484.03,243,242,0.00,0.00,0,0
1544345469,1004-eth2,24933.20,942512.44,967445.69,945340,25008,377.87,325.02,702.89,326,379,0.00,0.00,0,0
1544345469,2004-eth4,4474.58,236382.86,240857.42,237092,4488,67.80,81.75,149.55,82,68,0.00,0.00,0,0
1544345469,1001-eth2,3908.28,3908.28,7816.55,3920,3920,39.88,39.88,79.76,40,40,0.00,0.00,0,0
1544345469,1003-eth3,242289.14,5330.01,247619.14,5346,243016,83.75,80.76,164.51,81,84,0.00,0.00,0,0
1544345469,2002-eth4,1221854.50,1226576.25,2448430.75,1230256,1225520,868.39,1019.94,1888.34,1023,871,0.00,0.00,0,0
1544345469,1001-eth4,59.82,59.82,119.64,60,60,1.00,1.00,1.99,1,1,0.00,0.00,0,0
1544345469,3001-eth2,257054.84,5587.24,262642.06,5604,257826,88.73,84.75,173.48,85,89,0.00,0.00,0,0
1544345469,1004-eth1,1193720.88,288634.09,1482355.00,289500,1197302,412.76,567.30,980.06,569,414,0.00,0.00,0,0
1544345469,3005-eth4,1217748.75,1219718.88,2437467.50,1223378,1221402,798.60,806.58,1605.18,809,801,0.00,0.00,0,0
1544345469,1003-eth2,857170.50,514472.59,1371643.12,516016,859742,497.51,546.36,1043.87,548,499,0.00,0.00,0,0
1544345469,3008-eth1,0.00,59.82,59.82,60,0,0.00,1.00,1.00,1,0,0.00,0.00,0,0
1544345469,1002-eth3,7876.37,7816.55,15692.92,7840,7900,80.76,79.76,160.52,80,81,0.00,0.00,0,0
1544345469,2006-eth1,5330.01,242289.14,247619.14,243016,5346,80.76,83.75,164.51,84,81,0.00,0.00,0,0
1544345469,3003-eth1,7816.55,7816.55,15633.10,7840,7840,79.76,79.76,159.52,80,80,0.00,0.00,0,0
1544345469,2001-eth3,7816.55,7816.55,15633.10,7840,7840,79.76,79.76,159.52,80,80,0.00,0.00,0,0
1544345469,2008-eth2,24873.38,1218855.50,1243728.88,1222512,24948,376.87,421.73,798.60,423,378,0.00,0.00,0,0
1544345469,2008-eth3,1219088.75,808835.50,2027924.25,811262,1222746,622.13,670.99,1293.12,673,624,0.00,0.00,0,0
1544345469,1001-eth3,59.82,0.00,59.82,0,60,1.00,0.00,1.00,0,1,0.00,0.00,0,0
1544345469,2007-eth4,59.82,0.00,59.82,0,60,1.00,0.00,1.00,0,1,0.00,0.00,0,0
1544345469,2004-eth2,942512.44,24933.20,967445.69,25008,945340,325.02,377.87,702.89,379,326,0.00,0.00,0,0
1544345469,3002-eth1,7816.55,7816.55,15633.10,7840,7840,79.76,79.76,159.52,80,80,0.00,0.00,0,0
1544345469,3004-eth1,7816.55,7816.55,15633.10,7840,7840,79.76,79.76,159.52,80,80,0.00,0.00,0,0
1544345469,2006-eth3,1220981.12,1219653.00,2440634.00,1223312,1224644,891.33,805.58,1696.91,808,894,0.00,0.00,0,0
1544345469,3004-eth2,236382.86,4474.58,240857.42,4488,237092,81.75,67.80,149.55,68,82,0.00,0.00,0,0
1544345469,3001-eth3,1216841.50,283507.47,1500349.00,284358,1220492,500.50,489.53,990.03,491,502,0.00,0.00,0,0
1544345469,2003-eth4,7816.55,7816.55,15633.10,7840,7840,79.76,79.76,159.52,80,80,0.00,0.00,0,0
1544345469,2008-eth4,1220299.12,25136.59,1245435.75,25212,1223960,421.73,380.86,802.59,382,423,0.00,0.00,0,0
1544345469,3008-eth3,1219559.38,751481.56,1971040.88,753736,1223218,651.05,646.06,1297.11,648,653,0.00,0.00,0,0
1544345469,2005-eth2,7816.55,7876.37,15692.92,7900,7840,79.76,80.76,160.52,81,80,0.00,0.00,0,0
1544345469,2006-eth4,20662.01,991272.19,1011934.19,994246,20724,313.06,341.97,655.03,343,314,0.00,0.00,0,0
1544345469,3006-eth2,991272.19,20662.01,1011934.19,20724,994246,341.97,313.06,655.03,314,343,0.00,0.00,0,0
1544345469,1003-eth4,579539.38,13940.18,593479.56,13982,581278,206.38,176.47,382.85,177,207,0.00,0.00,0,0
1544345469,2006-eth2,1193661.00,31579.26,1225240.25,31674,1197242,411.76,478.56,890.33,480,413,0.00,0.00,0,0
1544345469,3001-eth1,7816.55,7816.55,15633.10,7840,7840,79.76,79.76,159.52,80,80,0.00,0.00,0,0
1544345469,3008-eth2,25136.59,1220299.12,1245435.75,1223960,25212,380.86,421.73,802.59,423,382,0.00,0.00,0,0
1544345469,2004-eth3,877503.50,1220602.25,2098105.75,1224264,880136,805.58,789.63,1595.21,792,808,0.00,0.00,0,0
1544345469,3001-eth4,34269.19,1217752.75,1252022.00,1221406,34372,480.56,497.51,978.07,499,482,0.00,0.00,0,0
1544345469,1003-eth1,49740.78,1195056.88,1244797.62,1198642,49890,557.33,542.37,1099.70,544,559,0.00,0.00,0,0
1544345469,3002-eth2,1226576.25,1221854.50,2448430.75,1225520,1230256,1019.94,868.39,1888.34,871,1023,0.00,0.00,0,0
1544345469,2005-eth4,7816.55,7816.55,15633.10,7840,7840,79.76,79.76,159.52,80,80,0.00,0.00,0,0
1544345469,3003-eth2,1220602.25,877503.50,2098105.75,880136,1224264,789.63,805.58,1595.21,808,792,0.00,0.00,0,0
1544345469,2007-eth1,59.82,59.82,119.64,60,60,1.00,1.00,1.99,1,1,0.00,0.00,0,0
1544345469,1002-eth4,59.82,59.82,119.64,60,60,1.00,1.00,1.99,1,1,0.00,0.00,0,0
1544345469,3002-eth4,15852.44,192753.73,208606.19,193332,15900,169.49,169.49,338.98,170,170,0.00,0.00,0,0
1544345469,2007-eth3,59.82,0.00,59.82,0,60,1.00,0.00,1.00,0,1,0.00,0.00,0,0
1544345469,3005-eth1,0.00,0.00,0.00,0,0,0.00,0.00,0.00,0,0,0.00,0.00,0,0
1544345469,2001-eth4,7816.55,7816.55,15633.10,7840,7840,79.76,79.76,159.52,80,80,0.00,0.00,0,0
1544345469,3003-eth4,28149.55,1010901.31,1039050.88,1013934,28234,387.84,425.72,813.56,427,389,0.00,0.00,0,0
1544345469,2004-eth1,514472.59,857170.50,1371643.12,859742,516016,546.36,497.51,1043.87,499,548,0.00,0.00,0,0
1544345469,3006-eth4,33742.77,1216243.25,1249986.00,1219892,33844,472.58,496.51,969.09,498,474,0.00,0.00,0,0
1544345469,3007-eth1,0.00,59.82,59.82,60,0,0.00,1.00,1.00,1,0,0.00,0.00,0,0
1544345469,2008-eth1,13940.18,579539.38,593479.56,581278,13982,176.47,206.38,382.85,207,177,0.00,0.00,0,0
1544345469,2002-eth2,288634.09,1193720.88,1482355.00,1197302,289500,567.30,412.76,980.06,414,569,0.00,0.00,0,0
1544345469,2003-eth1,3908.28,3908.28,7816.55,3920,3920,39.88,39.88,79.76,40,40,0.00,0.00,0,0
1544345469,3008-eth4,1220002.00,636506.50,1856508.50,638416,1223662,592.22,610.17,1202.39,612,594,0.00,0.00,0,0
1544345469,1004-eth4,1218855.50,24873.38,1243728.88,24948,1222512,421.73,376.87,798.60,378,423,0.00,0.00,0,0
1544345469,3006-eth1,7816.55,7816.55,15633.10,7840,7840,79.76,79.76,159.52,80,80,0.00,0.00,0,0
1544345469,1004-eth3,31579.26,1193661.00,1225240.25,1197242,31674,478.56,411.76,890.33,413,480,0.00,0.00,0,0
1544345469,1002-eth2,7876.37,7816.55,15692.92,7840,7900,80.76,79.76,160.52,80,81,0.00,0.00,0,0
1544345469,3004-eth3,18410.77,1203009.00,1221419.75,1206618,18466,240.28,252.24,492.52,253,241,0.00,0.00,0,0
1544345469,2003-eth3,7816.55,7816.55,15633.10,7840,7840,79.76,79.76,159.52,80,80,0.00,0.00,0,0
1544345469,2005-eth1,0.00,59.82,59.82,60,0,0.00,1.00,1.00,1,0,0.00,0.00,0,0
1544345469,3002-eth3,1213852.50,774929.19,1988781.62,777254,1217494,778.66,760.72,1539.38,763,781,0.00,0.00,0,0
1544345469,3006-eth3,1220031.88,1017198.44,2237230.25,1020250,1223692,723.83,734.80,1458.62,737,726,0.00,0.00,0,0
1544345469,2001-eth1,3908.28,3968.10,7876.37,3980,3920,39.88,40.88,80.76,41,40,0.00,0.00,0,0
1544345469,3005-eth2,1219653.00,1220981.12,2440634.00,1224644,1223312,805.58,891.33,1696.91,894,808,0.00,0.00,0,0
1544345469,2001-eth2,7816.55,7876.37,15692.92,7900,7840,79.76,80.76,160.52,81,80,0.00,0.00,0,0
1544345469,3007-eth2,808835.50,1219088.75,2027924.25,1222746,811262,670.99,622.13,1293.12,624,673,0.00,0.00,0,0
1544345469,1001-eth1,3968.10,3908.28,7876.37,3920,3980,40.88,39.88,80.76,40,41,0.00,0.00,0,0
1544345469,3007-eth4,273219.56,245039.92,518259.50,245530,273766,154.69,174.65,329.34,175,155,0.00,0.00,0,0
1544345469,2003-eth2,7824.35,7884.23,15708.58,7900,7840,79.84,80.84,160.68,81,80,0.00,0.00,0,0
1544345469,3007-eth3,945139.50,563478.12,1508617.62,565732,948920,466.14,496.02,962.15,498,468,0.00,0.00,0,0
1544345469,1002-eth1,7868.53,7808.77,15677.29,7840,7900,80.68,79.68,160.36,80,81,0.00,0.00,0,0
1544345469,2002-eth3,5581.67,256798.81,262380.50,257826,5604,84.66,88.65,173.31,89,85,0.00,0.00,0,0
1544345469,2007-eth2,59.76,59.76,119.52,60,60,1.00,1.00,1.99,1,1,0.00,0.00,0,0
1544345469,total,31952404.00,32126846.00,64079248.00,32255352,32080212,23619.52,23771.91,47391.44,23867,23714,0.00,0.00,0,0
1544345470,3003-eth3,933227.12,285135.47,1218362.62,286276,936960,569.72,468.13,1037.85,470,572,0.00,0.00,0,0
1544345470,2002-eth1,1190346.62,51251.00,1241597.62,51456,1195108,619.52,627.49,1247.01,630,622,0.00,0.00,0,0
1544345470,lo,6117.53,6117.53,12235.06,6142,6142,59.76,59.76,119.52,60,60,0.00,0.00,0,0
1544345470,3005-eth3,962077.69,965099.62,1927177.38,968960,965926,635.46,637.45,1272.91,640,638,0.00,0.00,0,0
1544345470,2005-eth3,0.00,0.00,0.00,0,0,0.00,0.00,0.00,0,0,0.00,0.00,0,0
1544345470,3004-eth4,1198663.38,276298.81,1474962.25,277404,1203458,243.03,252.99,496.02,254,244,0.00,0.00,0,0
1544345470,1004-eth2,23425.72,930699.88,954125.62,933492,23496,354.94,321.04,675.97,322,356,0.00,0.00,0,0
1544345470,2004-eth4,4803.59,265974.09,270777.66,266772,4818,72.78,92.72,165.50,93,73,0.00,0.00,0,0
1544345470,1001-eth2,3968.10,3908.28,7876.37,3920,3980,40.88,39.88,80.76,40,41,0.00,0.00,0,0
1544345470,1003-eth3,254101.70,5264.21,259365.91,5280,254864,87.74,79.76,167.50,80,88,0.00,0.00,0,0
1544345470,2002-eth4,1214630.12,1225290.12,2439920.25,1228966,1218274,938.19,1131.61,2069.79,1135,941,0.00,0.00,0,0
1544345470,1001-eth4,0.00,0.00,0.00,0,0,0.00,0.00,0.00,0,0,0.00,0.00,0,0
1544345470,3001-eth2,317627.12,6646.06,324273.19,6666,318580,109.67,100.70,210.37,101,110,0.00,0.00,0,0
1544345470,1004-eth1,1190707.88,351318.06,1542025.88,352372,1194280,410.77,620.14,1030.91,622,412,0.00,0.00,0,0
1544345470,3005-eth4,1215860.38,1219324.00,2435184.50,1222982,1219508,879.36,800.60,1679.96,803,882,0.00,0.00,0,0
1544345470,1003-eth2,934157.56,553332.00,1487489.50,554992,936960,570.29,586.24,1156.53,588,572,0.00,0.00,0,0
1544345470,3008-eth1,0.00,0.00,0.00,0,0,0.00,0.00,0.00,0,0,0.00,0.00,0,0
1544345470,1002-eth3,7816.55,7876.37,15692.92,7900,7840,79.76,80.76,160.52,81,80,0.00,0.00,0,0
1544345470,2006-eth1,5264.21,254101.70,259365.91,254864,5280,79.76,87.74,167.50,88,80,0.00,0.00,0,0
1544345470,3003-eth1,7816.55,7876.37,15692.92,7900,7840,79.76,80.76,160.52,81,80,0.00,0.00,0,0
1544345470,2001-eth3,7816.55,7876.37,15692.92,7900,7840,79.76,80.76,160.52,81,80,0.00,0.00,0,0
1544345470,2008-eth2,23425.72,1220239.25,1243665.00,1223900,23496,354.94,420.74,775.67,422,356,0.00,0.00,0,0
1544345470,2008-eth3,1217062.88,900089.75,2117152.50,902790,1220714,635.09,702.89,1337.99,705,637,0.00,0.00,0,0
1544345470,1001-eth3,0.00,59.82,59.82,60,0,0.00,1.00,1.00,1,0,0.00,0.00,0,0
1544345470,2007-eth4,0.00,0.00,0.00,0,0,0.00,0.00,0.00,0,0,0.00,0.00,0,0
1544345470,2004-eth2,930699.88,23425.72,954125.62,23496,933492,321.04,354.94,675.97,356,322,0.00,0.00,0,0
1544345470,3002-eth1,7816.55,7816.55,15633.10,7840,7840,79.76,79.76,159.52,80,80,0.00,0.00,0,0
1544345470,3004-eth1,7876.37,7876.37,15752.74,7900,7900,80.76,80.76,161.52,81,81,0.00,0.00,0,0
1544345470,2006-eth3,1213495.50,1216496.50,2429992.00,1220146,1217136,865.40,801.60,1667.00,804,868,0.00,0.00,0,0
1544345470,3004-eth2,265974.09,4803.59,270777.66,4818,266772,92.72,72.78,165.50,73,93,0.00,0.00,0,0
1544345470,3001-eth3,1219529.38,343948.16,1563477.62,344980,1223188,519.44,508.47,1027.92,510,521,0.00,0.00,0,0
1544345470,2003-eth4,7876.37,7876.37,15752.74,7900,7900,80.76,80.76,161.52,81,81,0.00,0.00,0,0
1544345470,2008-eth4,1220239.25,31234.30,1251473.62,31328,1223900,420.74,396.81,817.55,398,422,0.00,0.00,0,0
1544345470,3008-eth3,1218959.12,661655.06,1880614.12,663640,1222616,598.21,626.12,1224.33,628,600,0.00,0.00,0,0
1544345470,2005-eth2,7876.37,7816.55,15692.92,7840,7900,80.76,79.76,160.52,80,81,0.00,0.00,0,0
1544345470,2006-eth4,20464.61,985365.94,1005830.50,988322,20526,310.07,339.98,650.05,341,311,0.00,0.00,0,0
1544345470,3006-eth2,985365.94,20464.61,1005830.50,20526,988322,339.98,310.07,650.05,311,341,0.00,0.00,0,0
1544345470,1003-eth4,528554.31,17986.04,546540.38,18040,530140,221.34,221.34,442.67,222,222,0.00,0.00,0,0
1544345470,2006-eth2,1190707.88,33690.93,1224398.75,33792,1194280,410.77,510.47,921.24,512,412,0.00,0.00,0,0
1544345470,3001-eth1,7876.37,7816.55,15692.92,7840,7900,80.76,79.76,160.52,80,81,0.00,0.00,0,0
1544345470,3008-eth2,31234.30,1220239.25,1251473.62,1223900,31328,396.81,420.74,817.55,422,398,0.00,0.00,0,0
1544345470,2004-eth3,952845.50,1218117.62,2170963.00,1221772,955704,853.44,815.55,1668.99,818,856,0.00,0.00,0,0
1544345470,3001-eth4,34197.41,1213290.12,1247487.50,1216930,34300,479.56,495.51,975.07,497,481,0.00,0.00,0,0
1544345470,1003-eth1,51302.09,1191533.38,1242835.50,1195108,51456,628.12,620.14,1248.26,622,630,0.00,0.00,0,0
1544345470,3002-eth2,1225290.12,1214630.12,2439920.25,1218274,1228966,1131.61,938.19,2069.79,941,1135,0.00,0.00,0,0
1544345470,2005-eth4,7816.55,7876.37,15692.92,7900,7840,79.76,80.76,160.52,81,80,0.00,0.00,0,0
1544345470,3003-eth2,1218117.62,952845.50,2170963.00,955704,1221772,815.55,853.44,1668.99,856,818,0.00,0.00,0,0
1544345470,2007-eth1,0.00,0.00,0.00,0,0,0.00,0.00,0.00,0,0,0.00,0.00,0,0
1544345470,1002-eth4,0.00,0.00,0.00,0,0,0.00,0.00,0.00,0,0,0.00,0.00,0,0
1544345470,3002-eth4,19081.84,251215.58,270297.41,251718,19120,199.60,198.60,398.20,199,200,0.00,0.00,0,0
1544345470,2007-eth3,0.00,0.00,0.00,0,0,0.00,0.00,0.00,0,0,0.00,0.00,0,0
1544345470,3005-eth1,0.00,0.00,0.00,0,0,0.00,0.00,0.00,0,0,0.00,0.00,0,0
1544345470,2001-eth4,7824.35,7824.35,15648.70,7840,7840,79.84,79.84,159.68,80,80,0.00,0.00,0,0
1544345470,3003-eth4,26465.07,945365.31,971830.38,947256,26518,362.28,403.19,765.47,404,363,0.00,0.00,0,0
1544345470,2004-eth1,553884.25,935089.88,1488974.12,936960,554992,586.83,570.86,1157.68,572,588,0.00,0.00,0,0
1544345470,3006-eth4,34033.93,1217457.12,1251491.00,1219892,34102,477.05,497.01,974.05,498,478,0.00,0.00,0,0
1544345470,3007-eth1,0.00,0.00,0.00,0,0,0.00,0.00,0.00,0,0,0.00,0.00,0,0
1544345470,2008-eth1,18003.99,529081.88,547085.81,530140,18040,221.56,221.56,443.11,222,222,0.00,0.00,0,0
1544345470,2002-eth2,351668.69,1191896.25,1543564.88,1194280,352372,620.76,411.18,1031.94,412,622,0.00,0.00,0,0
1544345470,2003-eth1,3912.18,3972.06,7884.23,3980,3920,39.92,40.92,80.84,41,40,0.00,0.00,0,0
1544345470,3008-eth4,1215453.12,555099.81,1770553.00,556210,1217884,612.77,615.77,1228.54,617,614,0.00,0.00,0,0
1544345470,1004-eth4,1221457.12,23449.10,1244906.25,23496,1223900,421.16,355.29,776.45,356,422,0.00,0.00,0,0
1544345470,3006-eth1,7884.23,7824.35,15708.58,7840,7900,80.84,79.84,160.68,80,81,0.00,0.00,0,0
1544345470,1004-eth3,33724.55,1191896.25,1225620.75,1194280,33792,510.98,411.18,922.16,412,512,0.00,0.00,0,0
1544345470,1002-eth2,7824.35,7884.23,15708.58,7900,7840,79.84,80.84,160.68,81,80,0.00,0.00,0,0
1544345470,3004-eth3,18554.89,1204012.00,1222566.88,1206420,18592,242.51,249.50,492.02,250,243,0.00,0.00,0,0
1544345470,2003-eth3,7876.37,7816.55,15692.92,7840,7900,80.76,79.76,160.52,80,81,0.00,0.00,0,0
1544345470,2005-eth1,59.82,0.00,59.82,0,60,1.00,0.00,1.00,0,1,0.00,0.00,0,0
1544345470,3002-eth3,1203383.88,717704.88,1921088.75,719858,1206994,818.54,746.76,1565.30,749,821,0.00,0.00,0,0
1544345470,3006-eth3,1216947.12,1011489.56,2228436.75,1014524,1220598,720.84,735.79,1456.63,738,723,0.00,0.00,0,0
1544345470,2001-eth1,3908.28,3908.28,7816.55,3920,3920,39.88,39.88,79.76,40,40,0.00,0.00,0,0
1544345470,3005-eth2,1216496.50,1213495.50,2429992.00,1217136,1220146,801.60,865.40,1667.00,868,804,0.00,0.00,0,0
1544345470,2001-eth2,7816.55,7816.55,15633.10,7840,7840,79.76,79.76,159.52,80,80,0.00,0.00,0,0
1544345470,3007-eth2,900089.75,1217062.88,2117152.50,1220714,902790,702.89,635.09,1337.99,637,705,0.00,0.00,0,0
1544345470,1001-eth1,3908.28,3908.28,7816.55,3920,3920,39.88,39.88,79.76,40,40,0.00,0.00,0,0
1544345470,3007-eth4,357020.94,433836.50,790857.44,435138,358092,225.32,266.20,491.53,267,226,0.00,0.00,0,0
1544345470,2003-eth2,7876.37,7816.55,15692.92,7840,7900,80.76,79.76,160.52,80,81,0.00,0.00,0,0
1544345470,3007-eth3,861760.25,467118.91,1328879.12,467586,862622,410.59,436.56,847.15,437,411,0.00,0.00,0,0
1544345470,1002-eth1,7832.17,7832.17,15664.34,7840,7840,79.92,79.92,159.84,80,80,0.00,0.00,0,0
1544345470,2002-eth3,6659.34,318261.75,324921.09,318580,6666,100.90,109.89,210.79,110,101,0.00,0.00,0,0
1544345470,2007-eth2,0.00,0.00,0.00,0,0,0.00,0.00,0.00,0,0,0.00,0.00,0,0
1544345470,total,32458184.00,32487452.00,64945636.00,32519938,32490642,24552.45,24496.50,49048.95,24521,24577,0.00,0.00,0,0
1544345471,3003-eth3,902993.06,264787.22,1167780.25,265052,903896,443.56,373.63,817.18,374,444,0.00,0.00,0,0
1544345471,2002-eth1,1191590.50,32683.32,1224273.75,32716,1192782,498.50,449.55,948.05,450,499,0.00,0.00,0,0
1544345471,lo,65486.52,65486.52,130973.03,65552,65552,291.71,291.71,583.42,292,292,0.00,0.00,0,0
1544345471,3005-eth3,970951.06,968057.94,1939009.00,969026,971922,640.36,640.36,1280.72,641,641,0.00,0.00,0,0
1544345471,2005-eth3,0.00,59.94,59.94,60,0,0.00,1.00,1.00,1,0,0.00,0.00,0,0
1544345471,3004-eth4,1202393.62,300667.34,1503061.00,300968,1203596,245.75,259.74,505.49,260,246,0.00,0.00,0,0
1544345471,1004-eth2,25912.09,965108.94,991021.00,966074,25938,392.61,332.67,725.27,333,393,0.00,0.00,0,0
1544345471,2004-eth4,5142.86,290117.88,295260.75,290408,5148,77.92,99.90,177.82,100,78,0.00,0.00,0,0
1544345471,1001-eth2,3818.18,3878.12,7696.30,3882,3822,38.96,39.96,78.92,40,39,0.00,0.00,0,0
1544345471,1003-eth3,229424.58,5268.73,234693.31,5274,229654,78.92,79.92,158.84,80,79,0.00,0.00,0,0
1544345471,2002-eth4,1217648.38,1220931.12,2438579.50,1222152,1218866,782.22,943.06,1725.27,944,783,0.00,0.00,0,0
1544345471,1001-eth4,0.00,0.00,0.00,0,0,0.00,0.00,0.00,0,0,0.00,0.00,0,0
1544345471,3001-eth2,245732.28,4879.12,250611.39,4884,245978,84.92,73.93,158.84,74,85,0.00,0.00,0,0
1544345471,1004-eth1,1187168.88,275138.88,1462307.75,275414,1188356,409.59,530.47,940.06,531,410,0.00,0.00,0,0
1544345471,3005-eth4,1216177.88,1217420.62,2433598.50,1218638,1217394,871.13,802.20,1673.33,803,872,0.00,0.00,0,0
1544345471,1003-eth2,902993.06,536613.38,1439606.38,537150,903896,443.56,437.56,881.12,438,444,0.00,0.00,0,0
1544345471,3008-eth1,0.00,0.00,0.00,0,0,0.00,0.00,0.00,0,0,0.00,0.00,0,0
1544345471,1002-eth3,7734.27,7832.17,15566.43,7840,7742,78.92,79.92,158.84,80,79,0.00,0.00,0,0
1544345471,2006-eth1,5268.73,229424.58,234693.31,229654,5274,79.92,78.92,158.84,79,80,0.00,0.00,0,0
1544345471,3003-eth1,7734.27,7734.27,15468.53,7742,7742,78.92,78.92,157.84,79,79,0.00,0.00,0,0
1544345471,2001-eth3,7794.21,7832.17,15626.37,7840,7802,79.92,79.92,159.84,80,80,0.00,0.00,0,0
1544345471,2008-eth2,25912.09,1216759.25,1242671.38,1217976,25938,392.61,419.58,812.19,420,393,0.00,0.00,0,0
1544345471,2008-eth3,1217306.75,676767.25,1894074.00,677444,1218524,665.33,696.30,1361.64,697,666,0.00,0.00,0,0
1544345471,1001-eth3,0.00,0.00,0.00,0,0,0.00,0.00,0.00,0,0,0.00,0.00,0,0
1544345471,2007-eth4,0.00,0.00,0.00,0,0,0.00,0.00,0.00,0,0,0.00,0.00,0,0
1544345471,2004-eth2,965108.94,25912.09,991021.00,25938,966074,332.67,392.61,725.27,393,333,0.00,0.00,0,0
1544345471,3002-eth1,7794.21,7794.21,15588.41,7802,7802,79.92,79.92,159.84,80,80,0.00,0.00,0,0
1544345471,3004-eth1,7636.36,7832.17,15468.53,7840,7644,77.92,79.92,157.84,80,78,0.00,0.00,0,0
1544345471,2006-eth3,1218949.12,1213015.00,2431964.00,1214228,1220168,891.11,801.20,1692.31,802,892,0.00,0.00,0,0
1544345471,3004-eth2,290117.88,5142.86,295260.75,5148,290408,99.90,77.92,177.82,78,100,0.00,0.00,0,0
1544345471,3001-eth3,1215852.12,272171.84,1488024.00,272444,1217068,493.51,485.51,979.02,486,494,0.00,0.00,0,0
1544345471,2003-eth4,7832.17,7636.36,15468.53,7644,7840,79.92,77.92,157.84,78,80,0.00,0.00,0,0
1544345471,2008-eth4,1218271.75,31868.13,1250139.88,31900,1219490,420.58,384.62,805.19,385,421,0.00,0.00,0,0
1544345471,3008-eth3,1217322.75,798609.44,2015932.12,799408,1218540,625.37,679.32,1304.70,680,626,0.00,0.00,0,0
1544345471,2005-eth2,7832.17,7734.27,15566.43,7742,7840,79.92,78.92,158.84,79,80,0.00,0.00,0,0
1544345471,2006-eth4,20631.37,969580.44,990211.81,970550,20652,312.69,334.67,647.35,335,313,0.00,0.00,0,0
1544345471,3006-eth2,969580.44,20631.37,990211.81,20652,970550,334.67,312.69,647.35,313,335,0.00,0.00,0,0
1544345471,1003-eth4,583924.06,15672.33,599596.44,15688,584508,233.77,191.81,425.57,192,234,0.00,0.00,0,0
1544345471,2006-eth2,1187228.75,29406.59,1216635.38,29436,1188416,410.59,445.55,856.14,446,411,0.00,0.00,0,0
1544345471,3001-eth1,7832.17,7794.21,15626.37,7802,7840,79.92,79.92,159.84,80,80,0.00,0.00,0,0
1544345471,3008-eth2,31868.13,1218271.75,1250139.88,1219490,31900,384.62,420.58,805.19,421,385,0.00,0.00,0,0
1544345471,2004-eth3,923762.25,1211610.38,2135372.75,1212822,924686,758.24,670.33,1428.57,671,759,0.00,0.00,0,0
1544345471,3001-eth4,34173.83,1212755.25,1246929.12,1213968,34208,479.52,495.50,975.03,496,480,0.00,0.00,0,0
1544345471,1003-eth1,32683.32,1191590.50,1224273.75,1192782,32716,449.55,498.50,948.05,499,450,0.00,0.00,0,0
1544345471,3002-eth2,1220931.12,1217648.38,2438579.50,1218866,1222152,943.06,782.22,1725.27,783,944,0.00,0.00,0,0
1544345471,2005-eth4,7734.27,7832.17,15566.43,7840,7742,78.92,79.92,158.84,80,79,0.00,0.00,0,0
1544345471,3003-eth2,1211610.38,923762.25,2135372.75,924686,1212822,670.33,758.24,1428.57,759,671,0.00,0.00,0,0
1544345471,2007-eth1,0.00,0.00,0.00,0,0,0.00,0.00,0.00,0,0,0.00,0.00,0,0
1544345471,1002-eth4,0.00,0.00,0.00,0,0,0.00,0.00,0.00,0,0,0.00,0.00,0,0
1544345471,3002-eth4,18237.76,255312.69,273550.47,255568,18256,192.81,191.81,384.62,192,193,0.00,0.00,0,0
1544345471,2007-eth3,0.00,59.94,59.94,60,0,0.00,1.00,1.00,1,0,0.00,0.00,0,0
1544345471,3005-eth1,59.94,0.00,59.94,0,60,1.00,0.00,1.00,0,1,0.00,0.00,0,0
1544345471,2001-eth4,7794.21,7794.21,15588.41,7802,7802,79.92,79.92,159.84,80,80,0.00,0.00,0,0
1544345471,3003-eth4,28629.37,1076475.50,1105104.88,1077552,28658,395.60,447.55,843.16,448,396,0.00,0.00,0,0
1544345471,2004-eth1,536613.38,902993.06,1439606.38,903896,537150,437.56,443.56,881.12,444,438,0.00,0.00,0,0
1544345471,3006-eth4,33778.22,1215714.38,1249492.50,1216930,33812,473.53,496.50,970.03,497,474,0.00,0.00,0,0
1544345471,3007-eth1,59.94,0.00,59.94,0,60,1.00,0.00,1.00,0,1,0.00,0.00,0,0
1544345471,2008-eth1,15672.33,583924.06,599596.44,584508,15688,191.81,233.77,425.57,234,192,0.00,0.00,0,0
1544345471,2002-eth2,275138.88,1187168.88,1462307.75,1188356,275414,530.47,409.59,940.06,410,531,0.00,0.00,0,0
1544345471,2003-eth1,3878.12,3818.18,7696.30,3822,3882,39.96,38.96,78.92,39,40,0.00,0.00,0,0
1544345471,3008-eth4,1217542.50,401524.50,1619067.00,401926,1218760,595.40,582.42,1177.82,583,596,0.00,0.00,0,0
1544345471,1004-eth4,1216759.25,25912.09,1242671.38,25938,1217976,419.58,392.61,812.19,393,420,0.00,0.00,0,0
1544345471,3006-eth1,7832.17,7734.27,15566.43,7742,7840,79.92,78.92,158.84,79,80,0.00,0.00,0,0
1544345471,1004-eth3,29406.59,1187228.75,1216635.38,1188416,29436,445.55,410.59,856.14,411,446,0.00,0.00,0,0
1544345471,1002-eth2,7832.17,7636.36,15468.53,7644,7840,79.92,77.92,157.84,78,80,0.00,0.00,0,0
1544345471,3004-eth3,18381.62,1204887.12,1223268.75,1206092,18400,239.76,245.75,485.51,246,240,0.00,0.00,0,0
1544345471,2003-eth3,7734.27,7734.27,15468.53,7742,7742,78.92,78.92,157.84,79,79,0.00,0.00,0,0
1544345471,2005-eth1,0.00,0.00,0.00,0,0,0.00,0.00,0.00,0,0,0.00,0.00,0,0
1544345471,3002-eth3,1207264.75,865294.75,2072559.50,866160,1208472,670.33,683.32,1353.65,684,671,0.00,0.00,0,0
1544345471,3006-eth3,1210429.62,995690.31,2206120.00,996686,1211640,718.28,730.27,1448.55,731,719,0.00,0.00,0,0
1544345471,2001-eth1,3878.12,3818.18,7696.30,3822,3882,39.96,38.96,78.92,39,40,0.00,0.00,0,0
1544345471,3005-eth2,1213015.00,1218949.12,2431964.00,1220168,1214228,801.20,891.11,1692.31,892,802,0.00,0.00,0,0
1544345471,2001-eth2,7892.11,7734.27,15626.37,7742,7900,80.92,78.92,159.84,79,81,0.00,0.00,0,0
1544345471,3007-eth2,676767.25,1217306.75,1894074.00,1218524,677444,696.30,665.33,1361.64,666,697,0.00,0.00,0,0
1544345471,1001-eth1,3818.18,3878.12,7696.30,3882,3822,38.96,39.96,78.92,40,39,0.00,0.00,0,0
1544345471,3007-eth4,257138.88,385478.53,642617.38,385864,257396,246.75,271.73,518.48,272,247,0.00,0.00,0,0
1544345471,2003-eth2,7636.36,7832.17,15468.53,7840,7644,77.92,79.92,157.84,80,78,0.00,0.00,0,0
1544345471,3007-eth3,960287.75,291228.78,1251516.50,291520,961248,420.58,423.58,844.16,424,421,0.00,0.00,0,0
1544345471,1002-eth1,7734.27,7892.11,15626.37,7900,7742,78.92,80.92,159.84,81,79,0.00,0.00,0,0
1544345471,2002-eth3,4879.12,245732.28,250611.39,245978,4884,73.93,84.92,158.84,85,74,0.00,0.00,0,0
1544345471,2007-eth2,0.00,0.00,0.00,0,0,0.00,0.00,0.00,0,0,0.00,0.00,0,0
1544345471,total,32013952.00,32028474.00,64042428.00,32060502,32045966,23218.78,23275.72,46494.51,23299,23242,0.00,0.00,0,0
1544345472,3003-eth3,905146.88,256437.56,1161584.50,256694,906052,388.61,378.62,767.23,379,389,0.00,0.00,0,0
1544345472,2002-eth1,1195130.88,31938.06,1227069.00,31970,1196326,442.56,479.52,922.08,480,443,0.00,0.00,0,0
1544345472,lo,7626.37,7626.37,15252.75,7634,7634,74.93,74.93,149.85,75,75,0.00,0.00,0,0
1544345472,3005-eth3,990349.69,981802.25,1972151.88,982784,991340,649.35,651.35,1300.70,652,650,0.00,0.00,0,0
1544345472,2005-eth3,59.94,0.00,59.94,0,60,1.00,0.00,1.00,0,1,0.00,0.00,0,0
1544345472,3004-eth4,1202327.75,331968.03,1534295.75,332300,1203530,244.76,273.73,518.48,274,245,0.00,0.00,0,0
1544345472,1004-eth2,24791.21,972599.44,997390.62,973572,24816,375.62,336.66,712.29,337,376,0.00,0.00,0,0
1544345472,2004-eth4,5268.73,321220.78,326489.53,321542,5274,79.92,110.89,190.81,111,80,0.00,0.00,0,0
1544345472,1001-eth2,3916.08,3916.08,7832.17,3920,3920,39.96,39.96,79.92,40,40,0.00,0.00,0,0
1544345472,1003-eth3,230997.02,5076.92,236073.94,5082,231228,80.92,76.92,157.84,77,81,0.00,0.00,0,0
1544345472,2002-eth4,1220121.88,1221828.25,2441950.00,1223050,1221342,812.19,847.15,1659.34,848,813,0.00,0.00,0,0
1544345472,1001-eth4,0.00,0.00,0.00,0,0,0.00,0.00,0.00,0,0,0.00,0.00,0,0
1544345472,3001-eth2,290177.84,5604.40,295782.22,5610,290468,100.90,84.92,185.81,85,101,0.00,0.00,0,0
1544345472,1004-eth1,1196046.00,316689.31,1512735.25,317006,1197242,412.59,502.50,915.08,503,413,0.00,0.00,0,0
1544345472,3005-eth4,1220000.00,1221958.12,2441958.00,1223180,1221220,885.11,805.19,1690.31,806,886,0.00,0.00,0,0
1544345472,1003-eth2,905146.88,571146.88,1476293.75,571718,906052,388.61,478.52,867.13,479,389,0.00,0.00,0,0
1544345472,3008-eth1,0.00,0.00,0.00,0,0,0.00,0.00,0.00,0,0,0.00,0.00,0,0
1544345472,1002-eth3,7832.17,7832.17,15664.34,7840,7840,79.92,79.92,159.84,80,80,0.00,0.00,0,0
1544345472,2006-eth1,5076.92,230997.02,236073.94,231228,5082,76.92,80.92,157.84,81,77,0.00,0.00,0,0
1544345472,3003-eth1,7794.21,7734.27,15528.47,7742,7802,79.92,78.92,158.84,79,80,0.00,0.00,0,0
1544345472,2001-eth3,7734.27,7734.27,15468.53,7742,7742,78.92,78.92,157.84,79,79,0.00,0.00,0,0
1544345472,2008-eth2,24851.15,1221230.75,1246082.00,1222452,24876,376.62,421.58,798.20,422,377,0.00,0.00,0,0
1544345472,2008-eth3,1226022.00,498091.91,1724113.88,498590,1227248,681.32,638.36,1319.68,639,682,0.00,0.00,0,0
1544345472,1001-eth3,0.00,0.00,0.00,0,0,0.00,0.00,0.00,0,0,0.00,0.00,0,0
1544345472,2007-eth4,0.00,0.00,0.00,0,0,0.00,0.00,0.00,0,0,0.00,0.00,0,0
1544345472,2004-eth2,972599.44,24791.21,997390.62,24816,973572,336.66,375.62,712.29,376,337,0.00,0.00,0,0
1544345472,3002-eth1,7832.17,7832.17,15664.34,7840,7840,79.92,79.92,159.84,80,80,0.00,0.00,0,0
1544345472,3004-eth1,7832.17,7832.17,15664.34,7840,7840,79.92,79.92,159.84,80,80,0.00,0.00,0,0
1544345472,2006-eth3,1221432.62,1225180.88,2446613.50,1226406,1222654,841.16,810.19,1651.35,811,842,0.00,0.00,0,0
1544345472,3004-eth2,321220.78,5268.73,326489.53,5274,321542,110.89,79.92,190.81,80,111,0.00,0.00,0,0
1544345472,3001-eth3,1222363.62,316557.44,1538921.12,316874,1223586,504.50,500.50,1005.00,501,505,0.00,0.00,0,0
1544345472,2003-eth4,7832.17,7832.17,15664.34,7840,7840,79.92,79.92,159.84,80,80,0.00,0.00,0,0
1544345472,2008-eth4,1228339.75,36167.83,1264507.50,36204,1229568,463.54,433.57,897.10,434,464,0.00,0.00,0,0
1544345472,3008-eth3,1223450.62,811298.75,2034749.25,812110,1224674,696.30,738.26,1434.57,739,697,0.00,0.00,0,0
1544345472,2005-eth2,7832.17,7832.17,15664.34,7840,7840,79.92,79.92,159.84,80,80,0.00,0.00,0,0
1544345472,2006-eth4,21164.84,974046.00,995210.81,975020,21186,320.68,336.66,657.34,337,321,0.00,0.00,0,0
1544345472,3006-eth2,974046.00,21164.84,995210.81,21186,975020,336.66,320.68,657.34,321,337,0.00,0.00,0,0
1544345472,1003-eth4,616401.62,12949.05,629350.69,12962,617018,243.76,191.81,435.56,192,244,0.00,0.00,0,0
1544345472,2006-eth2,1196046.00,26571.43,1222617.38,26598,1197242,412.59,402.60,815.18,403,413,0.00,0.00,0,0
1544345472,3001-eth1,7734.27,7734.27,15468.53,7742,7742,78.92,78.92,157.84,79,79,0.00,0.00,0,0
1544345472,3008-eth2,36167.83,1228339.75,1264507.50,1229568,36204,433.57,463.54,897.10,464,434,0.00,0.00,0,0
1544345472,2004-eth3,924729.31,1222459.62,2147188.75,1223682,925654,685.31,703.30,1388.61,704,686,0.00,0.00,0,0
1544345472,3001-eth4,34173.83,1221534.50,1255708.38,1222756,34208,479.52,497.50,977.02,498,480,0.00,0.00,0,0
1544345472,1003-eth1,31938.06,1195130.88,1227069.00,1196326,31970,479.52,442.56,922.08,443,480,0.00,0.00,0,0
1544345472,3002-eth2,1221828.25,1220121.88,2441950.00,1221342,1223050,847.15,812.19,1659.34,813,848,0.00,0.00,0,0
1544345472,2005-eth4,7892.11,7832.17,15724.28,7840,7900,80.92,79.92,160.84,80,81,0.00,0.00,0,0
1544345472,3003-eth2,1222459.62,924729.31,2147188.75,925654,1223682,703.30,685.31,1388.61,686,704,0.00,0.00,0,0
1544345472,2007-eth1,0.00,0.00,0.00,0,0,0.00,0.00,0.00,0,0,0.00,0.00,0,0
1544345472,1002-eth4,0.00,0.00,0.00,0,0,0.00,0.00,0.00,0,0,0.00,0.00,0,0
1544345472,3002-eth4,15944.06,330107.91,346051.97,330438,15960,193.81,206.79,400.60,207,194,0.00,0.00,0,0
1544345472,2007-eth3,0.00,0.00,0.00,0,0,0.00,0.00,0.00,0,0,0.00,0.00,0,0
1544345472,3005-eth1,0.00,59.94,59.94,60,0,0.00,1.00,1.00,1,0,0.00,0.00,0,0
1544345472,2001-eth4,7832.17,7832.17,15664.34,7840,7840,79.92,79.92,159.84,80,80,0.00,0.00,0,0
1544345472,3003-eth4,27316.68,1042413.62,1069730.25,1043456,27344,375.62,435.56,811.19,436,376,0.00,0.00,0,0
1544345472,2004-eth1,571146.88,905146.88,1476293.75,906052,571718,478.52,388.61,867.13,389,479,0.00,0.00,0,0
1544345472,3006-eth4,33942.06,1221632.38,1255574.50,1222854,33976,475.52,498.50,974.03,499,476,0.00,0.00,0,0
1544345472,3007-eth1,0.00,0.00,0.00,0,0,0.00,0.00,0.00,0,0,0.00,0.00,0,0
1544345472,2008-eth1,12949.05,616401.62,629350.69,617018,12962,191.81,243.76,435.56,244,192,0.00,0.00,0,0
1544345472,2002-eth2,316689.31,1196046.00,1512735.25,1197242,317006,502.50,412.59,915.08,413,503,0.00,0.00,0,0
1544345472,2003-eth1,3916.08,3916.08,7832.17,3920,3920,39.96,39.96,79.92,40,40,0.00,0.00,0,0
1544345472,3008-eth4,1220839.25,526459.56,1747298.75,526986,1222060,615.38,612.39,1227.77,613,616,0.00,0.00,0,0
1544345472,1004-eth4,1221230.75,24851.15,1246082.00,24876,1222452,421.58,376.62,798.20,377,422,0.00,0.00,0,0
1544345472,3006-eth1,7832.17,7892.11,15724.28,7900,7840,79.92,80.92,160.84,81,80,0.00,0.00,0,0
1544345472,1004-eth3,26571.43,1196046.00,1222617.38,1197242,26598,402.60,412.59,815.18,413,403,0.00,0.00,0,0
1544345472,1002-eth2,7734.27,7734.27,15468.53,7742,7742,78.92,78.92,157.84,79,79,0.00,0.00,0,0
1544345472,3004-eth3,18579.42,1204951.12,1223530.50,1206156,18598,242.76,245.75,488.51,246,243,0.00,0.00,0,0
1544345472,2003-eth3,7734.27,7794.21,15528.47,7802,7742,78.92,79.92,158.84,80,79,0.00,0.00,0,0
1544345472,2005-eth1,0.00,0.00,0.00,0,0,0.00,0.00,0.00,0,0,0.00,0.00,0,0
1544345472,3002-eth3,1211944.12,930393.62,2142337.75,931324,1213156,697.30,705.29,1402.60,706,698,0.00,0.00,0,0
1544345472,3006-eth3,1222601.38,1000095.94,2222697.25,1001096,1223824,727.27,731.27,1458.54,732,728,0.00,0.00,0,0
1544345472,2001-eth1,3916.08,3916.08,7832.17,3920,3920,39.96,39.96,79.92,40,40,0.00,0.00,0,0
1544345472,3005-eth2,1225180.88,1221432.62,2446613.50,1222654,1226406,810.19,841.16,1651.35,842,811,0.00,0.00,0,0
1544345472,2001-eth2,7734.27,7734.27,15468.53,7742,7742,78.92,78.92,157.84,79,79,0.00,0.00,0,0
1544345472,3007-eth2,498091.91,1226022.00,1724113.88,1227248,498590,638.36,681.32,1319.68,682,639,0.00,0.00,0,0
1544345472,1001-eth1,3916.08,3916.08,7832.17,3920,3920,39.96,39.96,79.92,40,40,0.00,0.00,0,0
1544345472,3007-eth4,315502.50,249670.34,565172.81,249920,315818,258.74,227.77,486.51,228,259,0.00,0.00,0,0
1544345472,2003-eth2,7734.27,7734.27,15468.53,7742,7742,78.92,78.92,157.84,79,79,0.00,0.00,0,0
1544345472,3007-eth3,910519.50,248421.58,1158941.12,248670,911430,422.58,410.59,833.17,411,423,0.00,0.00,0,0
1544345472,1002-eth1,7734.27,7734.27,15468.53,7742,7742,78.92,78.92,157.84,79,79,0.00,0.00,0,0
1544345472,2002-eth3,5604.40,290177.84,295782.22,290468,5610,84.92,100.90,185.81,101,85,0.00,0.00,0,0
1544345472,2007-eth2,0.00,0.00,0.00,0,0,0.00,0.00,0.00,0,0,0.00,0.00,0,0
1544345472,total,32112472.00,32233174.00,64345648.00,32265406,32144584,22939.06,23001.00,45940.06,23024,22962,0.00,0.00,0,0
1544345473,3003-eth3,891672.38,251702.30,1143374.62,251954,892564,381.62,372.63,754.25,373,382,0.00,0.00,0,0
1544345473,2002-eth1,1190187.88,27428.57,1217616.38,27456,1191378,411.59,415.58,827.17,416,412,0.00,0.00,0,0
1544345473,lo,8427.57,8427.57,16855.14,8436,8436,81.92,81.92,163.84,82,82,0.00,0.00,0,0
1544345473,3005-eth3,995023.00,995150.88,1990173.88,996146,996018,654.35,656.34,1310.69,657,655,0.00,0.00,0,0
1544345473,2005-eth3,69.93,0.00,69.93,0,70,1.00,0.00,1.00,0,1,0.00,0.00,0,0
1544345473,3004-eth4,1203184.88,376353.66,1579538.50,376730,1204388,257.74,288.71,546.45,289,258,0.00,0.00,0,0
1544345473,1004-eth2,26367.63,993252.75,1019620.44,994246,26394,399.60,342.66,742.26,343,400,0.00,0.00,0,0
1544345473,2004-eth4,6000.00,365606.41,371606.41,365972,6006,90.91,125.87,216.78,126,91,0.00,0.00,0,0
1544345473,1001-eth2,3916.08,3916.08,7832.17,3920,3920,39.96,39.96,79.92,40,40,0.00,0.00,0,0
1544345473,1003-eth3,205752.25,5010.99,210763.25,5016,205958,70.93,75.92,146.85,76,71,0.00,0.00,0,0
1544345473,2002-eth4,1221416.62,1220054.00,2441470.50,1221274,1222638,753.25,820.18,1573.43,821,754,0.00,0.00,0,0
1544345473,1001-eth4,59.94,59.94,119.88,60,60,1.00,1.00,2.00,1,1,0.00,0.00,0,0
1544345473,3001-eth2,275322.69,5136.86,280459.56,5142,275598,94.91,77.92,172.83,78,95,0.00,0.00,0,0
1544345473,1004-eth1,1196105.88,302415.59,1498521.50,302718,1197302,413.59,505.49,919.08,506,414,0.00,0.00,0,0
1544345473,3005-eth4,1218149.88,1216040.00,2434190.00,1217256,1219368,835.16,803.20,1638.36,804,836,0.00,0.00,0,0
1544345473,1003-eth2,891672.38,588633.38,1480305.75,589222,892564,381.62,458.54,840.16,459,382,0.00,0.00,0,0
1544345473,3008-eth1,59.94,59.94,119.88,60,60,1.00,1.00,2.00,1,1,0.00,0.00,0,0
1544345473,1002-eth3,7696.30,7538.46,15234.77,7546,7704,78.92,76.92,155.84,77,79,0.00,0.00,0,0
1544345473,2006-eth1,5010.99,205752.25,210763.25,205958,5016,75.92,70.93,146.85,71,76,0.00,0.00,0,0
1544345473,3003-eth1,7832.17,7832.17,15664.34,7840,7840,79.92,79.92,159.84,80,80,0.00,0.00,0,0
1544345473,2001-eth3,7636.36,7440.56,15076.92,7448,7644,77.92,75.92,153.85,76,78,0.00,0.00,0,0
1544345473,2008-eth2,26307.69,1215246.75,1241554.50,1216462,26334,398.60,418.58,817.18,419,399,0.00,0.00,0,0
1544345473,2008-eth3,1222667.38,514891.12,1737558.50,515406,1223890,692.31,634.37,1326.67,635,693,0.00,0.00,0,0
1544345473,1001-eth3,59.94,0.00,59.94,0,60,1.00,0.00,1.00,0,1,0.00,0.00,0,0
1544345473,2007-eth4,59.94,59.94,119.88,60,60,1.00,1.00,2.00,1,1,0.00,0.00,0,0
1544345473,2004-eth2,993252.75,26367.63,1019620.44,26394,994246,342.66,399.60,742.26,400,343,0.00,0.00,0,0
1544345473,3002-eth1,7832.17,7832.17,15664.34,7840,7840,79.92,79.92,159.84,80,80,0.00,0.00,0,0
1544345473,3004-eth1,7832.17,7538.46,15370.63,7546,7840,79.92,76.92,156.84,77,80,0.00,0.00,0,0
1544345473,2006-eth3,1216629.38,1219328.75,2435958.00,1220548,1217846,790.21,809.19,1599.40,810,791,0.00,0.00,0,0
1544345473,3004-eth2,365606.41,6000.00,371606.41,6006,365972,125.87,90.91,216.78,91,126,0.00,0.00,0,0
1544345473,3001-eth3,1215984.00,301762.25,1517746.25,302064,1217200,495.50,495.50,991.01,496,496,0.00,0.00,0,0
1544345473,2003-eth4,7538.46,7832.17,15370.63,7840,7546,76.92,79.92,156.84,80,77,0.00,0.00,0,0
1544345473,2008-eth4,1224133.88,34929.07,1259063.00,34964,1225358,509.49,421.58,931.07,422,510,0.00,0.00,0,0
1544345473,3008-eth3,1220425.62,833938.06,2054363.75,834772,1221646,694.31,735.26,1429.57,736,695,0.00,0.00,0,0
1544345473,2005-eth2,7538.46,7696.30,15234.77,7704,7546,76.92,78.92,155.84,79,77,0.00,0.00,0,0
1544345473,2006-eth4,21230.77,969580.44,990811.19,970550,21252,321.68,334.67,656.34,335,322,0.00,0.00,0,0
1544345473,3006-eth2,969580.44,21230.77,990811.19,21252,970550,334.67,321.68,656.34,322,335,0.00,0.00,0,0
1544345473,1003-eth4,669072.94,10153.85,679226.81,10164,669742,230.77,153.85,384.62,154,231,0.00,0.00,0,0
1544345473,2006-eth2,1196046.00,27092.91,1223138.88,27120,1197242,412.59,410.59,823.18,411,413,0.00,0.00,0,0
1544345473,3001-eth1,7440.56,7636.36,15076.92,7644,7448,75.92,77.92,153.85,78,76,0.00,0.00,0,0
1544345473,3008-eth2,34929.07,1224133.88,1259063.00,1225358,34964,421.58,509.49,931.07,510,422,0.00,0.00,0,0
1544345473,2004-eth3,911980.06,1216279.75,2128259.75,1217496,912892,689.31,675.32,1364.64,676,690,0.00,0.00,0,0
1544345473,3001-eth4,34075.93,1218281.75,1252357.62,1219500,34110,478.52,493.51,972.03,494,479,0.00,0.00,0,0
1544345473,1003-eth1,27428.57,1190187.88,1217616.38,1191378,27456,415.58,411.59,827.17,412,416,0.00,0.00,0,0
1544345473,3002-eth2,1220054.00,1221416.62,2441470.50,1222638,1221274,820.18,753.25,1573.43,754,821,0.00,0.00,0,0
1544345473,2005-eth4,7636.36,7538.46,15174.83,7546,7644,77.92,76.92,154.85,77,78,0.00,0.00,0,0
1544345473,3003-eth2,1216279.75,911980.06,2128259.75,912892,1217496,675.32,689.31,1364.64,690,676,0.00,0.00,0,0
1544345473,2007-eth1,59.94,59.94,119.88,60,60,1.00,1.00,2.00,1,1,0.00,0.00,0,0
1544345473,1002-eth4,59.94,59.94,119.88,60,60,1.00,1.00,2.00,1,1,0.00,0.00,0,0
1544345473,3002-eth4,12843.16,305380.62,318223.78,305686,12856,155.84,182.82,338.66,183,156,0.00,0.00,0,0
1544345473,2007-eth3,0.00,0.00,0.00,0,0,0.00,0.00,0.00,0,0,0.00,0.00,0,0
1544345473,3005-eth1,0.00,69.93,69.93,70,0,0.00,1.00,1.00,1,0,0.00,0.00,0,0
1544345473,2001-eth4,7832.17,7832.17,15664.34,7840,7840,79.92,79.92,159.84,80,80,0.00,0.00,0,0
1544345473,3003-eth4,28139.86,1101758.25,1129898.12,1102860,28168,387.61,457.54,845.15,458,388,0.00,0.00,0,0
1544345473,2004-eth1,588633.38,891672.38,1480305.75,892564,589222,458.54,381.62,840.16,382,459,0.00,0.00,0,0
1544345473,3006-eth4,33878.12,1219892.12,1253770.25,1221112,33912,475.52,495.50,971.03,496,476,0.00,0.00,0,0
1544345473,3007-eth1,0.00,0.00,0.00,0,0,0.00,0.00,0.00,0,0,0.00,0.00,0,0
1544345473,2008-eth1,10153.85,669072.94,679226.81,669742,10164,153.85,230.77,384.62,231,154,0.00,0.00,0,0
1544345473,2002-eth2,302415.59,1196105.88,1498521.50,1197302,302718,505.49,413.59,919.08,414,506,0.00,0.00,0,0
1544345473,2003-eth1,3916.08,3916.08,7832.17,3920,3920,39.96,39.96,79.92,40,40,0.00,0.00,0,0
1544345473,3008-eth4,1221332.75,346749.25,1568082.00,347096,1222554,575.42,563.44,1138.86,564,576,0.00,0.00,0,0
1544345473,1004-eth4,1215246.75,26307.69,1241554.50,26334,1216462,418.58,398.60,817.18,399,419,0.00,0.00,0,0
1544345473,3006-eth1,7538.46,7636.36,15174.83,7644,7546,76.92,77.92,154.85,78,77,0.00,0.00,0,0
1544345473,1004-eth3,27092.91,1196046.00,1223138.88,1197242,27120,410.59,412.59,823.18,413,411,0.00,0.00,0,0
1544345473,1002-eth2,7598.40,7832.17,15430.57,7840,7606,77.92,79.92,157.84,80,78,0.00,0.00,0,0
1544345473,3004-eth3,18285.71,1205083.00,1223368.62,1206288,18304,239.76,247.75,487.51,248,240,0.00,0.00,0,0
1544345473,2003-eth3,7832.17,7832.17,15664.34,7840,7840,79.92,79.92,159.84,80,80,0.00,0.00,0,0
1544345473,2005-eth1,0.00,59.94,59.94,60,0,0.00,1.00,1.00,1,0,0.00,0.00,0,0
1544345473,3002-eth3,1213452.62,852016.00,2065468.62,852868,1214666,676.32,679.32,1355.64,680,677,0.00,0.00,0,0
1544345473,3006-eth3,1219708.38,995756.25,2215464.50,996752,1220928,727.27,731.27,1458.54,732,728,0.00,0.00,0,0
1544345473,2001-eth1,3916.08,3916.08,7832.17,3920,3920,39.96,39.96,79.92,40,40,0.00,0.00,0,0
1544345473,3005-eth2,1219328.75,1216629.38,2435958.00,1217846,1220548,809.19,790.21,1599.40,791,810,0.00,0.00,0,0
1544345473,2001-eth2,7440.56,7696.30,15136.86,7704,7448,75.92,78.92,154.85,79,76,0.00,0.00,0,0
1544345473,3007-eth2,514891.12,1222667.38,1737558.50,1223890,515406,634.37,692.31,1326.67,693,635,0.00,0.00,0,0
1544345473,1001-eth1,3916.08,3916.08,7832.17,3920,3920,39.96,39.96,79.92,40,40,0.00,0.00,0,0
1544345473,3007-eth4,271560.44,156325.67,427886.12,156482,271832,203.80,154.85,358.64,155,204,0.00,0.00,0,0
1544345473,2003-eth2,7832.17,7598.40,15430.57,7606,7840,79.92,77.92,157.84,78,80,0.00,0.00,0,0
1544345473,3007-eth3,948147.88,358635.38,1306783.25,358994,949096,487.51,480.52,968.03,481,488,0.00,0.00,0,0
1544345473,1002-eth1,7696.30,7440.56,15136.86,7448,7704,78.92,75.92,154.85,76,79,0.00,0.00,0,0
1544345473,2002-eth3,5136.86,275322.69,280459.56,275598,5142,77.92,94.91,172.83,95,78,0.00,0.00,0,0
1544345473,2007-eth2,59.94,59.94,119.88,60,60,1.00,1.00,2.00,1,1,0.00,0.00,0,0
1544345473,total,32109134.00,32098094.00,64207228.00,32130192,32141242,22571.43,22683.32,45254.75,22706,22594,0.00,0.00,0,0
1544345474,3003-eth3,855876.12,239116.89,1094993.00,239356,856732,365.63,357.64,723.28,358,366,0.00,0.00,0,0
1544345474,2002-eth1,1196046.00,29538.46,1225584.50,29568,1197242,412.59,447.55,860.14,448,413,0.00,0.00,0,0
1544345474,lo,64613.39,64613.39,129226.77,64678,64678,282.72,282.72,565.43,283,283,0.00,0.00,0,0
1544345474,3005-eth3,999880.12,1027898.12,2027778.25,1028926,1000880,662.34,670.33,1332.67,671,663,0.00,0.00,0,0
1544345474,2005-eth3,41.96,41.96,83.92,42,42,1.00,1.00,2.00,1,1,0.00,0.00,0,0
1544345474,3004-eth4,1204431.62,468083.94,1672515.50,468552,1205636,276.72,319.68,596.40,320,277,0.00,0.00,0,0
1544345474,1004-eth2,26307.69,990293.75,1016601.44,991284,26334,398.60,341.66,740.26,342,399,0.00,0.00,0,0
1544345474,2004-eth4,6923.08,457462.56,464385.62,457920,6930,104.90,158.84,263.74,159,105,0.00,0.00,0,0
1544345474,1001-eth2,3976.02,3916.08,7892.11,3920,3980,40.96,39.96,80.92,40,41,0.00,0.00,0,0
1544345474,1003-eth3,211670.33,4681.32,216351.66,4686,211882,72.93,70.93,143.86,71,73,0.00,0.00,0,0
1544345474,2002-eth4,1214062.00,1219856.12,2433918.25,1221076,1215276,773.23,817.18,1590.41,818,774,0.00,0.00,0,0
1544345474,1001-eth4,0.00,0.00,0.00,0,0,0.00,0.00,0.00,0,0,0.00,0.00,0,0
1544345474,3001-eth2,333056.94,5670.33,338727.28,5676,333390,114.89,85.91,200.80,86,115,0.00,0.00,0,0
1544345474,1004-eth1,1191574.50,359826.19,1551400.62,360186,1192766,410.59,520.48,931.07,521,411,0.00,0.00,0,0
1544345474,3005-eth4,1221892.12,1222197.88,2444090.00,1223420,1223114,804.20,809.19,1613.39,810,805,0.00,0.00,0,0
1544345474,1003-eth2,855834.19,686479.56,1542313.75,687166,856690,364.64,494.51,859.14,495,365,0.00,0.00,0,0
1544345474,3008-eth1,41.96,41.96,83.92,42,42,1.00,1.00,2.00,1,1,0.00,0.00,0,0
1544345474,1002-eth3,7874.13,7934.07,15808.19,7942,7882,80.92,81.92,162.84,82,81,0.00,0.00,0,0
1544345474,2006-eth1,4681.32,211670.33,216351.66,211882,4686,70.93,72.93,143.86,73,71,0.00,0.00,0,0
1544345474,3003-eth1,7874.13,7874.13,15748.25,7882,7882,80.92,80.92,161.84,81,81,0.00,0.00,0,0
1544345474,2001-eth3,7636.36,7794.21,15430.57,7802,7644,77.92,79.92,157.84,80,78,0.00,0.00,0,0
1544345474,2008-eth2,26307.69,1218331.75,1244639.38,1219550,26334,398.60,421.58,820.18,422,399,0.00,0.00,0,0
1544345474,2008-eth3,1219234.75,633710.31,1852945.12,634344,1220454,675.32,659.34,1334.67,660,676,0.00,0.00,0,0
1544345474,1001-eth3,0.00,59.94,59.94,60,0,0.00,1.00,1.00,1,0,0.00,0.00,0,0
1544345474,2007-eth4,41.96,41.96,83.92,42,42,1.00,1.00,2.00,1,1,0.00,0.00,0,0
1544345474,2004-eth2,990293.75,26307.69,1016601.44,26334,991284,341.66,398.60,740.26,399,342,0.00,0.00,0,0
1544345474,3002-eth1,7734.27,7734.27,15468.53,7742,7742,78.92,78.92,157.84,79,79,0.00,0.00,0,0
1544345474,3004-eth1,7794.21,7832.17,15626.37,7840,7802,79.92,79.92,159.84,80,80,0.00,0.00,0,0
1544345474,2006-eth3,1219332.75,1217552.50,2436885.25,1218770,1220552,831.17,804.20,1635.36,805,832,0.00,0.00,0,0
1544345474,3004-eth2,457462.56,6923.08,464385.62,6930,457920,158.84,104.90,263.74,105,159,0.00,0.00,0,0
1544345474,3001-eth3,1218149.88,359430.59,1577580.50,359790,1219368,506.49,514.49,1020.98,515,507,0.00,0.00,0,0
1544345474,2003-eth4,7832.17,7794.21,15626.37,7802,7840,79.92,79.92,159.84,80,80,0.00,0.00,0,0
1544345474,2008-eth4,1227098.88,46775.23,1273874.12,46822,1228326,510.49,554.45,1064.94,555,511,0.00,0.00,0,0
1544345474,3008-eth3,1232493.50,1019286.75,2251780.25,1020306,1233726,921.08,940.06,1861.14,941,922,0.00,0.00,0,0
1544345474,2005-eth2,7934.07,7874.13,15808.19,7882,7942,81.92,80.92,162.84,81,82,0.00,0.00,0,0
1544345474,2006-eth4,21296.70,975498.50,996795.25,976474,21318,322.68,336.66,659.34,337,323,0.00,0.00,0,0
1544345474,3006-eth2,975498.50,21296.70,996795.25,21318,976474,336.66,322.68,659.34,323,337,0.00,0.00,0,0
1544345474,1003-eth4,802295.75,12131.87,814427.62,12144,803098,276.72,183.82,460.54,184,277,0.00,0.00,0,0
1544345474,2006-eth2,1191574.50,26769.23,1218343.75,26796,1192766,410.59,405.59,816.18,406,411,0.00,0.00,0,0
1544345474,3001-eth1,7794.21,7636.36,15430.57,7644,7802,79.92,77.92,157.84,78,80,0.00,0.00,0,0
1544345474,3008-eth2,46775.23,1227098.88,1273874.12,1228326,46822,554.45,510.49,1064.94,511,555,0.00,0.00,0,0
1544345474,2004-eth3,875218.81,1219370.62,2094589.50,1220590,876094,658.34,678.32,1336.66,679,659,0.00,0.00,0,0
1544345474,3001-eth4,34069.93,1218673.38,1252743.25,1219892,34104,478.52,497.50,976.02,498,479,0.00,0.00,0,0
1544345474,1003-eth1,29538.46,1196046.00,1225584.50,1197242,29568,447.55,412.59,860.14,413,448,0.00,0.00,0,0
1544345474,3002-eth2,1219856.12,1214062.00,2433918.25,1215276,1221076,817.18,773.23,1590.41,774,818,0.00,0.00,0,0
1544345474,2005-eth4,7832.17,7892.11,15724.28,7900,7840,79.92,80.92,160.84,81,80,0.00,0.00,0,0
1544345474,3003-eth2,1219370.62,875218.81,2094589.50,876094,1220590,678.32,658.34,1336.66,659,679,0.00,0.00,0,0
1544345474,2007-eth1,0.00,0.00,0.00,0,0,0.00,0.00,0.00,0,0,0.00,0.00,0,0
1544345474,1002-eth4,0.00,0.00,0.00,0,0,0.00,0.00,0.00,0,0,0.00,0.00,0,0
1544345474,3002-eth4,14129.87,349668.34,363798.22,350018,14144,175.82,196.80,372.63,197,176,0.00,0.00,0,0
1544345474,2007-eth3,101.90,41.96,143.86,42,102,2.00,1.00,3.00,1,2,0.00,0.00,0,0
1544345474,3005-eth1,41.96,41.96,83.92,42,42,1.00,1.00,2.00,1,1,0.00,0.00,0,0
1544345474,2001-eth4,7734.27,7734.27,15468.53,7742,7742,78.92,78.92,157.84,79,79,0.00,0.00,0,0
1544345474,3003-eth4,27216.78,1082491.50,1109708.38,1083574,27244,373.63,450.55,824.18,451,374,0.00,0.00,0,0
1544345474,2004-eth1,686479.56,855834.19,1542313.75,856690,687166,494.51,364.64,859.14,365,495,0.00,0.00,0,0
1544345474,3006-eth4,33870.13,1215714.38,1249584.50,1216930,33904,474.53,496.50,971.03,497,475,0.00,0.00,0,0
1544345474,3007-eth1,41.96,101.90,143.86,102,42,1.00,2.00,3.00,2,1,0.00,0.00,0,0
1544345474,2008-eth1,12131.87,802295.75,814427.62,803098,12144,183.82,276.72,460.54,277,184,0.00,0.00,0,0
1544345474,2002-eth2,359826.19,1191574.50,1551400.62,1192766,360186,520.48,410.59,931.07,411,521,0.00,0.00,0,0
1544345474,2003-eth1,3916.08,3976.02,7892.11,3980,3920,39.96,40.96,80.92,41,40,0.00,0.00,0,0
1544345474,3008-eth4,1218115.88,467670.34,1685786.25,468138,1219334,586.41,576.42,1162.84,577,587,0.00,0.00,0,0
1544345474,1004-eth4,1218331.75,26307.69,1244639.38,26334,1219550,421.58,398.60,820.18,399,422,0.00,0.00,0,0
1544345474,3006-eth1,7892.11,7832.17,15724.28,7840,7900,80.92,79.92,160.84,80,81,0.00,0.00,0,0
1544345474,1004-eth3,26769.23,1191574.50,1218343.75,1192766,26796,405.59,410.59,816.18,411,406,0.00,0.00,0,0
1544345474,1002-eth2,7874.13,7776.22,15650.35,7784,7882,80.92,79.92,160.84,80,81,0.00,0.00,0,0
1544345474,3004-eth3,18573.43,1205116.88,1223690.38,1206322,18592,242.76,248.75,491.51,249,243,0.00,0.00,0,0
1544345474,2003-eth3,7874.13,7874.13,15748.25,7882,7882,80.92,80.92,161.84,81,81,0.00,0.00,0,0
1544345474,2005-eth1,59.94,0.00,59.94,0,60,1.00,0.00,1.00,0,1,0.00,0.00,0,0
1544345474,3002-eth3,1210625.38,850499.50,2061124.88,851350,1211836,677.32,678.32,1355.64,679,678,0.00,0.00,0,0
1544345474,3006-eth3,1220103.88,1001476.56,2221580.50,1002478,1221324,733.27,730.27,1463.54,731,734,0.00,0.00,0,0
1544345474,2001-eth1,3916.08,3976.02,7892.11,3980,3920,39.96,40.96,80.92,41,40,0.00,0.00,0,0
1544345474,3005-eth2,1217552.50,1219332.75,2436885.25,1220552,1218770,804.20,831.17,1635.36,832,805,0.00,0.00,0,0
1544345474,2001-eth2,7832.17,7734.27,15566.43,7742,7840,79.92,78.92,158.84,79,80,0.00,0.00,0,0
1544345474,3007-eth2,633710.31,1219234.75,1852945.12,1220454,634344,659.34,675.32,1334.67,676,660,0.00,0.00,0,0
1544345474,1001-eth1,3976.02,3916.08,7892.11,3920,3980,40.96,39.96,80.92,40,41,0.00,0.00,0,0
1544345474,3007-eth4,312367.66,334263.75,646631.38,334598,312680,245.75,242.76,488.51,243,246,0.00,0.00,0,0
1544345474,2003-eth2,7776.22,7874.13,15650.35,7882,7784,79.92,80.92,160.84,81,80,0.00,0.00,0,0
1544345474,3007-eth3,909808.19,302645.38,1212453.62,302948,910718,430.57,421.58,852.15,422,431,0.00,0.00,0,0
1544345474,1002-eth1,7734.27,7832.17,15566.43,7840,7742,78.92,79.92,158.84,80,79,0.00,0.00,0,0
1544345474,2002-eth3,5670.33,333056.94,338727.28,333390,5676,85.91,114.89,200.80,115,86,0.00,0.00,0,0
1544345474,2007-eth2,0.00,0.00,0.00,0,0,0.00,0.00,0.00,0,0,0.00,0.00,0,0
1544345474,total,32659180.00,33291810.00,65950988.00,33325100,32691838,23405.60,23601.40,47006.99,23625,23429,0.00,0.00,0,0
1544345475,3003-eth3,824533.50,231050.95,1055584.50,231282,825358,350.65,344.66,695.30,345,351,0.00,0.00,0,0
1544345475,2002-eth1,1164943.12,27230.77,1192173.88,27258,1166108,401.60,412.59,814.19,413,402,0.00,0.00,0,0
1544345475,lo,7574.43,7574.43,15148.85,7582,7582,73.93,73.93,147.85,74,74,0.00,0.00,0,0
1544345475,3005-eth3,993572.44,1023228.81,2016801.25,1024252,994566,654.35,665.33,1319.68,666,655,0.00,0.00,0,0
1544345475,2005-eth3,41.96,59.94,101.90,60,42,1.00,1.00,2.00,1,1,0.00,0.00,0,0
1544345475,3004-eth4,1189246.75,435600.41,1624847.25,436036,1190436,265.73,309.69,575.42,310,266,0.00,0.00,0,0
1544345475,1004-eth2,25252.75,990293.75,1015546.50,991284,25278,382.62,341.66,724.28,342,383,0.00,0.00,0,0
1544345475,2004-eth4,6197.80,424853.16,431050.97,425278,6204,93.91,146.85,240.76,147,94,0.00,0.00,0,0
1544345475,1001-eth2,3916.08,3976.02,7892.11,3980,3920,39.96,40.96,80.92,41,40,0.00,0.00,0,0
1544345475,1003-eth3,190957.05,4543.46,195500.50,4548,191148,65.93,68.93,134.87,69,66,0.00,0.00,0,0
1544345475,2002-eth4,1187756.25,1191712.38,2379468.50,1192904,1188944,747.25,807.19,1554.45,808,748,0.00,0.00,0,0
1544345475,1001-eth4,0.00,0.00,0.00,0,0,0.00,0.00,0.00,0,0,0.00,0.00,0,0
1544345475,3001-eth2,269404.59,4417.58,273822.19,4422,269674,92.91,66.93,159.84,67,93,0.00,0.00,0,0
1544345475,1004-eth1,1169414.62,296173.84,1465588.50,296470,1170584,403.60,498.50,902.10,499,404,0.00,0.00,0,0
1544345475,3005-eth4,1198849.12,1189013.00,2387862.25,1190202,1200048,806.19,788.21,1594.41,789,807,0.00,0.00,0,0
1544345475,1003-eth2,824533.50,630715.31,1455248.75,631346,825358,350.65,460.54,811.19,461,351,0.00,0.00,0,0
1544345475,3008-eth1,0.00,0.00,0.00,0,0,0.00,0.00,0.00,0,0,0.00,0.00,0,0
1544345475,1002-eth3,7866.27,7726.55,15592.81,7742,7882,80.84,78.84,159.68,79,81,0.00,0.00,0,0
1544345475,2006-eth1,4538.92,190766.47,195305.39,191148,4548,68.86,65.87,134.73,66,69,0.00,0.00,0,0
1544345475,3003-eth1,7824.35,7884.23,15708.58,7900,7840,79.84,80.84,160.68,81,80,0.00,0.00,0,0
1544345475,2001-eth3,7884.23,7824.35,15708.58,7840,7900,80.84,79.84,160.68,80,81,0.00,0.00,0,0
1544345475,2008-eth2,25227.54,1197808.38,1223036.00,1200204,25278,382.24,413.17,795.41,414,383,0.00,0.00,0,0
1544345475,2008-eth3,1189634.75,701720.56,1891355.38,703124,1192014,691.62,691.62,1383.23,693,693,0.00,0.00,0,0
1544345475,1001-eth3,0.00,0.00,0.00,0,0,0.00,0.00,0.00,0,0,0.00,0.00,0,0
1544345475,2007-eth4,0.00,0.00,0.00,0,0,0.00,0.00,0.00,0,0,0.00,0.00,0,0
1544345475,2004-eth2,992261.50,25227.54,1017489.06,25278,994246,342.32,382.24,724.55,383,343,0.00,0.00,0,0
1544345475,3002-eth1,7926.15,7884.23,15810.38,7900,7942,81.84,80.84,162.67,81,82,0.00,0.00,0,0
1544345475,3004-eth1,7824.35,7786.43,15610.78,7802,7840,79.84,79.84,159.68,80,80,0.00,0.00,0,0
1544345475,2006-eth3,1197946.12,1193996.00,2391942.25,1196384,1200342,809.38,793.41,1602.79,795,811,0.00,0.00,0,0
1544345475,3004-eth2,424429.16,6191.62,430620.78,6204,425278,146.71,93.81,240.52,94,147,0.00,0.00,0,0
1544345475,3001-eth3,1194798.38,295021.97,1489820.38,295612,1197188,477.05,485.03,962.08,486,478,0.00,0.00,0,0
1544345475,2003-eth4,7786.43,7824.35,15610.78,7840,7802,79.84,79.84,159.68,80,80,0.00,0.00,0,0
1544345475,2008-eth4,1198998.00,41435.13,1240433.12,41518,1201396,453.09,489.02,942.12,490,454,0.00,0.00,0,0
1544345475,3008-eth3,1196016.00,823389.25,2019405.25,825036,1198408,802.40,822.36,1624.75,824,804,0.00,0.00,0,0
1544345475,2005-eth2,7726.55,7866.27,15592.81,7882,7742,78.84,80.84,159.68,81,79,0.00,0.00,0,0
1544345475,2006-eth4,21269.46,955277.50,976546.94,957188,21312,322.36,329.34,651.70,330,323,0.00,0.00,0,0
1544345475,3006-eth2,955277.50,21269.46,976546.94,21312,957188,329.34,322.36,651.70,323,330,0.00,0.00,0,0
1544345475,1003-eth4,767467.06,10802.40,778269.50,10824,769002,264.47,163.67,428.14,164,265,0.00,0.00,0,0
1544345475,2006-eth2,1168307.38,26874.25,1195181.62,26928,1170644,404.19,407.19,811.38,408,405,0.00,0.00,0,0
1544345475,3001-eth1,7824.35,7884.23,15708.58,7900,7840,79.84,80.84,160.68,81,80,0.00,0.00,0,0
1544345475,3008-eth2,41435.13,1198998.00,1240433.12,1201396,41518,489.02,453.09,942.12,454,490,0.00,0.00,0,0
1544345475,2004-eth3,845702.62,1199495.00,2045197.62,1201894,847394,639.72,657.68,1297.41,659,641,0.00,0.00,0,0
1544345475,3001-eth4,33710.58,1193710.62,1227421.25,1196098,33778,472.06,488.02,960.08,489,473,0.00,0.00,0,0
1544345475,1003-eth1,27203.59,1166736.50,1193940.12,1169070,27258,412.18,402.20,814.37,403,413,0.00,0.00,0,0
1544345475,3002-eth2,1193610.75,1189527.00,2383137.75,1191906,1195998,809.38,747.51,1556.89,749,811,0.00,0.00,0,0
1544345475,2005-eth4,7824.35,7726.55,15550.90,7742,7840,79.84,78.84,158.68,79,80,0.00,0.00,0,0
1544345475,3003-eth2,1199495.00,845702.62,2045197.62,847394,1201894,657.68,639.72,1297.41,641,659,0.00,0.00,0,0
1544345475,2007-eth1,0.00,0.00,0.00,0,0,0.00,0.00,0.00,0,0,0.00,0.00,0,0
1544345475,1002-eth4,0.00,0.00,0.00,0,0,0.00,0.00,0.00,0,0,0.00,0.00,0,0
1544345475,3002-eth4,14273.45,337592.81,351866.28,338268,14302,177.64,193.61,371.26,194,178,0.00,0.00,0,0
1544345475,2007-eth3,0.00,59.88,59.88,60,0,0.00,1.00,1.00,1,0,0.00,0.00,0,0
1544345475,3005-eth1,59.88,41.92,101.80,42,60,1.00,1.00,2.00,1,1,0.00,0.00,0,0
1544345475,2001-eth4,7884.23,7926.15,15810.38,7942,7900,80.84,81.84,162.67,82,81,0.00,0.00,0,0
1544345475,3003-eth4,26860.28,1090279.50,1117139.75,1092460,26914,368.26,453.09,821.36,454,369,0.00,0.00,0,0
1544345475,2004-eth1,631596.81,826666.69,1458263.50,828320,632860,461.08,351.30,812.38,352,462,0.00,0.00,0,0
1544345475,3006-eth4,33447.11,1199622.75,1233069.88,1202022,33514,468.06,490.02,958.08,491,469,0.00,0.00,0,0
1544345475,3007-eth1,59.88,0.00,59.88,0,60,1.00,0.00,1.00,0,1,0.00,0.00,0,0
1544345475,2008-eth1,10802.40,767467.06,778269.50,769002,10824,163.67,264.47,428.14,265,164,0.00,0.00,0,0
1544345475,2002-eth2,296010.00,1168247.50,1464257.50,1170584,296602,500.00,403.19,903.19,404,501,0.00,0.00,0,0
1544345475,2003-eth1,3972.06,3912.18,7884.23,3920,3980,40.92,39.92,80.84,40,41,0.00,0.00,0,0
1544345475,3008-eth4,1194894.25,335365.28,1530259.50,336036,1197284,564.87,548.90,1113.77,550,566,0.00,0.00,0,0
1544345475,1004-eth4,1197808.38,25227.54,1223036.00,25278,1200204,413.17,382.24,795.41,383,414,0.00,0.00,0,0
1544345475,3006-eth1,7726.55,7824.35,15550.90,7840,7742,78.84,79.84,158.68,80,79,0.00,0.00,0,0
1544345475,1004-eth3,26874.25,1168307.38,1195181.62,1170644,26928,407.19,404.19,811.38,405,408,0.00,0.00,0,0
1544345475,1002-eth2,7726.55,7884.23,15610.78,7900,7742,78.84,80.84,159.68,81,79,0.00,0.00,0,0
1544345475,3004-eth3,18463.07,1189692.62,1208155.75,1192072,18500,241.52,251.50,493.01,252,242,0.00,0.00,0,0
1544345475,2003-eth3,7884.23,7824.35,15708.58,7840,7900,80.84,79.84,160.68,80,81,0.00,0.00,0,0
1544345475,2005-eth1,0.00,0.00,0.00,0,0,0.00,0.00,0.00,0,0,0.00,0.00,0,0
1544345475,3002-eth3,1183197.62,786890.25,1970087.88,788464,1185564,651.70,646.71,1298.40,648,653,0.00,0.00,0,0
1544345475,3006-eth3,1193325.38,980900.25,2174225.50,982862,1195712,717.56,717.56,1435.13,719,719,0.00,0.00,0,0
1544345475,2001-eth1,3972.06,3912.18,7884.23,3920,3980,40.92,39.92,80.84,40,41,0.00,0.00,0,0
1544345475,3005-eth2,1193996.00,1197946.12,2391942.25,1200342,1196384,793.41,809.38,1602.79,811,795,0.00,0.00,0,0
1544345475,2001-eth2,7926.15,7824.35,15750.50,7840,7942,81.84,79.84,161.68,80,82,0.00,0.00,0,0
1544345475,3007-eth2,703231.56,1189634.75,1892866.38,1192014,704638,692.61,691.62,1384.23,693,694,0.00,0.00,0,0
1544345475,1001-eth1,3912.18,3972.06,7884.23,3980,3920,39.92,40.92,80.84,41,40,0.00,0.00,0,0
1544345475,3007-eth4,314010.00,404221.56,718231.56,405030,314638,281.44,278.44,559.88,279,282,0.00,0.00,0,0
1544345475,2003-eth2,7876.37,7718.84,15595.21,7742,7900,80.76,78.76,159.52,79,81,0.00,0.00,0,0
1544345475,3007-eth3,874871.38,295501.50,1170372.88,296388,877496,411.76,408.77,820.54,410,413,0.00,0.00,0,0
1544345475,1002-eth1,7816.55,7918.25,15734.80,7942,7840,79.76,81.75,161.52,82,80,0.00,0.00,0,0
1544345475,2002-eth3,4408.77,268867.41,273276.19,269674,4422,66.80,92.72,159.52,93,67,0.00,0.00,0,0
1544345475,2007-eth2,0.00,0.00,0.00,0,0,0.00,0.00,0.00,0,0,0.00,0.00,0,0
1544345475,total,31749066.00,32076170.00,63825236.00,32172398,31844314,22465.60,22641.08,45106.68,22709,22533,0.00,0.00,0,0
1544345476,3003-eth3,890183.69,230758.48,1120942.12,231220,891964,372.26,365.27,737.52,366,373,0.00,0.00,0,0
1544345476,2002-eth1,1197944.12,34497.01,1232441.12,34566,1200340,437.13,482.04,919.16,483,438,0.00,0.00,0,0
1544345476,lo,7361.28,7361.28,14722.56,7376,7376,71.86,71.86,143.71,72,72,0.00,0.00,0,0
1544345476,3005-eth3,1012552.94,1076075.88,2088628.75,1078228,1014578,671.66,692.61,1364.27,694,673,0.00,0.00,0,0
1544345476,2005-eth3,59.88,41.92,101.80,42,60,1.00,1.00,2.00,1,1,0.00,0.00,0,0
1544345476,3004-eth4,1203696.62,526936.12,1730632.75,527990,1206104,283.43,342.32,625.75,343,284,0.00,0.00,0,0
1544345476,1004-eth2,35299.40,970521.00,1005820.38,972462,35370,418.16,385.23,803.39,386,419,0.00,0.00,0,0
1544345476,2004-eth4,7634.73,516067.88,523702.59,517100,7650,115.77,177.64,293.41,178,116,0.00,0.00,0,0
1544345476,1001-eth2,3814.37,3814.37,7628.74,3822,3822,38.92,38.92,77.84,39,39,0.00,0.00,0,0
1544345476,1003-eth3,235167.67,4413.17,239580.84,4422,235638,81.84,66.87,148.70,67,82,0.00,0.00,0,0
1544345476,2002-eth4,1225806.38,1227117.75,2452924.25,1229572,1228258,801.40,879.24,1680.64,881,803,0.00,0.00,0,0
1544345476,1001-eth4,0.00,0.00,0.00,0,0,0.00,0.00,0.00,0,0,0.00,0.00,0,0
1544345476,3001-eth2,303223.56,4413.17,307636.75,4422,303830,105.79,66.87,172.65,67,106,0.00,0.00,0,0
1544345476,1004-eth1,1197808.38,332277.47,1530085.88,332942,1200204,413.17,545.91,959.08,547,414,0.00,0.00,0,0
1544345476,3005-eth4,1224395.25,1220978.12,2445373.25,1223420,1226844,816.37,808.38,1624.75,810,818,0.00,0.00,0,0
1544345476,1003-eth2,890189.62,772968.06,1663157.75,774514,891970,372.26,566.87,939.12,568,373,0.00,0.00,0,0
1544345476,3008-eth1,0.00,0.00,0.00,0,0,0.00,0.00,0.00,0,0,0.00,0.00,0,0
1544345476,1002-eth3,7628.74,7768.46,15397.21,7784,7644,77.84,79.84,157.68,80,78,0.00,0.00,0,0
1544345476,2006-eth1,4413.17,235167.67,239580.84,235638,4422,66.87,81.84,148.70,82,67,0.00,0.00,0,0
1544345476,3003-eth1,7688.62,7530.94,15219.56,7546,7704,78.84,76.85,155.69,77,79,0.00,0.00,0,0
1544345476,2001-eth3,7824.35,7726.55,15550.90,7742,7840,79.84,78.84,158.68,79,80,0.00,0.00,0,0
1544345476,2008-eth2,35359.28,1220012.00,1255371.25,1222452,35430,419.16,421.16,840.32,422,420,0.00,0.00,0,0
1544345476,2008-eth3,1222714.62,778530.94,2001245.62,780088,1225160,708.58,756.49,1465.07,758,710,0.00,0.00,0,0
1544345476,1001-eth3,0.00,0.00,0.00,0,0,0.00,0.00,0.00,0,0,0.00,0.00,0,0
1544345476,2007-eth4,0.00,0.00,0.00,0,0,0.00,0.00,0.00,0,0,0.00,0.00,0,0
1544345476,2004-eth2,967564.88,35299.40,1002864.31,35370,969500,384.23,418.16,802.40,419,385,0.00,0.00,0,0
1544345476,3002-eth1,7628.74,7670.66,15299.40,7686,7644,77.84,78.84,156.69,79,78,0.00,0.00,0,0
1544345476,3004-eth1,7628.74,7726.55,15355.29,7742,7644,77.84,78.84,156.69,79,78,0.00,0.00,0,0
1544345476,2006-eth3,1218966.12,1223826.38,2442792.50,1226274,1221404,843.31,807.39,1650.70,809,845,0.00,0.00,0,0
1544345476,3004-eth2,516067.88,7634.73,523702.59,7650,517100,177.64,115.77,293.41,116,178,0.00,0.00,0,0
1544345476,3001-eth3,1221469.12,329708.59,1551177.62,330368,1223912,487.03,506.99,994.01,508,488,0.00,0.00,0,0
1544345476,2003-eth4,7726.55,7628.74,15355.29,7644,7742,78.84,77.84,156.69,78,79,0.00,0.00,0,0
1544345476,2008-eth4,1228826.38,40694.61,1269521.00,40776,1231284,489.02,487.03,976.05,488,490,0.00,0.00,0,0
1544345476,3008-eth3,1229742.50,1001942.12,2231684.75,1003946,1232202,831.34,775.45,1606.79,777,833,0.00,0.00,0,0
1544345476,2005-eth2,7768.46,7628.74,15397.21,7644,7784,79.84,77.84,157.68,78,80,0.00,0.00,0,0
1544345476,2006-eth4,21604.79,983453.12,1005057.94,985420,21648,327.35,340.32,667.66,341,328,0.00,0.00,0,0
1544345476,3006-eth2,983453.12,21604.79,1005057.94,21648,985420,340.32,327.35,667.66,328,341,0.00,0.00,0,0
1544345476,1003-eth4,829806.44,14335.33,844141.75,14364,831466,311.38,176.65,488.02,177,312,0.00,0.00,0,0
1544345476,2006-eth2,1197808.38,28982.04,1226790.50,29040,1200204,413.17,439.12,852.30,440,414,0.00,0.00,0,0
1544345476,3001-eth1,7726.55,7824.35,15550.90,7840,7742,78.84,79.84,158.68,80,79,0.00,0.00,0,0
1544345476,3008-eth2,40694.61,1228826.38,1269521.00,1231284,40776,487.03,489.02,976.05,490,488,0.00,0.00,0,0
1544345476,2004-eth3,914952.12,1222828.38,2137780.50,1225274,916782,674.65,770.46,1445.11,772,676,0.00,0.00,0,0
1544345476,3001-eth4,34369.26,1221826.38,1256195.62,1224270,34438,482.04,498.00,980.04,499,483,0.00,0.00,0,0
1544345476,1003-eth1,34497.01,1194988.00,1229485.12,1197378,34566,482.04,436.13,918.16,437,483,0.00,0.00,0,0
1544345476,3002-eth2,1224030.00,1222850.38,2446880.25,1225296,1226478,876.25,800.40,1676.65,802,878,0.00,0.00,0,0
1544345476,2005-eth4,7688.62,7726.55,15415.17,7742,7704,78.84,78.84,157.68,79,79,0.00,0.00,0,0
1544345476,3003-eth2,1222828.38,914952.12,2137780.50,916782,1225274,770.46,674.65,1445.11,676,772,0.00,0.00,0,0
1544345476,2007-eth1,0.00,0.00,0.00,0,0,0.00,0.00,0.00,0,0,0.00,0.00,0,0
1544345476,1002-eth4,0.00,0.00,0.00,0,0,0.00,0.00,0.00,0,0,0.00,0.00,0,0
1544345476,3002-eth4,17051.90,253646.72,270698.62,254154,17086,184.63,192.61,377.25,193,185,0.00,0.00,0,0
1544345476,2007-eth3,0.00,0.00,0.00,0,0,0.00,0.00,0.00,0,0,0.00,0.00,0,0
1544345476,3005-eth1,41.92,59.88,101.80,60,42,1.00,1.00,2.00,1,1,0.00,0.00,0,0
1544345476,2001-eth4,7670.66,7628.74,15299.40,7644,7686,78.84,77.84,156.69,78,79,0.00,0.00,0,0
1544345476,3003-eth4,35221.56,671648.75,706870.25,672992,35292,380.24,395.21,775.45,396,381,0.00,0.00,0,0
1544345476,2004-eth1,771457.12,887233.56,1658690.62,889008,773000,565.87,371.26,937.13,372,567,0.00,0.00,0,0
1544345476,3006-eth4,33844.31,1220315.38,1254159.75,1222756,33912,475.05,497.01,972.06,498,476,0.00,0.00,0,0
1544345476,3007-eth1,0.00,0.00,0.00,0,0,0.00,0.00,0.00,0,0,0.00,0.00,0,0
1544345476,2008-eth1,14335.33,829806.44,844141.75,831466,14364,176.65,311.38,488.02,312,177,0.00,0.00,0,0
1544345476,2002-eth2,332145.72,1197808.38,1529954.12,1200204,332810,543.91,413.17,957.09,414,545,0.00,0.00,0,0
1544345476,2003-eth1,3814.37,3814.37,7628.74,3822,3822,38.92,38.92,77.84,39,39,0.00,0.00,0,0
1544345476,3008-eth4,1224125.75,473445.12,1697570.88,474392,1226574,601.80,582.83,1184.63,584,603,0.00,0.00,0,0
1544345476,1004-eth4,1220012.00,35359.28,1255371.25,35430,1222452,421.16,419.16,840.32,420,422,0.00,0.00,0,0
1544345476,3006-eth1,7726.55,7688.62,15415.17,7704,7742,78.84,78.84,157.68,79,79,0.00,0.00,0,0
1544345476,1004-eth3,28982.04,1197808.38,1226790.50,1200204,29040,439.12,413.17,852.30,414,440,0.00,0.00,0,0
1544345476,1002-eth2,7726.55,7726.55,15453.09,7742,7742,78.84,78.84,157.68,79,79,0.00,0.00,0,0
1544345476,3004-eth3,18594.81,1203816.38,1222411.25,1206224,18632,243.51,247.50,491.02,248,244,0.00,0.00,0,0
1544345476,2003-eth3,7530.94,7688.62,15219.56,7704,7546,76.85,78.84,155.69,79,77,0.00,0.00,0,0
1544345476,2005-eth1,0.00,0.00,0.00,0,0,0.00,0.00,0.00,0,0,0.00,0.00,0,0
1544345476,3002-eth3,1211051.88,874707.19,2085759.00,878206,1215896,693.23,688.25,1381.47,691,696,0.00,0.00,0,0
1544345476,3006-eth3,1219671.38,1007597.62,2227269.00,1011628,1224550,736.06,735.06,1471.12,738,739,0.00,0.00,0,0
1544345476,2001-eth1,3806.77,3806.77,7613.55,3822,3822,38.84,38.84,77.69,39,39,0.00,0.00,0,0
1544345476,3005-eth2,1221388.50,1216537.88,2437926.25,1221404,1226274,805.78,841.63,1647.41,845,809,0.00,0.00,0,0
1544345476,2001-eth2,7613.55,7752.99,15366.53,7784,7644,77.69,79.68,157.37,80,78,0.00,0.00,0,0
1544345476,3007-eth2,775472.12,1220278.88,1995751.00,1225160,778574,753.98,707.17,1461.16,710,757,0.00,0.00,0,0
1544345476,1001-eth1,3806.77,3806.77,7613.55,3822,3822,38.84,38.84,77.69,39,39,0.00,0.00,0,0
1544345476,3007-eth4,322964.16,279235.06,602199.25,280352,324256,215.14,235.06,450.20,236,216,0.00,0.00,0,0
1544345476,2003-eth2,7718.84,7718.84,15437.69,7742,7742,78.76,78.76,157.53,79,79,0.00,0.00,0,0
1544345476,3007-eth3,901256.25,498335.00,1399591.25,499830,903960,494.52,521.44,1015.95,523,496,0.00,0.00,0,0
1544345476,1002-eth1,7858.42,7816.55,15674.98,7840,7882,80.76,79.76,160.52,80,81,0.00,0.00,0,0
1544345476,2002-eth3,4408.77,302921.25,307330.00,303830,4422,66.80,105.68,172.48,106,67,0.00,0.00,0,0
1544345476,2007-eth2,0.00,0.00,0.00,0,0,0.00,0.00,0.00,0,0,0.00,0.00,0,0
1544345476,total,33048364.00,33337700.00,66386064.00,33437712,33147508,23730.81,23852.44,47583.25,23924,23802,0.00,0.00,0,0
1544345477,3003-eth3,1005279.44,236217.58,1241497.00,236690,1007290,408.18,404.19,812.38,405,409,0.00,0.00,0,0
1544345477,2002-eth1,1201026.00,45598.80,1246624.75,45690,1203428,440.12,642.71,1082.83,644,441,0.00,0.00,0,0
1544345477,lo,65518.96,65518.96,131037.93,65650,65650,287.43,287.43,574.85,288,288,0.00,0.00,0,0
1544345477,3005-eth3,944628.75,1098077.88,2042706.62,1100274,946518,649.70,675.65,1325.35,677,651,0.00,0.00,0,0
1544345477,2005-eth3,0.00,0.00,0.00,0,0,0.00,0.00,0.00,0,0,0.00,0.00,0,0
1544345477,3004-eth4,1201246.25,437553.34,1638799.62,438866,1204850,264.21,308.08,572.28,309,265,0.00,0.00,0,0
1544345477,1004-eth2,34576.27,884588.25,919164.50,887242,34680,395.81,431.70,827.52,433,397,0.00,0.00,0,0
1544345477,2004-eth4,6119.64,426959.12,433078.78,428240,6138,92.72,147.56,240.28,148,93,0.00,0.00,0,0
1544345477,1001-eth2,3908.28,3908.28,7816.55,3920,3920,39.88,39.88,79.76,40,40,0.00,0.00,0,0
1544345477,1003-eth3,305814.56,4079.76,309894.31,4092,306732,105.68,61.81,167.50,62,106,0.00,0.00,0,0
1544345477,2002-eth4,1220087.75,1221549.38,2441637.00,1225214,1223748,984.05,768.69,1752.74,771,987,0.00,0.00,0,0
1544345477,1001-eth4,59.82,0.00,59.82,0,60,1.00,0.00,1.00,0,1,0.00,0.00,0,0
1544345477,3001-eth2,292492.53,4402.79,296895.31,4416,293370,100.70,66.80,167.50,67,101,0.00,0.00,0,0
1544345477,1004-eth1,1193720.88,314333.00,1508053.88,315276,1197302,412.76,431.70,844.47,433,414,0.00,0.00,0,0
1544345477,3005-eth4,1220903.25,1222606.25,2443509.50,1226274,1224566,824.53,806.58,1631.11,809,827,0.00,0.00,0,0
1544345477,1003-eth2,1004271.19,763240.31,1767511.50,765530,1007284,407.78,714.86,1122.63,717,409,0.00,0.00,0,0
1544345477,3008-eth1,59.82,0.00,59.82,0,60,1.00,0.00,1.00,0,1,0.00,0.00,0,0
1544345477,1002-eth3,7876.37,7718.84,15595.21,7742,7900,80.76,78.76,159.52,79,81,0.00,0.00,0,0
1544345477,2006-eth1,4079.76,305814.56,309894.31,306732,4092,61.81,105.68,167.50,106,62,0.00,0.00,0,0
1544345477,3003-eth1,7718.84,7718.84,15437.69,7742,7742,78.76,78.76,157.53,79,79,0.00,0.00,0,0
1544345477,2001-eth3,7718.84,7816.55,15535.39,7840,7742,78.76,79.76,158.52,80,79,0.00,0.00,0,0
1544345477,2008-eth2,34516.45,1229180.50,1263696.88,1232868,34620,394.82,512.46,907.28,514,396,0.00,0.00,0,0
1544345477,2008-eth3,1218309.12,700139.56,1918448.62,702240,1221964,705.88,719.84,1425.72,722,708,0.00,0.00,0,0
1544345477,1001-eth3,59.82,0.00,59.82,0,60,1.00,0.00,1.00,0,1,0.00,0.00,0,0
1544345477,2007-eth4,0.00,59.82,59.82,60,0,0.00,1.00,1.00,1,0,0.00,0.00,0,0
1544345477,2004-eth2,884588.25,34576.27,919164.50,34680,887242,431.70,395.81,827.52,397,433,0.00,0.00,0,0
1544345477,3002-eth1,7816.55,7816.55,15633.10,7840,7840,79.76,79.76,159.52,80,80,0.00,0.00,0,0
1544345477,3004-eth1,7816.55,7816.55,15633.10,7840,7840,79.76,79.76,159.52,80,80,0.00,0.00,0,0
1544345477,2006-eth3,1223585.25,1218008.00,2441593.25,1221662,1227256,777.67,780.66,1558.33,783,780,0.00,0.00,0,0
1544345477,3004-eth2,426959.12,6119.64,433078.78,6138,428240,147.56,92.72,240.28,93,148,0.00,0.00,0,0
1544345477,3001-eth3,1221563.38,319010.97,1540574.25,319968,1225228,484.55,502.49,987.04,504,486,0.00,0.00,0,0
1544345477,2003-eth4,7816.55,7816.55,15633.10,7840,7840,79.76,79.76,159.52,80,80,0.00,0.00,0,0
1544345477,2008-eth4,1222610.12,27674.97,1250285.12,27758,1226278,500.50,409.77,910.27,411,502,0.00,0.00,0,0
1544345477,3008-eth3,1229102.75,902458.62,2131561.25,905166,1232790,839.48,692.92,1532.40,695,842,0.00,0.00,0,0
1544345477,2005-eth2,7718.84,7876.37,15595.21,7900,7742,78.76,80.76,159.52,81,79,0.00,0.00,0,0
1544345477,2006-eth4,20201.40,985365.94,1005567.31,988322,20262,306.08,339.98,646.06,341,307,0.00,0.00,0,0
1544345477,3006-eth2,985365.94,20201.40,1005567.31,20262,988322,339.98,306.08,646.06,307,341,0.00,0.00,0,0
1544345477,1003-eth4,626596.19,15026.92,641623.12,15072,628476,241.28,179.46,420.74,180,242,0.00,0.00,0,0
1544345477,2006-eth2,1193661.00,21840.48,1215501.50,21906,1197242,411.76,331.01,742.77,332,413,0.00,0.00,0,0
1544345477,3001-eth1,7816.55,7718.84,15535.39,7742,7840,79.76,78.76,158.52,79,80,0.00,0.00,0,0
1544345477,3008-eth2,27674.97,1222610.12,1250285.12,1226278,27758,409.77,500.50,910.27,502,411,0.00,0.00,0,0
1544345477,2004-eth3,1032580.25,1220869.38,2253449.75,1224532,1035678,708.87,999.00,1707.88,1002,711,0.00,0.00,0,0
1544345477,3001-eth4,34237.29,1219196.38,1253433.75,1222854,34340,480.56,497.51,978.07,499,482,0.00,0.00,0,0
1544345477,1003-eth1,45553.34,1199828.50,1245381.88,1203428,45690,642.07,439.68,1081.75,441,644,0.00,0.00,0,0
1544345477,3002-eth2,1221549.38,1220087.75,2441637.00,1223748,1225214,768.69,984.05,1752.74,987,771,0.00,0.00,0,0
1544345477,2005-eth4,7816.55,7718.84,15535.39,7742,7840,79.76,78.76,158.52,79,80,0.00,0.00,0,0
1544345477,3003-eth2,1220869.38,1032580.25,2253449.75,1035678,1224532,999.00,708.87,1707.88,711,1002,0.00,0.00,0,0
1544345477,2007-eth1,0.00,59.82,59.82,60,0,0.00,1.00,1.00,1,0,0.00,0.00,0,0
1544345477,1002-eth4,59.82,0.00,59.82,0,60,1.00,0.00,1.00,0,1,0.00,0.00,0,0
1544345477,3002-eth4,18219.34,276556.34,294775.69,277386,18274,190.43,192.42,382.85,193,191,0.00,0.00,0,0
1544345477,2007-eth3,0.00,0.00,0.00,0,0,0.00,0.00,0.00,0,0,0.00,0.00,0,0
1544345477,3005-eth1,0.00,0.00,0.00,0,0,0.00,0.00,0.00,0,0,0.00,0.00,0,0
1544345477,2001-eth4,7816.55,7816.55,15633.10,7840,7840,79.76,79.76,159.52,80,80,0.00,0.00,0,0
1544345477,3003-eth4,36115.65,628321.06,664436.69,630206,36224,380.86,381.85,762.71,383,382,0.00,0.00,0,0
1544345477,2004-eth1,763240.31,1004271.19,1767511.50,1007284,765530,714.86,407.78,1122.63,409,717,0.00,0.00,0,0
1544345477,3006-eth4,33874.38,1222051.88,1255926.25,1225718,33976,474.58,497.51,972.08,499,476,0.00,0.00,0,0
1544345477,3007-eth1,0.00,0.00,0.00,0,0,0.00,0.00,0.00,0,0,0.00,0.00,0,0
1544345477,2008-eth1,15026.92,626596.19,641623.12,628476,15072,179.46,241.28,420.74,242,180,0.00,0.00,0,0
1544345477,2002-eth2,314333.00,1193720.88,1508053.88,1197302,315276,431.70,412.76,844.47,414,433,0.00,0.00,0,0
1544345477,2003-eth1,3908.28,3908.28,7816.55,3920,3920,39.88,39.88,79.76,40,40,0.00,0.00,0,0
1544345477,3008-eth4,1216684.00,292963.12,1509647.12,293842,1220334,545.36,523.43,1068.79,525,547,0.00,0.00,0,0
1544345477,1004-eth4,1229180.50,34516.45,1263696.88,34620,1232868,512.46,394.82,907.28,396,514,0.00,0.00,0,0
1544345477,3006-eth1,7718.84,7816.55,15535.39,7840,7742,78.76,79.76,158.52,80,79,0.00,0.00,0,0
1544345477,1004-eth3,21840.48,1193661.00,1215501.50,1197242,21906,331.01,411.76,742.77,413,332,0.00,0.00,0,0
1544345477,1002-eth2,7778.66,7718.84,15497.51,7742,7802,79.76,78.76,158.52,79,80,0.00,0.00,0,0
1544345477,3004-eth3,18410.77,1202877.38,1221288.12,1206486,18466,240.28,250.25,490.53,251,241,0.00,0.00,0,0
1544345477,2003-eth3,7726.55,7726.55,15453.09,7742,7742,78.84,78.84,157.68,79,79,0.00,0.00,0,0
1544345477,2005-eth1,0.00,59.88,59.88,60,0,0.00,1.00,1.00,1,0,0.00,0.00,0,0
1544345477,3002-eth3,1212042.00,1224653.38,2436695.25,1225878,1213254,874.13,802.20,1676.32,803,875,0.00,0.00,0,0
1544345477,3006-eth3,1220433.62,1013444.56,2233878.25,1014458,1221654,738.26,736.26,1474.53,737,739,0.00,0.00,0,0
1544345477,2001-eth1,3916.08,3916.08,7832.17,3920,3920,39.96,39.96,79.92,40,40,0.00,0.00,0,0
1544345477,3005-eth2,1220441.62,1226030.00,2446471.50,1227256,1221662,782.22,779.22,1561.44,780,783,0.00,0.00,0,0
1544345477,2001-eth2,7832.17,7794.21,15626.37,7802,7840,79.92,79.92,159.84,80,80,0.00,0.00,0,0
1544345477,3007-eth2,701538.50,1220743.25,1922281.75,1221964,702240,721.28,707.29,1428.57,708,722,0.00,0.00,0,0
1544345477,1001-eth1,3916.08,3916.08,7832.17,3920,3920,39.96,39.96,79.92,40,40,0.00,0.00,0,0
1544345477,3007-eth4,329023.00,380263.75,709286.75,380644,329352,271.73,277.72,549.45,278,272,0.00,0.00,0,0
1544345477,2003-eth2,7734.27,7794.21,15528.47,7802,7742,78.92,79.92,158.84,80,79,0.00,0.00,0,0
1544345477,3007-eth3,888667.38,319668.34,1208335.75,319988,889556,433.57,441.56,875.12,442,434,0.00,0.00,0,0
1544345477,1002-eth1,7696.30,7636.36,15332.67,7644,7704,78.92,77.92,156.84,78,79,0.00,0.00,0,0
1544345477,2002-eth3,4411.59,293076.94,297488.53,293370,4416,66.93,100.90,167.83,101,67,0.00,0.00,0,0
1544345477,2007-eth2,0.00,59.94,59.94,60,0,0.00,1.00,1.00,1,0,0.00,0.00,0,0
1544345477,total,33004494.00,33172254.00,66176748.00,33205426,33037498,24387.61,24276.72,48664.34,24301,24412,0.00,0.00,0,0
1544345478,3003-eth3,980881.12,308431.56,1289312.75,308740,981862,418.58,421.58,840.16,422,419,0.00,0.00,0,0
1544345478,2002-eth1,1201968.12,33860.14,1235828.25,33894,1203170,436.56,468.53,905.09,469,437,0.00,0.00,0,0
1544345478,lo,6905.10,6905.10,13810.19,6912,6912,66.93,66.93,133.87,67,67,0.00,0.00,0,0
1544345478,3005-eth3,950495.50,1069716.38,2020211.88,1070786,951446,637.36,668.33,1305.69,669,638,0.00,0.00,0,0
1544345478,2005-eth3,0.00,0.00,0.00,0,0,0.00,0.00,0.00,0,0,0.00,0.00,0,0
1544345478,3004-eth4,1211466.62,471042.97,1682509.50,471514,1212678,273.73,320.68,594.41,321,274,0.00,0.00,0,0
1544345478,1004-eth2,43470.53,828547.50,872018.00,829376,43514,492.51,367.63,860.14,368,493,0.00,0.00,0,0
1544345478,2004-eth4,6659.34,460421.59,467080.94,460882,6666,100.90,159.84,260.74,160,101,0.00,0.00,0,0
1544345478,1001-eth2,3920.08,3860.14,7780.22,3864,3924,40.96,39.96,80.92,40,41,0.00,0.00,0,0
1544345478,1003-eth3,269404.59,5340.66,274745.25,5346,269674,92.91,80.92,173.83,81,93,0.00,0.00,0,0
1544345478,2002-eth4,1226439.62,1223067.00,2449506.50,1224290,1227666,828.17,756.24,1584.42,757,829,0.00,0.00,0,0
1544345478,1001-eth4,0.00,59.94,59.94,60,0,0.00,1.00,1.00,1,0,0.00,0.00,0,0
1544345478,3001-eth2,312343.66,4351.65,316695.31,4356,312656,107.89,65.93,173.83,66,108,0.00,0.00,0,0
1544345478,1004-eth1,1196046.00,333442.56,1529488.50,333776,1197242,412.59,427.57,840.16,428,413,0.00,0.00,0,0
1544345478,3005-eth4,1225102.88,1222221.75,2447324.75,1223444,1226328,743.26,809.19,1552.45,810,744,0.00,0.00,0,0
1544345478,1003-eth2,980839.19,746455.56,1727294.75,747202,981820,417.58,548.45,966.03,549,418,0.00,0.00,0,0
1544345478,3008-eth1,0.00,59.94,59.94,60,0,0.00,1.00,1.00,1,0,0.00,0.00,0,0
1544345478,1002-eth3,7734.27,7892.11,15626.37,7900,7742,78.92,80.92,159.84,81,79,0.00,0.00,0,0
1544345478,2006-eth1,5340.66,269404.59,274745.25,269674,5346,80.92,92.91,173.83,93,81,0.00,0.00,0,0
1544345478,3003-eth1,7678.32,7776.22,15454.55,7784,7686,78.92,79.92,158.84,80,79,0.00,0.00,0,0
1544345478,2001-eth3,7832.17,7892.11,15724.28,7900,7840,79.92,80.92,160.84,81,80,0.00,0.00,0,0
1544345478,2008-eth2,43470.53,1229862.12,1273332.75,1231092,43514,492.51,552.45,1044.96,553,493,0.00,0.00,0,0
1544345478,2008-eth3,1228117.88,647236.75,1875354.75,647884,1229346,757.24,763.24,1520.48,764,758,0.00,0.00,0,0
1544345478,1001-eth3,0.00,59.94,59.94,60,0,0.00,1.00,1.00,1,0,0.00,0.00,0,0
1544345478,2007-eth4,59.94,0.00,59.94,0,60,1.00,0.00,1.00,0,1,0.00,0.00,0,0
1544345478,2004-eth2,828547.50,43470.53,872018.00,43514,829376,367.63,492.51,860.14,493,368,0.00,0.00,0,0
1544345478,3002-eth1,7776.22,7776.22,15552.45,7784,7784,79.92,79.92,159.84,80,80,0.00,0.00,0,0
1544345478,3004-eth1,7892.11,7832.17,15724.28,7840,7900,80.92,79.92,160.84,80,81,0.00,0.00,0,0
1544345478,2006-eth3,1225098.88,1221364.62,2446463.50,1222586,1226324,721.28,796.20,1517.48,797,722,0.00,0.00,0,0
1544345478,3004-eth2,460421.59,6659.34,467080.94,6666,460882,159.84,100.90,260.74,101,160,0.00,0.00,0,0
1544345478,3001-eth3,1221302.75,338849.16,1560151.88,339188,1222524,488.51,509.49,998.00,510,489,0.00,0.00,0,0
1544345478,2003-eth4,7832.17,7892.11,15724.28,7900,7840,79.92,80.92,160.84,81,80,0.00,0.00,0,0
1544345478,2008-eth4,1231306.75,24857.14,1256163.88,24882,1232538,508.49,376.62,885.11,377,509,0.00,0.00,0,0
1544345478,3008-eth3,1082103.88,1004683.38,2086787.25,1005688,1083186,812.19,647.35,1459.54,648,813,0.00,0.00,0,0
1544345478,2005-eth2,7892.11,7734.27,15626.37,7742,7900,80.92,78.92,159.84,79,81,0.00,0.00,0,0
1544345478,2006-eth4,20043.96,922169.88,942213.81,923092,20064,303.70,317.68,621.38,318,304,0.00,0.00,0,0
1544345478,3006-eth2,922169.88,20043.96,942213.81,20064,923092,317.68,303.70,621.38,304,318,0.00,0.00,0,0
1544345478,1003-eth4,683872.12,14211.79,698083.94,14226,684556,257.74,170.83,428.57,171,258,0.00,0.00,0,0
1544345478,2006-eth2,1196046.00,21098.90,1217144.88,21120,1197242,412.59,319.68,732.27,320,413,0.00,0.00,0,0
1544345478,3001-eth1,7892.11,7832.17,15724.28,7840,7900,80.92,79.92,160.84,80,81,0.00,0.00,0,0
1544345478,3008-eth2,24857.14,1231306.75,1256163.88,1232538,24882,376.62,508.49,885.11,509,377,0.00,0.00,0,0
1544345478,2004-eth3,1017744.31,1117666.38,2135410.75,1118784,1018762,810.19,759.24,1569.43,760,811,0.00,0.00,0,0
1544345478,3001-eth4,34397.60,1224591.50,1258989.00,1225816,34432,482.52,499.50,982.02,500,483,0.00,0.00,0,0
1544345478,1003-eth1,33860.14,1201968.12,1235828.25,1203170,33894,468.53,436.56,905.09,437,469,0.00,0.00,0,0
1544345478,3002-eth2,1223067.00,1226439.62,2449506.50,1227666,1224290,756.24,828.17,1584.42,829,757,0.00,0.00,0,0
1544345478,2005-eth4,7734.27,7892.11,15626.37,7900,7742,78.92,80.92,159.84,81,79,0.00,0.00,0,0
1544345478,3003-eth2,1117666.38,1017744.31,2135410.75,1018762,1118784,759.24,810.19,1569.43,811,760,0.00,0.00,0,0
1544345478,2007-eth1,59.94,0.00,59.94,0,60,1.00,0.00,1.00,0,1,0.00,0.00,0,0
1544345478,1002-eth4,0.00,59.94,59.94,60,0,0.00,1.00,1.00,1,0,0.00,0.00,0,0
1544345478,3002-eth4,17688.31,227762.25,245450.56,227990,17706,184.82,190.81,375.62,191,185,0.00,0.00,0,0
1544345478,2007-eth3,59.94,0.00,59.94,0,60,1.00,0.00,1.00,0,1,0.00,0.00,0,0
1544345478,3005-eth1,0.00,0.00,0.00,0,0,0.00,0.00,0.00,0,0,0.00,0.00,0,0
1544345478,2001-eth4,7776.22,7776.22,15552.45,7784,7784,79.92,79.92,159.84,80,80,0.00,0.00,0,0
1544345478,3003-eth4,44639.36,900331.69,944971.06,901232,44684,471.53,475.52,947.05,476,472,0.00,0.00,0,0
1544345478,2004-eth1,746455.56,980839.19,1727294.75,981820,747202,548.45,417.58,966.03,418,549,0.00,0.00,0,0
1544345478,3006-eth4,34035.96,1224591.50,1258627.38,1225816,34070,477.52,499.50,977.02,500,478,0.00,0.00,0,0
1544345478,3007-eth1,0.00,59.94,59.94,60,0,0.00,1.00,1.00,1,0,0.00,0.00,0,0
1544345478,2008-eth1,14211.79,683872.12,698083.94,684556,14226,170.83,257.74,428.57,258,171,0.00,0.00,0,0
1544345478,2002-eth2,333442.56,1196046.00,1529488.50,1197242,333776,427.57,412.59,840.16,413,428,0.00,0.00,0,0
1544345478,2003-eth1,3860.14,3920.08,7780.22,3924,3864,39.96,40.96,80.92,41,40,0.00,0.00,0,0
1544345478,3008-eth4,1224141.88,320443.56,1544585.50,320764,1225366,553.45,537.46,1090.91,538,554,0.00,0.00,0,0
1544345478,1004-eth4,1229862.12,43470.53,1273332.75,43514,1231092,552.45,492.51,1044.96,493,553,0.00,0.00,0,0
1544345478,3006-eth1,7892.11,7734.27,15626.37,7742,7900,80.92,78.92,159.84,79,81,0.00,0.00,0,0
1544345478,1004-eth3,21098.90,1196046.00,1217144.88,1197242,21120,319.68,412.59,732.27,413,320,0.00,0.00,0,0
1544345478,1002-eth2,7832.17,7734.27,15566.43,7742,7840,79.92,78.92,158.84,79,80,0.00,0.00,0,0
1544345478,3004-eth3,18573.43,1212579.50,1231152.88,1213792,18592,242.76,251.75,494.51,252,243,0.00,0.00,0,0
1544345478,2003-eth3,7776.22,7678.32,15454.55,7686,7784,79.92,78.92,158.84,79,80,0.00,0.00,0,0
1544345478,2005-eth1,59.94,0.00,59.94,0,60,1.00,0.00,1.00,0,1,0.00,0.00,0,0
1544345478,3002-eth3,1213568.50,1186689.38,2400257.75,1187876,1214782,722.28,797.20,1519.48,798,723,0.00,0.00,0,0
1544345478,3006-eth3,1221876.12,948411.62,2170287.75,949360,1223098,716.28,715.28,1431.57,716,717,0.00,0.00,0,0
1544345478,2001-eth1,3860.14,3920.08,7780.22,3924,3864,39.96,40.96,80.92,41,40,0.00,0.00,0,0
1544345478,3005-eth2,1221364.62,1225098.88,2446463.50,1226324,1222586,796.20,721.28,1517.48,722,797,0.00,0.00,0,0
1544345478,2001-eth2,7832.17,7832.17,15664.34,7840,7840,79.92,79.92,159.84,80,80,0.00,0.00,0,0
1544345478,3007-eth2,647236.75,1228117.88,1875354.75,1229346,647884,763.24,757.24,1520.48,758,764,0.00,0.00,0,0
1544345478,1001-eth1,3920.08,3860.14,7780.22,3864,3924,40.96,39.96,80.92,40,41,0.00,0.00,0,0
1544345478,3007-eth4,222089.92,394147.88,616237.75,394542,222312,263.74,272.73,536.46,273,264,0.00,0.00,0,0
1544345478,2003-eth2,7734.27,7832.17,15566.43,7840,7742,78.92,79.92,158.84,80,79,0.00,0.00,0,0
1544345478,3007-eth3,1005968.06,253088.92,1259057.00,253342,1006974,492.51,490.51,983.02,491,493,0.00,0.00,0,0
1544345478,1002-eth1,7832.17,7832.17,15664.34,7840,7840,79.92,79.92,159.84,80,80,0.00,0.00,0,0
1544345478,2002-eth3,4351.65,312343.66,316695.31,312656,4356,65.93,107.89,173.83,108,66,0.00,0.00,0,0
1544345478,2007-eth2,59.94,0.00,59.94,0,60,1.00,0.00,1.00,0,1,0.00,0.00,0,0
1544345478,total,32572862.00,33172112.00,65744976.00,33205284,32605434,23577.42,23703.30,47280.72,23727,23601,0.00,0.00,0,0
1544345479,3003-eth3,998659.38,325092.91,1323752.25,325418,999658,424.58,432.57,857.14,433,425,0.00,0.00,0,0
1544345479,2002-eth1,1197892.12,33958.04,1231850.12,33992,1199090,440.56,469.53,910.09,470,441,0.00,0.00,0,0
1544345479,lo,7368.63,7368.63,14737.26,7376,7376,71.93,71.93,143.86,72,72,0.00,0.00,0,0
1544345479,3005-eth3,935508.50,1088719.25,2024227.88,1089808,936444,629.37,671.33,1300.70,672,630,0.00,0.00,0,0
1544345479,2005-eth3,0.00,59.94,59.94,60,0,0.00,1.00,1.00,1,0,0.00,0.00,0,0
1544345479,3004-eth4,1204945.12,477488.53,1682433.62,477966,1206150,280.72,330.67,611.39,331,281,0.00,0.00,0,0
1544345479,1004-eth2,52731.27,923644.38,976375.62,924568,52784,591.41,471.53,1062.94,472,592,0.00,0.00,0,0
1544345479,2004-eth4,7562.44,466675.34,474237.78,467142,7570,110.89,166.83,277.72,167,111,0.00,0.00,0,0
1544345479,1001-eth2,3916.08,3976.02,7892.11,3980,3920,39.96,40.96,80.92,41,40,0.00,0.00,0,0
1544345479,1003-eth3,287158.84,5466.53,292625.38,5472,287446,98.90,82.92,181.82,83,99,0.00,0.00,0,0
1544345479,2002-eth4,1220343.75,1222749.25,2443093.00,1223972,1221564,825.17,817.18,1642.36,818,826,0.00,0.00,0,0
1544345479,1001-eth4,0.00,0.00,0.00,0,0,0.00,0.00,0.00,0,0,0.00,0.00,0,0
1544345479,3001-eth2,217720.28,3478.52,221198.81,3482,217938,76.92,50.95,127.87,51,77,0.00,0.00,0,0
1544345479,1004-eth1,1199005.00,242577.42,1441582.50,242820,1200204,413.59,453.55,867.13,454,414,0.00,0.00,0,0
1544345479,3005-eth4,1223252.75,1222287.75,2445540.50,1223510,1224476,693.31,810.19,1503.50,811,694,0.00,0.00,0,0
1544345479,1003-eth2,998659.38,777694.31,1776353.75,778472,999658,424.58,583.42,1007.99,584,425,0.00,0.00,0,0
1544345479,3008-eth1,0.00,0.00,0.00,0,0,0.00,0.00,0.00,0,0,0.00,0.00,0,0
1544345479,1002-eth3,7832.17,7832.17,15664.34,7840,7840,79.92,79.92,159.84,80,80,0.00,0.00,0,0
1544345479,2006-eth1,5466.53,287158.84,292625.38,287446,5472,82.92,98.90,181.82,99,83,0.00,0.00,0,0
1544345479,3003-eth1,7832.17,7892.11,15724.28,7900,7840,79.92,80.92,160.84,81,80,0.00,0.00,0,0
1544345479,2001-eth3,7892.11,7832.17,15724.28,7840,7900,80.92,79.92,160.84,80,81,0.00,0.00,0,0
1544345479,2008-eth2,52731.27,1230127.88,1282859.12,1231358,52784,591.41,534.47,1125.87,535,592,0.00,0.00,0,0
1544345479,2008-eth3,1232417.62,687686.31,1920104.00,688374,1233650,832.17,857.14,1689.31,858,833,0.00,0.00,0,0
1544345479,1001-eth3,0.00,0.00,0.00,0,0,0.00,0.00,0.00,0,0,0.00,0.00,0,0
1544345479,2007-eth4,0.00,0.00,0.00,0,0,0.00,0.00,0.00,0,0,0.00,0.00,0,0
1544345479,2004-eth2,923644.38,52731.27,976375.62,52784,924568,471.53,591.41,1062.94,592,472,0.00,0.00,0,0
1544345479,3002-eth1,7832.17,7892.11,15724.28,7900,7840,79.92,80.92,160.84,81,80,0.00,0.00,0,0
1544345479,3004-eth1,7832.17,7892.11,15724.28,7900,7840,79.92,80.92,160.84,81,80,0.00,0.00,0,0
1544345479,2006-eth3,1215372.62,1224515.50,2439888.25,1225740,1216588,749.25,800.20,1549.45,801,750,0.00,0.00,0,0
1544345479,3004-eth2,466675.34,7562.44,474237.78,7570,467142,166.83,110.89,277.72,111,167,0.00,0.00,0,0
1544345479,3001-eth3,1221624.38,244225.78,1465850.25,244470,1222846,470.53,478.52,949.05,479,471,0.00,0.00,0,0
1544345479,2003-eth4,7892.11,7832.17,15724.28,7840,7900,80.92,79.92,160.84,80,81,0.00,0.00,0,0
1544345479,2008-eth4,1221172.88,23166.83,1244339.75,23190,1222394,464.54,345.65,810.19,346,465,0.00,0.00,0,0
1544345479,3008-eth3,924793.25,778151.88,1702945.12,778930,925718,602.40,568.43,1170.83,569,603,0.00,0.00,0,0
1544345479,2005-eth2,7832.17,7832.17,15664.34,7840,7840,79.92,79.92,159.84,80,80,0.00,0.00,0,0
1544345479,2006-eth4,20103.90,935518.50,955622.38,936454,20124,304.70,322.68,627.37,323,305,0.00,0.00,0,0
1544345479,3006-eth2,935518.50,20103.90,955622.38,20124,936454,322.68,304.70,627.37,305,323,0.00,0.00,0,0
1544345479,1003-eth4,674273.75,13056.94,687330.69,13070,674948,265.73,152.85,418.58,153,266,0.00,0.00,0,0
1544345479,2006-eth2,1199065.00,24857.14,1223922.12,24882,1200264,414.59,376.62,791.21,377,415,0.00,0.00,0,0
1544345479,3001-eth1,7832.17,7892.11,15724.28,7900,7840,79.92,80.92,160.84,81,80,0.00,0.00,0,0
1544345479,3008-eth2,23166.83,1221172.88,1244339.75,1222394,23190,345.65,464.54,810.19,465,346,0.00,0.00,0,0
1544345479,2004-eth3,1043828.19,1231638.38,2275466.50,1232870,1044872,905.09,886.11,1791.21,887,906,0.00,0.00,0,0
1544345479,3001-eth4,34337.66,1218673.38,1253011.00,1219892,34372,481.52,497.50,979.02,498,482,0.00,0.00,0,0
1544345479,1003-eth1,33958.04,1197892.12,1231850.12,1199090,33992,469.53,440.56,910.09,441,470,0.00,0.00,0,0
1544345479,3002-eth2,1222749.25,1220343.75,2443093.00,1221564,1223972,817.18,825.17,1642.36,826,818,0.00,0.00,0,0
1544345479,2005-eth4,7832.17,7832.17,15664.34,7840,7840,79.92,79.92,159.84,80,80,0.00,0.00,0,0
1544345479,3003-eth2,1231638.38,1043828.19,2275466.50,1044872,1232870,886.11,905.09,1791.21,906,887,0.00,0.00,0,0
1544345479,2007-eth1,0.00,0.00,0.00,0,0,0.00,0.00,0.00,0,0,0.00,0.00,0,0
1544345479,1002-eth4,0.00,0.00,0.00,0,0,0.00,0.00,0.00,0,0,0.00,0.00,0,0
1544345479,3002-eth4,17470.53,261130.88,278601.41,261392,17488,182.82,191.81,374.63,192,183,0.00,0.00,0,0
1544345479,2007-eth3,0.00,59.94,59.94,60,0,0.00,1.00,1.00,1,0,0.00,0.00,0,0
1544345479,3005-eth1,59.94,0.00,59.94,0,60,1.00,0.00,1.00,0,1,0.00,0.00,0,0
1544345479,2001-eth4,7892.11,7832.17,15724.28,7840,7900,80.92,79.92,160.84,80,81,0.00,0.00,0,0
1544345479,3003-eth4,53001.00,980861.19,1033862.19,981842,53054,560.44,576.42,1136.86,577,561,0.00,0.00,0,0
1544345479,2004-eth1,777694.31,998659.38,1776353.75,999658,778472,583.42,424.58,1007.99,425,584,0.00,0.00,0,0
1544345479,3006-eth4,34073.93,1220185.88,1254259.75,1221406,34108,477.52,498.50,976.02,499,478,0.00,0.00,0,0
1544345479,3007-eth1,59.94,0.00,59.94,0,60,1.00,0.00,1.00,0,1,0.00,0.00,0,0
1544345479,2008-eth1,13056.94,674273.75,687330.69,674948,13070,152.85,265.73,418.58,266,153,0.00,0.00,0,0
1544345479,2002-eth2,242577.42,1199005.00,1441582.50,1200204,242820,453.55,413.59,867.13,414,454,0.00,0.00,0,0
1544345479,2003-eth1,3976.02,3916.08,7892.11,3920,3980,40.96,39.96,80.92,40,41,0.00,0.00,0,0
1544345479,3008-eth4,1219998.00,345134.88,1565132.88,345480,1221218,512.49,515.48,1027.97,516,513,0.00,0.00,0,0
1544345479,1004-eth4,1230127.88,52731.27,1282859.12,52784,1231358,534.47,591.41,1125.87,592,535,0.00,0.00,0,0
1544345479,3006-eth1,7832.17,7832.17,15664.34,7840,7840,79.92,79.92,159.84,80,80,0.00,0.00,0,0
1544345479,1004-eth3,24857.14,1199065.00,1223922.12,1200264,24882,376.62,414.59,791.21,415,377,0.00,0.00,0,0
1544345479,1002-eth2,7832.17,7892.11,15724.28,7900,7840,79.92,80.92,160.84,81,80,0.00,0.00,0,0
1544345479,3004-eth3,18645.36,1205214.88,1223860.12,1206420,18664,243.76,249.75,493.51,250,244,0.00,0.00,0,0
1544345479,2003-eth3,7892.11,7832.17,15724.28,7840,7900,80.92,79.92,160.84,80,81,0.00,0.00,0,0
1544345479,2005-eth1,0.00,0.00,0.00,0,0,0.00,0.00,0.00,0,0,0.00,0.00,0,0
1544345479,3002-eth3,1213784.25,982143.88,2195928.25,983126,1214998,725.27,722.28,1447.55,723,726,0.00,0.00,0,0
1544345479,3006-eth3,1222002.00,961760.25,2183762.25,962722,1223224,718.28,720.28,1438.56,721,719,0.00,0.00,0,0
1544345479,2001-eth1,3976.02,3916.08,7892.11,3920,3980,40.96,39.96,80.92,40,41,0.00,0.00,0,0
1544345479,3005-eth2,1224515.50,1215372.62,2439888.25,1216588,1225740,800.20,749.25,1549.45,750,801,0.00,0.00,0,0
1544345479,2001-eth2,7892.11,7832.17,15724.28,7840,7900,80.92,79.92,160.84,80,81,0.00,0.00,0,0
1544345479,3007-eth2,687686.31,1232417.62,1920104.00,1233650,688374,857.14,832.17,1689.31,833,858,0.00,0.00,0,0
1544345479,1001-eth1,3916.08,3976.02,7892.11,3980,3920,39.96,40.96,80.92,41,40,0.00,0.00,0,0
1544345479,3007-eth4,244497.52,249556.45,494053.97,249806,244742,197.80,208.79,406.59,209,198,0.00,0.00,0,0
1544345479,2003-eth2,7892.11,7832.17,15724.28,7840,7900,80.92,79.92,160.84,80,81,0.00,0.00,0,0
1544345479,3007-eth3,988040.00,438257.75,1426297.75,438696,989028,636.36,649.35,1285.71,650,637,0.00,0.00,0,0
1544345479,1002-eth1,7832.17,7892.11,15724.28,7900,7840,79.92,80.92,160.84,81,80,0.00,0.00,0,0
1544345479,2002-eth3,3478.52,217720.28,221198.81,217938,3482,50.95,76.92,127.87,77,51,0.00,0.00,0,0
1544345479,2007-eth2,0.00,0.00,0.00,0,0,0.00,0.00,0.00,0,0,0.00,0.00,0,0
1544345479,total,32590430.00,33034682.00,65625112.00,33067716,32623020,24238.76,24523.48,48762.24,24548,24263,0.00,0.00,0,0
1544345480,3003-eth3,926123.88,335346.66,1261470.62,335682,927050,399.60,412.59,812.19,413,400,0.00,0.00,0,0
1544345480,2002-eth1,1196445.62,35578.42,1232024.00,35614,1197642,440.56,462.54,903.10,463,441,0.00,0.00,0,0
1544345480,lo,63994.01,63994.01,127988.02,64058,64058,272.73,272.73,545.45,273,273,0.00,0.00,0,0
1544345480,3005-eth3,938665.38,1122781.25,2061446.62,1123904,939604,633.37,683.32,1316.68,684,634,0.00,0.00,0,0
1544345480,2005-eth3,59.94,0.00,59.94,0,60,1.00,0.00,1.00,0,1,0.00,0.00,0,0
1544345480,3004-eth4,1206933.12,218477.53,1425410.62,218696,1208140,271.73,263.74,535.46,264,272,0.00,0.00,0,0
1544345480,1004-eth2,52333.67,923366.69,975700.31,924290,52386,566.43,423.58,990.01,424,567,0.00,0.00,0,0
1544345480,2004-eth4,9544.46,208059.95,217604.41,208268,9554,101.90,105.89,207.79,106,102,0.00,0.00,0,0
1544345480,1001-eth2,3720.28,3622.38,7342.66,3626,3724,37.96,36.96,74.93,37,38,0.00,0.00,0,0
1544345480,1003-eth3,285712.28,5340.66,291052.97,5346,285998,98.90,80.92,179.82,81,99,0.00,0.00,0,0
1544345480,2002-eth4,1222048.00,1221962.12,2444010.00,1223184,1223270,804.20,827.17,1631.37,828,805,0.00,0.00,0,0
1544345480,1001-eth4,0.00,0.00,0.00,0,0,0.00,0.00,0.00,0,0,0.00,0.00,0,0
1544345480,3001-eth2,151040.97,7003.00,158043.95,7010,151192,74.93,74.93,149.85,75,75,0.00,0.00,0,0
1544345480,1004-eth1,1196046.00,176497.50,1372543.50,176674,1197242,412.59,460.54,873.13,461,413,0.00,0.00,0,0
1544345480,3005-eth4,1222921.12,1225180.88,2448102.00,1226406,1224144,710.29,810.19,1520.48,811,711,0.00,0.00,0,0
1544345480,1003-eth2,926063.94,512359.66,1438423.62,512872,926990,398.60,486.51,885.11,487,399,0.00,0.00,0,0
1544345480,3008-eth1,41.96,41.96,83.92,42,42,1.00,1.00,2.00,1,1,0.00,0.00,0,0
1544345480,1002-eth3,7832.17,7832.17,15664.34,7840,7840,79.92,79.92,159.84,80,80,0.00,0.00,0,0
1544345480,2006-eth1,5340.66,285712.28,291052.97,285998,5346,80.92,98.90,179.82,99,81,0.00,0.00,0,0
1544345480,3003-eth1,7794.21,7636.36,15430.57,7644,7802,79.92,77.92,157.84,78,80,0.00,0.00,0,0
1544345480,2001-eth3,7832.17,7734.27,15566.43,7742,7840,79.92,78.92,158.84,79,80,0.00,0.00,0,0
1544345480,2008-eth2,52333.67,1230791.25,1283124.88,1232022,52386,566.43,566.43,1132.87,567,567,0.00,0.00,0,0
1544345480,2008-eth3,1230959.12,561502.50,1792461.62,562064,1232190,766.23,783.22,1549.45,784,767,0.00,0.00,0,0
1544345480,1001-eth3,0.00,0.00,0.00,0,0,0.00,0.00,0.00,0,0,0.00,0.00,0,0
1544345480,2007-eth4,41.96,41.96,83.92,42,42,1.00,1.00,2.00,1,1,0.00,0.00,0,0
1544345480,2004-eth2,923366.69,52333.67,975700.31,52386,924290,423.58,566.43,990.01,567,424,0.00,0.00,0,0
1544345480,3002-eth1,7696.30,7440.56,15136.86,7448,7704,78.92,75.92,154.85,76,79,0.00,0.00,0,0
1544345480,3004-eth1,7538.46,7734.27,15272.73,7742,7546,76.92,78.92,155.84,79,77,0.00,0.00,0,0
1544345480,2006-eth3,1221496.50,1221430.62,2442927.25,1222652,1222718,798.20,797.20,1595.40,798,799,0.00,0.00,0,0
1544345480,3004-eth2,208059.95,9544.46,217604.41,9554,208268,105.89,101.90,207.79,102,106,0.00,0.00,0,0
1544345480,3001-eth3,1223644.38,177486.52,1401130.88,177664,1224868,493.51,475.52,969.03,476,494,0.00,0.00,0,0
1544345480,2003-eth4,7734.27,7538.46,15272.73,7546,7742,78.92,76.92,155.84,77,79,0.00,0.00,0,0
1544345480,2008-eth4,1228867.12,26047.95,1254915.12,26074,1230096,471.53,320.68,792.21,321,472,0.00,0.00,0,0
1544345480,3008-eth3,902147.88,512151.88,1414299.75,512664,903050,592.41,527.47,1119.88,528,593,0.00,0.00,0,0
1544345480,2005-eth2,7832.17,7832.17,15664.34,7840,7840,79.92,79.92,159.84,80,80,0.00,0.00,0,0
1544345480,2006-eth4,20043.96,940050.00,960093.94,940990,20064,303.70,325.67,629.37,326,304,0.00,0.00,0,0
1544345480,3006-eth2,940050.00,20043.96,960093.94,20064,940990,325.67,303.70,629.37,304,326,0.00,0.00,0,0
1544345480,1003-eth4,483782.22,17050.95,500833.19,17068,484266,228.77,181.82,410.59,182,229,0.00,0.00,0,0
1544345480,2006-eth2,1196046.00,25516.48,1221562.50,25542,1197242,412.59,386.61,799.20,387,413,0.00,0.00,0,0
1544345480,3001-eth1,7734.27,7832.17,15566.43,7840,7742,78.92,79.92,158.84,80,79,0.00,0.00,0,0
1544345480,3008-eth2,26047.95,1228867.12,1254915.12,1230096,26074,320.68,471.53,792.21,472,321,0.00,0.00,0,0
1544345480,2004-eth3,968895.12,1230565.50,2199460.50,1231796,969864,864.14,804.20,1668.33,805,865,0.00,0.00,0,0
1544345480,3001-eth4,34337.66,1221534.50,1255872.12,1222756,34372,481.52,497.50,979.02,498,482,0.00,0.00,0,0
1544345480,1003-eth1,35578.42,1196445.62,1232024.00,1197642,35614,462.54,440.56,903.10,441,463,0.00,0.00,0,0
1544345480,3002-eth2,1221962.12,1222048.00,2444010.00,1223270,1223184,827.17,804.20,1631.37,805,828,0.00,0.00,0,0
1544345480,2005-eth4,7892.11,7832.17,15724.28,7840,7900,80.92,79.92,160.84,80,81,0.00,0.00,0,0
1544345480,3003-eth2,1230565.50,968895.12,2199460.50,969864,1231796,804.20,864.14,1668.33,865,805,0.00,0.00,0,0
1544345480,2007-eth1,0.00,0.00,0.00,0,0,0.00,0.00,0.00,0,0,0.00,0.00,0,0
1544345480,1002-eth4,0.00,0.00,0.00,0,0,0.00,0.00,0.00,0,0,0.00,0.00,0,0
1544345480,3002-eth4,17676.32,260081.92,277758.25,260342,17694,184.82,198.80,383.62,199,185,0.00,0.00,0,0
1544345480,2007-eth3,41.96,41.96,83.92,42,42,1.00,1.00,2.00,1,1,0.00,0.00,0,0
1544345480,3005-eth1,0.00,59.94,59.94,60,0,0.00,1.00,1.00,1,0,0.00,0.00,0,0
1544345480,2001-eth4,7440.56,7696.30,15136.86,7704,7448,75.92,78.92,154.85,79,76,0.00,0.00,0,0
1544345480,3003-eth4,50389.61,985160.88,1035550.50,986146,50440,542.46,532.47,1074.93,533,543,0.00,0.00,0,0
1544345480,2004-eth1,512359.66,926063.94,1438423.62,926990,512872,486.51,398.60,885.11,399,487,0.00,0.00,0,0
1544345480,3006-eth4,34007.99,1221632.38,1255640.38,1222854,34042,476.52,498.50,975.03,499,477,0.00,0.00,0,0
1544345480,3007-eth1,41.96,41.96,83.92,42,42,1.00,1.00,2.00,1,1,0.00,0.00,0,0
1544345480,2008-eth1,17050.95,483782.22,500833.19,484266,17068,181.82,228.77,410.59,229,182,0.00,0.00,0,0
1544345480,2002-eth2,176497.50,1196046.00,1372543.50,1197242,176674,460.54,412.59,873.13,413,461,0.00,0.00,0,0
1544345480,2003-eth1,3622.38,3720.28,7342.66,3724,3626,36.96,37.96,74.93,38,37,0.00,0.00,0,0
1544345480,3008-eth4,1224205.88,409290.72,1633496.50,409700,1225430,510.49,545.45,1055.94,546,511,0.00,0.00,0,0
1544345480,1004-eth4,1230791.25,52333.67,1283124.88,52386,1232022,566.43,566.43,1132.87,567,567,0.00,0.00,0,0
1544345480,3006-eth1,7832.17,7892.11,15724.28,7900,7840,79.92,80.92,160.84,81,80,0.00,0.00,0,0
1544345480,1004-eth3,25516.48,1196046.00,1221562.50,1197242,25542,386.61,412.59,799.20,413,387,0.00,0.00,0,0
1544345480,1002-eth2,7832.17,7832.17,15664.34,7840,7840,79.92,79.92,159.84,80,80,0.00,0.00,0,0
1544345480,3004-eth3,18151.85,1204987.00,1223138.88,1206192,18170,236.76,247.75,484.52,248,237,0.00,0.00,0,0
1544345480,2003-eth3,7636.36,7794.21,15430.57,7802,7644,77.92,79.92,157.84,80,78,0.00,0.00,0,0
1544345480,2005-eth1,0.00,0.00,0.00,0,0,0.00,0.00,0.00,0,0,0.00,0.00,0,0
1544345480,3002-eth3,1211812.25,903828.19,2115640.50,904732,1213024,695.30,697.30,1392.61,698,696,0.00,0.00,0,0
1544345480,3006-eth3,1223256.75,966231.81,2189488.50,967198,1224480,715.28,722.28,1437.56,723,716,0.00,0.00,0,0
1544345480,2001-eth1,3720.28,3622.38,7342.66,3626,3724,37.96,36.96,74.93,37,38,0.00,0.00,0,0
1544345480,3005-eth2,1221430.62,1221496.50,2442927.25,1222718,1222652,797.20,798.20,1595.40,799,798,0.00,0.00,0,0
1544345480,2001-eth2,7832.17,7832.17,15664.34,7840,7840,79.92,79.92,159.84,80,80,0.00,0.00,0,0
1544345480,3007-eth2,561502.50,1230959.12,1792461.62,1232190,562064,783.22,766.23,1549.45,767,784,0.00,0.00,0,0
1544345480,1001-eth1,3622.38,3720.28,7342.66,3724,3626,36.96,37.96,74.93,38,37,0.00,0.00,0,0
1544345480,3007-eth4,219170.83,286047.97,505218.78,286334,219390,230.77,234.77,465.53,235,231,0.00,0.00,0,0
1544345480,2003-eth2,7832.17,7832.17,15664.34,7840,7840,79.92,79.92,159.84,80,80,0.00,0.00,0,0
1544345480,3007-eth3,1011830.19,275308.69,1287138.88,275584,1012842,536.46,547.45,1083.92,548,537,0.00,0.00,0,0
1544345480,1002-eth1,7832.17,7832.17,15664.34,7840,7840,79.92,79.92,159.84,80,80,0.00,0.00,0,0
1544345480,2002-eth3,7003.00,151040.97,158043.95,151192,7010,74.93,74.93,149.85,75,75,0.00,0.00,0,0
1544345480,2007-eth2,0.00,0.00,0.00,0,0,0.00,0.00,0.00,0,0,0.00,0.00,0,0
1544345480,total,31453088.00,31313342.00,62766428.00,31344654,31484540,23804.20,23988.01,47792.21,24012,23828,0.00,0.00,0,0
1544345481,3003-eth3,971158.88,302735.28,1273894.12,303038,972130,414.59,422.58,837.16,423,415,0.00,0.00,0,0
1544345481,2002-eth1,1193348.62,38431.57,1231780.25,38470,1194542,437.56,539.46,977.02,540,438,0.00,0.00,0,0
1544345481,lo,7986.01,7986.01,15972.03,7994,7994,77.92,77.92,155.84,78,78,0.00,0.00,0,0
1544345481,3005-eth3,914191.81,982725.31,1896917.12,983708,915106,630.37,665.33,1295.70,666,631,0.00,0.00,0,0
1544345481,2005-eth3,0.00,0.00,0.00,0,0,0.00,0.00,0.00,0,0,0.00,0.00,0,0
1544345481,3004-eth4,1206961.12,250371.64,1457332.75,250622,1208168,287.71,286.71,574.43,287,288,0.00,0.00,0,0
1544345481,1004-eth2,42051.95,852627.38,894679.38,853480,42094,534.47,447.55,982.02,448,535,0.00,0.00,0,0
1544345481,2004-eth4,11080.92,239426.58,250507.50,239666,11092,117.88,120.88,238.76,121,118,0.00,0.00,0,0
1544345481,1001-eth2,3916.08,3916.08,7832.17,3920,3920,39.96,39.96,79.92,40,40,0.00,0.00,0,0
1544345481,1003-eth3,345414.59,6049.95,351464.53,6056,345760,126.87,81.92,208.79,82,127,0.00,0.00,0,0
1544345481,2002-eth4,1219866.12,1220579.50,2440445.50,1221800,1221086,847.15,850.15,1697.30,851,848,0.00,0.00,0,0
1544345481,1001-eth4,0.00,0.00,0.00,0,0,0.00,0.00,0.00,0,0,0.00,0.00,0,0
1544345481,3001-eth2,164461.55,7478.52,171940.06,7486,164626,80.92,79.92,160.84,80,81,0.00,0.00,0,0
1544345481,1004-eth1,1193146.88,191752.25,1384899.12,191944,1194340,412.59,494.51,907.09,495,413,0.00,0.00,0,0
1544345481,3005-eth4,1220895.12,1219160.88,2440056.00,1220380,1222116,745.25,813.19,1558.44,814,746,0.00,0.00,0,0
1544345481,1003-eth2,971218.81,609572.44,1580791.25,610182,972190,415.58,622.38,1037.96,623,416,0.00,0.00,0,0
1544345481,3008-eth1,59.94,0.00,59.94,0,60,1.00,0.00,1.00,0,1,0.00,0.00,0,0
1544345481,1002-eth3,7794.21,7734.27,15528.47,7742,7802,79.92,78.92,158.84,79,80,0.00,0.00,0,0
1544345481,2006-eth1,6049.95,345414.59,351464.53,345760,6056,81.92,126.87,208.79,127,82,0.00,0.00,0,0
1544345481,3003-eth1,7734.27,7734.27,15468.53,7742,7742,78.92,78.92,157.84,79,79,0.00,0.00,0,0
1544345481,2001-eth3,7734.27,7832.17,15566.43,7840,7742,78.92,79.92,158.84,80,79,0.00,0.00,0,0
1544345481,2008-eth2,42111.89,1237578.50,1279690.38,1238816,42154,535.46,647.35,1182.82,648,536,0.00,0.00,0,0
1544345481,2008-eth3,1232199.88,531556.44,1763756.25,532088,1233432,719.28,671.33,1390.61,672,720,0.00,0.00,0,0
1544345481,1001-eth3,0.00,0.00,0.00,0,0,0.00,0.00,0.00,0,0,0.00,0.00,0,0
1544345481,2007-eth4,0.00,59.94,59.94,60,0,0.00,1.00,1.00,1,0,0.00,0.00,0,0
1544345481,2004-eth2,852627.38,42051.95,894679.38,42094,853480,447.55,534.47,982.02,535,448,0.00,0.00,0,0
1544345481,3002-eth1,7734.27,7832.17,15566.43,7840,7742,78.92,79.92,158.84,80,79,0.00,0.00,0,0
1544345481,3004-eth1,7832.17,7832.17,15664.34,7840,7840,79.92,79.92,159.84,80,80,0.00,0.00,0,0
1544345481,2006-eth3,1224713.38,1218587.50,2443300.75,1219806,1225938,803.20,788.21,1591.41,789,804,0.00,0.00,0,0
1544345481,3004-eth2,239426.58,11080.92,250507.50,11092,239666,120.88,117.88,238.76,118,121,0.00,0.00,0,0
1544345481,3001-eth3,1221312.75,190835.17,1412147.88,191026,1222534,498.50,480.52,979.02,481,499,0.00,0.00,0,0
1544345481,2003-eth4,7832.17,7832.17,15664.34,7840,7840,79.92,79.92,159.84,80,80,0.00,0.00,0,0
1544345481,2008-eth4,1224399.62,29906.09,1254305.75,29936,1225624,491.51,369.63,861.14,370,492,0.00,0.00,0,0
1544345481,3008-eth3,980801.25,626655.38,1607456.62,627282,981782,621.38,552.45,1173.83,553,622,0.00,0.00,0,0
1544345481,2005-eth2,7734.27,7794.21,15528.47,7802,7742,78.92,79.92,158.84,80,79,0.00,0.00,0,0
1544345481,2006-eth4,19450.55,944395.62,963846.19,945340,19470,294.71,325.67,620.38,326,295,0.00,0.00,0,0
1544345481,3006-eth2,944395.62,19450.55,963846.19,19470,945340,325.67,294.71,620.38,295,326,0.00,0.00,0,0
1544345481,1003-eth4,467666.34,13640.36,481306.72,13654,468134,225.77,163.84,389.61,164,226,0.00,0.00,0,0
1544345481,2006-eth2,1193087.00,27290.71,1220377.62,27318,1194280,411.59,413.59,825.17,414,412,0.00,0.00,0,0
1544345481,3001-eth1,7832.17,7734.27,15566.43,7742,7840,79.92,78.92,158.84,79,80,0.00,0.00,0,0
1544345481,3008-eth2,29906.09,1224399.62,1254305.75,1225624,29936,369.63,491.51,861.14,492,370,0.00,0.00,0,0
1544345481,2004-eth3,1002207.81,1219814.25,2222022.00,1221034,1003210,832.17,948.05,1780.22,949,833,0.00,0.00,0,0
1544345481,3001-eth4,34107.89,1223144.88,1257252.75,1224368,34142,478.52,499.50,978.02,500,479,0.00,0.00,0,0
1544345481,1003-eth1,38431.57,1193348.62,1231780.25,1194542,38470,539.46,437.56,977.02,438,540,0.00,0.00,0,0
1544345481,3002-eth2,1220579.50,1219866.12,2440445.50,1221086,1221800,850.15,847.15,1697.30,848,851,0.00,0.00,0,0
1544345481,2005-eth4,7734.27,7734.27,15468.53,7742,7742,78.92,78.92,157.84,79,79,0.00,0.00,0,0
1544345481,3003-eth2,1219814.25,1002207.81,2222022.00,1003210,1221034,948.05,832.17,1780.22,833,949,0.00,0.00,0,0
1544345481,2007-eth1,0.00,0.00,0.00,0,0,0.00,0.00,0.00,0,0,0.00,0.00,0,0
1544345481,1002-eth4,59.94,0.00,59.94,0,60,1.00,0.00,1.00,0,1,0.00,0.00,0,0
1544345481,3002-eth4,14301.70,201324.69,215626.38,201526,14316,163.84,162.84,326.67,163,164,0.00,0.00,0,0
1544345481,2007-eth3,0.00,0.00,0.00,0,0,0.00,0.00,0.00,0,0,0.00,0.00,0,0
1544345481,3005-eth1,0.00,0.00,0.00,0,0,0.00,0.00,0.00,0,0,0.00,0.00,0,0
1544345481,2001-eth4,7832.17,7734.27,15566.43,7742,7840,79.92,78.92,158.84,79,80,0.00,0.00,0,0
1544345481,3003-eth4,38861.14,692611.44,731472.56,693304,38900,497.50,439.56,937.06,440,498,0.00,0.00,0,0
1544345481,2004-eth1,609572.44,971218.81,1580791.25,972190,610182,622.38,415.58,1037.96,416,623,0.00,0.00,0,0
1544345481,3006-eth4,33778.22,1218575.50,1252353.62,1219794,33812,473.53,496.50,970.03,497,474,0.00,0.00,0,0
1544345481,3007-eth1,0.00,0.00,0.00,0,0,0.00,0.00,0.00,0,0,0.00,0.00,0,0
1544345481,2008-eth1,13640.36,467666.34,481306.72,468134,13654,163.84,225.77,389.61,226,164,0.00,0.00,0,0
1544345481,2002-eth2,191752.25,1193146.88,1384899.12,1194340,191944,494.51,412.59,907.09,413,495,0.00,0.00,0,0
1544345481,2003-eth1,3916.08,3916.08,7832.17,3920,3920,39.96,39.96,79.92,40,40,0.00,0.00,0,0
1544345481,3008-eth4,1219478.50,407019.00,1626497.50,407426,1220698,548.45,566.43,1114.89,567,549,0.00,0.00,0,0
1544345481,1004-eth4,1237578.50,42111.89,1279690.38,42154,1238816,647.35,535.46,1182.82,536,648,0.00,0.00,0,0
1544345481,3006-eth1,7734.27,7734.27,15468.53,7742,7742,78.92,78.92,157.84,79,79,0.00,0.00,0,0
1544345481,1004-eth3,27290.71,1193087.00,1220377.62,1194280,27318,413.59,411.59,825.17,412,414,0.00,0.00,0,0
1544345481,1002-eth2,7794.21,7734.27,15528.47,7742,7802,79.92,78.92,158.84,79,80,0.00,0.00,0,0
1544345481,3004-eth3,18777.22,1209752.25,1228529.50,1210962,18796,245.75,252.75,498.50,253,246,0.00,0.00,0,0
1544345481,2003-eth3,7734.27,7734.27,15468.53,7742,7742,78.92,78.92,157.84,79,79,0.00,0.00,0,0
1544345481,2005-eth1,0.00,0.00,0.00,0,0,0.00,0.00,0.00,0,0,0.00,0.00,0,0
1544345481,3002-eth3,1213336.75,1100439.62,2313776.25,1101540,1214550,762.24,761.24,1523.48,762,763,0.00,0.00,0,0
1544345481,3006-eth3,1218785.25,970373.62,2189159.00,971344,1220004,713.29,719.28,1432.57,720,714,0.00,0.00,0,0
1544345481,2001-eth1,3916.08,3916.08,7832.17,3920,3920,39.96,39.96,79.92,40,40,0.00,0.00,0,0
1544345481,3005-eth2,1218587.50,1224713.38,2443300.75,1225938,1219806,788.21,803.20,1591.41,804,789,0.00,0.00,0,0
1544345481,2001-eth2,7832.17,7892.11,15724.28,7900,7840,79.92,80.92,160.84,81,80,0.00,0.00,0,0
1544345481,3007-eth2,531556.44,1232199.88,1763756.25,1233432,532088,671.33,719.28,1390.61,720,672,0.00,0.00,0,0
1544345481,1001-eth1,3916.08,3916.08,7832.17,3920,3920,39.96,39.96,79.92,40,40,0.00,0.00,0,0
1544345481,3007-eth4,256533.47,263730.28,520263.75,263994,256790,182.82,172.83,355.64,173,183,0.00,0.00,0,0
1544345481,2003-eth2,7734.27,7794.21,15528.47,7802,7742,78.92,79.92,158.84,80,79,0.00,0.00,0,0
1544345481,3007-eth3,975666.38,267826.19,1243492.50,268094,976642,536.46,498.50,1034.97,499,537,0.00,0.00,0,0
1544345481,1002-eth1,7892.11,7832.17,15724.28,7840,7900,80.92,79.92,160.84,80,81,0.00,0.00,0,0
1544345481,2002-eth3,7478.52,164461.55,171940.06,164626,7486,79.92,80.92,160.84,81,80,0.00,0.00,0,0
1544345481,2007-eth2,0.00,59.94,59.94,60,0,0.00,1.00,1.00,1,0,0.00,0.00,0,0
1544345481,total,31622346.00,31210680.00,62833024.00,31241890,31653968,24162.84,24152.85,48315.69,24177,24187,0.00,0.00,0,0
1544345482,3003-eth3,1046945.06,191416.59,1238361.62,191608,1047992,441.56,423.58,865.13,424,442,0.00,0.00,0,0
1544345482,2002-eth1,1200257.75,36537.46,1236795.25,36574,1201458,432.57,512.49,945.05,513,433,0.00,0.00,0,0
1544345482,lo,7574.43,7574.43,15148.85,7582,7582,73.93,73.93,147.85,74,74,0.00,0.00,0,0
1544345482,3005-eth3,972519.50,813082.94,1785602.50,813896,973492,655.34,659.34,1314.69,660,656,0.00,0.00,0,0
1544345482,2005-eth3,0.00,0.00,0.00,0,0,0.00,0.00,0.00,0,0,0.00,0.00,0,0
1544345482,3004-eth4,1208241.75,408915.09,1617156.88,409324,1209450,379.62,365.63,745.25,366,380,0.00,0.00,0,0
1544345482,1004-eth2,34207.79,833406.62,867614.44,834240,34242,453.55,331.67,785.21,332,454,0.00,0.00,0,0
1544345482,2004-eth4,14367.63,395260.75,409628.38,395656,14382,152.85,158.84,311.69,159,153,0.00,0.00,0,0
1544345482,1001-eth2,3780.22,3818.18,7598.40,3822,3784,38.96,38.96,77.92,39,39,0.00,0.00,0,0
1544345482,1003-eth3,167288.72,7794.21,175082.92,7802,167456,79.92,82.92,162.84,83,80,0.00,0.00,0,0
1544345482,2002-eth4,1224595.50,1223202.88,2447798.25,1224426,1225820,845.15,780.22,1625.37,781,846,0.00,0.00,0,0
1544345482,1001-eth4,59.94,59.94,119.88,60,60,1.00,1.00,2.00,1,1,0.00,0.00,0,0
1544345482,3001-eth2,229296.70,9108.89,238405.59,9118,229526,98.90,96.90,195.80,97,99,0.00,0.00,0,0
1544345482,1004-eth1,1193087.00,252241.77,1445328.75,252494,1194280,411.59,446.55,858.14,447,412,0.00,0.00,0,0
1544345482,3005-eth4,1222667.38,1223180.88,2445848.25,1224404,1223890,728.27,823.18,1551.45,824,729,0.00,0.00,0,0
1544345482,1003-eth2,1046945.06,585104.94,1632050.00,585690,1047992,441.56,580.42,1021.98,581,442,0.00,0.00,0,0
1544345482,3008-eth1,0.00,59.94,59.94,60,0,0.00,1.00,1.00,1,0,0.00,0.00,0,0
1544345482,1002-eth3,7832.17,7892.11,15724.28,7900,7840,79.92,80.92,160.84,81,80,0.00,0.00,0,0
1544345482,2006-eth1,7794.21,167288.72,175082.92,167456,7802,82.92,79.92,162.84,80,83,0.00,0.00,0,0
1544345482,3003-eth1,7734.27,7734.27,15468.53,7742,7742,78.92,78.92,157.84,79,79,0.00,0.00,0,0
1544345482,2001-eth3,7832.17,7892.11,15724.28,7900,7840,79.92,80.92,160.84,81,80,0.00,0.00,0,0
1544345482,2008-eth2,34147.85,1224529.50,1258677.38,1225754,34182,452.55,515.48,968.03,516,453,0.00,0.00,0,0
1544345482,2008-eth3,1235095.00,621136.88,1856231.88,621758,1236330,763.24,578.42,1341.66,579,764,0.00,0.00,0,0
1544345482,1001-eth3,59.94,59.94,119.88,60,60,1.00,1.00,2.00,1,1,0.00,0.00,0,0
1544345482,2007-eth4,59.94,0.00,59.94,0,60,1.00,0.00,1.00,0,1,0.00,0.00,0,0
1544345482,2004-eth2,833406.62,34207.79,867614.44,34242,834240,331.67,453.55,785.21,454,332,0.00,0.00,0,0
1544345482,3002-eth1,7636.36,7734.27,15370.63,7742,7644,77.92,78.92,156.84,79,78,0.00,0.00,0,0
1544345482,3004-eth1,7832.17,7734.27,15566.43,7742,7840,79.92,78.92,158.84,79,80,0.00,0.00,0,0
1544345482,2006-eth3,1223075.00,1221386.62,2444461.50,1222608,1224298,800.20,805.19,1605.39,806,801,0.00,0.00,0,0
1544345482,3004-eth2,395260.75,14367.63,409628.38,14382,395656,158.84,152.85,311.69,153,159,0.00,0.00,0,0
1544345482,3001-eth3,1217051.00,255670.34,1472721.38,255926,1218268,514.49,498.50,1012.99,499,515,0.00,0.00,0,0
1544345482,2003-eth4,7734.27,7832.17,15566.43,7840,7742,78.92,79.92,158.84,80,79,0.00,0.00,0,0
1544345482,2008-eth4,1229594.50,37586.41,1267180.88,37624,1230824,526.47,463.54,990.01,464,527,0.00,0.00,0,0
1544345482,3008-eth3,1214801.25,539222.81,1754024.00,539762,1216016,679.32,652.35,1331.67,653,680,0.00,0.00,0,0
1544345482,2005-eth2,7892.11,7832.17,15724.28,7840,7900,80.92,79.92,160.84,80,81,0.00,0.00,0,0
1544345482,2006-eth4,20439.56,953272.75,973712.31,954226,20460,309.69,328.67,638.36,329,310,0.00,0.00,0,0
1544345482,3006-eth2,953272.75,20439.56,973712.31,20460,954226,328.67,309.69,638.36,310,329,0.00,0.00,0,0
1544345482,1003-eth4,556307.69,13922.08,570229.81,13936,556864,231.77,169.83,401.60,170,232,0.00,0.00,0,0
1544345482,2006-eth2,1193087.00,22945.05,1216032.00,22968,1194280,411.59,347.65,759.24,348,412,0.00,0.00,0,0
1544345482,3001-eth1,7892.11,7832.17,15724.28,7840,7900,80.92,79.92,160.84,80,81,0.00,0.00,0,0
1544345482,3008-eth2,37586.41,1229594.50,1267180.88,1230824,37624,463.54,526.47,990.01,527,464,0.00,0.00,0,0
1544345482,2004-eth3,1066659.38,1023310.69,2089970.12,1024334,1067726,740.26,754.25,1494.51,755,741,0.00,0.00,0,0
1544345482,3001-eth4,34265.73,1224591.50,1258857.12,1225816,34300,480.52,499.50,980.02,500,481,0.00,0.00,0,0
1544345482,1003-eth1,36537.46,1200257.75,1236795.25,1201458,36574,512.49,432.57,945.05,433,513,0.00,0.00,0,0
1544345482,3002-eth2,1223202.88,1224595.50,2447798.25,1225820,1224426,780.22,845.15,1625.37,846,781,0.00,0.00,0,0
1544345482,2005-eth4,7832.17,7892.11,15724.28,7900,7840,79.92,80.92,160.84,81,80,0.00,0.00,0,0
1544345482,3003-eth2,1023310.69,1066659.38,2089970.12,1067726,1024334,754.25,740.26,1494.51,741,755,0.00,0.00,0,0
1544345482,2007-eth1,59.94,59.94,119.88,60,60,1.00,1.00,2.00,1,1,0.00,0.00,0,0
1544345482,1002-eth4,0.00,59.94,59.94,60,0,0.00,1.00,1.00,1,0,0.00,0.00,0,0
1544345482,3002-eth4,12679.32,185050.95,197730.28,185236,12692,153.85,157.84,311.69,158,154,0.00,0.00,0,0
1544345482,2007-eth3,59.94,0.00,59.94,0,60,1.00,0.00,1.00,0,1,0.00,0.00,0,0
1544345482,3005-eth1,0.00,0.00,0.00,0,0,0.00,0.00,0.00,0,0,0.00,0.00,0,0
1544345482,2001-eth4,7734.27,7636.36,15370.63,7644,7742,78.92,77.92,156.84,78,79,0.00,0.00,0,0
1544345482,3003-eth4,27448.55,841140.88,868589.44,841982,27476,377.62,410.59,788.21,411,378,0.00,0.00,0,0
1544345482,2004-eth1,585104.94,1046945.06,1632050.00,1047992,585690,580.42,441.56,1021.98,442,581,0.00,0.00,0,0
1544345482,3006-eth4,34133.87,1221632.38,1255766.25,1222854,34168,478.52,498.50,977.02,499,479,0.00,0.00,0,0
1544345482,3007-eth1,0.00,59.94,59.94,60,0,0.00,1.00,1.00,1,0,0.00,0.00,0,0
1544345482,2008-eth1,13922.08,556307.69,570229.81,556864,13936,169.83,231.77,401.60,232,170,0.00,0.00,0,0
1544345482,2002-eth2,252241.77,1193087.00,1445328.75,1194280,252494,446.55,411.59,858.14,412,447,0.00,0.00,0,0
1544345482,2003-eth1,3818.18,3780.22,7598.40,3784,3822,38.96,38.96,77.92,39,39,0.00,0.00,0,0
1544345482,3008-eth4,1228635.38,555702.31,1784337.75,556258,1229864,643.36,670.33,1313.69,671,644,0.00,0.00,0,0
1544345482,1004-eth4,1224529.50,34147.85,1258677.38,34182,1225754,515.48,452.55,968.03,453,516,0.00,0.00,0,0
1544345482,3006-eth1,7892.11,7832.17,15724.28,7840,7900,80.92,79.92,160.84,80,81,0.00,0.00,0,0
1544345482,1004-eth3,22945.05,1193087.00,1216032.00,1194280,22968,347.65,411.59,759.24,412,348,0.00,0.00,0,0
1544345482,1002-eth2,7832.17,7832.17,15664.34,7840,7840,79.92,79.92,159.84,80,80,0.00,0.00,0,0
1544345482,3004-eth3,21508.49,1207592.50,1229100.88,1208800,21530,287.71,307.69,595.40,308,288,0.00,0.00,0,0
1544345482,2003-eth3,7734.27,7734.27,15468.53,7742,7742,78.92,78.92,157.84,79,79,0.00,0.00,0,0
1544345482,2005-eth1,59.94,59.94,119.88,60,60,1.00,1.00,2.00,1,1,0.00,0.00,0,0
1544345482,3002-eth3,1219650.38,1173232.75,2392883.25,1174406,1220870,770.23,790.21,1560.44,791,771,0.00,0.00,0,0
1544345482,3006-eth3,1221348.62,982473.56,2203822.25,983456,1222570,708.29,727.27,1435.56,728,709,0.00,0.00,0,0
1544345482,2001-eth1,3818.18,3878.12,7696.30,3882,3822,38.96,39.96,78.92,40,39,0.00,0.00,0,0
1544345482,3005-eth2,1224411.62,1223075.00,2447486.50,1224298,1225636,807.19,800.20,1607.39,801,808,0.00,0.00,0,0
1544345482,2001-eth2,7832.17,7832.17,15664.34,7840,7840,79.92,79.92,159.84,80,80,0.00,0.00,0,0
1544345482,3007-eth2,621136.88,1236607.38,1857744.25,1237844,621758,578.42,764.24,1342.66,765,579,0.00,0.00,0,0
1544345482,1001-eth1,3878.12,3818.18,7696.30,3822,3882,39.96,38.96,78.92,39,40,0.00,0.00,0,0
1544345482,3007-eth4,247260.75,241668.34,488929.09,241910,247508,173.83,154.85,328.67,155,174,0.00,0.00,0,0
1544345482,2003-eth2,7832.17,7832.17,15664.34,7840,7840,79.92,79.92,159.84,80,80,0.00,0.00,0,0
1544345482,3007-eth3,989286.75,379468.53,1368755.25,379848,990276,589.41,423.58,1012.99,424,590,0.00,0.00,0,0
1544345482,1002-eth1,7832.17,7832.17,15664.34,7840,7840,79.92,79.92,159.84,80,80,0.00,0.00,0,0
1544345482,2002-eth3,9108.89,232255.75,241364.64,232488,9118,96.90,99.90,196.80,100,97,0.00,0.00,0,0
1544345482,2007-eth2,59.94,0.00,59.94,0,60,1.00,0.00,1.00,0,1,0.00,0.00,0,0
1544345482,total,32198864.00,31725908.00,63924772.00,31757634,32231062,23682.32,23683.32,47365.64,23707,23706,0.00,0.00,0,0
1544345483,3003-eth3,1037258.75,356991.03,1394249.75,357348,1038296,475.52,477.52,953.05,478,476,0.00,0.00,0,0
1544345483,2002-eth1,1177768.25,31872.13,1209640.38,31904,1178946,420.58,437.56,858.14,438,421,0.00,0.00,0,0
1544345483,lo,62275.73,62275.73,124551.45,62338,62338,257.74,257.74,515.48,258,258,0.00,0.00,0,0
1544345483,3005-eth3,995272.75,887264.75,1882537.50,888152,996268,730.27,731.27,1461.54,732,731,0.00,0.00,0,0
1544345483,2005-eth3,0.00,0.00,0.00,0,0,0.00,0.00,0.00,0,0,0.00,0.00,0,0
1544345483,3004-eth4,1190984.12,348017.97,1539002.00,348714,1193366,420.16,412.18,832.34,413,421,0.00,0.00,0,0
1544345483,1004-eth2,34137.86,874825.19,908963.06,875700,34172,451.55,301.70,753.25,302,452,0.00,0.00,0,0
1544345483,2004-eth4,14555.45,331618.41,346173.84,331950,14570,154.85,158.84,313.69,159,155,0.00,0.00,0,0
1544345483,1001-eth2,3916.08,3976.02,7892.11,3980,3920,39.96,40.96,80.92,41,40,0.00,0.00,0,0
1544345483,1003-eth3,304719.28,11456.54,316175.84,11468,305024,123.88,121.88,245.75,122,124,0.00,0.00,0,0
1544345483,2002-eth4,1199130.88,1202163.88,2401294.75,1203366,1200330,744.26,790.21,1534.47,791,745,0.00,0.00,0,0
1544345483,1001-eth4,0.00,0.00,0.00,0,0,0.00,0.00,0.00,0,0,0.00,0.00,0,0
1544345483,3001-eth2,309322.69,10047.95,319370.62,10058,309632,127.87,106.89,234.77,107,128,0.00,0.00,0,0
1544345483,1004-eth1,1170861.12,333718.28,1504579.50,334052,1172032,403.60,497.50,901.10,498,404,0.00,0.00,0,0
1544345483,3005-eth4,1205480.50,1198885.12,2404365.75,1200084,1206686,950.05,915.08,1865.13,916,951,0.00,0.00,0,0
1544345483,1003-eth2,1037258.75,654931.06,1692189.88,655586,1038296,475.52,564.44,1039.96,565,476,0.00,0.00,0,0
1544345483,3008-eth1,0.00,0.00,0.00,0,0,0.00,0.00,0.00,0,0,0.00,0.00,0,0
1544345483,1002-eth3,7832.17,7832.17,15664.34,7840,7840,79.92,79.92,159.84,80,80,0.00,0.00,0,0
1544345483,2006-eth1,11456.54,304719.28,316175.84,305024,11468,121.88,123.88,245.75,124,122,0.00,0.00,0,0
1544345483,3003-eth1,7734.27,7892.11,15626.37,7900,7742,78.92,80.92,159.84,81,79,0.00,0.00,0,0
1544345483,2001-eth3,7832.17,7832.17,15664.34,7840,7840,79.92,79.92,159.84,80,80,0.00,0.00,0,0
1544345483,2008-eth2,34137.86,1203216.88,1237354.62,1204420,34172,451.55,433.57,885.11,434,452,0.00,0.00,0,0
1544345483,2008-eth3,1205378.62,779270.75,1984649.38,780050,1206584,751.25,607.39,1358.64,608,752,0.00,0.00,0,0
1544345483,1001-eth3,0.00,0.00,0.00,0,0,0.00,0.00,0.00,0,0,0.00,0.00,0,0
1544345483,2007-eth4,0.00,0.00,0.00,0,0,0.00,0.00,0.00,0,0,0.00,0.00,0,0
1544345483,2004-eth2,873952.12,34103.79,908055.94,34172,875700,301.40,451.10,752.50,452,302,0.00,0.00,0,0
1544345483,3002-eth1,7824.35,7824.35,15648.70,7840,7840,79.84,79.84,159.68,80,80,0.00,0.00,0,0
1544345483,3004-eth1,7884.23,7786.43,15670.66,7802,7900,80.84,79.84,160.68,80,81,0.00,0.00,0,0
1544345483,2006-eth3,1201227.62,1202473.12,2403700.75,1204878,1203630,793.41,848.30,1641.72,850,795,0.00,0.00,0,0
1544345483,3004-eth2,331287.44,14540.92,345828.34,14570,331950,158.68,154.69,313.37,155,159,0.00,0.00,0,0
1544345483,3001-eth3,1203041.00,335234.78,1538275.75,335570,1204244,517.48,520.48,1037.96,521,518,0.00,0.00,0,0
1544345483,2003-eth4,7794.21,7892.11,15686.31,7900,7802,79.92,80.92,160.84,81,80,0.00,0.00,0,0
1544345483,2008-eth4,1203488.50,37196.80,1240685.38,37234,1204692,481.52,452.55,934.07,453,482,0.00,0.00,0,0
1544345483,3008-eth3,1087003.00,680197.81,1767200.88,680878,1088090,654.35,662.34,1316.68,663,655,0.00,0.00,0,0
1544345483,2005-eth2,7832.17,7832.17,15664.34,7840,7840,79.92,79.92,159.84,80,80,0.00,0.00,0,0
1544345483,2006-eth4,21362.64,990293.75,1011656.38,991284,21384,323.68,341.66,665.33,342,324,0.00,0.00,0,0
1544345483,3006-eth2,990293.75,21362.64,1011656.38,21384,991284,341.66,323.68,665.33,324,342,0.00,0.00,0,0
1544345483,1003-eth4,483584.44,13278.72,496863.16,13292,484068,225.77,155.84,381.62,156,226,0.00,0.00,0,0
1544345483,2006-eth2,1170861.12,24395.61,1195256.75,24420,1172032,403.60,369.63,773.23,370,404,0.00,0.00,0,0
1544345483,3001-eth1,7832.17,7832.17,15664.34,7840,7840,79.92,79.92,159.84,80,80,0.00,0.00,0,0
1544345483,3008-eth2,37196.80,1203488.50,1240685.38,1204692,37234,452.55,481.52,934.07,482,453,0.00,0.00,0,0
1544345483,2004-eth3,1056841.25,1198137.88,2254979.00,1199336,1057898,772.23,707.29,1479.52,708,773,0.00,0.00,0,0
1544345483,3001-eth4,33744.26,1197960.12,1231704.38,1199158,33778,472.53,490.51,963.04,491,473,0.00,0.00,0,0
1544345483,1003-eth1,31872.13,1177768.25,1209640.38,1178946,31904,437.56,420.58,858.14,421,438,0.00,0.00,0,0
1544345483,3002-eth2,1202163.88,1199130.88,2401294.75,1200330,1203366,790.21,744.26,1534.47,745,791,0.00,0.00,0,0
1544345483,2005-eth4,7824.35,7824.35,15648.70,7840,7840,79.84,79.84,159.68,80,80,0.00,0.00,0,0
1544345483,3003-eth2,1198137.88,1056841.25,2254979.00,1057898,1199336,707.29,772.23,1479.52,773,708,0.00,0.00,0,0
1544345483,2007-eth1,0.00,0.00,0.00,0,0,0.00,0.00,0.00,0,0,0.00,0.00,0,0
1544345483,1002-eth4,0.00,0.00,0.00,0,0,0.00,0.00,0.00,0,0,0.00,0.00,0,0
1544345483,3002-eth4,11260.74,172355.66,183616.39,172528,11272,131.87,139.86,271.73,140,132,0.00,0.00,0,0
1544345483,2007-eth3,0.00,0.00,0.00,0,0,0.00,0.00,0.00,0,0,0.00,0.00,0,0
1544345483,3005-eth1,0.00,0.00,0.00,0,0,0.00,0.00,0.00,0,0,0.00,0.00,0,0
1544345483,2001-eth4,7832.17,7832.17,15664.34,7840,7840,79.92,79.92,159.84,80,80,0.00,0.00,0,0
1544345483,3003-eth4,27414.59,1061680.38,1089094.88,1062742,27442,376.62,442.56,819.18,443,377,0.00,0.00,0,0
1544345483,2004-eth1,654931.06,1037258.75,1692189.88,1038296,655586,564.44,475.52,1039.96,476,565,0.00,0.00,0,0
1544345483,3006-eth4,33414.59,1200919.12,1234333.75,1202120,33448,467.53,491.51,959.04,492,468,0.00,0.00,0,0
1544345483,3007-eth1,0.00,0.00,0.00,0,0,0.00,0.00,0.00,0,0,0.00,0.00,0,0
1544345483,2008-eth1,13278.72,483584.44,496863.16,484068,13292,155.84,225.77,381.62,226,156,0.00,0.00,0,0
1544345483,2002-eth2,333718.28,1170861.12,1504579.50,1172032,334052,497.50,403.60,901.10,404,498,0.00,0.00,0,0
1544345483,2003-eth1,3976.02,3916.08,7892.11,3920,3980,40.96,39.96,80.92,40,41,0.00,0.00,0,0
1544345483,3008-eth4,1209314.75,536057.94,1745372.62,536594,1210524,701.30,720.28,1421.58,721,702,0.00,0.00,0,0
1544345483,1004-eth4,1203216.88,34137.86,1237354.62,34172,1204420,433.57,451.55,885.11,452,434,0.00,0.00,0,0
1544345483,3006-eth1,7832.17,7832.17,15664.34,7840,7840,79.92,79.92,159.84,80,80,0.00,0.00,0,0
1544345483,1004-eth3,24371.26,1169692.62,1194063.88,1172032,24420,369.26,403.19,772.46,404,370,0.00,0.00,0,0
1544345483,1002-eth2,7824.35,7884.23,15708.58,7900,7840,79.84,80.84,160.68,81,80,0.00,0.00,0,0
1544345483,3004-eth3,24481.52,1191556.50,1216038.00,1192748,24506,332.67,349.65,682.32,350,333,0.00,0.00,0,0
1544345483,2003-eth3,7892.11,7734.27,15626.37,7742,7900,80.92,78.92,159.84,79,81,0.00,0.00,0,0
1544345483,2005-eth1,0.00,0.00,0.00,0,0,0.00,0.00,0.00,0,0,0.00,0.00,0,0
1544345483,3002-eth3,1193318.00,944550.38,2137868.50,947384,1196898,690.93,705.88,1396.81,708,693,0.00,0.00,0,0
1544345483,3006-eth3,1200205.38,1013916.25,2214121.75,1016958,1203806,707.88,728.81,1436.69,731,710,0.00,0.00,0,0
1544345483,2001-eth1,3810.57,3908.28,7718.84,3920,3822,38.88,39.88,78.76,40,39,0.00,0.00,0,0
1544345483,3005-eth2,1201274.12,1203048.88,2404323.00,1206658,1204878,847.46,794.62,1642.07,797,850,0.00,0.00,0,0
1544345483,2001-eth2,7816.55,7816.55,15633.10,7840,7840,79.76,79.76,159.52,80,80,0.00,0.00,0,0
1544345483,3007-eth2,780670.00,1202975.12,1983645.12,1206584,783012,607.18,749.75,1356.93,752,609,0.00,0.00,0,0
1544345483,1001-eth1,3908.28,3810.57,7718.84,3822,3920,39.88,38.88,78.76,39,40,0.00,0.00,0,0
1544345483,3007-eth4,177667.00,437599.22,615266.19,438912,178200,198.40,199.40,397.81,200,199,0.00,0.00,0,0
1544345483,2003-eth2,7876.37,7816.55,15692.92,7840,7900,80.76,79.76,160.52,80,81,0.00,0.00,0,0
1544345483,3007-eth3,1025427.75,343142.56,1368570.25,344172,1028504,553.34,408.77,962.11,410,555,0.00,0.00,0,0
1544345483,1002-eth1,7816.55,7816.55,15633.10,7840,7840,79.76,79.76,159.52,80,80,0.00,0.00,0,0
1544345483,2002-eth3,10027.92,305752.75,315780.66,306670,10058,106.68,126.62,233.30,127,107,0.00,0.00,0,0
1544345483,2007-eth2,0.00,0.00,0.00,0,0,0.00,0.00,0.00,0,0,0.00,0.00,0,0
1544345483,total,32331220.00,32576324.00,64907540.00,32674052,32428214,24038.88,24053.84,48092.72,24126,24111,0.00,0.00,0,0
1544345484,3003-eth3,1013393.81,264468.59,1277862.38,265262,1016434,455.63,441.67,897.31,443,457,0.00,0.00,0,0
1544345484,2002-eth1,1193661.00,35008.97,1228670.00,35114,1197242,411.76,477.57,889.33,479,413,0.00,0.00,0,0
1544345484,lo,4494.52,4494.52,8989.03,4508,4508,43.87,43.87,87.74,44,44,0.00,0.00,0,0
1544345484,3005-eth3,994406.81,886157.56,1880564.38,888816,997390,782.65,761.71,1544.37,764,785,0.00,0.00,0,0
1544345484,2005-eth3,0.00,59.82,59.82,60,0,0.00,1.00,1.00,1,0,0.00,0.00,0,0
1544345484,3004-eth4,1215180.50,359166.50,1574347.00,360244,1218826,471.59,476.57,948.16,478,473,0.00,0.00,0,0
1544345484,1004-eth2,37686.94,1003084.75,1040771.69,1006094,37800,502.49,345.96,848.45,347,504,0.00,0.00,0,0
1544345484,2004-eth4,15182.45,339491.53,354673.97,340510,15228,161.52,178.46,339.98,179,162,0.00,0.00,0,0
1544345484,1001-eth2,3908.28,3908.28,7816.55,3920,3920,39.88,39.88,79.76,40,40,0.00,0.00,0,0
1544345484,1003-eth3,200031.91,10368.89,210400.80,10400,200632,99.70,110.67,210.37,111,100,0.00,0.00,0,0
1544345484,2002-eth4,1217415.75,1221232.25,2438648.00,1224896,1221068,771.68,829.51,1601.20,832,774,0.00,0.00,0,0
1544345484,1001-eth4,0.00,0.00,0.00,0,0,0.00,0.00,0.00,0,0,0.00,0.00,0,0
1544345484,3001-eth2,251485.55,11714.86,263200.41,11750,252240,135.59,124.63,260.22,125,136,0.00,0.00,0,0
1544345484,1004-eth1,1184801.62,279056.84,1463858.38,279894,1188356,408.77,553.34,962.11,555,410,0.00,0.00,0,0
1544345484,3005-eth4,1235818.50,1220426.75,2456245.25,1224088,1239526,963.11,967.10,1930.21,970,966,0.00,0.00,0,0
1544345484,1003-eth2,1013393.81,559527.44,1572921.25,561206,1016434,455.63,581.26,1036.89,583,457,0.00,0.00,0,0
1544345484,3008-eth1,0.00,0.00,0.00,0,0,0.00,0.00,0.00,0,0,0.00,0.00,0,0
1544345484,1002-eth3,7816.55,7816.55,15633.10,7840,7840,79.76,79.76,159.52,80,80,0.00,0.00,0,0
1544345484,2006-eth1,10368.89,200031.91,210400.80,200632,10400,110.67,99.70,210.37,100,111,0.00,0.00,0,0
1544345484,3003-eth1,7816.55,7816.55,15633.10,7840,7840,79.76,79.76,159.52,80,80,0.00,0.00,0,0
1544345484,2001-eth3,7876.37,7816.55,15692.92,7840,7900,80.76,79.76,160.52,80,81,0.00,0.00,0,0
1544345484,2008-eth2,37686.94,1225038.88,1262725.88,1228714,37800,502.49,471.59,974.08,473,504,0.00,0.00,0,0
1544345484,2008-eth3,1221595.25,762965.12,1984560.38,765254,1225260,660.02,645.06,1305.08,647,662,0.00,0.00,0,0
1544345484,1001-eth3,0.00,0.00,0.00,0,0,0.00,0.00,0.00,0,0,0.00,0.00,0,0
1544345484,2007-eth4,0.00,0.00,0.00,0,0,0.00,0.00,0.00,0,0,0.00,0.00,0,0
1544345484,2004-eth2,1003084.75,37686.94,1040771.69,37800,1006094,345.96,502.49,848.45,504,347,0.00,0.00,0,0
1544345484,3002-eth1,7816.55,7876.37,15692.92,7900,7840,79.76,80.76,160.52,81,80,0.00,0.00,0,0
1544345484,3004-eth1,7816.55,7816.55,15633.10,7840,7840,79.76,79.76,159.52,80,80,0.00,0.00,0,0
1544345484,2006-eth3,1219583.25,1216167.50,2435750.75,1219816,1223242,782.65,837.49,1620.14,840,785,0.00,0.00,0,0
1544345484,3004-eth2,339491.53,15182.45,354673.97,15228,340510,178.46,161.52,339.98,162,179,0.00,0.00,0,0
1544345484,3001-eth3,1223094.75,277938.19,1501032.88,278772,1226764,542.37,536.39,1078.76,538,544,0.00,0.00,0,0
1544345484,2003-eth4,7816.55,7816.55,15633.10,7840,7840,79.76,79.76,159.52,80,80,0.00,0.00,0,0
1544345484,2008-eth4,1226610.12,41367.90,1267978.12,41492,1230290,451.65,505.48,957.13,507,453,0.00,0.00,0,0
1544345484,3008-eth3,1224580.25,657453.62,1882033.88,659426,1228254,694.92,686.94,1381.85,689,697,0.00,0.00,0,0
1544345484,2005-eth2,7816.55,7816.55,15633.10,7840,7840,79.76,79.76,159.52,80,80,0.00,0.00,0,0
1544345484,2006-eth4,21116.65,1102047.88,1123164.50,1105354,21180,320.04,379.86,699.90,381,321,0.00,0.00,0,0
1544345484,3006-eth2,1102047.88,21116.65,1123164.50,21180,1105354,379.86,320.04,699.90,321,381,0.00,0.00,0,0
1544345484,1003-eth4,530067.81,15004.99,545072.81,15050,531658,244.27,174.48,418.74,175,245,0.00,0.00,0,0
1544345484,2006-eth2,1184861.38,27571.29,1212432.75,27654,1188416,409.77,417.75,827.52,419,411,0.00,0.00,0,0
1544345484,3001-eth1,7816.55,7876.37,15692.92,7900,7840,79.76,80.76,160.52,81,80,0.00,0.00,0,0
1544345484,3008-eth2,41367.90,1226610.12,1267978.12,1230290,41492,505.48,451.65,957.13,453,507,0.00,0.00,0,0
1544345484,2004-eth3,1035964.12,1223120.62,2259084.75,1226790,1039072,797.61,748.75,1546.36,751,800,0.00,0.00,0,0
1544345484,3001-eth4,34269.19,1222149.50,1256418.75,1225816,34372,480.56,498.50,979.06,500,482,0.00,0.00,0,0
1544345484,1003-eth1,35008.97,1193661.00,1228670.00,1197242,35114,477.57,411.76,889.33,413,479,0.00,0.00,0,0
1544345484,3002-eth2,1221232.25,1217415.75,2438648.00,1221068,1224896,829.51,771.68,1601.20,774,832,0.00,0.00,0,0
1544345484,2005-eth4,7816.55,7816.55,15633.10,7840,7840,79.76,79.76,159.52,80,80,0.00,0.00,0,0
1544345484,3003-eth2,1223120.62,1035964.12,2259084.75,1039072,1226790,748.75,797.61,1546.36,800,751,0.00,0.00,0,0
1544345484,2007-eth1,0.00,0.00,0.00,0,0,0.00,0.00,0.00,0,0,0.00,0.00,0,0
1544345484,1002-eth4,0.00,0.00,0.00,0,0,0.00,0.00,0.00,0,0,0.00,0.00,0,0
1544345484,3002-eth4,11298.11,204299.11,215597.20,204912,11332,132.60,147.56,280.16,148,133,0.00,0.00,0,0
1544345484,2007-eth3,0.00,59.82,59.82,60,0,0.00,1.00,1.00,1,0,0.00,0.00,0,0
1544345484,3005-eth1,59.82,0.00,59.82,0,60,1.00,0.00,1.00,0,1,0.00,0.00,0,0
1544345484,2001-eth4,7876.37,7816.55,15692.92,7840,7900,80.76,79.76,160.52,80,81,0.00,0.00,0,0
1544345484,3003-eth4,30386.84,1103958.12,1134345.00,1107270,30478,421.73,457.63,879.36,459,423,0.00,0.00,0,0
1544345484,2004-eth1,559527.44,1013393.81,1572921.25,1016434,561206,581.26,455.63,1036.89,457,583,0.00,0.00,0,0
1544345484,3006-eth4,34071.79,1225102.75,1259174.50,1228778,34174,477.57,499.50,977.07,501,479,0.00,0.00,0,0
1544345484,3007-eth1,59.82,0.00,59.82,0,60,1.00,0.00,1.00,0,1,0.00,0.00,0,0
1544345484,2008-eth1,15004.99,530067.81,545072.81,531658,15050,174.48,244.27,418.74,245,175,0.00,0.00,0,0
1544345484,2002-eth2,279056.84,1184801.62,1463858.38,1188356,279894,553.34,408.77,962.11,410,555,0.00,0.00,0,0
1544345484,2003-eth1,3908.28,3908.28,7816.55,3920,3920,39.88,39.88,79.76,40,40,0.00,0.00,0,0
1544345484,3008-eth4,1231585.25,607804.56,1839389.88,609628,1235280,745.76,763.71,1509.47,766,748,0.00,0.00,0,0
1544345484,1004-eth4,1225038.88,37686.94,1262725.88,37800,1228714,471.59,502.49,974.08,504,473,0.00,0.00,0,0
1544345484,3006-eth1,7816.55,7816.55,15633.10,7840,7840,79.76,79.76,159.52,80,80,0.00,0.00,0,0
1544345484,1004-eth3,27571.29,1184861.38,1212432.75,1188416,27654,417.75,409.77,827.52,411,419,0.00,0.00,0,0
1544345484,1002-eth2,7816.55,7816.55,15633.10,7840,7840,79.76,79.76,159.52,80,80,0.00,0.00,0,0
1544345484,3004-eth3,27491.53,1212023.88,1239515.50,1215660,27574,377.87,388.83,766.70,390,379,0.00,0.00,0,0
1544345484,2003-eth3,7816.55,7816.55,15633.10,7840,7840,79.76,79.76,159.52,80,80,0.00,0.00,0,0
1544345484,2005-eth1,0.00,0.00,0.00,0,0,0.00,0.00,0.00,0,0,0.00,0.00,0,0
1544345484,3002-eth3,1215265.50,1038972.06,2254237.50,1041050,1217696,721.56,743.51,1465.07,745,723,0.00,0.00,0,0
1544345484,3006-eth3,1219347.38,1126407.25,2345754.50,1128660,1221786,739.52,776.45,1515.97,778,741,0.00,0.00,0,0
1544345484,2001-eth1,3972.06,3912.18,7884.23,3920,3980,40.92,39.92,80.84,40,41,0.00,0.00,0,0
1544345484,3005-eth2,1214359.38,1217778.50,2432137.75,1220214,1216788,836.33,781.44,1617.76,783,838,0.00,0.00,0,0
1544345484,2001-eth2,7884.23,7824.35,15708.58,7840,7900,80.84,79.84,160.68,80,81,0.00,0.00,0,0
1544345484,3007-eth2,760770.50,1221303.38,1982073.88,1223746,762292,644.71,659.68,1304.39,661,646,0.00,0.00,0,0
1544345484,1001-eth1,3912.18,3972.06,7884.23,3980,3920,39.92,40.92,80.84,41,40,0.00,0.00,0,0
1544345484,3007-eth4,176924.16,287143.72,464067.88,287718,177278,162.67,146.71,309.38,147,163,0.00,0.00,0,0
1544345484,2003-eth2,7824.35,7824.35,15648.70,7840,7840,79.84,79.84,159.68,80,80,0.00,0.00,0,0
1544345484,3007-eth3,1044379.25,473560.91,1517940.12,474508,1046468,497.01,497.01,994.01,498,498,0.00,0.00,0,0
1544345484,1002-eth1,7824.35,7884.23,15708.58,7900,7840,79.84,80.84,160.68,81,80,0.00,0.00,0,0
1544345484,2002-eth3,11726.55,251736.53,263463.09,252240,11750,124.75,135.73,260.48,136,125,0.00,0.00,0,0
1544345484,2007-eth2,0.00,0.00,0.00,0,0,0.00,0.00,0.00,0,0,0.00,0.00,0,0
1544345484,total,32764008.00,33001956.00,65765964.00,33067960,32829536,24669.66,24792.42,49462.08,24842,24719,0.00,0.00,0,0
1544345485,3003-eth3,995046.88,276935.19,1271982.00,277766,998032,449.65,433.70,883.35,435,451,0.00,0.00,0,0
1544345485,2002-eth1,1190707.88,32123.63,1222831.50,32220,1194280,410.77,448.65,859.42,450,412,0.00,0.00,0,0
1544345485,lo,7096.71,7096.71,14193.42,7118,7118,68.79,68.79,137.59,69,69,0.00,0.00,0,0
1544345485,3005-eth3,1004119.62,890271.19,1894390.88,892942,1007132,624.13,649.05,1273.18,651,626,0.00,0.00,0,0
1544345485,2005-eth3,59.82,0.00,59.82,0,60,1.00,0.00,1.00,0,1,0.00,0.00,0,0
1544345485,3004-eth4,1211946.12,287076.78,1499023.00,287938,1215582,543.37,483.55,1026.92,485,545,0.00,0.00,0,0
1544345485,1004-eth2,34723.83,939619.12,974343.00,942438,34828,468.59,325.02,793.62,326,470,0.00,0.00,0,0
1544345485,2004-eth4,12805.58,261479.56,274285.16,262264,12844,136.59,95.71,232.30,96,137,0.00,0.00,0,0
1544345485,1001-eth2,3908.28,3908.28,7816.55,3920,3920,39.88,39.88,79.76,40,40,0.00,0.00,0,0
1544345485,1003-eth3,254759.72,9621.14,264380.84,9650,255524,97.71,108.67,206.38,109,98,0.00,0.00,0,0
1544345485,2002-eth4,1214462.62,1219778.62,2434241.25,1223438,1218106,770.69,807.58,1578.27,810,773,0.00,0.00,0,0
1544345485,1001-eth4,0.00,0.00,0.00,0,0,0.00,0.00,0.00,0,0,0.00,0.00,0,0
1544345485,3001-eth2,242809.58,8434.70,251244.27,8460,243538,91.72,89.73,181.46,90,92,0.00,0.00,0,0
1544345485,1004-eth1,1184801.62,268807.59,1453609.12,269614,1188356,408.77,485.54,894.32,487,410,0.00,0.00,0,0
1544345485,3005-eth4,1225134.62,1216101.75,2441236.25,1219750,1228810,998.01,802.59,1800.60,805,1001,0.00,0.00,0,0
1544345485,1003-eth2,994987.06,535710.88,1530697.88,537318,997972,448.65,488.53,937.19,490,450,0.00,0.00,0,0
1544345485,3008-eth1,0.00,0.00,0.00,0,0,0.00,0.00,0.00,0,0,0.00,0.00,0,0
1544345485,1002-eth3,7718.84,7718.84,15437.69,7742,7742,78.76,78.76,157.53,79,79,0.00,0.00,0,0
1544345485,2006-eth1,9621.14,254759.72,264380.84,255524,9650,108.67,97.71,206.38,98,109,0.00,0.00,0,0
1544345485,3003-eth1,7876.37,7816.55,15692.92,7840,7900,80.76,79.76,160.52,80,81,0.00,0.00,0,0
1544345485,2001-eth3,7816.55,7816.55,15633.10,7840,7840,79.76,79.76,159.52,80,80,0.00,0.00,0,0
1544345485,2008-eth2,34783.65,1219387.88,1254171.50,1223046,34888,469.59,429.71,899.30,431,471,0.00,0.00,0,0
1544345485,2008-eth3,1220213.38,735338.00,1955551.38,737544,1223874,639.08,642.07,1281.16,644,641,0.00,0.00,0,0
1544345485,1001-eth3,0.00,0.00,0.00,0,0,0.00,0.00,0.00,0,0,0.00,0.00,0,0
1544345485,2007-eth4,0.00,0.00,0.00,0,0,0.00,0.00,0.00,0,0,0.00,0.00,0,0
1544345485,2004-eth2,939619.12,34723.83,974343.00,34828,942438,325.02,468.59,793.62,470,326,0.00,0.00,0,0
1544345485,3002-eth1,7778.66,7718.84,15497.51,7742,7802,79.76,78.76,158.52,79,80,0.00,0.00,0,0
1544345485,3004-eth1,7816.55,7816.55,15633.10,7840,7840,79.76,79.76,159.52,80,80,0.00,0.00,0,0
1544345485,2006-eth3,1217292.12,1215808.62,2433100.75,1219456,1220944,813.56,841.48,1655.03,844,816,0.00,0.00,0,0
1544345485,3004-eth2,261479.56,12805.58,274285.16,12844,262264,95.71,136.59,232.30,137,96,0.00,0.00,0,0
1544345485,3001-eth3,1211048.88,268873.38,1479922.25,269680,1214682,505.48,486.54,992.02,488,507,0.00,0.00,0,0
1544345485,2003-eth4,7816.55,7816.55,15633.10,7840,7840,79.76,79.76,159.52,80,80,0.00,0.00,0,0
1544345485,2008-eth4,1220979.12,34406.78,1255385.88,34510,1224642,519.44,425.72,945.16,427,521,0.00,0.00,0,0
1544345485,3008-eth3,1214183.50,587302.12,1801485.50,589064,1217826,690.93,673.98,1364.91,676,693,0.00,0.00,0,0
1544345485,2005-eth2,7718.84,7718.84,15437.69,7742,7742,78.76,78.76,157.53,79,79,0.00,0.00,0,0
1544345485,2006-eth4,21385.84,1068179.50,1089565.25,1071384,21450,324.03,369.89,693.92,371,325,0.00,0.00,0,0
1544345485,3006-eth2,1068179.50,21385.84,1089565.25,21450,1071384,369.89,324.03,693.92,325,371,0.00,0.00,0,0
1544345485,1003-eth4,466881.34,12771.68,479653.03,12810,468282,167.50,155.53,323.03,156,168,0.00,0.00,0,0
1544345485,2006-eth2,1184801.62,26057.83,1210859.38,26136,1188356,408.77,394.82,803.59,396,410,0.00,0.00,0,0
1544345485,3001-eth1,7816.55,7816.55,15633.10,7840,7840,79.76,79.76,159.52,80,80,0.00,0.00,0,0
1544345485,3008-eth2,34406.78,1220979.12,1255385.88,1224642,34510,425.72,519.44,945.16,521,427,0.00,0.00,0,0
1544345485,2004-eth3,1017024.94,1213790.62,2230815.50,1217432,1020076,782.65,716.85,1499.50,719,785,0.00,0.00,0,0
1544345485,3001-eth4,33940.18,1216243.25,1250183.50,1219892,34042,475.57,496.51,972.08,498,477,0.00,0.00,0,0
1544345485,1003-eth1,32123.63,1190707.88,1222831.50,1194280,32220,448.65,410.77,859.42,412,450,0.00,0.00,0,0
1544345485,3002-eth2,1219778.62,1214462.62,2434241.25,1218106,1223438,807.58,770.69,1578.27,773,810,0.00,0.00,0,0
1544345485,2005-eth4,7778.66,7718.84,15497.51,7742,7802,79.76,78.76,158.52,79,80,0.00,0.00,0,0
1544345485,3003-eth2,1213790.62,1017024.94,2230815.50,1020076,1217432,716.85,782.65,1499.50,785,719,0.00,0.00,0,0
1544345485,2007-eth1,0.00,0.00,0.00,0,0,0.00,0.00,0.00,0,0,0.00,0.00,0,0
1544345485,1002-eth4,0.00,0.00,0.00,0,0,0.00,0.00,0.00,0,0,0.00,0.00,0,0
1544345485,3002-eth4,11864.41,214668.00,226532.41,215312,11900,141.58,151.55,293.12,152,142,0.00,0.00,0,0
1544345485,2007-eth3,0.00,0.00,0.00,0,0,0.00,0.00,0.00,0,0,0.00,0.00,0,0
1544345485,3005-eth1,0.00,59.82,59.82,60,0,0.00,1.00,1.00,1,0,0.00,0.00,0,0
1544345485,2001-eth4,7718.84,7778.66,15497.51,7802,7742,78.76,79.76,158.52,80,79,0.00,0.00,0,0
1544345485,3003-eth4,29854.44,1065567.25,1095421.75,1068764,29944,413.76,444.67,858.42,446,415,0.00,0.00,0,0
1544345485,2004-eth1,535710.88,994987.06,1530697.88,997972,537318,488.53,448.65,937.19,450,490,0.00,0.00,0,0
1544345485,3006-eth4,33579.26,1217655.00,1251234.25,1221308,33680,470.59,496.51,967.10,498,472,0.00,0.00,0,0
1544345485,3007-eth1,0.00,0.00,0.00,0,0,0.00,0.00,0.00,0,0,0.00,0.00,0,0
1544345485,2008-eth1,12771.68,466881.34,479653.03,468282,12810,155.53,167.50,323.03,168,156,0.00,0.00,0,0
1544345485,2002-eth2,268807.59,1184801.62,1453609.12,1188356,269614,485.54,408.77,894.32,410,487,0.00,0.00,0,0
1544345485,2003-eth1,3908.28,3908.28,7816.55,3920,3920,39.88,39.88,79.76,40,40,0.00,0.00,0,0
1544345485,3008-eth4,1219308.12,631328.00,1850636.12,633222,1222966,712.86,724.83,1437.69,727,715,0.00,0.00,0,0
1544345485,1004-eth4,1219387.88,34783.65,1254171.50,34888,1223046,429.71,469.59,899.30,471,431,0.00,0.00,0,0
1544345485,3006-eth1,7718.84,7778.66,15497.51,7802,7742,78.76,79.76,158.52,80,79,0.00,0.00,0,0
1544345485,1004-eth3,26057.83,1184801.62,1210859.38,1188356,26136,394.82,408.77,803.59,410,396,0.00,0.00,0,0
1544345485,1002-eth2,7816.55,7816.55,15633.10,7840,7840,79.76,79.76,159.52,80,80,0.00,0.00,0,0
1544345485,3004-eth3,33413.76,1215980.12,1249393.88,1219628,33514,467.60,492.52,960.12,494,469,0.00,0.00,0,0
1544345485,2003-eth3,7816.55,7876.37,15692.92,7900,7840,79.76,80.76,160.52,81,80,0.00,0.00,0,0
1544345485,2005-eth1,0.00,0.00,0.00,0,0,0.00,0.00,0.00,0,0,0.00,0.00,0,0
1544345485,3002-eth3,1210317.00,1023104.69,2233421.75,1026174,1213948,707.88,736.79,1444.67,739,710,0.00,0.00,0,0
1544345485,3006-eth3,1214059.88,1093980.12,2308040.00,1097262,1217702,720.84,760.72,1481.56,763,723,0.00,0.00,0,0
1544345485,2001-eth1,3908.28,3908.28,7816.55,3920,3920,39.88,39.88,79.76,40,40,0.00,0.00,0,0
1544345485,3005-eth2,1215808.62,1217292.12,2433100.75,1220944,1219456,841.48,813.56,1655.03,816,844,0.00,0.00,0,0
1544345485,2001-eth2,7718.84,7718.84,15437.69,7742,7742,78.76,78.76,157.53,79,79,0.00,0.00,0,0
1544345485,3007-eth2,735338.00,1220213.38,1955551.38,1223874,737544,642.07,639.08,1281.16,641,644,0.00,0.00,0,0
1544345485,1001-eth1,3908.28,3908.28,7816.55,3920,3920,39.88,39.88,79.76,40,40,0.00,0.00,0,0
1544345485,3007-eth4,204642.08,400195.41,604837.50,401396,205256,191.43,201.40,392.82,202,192,0.00,0.00,0,0
1544345485,2003-eth2,7816.55,7816.55,15633.10,7840,7840,79.76,79.76,159.52,80,80,0.00,0.00,0,0
1544345485,3007-eth3,1015571.31,335076.78,1350648.12,336082,1018618,447.66,439.68,887.34,441,449,0.00,0.00,0,0
1544345485,1002-eth1,7718.84,7718.84,15437.69,7742,7742,78.76,78.76,157.53,79,79,0.00,0.00,0,0
1544345485,2002-eth3,8434.70,242809.58,251244.27,243538,8460,89.73,91.72,181.46,92,90,0.00,0.00,0,0
1544345485,2007-eth2,0.00,0.00,0.00,0,0,0.00,0.00,0.00,0,0,0.00,0.00,0,0
1544345485,total,32330018.00,32402348.00,64732364.00,32499554,32427008,23845.46,23758.72,47604.19,23830,23917,0.00,0.00,0,0
1544345486,3003-eth3,983007.00,176353.66,1159360.62,176530,983990,406.59,392.61,799.20,393,407,0.00,0.00,0,0
1544345486,2002-eth1,1181310.75,37604.40,1218915.12,37642,1182492,408.59,513.49,922.08,514,409,0.00,0.00,0,0
1544345486,lo,66307.70,66307.70,132615.39,66374,66374,297.70,297.70,595.40,298,298,0.00,0.00,0,0
1544345486,3005-eth3,988375.62,1023228.81,2011604.50,1024252,989364,641.36,665.33,1306.69,666,642,0.00,0.00,0,0
1544345486,2005-eth3,0.00,0.00,0.00,0,0,0.00,0.00,0.00,0,0,0.00,0.00,0,0
1544345486,3004-eth4,1204965.12,27490.51,1232455.62,27518,1206170,568.43,394.61,963.04,395,569,0.00,0.00,0,0
1544345486,1004-eth2,36607.39,1018437.56,1055045.00,1019456,36644,486.51,351.65,838.16,352,487,0.00,0.00,0,0
1544345486,2004-eth4,15118.88,1512.49,16631.37,1514,15134,160.84,1.00,161.84,1,161,0.00,0.00,0,0
1544345486,1001-eth2,3818.18,3818.18,7636.36,3822,3822,38.96,38.96,77.92,39,39,0.00,0.00,0,0
1544345486,1003-eth3,170307.70,4549.45,174857.14,4554,170478,81.92,68.93,150.85,69,82,0.00,0.00,0,0
1544345486,2002-eth4,1209126.88,1203478.50,2412605.50,1204682,1210336,786.21,788.21,1574.43,789,787,0.00,0.00,0,0
1544345486,1001-eth4,59.94,0.00,59.94,0,60,1.00,0.00,1.00,0,1,0.00,0.00,0,0
1544345486,3001-eth2,306825.19,12549.45,319374.62,12562,307132,133.87,133.87,267.73,134,134,0.00,0.00,0,0
1544345486,1004-eth1,1178351.62,332006.00,1510357.62,332338,1179530,407.59,515.48,923.08,516,408,0.00,0.00,0,0
1544345486,3005-eth4,1213744.25,1206173.88,2419918.25,1207380,1214958,834.17,785.21,1619.38,786,835,0.00,0.00,0,0
1544345486,1003-eth2,983066.94,192265.73,1175332.75,192458,984050,407.59,392.61,800.20,393,408,0.00,0.00,0,0
1544345486,3008-eth1,59.94,0.00,59.94,0,60,1.00,0.00,1.00,0,1,0.00,0.00,0,0
1544345486,1002-eth3,7892.11,7832.17,15724.28,7840,7900,80.92,79.92,160.84,80,81,0.00,0.00,0,0
1544345486,2006-eth1,4549.45,170307.70,174857.14,170478,4554,68.93,81.92,150.85,82,69,0.00,0.00,0,0
1544345486,3003-eth1,7734.27,7734.27,15468.53,7742,7742,78.92,78.92,157.84,79,79,0.00,0.00,0,0
1544345486,2001-eth3,7832.17,7832.17,15664.34,7840,7840,79.92,79.92,159.84,80,80,0.00,0.00,0,0
1544345486,2008-eth2,36547.45,1212417.62,1248965.12,1213630,36584,485.51,441.56,927.07,442,486,0.00,0.00,0,0
1544345486,2008-eth3,1206663.38,669932.06,1876595.50,670602,1207870,617.38,616.38,1233.77,617,618,0.00,0.00,0,0
1544345486,1001-eth3,0.00,0.00,0.00,0,0,0.00,0.00,0.00,0,0,0.00,0.00,0,0
1544345486,2007-eth4,0.00,59.94,59.94,60,0,0.00,1.00,1.00,1,0,0.00,0.00,0,0
1544345486,2004-eth2,1018437.56,36607.39,1055045.00,36644,1019456,351.65,486.51,838.16,487,352,0.00,0.00,0,0
1544345486,3002-eth1,7734.27,7734.27,15468.53,7742,7742,78.92,78.92,157.84,79,79,0.00,0.00,0,0
1544345486,3004-eth1,7832.17,7832.17,15664.34,7840,7840,79.92,79.92,159.84,80,80,0.00,0.00,0,0
1544345486,2006-eth3,1213396.62,1203874.12,2417270.75,1205078,1214610,763.24,794.21,1557.44,795,764,0.00,0.00,0,0
1544345486,3004-eth2,1512.49,15118.88,16631.37,15134,1514,1.00,160.84,161.84,161,1,0.00,0.00,0,0
1544345486,3001-eth3,1211025.00,333001.00,1544026.00,333334,1212236,541.46,530.47,1071.93,531,542,0.00,0.00,0,0
1544345486,2003-eth4,7832.17,7832.17,15664.34,7840,7840,79.92,79.92,159.84,80,80,0.00,0.00,0,0
1544345486,2008-eth4,1211706.38,41124.88,1252831.25,41166,1212918,474.53,498.50,973.03,499,475,0.00,0.00,0,0
1544345486,3008-eth3,1210000.00,621606.44,1831606.50,622228,1211210,625.37,629.37,1254.75,630,626,0.00,0.00,0,0
1544345486,2005-eth2,7832.17,7892.11,15724.28,7900,7840,79.92,80.92,160.84,81,80,0.00,0.00,0,0
1544345486,2006-eth4,20967.03,1124963.12,1145930.12,1126088,20988,317.68,387.61,705.29,388,318,0.00,0.00,0,0
1544345486,3006-eth2,1124963.12,20967.03,1145930.12,20988,1126088,387.61,317.68,705.29,318,388,0.00,0.00,0,0
1544345486,1003-eth4,204305.70,17038.96,221344.66,17056,204510,70.93,201.80,272.73,202,71,0.00,0.00,0,0
1544345486,2006-eth2,1178291.75,25180.82,1203472.50,25206,1179470,406.59,381.62,788.21,382,407,0.00,0.00,0,0
1544345486,3001-eth1,7832.17,7832.17,15664.34,7840,7840,79.92,79.92,159.84,80,80,0.00,0.00,0,0
1544345486,3008-eth2,41124.88,1211706.38,1252831.25,1212918,41166,498.50,474.53,973.03,475,499,0.00,0.00,0,0
1544345486,2004-eth3,1004435.56,1209256.75,2213692.25,1210466,1005440,731.27,744.26,1475.52,745,732,0.00,0.00,0,0
1544345486,3001-eth4,34007.99,1209796.25,1243804.25,1211006,34042,476.52,494.51,971.03,495,477,0.00,0.00,0,0
1544345486,1003-eth1,37604.40,1181310.75,1218915.12,1182492,37642,513.49,408.59,922.08,409,514,0.00,0.00,0,0
1544345486,3002-eth2,1203478.50,1209126.88,2412605.50,1210336,1204682,788.21,786.21,1574.43,787,789,0.00,0.00,0,0
1544345486,2005-eth4,7832.17,7832.17,15664.34,7840,7840,79.92,79.92,159.84,80,80,0.00,0.00,0,0
1544345486,3003-eth2,1209256.75,1004435.56,2213692.25,1005440,1210466,744.26,731.27,1475.52,732,745,0.00,0.00,0,0
1544345486,2007-eth1,0.00,59.94,59.94,60,0,0.00,1.00,1.00,1,0,0.00,0.00,0,0
1544345486,1002-eth4,59.94,0.00,59.94,0,60,1.00,0.00,1.00,0,1,0.00,0.00,0,0
1544345486,3002-eth4,12217.78,225224.78,237442.56,225450,12230,146.85,152.85,299.70,153,147,0.00,0.00,0,0
1544345486,2007-eth3,0.00,0.00,0.00,0,0,0.00,0.00,0.00,0,0,0.00,0.00,0,0
1544345486,3005-eth1,0.00,0.00,0.00,0,0,0.00,0.00,0.00,0,0,0.00,0.00,0,0
1544345486,2001-eth4,7734.27,7734.27,15468.53,7742,7742,78.92,78.92,157.84,79,79,0.00,0.00,0,0
1544345486,3003-eth4,29162.84,1035049.00,1064211.88,1036084,29192,403.60,433.57,837.16,434,404,0.00,0.00,0,0
1544345486,2004-eth1,192265.73,983066.94,1175332.75,984050,192458,392.61,407.59,800.20,408,393,0.00,0.00,0,0
1544345486,3006-eth4,33876.12,1203878.12,1237754.25,1205082,33910,474.53,492.51,967.03,493,475,0.00,0.00,0,0
1544345486,3007-eth1,0.00,0.00,0.00,0,0,0.00,0.00,0.00,0,0,0.00,0.00,0,0
1544345486,2008-eth1,17038.96,204305.70,221344.66,204510,17056,201.80,70.93,272.73,71,202,0.00,0.00,0,0
1544345486,2002-eth2,332006.00,1178351.62,1510357.62,1179530,332338,515.48,407.59,923.08,408,516,0.00,0.00,0,0
1544345486,2003-eth1,3818.18,3818.18,7636.36,3822,3822,38.96,38.96,77.92,39,39,0.00,0.00,0,0
1544345486,3008-eth4,1216303.75,660661.38,1876965.12,661322,1217520,807.19,714.29,1521.48,715,808,0.00,0.00,0,0
1544345486,1004-eth4,1212417.62,36547.45,1248965.12,36584,1213630,441.56,485.51,927.07,486,442,0.00,0.00,0,0
1544345486,3006-eth1,7832.17,7832.17,15664.34,7840,7840,79.92,79.92,159.84,80,80,0.00,0.00,0,0
1544345486,1004-eth3,25180.82,1178291.75,1203472.50,1179470,25206,381.62,406.59,788.21,407,382,0.00,0.00,0,0
1544345486,1002-eth2,7892.11,7832.17,15724.28,7840,7900,80.92,79.92,160.84,80,81,0.00,0.00,0,0
1544345486,3004-eth3,33810.19,1209796.25,1243606.38,1211006,33844,473.53,494.51,968.03,495,474,0.00,0.00,0,0
1544345486,2003-eth3,7734.27,7734.27,15468.53,7742,7742,78.92,78.92,157.84,79,79,0.00,0.00,0,0
1544345486,2005-eth1,0.00,0.00,0.00,0,0,0.00,0.00,0.00,0,0,0.00,0.00,0,0
1544345486,3002-eth3,1201624.38,1091430.62,2293055.00,1092522,1202826,716.28,756.24,1472.53,757,717,0.00,0.00,0,0
1544345486,3006-eth3,1208201.88,1153966.12,2362168.00,1155120,1209410,728.27,783.22,1511.49,784,729,0.00,0.00,0,0
1544345486,2001-eth1,3818.18,3818.18,7636.36,3822,3822,38.96,38.96,77.92,39,39,0.00,0.00,0,0
1544345486,3005-eth2,1203874.12,1213396.62,2417270.75,1214610,1205078,794.21,763.24,1557.44,764,795,0.00,0.00,0,0
1544345486,2001-eth2,7832.17,7892.11,15724.28,7900,7840,79.92,80.92,160.84,81,80,0.00,0.00,0,0
1544345486,3007-eth2,669932.06,1206663.38,1876595.50,1207870,670602,616.38,617.38,1233.77,618,617,0.00,0.00,0,0
1544345486,1001-eth1,3818.18,3818.18,7636.36,3822,3822,38.96,38.96,77.92,39,39,0.00,0.00,0,0
1544345486,3007-eth4,214909.09,302097.91,517007.00,302400,215124,165.83,171.83,337.66,172,166,0.00,0.00,0,0
1544345486,2003-eth2,7832.17,7892.11,15724.28,7900,7840,79.92,80.92,160.84,81,80,0.00,0.00,0,0
1544345486,3007-eth3,991694.31,370793.22,1362487.50,371164,992686,450.55,445.55,896.10,446,451,0.00,0.00,0,0
1544345486,1002-eth1,7892.11,7832.17,15724.28,7840,7900,80.92,79.92,160.84,80,81,0.00,0.00,0,0
1544345486,2002-eth3,12549.45,306825.19,319374.62,307132,12562,133.87,133.87,267.73,134,134,0.00,0.00,0,0
1544345486,2007-eth2,0.00,59.94,59.94,60,0,0.00,1.00,1.00,1,0,0.00,0.00,0,0
1544345486,total,31457010.00,31520632.00,62977640.00,31552152,31488466,23766.23,23642.36,47408.59,23666,23790,0.00,0.00,0,0
1544345487,3003-eth3,1003522.50,172145.86,1175668.38,172318,1004526,410.59,394.61,805.19,395,411,0.00,0.00,0,0
1544345487,2002-eth1,1199005.00,35876.12,1234881.12,35912,1200204,413.59,513.49,927.07,514,414,0.00,0.00,0,0
1544345487,lo,6957.04,6957.04,13914.09,6964,6964,67.93,67.93,135.86,68,68,0.00,0.00,0,0
1544345487,3005-eth3,1069588.50,1056046.00,2125634.50,1057102,1070658,688.31,702.30,1390.61,703,689,0.00,0.00,0,0
1544345487,2005-eth3,0.00,0.00,0.00,0,0,0.00,0.00,0.00,0,0,0.00,0.00,0,0
1544345487,3004-eth4,1219732.25,235716.30,1455448.62,235952,1220952,580.42,475.52,1055.94,476,581,0.00,0.00,0,0
1544345487,1004-eth2,36183.82,1043556.50,1079740.25,1044600,36220,489.51,359.64,849.15,360,490,0.00,0.00,0,0
1544345487,2004-eth4,14623.38,209534.47,224157.84,209744,14638,162.84,78.92,241.76,79,163,0.00,0.00,0,0
1544345487,1001-eth2,3976.02,3916.08,7892.11,3920,3980,40.96,39.96,80.92,40,41,0.00,0.00,0,0
1544345487,1003-eth3,155188.81,4351.65,159540.47,4356,155344,71.93,65.93,137.86,66,72,0.00,0.00,0,0
1544345487,2002-eth4,1217160.88,1222279.75,2439440.75,1223502,1218378,820.18,766.23,1586.41,767,821,0.00,0.00,0,0
1544345487,1001-eth4,0.00,59.94,59.94,60,0,0.00,1.00,1.00,1,0,0.00,0.00,0,0
1544345487,3001-eth2,260008.00,8975.03,268983.03,8984,260268,125.87,105.89,231.77,106,126,0.00,0.00,0,0
1544345487,1004-eth1,1188615.38,283348.66,1471964.12,283632,1189804,409.59,479.52,889.11,480,410,0.00,0.00,0,0
1544345487,3005-eth4,1223264.75,1216040.00,2439304.75,1217256,1224488,759.24,803.20,1562.44,804,760,0.00,0.00,0,0
1544345487,1003-eth2,1003522.50,389842.16,1393364.62,390232,1004526,410.59,487.51,898.10,488,411,0.00,0.00,0,0
1544345487,3008-eth1,0.00,59.94,59.94,60,0,0.00,1.00,1.00,1,0,0.00,0.00,0,0
1544345487,1002-eth3,7832.17,7892.11,15724.28,7900,7840,79.92,80.92,160.84,81,80,0.00,0.00,0,0
1544345487,2006-eth1,4351.65,155188.81,159540.47,155344,4356,65.93,71.93,137.86,72,66,0.00,0.00,0,0
1544345487,3003-eth1,7832.17,7832.17,15664.34,7840,7840,79.92,79.92,159.84,80,80,0.00,0.00,0,0
1544345487,2001-eth3,7832.17,7892.11,15724.28,7900,7840,79.92,80.92,160.84,81,80,0.00,0.00,0,0
1544345487,2008-eth2,36183.82,1222553.50,1258737.25,1223776,36220,489.51,463.54,953.05,464,490,0.00,0.00,0,0
1544345487,2008-eth3,1219230.75,699720.31,1918951.12,700420,1220450,632.37,629.37,1261.74,630,633,0.00,0.00,0,0
1544345487,1001-eth3,59.94,59.94,119.88,60,60,1.00,1.00,2.00,1,1,0.00,0.00,0,0
1544345487,2007-eth4,59.94,0.00,59.94,0,60,1.00,0.00,1.00,0,1,0.00,0.00,0,0
1544345487,2004-eth2,1043556.50,36183.82,1079740.25,36220,1044600,359.64,489.51,849.15,490,360,0.00,0.00,0,0
1544345487,3002-eth1,7832.17,7832.17,15664.34,7840,7840,79.92,79.92,159.84,80,80,0.00,0.00,0,0
1544345487,3004-eth1,7892.11,7832.17,15724.28,7840,7900,80.92,79.92,160.84,80,81,0.00,0.00,0,0
1544345487,2006-eth3,1220507.50,1215648.38,2436156.00,1216864,1221728,783.22,819.18,1602.40,820,784,0.00,0.00,0,0
1544345487,3004-eth2,209534.47,14623.38,224157.84,14638,209744,78.92,162.84,241.76,163,79,0.00,0.00,0,0
1544345487,3001-eth3,1218983.00,286315.69,1505298.75,286602,1220202,529.47,524.48,1053.95,525,530,0.00,0.00,0,0
1544345487,2003-eth4,7832.17,7892.11,15724.28,7900,7840,79.92,80.92,160.84,81,80,0.00,0.00,0,0
1544345487,2008-eth4,1220597.38,39422.58,1260020.00,39462,1221818,439.56,508.49,948.05,509,440,0.00,0.00,0,0
1544345487,3008-eth3,1218729.25,550259.75,1768989.00,550810,1219948,607.39,600.40,1207.79,601,608,0.00,0.00,0,0
1544345487,2005-eth2,7892.11,7832.17,15724.28,7840,7900,80.92,79.92,160.84,80,81,0.00,0.00,0,0
1544345487,2006-eth4,22747.25,1154619.38,1177366.62,1155774,22770,344.66,398.60,743.26,399,345,0.00,0.00,0,0
1544345487,3006-eth2,1154619.38,22747.25,1177366.62,22770,1155774,398.60,344.66,743.26,345,399,0.00,0.00,0,0
1544345487,1003-eth4,409308.69,13656.34,422965.03,13670,409718,146.85,176.82,323.68,177,147,0.00,0.00,0,0
1544345487,2006-eth2,1188615.38,23274.73,1211890.12,23298,1189804,409.59,352.65,762.24,353,410,0.00,0.00,0,0
1544345487,3001-eth1,7892.11,7832.17,15724.28,7840,7900,80.92,79.92,160.84,80,81,0.00,0.00,0,0
1544345487,3008-eth2,39422.58,1220597.38,1260020.00,1221818,39462,508.49,439.56,948.05,440,509,0.00,0.00,0,0
1544345487,2004-eth3,1025082.94,1223858.12,2248941.00,1225082,1026108,737.26,768.23,1505.49,769,738,0.00,0.00,0,0
1544345487,3001-eth4,34133.87,1218673.38,1252807.25,1219892,34168,478.52,497.50,976.02,498,479,0.00,0.00,0,0
1544345487,1003-eth1,35876.12,1199005.00,1234881.12,1200204,35912,513.49,413.59,927.07,414,514,0.00,0.00,0,0
1544345487,3002-eth2,1222279.75,1217160.88,2439440.75,1218378,1223502,766.23,820.18,1586.41,821,767,0.00,0.00,0,0
1544345487,2005-eth4,7832.17,7892.11,15724.28,7900,7840,79.92,80.92,160.84,81,80,0.00,0.00,0,0
1544345487,3003-eth2,1223858.12,1025082.94,2248941.00,1026108,1225082,768.23,737.26,1505.49,738,769,0.00,0.00,0,0
1544345487,2007-eth1,59.94,0.00,59.94,0,60,1.00,0.00,1.00,0,1,0.00,0.00,0,0
1544345487,1002-eth4,0.00,59.94,59.94,60,0,0.00,1.00,1.00,1,0,0.00,0.00,0,0
1544345487,3002-eth4,12579.42,234297.70,246877.12,234532,12592,151.85,157.84,309.69,158,152,0.00,0.00,0,0
1544345487,2007-eth3,59.94,0.00,59.94,0,60,1.00,0.00,1.00,0,1,0.00,0.00,0,0
1544345487,3005-eth1,0.00,0.00,0.00,0,0,0.00,0.00,0.00,0,0,0.00,0.00,0,0
1544345487,2001-eth4,7832.17,7832.17,15664.34,7840,7840,79.92,79.92,159.84,80,80,0.00,0.00,0,0
1544345487,3003-eth4,29392.61,1024757.25,1054149.88,1025782,29422,406.59,430.57,837.16,431,407,0.00,0.00,0,0
1544345487,2004-eth1,389842.16,1003522.50,1393364.62,1004526,390232,487.51,410.59,898.10,411,488,0.00,0.00,0,0
1544345487,3006-eth4,33870.13,1218673.38,1252543.50,1219892,33904,474.53,497.50,972.03,498,475,0.00,0.00,0,0
1544345487,3007-eth1,0.00,59.94,59.94,60,0,0.00,1.00,1.00,1,0,0.00,0.00,0,0
1544345487,2008-eth1,13656.34,409308.69,422965.03,409718,13670,176.82,146.85,323.68,147,177,0.00,0.00,0,0
1544345487,2002-eth2,283348.66,1188615.38,1471964.12,1189804,283632,479.52,409.59,889.11,410,480,0.00,0.00,0,0
1544345487,2003-eth1,3916.08,3976.02,7892.11,3980,3920,39.96,40.96,80.92,41,40,0.00,0.00,0,0
1544345487,3008-eth4,1225880.12,579210.81,1805091.00,579790,1227106,711.29,676.32,1387.61,677,712,0.00,0.00,0,0
1544345487,1004-eth4,1222553.50,36183.82,1258737.25,36220,1223776,463.54,489.51,953.05,490,464,0.00,0.00,0,0
1544345487,3006-eth1,7892.11,7832.17,15724.28,7840,7900,80.92,79.92,160.84,80,81,0.00,0.00,0,0
1544345487,1004-eth3,23274.73,1188615.38,1211890.12,1189804,23298,352.65,409.59,762.24,410,353,0.00,0.00,0,0
1544345487,1002-eth2,7832.17,7832.17,15664.34,7840,7840,79.92,79.92,159.84,80,80,0.00,0.00,0,0
1544345487,3004-eth3,34067.93,1218673.38,1252741.25,1219892,34102,477.52,497.50,975.03,498,478,0.00,0.00,0,0
1544345487,2003-eth3,7832.17,7832.17,15664.34,7840,7840,79.92,79.92,159.84,80,80,0.00,0.00,0,0
1544345487,2005-eth1,59.94,59.94,119.88,60,60,1.00,1.00,2.00,1,1,0.00,0.00,0,0
1544345487,3002-eth3,1215306.75,1198351.62,2413658.50,1199550,1216522,748.25,798.20,1546.45,799,749,0.00,0.00,0,0
1544345487,3006-eth3,1217079.00,1177638.38,2394717.25,1178816,1218296,731.27,791.21,1522.48,792,732,0.00,0.00,0,0
1544345487,2001-eth1,3916.08,3976.02,7892.11,3980,3920,39.96,40.96,80.92,41,40,0.00,0.00,0,0
1544345487,3005-eth2,1215648.38,1220507.50,2436156.00,1221728,1216864,819.18,783.22,1602.40,784,820,0.00,0.00,0,0
1544345487,2001-eth2,7832.17,7832.17,15664.34,7840,7840,79.92,79.92,159.84,80,80,0.00,0.00,0,0
1544345487,3007-eth2,699720.31,1219230.75,1918951.12,1220450,700420,629.37,632.37,1261.74,633,630,0.00,0.00,0,0
1544345487,1001-eth1,3976.02,3916.08,7892.11,3920,3980,40.96,39.96,80.92,40,41,0.00,0.00,0,0
1544345487,3007-eth4,221090.92,309594.41,530685.31,309904,221312,171.83,175.82,347.65,176,172,0.00,0.00,0,0
1544345487,2003-eth2,7832.17,7832.17,15664.34,7840,7840,79.92,79.92,159.84,80,80,0.00,0.00,0,0
1544345487,3007-eth3,998139.88,387232.78,1385372.62,387620,999138,460.54,453.55,914.09,454,461,0.00,0.00,0,0
1544345487,1002-eth1,7832.17,7832.17,15664.34,7840,7840,79.92,79.92,159.84,80,80,0.00,0.00,0,0
1544345487,2002-eth3,8975.03,260008.00,268983.03,260268,8984,105.89,125.87,231.77,126,106,0.00,0.00,0,0
1544345487,2007-eth2,59.94,0.00,59.94,0,60,1.00,0.00,1.00,0,1,0.00,0.00,0,0
1544345487,total,32331116.00,32439382.00,64770496.00,32471820,32363446,23767.23,23856.14,47623.38,23880,23791,0.00,0.00,0,0
1544345488,3003-eth3,1007924.12,178785.22,1186709.38,178964,1008932,389.61,385.61,775.22,386,390,0.00,0.00,0,0
1544345488,2002-eth1,1191574.50,35604.40,1227178.88,35640,1192766,410.59,539.46,950.05,540,411,0.00,0.00,0,0
1544345488,lo,7368.63,7368.63,14737.26,7376,7376,71.93,71.93,143.86,72,72,0.00,0.00,0,0
1544345488,3005-eth3,1073902.12,1100341.75,2174243.75,1101442,1074976,710.29,716.28,1426.57,717,711,0.00,0.00,0,0
1544345488,2005-eth3,0.00,59.94,59.94,60,0,0.00,1.00,1.00,1,0,0.00,0.00,0,0
1544345488,3004-eth4,1218267.75,165844.16,1384111.88,166010,1219486,470.53,452.55,923.08,453,471,0.00,0.00,0,0
1544345488,1004-eth2,25684.32,1039150.88,1064835.25,1040190,25710,374.63,358.64,733.27,359,375,0.00,0.00,0,0
1544345488,2004-eth4,4123.88,139404.59,143528.47,139544,4128,47.95,51.95,99.90,52,48,0.00,0.00,0,0
1544345488,1001-eth2,3818.18,3878.12,7696.30,3882,3822,38.96,39.96,78.92,40,39,0.00,0.00,0,0
1544345488,1003-eth3,157026.98,2895.10,159922.08,2898,157184,55.94,43.96,99.90,44,56,0.00,0.00,0,0
1544345488,2002-eth4,1219856.12,1216621.38,2436477.50,1217838,1221076,817.18,746.25,1563.44,747,818,0.00,0.00,0,0
1544345488,1001-eth4,0.00,0.00,0.00,0,0,0.00,0.00,0.00,0,0,0.00,0.00,0,0
1544345488,3001-eth2,390791.22,8901.10,399692.31,8910,391182,134.87,134.87,269.73,135,135,0.00,0.00,0,0
1544345488,1004-eth1,1190127.88,412879.12,1603007.00,413292,1191318,410.59,469.53,880.12,470,411,0.00,0.00,0,0
1544345488,3005-eth4,1214781.25,1214173.88,2428955.00,1215388,1215996,784.22,797.20,1581.42,798,785,0.00,0.00,0,0
1544345488,1003-eth2,1007924.12,315692.31,1323616.38,316008,1008932,389.61,443.56,833.17,444,390,0.00,0.00,0,0
1544345488,3008-eth1,0.00,0.00,0.00,0,0,0.00,0.00,0.00,0,0,0.00,0.00,0,0
1544345488,1002-eth3,7636.36,7734.27,15370.63,7742,7644,77.92,78.92,156.84,79,78,0.00,0.00,0,0
1544345488,2006-eth1,2895.10,157026.98,159922.08,157184,2898,43.96,55.94,99.90,56,44,0.00,0.00,0,0
1544345488,3003-eth1,7636.36,7598.40,15234.77,7606,7644,77.92,77.92,155.84,78,78,0.00,0.00,0,0
1544345488,2001-eth3,7598.40,7440.56,15038.96,7448,7606,77.92,75.92,153.85,76,78,0.00,0.00,0,0
1544345488,2008-eth2,25684.32,1219718.38,1245402.62,1220938,25710,374.63,420.58,795.20,421,375,0.00,0.00,0,0
1544345488,2008-eth3,1215356.62,789998.00,2005354.75,790788,1216572,661.34,660.34,1321.68,661,662,0.00,0.00,0,0
1544345488,1001-eth3,0.00,0.00,0.00,0,0,0.00,0.00,0.00,0,0,0.00,0.00,0,0
1544345488,2007-eth4,0.00,0.00,0.00,0,0,0.00,0.00,0.00,0,0,0.00,0.00,0,0
1544345488,2004-eth2,1039150.88,25684.32,1064835.25,25710,1040190,358.64,374.63,733.27,375,359,0.00,0.00,0,0
1544345488,3002-eth1,7734.27,7794.21,15528.47,7802,7742,78.92,79.92,158.84,80,79,0.00,0.00,0,0
1544345488,3004-eth1,7636.36,7794.21,15430.57,7802,7644,77.92,79.92,157.84,80,78,0.00,0.00,0,0
1544345488,2006-eth3,1212743.25,1215902.12,2428645.50,1217118,1213956,753.25,801.20,1554.45,802,754,0.00,0.00,0,0
1544345488,3004-eth2,139404.59,4123.88,143528.47,4128,139544,51.95,47.95,99.90,48,52,0.00,0.00,0,0
1544345488,3001-eth3,1213296.75,416901.12,1630197.88,417318,1214510,542.46,530.47,1072.93,531,543,0.00,0.00,0,0
1544345488,2003-eth4,7794.21,7636.36,15430.57,7644,7802,79.92,77.92,157.84,78,80,0.00,0.00,0,0
1544345488,2008-eth4,1216281.75,28183.82,1244465.62,28212,1217498,472.53,412.59,885.11,413,473,0.00,0.00,0,0
1544345488,3008-eth3,1213142.88,414543.47,1627686.38,414958,1214356,611.39,582.42,1193.81,583,612,0.00,0.00,0,0
1544345488,2005-eth2,7734.27,7636.36,15370.63,7644,7742,78.92,77.92,156.84,78,79,0.00,0.00,0,0
1544345488,2006-eth4,22939.06,1179738.25,1202677.38,1180918,22962,347.65,406.59,754.25,407,348,0.00,0.00,0,0
1544345488,3006-eth2,1179738.25,22939.06,1202677.38,22962,1180918,406.59,347.65,754.25,348,407,0.00,0.00,0,0
1544345488,1003-eth4,325890.12,13384.62,339274.75,13398,326216,115.88,202.80,318.68,203,116,0.00,0.00,0,0
1544345488,2006-eth2,1190187.88,22153.85,1212341.75,22176,1191378,411.59,335.66,747.25,336,412,0.00,0.00,0,0
1544345488,3001-eth1,7440.56,7598.40,15038.96,7606,7448,75.92,77.92,153.85,78,76,0.00,0.00,0,0
1544345488,3008-eth2,28183.82,1216281.75,1244465.62,1217498,28212,412.59,472.53,885.11,473,413,0.00,0.00,0,0
1544345488,2004-eth3,1029484.56,1215504.50,2244989.00,1216720,1030514,716.28,751.25,1467.53,752,717,0.00,0.00,0,0
1544345488,3001-eth4,33714.29,1216933.12,1250647.38,1218150,33748,473.53,494.51,968.03,495,474,0.00,0.00,0,0
1544345488,1003-eth1,35604.40,1191574.50,1227178.88,1192766,35640,539.46,410.59,950.05,411,540,0.00,0.00,0,0
1544345488,3002-eth2,1216621.38,1219856.12,2436477.50,1221076,1217838,746.25,817.18,1563.44,818,747,0.00,0.00,0,0
1544345488,2005-eth4,7636.36,7734.27,15370.63,7742,7644,77.92,78.92,156.84,79,78,0.00,0.00,0,0
1544345488,3003-eth2,1215504.50,1029484.56,2244989.00,1030514,1216720,751.25,716.28,1467.53,717,752,0.00,0.00,0,0
1544345488,2007-eth1,0.00,0.00,0.00,0,0,0.00,0.00,0.00,0,0,0.00,0.00,0,0
1544345488,1002-eth4,0.00,0.00,0.00,0,0,0.00,0.00,0.00,0,0,0.00,0.00,0,0
1544345488,3002-eth4,12277.72,216445.56,228723.28,216662,12290,147.85,150.85,298.70,151,148,0.00,0.00,0,0
1544345488,2007-eth3,0.00,59.94,59.94,60,0,0.00,1.00,1.00,1,0,0.00,0.00,0,0
1544345488,3005-eth1,59.94,0.00,59.94,0,60,1.00,0.00,1.00,0,1,0.00,0.00,0,0
1544345488,2001-eth4,7794.21,7734.27,15528.47,7742,7802,79.92,78.92,158.84,79,80,0.00,0.00,0,0
1544345488,3003-eth4,29098.90,1018643.38,1047742.31,1019662,29128,403.60,426.57,830.17,427,404,0.00,0.00,0,0
1544345488,2004-eth1,315692.31,1007924.12,1323616.38,1008932,316008,443.56,389.61,833.17,390,444,0.00,0.00,0,0
1544345488,3006-eth4,33548.45,1215616.38,1249164.88,1216832,33582,470.53,495.50,966.03,496,471,0.00,0.00,0,0
1544345488,3007-eth1,59.94,0.00,59.94,0,60,1.00,0.00,1.00,0,1,0.00,0.00,0,0
1544345488,2008-eth1,13384.62,325890.12,339274.75,326216,13398,202.80,115.88,318.68,116,203,0.00,0.00,0,0
1544345488,2002-eth2,412879.12,1190127.88,1603007.00,1191318,413292,469.53,410.59,880.12,411,470,0.00,0.00,0,0
1544345488,2003-eth1,3878.12,3818.18,7696.30,3822,3882,39.96,38.96,78.92,39,40,0.00,0.00,0,0
1544345488,3008-eth4,1215322.75,716627.38,1931950.12,717344,1216538,688.31,659.34,1347.65,660,689,0.00,0.00,0,0
1544345488,1004-eth4,1219718.38,25684.32,1245402.62,25710,1220938,420.58,374.63,795.20,375,421,0.00,0.00,0,0
1544345488,3006-eth1,7734.27,7636.36,15370.63,7644,7742,78.92,77.92,156.84,78,79,0.00,0.00,0,0
1544345488,1004-eth3,22153.85,1190187.88,1212341.75,1191378,22176,335.66,411.59,747.25,412,336,0.00,0.00,0,0
1544345488,1002-eth2,7538.46,7598.40,15136.86,7606,7546,76.92,77.92,154.85,78,77,0.00,0.00,0,0
1544345488,3004-eth3,34239.76,1209698.38,1243938.12,1210908,34274,480.52,493.51,974.03,494,481,0.00,0.00,0,0
1544345488,2003-eth3,7598.40,7636.36,15234.77,7644,7606,77.92,77.92,155.84,78,78,0.00,0.00,0,0
1544345488,2005-eth1,0.00,0.00,0.00,0,0,0.00,0.00,0.00,0,0,0.00,0.00,0,0
1544345488,3002-eth3,1209520.50,1204137.88,2413658.50,1205342,1210730,748.25,798.20,1546.45,799,749,0.00,0.00,0,0
1544345488,3006-eth3,1212539.50,1205650.38,2418190.00,1206856,1213752,750.25,799.20,1549.45,800,751,0.00,0.00,0,0
1544345488,2001-eth1,3878.12,3818.18,7696.30,3822,3882,39.96,38.96,78.92,39,40,0.00,0.00,0,0
1544345488,3005-eth2,1215902.12,1212743.25,2428645.50,1213956,1217118,801.20,753.25,1554.45,754,802,0.00,0.00,0,0
1544345488,2001-eth2,7500.50,7538.46,15038.96,7546,7508,76.92,76.92,153.85,77,77,0.00,0.00,0,0
1544345488,3007-eth2,788422.75,1212933.25,2001356.00,1216572,790788,659.02,660.02,1319.04,662,661,0.00,0.00,0,0
1544345488,1001-eth1,3810.57,3870.39,7680.96,3882,3822,38.88,39.88,78.76,40,39,0.00,0.00,0,0
1544345488,3007-eth4,215140.58,460965.09,676105.69,462348,215786,219.34,225.32,444.67,226,220,0.00,0.00,0,0
1544345488,2003-eth2,7583.25,7523.43,15106.68,7546,7606,77.77,76.77,154.54,77,78,0.00,0.00,0,0
1544345488,3007-eth3,997912.25,327397.81,1325310.12,328380,1000906,442.67,432.70,875.37,434,444,0.00,0.00,0,0
1544345488,1002-eth1,7523.43,7583.25,15106.68,7606,7546,76.77,77.77,154.54,78,77,0.00,0.00,0,0
1544345488,2002-eth3,8883.35,390011.97,398895.31,391182,8910,134.60,134.60,269.19,135,135,0.00,0.00,0,0
1544345488,2007-eth2,0.00,0.00,0.00,0,0,0.00,0.00,0.00,0,0,0.00,0.00,0,0
1544345488,total,32298960.00,32645592.00,64944552.00,32743528,32395856,23042.87,23150.55,46193.42,23220,23112,0.00,0.00,0,0
1544345489,3003-eth3,1014636.12,175672.98,1190309.12,176200,1017680,389.83,386.84,776.67,388,391,0.00,0.00,0,0
1544345489,2002-eth1,1193661.00,34085.74,1227746.75,34188,1197242,411.76,516.45,928.22,518,413,0.00,0.00,0,0
1544345489,lo,64656.03,64656.03,129312.06,64850,64850,284.15,284.15,568.30,285,285,0.00,0.00,0,0
1544345489,3005-eth3,1086688.00,1104735.75,2191423.75,1108050,1089948,715.85,726.82,1442.67,729,718,0.00,0.00,0,0
1544345489,2005-eth3,59.76,0.00,59.76,0,60,1.00,0.00,1.00,0,1,0.00,0.00,0,0
1544345489,3004-eth4,1219018.00,681830.69,1900848.62,684558,1223894,524.90,628.49,1153.39,631,527,0.00,0.00,0,0
1544345489,1004-eth2,29490.04,1039055.81,1068545.88,1043212,29608,442.23,359.56,801.79,361,444,0.00,0.00,0,0
1544345489,2004-eth4,7790.84,655470.12,663261.00,658092,7822,113.55,229.08,342.63,230,114,0.00,0.00,0,0
1544345489,1001-eth2,3904.38,3904.38,7808.77,3920,3920,39.84,39.84,79.68,40,40,0.00,0.00,0,0
1544345489,1003-eth3,156426.30,2629.48,159055.78,2640,157052,53.78,39.84,93.63,40,54,0.00,0.00,0,0
1544345489,2002-eth4,1212143.50,1211675.38,2423818.75,1216522,1216992,796.81,746.02,1542.83,749,800,0.00,0.00,0,0
1544345489,1001-eth4,0.00,0.00,0.00,0,0,0.00,0.00,0.00,0,0,0.00,0.00,0,0
1544345489,3001-eth2,386733.09,7099.60,393832.69,7128,388280,134.46,107.57,242.03,108,135,0.00,0.00,0,0
1544345489,1004-eth1,1192472.12,408826.72,1601298.88,410462,1197242,411.35,469.12,880.48,471,413,0.00,0.00,0,0
1544345489,3005-eth4,1218599.62,1218241.12,2436840.75,1223114,1223474,742.03,801.79,1543.82,805,745,0.00,0.00,0,0
1544345489,1003-eth2,1013565.75,834569.75,1848135.50,837908,1017620,388.45,626.49,1014.94,629,390,0.00,0.00,0,0
1544345489,3008-eth1,0.00,0.00,0.00,0,0,0.00,0.00,0.00,0,0,0.00,0.00,0,0
1544345489,1002-eth3,7711.16,7613.55,15324.70,7644,7742,78.69,77.69,156.37,78,79,0.00,0.00,0,0
1544345489,2006-eth1,2629.48,156426.30,159055.78,157052,2640,39.84,53.78,93.63,54,40,0.00,0.00,0,0
1544345489,3003-eth1,7770.92,7808.77,15579.68,7840,7802,79.68,79.68,159.36,80,80,0.00,0.00,0,0
1544345489,2001-eth3,7515.94,7613.55,15129.48,7644,7546,76.69,77.69,154.38,78,77,0.00,0.00,0,0
1544345489,2008-eth2,29490.04,1222039.88,1251529.88,1226928,29608,442.23,422.31,864.54,424,444,0.00,0.00,0,0
1544345489,2008-eth3,1214478.12,774268.94,1988747.12,777366,1219336,657.37,652.39,1309.76,655,660,0.00,0.00,0,0
1544345489,1001-eth3,0.00,0.00,0.00,0,0,0.00,0.00,0.00,0,0,0.00,0.00,0,0
1544345489,2007-eth4,0.00,0.00,0.00,0,0,0.00,0.00,0.00,0,0,0.00,0.00,0,0
1544345489,2004-eth2,1039055.81,29490.04,1068545.88,29608,1043212,359.56,442.23,801.79,444,361,0.00,0.00,0,0
1544345489,3002-eth1,7868.53,7808.77,15677.29,7840,7900,80.68,79.68,160.36,80,81,0.00,0.00,0,0
1544345489,3004-eth1,7711.16,7613.55,15324.70,7644,7742,78.69,77.69,156.37,78,79,0.00,0.00,0,0
1544345489,2006-eth3,1219864.62,1218175.38,2438040.00,1223048,1224744,717.13,800.80,1517.93,804,720,0.00,0.00,0,0
1544345489,3004-eth2,655470.12,7790.84,663261.00,7822,658092,229.08,113.55,342.63,114,230,0.00,0.00,0,0
1544345489,3001-eth3,1220617.62,413165.34,1633782.88,414818,1225500,531.87,534.86,1066.73,537,534,0.00,0.00,0,0
1544345489,2003-eth4,7613.55,7711.16,15324.70,7742,7644,77.69,78.69,156.37,79,78,0.00,0.00,0,0
1544345489,2008-eth4,1216665.38,26137.45,1242802.88,26242,1221532,428.29,391.43,819.72,393,430,0.00,0.00,0,0
1544345489,3008-eth3,1215543.88,478727.09,1694271.00,480642,1220406,572.71,566.73,1139.44,569,575,0.00,0.00,0,0
1544345489,2005-eth2,7613.55,7711.16,15324.70,7742,7644,77.69,78.69,156.37,79,78,0.00,0.00,0,0
1544345489,2006-eth4,23073.71,1186631.50,1209705.25,1191378,23166,349.60,410.36,759.96,412,351,0.00,0.00,0,0
1544345489,3006-eth2,1186631.50,23073.71,1209705.25,23166,1191378,410.36,349.60,759.96,351,412,0.00,0.00,0,0
1544345489,1003-eth4,837006.00,11438.25,848444.25,11484,840354,291.83,173.31,465.14,174,293,0.00,0.00,0,0
1544345489,2006-eth2,1192472.12,22153.39,1214625.50,22242,1197242,411.35,335.66,747.01,337,413,0.00,0.00,0,0
1544345489,3001-eth1,7613.55,7515.94,15129.48,7546,7644,77.69,76.69,154.38,77,78,0.00,0.00,0,0
1544345489,3008-eth2,26137.45,1216665.38,1242802.88,1221532,26242,391.43,428.29,819.72,430,393,0.00,0.00,0,0
1544345489,2004-eth3,1035384.50,1218029.88,2253414.50,1222902,1039526,719.12,754.98,1474.10,758,722,0.00,0.00,0,0
1544345489,3001-eth4,34007.97,1220639.50,1254647.50,1225522,34144,478.09,495.02,973.11,497,480,0.00,0.00,0,0
1544345489,1003-eth1,34051.79,1192472.12,1226524.00,1197242,34188,515.94,411.35,927.29,413,518,0.00,0.00,0,0
1544345489,3002-eth2,1211675.38,1212143.50,2423818.75,1216992,1216522,746.02,796.81,1542.83,800,749,0.00,0.00,0,0
1544345489,2005-eth4,7770.92,7613.55,15384.46,7644,7802,79.68,77.69,157.37,78,80,0.00,0.00,0,0
1544345489,3003-eth2,1218029.88,1035384.50,2253414.50,1039526,1222902,754.98,719.12,1474.10,722,758,0.00,0.00,0,0
1544345489,2007-eth1,0.00,0.00,0.00,0,0,0.00,0.00,0.00,0,0,0.00,0.00,0,0
1544345489,1002-eth4,0.00,0.00,0.00,0,0,0.00,0.00,0.00,0,0,0.00,0.00,0,0
1544345489,3002-eth4,12147.41,209996.02,222143.44,210836,12196,145.42,149.40,294.82,150,146,0.00,0.00,0,0
1544345489,2007-eth3,0.00,0.00,0.00,0,0,0.00,0.00,0.00,0,0,0.00,0.00,0,0
1544345489,3005-eth1,0.00,59.76,59.76,60,0,0.00,1.00,1.00,1,0,0.00,0.00,0,0
1544345489,2001-eth4,7808.77,7868.53,15677.29,7900,7840,79.68,80.68,160.36,81,80,0.00,0.00,0,0
1544345489,3003-eth4,29627.49,1015697.25,1045324.75,1019760,29746,410.36,426.29,836.65,428,412,0.00,0.00,0,0
1544345489,2004-eth1,834569.75,1013565.75,1848135.50,1017620,837908,626.49,388.45,1014.94,390,629,0.00,0.00,0,0
1544345489,3006-eth4,33611.55,1220737.12,1254348.62,1225620,33746,471.12,496.02,967.13,498,473,0.00,0.00,0,0
1544345489,3007-eth1,0.00,0.00,0.00,0,0,0.00,0.00,0.00,0,0,0.00,0.00,0,0
1544345489,2008-eth1,11438.25,837006.00,848444.25,840354,11484,173.31,291.83,465.14,293,174,0.00,0.00,0,0
1544345489,2002-eth2,408826.72,1192472.12,1601298.88,1197242,410462,469.12,411.35,880.48,413,471,0.00,0.00,0,0
1544345489,2003-eth1,3904.38,3904.38,7808.77,3920,3920,39.84,39.84,79.68,40,40,0.00,0.00,0,0
1544345489,3008-eth4,1224175.38,767882.50,1992057.88,770954,1229072,776.89,638.45,1415.34,641,780,0.00,0.00,0,0
1544345489,1004-eth4,1222039.88,29490.04,1251529.88,29608,1226928,422.31,442.23,864.54,444,424,0.00,0.00,0,0
1544345489,3006-eth1,7613.55,7770.92,15384.46,7802,7644,77.69,79.68,157.37,80,78,0.00,0.00,0,0
1544345489,1004-eth3,22153.39,1192472.12,1214625.50,1197242,22242,335.66,411.35,747.01,413,337,0.00,0.00,0,0
1544345489,1002-eth2,7613.55,7613.55,15227.09,7644,7644,77.69,77.69,155.38,78,78,0.00,0.00,0,0
1544345489,3004-eth3,33974.11,1217786.88,1251761.00,1222658,34110,477.09,495.02,972.11,497,479,0.00,0.00,0,0
1544345489,2003-eth3,7808.77,7770.92,15579.68,7802,7840,79.68,79.68,159.36,80,80,0.00,0.00,0,0
1544345489,2005-eth1,0.00,0.00,0.00,0,0,0.00,0.00,0.00,0,0,0.00,0.00,0,0
1544345489,3002-eth3,1214975.12,1191565.25,2406540.50,1195140,1218620,734.80,795.61,1530.41,798,737,0.00,0.00,0,0
1544345489,3006-eth3,1216033.88,1213681.00,2429714.75,1217322,1219682,750.75,802.59,1553.34,805,753,0.00,0.00,0,0
1544345489,2001-eth1,3908.28,3908.28,7816.55,3920,3920,39.88,39.88,79.76,40,40,0.00,0.00,0,0
1544345489,3005-eth2,1219389.88,1221080.75,2440470.50,1224744,1223048,801.60,717.85,1519.44,720,804,0.00,0.00,0,0
1544345489,2001-eth2,7621.14,7523.43,15144.57,7546,7644,77.77,76.77,154.54,77,78,0.00,0.00,0,0
1544345489,3007-eth2,775814.38,1216902.25,1992716.62,1219336,777366,653.69,658.68,1312.38,660,655,0.00,0.00,0,0
1544345489,1001-eth1,3912.18,3912.18,7824.35,3920,3920,39.92,39.92,79.84,40,40,0.00,0.00,0,0
1544345489,3007-eth4,205694.61,286818.38,492513.00,287392,206106,160.68,163.67,324.35,164,161,0.00,0.00,0,0
1544345489,2003-eth2,7628.74,7628.74,15257.49,7644,7644,77.84,77.84,155.69,78,78,0.00,0.00,0,0
1544345489,3007-eth3,1011207.62,496419.19,1507626.75,497412,1013230,498.00,493.01,991.02,494,499,0.00,0.00,0,0
1544345489,1002-eth1,7530.94,7530.94,15061.88,7546,7546,76.85,76.85,153.69,77,77,0.00,0.00,0,0
1544345489,2002-eth3,7113.77,387505.00,394618.78,388280,7128,107.78,134.73,242.51,135,108,0.00,0.00,0,0
1544345489,2007-eth2,0.00,0.00,0.00,0,0,0.00,0.00,0.00,0,0,0.00,0.00,0,0
1544345489,total,34086348.00,35012840.00,69099184.00,35082866,34154520,23926.15,24145.71,48071.86,24194,23974,0.00,0.00,0,0
1544345490,3003-eth3,1018808.44,170002.00,1188810.38,170342,1020846,394.21,386.23,780.44,387,395,0.00,0.00,0,0
1544345490,2002-eth1,1191956.12,37341.32,1229297.50,37416,1194340,412.18,565.87,978.04,567,413,0.00,0.00,0,0
1544345490,lo,7774.45,7774.45,15548.90,7790,7790,75.85,75.85,151.70,76,76,0.00,0.00,0,0
1544345490,3005-eth3,1076079.88,1096443.12,2172523.00,1098636,1078232,714.57,716.57,1431.14,718,716,0.00,0.00,0,0
1544345490,2005-eth3,0.00,0.00,0.00,0,0,0.00,0.00,0.00,0,0,0.00,0.00,0,0
1544345490,3004-eth4,1218217.88,222000.00,1440217.88,222222,1219436,485.51,470.53,956.04,471,486,0.00,0.00,0,0
1544345490,1004-eth2,26043.96,1034679.38,1060723.25,1035714,26070,394.61,356.64,751.25,357,395,0.00,0.00,0,0
1544345490,2004-eth4,4285.71,195560.44,199846.16,195756,4290,64.94,69.93,134.87,70,65,0.00,0.00,0,0
1544345490,1001-eth2,3916.08,3916.08,7832.17,3920,3920,39.96,39.96,79.92,40,40,0.00,0.00,0,0
1544345490,1003-eth3,158467.53,2901.10,161368.64,2904,158626,55.94,43.96,99.90,44,56,0.00,0.00,0,0
1544345490,2002-eth4,1217554.50,1215828.25,2433382.75,1217044,1218772,848.15,756.24,1604.40,757,849,0.00,0.00,0,0
1544345490,1001-eth4,0.00,0.00,0.00,0,0,0.00,0.00,0.00,0,0,0.00,0.00,0,0
1544345490,3001-eth2,501788.22,9554.45,511342.66,9564,502290,172.83,144.86,317.68,145,173,0.00,0.00,0,0
1544345490,1004-eth1,1193146.88,524463.56,1717610.38,524988,1194340,412.59,516.48,929.07,517,413,0.00,0.00,0,0
1544345490,3005-eth4,1216811.25,1216105.88,2432917.25,1217322,1218028,705.29,804.20,1509.49,805,706,0.00,0.00,0,0
1544345490,1003-eth2,1019886.12,377242.78,1397128.88,377620,1020906,395.60,477.52,873.13,478,396,0.00,0.00,0,0
1544345490,3008-eth1,59.94,0.00,59.94,0,60,1.00,0.00,1.00,0,1,0.00,0.00,0,0
1544345490,1002-eth3,7794.21,7734.27,15528.47,7742,7802,79.92,78.92,158.84,79,80,0.00,0.00,0,0
1544345490,2006-eth1,2901.10,158467.53,161368.64,158626,2904,43.96,55.94,99.90,56,44,0.00,0.00,0,0
1544345490,3003-eth1,7832.17,7832.17,15664.34,7840,7840,79.92,79.92,159.84,80,80,0.00,0.00,0,0
1544345490,2001-eth3,7832.17,7832.17,15664.34,7840,7840,79.92,79.92,159.84,80,80,0.00,0.00,0,0
1544345490,2008-eth2,26103.90,1218205.88,1244309.75,1219424,26130,395.60,419.58,815.18,420,396,0.00,0.00,0,0
1544345490,2008-eth3,1216793.25,729442.56,1946235.88,730172,1218010,639.36,641.36,1280.72,642,640,0.00,0.00,0,0
1544345490,1001-eth3,0.00,0.00,0.00,0,0,0.00,0.00,0.00,0,0,0.00,0.00,0,0
1544345490,2007-eth4,0.00,59.94,59.94,60,0,0.00,1.00,1.00,1,0,0.00,0.00,0,0
1544345490,2004-eth2,1034679.38,26043.96,1060723.25,26070,1035714,356.64,394.61,751.25,395,357,0.00,0.00,0,0
1544345490,3002-eth1,7734.27,7734.27,15468.53,7742,7742,78.92,78.92,157.84,79,79,0.00,0.00,0,0
1544345490,3004-eth1,7832.17,7832.17,15664.34,7840,7840,79.92,79.92,159.84,80,80,0.00,0.00,0,0
1544345490,2006-eth3,1212861.12,1219196.88,2432058.00,1220416,1214074,711.29,807.19,1518.48,808,712,0.00,0.00,0,0
1544345490,3004-eth2,195560.44,4285.71,199846.16,4290,195756,69.93,64.94,134.87,65,70,0.00,0.00,0,0
1544345490,3001-eth3,1220401.62,528161.88,1748563.50,528690,1221622,562.44,572.43,1134.87,573,563,0.00,0.00,0,0
1544345490,2003-eth4,7832.17,7832.17,15664.34,7840,7840,79.92,79.92,159.84,80,80,0.00,0.00,0,0
1544345490,2008-eth4,1221362.62,28087.91,1249450.62,28116,1222584,423.58,425.57,849.15,426,424,0.00,0.00,0,0
1544345490,3008-eth3,1220072.00,513432.59,1733504.50,513946,1221292,557.44,568.43,1125.87,569,558,0.00,0.00,0,0
1544345490,2005-eth2,7734.27,7794.21,15528.47,7802,7742,78.92,79.92,158.84,80,79,0.00,0.00,0,0
1544345490,2006-eth4,23208.79,1190127.88,1213336.75,1191318,23232,351.65,410.59,762.24,411,352,0.00,0.00,0,0
1544345490,3006-eth2,1190127.88,23208.79,1213336.75,23232,1191318,410.59,351.65,762.24,352,411,0.00,0.00,0,0
1544345490,1003-eth4,371782.22,14103.90,385886.12,14118,372154,131.87,213.79,345.65,214,132,0.00,0.00,0,0
1544345490,2006-eth2,1193087.00,22615.38,1215702.38,22638,1194280,411.59,342.66,754.25,343,412,0.00,0.00,0,0
1544345490,3001-eth1,7832.17,7832.17,15664.34,7840,7840,79.92,79.92,159.84,80,80,0.00,0.00,0,0
1544345490,3008-eth2,28087.91,1221362.62,1249450.62,1222584,28116,425.57,423.58,849.15,424,426,0.00,0.00,0,0
1544345490,2004-eth3,1041584.44,1216361.62,2257946.00,1217578,1042626,724.28,764.24,1488.51,765,725,0.00,0.00,0,0
1544345490,3001-eth4,34205.80,1221632.38,1255838.25,1222854,34240,479.52,498.50,978.02,499,480,0.00,0.00,0,0
1544345490,1003-eth1,37378.62,1193146.88,1230525.50,1194340,37416,566.43,412.59,979.02,413,567,0.00,0.00,0,0
1544345490,3002-eth2,1215828.25,1217554.50,2433382.75,1218772,1217044,756.24,848.15,1604.40,849,757,0.00,0.00,0,0
1544345490,2005-eth4,7734.27,7734.27,15468.53,7742,7742,78.92,78.92,157.84,79,79,0.00,0.00,0,0
1544345490,3003-eth2,1216361.62,1041584.44,2257946.00,1042626,1217578,764.24,724.28,1488.51,725,765,0.00,0.00,0,0
1544345490,2007-eth1,0.00,0.00,0.00,0,0,0.00,0.00,0.00,0,0,0.00,0.00,0,0
1544345490,1002-eth4,59.94,0.00,59.94,0,60,1.00,0.00,1.00,0,1,0.00,0.00,0,0
1544345490,3002-eth4,12349.65,226835.17,239184.83,227062,12362,148.85,154.85,303.70,155,149,0.00,0.00,0,0
1544345490,2007-eth3,0.00,0.00,0.00,0,0,0.00,0.00,0.00,0,0,0.00,0.00,0,0
1544345490,3005-eth1,0.00,0.00,0.00,0,0,0.00,0.00,0.00,0,0,0.00,0.00,0,0
1544345490,2001-eth4,7734.27,7734.27,15468.53,7742,7742,78.92,78.92,157.84,79,79,0.00,0.00,0,0
1544345490,3003-eth4,29590.41,1009962.06,1039552.50,1010972,29620,409.59,425.57,835.16,426,410,0.00,0.00,0,0
1544345490,2004-eth1,377242.78,1019886.12,1397128.88,1020906,377620,477.52,395.60,873.13,396,478,0.00,0.00,0,0
1544345490,3006-eth4,33778.22,1218575.50,1252353.62,1219794,33812,473.53,496.50,970.03,497,474,0.00,0.00,0,0
1544345490,3007-eth1,0.00,0.00,0.00,0,0,0.00,0.00,0.00,0,0,0.00,0.00,0,0
1544345490,2008-eth1,14103.90,371782.22,385886.12,372154,14118,213.79,131.87,345.65,132,214,0.00,0.00,0,0
1544345490,2002-eth2,524463.56,1193146.88,1717610.38,1194340,524988,516.48,412.59,929.07,413,517,0.00,0.00,0,0
1544345490,2003-eth1,3916.08,3916.08,7832.17,3920,3920,39.96,39.96,79.92,40,40,0.00,0.00,0,0
1544345490,3008-eth4,1218771.25,817096.94,2035868.12,817914,1219990,669.33,676.32,1345.65,677,670,0.00,0.00,0,0
1544345490,1004-eth4,1218205.88,26103.90,1244309.75,26130,1219424,419.58,395.60,815.18,396,420,0.00,0.00,0,0
1544345490,3006-eth1,7734.27,7734.27,15468.53,7742,7742,78.92,78.92,157.84,79,79,0.00,0.00,0,0
1544345490,1004-eth3,22615.38,1193087.00,1215702.38,1194280,22638,342.66,411.59,754.25,412,343,0.00,0.00,0,0
1544345490,1002-eth2,7892.11,7832.17,15724.28,7840,7900,80.92,79.92,160.84,80,81,0.00,0.00,0,0
1544345490,3004-eth3,34271.73,1221632.38,1255904.12,1222854,34306,480.52,498.50,979.02,499,481,0.00,0.00,0,0
1544345490,2003-eth3,7832.17,7832.17,15664.34,7840,7840,79.92,79.92,159.84,80,80,0.00,0.00,0,0
1544345490,2005-eth1,0.00,0.00,0.00,0,0,0.00,0.00,0.00,0,0,0.00,0.00,0,0
1544345490,3002-eth3,1212879.12,1213015.00,2425894.25,1214228,1214092,777.22,801.20,1578.42,802,778,0.00,0.00,0,0
1544345490,3006-eth3,1218925.12,1216171.88,2435097.00,1217388,1220144,759.24,805.19,1564.44,806,760,0.00,0.00,0,0
1544345490,2001-eth1,3916.08,3916.08,7832.17,3920,3920,39.96,39.96,79.92,40,40,0.00,0.00,0,0
1544345490,3005-eth2,1219196.88,1212861.12,2432058.00,1214074,1220416,807.19,711.29,1518.48,712,808,0.00,0.00,0,0
1544345490,2001-eth2,7734.27,7794.21,15528.47,7802,7742,78.92,79.92,158.84,80,79,0.00,0.00,0,0
1544345490,3007-eth2,729442.56,1216793.25,1946235.88,1218010,730172,641.36,639.36,1280.72,640,642,0.00,0.00,0,0
1544345490,1001-eth1,3916.08,3916.08,7832.17,3920,3920,39.96,39.96,79.92,40,40,0.00,0.00,0,0
1544345490,3007-eth4,216887.12,387910.09,604797.25,388298,217104,195.80,200.80,396.60,201,196,0.00,0.00,0,0
1544345490,2003-eth2,7832.17,7892.11,15724.28,7900,7840,79.92,80.92,160.84,81,80,0.00,0.00,0,0
1544345490,3007-eth3,999846.19,334035.97,1333882.12,334370,1000846,442.56,436.56,879.12,437,443,0.00,0.00,0,0
1544345490,1002-eth1,7794.21,7734.27,15528.47,7742,7802,79.92,78.92,158.84,79,80,0.00,0.00,0,0
1544345490,2002-eth3,9554.45,501788.22,511342.66,502290,9564,144.86,172.83,317.68,173,145,0.00,0.00,0,0
1544345490,2007-eth2,0.00,59.94,59.94,60,0,0.00,1.00,1.00,1,0,0.00,0.00,0,0
1544345490,total,32789120.00,33419410.00,66208528.00,33452828,32821908,23271.73,23528.47,46800.20,23552,23295,0.00,0.00,0,0
1544345491,3003-eth3,1007990.06,162543.47,1170533.50,162706,1008998,390.61,380.62,771.23,381,391,0.00,0.00,0,0
1544345491,2002-eth1,1196046.00,31648.35,1227694.38,31680,1197242,412.59,479.52,892.11,480,413,0.00,0.00,0,0
1544345491,lo,7368.63,7368.63,14737.26,7376,7376,71.93,71.93,143.86,72,72,0.00,0.00,0,0
1544345491,3005-eth3,1077220.75,1094711.38,2171932.25,1095806,1078298,716.28,718.28,1434.57,719,717,0.00,0.00,0,0
1544345491,2005-eth3,0.00,0.00,0.00,0,0,0.00,0.00,0.00,0,0,0.00,0.00,0,0
1544345491,3004-eth4,1219348.62,578465.56,1797814.25,579044,1220568,590.41,589.41,1179.82,590,591,0.00,0.00,0,0
1544345491,1004-eth2,33158.84,1045068.94,1078227.75,1046114,33192,502.50,360.64,863.14,361,503,0.00,0.00,0,0
1544345491,2004-eth4,11670.33,552157.88,563828.19,552710,11682,176.82,190.81,367.63,191,177,0.00,0.00,0,0
1544345491,1001-eth2,3976.02,3916.08,7892.11,3920,3980,40.96,39.96,80.92,40,41,0.00,0.00,0,0
1544345491,1003-eth3,150977.03,2901.10,153878.12,2904,151128,51.95,43.96,95.90,44,52,0.00,0.00,0,0
1544345491,2002-eth4,1223144.88,1217870.12,2441015.00,1219088,1224368,823.18,743.26,1566.43,744,824,0.00,0.00,0,0
1544345491,1001-eth4,59.94,59.94,119.88,60,60,1.00,1.00,2.00,1,1,0.00,0.00,0,0
1544345491,3001-eth2,236855.16,4351.65,241206.80,4356,237092,81.92,65.93,147.85,66,82,0.00,0.00,0,0
1544345491,1004-eth1,1193087.00,258745.27,1451832.25,259004,1194280,411.59,413.59,825.17,414,412,0.00,0.00,0,0
1544345491,3005-eth4,1221612.38,1219262.75,2440875.25,1220482,1222834,712.29,808.19,1520.48,809,713,0.00,0.00,0,0
1544345491,1003-eth2,1007990.06,725618.38,1733608.50,726344,1008998,390.61,583.42,974.03,584,391,0.00,0.00,0,0
1544345491,3008-eth1,0.00,59.94,59.94,60,0,0.00,1.00,1.00,1,0,0.00,0.00,0,0
1544345491,1002-eth3,7832.17,7794.21,15626.37,7802,7840,79.92,79.92,159.84,80,80,0.00,0.00,0,0
1544345491,2006-eth1,2901.10,150977.03,153878.12,151128,2904,43.96,51.95,95.90,52,44,0.00,0.00,0,0
1544345491,3003-eth1,7832.17,7832.17,15664.34,7840,7840,79.92,79.92,159.84,80,80,0.00,0.00,0,0
1544345491,2001-eth3,7832.17,7892.11,15724.28,7900,7840,79.92,80.92,160.84,81,80,0.00,0.00,0,0
1544345491,2008-eth2,33098.90,1221290.75,1254389.62,1222512,33132,501.50,422.58,924.08,423,502,0.00,0.00,0,0
1544345491,2008-eth3,1218835.25,695314.69,1914149.88,696010,1220054,626.37,628.37,1254.75,629,627,0.00,0.00,0,0
1544345491,1001-eth3,59.94,59.94,119.88,60,60,1.00,1.00,2.00,1,1,0.00,0.00,0,0
1544345491,2007-eth4,59.94,0.00,59.94,0,60,1.00,0.00,1.00,0,1,0.00,0.00,0,0
1544345491,2004-eth2,1045068.94,33158.84,1078227.75,33192,1046114,360.64,502.50,863.14,503,361,0.00,0.00,0,0
1544345491,3002-eth1,7832.17,7832.17,15664.34,7840,7840,79.92,79.92,159.84,80,80,0.00,0.00,0,0
1544345491,3004-eth1,7832.17,7734.27,15566.43,7742,7840,79.92,78.92,158.84,79,80,0.00,0.00,0,0
1544345491,2006-eth3,1221876.12,1218933.12,2440809.25,1220152,1223098,716.28,803.20,1519.48,804,717,0.00,0.00,0,0
1544345491,3004-eth2,552157.88,11670.33,563828.19,11682,552710,190.81,176.82,367.63,177,191,0.00,0.00,0,0
1544345491,3001-eth3,1221302.75,263426.59,1484729.25,263690,1222524,488.51,484.52,973.03,485,489,0.00,0.00,0,0
1544345491,2003-eth4,7734.27,7832.17,15566.43,7840,7742,78.92,79.92,158.84,80,79,0.00,0.00,0,0
1544345491,2008-eth4,1222869.12,26505.50,1249374.62,26532,1224092,424.58,401.60,826.17,402,425,0.00,0.00,0,0
1544345491,3008-eth3,1224149.88,596285.75,1820435.62,596882,1225374,597.40,596.40,1193.81,597,598,0.00,0.00,0,0
1544345491,2005-eth2,7794.21,7832.17,15626.37,7840,7802,79.92,79.92,159.84,80,80,0.00,0.00,0,0
1544345491,2006-eth4,22945.05,1193087.00,1216032.00,1194280,22968,347.65,411.59,759.24,412,348,0.00,0.00,0,0
1544345491,3006-eth2,1193087.00,22945.05,1216032.00,22968,1194280,411.59,347.65,759.24,348,412,0.00,0.00,0,0
1544345491,1003-eth4,743114.88,9164.83,752279.75,9174,743858,256.74,138.86,395.60,139,257,0.00,0.00,0,0
1544345491,2006-eth2,1193087.00,21950.05,1215037.00,21972,1194280,411.59,332.67,744.26,333,412,0.00,0.00,0,0
1544345491,3001-eth1,7892.11,7832.17,15724.28,7840,7900,80.92,79.92,160.84,80,81,0.00,0.00,0,0
1544345491,3008-eth2,26505.50,1222869.12,1249374.62,1224092,26532,401.60,424.58,826.17,425,402,0.00,0.00,0,0
1544345491,2004-eth3,1029418.62,1218529.50,2247948.00,1219748,1030448,715.28,753.25,1468.53,754,716,0.00,0.00,0,0
1544345491,3001-eth4,34463.54,1221632.38,1256096.00,1222854,34498,483.52,498.50,982.02,499,484,0.00,0.00,0,0
1544345491,1003-eth1,31648.35,1196046.00,1227694.38,1197242,31680,479.52,412.59,892.11,413,480,0.00,0.00,0,0
1544345491,3002-eth2,1217870.12,1223144.88,2441015.00,1224368,1219088,743.26,823.18,1566.43,824,744,0.00,0.00,0,0
1544345491,2005-eth4,7832.17,7794.21,15626.37,7802,7840,79.92,79.92,159.84,80,80,0.00,0.00,0,0
1544345491,3003-eth2,1218529.50,1029418.62,2247948.00,1030448,1219748,753.25,715.28,1468.53,716,754,0.00,0.00,0,0
1544345491,2007-eth1,59.94,59.94,119.88,60,60,1.00,1.00,2.00,1,1,0.00,0.00,0,0
1544345491,1002-eth4,0.00,59.94,59.94,60,0,0.00,1.00,1.00,1,0,0.00,0.00,0,0
1544345491,3002-eth4,12381.62,228379.62,240761.25,228608,12394,148.85,155.84,304.70,156,149,0.00,0.00,0,0
1544345491,2007-eth3,59.94,0.00,59.94,0,60,1.00,0.00,1.00,0,1,0.00,0.00,0,0
1544345491,3005-eth1,0.00,0.00,0.00,0,0,0.00,0.00,0.00,0,0,0.00,0.00,0,0
1544345491,2001-eth4,7832.17,7832.17,15664.34,7840,7840,79.92,79.92,159.84,80,80,0.00,0.00,0,0
1544345491,3003-eth4,29260.74,998125.88,1027386.62,999124,29290,404.60,421.58,826.17,422,405,0.00,0.00,0,0
1544345491,2004-eth1,725618.38,1007990.06,1733608.50,1008998,726344,583.42,390.61,974.03,391,584,0.00,0.00,0,0
1544345491,3006-eth4,34133.87,1220088.00,1254221.75,1221308,34168,478.52,497.50,976.02,498,479,0.00,0.00,0,0
1544345491,3007-eth1,0.00,59.94,59.94,60,0,0.00,1.00,1.00,1,0,0.00,0.00,0,0
1544345491,2008-eth1,9164.83,743114.88,752279.75,743858,9174,138.86,256.74,395.60,257,139,0.00,0.00,0,0
1544345491,2002-eth2,258745.27,1193087.00,1451832.25,1194280,259004,413.59,411.59,825.17,412,414,0.00,0.00,0,0
1544345491,2003-eth1,3916.08,3976.02,7892.11,3980,3920,39.96,40.96,80.92,41,40,0.00,0.00,0,0
1544345491,3008-eth4,1223240.75,704917.12,1928157.88,705622,1224464,627.37,642.36,1269.73,643,628,0.00,0.00,0,0
1544345491,1004-eth4,1221290.75,33098.90,1254389.62,33132,1222512,422.58,501.50,924.08,502,423,0.00,0.00,0,0
1544345491,3006-eth1,7794.21,7832.17,15626.37,7840,7802,79.92,79.92,159.84,80,80,0.00,0.00,0,0
1544345491,1004-eth3,21950.05,1193087.00,1215037.00,1194280,21972,332.67,411.59,744.26,412,333,0.00,0.00,0,0
1544345491,1002-eth2,7734.27,7832.17,15566.43,7840,7742,78.92,79.92,158.84,80,79,0.00,0.00,0,0
1544345491,3004-eth3,34101.90,1217226.75,1251328.75,1218444,34136,478.52,497.50,976.02,498,479,0.00,0.00,0,0
1544345491,2003-eth3,7832.17,7832.17,15664.34,7840,7840,79.92,79.92,159.84,80,80,0.00,0.00,0,0
1544345491,2005-eth1,59.94,59.94,119.88,60,60,1.00,1.00,2.00,1,1,0.00,0.00,0,0
1544345491,3002-eth3,1215636.38,1222090.00,2437726.25,1223312,1216852,753.25,807.19,1560.44,808,754,0.00,0.00,0,0
1544345491,3006-eth3,1221818.25,1219328.75,2441147.00,1220548,1223040,759.24,809.19,1568.43,810,760,0.00,0.00,0,0
1544345491,2001-eth1,3916.08,3976.02,7892.11,3980,3920,39.96,40.96,80.92,41,40,0.00,0.00,0,0
1544345491,3005-eth2,1218933.12,1221876.12,2440809.25,1223098,1220152,803.20,716.28,1519.48,717,804,0.00,0.00,0,0
1544345491,2001-eth2,7832.17,7832.17,15664.34,7840,7840,79.92,79.92,159.84,80,80,0.00,0.00,0,0
1544345491,3007-eth2,695314.69,1218835.25,1914149.88,1220054,696010,628.37,626.37,1254.75,627,629,0.00,0.00,0,0
1544345491,1001-eth1,3976.02,3916.08,7892.11,3920,3980,40.96,39.96,80.92,40,41,0.00,0.00,0,0
1544345491,3007-eth4,226811.19,305320.69,532131.88,305626,227038,170.83,176.82,347.65,177,171,0.00,0.00,0,0
1544345491,2003-eth2,7832.17,7734.27,15566.43,7742,7840,79.92,78.92,158.84,79,80,0.00,0.00,0,0
1544345491,3007-eth3,992024.00,389994.03,1382018.00,390384,993016,455.54,451.55,907.09,452,456,0.00,0.00,0,0
1544345491,1002-eth1,7832.17,7832.17,15664.34,7840,7840,79.92,79.92,159.84,80,80,0.00,0.00,0,0
1544345491,2002-eth3,4351.65,236855.16,241206.80,237092,4356,65.93,81.92,147.85,82,66,0.00,0.00,0,0
1544345491,2007-eth2,59.94,0.00,59.94,0,60,1.00,0.00,1.00,0,1,0.00,0.00,0,0
1544345491,total,33325484.00,33971784.00,67297264.00,34005756,33358808,23398.60,23678.32,47076.92,23702,23422,0.00,0.00,0,0
1544345492,3003-eth3,1033504.50,185668.34,1219172.88,185854,1034538,404.60,406.59,811.19,407,405,0.00,0.00,0,0
1544345492,2002-eth1,1196111.88,42203.80,1238315.75,42246,1197308,413.59,534.47,948.05,535,414,0.00,0.00,0,0
1544345492,lo,66415.59,66415.59,132831.17,66482,66482,299.70,299.70,599.40,300,300,0.00,0.00,0,0
1544345492,3005-eth3,1099176.88,1089096.88,2188273.75,1090186,1100276,720.28,732.27,1452.55,733,721,0.00,0.00,0,0
1544345492,2005-eth3,0.00,59.94,59.94,60,0,0.00,1.00,1.00,1,0,0.00,0.00,0,0
1544345492,3004-eth4,1220525.50,332997.00,1553522.50,333330,1221746,520.48,508.49,1028.97,509,521,0.00,0.00,0,0
1544345492,1004-eth2,29010.99,1037638.38,1066649.38,1038676,29040,439.56,357.64,797.20,358,440,0.00,0.00,0,0
1544345492,2004-eth4,6527.47,306617.41,313144.88,306924,6534,98.90,108.89,207.79,109,99,0.00,0.00,0,0
1544345492,1001-eth2,3916.08,3976.02,7892.11,3980,3920,39.96,40.96,80.92,41,40,0.00,0.00,0,0
1544345492,1003-eth3,153936.06,3164.84,157100.91,3168,154090,52.95,47.95,100.90,48,53,0.00,0.00,0,0
1544345492,2002-eth4,1221057.00,1223013.00,2444070.00,1224236,1222278,834.17,821.18,1655.34,822,835,0.00,0.00,0,0
1544345492,1001-eth4,0.00,0.00,0.00,0,0,0.00,0.00,0.00,0,0,0.00,0.00,0,0
1544345492,3001-eth2,384873.12,7516.48,392389.62,7524,385258,132.87,113.89,246.75,114,133,0.00,0.00,0,0
1544345492,1004-eth1,1187168.88,411774.25,1598943.12,412186,1188356,409.59,540.46,950.05,541,410,0.00,0.00,0,0
1544345492,3005-eth4,1221942.12,1222287.75,2444229.75,1223510,1223164,717.28,810.19,1527.47,811,718,0.00,0.00,0,0
1544345492,1003-eth2,1033504.50,490617.41,1524121.88,491108,1034538,404.60,521.48,926.07,522,405,0.00,0.00,0,0
1544345492,3008-eth1,0.00,0.00,0.00,0,0,0.00,0.00,0.00,0,0,0.00,0.00,0,0
1544345492,1002-eth3,7734.27,7832.17,15566.43,7840,7742,78.92,79.92,158.84,80,79,0.00,0.00,0,0
1544345492,2006-eth1,3164.84,153936.06,157100.91,154090,3168,47.95,52.95,100.90,53,48,0.00,0.00,0,0
1544345492,3003-eth1,7734.27,7892.11,15626.37,7900,7742,78.92,80.92,159.84,81,79,0.00,0.00,0,0
1544345492,2001-eth3,7892.11,7832.17,15724.28,7840,7900,80.92,79.92,160.84,80,81,0.00,0.00,0,0
1544345492,2008-eth2,29010.99,1222677.38,1251688.38,1223900,29040,439.56,421.58,861.14,422,440,0.00,0.00,0,0
1544345492,2008-eth3,1222313.75,602937.06,1825250.75,603540,1223536,591.41,600.40,1191.81,601,592,0.00,0.00,0,0
1544345492,1001-eth3,0.00,0.00,0.00,0,0,0.00,0.00,0.00,0,0,0.00,0.00,0,0
1544345492,2007-eth4,0.00,0.00,0.00,0,0,0.00,0.00,0.00,0,0,0.00,0.00,0,0
1544345492,2004-eth2,1037638.38,29010.99,1066649.38,29040,1038676,357.64,439.56,797.20,440,358,0.00,0.00,0,0
1544345492,3002-eth1,7874.13,7934.07,15808.19,7942,7882,80.92,81.92,162.84,82,81,0.00,0.00,0,0
1544345492,3004-eth1,7794.21,7794.21,15588.41,7802,7802,79.92,79.92,159.84,80,80,0.00,0.00,0,0
1544345492,2006-eth3,1219770.25,1222275.75,2442046.00,1223498,1220990,706.29,823.18,1529.47,824,707,0.00,0.00,0,0
1544345492,3004-eth2,306617.41,6527.47,313144.88,6534,306924,108.89,98.90,207.79,99,109,0.00,0.00,0,0
1544345492,3001-eth3,1222565.50,411312.69,1633878.12,411724,1223788,529.47,533.47,1062.94,534,530,0.00,0.00,0,0
1544345492,2003-eth4,7794.21,7794.21,15588.41,7802,7802,79.92,79.92,159.84,80,80,0.00,0.00,0,0
1544345492,2008-eth4,1221296.75,27092.91,1248389.62,27120,1222518,422.58,410.59,833.17,411,423,0.00,0.00,0,0
1544345492,3008-eth3,1218365.62,528095.94,1746461.62,528624,1219584,575.42,571.43,1146.85,572,576,0.00,0.00,0,0
1544345492,2005-eth2,7832.17,7734.27,15566.43,7742,7840,79.92,78.92,158.84,79,80,0.00,0.00,0,0
1544345492,2006-eth4,31882.12,1196046.00,1227928.12,1197242,31914,364.64,412.59,777.22,413,365,0.00,0.00,0,0
1544345492,3006-eth2,1196046.00,31882.12,1227928.12,31914,1197242,412.59,364.64,777.22,365,413,0.00,0.00,0,0
1544345492,1003-eth4,472329.69,12079.92,484409.59,12092,472802,164.84,173.83,338.66,174,165,0.00,0.00,0,0
1544345492,2006-eth2,1187168.88,26901.10,1214070.00,26928,1188356,409.59,407.59,817.18,408,410,0.00,0.00,0,0
1544345492,3001-eth1,7832.17,7892.11,15724.28,7900,7840,79.92,80.92,160.84,81,80,0.00,0.00,0,0
1544345492,3008-eth2,27092.91,1221296.75,1248389.62,1222518,27120,410.59,422.58,833.17,423,411,0.00,0.00,0,0
1544345492,2004-eth3,1055988.00,1221698.38,2277686.50,1222920,1057044,745.25,771.23,1516.48,772,746,0.00,0.00,0,0
1544345492,3001-eth4,34271.73,1223144.88,1257416.62,1224368,34306,480.52,499.50,980.02,500,481,0.00,0.00,0,0
1544345492,1003-eth1,42203.80,1196111.88,1238315.75,1197308,42246,534.47,413.59,948.05,414,535,0.00,0.00,0,0
1544345492,3002-eth2,1223013.00,1221057.00,2444070.00,1222278,1224236,821.18,834.17,1655.34,835,822,0.00,0.00,0,0
1544345492,2005-eth4,7734.27,7832.17,15566.43,7840,7742,78.92,79.92,158.84,80,79,0.00,0.00,0,0
1544345492,3003-eth2,1221698.38,1055988.00,2277686.50,1057044,1222920,771.23,745.25,1516.48,746,772,0.00,0.00,0,0
1544345492,2007-eth1,0.00,0.00,0.00,0,0,0.00,0.00,0.00,0,0,0.00,0.00,0,0
1544345492,1002-eth4,41.96,41.96,83.92,42,42,1.00,1.00,2.00,1,1,0.00,0.00,0,0
1544345492,3002-eth4,12467.53,194821.19,207288.72,195016,12480,143.86,151.85,295.70,152,144,0.00,0.00,0,0
1544345492,2007-eth3,41.96,101.90,143.86,102,42,1.00,2.00,3.00,2,1,0.00,0.00,0,0
1544345492,3005-eth1,59.94,0.00,59.94,0,60,1.00,0.00,1.00,0,1,0.00,0.00,0,0
1544345492,2001-eth4,7934.07,7874.13,15808.19,7882,7942,81.92,80.92,162.84,81,82,0.00,0.00,0,0
1544345492,3003-eth4,30315.69,1043926.12,1074241.75,1044970,30346,420.58,436.56,857.14,437,421,0.00,0.00,0,0
1544345492,2004-eth1,490617.41,1033504.50,1524121.88,1034538,491108,521.48,404.60,926.07,405,522,0.00,0.00,0,0
1544345492,3006-eth4,33844.16,1221632.38,1255476.50,1222854,33878,474.53,498.50,973.03,499,475,0.00,0.00,0,0
1544345492,3007-eth1,101.90,41.96,143.86,42,102,2.00,1.00,3.00,1,2,0.00,0.00,0,0
1544345492,2008-eth1,12079.92,472329.69,484409.59,472802,12092,173.83,164.84,338.66,165,174,0.00,0.00,0,0
1544345492,2002-eth2,411774.25,1187168.88,1598943.12,1188356,412186,540.46,409.59,950.05,410,541,0.00,0.00,0,0
1544345492,2003-eth1,3976.02,3916.08,7892.11,3920,3980,40.96,39.96,80.92,40,41,0.00,0.00,0,0
1544345492,3008-eth4,1220949.12,892651.38,2113600.50,893544,1222170,680.32,703.30,1383.62,704,681,0.00,0.00,0,0
1544345492,1004-eth4,1222677.38,29010.99,1251688.38,29040,1223900,421.58,439.56,861.14,440,422,0.00,0.00,0,0
1544345492,3006-eth1,7832.17,7734.27,15566.43,7742,7840,79.92,78.92,158.84,79,80,0.00,0.00,0,0
1544345492,1004-eth3,26901.10,1187168.88,1214070.00,1188356,26928,407.59,409.59,817.18,410,408,0.00,0.00,0,0
1544345492,1002-eth2,7832.17,7794.21,15626.37,7802,7840,79.92,79.92,159.84,80,80,0.00,0.00,0,0
1544345492,3004-eth3,34173.83,1224493.50,1258667.38,1225718,34208,479.52,498.50,978.02,499,480,0.00,0.00,0,0
1544345492,2003-eth3,7892.11,7734.27,15626.37,7742,7900,80.92,78.92,159.84,79,81,0.00,0.00,0,0
1544345492,2005-eth1,0.00,0.00,0.00,0,0,0.00,0.00,0.00,0,0,0.00,0.00,0,0
1544345492,3002-eth3,1219422.62,989916.12,2209338.75,990906,1220642,772.23,796.20,1568.43,797,773,0.00,0.00,0,0
1544345492,3006-eth3,1221878.12,1222155.88,2444034.00,1223378,1223100,760.24,808.19,1568.43,809,761,0.00,0.00,0,0
1544345492,2001-eth1,3976.02,3916.08,7892.11,3920,3980,40.96,39.96,80.92,40,41,0.00,0.00,0,0
1544345492,3005-eth2,1222275.75,1219770.25,2442046.00,1220990,1223498,823.18,706.29,1529.47,707,824,0.00,0.00,0,0
1544345492,2001-eth2,7934.07,7874.13,15808.19,7882,7942,81.92,80.92,162.84,81,82,0.00,0.00,0,0
1544345492,3007-eth2,602937.06,1222313.75,1825250.75,1223536,603540,600.40,591.41,1191.81,592,601,0.00,0.00,0,0
1544345492,1001-eth1,3916.08,3976.02,7892.11,3980,3920,39.96,40.96,80.92,41,40,0.00,0.00,0,0
1544345492,3007-eth4,184299.70,256255.75,440555.47,256512,184484,140.86,147.85,288.71,148,141,0.00,0.00,0,0
1544345492,2003-eth2,7794.21,7832.17,15626.37,7840,7802,79.92,79.92,159.84,80,80,0.00,0.00,0,0
1544345492,3007-eth3,1038175.88,346663.34,1384839.25,347010,1039214,453.55,452.55,906.09,453,454,0.00,0.00,0,0
1544345492,1002-eth1,7874.13,7934.07,15808.19,7942,7882,80.92,81.92,162.84,82,81,0.00,0.00,0,0
1544345492,2002-eth3,7516.48,384873.12,392389.62,385258,7524,113.89,132.87,246.75,133,114,0.00,0.00,0,0
1544345492,2007-eth2,41.96,41.96,83.92,42,42,1.00,1.00,2.00,1,1,0.00,0.00,0,0
1544345492,total,32959886.00,33299126.00,66259012.00,33332424,32992844,23722.28,24004.00,47726.28,24028,23746,0.00,0.00,0,0
1544345493,3003-eth3,1000351.69,132489.52,1132841.25,132622,1001352,436.56,438.56,875.12,439,437,0.00,0.00,0,0
1544345493,2002-eth1,1195069.00,49320.68,1244389.62,49370,1196264,463.54,554.45,1017.98,555,464,0.00,0.00,0,0
1544345493,lo,7008.99,7008.99,14017.98,7016,7016,68.93,68.93,137.86,69,69,0.00,0.00,0,0
1544345493,3005-eth3,1090701.38,1112269.75,2202971.00,1113382,1091792,723.28,740.26,1463.54,741,724,0.00,0.00,0,0
1544345493,2005-eth3,59.94,0.00,59.94,0,60,1.00,0.00,1.00,0,1,0.00,0.00,0,0
1544345493,3004-eth4,1217244.75,461484.53,1678729.38,461946,1218462,558.44,548.45,1106.89,549,559,0.00,0.00,0,0
1544345493,1004-eth2,31054.95,1071760.25,1102815.25,1072832,31086,470.53,370.63,841.16,371,471,0.00,0.00,0,0
1544345493,2004-eth4,9554.45,435176.84,444731.28,435612,9564,144.86,149.85,294.71,150,145,0.00,0.00,0,0
1544345493,1001-eth2,3916.08,3916.08,7832.17,3920,3920,39.96,39.96,79.92,40,40,0.00,0.00,0,0
1544345493,1003-eth3,111854.15,3868.13,115722.28,3872,111966,50.95,44.96,95.90,45,51,0.00,0.00,0,0
1544345493,2002-eth4,1219047.00,1222233.75,2441280.75,1223456,1220266,840.16,875.12,1715.28,876,841,0.00,0.00,0,0
1544345493,1001-eth4,0.00,0.00,0.00,0,0,0.00,0.00,0.00,0,0,0.00,0.00,0,0
1544345493,3001-eth2,341994.00,6593.41,348587.44,6600,342336,118.88,99.90,218.78,100,119,0.00,0.00,0,0
1544345493,1004-eth1,1178291.75,369098.91,1547390.62,369468,1179470,406.59,529.47,936.06,530,407,0.00,0.00,0,0
1544345493,3005-eth4,1219302.75,1223222.75,2442525.50,1224446,1220522,699.30,810.19,1509.49,811,700,0.00,0.00,0,0
1544345493,1003-eth2,1000291.75,582963.06,1583254.75,583546,1001292,435.56,583.42,1018.98,584,436,0.00,0.00,0,0
1544345493,3008-eth1,0.00,0.00,0.00,0,0,0.00,0.00,0.00,0,0,0.00,0.00,0,0
1544345493,1002-eth3,7832.17,7734.27,15566.43,7742,7840,79.92,78.92,158.84,79,80,0.00,0.00,0,0
1544345493,2006-eth1,3868.13,111854.15,115722.28,111966,3872,44.96,50.95,95.90,51,45,0.00,0.00,0,0
1544345493,3003-eth1,7892.11,7636.36,15528.47,7644,7900,80.92,77.92,158.84,78,81,0.00,0.00,0,0
1544345493,2001-eth3,7734.27,7734.27,15468.53,7742,7742,78.92,78.92,157.84,79,79,0.00,0.00,0,0
1544345493,2008-eth2,31054.95,1218271.75,1249326.75,1219490,31086,470.53,420.58,891.11,421,471,0.00,0.00,0,0
1544345493,2008-eth3,1216729.25,709324.69,1926054.00,710034,1217946,616.38,634.37,1250.75,635,617,0.00,0.00,0,0
1544345493,1001-eth3,0.00,0.00,0.00,0,0,0.00,0.00,0.00,0,0,0.00,0.00,0,0
1544345493,2007-eth4,0.00,0.00,0.00,0,0,0.00,0.00,0.00,0,0,0.00,0.00,0,0
1544345493,2004-eth2,1071760.25,31054.95,1102815.25,31086,1072832,370.63,470.53,841.16,471,371,0.00,0.00,0,0
1544345493,3002-eth1,7794.21,7734.27,15528.47,7742,7802,79.92,78.92,158.84,79,80,0.00,0.00,0,0
1544345493,3004-eth1,7734.27,7832.17,15566.43,7840,7742,78.92,79.92,158.84,80,79,0.00,0.00,0,0
1544345493,2006-eth3,1217602.38,1216281.75,2433884.25,1217498,1218820,717.28,814.19,1531.47,815,718,0.00,0.00,0,0
1544345493,3004-eth2,435176.84,9554.45,444731.28,9564,435612,149.85,144.86,294.71,145,150,0.00,0.00,0,0
1544345493,3001-eth3,1220459.62,368373.62,1588833.25,368742,1221680,519.48,518.48,1037.96,519,520,0.00,0.00,0,0
1544345493,2003-eth4,7832.17,7734.27,15566.43,7742,7840,79.92,78.92,158.84,79,80,0.00,0.00,0,0
1544345493,2008-eth4,1221230.75,25846.15,1247077.00,25872,1222452,421.58,391.61,813.19,392,422,0.00,0.00,0,0
1544345493,3008-eth3,1222309.75,498439.56,1720749.25,498938,1223532,569.43,560.44,1129.87,561,570,0.00,0.00,0,0
1544345493,2005-eth2,7734.27,7832.17,15566.43,7840,7742,78.92,79.92,158.84,80,79,0.00,0.00,0,0
1544345493,2006-eth4,34241.76,921058.94,955300.75,921980,34276,364.64,388.61,753.25,389,365,0.00,0.00,0,0
1544345493,3006-eth2,921058.94,34241.76,955300.75,34276,921980,388.61,364.64,753.25,365,389,0.00,0.00,0,0
1544345493,1003-eth4,633762.25,13448.55,647210.81,13462,634396,221.78,172.83,394.61,173,222,0.00,0.00,0,0
1544345493,2006-eth2,1178351.62,27164.84,1205516.50,27192,1179530,407.59,411.59,819.18,412,408,0.00,0.00,0,0
1544345493,3001-eth1,7734.27,7734.27,15468.53,7742,7742,78.92,78.92,157.84,79,79,0.00,0.00,0,0
1544345493,3008-eth2,25846.15,1221230.75,1247077.00,1222452,25872,391.61,421.58,813.19,422,392,0.00,0.00,0,0
1544345493,2004-eth3,1021912.12,1219486.50,2241398.75,1220706,1022934,763.24,803.20,1566.43,804,764,0.00,0.00,0,0
1544345493,3001-eth4,34173.83,1215616.38,1249790.25,1216832,34208,479.52,495.50,975.03,496,480,0.00,0.00,0,0
1544345493,1003-eth1,49320.68,1195069.00,1244389.62,1196264,49370,554.45,463.54,1017.98,464,555,0.00,0.00,0,0
1544345493,3002-eth2,1222233.75,1219047.00,2441280.75,1220266,1223456,875.12,840.16,1715.28,841,876,0.00,0.00,0,0
1544345493,2005-eth4,7892.11,7734.27,15626.37,7742,7900,80.92,78.92,159.84,79,81,0.00,0.00,0,0
1544345493,3003-eth2,1219486.50,1021912.12,2241398.75,1022934,1220706,803.20,763.24,1566.43,764,804,0.00,0.00,0,0
1544345493,2007-eth1,0.00,0.00,0.00,0,0,0.00,0.00,0.00,0,0,0.00,0.00,0,0
1544345493,1002-eth4,0.00,0.00,0.00,0,0,0.00,0.00,0.00,0,0,0.00,0.00,0,0
1544345493,3002-eth4,14461.54,171800.20,186261.75,171972,14476,150.85,153.85,304.70,154,151,0.00,0.00,0,0
1544345493,2007-eth3,0.00,0.00,0.00,0,0,0.00,0.00,0.00,0,0,0.00,0.00,0,0
1544345493,3005-eth1,0.00,59.94,59.94,60,0,0.00,1.00,1.00,1,0,0.00,0.00,0,0
1544345493,2001-eth4,7734.27,7794.21,15528.47,7802,7742,78.92,79.92,158.84,80,79,0.00,0.00,0,0
1544345493,3003-eth4,29256.74,1009962.06,1039218.81,1010972,29286,405.59,425.57,831.17,426,406,0.00,0.00,0,0
1544345493,2004-eth1,582963.06,1000291.75,1583254.75,1001292,583546,583.42,435.56,1018.98,436,584,0.00,0.00,0,0
1544345493,3006-eth4,33876.12,1215616.38,1249492.50,1216832,33910,474.53,495.50,970.03,496,475,0.00,0.00,0,0
1544345493,3007-eth1,0.00,0.00,0.00,0,0,0.00,0.00,0.00,0,0,0.00,0.00,0,0
1544345493,2008-eth1,13448.55,633762.25,647210.81,634396,13462,172.83,221.78,394.61,222,173,0.00,0.00,0,0
1544345493,2002-eth2,369098.91,1178291.75,1547390.62,1179470,369468,529.47,406.59,936.06,407,530,0.00,0.00,0,0
1544345493,2003-eth1,3916.08,3916.08,7832.17,3920,3920,39.96,39.96,79.92,40,40,0.00,0.00,0,0
1544345493,3008-eth4,1218311.75,790465.56,2008777.25,791256,1219530,640.36,667.33,1307.69,668,641,0.00,0.00,0,0
1544345493,1004-eth4,1218271.75,31054.95,1249326.75,31086,1219490,420.58,470.53,891.11,471,421,0.00,0.00,0,0
1544345493,3006-eth1,7734.27,7892.11,15626.37,7900,7742,78.92,80.92,159.84,81,79,0.00,0.00,0,0
1544345493,1004-eth3,27164.84,1178351.62,1205516.50,1179530,27192,411.59,407.59,819.18,408,412,0.00,0.00,0,0
1544345493,1002-eth2,7734.27,7832.17,15566.43,7840,7742,78.92,79.92,158.84,80,79,0.00,0.00,0,0
1544345493,3004-eth3,34139.86,1215616.38,1249756.25,1216832,34174,478.52,495.50,974.03,496,479,0.00,0.00,0,0
1544345493,2003-eth3,7636.36,7892.11,15528.47,7900,7644,77.92,80.92,158.84,81,78,0.00,0.00,0,0
1544345493,2005-eth1,0.00,0.00,0.00,0,0,0.00,0.00,0.00,0,0,0.00,0.00,0,0
1544345493,3002-eth3,1212345.62,945134.88,2157480.50,946080,1213558,769.23,775.22,1544.46,776,770,0.00,0.00,0,0
1544345493,3006-eth3,1219616.38,947043.00,2166659.50,947990,1220836,765.23,782.22,1547.45,783,766,0.00,0.00,0,0
1544345493,2001-eth1,3916.08,3916.08,7832.17,3920,3920,39.96,39.96,79.92,40,40,0.00,0.00,0,0
1544345493,3005-eth2,1216281.75,1217602.38,2433884.25,1218820,1217498,814.19,717.28,1531.47,718,815,0.00,0.00,0,0
1544345493,2001-eth2,7832.17,7832.17,15664.34,7840,7840,79.92,79.92,159.84,80,80,0.00,0.00,0,0
1544345493,3007-eth2,709324.69,1216729.25,1926054.00,1217946,710034,634.37,616.38,1250.75,617,635,0.00,0.00,0,0
1544345493,1001-eth1,3916.08,3916.08,7832.17,3920,3920,39.96,39.96,79.92,40,40,0.00,0.00,0,0
1544345493,3007-eth4,217674.33,384297.72,601972.06,384682,217892,185.81,202.80,388.61,203,186,0.00,0.00,0,0
1544345493,2003-eth2,7832.17,7734.27,15566.43,7742,7840,79.92,78.92,158.84,79,80,0.00,0.00,0,0
1544345493,3007-eth3,999055.00,325026.97,1324082.00,325352,1000054,430.57,431.57,862.14,432,431,0.00,0.00,0,0
1544345493,1002-eth1,7832.17,7832.17,15664.34,7840,7840,79.92,79.92,159.84,80,80,0.00,0.00,0,0
1544345493,2002-eth3,6593.41,341994.00,348587.44,342336,6600,99.90,118.88,218.78,119,100,0.00,0.00,0,0
1544345493,2007-eth2,0.00,0.00,0.00,0,0,0.00,0.00,0.00,0,0,0.00,0.00,0,0
1544345493,total,32864470.00,32898048.00,65762520.00,32930946,32897334,23947.05,24201.80,48148.85,24226,23971,0.00,0.00,0,0
1544345494,3003-eth3,1023722.31,124991.02,1148713.38,125116,1024746,480.52,479.52,960.04,480,481,0.00,0.00,0,0
1544345494,2002-eth1,1200531.50,59970.03,1260501.50,60030,1201732,524.48,663.34,1187.81,664,525,0.00,0.00,0,0
1544345494,lo,7576.42,7576.42,15152.85,7584,7584,73.93,73.93,147.85,74,74,0.00,0.00,0,0
1544345494,3005-eth3,1132070.00,1127542.50,2259612.50,1128670,1133202,780.22,796.20,1576.42,797,781,0.00,0.00,0,0
1544345494,2005-eth3,0.00,0.00,0.00,0,0,0.00,0.00,0.00,0,0,0.00,0.00,0,0
1544345494,3004-eth4,1221362.62,426215.78,1647578.50,426642,1222584,555.44,540.46,1095.90,541,556,0.00,0.00,0,0
1544345494,1004-eth2,30725.28,1082090.00,1112815.25,1083172,30756,465.53,373.63,839.16,374,466,0.00,0.00,0,0
1544345494,2004-eth4,8703.30,399800.22,408503.50,400200,8712,131.87,139.86,271.73,140,132,0.00,0.00,0,0
1544345494,1001-eth2,3818.18,3818.18,7636.36,3822,3822,38.96,38.96,77.92,39,39,0.00,0.00,0,0
1544345494,1003-eth3,95606.40,3756.24,99362.64,3760,95702,45.95,39.96,85.91,40,46,0.00,0.00,0,0
1544345494,2002-eth4,1223085.00,1229146.88,2452231.75,1230376,1224308,990.01,958.04,1948.05,959,991,0.00,0.00,0,0
1544345494,1001-eth4,0.00,0.00,0.00,0,0,0.00,0.00,0.00,0,0,0.00,0.00,0,0
1544345494,3001-eth2,290117.88,5598.40,295716.28,5604,290408,99.90,84.92,184.82,85,100,0.00,0.00,0,0
1544345494,1004-eth1,1179798.25,318793.22,1498591.50,319112,1180978,407.59,534.47,942.06,535,408,0.00,0.00,0,0
1544345494,3005-eth4,1221154.88,1223472.50,2444627.50,1224696,1222376,727.27,811.19,1538.46,812,728,0.00,0.00,0,0
1544345494,1003-eth2,1023782.25,540891.12,1564673.38,541432,1024806,481.52,669.33,1150.85,670,482,0.00,0.00,0,0
1544345494,3008-eth1,59.94,0.00,59.94,0,60,1.00,0.00,1.00,0,1,0.00,0.00,0,0
1544345494,1002-eth3,7892.11,7832.17,15724.28,7840,7900,80.92,79.92,160.84,80,81,0.00,0.00,0,0
1544345494,2006-eth1,3756.24,95606.40,99362.64,95702,3760,39.96,45.95,85.91,46,40,0.00,0.00,0,0
1544345494,3003-eth1,7734.27,7734.27,15468.53,7742,7742,78.92,78.92,157.84,79,79,0.00,0.00,0,0
1544345494,2001-eth3,7832.17,7832.17,15664.34,7840,7840,79.92,79.92,159.84,80,80,0.00,0.00,0,0
1544345494,2008-eth2,30785.21,1219718.38,1250503.50,1220938,30816,466.53,420.58,887.11,421,467,0.00,0.00,0,0
1544345494,2008-eth3,1226259.75,685126.88,1911386.62,685812,1227486,629.37,653.35,1282.72,654,630,0.00,0.00,0,0
1544345494,1001-eth3,0.00,0.00,0.00,0,0,0.00,0.00,0.00,0,0,0.00,0.00,0,0
1544345494,2007-eth4,0.00,59.94,59.94,60,0,0.00,1.00,1.00,1,0,0.00,0.00,0,0
1544345494,2004-eth2,1082090.00,30725.28,1112815.25,30756,1083172,373.63,465.53,839.16,466,374,0.00,0.00,0,0
1544345494,3002-eth1,7734.27,7734.27,15468.53,7742,7742,78.92,78.92,157.84,79,79,0.00,0.00,0,0
1544345494,3004-eth1,7832.17,7832.17,15664.34,7840,7840,79.92,79.92,159.84,80,80,0.00,0.00,0,0
1544345494,2006-eth3,1223204.88,1221902.12,2445107.00,1223124,1224428,824.18,855.14,1679.32,856,825,0.00,0.00,0,0
1544345494,3004-eth2,399800.22,8703.30,408503.50,8712,400200,139.86,131.87,271.73,132,140,0.00,0.00,0,0
1544345494,3001-eth3,1222429.62,316557.44,1538987.00,316874,1223652,505.49,500.50,1005.99,501,506,0.00,0.00,0,0
1544345494,2003-eth4,7832.17,7832.17,15664.34,7840,7840,79.92,79.92,159.84,80,80,0.00,0.00,0,0
1544345494,2008-eth4,1221362.62,25780.22,1247142.88,25806,1222584,423.58,390.61,814.19,391,424,0.00,0.00,0,0
1544345494,3008-eth3,1223166.88,535790.25,1758957.12,536326,1224390,582.42,578.42,1160.84,579,583,0.00,0.00,0,0
1544345494,2005-eth2,7832.17,7892.11,15724.28,7900,7840,79.92,80.92,160.84,81,80,0.00,0.00,0,0
1544345494,2006-eth4,38407.59,732877.12,771284.75,733610,38446,408.59,364.64,773.23,365,409,0.00,0.00,0,0
1544345494,3006-eth2,732877.12,38407.59,771284.75,38446,733610,364.64,408.59,773.23,409,365,0.00,0.00,0,0
1544345494,1003-eth4,580365.62,14425.58,594791.25,14440,580946,223.78,178.82,402.60,179,224,0.00,0.00,0,0
1544345494,2006-eth2,1179738.25,28615.38,1208353.62,28644,1180918,406.59,433.57,840.16,434,407,0.00,0.00,0,0
1544345494,3001-eth1,7832.17,7832.17,15664.34,7840,7840,79.92,79.92,159.84,80,80,0.00,0.00,0,0
1544345494,3008-eth2,25780.22,1221362.62,1247142.88,1222584,25806,390.61,423.58,814.19,424,391,0.00,0.00,0,0
1544345494,2004-eth3,1045744.31,1223180.88,2268925.25,1224404,1046790,814.19,903.10,1717.28,904,815,0.00,0.00,0,0
1544345494,3001-eth4,34271.73,1221632.38,1255904.12,1222854,34306,480.52,498.50,979.02,499,481,0.00,0.00,0,0
1544345494,1003-eth1,59970.03,1200531.50,1260501.50,1201732,60030,663.34,524.48,1187.81,525,664,0.00,0.00,0,0
1544345494,3002-eth2,1229146.88,1223085.00,2452231.75,1224308,1230376,958.04,990.01,1948.05,991,959,0.00,0.00,0,0
1544345494,2005-eth4,7832.17,7832.17,15664.34,7840,7840,79.92,79.92,159.84,80,80,0.00,0.00,0,0
1544345494,3003-eth2,1223180.88,1045744.31,2268925.25,1046790,1224404,903.10,814.19,1717.28,815,904,0.00,0.00,0,0
1544345494,2007-eth1,0.00,0.00,0.00,0,0,0.00,0.00,0.00,0,0,0.00,0.00,0,0
1544345494,1002-eth4,59.94,0.00,59.94,0,60,1.00,0.00,1.00,0,1,0.00,0.00,0,0
1544345494,3002-eth4,16467.53,240319.69,256787.22,240560,16484,171.83,183.82,355.64,184,172,0.00,0.00,0,0
1544345494,2007-eth3,0.00,0.00,0.00,0,0,0.00,0.00,0.00,0,0,0.00,0.00,0,0
1544345494,3005-eth1,0.00,0.00,0.00,0,0,0.00,0.00,0.00,0,0,0.00,0.00,0,0
1544345494,2001-eth4,7734.27,7734.27,15468.53,7742,7742,78.92,78.92,157.84,79,79,0.00,0.00,0,0
1544345494,3003-eth4,29756.24,1033536.50,1063292.75,1034570,29786,412.59,432.57,845.15,433,413,0.00,0.00,0,0
1544345494,2004-eth1,540891.12,1023782.25,1564673.38,1024806,541432,669.33,481.52,1150.85,482,670,0.00,0.00,0,0
1544345494,3006-eth4,33744.26,1221632.38,1255376.62,1222854,33778,472.53,498.50,971.03,499,473,0.00,0.00,0,0
1544345494,3007-eth1,0.00,0.00,0.00,0,0,0.00,0.00,0.00,0,0,0.00,0.00,0,0
1544345494,2008-eth1,14425.58,580365.62,594791.25,580946,14440,178.82,223.78,402.60,224,179,0.00,0.00,0,0
1544345494,2002-eth2,318793.22,1179798.25,1498591.50,1180978,319112,534.47,407.59,942.06,408,535,0.00,0.00,0,0
1544345494,2003-eth1,3818.18,3818.18,7636.36,3822,3822,38.96,38.96,77.92,39,39,0.00,0.00,0,0
1544345494,3008-eth4,1221730.25,901528.50,2123258.75,902430,1222952,670.33,706.29,1376.62,707,671,0.00,0.00,0,0
1544345494,1004-eth4,1219718.38,30785.21,1250503.50,30816,1220938,420.58,466.53,887.11,467,421,0.00,0.00,0,0
1544345494,3006-eth1,7832.17,7832.17,15664.34,7840,7840,79.92,79.92,159.84,80,80,0.00,0.00,0,0
1544345494,1004-eth3,28615.38,1179738.25,1208353.62,1180918,28644,433.57,406.59,840.16,407,434,0.00,0.00,0,0
1544345494,1002-eth2,7892.11,7832.17,15724.28,7840,7900,80.92,79.92,160.84,80,81,0.00,0.00,0,0
1544345494,3004-eth3,34247.75,1221674.38,1255922.12,1222896,34282,480.52,499.50,980.02,500,481,0.00,0.00,0,0
1544345494,2003-eth3,7734.27,7734.27,15468.53,7742,7742,78.92,78.92,157.84,79,79,0.00,0.00,0,0
1544345494,2005-eth1,0.00,0.00,0.00,0,0,0.00,0.00,0.00,0,0,0.00,0.00,0,0
1544345494,3002-eth3,1214385.62,1089744.25,2304130.00,1090834,1215600,897.10,884.12,1781.22,885,898,0.00,0.00,0,0
1544345494,3006-eth3,1223746.25,758789.25,1982535.50,759548,1224970,768.23,757.24,1525.47,758,769,0.00,0.00,0,0
1544345494,2001-eth1,3818.18,3818.18,7636.36,3822,3822,38.96,38.96,77.92,39,39,0.00,0.00,0,0
1544345494,3005-eth2,1221902.12,1223204.88,2445107.00,1224428,1223124,855.14,824.18,1679.32,825,856,0.00,0.00,0,0
1544345494,2001-eth2,7832.17,7832.17,15664.34,7840,7840,79.92,79.92,159.84,80,80,0.00,0.00,0,0
1544345494,3007-eth2,685126.88,1226259.75,1911386.62,1227486,685812,653.35,629.37,1282.72,630,654,0.00,0.00,0,0
1544345494,1001-eth1,3818.18,3818.18,7636.36,3822,3822,38.96,38.96,77.92,39,39,0.00,0.00,0,0
1544345494,3007-eth4,210441.56,324129.88,534571.44,324454,210652,185.81,202.80,388.61,203,186,0.00,0.00,0,0
1544345494,2003-eth2,7832.17,7892.11,15724.28,7900,7840,79.92,80.92,160.84,81,80,0.00,0.00,0,0
1544345494,3007-eth3,1014245.81,360997.00,1375242.75,361358,1015260,441.56,450.55,892.11,451,442,0.00,0.00,0,0
1544345494,1002-eth1,7832.17,7832.17,15664.34,7840,7840,79.92,79.92,159.84,80,80,0.00,0.00,0,0
1544345494,2002-eth3,5598.40,290117.88,295716.28,290408,5604,84.92,99.90,184.82,100,85,0.00,0.00,0,0
1544345494,2007-eth2,0.00,59.94,59.94,60,0,0.00,1.00,1.00,1,0,0.00,0.00,0,0
1544345494,total,32614846.00,32666456.00,65281304.00,32699122,32647460,25127.87,25335.67,50463.54,25361,25153,0.00,0.00,0,0
1544345495,3003-eth3,965562.44,195110.89,1160673.38,195306,966528,497.50,520.48,1017.98,521,498,0.00,0.00,0,0
1544345495,2002-eth1,1176477.50,58275.73,1234753.25,58334,1177654,554.45,660.34,1214.79,661,555,0.00,0.00,0,0
1544345495,lo,65078.92,65078.92,130157.84,65144,65144,287.71,287.71,575.42,288,288,0.00,0.00,0,0
1544345495,3005-eth3,1050749.25,1128939.12,2179688.25,1130068,1051800,863.14,887.11,1750.25,888,864,0.00,0.00,0,0
1544345495,2005-eth3,0.00,0.00,0.00,0,0,0.00,0.00,0.00,0,0,0.00,0.00,0,0
1544345495,3004-eth4,1187914.12,394345.66,1582259.75,394740,1189102,530.47,517.48,1047.95,518,531,0.00,0.00,0,0
1544345495,1004-eth2,29532.47,1006601.44,1036133.88,1007608,29562,447.55,347.65,795.20,348,448,0.00,0.00,0,0
1544345495,2004-eth4,8373.63,368631.38,377005.00,369000,8382,126.87,127.87,254.75,128,127,0.00,0.00,0,0
1544345495,1001-eth2,3878.12,3720.28,7598.40,3724,3882,39.96,37.96,77.92,38,40,0.00,0.00,0,0
1544345495,1003-eth3,144337.67,3850.15,148187.81,3854,144482,60.94,40.96,101.90,41,61,0.00,0.00,0,0
1544345495,2002-eth4,1189682.38,1199488.50,2389171.00,1200688,1190872,945.05,903.10,1848.15,904,946,0.00,0.00,0,0
1544345495,1001-eth4,59.94,59.94,119.88,60,60,1.00,1.00,2.00,1,1,0.00,0.00,0,0
1544345495,3001-eth2,338975.03,6857.14,345832.19,6864,339314,116.88,103.90,220.78,104,117,0.00,0.00,0,0
1544345495,1004-eth1,1138311.75,361986.03,1500297.75,362348,1139450,392.61,465.53,858.14,466,393,0.00,0.00,0,0
1544345495,3005-eth4,1193818.25,1192217.88,2386036.00,1193410,1195012,817.18,796.20,1613.39,797,818,0.00,0.00,0,0
1544345495,1003-eth2,965562.44,556505.50,1522068.00,557062,966528,497.50,654.35,1151.85,655,498,0.00,0.00,0,0
1544345495,3008-eth1,0.00,59.94,59.94,60,0,0.00,1.00,1.00,1,0,0.00,0.00,0,0
1544345495,1002-eth3,7636.36,7794.21,15430.57,7802,7644,77.92,79.92,157.84,80,78,0.00,0.00,0,0
1544345495,2006-eth1,3850.15,144337.67,148187.81,144482,3854,40.96,60.94,101.90,61,41,0.00,0.00,0,0
1544345495,3003-eth1,7538.46,7636.36,15174.83,7644,7546,76.92,77.92,154.85,78,77,0.00,0.00,0,0
1544345495,2001-eth3,7832.17,7794.21,15626.37,7802,7840,79.92,79.92,159.84,80,80,0.00,0.00,0,0
1544345495,2008-eth2,29472.53,1196046.00,1225518.50,1197242,29502,446.55,412.59,859.14,413,447,0.00,0.00,0,0
1544345495,2008-eth3,1193778.25,677340.69,1871118.88,678018,1194972,597.40,634.37,1231.77,635,598,0.00,0.00,0,0
1544345495,1001-eth3,59.94,59.94,119.88,60,60,1.00,1.00,2.00,1,1,0.00,0.00,0,0
1544345495,2007-eth4,59.94,0.00,59.94,0,60,1.00,0.00,1.00,0,1,0.00,0.00,0,0
1544345495,2004-eth2,1006601.44,29532.47,1036133.88,29562,1007608,347.65,447.55,795.20,448,348,0.00,0.00,0,0
1544345495,3002-eth1,7734.27,7538.46,15272.73,7546,7742,78.92,76.92,155.84,77,79,0.00,0.00,0,0
1544345495,3004-eth1,7538.46,7636.36,15174.83,7644,7546,76.92,77.92,154.85,78,77,0.00,0.00,0,0
1544345495,2006-eth3,1199202.88,1189584.50,2388787.25,1190774,1200402,1139.86,938.06,2077.92,939,1141,0.00,0.00,0,0
1544345495,3004-eth2,368631.38,8373.63,377005.00,8382,369000,127.87,126.87,254.75,127,128,0.00,0.00,0,0
1544345495,3001-eth3,1191126.88,364821.19,1555948.12,365186,1192318,513.49,508.49,1021.98,509,514,0.00,0.00,0,0
1544345495,2003-eth4,7636.36,7538.46,15174.83,7546,7644,77.92,76.92,154.85,77,78,0.00,0.00,0,0
1544345495,2008-eth4,1188615.38,26439.56,1215055.00,26466,1189804,409.59,400.60,810.19,401,410,0.00,0.00,0,0
1544345495,3008-eth3,1191530.50,495019.00,1686549.50,495514,1192722,563.44,552.45,1115.88,553,564,0.00,0.00,0,0
1544345495,2005-eth2,7794.21,7636.36,15430.57,7644,7802,79.92,77.92,157.84,78,80,0.00,0.00,0,0
1544345495,2006-eth4,47328.67,882333.69,929662.38,883216,47376,503.50,371.63,875.12,372,504,0.00,0.00,0,0
1544345495,3006-eth2,882333.69,47328.67,929662.38,47376,883216,371.63,503.50,875.12,504,372,0.00,0.00,0,0
1544345495,1003-eth4,583396.62,14739.26,598135.88,14754,583980,225.77,194.81,420.58,195,226,0.00,0.00,0,0
1544345495,2006-eth2,1138311.75,23070.93,1161382.62,23094,1139450,392.61,349.65,742.26,350,393,0.00,0.00,0,0
1544345495,3001-eth1,7794.21,7832.17,15626.37,7840,7802,79.92,79.92,159.84,80,80,0.00,0.00,0,0
1544345495,3008-eth2,26439.56,1188615.38,1215055.00,1189804,26466,400.60,409.59,810.19,410,401,0.00,0.00,0,0
1544345495,2004-eth3,986661.38,1194475.50,2181137.00,1195670,987648,817.18,874.13,1691.31,875,818,0.00,0.00,0,0
1544345495,3001-eth4,33738.26,1191944.12,1225682.38,1193136,33772,472.53,487.51,960.04,488,473,0.00,0.00,0,0
1544345495,1003-eth1,58275.73,1176477.50,1234753.25,1177654,58334,660.34,554.45,1214.79,555,661,0.00,0.00,0,0
1544345495,3002-eth2,1199488.50,1189682.38,2389171.00,1190872,1200688,903.10,945.05,1848.15,946,904,0.00,0.00,0,0
1544345495,2005-eth4,7636.36,7734.27,15370.63,7742,7644,77.92,78.92,156.84,79,78,0.00,0.00,0,0
1544345495,3003-eth2,1194475.50,986661.38,2181137.00,987648,1195670,874.13,817.18,1691.31,818,875,0.00,0.00,0,0
1544345495,2007-eth1,59.94,59.94,119.88,60,60,1.00,1.00,2.00,1,1,0.00,0.00,0,0
1544345495,1002-eth4,0.00,59.94,59.94,60,0,0.00,1.00,1.00,1,0,0.00,0.00,0,0
1544345495,3002-eth4,15148.85,168973.03,184121.89,169142,15164,163.84,154.85,318.68,155,164,0.00,0.00,0,0
1544345495,2007-eth3,59.94,0.00,59.94,0,60,1.00,0.00,1.00,0,1,0.00,0.00,0,0
1544345495,3005-eth1,0.00,0.00,0.00,0,0,0.00,0.00,0.00,0,0,0.00,0.00,0,0
1544345495,2001-eth4,7538.46,7734.27,15272.73,7742,7546,76.92,78.92,155.84,79,77,0.00,0.00,0,0
1544345495,3003-eth4,28735.27,1003750.25,1032485.56,1004754,28764,397.60,420.58,818.18,421,398,0.00,0.00,0,0
1544345495,2004-eth1,556505.50,965562.44,1522068.00,966528,557062,654.35,497.50,1151.85,498,655,0.00,0.00,0,0
1544345495,3006-eth4,32691.31,1188985.00,1221676.38,1190174,32724,457.54,486.51,944.06,487,458,0.00,0.00,0,0
1544345495,3007-eth1,0.00,59.94,59.94,60,0,0.00,1.00,1.00,1,0,0.00,0.00,0,0
1544345495,2008-eth1,14739.26,583396.62,598135.88,583980,14754,194.81,225.77,420.58,226,195,0.00,0.00,0,0
1544345495,2002-eth2,361986.03,1138311.75,1500297.75,1139450,362348,465.53,392.61,858.14,393,466,0.00,0.00,0,0
1544345495,2003-eth1,3720.28,3878.12,7598.40,3882,3724,37.96,39.96,77.92,40,38,0.00,0.00,0,0
1544345495,3008-eth4,1192603.38,874171.88,2066775.25,875046,1193796,645.35,686.31,1331.67,687,646,0.00,0.00,0,0
1544345495,1004-eth4,1196046.00,29472.53,1225518.50,29502,1197242,412.59,446.55,859.14,447,413,0.00,0.00,0,0
1544345495,3006-eth1,7734.27,7636.36,15370.63,7644,7742,78.92,77.92,156.84,78,79,0.00,0.00,0,0
1544345495,1004-eth3,23070.93,1138311.75,1161382.62,1139450,23094,349.65,392.61,742.26,393,350,0.00,0.00,0,0
1544345495,1002-eth2,7734.27,7636.36,15370.63,7644,7742,78.92,77.92,156.84,78,79,0.00,0.00,0,0
1544345495,3004-eth3,33350.65,1188789.25,1222139.88,1189978,33384,467.53,484.52,952.05,485,468,0.00,0.00,0,0
1544345495,2003-eth3,7636.36,7538.46,15174.83,7546,7644,77.92,76.92,154.85,77,78,0.00,0.00,0,0
1544345495,2005-eth1,59.94,59.94,119.88,60,60,1.00,1.00,2.00,1,1,0.00,0.00,0,0
1544345495,3002-eth3,1181978.00,990843.19,2172821.25,991834,1183160,857.14,832.17,1689.31,833,858,0.00,0.00,0,0
1544345495,3006-eth3,1190153.88,907388.62,2097542.50,908296,1191344,761.24,751.25,1512.49,752,762,0.00,0.00,0,0
1544345495,2001-eth1,3818.18,3780.22,7598.40,3784,3822,38.96,38.96,77.92,39,39,0.00,0.00,0,0
1544345495,3005-eth2,1189584.50,1199202.88,2388787.25,1200402,1190774,938.06,1139.86,2077.92,1141,939,0.00,0.00,0,0
1544345495,2001-eth2,7832.17,7892.11,15724.28,7900,7840,79.92,80.92,160.84,81,80,0.00,0.00,0,0
1544345495,3007-eth2,677340.69,1193778.25,1871118.88,1194972,678018,634.37,597.40,1231.77,598,635,0.00,0.00,0,0
1544345495,1001-eth1,3780.22,3818.18,7598.40,3822,3784,38.96,38.96,77.92,39,39,0.00,0.00,0,0
1544345495,3007-eth4,218655.34,256573.44,475228.78,256830,218874,156.84,176.82,333.67,177,157,0.00,0.00,0,0
1544345495,2003-eth2,7636.36,7734.27,15370.63,7742,7644,77.92,78.92,156.84,79,78,0.00,0.00,0,0
1544345495,3007-eth3,976635.38,420767.25,1397402.62,421188,977612,441.56,457.54,899.10,458,442,0.00,0.00,0,0
1544345495,1002-eth1,7892.11,7832.17,15724.28,7840,7900,80.92,79.92,160.84,80,81,0.00,0.00,0,0
1544345495,2002-eth3,6857.14,338975.03,345832.19,339314,6864,103.90,116.88,220.78,117,104,0.00,0.00,0,0
1544345495,2007-eth2,59.94,0.00,59.94,0,60,1.00,0.00,1.00,0,1,0.00,0.00,0,0
1544345495,total,32012478.00,32290726.00,64303204.00,32323016,32044490,25468.53,25582.42,51050.95,25608,25494,0.00,0.00,0,0
1544345496,3003-eth3,1030717.31,152417.59,1183134.88,152570,1031748,535.46,380.62,916.08,381,536,0.00,0.00,0,0
1544345496,2002-eth1,1201464.62,33174.82,1234639.38,33208,1202666,560.44,497.50,1057.94,498,561,0.00,0.00,0,0
1544345496,lo,6957.04,6957.04,13914.09,6964,6964,67.93,67.93,135.86,68,68,0.00,0.00,0,0
1544345496,3005-eth3,1053756.25,1119876.12,2173632.50,1120996,1054810,799.20,821.18,1620.38,822,800,0.00,0.00,0,0
1544345496,2005-eth3,41.96,0.00,41.96,0,42,1.00,0.00,1.00,0,1,0.00,0.00,0,0
1544345496,3004-eth4,1223091.00,432091.91,1655182.88,432524,1224314,559.44,541.46,1100.90,542,560,0.00,0.00,0,0
1544345496,1004-eth2,31252.75,1067228.75,1098481.50,1068296,31284,473.53,367.63,841.16,368,474,0.00,0.00,0,0
1544345496,2004-eth4,9230.77,405712.31,414943.06,406118,9240,139.86,141.86,281.72,142,140,0.00,0.00,0,0
1544345496,1001-eth2,3720.28,3878.12,7598.40,3882,3724,37.96,39.96,77.92,40,38,0.00,0.00,0,0
1544345496,1003-eth3,132831.17,5352.65,138183.81,5358,132964,61.94,56.94,118.88,57,62,0.00,0.00,0,0
1544345496,2002-eth4,1221934.12,1227706.38,2449640.50,1228934,1223156,825.17,958.04,1783.22,959,826,0.00,0.00,0,0
1544345496,1001-eth4,0.00,0.00,0.00,0,0,0.00,0.00,0.00,0,0,0.00,0.00,0,0
1544345496,3001-eth2,321220.78,6659.34,327880.12,6666,321542,110.89,100.90,211.79,101,111,0.00,0.00,0,0
1544345496,1004-eth1,1175332.75,347462.56,1522795.25,347810,1176508,405.59,508.49,914.09,509,406,0.00,0.00,0,0
1544345496,3005-eth4,1223564.50,1218613.38,2442178.00,1219832,1224788,961.04,817.18,1778.22,818,962,0.00,0.00,0,0
1544345496,1003-eth2,1030717.31,560049.94,1590767.25,560610,1031748,535.46,528.47,1063.94,529,536,0.00,0.00,0,0
1544345496,3008-eth1,0.00,0.00,0.00,0,0,0.00,0.00,0.00,0,0,0.00,0.00,0,0
1544345496,1002-eth3,7874.13,7832.17,15706.29,7840,7882,80.92,79.92,160.84,80,81,0.00,0.00,0,0
1544345496,2006-eth1,5352.65,132831.17,138183.81,132964,5358,56.94,61.94,118.88,62,57,0.00,0.00,0,0
1544345496,3003-eth1,7734.27,7794.21,15528.47,7802,7742,78.92,79.92,158.84,80,79,0.00,0.00,0,0
1544345496,2001-eth3,7794.21,7832.17,15626.37,7840,7802,79.92,79.92,159.84,80,80,0.00,0.00,0,0
1544345496,2008-eth2,31252.75,1222737.25,1253990.00,1223960,31284,473.53,422.58,896.10,423,474,0.00,0.00,0,0
1544345496,2008-eth3,1221922.12,676837.19,1898759.25,677514,1223144,607.39,629.37,1236.76,630,608,0.00,0.00,0,0
1544345496,1001-eth3,0.00,0.00,0.00,0,0,0.00,0.00,0.00,0,0,0.00,0.00,0,0
1544345496,2007-eth4,0.00,0.00,0.00,0,0,0.00,0.00,0.00,0,0,0.00,0.00,0,0
1544345496,2004-eth2,1067228.75,31252.75,1098481.50,31284,1068296,367.63,473.53,841.16,474,368,0.00,0.00,0,0
1544345496,3002-eth1,7580.42,7794.21,15374.63,7802,7588,77.92,79.92,157.84,80,78,0.00,0.00,0,0
1544345496,3004-eth1,7892.11,7794.21,15686.31,7802,7900,80.92,79.92,160.84,80,81,0.00,0.00,0,0
1544345496,2006-eth3,1228683.38,1221970.12,2450653.50,1223192,1229912,907.09,902.10,1809.19,903,908,0.00,0.00,0,0
1544345496,3004-eth2,405712.31,9230.77,414943.06,9240,406118,141.86,139.86,281.72,140,142,0.00,0.00,0,0
1544345496,3001-eth3,1220393.62,347660.34,1568054.00,348008,1221614,518.48,511.49,1029.97,512,519,0.00,0.00,0,0
1544345496,2003-eth4,7794.21,7892.11,15686.31,7900,7802,79.92,80.92,160.84,81,80,0.00,0.00,0,0
1544345496,2008-eth4,1219910.12,25648.35,1245558.50,25674,1221130,423.58,388.61,812.19,389,424,0.00,0.00,0,0
1544345496,3008-eth3,1224275.75,377448.56,1601724.38,377826,1225500,533.47,524.48,1057.94,525,534,0.00,0.00,0,0
1544345496,2005-eth2,7832.17,7874.13,15706.29,7882,7840,79.92,80.92,160.84,81,80,0.00,0.00,0,0
1544345496,2006-eth4,41318.68,1048979.00,1090297.75,1050028,41360,439.56,529.47,969.03,530,440,0.00,0.00,0,0
1544345496,3006-eth2,1048979.00,41318.68,1090297.75,41360,1050028,529.47,439.56,969.03,440,530,0.00,0.00,0,0
1544345496,1003-eth4,581752.25,11608.39,593360.62,11620,582334,222.78,171.83,394.61,172,223,0.00,0.00,0,0
1544345496,2006-eth2,1175332.75,26241.76,1201574.50,26268,1176508,405.59,397.60,803.20,398,406,0.00,0.00,0,0
1544345496,3001-eth1,7832.17,7794.21,15626.37,7802,7840,79.92,79.92,159.84,80,80,0.00,0.00,0,0
1544345496,3008-eth2,25648.35,1219910.12,1245558.50,1221130,25674,388.61,423.58,812.19,424,389,0.00,0.00,0,0
1544345496,2004-eth3,1052739.25,1221626.38,2274365.75,1222848,1053792,869.13,755.24,1624.38,756,870,0.00,0.00,0,0
1544345496,3001-eth4,34173.83,1221632.38,1255806.25,1222854,34208,479.52,498.50,978.02,499,480,0.00,0.00,0,0
1544345496,1003-eth1,33174.82,1201464.62,1234639.38,1202666,33208,497.50,560.44,1057.94,561,498,0.00,0.00,0,0
1544345496,3002-eth2,1227706.38,1221934.12,2449640.50,1223156,1228934,958.04,825.17,1783.22,826,959,0.00,0.00,0,0
1544345496,2005-eth4,7832.17,7892.11,15724.28,7900,7840,79.92,80.92,160.84,81,80,0.00,0.00,0,0
1544345496,3003-eth2,1221626.38,1052739.25,2274365.75,1053792,1222848,755.24,869.13,1624.38,870,756,0.00,0.00,0,0
1544345496,2007-eth1,0.00,0.00,0.00,0,0,0.00,0.00,0.00,0,0,0.00,0.00,0,0
1544345496,1002-eth4,0.00,0.00,0.00,0,0,0.00,0.00,0.00,0,0,0.00,0.00,0,0
1544345496,3002-eth4,13404.60,178705.30,192109.89,178884,13418,156.84,149.85,306.69,150,157,0.00,0.00,0,0
1544345496,2007-eth3,0.00,59.94,59.94,60,0,0.00,1.00,1.00,1,0,0.00,0.00,0,0
1544345496,3005-eth1,0.00,41.96,41.96,42,0,0.00,1.00,1.00,1,0,0.00,0.00,0,0
1544345496,2001-eth4,7794.21,7580.42,15374.63,7588,7802,79.92,77.92,157.84,78,80,0.00,0.00,0,0
1544345496,3003-eth4,29756.24,1058721.25,1088477.50,1059780,29786,412.59,441.56,854.15,442,413,0.00,0.00,0,0
1544345496,2004-eth1,560049.94,1030717.31,1590767.25,1031748,560610,528.47,535.46,1063.94,536,529,0.00,0.00,0,0
1544345496,3006-eth4,40123.88,1013394.62,1053518.50,1014408,40164,480.52,499.50,980.02,500,481,0.00,0.00,0,0
1544345496,3007-eth1,59.94,0.00,59.94,0,60,1.00,0.00,1.00,0,1,0.00,0.00,0,0
1544345496,2008-eth1,11608.39,581752.25,593360.62,582334,11620,171.83,222.78,394.61,223,172,0.00,0.00,0,0
1544345496,2002-eth2,347462.56,1175332.75,1522795.25,1176508,347810,508.49,405.59,914.09,406,509,0.00,0.00,0,0
1544345496,2003-eth1,3878.12,3720.28,7598.40,3724,3882,39.96,37.96,77.92,38,40,0.00,0.00,0,0
1544345496,3008-eth4,1124355.62,1032575.44,2156931.25,1033608,1125480,663.34,719.28,1382.62,720,664,0.00,0.00,0,0
1544345496,1004-eth4,1222737.25,31252.75,1253990.00,31284,1223960,422.58,473.53,896.10,474,423,0.00,0.00,0,0
1544345496,3006-eth1,7892.11,7832.17,15724.28,7840,7900,80.92,79.92,160.84,80,81,0.00,0.00,0,0
1544345496,1004-eth3,26241.76,1175332.75,1201574.50,1176508,26268,397.60,405.59,803.20,406,398,0.00,0.00,0,0
1544345496,1002-eth2,7832.17,7892.11,15724.28,7900,7840,79.92,80.92,160.84,81,80,0.00,0.00,0,0
1544345496,3004-eth3,34233.77,1221632.38,1255866.12,1222854,34268,480.52,498.50,979.02,499,481,0.00,0.00,0,0
1544345496,2003-eth3,7794.21,7734.27,15528.47,7742,7802,79.92,78.92,158.84,79,80,0.00,0.00,0,0
1544345496,2005-eth1,0.00,0.00,0.00,0,0,0.00,0.00,0.00,0,0,0.00,0.00,0,0
1544345496,3002-eth3,1216357.62,817019.00,2033376.62,817836,1217574,748.25,741.26,1489.51,742,749,0.00,0.00,0,0
1544345496,3006-eth3,1224541.50,1081210.88,2305752.25,1082292,1225766,868.13,929.07,1797.20,930,869,0.00,0.00,0,0
1544345496,2001-eth1,3720.28,3818.18,7538.46,3822,3724,37.96,38.96,76.92,39,38,0.00,0.00,0,0
1544345496,3005-eth2,1221970.12,1228683.38,2450653.50,1229912,1223192,902.10,907.09,1809.19,908,903,0.00,0.00,0,0
1544345496,2001-eth2,7874.13,7832.17,15706.29,7840,7882,80.92,79.92,160.84,80,81,0.00,0.00,0,0
1544345496,3007-eth2,676837.19,1221922.12,1898759.25,1223144,677514,629.37,607.39,1236.76,608,630,0.00,0.00,0,0
1544345496,1001-eth1,3818.18,3720.28,7538.46,3724,3822,38.96,37.96,76.92,38,39,0.00,0.00,0,0
1544345496,3007-eth4,205766.23,340965.03,546731.31,341306,205972,180.82,186.81,367.63,187,181,0.00,0.00,0,0
1544345496,2003-eth2,7892.11,7832.17,15724.28,7840,7900,80.92,79.92,160.84,80,81,0.00,0.00,0,0
1544345496,3007-eth3,1016275.75,335812.19,1352088.00,336148,1017292,428.57,441.56,870.13,442,429,0.00,0.00,0,0
1544345496,1002-eth1,7832.17,7874.13,15706.29,7882,7840,79.92,80.92,160.84,81,80,0.00,0.00,0,0
1544345496,2002-eth3,6659.34,321220.78,327880.12,321542,6666,100.90,110.89,211.79,111,101,0.00,0.00,0,0
1544345496,2007-eth2,0.00,0.00,0.00,0,0,0.00,0.00,0.00,0,0,0.00,0.00,0,0
1544345496,total,32847950.00,32882940.00,65730892.00,32915822,32880798,25129.87,25025.97,50155.85,25051,25155,0.00,0.00,0,0
1544345497,3003-eth3,985039.00,195286.72,1180325.75,195482,986024,492.51,372.63,865.13,373,493,0.00,0.00,0,0
1544345497,2002-eth1,1182977.00,28615.38,1211592.50,28644,1184160,499.50,433.57,933.07,434,500,0.00,0.00,0,0
1544345497,lo,6957.04,6957.04,13914.09,6964,6964,67.93,67.93,135.86,68,68,0.00,0.00,0,0
1544345497,3005-eth3,1067382.62,1093254.75,2160637.50,1094348,1068450,852.15,755.24,1607.39,756,853,0.00,0.00,0,0
1544345497,2005-eth3,0.00,101.90,101.90,102,0,0.00,2.00,2.00,2,0,0.00,0.00,0,0
1544345497,3004-eth4,1210205.88,408089.91,1618295.75,408498,1211416,539.46,528.47,1067.93,529,540,0.00,0.00,0,0
1544345497,1004-eth2,29604.40,1019884.12,1049488.50,1020904,29634,448.55,351.65,800.20,352,449,0.00,0.00,0,0
1544345497,2004-eth4,8109.89,381914.09,390024.00,382296,8118,122.88,131.87,254.75,132,123,0.00,0.00,0,0
1544345497,1001-eth2,3916.08,3916.08,7832.17,3920,3920,39.96,39.96,79.92,40,40,0.00,0.00,0,0
1544345497,1003-eth3,172811.19,7290.71,180101.91,7298,172984,75.92,77.92,153.85,78,76,0.00,0.00,0,0
1544345497,2002-eth4,1211102.88,1213570.50,2424673.50,1214784,1212314,772.23,963.04,1735.26,964,773,0.00,0.00,0,0
1544345497,1001-eth4,0.00,0.00,0.00,0,0,0.00,0.00,0.00,0,0,0.00,0.00,0,0
1544345497,3001-eth2,248751.25,5274.73,254025.98,5280,249000,86.91,79.92,166.83,80,87,0.00,0.00,0,0
1544345497,1004-eth1,1172373.62,279218.78,1451592.50,279498,1173546,404.60,548.45,953.05,549,405,0.00,0.00,0,0
1544345497,3005-eth4,1215742.25,1207822.25,2423564.50,1209030,1216958,777.22,822.18,1599.40,823,778,0.00,0.00,0,0
1544345497,1003-eth2,984979.06,573708.31,1558687.38,574282,985964,491.51,495.50,987.01,496,492,0.00,0.00,0,0
1544345497,3008-eth1,0.00,0.00,0.00,0,0,0.00,0.00,0.00,0,0,0.00,0.00,0,0
1544345497,1002-eth3,7734.27,7776.22,15510.49,7784,7742,78.92,79.92,158.84,80,79,0.00,0.00,0,0
1544345497,2006-eth1,7290.71,172811.19,180101.91,172984,7298,77.92,75.92,153.85,76,78,0.00,0.00,0,0
1544345497,3003-eth1,7892.11,7832.17,15724.28,7840,7900,80.92,79.92,160.84,80,81,0.00,0.00,0,0
1544345497,2001-eth3,7832.17,7832.17,15664.34,7840,7840,79.92,79.92,159.84,80,80,0.00,0.00,0,0
1544345497,2008-eth2,29604.40,1212353.62,1241958.12,1213566,29634,448.55,418.58,867.13,419,449,0.00,0.00,0,0
1544345497,2008-eth3,1210939.12,714251.75,1925190.88,714966,1212150,594.41,630.37,1224.78,631,595,0.00,0.00,0,0
1544345497,1001-eth3,0.00,0.00,0.00,0,0,0.00,0.00,0.00,0,0,0.00,0.00,0,0
1544345497,2007-eth4,0.00,0.00,0.00,0,0,0.00,0.00,0.00,0,0,0.00,0.00,0,0
1544345497,2004-eth2,1019884.12,29604.40,1049488.50,29634,1020904,351.65,448.55,800.20,449,352,0.00,0.00,0,0
1544345497,3002-eth1,7794.21,7776.22,15570.43,7784,7802,79.92,79.92,159.84,80,80,0.00,0.00,0,0
1544345497,3004-eth1,7832.17,7832.17,15664.34,7840,7840,79.92,79.92,159.84,80,80,0.00,0.00,0,0
1544345497,2006-eth3,1224495.50,1212595.50,2437091.00,1213808,1225720,1018.98,891.11,1910.09,892,1020,0.00,0.00,0,0
1544345497,3004-eth2,381914.09,8109.89,390024.00,8118,382296,131.87,122.88,254.75,123,132,0.00,0.00,0,0
1544345497,3001-eth3,1213025.00,274933.06,1487958.12,275208,1214238,494.51,483.52,978.02,484,495,0.00,0.00,0,0
1544345497,2003-eth4,7832.17,7832.17,15664.34,7840,7840,79.92,79.92,159.84,80,80,0.00,0.00,0,0
1544345497,2008-eth4,1216825.25,23598.40,1240423.62,23622,1218042,420.58,357.64,778.22,358,421,0.00,0.00,0,0
1544345497,3008-eth3,1214483.50,468849.16,1683332.75,469318,1215698,560.44,550.45,1110.89,551,561,0.00,0.00,0,0
1544345497,2005-eth2,7776.22,7734.27,15510.49,7742,7784,79.92,78.92,158.84,79,80,0.00,0.00,0,0
1544345497,2006-eth4,33050.95,1052183.88,1085234.75,1053236,33084,410.59,468.53,879.12,469,411,0.00,0.00,0,0
1544345497,3006-eth2,1052183.88,33050.95,1085234.75,33084,1053236,468.53,410.59,879.12,411,469,0.00,0.00,0,0
1544345497,1003-eth4,587142.88,9692.31,596835.19,9702,587730,216.78,146.85,363.64,147,217,0.00,0.00,0,0
1544345497,2006-eth2,1172433.62,30527.47,1202961.12,30558,1173606,405.59,462.54,868.13,463,406,0.00,0.00,0,0
1544345497,3001-eth1,7832.17,7832.17,15664.34,7840,7840,79.92,79.92,159.84,80,80,0.00,0.00,0,0
1544345497,3008-eth2,23598.40,1216825.25,1240423.62,1218042,23622,357.64,420.58,778.22,421,358,0.00,0.00,0,0
1544345497,2004-eth3,1006473.56,1211678.38,2218152.00,1212890,1007480,817.18,715.28,1532.47,716,818,0.00,0.00,0,0
1544345497,3001-eth4,34073.93,1212755.25,1246829.25,1213968,34108,477.52,495.50,973.03,496,478,0.00,0.00,0,0
1544345497,1003-eth1,28615.38,1182977.00,1211592.50,1184160,28644,433.57,499.50,933.07,500,434,0.00,0.00,0,0
1544345497,3002-eth2,1213570.50,1211102.88,2424673.50,1212314,1214784,963.04,772.23,1735.26,773,964,0.00,0.00,0,0
1544345497,2005-eth4,7794.21,7734.27,15528.47,7742,7802,79.92,78.92,158.84,79,80,0.00,0.00,0,0
1544345497,3003-eth2,1211678.38,1006473.56,2218152.00,1007480,1212890,715.28,817.18,1532.47,818,716,0.00,0.00,0,0
1544345497,2007-eth1,0.00,0.00,0.00,0,0,0.00,0.00,0.00,0,0,0.00,0.00,0,0
1544345497,1002-eth4,0.00,0.00,0.00,0,0,0.00,0.00,0.00,0,0,0.00,0.00,0,0
1544345497,3002-eth4,12277.72,238671.33,250949.06,238910,12290,147.85,158.84,306.69,159,148,0.00,0.00,0,0
1544345497,2007-eth3,0.00,0.00,0.00,0,0,0.00,0.00,0.00,0,0,0.00,0.00,0,0
1544345497,3005-eth1,101.90,0.00,101.90,0,102,2.00,0.00,2.00,0,2,0.00,0.00,0,0
1544345497,2001-eth4,7776.22,7794.21,15570.43,7802,7784,79.92,79.92,159.84,80,80,0.00,0.00,0,0
1544345497,3003-eth4,29386.61,1055860.12,1085246.75,1056916,29416,406.59,441.56,848.15,442,407,0.00,0.00,0,0
1544345497,2004-eth1,573708.31,984979.06,1558687.38,985964,574282,495.50,491.51,987.01,492,496,0.00,0.00,0,0
1544345497,3006-eth4,52433.57,1073866.12,1126299.75,1074940,52486,554.45,561.44,1115.88,562,555,0.00,0.00,0,0
1544345497,3007-eth1,0.00,0.00,0.00,0,0,0.00,0.00,0.00,0,0,0.00,0.00,0,0
1544345497,2008-eth1,9692.31,587142.88,596835.19,587730,9702,146.85,216.78,363.64,217,147,0.00,0.00,0,0
1544345497,2002-eth2,279218.78,1172373.62,1451592.50,1173546,279498,548.45,404.60,953.05,405,549,0.00,0.00,0,0
1544345497,2003-eth1,3916.08,3916.08,7832.17,3920,3920,39.96,39.96,79.92,40,40,0.00,0.00,0,0
1544345497,3008-eth4,1065694.38,949652.38,2015346.75,950602,1066760,607.39,668.33,1275.72,669,608,0.00,0.00,0,0
1544345497,1004-eth4,1212353.62,29604.40,1241958.12,29634,1213566,418.58,448.55,867.13,449,419,0.00,0.00,0,0
1544345497,3006-eth1,7734.27,7794.21,15528.47,7802,7742,78.92,79.92,158.84,80,79,0.00,0.00,0,0
1544345497,1004-eth3,30527.47,1172433.62,1202961.12,1173606,30558,462.54,405.59,868.13,406,463,0.00,0.00,0,0
1544345497,1002-eth2,7832.17,7832.17,15664.34,7840,7840,79.92,79.92,159.84,80,80,0.00,0.00,0,0
1544345497,3004-eth3,34007.99,1218673.38,1252681.38,1219892,34042,476.52,497.50,974.03,498,477,0.00,0.00,0,0
1544345497,2003-eth3,7832.17,7892.11,15724.28,7900,7840,79.92,80.92,160.84,81,80,0.00,0.00,0,0
1544345497,2005-eth1,0.00,0.00,0.00,0,0,0.00,0.00,0.00,0,0,0.00,0.00,0,0
1544345497,3002-eth3,1206721.25,1025280.75,2232002.00,1026306,1207928,706.29,740.26,1446.55,741,707,0.00,0.00,0,0
1544345497,3006-eth3,1218817.25,1098335.75,2317153.00,1099434,1220036,982.02,944.06,1926.07,945,983,0.00,0.00,0,0
1544345497,2001-eth1,3976.02,3916.08,7892.11,3920,3980,40.96,39.96,80.92,40,41,0.00,0.00,0,0
1544345497,3005-eth2,1212595.50,1224495.50,2437091.00,1225720,1213808,891.11,1018.98,1910.09,1020,892,0.00,0.00,0,0
1544345497,2001-eth2,7794.21,7776.22,15570.43,7784,7802,79.92,79.92,159.84,80,80,0.00,0.00,0,0
1544345497,3007-eth2,714251.75,1210939.12,1925190.88,1212150,714966,630.37,594.41,1224.78,595,631,0.00,0.00,0,0
1544345497,1001-eth1,3916.08,3976.02,7892.11,3980,3920,39.96,40.96,80.92,41,40,0.00,0.00,0,0
1544345497,3007-eth4,219054.95,392249.75,611304.69,392642,219274,184.82,200.80,385.61,201,185,0.00,0.00,0,0
1544345497,2003-eth2,7832.17,7832.17,15664.34,7840,7840,79.92,79.92,159.84,80,80,0.00,0.00,0,0
1544345497,3007-eth3,991884.12,322002.00,1313886.12,322324,992876,409.59,429.57,839.16,430,410,0.00,0.00,0,0
1544345497,1002-eth1,7776.22,7794.21,15570.43,7802,7784,79.92,79.92,159.84,80,80,0.00,0.00,0,0
1544345497,2002-eth3,5274.73,248751.25,254025.98,249000,5280,79.92,86.91,166.83,87,80,0.00,0.00,0,0
1544345497,2007-eth2,0.00,0.00,0.00,0,0,0.00,0.00,0.00,0,0,0.00,0.00,0,0
1544345497,total,32385942.00,32851296.00,65237236.00,32884146,32418328,24585.42,24566.43,49151.85,24591,24610,0.00,0.00,0,0
1544345498,3003-eth3,967456.56,172339.67,1139796.25,172512,968424,387.61,375.62,763.24,376,388,0.00,0.00,0,0
1544345498,2002-eth1,1193152.88,31906.10,1225059.00,31938,1194346,412.59,483.52,896.10,484,413,0.00,0.00,0,0
1544345498,lo,65276.73,65276.73,130553.45,65342,65342,283.72,283.72,567.43,284,284,0.00,0.00,0,0
1544345498,3005-eth3,1070861.12,1117262.75,2188124.00,1118380,1071932,817.18,709.29,1526.47,710,818,0.00,0.00,0,0
1544345498,2005-eth3,59.94,0.00,59.94,0,60,1.00,0.00,1.00,0,1,0.00,0.00,0,0
1544345498,3004-eth4,1220199.88,393492.53,1613692.38,393886,1221420,537.46,526.47,1063.94,527,538,0.00,0.00,0,0
1544345498,1004-eth2,28879.12,1051047.00,1079926.12,1052098,28908,437.56,363.64,801.20,364,438,0.00,0.00,0,0
1544345498,2004-eth4,7906.09,367118.91,375025.00,367486,7914,119.88,126.87,246.75,127,120,0.00,0.00,0,0
1544345498,1001-eth2,2251.75,2251.75,4503.50,2254,2254,22.98,22.98,45.95,23,23,0.00,0.00,0,0
1544345498,1003-eth3,144133.88,3728.27,147862.14,3732,144278,57.94,53.95,111.89,54,58,0.00,0.00,0,0
1544345498,2002-eth4,1219388.62,1218267.75,2437656.50,1219486,1220608,810.19,793.21,1603.40,794,811,0.00,0.00,0,0
1544345498,1001-eth4,0.00,0.00,0.00,0,0,0.00,0.00,0.00,0,0,0.00,0.00,0,0
1544345498,3001-eth2,266445.56,5598.40,272043.97,5604,266712,91.91,84.92,176.82,85,92,0.00,0.00,0,0
1544345498,1004-eth1,1193087.00,291626.38,1484713.38,291918,1194280,411.59,473.53,885.11,474,412,0.00,0.00,0,0
1544345498,3005-eth4,1215194.88,1219290.75,2434485.50,1220510,1216410,856.14,808.19,1664.34,809,857,0.00,0.00,0,0
1544345498,1003-eth2,967516.50,532423.56,1499940.12,532956,968484,388.61,505.49,894.11,506,389,0.00,0.00,0,0
1544345498,3008-eth1,59.94,0.00,59.94,0,60,1.00,0.00,1.00,0,1,0.00,0.00,0,0
1544345498,1002-eth3,2349.65,2349.65,4699.30,2352,2352,23.98,23.98,47.95,24,24,0.00,0.00,0,0
1544345498,2006-eth1,3728.27,144133.88,147862.14,144278,3732,53.95,57.94,111.89,58,54,0.00,0.00,0,0
1544345498,3003-eth1,3426.57,3426.57,6853.15,3430,3430,34.97,34.97,69.93,35,35,0.00,0.00,0,0
1544345498,2001-eth3,2349.65,2349.65,4699.30,2352,2352,23.98,23.98,47.95,24,24,0.00,0.00,0,0
1544345498,2008-eth2,28939.06,1222677.38,1251616.38,1223900,28968,438.56,421.58,860.14,422,439,0.00,0.00,0,0
1544345498,2008-eth3,1209180.88,579718.31,1788899.12,580298,1210390,567.43,608.39,1175.82,609,568,0.00,0.00,0,0
1544345498,1001-eth3,0.00,0.00,0.00,0,0,0.00,0.00,0.00,0,0,0.00,0.00,0,0
1544345498,2007-eth4,0.00,59.94,59.94,60,0,0.00,1.00,1.00,1,0,0.00,0.00,0,0
1544345498,2004-eth2,1051047.00,28879.12,1079926.12,28908,1052098,363.64,437.56,801.20,438,364,0.00,0.00,0,0
1544345498,3002-eth1,3426.57,3426.57,6853.15,3430,3430,34.97,34.97,69.93,35,35,0.00,0.00,0,0
1544345498,3004-eth1,2349.65,2349.65,4699.30,2352,2352,23.98,23.98,47.95,24,24,0.00,0.00,0,0
1544345498,2006-eth3,1226649.38,1218507.50,2445157.00,1219726,1227876,964.04,794.21,1758.24,795,965,0.00,0.00,0,0
1544345498,3004-eth2,367118.91,7906.09,375025.00,7914,367486,126.87,119.88,246.75,120,127,0.00,0.00,0,0
1544345498,3001-eth3,1222363.62,292951.06,1515314.75,293244,1223586,504.50,493.51,998.00,494,505,0.00,0.00,0,0
1544345498,2003-eth4,2349.65,2349.65,4699.30,2352,2352,23.98,23.98,47.95,24,24,0.00,0.00,0,0
1544345498,2008-eth4,1218337.75,24909.09,1243246.75,24934,1219556,421.58,354.65,776.22,355,422,0.00,0.00,0,0
1544345498,3008-eth3,1222235.75,361686.31,1583922.12,362048,1223458,524.48,521.48,1045.95,522,525,0.00,0.00,0,0
1544345498,2005-eth2,2349.65,2349.65,4699.30,2352,2352,23.98,23.98,47.95,24,24,0.00,0.00,0,0
1544345498,2006-eth4,21692.31,1152723.25,1174415.62,1153876,21714,328.67,457.54,786.21,458,329,0.00,0.00,0,0
1544345498,3006-eth2,1152723.25,21692.31,1174415.62,21714,1153876,457.54,328.67,786.21,329,458,0.00,0.00,0,0
1544345498,1003-eth4,596603.44,10675.33,607278.75,10686,597200,206.79,161.84,368.63,162,207,0.00,0.00,0,0
1544345498,2006-eth2,1193087.00,25120.88,1218207.88,25146,1194280,411.59,380.62,792.21,381,412,0.00,0.00,0,0
1544345498,3001-eth1,2349.65,2349.65,4699.30,2352,2352,23.98,23.98,47.95,24,24,0.00,0.00,0,0
1544345498,3008-eth2,24909.09,1218337.75,1243246.75,1219556,24934,354.65,421.58,776.22,422,355,0.00,0.00,0,0
1544345498,2004-eth3,988483.56,1216291.75,2204775.25,1217508,989472,706.29,741.26,1447.55,742,707,0.00,0.00,0,0
1544345498,3001-eth4,28855.15,1216149.88,1245005.00,1217366,28884,425.57,442.56,868.13,443,426,0.00,0.00,0,0
1544345498,1003-eth1,31906.10,1193152.88,1225059.00,1194346,31938,483.52,412.59,896.10,413,484,0.00,0.00,0,0
1544345498,3002-eth2,1218267.75,1219388.62,2437656.50,1220608,1219486,793.21,810.19,1603.40,811,794,0.00,0.00,0,0
1544345498,2005-eth4,2349.65,2349.65,4699.30,2352,2352,23.98,23.98,47.95,24,24,0.00,0.00,0,0
1544345498,3003-eth2,1216291.75,988483.56,2204775.25,989472,1217508,741.26,706.29,1447.55,707,742,0.00,0.00,0,0
1544345498,2007-eth1,0.00,0.00,0.00,0,0,0.00,0.00,0.00,0,0,0.00,0.00,0,0
1544345498,1002-eth4,0.00,0.00,0.00,0,0,0.00,0.00,0.00,0,0,0.00,0.00,0,0
1544345498,3002-eth4,8437.56,247646.36,256083.92,247894,8446,110.89,118.88,229.77,119,111,0.00,0.00,0,0
1544345498,2007-eth3,0.00,0.00,0.00,0,0,0.00,0.00,0.00,0,0,0.00,0.00,0,0
1544345498,3005-eth1,0.00,59.94,59.94,60,0,0.00,1.00,1.00,1,0,0.00,0.00,0,0
1544345498,2001-eth4,3426.57,3426.57,6853.15,3430,3430,34.97,34.97,69.93,35,35,0.00,0.00,0,0
1544345498,3003-eth4,24393.61,1046983.06,1071376.62,1048030,24418,352.65,394.61,747.25,395,353,0.00,0.00,0,0
1544345498,2004-eth1,532423.56,967516.50,1499940.12,968484,532956,505.49,388.61,894.11,389,506,0.00,0.00,0,0
1544345498,3006-eth4,50939.06,908771.25,959710.31,909680,50990,558.44,519.48,1077.92,520,559,0.00,0.00,0,0
1544345498,3007-eth1,0.00,0.00,0.00,0,0,0.00,0.00,0.00,0,0,0.00,0.00,0,0
1544345498,2008-eth1,10675.33,596603.44,607278.75,597200,10686,161.84,206.79,368.63,207,162,0.00,0.00,0,0
1544345498,2002-eth2,291626.38,1193087.00,1484713.38,1194280,291918,473.53,411.59,885.11,412,474,0.00,0.00,0,0
1544345498,2003-eth1,2251.75,2251.75,4503.50,2254,2254,22.98,22.98,45.95,23,23,0.00,0.00,0,0
1544345498,3008-eth4,963045.00,784077.94,1747122.88,784862,964008,582.42,614.39,1196.80,615,583,0.00,0.00,0,0
1544345498,1004-eth4,1222677.38,28939.06,1251616.38,28968,1223900,421.58,438.56,860.14,439,422,0.00,0.00,0,0
1544345498,3006-eth1,2349.65,2349.65,4699.30,2352,2352,23.98,23.98,47.95,24,24,0.00,0.00,0,0
1544345498,1004-eth3,25120.88,1193087.00,1218207.88,1194280,25146,380.62,411.59,792.21,412,381,0.00,0.00,0,0
1544345498,1002-eth2,2349.65,2349.65,4699.30,2352,2352,23.98,23.98,47.95,24,24,0.00,0.00,0,0
1544345498,3004-eth3,28723.28,1217662.38,1246385.62,1218880,28752,423.58,443.56,867.13,444,424,0.00,0.00,0,0
1544345498,2003-eth3,3426.57,3426.57,6853.15,3430,3430,34.97,34.97,69.93,35,35,0.00,0.00,0,0
1544345498,2005-eth1,0.00,0.00,0.00,0,0,0.00,0.00,0.00,0,0,0.00,0.00,0,0
1544345498,3002-eth3,1214317.75,1051648.38,2265966.00,1052700,1215532,733.27,745.25,1478.52,746,734,0.00,0.00,0,0
1544345498,3006-eth3,1227160.88,1199800.25,2426961.00,1201000,1228388,975.03,991.01,1966.03,992,976,0.00,0.00,0,0
1544345498,2001-eth1,2251.75,2251.75,4503.50,2254,2254,22.98,22.98,45.95,23,23,0.00,0.00,0,0
1544345498,3005-eth2,1221466.62,1229674.38,2451141.00,1230904,1222688,795.20,966.03,1761.24,967,796,0.00,0.00,0,0
1544345498,2001-eth2,2349.65,2349.65,4699.30,2352,2352,23.98,23.98,47.95,24,24,0.00,0.00,0,0
1544345498,3007-eth2,579718.31,1209180.88,1788899.12,1210390,580298,608.39,567.43,1175.82,568,609,0.00,0.00,0,0
1544345498,1001-eth1,2251.75,2251.75,4503.50,2254,2254,22.98,22.98,45.95,23,23,0.00,0.00,0,0
1544345498,3007-eth4,237422.58,267578.44,505001.00,267846,237660,149.85,174.83,324.68,175,150,0.00,0.00,0,0
1544345498,2003-eth2,2349.65,2349.65,4699.30,2352,2352,23.98,23.98,47.95,24,24,0.00,0.00,0,0
1544345498,3007-eth3,971698.31,312139.88,1283838.25,312452,972670,416.58,433.57,850.15,434,417,0.00,0.00,0,0
1544345498,1002-eth1,2349.65,2349.65,4699.30,2352,2352,23.98,23.98,47.95,24,24,0.00,0.00,0,0
1544345498,2002-eth3,5598.40,266445.56,272043.97,266712,5604,84.92,91.91,176.82,92,85,0.00,0.00,0,0
1544345498,2007-eth2,0.00,0.00,0.00,0,0,0.00,0.00,0.00,0,0,0.00,0.00,0,0
1544345498,total,32248392.00,32384634.00,64633024.00,32417018,32280640,22742.26,22700.30,45442.56,22723,22765,0.00,0.00,0,0
1544345499,3003-eth3,968052.00,180929.08,1148981.00,181110,969020,377.62,374.63,752.25,375,378,0.00,0.00,0,0
1544345499,2002-eth1,1193146.88,30983.02,1224129.88,31014,1194340,412.59,468.53,881.12,469,413,0.00,0.00,0,0
1544345499,lo,7370.63,7370.63,14741.26,7378,7378,71.93,71.93,143.86,72,72,0.00,0.00,0,0
1544345499,3005-eth3,1079850.12,1149552.50,2229402.75,1150702,1080930,712.29,738.26,1450.55,739,713,0.00,0.00,0,0
1544345499,2005-eth3,41.96,41.96,83.92,42,42,1.00,1.00,2.00,1,1,0.00,0.00,0,0
1544345499,3004-eth4,1218769.25,365810.19,1584579.50,366176,1219988,531.47,523.48,1054.95,524,532,0.00,0.00,0,0
1544345499,1004-eth2,29640.36,1039150.88,1068791.25,1040190,29670,439.56,358.64,798.20,359,440,0.00,0.00,0,0
1544345499,2004-eth4,8415.58,339436.56,347852.16,339776,8424,117.88,123.88,241.76,124,118,0.00,0.00,0,0
1544345499,1001-eth2,59.94,0.00,59.94,0,60,1.00,0.00,1.00,0,1,0.00,0.00,0,0
1544345499,1003-eth3,159854.16,2901.10,162755.25,2904,160014,54.95,43.96,98.90,44,55,0.00,0.00,0,0
1544345499,2002-eth4,1221364.62,1217812.25,2439177.00,1219030,1222586,796.20,786.21,1582.42,787,797,0.00,0.00,0,0
1544345499,1001-eth4,59.94,59.94,119.88,60,60,1.00,1.00,2.00,1,1,0.00,0.00,0,0
1544345499,3001-eth2,266445.56,5664.34,272109.91,5670,266712,91.91,84.92,176.82,85,92,0.00,0.00,0,0
1544345499,1004-eth1,1194593.50,291170.84,1485764.25,291462,1195788,412.59,466.53,879.12,467,413,0.00,0.00,0,0
1544345499,3005-eth4,1221830.25,1218843.25,2440673.50,1220062,1223052,825.17,802.20,1627.37,803,826,0.00,0.00,0,0
1544345499,1003-eth2,968010.00,519598.41,1487608.38,520118,968978,376.62,486.51,863.14,487,377,0.00,0.00,0,0
1544345499,3008-eth1,41.96,101.90,143.86,102,42,1.00,2.00,3.00,2,1,0.00,0.00,0,0
1544345499,1002-eth3,101.90,41.96,143.86,42,102,2.00,1.00,3.00,1,2,0.00,0.00,0,0
1544345499,2006-eth1,2901.10,159854.16,162755.25,160014,2904,43.96,54.95,98.90,55,44,0.00,0.00,0,0
1544345499,3003-eth1,41.96,41.96,83.92,42,42,1.00,1.00,2.00,1,1,0.00,0.00,0,0
1544345499,2001-eth3,41.96,101.90,143.86,102,42,1.00,2.00,3.00,2,1,0.00,0.00,0,0
1544345499,2008-eth2,29580.42,1219718.38,1249298.75,1220938,29610,438.56,420.58,859.14,421,439,0.00,0.00,0,0
1544345499,2008-eth3,1218313.75,348261.75,1566575.50,348610,1219532,573.43,564.44,1137.86,565,574,0.00,0.00,0,0
1544345499,1001-eth3,59.94,0.00,59.94,0,60,1.00,0.00,1.00,0,1,0.00,0.00,0,0
1544345499,2007-eth4,101.90,41.96,143.86,42,102,2.00,1.00,3.00,1,2,0.00,0.00,0,0
1544345499,2004-eth2,1039150.88,29640.36,1068791.25,29670,1040190,358.64,439.56,798.20,440,359,0.00,0.00,0,0
1544345499,3002-eth1,0.00,0.00,0.00,0,0,0.00,0.00,0.00,0,0,0.00,0.00,0,0
1544345499,3004-eth1,0.00,0.00,0.00,0,0,0.00,0.00,0.00,0,0,0.00,0.00,0,0
1544345499,2006-eth3,1222737.25,1220313.75,2443051.00,1221534,1223960,751.25,802.20,1553.45,803,752,0.00,0.00,0,0
1544345499,3004-eth2,339436.56,8415.58,347852.16,8424,339776,123.88,117.88,241.76,118,124,0.00,0.00,0,0
1544345499,3001-eth3,1218000.00,292927.09,1510927.12,293220,1219218,504.50,493.51,998.00,494,505,0.00,0.00,0,0
1544345499,2003-eth4,0.00,0.00,0.00,0,0,0.00,0.00,0.00,0,0,0.00,0.00,0,0
1544345499,2008-eth4,1219718.38,28823.18,1248541.50,28852,1220938,420.58,359.64,780.22,360,421,0.00,0.00,0,0
1544345499,3008-eth3,1221057.00,483400.62,1704457.62,483884,1222278,550.45,571.43,1121.88,572,551,0.00,0.00,0,0
1544345499,2005-eth2,41.96,101.90,143.86,102,42,1.00,2.00,3.00,2,1,0.00,0.00,0,0
1544345499,2006-eth4,22813.19,1176779.25,1199592.50,1177956,22836,345.65,405.59,751.25,406,346,0.00,0.00,0,0
1544345499,3006-eth2,1176779.25,22813.19,1199592.50,22836,1177956,405.59,345.65,751.25,346,406,0.00,0.00,0,0
1544345499,1003-eth4,567414.62,10675.33,578089.94,10686,567982,202.80,160.84,363.64,161,203,0.00,0.00,0,0
1544345499,2006-eth2,1194533.50,24785.21,1219318.75,24810,1195728,411.59,375.62,787.21,376,412,0.00,0.00,0,0
1544345499,3001-eth1,101.90,41.96,143.86,42,102,2.00,1.00,3.00,1,2,0.00,0.00,0,0
1544345499,3008-eth2,28823.18,1219718.38,1248541.50,1220938,28852,359.64,420.58,780.22,421,360,0.00,0.00,0,0
1544345499,2004-eth3,989240.81,1219312.75,2208553.50,1220532,990230,698.30,721.28,1419.58,722,699,0.00,0.00,0,0
1544345499,3001-eth4,26499.50,1221230.75,1247730.25,1222452,26526,401.60,421.58,823.18,422,402,0.00,0.00,0,0
1544345499,1003-eth1,30983.02,1193146.88,1224129.88,1194340,31014,468.53,412.59,881.12,413,469,0.00,0.00,0,0
1544345499,3002-eth2,1217812.25,1221364.62,2439177.00,1222586,1219030,786.21,796.20,1582.42,797,787,0.00,0.00,0,0
1544345499,2005-eth4,0.00,0.00,0.00,0,0,0.00,0.00,0.00,0,0,0.00,0.00,0,0
1544345499,3003-eth2,1219312.75,989240.81,2208553.50,990230,1220532,721.28,698.30,1419.58,699,722,0.00,0.00,0,0
1544345499,2007-eth1,59.94,59.94,119.88,60,60,1.00,1.00,2.00,1,1,0.00,0.00,0,0
1544345499,1002-eth4,101.90,101.90,203.80,102,102,2.00,2.00,4.00,2,2,0.00,0.00,0,0
1544345499,3002-eth4,5076.92,236855.16,241932.08,237092,5082,76.92,81.92,158.84,82,77,0.00,0.00,0,0
1544345499,2007-eth3,59.94,0.00,59.94,0,60,1.00,0.00,1.00,0,1,0.00,0.00,0,0
1544345499,3005-eth1,41.96,41.96,83.92,42,42,1.00,1.00,2.00,1,1,0.00,0.00,0,0
1544345499,2001-eth4,0.00,0.00,0.00,0,0,0.00,0.00,0.00,0,0,0.00,0.00,0,0
1544345499,3003-eth4,21230.77,1074659.38,1095890.12,1075734,21252,321.68,370.63,692.31,371,322,0.00,0.00,0,0
1544345499,2004-eth1,519598.41,968010.00,1487608.38,968978,520118,486.51,376.62,863.14,377,487,0.00,0.00,0,0
1544345499,3006-eth4,44185.82,1191124.88,1235310.75,1192316,44230,616.38,469.53,1085.91,470,617,0.00,0.00,0,0
1544345499,3007-eth1,0.00,59.94,59.94,60,0,0.00,1.00,1.00,1,0,0.00,0.00,0,0
1544345499,2008-eth1,10675.33,567414.62,578089.94,567982,10686,160.84,202.80,363.64,203,161,0.00,0.00,0,0
1544345499,2002-eth2,291170.84,1194593.50,1485764.25,1195788,291462,466.53,412.59,879.12,413,467,0.00,0.00,0,0
1544345499,2003-eth1,0.00,59.94,59.94,60,0,0.00,1.00,1.00,1,0,0.00,0.00,0,0
1544345499,3008-eth4,1080131.88,574014.00,1654145.88,574588,1081212,627.37,621.38,1248.75,622,628,0.00,0.00,0,0
1544345499,1004-eth4,1219718.38,29580.42,1249298.75,29610,1220938,420.58,438.56,859.14,439,421,0.00,0.00,0,0
1544345499,3006-eth1,0.00,0.00,0.00,0,0,0.00,0.00,0.00,0,0,0.00,0.00,0,0
1544345499,1004-eth3,24785.21,1194533.50,1219318.75,1195728,24810,375.62,411.59,787.21,412,376,0.00,0.00,0,0
1544345499,1002-eth2,101.90,41.96,143.86,42,102,2.00,1.00,3.00,1,2,0.00,0.00,0,0
1544345499,3004-eth3,26373.63,1222677.38,1249051.00,1223900,26400,399.60,421.58,821.18,422,400,0.00,0.00,0,0
1544345499,2003-eth3,41.96,41.96,83.92,42,42,1.00,1.00,2.00,1,1,0.00,0.00,0,0
1544345499,2005-eth1,0.00,59.94,59.94,60,0,0.00,1.00,1.00,1,0,0.00,0.00,0,0
1544345499,3002-eth3,1216287.75,1001674.38,2217962.00,1002676,1217504,719.28,733.27,1452.55,734,720,0.00,0.00,0,0
1544345499,3006-eth3,1230615.38,1220965.12,2451580.50,1222186,1231846,1045.95,1021.98,2067.93,1023,1047,0.00,0.00,0,0
1544345499,2001-eth1,0.00,59.94,59.94,60,0,0.00,1.00,1.00,1,0,0.00,0.00,0,0
1544345499,3005-eth2,1217354.62,1219712.38,2437067.00,1220932,1218572,801.20,749.25,1550.45,750,802,0.00,0.00,0,0
1544345499,2001-eth2,41.96,101.90,143.86,102,42,1.00,2.00,3.00,2,1,0.00,0.00,0,0
1544345499,3007-eth2,348261.75,1218313.75,1566575.50,1219532,348610,564.44,573.43,1137.86,574,565,0.00,0.00,0,0
1544345499,1001-eth1,59.94,0.00,59.94,0,60,1.00,0.00,1.00,0,1,0.00,0.00,0,0
1544345499,3007-eth4,236665.34,127782.22,364447.56,127910,236902,140.86,138.86,279.72,139,141,0.00,0.00,0,0
1544345499,2003-eth2,41.96,101.90,143.86,102,42,1.00,2.00,3.00,2,1,0.00,0.00,0,0
1544345499,3007-eth3,981648.38,220479.53,1202127.88,220700,982630,432.57,425.57,858.14,426,433,0.00,0.00,0,0
1544345499,1002-eth1,101.90,41.96,143.86,42,102,2.00,1.00,3.00,1,2,0.00,0.00,0,0
1544345499,2002-eth3,5664.34,266445.56,272109.91,266712,5670,84.92,91.91,176.82,92,85,0.00,0.00,0,0
1544345499,2007-eth2,101.90,101.90,203.80,102,102,2.00,2.00,4.00,2,2,0.00,0.00,0,0
1544345499,total,32003346.00,31989930.00,63993276.00,32021920,32035348,21557.44,21482.52,43039.96,21504,21579,0.00,0.00,0,0
1544345500,3003-eth3,963604.44,163001.00,1126605.38,163164,964568,375.62,365.63,741.26,366,376,0.00,0.00,0,0
1544345500,2002-eth1,1196046.00,33208.79,1229254.75,33242,1197242,412.59,474.53,887.11,475,413,0.00,0.00,0,0
1544345500,lo,6545.45,6545.45,13090.91,6552,6552,63.94,63.94,127.87,64,64,0.00,0.00,0,0
1544345500,3005-eth3,1089116.88,1186705.38,2275822.25,1187892,1090206,721.28,753.25,1474.53,754,722,0.00,0.00,0,0
1544345500,2005-eth3,0.00,0.00,0.00,0,0,0.00,0.00,0.00,0,0,0.00,0.00,0,0
1544345500,3004-eth4,1223626.38,240549.45,1464175.88,240790,1224850,523.48,510.49,1033.97,511,524,0.00,0.00,0,0
1544345500,1004-eth2,30903.10,1064269.75,1095172.88,1065334,30934,424.58,366.63,791.21,367,425,0.00,0.00,0,0
1544345500,2004-eth4,9672.33,214169.84,223842.16,214384,9682,102.90,110.89,213.79,111,103,0.00,0.00,0,0
1544345500,1001-eth2,0.00,59.94,59.94,60,0,0.00,1.00,1.00,1,0,0.00,0.00,0,0
1544345500,1003-eth3,139140.86,2901.10,142041.97,2904,139280,47.95,43.96,91.91,44,48,0.00,0.00,0,0
1544345500,2002-eth4,1224521.50,1224521.50,2449043.00,1225746,1225746,800.20,800.20,1600.40,801,801,0.00,0.00,0,0
1544345500,1001-eth4,0.00,0.00,0.00,0,0,0.00,0.00,0.00,0,0,0.00,0.00,0,0
1544345500,3001-eth2,185438.56,7758.24,193196.81,7766,185624,91.91,88.91,180.82,89,92,0.00,0.00,0,0
1544345500,1004-eth1,1196046.00,210955.05,1407001.00,211166,1197242,412.59,478.52,891.11,479,413,0.00,0.00,0,0
1544345500,3005-eth4,1223236.75,1222221.75,2445458.50,1223444,1224460,737.26,809.19,1546.45,810,738,0.00,0.00,0,0
1544345500,1003-eth2,963604.44,373624.38,1337228.75,373998,964568,375.62,466.53,842.16,467,376,0.00,0.00,0,0
1544345500,3008-eth1,0.00,0.00,0.00,0,0,0.00,0.00,0.00,0,0,0.00,0.00,0,0
1544345500,1002-eth3,0.00,59.94,59.94,60,0,0.00,1.00,1.00,1,0,0.00,0.00,0,0
1544345500,2006-eth1,2901.10,139140.86,142041.97,139280,2904,43.96,47.95,91.91,48,44,0.00,0.00,0,0
1544345500,3003-eth1,0.00,59.94,59.94,60,0,0.00,1.00,1.00,1,0,0.00,0.00,0,0
1544345500,2001-eth3,0.00,0.00,0.00,0,0,0.00,0.00,0.00,0,0,0.00,0.00,0,0
1544345500,2008-eth2,30903.10,1222677.38,1253580.50,1223900,30934,424.58,421.58,846.15,422,425,0.00,0.00,0,0
1544345500,2008-eth3,1224681.38,426245.78,1650927.12,426672,1225906,610.39,606.39,1216.78,607,611,0.00,0.00,0,0
1544345500,1001-eth3,0.00,59.94,59.94,60,0,0.00,1.00,1.00,1,0,0.00,0.00,0,0
1544345500,2007-eth4,0.00,0.00,0.00,0,0,0.00,0.00,0.00,0,0,0.00,0.00,0,0
1544345500,2004-eth2,1064269.75,30903.10,1095172.88,30934,1065334,366.63,424.58,791.21,425,367,0.00,0.00,0,0
1544345500,3002-eth1,0.00,0.00,0.00,0,0,0.00,0.00,0.00,0,0,0.00,0.00,0,0
1544345500,3004-eth1,59.94,59.94,119.88,60,60,1.00,1.00,2.00,1,1,0.00,0.00,0,0
1544345500,2006-eth3,1221488.50,1222215.88,2443704.25,1223438,1222710,754.25,809.19,1563.44,810,755,0.00,0.00,0,0
1544345500,3004-eth2,214169.84,9672.33,223842.16,9682,214384,110.89,102.90,213.79,103,111,0.00,0.00,0,0
1544345500,3001-eth3,1221632.38,211878.12,1433510.50,212090,1222854,509.49,492.51,1002.00,493,510,0.00,0.00,0,0
1544345500,2003-eth4,59.94,59.94,119.88,60,60,1.00,1.00,2.00,1,1,0.00,0.00,0,0
1544345500,2008-eth4,1224513.50,35930.07,1260443.62,35966,1225738,427.57,388.61,816.18,389,428,0.00,0.00,0,0
1544345500,3008-eth3,1227834.25,520711.31,1748545.50,521232,1229062,609.39,633.37,1242.76,634,610,0.00,0.00,0,0
1544345500,2005-eth2,59.94,0.00,59.94,0,60,1.00,0.00,1.00,0,1,0.00,0.00,0,0
1544345500,2006-eth4,23274.73,1196046.00,1219320.75,1197242,23298,352.65,412.59,765.23,413,353,0.00,0.00,0,0
1544345500,3006-eth2,1196046.00,23274.73,1219320.75,23298,1197242,412.59,352.65,765.23,353,413,0.00,0.00,0,0
1544345500,1003-eth4,449452.56,12835.17,462287.72,12848,449902,190.81,165.83,356.64,166,191,0.00,0.00,0,0
1544345500,2006-eth2,1196046.00,25516.48,1221562.50,25542,1197242,412.59,386.61,799.20,387,413,0.00,0.00,0,0
1544345500,3001-eth1,0.00,0.00,0.00,0,0,0.00,0.00,0.00,0,0,0.00,0.00,0,0
1544345500,3008-eth2,35894.21,1223291.50,1259185.62,1225738,35966,388.22,427.15,815.37,428,389,0.00,0.00,0,0
1544345500,2004-eth3,983852.31,1222562.88,2206415.25,1225008,985820,696.61,722.55,1419.16,724,698,0.00,0.00,0,0
1544345500,3001-eth4,26413.17,1221457.12,1247870.25,1223900,26466,400.20,421.16,821.36,422,401,0.00,0.00,0,0
1544345500,1003-eth1,33175.65,1194852.38,1228028.00,1197242,33242,474.05,412.18,886.23,413,475,0.00,0.00,0,0
1544345500,3002-eth2,1223299.38,1223299.38,2446598.75,1225746,1225746,799.40,799.40,1598.80,801,801,0.00,0.00,0,0
1544345500,2005-eth4,0.00,59.88,59.88,60,0,0.00,1.00,1.00,1,0,0.00,0.00,0,0
1544345500,3003-eth2,1224139.75,986808.44,2210948.25,988782,1226588,724.55,697.60,1422.16,699,726,0.00,0.00,0,0
1544345500,2007-eth1,0.00,0.00,0.00,0,0,0.00,0.00,0.00,0,0,0.00,0.00,0,0
1544345500,1002-eth4,0.00,0.00,0.00,0,0,0.00,0.00,0.00,0,0,0.00,0.00,0,0
1544345500,3002-eth4,5071.86,238063.88,243135.73,238540,5082,76.85,81.84,158.68,82,77,0.00,0.00,0,0
1544345500,2007-eth3,0.00,0.00,0.00,0,0,0.00,0.00,0.00,0,0,0.00,0.00,0,0
1544345500,3005-eth1,0.00,0.00,0.00,0,0,0.00,0.00,0.00,0,0,0.00,0.00,0,0
1544345500,2001-eth4,0.00,0.00,0.00,0,0,0.00,0.00,0.00,0,0,0.00,0.00,0,0
1544345500,3003-eth4,21209.58,1101702.62,1122912.25,1103906,21252,321.36,380.24,701.60,381,322,0.00,0.00,0,0
1544345500,2004-eth1,373317.38,965598.81,1338916.25,967530,374064,467.07,376.25,843.31,377,468,0.00,0.00,0,0
1544345500,3006-eth4,27790.42,1224413.25,1252203.62,1226862,27846,421.16,422.16,843.31,423,422,0.00,0.00,0,0
1544345500,3007-eth1,0.00,0.00,0.00,0,0,0.00,0.00,0.00,0,0,0.00,0.00,0,0
1544345500,2008-eth1,12822.36,449004.00,461826.38,449902,12848,165.67,190.62,356.29,191,166,0.00,0.00,0,0
1544345500,2002-eth2,210744.52,1197808.38,1408552.88,1200204,211166,478.04,413.17,891.22,414,479,0.00,0.00,0,0
1544345500,2003-eth1,59.88,0.00,59.88,0,60,1.00,0.00,1.00,0,1,0.00,0.00,0,0
1544345500,3008-eth4,1040301.44,709700.62,1750002.00,711120,1042382,609.78,630.74,1240.52,632,611,0.00,0.00,0,0
1544345500,1004-eth4,1221457.12,30872.26,1252329.38,30934,1223900,421.16,424.15,845.31,425,422,0.00,0.00,0,0
1544345500,3006-eth1,59.88,0.00,59.88,0,60,1.00,0.00,1.00,0,1,0.00,0.00,0,0
1544345500,1004-eth3,25491.02,1197808.38,1223299.38,1200204,25542,386.23,413.17,799.40,414,387,0.00,0.00,0,0
1544345500,1002-eth2,0.00,59.88,59.88,60,0,0.00,1.00,1.00,1,0,0.00,0.00,0,0
1544345500,3004-eth3,26538.92,1224413.25,1250952.12,1226862,26592,402.20,422.16,824.35,423,403,0.00,0.00,0,0
1544345500,2003-eth3,59.88,0.00,59.88,0,60,1.00,0.00,1.00,0,1,0.00,0.00,0,0
1544345500,2005-eth1,59.88,0.00,59.88,0,60,1.00,0.00,1.00,0,1,0.00,0.00,0,0
1544345500,3002-eth3,1221249.50,1002053.94,2223303.50,1004058,1223692,724.55,731.54,1456.09,733,726,0.00,0.00,0,0
1544345500,3006-eth3,1224207.62,1225539.00,2449746.50,1227990,1226656,769.46,833.33,1602.79,835,771,0.00,0.00,0,0
1544345500,2001-eth1,0.00,0.00,0.00,0,0,0.00,0.00,0.00,0,0,0.00,0.00,0,0
1544345500,3005-eth2,1223952.12,1223554.88,2447507.00,1226002,1226400,809.38,759.48,1568.86,761,811,0.00,0.00,0,0
1544345500,2001-eth2,0.00,0.00,0.00,0,0,0.00,0.00,0.00,0,0,0.00,0.00,0,0
1544345500,3007-eth2,428776.47,1226509.00,1655285.50,1228962,429634,606.79,611.78,1218.56,613,608,0.00,0.00,0,0
1544345500,1001-eth1,0.00,0.00,0.00,0,0,0.00,0.00,0.00,0,0,0.00,0.00,0,0
1544345500,3007-eth4,242061.89,220347.31,462409.19,220788,242546,185.63,185.63,371.26,186,186,0.00,0.00,0,0
1544345500,2003-eth2,59.88,0.00,59.88,0,60,1.00,0.00,1.00,0,1,0.00,0.00,0,0
1544345500,3007-eth3,984566.88,208369.27,1192936.12,208786,986536,428.14,420.16,848.30,421,429,0.00,0.00,0,0
1544345500,1002-eth1,0.00,0.00,0.00,0,0,0.00,0.00,0.00,0,0,0.00,0.00,0,0
1544345500,2002-eth3,7750.50,185253.50,193004.00,185624,7766,88.82,91.82,180.64,92,89,0.00,0.00,0,0
1544345500,2007-eth2,0.00,0.00,0.00,0,0,0.00,0.00,0.00,0,0,0.00,0.00,0,0
1544345500,total,31553570.00,31720236.00,63273808.00,31783676,31616676,21158.68,21443.11,42601.80,21486,21201,0.00,0.00,0,0
1544345501,3003-eth3,969928.19,158634.73,1128562.88,158952,971868,376.25,367.27,743.51,368,377,0.00,0.00,0,0
1544345501,2002-eth1,1197808.38,35057.89,1232866.25,35128,1200204,413.17,485.03,898.20,486,414,0.00,0.00,0,0
1544345501,lo,65317.37,65317.37,130634.73,65448,65448,289.42,289.42,578.84,290,290,0.00,0.00,0,0
1544345501,3005-eth3,1099992.00,1212323.38,2312315.50,1214748,1102192,726.55,764.47,1491.02,766,728,0.00,0.00,0,0
1544345501,2005-eth3,0.00,59.88,59.88,60,0,0.00,1.00,1.00,1,0,0.00,0.00,0,0
1544345501,3004-eth4,1223141.75,362295.41,1585437.12,363020,1225588,560.88,540.92,1101.80,542,562,0.00,0.00,0,0
1544345501,1004-eth2,35187.62,1064718.62,1099906.25,1066848,35258,470.06,367.27,837.33,368,471,0.00,0.00,0,0
1544345501,2004-eth4,13978.04,335948.12,349926.16,336620,14006,148.70,141.72,290.42,142,149,0.00,0.00,0,0
1544345501,1001-eth2,41.92,41.92,83.83,42,42,1.00,1.00,2.00,1,1,0.00,0.00,0,0
1544345501,1003-eth3,136045.91,2826.35,138872.27,2832,136318,46.91,42.91,89.82,43,47,0.00,0.00,0,0
1544345501,2002-eth4,1222772.50,1220738.50,2443511.00,1223180,1225218,791.42,804.39,1595.81,806,793,0.00,0.00,0,0
1544345501,1001-eth4,41.92,41.92,83.83,42,42,1.00,1.00,2.00,1,1,0.00,0.00,0,0
1544345501,3001-eth2,208968.06,10225.55,219193.62,10246,209386,100.80,108.78,209.58,109,101,0.00,0.00,0,0
1544345501,1004-eth1,1197808.38,234854.30,1432662.75,235324,1200204,413.17,493.01,906.19,494,414,0.00,0.00,0,0
1544345501,3005-eth4,1221638.75,1221067.88,2442706.75,1223510,1224082,730.54,809.38,1539.92,811,732,0.00,0.00,0,0
1544345501,1003-eth2,969868.31,491946.12,1461814.38,492930,971808,375.25,491.02,866.27,492,376,0.00,0.00,0,0
1544345501,3008-eth1,0.00,0.00,0.00,0,0,0.00,0.00,0.00,0,0,0.00,0.00,0,0
1544345501,1002-eth3,0.00,0.00,0.00,0,0,0.00,0.00,0.00,0,0,0.00,0.00,0,0
1544345501,2006-eth1,2826.35,136045.91,138872.27,136318,2832,42.91,46.91,89.82,47,43,0.00,0.00,0,0
1544345501,3003-eth1,101.80,41.92,143.71,42,102,2.00,1.00,2.99,1,2,0.00,0.00,0,0
1544345501,2001-eth3,59.88,0.00,59.88,0,60,1.00,0.00,1.00,0,1,0.00,0.00,0,0
1544345501,2008-eth2,35187.62,1221978.12,1257165.75,1224422,35258,470.06,429.14,899.20,430,471,0.00,0.00,0,0
1544345501,2008-eth3,1221694.62,553523.00,1775217.62,554630,1224138,621.76,613.77,1235.53,615,623,0.00,0.00,0,0
1544345501,1001-eth3,0.00,0.00,0.00,0,0,0.00,0.00,0.00,0,0,0.00,0.00,0,0
1544345501,2007-eth4,0.00,0.00,0.00,0,0,0.00,0.00,0.00,0,0,0.00,0.00,0,0
1544345501,2004-eth2,1064718.62,35187.62,1099906.25,35258,1066848,367.27,470.06,837.33,471,368,0.00,0.00,0,0
1544345501,3002-eth1,59.88,59.88,119.76,60,60,1.00,1.00,2.00,1,1,0.00,0.00,0,0
1544345501,3004-eth1,0.00,0.00,0.00,0,0,0.00,0.00,0.00,0,0,0.00,0.00,0,0
1544345501,2006-eth3,1223686.62,1223958.12,2447644.75,1226406,1226134,761.48,809.38,1570.86,811,763,0.00,0.00,0,0
1544345501,3004-eth2,335948.12,13978.04,349926.16,14006,336620,141.72,148.70,290.42,149,142,0.00,0.00,0,0
1544345501,3001-eth3,1222157.75,235381.25,1457539.00,235852,1224602,519.96,501.00,1020.96,502,521,0.00,0.00,0,0
1544345501,2003-eth4,0.00,0.00,0.00,0,0,0.00,0.00,0.00,0,0,0.00,0.00,0,0
1544345501,2008-eth4,1225676.62,44151.70,1269828.38,44240,1228128,506.99,470.06,977.05,471,508,0.00,0.00,0,0
1544345501,3008-eth3,1223197.62,502952.12,1726149.75,503958,1225644,600.80,631.74,1232.53,633,602,0.00,0.00,0,0
1544345501,2005-eth2,0.00,0.00,0.00,0,0,0.00,0.00,0.00,0,0,0.00,0.00,0,0
1544345501,2006-eth4,23443.12,1194852.38,1218295.50,1197242,23490,355.29,412.18,767.47,413,356,0.00,0.00,0,0
1544345501,3006-eth2,1194852.38,23443.12,1218295.50,23490,1197242,412.18,355.29,767.47,356,413,0.00,0.00,0,0
1544345501,1003-eth4,566654.69,15165.67,581820.38,15196,567788,221.56,183.63,405.19,184,222,0.00,0.00,0,0
1544345501,2006-eth2,1197868.25,25886.23,1223754.50,25938,1200264,414.17,392.22,806.39,393,415,0.00,0.00,0,0
1544345501,3001-eth1,0.00,59.88,59.88,60,0,0.00,1.00,1.00,1,0,0.00,0.00,0,0
1544345501,3008-eth2,44195.80,1226901.12,1271097.00,1228128,44240,470.53,507.49,978.02,508,471,0.00,0.00,0,0
1544345501,2004-eth3,992067.94,1221876.12,2213944.00,1223098,993060,697.30,716.28,1413.59,717,698,0.00,0.00,0,0
1544345501,3001-eth4,26439.56,1222677.38,1249116.88,1223900,26466,400.60,421.58,822.18,422,401,0.00,0.00,0,0
1544345501,1003-eth1,35092.91,1199005.00,1234097.88,1200204,35128,485.51,413.59,899.10,414,486,0.00,0.00,0,0
1544345501,3002-eth2,1221958.12,1223994.00,2445952.00,1225218,1223180,805.19,792.21,1597.40,793,806,0.00,0.00,0,0
1544345501,2005-eth4,0.00,0.00,0.00,0,0,0.00,0.00,0.00,0,0,0.00,0.00,0,0
1544345501,3003-eth2,1220297.75,989108.94,2209406.75,990098,1221518,714.29,696.30,1410.59,697,715,0.00,0.00,0,0
1544345501,2007-eth1,41.96,41.96,83.92,42,42,1.00,1.00,2.00,1,1,0.00,0.00,0,0
1544345501,1002-eth4,0.00,0.00,0.00,0,0,0.00,0.00,0.00,0,0,0.00,0.00,0,0
1544345501,3002-eth4,5070.93,230937.06,236008.00,231168,5076,76.92,79.92,156.84,80,77,0.00,0.00,0,0
1544345501,2007-eth3,41.96,101.90,143.86,102,42,1.00,2.00,3.00,2,1,0.00,0.00,0,0
1544345501,3005-eth1,59.94,0.00,59.94,0,60,1.00,0.00,1.00,0,1,0.00,0.00,0,0
1544345501,2001-eth4,59.94,59.94,119.88,60,60,1.00,1.00,2.00,1,1,0.00,0.00,0,0
1544345501,3003-eth4,21332.67,1123558.50,1144891.12,1124682,21354,323.68,388.61,712.29,389,324,0.00,0.00,0,0
1544345501,2004-eth1,492371.66,967878.12,1460249.75,968846,492864,490.51,374.63,865.13,375,491,0.00,0.00,0,0
1544345501,3006-eth4,26175.82,1218271.75,1244447.62,1219490,26202,396.60,420.58,817.18,421,397,0.00,0.00,0,0
1544345501,3007-eth1,101.90,41.96,143.86,42,102,2.00,1.00,3.00,1,2,0.00,0.00,0,0
1544345501,2008-eth1,15180.82,567220.81,582401.62,567788,15196,183.82,221.78,405.59,222,184,0.00,0.00,0,0
1544345501,2002-eth2,235088.92,1196046.00,1431134.88,1197242,235324,493.51,412.59,906.09,413,494,0.00,0.00,0,0
1544345501,2003-eth1,41.96,41.96,83.92,42,42,1.00,1.00,2.00,1,1,0.00,0.00,0,0
1544345501,3008-eth4,1221316.75,601610.38,1822927.12,602212,1222538,666.33,677.32,1343.66,678,667,0.00,0.00,0,0
1544345501,1004-eth4,1223198.88,35222.78,1258421.62,35258,1224422,429.57,470.53,900.10,471,430,0.00,0.00,0,0
1544345501,3006-eth1,0.00,0.00,0.00,0,0,0.00,0.00,0.00,0,0,0.00,0.00,0,0
1544345501,1004-eth3,25912.09,1196105.88,1222018.00,1197302,25938,392.61,413.59,806.19,414,393,0.00,0.00,0,0
1544345501,1002-eth2,0.00,0.00,0.00,0,0,0.00,0.00,0.00,0,0,0.00,0.00,0,0
1544345501,3004-eth3,26307.69,1221230.75,1247538.50,1222452,26334,398.60,421.58,820.18,422,399,0.00,0.00,0,0
1544345501,2003-eth3,41.96,101.90,143.86,102,42,1.00,2.00,3.00,2,1,0.00,0.00,0,0
1544345501,2005-eth1,0.00,0.00,0.00,0,0,0.00,0.00,0.00,0,0,0.00,0.00,0,0
1544345501,3002-eth3,1216018.00,967546.50,2183564.50,968514,1217234,715.28,720.28,1435.56,721,716,0.00,0.00,0,0
1544345501,3006-eth3,1222016.00,1219262.75,2441278.75,1220482,1223238,762.24,808.19,1570.43,809,763,0.00,0.00,0,0
1544345501,2001-eth1,59.94,0.00,59.94,0,60,1.00,0.00,1.00,0,1,0.00,0.00,0,0
1544345501,3005-eth2,1222221.75,1221620.38,2443842.25,1222842,1223444,809.19,756.24,1565.43,757,810,0.00,0.00,0,0
1544345501,2001-eth2,59.94,0.00,59.94,0,60,1.00,0.00,1.00,0,1,0.00,0.00,0,0
1544345501,3007-eth2,551116.88,1219862.12,1770979.12,1221082,551668,613.39,620.38,1233.77,621,614,0.00,0.00,0,0
1544345501,1001-eth1,0.00,59.94,59.94,60,0,0.00,1.00,1.00,1,0,0.00,0.00,0,0
1544345501,3007-eth4,238871.14,273170.84,512041.97,273444,239110,194.81,193.81,388.61,194,195,0.00,0.00,0,0
1544345501,2003-eth2,0.00,0.00,0.00,0,0,0.00,0.00,0.00,0,0,0.00,0.00,0,0
1544345501,3007-eth3,981033.00,277988.03,1259021.00,278266,982014,426.57,420.58,847.15,421,427,0.00,0.00,0,0
1544345501,1002-eth1,0.00,59.94,59.94,60,0,0.00,1.00,1.00,1,0,0.00,0.00,0,0
1544345501,2002-eth3,10235.76,209176.83,219412.59,209386,10246,108.89,100.90,209.79,101,109,0.00,0.00,0,0
1544345501,2007-eth2,0.00,0.00,0.00,0,0,0.00,0.00,0.00,0,0,0.00,0.00,0,0
1544345501,total,32394784.00,32485176.00,64879960.00,32517660,32427178,21962.04,22245.75,44207.79,22268,21984,0.00,0.00,0,0
