1544355352,3003-eth3,0.00,0.00,0.00,0,0,0.00,0.00,0.00,0,0,0.00,0.00,0,0
1544355352,2002-eth1,0.00,0.00,0.00,0,0,0.00,0.00,0.00,0,0,0.00,0.00,0,0
1544355352,lo,0.00,0.00,0.00,0,0,0.00,0.00,0.00,0,0,0.00,0.00,0,0
1544355352,3005-eth3,0.00,0.00,0.00,0,0,0.00,0.00,0.00,0,0,0.00,0.00,0,0
1544355352,2005-eth3,0.00,0.00,0.00,0,0,0.00,0.00,0.00,0,0,0.00,0.00,0,0
1544355352,3004-eth4,0.00,0.00,0.00,0,0,0.00,0.00,0.00,0,0,0.00,0.00,0,0
1544355352,1004-eth2,0.00,0.00,0.00,0,0,0.00,0.00,0.00,0,0,0.00,0.00,0,0
1544355352,2004-eth4,0.00,0.00,0.00,0,0,0.00,0.00,0.00,0,0,0.00,0.00,0,0
1544355352,1001-eth2,0.00,0.00,0.00,0,0,0.00,0.00,0.00,0,0,0.00,0.00,0,0
1544355352,1003-eth3,0.00,0.00,0.00,0,0,0.00,0.00,0.00,0,0,0.00,0.00,0,0
1544355352,2002-eth4,0.00,0.00,0.00,0,0,0.00,0.00,0.00,0,0,0.00,0.00,0,0
1544355352,1001-eth4,0.00,0.00,0.00,0,0,0.00,0.00,0.00,0,0,0.00,0.00,0,0
1544355352,3001-eth2,0.00,0.00,0.00,0,0,0.00,0.00,0.00,0,0,0.00,0.00,0,0
1544355352,1004-eth1,0.00,0.00,0.00,0,0,0.00,0.00,0.00,0,0,0.00,0.00,0,0
1544355352,3005-eth4,0.00,0.00,0.00,0,0,0.00,0.00,0.00,0,0,0.00,0.00,0,0
1544355352,1003-eth2,0.00,0.00,0.00,0,0,0.00,0.00,0.00,0,0,0.00,0.00,0,0
1544355352,3008-eth1,0.00,0.00,0.00,0,0,0.00,0.00,0.00,0,0,0.00,0.00,0,0
1544355352,1002-eth3,0.00,0.00,0.00,0,0,0.00,0.00,0.00,0,0,0.00,0.00,0,0
1544355352,2006-eth1,0.00,0.00,0.00,0,0,0.00,0.00,0.00,0,0,0.00,0.00,0,0
1544355352,3003-eth1,0.00,0.00,0.00,0,0,0.00,0.00,0.00,0,0,0.00,0.00,0,0
1544355352,2001-eth3,0.00,0.00,0.00,0,0,0.00,0.00,0.00,0,0,0.00,0.00,0,0
1544355352,2008-eth2,0.00,0.00,0.00,0,0,0.00,0.00,0.00,0,0,0.00,0.00,0,0
1544355352,2008-eth3,0.00,0.00,0.00,0,0,0.00,0.00,0.00,0,0,0.00,0.00,0,0
1544355352,1001-eth3,0.00,0.00,0.00,0,0,0.00,0.00,0.00,0,0,0.00,0.00,0,0
1544355352,2007-eth4,0.00,0.00,0.00,0,0,0.00,0.00,0.00,0,0,0.00,0.00,0,0
1544355352,2004-eth2,0.00,0.00,0.00,0,0,0.00,0.00,0.00,0,0,0.00,0.00,0,0
1544355352,3002-eth1,0.00,0.00,0.00,0,0,0.00,0.00,0.00,0,0,0.00,0.00,0,0
1544355352,3004-eth1,0.00,0.00,0.00,0,0,0.00,0.00,0.00,0,0,0.00,0.00,0,0
1544355352,2006-eth3,0.00,0.00,0.00,0,0,0.00,0.00,0.00,0,0,0.00,0.00,0,0
1544355352,3004-eth2,0.00,0.00,0.00,0,0,0.00,0.00,0.00,0,0,0.00,0.00,0,0
1544355352,3001-eth3,0.00,0.00,0.00,0,0,0.00,0.00,0.00,0,0,0.00,0.00,0,0
1544355352,2003-eth4,0.00,0.00,0.00,0,0,0.00,0.00,0.00,0,0,0.00,0.00,0,0
1544355352,2008-eth4,0.00,0.00,0.00,0,0,0.00,0.00,0.00,0,0,0.00,0.00,0,0
1544355352,3008-eth3,0.00,0.00,0.00,0,0,0.00,0.00,0.00,0,0,0.00,0.00,0,0
1544355352,2005-eth2,0.00,0.00,0.00,0,0,0.00,0.00,0.00,0,0,0.00,0.00,0,0
1544355352,2006-eth4,0.00,0.00,0.00,0,0,0.00,0.00,0.00,0,0,0.00,0.00,0,0
1544355352,3006-eth2,0.00,0.00,0.00,0,0,0.00,0.00,0.00,0,0,0.00,0.00,0,0
1544355352,1003-eth4,0.00,0.00,0.00,0,0,0.00,0.00,0.00,0,0,0.00,0.00,0,0
1544355352,2006-eth2,0.00,0.00,0.00,0,0,0.00,0.00,0.00,0,0,0.00,0.00,0,0
1544355352,3001-eth1,0.00,0.00,0.00,0,0,0.00,0.00,0.00,0,0,0.00,0.00,0,0
1544355352,3008-eth2,0.00,0.00,0.00,0,0,0.00,0.00,0.00,0,0,0.00,0.00,0,0
1544355352,2004-eth3,0.00,0.00,0.00,0,0,0.00,0.00,0.00,0,0,0.00,0.00,0,0
1544355352,3001-eth4,0.00,0.00,0.00,0,0,0.00,0.00,0.00,0,0,0.00,0.00,0,0
1544355352,1003-eth1,0.00,0.00,0.00,0,0,0.00,0.00,0.00,0,0,0.00,0.00,0,0
1544355352,3002-eth2,0.00,0.00,0.00,0,0,0.00,0.00,0.00,0,0,0.00,0.00,0,0
1544355352,2005-eth4,0.00,0.00,0.00,0,0,0.00,0.00,0.00,0,0,0.00,0.00,0,0
1544355352,3003-eth2,0.00,0.00,0.00,0,0,0.00,0.00,0.00,0,0,0.00,0.00,0,0
1544355352,2007-eth1,0.00,0.00,0.00,0,0,0.00,0.00,0.00,0,0,0.00,0.00,0,0
1544355352,1002-eth4,0.00,0.00,0.00,0,0,0.00,0.00,0.00,0,0,0.00,0.00,0,0
1544355352,3002-eth4,0.00,0.00,0.00,0,0,0.00,0.00,0.00,0,0,0.00,0.00,0,0
1544355352,2007-eth3,0.00,0.00,0.00,0,0,0.00,0.00,0.00,0,0,0.00,0.00,0,0
1544355352,3005-eth1,0.00,0.00,0.00,0,0,0.00,0.00,0.00,0,0,0.00,0.00,0,0
1544355352,2001-eth4,0.00,0.00,0.00,0,0,0.00,0.00,0.00,0,0,0.00,0.00,0,0
1544355352,3003-eth4,0.00,0.00,0.00,0,0,0.00,0.00,0.00,0,0,0.00,0.00,0,0
1544355352,2004-eth1,0.00,0.00,0.00,0,0,0.00,0.00,0.00,0,0,0.00,0.00,0,0
1544355352,3006-eth4,0.00,0.00,0.00,0,0,0.00,0.00,0.00,0,0,0.00,0.00,0,0
1544355352,3007-eth1,0.00,0.00,0.00,0,0,0.00,0.00,0.00,0,0,0.00,0.00,0,0
1544355352,2008-eth1,0.00,0.00,0.00,0,0,0.00,0.00,0.00,0,0,0.00,0.00,0,0
1544355352,2002-eth2,0.00,0.00,0.00,0,0,0.00,0.00,0.00,0,0,0.00,0.00,0,0
1544355352,2003-eth1,0.00,0.00,0.00,0,0,0.00,0.00,0.00,0,0,0.00,0.00,0,0
1544355352,3008-eth4,0.00,0.00,0.00,0,0,0.00,0.00,0.00,0,0,0.00,0.00,0,0
1544355352,1004-eth4,0.00,0.00,0.00,0,0,0.00,0.00,0.00,0,0,0.00,0.00,0,0
1544355352,3006-eth1,0.00,0.00,0.00,0,0,0.00,0.00,0.00,0,0,0.00,0.00,0,0
1544355352,1004-eth3,0.00,0.00,0.00,0,0,0.00,0.00,0.00,0,0,0.00,0.00,0,0
1544355352,1002-eth2,0.00,0.00,0.00,0,0,0.00,0.00,0.00,0,0,0.00,0.00,0,0
1544355352,3004-eth3,0.00,0.00,0.00,0,0,0.00,0.00,0.00,0,0,0.00,0.00,0,0
1544355352,2003-eth3,0.00,0.00,0.00,0,0,0.00,0.00,0.00,0,0,0.00,0.00,0,0
1544355352,2005-eth1,0.00,0.00,0.00,0,0,0.00,0.00,0.00,0,0,0.00,0.00,0,0
1544355352,3002-eth3,0.00,0.00,0.00,0,0,0.00,0.00,0.00,0,0,0.00,0.00,0,0
1544355352,3006-eth3,0.00,0.00,0.00,0,0,0.00,0.00,0.00,0,0,0.00,0.00,0,0
1544355352,2001-eth1,0.00,0.00,0.00,0,0,0.00,0.00,0.00,0,0,0.00,0.00,0,0
1544355352,3005-eth2,0.00,0.00,0.00,0,0,0.00,0.00,0.00,0,0,0.00,0.00,0,0
1544355352,2001-eth2,0.00,0.00,0.00,0,0,0.00,0.00,0.00,0,0,0.00,0.00,0,0
1544355352,3007-eth2,0.00,0.00,0.00,0,0,0.00,0.00,0.00,0,0,0.00,0.00,0,0
1544355352,1001-eth1,0.00,0.00,0.00,0,0,0.00,0.00,0.00,0,0,0.00,0.00,0,0
1544355352,3007-eth4,0.00,0.00,0.00,0,0,0.00,0.00,0.00,0,0,0.00,0.00,0,0
1544355352,2003-eth2,0.00,0.00,0.00,0,0,0.00,0.00,0.00,0,0,0.00,0.00,0,0
1544355352,3007-eth3,0.00,0.00,0.00,0,0,0.00,0.00,0.00,0,0,0.00,0.00,0,0
1544355352,1002-eth1,0.00,0.00,0.00,0,0,0.00,0.00,0.00,0,0,0.00,0.00,0,0
1544355352,2002-eth3,0.00,0.00,0.00,0,0,0.00,0.00,0.00,0,0,0.00,0.00,0,0
1544355352,2007-eth2,0.00,0.00,0.00,0,0,0.00,0.00,0.00,0,0,0.00,0.00,0,0
1544355352,total,0.00,0.00,0.00,0,0,0.00,0.00,0.00,0,0,0.00,0.00,0,0
1544355353,3003-eth3,1223576.50,889428.62,2113005.00,890318,1224800,698.30,698.30,1396.60,699,699,0.00,0.00,0,0
1544355353,2002-eth1,59.94,0.00,59.94,0,60,1.00,0.00,1.00,0,1,0.00,0.00,0,0
1544355353,lo,9506.49,9506.49,19012.99,9516,9516,91.91,91.91,183.82,92,92,0.00,0.00,0,0
1544355353,3005-eth3,1225684.38,1215752.25,2441436.75,1216968,1226910,686.31,667.33,1353.65,668,687,0.00,0.00,0,0
1544355353,2005-eth3,0.00,0.00,0.00,0,0,0.00,0.00,0.00,0,0,0.00,0.00,0,0
1544355353,3004-eth4,28299.70,1224635.38,1252935.12,1225860,28328,419.58,441.56,861.14,442,420,0.00,0.00,0,0
1544355353,1004-eth2,0.00,0.00,0.00,0,0,0.00,0.00,0.00,0,0,0.00,0.00,0,0
1544355353,2004-eth4,7648.35,362647.38,370295.72,363010,7656,115.88,124.88,240.76,125,116,0.00,0.00,0,0
1544355353,1001-eth2,7714.29,333056.94,340771.25,333390,7722,116.88,114.89,231.77,115,117,0.00,0.00,0,0
1544355353,1003-eth3,0.00,0.00,0.00,0,0,0.00,0.00,0.00,0,0,0.00,0.00,0,0
1544355353,2002-eth4,59.94,0.00,59.94,0,60,1.00,0.00,1.00,0,1,0.00,0.00,0,0
1544355353,1001-eth4,59.94,59.94,119.88,60,60,1.00,1.00,2.00,1,1,0.00,0.00,0,0
1544355353,3001-eth2,69.93,59.94,129.87,60,70,1.00,1.00,2.00,1,1,0.00,0.00,0,0
1544355353,1004-eth1,69.93,59.94,129.87,60,70,1.00,1.00,2.00,1,1,0.00,0.00,0,0
1544355353,3005-eth4,1215752.25,1225684.38,2441436.75,1226910,1216968,667.33,686.31,1353.65,687,668,0.00,0.00,0,0
1544355353,1003-eth2,0.00,59.94,59.94,60,0,0.00,1.00,1.00,1,0,0.00,0.00,0,0
1544355353,3008-eth1,0.00,69.93,69.93,70,0,0.00,1.00,1.00,1,0,0.00,0.00,0,0
1544355353,1002-eth3,0.00,69.93,69.93,70,0,0.00,1.00,1.00,1,0,0.00,0.00,0,0
1544355353,2006-eth1,0.00,0.00,0.00,0,0,0.00,0.00,0.00,0,0,0.00,0.00,0,0
1544355353,3003-eth1,359556.47,1224341.75,1583898.12,1225566,359916,516.48,534.47,1050.95,535,517,0.00,0.00,0,0
1544355353,2001-eth3,59.94,59.94,119.88,60,60,1.00,1.00,2.00,1,1,0.00,0.00,0,0
1544355353,2008-eth2,69.93,0.00,69.93,0,70,1.00,0.00,1.00,0,1,0.00,0.00,0,0
1544355353,2008-eth3,0.00,0.00,0.00,0,0,0.00,0.00,0.00,0,0,0.00,0.00,0,0
1544355353,1001-eth3,0.00,0.00,0.00,0,0,0.00,0.00,0.00,0,0,0.00,0.00,0,0
1544355353,2007-eth4,69.93,0.00,69.93,0,70,1.00,0.00,1.00,0,1,0.00,0.00,0,0
1544355353,2004-eth2,0.00,0.00,0.00,0,0,0.00,0.00,0.00,0,0,0.00,0.00,0,0
1544355353,3002-eth1,7714.29,333116.91,340831.19,333450,7722,116.88,115.88,232.77,116,117,0.00,0.00,0,0
1544355353,3004-eth1,1222677.38,26439.56,1249116.88,26466,1223900,421.58,400.60,822.18,401,422,0.00,0.00,0,0
1544355353,2006-eth3,0.00,0.00,0.00,0,0,0.00,0.00,0.00,0,0,0.00,0.00,0,0
1544355353,3004-eth2,362647.38,7648.35,370295.72,7656,363010,124.88,115.88,240.76,116,125,0.00,0.00,0,0
1544355353,3001-eth3,1215752.25,1225684.38,2441436.75,1226910,1216968,667.33,686.31,1353.65,687,668,0.00,0.00,0,0
1544355353,2003-eth4,26439.56,1222677.38,1249116.88,1223900,26466,400.60,421.58,822.18,422,401,0.00,0.00,0,0
1544355353,2008-eth4,0.00,0.00,0.00,0,0,0.00,0.00,0.00,0,0,0.00,0.00,0,0
1544355353,3008-eth3,1212323.75,1223896.12,2436219.75,1225120,1213536,615.38,615.38,1230.77,616,616,0.00,0.00,0,0
1544355353,2005-eth2,69.93,0.00,69.93,0,70,1.00,0.00,1.00,0,1,0.00,0.00,0,0
1544355353,2006-eth4,0.00,0.00,0.00,0,0,0.00,0.00,0.00,0,0,0.00,0.00,0,0
1544355353,3006-eth2,0.00,0.00,0.00,0,0,0.00,0.00,0.00,0,0,0.00,0.00,0,0
1544355353,1003-eth4,0.00,0.00,0.00,0,0,0.00,0.00,0.00,0,0,0.00,0.00,0,0
1544355353,2006-eth2,0.00,0.00,0.00,0,0,0.00,0.00,0.00,0,0,0.00,0.00,0,0
1544355353,3001-eth1,59.94,59.94,119.88,60,60,1.00,1.00,2.00,1,1,0.00,0.00,0,0
1544355353,3008-eth2,0.00,0.00,0.00,0,0,0.00,0.00,0.00,0,0,0.00,0.00,0,0
1544355353,2004-eth3,362647.38,7708.29,370355.66,7716,363010,124.88,116.88,241.76,117,125,0.00,0.00,0,0
1544355353,3001-eth4,1225684.38,1215888.12,2441572.50,1217104,1226910,686.31,669.33,1355.64,670,687,0.00,0.00,0,0
1544355353,1003-eth1,0.00,59.94,59.94,60,0,0.00,1.00,1.00,1,0,0.00,0.00,0,0
1544355353,3002-eth2,0.00,59.94,59.94,60,0,0.00,1.00,1.00,1,0,0.00,0.00,0,0
1544355353,2005-eth4,0.00,0.00,0.00,0,0,0.00,0.00,0.00,0,0,0.00,0.00,0,0
1544355353,3003-eth2,7708.29,362647.38,370355.66,363010,7716,116.88,124.88,241.76,125,117,0.00,0.00,0,0
1544355353,2007-eth1,59.94,59.94,119.88,60,60,1.00,1.00,2.00,1,1,0.00,0.00,0,0
1544355353,1002-eth4,59.94,0.00,59.94,0,60,1.00,0.00,1.00,0,1,0.00,0.00,0,0
1544355353,3002-eth4,1217400.62,877262.75,2094663.38,878140,1218618,692.31,689.31,1381.62,690,693,0.00,0.00,0,0
1544355353,2007-eth3,69.93,69.93,139.86,70,70,1.00,1.00,2.00,1,1,0.00,0.00,0,0
1544355353,3005-eth1,0.00,0.00,0.00,0,0,0.00,0.00,0.00,0,0,0.00,0.00,0,0
1544355353,2001-eth4,333116.91,7714.29,340831.19,7722,333450,115.88,116.88,232.77,117,116,0.00,0.00,0,0
1544355353,3003-eth4,1225784.25,359628.38,1585412.62,359988,1227010,512.49,517.48,1029.97,518,513,0.00,0.00,0,0
1544355353,2004-eth1,59.94,0.00,59.94,0,60,1.00,0.00,1.00,0,1,0.00,0.00,0,0
1544355353,3006-eth4,1209736.25,1215848.12,2425584.50,1217064,1210946,488.51,471.53,960.04,472,489,0.00,0.00,0,0
1544355353,3007-eth1,69.93,69.93,139.86,70,70,1.00,1.00,2.00,1,1,0.00,0.00,0,0
1544355353,2008-eth1,0.00,0.00,0.00,0,0,0.00,0.00,0.00,0,0,0.00,0.00,0,0
1544355353,2002-eth2,59.94,69.93,129.87,70,60,1.00,1.00,2.00,1,1,0.00,0.00,0,0
1544355353,2003-eth1,333056.94,7714.29,340771.25,7722,333390,114.89,116.88,231.77,117,115,0.00,0.00,0,0
1544355353,3008-eth4,1226855.12,1212323.75,2439179.00,1213536,1228082,616.38,615.38,1231.77,616,617,0.00,0.00,0,0
1544355353,1004-eth4,0.00,69.93,69.93,70,0,0.00,1.00,1.00,1,0,0.00,0.00,0,0
1544355353,3006-eth1,0.00,0.00,0.00,0,0,0.00,0.00,0.00,0,0,0.00,0.00,0,0
1544355353,1004-eth3,0.00,0.00,0.00,0,0,0.00,0.00,0.00,0,0,0.00,0.00,0,0
1544355353,1002-eth2,59.94,0.00,59.94,0,60,1.00,0.00,1.00,0,1,0.00,0.00,0,0
1544355353,3004-eth3,9606.39,364507.50,374113.91,364872,9616,135.86,143.86,279.72,144,136,0.00,0.00,0,0
1544355353,2003-eth3,1225854.12,359556.47,1585410.62,359916,1227080,535.46,516.48,1051.95,517,536,0.00,0.00,0,0
1544355353,2005-eth1,0.00,0.00,0.00,0,0,0.00,0.00,0.00,0,0,0.00,0.00,0,0
1544355353,3002-eth3,1223796.25,1225049.00,2448845.25,1226274,1225020,789.21,808.19,1597.40,809,790,0.00,0.00,0,0
1544355353,3006-eth3,1215914.12,1209736.25,2425650.50,1210946,1217130,472.53,488.51,961.04,489,473,0.00,0.00,0,0
1544355353,2001-eth1,7774.23,333116.91,340891.12,333450,7782,117.88,115.88,233.77,116,118,0.00,0.00,0,0
1544355353,3005-eth2,0.00,0.00,0.00,0,0,0.00,0.00,0.00,0,0,0.00,0.00,0,0
1544355353,2001-eth2,59.94,59.94,119.88,60,60,1.00,1.00,2.00,1,1,0.00,0.00,0,0
1544355353,3007-eth2,0.00,0.00,0.00,0,0,0.00,0.00,0.00,0,0,0.00,0.00,0,0
1544355353,1001-eth1,333116.91,7774.23,340891.12,7782,333450,115.88,117.88,233.77,118,116,0.00,0.00,0,0
1544355353,3007-eth4,1210593.50,1218024.00,2428617.50,1219242,1211804,501.50,504.50,1005.99,505,502,0.00,0.00,0,0
1544355353,2003-eth2,0.00,59.94,59.94,60,0,0.00,1.00,1.00,1,0,0.00,0.00,0,0
1544355353,3007-eth3,1218024.00,1210593.50,2428617.50,1211804,1219242,504.50,501.50,1005.99,502,505,0.00,0.00,0,0
1544355353,1002-eth1,59.94,59.94,119.88,60,60,1.00,1.00,2.00,1,1,0.00,0.00,0,0
1544355353,2002-eth3,59.94,69.93,129.87,70,60,1.00,1.00,2.00,1,1,0.00,0.00,0,0
1544355353,2007-eth2,0.00,59.94,59.94,60,0,0.00,1.00,1.00,1,0,0.00,0.00,0,0
1544355353,total,21713232.00,21720878.00,43434112.00,21742598,21734944,12320.68,12370.63,24691.31,12383,12333,0.00,0.00,0,0
1544355354,3003-eth3,1220467.62,877370.62,2097838.25,878248,1221688,695.30,691.31,1386.61,692,696,0.00,0.00,0,0
1544355354,2002-eth1,0.00,59.94,59.94,60,0,0.00,1.00,1.00,1,0,0.00,0.00,0,0
1544355354,lo,99766.23,99766.23,199532.47,99866,99866,294.71,294.71,589.41,295,295,0.00,0.00,0,0
1544355354,3005-eth3,1216609.38,1211214.88,2427824.25,1212426,1217826,680.32,664.34,1344.66,665,681,0.00,0.00,0,0
1544355354,2005-eth3,0.00,0.00,0.00,0,0,0.00,0.00,0.00,0,0,0.00,0.00,0,0
1544355354,3004-eth4,28133.87,1218717.38,1246851.12,1219936,28162,416.58,439.56,856.14,440,417,0.00,0.00,0,0
1544355354,1004-eth2,41.96,59.94,101.90,60,42,1.00,1.00,2.00,1,1,0.00,0.00,0,0
1544355354,2004-eth4,7906.09,384873.12,392779.22,385258,7914,119.88,132.87,252.75,133,120,0.00,0.00,0,0
1544355354,1001-eth2,7444.56,356789.22,364233.78,357146,7452,112.89,123.88,236.76,124,113,0.00,0.00,0,0
1544355354,1003-eth3,59.94,0.00,59.94,0,60,1.00,0.00,1.00,0,1,0.00,0.00,0,0
1544355354,2002-eth4,0.00,101.90,101.90,102,0,0.00,2.00,2.00,2,0,0.00,0.00,0,0
1544355354,1001-eth4,0.00,0.00,0.00,0,0,0.00,0.00,0.00,0,0,0.00,0.00,0,0
1544355354,3001-eth2,59.94,0.00,59.94,0,60,1.00,0.00,1.00,0,1,0.00,0.00,0,0
1544355354,1004-eth1,0.00,41.96,41.96,42,0,0.00,1.00,1.00,1,0,0.00,0.00,0,0
1544355354,3005-eth4,1211214.88,1219634.38,2430849.25,1220854,1212426,664.34,682.32,1346.65,683,665,0.00,0.00,0,0
1544355354,1003-eth2,59.94,0.00,59.94,0,60,1.00,0.00,1.00,0,1,0.00,0.00,0,0
1544355354,3008-eth1,0.00,0.00,0.00,0,0,0.00,0.00,0.00,0,0,0.00,0.00,0,0
1544355354,1002-eth3,0.00,0.00,0.00,0,0,0.00,0.00,0.00,0,0,0.00,0.00,0,0
1544355354,2006-eth1,0.00,59.94,59.94,60,0,0.00,1.00,1.00,1,0,0.00,0.00,0,0
1544355354,3003-eth1,382905.09,1222625.38,1605530.50,1223848,383288,519.48,530.47,1049.95,531,520,0.00,0.00,0,0
1544355354,2001-eth3,0.00,0.00,0.00,0,0,0.00,0.00,0.00,0,0,0.00,0.00,0,0
1544355354,2008-eth2,59.94,0.00,59.94,0,60,1.00,0.00,1.00,0,1,0.00,0.00,0,0
1544355354,2008-eth3,59.94,0.00,59.94,0,60,1.00,0.00,1.00,0,1,0.00,0.00,0,0
1544355354,1001-eth3,59.94,0.00,59.94,0,60,1.00,0.00,1.00,0,1,0.00,0.00,0,0
1544355354,2007-eth4,0.00,0.00,0.00,0,0,0.00,0.00,0.00,0,0,0.00,0.00,0,0
1544355354,2004-eth2,59.94,41.96,101.90,42,60,1.00,1.00,2.00,1,1,0.00,0.00,0,0
1544355354,3002-eth1,7384.62,356729.28,364113.91,357086,7392,111.89,122.88,234.77,123,112,0.00,0.00,0,0
1544355354,3004-eth1,1216759.25,26235.77,1242995.00,26262,1217976,419.58,397.60,817.18,398,420,0.00,0.00,0,0
1544355354,2006-eth3,0.00,0.00,0.00,0,0,0.00,0.00,0.00,0,0,0.00,0.00,0,0
1544355354,3004-eth2,384873.12,7906.09,392779.22,7914,385258,132.87,119.88,252.75,120,133,0.00,0.00,0,0
1544355354,3001-eth3,1209768.25,1216543.50,2426311.75,1217760,1210978,664.34,679.32,1343.66,680,665,0.00,0.00,0,0
1544355354,2003-eth4,26235.77,1216759.25,1242995.00,1217976,26262,397.60,419.58,817.18,420,398,0.00,0.00,0,0
1544355354,2008-eth4,59.94,0.00,59.94,0,60,1.00,0.00,1.00,0,1,0.00,0.00,0,0
1544355354,3008-eth3,1206405.62,1220871.12,2427276.75,1222092,1207612,613.39,613.39,1226.77,614,614,0.00,0.00,0,0
1544355354,2005-eth2,0.00,0.00,0.00,0,0,0.00,0.00,0.00,0,0,0.00,0.00,0,0
1544355354,2006-eth4,0.00,0.00,0.00,0,0,0.00,0.00,0.00,0,0,0.00,0.00,0,0
1544355354,3006-eth2,0.00,0.00,0.00,0,0,0.00,0.00,0.00,0,0,0.00,0.00,0,0
1544355354,1003-eth4,59.94,59.94,119.88,60,60,1.00,1.00,2.00,1,1,0.00,0.00,0,0
1544355354,2006-eth2,0.00,0.00,0.00,0,0,0.00,0.00,0.00,0,0,0.00,0.00,0,0
1544355354,3001-eth1,0.00,0.00,0.00,0,0,0.00,0.00,0.00,0,0,0.00,0.00,0,0
1544355354,3008-eth2,0.00,59.94,59.94,60,0,0.00,1.00,1.00,1,0,0.00,0.00,0,0
1544355354,2004-eth3,384975.03,7846.15,392821.19,7854,385360,134.87,118.88,253.75,119,135,0.00,0.00,0,0
1544355354,3001-eth4,1219568.50,1209768.25,2429336.75,1210978,1220788,681.32,664.34,1345.65,665,682,0.00,0.00,0,0
1544355354,1003-eth1,59.94,0.00,59.94,0,60,1.00,0.00,1.00,0,1,0.00,0.00,0,0
1544355354,3002-eth2,101.90,0.00,101.90,0,102,2.00,0.00,2.00,0,2,0.00,0.00,0,0
1544355354,2005-eth4,0.00,0.00,0.00,0,0,0.00,0.00,0.00,0,0,0.00,0.00,0,0
1544355354,3003-eth2,7846.15,384975.03,392821.19,385360,7854,118.88,134.87,253.75,135,119,0.00,0.00,0,0
1544355354,2007-eth1,0.00,0.00,0.00,0,0,0.00,0.00,0.00,0,0,0.00,0.00,0,0
1544355354,1002-eth4,0.00,0.00,0.00,0,0,0.00,0.00,0.00,0,0,0.00,0.00,0,0
1544355354,3002-eth4,1211746.25,883049.00,2094795.25,883932,1212958,694.31,689.31,1383.62,690,695,0.00,0.00,0,0
1544355354,2007-eth3,0.00,0.00,0.00,0,0,0.00,0.00,0.00,0,0,0.00,0.00,0,0
1544355354,3005-eth1,0.00,0.00,0.00,0,0,0.00,0.00,0.00,0,0,0.00,0.00,0,0
1544355354,2001-eth4,356729.28,7384.62,364113.91,7392,357086,122.88,111.89,234.77,112,123,0.00,0.00,0,0
1544355354,3003-eth4,1219600.38,383144.88,1602745.25,383528,1220820,528.47,523.48,1051.95,524,529,0.00,0.00,0,0
1544355354,2004-eth1,0.00,59.94,59.94,60,0,0.00,1.00,1.00,1,0,0.00,0.00,0,0
1544355354,3006-eth4,1211380.62,1211442.62,2422823.25,1212654,1212592,491.51,470.53,962.04,471,492,0.00,0.00,0,0
1544355354,3007-eth1,0.00,0.00,0.00,0,0,0.00,0.00,0.00,0,0,0.00,0.00,0,0
1544355354,2008-eth1,59.94,59.94,119.88,60,60,1.00,1.00,2.00,1,1,0.00,0.00,0,0
1544355354,2002-eth2,41.96,0.00,41.96,0,42,1.00,0.00,1.00,0,1,0.00,0.00,0,0
1544355354,2003-eth1,356789.22,7444.56,364233.78,7452,357146,123.88,112.89,236.76,113,124,0.00,0.00,0,0
1544355354,3008-eth4,1214953.12,1206405.62,2421358.75,1207612,1216168,611.39,613.39,1224.78,614,612,0.00,0.00,0,0
1544355354,1004-eth4,0.00,59.94,59.94,60,0,0.00,1.00,1.00,1,0,0.00,0.00,0,0
1544355354,3006-eth1,0.00,0.00,0.00,0,0,0.00,0.00,0.00,0,0,0.00,0.00,0,0
1544355354,1004-eth3,0.00,0.00,0.00,0,0,0.00,0.00,0.00,0,0,0.00,0.00,0,0
1544355354,1002-eth2,0.00,59.94,59.94,60,0,0.00,1.00,1.00,1,0,0.00,0.00,0,0
1544355354,3004-eth3,9804.20,386831.19,396635.38,387218,9814,138.86,152.85,291.71,153,139,0.00,0.00,0,0
1544355354,2003-eth3,1221112.88,382905.09,1604018.00,383288,1222334,529.47,519.48,1048.95,520,530,0.00,0.00,0,0
1544355354,2005-eth1,0.00,59.94,59.94,60,0,0.00,1.00,1.00,1,0,0.00,0.00,0,0
1544355354,3002-eth3,1219460.62,1219172.88,2438633.50,1220392,1220680,811.19,807.19,1618.38,808,812,0.00,0.00,0,0
1544355354,3006-eth3,1211442.62,1211380.62,2422823.25,1212592,1212654,470.53,491.51,962.04,492,471,0.00,0.00,0,0
1544355354,2001-eth1,7384.62,356729.28,364113.91,357086,7392,111.89,122.88,234.77,123,112,0.00,0.00,0,0
1544355354,3005-eth2,0.00,0.00,0.00,0,0,0.00,0.00,0.00,0,0,0.00,0.00,0,0
1544355354,2001-eth2,0.00,0.00,0.00,0,0,0.00,0.00,0.00,0,0,0.00,0.00,0,0
1544355354,3007-eth2,0.00,59.94,59.94,60,0,0.00,1.00,1.00,1,0,0.00,0.00,0,0
1544355354,1001-eth1,356729.28,7384.62,364113.91,7392,357086,122.88,111.89,234.77,112,123,0.00,0.00,0,0
1544355354,3007-eth4,1206917.12,1214347.62,2421264.75,1215562,1208124,533.47,536.46,1069.93,537,534,0.00,0.00,0,0
1544355354,2003-eth2,59.94,0.00,59.94,0,60,1.00,0.00,1.00,0,1,0.00,0.00,0,0
1544355354,3007-eth3,1214347.62,1212901.12,2427248.75,1214114,1215562,536.46,536.46,1072.93,537,537,0.00,0.00,0,0
1544355354,1002-eth1,0.00,0.00,0.00,0,0,0.00,0.00,0.00,0,0,0.00,0.00,0,0
1544355354,2002-eth3,0.00,59.94,59.94,60,0,0.00,1.00,1.00,1,0,0.00,0.00,0,0
1544355354,2007-eth2,0.00,0.00,0.00,0,0,0.00,0.00,0.00,0,0,0.00,0.00,0,0
1544355354,total,21857568.00,21930054.00,43787620.00,21951984,21879424,12621.38,12646.35,25267.73,12659,12634,0.00,0.00,0,0
1544355355,3003-eth3,1220467.62,880395.62,2100863.25,881276,1221688,695.30,693.31,1388.61,694,696,0.00,0.00,0,0
1544355355,2002-eth1,0.00,0.00,0.00,0,0,0.00,0.00,0.00,0,0,0.00,0.00,0,0
1544355355,lo,7008.99,7008.99,14017.98,7016,7016,68.93,68.93,137.86,69,69,0.00,0.00,0,0
1544355355,3005-eth3,1222725.25,1215752.25,2438477.50,1216968,1223948,685.31,667.33,1352.65,668,686,0.00,0.00,0,0
1544355355,2005-eth3,59.94,0.00,59.94,0,60,1.00,0.00,1.00,0,1,0.00,0.00,0,0
1544355355,3004-eth4,28193.81,1220229.75,1248423.62,1221450,28222,417.58,440.56,858.14,441,418,0.00,0.00,0,0
1544355355,1004-eth2,101.90,41.96,143.86,42,102,2.00,1.00,3.00,1,2,0.00,0.00,0,0
1544355355,2004-eth4,7978.02,402687.31,410665.34,403090,7986,120.88,139.86,260.74,140,121,0.00,0.00,0,0
1544355355,1001-eth2,7582.42,361200.81,368783.22,361562,7590,114.89,124.88,239.76,125,115,0.00,0.00,0,0
1544355355,1003-eth3,0.00,0.00,0.00,0,0,0.00,0.00,0.00,0,0,0.00,0.00,0,0
1544355355,2002-eth4,41.96,41.96,83.92,42,42,1.00,1.00,2.00,1,1,0.00,0.00,0,0
1544355355,1001-eth4,0.00,0.00,0.00,0,0,0.00,0.00,0.00,0,0,0.00,0.00,0,0
1544355355,3001-eth2,0.00,0.00,0.00,0,0,0.00,0.00,0.00,0,0,0.00,0.00,0,0
1544355355,1004-eth1,101.90,41.96,143.86,42,102,2.00,1.00,3.00,1,2,0.00,0.00,0,0
1544355355,3005-eth4,1215752.25,1222725.25,2438477.50,1223948,1216968,667.33,685.31,1352.65,686,668,0.00,0.00,0,0
1544355355,1003-eth2,0.00,0.00,0.00,0,0,0.00,0.00,0.00,0,0,0.00,0.00,0,0
1544355355,3008-eth1,0.00,59.94,59.94,60,0,0.00,1.00,1.00,1,0,0.00,0.00,0,0
1544355355,1002-eth3,0.00,59.94,59.94,60,0,0.00,1.00,1.00,1,0,0.00,0.00,0,0
1544355355,2006-eth1,0.00,0.00,0.00,0,0,0.00,0.00,0.00,0,0,0.00,0.00,0,0
1544355355,3003-eth1,387376.62,1221316.75,1608693.38,1222538,387764,521.48,532.47,1053.95,533,522,0.00,0.00,0,0
1544355355,2001-eth3,0.00,0.00,0.00,0,0,0.00,0.00,0.00,0,0,0.00,0.00,0,0
1544355355,2008-eth2,0.00,59.94,59.94,60,0,0.00,1.00,1.00,1,0,0.00,0.00,0,0
1544355355,2008-eth3,0.00,0.00,0.00,0,0,0.00,0.00,0.00,0,0,0.00,0.00,0,0
1544355355,1001-eth3,0.00,59.94,59.94,60,0,0.00,1.00,1.00,1,0,0.00,0.00,0,0
1544355355,2007-eth4,59.94,0.00,59.94,0,60,1.00,0.00,1.00,0,1,0.00,0.00,0,0
1544355355,2004-eth2,41.96,101.90,143.86,102,42,1.00,2.00,3.00,2,1,0.00,0.00,0,0
1544355355,3002-eth1,7642.36,361200.81,368843.16,361562,7650,115.88,124.88,240.76,125,116,0.00,0.00,0,0
1544355355,3004-eth1,1218331.75,26175.82,1244507.50,26202,1219550,421.58,396.60,818.18,397,422,0.00,0.00,0,0
1544355355,2006-eth3,0.00,0.00,0.00,0,0,0.00,0.00,0.00,0,0,0.00,0.00,0,0
1544355355,3004-eth2,402687.31,7978.02,410665.34,7986,403090,139.86,120.88,260.74,121,140,0.00,0.00,0,0
1544355355,3001-eth3,1212925.12,1222527.50,2435452.50,1223750,1214138,668.33,682.32,1350.65,683,669,0.00,0.00,0,0
1544355355,2003-eth4,26175.82,1218331.75,1244507.50,1219550,26202,396.60,421.58,818.18,422,397,0.00,0.00,0,0
1544355355,2008-eth4,0.00,0.00,0.00,0,0,0.00,0.00,0.00,0,0,0.00,0.00,0,0
1544355355,3008-eth3,1210613.38,1220937.12,2431550.50,1222158,1211824,611.39,614.39,1225.77,615,612,0.00,0.00,0,0
1544355355,2005-eth2,59.94,0.00,59.94,0,60,1.00,0.00,1.00,0,1,0.00,0.00,0,0
1544355355,2006-eth4,0.00,59.94,59.94,60,0,0.00,1.00,1.00,1,0,0.00,0.00,0,0
1544355355,3006-eth2,59.94,0.00,59.94,0,60,1.00,0.00,1.00,0,1,0.00,0.00,0,0
1544355355,1003-eth4,0.00,0.00,0.00,0,0,0.00,0.00,0.00,0,0,0.00,0.00,0,0
1544355355,2006-eth2,0.00,59.94,59.94,60,0,0.00,1.00,1.00,1,0,0.00,0.00,0,0
1544355355,3001-eth1,0.00,0.00,0.00,0,0,0.00,0.00,0.00,0,0,0.00,0.00,0,0
1544355355,3008-eth2,0.00,0.00,0.00,0,0,0.00,0.00,0.00,0,0,0.00,0.00,0,0
1544355355,2004-eth3,402669.34,8019.98,410689.31,8028,403072,139.86,121.88,261.74,122,140,0.00,0.00,0,0
1544355355,3001-eth4,1222527.50,1217330.75,2439858.25,1218548,1223750,682.32,669.33,1351.65,670,683,0.00,0.00,0,0
1544355355,1003-eth1,0.00,0.00,0.00,0,0,0.00,0.00,0.00,0,0,0.00,0.00,0,0
1544355355,3002-eth2,41.96,41.96,83.92,42,42,1.00,1.00,2.00,1,1,0.00,0.00,0,0
1544355355,2005-eth4,59.94,59.94,119.88,60,60,1.00,1.00,2.00,1,1,0.00,0.00,0,0
1544355355,3003-eth2,8019.98,402669.34,410689.31,403072,8028,121.88,139.86,261.74,140,122,0.00,0.00,0,0
1544355355,2007-eth1,0.00,0.00,0.00,0,0,0.00,0.00,0.00,0,0,0.00,0.00,0,0
1544355355,1002-eth4,0.00,0.00,0.00,0,0,0.00,0.00,0.00,0,0,0.00,0.00,0,0
1544355355,3002-eth4,1211476.50,869700.31,2081176.88,870570,1212688,690.31,684.32,1374.63,685,691,0.00,0.00,0,0
1544355355,2007-eth3,0.00,0.00,0.00,0,0,0.00,0.00,0.00,0,0,0.00,0.00,0,0
1544355355,3005-eth1,0.00,59.94,59.94,60,0,0.00,1.00,1.00,1,0,0.00,0.00,0,0
1544355355,2001-eth4,361200.81,7642.36,368843.16,7650,361562,124.88,115.88,240.76,116,125,0.00,0.00,0,0
1544355355,3003-eth4,1222739.25,387790.22,1610529.50,388178,1223962,532.47,528.47,1060.94,529,533,0.00,0.00,0,0
1544355355,2004-eth1,0.00,0.00,0.00,0,0,0.00,0.00,0.00,0,0,0.00,0.00,0,0
1544355355,3006-eth4,1209730.25,1215848.12,2425578.50,1217064,1210940,488.51,471.53,960.04,472,489,0.00,0.00,0,0
1544355355,3007-eth1,0.00,0.00,0.00,0,0,0.00,0.00,0.00,0,0,0.00,0.00,0,0
1544355355,2008-eth1,0.00,0.00,0.00,0,0,0.00,0.00,0.00,0,0,0.00,0.00,0,0
1544355355,2002-eth2,41.96,101.90,143.86,102,42,1.00,2.00,3.00,2,1,0.00,0.00,0,0
1544355355,2003-eth1,361200.81,7582.42,368783.22,7590,361562,124.88,114.89,239.76,115,125,0.00,0.00,0,0
1544355355,3008-eth4,1223830.25,1212389.62,2436219.75,1213602,1225054,614.39,616.38,1230.77,617,615,0.00,0.00,0,0
1544355355,1004-eth4,59.94,0.00,59.94,0,60,1.00,0.00,1.00,0,1,0.00,0.00,0,0
1544355355,3006-eth1,59.94,59.94,119.88,60,60,1.00,1.00,2.00,1,1,0.00,0.00,0,0
1544355355,1004-eth3,59.94,0.00,59.94,0,60,1.00,0.00,1.00,0,1,0.00,0.00,0,0
1544355355,1002-eth2,0.00,0.00,0.00,0,0,0.00,0.00,0.00,0,0,0.00,0.00,0,0
1544355355,3004-eth3,9996.00,404585.44,414581.44,404990,10006,141.86,158.84,300.70,159,142,0.00,0.00,0,0
1544355355,2003-eth3,1221316.75,387376.62,1608693.38,387764,1222538,532.47,521.48,1053.95,522,533,0.00,0.00,0,0
1544355355,2005-eth1,59.94,0.00,59.94,0,60,1.00,0.00,1.00,0,1,0.00,0.00,0,0
1544355355,3002-eth3,1220115.88,1219106.88,2439222.75,1220326,1221336,799.20,806.19,1605.39,807,800,0.00,0.00,0,0
1544355355,3006-eth3,1215908.12,1209670.38,2425578.50,1210880,1217124,472.53,487.51,960.04,488,473,0.00,0.00,0,0
1544355355,2001-eth1,7582.42,361200.81,368783.22,361562,7590,114.89,124.88,239.76,125,115,0.00,0.00,0,0
1544355355,3005-eth2,0.00,0.00,0.00,0,0,0.00,0.00,0.00,0,0,0.00,0.00,0,0
1544355355,2001-eth2,0.00,0.00,0.00,0,0,0.00,0.00,0.00,0,0,0.00,0.00,0,0
1544355355,3007-eth2,0.00,0.00,0.00,0,0,0.00,0.00,0.00,0,0,0.00,0.00,0,0
1544355355,1001-eth1,361200.81,7582.42,368783.22,7590,361562,124.88,114.89,239.76,115,125,0.00,0.00,0,0
1544355355,3007-eth4,1212715.38,1217120.88,2429836.25,1218338,1213928,599.40,600.40,1199.80,601,600,0.00,0.00,0,0
1544355355,2003-eth2,0.00,0.00,0.00,0,0,0.00,0.00,0.00,0,0,0.00,0.00,0,0
1544355355,3007-eth3,1217120.88,1212781.25,2429902.25,1213994,1218338,600.40,600.40,1200.80,601,601,0.00,0.00,0,0
1544355355,1002-eth1,0.00,0.00,0.00,0,0,0.00,0.00,0.00,0,0,0.00,0.00,0,0
1544355355,2002-eth3,0.00,0.00,0.00,0,0,0.00,0.00,0.00,0,0,0.00,0.00,0,0
1544355355,2007-eth2,0.00,0.00,0.00,0,0,0.00,0.00,0.00,0,0,0.00,0.00,0,0
1544355355,total,21865722.00,21937776.00,43803500.00,21959714,21887588,12567.43,12607.39,25174.83,12620,12580,0.00,0.00,0,0
1544355356,3003-eth3,1222923.12,864046.00,2086969.12,864910,1224146,688.31,686.31,1374.63,687,689,0.00,0.00,0,0
1544355356,2002-eth1,0.00,0.00,0.00,0,0,0.00,0.00,0.00,0,0,0.00,0.00,0,0
1544355356,lo,6545.45,6545.45,13090.91,6552,6552,63.94,63.94,127.87,64,64,0.00,0.00,0,0
1544355356,3005-eth3,1225744.25,1211280.75,2437025.00,1212492,1226970,687.31,665.33,1352.65,666,688,0.00,0.00,0,0
1544355356,2005-eth3,0.00,59.94,59.94,60,0,0.00,1.00,1.00,1,0,0.00,0.00,0,0
1544355356,3004-eth4,28265.73,1224635.38,1252901.12,1225860,28294,418.58,441.56,860.14,442,419,0.00,0.00,0,0
1544355356,1004-eth2,41.96,41.96,83.92,42,42,1.00,1.00,2.00,1,1,0.00,0.00,0,0
1544355356,2004-eth4,8307.69,433730.28,442037.97,434164,8316,125.87,149.85,275.72,150,126,0.00,0.00,0,0
1544355356,1001-eth2,7780.22,347852.16,355632.38,348200,7788,117.88,119.88,237.76,120,118,0.00,0.00,0,0
1544355356,1003-eth3,0.00,59.94,59.94,60,0,0.00,1.00,1.00,1,0,0.00,0.00,0,0
1544355356,2002-eth4,41.96,41.96,83.92,42,42,1.00,1.00,2.00,1,1,0.00,0.00,0,0
1544355356,1001-eth4,0.00,0.00,0.00,0,0,0.00,0.00,0.00,0,0,0.00,0.00,0,0
1544355356,3001-eth2,0.00,0.00,0.00,0,0,0.00,0.00,0.00,0,0,0.00,0.00,0,0
1544355356,1004-eth1,41.96,41.96,83.92,42,42,1.00,1.00,2.00,1,1,0.00,0.00,0,0
1544355356,3005-eth4,1211340.75,1222725.25,2434066.00,1223948,1212552,666.33,685.31,1351.65,686,667,0.00,0.00,0,0
1544355356,1003-eth2,0.00,0.00,0.00,0,0,0.00,0.00,0.00,0,0,0.00,0.00,0,0
1544355356,3008-eth1,59.94,0.00,59.94,0,60,1.00,0.00,1.00,0,1,0.00,0.00,0,0
1544355356,1002-eth3,59.94,0.00,59.94,0,60,1.00,0.00,1.00,0,1,0.00,0.00,0,0
1544355356,2006-eth1,59.94,0.00,59.94,0,60,1.00,0.00,1.00,0,1,0.00,0.00,0,0
1544355356,3003-eth1,374159.84,1221712.38,1595872.12,1222934,374534,518.48,538.46,1056.94,539,519,0.00,0.00,0,0
1544355356,2001-eth3,0.00,0.00,0.00,0,0,0.00,0.00,0.00,0,0,0.00,0.00,0,0
1544355356,2008-eth2,0.00,0.00,0.00,0,0,0.00,0.00,0.00,0,0,0.00,0.00,0,0
1544355356,2008-eth3,0.00,59.94,59.94,60,0,0.00,1.00,1.00,1,0,0.00,0.00,0,0
1544355356,1001-eth3,0.00,0.00,0.00,0,0,0.00,0.00,0.00,0,0,0.00,0.00,0,0
1544355356,2007-eth4,0.00,59.94,59.94,60,0,0.00,1.00,1.00,1,0,0.00,0.00,0,0
1544355356,2004-eth2,41.96,41.96,83.92,42,42,1.00,1.00,2.00,1,1,0.00,0.00,0,0
1544355356,3002-eth1,7780.22,347852.16,355632.38,348200,7788,117.88,119.88,237.76,120,118,0.00,0.00,0,0
1544355356,3004-eth1,1222677.38,26307.69,1248985.00,26334,1223900,421.58,398.60,820.18,399,422,0.00,0.00,0,0
1544355356,2006-eth3,59.94,59.94,119.88,60,60,1.00,1.00,2.00,1,1,0.00,0.00,0,0
1544355356,3004-eth2,433730.28,8307.69,442037.97,8316,434164,149.85,125.87,275.72,126,150,0.00,0.00,0,0
1544355356,3001-eth3,1215746.25,1222725.25,2438471.50,1223948,1216962,667.33,685.31,1352.65,686,668,0.00,0.00,0,0
1544355356,2003-eth4,26307.69,1222677.38,1248985.00,1223900,26334,398.60,421.58,820.18,422,399,0.00,0.00,0,0
1544355356,2008-eth4,0.00,0.00,0.00,0,0,0.00,0.00,0.00,0,0,0.00,0.00,0,0
1544355356,3008-eth3,1212383.62,1223896.12,2436279.75,1225120,1213596,616.38,615.38,1231.77,616,617,0.00,0.00,0,0
1544355356,2005-eth2,0.00,59.94,59.94,60,0,0.00,1.00,1.00,1,0,0.00,0.00,0,0
1544355356,2006-eth4,59.94,0.00,59.94,0,60,1.00,0.00,1.00,0,1,0.00,0.00,0,0
1544355356,3006-eth2,0.00,59.94,59.94,60,0,0.00,1.00,1.00,1,0,0.00,0.00,0,0
1544355356,1003-eth4,0.00,0.00,0.00,0,0,0.00,0.00,0.00,0,0,0.00,0.00,0,0
1544355356,2006-eth2,59.94,0.00,59.94,0,60,1.00,0.00,1.00,0,1,0.00,0.00,0,0
1544355356,3001-eth1,0.00,0.00,0.00,0,0,0.00,0.00,0.00,0,0,0.00,0.00,0,0
1544355356,3008-eth2,0.00,0.00,0.00,0,0,0.00,0.00,0.00,0,0,0.00,0.00,0,0
1544355356,2004-eth3,433772.25,8349.65,442121.88,8358,434206,150.85,126.87,277.72,127,151,0.00,0.00,0,0
1544355356,3001-eth4,1222719.38,1211280.75,2434000.00,1212492,1223942,685.31,665.33,1350.65,666,686,0.00,0.00,0,0
1544355356,1003-eth1,0.00,0.00,0.00,0,0,0.00,0.00,0.00,0,0,0.00,0.00,0,0
1544355356,3002-eth2,41.96,41.96,83.92,42,42,1.00,1.00,2.00,1,1,0.00,0.00,0,0
1544355356,2005-eth4,0.00,0.00,0.00,0,0,0.00,0.00,0.00,0,0,0.00,0.00,0,0
1544355356,3003-eth2,8349.65,433772.25,442121.88,434206,8358,126.87,150.85,277.72,151,127,0.00,0.00,0,0
1544355356,2007-eth1,0.00,0.00,0.00,0,0,0.00,0.00,0.00,0,0,0.00,0.00,0,0
1544355356,1002-eth4,0.00,59.94,59.94,60,0,0.00,1.00,1.00,1,0,0.00,0.00,0,0
1544355356,3002-eth4,1217400.62,877262.75,2094663.38,878140,1218618,692.31,689.31,1381.62,690,693,0.00,0.00,0,0
1544355356,2007-eth3,59.94,59.94,119.88,60,60,1.00,1.00,2.00,1,1,0.00,0.00,0,0
1544355356,3005-eth1,59.94,0.00,59.94,0,60,1.00,0.00,1.00,0,1,0.00,0.00,0,0
1544355356,2001-eth4,347852.16,7780.22,355632.38,7788,348200,119.88,117.88,237.76,118,120,0.00,0.00,0,0
1544355356,3003-eth4,1222715.38,374333.69,1597049.00,374708,1223938,532.47,521.48,1053.95,522,533,0.00,0.00,0,0
1544355356,2004-eth1,0.00,0.00,0.00,0,0,0.00,0.00,0.00,0,0,0.00,0.00,0,0
1544355356,3006-eth4,1209736.25,1211442.62,2421179.00,1212654,1210946,488.51,470.53,959.04,471,489,0.00,0.00,0,0
1544355356,3007-eth1,59.94,59.94,119.88,60,60,1.00,1.00,2.00,1,1,0.00,0.00,0,0
1544355356,2008-eth1,0.00,0.00,0.00,0,0,0.00,0.00,0.00,0,0,0.00,0.00,0,0
1544355356,2002-eth2,41.96,41.96,83.92,42,42,1.00,1.00,2.00,1,1,0.00,0.00,0,0
1544355356,2003-eth1,347852.16,7780.22,355632.38,7788,348200,119.88,117.88,237.76,118,120,0.00,0.00,0,0
1544355356,3008-eth4,1223956.12,1212323.75,2436279.75,1213536,1225180,616.38,615.38,1231.77,616,617,0.00,0.00,0,0
1544355356,1004-eth4,0.00,0.00,0.00,0,0,0.00,0.00,0.00,0,0,0.00,0.00,0,0
1544355356,3006-eth1,0.00,0.00,0.00,0,0,0.00,0.00,0.00,0,0,0.00,0.00,0,0
1544355356,1004-eth3,0.00,59.94,59.94,60,0,0.00,1.00,1.00,1,0,0.00,0.00,0,0
1544355356,1002-eth2,0.00,0.00,0.00,0,0,0.00,0.00,0.00,0,0,0.00,0.00,0,0
1544355356,3004-eth3,10265.73,435688.31,445954.06,436124,10276,145.85,169.83,315.68,170,146,0.00,0.00,0,0
1544355356,2003-eth3,1221712.38,374159.84,1595872.12,374534,1222934,538.46,518.48,1056.94,519,539,0.00,0.00,0,0
1544355356,2005-eth1,0.00,0.00,0.00,0,0,0.00,0.00,0.00,0,0,0.00,0.00,0,0
1544355356,3002-eth3,1223440.62,1225156.88,2448597.50,1226382,1224664,806.19,810.19,1616.38,811,807,0.00,0.00,0,0
1544355356,3006-eth3,1211442.62,1209802.25,2421244.75,1211012,1212654,470.53,489.51,960.04,490,471,0.00,0.00,0,0
1544355356,2001-eth1,7780.22,347852.16,355632.38,348200,7788,117.88,119.88,237.76,120,118,0.00,0.00,0,0
1544355356,3005-eth2,59.94,59.94,119.88,60,60,1.00,1.00,2.00,1,1,0.00,0.00,0,0
1544355356,2001-eth2,0.00,0.00,0.00,0,0,0.00,0.00,0.00,0,0,0.00,0.00,0,0
1544355356,3007-eth2,59.94,0.00,59.94,0,60,1.00,0.00,1.00,0,1,0.00,0.00,0,0
1544355356,1001-eth1,347852.16,7780.22,355632.38,7788,348200,119.88,117.88,237.76,118,120,0.00,0.00,0,0
1544355356,3007-eth4,1214877.12,1222050.00,2436927.25,1223272,1216092,588.41,587.41,1175.82,588,589,0.00,0.00,0,0
1544355356,2003-eth2,0.00,0.00,0.00,0,0,0.00,0.00,0.00,0,0,0.00,0.00,0,0
1544355356,3007-eth3,1222109.88,1213238.75,2435348.75,1214452,1223332,588.41,585.41,1173.83,586,589,0.00,0.00,0,0
1544355356,1002-eth1,0.00,0.00,0.00,0,0,0.00,0.00,0.00,0,0,0.00,0.00,0,0
1544355356,2002-eth3,0.00,0.00,0.00,0,0,0.00,0.00,0.00,0,0,0.00,0.00,0,0
1544355356,2007-eth2,59.94,0.00,59.94,0,60,1.00,0.00,1.00,0,1,0.00,0.00,0,0
1544355356,total,21898498.00,21965320.00,43863816.00,21987284,21920396,12584.42,12609.39,25193.81,12622,12597,0.00,0.00,0,0
1544355357,3003-eth3,1218608.88,861672.69,2080281.50,863396,1221046,684.63,684.63,1369.26,686,686,0.00,0.00,0,0
1544355357,2002-eth1,59.88,0.00,59.88,0,60,1.00,0.00,1.00,0,1,0.00,0.00,0,0
1544355357,lo,99203.59,99203.59,198407.19,99402,99402,289.42,289.42,578.84,290,290,0.00,0.00,0,0
1544355357,3005-eth3,1218618.75,1210269.50,2428888.25,1212690,1221056,684.63,667.66,1352.30,669,686,0.00,0.00,0,0
1544355357,2005-eth3,0.00,0.00,0.00,0,0,0.00,0.00,0.00,0,0,0.00,0.00,0,0
1544355357,3004-eth4,28105.79,1220457.12,1248562.88,1222898,28162,416.17,440.12,856.29,441,417,0.00,0.00,0,0
1544355357,1004-eth2,0.00,41.92,41.92,42,0,0.00,1.00,1.00,1,0,0.00,0.00,0,0
1544355357,2004-eth4,8760.48,477638.75,486399.22,478594,8778,132.73,164.67,297.41,165,133,0.00,0.00,0,0
1544355357,1001-eth2,7508.98,347505.00,355013.97,348200,7524,113.77,119.76,233.53,120,114,0.00,0.00,0,0
1544355357,1003-eth3,0.00,0.00,0.00,0,0,0.00,0.00,0.00,0,0,0.00,0.00,0,0
1544355357,2002-eth4,101.80,0.00,101.80,0,102,2.00,0.00,2.00,0,2,0.00,0.00,0,0
1544355357,1001-eth4,0.00,59.88,59.88,60,0,0.00,1.00,1.00,1,0,0.00,0.00,0,0
1544355357,3001-eth2,0.00,59.88,59.88,60,0,0.00,1.00,1.00,1,0,0.00,0.00,0,0
1544355357,1004-eth1,41.92,59.88,101.80,60,42,1.00,1.00,2.00,1,1,0.00,0.00,0,0
1544355357,3005-eth4,1214802.38,1221439.12,2436241.50,1223882,1217232,670.66,683.63,1354.29,685,672,0.00,0.00,0,0
1544355357,1003-eth2,0.00,59.94,59.94,60,0,0.00,1.00,1.00,1,0,0.00,0.00,0,0
1544355357,3008-eth1,0.00,0.00,0.00,0,0,0.00,0.00,0.00,0,0,0.00,0.00,0,0
1544355357,1002-eth3,0.00,0.00,0.00,0,0,0.00,0.00,0.00,0,0,0.00,0.00,0,0
1544355357,2006-eth1,0.00,0.00,0.00,0,0,0.00,0.00,0.00,0,0,0.00,0.00,0,0
1544355357,3003-eth1,374087.94,1221316.75,1595404.62,1222538,374462,517.48,532.47,1049.95,533,518,0.00,0.00,0,0
1544355357,2001-eth3,59.94,59.94,119.88,60,60,1.00,1.00,2.00,1,1,0.00,0.00,0,0
1544355357,2008-eth2,0.00,0.00,0.00,0,0,0.00,0.00,0.00,0,0,0.00,0.00,0,0
1544355357,2008-eth3,0.00,0.00,0.00,0,0,0.00,0.00,0.00,0,0,0.00,0.00,0,0
1544355357,1001-eth3,0.00,0.00,0.00,0,0,0.00,0.00,0.00,0,0,0.00,0.00,0,0
1544355357,2007-eth4,0.00,0.00,0.00,0,0,0.00,0.00,0.00,0,0,0.00,0.00,0,0
1544355357,2004-eth2,41.92,0.00,41.92,0,42,1.00,0.00,1.00,0,1,0.00,0.00,0,0
1544355357,3002-eth1,7508.98,347564.88,355073.88,348260,7524,113.77,120.76,234.53,121,114,0.00,0.00,0,0
1544355357,3004-eth1,1215545.00,26149.70,1241694.62,26202,1217976,419.16,396.21,815.37,397,420,0.00,0.00,0,0
1544355357,2006-eth3,0.00,0.00,0.00,0,0,0.00,0.00,0.00,0,0,0.00,0.00,0,0
1544355357,3004-eth2,477638.75,8760.48,486399.22,8778,478594,164.67,132.73,297.41,133,165,0.00,0.00,0,0
1544355357,3001-eth3,1210203.62,1218351.38,2428555.00,1220788,1212624,666.67,680.64,1347.31,682,668,0.00,0.00,0,0
1544355357,2003-eth4,26149.70,1215545.00,1241694.62,1217976,26202,396.21,419.16,815.37,420,397,0.00,0.00,0,0
1544355357,2008-eth4,0.00,59.88,59.88,60,0,0.00,1.00,1.00,1,0,0.00,0.00,0,0
1544355357,3008-eth3,1203690.62,1221097.88,2424788.50,1223540,1206098,611.78,612.77,1224.55,614,613,0.00,0.00,0,0
1544355357,2005-eth2,0.00,0.00,0.00,0,0,0.00,0.00,0.00,0,0,0.00,0.00,0,0
1544355357,2006-eth4,0.00,0.00,0.00,0,0,0.00,0.00,0.00,0,0,0.00,0.00,0,0
1544355357,3006-eth2,0.00,0.00,0.00,0,0,0.00,0.00,0.00,0,0,0.00,0.00,0,0
1544355357,1003-eth4,0.00,0.00,0.00,0,0,0.00,0.00,0.00,0,0,0.00,0.00,0,0
1544355357,2006-eth2,0.00,0.00,0.00,0,0,0.00,0.00,0.00,0,0,0.00,0.00,0,0
1544355357,3001-eth1,59.88,59.88,119.76,60,60,1.00,1.00,2.00,1,1,0.00,0.00,0,0
1544355357,3008-eth2,59.88,0.00,59.88,0,60,1.00,0.00,1.00,0,1,0.00,0.00,0,0
1544355357,2004-eth3,477638.75,8862.28,486501.00,8880,478594,164.67,134.73,299.40,135,165,0.00,0.00,0,0
1544355357,3001-eth4,1218417.25,1210203.62,2428620.75,1212624,1220854,681.64,666.67,1348.30,668,683,0.00,0.00,0,0
1544355357,1003-eth1,0.00,59.88,59.88,60,0,0.00,1.00,1.00,1,0,0.00,0.00,0,0
1544355357,3002-eth2,0.00,101.80,101.80,102,0,0.00,2.00,2.00,2,0,0.00,0.00,0,0
1544355357,2005-eth4,0.00,0.00,0.00,0,0,0.00,0.00,0.00,0,0,0.00,0.00,0,0
1544355357,3003-eth2,8862.28,477638.75,486501.00,478594,8880,134.73,164.67,299.40,165,135,0.00,0.00,0,0
1544355357,2007-eth1,59.88,0.00,59.88,0,60,1.00,0.00,1.00,0,1,0.00,0.00,0,0
1544355357,1002-eth4,59.88,0.00,59.88,0,60,1.00,0.00,1.00,0,1,0.00,0.00,0,0
1544355357,3002-eth4,1210339.38,885123.75,2095463.12,886894,1212760,690.62,689.62,1380.24,691,692,0.00,0.00,0,0
1544355357,2007-eth3,0.00,0.00,0.00,0,0,0.00,0.00,0.00,0,0,0.00,0.00,0,0
1544355357,3005-eth1,0.00,0.00,0.00,0,0,0.00,0.00,0.00,0,0,0.00,0.00,0,0
1544355357,2001-eth4,347564.88,7508.98,355073.88,7524,348260,120.76,113.77,234.53,114,121,0.00,0.00,0,0
1544355357,3003-eth4,1217159.75,373894.22,1591053.88,374642,1219594,531.94,519.96,1051.90,521,533,0.00,0.00,0,0
1544355357,2004-eth1,59.88,0.00,59.88,0,60,1.00,0.00,1.00,0,1,0.00,0.00,0,0
1544355357,3006-eth4,1208594.88,1214634.75,2423229.50,1217064,1211012,489.02,471.06,960.08,472,490,0.00,0.00,0,0
1544355357,3007-eth1,0.00,0.00,0.00,0,0,0.00,0.00,0.00,0,0,0.00,0.00,0,0
1544355357,2008-eth1,0.00,0.00,0.00,0,0,0.00,0.00,0.00,0,0,0.00,0.00,0,0
1544355357,2002-eth2,59.88,41.92,101.80,42,60,1.00,1.00,2.00,1,1,0.00,0.00,0,0
1544355357,2003-eth1,347505.00,7508.98,355013.97,7524,348200,119.76,113.77,233.53,114,120,0.00,0.00,0,0
1544355357,3008-eth4,1218207.62,1202047.88,2420255.50,1204452,1220644,612.77,608.78,1221.56,610,614,0.00,0.00,0,0
1544355357,1004-eth4,0.00,0.00,0.00,0,0,0.00,0.00,0.00,0,0,0.00,0.00,0,0
1544355357,3006-eth1,0.00,0.00,0.00,0,0,0.00,0.00,0.00,0,0,0.00,0.00,0,0
1544355357,1004-eth3,0.00,0.00,0.00,0,0,0.00,0.00,0.00,0,0,0.00,0.00,0,0
1544355357,1002-eth2,59.88,0.00,59.88,0,60,1.00,0.00,1.00,0,1,0.00,0.00,0,0
1544355357,3004-eth3,10716.57,479594.81,490311.41,480554,10738,152.69,184.63,337.33,185,153,0.00,0.00,0,0
1544355357,2003-eth3,1220097.88,373714.59,1593812.38,374462,1222538,531.94,516.97,1048.90,518,533,0.00,0.00,0,0
1544355357,2005-eth1,0.00,0.00,0.00,0,0,0.00,0.00,0.00,0,0,0.00,0.00,0,0
1544355357,3002-eth3,1221109.88,1217914.25,2439024.00,1220350,1223552,810.38,805.39,1615.77,807,812,0.00,0.00,0,0
1544355357,3006-eth3,1210233.62,1208529.00,2418762.50,1210946,1212654,470.06,488.02,958.08,489,471,0.00,0.00,0,0
1544355357,2001-eth1,7508.98,347564.88,355073.88,348260,7524,113.77,120.76,234.53,121,114,0.00,0.00,0,0
1544355357,3005-eth2,0.00,0.00,0.00,0,0,0.00,0.00,0.00,0,0,0.00,0.00,0,0
1544355357,2001-eth2,59.88,59.88,119.76,60,60,1.00,1.00,2.00,1,1,0.00,0.00,0,0
1544355357,3007-eth2,0.00,0.00,0.00,0,0,0.00,0.00,0.00,0,0,0.00,0.00,0,0
1544355357,1001-eth1,347564.88,7508.98,355073.88,7524,348260,120.76,113.77,234.53,114,121,0.00,0.00,0,0
1544355357,3007-eth4,1208223.62,1217552.88,2425776.50,1219988,1210640,614.77,624.75,1239.52,626,616,0.00,0.00,0,0
1544355357,2003-eth2,0.00,59.88,59.88,60,0,0.00,1.00,1.00,1,0,0.00,0.00,0,0
1544355357,3007-eth3,1217552.88,1211311.38,2428864.25,1213734,1219988,624.75,617.76,1242.52,619,626,0.00,0.00,0,0
1544355357,1002-eth1,59.88,59.88,119.76,60,60,1.00,1.00,2.00,1,1,0.00,0.00,0,0
1544355357,2002-eth3,59.88,0.00,59.88,0,60,1.00,0.00,1.00,0,1,0.00,0.00,0,0
1544355357,2007-eth2,0.00,59.88,59.88,60,0,0.00,1.00,1.00,1,0,0.00,0.00,0,0
1544355357,total,22008262.00,22147772.00,44156032.00,22192066,22052278,12882.24,12915.17,25797.41,12941,12908,0.00,0.00,0,0
1544355358,3003-eth3,1223776.25,852209.81,2075986.12,853062,1225000,679.32,682.32,1361.64,683,680,0.00,0.00,0,0
1544355358,2002-eth1,0.00,59.94,59.94,60,0,0.00,1.00,1.00,1,0,0.00,0.00,0,0
1544355358,lo,8139.86,8139.86,16279.72,8148,8148,78.92,78.92,157.84,79,79,0.00,0.00,0,0
1544355358,3005-eth3,1225618.38,1215818.25,2441436.75,1217034,1226844,685.31,668.33,1353.65,669,686,0.00,0.00,0,0
1544355358,2005-eth3,0.00,0.00,0.00,0,0,0.00,0.00,0.00,0,0,0.00,0.00,0,0
1544355358,3004-eth4,28199.80,1223188.88,1251388.62,1224412,28228,417.58,441.56,859.14,442,418,0.00,0.00,0,0
1544355358,1004-eth2,0.00,59.94,59.94,60,0,0.00,1.00,1.00,1,0,0.00,0.00,0,0
1544355358,2004-eth4,9224.78,515136.88,524361.62,515652,9234,139.86,177.82,317.68,178,140,0.00,0.00,0,0
1544355358,1001-eth2,7642.36,341994.00,349636.38,342336,7650,115.88,118.88,234.77,119,116,0.00,0.00,0,0
1544355358,1003-eth3,59.94,0.00,59.94,0,60,1.00,0.00,1.00,0,1,0.00,0.00,0,0
1544355358,2002-eth4,0.00,59.94,59.94,60,0,0.00,1.00,1.00,1,0,0.00,0.00,0,0
1544355358,1001-eth4,59.94,0.00,59.94,0,60,1.00,0.00,1.00,0,1,0.00,0.00,0,0
1544355358,3001-eth2,0.00,0.00,0.00,0,0,0.00,0.00,0.00,0,0,0.00,0.00,0,0
1544355358,1004-eth1,0.00,0.00,0.00,0,0,0.00,0.00,0.00,0,0,0.00,0.00,0,0
1544355358,3005-eth4,1215752.25,1225684.38,2441436.75,1226910,1216968,667.33,686.31,1353.65,687,668,0.00,0.00,0,0
1544355358,1003-eth2,59.94,0.00,59.94,0,60,1.00,0.00,1.00,0,1,0.00,0.00,0,0
1544355358,3008-eth1,0.00,0.00,0.00,0,0,0.00,0.00,0.00,0,0,0.00,0.00,0,0
1544355358,1002-eth3,0.00,0.00,0.00,0,0,0.00,0.00,0.00,0,0,0.00,0.00,0,0
1544355358,2006-eth1,0.00,59.94,59.94,60,0,0.00,1.00,1.00,1,0,0.00,0.00,0,0
1544355358,3003-eth1,368175.84,1222823.25,1590999.00,1224046,368544,515.48,533.47,1048.95,534,516,0.00,0.00,0,0
1544355358,2001-eth3,0.00,0.00,0.00,0,0,0.00,0.00,0.00,0,0,0.00,0.00,0,0
1544355358,2008-eth2,59.94,0.00,59.94,0,60,1.00,0.00,1.00,0,1,0.00,0.00,0,0
1544355358,2008-eth3,59.94,0.00,59.94,0,60,1.00,0.00,1.00,0,1,0.00,0.00,0,0
1544355358,1001-eth3,59.94,0.00,59.94,0,60,1.00,0.00,1.00,0,1,0.00,0.00,0,0
1544355358,2007-eth4,0.00,0.00,0.00,0,0,0.00,0.00,0.00,0,0,0.00,0.00,0,0
1544355358,2004-eth2,59.94,0.00,59.94,0,60,1.00,0.00,1.00,0,1,0.00,0.00,0,0
1544355358,3002-eth1,7582.42,341934.06,349516.50,342276,7590,114.89,117.88,232.77,118,115,0.00,0.00,0,0
1544355358,3004-eth1,1224189.88,26301.70,1250491.50,26328,1225414,422.58,398.60,821.18,399,423,0.00,0.00,0,0
1544355358,2006-eth3,0.00,0.00,0.00,0,0,0.00,0.00,0.00,0,0,0.00,0.00,0,0
1544355358,3004-eth2,515136.88,9224.78,524361.62,9234,515652,177.82,139.86,317.68,140,178,0.00,0.00,0,0
1544355358,3001-eth3,1215752.25,1225684.38,2441436.75,1226910,1216968,667.33,686.31,1353.65,687,668,0.00,0.00,0,0
1544355358,2003-eth4,26301.70,1224189.88,1250491.50,1225414,26328,398.60,422.58,821.18,423,399,0.00,0.00,0,0
1544355358,2008-eth4,59.94,0.00,59.94,0,60,1.00,0.00,1.00,0,1,0.00,0.00,0,0
1544355358,3008-eth3,1213902.12,1223896.12,2437798.25,1225120,1215116,617.38,615.38,1232.77,616,618,0.00,0.00,0,0
1544355358,2005-eth2,0.00,0.00,0.00,0,0,0.00,0.00,0.00,0,0,0.00,0.00,0,0
1544355358,2006-eth4,0.00,0.00,0.00,0,0,0.00,0.00,0.00,0,0,0.00,0.00,0,0
1544355358,3006-eth2,0.00,0.00,0.00,0,0,0.00,0.00,0.00,0,0,0.00,0.00,0,0
1544355358,1003-eth4,59.94,59.94,119.88,60,60,1.00,1.00,2.00,1,1,0.00,0.00,0,0
1544355358,2006-eth2,0.00,0.00,0.00,0,0,0.00,0.00,0.00,0,0,0.00,0.00,0,0
1544355358,3001-eth1,0.00,0.00,0.00,0,0,0.00,0.00,0.00,0,0,0.00,0.00,0,0
1544355358,3008-eth2,0.00,59.94,59.94,60,0,0.00,1.00,1.00,1,0,0.00,0.00,0,0
1544355358,2004-eth3,515196.81,9164.83,524361.62,9174,515712,178.82,138.86,317.68,139,179,0.00,0.00,0,0
1544355358,3001-eth4,1222725.25,1215752.25,2438477.50,1216968,1223948,685.31,667.33,1352.65,668,686,0.00,0.00,0,0
1544355358,1003-eth1,59.94,0.00,59.94,0,60,1.00,0.00,1.00,0,1,0.00,0.00,0,0
1544355358,3002-eth2,59.94,0.00,59.94,0,60,1.00,0.00,1.00,0,1,0.00,0.00,0,0
1544355358,2005-eth4,0.00,0.00,0.00,0,0,0.00,0.00,0.00,0,0,0.00,0.00,0,0
1544355358,3003-eth2,9164.83,515196.81,524361.62,515712,9174,138.86,178.82,317.68,179,139,0.00,0.00,0,0
1544355358,2007-eth1,0.00,59.94,59.94,60,0,0.00,1.00,1.00,1,0,0.00,0.00,0,0
1544355358,1002-eth4,0.00,0.00,0.00,0,0,0.00,0.00,0.00,0,0,0.00,0.00,0,0
1544355358,3002-eth4,1217532.50,897910.12,2115442.50,898808,1218750,694.31,695.30,1389.61,696,695,0.00,0.00,0,0
1544355358,2007-eth3,0.00,0.00,0.00,0,0,0.00,0.00,0.00,0,0,0.00,0.00,0,0
1544355358,3005-eth1,0.00,0.00,0.00,0,0,0.00,0.00,0.00,0,0,0.00,0.00,0,0
1544355358,2001-eth4,341934.06,7582.42,349516.50,7590,342276,117.88,114.89,232.77,115,118,0.00,0.00,0,0
1544355358,3003-eth4,1224072.00,368439.56,1592511.50,368808,1225296,530.47,519.48,1049.95,520,531,0.00,0.00,0,0
1544355358,2004-eth1,0.00,59.94,59.94,60,0,0.00,1.00,1.00,1,0,0.00,0.00,0,0
1544355358,3006-eth4,1209802.25,1211442.62,2421244.75,1212654,1211012,489.51,470.53,960.04,471,490,0.00,0.00,0,0
1544355358,3007-eth1,0.00,0.00,0.00,0,0,0.00,0.00,0.00,0,0,0.00,0.00,0,0
1544355358,2008-eth1,59.94,59.94,119.88,60,60,1.00,1.00,2.00,1,1,0.00,0.00,0,0
1544355358,2002-eth2,0.00,0.00,0.00,0,0,0.00,0.00,0.00,0,0,0.00,0.00,0,0
1544355358,2003-eth1,341994.00,7642.36,349636.38,7650,342336,118.88,115.88,234.77,116,119,0.00,0.00,0,0
1544355358,3008-eth4,1223830.25,1213968.12,2437798.25,1215182,1225054,614.39,618.38,1232.77,619,615,0.00,0.00,0,0
1544355358,1004-eth4,0.00,59.94,59.94,60,0,0.00,1.00,1.00,1,0,0.00,0.00,0,0
1544355358,3006-eth1,0.00,0.00,0.00,0,0,0.00,0.00,0.00,0,0,0.00,0.00,0,0
1544355358,1004-eth3,0.00,0.00,0.00,0,0,0.00,0.00,0.00,0,0,0.00,0.00,0,0
1544355358,1002-eth2,0.00,59.94,59.94,60,0,0.00,1.00,1.00,1,0,0.00,0.00,0,0
1544355358,3004-eth3,11122.88,517094.91,528217.81,517612,11134,158.84,197.80,356.64,198,159,0.00,0.00,0,0
1544355358,2003-eth3,1222823.25,368175.84,1590999.00,368544,1224046,533.47,515.48,1048.95,516,534,0.00,0.00,0,0
1544355358,2005-eth1,0.00,59.94,59.94,60,0,0.00,1.00,1.00,1,0,0.00,0.00,0,0
1544355358,3002-eth3,1224893.12,1225049.00,2449942.00,1226274,1226118,806.19,808.19,1614.39,809,807,0.00,0.00,0,0
1544355358,3006-eth3,1215848.12,1209802.25,2425650.50,1211012,1217064,471.53,489.51,961.04,490,472,0.00,0.00,0,0
1544355358,2001-eth1,7642.36,341934.06,349576.44,342276,7650,115.88,117.88,233.77,118,116,0.00,0.00,0,0
1544355358,3005-eth2,0.00,0.00,0.00,0,0,0.00,0.00,0.00,0,0,0.00,0.00,0,0
1544355358,2001-eth2,0.00,0.00,0.00,0,0,0.00,0.00,0.00,0,0,0.00,0.00,0,0
1544355358,3007-eth2,0.00,59.94,59.94,60,0,0.00,1.00,1.00,1,0,0.00,0.00,0,0
1544355358,1001-eth1,341934.06,7642.36,349576.44,7650,342276,117.88,115.88,233.77,116,118,0.00,0.00,0,0
1544355358,3007-eth4,1217128.88,1223508.50,2440637.50,1224732,1218346,644.36,653.35,1297.70,654,645,0.00,0.00,0,0
1544355358,2003-eth2,59.94,0.00,59.94,0,60,1.00,0.00,1.00,0,1,0.00,0.00,0,0
1544355358,3007-eth3,1223508.50,1215616.38,2439125.00,1216832,1224732,653.35,643.36,1296.70,644,654,0.00,0.00,0,0
1544355358,1002-eth1,0.00,0.00,0.00,0,0,0.00,0.00,0.00,0,0,0.00,0.00,0,0
1544355358,2002-eth3,0.00,0.00,0.00,0,0,0.00,0.00,0.00,0,0,0.00,0.00,0,0
1544355358,2007-eth2,0.00,0.00,0.00,0,0,0.00,0.00,0.00,0,0,0.00,0.00,0,0
1544355358,total,22061328.00,22212928.00,44274256.00,22235140,22083388,12781.22,12842.16,25623.38,12855,12794,0.00,0.00,0,0
1544355359,3003-eth3,1218579.50,831496.50,2050076.00,832328,1219798,666.33,675.32,1341.66,676,667,0.00,0.00,0,0
1544355359,2002-eth1,0.00,0.00,0.00,0,0,0.00,0.00,0.00,0,0,0.00,0.00,0,0
1544355359,lo,7008.99,7008.99,14017.98,7016,7016,68.93,68.93,137.86,69,69,0.00,0.00,0,0
1544355359,3005-eth3,1219700.38,1211214.88,2430915.25,1212426,1220920,683.32,664.34,1347.65,665,684,0.00,0.00,0,0
1544355359,2005-eth3,59.94,0.00,59.94,0,60,1.00,0.00,1.00,0,1,0.00,0.00,0,0
1544355359,3004-eth4,28193.81,1221676.38,1249870.12,1222898,28222,417.58,440.56,858.14,441,418,0.00,0.00,0,0
1544355359,1004-eth2,59.94,0.00,59.94,0,60,1.00,0.00,1.00,0,1,0.00,0.00,0,0
1544355359,2004-eth4,9758.24,559582.44,569340.69,560142,9768,147.85,193.81,341.66,194,148,0.00,0.00,0,0
1544355359,1001-eth2,7186.81,321220.78,328407.59,321542,7194,108.89,110.89,219.78,111,109,0.00,0.00,0,0
1544355359,1003-eth3,0.00,0.00,0.00,0,0,0.00,0.00,0.00,0,0,0.00,0.00,0,0
1544355359,2002-eth4,0.00,0.00,0.00,0,0,0.00,0.00,0.00,0,0,0.00,0.00,0,0
1544355359,1001-eth4,0.00,0.00,0.00,0,0,0.00,0.00,0.00,0,0,0.00,0.00,0,0
1544355359,3001-eth2,59.94,0.00,59.94,0,60,1.00,0.00,1.00,0,1,0.00,0.00,0,0
1544355359,1004-eth1,59.94,0.00,59.94,0,60,1.00,0.00,1.00,0,1,0.00,0.00,0,0
1544355359,3005-eth4,1211280.75,1219766.25,2431047.00,1220986,1212492,665.33,684.32,1349.65,685,666,0.00,0.00,0,0
1544355359,1003-eth2,0.00,0.00,0.00,0,0,0.00,0.00,0.00,0,0,0.00,0.00,0,0
1544355359,3008-eth1,0.00,59.94,59.94,60,0,0.00,1.00,1.00,1,0,0.00,0.00,0,0
1544355359,1002-eth3,0.00,0.00,0.00,0,0,0.00,0.00,0.00,0,0,0.00,0.00,0,0
1544355359,2006-eth1,0.00,0.00,0.00,0,0,0.00,0.00,0.00,0,0,0.00,0.00,0,0
1544355359,3003-eth1,347396.62,1221118.88,1568515.50,1222340,347744,507.49,529.47,1036.96,530,508,0.00,0.00,0,0
1544355359,2001-eth3,0.00,0.00,0.00,0,0,0.00,0.00,0.00,0,0,0.00,0.00,0,0
1544355359,2008-eth2,0.00,59.94,59.94,60,0,0.00,1.00,1.00,1,0,0.00,0.00,0,0
1544355359,2008-eth3,0.00,0.00,0.00,0,0,0.00,0.00,0.00,0,0,0.00,0.00,0,0
1544355359,1001-eth3,0.00,59.94,59.94,60,0,0.00,1.00,1.00,1,0,0.00,0.00,0,0
1544355359,2007-eth4,59.94,0.00,59.94,0,60,1.00,0.00,1.00,0,1,0.00,0.00,0,0
1544355359,2004-eth2,0.00,59.94,59.94,60,0,0.00,1.00,1.00,1,0,0.00,0.00,0,0
1544355359,3002-eth1,7246.75,321220.78,328467.53,321542,7254,109.89,110.89,220.78,111,110,0.00,0.00,0,0
1544355359,3004-eth1,1219778.25,26175.82,1245954.12,26202,1220998,421.58,396.60,818.18,397,422,0.00,0.00,0,0
1544355359,2006-eth3,0.00,0.00,0.00,0,0,0.00,0.00,0.00,0,0,0.00,0.00,0,0
1544355359,3004-eth2,559582.44,9758.24,569340.69,9768,560142,193.81,147.85,341.66,148,194,0.00,0.00,0,0
1544355359,3001-eth3,1211346.62,1216609.38,2427956.00,1217826,1212558,666.33,680.32,1346.65,681,667,0.00,0.00,0,0
1544355359,2003-eth4,26175.82,1219778.25,1245954.12,1220998,26202,396.60,421.58,818.18,422,397,0.00,0.00,0,0
1544355359,2008-eth4,0.00,0.00,0.00,0,0,0.00,0.00,0.00,0,0,0.00,0.00,0,0
1544355359,3008-eth3,1206405.62,1220871.12,2427276.75,1222092,1207612,613.39,613.39,1226.77,614,614,0.00,0.00,0,0
1544355359,2005-eth2,0.00,0.00,0.00,0,0,0.00,0.00,0.00,0,0,0.00,0.00,0,0
1544355359,2006-eth4,0.00,59.94,59.94,60,0,0.00,1.00,1.00,1,0,0.00,0.00,0,0
1544355359,3006-eth2,59.94,0.00,59.94,0,60,1.00,0.00,1.00,0,1,0.00,0.00,0,0
1544355359,1003-eth4,0.00,0.00,0.00,0,0,0.00,0.00,0.00,0,0,0.00,0.00,0,0
1544355359,2006-eth2,0.00,59.94,59.94,60,0,0.00,1.00,1.00,1,0,0.00,0.00,0,0
1544355359,3001-eth1,0.00,0.00,0.00,0,0,0.00,0.00,0.00,0,0,0.00,0.00,0,0
1544355359,3008-eth2,0.00,0.00,0.00,0,0,0.00,0.00,0.00,0,0,0.00,0.00,0,0
1544355359,2004-eth3,559522.50,9758.24,569280.75,9768,560082,192.81,147.85,340.66,148,193,0.00,0.00,0,0
1544355359,3001-eth4,1219502.50,1211280.75,2430783.25,1212492,1220722,680.32,665.33,1345.65,666,681,0.00,0.00,0,0
1544355359,1003-eth1,0.00,0.00,0.00,0,0,0.00,0.00,0.00,0,0,0.00,0.00,0,0
1544355359,3002-eth2,0.00,0.00,0.00,0,0,0.00,0.00,0.00,0,0,0.00,0.00,0,0
1544355359,2005-eth4,59.94,59.94,119.88,60,60,1.00,1.00,2.00,1,1,0.00,0.00,0,0
1544355359,3003-eth2,9758.24,559522.50,569280.75,560082,9768,147.85,192.81,340.66,193,148,0.00,0.00,0,0
1544355359,2007-eth1,0.00,0.00,0.00,0,0,0.00,0.00,0.00,0,0,0.00,0.00,0,0
1544355359,1002-eth4,0.00,0.00,0.00,0,0,0.00,0.00,0.00,0,0,0.00,0.00,0,0
1544355359,3002-eth4,1211938.12,923029.00,2134967.00,923952,1213150,697.30,703.30,1400.60,704,698,0.00,0.00,0,0
1544355359,2007-eth3,0.00,0.00,0.00,0,0,0.00,0.00,0.00,0,0,0.00,0.00,0,0
1544355359,3005-eth1,0.00,59.94,59.94,60,0,0.00,1.00,1.00,1,0,0.00,0.00,0,0
1544355359,2001-eth4,321220.78,7246.75,328467.53,7254,321542,110.89,109.89,220.78,110,111,0.00,0.00,0,0
1544355359,3003-eth4,1223616.38,347726.28,1571342.75,348074,1224840,523.48,512.49,1035.96,513,524,0.00,0.00,0,0
1544355359,2004-eth1,0.00,0.00,0.00,0,0,0.00,0.00,0.00,0,0,0.00,0.00,0,0
1544355359,3006-eth4,1203878.12,1211376.62,2415254.75,1212588,1205082,487.51,469.53,957.04,470,488,0.00,0.00,0,0
1544355359,3007-eth1,0.00,0.00,0.00,0,0,0.00,0.00,0.00,0,0,0.00,0.00,0,0
1544355359,2008-eth1,0.00,0.00,0.00,0,0,0.00,0.00,0.00,0,0,0.00,0.00,0,0
1544355359,2002-eth2,0.00,59.94,59.94,60,0,0.00,1.00,1.00,1,0,0.00,0.00,0,0
1544355359,2003-eth1,321220.78,7186.81,328407.59,7194,321542,110.89,108.89,219.78,109,111,0.00,0.00,0,0
1544355359,3008-eth4,1220937.12,1212125.88,2433063.00,1213338,1222158,614.39,612.39,1226.77,613,615,0.00,0.00,0,0
1544355359,1004-eth4,59.94,0.00,59.94,0,60,1.00,0.00,1.00,0,1,0.00,0.00,0,0
1544355359,3006-eth1,59.94,59.94,119.88,60,60,1.00,1.00,2.00,1,1,0.00,0.00,0,0
1544355359,1004-eth3,59.94,0.00,59.94,0,60,1.00,0.00,1.00,0,1,0.00,0.00,0,0
1544355359,1002-eth2,0.00,0.00,0.00,0,0,0.00,0.00,0.00,0,0,0.00,0.00,0,0
1544355359,3004-eth3,11776.22,561480.56,573256.75,562042,11788,168.83,212.79,381.62,213,169,0.00,0.00,0,0
1544355359,2003-eth3,1221118.88,347396.62,1568515.50,347744,1222340,529.47,507.49,1036.96,508,530,0.00,0.00,0,0
1544355359,2005-eth1,59.94,0.00,59.94,0,60,1.00,0.00,1.00,0,1,0.00,0.00,0,0
1544355359,3002-eth3,1218735.25,1219130.88,2437866.25,1220350,1219954,800.20,806.19,1606.39,807,801,0.00,0.00,0,0
1544355359,3006-eth3,1211436.62,1203884.12,2415320.75,1205088,1212648,470.53,487.51,958.04,488,471,0.00,0.00,0,0
1544355359,2001-eth1,7186.81,321220.78,328407.59,321542,7194,108.89,110.89,219.78,111,109,0.00,0.00,0,0
1544355359,3005-eth2,0.00,0.00,0.00,0,0,0.00,0.00,0.00,0,0,0.00,0.00,0,0
1544355359,2001-eth2,0.00,0.00,0.00,0,0,0.00,0.00,0.00,0,0,0.00,0.00,0,0
1544355359,3007-eth2,0.00,0.00,0.00,0,0,0.00,0.00,0.00,0,0,0.00,0.00,0,0
1544355359,1001-eth1,321220.78,7186.81,328407.59,7194,321542,110.89,108.89,219.78,109,111,0.00,0.00,0,0
1544355359,3007-eth4,1211338.75,1221530.50,2432869.25,1222752,1212550,622.38,623.38,1245.75,624,623,0.00,0.00,0,0
1544355359,2003-eth2,0.00,0.00,0.00,0,0,0.00,0.00,0.00,0,0,0.00,0.00,0,0
1544355359,3007-eth3,1215612.38,1208313.75,2423926.25,1209522,1216828,621.38,620.38,1241.76,621,622,0.00,0.00,0,0
1544355359,1002-eth1,0.00,0.00,0.00,0,0,0.00,0.00,0.00,0,0,0.00,0.00,0,0
1544355359,2002-eth3,0.00,59.94,59.94,60,0,0.00,1.00,1.00,1,0,0.00,0.00,0,0
1544355359,2007-eth2,0.00,0.00,0.00,0,0,0.00,0.00,0.00,0,0,0.00,0.00,0,0
1544355359,total,21990320.00,22187556.00,44177876.00,22209742,22012310,12676.32,12749.25,25425.58,12762,12689,0.00,0.00,0,0
1544355360,3003-eth3,1221142.88,825578.44,2046721.38,826404,1222364,661.34,673.33,1334.67,674,662,0.00,0.00,0,0
1544355360,2002-eth1,0.00,0.00,0.00,0,0,0.00,0.00,0.00,0,0,0.00,0.00,0,0
1544355360,lo,98583.42,98583.42,197166.84,98682,98682,283.72,283.72,567.43,284,284,0.00,0.00,0,0
1544355360,3005-eth3,1219760.25,1211346.62,2431107.00,1212558,1220980,684.32,666.33,1350.65,667,685,0.00,0.00,0,0
1544355360,2005-eth3,0.00,59.94,59.94,60,0,0.00,1.00,1.00,1,0,0.00,0.00,0,0
1544355360,3004-eth4,28265.73,1218717.38,1246983.00,1219936,28294,418.58,439.56,858.14,440,419,0.00,0.00,0,0
1544355360,1004-eth2,0.00,0.00,0.00,0,0,0.00,0.00,0.00,0,0,0.00,0.00,0,0
1544355360,2004-eth4,10351.65,632051.94,642403.62,632684,10362,156.84,217.78,374.63,218,157,0.00,0.00,0,0
1544355360,1001-eth2,6989.01,315302.72,322291.72,315618,6996,105.89,108.89,214.79,109,106,0.00,0.00,0,0
1544355360,1003-eth3,0.00,59.94,59.94,60,0,0.00,1.00,1.00,1,0,0.00,0.00,0,0
1544355360,2002-eth4,0.00,0.00,0.00,0,0,0.00,0.00,0.00,0,0,0.00,0.00,0,0
1544355360,1001-eth4,0.00,0.00,0.00,0,0,0.00,0.00,0.00,0,0,0.00,0.00,0,0
1544355360,3001-eth2,0.00,0.00,0.00,0,0,0.00,0.00,0.00,0,0,0.00,0.00,0,0
1544355360,1004-eth1,0.00,0.00,0.00,0,0,0.00,0.00,0.00,0,0,0.00,0.00,0,0
1544355360,3005-eth4,1211340.75,1222593.50,2433934.25,1223816,1212552,666.33,683.32,1349.65,684,667,0.00,0.00,0,0
1544355360,1003-eth2,0.00,0.00,0.00,0,0,0.00,0.00,0.00,0,0,0.00,0.00,0,0
1544355360,3008-eth1,59.94,0.00,59.94,0,60,1.00,0.00,1.00,0,1,0.00,0.00,0,0
1544355360,1002-eth3,59.94,59.94,119.88,60,60,1.00,1.00,2.00,1,1,0.00,0.00,0,0
1544355360,2006-eth1,59.94,0.00,59.94,0,60,1.00,0.00,1.00,0,1,0.00,0.00,0,0
1544355360,3003-eth1,341610.41,1220789.25,1562399.62,1222010,341952,507.49,524.48,1031.97,525,508,0.00,0.00,0,0
1544355360,2001-eth3,0.00,0.00,0.00,0,0,0.00,0.00,0.00,0,0,0.00,0.00,0,0
1544355360,2008-eth2,0.00,0.00,0.00,0,0,0.00,0.00,0.00,0,0,0.00,0.00,0,0
1544355360,2008-eth3,0.00,59.94,59.94,60,0,0.00,1.00,1.00,1,0,0.00,0.00,0,0
1544355360,1001-eth3,0.00,0.00,0.00,0,0,0.00,0.00,0.00,0,0,0.00,0.00,0,0
1544355360,2007-eth4,0.00,59.94,59.94,60,0,0.00,1.00,1.00,1,0,0.00,0.00,0,0
1544355360,2004-eth2,0.00,0.00,0.00,0,0,0.00,0.00,0.00,0,0,0.00,0.00,0,0
1544355360,3002-eth1,6989.01,315302.72,322291.72,315618,6996,105.89,108.89,214.79,109,106,0.00,0.00,0,0
1544355360,3004-eth1,1216759.25,26307.69,1243067.00,26334,1217976,419.58,398.60,818.18,399,420,0.00,0.00,0,0
1544355360,2006-eth3,59.94,59.94,119.88,60,60,1.00,1.00,2.00,1,1,0.00,0.00,0,0
1544355360,3004-eth2,632051.94,10351.65,642403.62,10362,632684,217.78,156.84,374.63,157,218,0.00,0.00,0,0
1544355360,3001-eth3,1211274.75,1219568.50,2430843.25,1220788,1212486,665.33,681.32,1346.65,682,666,0.00,0.00,0,0
1544355360,2003-eth4,26307.69,1216759.25,1243067.00,1217976,26334,398.60,419.58,818.18,420,399,0.00,0.00,0,0
1544355360,2008-eth4,0.00,0.00,0.00,0,0,0.00,0.00,0.00,0,0,0.00,0.00,0,0
1544355360,3008-eth3,1212060.00,1215019.00,2427079.00,1216234,1213272,611.39,612.39,1223.78,613,612,0.00,0.00,0,0
1544355360,2005-eth2,59.94,59.94,119.88,60,60,1.00,1.00,2.00,1,1,0.00,0.00,0,0
1544355360,2006-eth4,59.94,0.00,59.94,0,60,1.00,0.00,1.00,0,1,0.00,0.00,0,0
1544355360,3006-eth2,0.00,59.94,59.94,60,0,0.00,1.00,1.00,1,0,0.00,0.00,0,0
1544355360,1003-eth4,0.00,0.00,0.00,0,0,0.00,0.00,0.00,0,0,0.00,0.00,0,0
1544355360,2006-eth2,59.94,0.00,59.94,0,60,1.00,0.00,1.00,0,1,0.00,0.00,0,0
1544355360,3001-eth1,0.00,0.00,0.00,0,0,0.00,0.00,0.00,0,0,0.00,0.00,0,0
1544355360,3008-eth2,0.00,0.00,0.00,0,0,0.00,0.00,0.00,0,0,0.00,0.00,0,0
1544355360,2004-eth3,632051.94,10351.65,642403.62,10362,632684,217.78,156.84,374.63,157,218,0.00,0.00,0,0
1544355360,3001-eth4,1219694.38,1211280.75,2430975.00,1212492,1220914,683.32,665.33,1348.65,666,684,0.00,0.00,0,0
1544355360,1003-eth1,0.00,0.00,0.00,0,0,0.00,0.00,0.00,0,0,0.00,0.00,0,0
1544355360,3002-eth2,0.00,0.00,0.00,0,0,0.00,0.00,0.00,0,0,0.00,0.00,0,0
1544355360,2005-eth4,0.00,0.00,0.00,0,0,0.00,0.00,0.00,0,0,0.00,0.00,0,0
1544355360,3003-eth2,10351.65,632051.94,642403.62,632684,10362,156.84,217.78,374.63,218,157,0.00,0.00,0,0
1544355360,2007-eth1,0.00,0.00,0.00,0,0,0.00,0.00,0.00,0,0,0.00,0.00,0,0
1544355360,1002-eth4,0.00,59.94,59.94,60,0,0.00,1.00,1.00,1,0,0.00,0.00,0,0
1544355360,3002-eth4,1215100.88,951238.81,2166339.75,952190,1216316,701.30,714.29,1415.58,715,702,0.00,0.00,0,0
1544355360,2007-eth3,59.94,59.94,119.88,60,60,1.00,1.00,2.00,1,1,0.00,0.00,0,0
1544355360,3005-eth1,59.94,0.00,59.94,0,60,1.00,0.00,1.00,0,1,0.00,0.00,0,0
1544355360,2001-eth4,315302.72,6989.01,322291.72,6996,315618,108.89,105.89,214.79,106,109,0.00,0.00,0,0
1544355360,3003-eth4,1217500.50,341676.34,1559176.88,342018,1218718,518.48,508.49,1026.97,509,519,0.00,0.00,0,0
1544355360,2004-eth1,0.00,0.00,0.00,0,0,0.00,0.00,0.00,0,0,0.00,0.00,0,0
1544355360,3006-eth4,1209736.25,1211442.62,2421179.00,1212654,1210946,488.51,470.53,959.04,471,489,0.00,0.00,0,0
1544355360,3007-eth1,59.94,59.94,119.88,60,60,1.00,1.00,2.00,1,1,0.00,0.00,0,0
1544355360,2008-eth1,0.00,0.00,0.00,0,0,0.00,0.00,0.00,0,0,0.00,0.00,0,0
1544355360,2002-eth2,0.00,0.00,0.00,0,0,0.00,0.00,0.00,0,0,0.00,0.00,0,0
1544355360,2003-eth1,315302.72,6989.01,322291.72,6996,315618,108.89,105.89,214.79,106,109,0.00,0.00,0,0
1544355360,3008-eth4,1217978.00,1206273.75,2424251.75,1207480,1219196,613.39,611.39,1224.78,612,614,0.00,0.00,0,0
1544355360,1004-eth4,0.00,0.00,0.00,0,0,0.00,0.00,0.00,0,0,0.00,0.00,0,0
1544355360,3006-eth1,0.00,0.00,0.00,0,0,0.00,0.00,0.00,0,0,0.00,0.00,0,0
1544355360,1004-eth3,0.00,59.94,59.94,60,0,0.00,1.00,1.00,1,0,0.00,0.00,0,0
1544355360,1002-eth2,0.00,0.00,0.00,0,0,0.00,0.00,0.00,0,0,0.00,0.00,0,0
1544355360,3004-eth3,12309.69,634010.00,646319.69,634644,12322,176.82,237.76,414.59,238,177,0.00,0.00,0,0
1544355360,2003-eth3,1220789.25,341610.41,1562399.62,341952,1222010,524.48,507.49,1031.97,508,525,0.00,0.00,0,0
1544355360,2005-eth1,0.00,0.00,0.00,0,0,0.00,0.00,0.00,0,0,0.00,0.00,0,0
1544355360,3002-eth3,1224515.50,1222090.00,2446605.50,1223312,1225740,800.20,807.19,1607.39,808,801,0.00,0.00,0,0
1544355360,3006-eth3,1211442.62,1209736.25,2421179.00,1210946,1212654,470.53,488.51,959.04,489,471,0.00,0.00,0,0
1544355360,2001-eth1,6989.01,315302.72,322291.72,315618,6996,105.89,108.89,214.79,109,106,0.00,0.00,0,0
1544355360,3005-eth2,59.94,59.94,119.88,60,60,1.00,1.00,2.00,1,1,0.00,0.00,0,0
1544355360,2001-eth2,0.00,0.00,0.00,0,0,0.00,0.00,0.00,0,0,0.00,0.00,0,0
1544355360,3007-eth2,59.94,0.00,59.94,0,60,1.00,0.00,1.00,0,1,0.00,0.00,0,0
1544355360,1001-eth1,315302.72,6989.01,322291.72,6996,315618,108.89,105.89,214.79,106,109,0.00,0.00,0,0
1544355360,3007-eth4,1207986.00,1219106.88,2427093.00,1220326,1209194,659.34,674.33,1333.67,675,660,0.00,0.00,0,0
1544355360,2003-eth2,0.00,0.00,0.00,0,0,0.00,0.00,0.00,0,0,0.00,0.00,0,0
1544355360,3007-eth3,1222125.88,1212529.50,2434655.50,1213742,1223348,676.32,662.34,1338.66,663,677,0.00,0.00,0,0
1544355360,1002-eth1,0.00,0.00,0.00,0,0,0.00,0.00,0.00,0,0,0.00,0.00,0,0
1544355360,2002-eth3,0.00,0.00,0.00,0,0,0.00,0.00,0.00,0,0,0.00,0.00,0,0
1544355360,2007-eth2,59.94,0.00,59.94,0,60,1.00,0.00,1.00,0,1,0.00,0.00,0,0
1544355360,total,22218746.00,22488720.00,44707464.00,22511208,22240964,13035.96,13136.86,26172.83,13150,13049,0.00,0.00,0,0
1544355361,3003-eth3,1223568.50,819726.31,2043294.75,820546,1224792,654.35,672.33,1326.67,673,655,0.00,0.00,0,0
1544355361,2002-eth1,59.94,0.00,59.94,0,60,1.00,0.00,1.00,0,1,0.00,0.00,0,0
1544355361,lo,2915.08,2915.08,5830.17,2918,2918,28.97,28.97,57.94,29,29,0.00,0.00,0,0
1544355361,3005-eth3,1222659.38,1211412.62,2434072.00,1212624,1223882,684.32,667.33,1351.65,668,685,0.00,0.00,0,0
1544355361,2005-eth3,0.00,0.00,0.00,0,0,0.00,0.00,0.00,0,0,0.00,0.00,0,0
1544355361,3004-eth4,28265.73,1223188.88,1251454.62,1224412,28294,418.58,441.56,860.14,442,419,0.00,0.00,0,0
1544355361,1004-eth2,0.00,0.00,0.00,0,0,0.00,0.00,0.00,0,0,0.00,0.00,0,0
1544355361,2004-eth4,11010.99,670585.44,681596.44,671256,11022,166.83,231.77,398.60,232,167,0.00,0.00,0,0
1544355361,1001-eth2,6593.41,310831.19,317424.59,311142,6600,99.90,106.89,206.79,107,100,0.00,0.00,0,0
1544355361,1003-eth3,0.00,0.00,0.00,0,0,0.00,0.00,0.00,0,0,0.00,0.00,0,0
1544355361,2002-eth4,0.00,0.00,0.00,0,0,0.00,0.00,0.00,0,0,0.00,0.00,0,0
1544355361,1001-eth4,0.00,0.00,0.00,0,0,0.00,0.00,0.00,0,0,0.00,0.00,0,0
1544355361,3001-eth2,0.00,0.00,0.00,0,0,0.00,0.00,0.00,0,0,0.00,0.00,0,0
1544355361,1004-eth1,0.00,0.00,0.00,0,0,0.00,0.00,0.00,0,0,0.00,0.00,0,0
1544355361,3005-eth4,1211346.62,1222725.25,2434072.00,1223948,1212558,666.33,685.31,1351.65,686,667,0.00,0.00,0,0
1544355361,1003-eth2,0.00,59.94,59.94,60,0,0.00,1.00,1.00,1,0,0.00,0.00,0,0
1544355361,3008-eth1,0.00,0.00,0.00,0,0,0.00,0.00,0.00,0,0,0.00,0.00,0,0
1544355361,1002-eth3,0.00,0.00,0.00,0,0,0.00,0.00,0.00,0,0,0.00,0.00,0,0
1544355361,2006-eth1,0.00,0.00,0.00,0,0,0.00,0.00,0.00,0,0,0.00,0.00,0,0
1544355361,3003-eth1,337198.81,1223418.62,1560617.38,1224642,337536,506.49,520.48,1026.97,521,507,0.00,0.00,0,0
1544355361,2001-eth3,0.00,0.00,0.00,0,0,0.00,0.00,0.00,0,0,0.00,0.00,0,0
1544355361,2008-eth2,0.00,0.00,0.00,0,0,0.00,0.00,0.00,0,0,0.00,0.00,0,0
1544355361,2008-eth3,0.00,0.00,0.00,0,0,0.00,0.00,0.00,0,0,0.00,0.00,0,0
1544355361,1001-eth3,0.00,0.00,0.00,0,0,0.00,0.00,0.00,0,0,0.00,0.00,0,0
1544355361,2007-eth4,0.00,0.00,0.00,0,0,0.00,0.00,0.00,0,0,0.00,0.00,0,0
1544355361,2004-eth2,0.00,0.00,0.00,0,0,0.00,0.00,0.00,0,0,0.00,0.00,0,0
1544355361,3002-eth1,6593.41,310831.19,317424.59,311142,6600,99.90,106.89,206.79,107,100,0.00,0.00,0,0
1544355361,3004-eth1,1221230.75,26307.69,1247538.50,26334,1222452,421.58,398.60,820.18,399,422,0.00,0.00,0,0
1544355361,2006-eth3,0.00,0.00,0.00,0,0,0.00,0.00,0.00,0,0,0.00,0.00,0,0
1544355361,3004-eth2,670585.44,11010.99,681596.44,11022,671256,231.77,166.83,398.60,167,232,0.00,0.00,0,0
1544355361,3001-eth3,1211346.62,1224171.88,2435518.50,1225396,1212558,666.33,685.31,1351.65,686,667,0.00,0.00,0,0
1544355361,2003-eth4,26307.69,1221230.75,1247538.50,1222452,26334,398.60,421.58,820.18,422,399,0.00,0.00,0,0
1544355361,2008-eth4,0.00,59.94,59.94,60,0,0.00,1.00,1.00,1,0,0.00,0.00,0,0
1544355361,3008-eth3,1212449.62,1223896.12,2436345.75,1225120,1213662,617.38,615.38,1232.77,616,618,0.00,0.00,0,0
1544355361,2005-eth2,0.00,0.00,0.00,0,0,0.00,0.00,0.00,0,0,0.00,0.00,0,0
1544355361,2006-eth4,0.00,0.00,0.00,0,0,0.00,0.00,0.00,0,0,0.00,0.00,0,0
1544355361,3006-eth2,0.00,0.00,0.00,0,0,0.00,0.00,0.00,0,0,0.00,0.00,0,0
1544355361,1003-eth4,0.00,0.00,0.00,0,0,0.00,0.00,0.00,0,0,0.00,0.00,0,0
1544355361,2006-eth2,0.00,0.00,0.00,0,0,0.00,0.00,0.00,0,0,0.00,0.00,0,0
1544355361,3001-eth1,0.00,0.00,0.00,0,0,0.00,0.00,0.00,0,0,0.00,0.00,0,0
1544355361,3008-eth2,59.94,0.00,59.94,0,60,1.00,0.00,1.00,0,1,0.00,0.00,0,0
1544355361,2004-eth3,670585.44,11070.93,681656.38,11082,671256,231.77,167.83,399.60,168,232,0.00,0.00,0,0
1544355361,3001-eth4,1224171.88,1215752.25,2439924.25,1216968,1225396,685.31,667.33,1352.65,668,686,0.00,0.00,0,0
1544355361,1003-eth1,0.00,59.94,59.94,60,0,0.00,1.00,1.00,1,0,0.00,0.00,0,0
1544355361,3002-eth2,0.00,0.00,0.00,0,0,0.00,0.00,0.00,0,0,0.00,0.00,0,0
1544355361,2005-eth4,0.00,0.00,0.00,0,0,0.00,0.00,0.00,0,0,0.00,0.00,0,0
1544355361,3003-eth2,11070.93,670585.44,681656.38,671256,11082,167.83,231.77,399.60,232,168,0.00,0.00,0,0
1544355361,2007-eth1,0.00,0.00,0.00,0,0,0.00,0.00,0.00,0,0,0.00,0.00,0,0
1544355361,1002-eth4,0.00,0.00,0.00,0,0,0.00,0.00,0.00,0,0,0.00,0.00,0,0
1544355361,3002-eth4,1218587.50,995624.38,2214211.75,996620,1219806,710.29,729.27,1439.56,730,711,0.00,0.00,0,0
1544355361,2007-eth3,0.00,0.00,0.00,0,0,0.00,0.00,0.00,0,0,0.00,0.00,0,0
1544355361,3005-eth1,0.00,0.00,0.00,0,0,0.00,0.00,0.00,0,0,0.00,0.00,0,0
1544355361,2001-eth4,310831.19,6593.41,317424.59,6600,311142,106.89,99.90,206.79,100,107,0.00,0.00,0,0
1544355361,3003-eth4,1224733.25,337336.69,1562070.00,337674,1225958,518.48,508.49,1026.97,509,519,0.00,0.00,0,0
1544355361,2004-eth1,59.94,0.00,59.94,0,60,1.00,0.00,1.00,0,1,0.00,0.00,0,0
1544355361,3006-eth4,1209802.25,1215914.12,2425716.25,1217130,1211012,489.51,472.53,962.04,473,490,0.00,0.00,0,0
1544355361,3007-eth1,0.00,0.00,0.00,0,0,0.00,0.00,0.00,0,0,0.00,0.00,0,0
1544355361,2008-eth1,0.00,0.00,0.00,0,0,0.00,0.00,0.00,0,0,0.00,0.00,0,0
1544355361,2002-eth2,0.00,0.00,0.00,0,0,0.00,0.00,0.00,0,0,0.00,0.00,0,0
1544355361,2003-eth1,310831.19,6593.41,317424.59,6600,311142,106.89,99.90,206.79,100,107,0.00,0.00,0,0
1544355361,3008-eth4,1223956.12,1212389.62,2436345.75,1213602,1225180,616.38,616.38,1232.77,617,617,0.00,0.00,0,0
1544355361,1004-eth4,0.00,0.00,0.00,0,0,0.00,0.00,0.00,0,0,0.00,0.00,0,0
1544355361,3006-eth1,0.00,0.00,0.00,0,0,0.00,0.00,0.00,0,0,0.00,0.00,0,0
1544355361,1004-eth3,0.00,0.00,0.00,0,0,0.00,0.00,0.00,0,0,0.00,0.00,0,0
1544355361,1002-eth2,0.00,0.00,0.00,0,0,0.00,0.00,0.00,0,0,0.00,0.00,0,0
1544355361,3004-eth3,12969.03,675502.50,688471.56,676178,12982,186.81,252.75,439.56,253,187,0.00,0.00,0,0
1544355361,2003-eth3,1223418.62,337198.81,1560617.38,337536,1224642,520.48,506.49,1026.97,507,521,0.00,0.00,0,0
1544355361,2005-eth1,0.00,0.00,0.00,0,0,0.00,0.00,0.00,0,0,0.00,0.00,0,0
1544355361,3002-eth3,1221035.00,1225114.88,2446150.00,1226340,1222256,791.21,809.19,1600.40,810,792,0.00,0.00,0,0
1544355361,3006-eth3,1215848.12,1209736.25,2425584.50,1210946,1217064,471.53,488.51,960.04,489,472,0.00,0.00,0,0
1544355361,2001-eth1,6593.41,310831.19,317424.59,311142,6600,99.90,106.89,206.79,107,100,0.00,0.00,0,0
1544355361,3005-eth2,0.00,0.00,0.00,0,0,0.00,0.00,0.00,0,0,0.00,0.00,0,0
1544355361,2001-eth2,0.00,0.00,0.00,0,0,0.00,0.00,0.00,0,0,0.00,0.00,0,0
1544355361,3007-eth2,0.00,0.00,0.00,0,0,0.00,0.00,0.00,0,0,0.00,0.00,0,0
1544355361,1001-eth1,310831.19,6593.41,317424.59,6600,311142,106.89,99.90,206.79,100,107,0.00,0.00,0,0
1544355361,3007-eth4,1211346.62,1222725.25,2434072.00,1223948,1212558,666.33,685.31,1351.65,686,667,0.00,0.00,0,0
1544355361,2003-eth2,0.00,0.00,0.00,0,0,0.00,0.00,0.00,0,0,0.00,0.00,0,0
1544355361,3007-eth3,1222659.38,1211346.62,2434006.00,1212558,1223882,684.32,666.33,1350.65,667,685,0.00,0.00,0,0
1544355361,1002-eth1,0.00,0.00,0.00,0,0,0.00,0.00,0.00,0,0,0.00,0.00,0,0
1544355361,2002-eth3,0.00,0.00,0.00,0,0,0.00,0.00,0.00,0,0,0.00,0.00,0,0
1544355361,2007-eth2,0.00,0.00,0.00,0,0,0.00,0.00,0.00,0,0,0.00,0.00,0,0
1544355361,total,22221524.00,22573342.00,44794864.00,22595914,22243744,12825.18,12961.04,25786.21,12974,12838,0.00,0.00,0,0
1544355362,3003-eth3,1220507.50,638969.06,1859476.62,639608,1221728,643.36,651.35,1294.71,652,644,0.00,0.00,0,0
1544355362,2002-eth1,0.00,0.00,0.00,0,0,0.00,0.00,0.00,0,0,0.00,0.00,0,0
1544355362,lo,0.00,0.00,0.00,0,0,0.00,0.00,0.00,0,0,0.00,0.00,0,0
1544355362,3005-eth3,1222725.25,1215686.38,2438411.75,1216902,1223948,685.31,666.33,1351.65,667,686,0.00,0.00,0,0
1544355362,2005-eth3,0.00,0.00,0.00,0,0,0.00,0.00,0.00,0,0,0.00,0.00,0,0
1544355362,3004-eth4,28199.80,1221676.38,1249876.12,1222898,28228,417.58,440.56,858.14,441,418,0.00,0.00,0,0
1544355362,1004-eth2,0.00,0.00,0.00,0,0,0.00,0.00,0.00,0,0,0.00,0.00,0,0
1544355362,2004-eth4,16605.39,390341.66,406947.06,390732,16622,182.82,193.81,376.62,194,183,0.00,0.00,0,0
1544355362,1001-eth2,6329.67,333056.94,339386.62,333390,6336,95.90,114.89,210.79,115,96,0.00,0.00,0,0
1544355362,1003-eth3,0.00,0.00,0.00,0,0,0.00,0.00,0.00,0,0,0.00,0.00,0,0
1544355362,2002-eth4,0.00,0.00,0.00,0,0,0.00,0.00,0.00,0,0,0.00,0.00,0,0
1544355362,1001-eth4,0.00,0.00,0.00,0,0,0.00,0.00,0.00,0,0,0.00,0.00,0,0
1544355362,3001-eth2,0.00,0.00,0.00,0,0,0.00,0.00,0.00,0,0,0.00,0.00,0,0
1544355362,1004-eth1,0.00,0.00,0.00,0,0,0.00,0.00,0.00,0,0,0.00,0.00,0,0
1544355362,3005-eth4,1215818.25,1221212.88,2437031.00,1222434,1217034,668.33,684.32,1352.65,685,669,0.00,0.00,0,0
1544355362,1003-eth2,0.00,0.00,0.00,0,0,0.00,0.00,0.00,0,0,0.00,0.00,0,0
1544355362,3008-eth1,0.00,0.00,0.00,0,0,0.00,0.00,0.00,0,0,0.00,0.00,0,0
1544355362,1002-eth3,0.00,0.00,0.00,0,0,0.00,0.00,0.00,0,0,0.00,0.00,0,0
1544355362,2006-eth1,0.00,0.00,0.00,0,0,0.00,0.00,0.00,0,0,0.00,0.00,0,0
1544355362,3003-eth1,359298.72,1221642.38,1580941.12,1222864,359658,512.49,515.48,1027.97,516,513,0.00,0.00,0,0
1544355362,2001-eth3,0.00,0.00,0.00,0,0,0.00,0.00,0.00,0,0,0.00,0.00,0,0
1544355362,2008-eth2,0.00,0.00,0.00,0,0,0.00,0.00,0.00,0,0,0.00,0.00,0,0
1544355362,2008-eth3,0.00,0.00,0.00,0,0,0.00,0.00,0.00,0,0,0.00,0.00,0,0
1544355362,1001-eth3,0.00,0.00,0.00,0,0,0.00,0.00,0.00,0,0,0.00,0.00,0,0
1544355362,2007-eth4,0.00,0.00,0.00,0,0,0.00,0.00,0.00,0,0,0.00,0.00,0,0
1544355362,2004-eth2,0.00,0.00,0.00,0,0,0.00,0.00,0.00,0,0,0.00,0.00,0,0
1544355362,3002-eth1,6329.67,333056.94,339386.62,333390,6336,95.90,114.89,210.79,115,96,0.00,0.00,0,0
1544355362,3004-eth1,1219718.38,26241.76,1245960.12,26268,1220938,420.58,397.60,818.18,398,421,0.00,0.00,0,0
1544355362,2006-eth3,0.00,0.00,0.00,0,0,0.00,0.00,0.00,0,0,0.00,0.00,0,0
1544355362,3004-eth2,390341.66,16605.39,406947.06,16622,390732,193.81,182.82,376.62,183,194,0.00,0.00,0,0
1544355362,3001-eth3,1215752.25,1222725.25,2438477.50,1223948,1216968,667.33,685.31,1352.65,686,668,0.00,0.00,0,0
1544355362,2003-eth4,26241.76,1219718.38,1245960.12,1220938,26268,397.60,420.58,818.18,421,398,0.00,0.00,0,0
1544355362,2008-eth4,0.00,0.00,0.00,0,0,0.00,0.00,0.00,0,0,0.00,0.00,0,0
1544355362,3008-eth3,1212257.75,1220871.12,2433129.00,1222092,1213470,614.39,613.39,1227.77,614,615,0.00,0.00,0,0
1544355362,2005-eth2,0.00,0.00,0.00,0,0,0.00,0.00,0.00,0,0,0.00,0.00,0,0
1544355362,2006-eth4,0.00,0.00,0.00,0,0,0.00,0.00,0.00,0,0,0.00,0.00,0,0
1544355362,3006-eth2,0.00,0.00,0.00,0,0,0.00,0.00,0.00,0,0,0.00,0.00,0,0
1544355362,1003-eth4,0.00,0.00,0.00,0,0,0.00,0.00,0.00,0,0,0.00,0.00,0,0
1544355362,2006-eth2,0.00,0.00,0.00,0,0,0.00,0.00,0.00,0,0,0.00,0.00,0,0
1544355362,3001-eth1,0.00,0.00,0.00,0,0,0.00,0.00,0.00,0,0,0.00,0.00,0,0
1544355362,3008-eth2,0.00,0.00,0.00,0,0,0.00,0.00,0.00,0,0,0.00,0.00,0,0
1544355362,2004-eth3,390341.66,16605.39,406947.06,16622,390732,193.81,182.82,376.62,183,194,0.00,0.00,0,0
1544355362,3001-eth4,1222725.25,1215818.25,2438543.50,1217034,1223948,685.31,668.33,1353.65,669,686,0.00,0.00,0,0
1544355362,1003-eth1,0.00,0.00,0.00,0,0,0.00,0.00,0.00,0,0,0.00,0.00,0,0
1544355362,3002-eth2,0.00,0.00,0.00,0,0,0.00,0.00,0.00,0,0,0.00,0.00,0,0
1544355362,2005-eth4,0.00,0.00,0.00,0,0,0.00,0.00,0.00,0,0,0.00,0.00,0,0
1544355362,3003-eth2,16605.39,390341.66,406947.06,390732,16622,182.82,193.81,376.62,194,183,0.00,0.00,0,0
1544355362,2007-eth1,0.00,0.00,0.00,0,0,0.00,0.00,0.00,0,0,0.00,0.00,0,0
1544355362,1002-eth4,0.00,0.00,0.00,0,0,0.00,0.00,0.00,0,0,0.00,0.00,0,0
1544355362,3002-eth4,1212735.25,1019296.75,2232032.00,1020316,1213948,709.29,737.26,1446.55,738,710,0.00,0.00,0,0
1544355362,2007-eth3,0.00,0.00,0.00,0,0,0.00,0.00,0.00,0,0,0.00,0.00,0,0
1544355362,3005-eth1,0.00,0.00,0.00,0,0,0.00,0.00,0.00,0,0,0.00,0.00,0,0
1544355362,2001-eth4,333056.94,6329.67,339386.62,6336,333390,114.89,95.90,210.79,96,115,0.00,0.00,0,0
1544355362,3003-eth4,1221510.50,371388.62,1592899.12,371760,1222732,513.49,531.47,1044.96,532,514,0.00,0.00,0,0
1544355362,2004-eth1,0.00,0.00,0.00,0,0,0.00,0.00,0.00,0,0,0.00,0.00,0,0
1544355362,3006-eth4,1209736.25,1211442.62,2421179.00,1212654,1210946,488.51,470.53,959.04,471,489,0.00,0.00,0,0
1544355362,3007-eth1,0.00,0.00,0.00,0,0,0.00,0.00,0.00,0,0,0.00,0.00,0,0
1544355362,2008-eth1,0.00,0.00,0.00,0,0,0.00,0.00,0.00,0,0,0.00,0.00,0,0
1544355362,2002-eth2,0.00,0.00,0.00,0,0,0.00,0.00,0.00,0,0,0.00,0.00,0,0
1544355362,2003-eth1,333056.94,6329.67,339386.62,6336,333390,114.89,95.90,210.79,96,115,0.00,0.00,0,0
1544355362,3008-eth4,1220871.12,1212257.75,2433129.00,1213470,1222092,613.39,614.39,1227.77,615,614,0.00,0.00,0,0
1544355362,1004-eth4,0.00,0.00,0.00,0,0,0.00,0.00,0.00,0,0,0.00,0.00,0,0
1544355362,3006-eth1,0.00,0.00,0.00,0,0,0.00,0.00,0.00,0,0,0.00,0.00,0,0
1544355362,1004-eth3,0.00,0.00,0.00,0,0,0.00,0.00,0.00,0,0,0.00,0.00,0,0
1544355362,1002-eth2,0.00,0.00,0.00,0,0,0.00,0.00,0.00,0,0,0.00,0.00,0,0
1544355362,3004-eth3,18563.44,389340.66,407904.09,389730,18582,202.80,212.79,415.58,213,203,0.00,0.00,0,0
1544355362,2003-eth3,1221642.38,359298.72,1580941.12,359658,1222864,515.48,512.49,1027.97,513,516,0.00,0.00,0,0
1544355362,2005-eth1,0.00,0.00,0.00,0,0,0.00,0.00,0.00,0,0,0.00,0.00,0,0
1544355362,3002-eth3,1223598.38,1219130.88,2442729.25,1220350,1224822,786.21,806.19,1592.41,807,787,0.00,0.00,0,0
1544355362,3006-eth3,1211442.62,1209802.25,2421244.75,1211012,1212654,470.53,489.51,960.04,490,471,0.00,0.00,0,0
1544355362,2001-eth1,6329.67,333056.94,339386.62,333390,6336,95.90,114.89,210.79,115,96,0.00,0.00,0,0
1544355362,3005-eth2,0.00,0.00,0.00,0,0,0.00,0.00,0.00,0,0,0.00,0.00,0,0
1544355362,2001-eth2,0.00,0.00,0.00,0,0,0.00,0.00,0.00,0,0,0.00,0.00,0,0
1544355362,3007-eth2,0.00,0.00,0.00,0,0,0.00,0.00,0.00,0,0,0.00,0.00,0,0
1544355362,1001-eth1,333056.94,6329.67,339386.62,6336,333390,114.89,95.90,210.79,96,115,0.00,0.00,0,0
1544355362,3007-eth4,1215884.12,1220883.12,2436767.25,1222104,1217100,669.33,679.32,1348.65,680,670,0.00,0.00,0,0
1544355362,2003-eth2,0.00,0.00,0.00,0,0,0.00,0.00,0.00,0,0,0.00,0.00,0,0
1544355362,3007-eth3,1223908.12,1215884.12,2439792.25,1217100,1225132,681.32,669.33,1350.65,670,682,0.00,0.00,0,0
1544355362,1002-eth1,0.00,0.00,0.00,0,0,0.00,0.00,0.00,0,0,0.00,0.00,0,0
1544355362,2002-eth3,0.00,0.00,0.00,0,0,0.00,0.00,0.00,0,0,0.00,0.00,0,0
1544355362,2007-eth2,0.00,0.00,0.00,0,0,0.00,0.00,0.00,0,0,0.00,0.00,0,0
1544355362,total,21755192.00,21685342.00,43440532.00,21707026,21776946,12748.25,12852.15,25600.40,12865,12761,0.00,0.00,0,0
1544355363,3003-eth3,1223844.25,503648.38,1727492.50,504152,1225068,647.35,639.36,1286.71,640,648,0.00,0.00,0,0
1544355363,2002-eth1,0.00,0.00,0.00,0,0,0.00,0.00,0.00,0,0,0.00,0.00,0,0
1544355363,lo,1038.96,1038.96,2077.92,1040,1040,15.98,15.98,31.97,16,16,0.00,0.00,0,0
1544355363,3005-eth3,1222659.38,1211280.75,2433940.25,1212492,1223882,684.32,665.33,1349.65,666,685,0.00,0.00,0,0
1544355363,2005-eth3,0.00,0.00,0.00,0,0,0.00,0.00,0.00,0,0,0.00,0.00,0,0
1544355363,3004-eth4,28067.93,1224635.38,1252703.38,1225860,28096,415.58,441.56,857.14,442,416,0.00,0.00,0,0
1544355363,1004-eth2,0.00,0.00,0.00,0,0,0.00,0.00,0.00,0,0,0.00,0.00,0,0
1544355363,2004-eth4,18217.78,486143.88,504361.66,486630,18236,193.81,198.80,392.61,199,194,0.00,0.00,0,0
1544355363,1001-eth2,6593.41,336016.00,342609.41,336352,6600,99.90,115.88,215.78,116,100,0.00,0.00,0,0
1544355363,1003-eth3,0.00,0.00,0.00,0,0,0.00,0.00,0.00,0,0,0.00,0.00,0,0
1544355363,2002-eth4,0.00,0.00,0.00,0,0,0.00,0.00,0.00,0,0,0.00,0.00,0,0
1544355363,1001-eth4,0.00,0.00,0.00,0,0,0.00,0.00,0.00,0,0,0.00,0.00,0,0
1544355363,3001-eth2,0.00,0.00,0.00,0,0,0.00,0.00,0.00,0,0,0.00,0.00,0,0
1544355363,1004-eth1,0.00,0.00,0.00,0,0,0.00,0.00,0.00,0,0,0.00,0.00,0,0
1544355363,3005-eth4,1211280.75,1222659.38,2433940.25,1223882,1212492,665.33,684.32,1349.65,685,666,0.00,0.00,0,0
1544355363,1003-eth2,0.00,0.00,0.00,0,0,0.00,0.00,0.00,0,0,0.00,0.00,0,0
1544355363,3008-eth1,0.00,0.00,0.00,0,0,0.00,0.00,0.00,0,0,0.00,0.00,0,0
1544355363,1002-eth3,0.00,0.00,0.00,0,0,0.00,0.00,0.00,0,0,0.00,0.00,0,0
1544355363,2006-eth1,0.00,0.00,0.00,0,0,0.00,0.00,0.00,0,0,0.00,0.00,0,0
1544355363,3003-eth1,362125.88,1223286.75,1585412.62,1224510,362488,511.49,518.48,1029.97,519,512,0.00,0.00,0,0
1544355363,2001-eth3,0.00,0.00,0.00,0,0,0.00,0.00,0.00,0,0,0.00,0.00,0,0
1544355363,2008-eth2,0.00,0.00,0.00,0,0,0.00,0.00,0.00,0,0,0.00,0.00,0,0
1544355363,2008-eth3,0.00,0.00,0.00,0,0,0.00,0.00,0.00,0,0,0.00,0.00,0,0
1544355363,1001-eth3,0.00,0.00,0.00,0,0,0.00,0.00,0.00,0,0,0.00,0.00,0,0
1544355363,2007-eth4,0.00,0.00,0.00,0,0,0.00,0.00,0.00,0,0,0.00,0.00,0,0
1544355363,2004-eth2,0.00,0.00,0.00,0,0,0.00,0.00,0.00,0,0,0.00,0.00,0,0
1544355363,3002-eth1,6593.41,336016.00,342609.41,336352,6600,99.90,115.88,215.78,116,100,0.00,0.00,0,0
1544355363,3004-eth1,1222677.38,26109.89,1248787.25,26136,1223900,421.58,395.60,817.18,396,422,0.00,0.00,0,0
1544355363,2006-eth3,0.00,0.00,0.00,0,0,0.00,0.00,0.00,0,0,0.00,0.00,0,0
1544355363,3004-eth2,486143.88,18217.78,504361.66,18236,486630,198.80,193.81,392.61,194,199,0.00,0.00,0,0
1544355363,3001-eth3,1211280.75,1222659.38,2433940.25,1223882,1212492,665.33,684.32,1349.65,685,666,0.00,0.00,0,0
1544355363,2003-eth4,26109.89,1222677.38,1248787.25,1223900,26136,395.60,421.58,817.18,422,396,0.00,0.00,0,0
1544355363,2008-eth4,0.00,0.00,0.00,0,0,0.00,0.00,0.00,0,0,0.00,0.00,0,0
1544355363,3008-eth3,1207262.75,1224819.25,2432082.00,1226044,1208470,626.37,629.37,1255.74,630,627,0.00,0.00,0,0
1544355363,2005-eth2,0.00,0.00,0.00,0,0,0.00,0.00,0.00,0,0,0.00,0.00,0,0
1544355363,2006-eth4,0.00,0.00,0.00,0,0,0.00,0.00,0.00,0,0,0.00,0.00,0,0
1544355363,3006-eth2,0.00,0.00,0.00,0,0,0.00,0.00,0.00,0,0,0.00,0.00,0,0
1544355363,1003-eth4,0.00,0.00,0.00,0,0,0.00,0.00,0.00,0,0,0.00,0.00,0,0
1544355363,2006-eth2,0.00,0.00,0.00,0,0,0.00,0.00,0.00,0,0,0.00,0.00,0,0
1544355363,3001-eth1,0.00,0.00,0.00,0,0,0.00,0.00,0.00,0,0,0.00,0.00,0,0
1544355363,3008-eth2,0.00,0.00,0.00,0,0,0.00,0.00,0.00,0,0,0.00,0.00,0,0
1544355363,2004-eth3,486143.88,18217.78,504361.66,18236,486630,198.80,193.81,392.61,194,199,0.00,0.00,0,0
1544355363,3001-eth4,1222659.38,1211214.88,2433874.25,1212426,1223882,684.32,664.34,1348.65,665,685,0.00,0.00,0,0
1544355363,1003-eth1,0.00,0.00,0.00,0,0,0.00,0.00,0.00,0,0,0.00,0.00,0,0
1544355363,3002-eth2,0.00,0.00,0.00,0,0,0.00,0.00,0.00,0,0,0.00,0.00,0,0
1544355363,2005-eth4,0.00,0.00,0.00,0,0,0.00,0.00,0.00,0,0,0.00,0.00,0,0
1544355363,3003-eth2,18217.78,486143.88,504361.66,486630,18236,193.81,198.80,392.61,199,194,0.00,0.00,0,0
1544355363,2007-eth1,0.00,0.00,0.00,0,0,0.00,0.00,0.00,0,0,0.00,0.00,0,0
1544355363,1002-eth4,0.00,0.00,0.00,0,0,0.00,0.00,0.00,0,0,0.00,0.00,0,0
1544355363,3002-eth4,1218587.50,1040075.94,2258663.50,1041116,1219806,710.29,745.25,1455.54,746,711,0.00,0.00,0,0
1544355363,2007-eth3,0.00,0.00,0.00,0,0,0.00,0.00,0.00,0,0,0.00,0.00,0,0
1544355363,3005-eth1,0.00,0.00,0.00,0,0,0.00,0.00,0.00,0,0,0.00,0.00,0,0
1544355363,2001-eth4,336016.00,6593.41,342609.41,6600,336352,115.88,99.90,215.78,100,116,0.00,0.00,0,0
1544355363,3003-eth4,1223870.12,377062.94,1600933.12,377440,1225094,505.49,537.46,1042.96,538,506,0.00,0.00,0,0
1544355363,2004-eth1,0.00,0.00,0.00,0,0,0.00,0.00,0.00,0,0,0.00,0.00,0,0
1544355363,3006-eth4,1215720.38,1211442.62,2427163.00,1212654,1216936,491.51,470.53,962.04,471,492,0.00,0.00,0,0
1544355363,3007-eth1,0.00,0.00,0.00,0,0,0.00,0.00,0.00,0,0,0.00,0.00,0,0
1544355363,2008-eth1,0.00,0.00,0.00,0,0,0.00,0.00,0.00,0,0,0.00,0.00,0,0
1544355363,2002-eth2,0.00,0.00,0.00,0,0,0.00,0.00,0.00,0,0,0.00,0.00,0,0
1544355363,2003-eth1,336016.00,6593.41,342609.41,6600,336352,115.88,99.90,215.78,100,116,0.00,0.00,0,0
1544355363,3008-eth4,1224819.25,1213180.88,2438000.00,1214394,1226044,629.37,628.37,1257.74,629,630,0.00,0.00,0,0
1544355363,1004-eth4,0.00,0.00,0.00,0,0,0.00,0.00,0.00,0,0,0.00,0.00,0,0
1544355363,3006-eth1,0.00,0.00,0.00,0,0,0.00,0.00,0.00,0,0,0.00,0.00,0,0
1544355363,1004-eth3,0.00,0.00,0.00,0,0,0.00,0.00,0.00,0,0,0.00,0.00,0,0
1544355363,1002-eth2,0.00,0.00,0.00,0,0,0.00,0.00,0.00,0,0,0.00,0.00,0,0
1544355363,3004-eth3,20175.82,488101.91,508277.75,488590,20196,213.79,218.78,432.57,219,214,0.00,0.00,0,0
1544355363,2003-eth3,1223286.75,362125.88,1585412.62,362488,1224510,518.48,511.49,1029.97,512,519,0.00,0.00,0,0
1544355363,2005-eth1,0.00,0.00,0.00,0,0,0.00,0.00,0.00,0,0,0.00,0.00,0,0
1544355363,3002-eth3,1222543.50,1225114.88,2447658.50,1226340,1223766,770.23,809.19,1579.42,810,771,0.00,0.00,0,0
1544355363,3006-eth3,1211508.50,1215654.38,2427163.00,1216870,1212720,471.53,490.51,962.04,491,472,0.00,0.00,0,0
1544355363,2001-eth1,6593.41,336016.00,342609.41,336352,6600,99.90,115.88,215.78,116,100,0.00,0.00,0,0
1544355363,3005-eth2,0.00,0.00,0.00,0,0,0.00,0.00,0.00,0,0,0.00,0.00,0,0
1544355363,2001-eth2,0.00,0.00,0.00,0,0,0.00,0.00,0.00,0,0,0.00,0.00,0,0
1544355363,3007-eth2,0.00,0.00,0.00,0,0,0.00,0.00,0.00,0,0,0.00,0.00,0,0
1544355363,1001-eth1,336016.00,6593.41,342609.41,6600,336352,115.88,99.90,215.78,100,116,0.00,0.00,0,0
1544355363,3007-eth4,1210951.12,1222329.75,2433280.75,1223552,1212162,660.34,679.32,1339.66,680,661,0.00,0.00,0,0
1544355363,2003-eth2,0.00,0.00,0.00,0,0,0.00,0.00,0.00,0,0,0.00,0.00,0,0
1544355363,3007-eth3,1222329.75,1215422.62,2437752.25,1216638,1223552,679.32,662.34,1341.66,663,680,0.00,0.00,0,0
1544355363,1002-eth1,0.00,0.00,0.00,0,0,0.00,0.00,0.00,0,0,0.00,0.00,0,0
1544355363,2002-eth3,0.00,0.00,0.00,0,0,0.00,0.00,0.00,0,0,0.00,0.00,0,0
1544355363,2007-eth2,0.00,0.00,0.00,0,0,0.00,0.00,0.00,0,0,0.00,0.00,0,0
1544355363,total,21969352.00,21901094.00,43870444.00,21922994,21991320,12816.18,12946.05,25762.24,12959,12829,0.00,0.00,0,0
1544355364,3003-eth3,1220367.62,733460.56,1953828.25,734194,1221588,671.33,680.32,1351.65,681,672,0.00,0.00,0,0
1544355364,2002-eth1,0.00,0.00,0.00,0,0,0.00,0.00,0.00,0,0,0.00,0.00,0,0
1544355364,lo,6759.24,6759.24,13518.48,6766,6766,83.92,83.92,167.83,84,84,0.00,0.00,0,0
1544355364,3005-eth3,1222725.25,1215818.25,2438543.50,1217034,1223948,685.31,668.33,1353.65,669,686,0.00,0.00,0,0
1544355364,2005-eth3,0.00,0.00,0.00,0,0,0.00,0.00,0.00,0,0,0.00,0.00,0,0
1544355364,3004-eth4,28067.93,1223188.88,1251256.75,1224412,28096,415.58,441.56,857.14,442,416,0.00,0.00,0,0
1544355364,1004-eth2,0.00,0.00,0.00,0,0,0.00,0.00,0.00,0,0,0.00,0.00,0,0
1544355364,2004-eth4,23852.15,545860.12,569712.31,546406,23876,253.75,270.73,524.48,271,254,0.00,0.00,0,0
1544355364,1001-eth2,6527.47,454443.56,460971.03,454898,6534,98.90,156.84,255.74,157,99,0.00,0.00,0,0
1544355364,1003-eth3,0.00,0.00,0.00,0,0,0.00,0.00,0.00,0,0,0.00,0.00,0,0
1544355364,2002-eth4,59.94,0.00,59.94,0,60,1.00,0.00,1.00,0,1,0.00,0.00,0,0
1544355364,1001-eth4,0.00,59.94,59.94,60,0,0.00,1.00,1.00,1,0,0.00,0.00,0,0
1544355364,3001-eth2,0.00,59.94,59.94,60,0,0.00,1.00,1.00,1,0,0.00,0.00,0,0
1544355364,1004-eth1,0.00,59.94,59.94,60,0,0.00,1.00,1.00,1,0,0.00,0.00,0,0
1544355364,3005-eth4,1215752.25,1225750.25,2441502.50,1226976,1216968,667.33,687.31,1354.65,688,668,0.00,0.00,0,0
1544355364,1003-eth2,0.00,0.00,0.00,0,0,0.00,0.00,0.00,0,0,0.00,0.00,0,0
1544355364,3008-eth1,0.00,0.00,0.00,0,0,0.00,0.00,0.00,0,0,0.00,0.00,0,0
1544355364,1002-eth3,0.00,0.00,0.00,0,0,0.00,0.00,0.00,0,0,0.00,0.00,0,0
1544355364,2006-eth1,0.00,0.00,0.00,0,0,0.00,0.00,0.00,0,0,0.00,0.00,0,0
1544355364,3003-eth1,480595.41,1223130.88,1703726.38,1224354,481076,553.45,516.48,1069.93,517,554,0.00,0.00,0,0
1544355364,2001-eth3,59.94,59.94,119.88,60,60,1.00,1.00,2.00,1,1,0.00,0.00,0,0
1544355364,2008-eth2,0.00,0.00,0.00,0,0,0.00,0.00,0.00,0,0,0.00,0.00,0,0
1544355364,2008-eth3,0.00,0.00,0.00,0,0,0.00,0.00,0.00,0,0,0.00,0.00,0,0
1544355364,1001-eth3,0.00,0.00,0.00,0,0,0.00,0.00,0.00,0,0,0.00,0.00,0,0
1544355364,2007-eth4,0.00,0.00,0.00,0,0,0.00,0.00,0.00,0,0,0.00,0.00,0,0
1544355364,2004-eth2,0.00,0.00,0.00,0,0,0.00,0.00,0.00,0,0,0.00,0.00,0,0
1544355364,3002-eth1,6527.47,454503.50,461030.97,454958,6534,98.90,157.84,256.74,158,99,0.00,0.00,0,0
1544355364,3004-eth1,1221272.75,26151.85,1247424.62,26178,1222494,422.58,396.60,819.18,397,423,0.00,0.00,0,0
1544355364,2006-eth3,0.00,0.00,0.00,0,0,0.00,0.00,0.00,0,0,0.00,0.00,0,0
1544355364,3004-eth2,545860.12,23852.15,569712.31,23876,546406,270.73,253.75,524.48,254,271,0.00,0.00,0,0
1544355364,3001-eth3,1215818.25,1225750.25,2441568.50,1226976,1217034,668.33,687.31,1355.64,688,669,0.00,0.00,0,0
1544355364,2003-eth4,26151.85,1221272.75,1247424.62,1222494,26178,396.60,422.58,819.18,423,397,0.00,0.00,0,0
1544355364,2008-eth4,0.00,0.00,0.00,0,0,0.00,0.00,0.00,0,0,0.00,0.00,0,0
1544355364,3008-eth3,1208185.88,1221270.75,2429456.50,1222492,1209394,640.36,641.36,1281.72,642,641,0.00,0.00,0,0
1544355364,2005-eth2,0.00,0.00,0.00,0,0,0.00,0.00,0.00,0,0,0.00,0.00,0,0
1544355364,2006-eth4,0.00,0.00,0.00,0,0,0.00,0.00,0.00,0,0,0.00,0.00,0,0
1544355364,3006-eth2,0.00,0.00,0.00,0,0,0.00,0.00,0.00,0,0,0.00,0.00,0,0
1544355364,1003-eth4,0.00,0.00,0.00,0,0,0.00,0.00,0.00,0,0,0.00,0.00,0,0
1544355364,2006-eth2,0.00,0.00,0.00,0,0,0.00,0.00,0.00,0,0,0.00,0.00,0,0
1544355364,3001-eth1,59.94,59.94,119.88,60,60,1.00,1.00,2.00,1,1,0.00,0.00,0,0
1544355364,3008-eth2,0.00,0.00,0.00,0,0,0.00,0.00,0.00,0,0,0.00,0.00,0,0
1544355364,2004-eth3,545860.12,23852.15,569712.31,23876,546406,270.73,253.75,524.48,254,271,0.00,0.00,0,0
1544355364,3001-eth4,1222725.25,1215884.12,2438609.50,1217100,1223948,685.31,669.33,1354.65,670,686,0.00,0.00,0,0
1544355364,1003-eth1,0.00,0.00,0.00,0,0,0.00,0.00,0.00,0,0,0.00,0.00,0,0
1544355364,3002-eth2,0.00,59.94,59.94,60,0,0.00,1.00,1.00,1,0,0.00,0.00,0,0
1544355364,2005-eth4,0.00,0.00,0.00,0,0,0.00,0.00,0.00,0,0,0.00,0.00,0,0
1544355364,3003-eth2,23852.15,545860.12,569712.31,546406,23876,253.75,270.73,524.48,271,254,0.00,0.00,0,0
1544355364,2007-eth1,59.94,0.00,59.94,0,60,1.00,0.00,1.00,0,1,0.00,0.00,0,0
1544355364,1002-eth4,59.94,0.00,59.94,0,60,1.00,0.00,1.00,0,1,0.00,0.00,0,0
1544355364,3002-eth4,1218719.38,1071112.88,2289832.25,1072184,1219938,712.29,755.24,1467.53,756,713,0.00,0.00,0,0
1544355364,2007-eth3,0.00,0.00,0.00,0,0,0.00,0.00,0.00,0,0,0.00,0.00,0,0
1544355364,3005-eth1,0.00,0.00,0.00,0,0,0.00,0.00,0.00,0,0,0.00,0.00,0,0
1544355364,2001-eth4,454503.50,6527.47,461030.97,6534,454958,157.84,98.90,256.74,99,158,0.00,0.00,0,0
1544355364,3003-eth4,1233510.50,506969.03,1740479.62,507476,1234744,695.30,731.27,1426.57,732,696,0.00,0.00,0,0
1544355364,2004-eth1,0.00,0.00,0.00,0,0,0.00,0.00,0.00,0,0,0.00,0.00,0,0
1544355364,3006-eth4,1209736.25,1215848.12,2425584.50,1217064,1210946,488.51,471.53,960.04,472,489,0.00,0.00,0,0
1544355364,3007-eth1,0.00,0.00,0.00,0,0,0.00,0.00,0.00,0,0,0.00,0.00,0,0
1544355364,2008-eth1,0.00,0.00,0.00,0,0,0.00,0.00,0.00,0,0,0.00,0.00,0,0
1544355364,2002-eth2,59.94,0.00,59.94,0,60,1.00,0.00,1.00,0,1,0.00,0.00,0,0
1544355364,2003-eth1,454443.56,6527.47,460971.03,6534,454898,156.84,98.90,255.74,99,157,0.00,0.00,0,0
1544355364,3008-eth4,1221270.75,1208449.62,2429720.25,1209658,1222492,641.36,644.36,1285.71,645,642,0.00,0.00,0,0
1544355364,1004-eth4,0.00,0.00,0.00,0,0,0.00,0.00,0.00,0,0,0.00,0.00,0,0
1544355364,3006-eth1,0.00,0.00,0.00,0,0,0.00,0.00,0.00,0,0,0.00,0.00,0,0
1544355364,1004-eth3,0.00,0.00,0.00,0,0,0.00,0.00,0.00,0,0,0.00,0.00,0,0
1544355364,1002-eth2,59.94,0.00,59.94,0,60,1.00,0.00,1.00,0,1,0.00,0.00,0,0
1544355364,3004-eth3,25852.15,547860.12,573712.31,548408,25878,274.73,291.71,566.43,292,275,0.00,0.00,0,0
1544355364,2003-eth3,1223130.88,480595.41,1703726.38,481076,1224354,516.48,553.45,1069.93,554,517,0.00,0.00,0,0
1544355364,2005-eth1,0.00,0.00,0.00,0,0,0.00,0.00,0.00,0,0,0.00,0.00,0,0
1544355364,3002-eth3,1222213.88,1225246.75,2447460.50,1226472,1223436,765.23,811.19,1576.42,812,766,0.00,0.00,0,0
1544355364,3006-eth3,1215848.12,1209736.25,2425584.50,1210946,1217064,471.53,488.51,960.04,489,472,0.00,0.00,0,0
1544355364,2001-eth1,6527.47,454503.50,461030.97,454958,6534,98.90,157.84,256.74,158,99,0.00,0.00,0,0
1544355364,3005-eth2,0.00,0.00,0.00,0,0,0.00,0.00,0.00,0,0,0.00,0.00,0,0
1544355364,2001-eth2,0.00,59.94,59.94,60,0,0.00,1.00,1.00,1,0,0.00,0.00,0,0
1544355364,3007-eth2,0.00,0.00,0.00,0,0,0.00,0.00,0.00,0,0,0.00,0.00,0,0
1544355364,1001-eth1,454503.50,6527.47,461030.97,6534,454958,157.84,98.90,256.74,99,158,0.00,0.00,0,0
1544355364,3007-eth4,1215752.25,1225684.38,2441436.75,1226910,1216968,667.33,686.31,1353.65,687,668,0.00,0.00,0,0
1544355364,2003-eth2,0.00,59.94,59.94,60,0,0.00,1.00,1.00,1,0,0.00,0.00,0,0
1544355364,3007-eth3,1222659.38,1211280.75,2433940.25,1212492,1223882,684.32,665.33,1349.65,666,685,0.00,0.00,0,0
1544355364,1002-eth1,59.94,0.00,59.94,0,60,1.00,0.00,1.00,0,1,0.00,0.00,0,0
1544355364,2002-eth3,59.94,0.00,59.94,0,60,1.00,0.00,1.00,0,1,0.00,0.00,0,0
1544355364,2007-eth2,0.00,59.94,59.94,60,0,0.00,1.00,1.00,1,0,0.00,0.00,0,0
1544355364,total,22600112.00,22964218.00,45564332.00,22987182,22622712,13634.37,13821.18,27455.55,13835,13648,0.00,0.00,0,0
1544355365,3003-eth3,1218487.50,641940.06,1860427.62,642582,1219706,712.29,718.28,1430.57,719,713,0.00,0.00,0,0
1544355365,2002-eth1,0.00,59.94,59.94,60,0,0.00,1.00,1.00,1,0,0.00,0.00,0,0
1544355365,lo,100545.46,100545.46,201090.92,100646,100646,309.69,309.69,619.38,310,310,0.00,0.00,0,0
1544355365,3005-eth3,1217400.62,1212401.62,2429802.25,1213614,1218618,692.31,682.32,1374.63,683,693,0.00,0.00,0,0
1544355365,2005-eth3,0.00,0.00,0.00,0,0,0.00,0.00,0.00,0,0,0.00,0.00,0,0
1544355365,3004-eth4,28002.00,1218717.38,1246719.38,1219936,28030,414.59,439.56,854.15,440,415,0.00,0.00,0,0
1544355365,1004-eth2,0.00,0.00,0.00,0,0,0.00,0.00,0.00,0,0,0.00,0.00,0,0
1544355365,2004-eth4,24757.24,639754.25,664511.50,640394,24782,263.74,268.73,532.47,269,264,0.00,0.00,0,0
1544355365,1001-eth2,9142.86,427872.12,437015.00,428300,9152,106.89,148.85,255.74,149,107,0.00,0.00,0,0
1544355365,1003-eth3,59.94,0.00,59.94,0,60,1.00,0.00,1.00,0,1,0.00,0.00,0,0
1544355365,2002-eth4,0.00,0.00,0.00,0,0,0.00,0.00,0.00,0,0,0.00,0.00,0,0
1544355365,1001-eth4,59.94,0.00,59.94,0,60,1.00,0.00,1.00,0,1,0.00,0.00,0,0
1544355365,3001-eth2,0.00,0.00,0.00,0,0,0.00,0.00,0.00,0,0,0.00,0.00,0,0
1544355365,1004-eth1,0.00,0.00,0.00,0,0,0.00,0.00,0.00,0,0,0.00,0.00,0,0
1544355365,3005-eth4,1212401.62,1217400.62,2429802.25,1218618,1213614,682.32,692.31,1374.63,693,683,0.00,0.00,0,0
1544355365,1003-eth2,59.94,0.00,59.94,0,60,1.00,0.00,1.00,0,1,0.00,0.00,0,0
1544355365,3008-eth1,0.00,0.00,0.00,0,0,0.00,0.00,0.00,0,0,0.00,0.00,0,0
1544355365,1002-eth3,0.00,0.00,0.00,0,0,0.00,0.00,0.00,0,0,0.00,0.00,0,0
1544355365,2006-eth1,0.00,59.94,59.94,60,0,0.00,1.00,1.00,1,0,0.00,0.00,0,0
1544355365,3003-eth1,453898.12,1219250.75,1673148.88,1220470,454352,543.46,523.48,1066.93,524,544,0.00,0.00,0,0
1544355365,2001-eth3,0.00,0.00,0.00,0,0,0.00,0.00,0.00,0,0,0.00,0.00,0,0
1544355365,2008-eth2,59.94,0.00,59.94,0,60,1.00,0.00,1.00,0,1,0.00,0.00,0,0
1544355365,2008-eth3,59.94,0.00,59.94,0,60,1.00,0.00,1.00,0,1,0.00,0.00,0,0
1544355365,1001-eth3,59.94,0.00,59.94,0,60,1.00,0.00,1.00,0,1,0.00,0.00,0,0
1544355365,2007-eth4,0.00,0.00,0.00,0,0,0.00,0.00,0.00,0,0,0.00,0.00,0,0
1544355365,2004-eth2,0.00,0.00,0.00,0,0,0.00,0.00,0.00,0,0,0.00,0.00,0,0
1544355365,3002-eth1,9082.92,427812.19,436895.12,428240,9092,105.89,147.85,253.75,148,106,0.00,0.00,0,0
1544355365,3004-eth1,1216801.25,26145.86,1242947.12,26172,1218018,420.58,396.60,817.18,397,421,0.00,0.00,0,0
1544355365,2006-eth3,0.00,0.00,0.00,0,0,0.00,0.00,0.00,0,0,0.00,0.00,0,0
1544355365,3004-eth2,639754.25,24757.24,664511.50,24782,640394,268.73,263.74,532.47,264,269,0.00,0.00,0,0
1544355365,3001-eth3,1211280.75,1216477.50,2427758.25,1217694,1212492,665.33,678.32,1343.66,679,666,0.00,0.00,0,0
1544355365,2003-eth4,26145.86,1216801.25,1242947.12,1218018,26172,396.60,420.58,817.18,421,397,0.00,0.00,0,0
1544355365,2008-eth4,59.94,0.00,59.94,0,60,1.00,0.00,1.00,0,1,0.00,0.00,0,0
1544355365,3008-eth3,1214297.75,1218769.25,2433067.00,1219988,1215512,623.38,625.37,1248.75,626,624,0.00,0.00,0,0
1544355365,2005-eth2,0.00,0.00,0.00,0,0,0.00,0.00,0.00,0,0,0.00,0.00,0,0
1544355365,2006-eth4,0.00,0.00,0.00,0,0,0.00,0.00,0.00,0,0,0.00,0.00,0,0
1544355365,3006-eth2,0.00,0.00,0.00,0,0,0.00,0.00,0.00,0,0,0.00,0.00,0,0
1544355365,1003-eth4,59.94,59.94,119.88,60,60,1.00,1.00,2.00,1,1,0.00,0.00,0,0
1544355365,2006-eth2,0.00,0.00,0.00,0,0,0.00,0.00,0.00,0,0,0.00,0.00,0,0
1544355365,3001-eth1,0.00,0.00,0.00,0,0,0.00,0.00,0.00,0,0,0.00,0.00,0,0
1544355365,3008-eth2,0.00,59.94,59.94,60,0,0.00,1.00,1.00,1,0,0.00,0.00,0,0
1544355365,2004-eth3,639814.19,24697.30,664511.50,24722,640454,269.73,262.74,532.47,263,270,0.00,0.00,0,0
1544355365,3001-eth4,1213452.62,1211148.88,2424601.50,1212360,1214666,676.32,663.34,1339.66,664,677,0.00,0.00,0,0
1544355365,1003-eth1,59.94,0.00,59.94,0,60,1.00,0.00,1.00,0,1,0.00,0.00,0,0
1544355365,3002-eth2,0.00,0.00,0.00,0,0,0.00,0.00,0.00,0,0,0.00,0.00,0,0
1544355365,2005-eth4,0.00,0.00,0.00,0,0,0.00,0.00,0.00,0,0,0.00,0.00,0,0
1544355365,3003-eth2,24697.30,639814.19,664511.50,640454,24722,262.74,269.73,532.47,270,263,0.00,0.00,0,0
1544355365,2007-eth1,0.00,59.94,59.94,60,0,0.00,1.00,1.00,1,0,0.00,0.00,0,0
1544355365,1002-eth4,0.00,0.00,0.00,0,0,0.00,0.00,0.00,0,0,0.00,0.00,0,0
1544355365,3002-eth4,1207476.50,750695.31,1958171.88,751446,1208684,709.29,722.28,1431.57,723,710,0.00,0.00,0,0
1544355365,2007-eth3,0.00,0.00,0.00,0,0,0.00,0.00,0.00,0,0,0.00,0.00,0,0
1544355365,3005-eth1,0.00,0.00,0.00,0,0,0.00,0.00,0.00,0,0,0.00,0.00,0,0
1544355365,2001-eth4,427812.19,9082.92,436895.12,9092,428240,147.85,105.89,253.75,106,148,0.00,0.00,0,0
1544355365,3003-eth4,1225874.12,477812.19,1703686.38,478290,1227100,645.35,680.32,1325.67,681,646,0.00,0.00,0,0
1544355365,2004-eth1,0.00,59.94,59.94,60,0,0.00,1.00,1.00,1,0,0.00,0.00,0,0
1544355365,3006-eth4,1203752.25,1211376.62,2415129.00,1212588,1204956,485.51,469.53,955.04,470,486,0.00,0.00,0,0
1544355365,3007-eth1,0.00,0.00,0.00,0,0,0.00,0.00,0.00,0,0,0.00,0.00,0,0
1544355365,2008-eth1,59.94,59.94,119.88,60,60,1.00,1.00,2.00,1,1,0.00,0.00,0,0
1544355365,2002-eth2,0.00,0.00,0.00,0,0,0.00,0.00,0.00,0,0,0.00,0.00,0,0
1544355365,2003-eth1,427872.12,9142.86,437015.00,9152,428300,148.85,106.89,255.74,107,149,0.00,0.00,0,0
1544355365,3008-eth4,1215744.25,1208115.88,2423860.25,1209324,1216960,623.38,617.38,1240.76,618,624,0.00,0.00,0,0
1544355365,1004-eth4,0.00,59.94,59.94,60,0,0.00,1.00,1.00,1,0,0.00,0.00,0,0
1544355365,3006-eth1,0.00,0.00,0.00,0,0,0.00,0.00,0.00,0,0,0.00,0.00,0,0
1544355365,1004-eth3,0.00,0.00,0.00,0,0,0.00,0.00,0.00,0,0,0.00,0.00,0,0
1544355365,1002-eth2,0.00,59.94,59.94,60,0,0.00,1.00,1.00,1,0,0.00,0.00,0,0
1544355365,3004-eth3,26697.30,641754.25,668451.56,642396,26724,283.72,289.71,573.43,290,284,0.00,0.00,0,0
1544355365,2003-eth3,1219250.75,453898.12,1673148.88,454352,1220470,523.48,543.46,1066.93,544,524,0.00,0.00,0,0
1544355365,2005-eth1,0.00,59.94,59.94,60,0,0.00,1.00,1.00,1,0,0.00,0.00,0,0
1544355365,3002-eth3,1216955.12,1216559.50,2433514.50,1217776,1218172,773.23,815.18,1588.41,816,774,0.00,0.00,0,0
1544355365,3006-eth3,1211376.62,1211314.75,2422691.25,1212526,1212588,469.53,490.51,960.04,491,470,0.00,0.00,0,0
1544355365,2001-eth1,9142.86,427812.19,436955.06,428240,9152,106.89,147.85,254.75,148,107,0.00,0.00,0,0
1544355365,3005-eth2,0.00,0.00,0.00,0,0,0.00,0.00,0.00,0,0,0.00,0.00,0,0
1544355365,2001-eth2,59.94,0.00,59.94,0,60,1.00,0.00,1.00,0,1,0.00,0.00,0,0
1544355365,3007-eth2,0.00,59.94,59.94,60,0,0.00,1.00,1.00,1,0,0.00,0.00,0,0
1544355365,1001-eth1,427812.19,9142.86,436955.06,9152,428240,147.85,106.89,254.75,107,148,0.00,0.00,0,0
1544355365,3007-eth4,1207073.00,1216873.12,2423946.00,1218090,1208280,667.33,684.32,1351.65,685,668,0.00,0.00,0,0
1544355365,2003-eth2,59.94,0.00,59.94,0,60,1.00,0.00,1.00,0,1,0.00,0.00,0,0
1544355365,3007-eth3,1216873.12,1211544.50,2428417.75,1212756,1218090,684.32,669.33,1353.65,670,685,0.00,0.00,0,0
1544355365,1002-eth1,0.00,59.94,59.94,60,0,0.00,1.00,1.00,1,0,0.00,0.00,0,0
1544355365,2002-eth3,0.00,0.00,0.00,0,0,0.00,0.00,0.00,0,0,0.00,0.00,0,0
1544355365,2007-eth2,0.00,0.00,0.00,0,0,0.00,0.00,0.00,0,0,0.00,0.00,0,0
1544355365,total,22704394.00,22740150.00,45444544.00,22762890,22727098,13843.16,13973.03,27816.18,13987,13857,0.00,0.00,0,0
1544355366,3003-eth3,1222433.62,724649.38,1947083.00,725374,1223656,693.31,678.32,1371.63,679,694,0.00,0.00,0,0
1544355366,2002-eth1,0.00,0.00,0.00,0,0,0.00,0.00,0.00,0,0,0.00,0.00,0,0
1544355366,lo,6957.04,6957.04,13914.09,6964,6964,67.93,67.93,135.86,68,68,0.00,0.00,0,0
1544355366,3005-eth3,1224171.88,1215752.25,2439924.25,1216968,1225396,685.31,667.33,1352.65,668,686,0.00,0.00,0,0
1544355366,2005-eth3,0.00,0.00,0.00,0,0,0.00,0.00,0.00,0,0,0.00,0.00,0,0
1544355366,3004-eth4,27996.00,1221676.38,1249672.38,1222898,28024,414.59,440.56,855.14,441,415,0.00,0.00,0,0
1544355366,1004-eth2,59.94,59.94,119.88,60,60,1.00,1.00,2.00,1,1,0.00,0.00,0,0
1544355366,2004-eth4,21504.50,438603.41,460107.91,439042,21526,228.77,223.78,452.55,224,229,0.00,0.00,0,0
1544355366,1001-eth2,13240.76,327138.88,340379.62,327466,13254,140.86,112.89,253.75,113,141,0.00,0.00,0,0
1544355366,1003-eth3,0.00,0.00,0.00,0,0,0.00,0.00,0.00,0,0,0.00,0.00,0,0
1544355366,2002-eth4,0.00,59.94,59.94,60,0,0.00,1.00,1.00,1,0,0.00,0.00,0,0
1544355366,1001-eth4,0.00,0.00,0.00,0,0,0.00,0.00,0.00,0,0,0.00,0.00,0,0
1544355366,3001-eth2,59.94,0.00,59.94,0,60,1.00,0.00,1.00,0,1,0.00,0.00,0,0
1544355366,1004-eth1,59.94,0.00,59.94,0,60,1.00,0.00,1.00,0,1,0.00,0.00,0,0
1544355366,3005-eth4,1215752.25,1222725.25,2438477.50,1223948,1216968,667.33,685.31,1352.65,686,668,0.00,0.00,0,0
1544355366,1003-eth2,0.00,0.00,0.00,0,0,0.00,0.00,0.00,0,0,0.00,0.00,0,0
1544355366,3008-eth1,0.00,59.94,59.94,60,0,0.00,1.00,1.00,1,0,0.00,0.00,0,0
1544355366,1002-eth3,0.00,0.00,0.00,0,0,0.00,0.00,0.00,0,0,0.00,0.00,0,0
1544355366,2006-eth1,0.00,0.00,0.00,0,0,0.00,0.00,0.00,0,0,0.00,0.00,0,0
1544355366,3003-eth1,353116.91,1223424.62,1576541.50,1224648,353470,506.49,551.45,1057.94,552,507,0.00,0.00,0,0
1544355366,2001-eth3,0.00,0.00,0.00,0,0,0.00,0.00,0.00,0,0,0.00,0.00,0,0
1544355366,2008-eth2,0.00,59.94,59.94,60,0,0.00,1.00,1.00,1,0,0.00,0.00,0,0
1544355366,2008-eth3,0.00,0.00,0.00,0,0,0.00,0.00,0.00,0,0,0.00,0.00,0,0
1544355366,1001-eth3,0.00,59.94,59.94,60,0,0.00,1.00,1.00,1,0,0.00,0.00,0,0
1544355366,2007-eth4,59.94,0.00,59.94,0,60,1.00,0.00,1.00,0,1,0.00,0.00,0,0
1544355366,2004-eth2,59.94,59.94,119.88,60,60,1.00,1.00,2.00,1,1,0.00,0.00,0,0
1544355366,3002-eth1,13300.70,327138.88,340439.56,327466,13314,141.86,112.89,254.75,113,142,0.00,0.00,0,0
1544355366,3004-eth1,1219778.25,25978.02,1245756.25,26004,1220998,421.58,393.61,815.18,394,422,0.00,0.00,0,0
1544355366,2006-eth3,0.00,0.00,0.00,0,0,0.00,0.00,0.00,0,0,0.00,0.00,0,0
1544355366,3004-eth2,438603.41,21504.50,460107.91,21526,439042,223.78,228.77,452.55,229,224,0.00,0.00,0,0
1544355366,3001-eth3,1215686.38,1222725.25,2438411.75,1223948,1216902,666.33,685.31,1351.65,686,667,0.00,0.00,0,0
1544355366,2003-eth4,25978.02,1219778.25,1245756.25,1220998,26004,393.61,421.58,815.18,422,394,0.00,0.00,0,0
1544355366,2008-eth4,0.00,0.00,0.00,0,0,0.00,0.00,0.00,0,0,0.00,0.00,0,0
1544355366,3008-eth3,1211272.75,1224291.75,2435564.50,1225516,1212484,621.38,621.38,1242.76,622,622,0.00,0.00,0,0
1544355366,2005-eth2,0.00,0.00,0.00,0,0,0.00,0.00,0.00,0,0,0.00,0.00,0,0
1544355366,2006-eth4,0.00,59.94,59.94,60,0,0.00,1.00,1.00,1,0,0.00,0.00,0,0
1544355366,3006-eth2,59.94,0.00,59.94,0,60,1.00,0.00,1.00,0,1,0.00,0.00,0,0
1544355366,1003-eth4,0.00,0.00,0.00,0,0,0.00,0.00,0.00,0,0,0.00,0.00,0,0
1544355366,2006-eth2,0.00,0.00,0.00,0,0,0.00,0.00,0.00,0,0,0.00,0.00,0,0
1544355366,3001-eth1,0.00,0.00,0.00,0,0,0.00,0.00,0.00,0,0,0.00,0.00,0,0
1544355366,3008-eth2,0.00,0.00,0.00,0,0,0.00,0.00,0.00,0,0,0.00,0.00,0,0
1544355366,2004-eth3,438543.47,21504.50,460047.97,21526,438982,222.78,228.77,451.55,229,223,0.00,0.00,0,0
1544355366,3001-eth4,1222725.25,1211346.62,2434072.00,1212558,1223948,685.31,666.33,1351.65,667,686,0.00,0.00,0,0
1544355366,1003-eth1,0.00,0.00,0.00,0,0,0.00,0.00,0.00,0,0,0.00,0.00,0,0
1544355366,3002-eth2,59.94,0.00,59.94,0,60,1.00,0.00,1.00,0,1,0.00,0.00,0,0
1544355366,2005-eth4,59.94,59.94,119.88,60,60,1.00,1.00,2.00,1,1,0.00,0.00,0,0
1544355366,3003-eth2,21504.50,438543.47,460047.97,438982,21526,228.77,222.78,451.55,223,229,0.00,0.00,0,0
1544355366,2007-eth1,0.00,0.00,0.00,0,0,0.00,0.00,0.00,0,0,0.00,0.00,0,0
1544355366,1002-eth4,0.00,0.00,0.00,0,0,0.00,0.00,0.00,0,0,0.00,0.00,0,0
1544355366,3002-eth4,1207922.12,786071.94,1993994.00,786858,1209130,737.26,732.27,1469.53,733,738,0.00,0.00,0,0
1544355366,2007-eth3,0.00,0.00,0.00,0,0,0.00,0.00,0.00,0,0,0.00,0.00,0,0
1544355366,3005-eth1,0.00,0.00,0.00,0,0,0.00,0.00,0.00,0,0,0.00,0.00,0,0
1544355366,2001-eth4,327138.88,13300.70,340439.56,13314,327466,112.89,141.86,254.75,142,113,0.00,0.00,0,0
1544355366,3003-eth4,1231896.12,377942.06,1609838.25,378320,1233128,627.37,653.35,1280.72,654,628,0.00,0.00,0,0
1544355366,2004-eth1,0.00,0.00,0.00,0,0,0.00,0.00,0.00,0,0,0.00,0.00,0,0
1544355366,3006-eth4,1211374.62,1211442.62,2422817.25,1212654,1212586,491.51,470.53,962.04,471,492,0.00,0.00,0,0
1544355366,3007-eth1,0.00,0.00,0.00,0,0,0.00,0.00,0.00,0,0,0.00,0.00,0,0
1544355366,2008-eth1,0.00,0.00,0.00,0,0,0.00,0.00,0.00,0,0,0.00,0.00,0,0
1544355366,2002-eth2,0.00,59.94,59.94,60,0,0.00,1.00,1.00,1,0,0.00,0.00,0,0
1544355366,2003-eth1,327138.88,13240.76,340379.62,13254,327466,112.89,140.86,253.75,141,113,0.00,0.00,0,0
1544355366,3008-eth4,1224357.62,1211338.75,2435696.25,1212550,1225582,622.38,622.38,1244.76,623,623,0.00,0.00,0,0
1544355366,1004-eth4,59.94,0.00,59.94,0,60,1.00,0.00,1.00,0,1,0.00,0.00,0,0
1544355366,3006-eth1,59.94,59.94,119.88,60,60,1.00,1.00,2.00,1,1,0.00,0.00,0,0
1544355366,1004-eth3,0.00,0.00,0.00,0,0,0.00,0.00,0.00,0,0,0.00,0.00,0,0
1544355366,1002-eth2,0.00,0.00,0.00,0,0,0.00,0.00,0.00,0,0,0.00,0.00,0,0
1544355366,3004-eth3,23522.48,440501.50,464024.00,440942,23546,249.75,242.76,492.51,243,250,0.00,0.00,0,0
1544355366,2003-eth3,1223424.62,353116.91,1576541.50,353470,1224648,551.45,506.49,1057.94,507,552,0.00,0.00,0,0
1544355366,2005-eth1,59.94,0.00,59.94,0,60,1.00,0.00,1.00,0,1,0.00,0.00,0,0
1544355366,3002-eth3,1226111.88,1221196.88,2447308.75,1222418,1227338,868.13,878.12,1746.25,879,869,0.00,0.00,0,0
1544355366,3006-eth3,1211502.50,1209604.38,2421107.00,1210814,1212714,471.53,486.51,958.04,487,472,0.00,0.00,0,0
1544355366,2001-eth1,13240.76,327138.88,340379.62,327466,13254,140.86,112.89,253.75,113,141,0.00,0.00,0,0
1544355366,3005-eth2,0.00,0.00,0.00,0,0,0.00,0.00,0.00,0,0,0.00,0.00,0,0
1544355366,2001-eth2,0.00,0.00,0.00,0,0,0.00,0.00,0.00,0,0,0.00,0.00,0,0
1544355366,3007-eth2,0.00,0.00,0.00,0,0,0.00,0.00,0.00,0,0,0.00,0.00,0,0
1544355366,1001-eth1,327138.88,13240.76,340379.62,13254,327466,112.89,140.86,253.75,141,113,0.00,0.00,0,0
1544355366,3007-eth4,1215752.25,1222725.25,2438477.50,1223948,1216968,667.33,685.31,1352.65,686,668,0.00,0.00,0,0
1544355366,2003-eth2,0.00,0.00,0.00,0,0,0.00,0.00,0.00,0,0,0.00,0.00,0,0
1544355366,3007-eth3,1222659.38,1215752.25,2438411.75,1216968,1223882,684.32,667.33,1351.65,668,685,0.00,0.00,0,0
1544355366,1002-eth1,0.00,0.00,0.00,0,0,0.00,0.00,0.00,0,0,0.00,0.00,0,0
1544355366,2002-eth3,0.00,59.94,59.94,60,0,0.00,1.00,1.00,1,0,0.00,0.00,0,0
1544355366,2007-eth2,0.00,0.00,0.00,0,0,0.00,0.00,0.00,0,0,0.00,0.00,0,0
1544355366,total,21886406.00,21711012.00,43597420.00,21732722,21908292,13471.53,13501.50,26973.03,13515,13485,0.00,0.00,0,0
1544355367,3003-eth3,1221144.88,595778.25,1816923.12,596374,1222366,720.28,698.30,1418.58,699,721,0.00,0.00,0,0
1544355367,2002-eth1,0.00,0.00,0.00,0,0,0.00,0.00,0.00,0,0,0.00,0.00,0,0
1544355367,lo,6905.10,6905.10,13810.19,6912,6912,66.93,66.93,133.87,67,67,0.00,0.00,0,0
1544355367,3005-eth3,1222785.25,1211346.62,2434132.00,1212558,1224008,686.31,666.33,1352.65,667,687,0.00,0.00,0,0
1544355367,2005-eth3,59.94,59.94,119.88,60,60,1.00,1.00,2.00,1,1,0.00,0.00,0,0
1544355367,3004-eth4,28002.00,1223188.88,1251190.88,1224412,28030,414.59,441.56,856.14,442,415,0.00,0.00,0,0
1544355367,1004-eth2,0.00,0.00,0.00,0,0,0.00,0.00,0.00,0,0,0.00,0.00,0,0
1544355367,2004-eth4,23708.29,442495.53,466203.81,442938,23732,287.71,260.74,548.45,261,288,0.00,0.00,0,0
1544355367,1001-eth2,11550.45,269676.34,281226.78,269946,11562,122.88,140.86,263.74,141,123,0.00,0.00,0,0
1544355367,1003-eth3,0.00,59.94,59.94,60,0,0.00,1.00,1.00,1,0,0.00,0.00,0,0
1544355367,2002-eth4,0.00,0.00,0.00,0,0,0.00,0.00,0.00,0,0,0.00,0.00,0,0
1544355367,1001-eth4,0.00,0.00,0.00,0,0,0.00,0.00,0.00,0,0,0.00,0.00,0,0
1544355367,3001-eth2,0.00,0.00,0.00,0,0,0.00,0.00,0.00,0,0,0.00,0.00,0,0
1544355367,1004-eth1,0.00,0.00,0.00,0,0,0.00,0.00,0.00,0,0,0.00,0.00,0,0
1544355367,3005-eth4,1211340.75,1219700.38,2431041.00,1220920,1212552,666.33,683.32,1349.65,684,667,0.00,0.00,0,0
1544355367,1003-eth2,0.00,0.00,0.00,0,0,0.00,0.00,0.00,0,0,0.00,0.00,0,0
1544355367,3008-eth1,0.00,0.00,0.00,0,0,0.00,0.00,0.00,0,0,0.00,0.00,0,0
1544355367,1002-eth3,59.94,59.94,119.88,60,60,1.00,1.00,2.00,1,1,0.00,0.00,0,0
1544355367,2006-eth1,59.94,0.00,59.94,0,60,1.00,0.00,1.00,0,1,0.00,0.00,0,0
1544355367,3003-eth1,295720.28,1221226.75,1516947.12,1222448,296016,535.46,543.46,1078.92,544,536,0.00,0.00,0,0
1544355367,2001-eth3,0.00,0.00,0.00,0,0,0.00,0.00,0.00,0,0,0.00,0.00,0,0
1544355367,2008-eth2,0.00,0.00,0.00,0,0,0.00,0.00,0.00,0,0,0.00,0.00,0,0
1544355367,2008-eth3,0.00,59.94,59.94,60,0,0.00,1.00,1.00,1,0,0.00,0.00,0,0
1544355367,1001-eth3,0.00,0.00,0.00,0,0,0.00,0.00,0.00,0,0,0.00,0.00,0,0
1544355367,2007-eth4,0.00,0.00,0.00,0,0,0.00,0.00,0.00,0,0,0.00,0.00,0,0
1544355367,2004-eth2,0.00,0.00,0.00,0,0,0.00,0.00,0.00,0,0,0.00,0.00,0,0
1544355367,3002-eth1,11550.45,269676.34,281226.78,269946,11562,122.88,140.86,263.74,141,123,0.00,0.00,0,0
1544355367,3004-eth1,1216759.25,26043.96,1242803.25,26070,1217976,419.58,394.61,814.19,395,420,0.00,0.00,0,0
1544355367,2006-eth3,59.94,59.94,119.88,60,60,1.00,1.00,2.00,1,1,0.00,0.00,0,0
1544355367,3004-eth2,442495.53,23708.29,466203.81,23732,442938,260.74,287.71,548.45,288,261,0.00,0.00,0,0
1544355367,3001-eth3,1211340.75,1222593.50,2433934.25,1223816,1212552,666.33,683.32,1349.65,684,667,0.00,0.00,0,0
1544355367,2003-eth4,26043.96,1216759.25,1242803.25,1217976,26070,394.61,419.58,814.19,420,395,0.00,0.00,0,0
1544355367,2008-eth4,0.00,0.00,0.00,0,0,0.00,0.00,0.00,0,0,0.00,0.00,0,0
1544355367,3008-eth3,1206339.75,1220937.12,2427276.75,1222158,1207546,612.39,614.39,1226.77,615,613,0.00,0.00,0,0
1544355367,2005-eth2,59.94,59.94,119.88,60,60,1.00,1.00,2.00,1,1,0.00,0.00,0,0
1544355367,2006-eth4,59.94,0.00,59.94,0,60,1.00,0.00,1.00,0,1,0.00,0.00,0,0
1544355367,3006-eth2,0.00,59.94,59.94,60,0,0.00,1.00,1.00,1,0,0.00,0.00,0,0
1544355367,1003-eth4,0.00,0.00,0.00,0,0,0.00,0.00,0.00,0,0,0.00,0.00,0,0
1544355367,2006-eth2,59.94,59.94,119.88,60,60,1.00,1.00,2.00,1,1,0.00,0.00,0,0
1544355367,3001-eth1,0.00,0.00,0.00,0,0,0.00,0.00,0.00,0,0,0.00,0.00,0,0
1544355367,3008-eth2,0.00,0.00,0.00,0,0,0.00,0.00,0.00,0,0,0.00,0.00,0,0
1544355367,2004-eth3,442495.53,23708.29,466203.81,23732,442938,260.74,287.71,548.45,288,261,0.00,0.00,0,0
1544355367,3001-eth4,1219760.25,1211280.75,2431041.00,1212492,1220980,684.32,665.33,1349.65,666,685,0.00,0.00,0,0
1544355367,1003-eth1,0.00,0.00,0.00,0,0,0.00,0.00,0.00,0,0,0.00,0.00,0,0
1544355367,3002-eth2,0.00,0.00,0.00,0,0,0.00,0.00,0.00,0,0,0.00,0.00,0,0
1544355367,2005-eth4,0.00,0.00,0.00,0,0,0.00,0.00,0.00,0,0,0.00,0.00,0,0
1544355367,3003-eth2,23708.29,442495.53,466203.81,442938,23732,287.71,260.74,548.45,261,288,0.00,0.00,0,0
1544355367,2007-eth1,0.00,0.00,0.00,0,0,0.00,0.00,0.00,0,0,0.00,0.00,0,0
1544355367,1002-eth4,0.00,59.94,59.94,60,0,0.00,1.00,1.00,1,0,0.00,0.00,0,0
1544355367,3002-eth4,1211862.12,883526.50,2095388.62,884410,1213074,794.21,784.22,1578.42,785,795,0.00,0.00,0,0
1544355367,2007-eth3,59.94,59.94,119.88,60,60,1.00,1.00,2.00,1,1,0.00,0.00,0,0
1544355367,3005-eth1,59.94,59.94,119.88,60,60,1.00,1.00,2.00,1,1,0.00,0.00,0,0
1544355367,2001-eth4,269676.34,11550.45,281226.78,11562,269946,140.86,122.88,263.74,123,141,0.00,0.00,0,0
1544355367,3003-eth4,1230463.62,320047.97,1550511.50,320368,1231694,708.29,725.27,1433.57,726,709,0.00,0.00,0,0
1544355367,2004-eth1,0.00,0.00,0.00,0,0,0.00,0.00,0.00,0,0,0.00,0.00,0,0
1544355367,3006-eth4,1209736.25,1215914.12,2425650.50,1217130,1210946,488.51,472.53,961.04,473,489,0.00,0.00,0,0
1544355367,3007-eth1,59.94,59.94,119.88,60,60,1.00,1.00,2.00,1,1,0.00,0.00,0,0
1544355367,2008-eth1,0.00,0.00,0.00,0,0,0.00,0.00,0.00,0,0,0.00,0.00,0,0
1544355367,2002-eth2,0.00,0.00,0.00,0,0,0.00,0.00,0.00,0,0,0.00,0.00,0,0
1544355367,2003-eth1,269676.34,11550.45,281226.78,11562,269946,140.86,122.88,263.74,123,141,0.00,0.00,0,0
1544355367,3008-eth4,1223896.12,1206273.75,2430170.00,1207480,1225120,615.38,611.39,1226.77,612,616,0.00,0.00,0,0
1544355367,1004-eth4,0.00,0.00,0.00,0,0,0.00,0.00,0.00,0,0,0.00,0.00,0,0
1544355367,3006-eth1,0.00,0.00,0.00,0,0,0.00,0.00,0.00,0,0,0.00,0.00,0,0
1544355367,1004-eth3,59.94,59.94,119.88,60,60,1.00,1.00,2.00,1,1,0.00,0.00,0,0
1544355367,1002-eth2,0.00,0.00,0.00,0,0,0.00,0.00,0.00,0,0,0.00,0.00,0,0
1544355367,3004-eth3,25666.33,444453.56,470119.91,444898,25692,307.69,280.72,588.41,281,308,0.00,0.00,0,0
1544355367,2003-eth3,1221226.75,295720.28,1516947.12,296016,1222448,543.46,535.46,1078.92,536,544,0.00,0.00,0,0
1544355367,2005-eth1,0.00,0.00,0.00,0,0,0.00,0.00,0.00,0,0,0.00,0.00,0,0
1544355367,3002-eth3,1228289.75,1223318.75,2451608.50,1224542,1229518,945.05,916.08,1861.14,917,946,0.00,0.00,0,0
1544355367,3006-eth3,1215848.12,1203950.12,2419798.25,1205154,1217064,471.53,488.51,960.04,489,472,0.00,0.00,0,0
1544355367,2001-eth1,11550.45,269676.34,281226.78,269946,11562,122.88,140.86,263.74,141,123,0.00,0.00,0,0
1544355367,3005-eth2,59.94,59.94,119.88,60,60,1.00,1.00,2.00,1,1,0.00,0.00,0,0
1544355367,2001-eth2,0.00,0.00,0.00,0,0,0.00,0.00,0.00,0,0,0.00,0.00,0,0
1544355367,3007-eth2,59.94,0.00,59.94,0,60,1.00,0.00,1.00,0,1,0.00,0.00,0,0
1544355367,1001-eth1,269676.34,11550.45,281226.78,11562,269946,140.86,122.88,263.74,123,141,0.00,0.00,0,0
1544355367,3007-eth4,1211406.62,1219700.38,2431107.00,1220920,1212618,667.33,683.32,1350.65,684,668,0.00,0.00,0,0
1544355367,2003-eth2,0.00,0.00,0.00,0,0,0.00,0.00,0.00,0,0,0.00,0.00,0,0
1544355367,3007-eth3,1219826.25,1211346.62,2431173.00,1212558,1221046,685.31,666.33,1351.65,667,686,0.00,0.00,0,0
1544355367,1002-eth1,0.00,0.00,0.00,0,0,0.00,0.00,0.00,0,0,0.00,0.00,0,0
1544355367,2002-eth3,0.00,0.00,0.00,0,0,0.00,0.00,0.00,0,0,0.00,0.00,0,0
1544355367,2007-eth2,59.94,0.00,59.94,0,60,1.00,0.00,1.00,0,1,0.00,0.00,0,0
1544355367,total,21641292.00,21376940.00,43018232.00,21398316,21662932,13996.00,13943.06,27939.06,13957,14010,0.00,0.00,0,0
1544355368,3003-eth3,1219538.50,535674.31,1755212.88,536210,1220758,711.29,664.34,1375.62,665,712,0.00,0.00,0,0
1544355368,2002-eth1,59.94,0.00,59.94,0,60,1.00,0.00,1.00,0,1,0.00,0.00,0,0
1544355368,lo,99098.91,99098.91,198197.81,99198,99198,289.71,289.71,579.42,290,290,0.00,0.00,0,0
1544355368,3005-eth3,1213782.25,1211083.00,2424865.25,1212294,1214996,681.32,662.34,1343.66,663,682,0.00,0.00,0,0
1544355368,2005-eth3,0.00,0.00,0.00,0,0,0.00,0.00,0.00,0,0,0.00,0.00,0,0
1544355368,3004-eth4,27870.13,1218717.38,1246587.50,1219936,27898,412.59,439.56,852.15,440,413,0.00,0.00,0,0
1544355368,1004-eth2,0.00,0.00,0.00,0,0,0.00,0.00,0.00,0,0,0.00,0.00,0,0
1544355368,2004-eth4,25728.27,491154.84,516883.12,491646,25754,274.73,274.73,549.45,275,275,0.00,0.00,0,0
1544355368,1001-eth2,14273.73,369228.78,383502.50,369598,14288,151.85,158.84,310.69,159,152,0.00,0.00,0,0
1544355368,1003-eth3,0.00,0.00,0.00,0,0,0.00,0.00,0.00,0,0,0.00,0.00,0,0
1544355368,2002-eth4,59.94,0.00,59.94,0,60,1.00,0.00,1.00,0,1,0.00,0.00,0,0
1544355368,1001-eth4,0.00,59.94,59.94,60,0,0.00,1.00,1.00,1,0,0.00,0.00,0,0
1544355368,3001-eth2,0.00,59.94,59.94,60,0,0.00,1.00,1.00,1,0,0.00,0.00,0,0
1544355368,1004-eth1,0.00,59.94,59.94,60,0,0.00,1.00,1.00,1,0,0.00,0.00,0,0
1544355368,3005-eth4,1211214.88,1216675.38,2427890.25,1217892,1212426,664.34,681.32,1345.65,682,665,0.00,0.00,0,0
1544355368,1003-eth2,0.00,59.94,59.94,60,0,0.00,1.00,1.00,1,0,0.00,0.00,0,0
1544355368,3008-eth1,59.94,0.00,59.94,0,60,1.00,0.00,1.00,0,1,0.00,0.00,0,0
1544355368,1002-eth3,0.00,0.00,0.00,0,0,0.00,0.00,0.00,0,0,0.00,0.00,0,0
1544355368,2006-eth1,0.00,0.00,0.00,0,0,0.00,0.00,0.00,0,0,0.00,0.00,0,0
1544355368,3003-eth1,395200.81,1221216.88,1616417.62,1222438,395596,552.45,558.44,1110.89,559,553,0.00,0.00,0,0
1544355368,2001-eth3,0.00,59.94,59.94,60,0,0.00,1.00,1.00,1,0,0.00,0.00,0,0
1544355368,2008-eth2,0.00,0.00,0.00,0,0,0.00,0.00,0.00,0,0,0.00,0.00,0,0
1544355368,2008-eth3,0.00,0.00,0.00,0,0,0.00,0.00,0.00,0,0,0.00,0.00,0,0
1544355368,1001-eth3,0.00,0.00,0.00,0,0,0.00,0.00,0.00,0,0,0.00,0.00,0,0
1544355368,2007-eth4,0.00,59.94,59.94,60,0,0.00,1.00,1.00,1,0,0.00,0.00,0,0
1544355368,2004-eth2,0.00,0.00,0.00,0,0,0.00,0.00,0.00,0,0,0.00,0.00,0,0
1544355368,3002-eth1,14273.73,369228.78,383502.50,369598,14288,151.85,158.84,310.69,159,152,0.00,0.00,0,0
1544355368,3004-eth1,1221230.75,25912.09,1247142.88,25938,1222452,421.58,392.61,814.19,393,422,0.00,0.00,0,0
1544355368,2006-eth3,0.00,0.00,0.00,0,0,0.00,0.00,0.00,0,0,0.00,0.00,0,0
1544355368,3004-eth2,491154.84,25728.27,516883.12,25754,491646,274.73,274.73,549.45,275,275,0.00,0.00,0,0
1544355368,3001-eth3,1211280.75,1216741.25,2428022.00,1217958,1212492,665.33,682.32,1347.65,683,666,0.00,0.00,0,0
1544355368,2003-eth4,25912.09,1221230.75,1247142.88,1222452,25938,392.61,421.58,814.19,422,393,0.00,0.00,0,0
1544355368,2008-eth4,0.00,59.94,59.94,60,0,0.00,1.00,1.00,1,0,0.00,0.00,0,0
1544355368,3008-eth3,1206399.62,1217912.12,2424311.75,1219130,1207606,613.39,612.39,1225.77,613,614,0.00,0.00,0,0
1544355368,2005-eth2,0.00,0.00,0.00,0,0,0.00,0.00,0.00,0,0,0.00,0.00,0,0
1544355368,2006-eth4,0.00,0.00,0.00,0,0,0.00,0.00,0.00,0,0,0.00,0.00,0,0
1544355368,3006-eth2,0.00,0.00,0.00,0,0,0.00,0.00,0.00,0,0,0.00,0.00,0,0
1544355368,1003-eth4,0.00,0.00,0.00,0,0,0.00,0.00,0.00,0,0,0.00,0.00,0,0
1544355368,2006-eth2,0.00,0.00,0.00,0,0,0.00,0.00,0.00,0,0,0.00,0.00,0,0
1544355368,3001-eth1,59.94,0.00,59.94,0,60,1.00,0.00,1.00,0,1,0.00,0.00,0,0
1544355368,3008-eth2,59.94,0.00,59.94,0,60,1.00,0.00,1.00,0,1,0.00,0.00,0,0
1544355368,2004-eth3,491154.84,25788.21,516943.06,25814,491646,274.73,275.72,550.45,276,275,0.00,0.00,0,0
1544355368,3001-eth4,1219700.38,1211280.75,2430981.00,1212492,1220920,683.32,665.33,1348.65,666,684,0.00,0.00,0,0
1544355368,1003-eth1,0.00,59.94,59.94,60,0,0.00,1.00,1.00,1,0,0.00,0.00,0,0
1544355368,3002-eth2,0.00,59.94,59.94,60,0,0.00,1.00,1.00,1,0,0.00,0.00,0,0
1544355368,2005-eth4,0.00,0.00,0.00,0,0,0.00,0.00,0.00,0,0,0.00,0.00,0,0
1544355368,3003-eth2,25788.21,491154.84,516943.06,491646,25814,275.72,274.73,550.45,275,276,0.00,0.00,0,0
1544355368,2007-eth1,59.94,0.00,59.94,0,60,1.00,0.00,1.00,0,1,0.00,0.00,0,0
1544355368,1002-eth4,59.94,0.00,59.94,0,60,1.00,0.00,1.00,0,1,0.00,0.00,0,0
1544355368,3002-eth4,1206935.12,742675.38,1949610.50,743418,1208142,746.25,732.27,1478.52,733,747,0.00,0.00,0,0
1544355368,2007-eth3,0.00,0.00,0.00,0,0,0.00,0.00,0.00,0,0,0.00,0.00,0,0
1544355368,3005-eth1,0.00,0.00,0.00,0,0,0.00,0.00,0.00,0,0,0.00,0.00,0,0
1544355368,2001-eth4,369228.78,14273.73,383502.50,14288,369598,158.84,151.85,310.69,152,159,0.00,0.00,0,0
1544355368,3003-eth4,1232008.00,426885.12,1658893.12,427312,1233240,763.24,773.23,1536.46,774,764,0.00,0.00,0,0
1544355368,2004-eth1,59.94,0.00,59.94,0,60,1.00,0.00,1.00,0,1,0.00,0.00,0,0
1544355368,3006-eth4,1209802.25,1206971.00,2416773.25,1208178,1211012,489.51,468.53,958.04,469,490,0.00,0.00,0,0
1544355368,3007-eth1,0.00,0.00,0.00,0,0,0.00,0.00,0.00,0,0,0.00,0.00,0,0
1544355368,2008-eth1,0.00,0.00,0.00,0,0,0.00,0.00,0.00,0,0,0.00,0.00,0,0
1544355368,2002-eth2,59.94,0.00,59.94,0,60,1.00,0.00,1.00,0,1,0.00,0.00,0,0
1544355368,2003-eth1,369228.78,14273.73,383502.50,14288,369598,158.84,151.85,310.69,152,159,0.00,0.00,0,0
1544355368,3008-eth4,1217972.00,1206339.75,2424311.75,1207546,1219190,613.39,612.39,1225.77,613,614,0.00,0.00,0,0
1544355368,1004-eth4,0.00,0.00,0.00,0,0,0.00,0.00,0.00,0,0,0.00,0.00,0,0
1544355368,3006-eth1,0.00,0.00,0.00,0,0,0.00,0.00,0.00,0,0,0.00,0.00,0,0
1544355368,1004-eth3,0.00,0.00,0.00,0,0,0.00,0.00,0.00,0,0,0.00,0.00,0,0
1544355368,1002-eth2,59.94,0.00,59.94,0,60,1.00,0.00,1.00,0,1,0.00,0.00,0,0
1544355368,3004-eth3,27686.31,493112.91,520799.22,493606,27714,294.71,294.71,589.41,295,295,0.00,0.00,0,0
1544355368,2003-eth3,1221216.88,395200.81,1616417.62,395596,1222438,558.44,552.45,1110.89,553,559,0.00,0.00,0,0
1544355368,2005-eth1,0.00,0.00,0.00,0,0,0.00,0.00,0.00,0,0,0.00,0.00,0,0
1544355368,3002-eth3,1231460.62,1224233.75,2455694.25,1225458,1232692,993.01,900.10,1893.11,901,994,0.00,0.00,0,0
1544355368,3006-eth3,1206971.00,1209736.25,2416707.25,1210946,1208178,468.53,488.51,957.04,489,469,0.00,0.00,0,0
1544355368,2001-eth1,14273.73,369288.72,383562.44,369658,14288,151.85,159.84,311.69,160,152,0.00,0.00,0,0
1544355368,3005-eth2,0.00,0.00,0.00,0,0,0.00,0.00,0.00,0,0,0.00,0.00,0,0
1544355368,2001-eth2,0.00,59.94,59.94,60,0,0.00,1.00,1.00,1,0,0.00,0.00,0,0
1544355368,3007-eth2,0.00,0.00,0.00,0,0,0.00,0.00,0.00,0,0,0.00,0.00,0,0
1544355368,1001-eth1,369288.72,14273.73,383562.44,14288,369658,159.84,151.85,311.69,152,160,0.00,0.00,0,0
1544355368,3007-eth4,1211148.88,1216675.38,2427824.25,1217892,1212360,663.34,681.32,1344.66,682,664,0.00,0.00,0,0
1544355368,2003-eth2,0.00,59.94,59.94,60,0,0.00,1.00,1.00,1,0,0.00,0.00,0,0
1544355368,3007-eth3,1216741.25,1211148.88,2427890.25,1212360,1217958,682.32,663.34,1345.65,664,683,0.00,0.00,0,0
1544355368,1002-eth1,59.94,0.00,59.94,0,60,1.00,0.00,1.00,0,1,0.00,0.00,0,0
1544355368,2002-eth3,59.94,0.00,59.94,0,60,1.00,0.00,1.00,0,1,0.00,0.00,0,0
1544355368,2007-eth2,0.00,59.94,59.94,60,0,0.00,1.00,1.00,1,0,0.00,0.00,0,0
1544355368,total,22218284.00,21913634.00,44131916.00,21935548,22240502,14405.59,14281.72,28687.31,14296,14420,0.00,0.00,0,0
1544355369,3003-eth3,1220505.50,589732.31,1810237.75,590322,1221726,764.24,716.28,1480.52,717,765,0.00,0.00,0,0
1544355369,2002-eth1,69.93,59.94,129.87,60,70,1.00,1.00,2.00,1,1,0.00,0.00,0,0
1544355369,lo,12693.31,12693.31,25386.61,12706,12706,120.88,120.88,241.76,121,121,0.00,0.00,0,0
1544355369,3005-eth3,1222725.25,1215888.12,2438613.50,1217104,1223948,685.31,669.33,1354.65,670,686,0.00,0.00,0,0
1544355369,2005-eth3,69.93,69.93,139.86,70,70,1.00,1.00,2.00,1,1,0.00,0.00,0,0
1544355369,3004-eth4,27936.06,1221746.25,1249682.38,1222968,27964,413.59,441.56,855.14,442,414,0.00,0.00,0,0
1544355369,1004-eth2,0.00,0.00,0.00,0,0,0.00,0.00,0.00,0,0,0.00,0.00,0,0
1544355369,2004-eth4,25712.29,416915.09,442627.38,417332,25738,330.67,245.75,576.42,246,331,0.00,0.00,0,0
1544355369,1001-eth2,15470.53,422617.41,438087.94,423040,15486,171.83,178.82,350.65,179,172,0.00,0.00,0,0
1544355369,1003-eth3,59.94,0.00,59.94,0,60,1.00,0.00,1.00,0,1,0.00,0.00,0,0
1544355369,2002-eth4,0.00,0.00,0.00,0,0,0.00,0.00,0.00,0,0,0.00,0.00,0,0
1544355369,1001-eth4,59.94,0.00,59.94,0,60,1.00,0.00,1.00,0,1,0.00,0.00,0,0
1544355369,3001-eth2,0.00,0.00,0.00,0,0,0.00,0.00,0.00,0,0,0.00,0.00,0,0
1544355369,1004-eth1,0.00,0.00,0.00,0,0,0.00,0.00,0.00,0,0,0.00,0.00,0,0
1544355369,3005-eth4,1215752.25,1222725.25,2438477.50,1223948,1216968,667.33,685.31,1352.65,686,668,0.00,0.00,0,0
1544355369,1003-eth2,129.87,0.00,129.87,0,130,2.00,0.00,2.00,0,2,0.00,0.00,0,0
1544355369,3008-eth1,0.00,0.00,0.00,0,0,0.00,0.00,0.00,0,0,0.00,0.00,0,0
1544355369,1002-eth3,0.00,0.00,0.00,0,0,0.00,0.00,0.00,0,0,0.00,0.00,0,0
1544355369,2006-eth1,0.00,59.94,59.94,60,0,0.00,1.00,1.00,1,0,0.00,0.00,0,0
1544355369,3003-eth1,448535.47,1221830.25,1670365.62,1223052,448984,571.43,596.40,1167.83,597,572,0.00,0.00,0,0
1544355369,2001-eth3,59.94,0.00,59.94,0,60,1.00,0.00,1.00,0,1,0.00,0.00,0,0
1544355369,2008-eth2,59.94,0.00,59.94,0,60,1.00,0.00,1.00,0,1,0.00,0.00,0,0
1544355369,2008-eth3,59.94,0.00,59.94,0,60,1.00,0.00,1.00,0,1,0.00,0.00,0,0
1544355369,1001-eth3,129.87,0.00,129.87,0,130,2.00,0.00,2.00,0,2,0.00,0.00,0,0
1544355369,2007-eth4,0.00,0.00,0.00,0,0,0.00,0.00,0.00,0,0,0.00,0.00,0,0
1544355369,2004-eth2,0.00,0.00,0.00,0,0,0.00,0.00,0.00,0,0,0.00,0.00,0,0
1544355369,3002-eth1,15410.59,422687.31,438097.91,423110,15426,170.83,179.82,350.65,180,171,0.00,0.00,0,0
1544355369,3004-eth1,1219718.38,26107.89,1245826.25,26134,1220938,420.58,395.60,816.18,396,421,0.00,0.00,0,0
1544355369,2006-eth3,69.93,0.00,69.93,0,70,1.00,0.00,1.00,0,1,0.00,0.00,0,0
1544355369,3004-eth2,416915.09,25712.29,442627.38,25738,417332,245.75,330.67,576.42,331,246,0.00,0.00,0,0
1544355369,3001-eth3,1215818.25,1222725.25,2438543.50,1223948,1217034,668.33,685.31,1353.65,686,669,0.00,0.00,0,0
1544355369,2003-eth4,26107.89,1219718.38,1245826.25,1220938,26134,395.60,420.58,816.18,421,396,0.00,0.00,0,0
1544355369,2008-eth4,59.94,69.93,129.87,70,60,1.00,1.00,2.00,1,1,0.00,0.00,0,0
1544355369,3008-eth3,1212393.62,1223896.12,2436289.75,1225120,1213606,616.38,615.38,1231.77,616,617,0.00,0.00,0,0
1544355369,2005-eth2,0.00,0.00,0.00,0,0,0.00,0.00,0.00,0,0,0.00,0.00,0,0
1544355369,2006-eth4,0.00,0.00,0.00,0,0,0.00,0.00,0.00,0,0,0.00,0.00,0,0
1544355369,3006-eth2,0.00,0.00,0.00,0,0,0.00,0.00,0.00,0,0,0.00,0.00,0,0
1544355369,1003-eth4,129.87,59.94,189.81,60,130,2.00,1.00,3.00,1,2,0.00,0.00,0,0
1544355369,2006-eth2,69.93,69.93,139.86,70,70,1.00,1.00,2.00,1,1,0.00,0.00,0,0
1544355369,3001-eth1,0.00,59.94,59.94,60,0,0.00,1.00,1.00,1,0,0.00,0.00,0,0
1544355369,3008-eth2,69.93,59.94,129.87,60,70,1.00,1.00,2.00,1,1,0.00,0.00,0,0
1544355369,2004-eth3,416985.03,25712.29,442697.31,25738,417402,246.75,330.67,577.42,331,247,0.00,0.00,0,0
1544355369,3001-eth4,1222725.25,1215752.25,2438477.50,1216968,1223948,685.31,667.33,1352.65,668,686,0.00,0.00,0,0
1544355369,1003-eth1,59.94,69.93,129.87,70,60,1.00,1.00,2.00,1,1,0.00,0.00,0,0
1544355369,3002-eth2,0.00,0.00,0.00,0,0,0.00,0.00,0.00,0,0,0.00,0.00,0,0
1544355369,2005-eth4,69.93,0.00,69.93,0,70,1.00,0.00,1.00,0,1,0.00,0.00,0,0
1544355369,3003-eth2,25712.29,416985.03,442697.31,417402,25738,330.67,246.75,577.42,247,331,0.00,0.00,0,0
1544355369,2007-eth1,0.00,59.94,59.94,60,0,0.00,1.00,1.00,1,0,0.00,0.00,0,0
1544355369,1002-eth4,69.93,69.93,139.86,70,70,1.00,1.00,2.00,1,1,0.00,0.00,0,0
1544355369,3002-eth4,1210028.00,834389.62,2044417.62,835224,1211238,646.35,675.32,1321.68,676,647,0.00,0.00,0,0
1544355369,2007-eth3,0.00,0.00,0.00,0,0,0.00,0.00,0.00,0,0,0.00,0.00,0,0
1544355369,3005-eth1,69.93,69.93,139.86,70,70,1.00,1.00,2.00,1,1,0.00,0.00,0,0
1544355369,2001-eth4,422687.31,15410.59,438097.91,15426,423110,179.82,170.83,350.65,171,180,0.00,0.00,0,0
1544355369,3003-eth4,1239206.88,480291.72,1719498.50,480772,1240446,841.16,849.15,1690.31,850,842,0.00,0.00,0,0
1544355369,2004-eth1,0.00,129.87,129.87,130,0,0.00,2.00,2.00,2,0,0.00,0.00,0,0
1544355369,3006-eth4,1209872.12,1215848.12,2425720.25,1217064,1211082,490.51,471.53,962.04,472,491,0.00,0.00,0,0
1544355369,3007-eth1,0.00,0.00,0.00,0,0,0.00,0.00,0.00,0,0,0.00,0.00,0,0
1544355369,2008-eth1,59.94,129.87,189.81,130,60,1.00,2.00,3.00,2,1,0.00,0.00,0,0
1544355369,2002-eth2,0.00,0.00,0.00,0,0,0.00,0.00,0.00,0,0,0.00,0.00,0,0
1544355369,2003-eth1,422617.41,15470.53,438087.94,15486,423040,178.82,171.83,350.65,172,179,0.00,0.00,0,0
1544355369,3008-eth4,1220937.12,1212323.75,2433260.75,1213536,1222158,614.39,615.38,1229.77,616,615,0.00,0.00,0,0
1544355369,1004-eth4,0.00,59.94,59.94,60,0,0.00,1.00,1.00,1,0,0.00,0.00,0,0
1544355369,3006-eth1,0.00,69.93,69.93,70,0,0.00,1.00,1.00,1,0,0.00,0.00,0,0
1544355369,1004-eth3,69.93,69.93,139.86,70,70,1.00,1.00,2.00,1,1,0.00,0.00,0,0
1544355369,1002-eth2,69.93,59.94,129.87,60,70,1.00,1.00,2.00,1,1,0.00,0.00,0,0
1544355369,3004-eth3,27740.26,418943.06,446683.34,419362,27768,351.65,266.73,618.38,267,352,0.00,0.00,0,0
1544355369,2003-eth3,1221830.25,448535.47,1670365.62,448984,1223052,596.40,571.43,1167.83,572,597,0.00,0.00,0,0
1544355369,2005-eth1,0.00,129.87,129.87,130,0,0.00,2.00,2.00,2,0,0.00,0.00,0,0
1544355369,3002-eth3,1230006.00,1222483.50,2452489.50,1223706,1231236,949.05,816.18,1765.23,817,950,0.00,0.00,0,0
1544355369,3006-eth3,1215914.12,1209802.25,2425716.25,1211012,1217130,472.53,489.51,962.04,490,473,0.00,0.00,0,0
1544355369,2001-eth1,15470.53,422557.47,438027.97,422980,15486,171.83,177.82,349.65,178,172,0.00,0.00,0,0
1544355369,3005-eth2,0.00,69.93,69.93,70,0,0.00,1.00,1.00,1,0,0.00,0.00,0,0
1544355369,2001-eth2,59.94,0.00,59.94,0,60,1.00,0.00,1.00,0,1,0.00,0.00,0,0
1544355369,3007-eth2,0.00,59.94,59.94,60,0,0.00,1.00,1.00,1,0,0.00,0.00,0,0
1544355369,1001-eth1,422557.47,15470.53,438027.97,15486,422980,177.82,171.83,349.65,172,178,0.00,0.00,0,0
1544355369,3007-eth4,1215888.12,1222725.25,2438613.50,1223948,1217104,669.33,685.31,1354.65,686,670,0.00,0.00,0,0
1544355369,2003-eth2,59.94,69.93,129.87,70,60,1.00,1.00,2.00,1,1,0.00,0.00,0,0
1544355369,3007-eth3,1222659.38,1215888.12,2438547.50,1217104,1223882,684.32,669.33,1353.65,670,685,0.00,0.00,0,0
1544355369,1002-eth1,0.00,59.94,59.94,60,0,0.00,1.00,1.00,1,0,0.00,0.00,0,0
1544355369,2002-eth3,0.00,0.00,0.00,0,0,0.00,0.00,0.00,0,0,0.00,0.00,0,0
1544355369,2007-eth2,69.93,69.93,139.86,70,70,1.00,1.00,2.00,1,1,0.00,0.00,0,0
1544355369,total,22260290.00,22075344.00,44335632.00,22097418,22282550,14556.44,14355.64,28912.09,14370,14571,0.00,0.00,0,0
1544355370,3003-eth3,1216575.50,660741.25,1877316.75,661402,1217792,713.29,696.30,1409.59,697,714,0.00,0.00,0,0
1544355370,2002-eth1,0.00,0.00,0.00,0,0,0.00,0.00,0.00,0,0,0.00,0.00,0,0
1544355370,lo,6957.04,6957.04,13914.09,6964,6964,67.93,67.93,135.86,68,68,0.00,0.00,0,0
1544355370,3005-eth3,1211021.00,1207138.88,2418160.00,1208346,1212232,683.32,668.33,1351.65,669,684,0.00,0.00,0,0
1544355370,2005-eth3,0.00,0.00,0.00,0,0,0.00,0.00,0.00,0,0,0.00,0.00,0,0
1544355370,3004-eth4,27832.17,1212701.38,1240533.50,1213914,27860,412.59,436.56,849.15,437,413,0.00,0.00,0,0
1544355370,1004-eth2,59.94,59.94,119.88,60,60,1.00,1.00,2.00,1,1,0.00,0.00,0,0
1544355370,2004-eth4,19708.29,528355.69,548063.94,528884,19728,298.70,224.78,523.48,225,299,0.00,0.00,0,0
1544355370,1001-eth2,8769.23,460435.56,469204.81,460896,8778,132.87,203.80,336.66,204,133,0.00,0.00,0,0
1544355370,1003-eth3,0.00,0.00,0.00,0,0,0.00,0.00,0.00,0,0,0.00,0.00,0,0
1544355370,2002-eth4,0.00,59.94,59.94,60,0,0.00,1.00,1.00,1,0,0.00,0.00,0,0
1544355370,1001-eth4,0.00,0.00,0.00,0,0,0.00,0.00,0.00,0,0,0.00,0.00,0,0
1544355370,3001-eth2,59.94,0.00,59.94,0,60,1.00,0.00,1.00,0,1,0.00,0.00,0,0
1544355370,1004-eth1,0.00,0.00,0.00,0,0,0.00,0.00,0.00,0,0,0.00,0.00,0,0
1544355370,3005-eth4,1207204.88,1211021.00,2418225.75,1212232,1208412,669.33,683.32,1352.65,684,670,0.00,0.00,0,0
1544355370,1003-eth2,0.00,0.00,0.00,0,0,0.00,0.00,0.00,0,0,0.00,0.00,0,0
1544355370,3008-eth1,0.00,59.94,59.94,60,0,0.00,1.00,1.00,1,0,0.00,0.00,0,0
1544355370,1002-eth3,0.00,0.00,0.00,0,0,0.00,0.00,0.00,0,0,0.00,0.00,0,0
1544355370,2006-eth1,0.00,0.00,0.00,0,0,0.00,0.00,0.00,0,0,0.00,0.00,0,0
1544355370,3003-eth1,486347.66,1213954.12,1700301.75,1215168,486834,596.40,549.45,1145.85,550,597,0.00,0.00,0,0
1544355370,2001-eth3,0.00,0.00,0.00,0,0,0.00,0.00,0.00,0,0,0.00,0.00,0,0
1544355370,2008-eth2,0.00,0.00,0.00,0,0,0.00,0.00,0.00,0,0,0.00,0.00,0,0
1544355370,2008-eth3,0.00,0.00,0.00,0,0,0.00,0.00,0.00,0,0,0.00,0.00,0,0
1544355370,1001-eth3,0.00,59.94,59.94,60,0,0.00,1.00,1.00,1,0,0.00,0.00,0,0
1544355370,2007-eth4,59.94,0.00,59.94,0,60,1.00,0.00,1.00,0,1,0.00,0.00,0,0
1544355370,2004-eth2,59.94,59.94,119.88,60,60,1.00,1.00,2.00,1,1,0.00,0.00,0,0
1544355370,3002-eth1,8829.17,460435.56,469264.75,460896,8838,133.87,203.80,337.66,204,134,0.00,0.00,0,0
1544355370,3004-eth1,1210901.12,25912.09,1236813.25,25938,1212112,418.58,392.61,811.19,393,419,0.00,0.00,0,0
1544355370,2006-eth3,0.00,0.00,0.00,0,0,0.00,0.00,0.00,0,0,0.00,0.00,0,0
1544355370,3004-eth2,528355.69,19708.29,548063.94,19728,528884,224.78,298.70,523.48,299,225,0.00,0.00,0,0
1544355370,3001-eth3,1207073.00,1210889.12,2417962.00,1212100,1208280,667.33,681.32,1348.65,682,668,0.00,0.00,0,0
1544355370,2003-eth4,25912.09,1210901.12,1236813.25,1212112,25938,392.61,418.58,811.19,419,393,0.00,0.00,0,0
1544355370,2008-eth4,0.00,0.00,0.00,0,0,0.00,0.00,0.00,0,0,0.00,0.00,0,0
1544355370,3008-eth3,1206207.88,1211994.00,2418201.75,1213206,1207414,610.39,610.39,1220.78,611,611,0.00,0.00,0,0
1544355370,2005-eth2,0.00,0.00,0.00,0,0,0.00,0.00,0.00,0,0,0.00,0.00,0,0
1544355370,2006-eth4,0.00,59.94,59.94,60,0,0.00,1.00,1.00,1,0,0.00,0.00,0,0
1544355370,3006-eth2,59.94,0.00,59.94,0,60,1.00,0.00,1.00,0,1,0.00,0.00,0,0
1544355370,1003-eth4,0.00,0.00,0.00,0,0,0.00,0.00,0.00,0,0,0.00,0.00,0,0
1544355370,2006-eth2,0.00,0.00,0.00,0,0,0.00,0.00,0.00,0,0,0.00,0.00,0,0
1544355370,3001-eth1,0.00,0.00,0.00,0,0,0.00,0.00,0.00,0,0,0.00,0.00,0,0
1544355370,3008-eth2,0.00,0.00,0.00,0,0,0.00,0.00,0.00,0,0,0.00,0.00,0,0
1544355370,2004-eth3,528355.69,19648.35,548004.00,19668,528884,224.78,297.70,522.48,298,225,0.00,0.00,0,0
1544355370,3001-eth4,1216873.12,1207073.00,2423946.00,1208280,1218090,684.32,667.33,1351.65,668,685,0.00,0.00,0,0
1544355370,1003-eth1,0.00,0.00,0.00,0,0,0.00,0.00,0.00,0,0,0.00,0.00,0,0
1544355370,3002-eth2,59.94,0.00,59.94,0,60,1.00,0.00,1.00,0,1,0.00,0.00,0,0
1544355370,2005-eth4,59.94,59.94,119.88,60,60,1.00,1.00,2.00,1,1,0.00,0.00,0,0
1544355370,3003-eth2,19648.35,528355.69,548004.00,528884,19668,297.70,224.78,522.48,225,298,0.00,0.00,0,0
1544355370,2007-eth1,0.00,0.00,0.00,0,0,0.00,0.00,0.00,0,0,0.00,0.00,0,0
1544355370,1002-eth4,0.00,0.00,0.00,0,0,0.00,0.00,0.00,0,0,0.00,0.00,0,0
1544355370,3002-eth4,1207132.88,839978.06,2047111.00,840818,1208340,668.33,672.33,1340.66,673,669,0.00,0.00,0,0
1544355370,2007-eth3,0.00,0.00,0.00,0,0,0.00,0.00,0.00,0,0,0.00,0.00,0,0
1544355370,3005-eth1,0.00,0.00,0.00,0,0,0.00,0.00,0.00,0,0,0.00,0.00,0,0
1544355370,2001-eth4,460435.56,8829.17,469264.75,8838,460896,203.80,133.87,337.66,134,204,0.00,0.00,0,0
1544355370,3003-eth4,1230293.75,498347.66,1728641.38,498846,1231524,893.11,752.25,1645.35,753,894,0.00,0.00,0,0
1544355370,2004-eth1,0.00,0.00,0.00,0,0,0.00,0.00,0.00,0,0,0.00,0.00,0,0
1544355370,3006-eth4,1203812.25,1206971.00,2410783.25,1208178,1205016,486.51,468.53,955.04,469,487,0.00,0.00,0,0
1544355370,3007-eth1,0.00,0.00,0.00,0,0,0.00,0.00,0.00,0,0,0.00,0.00,0,0
1544355370,2008-eth1,0.00,0.00,0.00,0,0,0.00,0.00,0.00,0,0,0.00,0.00,0,0
1544355370,2002-eth2,0.00,0.00,0.00,0,0,0.00,0.00,0.00,0,0,0.00,0.00,0,0
1544355370,2003-eth1,460435.56,8769.23,469204.81,8778,460896,203.80,132.87,336.66,133,204,0.00,0.00,0,0
1544355370,3008-eth4,1214953.12,1206207.88,2421161.00,1207414,1216168,611.39,610.39,1221.78,611,612,0.00,0.00,0,0
1544355370,1004-eth4,0.00,0.00,0.00,0,0,0.00,0.00,0.00,0,0,0.00,0.00,0,0
1544355370,3006-eth1,59.94,59.94,119.88,60,60,1.00,1.00,2.00,1,1,0.00,0.00,0,0
1544355370,1004-eth3,0.00,0.00,0.00,0,0,0.00,0.00,0.00,0,0,0.00,0.00,0,0
1544355370,1002-eth2,0.00,0.00,0.00,0,0,0.00,0.00,0.00,0,0,0.00,0.00,0,0
1544355370,3004-eth3,21470.53,530155.88,551626.38,530686,21492,316.68,242.76,559.44,243,317,0.00,0.00,0,0
1544355370,2003-eth3,1213954.12,486347.66,1700301.75,486834,1215168,549.45,596.40,1145.85,597,550,0.00,0.00,0,0
1544355370,2005-eth1,59.94,0.00,59.94,0,60,1.00,0.00,1.00,0,1,0.00,0.00,0,0
1544355370,3002-eth3,1215524.50,1215842.25,2431366.75,1217058,1216740,839.16,800.20,1639.36,801,840,0.00,0.00,0,0
1544355370,3006-eth3,1207031.00,1203818.25,2410849.25,1205022,1208238,469.53,486.51,956.04,487,470,0.00,0.00,0,0
1544355370,2001-eth1,8769.23,460435.56,469204.81,460896,8778,132.87,203.80,336.66,204,133,0.00,0.00,0,0
1544355370,3005-eth2,0.00,0.00,0.00,0,0,0.00,0.00,0.00,0,0,0.00,0.00,0,0
1544355370,2001-eth2,0.00,0.00,0.00,0,0,0.00,0.00,0.00,0,0,0.00,0.00,0,0
1544355370,3007-eth2,0.00,0.00,0.00,0,0,0.00,0.00,0.00,0,0,0.00,0.00,0,0
1544355370,1001-eth1,460435.56,8769.23,469204.81,8778,460896,203.80,132.87,336.66,133,204,0.00,0.00,0,0
1544355370,3007-eth4,1208325.75,1211614.38,2419940.25,1212826,1209534,686.31,692.31,1378.62,693,687,0.00,0.00,0,0
1544355370,2003-eth2,0.00,0.00,0.00,0,0,0.00,0.00,0.00,0,0,0.00,0.00,0,0
1544355370,3007-eth3,1211614.38,1208259.75,2419874.25,1209468,1212826,692.31,685.31,1377.62,686,693,0.00,0.00,0,0
1544355370,1002-eth1,0.00,0.00,0.00,0,0,0.00,0.00,0.00,0,0,0.00,0.00,0,0
1544355370,2002-eth3,0.00,59.94,59.94,60,0,0.00,1.00,1.00,1,0,0.00,0.00,0,0
1544355370,2007-eth2,0.00,0.00,0.00,0,0,0.00,0.00,0.00,0,0,0.00,0.00,0,0
1544355370,total,22461300.00,22491108.00,44952408.00,22513598,22483760,14194.81,13945.06,28139.86,13959,14209,0.00,0.00,0,0
1544355371,3003-eth3,1224555.50,732533.50,1957089.00,733266,1225780,625.37,644.36,1269.73,645,626,0.00,0.00,0,0
1544355371,2002-eth1,0.00,0.00,0.00,0,0,0.00,0.00,0.00,0,0,0.00,0.00,0,0
1544355371,lo,98683.32,98683.32,197366.64,98782,98782,281.72,281.72,563.44,282,282,0.00,0.00,0,0
1544355371,3005-eth3,1225744.25,1215818.25,2441562.50,1217034,1226970,687.31,668.33,1355.64,669,688,0.00,0.00,0,0
1544355371,2005-eth3,59.94,59.94,119.88,60,60,1.00,1.00,2.00,1,1,0.00,0.00,0,0
1544355371,3004-eth4,28397.60,1226050.00,1254447.62,1227276,28426,420.58,441.56,862.14,442,421,0.00,0.00,0,0
1544355371,1004-eth2,0.00,0.00,0.00,0,0,0.00,0.00,0.00,0,0,0.00,0.00,0,0
1544355371,2004-eth4,14043.96,588655.38,602699.31,589244,14058,212.79,217.78,430.57,218,213,0.00,0.00,0,0
1544355371,1001-eth2,9032.97,418869.16,427902.12,419288,9042,136.86,143.86,280.72,144,137,0.00,0.00,0,0
1544355371,1003-eth3,0.00,59.94,59.94,60,0,0.00,1.00,1.00,1,0,0.00,0.00,0,0
1544355371,2002-eth4,0.00,0.00,0.00,0,0,0.00,0.00,0.00,0,0,0.00,0.00,0,0
1544355371,1001-eth4,0.00,0.00,0.00,0,0,0.00,0.00,0.00,0,0,0.00,0.00,0,0
1544355371,3001-eth2,0.00,0.00,0.00,0,0,0.00,0.00,0.00,0,0,0.00,0.00,0,0
1544355371,1004-eth1,59.94,0.00,59.94,0,60,1.00,0.00,1.00,0,1,0.00,0.00,0,0
1544355371,3005-eth4,1215812.25,1222725.25,2438537.50,1223948,1217028,668.33,685.31,1353.65,686,669,0.00,0.00,0,0
1544355371,1003-eth2,0.00,0.00,0.00,0,0,0.00,0.00,0.00,0,0,0.00,0.00,0,0
1544355371,3008-eth1,0.00,0.00,0.00,0,0,0.00,0.00,0.00,0,0,0.00,0.00,0,0
1544355371,1002-eth3,0.00,59.94,59.94,60,0,0.00,1.00,1.00,1,0,0.00,0.00,0,0
1544355371,2006-eth1,59.94,0.00,59.94,0,60,1.00,0.00,1.00,0,1,0.00,0.00,0,0
1544355371,3003-eth1,445308.72,1225594.50,1670903.12,1226820,445754,544.46,553.45,1097.90,554,545,0.00,0.00,0,0
1544355371,2001-eth3,0.00,0.00,0.00,0,0,0.00,0.00,0.00,0,0,0.00,0.00,0,0
1544355371,2008-eth2,0.00,59.94,59.94,60,0,0.00,1.00,1.00,1,0,0.00,0.00,0,0
1544355371,2008-eth3,0.00,59.94,59.94,60,0,0.00,1.00,1.00,1,0,0.00,0.00,0,0
1544355371,1001-eth3,0.00,0.00,0.00,0,0,0.00,0.00,0.00,0,0,0.00,0.00,0,0
1544355371,2007-eth4,0.00,0.00,0.00,0,0,0.00,0.00,0.00,0,0,0.00,0.00,0,0
1544355371,2004-eth2,0.00,0.00,0.00,0,0,0.00,0.00,0.00,0,0,0.00,0.00,0,0
1544355371,3002-eth1,9032.97,418869.16,427902.12,419288,9042,136.86,143.86,280.72,144,137,0.00,0.00,0,0
1544355371,3004-eth1,1224189.88,26439.56,1250629.38,26466,1225414,422.58,400.60,823.18,401,423,0.00,0.00,0,0
1544355371,2006-eth3,59.94,59.94,119.88,60,60,1.00,1.00,2.00,1,1,0.00,0.00,0,0
1544355371,3004-eth2,588655.38,14043.96,602699.31,14058,589244,217.78,212.79,430.57,213,218,0.00,0.00,0,0
1544355371,3001-eth3,1215752.25,1225684.38,2441436.75,1226910,1216968,667.33,686.31,1353.65,687,668,0.00,0.00,0,0
1544355371,2003-eth4,26439.56,1224189.88,1250629.38,1225414,26466,400.60,422.58,823.18,423,401,0.00,0.00,0,0
1544355371,2008-eth4,0.00,0.00,0.00,0,0,0.00,0.00,0.00,0,0,0.00,0.00,0,0
1544355371,3008-eth3,1212389.62,1223896.12,2436285.75,1225120,1213602,616.38,615.38,1231.77,616,617,0.00,0.00,0,0
1544355371,2005-eth2,59.94,0.00,59.94,0,60,1.00,0.00,1.00,0,1,0.00,0.00,0,0
1544355371,2006-eth4,59.94,0.00,59.94,0,60,1.00,0.00,1.00,0,1,0.00,0.00,0,0
1544355371,3006-eth2,0.00,59.94,59.94,60,0,0.00,1.00,1.00,1,0,0.00,0.00,0,0
1544355371,1003-eth4,0.00,0.00,0.00,0,0,0.00,0.00,0.00,0,0,0.00,0.00,0,0
1544355371,2006-eth2,59.94,59.94,119.88,60,60,1.00,1.00,2.00,1,1,0.00,0.00,0,0
1544355371,3001-eth1,0.00,0.00,0.00,0,0,0.00,0.00,0.00,0,0,0.00,0.00,0,0
1544355371,3008-eth2,0.00,0.00,0.00,0,0,0.00,0.00,0.00,0,0,0.00,0.00,0,0
1544355371,2004-eth3,588655.38,14043.96,602699.31,14058,589244,217.78,212.79,430.57,213,218,0.00,0.00,0,0
1544355371,3001-eth4,1222659.38,1215818.25,2438477.50,1217034,1223882,684.32,668.33,1352.65,669,685,0.00,0.00,0,0
1544355371,1003-eth1,0.00,0.00,0.00,0,0,0.00,0.00,0.00,0,0,0.00,0.00,0,0
1544355371,3002-eth2,0.00,0.00,0.00,0,0,0.00,0.00,0.00,0,0,0.00,0.00,0,0
1544355371,2005-eth4,0.00,0.00,0.00,0,0,0.00,0.00,0.00,0,0,0.00,0.00,0,0
1544355371,3003-eth2,14043.96,588655.38,602699.31,589244,14058,212.79,217.78,430.57,218,213,0.00,0.00,0,0
1544355371,2007-eth1,0.00,0.00,0.00,0,0,0.00,0.00,0.00,0,0,0.00,0.00,0,0
1544355371,1002-eth4,0.00,59.94,59.94,60,0,0.00,1.00,1.00,1,0,0.00,0.00,0,0
1544355371,3002-eth4,1215752.25,831364.69,2047117.00,832196,1216968,667.33,673.33,1340.66,674,668,0.00,0.00,0,0
1544355371,2007-eth3,59.94,59.94,119.88,60,60,1.00,1.00,2.00,1,1,0.00,0.00,0,0
1544355371,3005-eth1,59.94,59.94,119.88,60,60,1.00,1.00,2.00,1,1,0.00,0.00,0,0
1544355371,2001-eth4,418869.16,9032.97,427902.12,9042,419288,143.86,136.86,280.72,137,144,0.00,0.00,0,0
1544355371,3003-eth4,1231268.75,446627.38,1677896.12,447074,1232500,661.34,564.44,1225.77,565,662,0.00,0.00,0,0
1544355371,2004-eth1,0.00,0.00,0.00,0,0,0.00,0.00,0.00,0,0,0.00,0.00,0,0
1544355371,3006-eth4,1209736.25,1215914.12,2425650.50,1217130,1210946,488.51,472.53,961.04,473,489,0.00,0.00,0,0
1544355371,3007-eth1,59.94,59.94,119.88,60,60,1.00,1.00,2.00,1,1,0.00,0.00,0,0
1544355371,2008-eth1,0.00,0.00,0.00,0,0,0.00,0.00,0.00,0,0,0.00,0.00,0,0
1544355371,2002-eth2,0.00,59.94,59.94,60,0,0.00,1.00,1.00,1,0,0.00,0.00,0,0
1544355371,2003-eth1,418869.16,9032.97,427902.12,9042,419288,143.86,136.86,280.72,137,144,0.00,0.00,0,0
1544355371,3008-eth4,1223896.12,1212389.62,2436285.75,1213602,1225120,615.38,616.38,1231.77,617,616,0.00,0.00,0,0
1544355371,1004-eth4,59.94,0.00,59.94,0,60,1.00,0.00,1.00,0,1,0.00,0.00,0,0
1544355371,3006-eth1,0.00,0.00,0.00,0,0,0.00,0.00,0.00,0,0,0.00,0.00,0,0
1544355371,1004-eth3,59.94,59.94,119.88,60,60,1.00,1.00,2.00,1,1,0.00,0.00,0,0
1544355371,1002-eth2,0.00,0.00,0.00,0,0,0.00,0.00,0.00,0,0,0.00,0.00,0,0
1544355371,3004-eth3,16002.00,590613.38,606615.38,591204,16018,232.77,237.76,470.53,238,233,0.00,0.00,0,0
1544355371,2003-eth3,1225594.50,445308.72,1670903.12,445754,1226820,553.45,544.46,1097.90,545,554,0.00,0.00,0,0
1544355371,2005-eth1,0.00,0.00,0.00,0,0,0.00,0.00,0.00,0,0,0.00,0.00,0,0
1544355371,3002-eth3,1227083.00,1224785.25,2451868.25,1226010,1228310,817.18,804.20,1621.38,805,818,0.00,0.00,0,0
1544355371,3006-eth3,1215848.12,1215654.38,2431502.50,1216870,1217064,471.53,490.51,962.04,491,472,0.00,0.00,0,0
1544355371,2001-eth1,9032.97,418869.16,427902.12,419288,9042,136.86,143.86,280.72,144,137,0.00,0.00,0,0
1544355371,3005-eth2,59.94,59.94,119.88,60,60,1.00,1.00,2.00,1,1,0.00,0.00,0,0
1544355371,2001-eth2,0.00,0.00,0.00,0,0,0.00,0.00,0.00,0,0,0.00,0.00,0,0
1544355371,3007-eth2,59.94,0.00,59.94,0,60,1.00,0.00,1.00,0,1,0.00,0.00,0,0
1544355371,1001-eth1,418869.16,9032.97,427902.12,9042,419288,143.86,136.86,280.72,137,144,0.00,0.00,0,0
1544355371,3007-eth4,1215944.12,1222791.25,2438735.25,1224014,1217160,670.33,686.31,1356.64,687,671,0.00,0.00,0,0
1544355371,2003-eth2,0.00,0.00,0.00,0,0,0.00,0.00,0.00,0,0,0.00,0.00,0,0
1544355371,3007-eth3,1222851.12,1215950.12,2438801.25,1217166,1224074,687.31,670.33,1357.64,671,688,0.00,0.00,0,0
1544355371,1002-eth1,0.00,0.00,0.00,0,0,0.00,0.00,0.00,0,0,0.00,0.00,0,0
1544355371,2002-eth3,0.00,0.00,0.00,0,0,0.00,0.00,0.00,0,0,0.00,0.00,0,0
1544355371,2007-eth2,59.94,0.00,59.94,0,60,1.00,0.00,1.00,0,1,0.00,0.00,0,0
1544355371,total,22633912.00,22748836.00,45382748.00,22771584,22656546,13602.40,13546.45,27148.85,13560,13616,0.00,0.00,0,0
1544355372,3003-eth3,1223894.12,736807.19,1960701.38,737544,1225118,637.36,643.36,1280.72,644,638,0.00,0.00,0,0
1544355372,2002-eth1,59.94,0.00,59.94,0,60,1.00,0.00,1.00,0,1,0.00,0.00,0,0
1544355372,lo,7060.94,7060.94,14121.88,7068,7068,69.93,69.93,139.86,70,70,0.00,0.00,0,0
1544355372,3005-eth3,1222725.25,1211280.75,2434006.00,1212492,1223948,685.31,665.33,1350.65,666,686,0.00,0.00,0,0
1544355372,2005-eth3,0.00,0.00,0.00,0,0,0.00,0.00,0.00,0,0,0.00,0.00,0,0
1544355372,3004-eth4,28167.83,1221676.38,1249844.25,1222898,28196,417.58,440.56,858.14,441,418,0.00,0.00,0,0
1544355372,1004-eth2,0.00,0.00,0.00,0,0,0.00,0.00,0.00,0,0,0.00,0.00,0,0
1544355372,2004-eth4,11406.59,568399.62,579806.19,568968,11418,172.83,195.80,368.63,196,173,0.00,0.00,0,0
1544355372,1001-eth2,8967.03,463320.69,472287.72,463784,8976,135.86,159.84,295.70,160,136,0.00,0.00,0,0
1544355372,1003-eth3,0.00,0.00,0.00,0,0,0.00,0.00,0.00,0,0,0.00,0.00,0,0
1544355372,2002-eth4,59.94,0.00,59.94,0,60,1.00,0.00,1.00,0,1,0.00,0.00,0,0
1544355372,1001-eth4,0.00,59.94,59.94,60,0,0.00,1.00,1.00,1,0,0.00,0.00,0,0
1544355372,3001-eth2,0.00,0.00,0.00,0,0,0.00,0.00,0.00,0,0,0.00,0.00,0,0
1544355372,1004-eth1,0.00,0.00,0.00,0,0,0.00,0.00,0.00,0,0,0.00,0.00,0,0
1544355372,3005-eth4,1211280.75,1225684.38,2436965.00,1226910,1212492,665.33,686.31,1351.65,687,666,0.00,0.00,0,0
1544355372,1003-eth2,0.00,59.94,59.94,60,0,0.00,1.00,1.00,1,0,0.00,0.00,0,0
1544355372,3008-eth1,59.94,0.00,59.94,0,60,1.00,0.00,1.00,0,1,0.00,0.00,0,0
1544355372,1002-eth3,59.94,0.00,59.94,0,60,1.00,0.00,1.00,0,1,0.00,0.00,0,0
1544355372,2006-eth1,0.00,0.00,0.00,0,0,0.00,0.00,0.00,0,0,0.00,0.00,0,0
1544355372,3003-eth1,489688.31,1222965.12,1712653.38,1224188,490178,559.44,557.44,1116.88,558,560,0.00,0.00,0,0
1544355372,2001-eth3,0.00,59.94,59.94,60,0,0.00,1.00,1.00,1,0,0.00,0.00,0,0
1544355372,2008-eth2,0.00,0.00,0.00,0,0,0.00,0.00,0.00,0,0,0.00,0.00,0,0
1544355372,2008-eth3,0.00,0.00,0.00,0,0,0.00,0.00,0.00,0,0,0.00,0.00,0,0
1544355372,1001-eth3,0.00,0.00,0.00,0,0,0.00,0.00,0.00,0,0,0.00,0.00,0,0
1544355372,2007-eth4,0.00,59.94,59.94,60,0,0.00,1.00,1.00,1,0,0.00,0.00,0,0
1544355372,2004-eth2,0.00,0.00,0.00,0,0,0.00,0.00,0.00,0,0,0.00,0.00,0,0
1544355372,3002-eth1,8967.03,463320.69,472287.72,463784,8976,135.86,159.84,295.70,160,136,0.00,0.00,0,0
1544355372,3004-eth1,1219718.38,26307.69,1246026.00,26334,1220938,420.58,398.60,819.18,399,421,0.00,0.00,0,0
1544355372,2006-eth3,0.00,0.00,0.00,0,0,0.00,0.00,0.00,0,0,0.00,0.00,0,0
1544355372,3004-eth2,568399.62,11406.59,579806.19,11418,568968,195.80,172.83,368.63,173,196,0.00,0.00,0,0
1544355372,3001-eth3,1211472.50,1222725.25,2434197.75,1223948,1212684,668.33,685.31,1353.65,686,669,0.00,0.00,0,0
1544355372,2003-eth4,26307.69,1219718.38,1246026.00,1220938,26334,398.60,420.58,819.18,421,399,0.00,0.00,0,0
1544355372,2008-eth4,0.00,59.94,59.94,60,0,0.00,1.00,1.00,1,0,0.00,0.00,0,0
1544355372,3008-eth3,1212383.62,1222449.62,2434833.25,1223672,1213596,616.38,615.38,1231.77,616,617,0.00,0.00,0,0
1544355372,2005-eth2,0.00,59.94,59.94,60,0,0.00,1.00,1.00,1,0,0.00,0.00,0,0
1544355372,2006-eth4,0.00,0.00,0.00,0,0,0.00,0.00,0.00,0,0,0.00,0.00,0,0
1544355372,3006-eth2,0.00,0.00,0.00,0,0,0.00,0.00,0.00,0,0,0.00,0.00,0,0
1544355372,1003-eth4,0.00,0.00,0.00,0,0,0.00,0.00,0.00,0,0,0.00,0.00,0,0
1544355372,2006-eth2,0.00,0.00,0.00,0,0,0.00,0.00,0.00,0,0,0.00,0.00,0,0
1544355372,3001-eth1,59.94,0.00,59.94,0,60,1.00,0.00,1.00,0,1,0.00,0.00,0,0
1544355372,3008-eth2,59.94,0.00,59.94,0,60,1.00,0.00,1.00,0,1,0.00,0.00,0,0
1544355372,2004-eth3,568399.62,11466.53,579866.12,11478,568968,195.80,173.83,369.63,174,196,0.00,0.00,0,0
1544355372,3001-eth4,1225810.25,1211280.75,2437091.00,1212492,1227036,688.31,665.33,1353.65,666,689,0.00,0.00,0,0
1544355372,1003-eth1,0.00,59.94,59.94,60,0,0.00,1.00,1.00,1,0,0.00,0.00,0,0
1544355372,3002-eth2,0.00,59.94,59.94,60,0,0.00,1.00,1.00,1,0,0.00,0.00,0,0
1544355372,2005-eth4,0.00,0.00,0.00,0,0,0.00,0.00,0.00,0,0,0.00,0.00,0,0
1544355372,3003-eth2,11466.53,568399.62,579866.12,568968,11478,173.83,195.80,369.63,196,174,0.00,0.00,0,0
1544355372,2007-eth1,59.94,0.00,59.94,0,60,1.00,0.00,1.00,0,1,0.00,0.00,0,0
1544355372,1002-eth4,59.94,0.00,59.94,0,60,1.00,0.00,1.00,0,1,0.00,0.00,0,0
1544355372,3002-eth4,1213057.00,829918.12,2042975.12,830748,1214270,670.33,673.33,1343.66,674,671,0.00,0.00,0,0
1544355372,2007-eth3,0.00,0.00,0.00,0,0,0.00,0.00,0.00,0,0,0.00,0.00,0,0
1544355372,3005-eth1,0.00,0.00,0.00,0,0,0.00,0.00,0.00,0,0,0.00,0.00,0,0
1544355372,2001-eth4,463320.69,8967.03,472287.72,8976,463784,159.84,135.86,295.70,136,160,0.00,0.00,0,0
1544355372,3003-eth4,1226121.88,489298.72,1715420.62,489788,1227348,561.44,553.45,1114.89,554,562,0.00,0.00,0,0
1544355372,2004-eth1,59.94,0.00,59.94,0,60,1.00,0.00,1.00,0,1,0.00,0.00,0,0
1544355372,3006-eth4,1215720.38,1211442.62,2427163.00,1212654,1216936,491.51,470.53,962.04,471,492,0.00,0.00,0,0
1544355372,3007-eth1,0.00,0.00,0.00,0,0,0.00,0.00,0.00,0,0,0.00,0.00,0,0
1544355372,2008-eth1,0.00,0.00,0.00,0,0,0.00,0.00,0.00,0,0,0.00,0.00,0,0
1544355372,2002-eth2,0.00,0.00,0.00,0,0,0.00,0.00,0.00,0,0,0.00,0.00,0,0
1544355372,2003-eth1,463320.69,8967.03,472287.72,8976,463784,159.84,135.86,295.70,136,160,0.00,0.00,0,0
1544355372,3008-eth4,1220931.12,1212323.75,2433254.75,1213536,1222152,614.39,615.38,1229.77,616,615,0.00,0.00,0,0
1544355372,1004-eth4,0.00,0.00,0.00,0,0,0.00,0.00,0.00,0,0,0.00,0.00,0,0
1544355372,3006-eth1,0.00,0.00,0.00,0,0,0.00,0.00,0.00,0,0,0.00,0.00,0,0
1544355372,1004-eth3,0.00,0.00,0.00,0,0,0.00,0.00,0.00,0,0,0.00,0.00,0,0
1544355372,1002-eth2,59.94,0.00,59.94,0,60,1.00,0.00,1.00,0,1,0.00,0.00,0,0
1544355372,3004-eth3,13364.64,570259.75,583624.38,570830,13378,192.81,214.79,407.59,215,193,0.00,0.00,0,0
1544355372,2003-eth3,1222965.12,489688.31,1712653.38,490178,1224188,557.44,559.44,1116.88,560,558,0.00,0.00,0,0
1544355372,2005-eth1,0.00,0.00,0.00,0,0,0.00,0.00,0.00,0,0,0.00,0.00,0,0
1544355372,3002-eth3,1224521.50,1222024.00,2446545.50,1223246,1225746,800.20,806.19,1606.39,807,801,0.00,0.00,0,0
1544355372,3006-eth3,1211442.62,1209736.25,2421179.00,1210946,1212654,470.53,488.51,959.04,489,471,0.00,0.00,0,0
1544355372,2001-eth1,8967.03,463380.62,472347.66,463844,8976,135.86,160.84,296.70,161,136,0.00,0.00,0,0
1544355372,3005-eth2,0.00,0.00,0.00,0,0,0.00,0.00,0.00,0,0,0.00,0.00,0,0
1544355372,2001-eth2,0.00,59.94,59.94,60,0,0.00,1.00,1.00,1,0,0.00,0.00,0,0
1544355372,3007-eth2,0.00,0.00,0.00,0,0,0.00,0.00,0.00,0,0,0.00,0.00,0,0
1544355372,1001-eth1,463380.62,8967.03,472347.66,8976,463844,160.84,135.86,296.70,136,161,0.00,0.00,0,0
1544355372,3007-eth4,1211280.75,1225684.38,2436965.00,1226910,1212492,665.33,686.31,1351.65,687,666,0.00,0.00,0,0
1544355372,2003-eth2,0.00,59.94,59.94,60,0,0.00,1.00,1.00,1,0,0.00,0.00,0,0
1544355372,3007-eth3,1225684.38,1211346.62,2437031.00,1212558,1226910,686.31,666.33,1352.65,667,687,0.00,0.00,0,0
1544355372,1002-eth1,59.94,0.00,59.94,0,60,1.00,0.00,1.00,0,1,0.00,0.00,0,0
1544355372,2002-eth3,0.00,0.00,0.00,0,0,0.00,0.00,0.00,0,0,0.00,0.00,0,0
1544355372,2007-eth2,0.00,59.94,59.94,60,0,0.00,1.00,1.00,1,0,0.00,0.00,0,0
1544355372,total,22640854.00,22776934.00,45417788.00,22799710,22663494,13174.83,13219.78,26394.61,13233,13188,0.00,0.00,0,0
1544355373,3003-eth3,1222255.75,726483.56,1948739.38,727210,1223478,634.37,640.36,1274.73,641,635,0.00,0.00,0,0
1544355373,2002-eth1,0.00,59.94,59.94,60,0,0.00,1.00,1.00,1,0,0.00,0.00,0,0
1544355373,lo,7986.01,7986.01,15972.03,7994,7994,77.92,77.92,155.84,78,78,0.00,0.00,0,0
1544355373,3005-eth3,1222659.38,1215818.25,2438477.50,1217034,1223882,684.32,668.33,1352.65,669,685,0.00,0.00,0,0
1544355373,2005-eth3,0.00,0.00,0.00,0,0,0.00,0.00,0.00,0,0,0.00,0.00,0,0
1544355373,3004-eth4,28265.73,1221676.38,1249942.12,1222898,28294,418.58,440.56,859.14,441,419,0.00,0.00,0,0
1544355373,1004-eth2,0.00,0.00,0.00,0,0,0.00,0.00,0.00,0,0,0.00,0.00,0,0
1544355373,2004-eth4,11802.20,555116.88,566919.12,555672,11814,178.82,191.81,370.63,192,179,0.00,0.00,0,0
1544355373,1001-eth2,9620.38,460421.59,470041.97,460882,9630,145.85,159.84,305.69,160,146,0.00,0.00,0,0
1544355373,1003-eth3,59.94,0.00,59.94,0,60,1.00,0.00,1.00,0,1,0.00,0.00,0,0
1544355373,2002-eth4,0.00,0.00,0.00,0,0,0.00,0.00,0.00,0,0,0.00,0.00,0,0
1544355373,1001-eth4,59.94,0.00,59.94,0,60,1.00,0.00,1.00,0,1,0.00,0.00,0,0
1544355373,3001-eth2,0.00,59.94,59.94,60,0,0.00,1.00,1.00,1,0,0.00,0.00,0,0
1544355373,1004-eth1,0.00,59.94,59.94,60,0,0.00,1.00,1.00,1,0,0.00,0.00,0,0
1544355373,3005-eth4,1215818.25,1219700.38,2435518.50,1220920,1217034,668.33,683.32,1351.65,684,669,0.00,0.00,0,0
1544355373,1003-eth2,59.94,0.00,59.94,0,60,1.00,0.00,1.00,0,1,0.00,0.00,0,0
1544355373,3008-eth1,0.00,0.00,0.00,0,0,0.00,0.00,0.00,0,0,0.00,0.00,0,0
1544355373,1002-eth3,0.00,0.00,0.00,0,0,0.00,0.00,0.00,0,0,0.00,0.00,0,0
1544355373,2006-eth1,0.00,59.94,59.94,60,0,0.00,1.00,1.00,1,0,0.00,0.00,0,0
1544355373,3003-eth1,486669.34,1224609.38,1711278.75,1225834,487156,557.44,560.44,1117.88,561,558,0.00,0.00,0,0
1544355373,2001-eth3,59.94,0.00,59.94,0,60,1.00,0.00,1.00,0,1,0.00,0.00,0,0
1544355373,2008-eth2,0.00,0.00,0.00,0,0,0.00,0.00,0.00,0,0,0.00,0.00,0,0
1544355373,2008-eth3,59.94,0.00,59.94,0,60,1.00,0.00,1.00,0,1,0.00,0.00,0,0
1544355373,1001-eth3,59.94,0.00,59.94,0,60,1.00,0.00,1.00,0,1,0.00,0.00,0,0
1544355373,2007-eth4,0.00,0.00,0.00,0,0,0.00,0.00,0.00,0,0,0.00,0.00,0,0
1544355373,2004-eth2,0.00,0.00,0.00,0,0,0.00,0.00,0.00,0,0,0.00,0.00,0,0
1544355373,3002-eth1,9560.44,460421.59,469982.03,460882,9570,144.86,159.84,304.70,160,145,0.00,0.00,0,0
1544355373,3004-eth1,1219718.38,26367.63,1246086.00,26394,1220938,420.58,399.60,820.18,400,421,0.00,0.00,0,0
1544355373,2006-eth3,0.00,0.00,0.00,0,0,0.00,0.00,0.00,0,0,0.00,0.00,0,0
1544355373,3004-eth2,555116.88,11802.20,566919.12,11814,555672,191.81,178.82,370.63,179,192,0.00,0.00,0,0
1544355373,3001-eth3,1215686.38,1219634.38,2435320.75,1220854,1216902,666.33,682.32,1348.65,683,667,0.00,0.00,0,0
1544355373,2003-eth4,26367.63,1219718.38,1246086.00,1220938,26394,399.60,420.58,820.18,421,400,0.00,0.00,0,0
1544355373,2008-eth4,59.94,0.00,59.94,0,60,1.00,0.00,1.00,0,1,0.00,0.00,0,0
1544355373,3008-eth3,1201410.62,1221794.25,2423204.75,1223016,1202612,625.37,627.37,1252.75,628,626,0.00,0.00,0,0
1544355373,2005-eth2,0.00,0.00,0.00,0,0,0.00,0.00,0.00,0,0,0.00,0.00,0,0
1544355373,2006-eth4,0.00,0.00,0.00,0,0,0.00,0.00,0.00,0,0,0.00,0.00,0,0
1544355373,3006-eth2,0.00,0.00,0.00,0,0,0.00,0.00,0.00,0,0,0.00,0.00,0,0
1544355373,1003-eth4,59.94,59.94,119.88,60,60,1.00,1.00,2.00,1,1,0.00,0.00,0,0
1544355373,2006-eth2,0.00,0.00,0.00,0,0,0.00,0.00,0.00,0,0,0.00,0.00,0,0
1544355373,3001-eth1,0.00,59.94,59.94,60,0,0.00,1.00,1.00,1,0,0.00,0.00,0,0
1544355373,3008-eth2,0.00,59.94,59.94,60,0,0.00,1.00,1.00,1,0,0.00,0.00,0,0
1544355373,2004-eth3,555116.88,11802.20,566919.12,11814,555672,191.81,178.82,370.63,179,192,0.00,0.00,0,0
1544355373,3001-eth4,1219634.38,1215752.25,2435386.75,1216968,1220854,682.32,667.33,1349.65,668,683,0.00,0.00,0,0
1544355373,1003-eth1,59.94,0.00,59.94,0,60,1.00,0.00,1.00,0,1,0.00,0.00,0,0
1544355373,3002-eth2,0.00,0.00,0.00,0,0,0.00,0.00,0.00,0,0,0.00,0.00,0,0
1544355373,2005-eth4,0.00,0.00,0.00,0,0,0.00,0.00,0.00,0,0,0.00,0.00,0,0
1544355373,3003-eth2,11802.20,555116.88,566919.12,555672,11814,178.82,191.81,370.63,192,179,0.00,0.00,0,0
1544355373,2007-eth1,0.00,59.94,59.94,60,0,0.00,1.00,1.00,1,0,0.00,0.00,0,0
1544355373,1002-eth4,0.00,0.00,0.00,0,0,0.00,0.00,0.00,0,0,0.00,0.00,0,0
1544355373,3002-eth4,1212595.50,797170.88,2009766.25,797968,1213808,663.34,659.34,1322.68,660,664,0.00,0.00,0,0
1544355373,2007-eth3,0.00,0.00,0.00,0,0,0.00,0.00,0.00,0,0,0.00,0.00,0,0
1544355373,3005-eth1,0.00,0.00,0.00,0,0,0.00,0.00,0.00,0,0,0.00,0.00,0,0
1544355373,2001-eth4,460421.59,9560.44,469982.03,9570,460882,159.84,144.86,304.70,145,160,0.00,0.00,0,0
1544355373,3003-eth4,1219670.38,486735.28,1706405.62,487222,1220890,551.45,558.44,1109.89,559,552,0.00,0.00,0,0
1544355373,2004-eth1,0.00,59.94,59.94,60,0,0.00,1.00,1.00,1,0,0.00,0.00,0,0
1544355373,3006-eth4,1203818.25,1211376.62,2415194.75,1212588,1205022,486.51,469.53,956.04,470,487,0.00,0.00,0,0
1544355373,3007-eth1,0.00,0.00,0.00,0,0,0.00,0.00,0.00,0,0,0.00,0.00,0,0
1544355373,2008-eth1,59.94,59.94,119.88,60,60,1.00,1.00,2.00,1,1,0.00,0.00,0,0
1544355373,2002-eth2,59.94,0.00,59.94,0,60,1.00,0.00,1.00,0,1,0.00,0.00,0,0
1544355373,2003-eth1,460421.59,9620.38,470041.97,9630,460882,159.84,145.85,305.69,146,160,0.00,0.00,0,0
1544355373,3008-eth4,1220413.62,1207328.75,2427742.25,1208536,1221634,628.37,627.37,1255.74,628,629,0.00,0.00,0,0
1544355373,1004-eth4,0.00,0.00,0.00,0,0,0.00,0.00,0.00,0,0,0.00,0.00,0,0
1544355373,3006-eth1,0.00,0.00,0.00,0,0,0.00,0.00,0.00,0,0,0.00,0.00,0,0
1544355373,1004-eth3,0.00,0.00,0.00,0,0,0.00,0.00,0.00,0,0,0.00,0.00,0,0
1544355373,1002-eth2,0.00,59.94,59.94,60,0,0.00,1.00,1.00,1,0,0.00,0.00,0,0
1544355373,3004-eth3,13760.24,557074.94,570835.19,557632,13774,198.80,211.79,410.59,212,199,0.00,0.00,0,0
1544355373,2003-eth3,1224609.38,486669.34,1711278.75,487156,1225834,560.44,557.44,1117.88,558,561,0.00,0.00,0,0
1544355373,2005-eth1,0.00,59.94,59.94,60,0,0.00,1.00,1.00,1,0,0.00,0.00,0,0
1544355373,3002-eth3,1218797.25,1222155.88,2440953.00,1223378,1220016,779.22,808.19,1587.41,809,780,0.00,0.00,0,0
1544355373,3006-eth3,1211442.62,1203818.25,2415260.75,1205022,1212654,470.53,486.51,957.04,487,471,0.00,0.00,0,0
1544355373,2001-eth1,9620.38,460361.66,469982.03,460822,9630,145.85,158.84,304.70,159,146,0.00,0.00,0,0
1544355373,3005-eth2,0.00,0.00,0.00,0,0,0.00,0.00,0.00,0,0,0.00,0.00,0,0
1544355373,2001-eth2,59.94,0.00,59.94,0,60,1.00,0.00,1.00,0,1,0.00,0.00,0,0
1544355373,3007-eth2,0.00,59.94,59.94,60,0,0.00,1.00,1.00,1,0,0.00,0.00,0,0
1544355373,1001-eth1,460361.66,9620.38,469982.03,9630,460822,158.84,145.85,304.70,146,159,0.00,0.00,0,0
1544355373,3007-eth4,1217268.75,1217862.12,2435131.00,1219080,1218486,690.31,699.30,1389.61,700,691,0.00,0.00,0,0
1544355373,2003-eth2,59.94,0.00,59.94,0,60,1.00,0.00,1.00,0,1,0.00,0.00,0,0
1544355373,3007-eth3,1214903.12,1212995.00,2427898.25,1214208,1216118,698.30,691.31,1389.61,692,699,0.00,0.00,0,0
1544355373,1002-eth1,0.00,59.94,59.94,60,0,0.00,1.00,1.00,1,0,0.00,0.00,0,0
1544355373,2002-eth3,59.94,0.00,59.94,0,60,1.00,0.00,1.00,0,1,0.00,0.00,0,0
1544355373,2007-eth2,0.00,0.00,0.00,0,0,0.00,0.00,0.00,0,0,0.00,0.00,0,0
1544355373,total,22568434.00,22667412.00,45235844.00,22690078,22591002,13232.77,13307.69,26540.46,13321,13246,0.00,0.00,0,0
1544355374,3003-eth3,1222519.50,727930.06,1950449.62,728658,1223742,638.36,640.36,1278.72,641,639,0.00,0.00,0,0
1544355374,2002-eth1,0.00,0.00,0.00,0,0,0.00,0.00,0.00,0,0,0.00,0.00,0,0
1544355374,lo,98737.27,98737.27,197474.53,98836,98836,284.72,284.72,569.43,285,285,0.00,0.00,0,0
1544355374,3005-eth3,1222725.25,1215752.25,2438477.50,1216968,1223948,685.31,667.33,1352.65,668,686,0.00,0.00,0,0
1544355374,2005-eth3,0.00,0.00,0.00,0,0,0.00,0.00,0.00,0,0,0.00,0.00,0,0
1544355374,3004-eth4,28325.68,1223188.88,1251514.50,1224412,28354,419.58,441.56,861.14,442,420,0.00,0.00,0,0
1544355374,1004-eth2,0.00,59.94,59.94,60,0,0.00,1.00,1.00,1,0,0.00,0.00,0,0
1544355374,2004-eth4,11598.40,535910.12,547508.50,536446,11610,175.82,185.81,361.64,186,176,0.00,0.00,0,0
1544355374,1001-eth2,9758.24,475156.84,484915.09,475632,9768,147.85,163.84,311.69,164,148,0.00,0.00,0,0
1544355374,1003-eth3,0.00,0.00,0.00,0,0,0.00,0.00,0.00,0,0,0.00,0.00,0,0
1544355374,2002-eth4,0.00,59.94,59.94,60,0,0.00,1.00,1.00,1,0,0.00,0.00,0,0
1544355374,1001-eth4,0.00,0.00,0.00,0,0,0.00,0.00,0.00,0,0,0.00,0.00,0,0
1544355374,3001-eth2,59.94,0.00,59.94,0,60,1.00,0.00,1.00,0,1,0.00,0.00,0,0
1544355374,1004-eth1,0.00,0.00,0.00,0,0,0.00,0.00,0.00,0,0,0.00,0.00,0,0
1544355374,3005-eth4,1215752.25,1222725.25,2438477.50,1223948,1216968,667.33,685.31,1352.65,686,668,0.00,0.00,0,0
1544355374,1003-eth2,0.00,0.00,0.00,0,0,0.00,0.00,0.00,0,0,0.00,0.00,0,0
1544355374,3008-eth1,0.00,59.94,59.94,60,0,0.00,1.00,1.00,1,0,0.00,0.00,0,0
1544355374,1002-eth3,0.00,0.00,0.00,0,0,0.00,0.00,0.00,0,0,0.00,0.00,0,0
1544355374,2006-eth1,0.00,0.00,0.00,0,0,0.00,0.00,0.00,0,0,0.00,0.00,0,0
1544355374,3003-eth1,501464.56,1223552.50,1725017.00,1224776,501966,562.44,566.43,1128.87,567,563,0.00,0.00,0,0
1544355374,2001-eth3,0.00,0.00,0.00,0,0,0.00,0.00,0.00,0,0,0.00,0.00,0,0
1544355374,2008-eth2,59.94,0.00,59.94,0,60,1.00,0.00,1.00,0,1,0.00,0.00,0,0
1544355374,2008-eth3,0.00,0.00,0.00,0,0,0.00,0.00,0.00,0,0,0.00,0.00,0,0
1544355374,1001-eth3,0.00,0.00,0.00,0,0,0.00,0.00,0.00,0,0,0.00,0.00,0,0
1544355374,2007-eth4,59.94,0.00,59.94,0,60,1.00,0.00,1.00,0,1,0.00,0.00,0,0
1544355374,2004-eth2,59.94,0.00,59.94,0,60,1.00,0.00,1.00,0,1,0.00,0.00,0,0
1544355374,3002-eth1,9818.18,475156.84,484975.03,475632,9828,148.85,163.84,312.69,164,149,0.00,0.00,0,0
1544355374,3004-eth1,1221290.75,26307.69,1247598.38,26334,1222512,422.58,398.60,821.18,399,423,0.00,0.00,0,0
1544355374,2006-eth3,0.00,0.00,0.00,0,0,0.00,0.00,0.00,0,0,0.00,0.00,0,0
1544355374,3004-eth2,535910.12,11598.40,547508.50,11610,536446,185.81,175.82,361.64,176,186,0.00,0.00,0,0
1544355374,3001-eth3,1211412.62,1222329.75,2433742.25,1223552,1212624,667.33,679.32,1346.65,680,668,0.00,0.00,0,0
1544355374,2003-eth4,26307.69,1221290.75,1247598.38,1222512,26334,398.60,422.58,821.18,423,399,0.00,0.00,0,0
1544355374,2008-eth4,0.00,0.00,0.00,0,0,0.00,0.00,0.00,0,0,0.00,0.00,0,0
1544355374,3008-eth3,1216803.25,1223838.25,2440641.50,1225062,1218020,661.34,658.34,1319.68,659,662,0.00,0.00,0,0
1544355374,2005-eth2,0.00,0.00,0.00,0,0,0.00,0.00,0.00,0,0,0.00,0.00,0,0
1544355374,2006-eth4,0.00,59.94,59.94,60,0,0.00,1.00,1.00,1,0,0.00,0.00,0,0
1544355374,3006-eth2,59.94,0.00,59.94,0,60,1.00,0.00,1.00,0,1,0.00,0.00,0,0
1544355374,1003-eth4,0.00,0.00,0.00,0,0,0.00,0.00,0.00,0,0,0.00,0.00,0,0
1544355374,2006-eth2,0.00,0.00,0.00,0,0,0.00,0.00,0.00,0,0,0.00,0.00,0,0
1544355374,3001-eth1,0.00,0.00,0.00,0,0,0.00,0.00,0.00,0,0,0.00,0.00,0,0
1544355374,3008-eth2,0.00,0.00,0.00,0,0,0.00,0.00,0.00,0,0,0.00,0.00,0,0
1544355374,2004-eth3,535910.12,11538.46,547448.56,11550,536446,185.81,174.83,360.64,175,186,0.00,0.00,0,0
1544355374,3001-eth4,1222329.75,1211412.62,2433742.25,1212624,1223552,679.32,667.33,1346.65,668,680,0.00,0.00,0,0
1544355374,1003-eth1,0.00,0.00,0.00,0,0,0.00,0.00,0.00,0,0,0.00,0.00,0,0
1544355374,3002-eth2,59.94,0.00,59.94,0,60,1.00,0.00,1.00,0,1,0.00,0.00,0,0
1544355374,2005-eth4,59.94,59.94,119.88,60,60,1.00,1.00,2.00,1,1,0.00,0.00,0,0
1544355374,3003-eth2,11538.46,535910.12,547448.56,536446,11550,174.83,185.81,360.64,186,175,0.00,0.00,0,0
1544355374,2007-eth1,0.00,0.00,0.00,0,0,0.00,0.00,0.00,0,0,0.00,0.00,0,0
1544355374,1002-eth4,0.00,0.00,0.00,0,0,0.00,0.00,0.00,0,0,0.00,0.00,0,0
1544355374,3002-eth4,1215350.62,782573.44,1997924.12,783356,1216566,661.34,657.34,1318.68,658,662,0.00,0.00,0,0
1544355374,2007-eth3,0.00,0.00,0.00,0,0,0.00,0.00,0.00,0,0,0.00,0.00,0,0
1544355374,3005-eth1,0.00,0.00,0.00,0,0,0.00,0.00,0.00,0,0,0.00,0.00,0,0
1544355374,2001-eth4,475156.84,9818.18,484975.03,9828,475632,163.84,148.85,312.69,149,164,0.00,0.00,0,0
1544355374,3003-eth4,1222899.12,501530.47,1724429.62,502032,1224122,556.44,563.44,1119.88,564,557,0.00,0.00,0,0
1544355374,2004-eth1,0.00,0.00,0.00,0,0,0.00,0.00,0.00,0,0,0.00,0.00,0,0
1544355374,3006-eth4,1209862.12,1215848.12,2425710.25,1217064,1211072,490.51,471.53,962.04,472,491,0.00,0.00,0,0
1544355374,3007-eth1,0.00,0.00,0.00,0,0,0.00,0.00,0.00,0,0,0.00,0.00,0,0
1544355374,2008-eth1,0.00,0.00,0.00,0,0,0.00,0.00,0.00,0,0,0.00,0.00,0,0
1544355374,2002-eth2,0.00,0.00,0.00,0,0,0.00,0.00,0.00,0,0,0.00,0.00,0,0
1544355374,2003-eth1,475156.84,9758.24,484915.09,9768,475632,163.84,147.85,311.69,148,164,0.00,0.00,0,0
1544355374,3008-eth4,1223838.25,1213844.25,2437682.50,1215058,1225062,658.34,660.34,1318.68,661,659,0.00,0.00,0,0
1544355374,1004-eth4,0.00,59.94,59.94,60,0,0.00,1.00,1.00,1,0,0.00,0.00,0,0
1544355374,3006-eth1,59.94,59.94,119.88,60,60,1.00,1.00,2.00,1,1,0.00,0.00,0,0
1544355374,1004-eth3,0.00,0.00,0.00,0,0,0.00,0.00,0.00,0,0,0.00,0.00,0,0
1544355374,1002-eth2,0.00,0.00,0.00,0,0,0.00,0.00,0.00,0,0,0.00,0.00,0,0
1544355374,3004-eth3,13556.44,537808.19,551364.62,538346,13570,195.80,204.80,400.60,205,196,0.00,0.00,0,0
1544355374,2003-eth3,1223552.50,501464.56,1725017.00,501966,1224776,566.43,562.44,1128.87,563,567,0.00,0.00,0,0
1544355374,2005-eth1,0.00,0.00,0.00,0,0,0.00,0.00,0.00,0,0,0.00,0.00,0,0
1544355374,3002-eth3,1224653.38,1225049.00,2449702.25,1226274,1225878,802.20,808.19,1610.39,809,803,0.00,0.00,0,0
1544355374,3006-eth3,1215908.12,1209802.25,2425710.25,1211012,1217124,472.53,489.51,962.04,490,473,0.00,0.00,0,0
1544355374,2001-eth1,9758.24,475156.84,484915.09,475632,9768,147.85,163.84,311.69,164,148,0.00,0.00,0,0
1544355374,3005-eth2,0.00,0.00,0.00,0,0,0.00,0.00,0.00,0,0,0.00,0.00,0,0
1544355374,2001-eth2,0.00,0.00,0.00,0,0,0.00,0.00,0.00,0,0,0.00,0.00,0,0
1544355374,3007-eth2,0.00,0.00,0.00,0,0,0.00,0.00,0.00,0,0,0.00,0.00,0,0
1544355374,1001-eth1,475156.84,9758.24,484915.09,9768,475632,163.84,147.85,311.69,148,164,0.00,0.00,0,0
1544355374,3007-eth4,1215065.88,1221900.25,2436966.25,1224344,1217496,674.65,690.62,1365.27,692,676,0.00,0.00,0,0
1544355374,2003-eth2,0.00,0.00,0.00,0,0,0.00,0.00,0.00,0,0,0.00,0.00,0,0
1544355374,3007-eth3,1221900.25,1214736.50,2436636.75,1217166,1224344,690.62,669.66,1360.28,671,692,0.00,0.00,0,0
1544355374,1002-eth1,0.00,0.00,0.00,0,0,0.00,0.00,0.00,0,0,0.00,0.00,0,0
1544355374,2002-eth3,0.00,59.88,59.88,60,0,0.00,1.00,1.00,1,0,0.00,0.00,0,0
1544355374,2007-eth2,0.00,0.00,0.00,0,0,0.00,0.00,0.00,0,0,0.00,0.00,0,0
1544355374,total,22704250.00,22771550.00,45475800.00,22817092,22749658,13509.98,13543.91,27053.89,13571,13537,0.00,0.00,0,0
1544355375,3003-eth3,1221562.88,731604.81,1953167.75,733068,1224006,641.72,640.72,1282.44,642,643,0.00,0.00,0,0
1544355375,2002-eth1,0.00,0.00,0.00,0,0,0.00,0.00,0.00,0,0,0.00,0.00,0,0
1544355375,lo,7413.17,7413.17,14826.35,7428,7428,72.85,72.85,145.71,73,73,0.00,0.00,0,0
1544355375,3005-eth3,1221564.88,1210006.00,2431571.00,1212426,1224008,685.63,663.67,1349.30,665,687,0.00,0.00,0,0
1544355375,2005-eth3,59.88,59.88,119.76,60,60,1.00,1.00,2.00,1,1,0.00,0.00,0,0
1544355375,3004-eth4,28199.80,1224635.38,1252835.25,1225860,28228,417.58,441.56,859.14,442,418,0.00,0.00,0,0
1544355375,1004-eth2,59.94,0.00,59.94,0,60,1.00,0.00,1.00,0,1,0.00,0.00,0,0
1544355375,2004-eth4,11472.53,529932.06,541404.62,530462,11484,173.83,182.82,356.64,183,174,0.00,0.00,0,0
1544355375,1001-eth2,9890.11,488505.50,498395.62,488994,9900,149.85,168.83,318.68,169,150,0.00,0.00,0,0
1544355375,1003-eth3,0.00,0.00,0.00,0,0,0.00,0.00,0.00,0,0,0.00,0.00,0,0
1544355375,2002-eth4,0.00,0.00,0.00,0,0,0.00,0.00,0.00,0,0,0.00,0.00,0,0
1544355375,1001-eth4,0.00,0.00,0.00,0,0,0.00,0.00,0.00,0,0,0.00,0.00,0,0
1544355375,3001-eth2,0.00,0.00,0.00,0,0,0.00,0.00,0.00,0,0,0.00,0.00,0,0
1544355375,1004-eth1,59.94,0.00,59.94,0,60,1.00,0.00,1.00,0,1,0.00,0.00,0,0
1544355375,3005-eth4,1211340.75,1222725.25,2434066.00,1223948,1212552,666.33,685.31,1351.65,686,667,0.00,0.00,0,0
1544355375,1003-eth2,0.00,0.00,0.00,0,0,0.00,0.00,0.00,0,0,0.00,0.00,0,0
1544355375,3008-eth1,0.00,0.00,0.00,0,0,0.00,0.00,0.00,0,0,0.00,0.00,0,0
1544355375,1002-eth3,0.00,59.94,59.94,60,0,0.00,1.00,1.00,1,0,0.00,0.00,0,0
1544355375,2006-eth1,0.00,0.00,0.00,0,0,0.00,0.00,0.00,0,0,0.00,0.00,0,0
1544355375,3003-eth1,514747.28,1220203.88,1734951.12,1221424,515262,566.43,559.44,1125.87,560,567,0.00,0.00,0,0
1544355375,2001-eth3,0.00,0.00,0.00,0,0,0.00,0.00,0.00,0,0,0.00,0.00,0,0
1544355375,2008-eth2,0.00,59.94,59.94,60,0,0.00,1.00,1.00,1,0,0.00,0.00,0,0
1544355375,2008-eth3,0.00,59.94,59.94,60,0,0.00,1.00,1.00,1,0,0.00,0.00,0,0
1544355375,1001-eth3,0.00,59.94,59.94,60,0,0.00,1.00,1.00,1,0,0.00,0.00,0,0
1544355375,2007-eth4,0.00,0.00,0.00,0,0,0.00,0.00,0.00,0,0,0.00,0.00,0,0
1544355375,2004-eth2,0.00,59.94,59.94,60,0,0.00,1.00,1.00,1,0,0.00,0.00,0,0
1544355375,3002-eth1,9890.11,488505.50,498395.62,488994,9900,149.85,168.83,318.68,169,150,0.00,0.00,0,0
1544355375,3004-eth1,1222677.38,26241.76,1248919.12,26268,1223900,421.58,397.60,819.18,398,422,0.00,0.00,0,0
1544355375,2006-eth3,59.94,59.94,119.88,60,60,1.00,1.00,2.00,1,1,0.00,0.00,0,0
1544355375,3004-eth2,529932.06,11472.53,541404.62,11484,530462,182.82,173.83,356.64,174,183,0.00,0.00,0,0
1544355375,3001-eth3,1214539.00,1220059.88,2434598.75,1222500,1216968,666.67,684.63,1351.30,686,668,0.00,0.00,0,0
1544355375,2003-eth4,26215.57,1221457.12,1247672.75,1223900,26268,397.21,421.16,818.36,422,398,0.00,0.00,0,0
1544355375,2008-eth4,0.00,0.00,0.00,0,0,0.00,0.00,0.00,0,0,0.00,0.00,0,0
1544355375,3008-eth3,1211051.88,1221562.88,2432614.75,1224006,1213474,635.73,641.72,1277.45,643,637,0.00,0.00,0,0
1544355375,2005-eth2,59.88,0.00,59.88,0,60,1.00,0.00,1.00,0,1,0.00,0.00,0,0
1544355375,2006-eth4,59.88,0.00,59.88,0,60,1.00,0.00,1.00,0,1,0.00,0.00,0,0
1544355375,3006-eth2,0.00,59.88,59.88,60,0,0.00,1.00,1.00,1,0,0.00,0.00,0,0
1544355375,1003-eth4,0.00,0.00,0.00,0,0,0.00,0.00,0.00,0,0,0.00,0.00,0,0
1544355375,2006-eth2,59.88,59.88,119.76,60,60,1.00,1.00,2.00,1,1,0.00,0.00,0,0
1544355375,3001-eth1,0.00,0.00,0.00,0,0,0.00,0.00,0.00,0,0,0.00,0.00,0,0
1544355375,3008-eth2,0.00,0.00,0.00,0,0,0.00,0.00,0.00,0,0,0.00,0.00,0,0
1544355375,2004-eth3,529403.19,11461.08,540864.31,11484,530462,182.63,173.65,356.29,174,183,0.00,0.00,0,0
1544355375,3001-eth4,1223016.00,1214604.88,2437620.75,1217034,1225462,685.63,667.66,1353.29,669,687,0.00,0.00,0,0
1544355375,1003-eth1,0.00,0.00,0.00,0,0,0.00,0.00,0.00,0,0,0.00,0.00,0,0
1544355375,3002-eth2,0.00,0.00,0.00,0,0,0.00,0.00,0.00,0,0,0.00,0.00,0,0
1544355375,2005-eth4,0.00,0.00,0.00,0,0,0.00,0.00,0.00,0,0,0.00,0.00,0,0
1544355375,3003-eth2,11461.08,529403.19,540864.31,530462,11484,173.65,182.63,356.29,183,174,0.00,0.00,0,0
1544355375,2007-eth1,0.00,0.00,0.00,0,0,0.00,0.00,0.00,0,0,0.00,0.00,0,0
1544355375,1002-eth4,0.00,59.88,59.88,60,0,0.00,1.00,1.00,1,0,0.00,0.00,0,0
1544355375,3002-eth4,1213946.12,768391.25,1982337.38,769928,1216374,657.68,650.70,1308.38,652,659,0.00,0.00,0,0
1544355375,2007-eth3,59.88,59.88,119.76,60,60,1.00,1.00,2.00,1,1,0.00,0.00,0,0
1544355375,3005-eth1,59.88,59.88,119.76,60,60,1.00,1.00,2.00,1,1,0.00,0.00,0,0
1544355375,2001-eth4,488017.97,9880.24,497898.22,9900,488994,168.66,149.70,318.36,150,169,0.00,0.00,0,0
1544355375,3003-eth4,1220628.75,514431.16,1735059.88,515460,1223070,561.88,568.86,1130.74,570,563,0.00,0.00,0,0
1544355375,2004-eth1,0.00,0.00,0.00,0,0,0.00,0.00,0.00,0,0,0.00,0.00,0,0
1544355375,3006-eth4,1214507.00,1210233.62,2424740.50,1212654,1216936,491.02,470.06,961.08,471,492,0.00,0.00,0,0
1544355375,3007-eth1,59.88,59.88,119.76,60,60,1.00,1.00,2.00,1,1,0.00,0.00,0,0
1544355375,2008-eth1,0.00,0.00,0.00,0,0,0.00,0.00,0.00,0,0,0.00,0.00,0,0
1544355375,2002-eth2,0.00,59.88,59.88,60,0,0.00,1.00,1.00,1,0,0.00,0.00,0,0
1544355375,2003-eth1,488017.97,9880.24,497898.22,9900,488994,168.66,149.70,318.36,150,169,0.00,0.00,0,0
1544355375,3008-eth4,1224519.00,1214073.88,2438593.00,1216502,1226968,642.71,637.72,1280.44,639,644,0.00,0.00,0,0
1544355375,1004-eth4,59.88,0.00,59.88,0,60,1.00,0.00,1.00,0,1,0.00,0.00,0,0
1544355375,3006-eth1,0.00,0.00,0.00,0,0,0.00,0.00,0.00,0,0,0.00,0.00,0,0
1544355375,1004-eth3,59.88,59.88,119.76,60,60,1.00,1.00,2.00,1,1,0.00,0.00,0,0
1544355375,1002-eth2,0.00,0.00,0.00,0,0,0.00,0.00,0.00,0,0,0.00,0.00,0,0
1544355375,3004-eth3,13417.17,531359.31,544776.44,532422,13444,193.61,202.59,396.21,203,194,0.00,0.00,0,0
1544355375,2003-eth3,1218986.00,514233.56,1733219.62,515262,1221424,558.88,565.87,1124.75,567,560,0.00,0.00,0,0
1544355375,2005-eth1,59.88,0.00,59.88,0,60,1.00,0.00,1.00,0,1,0.00,0.00,0,0
1544355375,3002-eth3,1221914.25,1223826.38,2445740.50,1226274,1224358,800.40,807.39,1607.78,809,802,0.00,0.00,0,0
1544355375,3006-eth3,1210299.38,1214507.00,2424806.50,1216936,1212720,471.06,491.02,962.08,492,472,0.00,0.00,0,0
1544355375,2001-eth1,9880.24,488017.97,497898.22,488994,9900,149.70,168.66,318.36,169,150,0.00,0.00,0,0
1544355375,3005-eth2,59.88,59.88,119.76,60,60,1.00,1.00,2.00,1,1,0.00,0.00,0,0
1544355375,2001-eth2,0.00,0.00,0.00,0,0,0.00,0.00,0.00,0,0,0.00,0.00,0,0
1544355375,3007-eth2,59.88,0.00,59.88,0,60,1.00,0.00,1.00,0,1,0.00,0.00,0,0
1544355375,1001-eth1,488017.97,9880.24,497898.22,9900,488994,168.66,149.70,318.36,150,169,0.00,0.00,0,0
1544355375,3007-eth4,1214598.88,1224461.12,2439060.00,1226910,1217028,667.66,685.63,1353.29,687,669,0.00,0.00,0,0
1544355375,2003-eth2,0.00,0.00,0.00,0,0,0.00,0.00,0.00,0,0,0.00,0.00,0,0
1544355375,3007-eth3,1221499.00,1214604.88,2436103.75,1217034,1223942,684.63,667.66,1352.30,669,686,0.00,0.00,0,0
1544355375,1002-eth1,0.00,0.00,0.00,0,0,0.00,0.00,0.00,0,0,0.00,0.00,0,0
1544355375,2002-eth3,0.00,0.00,0.00,0,0,0.00,0.00,0.00,0,0,0.00,0.00,0,0
1544355375,2007-eth2,59.88,0.00,59.88,0,60,1.00,0.00,1.00,0,1,0.00,0.00,0,0
1544355375,total,22650054.00,22723332.00,45373388.00,22768778,22695354,13268.46,13305.39,26573.85,13332,13295,0.00,0.00,0,0
1544355376,3003-eth3,1224584.88,725824.38,1950409.25,727276,1227034,643.71,640.72,1284.43,642,645,0.00,0.00,0,0
1544355376,2002-eth1,59.88,0.00,59.88,0,60,1.00,0.00,1.00,0,1,0.00,0.00,0,0
1544355376,lo,6744.51,6744.51,13489.02,6758,6758,65.87,65.87,131.74,66,66,0.00,0.00,0,0
1544355376,3005-eth3,1221439.12,1214604.88,2436044.00,1217034,1223882,683.63,667.66,1351.30,669,685,0.00,0.00,0,0
1544355376,2005-eth3,0.00,0.00,0.00,0,0,0.00,0.00,0.00,0,0,0.00,0.00,0,0
1544355376,3004-eth4,28303.39,1220457.12,1248760.50,1222898,28360,419.16,440.12,859.28,441,420,0.00,0.00,0,0
1544355376,1004-eth2,0.00,0.00,0.00,0,0,0.00,0.00,0.00,0,0,0.00,0.00,0,0
1544355376,2004-eth4,11395.21,523491.03,534886.25,524538,11418,172.65,180.64,353.29,181,173,0.00,0.00,0,0
1544355376,1001-eth2,10275.45,468770.47,479045.91,469708,10296,155.69,161.68,317.37,162,156,0.00,0.00,0,0
1544355376,1003-eth3,0.00,59.88,59.88,60,0,0.00,1.00,1.00,1,0,0.00,0.00,0,0
1544355376,2002-eth4,0.00,0.00,0.00,0,0,0.00,0.00,0.00,0,0,0.00,0.00,0,0
1544355376,1001-eth4,0.00,59.88,59.88,60,0,0.00,1.00,1.00,1,0,0.00,0.00,0,0
1544355376,3001-eth2,0.00,0.00,0.00,0,0,0.00,0.00,0.00,0,0,0.00,0.00,0,0
1544355376,1004-eth1,0.00,0.00,0.00,0,0,0.00,0.00,0.00,0,0,0.00,0.00,0,0
1544355376,3005-eth4,1214539.00,1221439.12,2435978.00,1223882,1216968,666.67,683.63,1350.30,685,668,0.00,0.00,0,0
1544355376,1003-eth2,0.00,59.88,59.88,60,0,0.00,1.00,1.00,1,0,0.00,0.00,0,0
1544355376,3008-eth1,59.88,0.00,59.88,0,60,1.00,0.00,1.00,0,1,0.00,0.00,0,0
1544355376,1002-eth3,59.88,0.00,59.88,0,60,1.00,0.00,1.00,0,1,0.00,0.00,0,0
1544355376,2006-eth1,59.88,0.00,59.88,0,60,1.00,0.00,1.00,0,1,0.00,0.00,0,0
1544355376,3003-eth1,495177.66,1222469.12,1717646.75,1224914,496168,561.88,567.86,1129.74,569,563,0.00,0.00,0,0
1544355376,2001-eth3,0.00,59.88,59.88,60,0,0.00,1.00,1.00,1,0,0.00,0.00,0,0
1544355376,2008-eth2,0.00,0.00,0.00,0,0,0.00,0.00,0.00,0,0,0.00,0.00,0,0
1544355376,2008-eth3,0.00,0.00,0.00,0,0,0.00,0.00,0.00,0,0,0.00,0.00,0,0
1544355376,1001-eth3,0.00,0.00,0.00,0,0,0.00,0.00,0.00,0,0,0.00,0.00,0,0
1544355376,2007-eth4,0.00,59.88,59.88,60,0,0.00,1.00,1.00,1,0,0.00,0.00,0,0
1544355376,2004-eth2,0.00,0.00,0.00,0,0,0.00,0.00,0.00,0,0,0.00,0.00,0,0
1544355376,3002-eth1,10275.45,468770.47,479045.91,469708,10296,155.69,161.68,317.37,162,156,0.00,0.00,0,0
1544355376,3004-eth1,1218501.00,26347.31,1244848.38,26400,1220938,420.16,399.20,819.36,400,421,0.00,0.00,0,0
1544355376,2006-eth3,0.00,0.00,0.00,0,0,0.00,0.00,0.00,0,0,0.00,0.00,0,0
1544355376,3004-eth2,523491.03,11395.21,534886.25,11418,524538,180.64,172.65,353.29,173,181,0.00,0.00,0,0
1544355376,3001-eth3,1214796.50,1224131.75,2438928.25,1226580,1217226,670.66,680.64,1351.30,682,672,0.00,0.00,0,0
1544355376,2003-eth4,26347.31,1218501.00,1244848.38,1220938,26400,399.20,420.16,819.36,421,400,0.00,0.00,0,0
1544355376,2008-eth4,0.00,59.88,59.88,60,0,0.00,1.00,1.00,1,0,0.00,0.00,0,0
1544355376,3008-eth3,1210654.75,1222287.50,2432942.25,1224732,1213076,651.70,652.69,1304.39,654,653,0.00,0.00,0,0
1544355376,2005-eth2,0.00,59.88,59.88,60,0,0.00,1.00,1.00,1,0,0.00,0.00,0,0
1544355376,2006-eth4,0.00,0.00,0.00,0,0,0.00,0.00,0.00,0,0,0.00,0.00,0,0
1544355376,3006-eth2,0.00,0.00,0.00,0,0,0.00,0.00,0.00,0,0,0.00,0.00,0,0
1544355376,1003-eth4,0.00,0.00,0.00,0,0,0.00,0.00,0.00,0,0,0.00,0.00,0,0
1544355376,2006-eth2,0.00,0.00,0.00,0,0,0.00,0.00,0.00,0,0,0.00,0.00,0,0
1544355376,3001-eth1,59.88,0.00,59.88,0,60,1.00,0.00,1.00,0,1,0.00,0.00,0,0
1544355376,3008-eth2,59.88,0.00,59.88,0,60,1.00,0.00,1.00,0,1,0.00,0.00,0,0
1544355376,2004-eth3,523491.03,11455.09,534946.12,11478,524538,180.64,173.65,354.29,174,181,0.00,0.00,0,0
1544355376,3001-eth4,1221235.50,1214670.75,2435906.25,1217100,1223678,680.64,668.66,1349.30,670,682,0.00,0.00,0,0
1544355376,1003-eth1,0.00,59.88,59.88,60,0,0.00,1.00,1.00,1,0,0.00,0.00,0,0
1544355376,3002-eth2,0.00,0.00,0.00,0,0,0.00,0.00,0.00,0,0,0.00,0.00,0,0
1544355376,2005-eth4,0.00,0.00,0.00,0,0,0.00,0.00,0.00,0,0,0.00,0.00,0,0
1544355376,3003-eth2,11455.09,523491.03,534946.12,524538,11478,173.65,180.64,354.29,181,174,0.00,0.00,0,0
1544355376,2007-eth1,59.88,0.00,59.88,0,60,1.00,0.00,1.00,0,1,0.00,0.00,0,0
1544355376,1002-eth4,59.88,0.00,59.88,0,60,1.00,0.00,1.00,0,1,0.00,0.00,0,0
1544355376,3002-eth4,1210726.62,758077.88,1968804.50,759594,1213148,652.69,647.70,1300.40,649,654,0.00,0.00,0,0
1544355376,2007-eth3,0.00,0.00,0.00,0,0,0.00,0.00,0.00,0,0,0.00,0.00,0,0
1544355376,3005-eth1,0.00,0.00,0.00,0,0,0.00,0.00,0.00,0,0,0.00,0.00,0,0
1544355376,2001-eth4,468770.47,10275.45,479045.91,10296,469708,161.68,155.69,317.37,156,162,0.00,0.00,0,0
1544355376,3003-eth4,1221876.25,495183.66,1717059.88,496174,1224320,558.88,561.88,1120.76,563,560,0.00,0.00,0,0
1544355376,2004-eth1,59.88,0.00,59.88,0,60,1.00,0.00,1.00,0,1,0.00,0.00,0,0
1544355376,3006-eth4,1208529.00,1214700.62,2423229.50,1217130,1210946,488.02,472.06,960.08,473,489,0.00,0.00,0,0
1544355376,3007-eth1,0.00,0.00,0.00,0,0,0.00,0.00,0.00,0,0,0.00,0.00,0,0
1544355376,2008-eth1,0.00,0.00,0.00,0,0,0.00,0.00,0.00,0,0,0.00,0.00,0,0
1544355376,2002-eth2,0.00,0.00,0.00,0,0,0.00,0.00,0.00,0,0,0.00,0.00,0,0
1544355376,2003-eth1,468770.47,10275.45,479045.91,10296,469708,161.68,155.69,317.37,156,162,0.00,0.00,0,0
1544355376,3008-eth4,1222347.38,1209018.00,2431365.25,1211436,1224792,653.69,648.70,1302.40,650,655,0.00,0.00,0,0
1544355376,1004-eth4,0.00,0.00,0.00,0,0,0.00,0.00,0.00,0,0,0.00,0.00,0,0
1544355376,3006-eth1,0.00,0.00,0.00,0,0,0.00,0.00,0.00,0,0,0.00,0.00,0,0
1544355376,1004-eth3,0.00,0.00,0.00,0,0,0.00,0.00,0.00,0,0,0.00,0.00,0,0
1544355376,1002-eth2,59.94,0.00,59.94,0,60,1.00,0.00,1.00,0,1,0.00,0.00,0,0
1544355376,3004-eth3,13364.64,525972.06,539336.69,526498,13378,192.81,200.80,393.61,201,193,0.00,0.00,0,0
1544355376,2003-eth3,1223690.38,495672.34,1719362.62,496168,1224914,568.43,562.44,1130.87,563,569,0.00,0.00,0,0
1544355376,2005-eth1,0.00,0.00,0.00,0,0,0.00,0.00,0.00,0,0,0.00,0.00,0,0
1544355376,3002-eth3,1222745.25,1225180.88,2447926.25,1226406,1223968,795.20,810.19,1605.39,811,796,0.00,0.00,0,0
1544355376,3006-eth3,1215782.25,1209736.25,2425518.50,1210946,1216998,470.53,488.51,959.04,489,471,0.00,0.00,0,0
1544355376,2001-eth1,10285.71,469298.72,479584.44,469768,10296,155.84,162.84,318.68,163,156,0.00,0.00,0,0
1544355376,3005-eth2,0.00,0.00,0.00,0,0,0.00,0.00,0.00,0,0,0.00,0.00,0,0
1544355376,2001-eth2,0.00,59.94,59.94,60,0,0.00,1.00,1.00,1,0,0.00,0.00,0,0
1544355376,3007-eth2,0.00,0.00,0.00,0,0,0.00,0.00,0.00,0,0,0.00,0.00,0,0
1544355376,1001-eth1,469298.72,10285.71,479584.44,10296,469768,162.84,155.84,318.68,156,163,0.00,0.00,0,0
1544355376,3007-eth4,1211346.62,1219700.38,2431047.00,1220920,1212558,666.33,683.32,1349.65,684,667,0.00,0.00,0,0
1544355376,2003-eth2,0.00,59.94,59.94,60,0,0.00,1.00,1.00,1,0,0.00,0.00,0,0
1544355376,3007-eth3,1222725.25,1211280.75,2434006.00,1212492,1223948,685.31,665.33,1350.65,666,686,0.00,0.00,0,0
1544355376,1002-eth1,59.94,0.00,59.94,0,60,1.00,0.00,1.00,0,1,0.00,0.00,0,0
1544355376,2002-eth3,0.00,0.00,0.00,0,0,0.00,0.00,0.00,0,0,0.00,0.00,0,0
1544355376,2007-eth2,0.00,59.94,59.94,60,0,0.00,1.00,1.00,1,0,0.00,0.00,0,0
1544355376,total,22579584.00,22606374.00,45185960.00,22628980,22602162,13276.72,13309.69,26586.41,13323,13290,0.00,0.00,0,0
1544355377,3003-eth3,1222909.12,722143.88,1945053.00,722866,1224132,644.36,640.36,1284.72,641,645,0.00,0.00,0,0
1544355377,2002-eth1,0.00,59.94,59.94,60,0,0.00,1.00,1.00,1,0,0.00,0.00,0,0
1544355377,lo,99766.23,99766.23,199532.47,99866,99866,294.71,294.71,589.41,295,295,0.00,0.00,0,0
1544355377,3005-eth3,1222791.25,1215818.25,2438609.50,1217034,1224014,686.31,668.33,1354.65,669,687,0.00,0.00,0,0
1544355377,2005-eth3,0.00,0.00,0.00,0,0,0.00,0.00,0.00,0,0,0.00,0.00,0,0
1544355377,3004-eth4,28397.60,1226147.88,1254545.50,1227374,28426,420.58,442.56,863.14,443,421,0.00,0.00,0,0
1544355377,1004-eth2,0.00,0.00,0.00,0,0,0.00,0.00,0.00,0,0,0.00,0.00,0,0
1544355377,2004-eth4,11274.73,522501.50,533776.25,523024,11286,170.83,179.82,350.65,180,171,0.00,0.00,0,0
1544355377,1001-eth2,10213.79,481134.88,491348.66,481616,10224,154.85,166.83,321.68,167,155,0.00,0.00,0,0
1544355377,1003-eth3,59.94,0.00,59.94,0,60,1.00,0.00,1.00,0,1,0.00,0.00,0,0
1544355377,2002-eth4,59.94,0.00,59.94,0,60,1.00,0.00,1.00,0,1,0.00,0.00,0,0
1544355377,1001-eth4,59.94,0.00,59.94,0,60,1.00,0.00,1.00,0,1,0.00,0.00,0,0
1544355377,3001-eth2,0.00,59.94,59.94,60,0,0.00,1.00,1.00,1,0,0.00,0.00,0,0
1544355377,1004-eth1,0.00,59.94,59.94,60,0,0.00,1.00,1.00,1,0,0.00,0.00,0,0
1544355377,3005-eth4,1215818.25,1224237.75,2440056.00,1225462,1217034,668.33,686.31,1354.65,687,669,0.00,0.00,0,0
1544355377,1003-eth2,59.94,0.00,59.94,0,60,1.00,0.00,1.00,0,1,0.00,0.00,0,0
1544355377,3008-eth1,0.00,0.00,0.00,0,0,0.00,0.00,0.00,0,0,0.00,0.00,0,0
1544355377,1002-eth3,0.00,0.00,0.00,0,0,0.00,0.00,0.00,0,0,0.00,0.00,0,0
1544355377,2006-eth1,0.00,59.94,59.94,60,0,0.00,1.00,1.00,1,0,0.00,0.00,0,0
1544355377,3003-eth1,507514.50,1225334.75,1732849.25,1226560,508022,566.43,571.43,1137.86,572,567,0.00,0.00,0,0
1544355377,2001-eth3,59.94,0.00,59.94,0,60,1.00,0.00,1.00,0,1,0.00,0.00,0,0
1544355377,2008-eth2,0.00,0.00,0.00,0,0,0.00,0.00,0.00,0,0,0.00,0.00,0,0
1544355377,2008-eth3,0.00,0.00,0.00,0,0,0.00,0.00,0.00,0,0,0.00,0.00,0,0
1544355377,1001-eth3,59.94,0.00,59.94,0,60,1.00,0.00,1.00,0,1,0.00,0.00,0,0
1544355377,2007-eth4,0.00,0.00,0.00,0,0,0.00,0.00,0.00,0,0,0.00,0.00,0,0
1544355377,2004-eth2,0.00,0.00,0.00,0,0,0.00,0.00,0.00,0,0,0.00,0.00,0,0
1544355377,3002-eth1,10153.85,481134.88,491288.72,481616,10164,153.85,166.83,320.68,167,154,0.00,0.00,0,0
1544355377,3004-eth1,1221230.75,26439.56,1247670.38,26466,1222452,421.58,400.60,822.18,401,422,0.00,0.00,0,0
1544355377,2006-eth3,0.00,0.00,0.00,0,0,0.00,0.00,0.00,0,0,0.00,0.00,0,0
1544355377,3004-eth2,522501.50,11274.73,533776.25,11286,523024,179.82,170.83,350.65,171,180,0.00,0.00,0,0
1544355377,3001-eth3,1215818.25,1225354.62,2441173.00,1226580,1217034,668.33,681.32,1349.65,682,669,0.00,0.00,0,0
1544355377,2003-eth4,26439.56,1221230.75,1247670.38,1222452,26466,400.60,421.58,822.18,422,401,0.00,0.00,0,0
1544355377,2008-eth4,59.94,0.00,59.94,0,60,1.00,0.00,1.00,0,1,0.00,0.00,0,0
1544355377,3008-eth3,1215027.00,1223706.38,2438733.25,1224930,1216242,656.34,656.34,1312.69,657,657,0.00,0.00,0,0
1544355377,2005-eth2,0.00,0.00,0.00,0,0,0.00,0.00,0.00,0,0,0.00,0.00,0,0
1544355377,2006-eth4,0.00,0.00,0.00,0,0,0.00,0.00,0.00,0,0,0.00,0.00,0,0
1544355377,3006-eth2,0.00,0.00,0.00,0,0,0.00,0.00,0.00,0,0,0.00,0.00,0,0
1544355377,1003-eth4,59.94,59.94,119.88,60,60,1.00,1.00,2.00,1,1,0.00,0.00,0,0
1544355377,2006-eth2,0.00,0.00,0.00,0,0,0.00,0.00,0.00,0,0,0.00,0.00,0,0
1544355377,3001-eth1,0.00,59.94,59.94,60,0,0.00,1.00,1.00,1,0,0.00,0.00,0,0
1544355377,3008-eth2,0.00,59.94,59.94,60,0,0.00,1.00,1.00,1,0,0.00,0.00,0,0
1544355377,2004-eth3,522501.50,11274.73,533776.25,11286,523024,179.82,170.83,350.65,171,180,0.00,0.00,0,0
1544355377,3001-eth4,1225354.62,1215818.25,2441173.00,1217034,1226580,681.32,668.33,1349.65,669,682,0.00,0.00,0,0
1544355377,1003-eth1,59.94,0.00,59.94,0,60,1.00,0.00,1.00,0,1,0.00,0.00,0,0
1544355377,3002-eth2,0.00,59.94,59.94,60,0,0.00,1.00,1.00,1,0,0.00,0.00,0,0
1544355377,2005-eth4,0.00,0.00,0.00,0,0,0.00,0.00,0.00,0,0,0.00,0.00,0,0
1544355377,3003-eth2,11274.73,522501.50,533776.25,523024,11286,170.83,179.82,350.65,180,171,0.00,0.00,0,0
1544355377,2007-eth1,0.00,59.94,59.94,60,0,0.00,1.00,1.00,1,0,0.00,0.00,0,0
1544355377,1002-eth4,0.00,0.00,0.00,0,0,0.00,0.00,0.00,0,0,0.00,0.00,0,0
1544355377,3002-eth4,1214961.12,761794.25,1976755.25,762556,1216176,655.34,649.35,1304.70,650,656,0.00,0.00,0,0
1544355377,2007-eth3,0.00,0.00,0.00,0,0,0.00,0.00,0.00,0,0,0.00,0.00,0,0
1544355377,3005-eth1,0.00,0.00,0.00,0,0,0.00,0.00,0.00,0,0,0.00,0.00,0,0
1544355377,2001-eth4,480654.72,10143.71,490798.41,10164,481616,166.67,153.69,320.36,154,167,0.00,0.00,0,0
1544355377,3003-eth4,1225353.38,507008.00,1732361.38,508022,1227804,567.86,565.87,1133.73,567,569,0.00,0.00,0,0
1544355377,2004-eth1,0.00,59.88,59.88,60,0,0.00,1.00,1.00,1,0,0.00,0.00,0,0
1544355377,3006-eth4,1210105.88,1214634.75,2424740.50,1217064,1212526,490.02,471.06,961.08,472,491,0.00,0.00,0,0
1544355377,3007-eth1,0.00,0.00,0.00,0,0,0.00,0.00,0.00,0,0,0.00,0.00,0,0
1544355377,2008-eth1,59.88,59.88,119.76,60,60,1.00,1.00,2.00,1,1,0.00,0.00,0,0
1544355377,2002-eth2,59.88,0.00,59.88,0,60,1.00,0.00,1.00,0,1,0.00,0.00,0,0
1544355377,2003-eth1,480654.72,10203.59,490858.28,10224,481616,166.67,154.69,321.36,155,167,0.00,0.00,0,0
1544355377,3008-eth4,1225507.00,1216968.12,2442475.00,1219402,1227958,657.68,659.68,1317.37,661,659,0.00,0.00,0,0
1544355377,1004-eth4,0.00,0.00,0.00,0,0,0.00,0.00,0.00,0,0,0.00,0.00,0,0
1544355377,3006-eth1,0.00,0.00,0.00,0,0,0.00,0.00,0.00,0,0,0.00,0.00,0,0
1544355377,1004-eth3,0.00,0.00,0.00,0,0,0.00,0.00,0.00,0,0,0.00,0.00,0,0
1544355377,1002-eth2,0.00,59.88,59.88,60,0,0.00,1.00,1.00,1,0,0.00,0.00,0,0
1544355377,3004-eth3,13285.43,526892.25,540177.69,527946,13312,191.62,200.60,392.22,201,192,0.00,0.00,0,0
1544355377,2003-eth3,1227067.88,507008.00,1734075.88,508022,1229522,571.86,565.87,1137.72,567,573,0.00,0.00,0,0
1544355377,2005-eth1,0.00,59.88,59.88,60,0,0.00,1.00,1.00,1,0,0.00,0.00,0,0
1544355377,3002-eth3,1225403.25,1223892.25,2449295.50,1226340,1227854,809.38,808.38,1617.76,810,811,0.00,0.00,0,0
1544355377,3006-eth3,1214700.62,1210105.88,2424806.50,1212526,1217130,472.06,490.02,962.08,491,473,0.00,0.00,0,0
1544355377,2001-eth1,10203.59,480594.81,490798.41,481556,10224,154.69,165.67,320.36,166,155,0.00,0.00,0,0
1544355377,3005-eth2,0.00,0.00,0.00,0,0,0.00,0.00,0.00,0,0,0.00,0.00,0,0
1544355377,2001-eth2,59.88,0.00,59.88,0,60,1.00,0.00,1.00,0,1,0.00,0.00,0,0
1544355377,3007-eth2,0.00,0.00,0.00,0,0,0.00,0.00,0.00,0,0,0.00,0.00,0,0
1544355377,1001-eth1,480594.81,10203.59,490798.41,10224,481556,165.67,154.69,320.36,155,166,0.00,0.00,0,0
1544355377,3007-eth4,1214604.88,1226038.00,2440642.75,1228490,1217034,667.66,687.62,1355.29,689,669,0.00,0.00,0,0
1544355377,2003-eth2,59.88,0.00,59.88,0,60,1.00,0.00,1.00,0,1,0.00,0.00,0,0
1544355377,3007-eth3,1227483.12,1214604.88,2442088.00,1217034,1229938,687.62,667.66,1355.29,669,689,0.00,0.00,0,0
1544355377,1002-eth1,0.00,59.88,59.88,60,0,0.00,1.00,1.00,1,0,0.00,0.00,0,0
1544355377,2002-eth3,59.88,0.00,59.88,0,60,1.00,0.00,1.00,0,1,0.00,0.00,0,0
1544355377,2007-eth2,0.00,0.00,0.00,0,0,0.00,0.00,0.00,0,0,0.00,0.00,0,0
1544355377,total,22728924.00,22763360.00,45492284.00,22808886,22774382,13549.90,13567.86,27117.77,13595,13577,0.00,0.00,0,0
1544355378,3003-eth3,1224716.62,721357.31,1946073.88,722800,1227166,645.71,638.72,1284.43,640,647,0.00,0.00,0,0
1544355378,2002-eth1,0.00,0.00,0.00,0,0,0.00,0.00,0.00,0,0,0.00,0.00,0,0
1544355378,lo,7103.79,7103.79,14207.58,7118,7118,68.86,68.86,137.72,69,69,0.00,0.00,0,0
1544355378,3005-eth3,1224395.25,1214604.88,2439000.00,1217034,1226844,684.63,667.66,1352.30,669,686,0.00,0.00,0,0
1544355378,2005-eth3,0.00,0.00,0.00,0,0,0.00,0.00,0.00,0,0,0.00,0.00,0,0
1544355378,3004-eth4,28363.27,1223413.25,1251776.50,1225860,28420,420.16,441.12,861.28,442,421,0.00,0.00,0,0
1544355378,1004-eth2,0.00,59.88,59.88,60,0,0.00,1.00,1.00,1,0,0.00,0.00,0,0
1544355378,2004-eth4,11455.09,532419.19,543874.25,533484,11478,173.65,184.63,358.28,185,174,0.00,0.00,0,0
1544355378,1001-eth2,10143.71,477638.75,487782.44,478594,10164,153.69,164.67,318.36,165,154,0.00,0.00,0,0
1544355378,1003-eth3,0.00,0.00,0.00,0,0,0.00,0.00,0.00,0,0,0.00,0.00,0,0
1544355378,2002-eth4,0.00,59.88,59.88,60,0,0.00,1.00,1.00,1,0,0.00,0.00,0,0
1544355378,1001-eth4,0.00,0.00,0.00,0,0,0.00,0.00,0.00,0,0,0.00,0.00,0,0
1544355378,3001-eth2,59.88,0.00,59.88,0,60,1.00,0.00,1.00,0,1,0.00,0.00,0,0
1544355378,1004-eth1,0.00,0.00,0.00,0,0,0.00,0.00,0.00,0,0,0.00,0.00,0,0
1544355378,3005-eth4,1210137.75,1221439.12,2431577.00,1223882,1212558,665.67,683.63,1349.30,685,667,0.00,0.00,0,0
1544355378,1003-eth2,0.00,0.00,0.00,0,0,0.00,0.00,0.00,0,0,0.00,0.00,0,0
1544355378,3008-eth1,0.00,59.88,59.88,60,0,0.00,1.00,1.00,1,0,0.00,0.00,0,0
1544355378,1002-eth3,0.00,0.00,0.00,0,0,0.00,0.00,0.00,0,0,0.00,0.00,0,0
1544355378,2006-eth1,0.00,0.00,0.00,0,0,0.00,0.00,0.00,0,0,0.00,0.00,0,0
1544355378,3003-eth1,503986.03,1222990.00,1726976.12,1225436,504994,563.87,575.85,1139.72,577,565,0.00,0.00,0,0
1544355378,2001-eth3,0.00,0.00,0.00,0,0,0.00,0.00,0.00,0,0,0.00,0.00,0,0
1544355378,2008-eth2,59.88,0.00,59.88,0,60,1.00,0.00,1.00,0,1,0.00,0.00,0,0
1544355378,2008-eth3,59.88,0.00,59.88,0,60,1.00,0.00,1.00,0,1,0.00,0.00,0,0
1544355378,1001-eth3,0.00,0.00,0.00,0,0,0.00,0.00,0.00,0,0,0.00,0.00,0,0
1544355378,2007-eth4,59.88,0.00,59.88,0,60,1.00,0.00,1.00,0,1,0.00,0.00,0,0
1544355378,2004-eth2,59.88,0.00,59.88,0,60,1.00,0.00,1.00,0,1,0.00,0.00,0,0
1544355378,3002-eth1,10203.59,477638.75,487842.34,478594,10224,154.69,164.67,319.36,165,155,0.00,0.00,0,0
1544355378,3004-eth1,1221517.00,26407.19,1247924.12,26460,1223960,422.16,400.20,822.36,401,423,0.00,0.00,0,0
1544355378,2006-eth3,0.00,0.00,0.00,0,0,0.00,0.00,0.00,0,0,0.00,0.00,0,0
1544355378,3004-eth2,532419.19,11455.09,543874.25,11478,533484,184.63,173.65,358.28,174,185,0.00,0.00,0,0
1544355378,3001-eth3,1214736.50,1221109.88,2435846.25,1223552,1217166,669.66,678.64,1348.30,680,671,0.00,0.00,0,0
1544355378,2003-eth4,26407.19,1221517.00,1247924.12,1223960,26460,400.20,422.16,822.36,423,401,0.00,0.00,0,0
1544355378,2008-eth4,0.00,0.00,0.00,0,0,0.00,0.00,0.00,0,0,0.00,0.00,0,0
1544355378,3008-eth3,1214539.00,1223539.00,2438078.00,1225986,1216968,666.67,671.66,1338.32,673,668,0.00,0.00,0,0
1544355378,2005-eth2,0.00,0.00,0.00,0,0,0.00,0.00,0.00,0,0,0.00,0.00,0,0
1544355378,2006-eth4,0.00,59.88,59.88,60,0,0.00,1.00,1.00,1,0,0.00,0.00,0,0
1544355378,3006-eth2,59.88,0.00,59.88,0,60,1.00,0.00,1.00,0,1,0.00,0.00,0,0
1544355378,1003-eth4,0.00,0.00,0.00,0,0,0.00,0.00,0.00,0,0,0.00,0.00,0,0
1544355378,2006-eth2,0.00,0.00,0.00,0,0,0.00,0.00,0.00,0,0,0.00,0.00,0,0
1544355378,3001-eth1,0.00,0.00,0.00,0,0,0.00,0.00,0.00,0,0,0.00,0.00,0,0
1544355378,3008-eth2,0.00,0.00,0.00,0,0,0.00,0.00,0.00,0,0,0.00,0.00,0,0
1544355378,2004-eth3,532419.19,11395.21,543814.38,11418,533484,184.63,172.65,357.29,173,185,0.00,0.00,0,0
1544355378,3001-eth4,1221109.88,1210269.50,2431379.25,1212690,1223552,678.64,667.66,1346.31,669,680,0.00,0.00,0,0
1544355378,1003-eth1,0.00,0.00,0.00,0,0,0.00,0.00,0.00,0,0,0.00,0.00,0,0
1544355378,3002-eth2,59.88,0.00,59.88,0,60,1.00,0.00,1.00,0,1,0.00,0.00,0,0
1544355378,2005-eth4,0.00,59.88,59.88,60,0,0.00,1.00,1.00,1,0,0.00,0.00,0,0
1544355378,3003-eth2,11395.21,532419.19,543814.38,533484,11418,172.65,184.63,357.29,185,173,0.00,0.00,0,0
1544355378,2007-eth1,0.00,0.00,0.00,0,0,0.00,0.00,0.00,0,0,0.00,0.00,0,0
1544355378,1002-eth4,0.00,0.00,0.00,0,0,0.00,0.00,0.00,0,0,0.00,0.00,0,0
1544355378,3002-eth4,1210720.62,763924.19,1974644.75,765452,1213142,652.69,648.70,1301.40,650,654,0.00,0.00,0,0
1544355378,2007-eth3,0.00,0.00,0.00,0,0,0.00,0.00,0.00,0,0,0.00,0.00,0,0
1544355378,3005-eth1,0.00,0.00,0.00,0,0,0.00,0.00,0.00,0,0,0.00,0.00,0,0
1544355378,2001-eth4,478115.91,10213.79,488329.69,10224,478594,164.84,154.85,319.68,155,165,0.00,0.00,0,0
1544355378,3003-eth4,1223756.25,504621.41,1728377.62,505126,1224980,569.43,566.43,1135.86,567,570,0.00,0.00,0,0
1544355378,2004-eth1,0.00,0.00,0.00,0,0,0.00,0.00,0.00,0,0,0.00,0.00,0,0
1544355378,3006-eth4,1209730.25,1211508.50,2421238.75,1212720,1210940,488.51,471.53,960.04,472,489,0.00,0.00,0,0
1544355378,3007-eth1,0.00,0.00,0.00,0,0,0.00,0.00,0.00,0,0,0.00,0.00,0,0
1544355378,2008-eth1,0.00,0.00,0.00,0,0,0.00,0.00,0.00,0,0,0.00,0.00,0,0
1544355378,2002-eth2,0.00,0.00,0.00,0,0,0.00,0.00,0.00,0,0,0.00,0.00,0,0
1544355378,2003-eth1,478115.91,10153.85,488269.75,10164,478594,164.84,153.85,318.68,154,165,0.00,0.00,0,0
1544355378,3008-eth4,1218777.25,1211214.88,2429992.00,1212426,1219996,669.33,664.34,1333.67,665,670,0.00,0.00,0,0
1544355378,1004-eth4,0.00,59.94,59.94,60,0,0.00,1.00,1.00,1,0,0.00,0.00,0,0
1544355378,3006-eth1,59.94,0.00,59.94,0,60,1.00,0.00,1.00,0,1,0.00,0.00,0,0
1544355378,1004-eth3,0.00,0.00,0.00,0,0,0.00,0.00,0.00,0,0,0.00,0.00,0,0
1544355378,1002-eth2,0.00,0.00,0.00,0,0,0.00,0.00,0.00,0,0,0.00,0.00,0,0
1544355378,3004-eth3,13358.64,531890.12,545248.75,532422,13372,192.81,202.80,395.60,203,193,0.00,0.00,0,0
1544355378,2003-eth3,1221252.75,504489.53,1725742.25,504994,1222474,575.42,564.44,1139.86,565,576,0.00,0.00,0,0
1544355378,2005-eth1,0.00,0.00,0.00,0,0,0.00,0.00,0.00,0,0,0.00,0.00,0,0
1544355378,3002-eth3,1220050.00,1219130.88,2439181.00,1220350,1221270,798.20,806.19,1604.40,807,799,0.00,0.00,0,0
1544355378,3006-eth3,1211502.50,1209670.38,2421173.00,1210880,1212714,471.53,487.51,959.04,488,472,0.00,0.00,0,0
1544355378,2001-eth1,10153.85,478115.91,488269.75,478594,10164,153.85,164.84,318.68,165,154,0.00,0.00,0,0
1544355378,3005-eth2,0.00,0.00,0.00,0,0,0.00,0.00,0.00,0,0,0.00,0.00,0,0
1544355378,2001-eth2,0.00,0.00,0.00,0,0,0.00,0.00,0.00,0,0,0.00,0.00,0,0
1544355378,3007-eth2,0.00,59.94,59.94,60,0,0.00,1.00,1.00,1,0,0.00,0.00,0,0
1544355378,1001-eth1,478115.91,10153.85,488269.75,10164,478594,164.84,153.85,318.68,154,165,0.00,0.00,0,0
1544355378,3007-eth4,1211346.62,1219634.38,2430981.00,1220854,1212558,666.33,682.32,1348.65,683,667,0.00,0.00,0,0
1544355378,2003-eth2,0.00,0.00,0.00,0,0,0.00,0.00,0.00,0,0,0.00,0.00,0,0
1544355378,3007-eth3,1218483.12,1210137.75,2428620.75,1212558,1220920,682.63,665.67,1348.30,667,684,0.00,0.00,0,0
1544355378,1002-eth1,0.00,0.00,0.00,0,0,0.00,0.00,0.00,0,0,0.00,0.00,0,0
1544355378,2002-eth3,0.00,59.88,59.88,60,0,0.00,1.00,1.00,1,0,0.00,0.00,0,0
1544355378,2007-eth2,0.00,0.00,0.00,0,0,0.00,0.00,0.00,0,0,0.00,0.00,0,0
1544355378,total,22599052.00,22643950.00,45243004.00,22689238,22644250,13328.34,13351.30,26679.64,13378,13355,0.00,0.00,0,0
1544355379,3003-eth3,1224427.62,720565.44,1944993.00,721286,1225652,645.35,638.36,1283.72,639,646,0.00,0.00,0,0
1544355379,2002-eth1,0.00,0.00,0.00,0,0,0.00,0.00,0.00,0,0,0.00,0.00,0,0
1544355379,lo,7216.78,7216.78,14433.57,7224,7224,70.93,70.93,141.86,71,71,0.00,0.00,0,0
1544355379,3005-eth3,1224237.75,1215686.38,2439924.25,1216902,1225462,686.31,666.33,1352.65,667,687,0.00,0.00,0,0
1544355379,2005-eth3,59.94,0.00,59.94,0,60,1.00,0.00,1.00,0,1,0.00,0.00,0,0
1544355379,3004-eth4,28265.73,1224635.38,1252901.12,1225860,28294,418.58,441.56,860.14,442,419,0.00,0.00,0,0
1544355379,1004-eth2,59.94,0.00,59.94,0,60,1.00,0.00,1.00,0,1,0.00,0.00,0,0
1544355379,2004-eth4,11472.53,546239.75,557712.31,546786,11484,173.83,188.81,362.64,189,174,0.00,0.00,0,0
1544355379,1001-eth2,10483.52,494423.59,504907.09,494918,10494,158.84,170.83,329.67,171,159,0.00,0.00,0,0
1544355379,1003-eth3,0.00,0.00,0.00,0,0,0.00,0.00,0.00,0,0,0.00,0.00,0,0
1544355379,2002-eth4,0.00,0.00,0.00,0,0,0.00,0.00,0.00,0,0,0.00,0.00,0,0
1544355379,1001-eth4,0.00,0.00,0.00,0,0,0.00,0.00,0.00,0,0,0.00,0.00,0,0
1544355379,3001-eth2,0.00,0.00,0.00,0,0,0.00,0.00,0.00,0,0,0.00,0.00,0,0
1544355379,1004-eth1,59.94,0.00,59.94,0,60,1.00,0.00,1.00,0,1,0.00,0.00,0,0
1544355379,3005-eth4,1215746.25,1225750.25,2441496.50,1226976,1216962,667.33,687.31,1354.65,688,668,0.00,0.00,0,0
1544355379,1003-eth2,0.00,0.00,0.00,0,0,0.00,0.00,0.00,0,0,0.00,0.00,0,0
1544355379,3008-eth1,0.00,0.00,0.00,0,0,0.00,0.00,0.00,0,0,0.00,0.00,0,0
1544355379,1002-eth3,0.00,59.94,59.94,60,0,0.00,1.00,1.00,1,0,0.00,0.00,0,0
1544355379,2006-eth1,0.00,0.00,0.00,0,0,0.00,0.00,0.00,0,0,0.00,0.00,0,0
1544355379,3003-eth1,520731.28,1224613.38,1745344.75,1225838,521252,569.43,582.42,1151.85,583,570,0.00,0.00,0,0
1544355379,2001-eth3,0.00,0.00,0.00,0,0,0.00,0.00,0.00,0,0,0.00,0.00,0,0
1544355379,2008-eth2,0.00,59.94,59.94,60,0,0.00,1.00,1.00,1,0,0.00,0.00,0,0
1544355379,2008-eth3,0.00,59.94,59.94,60,0,0.00,1.00,1.00,1,0,0.00,0.00,0,0
1544355379,1001-eth3,0.00,59.88,59.88,60,0,0.00,1.00,1.00,1,0,0.00,0.00,0,0
1544355379,2007-eth4,0.00,0.00,0.00,0,0,0.00,0.00,0.00,0,0,0.00,0.00,0,0
1544355379,2004-eth2,0.00,59.94,59.94,60,0,0.00,1.00,1.00,1,0,0.00,0.00,0,0
1544355379,3002-eth1,10483.52,494423.59,504907.09,494918,10494,158.84,170.83,329.67,171,159,0.00,0.00,0,0
1544355379,3004-eth1,1225636.38,26307.69,1251944.12,26334,1226862,422.58,398.60,821.18,399,423,0.00,0.00,0,0
1544355379,2006-eth3,59.94,59.94,119.88,60,60,1.00,1.00,2.00,1,1,0.00,0.00,0,0
1544355379,3004-eth2,546239.75,11472.53,557712.31,11484,546786,188.81,173.83,362.64,174,189,0.00,0.00,0,0
1544355379,3001-eth3,1210951.12,1224233.75,2435185.00,1225458,1212162,660.34,664.34,1324.68,665,661,0.00,0.00,0,0
1544355379,2003-eth4,26307.69,1225636.38,1251944.12,1226862,26334,398.60,422.58,821.18,423,399,0.00,0.00,0,0
1544355379,2008-eth4,0.00,0.00,0.00,0,0,0.00,0.00,0.00,0,0,0.00,0.00,0,0
1544355379,3008-eth3,1215554.50,1224497.50,2440052.00,1225722,1216770,664.34,668.33,1332.67,669,665,0.00,0.00,0,0
1544355379,2005-eth2,59.94,0.00,59.94,0,60,1.00,0.00,1.00,0,1,0.00,0.00,0,0
1544355379,2006-eth4,59.94,0.00,59.94,0,60,1.00,0.00,1.00,0,1,0.00,0.00,0,0
1544355379,3006-eth2,0.00,59.94,59.94,60,0,0.00,1.00,1.00,1,0,0.00,0.00,0,0
1544355379,1003-eth4,0.00,0.00,0.00,0,0,0.00,0.00,0.00,0,0,0.00,0.00,0,0
1544355379,2006-eth2,59.94,59.94,119.88,60,60,1.00,1.00,2.00,1,1,0.00,0.00,0,0
1544355379,3001-eth1,0.00,0.00,0.00,0,0,0.00,0.00,0.00,0,0,0.00,0.00,0,0
1544355379,3008-eth2,0.00,0.00,0.00,0,0,0.00,0.00,0.00,0,0,0.00,0.00,0,0
1544355379,2004-eth3,546239.75,11472.53,557712.31,11484,546786,188.81,173.83,362.64,174,189,0.00,0.00,0,0
1544355379,3001-eth4,1224233.75,1215356.62,2439590.50,1216572,1225458,664.34,661.34,1325.67,662,665,0.00,0.00,0,0
1544355379,1003-eth1,0.00,0.00,0.00,0,0,0.00,0.00,0.00,0,0,0.00,0.00,0,0
1544355379,3002-eth2,0.00,0.00,0.00,0,0,0.00,0.00,0.00,0,0,0.00,0.00,0,0
1544355379,2005-eth4,59.94,0.00,59.94,0,60,1.00,0.00,1.00,0,1,0.00,0.00,0,0
1544355379,3003-eth2,11472.53,546239.75,557712.31,546786,11484,173.83,188.81,362.64,189,174,0.00,0.00,0,0
1544355379,2007-eth1,0.00,0.00,0.00,0,0,0.00,0.00,0.00,0,0,0.00,0.00,0,0
1544355379,1002-eth4,0.00,59.94,59.94,60,0,0.00,1.00,1.00,1,0,0.00,0.00,0,0
1544355379,3002-eth4,1214697.38,764753.25,1979450.62,765518,1215912,651.35,650.35,1301.70,651,652,0.00,0.00,0,0
1544355379,2007-eth3,59.94,59.94,119.88,60,60,1.00,1.00,2.00,1,1,0.00,0.00,0,0
1544355379,3005-eth1,0.00,59.94,59.94,60,0,0.00,1.00,1.00,1,0,0.00,0.00,0,0
1544355379,2001-eth4,494423.59,10483.52,504907.09,10494,494918,170.83,158.84,329.67,159,171,0.00,0.00,0,0
1544355379,3003-eth4,1224151.88,520863.16,1745015.00,521384,1225376,575.42,571.43,1146.85,572,576,0.00,0.00,0,0
1544355379,2004-eth1,0.00,0.00,0.00,0,0,0.00,0.00,0.00,0,0,0.00,0.00,0,0
1544355379,3006-eth4,1209802.25,1215848.12,2425650.50,1217064,1211012,489.51,471.53,961.04,472,490,0.00,0.00,0,0
1544355379,3007-eth1,59.94,59.94,119.88,60,60,1.00,1.00,2.00,1,1,0.00,0.00,0,0
1544355379,2008-eth1,0.00,0.00,0.00,0,0,0.00,0.00,0.00,0,0,0.00,0.00,0,0
1544355379,2002-eth2,0.00,59.94,59.94,60,0,0.00,1.00,1.00,1,0,0.00,0.00,0,0
1544355379,2003-eth1,494423.59,10483.52,504907.09,10494,494918,170.83,158.84,329.67,159,171,0.00,0.00,0,0
1544355379,3008-eth4,1224497.50,1215554.50,2440052.00,1216770,1225722,668.33,664.34,1332.67,665,669,0.00,0.00,0,0
1544355379,1004-eth4,59.94,0.00,59.94,0,60,1.00,0.00,1.00,0,1,0.00,0.00,0,0
1544355379,3006-eth1,0.00,59.94,59.94,60,0,0.00,1.00,1.00,1,0,0.00,0.00,0,0
1544355379,1004-eth3,59.94,59.94,119.88,60,60,1.00,1.00,2.00,1,1,0.00,0.00,0,0
1544355379,1002-eth2,0.00,0.00,0.00,0,0,0.00,0.00,0.00,0,0,0.00,0.00,0,0
1544355379,3004-eth3,13430.57,548197.81,561628.38,548746,13444,193.81,208.79,402.60,209,194,0.00,0.00,0,0
1544355379,2003-eth3,1224613.38,520731.28,1745344.75,521252,1225838,582.42,569.43,1151.85,570,583,0.00,0.00,0,0
1544355379,2005-eth1,59.94,0.00,59.94,0,60,1.00,0.00,1.00,0,1,0.00,0.00,0,0
1544355379,3002-eth3,1224647.38,1225114.88,2449762.25,1226340,1225872,802.20,809.19,1611.39,810,803,0.00,0.00,0,0
1544355379,3006-eth3,1215848.12,1209868.12,2425716.25,1211078,1217064,471.53,490.51,962.04,491,472,0.00,0.00,0,0
1544355379,2001-eth1,10483.52,494423.59,504907.09,494918,10494,158.84,170.83,329.67,171,159,0.00,0.00,0,0
1544355379,3005-eth2,59.94,59.94,119.88,60,60,1.00,1.00,2.00,1,1,0.00,0.00,0,0
1544355379,2001-eth2,0.00,0.00,0.00,0,0,0.00,0.00,0.00,0,0,0.00,0.00,0,0
1544355379,3007-eth2,59.94,0.00,59.94,0,60,1.00,0.00,1.00,0,1,0.00,0.00,0,0
1544355379,1001-eth1,494423.59,10483.52,504907.09,10494,494918,170.83,158.84,329.67,159,171,0.00,0.00,0,0
1544355379,3007-eth4,1215812.25,1225750.25,2441562.50,1226976,1217028,668.33,687.31,1355.64,688,669,0.00,0.00,0,0
1544355379,2003-eth2,0.00,0.00,0.00,0,0,0.00,0.00,0.00,0,0,0.00,0.00,0,0
1544355379,3007-eth3,1224231.75,1215818.25,2440050.00,1217034,1225456,686.31,668.33,1354.65,669,687,0.00,0.00,0,0
1544355379,1002-eth1,0.00,0.00,0.00,0,0,0.00,0.00,0.00,0,0,0.00,0.00,0,0
1544355379,2002-eth3,0.00,0.00,0.00,0,0,0.00,0.00,0.00,0,0,0.00,0.00,0,0
1544355379,2007-eth2,59.94,0.00,59.94,0,60,1.00,0.00,1.00,0,1,0.00,0.00,0,0
1544355379,total,22746146.00,22828104.00,45574252.00,22850932,22768892,13387.61,13423.58,26811.19,13437,13401,0.00,0.00,0,0
1544355380,3003-eth3,1216799.25,716093.94,1932893.12,716810,1218016,639.36,636.36,1275.72,637,640,0.00,0.00,0,0
1544355380,2002-eth1,59.94,0.00,59.94,0,60,1.00,0.00,1.00,0,1,0.00,0.00,0,0
1544355380,lo,98735.27,98735.27,197470.53,98834,98834,284.72,284.72,569.43,285,285,0.00,0.00,0,0
1544355380,3005-eth3,1214105.88,1207336.75,2421442.50,1208544,1215320,686.31,671.33,1357.64,672,687,0.00,0.00,0,0
1544355380,2005-eth3,0.00,59.94,59.94,60,0,0.00,1.00,1.00,1,0,0.00,0.00,0,0
1544355380,3004-eth4,28067.93,1214311.75,1242379.62,1215526,28096,415.58,438.56,854.15,439,416,0.00,0.00,0,0
1544355380,1004-eth2,41.96,0.00,41.96,0,42,1.00,0.00,1.00,0,1,0.00,0.00,0,0
1544355380,2004-eth4,11472.53,556563.44,568036.00,557120,11484,173.83,191.81,365.63,192,174,0.00,0.00,0,0
1544355380,1001-eth2,10681.32,492911.09,503592.41,493404,10692,161.84,169.83,331.67,170,162,0.00,0.00,0,0
1544355380,1003-eth3,0.00,59.94,59.94,60,0,0.00,1.00,1.00,1,0,0.00,0.00,0,0
1544355380,2002-eth4,0.00,41.96,41.96,42,0,0.00,1.00,1.00,1,0,0.00,0.00,0,0
1544355380,1001-eth4,0.00,0.00,0.00,0,0,0.00,0.00,0.00,0,0,0.00,0.00,0,0
1544355380,3001-eth2,0.00,0.00,0.00,0,0,0.00,0.00,0.00,0,0,0.00,0.00,0,0
1544355380,1004-eth1,0.00,41.96,41.96,42,0,0.00,1.00,1.00,1,0,0.00,0.00,0,0
1544355380,3005-eth4,1207336.75,1213980.00,2421316.75,1215194,1208544,671.33,684.32,1355.64,685,672,0.00,0.00,0,0
1544355380,1003-eth2,0.00,59.94,59.94,60,0,0.00,1.00,1.00,1,0,0.00,0.00,0,0
1544355380,3008-eth1,59.94,0.00,59.94,0,60,1.00,0.00,1.00,0,1,0.00,0.00,0,0
1544355380,1002-eth3,59.94,0.00,59.94,0,60,1.00,0.00,1.00,0,1,0.00,0.00,0,0
1544355380,2006-eth1,59.94,0.00,59.94,0,60,1.00,0.00,1.00,0,1,0.00,0.00,0,0
1544355380,3003-eth1,519146.88,1212447.62,1731594.50,1213660,519666,567.43,573.43,1140.86,574,568,0.00,0.00,0,0
1544355380,2001-eth3,0.00,59.94,59.94,60,0,0.00,1.00,1.00,1,0,0.00,0.00,0,0
1544355380,2008-eth2,0.00,0.00,0.00,0,0,0.00,0.00,0.00,0,0,0.00,0.00,0,0
1544355380,2008-eth3,0.00,0.00,0.00,0,0,0.00,0.00,0.00,0,0,0.00,0.00,0,0
1544355380,1001-eth3,0.00,0.00,0.00,0,0,0.00,0.00,0.00,0,0,0.00,0.00,0,0
1544355380,2007-eth4,0.00,59.94,59.94,60,0,0.00,1.00,1.00,1,0,0.00,0.00,0,0
1544355380,2004-eth2,0.00,41.96,41.96,42,0,0.00,1.00,1.00,1,0,0.00,0.00,0,0
1544355380,3002-eth1,10681.32,492911.09,503592.41,493404,10692,161.84,169.83,331.67,170,162,0.00,0.00,0,0
1544355380,3004-eth1,1212353.62,26109.89,1238463.62,26136,1213566,418.58,395.60,814.19,396,419,0.00,0.00,0,0
1544355380,2006-eth3,0.00,0.00,0.00,0,0,0.00,0.00,0.00,0,0,0.00,0.00,0,0
1544355380,3004-eth2,556563.44,11472.53,568036.00,11484,557120,191.81,173.83,365.63,174,192,0.00,0.00,0,0
1544355380,3001-eth3,1206605.38,1216411.62,2423017.00,1217628,1207812,660.34,677.32,1337.66,678,661,0.00,0.00,0,0
1544355380,2003-eth4,26109.89,1212353.62,1238463.62,1213566,26136,395.60,418.58,814.19,419,396,0.00,0.00,0,0
1544355380,2008-eth4,0.00,59.94,59.94,60,0,0.00,1.00,1.00,1,0,0.00,0.00,0,0
1544355380,3008-eth3,1206341.75,1215290.75,2421632.50,1216506,1207548,656.34,660.34,1316.68,661,657,0.00,0.00,0,0
1544355380,2005-eth2,0.00,59.94,59.94,60,0,0.00,1.00,1.00,1,0,0.00,0.00,0,0
1544355380,2006-eth4,0.00,0.00,0.00,0,0,0.00,0.00,0.00,0,0,0.00,0.00,0,0
1544355380,3006-eth2,0.00,0.00,0.00,0,0,0.00,0.00,0.00,0,0,0.00,0.00,0,0
1544355380,1003-eth4,0.00,0.00,0.00,0,0,0.00,0.00,0.00,0,0,0.00,0.00,0,0
1544355380,2006-eth2,0.00,0.00,0.00,0,0,0.00,0.00,0.00,0,0,0.00,0.00,0,0
1544355380,3001-eth1,59.94,0.00,59.94,0,60,1.00,0.00,1.00,0,1,0.00,0.00,0,0
1544355380,3008-eth2,59.94,0.00,59.94,0,60,1.00,0.00,1.00,0,1,0.00,0.00,0,0
1544355380,2004-eth3,556605.44,11532.47,568137.88,11544,557162,192.81,174.83,367.63,175,193,0.00,0.00,0,0
1544355380,3001-eth4,1216471.50,1206677.38,2423149.00,1207884,1217688,678.32,661.34,1339.66,662,679,0.00,0.00,0,0
1544355380,1003-eth1,0.00,59.94,59.94,60,0,0.00,1.00,1.00,1,0,0.00,0.00,0,0
1544355380,3002-eth2,41.96,0.00,41.96,0,42,1.00,0.00,1.00,0,1,0.00,0.00,0,0
1544355380,2005-eth4,0.00,0.00,0.00,0,0,0.00,0.00,0.00,0,0,0.00,0.00,0,0
1544355380,3003-eth2,11532.47,556605.44,568137.88,557162,11544,174.83,192.81,367.63,193,175,0.00,0.00,0,0
1544355380,2007-eth1,0.00,0.00,0.00,0,0,0.00,0.00,0.00,0,0,0.00,0.00,0,0
1544355380,1002-eth4,0.00,0.00,0.00,0,0,0.00,0.00,0.00,0,0,0.00,0.00,0,0
1544355380,3002-eth4,1205358.62,755612.44,1960971.12,756368,1206564,641.36,643.36,1284.72,644,642,0.00,0.00,0,0
1544355380,2007-eth3,0.00,0.00,0.00,0,0,0.00,0.00,0.00,0,0,0.00,0.00,0,0
1544355380,3005-eth1,59.94,0.00,59.94,0,60,1.00,0.00,1.00,0,1,0.00,0.00,0,0
1544355380,2001-eth4,492911.09,10681.32,503592.41,10692,493404,169.83,161.84,331.67,162,170,0.00,0.00,0,0
1544355380,3003-eth4,1215472.50,519152.88,1734625.38,519672,1216688,575.42,567.43,1142.86,568,576,0.00,0.00,0,0
1544355380,2004-eth1,59.94,0.00,59.94,0,60,1.00,0.00,1.00,0,1,0.00,0.00,0,0
1544355380,3006-eth4,1209670.38,1206971.00,2416641.50,1208178,1210880,487.51,468.53,956.04,469,488,0.00,0.00,0,0
1544355380,3007-eth1,0.00,0.00,0.00,0,0,0.00,0.00,0.00,0,0,0.00,0.00,0,0
1544355380,2008-eth1,0.00,0.00,0.00,0,0,0.00,0.00,0.00,0,0,0.00,0.00,0,0
1544355380,2002-eth2,41.96,0.00,41.96,0,42,1.00,0.00,1.00,0,1,0.00,0.00,0,0
1544355380,2003-eth1,492911.09,10681.32,503592.41,10692,493404,169.83,161.84,331.67,162,170,0.00,0.00,0,0
1544355380,3008-eth4,1212391.62,1206215.88,2418607.50,1207422,1213604,660.34,654.35,1314.69,655,661,0.00,0.00,0,0
1544355380,1004-eth4,0.00,0.00,0.00,0,0,0.00,0.00,0.00,0,0,0.00,0.00,0,0
1544355380,3006-eth1,0.00,0.00,0.00,0,0,0.00,0.00,0.00,0,0,0.00,0.00,0,0
1544355380,1004-eth3,0.00,0.00,0.00,0,0,0.00,0.00,0.00,0,0,0.00,0.00,0,0
1544355380,1002-eth2,59.94,0.00,59.94,0,60,1.00,0.00,1.00,0,1,0.00,0.00,0,0
1544355380,3004-eth3,13430.57,558521.50,571952.06,559080,13444,193.81,211.79,405.59,212,194,0.00,0.00,0,0
1544355380,2003-eth3,1212447.62,519146.88,1731594.50,519666,1213660,573.43,567.43,1140.86,568,574,0.00,0.00,0,0
1544355380,2005-eth1,0.00,0.00,0.00,0,0,0.00,0.00,0.00,0,0,0.00,0.00,0,0
1544355380,3002-eth3,1215446.62,1216082.00,2431528.50,1217298,1216662,794.21,804.20,1598.40,805,795,0.00,0.00,0,0
1544355380,3006-eth3,1207037.00,1209604.38,2416641.50,1210814,1208244,469.53,486.51,956.04,487,470,0.00,0.00,0,0
1544355380,2001-eth1,10681.32,492971.03,503652.38,493464,10692,161.84,170.83,332.67,171,162,0.00,0.00,0,0
1544355380,3005-eth2,0.00,0.00,0.00,0,0,0.00,0.00,0.00,0,0,0.00,0.00,0,0
1544355380,2001-eth2,0.00,59.94,59.94,60,0,0.00,1.00,1.00,1,0,0.00,0.00,0,0
1544355380,3007-eth2,0.00,0.00,0.00,0,0,0.00,0.00,0.00,0,0,0.00,0.00,0,0
1544355380,1001-eth1,492971.03,10681.32,503652.38,10692,493464,170.83,161.84,332.67,162,171,0.00,0.00,0,0
1544355380,3007-eth4,1206941.12,1213782.25,2420723.25,1214996,1208148,665.33,681.32,1346.65,682,666,0.00,0.00,0,0
1544355380,2003-eth2,0.00,59.94,59.94,60,0,0.00,1.00,1.00,1,0,0.00,0.00,0,0
1544355380,3007-eth3,1216807.25,1206941.12,2423748.25,1208148,1218024,683.32,665.33,1348.65,666,684,0.00,0.00,0,0
1544355380,1002-eth1,59.94,0.00,59.94,0,60,1.00,0.00,1.00,0,1,0.00,0.00,0,0
1544355380,2002-eth3,0.00,0.00,0.00,0,0,0.00,0.00,0.00,0,0,0.00,0.00,0,0
1544355380,2007-eth2,0.00,0.00,0.00,0,0,0.00,0.00,0.00,0,0,0.00,0.00,0,0
1544355380,total,22714814.00,22799516.00,45514328.00,22822314,22737528,13560.44,13594.41,27154.85,13608,13574,0.00,0.00,0,0
1544355381,3003-eth3,1222645.38,714647.38,1937292.75,715362,1223868,640.36,636.36,1276.72,637,641,0.00,0.00,0,0
1544355381,2002-eth1,0.00,59.94,59.94,60,0,0.00,1.00,1.00,1,0,0.00,0.00,0,0
1544355381,lo,8037.96,8037.96,16075.92,8046,8046,78.92,78.92,157.84,79,79,0.00,0.00,0,0
1544355381,3005-eth3,1222659.38,1215752.25,2438411.75,1216968,1223882,684.32,667.33,1351.65,668,685,0.00,0.00,0,0
1544355381,2005-eth3,0.00,0.00,0.00,0,0,0.00,0.00,0.00,0,0,0.00,0.00,0,0
1544355381,3004-eth4,28463.54,1224635.38,1253098.88,1225860,28492,421.58,441.56,863.14,442,422,0.00,0.00,0,0
1544355381,1004-eth2,41.96,41.96,83.92,42,42,1.00,1.00,2.00,1,1,0.00,0.00,0,0
1544355381,2004-eth4,11736.26,584707.31,596443.56,585292,11748,177.82,201.80,379.62,202,178,0.00,0.00,0,0
1544355381,1001-eth2,10411.59,472257.75,482669.34,472730,10422,157.84,163.84,321.68,164,158,0.00,0.00,0,0
1544355381,1003-eth3,59.94,0.00,59.94,0,60,1.00,0.00,1.00,0,1,0.00,0.00,0,0
1544355381,2002-eth4,101.90,41.96,143.86,42,102,2.00,1.00,3.00,1,2,0.00,0.00,0,0
1544355381,1001-eth4,59.94,59.94,119.88,60,60,1.00,1.00,2.00,1,1,0.00,0.00,0,0
1544355381,3001-eth2,0.00,59.94,59.94,60,0,0.00,1.00,1.00,1,0,0.00,0.00,0,0
1544355381,1004-eth1,41.96,101.90,143.86,102,42,1.00,2.00,3.00,2,1,0.00,0.00,0,0
1544355381,3005-eth4,1215752.25,1222725.25,2438477.50,1223948,1216968,667.33,685.31,1352.65,686,668,0.00,0.00,0,0
1544355381,1003-eth2,59.94,0.00,59.94,0,60,1.00,0.00,1.00,0,1,0.00,0.00,0,0
1544355381,3008-eth1,0.00,0.00,0.00,0,0,0.00,0.00,0.00,0,0,0.00,0.00,0,0
1544355381,1002-eth3,0.00,0.00,0.00,0,0,0.00,0.00,0.00,0,0,0.00,0.00,0,0
1544355381,2006-eth1,0.00,59.94,59.94,60,0,0.00,1.00,1.00,1,0,0.00,0.00,0,0
1544355381,3003-eth1,498637.38,1223888.12,1722525.50,1225112,499136,563.44,571.43,1134.87,572,564,0.00,0.00,0,0
1544355381,2001-eth3,59.94,0.00,59.94,0,60,1.00,0.00,1.00,0,1,0.00,0.00,0,0
1544355381,2008-eth2,0.00,0.00,0.00,0,0,0.00,0.00,0.00,0,0,0.00,0.00,0,0
1544355381,2008-eth3,0.00,0.00,0.00,0,0,0.00,0.00,0.00,0,0,0.00,0.00,0,0
1544355381,1001-eth3,59.94,0.00,59.94,0,60,1.00,0.00,1.00,0,1,0.00,0.00,0,0
1544355381,2007-eth4,0.00,0.00,0.00,0,0,0.00,0.00,0.00,0,0,0.00,0.00,0,0
1544355381,2004-eth2,41.96,41.96,83.92,42,42,1.00,1.00,2.00,1,1,0.00,0.00,0,0
1544355381,3002-eth1,10351.65,472257.75,482609.41,472730,10362,156.84,163.84,320.68,164,157,0.00,0.00,0,0
1544355381,3004-eth1,1222677.38,26505.50,1249182.88,26532,1223900,421.58,401.60,823.18,402,422,0.00,0.00,0,0
1544355381,2006-eth3,0.00,0.00,0.00,0,0,0.00,0.00,0.00,0,0,0.00,0.00,0,0
1544355381,3004-eth2,584707.31,11736.26,596443.56,11748,585292,201.80,177.82,379.62,178,202,0.00,0.00,0,0
1544355381,3001-eth3,1215818.25,1225684.38,2441502.50,1226910,1217034,668.33,686.31,1354.65,687,669,0.00,0.00,0,0
1544355381,2003-eth4,26505.50,1222677.38,1249182.88,1223900,26532,401.60,421.58,823.18,422,402,0.00,0.00,0,0
1544355381,2008-eth4,0.00,0.00,0.00,0,0,0.00,0.00,0.00,0,0,0.00,0.00,0,0
1544355381,3008-eth3,1212657.38,1221864.12,2434521.50,1223086,1213870,642.36,650.35,1292.71,651,643,0.00,0.00,0,0
1544355381,2005-eth2,0.00,0.00,0.00,0,0,0.00,0.00,0.00,0,0,0.00,0.00,0,0
1544355381,2006-eth4,0.00,0.00,0.00,0,0,0.00,0.00,0.00,0,0,0.00,0.00,0,0
1544355381,3006-eth2,0.00,0.00,0.00,0,0,0.00,0.00,0.00,0,0,0.00,0.00,0,0
1544355381,1003-eth4,59.94,59.94,119.88,60,60,1.00,1.00,2.00,1,1,0.00,0.00,0,0
1544355381,2006-eth2,0.00,0.00,0.00,0,0,0.00,0.00,0.00,0,0,0.00,0.00,0,0
1544355381,3001-eth1,0.00,59.94,59.94,60,0,0.00,1.00,1.00,1,0,0.00,0.00,0,0
1544355381,3008-eth2,0.00,0.00,0.00,0,0,0.00,0.00,0.00,0,0,0.00,0.00,0,0
1544355381,2004-eth3,584749.25,11778.22,596527.50,11790,585334,202.80,178.82,381.62,179,203,0.00,0.00,0,0
1544355381,3001-eth4,1222725.25,1215752.25,2438477.50,1216968,1223948,685.31,667.33,1352.65,668,686,0.00,0.00,0,0
1544355381,1003-eth1,59.94,0.00,59.94,0,60,1.00,0.00,1.00,0,1,0.00,0.00,0,0
1544355381,3002-eth2,41.96,101.90,143.86,102,42,1.00,2.00,3.00,2,1,0.00,0.00,0,0
1544355381,2005-eth4,0.00,0.00,0.00,0,0,0.00,0.00,0.00,0,0,0.00,0.00,0,0
1544355381,3003-eth2,11778.22,584749.25,596527.50,585334,11790,178.82,202.80,381.62,203,179,0.00,0.00,0,0
1544355381,2007-eth1,59.94,59.94,119.88,60,60,1.00,1.00,2.00,1,1,0.00,0.00,0,0
1544355381,1002-eth4,59.94,0.00,59.94,0,60,1.00,0.00,1.00,0,1,0.00,0.00,0,0
1544355381,3002-eth4,1211738.25,791318.69,2003057.00,792110,1212950,650.35,658.34,1308.69,659,651,0.00,0.00,0,0
1544355381,2007-eth3,0.00,0.00,0.00,0,0,0.00,0.00,0.00,0,0,0.00,0.00,0,0
1544355381,3005-eth1,0.00,0.00,0.00,0,0,0.00,0.00,0.00,0,0,0.00,0.00,0,0
1544355381,2001-eth4,472257.75,10351.65,482609.41,10362,472730,163.84,156.84,320.68,157,164,0.00,0.00,0,0
1544355381,3003-eth4,1224056.00,498613.41,1722669.38,499112,1225280,574.43,563.44,1137.86,564,575,0.00,0.00,0,0
1544355381,2004-eth1,0.00,59.94,59.94,60,0,0.00,1.00,1.00,1,0,0.00,0.00,0,0
1544355381,3006-eth4,1209736.25,1211442.62,2421179.00,1212654,1210946,488.51,470.53,959.04,471,489,0.00,0.00,0,0
1544355381,3007-eth1,0.00,0.00,0.00,0,0,0.00,0.00,0.00,0,0,0.00,0.00,0,0
1544355381,2008-eth1,59.94,59.94,119.88,60,60,1.00,1.00,2.00,1,1,0.00,0.00,0,0
1544355381,2002-eth2,101.90,41.96,143.86,42,102,2.00,1.00,3.00,1,2,0.00,0.00,0,0
1544355381,2003-eth1,472257.75,10411.59,482669.34,10422,472730,163.84,157.84,321.68,158,164,0.00,0.00,0,0
1544355381,3008-eth4,1223310.75,1211342.75,2434653.50,1212554,1224534,650.35,644.36,1294.71,645,651,0.00,0.00,0,0
1544355381,1004-eth4,0.00,0.00,0.00,0,0,0.00,0.00,0.00,0,0,0.00,0.00,0,0
1544355381,3006-eth1,0.00,0.00,0.00,0,0,0.00,0.00,0.00,0,0,0.00,0.00,0,0
1544355381,1004-eth3,0.00,0.00,0.00,0,0,0.00,0.00,0.00,0,0,0.00,0.00,0,0
1544355381,1002-eth2,0.00,59.94,59.94,60,0,0.00,1.00,1.00,1,0,0.00,0.00,0,0
1544355381,3004-eth3,13694.31,586665.38,600359.69,587252,13708,197.80,221.78,419.58,222,198,0.00,0.00,0,0
1544355381,2003-eth3,1223888.12,498637.38,1722525.50,499136,1225112,571.43,563.44,1134.87,564,572,0.00,0.00,0,0
1544355381,2005-eth1,0.00,59.94,59.94,60,0,0.00,1.00,1.00,1,0,0.00,0.00,0,0
1544355381,3002-eth3,1223206.88,1222131.88,2445338.75,1223354,1224430,802.20,808.19,1610.39,809,803,0.00,0.00,0,0
1544355381,3006-eth3,1211442.62,1209736.25,2421179.00,1210946,1212654,470.53,488.51,959.04,489,471,0.00,0.00,0,0
1544355381,2001-eth1,10411.59,472197.81,482609.41,472670,10422,157.84,162.84,320.68,163,158,0.00,0.00,0,0
1544355381,3005-eth2,0.00,0.00,0.00,0,0,0.00,0.00,0.00,0,0,0.00,0.00,0,0
1544355381,2001-eth2,59.94,0.00,59.94,0,60,1.00,0.00,1.00,0,1,0.00,0.00,0,0
1544355381,3007-eth2,0.00,0.00,0.00,0,0,0.00,0.00,0.00,0,0,0.00,0.00,0,0
1544355381,1001-eth1,472197.81,10411.59,482609.41,10422,472670,162.84,157.84,320.68,158,163,0.00,0.00,0,0
1544355381,3007-eth4,1215818.25,1222725.25,2438543.50,1223948,1217034,668.33,685.31,1353.65,686,669,0.00,0.00,0,0
1544355381,2003-eth2,59.94,0.00,59.94,0,60,1.00,0.00,1.00,0,1,0.00,0.00,0,0
1544355381,3007-eth3,1219766.25,1215752.25,2435518.50,1216968,1220986,684.32,667.33,1351.65,668,685,0.00,0.00,0,0
1544355381,1002-eth1,0.00,59.94,59.94,60,0,0.00,1.00,1.00,1,0,0.00,0.00,0,0
1544355381,2002-eth3,59.94,0.00,59.94,0,60,1.00,0.00,1.00,0,1,0.00,0.00,0,0
1544355381,2007-eth2,0.00,59.94,59.94,60,0,0.00,1.00,1.00,1,0,0.00,0.00,0,0
1544355381,total,22715248.00,22832546.00,45547792.00,22855378,22737962,13378.62,13424.58,26803.20,13438,13392,0.00,0.00,0,0
1544355382,3003-eth3,1222255.75,707150.88,1929406.62,707858,1223478,634.37,632.37,1266.73,633,635,0.00,0.00,0,0
1544355382,2002-eth1,0.00,0.00,0.00,0,0,0.00,0.00,0.00,0,0,0.00,0.00,0,0
1544355382,lo,7162.84,7162.84,14325.67,7170,7170,69.93,69.93,139.86,70,70,0.00,0.00,0,0
1544355382,3005-eth3,1222725.25,1211280.75,2434006.00,1212492,1223948,685.31,665.33,1350.65,666,686,0.00,0.00,0,0
1544355382,2005-eth3,0.00,0.00,0.00,0,0,0.00,0.00,0.00,0,0,0.00,0.00,0,0
1544355382,3004-eth4,28259.74,1221676.38,1249936.12,1222898,28288,418.58,440.56,859.14,441,419,0.00,0.00,0,0
1544355382,1004-eth2,41.96,59.94,101.90,60,42,1.00,1.00,2.00,1,1,0.00,0.00,0,0
1544355382,2004-eth4,12257.74,626193.81,638451.56,626820,12270,185.81,216.78,402.60,217,186,0.00,0.00,0,0
1544355382,1001-eth2,9890.11,439648.38,449538.47,440088,9900,149.85,151.85,301.70,152,150,0.00,0.00,0,0
1544355382,1003-eth3,0.00,0.00,0.00,0,0,0.00,0.00,0.00,0,0,0.00,0.00,0,0
1544355382,2002-eth4,0.00,101.90,101.90,102,0,0.00,2.00,2.00,2,0,0.00,0.00,0,0
1544355382,1001-eth4,0.00,0.00,0.00,0,0,0.00,0.00,0.00,0,0,0.00,0.00,0,0
1544355382,3001-eth2,59.94,0.00,59.94,0,60,1.00,0.00,1.00,0,1,0.00,0.00,0,0
1544355382,1004-eth1,0.00,41.96,41.96,42,0,0.00,1.00,1.00,1,0,0.00,0.00,0,0
1544355382,3005-eth4,1211280.75,1222725.25,2434006.00,1223948,1212492,665.33,685.31,1350.65,686,666,0.00,0.00,0,0
1544355382,1003-eth2,0.00,0.00,0.00,0,0,0.00,0.00,0.00,0,0,0.00,0.00,0,0
1544355382,3008-eth1,0.00,0.00,0.00,0,0,0.00,0.00,0.00,0,0,0.00,0.00,0,0
1544355382,1002-eth3,0.00,0.00,0.00,0,0,0.00,0.00,0.00,0,0,0.00,0.00,0,0
1544355382,2006-eth1,0.00,0.00,0.00,0,0,0.00,0.00,0.00,0,0,0.00,0.00,0,0
1544355382,3003-eth1,465890.12,1223420.62,1689310.75,1224644,466356,549.45,564.44,1113.89,565,550,0.00,0.00,0,0
1544355382,2001-eth3,0.00,0.00,0.00,0,0,0.00,0.00,0.00,0,0,0.00,0.00,0,0
1544355382,2008-eth2,59.94,0.00,59.94,0,60,1.00,0.00,1.00,0,1,0.00,0.00,0,0
1544355382,2008-eth3,59.94,0.00,59.94,0,60,1.00,0.00,1.00,0,1,0.00,0.00,0,0
1544355382,1001-eth3,0.00,0.00,0.00,0,0,0.00,0.00,0.00,0,0,0.00,0.00,0,0
1544355382,2007-eth4,0.00,0.00,0.00,0,0,0.00,0.00,0.00,0,0,0.00,0.00,0,0
1544355382,2004-eth2,59.94,41.96,101.90,42,60,1.00,1.00,2.00,1,1,0.00,0.00,0,0
1544355382,3002-eth1,9950.05,439648.38,449598.41,440088,9960,150.85,151.85,302.70,152,151,0.00,0.00,0,0
1544355382,3004-eth1,1219778.25,26301.70,1246080.00,26328,1220998,421.58,398.60,820.18,399,422,0.00,0.00,0,0
1544355382,2006-eth3,0.00,0.00,0.00,0,0,0.00,0.00,0.00,0,0,0.00,0.00,0,0
1544355382,3004-eth2,626193.81,12257.74,638451.56,12270,626820,216.78,185.81,402.60,186,217,0.00,0.00,0,0
1544355382,3001-eth3,1211280.75,1222725.25,2434006.00,1223948,1212492,665.33,685.31,1350.65,686,666,0.00,0.00,0,0
1544355382,2003-eth4,26301.70,1219778.25,1246080.00,1220998,26328,398.60,421.58,820.18,422,399,0.00,0.00,0,0
1544355382,2008-eth4,59.94,0.00,59.94,0,60,1.00,0.00,1.00,0,1,0.00,0.00,0,0
1544355382,3008-eth3,1212851.12,1224489.50,2437340.75,1225714,1214064,623.38,624.38,1247.75,625,624,0.00,0.00,0,0
1544355382,2005-eth2,0.00,0.00,0.00,0,0,0.00,0.00,0.00,0,0,0.00,0.00,0,0
1544355382,2006-eth4,0.00,59.94,59.94,60,0,0.00,1.00,1.00,1,0,0.00,0.00,0,0
1544355382,3006-eth2,59.94,0.00,59.94,0,60,1.00,0.00,1.00,0,1,0.00,0.00,0,0
1544355382,1003-eth4,0.00,0.00,0.00,0,0,0.00,0.00,0.00,0,0,0.00,0.00,0,0
1544355382,2006-eth2,0.00,0.00,0.00,0,0,0.00,0.00,0.00,0,0,0.00,0.00,0,0
1544355382,3001-eth1,0.00,0.00,0.00,0,0,0.00,0.00,0.00,0,0,0.00,0.00,0,0
1544355382,3008-eth2,0.00,59.94,59.94,60,0,0.00,1.00,1.00,1,0,0.00,0.00,0,0
1544355382,2004-eth3,626235.81,12197.80,638433.56,12210,626862,217.78,184.82,402.60,185,218,0.00,0.00,0,0
1544355382,3001-eth4,1222659.38,1211280.75,2433940.25,1212492,1223882,684.32,665.33,1349.65,666,685,0.00,0.00,0,0
1544355382,1003-eth1,0.00,0.00,0.00,0,0,0.00,0.00,0.00,0,0,0.00,0.00,0,0
1544355382,3002-eth2,101.90,0.00,101.90,0,102,2.00,0.00,2.00,0,2,0.00,0.00,0,0
1544355382,2005-eth4,0.00,59.94,59.94,60,0,0.00,1.00,1.00,1,0,0.00,0.00,0,0
1544355382,3003-eth2,12197.80,626235.81,638433.56,626862,12210,184.82,217.78,402.60,218,185,0.00,0.00,0,0
1544355382,2007-eth1,0.00,0.00,0.00,0,0,0.00,0.00,0.00,0,0,0.00,0.00,0,0
1544355382,1002-eth4,0.00,0.00,0.00,0,0,0.00,0.00,0.00,0,0,0.00,0.00,0,0
1544355382,3002-eth4,1215284.75,838795.25,2054080.00,839634,1216500,660.34,676.32,1336.66,677,661,0.00,0.00,0,0
1544355382,2007-eth3,0.00,0.00,0.00,0,0,0.00,0.00,0.00,0,0,0.00,0.00,0,0
1544355382,3005-eth1,0.00,0.00,0.00,0,0,0.00,0.00,0.00,0,0,0.00,0.00,0,0
1544355382,2001-eth4,439648.38,9950.05,449598.41,9960,440088,151.85,150.85,302.70,151,152,0.00,0.00,0,0
1544355382,3003-eth4,1221716.38,466087.94,1687804.25,466554,1222938,560.44,552.45,1112.89,553,561,0.00,0.00,0,0
1544355382,2004-eth1,0.00,0.00,0.00,0,0,0.00,0.00,0.00,0,0,0.00,0.00,0,0
1544355382,3006-eth4,1209862.12,1215914.12,2425776.25,1217130,1211072,490.51,472.53,963.04,473,491,0.00,0.00,0,0
1544355382,3007-eth1,0.00,0.00,0.00,0,0,0.00,0.00,0.00,0,0,0.00,0.00,0,0
1544355382,2008-eth1,0.00,0.00,0.00,0,0,0.00,0.00,0.00,0,0,0.00,0.00,0,0
1544355382,2002-eth2,41.96,0.00,41.96,0,42,1.00,0.00,1.00,0,1,0.00,0.00,0,0
1544355382,2003-eth1,439648.38,9890.11,449538.47,9900,440088,151.85,149.85,301.70,150,152,0.00,0.00,0,0
1544355382,3008-eth4,1223043.00,1212851.12,2435894.25,1214064,1224266,624.38,623.38,1247.75,624,625,0.00,0.00,0,0
1544355382,1004-eth4,0.00,59.94,59.94,60,0,0.00,1.00,1.00,1,0,0.00,0.00,0,0
1544355382,3006-eth1,59.94,0.00,59.94,0,60,1.00,0.00,1.00,0,1,0.00,0.00,0,0
1544355382,1004-eth3,0.00,0.00,0.00,0,0,0.00,0.00,0.00,0,0,0.00,0.00,0,0
1544355382,1002-eth2,0.00,0.00,0.00,0,0,0.00,0.00,0.00,0,0,0.00,0.00,0,0
1544355382,3004-eth3,14215.78,628091.94,642307.69,628720,14230,205.79,235.76,441.56,236,206,0.00,0.00,0,0
1544355382,2003-eth3,1223420.62,465890.12,1689310.75,466356,1224644,564.44,549.45,1113.89,550,565,0.00,0.00,0,0
1544355382,2005-eth1,0.00,0.00,0.00,0,0,0.00,0.00,0.00,0,0,0.00,0.00,0,0
1544355382,3002-eth3,1225770.25,1225156.88,2450927.25,1226382,1226996,797.20,810.19,1607.39,811,798,0.00,0.00,0,0
1544355382,3006-eth3,1215908.12,1209802.25,2425710.25,1211012,1217124,472.53,489.51,962.04,490,473,0.00,0.00,0,0
1544355382,2001-eth1,9890.11,439648.38,449538.47,440088,9900,149.85,151.85,301.70,152,150,0.00,0.00,0,0
1544355382,3005-eth2,0.00,0.00,0.00,0,0,0.00,0.00,0.00,0,0,0.00,0.00,0,0
1544355382,2001-eth2,0.00,0.00,0.00,0,0,0.00,0.00,0.00,0,0,0.00,0.00,0,0
1544355382,3007-eth2,0.00,59.94,59.94,60,0,0.00,1.00,1.00,1,0,0.00,0.00,0,0
1544355382,1001-eth1,439648.38,9890.11,449538.47,9900,440088,151.85,149.85,301.70,150,152,0.00,0.00,0,0
1544355382,3007-eth4,1211346.62,1222725.25,2434072.00,1223948,1212558,666.33,685.31,1351.65,686,667,0.00,0.00,0,0
1544355382,2003-eth2,0.00,0.00,0.00,0,0,0.00,0.00,0.00,0,0,0.00,0.00,0,0
1544355382,3007-eth3,1222659.38,1211280.75,2433940.25,1212492,1223882,684.32,665.33,1349.65,666,685,0.00,0.00,0,0
1544355382,1002-eth1,0.00,0.00,0.00,0,0,0.00,0.00,0.00,0,0,0.00,0.00,0,0
1544355382,2002-eth3,0.00,59.94,59.94,60,0,0.00,1.00,1.00,1,0,0.00,0.00,0,0
1544355382,2007-eth2,0.00,0.00,0.00,0,0,0.00,0.00,0.00,0,0,0.00,0.00,0,0
1544355382,total,22659838.00,22820754.00,45480592.00,22843574,22682498,13264.74,13335.66,26600.40,13349,13278,0.00,0.00,0,0
1544355383,3003-eth3,1221926.12,707348.69,1929274.75,708056,1223148,629.37,635.36,1264.74,636,630,0.00,0.00,0,0
1544355383,2002-eth1,0.00,0.00,0.00,0,0,0.00,0.00,0.00,0,0,0.00,0.00,0,0
1544355383,lo,99354.65,99354.65,198709.30,99454,99454,290.71,290.71,581.42,291,291,0.00,0.00,0,0
1544355383,3005-eth3,1222857.12,1216016.00,2438873.25,1217232,1224080,687.31,671.33,1358.64,672,688,0.00,0.00,0,0
1544355383,2005-eth3,59.94,0.00,59.94,0,60,1.00,0.00,1.00,0,1,0.00,0.00,0,0
1544355383,3004-eth4,28397.60,1220229.75,1248627.38,1221450,28426,420.58,440.56,861.14,441,421,0.00,0.00,0,0
1544355383,1004-eth2,59.94,41.96,101.90,42,60,1.00,1.00,2.00,1,1,0.00,0.00,0,0
1544355383,2004-eth4,12593.41,663154.88,675748.25,663818,12606,190.81,228.77,419.58,229,191,0.00,0.00,0,0
1544355383,1001-eth2,9230.77,432217.78,441448.56,432650,9240,139.86,148.85,288.71,149,140,0.00,0.00,0,0
1544355383,1003-eth3,0.00,0.00,0.00,0,0,0.00,0.00,0.00,0,0,0.00,0.00,0,0
1544355383,2002-eth4,41.96,0.00,41.96,0,42,1.00,0.00,1.00,0,1,0.00,0.00,0,0
1544355383,1001-eth4,0.00,0.00,0.00,0,0,0.00,0.00,0.00,0,0,0.00,0.00,0,0
1544355383,3001-eth2,0.00,0.00,0.00,0,0,0.00,0.00,0.00,0,0,0.00,0.00,0,0
1544355383,1004-eth1,101.90,0.00,101.90,0,102,2.00,0.00,2.00,0,2,0.00,0.00,0,0
1544355383,3005-eth4,1216016.00,1222791.25,2438807.25,1224014,1217232,671.33,686.31,1357.64,687,672,0.00,0.00,0,0
1544355383,1003-eth2,0.00,0.00,0.00,0,0,0.00,0.00,0.00,0,0,0.00,0.00,0,0
1544355383,3008-eth1,0.00,59.94,59.94,60,0,0.00,1.00,1.00,1,0,0.00,0.00,0,0
1544355383,1002-eth3,0.00,59.94,59.94,60,0,0.00,1.00,1.00,1,0,0.00,0.00,0,0
1544355383,2006-eth1,0.00,0.00,0.00,0,0,0.00,0.00,0.00,0,0,0.00,0.00,0,0
1544355383,3003-eth1,458657.34,1222177.88,1680835.25,1223400,459116,549.45,567.43,1116.88,568,550,0.00,0.00,0,0
1544355383,2001-eth3,0.00,0.00,0.00,0,0,0.00,0.00,0.00,0,0,0.00,0.00,0,0
1544355383,2008-eth2,0.00,59.94,59.94,60,0,0.00,1.00,1.00,1,0,0.00,0.00,0,0
1544355383,2008-eth3,0.00,59.94,59.94,60,0,0.00,1.00,1.00,1,0,0.00,0.00,0,0
1544355383,1001-eth3,0.00,59.94,59.94,60,0,0.00,1.00,1.00,1,0,0.00,0.00,0,0
1544355383,2007-eth4,59.94,0.00,59.94,0,60,1.00,0.00,1.00,0,1,0.00,0.00,0,0
1544355383,2004-eth2,41.96,59.94,101.90,60,42,1.00,1.00,2.00,1,1,0.00,0.00,0,0
1544355383,3002-eth1,9230.77,432217.78,441448.56,432650,9240,139.86,148.85,288.71,149,140,0.00,0.00,0,0
1544355383,3004-eth1,1221230.75,26439.56,1247670.38,26466,1222452,421.58,400.60,822.18,401,422,0.00,0.00,0,0
1544355383,2006-eth3,59.94,59.94,119.88,60,60,1.00,1.00,2.00,1,1,0.00,0.00,0,0
1544355383,3004-eth2,663154.88,12593.41,675748.25,12606,663818,228.77,190.81,419.58,191,229,0.00,0.00,0,0
1544355383,3001-eth3,1215752.25,1219700.38,2435452.50,1220920,1216968,667.33,683.32,1350.65,684,668,0.00,0.00,0,0
1544355383,2003-eth4,26439.56,1221230.75,1247670.38,1222452,26466,400.60,421.58,822.18,422,401,0.00,0.00,0,0
1544355383,2008-eth4,0.00,0.00,0.00,0,0,0.00,0.00,0.00,0,0,0.00,0.00,0,0
1544355383,3008-eth3,1213642.38,1222058.00,2435700.25,1223280,1214856,635.36,631.37,1266.73,632,636,0.00,0.00,0,0
1544355383,2005-eth2,59.94,0.00,59.94,0,60,1.00,0.00,1.00,0,1,0.00,0.00,0,0
1544355383,2006-eth4,59.94,0.00,59.94,0,60,1.00,0.00,1.00,0,1,0.00,0.00,0,0
1544355383,3006-eth2,0.00,59.94,59.94,60,0,0.00,1.00,1.00,1,0,0.00,0.00,0,0
1544355383,1003-eth4,0.00,0.00,0.00,0,0,0.00,0.00,0.00,0,0,0.00,0.00,0,0
1544355383,2006-eth2,59.94,59.94,119.88,60,60,1.00,1.00,2.00,1,1,0.00,0.00,0,0
1544355383,3001-eth1,0.00,0.00,0.00,0,0,0.00,0.00,0.00,0,0,0.00,0.00,0,0
1544355383,3008-eth2,0.00,0.00,0.00,0,0,0.00,0.00,0.00,0,0,0.00,0.00,0,0
1544355383,2004-eth3,663154.88,12635.37,675790.25,12648,663818,228.77,191.81,420.58,192,229,0.00,0.00,0,0
1544355383,3001-eth4,1219700.38,1215818.25,2435518.50,1217034,1220920,683.32,668.33,1351.65,669,684,0.00,0.00,0,0
1544355383,1003-eth1,0.00,0.00,0.00,0,0,0.00,0.00,0.00,0,0,0.00,0.00,0,0
1544355383,3002-eth2,0.00,41.96,41.96,42,0,0.00,1.00,1.00,1,0,0.00,0.00,0,0
1544355383,2005-eth4,59.94,0.00,59.94,0,60,1.00,0.00,1.00,0,1,0.00,0.00,0,0
1544355383,3003-eth2,12635.37,663154.88,675790.25,663818,12648,191.81,228.77,420.58,229,192,0.00,0.00,0,0
1544355383,2007-eth1,0.00,0.00,0.00,0,0,0.00,0.00,0.00,0,0,0.00,0.00,0,0
1544355383,1002-eth4,0.00,59.94,59.94,60,0,0.00,1.00,1.00,1,0,0.00,0.00,0,0
1544355383,3002-eth4,1211702.38,790008.00,2001710.38,790798,1212914,670.33,682.32,1352.65,683,671,0.00,0.00,0,0
1544355383,2007-eth3,59.94,59.94,119.88,60,60,1.00,1.00,2.00,1,1,0.00,0.00,0,0
1544355383,3005-eth1,0.00,59.94,59.94,60,0,0.00,1.00,1.00,1,0,0.00,0.00,0,0
1544355383,2001-eth4,432217.78,9230.77,441448.56,9240,432650,148.85,139.86,288.71,140,149,0.00,0.00,0,0
1544355383,3003-eth4,1223007.00,458699.31,1681706.38,459158,1224230,558.44,550.45,1108.89,551,559,0.00,0.00,0,0
1544355383,2004-eth1,0.00,0.00,0.00,0,0,0.00,0.00,0.00,0,0,0.00,0.00,0,0
1544355383,3006-eth4,1215654.38,1211442.62,2427097.00,1212654,1216870,490.51,470.53,961.04,471,491,0.00,0.00,0,0
1544355383,3007-eth1,59.94,59.94,119.88,60,60,1.00,1.00,2.00,1,1,0.00,0.00,0,0
1544355383,2008-eth1,0.00,0.00,0.00,0,0,0.00,0.00,0.00,0,0,0.00,0.00,0,0
1544355383,2002-eth2,0.00,101.90,101.90,102,0,0.00,2.00,2.00,2,0,0.00,0.00,0,0
1544355383,2003-eth1,432217.78,9230.77,441448.56,9240,432650,148.85,139.86,288.71,140,149,0.00,0.00,0,0
1544355383,3008-eth4,1224951.12,1213642.38,2438593.50,1214856,1226176,631.37,635.36,1266.73,636,632,0.00,0.00,0,0
1544355383,1004-eth4,59.94,0.00,59.94,0,60,1.00,0.00,1.00,0,1,0.00,0.00,0,0
1544355383,3006-eth1,0.00,59.94,59.94,60,0,0.00,1.00,1.00,1,0,0.00,0.00,0,0
1544355383,1004-eth3,59.94,59.94,119.88,60,60,1.00,1.00,2.00,1,1,0.00,0.00,0,0
1544355383,1002-eth2,0.00,0.00,0.00,0,0,0.00,0.00,0.00,0,0,0.00,0.00,0,0
1544355383,3004-eth3,14551.45,665112.88,679664.38,665778,14566,210.79,248.75,459.54,249,211,0.00,0.00,0,0
1544355383,2003-eth3,1222177.88,458723.28,1680901.12,459182,1223400,567.43,550.45,1117.88,551,568,0.00,0.00,0,0
1544355383,2005-eth1,59.94,0.00,59.94,0,60,1.00,0.00,1.00,0,1,0.00,0.00,0,0
1544355383,3002-eth3,1220747.25,1220933.12,2441680.50,1222154,1221968,787.21,810.19,1597.40,811,788,0.00,0.00,0,0
1544355383,3006-eth3,1215914.12,1215654.38,2431568.50,1216870,1217130,472.53,490.51,963.04,491,473,0.00,0.00,0,0
1544355383,2001-eth1,9230.77,432217.78,441448.56,432650,9240,139.86,148.85,288.71,149,140,0.00,0.00,0,0
1544355383,3005-eth2,59.94,59.94,119.88,60,60,1.00,1.00,2.00,1,1,0.00,0.00,0,0
1544355383,2001-eth2,0.00,0.00,0.00,0,0,0.00,0.00,0.00,0,0,0.00,0.00,0,0
1544355383,3007-eth2,59.94,0.00,59.94,0,60,1.00,0.00,1.00,0,1,0.00,0.00,0,0
1544355383,1001-eth1,432217.78,9230.77,441448.56,9240,432650,148.85,139.86,288.71,140,149,0.00,0.00,0,0
1544355383,3007-eth4,1215746.25,1222659.38,2438405.75,1223882,1216962,667.33,684.32,1351.65,685,668,0.00,0.00,0,0
1544355383,2003-eth2,0.00,0.00,0.00,0,0,0.00,0.00,0.00,0,0,0.00,0.00,0,0
1544355383,3007-eth3,1222785.25,1215818.25,2438603.50,1217034,1224008,686.31,668.33,1354.65,669,687,0.00,0.00,0,0
1544355383,1002-eth1,0.00,0.00,0.00,0,0,0.00,0.00,0.00,0,0,0.00,0.00,0,0
1544355383,2002-eth3,0.00,0.00,0.00,0,0,0.00,0.00,0.00,0,0,0.00,0.00,0,0
1544355383,2007-eth2,59.94,0.00,59.94,0,60,1.00,0.00,1.00,0,1,0.00,0.00,0,0
1544355383,total,22808240.00,22942888.00,45751132.00,22965830,22831048,13525.47,13614.39,27139.86,13628,13539,0.00,0.00,0,0
1544355384,3003-eth3,1221596.38,707216.81,1928813.25,707924,1222818,624.38,633.37,1257.74,634,625,0.00,0.00,0,0
1544355384,2002-eth1,0.00,0.00,0.00,0,0,0.00,0.00,0.00,0,0,0.00,0.00,0,0
1544355384,lo,2657.34,2657.34,5314.69,2660,2660,25.97,25.97,51.95,26,26,0.00,0.00,0,0
1544355384,3005-eth3,1222719.38,1211214.88,2433934.25,1212426,1223942,685.31,664.34,1349.65,665,686,0.00,0.00,0,0
1544355384,2005-eth3,0.00,59.94,59.94,60,0,0.00,1.00,1.00,1,0,0.00,0.00,0,0
1544355384,3004-eth4,28199.80,1224635.38,1252835.25,1225860,28228,417.58,441.56,859.14,442,418,0.00,0.00,0,0
1544355384,1004-eth2,0.00,41.96,41.96,42,0,0.00,1.00,1.00,1,0,0.00,0.00,0,0
1544355384,2004-eth4,12857.14,697216.81,710073.94,697914,12870,194.81,240.76,435.56,241,195,0.00,0.00,0,0
1544355384,1001-eth2,12711.29,442607.41,455318.69,443050,12724,141.86,152.85,294.71,153,142,0.00,0.00,0,0
1544355384,1003-eth3,0.00,59.94,59.94,60,0,0.00,1.00,1.00,1,0,0.00,0.00,0,0
1544355384,2002-eth4,41.96,0.00,41.96,0,42,1.00,0.00,1.00,0,1,0.00,0.00,0,0
1544355384,1001-eth4,0.00,0.00,0.00,0,0,0.00,0.00,0.00,0,0,0.00,0.00,0,0
1544355384,3001-eth2,0.00,0.00,0.00,0,0,0.00,0.00,0.00,0,0,0.00,0.00,0,0
1544355384,1004-eth1,41.96,0.00,41.96,0,42,1.00,0.00,1.00,0,1,0.00,0.00,0,0
1544355384,3005-eth4,1211340.75,1219766.25,2431107.00,1220986,1212552,666.33,684.32,1350.65,685,667,0.00,0.00,0,0
1544355384,1003-eth2,0.00,0.00,0.00,0,0,0.00,0.00,0.00,0,0,0.00,0.00,0,0
1544355384,3008-eth1,59.94,0.00,59.94,0,60,1.00,0.00,1.00,0,1,0.00,0.00,0,0
1544355384,1002-eth3,59.94,0.00,59.94,0,60,1.00,0.00,1.00,0,1,0.00,0.00,0,0
1544355384,2006-eth1,59.94,0.00,59.94,0,60,1.00,0.00,1.00,0,1,0.00,0.00,0,0
1544355384,3003-eth1,468849.16,1222697.38,1691546.50,1223920,469318,550.45,563.44,1113.89,564,551,0.00,0.00,0,0
1544355384,2001-eth3,0.00,0.00,0.00,0,0,0.00,0.00,0.00,0,0,0.00,0.00,0,0
1544355384,2008-eth2,0.00,0.00,0.00,0,0,0.00,0.00,0.00,0,0,0.00,0.00,0,0
1544355384,2008-eth3,0.00,0.00,0.00,0,0,0.00,0.00,0.00,0,0,0.00,0.00,0,0
1544355384,1001-eth3,0.00,0.00,0.00,0,0,0.00,0.00,0.00,0,0,0.00,0.00,0,0
1544355384,2007-eth4,0.00,59.94,59.94,60,0,0.00,1.00,1.00,1,0,0.00,0.00,0,0
1544355384,2004-eth2,41.96,0.00,41.96,0,42,1.00,0.00,1.00,0,1,0.00,0.00,0,0
1544355384,3002-eth1,12711.29,442607.41,455318.69,443050,12724,141.86,152.85,294.71,153,142,0.00,0.00,0,0
1544355384,3004-eth1,1219718.38,26241.76,1245960.12,26268,1220938,420.58,397.60,818.18,398,421,0.00,0.00,0,0
1544355384,2006-eth3,0.00,0.00,0.00,0,0,0.00,0.00,0.00,0,0,0.00,0.00,0,0
1544355384,3004-eth2,697216.81,12857.14,710073.94,12870,697914,240.76,194.81,435.56,195,241,0.00,0.00,0,0
1544355384,3001-eth3,1211340.75,1222725.25,2434066.00,1223948,1212552,666.33,685.31,1351.65,686,667,0.00,0.00,0,0
1544355384,2003-eth4,26241.76,1219718.38,1245960.12,1220938,26268,397.60,420.58,818.18,421,398,0.00,0.00,0,0
1544355384,2008-eth4,0.00,0.00,0.00,0,0,0.00,0.00,0.00,0,0,0.00,0.00,0,0
1544355384,3008-eth3,1212389.62,1220871.12,2433260.75,1222092,1213602,616.38,613.39,1229.77,614,617,0.00,0.00,0,0
1544355384,2005-eth2,0.00,59.94,59.94,60,0,0.00,1.00,1.00,1,0,0.00,0.00,0,0
1544355384,2006-eth4,0.00,0.00,0.00,0,0,0.00,0.00,0.00,0,0,0.00,0.00,0,0
1544355384,3006-eth2,0.00,0.00,0.00,0,0,0.00,0.00,0.00,0,0,0.00,0.00,0,0
1544355384,1003-eth4,0.00,0.00,0.00,0,0,0.00,0.00,0.00,0,0,0.00,0.00,0,0
1544355384,2006-eth2,0.00,0.00,0.00,0,0,0.00,0.00,0.00,0,0,0.00,0.00,0,0
1544355384,3001-eth1,0.00,0.00,0.00,0,0,0.00,0.00,0.00,0,0,0.00,0.00,0,0
1544355384,3008-eth2,0.00,0.00,0.00,0,0,0.00,0.00,0.00,0,0,0.00,0.00,0,0
1544355384,2004-eth3,697216.81,12899.10,710115.88,12912,697914,240.76,195.80,436.56,196,241,0.00,0.00,0,0
1544355384,3001-eth4,1222785.25,1211214.88,2434000.00,1212426,1224008,686.31,664.34,1350.65,665,687,0.00,0.00,0,0
1544355384,1003-eth1,0.00,0.00,0.00,0,0,0.00,0.00,0.00,0,0,0.00,0.00,0,0
1544355384,3002-eth2,0.00,41.96,41.96,42,0,0.00,1.00,1.00,1,0,0.00,0.00,0,0
1544355384,2005-eth4,0.00,0.00,0.00,0,0,0.00,0.00,0.00,0,0,0.00,0.00,0,0
1544355384,3003-eth2,12899.10,697216.81,710115.88,697914,12912,195.80,240.76,436.56,241,196,0.00,0.00,0,0
1544355384,2007-eth1,0.00,0.00,0.00,0,0,0.00,0.00,0.00,0,0,0.00,0.00,0,0
1544355384,1002-eth4,0.00,0.00,0.00,0,0,0.00,0.00,0.00,0,0,0.00,0.00,0,0
1544355384,3002-eth4,1206885.12,621152.88,1828038.00,621774,1208092,681.32,666.33,1347.65,667,682,0.00,0.00,0,0
1544355384,2007-eth3,0.00,0.00,0.00,0,0,0.00,0.00,0.00,0,0,0.00,0.00,0,0
1544355384,3005-eth1,59.94,0.00,59.94,0,60,1.00,0.00,1.00,0,1,0.00,0.00,0,0
1544355384,2001-eth4,442607.41,12711.29,455318.69,12724,443050,152.85,141.86,294.71,142,153,0.00,0.00,0,0
1544355384,3003-eth4,1223138.88,469088.94,1692227.88,469558,1224362,560.44,554.45,1114.89,555,561,0.00,0.00,0,0
1544355384,2004-eth1,0.00,0.00,0.00,0,0,0.00,0.00,0.00,0,0,0.00,0.00,0,0
1544355384,3006-eth4,1208945.12,1211244.75,2420190.00,1212456,1210154,476.52,467.53,944.06,468,477,0.00,0.00,0,0
1544355384,3007-eth1,0.00,0.00,0.00,0,0,0.00,0.00,0.00,0,0,0.00,0.00,0,0
1544355384,2008-eth1,0.00,0.00,0.00,0,0,0.00,0.00,0.00,0,0,0.00,0.00,0,0
1544355384,2002-eth2,0.00,41.96,41.96,42,0,0.00,1.00,1.00,1,0,0.00,0.00,0,0
1544355384,2003-eth1,442607.41,12711.29,455318.69,12724,443050,152.85,141.86,294.71,142,153,0.00,0.00,0,0
1544355384,3008-eth4,1220997.00,1204893.12,2425890.25,1206098,1222218,615.38,612.39,1227.77,613,616,0.00,0.00,0,0
1544355384,1004-eth4,0.00,0.00,0.00,0,0,0.00,0.00,0.00,0,0,0.00,0.00,0,0
1544355384,3006-eth1,0.00,0.00,0.00,0,0,0.00,0.00,0.00,0,0,0.00,0.00,0,0
1544355384,1004-eth3,0.00,0.00,0.00,0,0,0.00,0.00,0.00,0,0,0.00,0.00,0,0
1544355384,1002-eth2,0.00,0.00,0.00,0,0,0.00,0.00,0.00,0,0,0.00,0.00,0,0
1544355384,3004-eth3,14815.19,699174.88,713990.00,699874,14830,214.79,260.74,475.52,261,215,0.00,0.00,0,0
1544355384,2003-eth3,1222697.38,468783.22,1691480.62,469252,1223920,563.44,549.45,1112.89,550,564,0.00,0.00,0,0
1544355384,2005-eth1,0.00,0.00,0.00,0,0,0.00,0.00,0.00,0,0,0.00,0.00,0,0
1544355384,3002-eth3,1221136.88,1219690.38,2440827.25,1220910,1222358,793.21,824.18,1617.38,825,794,0.00,0.00,0,0
1544355384,3006-eth3,1211244.75,1208945.12,2420190.00,1210154,1212456,467.53,476.52,944.06,477,468,0.00,0.00,0,0
1544355384,2001-eth1,12711.29,442607.41,455318.69,443050,12724,141.86,152.85,294.71,153,142,0.00,0.00,0,0
1544355384,3005-eth2,0.00,0.00,0.00,0,0,0.00,0.00,0.00,0,0,0.00,0.00,0,0
1544355384,2001-eth2,0.00,0.00,0.00,0,0,0.00,0.00,0.00,0,0,0.00,0.00,0,0
1544355384,3007-eth2,0.00,0.00,0.00,0,0,0.00,0.00,0.00,0,0,0.00,0.00,0,0
1544355384,1001-eth1,442607.41,12711.29,455318.69,12724,443050,152.85,141.86,294.71,142,153,0.00,0.00,0,0
1544355384,3007-eth4,1211280.75,1219766.25,2431047.00,1220986,1212492,665.33,684.32,1349.65,685,666,0.00,0.00,0,0
1544355384,2003-eth2,0.00,0.00,0.00,0,0,0.00,0.00,0.00,0,0,0.00,0.00,0,0
1544355384,3007-eth3,1222725.25,1211214.88,2433940.25,1212426,1223948,685.31,664.34,1349.65,665,686,0.00,0.00,0,0
1544355384,1002-eth1,0.00,0.00,0.00,0,0,0.00,0.00,0.00,0,0,0.00,0.00,0,0
1544355384,2002-eth3,0.00,0.00,0.00,0,0,0.00,0.00,0.00,0,0,0.00,0.00,0,0
1544355384,2007-eth2,0.00,0.00,0.00,0,0,0.00,0.00,0.00,0,0,0.00,0.00,0,0
1544355384,total,22798216.00,22809426.00,45607640.00,22832234,22821014,13243.76,13317.68,26561.44,13331,13257,0.00,0.00,0,0
1544355385,3003-eth3,1221134.88,701298.75,1922433.62,702000,1222356,617.38,631.37,1248.75,632,618,0.00,0.00,0,0
1544355385,2002-eth1,0.00,0.00,0.00,0,0,0.00,0.00,0.00,0,0,0.00,0.00,0,0
1544355385,lo,0.00,0.00,0.00,0,0,0.00,0.00,0.00,0,0,0.00,0.00,0,0
1544355385,3005-eth3,1220030.00,1211940.12,2431970.00,1213152,1221250,688.31,675.32,1363.64,676,689,0.00,0.00,0,0
1544355385,2005-eth3,0.00,0.00,0.00,0,0,0.00,0.00,0.00,0,0,0.00,0.00,0,0
1544355385,3004-eth4,28265.73,1221676.38,1249942.12,1222898,28294,418.58,440.56,859.14,441,419,0.00,0.00,0,0
1544355385,1004-eth2,0.00,0.00,0.00,0,0,0.00,0.00,0.00,0,0,0.00,0.00,0,0
1544355385,2004-eth4,13318.68,744561.44,757880.12,745306,13332,201.80,256.74,458.54,257,202,0.00,0.00,0,0
1544355385,1001-eth2,16245.75,355942.06,372187.81,356298,16262,172.83,132.87,305.69,133,173,0.00,0.00,0,0
1544355385,1003-eth3,0.00,0.00,0.00,0,0,0.00,0.00,0.00,0,0,0.00,0.00,0,0
1544355385,2002-eth4,0.00,0.00,0.00,0,0,0.00,0.00,0.00,0,0,0.00,0.00,0,0
1544355385,1001-eth4,0.00,0.00,0.00,0,0,0.00,0.00,0.00,0,0,0.00,0.00,0,0
1544355385,3001-eth2,0.00,0.00,0.00,0,0,0.00,0.00,0.00,0,0,0.00,0.00,0,0
1544355385,1004-eth1,0.00,0.00,0.00,0,0,0.00,0.00,0.00,0,0,0.00,0.00,0,0
1544355385,3005-eth4,1216345.62,1222989.00,2439334.75,1224212,1217562,676.32,689.31,1365.63,690,677,0.00,0.00,0,0
1544355385,1003-eth2,0.00,0.00,0.00,0,0,0.00,0.00,0.00,0,0,0.00,0.00,0,0
1544355385,3008-eth1,0.00,0.00,0.00,0,0,0.00,0.00,0.00,0,0,0.00,0.00,0,0
1544355385,1002-eth3,0.00,0.00,0.00,0,0,0.00,0.00,0.00,0,0,0.00,0.00,0,0
1544355385,2006-eth1,0.00,0.00,0.00,0,0,0.00,0.00,0.00,0,0,0.00,0.00,0,0
1544355385,3003-eth1,382249.75,1223001.00,1605250.75,1224224,382632,531.47,577.42,1108.89,578,532,0.00,0.00,0,0
1544355385,2001-eth3,0.00,0.00,0.00,0,0,0.00,0.00,0.00,0,0,0.00,0.00,0,0
1544355385,2008-eth2,0.00,0.00,0.00,0,0,0.00,0.00,0.00,0,0,0.00,0.00,0,0
1544355385,2008-eth3,0.00,0.00,0.00,0,0,0.00,0.00,0.00,0,0,0.00,0.00,0,0
1544355385,1001-eth3,0.00,0.00,0.00,0,0,0.00,0.00,0.00,0,0,0.00,0.00,0,0
1544355385,2007-eth4,0.00,0.00,0.00,0,0,0.00,0.00,0.00,0,0,0.00,0.00,0,0
1544355385,2004-eth2,0.00,0.00,0.00,0,0,0.00,0.00,0.00,0,0,0.00,0.00,0,0
1544355385,3002-eth1,16245.75,355942.06,372187.81,356298,16262,172.83,132.87,305.69,133,173,0.00,0.00,0,0
1544355385,3004-eth1,1219718.38,26307.69,1246026.00,26334,1220938,420.58,398.60,819.18,399,421,0.00,0.00,0,0
1544355385,2006-eth3,0.00,0.00,0.00,0,0,0.00,0.00,0.00,0,0,0.00,0.00,0,0
1544355385,3004-eth2,744561.44,13318.68,757880.12,13332,745306,256.74,201.80,458.54,202,257,0.00,0.00,0,0
1544355385,3001-eth3,1211346.62,1222659.38,2434006.00,1223882,1212558,666.33,684.32,1350.65,685,667,0.00,0.00,0,0
1544355385,2003-eth4,26307.69,1219718.38,1246026.00,1220938,26334,398.60,420.58,819.18,421,399,0.00,0.00,0,0
1544355385,2008-eth4,0.00,0.00,0.00,0,0,0.00,0.00,0.00,0,0,0.00,0.00,0,0
1544355385,3008-eth3,1206273.75,1223896.12,2430170.00,1225120,1207480,611.39,615.38,1226.77,616,612,0.00,0.00,0,0
1544355385,2005-eth2,0.00,0.00,0.00,0,0,0.00,0.00,0.00,0,0,0.00,0.00,0,0
1544355385,2006-eth4,0.00,0.00,0.00,0,0,0.00,0.00,0.00,0,0,0.00,0.00,0,0
1544355385,3006-eth2,0.00,0.00,0.00,0,0,0.00,0.00,0.00,0,0,0.00,0.00,0,0
1544355385,1003-eth4,0.00,0.00,0.00,0,0,0.00,0.00,0.00,0,0,0.00,0.00,0,0
1544355385,2006-eth2,0.00,0.00,0.00,0,0,0.00,0.00,0.00,0,0,0.00,0.00,0,0
1544355385,3001-eth1,0.00,0.00,0.00,0,0,0.00,0.00,0.00,0,0,0.00,0.00,0,0
1544355385,3008-eth2,0.00,0.00,0.00,0,0,0.00,0.00,0.00,0,0,0.00,0.00,0,0
1544355385,2004-eth3,744561.44,13318.68,757880.12,13332,745306,256.74,201.80,458.54,202,257,0.00,0.00,0,0
1544355385,3001-eth4,1219634.38,1211412.62,2431047.00,1212624,1220854,682.32,667.33,1349.65,668,683,0.00,0.00,0,0
1544355385,1003-eth1,0.00,0.00,0.00,0,0,0.00,0.00,0.00,0,0,0.00,0.00,0,0
1544355385,3002-eth2,0.00,0.00,0.00,0,0,0.00,0.00,0.00,0,0,0.00,0.00,0,0
1544355385,2005-eth4,0.00,0.00,0.00,0,0,0.00,0.00,0.00,0,0,0.00,0.00,0,0
1544355385,3003-eth2,13318.68,744561.44,757880.12,745306,13332,201.80,256.74,458.54,257,202,0.00,0.00,0,0
1544355385,2007-eth1,0.00,0.00,0.00,0,0,0.00,0.00,0.00,0,0,0.00,0.00,0,0
1544355385,1002-eth4,0.00,0.00,0.00,0,0,0.00,0.00,0.00,0,0,0.00,0.00,0,0
1544355385,3002-eth4,1207522.50,707298.75,1914821.25,708006,1208730,734.27,722.28,1456.54,723,735,0.00,0.00,0,0
1544355385,2007-eth3,0.00,0.00,0.00,0,0,0.00,0.00,0.00,0,0,0.00,0.00,0,0
1544355385,3005-eth1,0.00,0.00,0.00,0,0,0.00,0.00,0.00,0,0,0.00,0.00,0,0
1544355385,2001-eth4,355942.06,16245.75,372187.81,16262,356298,132.87,172.83,305.69,173,133,0.00,0.00,0,0
1544355385,3003-eth4,1219816.25,382315.69,1602131.88,382698,1221036,543.46,532.47,1075.92,533,544,0.00,0.00,0,0
1544355385,2004-eth1,0.00,0.00,0.00,0,0,0.00,0.00,0.00,0,0,0.00,0.00,0,0
1544355385,3006-eth4,1207230.75,1211372.62,2418603.50,1212584,1208438,450.55,447.55,898.10,448,451,0.00,0.00,0,0
1544355385,3007-eth1,0.00,0.00,0.00,0,0,0.00,0.00,0.00,0,0,0.00,0.00,0,0
1544355385,2008-eth1,0.00,0.00,0.00,0,0,0.00,0.00,0.00,0,0,0.00,0.00,0,0
1544355385,2002-eth2,0.00,0.00,0.00,0,0,0.00,0.00,0.00,0,0,0.00,0.00,0,0
1544355385,2003-eth1,355942.06,16245.75,372187.81,16262,356298,132.87,172.83,305.69,173,133,0.00,0.00,0,0
1544355385,3008-eth4,1220937.12,1212125.88,2433063.00,1213338,1222158,614.39,612.39,1226.77,613,615,0.00,0.00,0,0
1544355385,1004-eth4,0.00,0.00,0.00,0,0,0.00,0.00,0.00,0,0,0.00,0.00,0,0
1544355385,3006-eth1,0.00,0.00,0.00,0,0,0.00,0.00,0.00,0,0,0.00,0.00,0,0
1544355385,1004-eth3,0.00,0.00,0.00,0,0,0.00,0.00,0.00,0,0,0.00,0.00,0,0
1544355385,1002-eth2,0.00,0.00,0.00,0,0,0.00,0.00,0.00,0,0,0.00,0.00,0,0
1544355385,3004-eth3,15276.72,746519.50,761796.25,747266,15292,221.78,276.72,498.50,277,222,0.00,0.00,0,0
1544355385,2003-eth3,1223001.00,382249.75,1605250.75,382632,1224224,577.42,531.47,1108.89,532,578,0.00,0.00,0,0
1544355385,2005-eth1,0.00,0.00,0.00,0,0,0.00,0.00,0.00,0,0,0.00,0.00,0,0
1544355385,3002-eth3,1226697.38,1223674.38,2450371.75,1224898,1227924,965.03,906.09,1871.13,907,966,0.00,0.00,0,0
1544355385,3006-eth3,1215844.25,1207230.75,2423075.00,1208438,1217060,449.55,450.55,900.10,451,450,0.00,0.00,0,0
1544355385,2001-eth1,16245.75,355942.06,372187.81,356298,16262,172.83,132.87,305.69,133,173,0.00,0.00,0,0
1544355385,3005-eth2,0.00,0.00,0.00,0,0,0.00,0.00,0.00,0,0,0.00,0.00,0,0
1544355385,2001-eth2,0.00,0.00,0.00,0,0,0.00,0.00,0.00,0,0,0.00,0.00,0,0
1544355385,3007-eth2,0.00,0.00,0.00,0,0,0.00,0.00,0.00,0,0,0.00,0.00,0,0
1544355385,1001-eth1,355942.06,16245.75,372187.81,16262,356298,132.87,172.83,305.69,173,133,0.00,0.00,0,0
1544355385,3007-eth4,1211412.62,1222659.38,2434072.00,1223882,1212624,667.33,684.32,1351.65,685,668,0.00,0.00,0,0
1544355385,2003-eth2,0.00,0.00,0.00,0,0,0.00,0.00,0.00,0,0,0.00,0.00,0,0
1544355385,3007-eth3,1219634.38,1211412.62,2431047.00,1212624,1220854,682.32,667.33,1349.65,668,683,0.00,0.00,0,0
1544355385,1002-eth1,0.00,0.00,0.00,0,0,0.00,0.00,0.00,0,0,0.00,0.00,0,0
1544355385,2002-eth3,0.00,0.00,0.00,0,0,0.00,0.00,0.00,0,0,0.00,0.00,0,0
1544355385,2007-eth2,0.00,0.00,0.00,0,0,0.00,0.00,0.00,0,0,0.00,0.00,0,0
1544355385,total,22551004.00,22624082.00,45175088.00,22646706,22573554,13451.55,13465.53,26917.08,13479,13465,0.00,0.00,0,0
1544355386,3003-eth3,1223896.12,711824.19,1935720.38,712536,1225120,615.38,637.36,1252.75,638,616,0.00,0.00,0,0
1544355386,2002-eth1,0.00,0.00,0.00,0,0,0.00,0.00,0.00,0,0,0.00,0.00,0,0
1544355386,lo,1510.49,1510.49,3020.98,1512,1512,13.99,13.99,27.97,14,14,0.00,0.00,0,0
1544355386,3005-eth3,1222659.38,1215818.25,2438477.50,1217034,1223882,684.32,668.33,1352.65,669,685,0.00,0.00,0,0
1544355386,2005-eth3,0.00,0.00,0.00,0,0,0.00,0.00,0.00,0,0,0.00,0.00,0,0
1544355386,3004-eth4,28401.60,1226147.88,1254549.50,1227374,28430,420.58,442.56,863.14,443,421,0.00,0.00,0,0
1544355386,1004-eth2,0.00,0.00,0.00,0,0,0.00,0.00,0.00,0,0,0.00,0.00,0,0
1544355386,2004-eth4,13648.35,784541.50,798189.81,785326,13662,206.79,270.73,477.52,271,207,0.00,0.00,0,0
1544355386,1001-eth2,15094.91,245212.80,260307.70,245458,15110,160.84,120.88,281.72,121,161,0.00,0.00,0,0
1544355386,1003-eth3,69.93,0.00,69.93,0,70,1.00,0.00,1.00,0,1,0.00,0.00,0,0
1544355386,2002-eth4,0.00,0.00,0.00,0,0,0.00,0.00,0.00,0,0,0.00,0.00,0,0
1544355386,1001-eth4,0.00,0.00,0.00,0,0,0.00,0.00,0.00,0,0,0.00,0.00,0,0
1544355386,3001-eth2,0.00,0.00,0.00,0,0,0.00,0.00,0.00,0,0,0.00,0.00,0,0
1544355386,1004-eth1,0.00,0.00,0.00,0,0,0.00,0.00,0.00,0,0,0.00,0.00,0,0
1544355386,3005-eth4,1215818.25,1222729.25,2438547.50,1223952,1217034,668.33,685.31,1353.65,686,669,0.00,0.00,0,0
1544355386,1003-eth2,0.00,69.93,69.93,70,0,0.00,1.00,1.00,1,0,0.00,0.00,0,0
1544355386,3008-eth1,0.00,0.00,0.00,0,0,0.00,0.00,0.00,0,0,0.00,0.00,0,0
1544355386,1002-eth3,0.00,0.00,0.00,0,0,0.00,0.00,0.00,0,0,0.00,0.00,0,0
1544355386,2006-eth1,0.00,69.93,69.93,70,0,0.00,1.00,1.00,1,0,0.00,0.00,0,0
1544355386,3003-eth1,271586.41,1224833.25,1496419.62,1226058,271858,520.48,566.43,1086.91,567,521,0.00,0.00,0,0
1544355386,2001-eth3,69.93,0.00,69.93,0,70,1.00,0.00,1.00,0,1,0.00,0.00,0,0
1544355386,2008-eth2,0.00,0.00,0.00,0,0,0.00,0.00,0.00,0,0,0.00,0.00,0,0
1544355386,2008-eth3,69.93,0.00,69.93,0,70,1.00,0.00,1.00,0,1,0.00,0.00,0,0
1544355386,1001-eth3,0.00,0.00,0.00,0,0,0.00,0.00,0.00,0,0,0.00,0.00,0,0
1544355386,2007-eth4,0.00,0.00,0.00,0,0,0.00,0.00,0.00,0,0,0.00,0.00,0,0
1544355386,2004-eth2,0.00,0.00,0.00,0,0,0.00,0.00,0.00,0,0,0.00,0.00,0,0
1544355386,3002-eth1,15024.98,245212.80,260237.77,245458,15040,159.84,120.88,280.72,121,160,0.00,0.00,0,0
1544355386,3004-eth1,1221230.75,26373.63,1247604.38,26400,1222452,421.58,399.60,821.18,400,422,0.00,0.00,0,0
1544355386,2006-eth3,0.00,0.00,0.00,0,0,0.00,0.00,0.00,0,0,0.00,0.00,0,0
1544355386,3004-eth2,784541.50,13648.35,798189.81,13662,785326,270.73,206.79,477.52,207,271,0.00,0.00,0,0
1544355386,3001-eth3,1215752.25,1224171.88,2439924.25,1225396,1216968,667.33,685.31,1352.65,686,668,0.00,0.00,0,0
1544355386,2003-eth4,26373.63,1221230.75,1247604.38,1222452,26400,399.60,421.58,821.18,422,400,0.00,0.00,0,0
1544355386,2008-eth4,0.00,0.00,0.00,0,0,0.00,0.00,0.00,0,0,0.00,0.00,0,0
1544355386,3008-eth3,1212323.75,1220937.12,2433260.75,1222158,1213536,615.38,614.39,1229.77,615,616,0.00,0.00,0,0
1544355386,2005-eth2,0.00,0.00,0.00,0,0,0.00,0.00,0.00,0,0,0.00,0.00,0,0
1544355386,2006-eth4,0.00,0.00,0.00,0,0,0.00,0.00,0.00,0,0,0.00,0.00,0,0
1544355386,3006-eth2,0.00,0.00,0.00,0,0,0.00,0.00,0.00,0,0,0.00,0.00,0,0
1544355386,1003-eth4,0.00,0.00,0.00,0,0,0.00,0.00,0.00,0,0,0.00,0.00,0,0
1544355386,2006-eth2,0.00,0.00,0.00,0,0,0.00,0.00,0.00,0,0,0.00,0.00,0,0
1544355386,3001-eth1,0.00,69.93,69.93,70,0,0.00,1.00,1.00,1,0,0.00,0.00,0,0
1544355386,3008-eth2,0.00,0.00,0.00,0,0,0.00,0.00,0.00,0,0,0.00,0.00,0,0
1544355386,2004-eth3,784541.50,13648.35,798189.81,13662,785326,270.73,206.79,477.52,207,271,0.00,0.00,0,0
1544355386,3001-eth4,1225684.38,1215818.25,2441502.50,1217034,1226910,686.31,668.33,1354.65,669,687,0.00,0.00,0,0
1544355386,1003-eth1,0.00,0.00,0.00,0,0,0.00,0.00,0.00,0,0,0.00,0.00,0,0
1544355386,3002-eth2,0.00,0.00,0.00,0,0,0.00,0.00,0.00,0,0,0.00,0.00,0,0
1544355386,2005-eth4,0.00,0.00,0.00,0,0,0.00,0.00,0.00,0,0,0.00,0.00,0,0
1544355386,3003-eth2,13648.35,784541.50,798189.81,785326,13662,206.79,270.73,477.52,271,207,0.00,0.00,0,0
1544355386,2007-eth1,0.00,0.00,0.00,0,0,0.00,0.00,0.00,0,0,0.00,0.00,0,0
1544355386,1002-eth4,0.00,0.00,0.00,0,0,0.00,0.00,0.00,0,0,0.00,0.00,0,0
1544355386,3002-eth4,1208951.12,622607.44,1831558.50,623230,1210160,779.22,710.29,1489.51,711,780,0.00,0.00,0,0
1544355386,2007-eth3,0.00,0.00,0.00,0,0,0.00,0.00,0.00,0,0,0.00,0.00,0,0
1544355386,3005-eth1,0.00,0.00,0.00,0,0,0.00,0.00,0.00,0,0,0.00,0.00,0,0
1544355386,2001-eth4,245212.80,15024.98,260237.77,15040,245458,120.88,159.84,280.72,160,121,0.00,0.00,0,0
1544355386,3003-eth4,1223590.50,271586.41,1495176.88,271858,1224814,538.46,520.48,1058.94,521,539,0.00,0.00,0,0
1544355386,2004-eth1,69.93,0.00,69.93,0,70,1.00,0.00,1.00,0,1,0.00,0.00,0,0
1544355386,3006-eth4,1208084.00,1212291.75,2420375.75,1213504,1209292,441.56,439.56,881.12,440,442,0.00,0.00,0,0
1544355386,3007-eth1,0.00,0.00,0.00,0,0,0.00,0.00,0.00,0,0,0.00,0.00,0,0
1544355386,2008-eth1,0.00,0.00,0.00,0,0,0.00,0.00,0.00,0,0,0.00,0.00,0,0
1544355386,2002-eth2,0.00,0.00,0.00,0,0,0.00,0.00,0.00,0,0,0.00,0.00,0,0
1544355386,2003-eth1,245212.80,15094.91,260307.70,15110,245458,120.88,160.84,281.72,161,121,0.00,0.00,0,0
1544355386,3008-eth4,1226789.25,1212323.75,2439113.00,1213536,1228016,615.38,615.38,1230.77,616,616,0.00,0.00,0,0
1544355386,1004-eth4,0.00,0.00,0.00,0,0,0.00,0.00,0.00,0,0,0.00,0.00,0,0
1544355386,3006-eth1,0.00,0.00,0.00,0,0,0.00,0.00,0.00,0,0,0.00,0.00,0,0
1544355386,1004-eth3,0.00,0.00,0.00,0,0,0.00,0.00,0.00,0,0,0.00,0.00,0,0
1544355386,1002-eth2,0.00,0.00,0.00,0,0,0.00,0.00,0.00,0,0,0.00,0.00,0,0
1544355386,3004-eth3,15606.39,786499.50,802105.94,787286,15622,226.77,290.71,517.48,291,227,0.00,0.00,0,0
1544355386,2003-eth3,1224833.25,271586.41,1496419.62,271858,1226058,566.43,520.48,1086.91,521,567,0.00,0.00,0,0
1544355386,2005-eth1,0.00,0.00,0.00,0,0,0.00,0.00,0.00,0,0,0.00,0.00,0,0
1544355386,3002-eth3,1233896.12,1223976.00,2457872.25,1225200,1235130,1007.99,939.06,1947.05,940,1009,0.00,0.00,0,0
1544355386,3006-eth3,1212291.75,1208084.00,2420375.75,1209292,1213504,439.56,441.56,881.12,442,440,0.00,0.00,0,0
1544355386,2001-eth1,15024.98,245212.80,260237.77,245458,15040,159.84,120.88,280.72,121,160,0.00,0.00,0,0
1544355386,3005-eth2,0.00,0.00,0.00,0,0,0.00,0.00,0.00,0,0,0.00,0.00,0,0
1544355386,2001-eth2,0.00,0.00,0.00,0,0,0.00,0.00,0.00,0,0,0.00,0.00,0,0
1544355386,3007-eth2,0.00,69.93,69.93,70,0,0.00,1.00,1.00,1,0,0.00,0.00,0,0
1544355386,1001-eth1,245212.80,15024.98,260237.77,15040,245458,120.88,159.84,280.72,160,121,0.00,0.00,0,0
1544355386,3007-eth4,1215686.38,1225684.38,2441370.75,1226910,1216902,666.33,686.31,1352.65,687,667,0.00,0.00,0,0
1544355386,2003-eth2,0.00,0.00,0.00,0,0,0.00,0.00,0.00,0,0,0.00,0.00,0,0
1544355386,3007-eth3,1222725.25,1215752.25,2438477.50,1216968,1223948,685.31,667.33,1352.65,668,686,0.00,0.00,0,0
1544355386,1002-eth1,0.00,0.00,0.00,0,0,0.00,0.00,0.00,0,0,0.00,0.00,0,0
1544355386,2002-eth3,0.00,0.00,0.00,0,0,0.00,0.00,0.00,0,0,0.00,0.00,0,0
1544355386,2007-eth2,0.00,0.00,0.00,0,0,0.00,0.00,0.00,0,0,0.00,0.00,0,0
1544355386,total,22235134.00,22139230.00,44374364.00,22161368,22257368,13482.52,13436.56,26919.08,13450,13496,0.00,0.00,0,0
1544355387,3003-eth3,1224989.00,710217.81,1935206.88,710928,1226214,610.39,635.36,1245.75,636,611,0.00,0.00,0,0
1544355387,2002-eth1,59.94,0.00,59.94,0,60,1.00,0.00,1.00,0,1,0.00,0.00,0,0
1544355387,lo,6897.10,6897.10,13794.21,6904,6904,89.91,89.91,179.82,90,90,0.00,0.00,0,0
1544355387,3005-eth3,1222725.25,1215686.38,2438411.75,1216902,1223948,685.31,666.33,1351.65,667,686,0.00,0.00,0,0
1544355387,2005-eth3,0.00,0.00,0.00,0,0,0.00,0.00,0.00,0,0,0.00,0.00,0,0
1544355387,3004-eth4,28331.67,1221676.38,1250008.00,1222898,28360,419.58,440.56,860.14,441,420,0.00,0.00,0,0
1544355387,1004-eth2,0.00,0.00,0.00,0,0,0.00,0.00,0.00,0,0,0.00,0.00,0,0
1544355387,2004-eth4,13846.15,820050.00,833896.12,820870,13860,209.79,282.72,492.51,283,210,0.00,0.00,0,0
1544355387,1001-eth2,15494.51,301896.12,317390.62,302198,15510,164.84,146.85,311.69,147,165,0.00,0.00,0,0
1544355387,1003-eth3,0.00,0.00,0.00,0,0,0.00,0.00,0.00,0,0,0.00,0.00,0,0
1544355387,2002-eth4,0.00,0.00,0.00,0,0,0.00,0.00,0.00,0,0,0.00,0.00,0,0
1544355387,1001-eth4,0.00,0.00,0.00,0,0,0.00,0.00,0.00,0,0,0.00,0.00,0,0
1544355387,3001-eth2,0.00,0.00,0.00,0,0,0.00,0.00,0.00,0,0,0.00,0.00,0,0
1544355387,1004-eth1,0.00,0.00,0.00,0,0,0.00,0.00,0.00,0,0,0.00,0.00,0,0
1544355387,3005-eth4,1211214.88,1222659.38,2433874.25,1223882,1212426,664.34,684.32,1348.65,685,665,0.00,0.00,0,0
1544355387,1003-eth2,0.00,59.94,59.94,60,0,0.00,1.00,1.00,1,0,0.00,0.00,0,0
1544355387,3008-eth1,0.00,0.00,0.00,0,0,0.00,0.00,0.00,0,0,0.00,0.00,0,0
1544355387,1002-eth3,0.00,0.00,0.00,0,0,0.00,0.00,0.00,0,0,0.00,0.00,0,0
1544355387,2006-eth1,0.00,0.00,0.00,0,0,0.00,0.00,0.00,0,0,0.00,0.00,0,0
1544355387,3003-eth1,328329.69,1220699.38,1549029.00,1221920,328658,547.45,583.42,1130.87,584,548,0.00,0.00,0,0
1544355387,2001-eth3,0.00,0.00,0.00,0,0,0.00,0.00,0.00,0,0,0.00,0.00,0,0
1544355387,2008-eth2,0.00,0.00,0.00,0,0,0.00,0.00,0.00,0,0,0.00,0.00,0,0
1544355387,2008-eth3,0.00,0.00,0.00,0,0,0.00,0.00,0.00,0,0,0.00,0.00,0,0
1544355387,1001-eth3,0.00,0.00,0.00,0,0,0.00,0.00,0.00,0,0,0.00,0.00,0,0
1544355387,2007-eth4,0.00,0.00,0.00,0,0,0.00,0.00,0.00,0,0,0.00,0.00,0,0
1544355387,2004-eth2,0.00,0.00,0.00,0,0,0.00,0.00,0.00,0,0,0.00,0.00,0,0
1544355387,3002-eth1,15494.51,301896.12,317390.62,302198,15510,164.84,146.85,311.69,147,165,0.00,0.00,0,0
1544355387,3004-eth1,1222677.38,26373.63,1249051.00,26400,1223900,421.58,399.60,821.18,400,422,0.00,0.00,0,0
1544355387,2006-eth3,0.00,0.00,0.00,0,0,0.00,0.00,0.00,0,0,0.00,0.00,0,0
1544355387,3004-eth2,820050.00,13846.15,833896.12,13860,820870,282.72,209.79,492.51,210,283,0.00,0.00,0,0
1544355387,3001-eth3,1215818.25,1222725.25,2438543.50,1223948,1217034,668.33,685.31,1353.65,686,669,0.00,0.00,0,0
1544355387,2003-eth4,26373.63,1222677.38,1249051.00,1223900,26400,399.60,421.58,821.18,422,400,0.00,0.00,0,0
1544355387,2008-eth4,0.00,59.94,59.94,60,0,0.00,1.00,1.00,1,0,0.00,0.00,0,0
1544355387,3008-eth3,1212581.50,1223830.25,2436411.75,1225054,1213794,619.38,614.39,1233.77,615,620,0.00,0.00,0,0
1544355387,2005-eth2,0.00,0.00,0.00,0,0,0.00,0.00,0.00,0,0,0.00,0.00,0,0
1544355387,2006-eth4,0.00,0.00,0.00,0,0,0.00,0.00,0.00,0,0,0.00,0.00,0,0
1544355387,3006-eth2,0.00,0.00,0.00,0,0,0.00,0.00,0.00,0,0,0.00,0.00,0,0
1544355387,1003-eth4,0.00,0.00,0.00,0,0,0.00,0.00,0.00,0,0,0.00,0.00,0,0
1544355387,2006-eth2,0.00,0.00,0.00,0,0,0.00,0.00,0.00,0,0,0.00,0.00,0,0
1544355387,3001-eth1,0.00,0.00,0.00,0,0,0.00,0.00,0.00,0,0,0.00,0.00,0,0
1544355387,3008-eth2,59.94,0.00,59.94,0,60,1.00,0.00,1.00,0,1,0.00,0.00,0,0
1544355387,2004-eth3,820050.00,13906.09,833956.06,13920,820870,282.72,210.79,493.51,211,283,0.00,0.00,0,0
1544355387,3001-eth4,1221278.75,1215686.38,2436965.00,1216902,1222500,685.31,666.33,1351.65,667,686,0.00,0.00,0,0
1544355387,1003-eth1,0.00,59.94,59.94,60,0,0.00,1.00,1.00,1,0,0.00,0.00,0,0
1544355387,3002-eth2,0.00,0.00,0.00,0,0,0.00,0.00,0.00,0,0,0.00,0.00,0,0
1544355387,2005-eth4,0.00,0.00,0.00,0,0,0.00,0.00,0.00,0,0,0.00,0.00,0,0
1544355387,3003-eth2,13906.09,820050.00,833956.06,820870,13920,210.79,282.72,493.51,283,211,0.00,0.00,0,0
1544355387,2007-eth1,0.00,0.00,0.00,0,0,0.00,0.00,0.00,0,0,0.00,0.00,0,0
1544355387,1002-eth4,0.00,0.00,0.00,0,0,0.00,0.00,0.00,0,0,0.00,0.00,0,0
1544355387,3002-eth4,1205366.62,915466.56,2120833.25,916382,1206572,685.31,698.30,1383.62,699,686,0.00,0.00,0,0
1544355387,2007-eth3,0.00,0.00,0.00,0,0,0.00,0.00,0.00,0,0,0.00,0.00,0,0
1544355387,3005-eth1,0.00,0.00,0.00,0,0,0.00,0.00,0.00,0,0,0.00,0.00,0,0
1544355387,2001-eth4,301896.12,15494.51,317390.62,15510,302198,146.85,164.84,311.69,165,147,0.00,0.00,0,0
1544355387,3003-eth4,1224551.50,328245.75,1552797.25,328574,1225776,563.44,546.45,1109.89,547,564,0.00,0.00,0,0
1544355387,2004-eth1,59.94,0.00,59.94,0,60,1.00,0.00,1.00,0,1,0.00,0.00,0,0
1544355387,3006-eth4,1207754.25,1212159.88,2419914.25,1213372,1208962,436.56,437.56,874.13,438,437,0.00,0.00,0,0
1544355387,3007-eth1,0.00,0.00,0.00,0,0,0.00,0.00,0.00,0,0,0.00,0.00,0,0
1544355387,2008-eth1,0.00,0.00,0.00,0,0,0.00,0.00,0.00,0,0,0.00,0.00,0,0
1544355387,2002-eth2,0.00,0.00,0.00,0,0,0.00,0.00,0.00,0,0,0.00,0.00,0,0
1544355387,2003-eth1,301896.12,15494.51,317390.62,15510,302198,146.85,164.84,311.69,165,147,0.00,0.00,0,0
1544355387,3008-eth4,1220937.12,1212521.50,2433458.50,1213734,1222158,614.39,618.38,1232.77,619,615,0.00,0.00,0,0
1544355387,1004-eth4,0.00,0.00,0.00,0,0,0.00,0.00,0.00,0,0,0.00,0.00,0,0
1544355387,3006-eth1,0.00,0.00,0.00,0,0,0.00,0.00,0.00,0,0,0.00,0.00,0,0
1544355387,1004-eth3,0.00,0.00,0.00,0,0,0.00,0.00,0.00,0,0,0.00,0.00,0,0
1544355387,1002-eth2,59.94,0.00,59.94,0,60,1.00,0.00,1.00,0,1,0.00,0.00,0,0
1544355387,3004-eth3,15804.20,822008.00,837812.19,822830,15820,229.77,302.70,532.47,303,230,0.00,0.00,0,0
1544355387,2003-eth3,1220699.38,328329.69,1549029.00,328658,1221920,583.42,547.45,1130.87,548,584,0.00,0.00,0,0
1544355387,2005-eth1,0.00,0.00,0.00,0,0,0.00,0.00,0.00,0,0,0.00,0.00,0,0
1544355387,3002-eth3,1234101.88,1220861.12,2454963.00,1222082,1235336,1054.95,850.15,1905.09,851,1056,0.00,0.00,0,0
1544355387,3006-eth3,1210581.50,1207754.25,2418335.75,1208962,1211792,435.56,436.56,872.13,437,436,0.00,0.00,0,0
1544355387,2001-eth1,15494.51,301956.06,317450.56,302258,15510,164.84,147.85,312.69,148,165,0.00,0.00,0,0
1544355387,3005-eth2,0.00,0.00,0.00,0,0,0.00,0.00,0.00,0,0,0.00,0.00,0,0
1544355387,2001-eth2,0.00,59.94,59.94,60,0,0.00,1.00,1.00,1,0,0.00,0.00,0,0
1544355387,3007-eth2,0.00,0.00,0.00,0,0,0.00,0.00,0.00,0,0,0.00,0.00,0,0
1544355387,1001-eth1,301956.06,15494.51,317450.56,15510,302258,147.85,164.84,312.69,165,148,0.00,0.00,0,0
1544355387,3007-eth4,1216939.12,1223582.50,2440521.50,1224806,1218156,685.31,698.30,1383.62,699,686,0.00,0.00,0,0
1544355387,2003-eth2,0.00,59.94,59.94,60,0,0.00,1.00,1.00,1,0,0.00,0.00,0,0
1544355387,3007-eth3,1220623.38,1216939.12,2437562.50,1218156,1221844,697.30,685.31,1382.62,686,698,0.00,0.00,0,0
1544355387,1002-eth1,59.94,0.00,59.94,0,60,1.00,0.00,1.00,0,1,0.00,0.00,0,0
1544355387,2002-eth3,0.00,0.00,0.00,0,0,0.00,0.00,0.00,0,0,0.00,0.00,0,0
1544355387,2007-eth2,0.00,0.00,0.00,0,0,0.00,0.00,0.00,0,0,0.00,0.00,0,0
1544355387,total,22518960.00,22817382.00,45336340.00,22840198,22541478,13724.28,13635.37,27359.64,13649,13738,0.00,0.00,0,0
1544355388,3003-eth3,1217354.62,725078.94,1942433.62,725804,1218572,604.40,641.36,1245.75,642,605,0.00,0.00,0,0
1544355388,2002-eth1,0.00,59.94,59.94,60,0,0.00,1.00,1.00,1,0,0.00,0.00,0,0
1544355388,lo,100133.87,100133.87,200267.73,100234,100234,303.70,303.70,607.39,304,304,0.00,0.00,0,0
1544355388,3005-eth3,1216741.25,1211346.62,2428088.00,1212558,1217958,682.32,666.33,1348.65,667,683,0.00,0.00,0,0
1544355388,2005-eth3,0.00,0.00,0.00,0,0,0.00,0.00,0.00,0,0,0.00,0.00,0,0
1544355388,3004-eth4,28233.77,1218619.38,1246853.12,1219838,28262,418.58,438.56,857.14,439,419,0.00,0.00,0,0
1544355388,1004-eth2,0.00,0.00,0.00,0,0,0.00,0.00,0.00,0,0,0.00,0.00,0,0
1544355388,2004-eth4,15970.03,737266.75,753236.81,738004,15986,214.79,277.72,492.51,278,215,0.00,0.00,0,0
1544355388,1001-eth2,10093.91,313920.09,324014.00,314234,10104,118.88,131.87,250.75,132,119,0.00,0.00,0,0
1544355388,1003-eth3,59.94,0.00,59.94,0,60,1.00,0.00,1.00,0,1,0.00,0.00,0,0
1544355388,2002-eth4,59.94,0.00,59.94,0,60,1.00,0.00,1.00,0,1,0.00,0.00,0,0
1544355388,1001-eth4,59.94,59.94,119.88,60,60,1.00,1.00,2.00,1,1,0.00,0.00,0,0
1544355388,3001-eth2,0.00,59.94,59.94,60,0,0.00,1.00,1.00,1,0,0.00,0.00,0,0
1544355388,1004-eth1,0.00,59.94,59.94,60,0,0.00,1.00,1.00,1,0,0.00,0.00,0,0
1544355388,3005-eth4,1215818.25,1219766.25,2435584.50,1220986,1217034,668.33,684.32,1352.65,685,669,0.00,0.00,0,0
1544355388,1003-eth2,59.94,0.00,59.94,0,60,1.00,0.00,1.00,0,1,0.00,0.00,0,0
1544355388,3008-eth1,0.00,0.00,0.00,0,0,0.00,0.00,0.00,0,0,0.00,0.00,0,0
1544355388,1002-eth3,0.00,0.00,0.00,0,0,0.00,0.00,0.00,0,0,0.00,0.00,0,0
1544355388,2006-eth1,0.00,59.94,59.94,60,0,0.00,1.00,1.00,1,0,0.00,0.00,0,0
1544355388,3003-eth1,340233.78,1218415.62,1558649.38,1219634,340574,530.47,560.44,1090.91,561,531,0.00,0.00,0,0
1544355388,2001-eth3,59.94,59.94,119.88,60,60,1.00,1.00,2.00,1,1,0.00,0.00,0,0
1544355388,2008-eth2,0.00,0.00,0.00,0,0,0.00,0.00,0.00,0,0,0.00,0.00,0,0
1544355388,2008-eth3,0.00,0.00,0.00,0,0,0.00,0.00,0.00,0,0,0.00,0.00,0,0
1544355388,1001-eth3,59.94,0.00,59.94,0,60,1.00,0.00,1.00,0,1,0.00,0.00,0,0
1544355388,2007-eth4,0.00,0.00,0.00,0,0,0.00,0.00,0.00,0,0,0.00,0.00,0,0
1544355388,2004-eth2,0.00,0.00,0.00,0,0,0.00,0.00,0.00,0,0,0.00,0.00,0,0
1544355388,3002-eth1,10033.97,313920.09,323954.06,314234,10044,117.88,131.87,249.75,132,118,0.00,0.00,0,0
1544355388,3004-eth1,1216759.25,26373.63,1243132.88,26400,1217976,419.58,399.60,819.18,400,420,0.00,0.00,0,0
1544355388,2006-eth3,0.00,0.00,0.00,0,0,0.00,0.00,0.00,0,0,0.00,0.00,0,0
1544355388,3004-eth2,737266.75,15970.03,753236.81,15986,738004,277.72,214.79,492.51,215,278,0.00,0.00,0,0
1544355388,3001-eth3,1211412.62,1216807.25,2428219.75,1218024,1212624,667.33,683.32,1350.65,684,668,0.00,0.00,0,0
1544355388,2003-eth4,26373.63,1216759.25,1243132.88,1217976,26400,399.60,419.58,819.18,420,400,0.00,0.00,0,0
1544355388,2008-eth4,0.00,0.00,0.00,0,0,0.00,0.00,0.00,0,0,0.00,0.00,0,0
1544355388,3008-eth3,1206405.62,1216663.38,2423069.00,1217880,1207612,613.39,615.38,1228.77,616,614,0.00,0.00,0,0
1544355388,2005-eth2,0.00,0.00,0.00,0,0,0.00,0.00,0.00,0,0,0.00,0.00,0,0
1544355388,2006-eth4,0.00,0.00,0.00,0,0,0.00,0.00,0.00,0,0,0.00,0.00,0,0
1544355388,3006-eth2,0.00,0.00,0.00,0,0,0.00,0.00,0.00,0,0,0.00,0.00,0,0
1544355388,1003-eth4,59.94,59.94,119.88,60,60,1.00,1.00,2.00,1,1,0.00,0.00,0,0
1544355388,2006-eth2,0.00,0.00,0.00,0,0,0.00,0.00,0.00,0,0,0.00,0.00,0,0
1544355388,3001-eth1,59.94,59.94,119.88,60,60,1.00,1.00,2.00,1,1,0.00,0.00,0,0
1544355388,3008-eth2,0.00,0.00,0.00,0,0,0.00,0.00,0.00,0,0,0.00,0.00,0,0
1544355388,2004-eth3,737266.75,15970.03,753236.81,15986,738004,277.72,214.79,492.51,215,278,0.00,0.00,0,0
1544355388,3001-eth4,1216741.25,1211412.62,2428154.00,1212624,1217958,682.32,667.33,1349.65,668,683,0.00,0.00,0,0
1544355388,1003-eth1,59.94,0.00,59.94,0,60,1.00,0.00,1.00,0,1,0.00,0.00,0,0
1544355388,3002-eth2,0.00,59.94,59.94,60,0,0.00,1.00,1.00,1,0,0.00,0.00,0,0
1544355388,2005-eth4,0.00,0.00,0.00,0,0,0.00,0.00,0.00,0,0,0.00,0.00,0,0
1544355388,3003-eth2,15970.03,737266.75,753236.81,738004,15986,214.79,277.72,492.51,278,215,0.00,0.00,0,0
1544355388,2007-eth1,59.94,59.94,119.88,60,60,1.00,1.00,2.00,1,1,0.00,0.00,0,0
1544355388,1002-eth4,59.94,0.00,59.94,0,60,1.00,0.00,1.00,0,1,0.00,0.00,0,0
1544355388,3002-eth4,1210369.62,989508.50,2199878.25,990498,1211580,717.28,724.28,1441.56,725,718,0.00,0.00,0,0
1544355388,2007-eth3,0.00,0.00,0.00,0,0,0.00,0.00,0.00,0,0,0.00,0.00,0,0
1544355388,3005-eth1,0.00,0.00,0.00,0,0,0.00,0.00,0.00,0,0,0.00,0.00,0,0
1544355388,2001-eth4,313920.09,10033.97,323954.06,10044,314234,131.87,117.88,249.75,118,132,0.00,0.00,0,0
1544355388,3003-eth4,1220879.12,344113.91,1564993.00,344458,1222100,539.46,536.46,1075.92,537,540,0.00,0.00,0,0
1544355388,2004-eth1,0.00,59.94,59.94,60,0,0.00,1.00,1.00,1,0,0.00,0.00,0,0
1544355388,3006-eth4,1206509.50,1212032.00,2418541.50,1213244,1207716,461.54,457.54,919.08,458,462,0.00,0.00,0,0
1544355388,3007-eth1,0.00,0.00,0.00,0,0,0.00,0.00,0.00,0,0,0.00,0.00,0,0
1544355388,2008-eth1,59.94,59.94,119.88,60,60,1.00,1.00,2.00,1,1,0.00,0.00,0,0
1544355388,2002-eth2,59.94,0.00,59.94,0,60,1.00,0.00,1.00,0,1,0.00,0.00,0,0
1544355388,2003-eth1,313920.09,10093.91,324014.00,10104,314234,131.87,118.88,250.75,119,132,0.00,0.00,0,0
1544355388,3008-eth4,1219622.38,1206405.62,2426028.00,1207612,1220842,616.38,613.39,1229.77,614,617,0.00,0.00,0,0
1544355388,1004-eth4,0.00,0.00,0.00,0,0,0.00,0.00,0.00,0,0,0.00,0.00,0,0
1544355388,3006-eth1,0.00,0.00,0.00,0,0,0.00,0.00,0.00,0,0,0.00,0.00,0,0
1544355388,1004-eth3,0.00,0.00,0.00,0,0,0.00,0.00,0.00,0,0,0.00,0.00,0,0
1544355388,1002-eth2,0.00,0.00,0.00,0,0,0.00,0.00,0.00,0,0,0.00,0.00,0,0
1544355388,3004-eth3,17830.17,739126.88,756957.06,739866,17848,233.77,296.70,530.47,297,234,0.00,0.00,0,0
1544355388,2003-eth3,1218415.62,340233.78,1558649.38,340574,1219634,560.44,530.47,1090.91,531,561,0.00,0.00,0,0
1544355388,2005-eth1,0.00,59.94,59.94,60,0,0.00,1.00,1.00,1,0,0.00,0.00,0,0
1544355388,3002-eth3,1223280.75,1220403.62,2443684.50,1221624,1224504,847.15,835.16,1682.32,836,848,0.00,0.00,0,0
1544355388,3006-eth3,1209138.88,1206509.50,2415648.50,1207716,1210348,457.54,461.54,919.08,462,458,0.00,0.00,0,0
1544355388,2001-eth1,10093.91,313860.16,323954.06,314174,10104,118.88,130.87,249.75,131,119,0.00,0.00,0,0
1544355388,3005-eth2,0.00,0.00,0.00,0,0,0.00,0.00,0.00,0,0,0.00,0.00,0,0
1544355388,2001-eth2,59.94,0.00,59.94,0,60,1.00,0.00,1.00,0,1,0.00,0.00,0,0
1544355388,3007-eth2,0.00,0.00,0.00,0,0,0.00,0.00,0.00,0,0,0.00,0.00,0,0
1544355388,1001-eth1,313860.16,10093.91,323954.06,10104,314174,130.87,118.88,249.75,119,131,0.00,0.00,0,0
1544355388,3007-eth4,1214247.75,1215826.25,2430074.00,1217042,1215462,710.29,712.29,1422.58,713,711,0.00,0.00,0,0
1544355388,2003-eth2,0.00,0.00,0.00,0,0,0.00,0.00,0.00,0,0,0.00,0.00,0,0
1544355388,3007-eth3,1218785.25,1214247.75,2433033.00,1215462,1220004,713.29,710.29,1423.58,711,714,0.00,0.00,0,0
1544355388,1002-eth1,0.00,59.94,59.94,60,0,0.00,1.00,1.00,1,0,0.00,0.00,0,0
1544355388,2002-eth3,59.94,0.00,59.94,0,60,1.00,0.00,1.00,0,1,0.00,0.00,0,0
1544355388,2007-eth2,0.00,59.94,59.94,60,0,0.00,1.00,1.00,1,0,0.00,0.00,0,0
1544355388,total,22434582.00,22749080.00,45183660.00,22771828,22457016,13597.40,13708.29,27305.70,13722,13611,0.00,0.00,0,0
1544355389,3003-eth3,1224103.88,493470.53,1717574.50,493964,1225328,605.39,617.38,1222.78,618,606,0.00,0.00,0,0
1544355389,2002-eth1,0.00,0.00,0.00,0,0,0.00,0.00,0.00,0,0,0.00,0.00,0,0
1544355389,lo,7060.94,7060.94,14121.88,7068,7068,69.93,69.93,139.86,70,70,0.00,0.00,0,0
1544355389,3005-eth3,1222659.38,1211280.75,2433940.25,1212492,1223882,684.32,665.33,1349.65,666,685,0.00,0.00,0,0
1544355389,2005-eth3,0.00,0.00,0.00,0,0,0.00,0.00,0.00,0,0,0.00,0.00,0,0
1544355389,3004-eth4,28367.63,1226189.88,1254557.50,1227416,28396,420.58,443.56,864.14,444,421,0.00,0.00,0,0
1544355389,1004-eth2,0.00,59.94,59.94,60,0,0.00,1.00,1.00,1,0,0.00,0.00,0,0
1544355389,2004-eth4,21376.62,467802.22,489178.84,468270,21398,227.77,249.75,477.52,250,228,0.00,0.00,0,0
1544355389,1001-eth2,6850.30,341139.72,347990.03,341822,6864,103.79,154.69,258.48,155,104,0.00,0.00,0,0
1544355389,1003-eth3,0.00,0.00,0.00,0,0,0.00,0.00,0.00,0,0,0.00,0.00,0,0
1544355389,2002-eth4,0.00,59.88,59.88,60,0,0.00,1.00,1.00,1,0,0.00,0.00,0,0
1544355389,1001-eth4,0.00,0.00,0.00,0,0,0.00,0.00,0.00,0,0,0.00,0.00,0,0
1544355389,3001-eth2,59.88,0.00,59.88,0,60,1.00,0.00,1.00,0,1,0.00,0.00,0,0
1544355389,1004-eth1,0.00,0.00,0.00,0,0,0.00,0.00,0.00,0,0,0.00,0.00,0,0
1544355389,3005-eth4,1210137.75,1221505.00,2431642.75,1223948,1212558,665.67,684.63,1350.30,686,667,0.00,0.00,0,0
1544355389,1003-eth2,0.00,0.00,0.00,0,0,0.00,0.00,0.00,0,0,0.00,0.00,0,0
1544355389,3008-eth1,0.00,0.00,0.00,0,0,0.00,0.00,0.00,0,0,0.00,0.00,0,0
1544355389,1002-eth3,0.00,0.00,0.00,0,0,0.00,0.00,0.00,0,0,0.00,0.00,0,0
1544355389,2006-eth1,0.00,0.00,0.00,0,0,0.00,0.00,0.00,0,0,0.00,0.00,0,0
1544355389,3003-eth1,367463.09,1220788.50,1588251.50,1223230,368198,553.89,520.96,1074.85,522,555,0.00,0.00,0,0
1544355389,2001-eth3,0.00,0.00,0.00,0,0,0.00,0.00,0.00,0,0,0.00,0.00,0,0
1544355389,2008-eth2,59.88,0.00,59.88,0,60,1.00,0.00,1.00,0,1,0.00,0.00,0,0
1544355389,2008-eth3,59.88,0.00,59.88,0,60,1.00,0.00,1.00,0,1,0.00,0.00,0,0
1544355389,1001-eth3,0.00,0.00,0.00,0,0,0.00,0.00,0.00,0,0,0.00,0.00,0,0
1544355389,2007-eth4,0.00,0.00,0.00,0,0,0.00,0.00,0.00,0,0,0.00,0.00,0,0
1544355389,2004-eth2,59.88,0.00,59.88,0,60,1.00,0.00,1.00,0,1,0.00,0.00,0,0
1544355389,3002-eth1,6910.18,341139.72,348049.91,341822,6924,104.79,154.69,259.48,155,105,0.00,0.00,0,0
1544355389,3004-eth1,1220113.75,26383.23,1246497.00,26436,1222554,423.15,400.20,823.35,401,424,0.00,0.00,0,0
1544355389,2006-eth3,0.00,0.00,0.00,0,0,0.00,0.00,0.00,0,0,0.00,0.00,0,0
1544355389,3004-eth2,467335.34,21355.29,488690.62,21398,468270,249.50,227.54,477.05,228,250,0.00,0.00,0,0
1544355389,3001-eth3,1210071.88,1221505.00,2431577.00,1223948,1212492,664.67,684.63,1349.30,686,666,0.00,0.00,0,0
1544355389,2003-eth4,26383.23,1220113.75,1246497.00,1222554,26436,400.20,423.15,823.35,424,401,0.00,0.00,0,0
1544355389,2008-eth4,59.88,0.00,59.88,0,60,1.00,0.00,1.00,0,1,0.00,0.00,0,0
1544355389,3008-eth3,1211047.88,1222608.88,2433656.75,1225054,1213470,613.77,613.77,1227.54,615,615,0.00,0.00,0,0
1544355389,2005-eth2,0.00,0.00,0.00,0,0,0.00,0.00,0.00,0,0,0.00,0.00,0,0
1544355389,2006-eth4,0.00,0.00,0.00,0,0,0.00,0.00,0.00,0,0,0.00,0.00,0,0
1544355389,3006-eth2,0.00,0.00,0.00,0,0,0.00,0.00,0.00,0,0,0.00,0.00,0,0
1544355389,1003-eth4,0.00,0.00,0.00,0,0,0.00,0.00,0.00,0,0,0.00,0.00,0,0
1544355389,2006-eth2,0.00,0.00,0.00,0,0,0.00,0.00,0.00,0,0,0.00,0.00,0,0
1544355389,3001-eth1,0.00,0.00,0.00,0,0,0.00,0.00,0.00,0,0,0.00,0.00,0,0
1544355389,3008-eth2,0.00,59.88,59.88,60,0,0.00,1.00,1.00,1,0,0.00,0.00,0,0
1544355389,2004-eth3,467335.34,21295.41,488630.75,21338,468270,249.50,226.55,476.05,227,250,0.00,0.00,0,0
1544355389,3001-eth4,1221570.88,1210137.75,2431708.75,1212558,1224014,685.63,665.67,1351.30,667,687,0.00,0.00,0,0
1544355389,1003-eth1,0.00,0.00,0.00,0,0,0.00,0.00,0.00,0,0,0.00,0.00,0,0
1544355389,3002-eth2,59.88,0.00,59.88,0,60,1.00,0.00,1.00,0,1,0.00,0.00,0,0
1544355389,2005-eth4,0.00,0.00,0.00,0,0,0.00,0.00,0.00,0,0,0.00,0.00,0,0
1544355389,3003-eth2,21295.41,467335.34,488630.75,468270,21338,226.55,249.50,476.05,250,227,0.00,0.00,0,0
1544355389,2007-eth1,0.00,0.00,0.00,0,0,0.00,0.00,0.00,0,0,0.00,0.00,0,0
1544355389,1002-eth4,0.00,0.00,0.00,0,0,0.00,0.00,0.00,0,0,0.00,0.00,0,0
1544355389,3002-eth4,1216640.75,911926.19,2128567.00,913750,1219074,698.60,701.60,1400.20,703,700,0.00,0.00,0,0
1544355389,2007-eth3,0.00,0.00,0.00,0,0,0.00,0.00,0.00,0,0,0.00,0.00,0,0
1544355389,3005-eth1,0.00,0.00,0.00,0,0,0.00,0.00,0.00,0,0,0.00,0.00,0,0
1544355389,2001-eth4,341139.72,6910.18,348049.91,6924,341822,154.69,104.79,259.48,105,155,0.00,0.00,0,0
1544355389,3003-eth4,1220199.62,380301.41,1600501.00,381062,1222640,544.91,571.86,1116.77,573,546,0.00,0.00,0,0
1544355389,2004-eth1,0.00,0.00,0.00,0,0,0.00,0.00,0.00,0,0,0.00,0.00,0,0
1544355389,3006-eth4,1208457.12,1210233.62,2418690.75,1212654,1210874,487.03,470.06,957.09,471,488,0.00,0.00,0,0
1544355389,3007-eth1,0.00,0.00,0.00,0,0,0.00,0.00,0.00,0,0,0.00,0.00,0,0
1544355389,2008-eth1,0.00,0.00,0.00,0,0,0.00,0.00,0.00,0,0,0.00,0.00,0,0
1544355389,2002-eth2,0.00,0.00,0.00,0,0,0.00,0.00,0.00,0,0,0.00,0.00,0,0
1544355389,2003-eth1,341139.72,6850.30,347990.03,6864,341822,154.69,103.79,258.48,104,155,0.00,0.00,0,0
1544355389,3008-eth4,1222608.88,1211047.88,2433656.75,1213470,1225054,613.77,613.77,1227.54,615,615,0.00,0.00,0,0
1544355389,1004-eth4,0.00,59.88,59.88,60,0,0.00,1.00,1.00,1,0,0.00,0.00,0,0
1544355389,3006-eth1,0.00,0.00,0.00,0,0,0.00,0.00,0.00,0,0,0.00,0.00,0,0
1544355389,1004-eth3,0.00,0.00,0.00,0,0,0.00,0.00,0.00,0,0,0.00,0.00,0,0
1544355389,1002-eth2,0.00,59.88,59.88,60,0,0.00,1.00,1.00,1,0,0.00,0.00,0,0
1544355389,3004-eth3,23311.38,469231.56,492542.94,470170,23358,247.50,268.46,515.97,269,248,0.00,0.00,0,0
1544355389,2003-eth3,1220788.50,367463.09,1588251.50,368198,1223230,520.96,553.89,1074.85,555,522,0.00,0.00,0,0
1544355389,2005-eth1,0.00,0.00,0.00,0,0,0.00,0.00,0.00,0,0,0.00,0.00,0,0
1544355389,3002-eth3,1221261.50,1223431.12,2444692.75,1225878,1223704,790.42,801.40,1591.82,803,792,0.00,0.00,0,0
1544355389,3006-eth3,1214694.62,1214375.25,2429070.00,1216804,1217124,472.06,489.02,961.08,490,473,0.00,0.00,0,0
1544355389,2001-eth1,6850.30,341139.72,347990.03,341822,6864,103.79,154.69,258.48,155,104,0.00,0.00,0,0
1544355389,3005-eth2,0.00,0.00,0.00,0,0,0.00,0.00,0.00,0,0,0.00,0.00,0,0
1544355389,2001-eth2,0.00,0.00,0.00,0,0,0.00,0.00,0.00,0,0,0.00,0.00,0,0
1544355389,3007-eth2,0.00,59.88,59.88,60,0,0.00,1.00,1.00,1,0,0.00,0.00,0,0
1544355389,1001-eth1,341139.72,6850.30,347990.03,6864,341822,154.69,103.79,258.48,104,155,0.00,0.00,0,0
1544355389,3007-eth4,1211784.50,1222558.88,2434343.50,1225004,1214208,690.62,700.60,1391.22,702,692,0.00,0.00,0,0
1544355389,2003-eth2,59.88,0.00,59.88,0,60,1.00,0.00,1.00,0,1,0.00,0.00,0,0
1544355389,3007-eth3,1222558.88,1211718.62,2434277.50,1214142,1225004,700.60,689.62,1390.22,691,702,0.00,0.00,0,0
1544355389,1002-eth1,0.00,0.00,0.00,0,0,0.00,0.00,0.00,0,0,0.00,0.00,0,0
1544355389,2002-eth3,0.00,59.88,59.88,60,0,0.00,1.00,1.00,1,0,0.00,0.00,0,0
1544355389,2007-eth2,0.00,0.00,0.00,0,0,0.00,0.00,0.00,0,0,0.00,0.00,0,0
1544355389,total,21950580.00,21722170.00,43672752.00,21765614,21994480,13288.42,13384.23,26672.66,13411,13315,0.00,0.00,0,0
1544355390,3003-eth3,1223182.88,426251.75,1649434.62,426678,1224406,610.39,606.39,1216.78,607,611,0.00,0.00,0,0
1544355390,2002-eth1,0.00,0.00,0.00,0,0,0.00,0.00,0.00,0,0,0.00,0.00,0,0
1544355390,lo,7780.22,7780.22,15560.44,7788,7788,75.92,75.92,151.85,76,76,0.00,0.00,0,0
1544355390,3005-eth3,1222659.38,1211346.62,2434006.00,1212558,1223882,684.32,666.33,1350.65,667,685,0.00,0.00,0,0
1544355390,2005-eth3,59.94,0.00,59.94,0,60,1.00,0.00,1.00,0,1,0.00,0.00,0,0
1544355390,3004-eth4,28133.87,1221676.38,1249810.25,1222898,28162,416.58,440.56,857.14,441,417,0.00,0.00,0,0
1544355390,1004-eth2,59.94,0.00,59.94,0,60,1.00,0.00,1.00,0,1,0.00,0.00,0,0
1544355390,2004-eth4,22631.37,707416.62,730048.00,708124,22654,240.76,285.71,526.47,286,241,0.00,0.00,0,0
1544355390,1001-eth2,6000.00,293542.47,299542.47,293836,6006,90.91,129.87,220.78,130,91,0.00,0.00,0,0
1544355390,1003-eth3,0.00,0.00,0.00,0,0,0.00,0.00,0.00,0,0,0.00,0.00,0,0
1544355390,2002-eth4,0.00,0.00,0.00,0,0,0.00,0.00,0.00,0,0,0.00,0.00,0,0
1544355390,1001-eth4,0.00,0.00,0.00,0,0,0.00,0.00,0.00,0,0,0.00,0.00,0,0
1544355390,3001-eth2,0.00,0.00,0.00,0,0,0.00,0.00,0.00,0,0,0.00,0.00,0,0
1544355390,1004-eth1,59.94,0.00,59.94,0,60,1.00,0.00,1.00,0,1,0.00,0.00,0,0
1544355390,3005-eth4,1211346.62,1222593.50,2433940.25,1223816,1212558,666.33,683.32,1349.65,684,667,0.00,0.00,0,0
1544355390,1003-eth2,0.00,0.00,0.00,0,0,0.00,0.00,0.00,0,0,0.00,0.00,0,0
1544355390,3008-eth1,0.00,59.94,59.94,60,0,0.00,1.00,1.00,1,0,0.00,0.00,0,0
1544355390,1002-eth3,0.00,59.94,59.94,60,0,0.00,1.00,1.00,1,0,0.00,0.00,0,0
1544355390,2006-eth1,0.00,0.00,0.00,0,0,0.00,0.00,0.00,0,0,0.00,0.00,0,0
1544355390,3003-eth1,319718.28,1222891.12,1542609.38,1224114,320038,526.47,512.49,1038.96,513,527,0.00,0.00,0,0
1544355390,2001-eth3,0.00,0.00,0.00,0,0,0.00,0.00,0.00,0,0,0.00,0.00,0,0
1544355390,2008-eth2,0.00,59.94,59.94,60,0,0.00,1.00,1.00,1,0,0.00,0.00,0,0
1544355390,2008-eth3,0.00,0.00,0.00,0,0,0.00,0.00,0.00,0,0,0.00,0.00,0,0
1544355390,1001-eth3,0.00,59.94,59.94,60,0,0.00,1.00,1.00,1,0,0.00,0.00,0,0
1544355390,2007-eth4,59.94,0.00,59.94,0,60,1.00,0.00,1.00,0,1,0.00,0.00,0,0
1544355390,2004-eth2,0.00,59.94,59.94,60,0,0.00,1.00,1.00,1,0,0.00,0.00,0,0
1544355390,3002-eth1,6000.00,293542.47,299542.47,293836,6006,90.91,129.87,220.78,130,91,0.00,0.00,0,0
1544355390,3004-eth1,1219718.38,26175.82,1245894.12,26202,1220938,420.58,396.60,817.18,397,421,0.00,0.00,0,0
1544355390,2006-eth3,59.94,59.94,119.88,60,60,1.00,1.00,2.00,1,1,0.00,0.00,0,0
1544355390,3004-eth2,707416.62,22631.37,730048.00,22654,708124,285.71,240.76,526.47,241,286,0.00,0.00,0,0
1544355390,3001-eth3,1211346.62,1222659.38,2434006.00,1223882,1212558,666.33,684.32,1350.65,685,667,0.00,0.00,0,0
1544355390,2003-eth4,26175.82,1219718.38,1245894.12,1220938,26202,396.60,420.58,817.18,421,397,0.00,0.00,0,0
1544355390,2008-eth4,0.00,0.00,0.00,0,0,0.00,0.00,0.00,0,0,0.00,0.00,0,0
1544355390,3008-eth3,1206339.75,1223830.25,2430170.00,1225054,1207546,612.39,614.39,1226.77,615,613,0.00,0.00,0,0
1544355390,2005-eth2,59.94,0.00,59.94,0,60,1.00,0.00,1.00,0,1,0.00,0.00,0,0
1544355390,2006-eth4,59.94,59.94,119.88,60,60,1.00,1.00,2.00,1,1,0.00,0.00,0,0
1544355390,3006-eth2,59.94,59.94,119.88,60,60,1.00,1.00,2.00,1,1,0.00,0.00,0,0
1544355390,1003-eth4,0.00,0.00,0.00,0,0,0.00,0.00,0.00,0,0,0.00,0.00,0,0
1544355390,2006-eth2,59.94,59.94,119.88,60,60,1.00,1.00,2.00,1,1,0.00,0.00,0,0
1544355390,3001-eth1,0.00,0.00,0.00,0,0,0.00,0.00,0.00,0,0,0.00,0.00,0,0
1544355390,3008-eth2,0.00,0.00,0.00,0,0,0.00,0.00,0.00,0,0,0.00,0.00,0,0
1544355390,2004-eth3,707416.62,22631.37,730048.00,22654,708124,285.71,240.76,526.47,241,286,0.00,0.00,0,0
1544355390,3001-eth4,1222659.38,1211280.75,2433940.25,1212492,1223882,684.32,665.33,1349.65,666,685,0.00,0.00,0,0
1544355390,1003-eth1,0.00,0.00,0.00,0,0,0.00,0.00,0.00,0,0,0.00,0.00,0,0
1544355390,3002-eth2,0.00,0.00,0.00,0,0,0.00,0.00,0.00,0,0,0.00,0.00,0,0
1544355390,2005-eth4,59.94,59.94,119.88,60,60,1.00,1.00,2.00,1,1,0.00,0.00,0,0
1544355390,3003-eth2,22631.37,707416.62,730048.00,708124,22654,240.76,285.71,526.47,286,241,0.00,0.00,0,0
1544355390,2007-eth1,0.00,0.00,0.00,0,0,0.00,0.00,0.00,0,0,0.00,0.00,0,0
1544355390,1002-eth4,0.00,59.94,59.94,60,0,0.00,1.00,1.00,1,0,0.00,0.00,0,0
1544355390,3002-eth4,1218323.75,924541.50,2142865.25,925466,1219542,706.29,704.30,1410.59,705,707,0.00,0.00,0,0
1544355390,2007-eth3,59.94,59.94,119.88,60,60,1.00,1.00,2.00,1,1,0.00,0.00,0,0
1544355390,3005-eth1,0.00,59.94,59.94,60,0,0.00,1.00,1.00,1,0,0.00,0.00,0,0
1544355390,2001-eth4,293542.47,6000.00,299542.47,6006,293836,129.87,90.91,220.78,91,130,0.00,0.00,0,0
1544355390,3003-eth4,1223792.25,336645.38,1560437.62,336982,1225016,575.42,588.41,1163.84,589,576,0.00,0.00,0,0
1544355390,2004-eth1,0.00,0.00,0.00,0,0,0.00,0.00,0.00,0,0,0.00,0.00,0,0
1544355390,3006-eth4,1209802.25,1215848.12,2425650.50,1217064,1211012,489.51,471.53,961.04,472,490,0.00,0.00,0,0
1544355390,3007-eth1,59.94,59.94,119.88,60,60,1.00,1.00,2.00,1,1,0.00,0.00,0,0
1544355390,2008-eth1,0.00,0.00,0.00,0,0,0.00,0.00,0.00,0,0,0.00,0.00,0,0
1544355390,2002-eth2,0.00,59.94,59.94,60,0,0.00,1.00,1.00,1,0,0.00,0.00,0,0
1544355390,2003-eth1,293542.47,6000.00,299542.47,6006,293836,129.87,90.91,220.78,91,130,0.00,0.00,0,0
1544355390,3008-eth4,1223830.25,1212257.75,2436088.00,1213470,1225054,614.39,614.39,1228.77,615,615,0.00,0.00,0,0
1544355390,1004-eth4,59.94,0.00,59.94,0,60,1.00,0.00,1.00,0,1,0.00,0.00,0,0
1544355390,3006-eth1,59.94,59.94,119.88,60,60,1.00,1.00,2.00,1,1,0.00,0.00,0,0
1544355390,1004-eth3,59.94,59.94,119.88,60,60,1.00,1.00,2.00,1,1,0.00,0.00,0,0
1544355390,1002-eth2,0.00,0.00,0.00,0,0,0.00,0.00,0.00,0,0,0.00,0.00,0,0
1544355390,3004-eth3,24589.41,709374.62,733964.06,710084,24614,260.74,305.69,566.43,306,261,0.00,0.00,0,0
1544355390,2003-eth3,1222891.12,319718.28,1542609.38,320038,1224114,512.49,526.47,1038.96,527,513,0.00,0.00,0,0
1544355390,2005-eth1,59.94,0.00,59.94,0,60,1.00,0.00,1.00,0,1,0.00,0.00,0,0
1544355390,3002-eth3,1225904.12,1224323.75,2450227.75,1225548,1227130,843.16,797.20,1640.36,798,844,0.00,0.00,0,0
1544355390,3006-eth3,1211442.62,1209736.25,2421179.00,1210946,1212654,470.53,488.51,959.04,489,471,0.00,0.00,0,0
1544355390,2001-eth1,6000.00,293542.47,299542.47,293836,6006,90.91,129.87,220.78,130,91,0.00,0.00,0,0
1544355390,3005-eth2,59.94,59.94,119.88,60,60,1.00,1.00,2.00,1,1,0.00,0.00,0,0
1544355390,2001-eth2,0.00,0.00,0.00,0,0,0.00,0.00,0.00,0,0,0.00,0.00,0,0
1544355390,3007-eth2,0.00,0.00,0.00,0,0,0.00,0.00,0.00,0,0,0.00,0.00,0,0
1544355390,1001-eth1,293542.47,6000.00,299542.47,6006,293836,129.87,90.91,220.78,91,130,0.00,0.00,0,0
1544355390,3007-eth4,1219318.75,1223532.50,2442851.25,1224756,1220538,787.21,785.21,1572.43,786,788,0.00,0.00,0,0
1544355390,2003-eth2,0.00,0.00,0.00,0,0,0.00,0.00,0.00,0,0,0.00,0.00,0,0
1544355390,3007-eth3,1217482.50,1220903.12,2438385.75,1222124,1218700,781.22,789.21,1570.43,790,782,0.00,0.00,0,0
1544355390,1002-eth1,0.00,0.00,0.00,0,0,0.00,0.00,0.00,0,0,0.00,0.00,0,0
1544355390,2002-eth3,0.00,0.00,0.00,0,0,0.00,0.00,0.00,0,0,0.00,0.00,0,0
1544355390,2007-eth2,59.94,0.00,59.94,0,60,1.00,0.00,1.00,0,1,0.00,0.00,0,0
1544355390,total,22256240.00,22172888.00,44429128.00,22195060,22278496,13534.47,13570.43,27104.90,13584,13548,0.00,0.00,0,0
1544355391,3003-eth3,1219428.62,708341.69,1927770.25,709050,1220648,661.34,672.33,1333.67,673,662,0.00,0.00,0,0
1544355391,2002-eth1,59.94,0.00,59.94,0,60,1.00,0.00,1.00,0,1,0.00,0.00,0,0
1544355391,lo,98069.93,98069.93,196139.86,98168,98168,279.72,279.72,559.44,280,280,0.00,0.00,0,0
1544355391,3005-eth3,1216933.12,1215818.25,2432751.25,1217034,1218150,685.31,668.33,1353.65,669,686,0.00,0.00,0,0
1544355391,2005-eth3,0.00,59.94,59.94,60,0,0.00,1.00,1.00,1,0,0.00,0.00,0,0
1544355391,3004-eth4,28035.96,1218619.38,1246655.38,1219838,28064,415.58,438.56,854.15,439,416,0.00,0.00,0,0
1544355391,1004-eth2,0.00,0.00,0.00,0,0,0.00,0.00,0.00,0,0,0.00,0.00,0,0
1544355391,2004-eth4,30331.67,723468.56,753800.25,724192,30362,322.68,331.67,654.35,332,323,0.00,0.00,0,0
1544355391,1001-eth2,6527.47,469238.78,475766.25,469708,6534,98.90,161.84,260.74,162,99,0.00,0.00,0,0
1544355391,1003-eth3,0.00,59.94,59.94,60,0,0.00,1.00,1.00,1,0,0.00,0.00,0,0
1544355391,2002-eth4,0.00,0.00,0.00,0,0,0.00,0.00,0.00,0,0,0.00,0.00,0,0
1544355391,1001-eth4,0.00,0.00,0.00,0,0,0.00,0.00,0.00,0,0,0.00,0.00,0,0
1544355391,3001-eth2,0.00,0.00,0.00,0,0,0.00,0.00,0.00,0,0,0.00,0.00,0,0
1544355391,1004-eth1,0.00,0.00,0.00,0,0,0.00,0.00,0.00,0,0,0.00,0.00,0,0
1544355391,3005-eth4,1215812.25,1221344.75,2437157.00,1222566,1217028,668.33,686.31,1354.65,687,669,0.00,0.00,0,0
1544355391,1003-eth2,0.00,59.94,59.94,60,0,0.00,1.00,1.00,1,0,0.00,0.00,0,0
1544355391,3008-eth1,59.94,0.00,59.94,0,60,1.00,0.00,1.00,0,1,0.00,0.00,0,0
1544355391,1002-eth3,59.94,0.00,59.94,0,60,1.00,0.00,1.00,0,1,0.00,0.00,0,0
1544355391,2006-eth1,59.94,0.00,59.94,0,60,1.00,0.00,1.00,0,1,0.00,0.00,0,0
1544355391,3003-eth1,495474.53,1219668.38,1715142.88,1220888,495970,559.44,507.49,1066.93,508,560,0.00,0.00,0,0
1544355391,2001-eth3,0.00,0.00,0.00,0,0,0.00,0.00,0.00,0,0,0.00,0.00,0,0
1544355391,2008-eth2,0.00,0.00,0.00,0,0,0.00,0.00,0.00,0,0,0.00,0.00,0,0
1544355391,2008-eth3,0.00,59.94,59.94,60,0,0.00,1.00,1.00,1,0,0.00,0.00,0,0
1544355391,1001-eth3,0.00,0.00,0.00,0,0,0.00,0.00,0.00,0,0,0.00,0.00,0,0
1544355391,2007-eth4,0.00,59.94,59.94,60,0,0.00,1.00,1.00,1,0,0.00,0.00,0,0
1544355391,2004-eth2,0.00,0.00,0.00,0,0,0.00,0.00,0.00,0,0,0.00,0.00,0,0
1544355391,3002-eth1,6527.47,469238.78,475766.25,469708,6534,98.90,161.84,260.74,162,99,0.00,0.00,0,0
1544355391,3004-eth1,1216759.25,26175.82,1242935.12,26202,1217976,419.58,396.60,816.18,397,420,0.00,0.00,0,0
1544355391,2006-eth3,0.00,0.00,0.00,0,0,0.00,0.00,0.00,0,0,0.00,0.00,0,0
1544355391,3004-eth2,723468.56,30331.67,753800.25,30362,724192,331.67,322.68,654.35,323,332,0.00,0.00,0,0
1544355391,3001-eth3,1216603.38,1219964.12,2436567.50,1221184,1217820,680.32,687.31,1367.63,688,681,0.00,0.00,0,0
1544355391,2003-eth4,26175.82,1216759.25,1242935.12,1217976,26202,396.60,419.58,816.18,420,397,0.00,0.00,0,0
1544355391,2008-eth4,0.00,59.94,59.94,60,0,0.00,1.00,1.00,1,0,0.00,0.00,0,0
1544355391,3008-eth3,1209160.88,1217912.12,2427073.00,1219130,1210370,611.39,612.39,1223.78,613,612,0.00,0.00,0,0
1544355391,2005-eth2,0.00,59.94,59.94,60,0,0.00,1.00,1.00,1,0,0.00,0.00,0,0
1544355391,2006-eth4,0.00,0.00,0.00,0,0,0.00,0.00,0.00,0,0,0.00,0.00,0,0
1544355391,3006-eth2,0.00,0.00,0.00,0,0,0.00,0.00,0.00,0,0,0.00,0.00,0,0
1544355391,1003-eth4,0.00,0.00,0.00,0,0,0.00,0.00,0.00,0,0,0.00,0.00,0,0
1544355391,2006-eth2,0.00,0.00,0.00,0,0,0.00,0.00,0.00,0,0,0.00,0.00,0,0
1544355391,3001-eth1,0.00,0.00,0.00,0,0,0.00,0.00,0.00,0,0,0.00,0.00,0,0
1544355391,3008-eth2,59.94,0.00,59.94,0,60,1.00,0.00,1.00,0,1,0.00,0.00,0,0
1544355391,2004-eth3,723468.56,30391.61,753860.19,30422,724192,331.67,323.68,655.34,324,332,0.00,0.00,0,0
1544355391,3001-eth4,1216999.00,1216477.50,2433476.50,1217694,1218216,686.31,678.32,1364.64,679,687,0.00,0.00,0,0
1544355391,1003-eth1,0.00,59.94,59.94,60,0,0.00,1.00,1.00,1,0,0.00,0.00,0,0
1544355391,3002-eth2,0.00,0.00,0.00,0,0,0.00,0.00,0.00,0,0,0.00,0.00,0,0
1544355391,2005-eth4,0.00,0.00,0.00,0,0,0.00,0.00,0.00,0,0,0.00,0.00,0,0
1544355391,3003-eth2,30391.61,723468.56,753860.19,724192,30422,323.68,331.67,655.34,332,324,0.00,0.00,0,0
1544355391,2007-eth1,0.00,0.00,0.00,0,0,0.00,0.00,0.00,0,0,0.00,0.00,0,0
1544355391,1002-eth4,0.00,0.00,0.00,0,0,0.00,0.00,0.00,0,0,0.00,0.00,0,0
1544355391,3002-eth4,1212076.00,905340.69,2117416.75,906246,1213288,699.30,698.30,1397.60,699,700,0.00,0.00,0,0
1544355391,2007-eth3,0.00,0.00,0.00,0,0,0.00,0.00,0.00,0,0,0.00,0.00,0,0
1544355391,3005-eth1,59.94,0.00,59.94,0,60,1.00,0.00,1.00,0,1,0.00,0.00,0,0
1544355391,2001-eth4,469238.78,6527.47,475766.25,6534,469708,161.84,98.90,260.74,99,162,0.00,0.00,0,0
1544355391,3003-eth4,1228623.38,524173.84,1752797.25,524698,1229852,709.29,746.25,1455.54,747,710,0.00,0.00,0,0
1544355391,2004-eth1,59.94,0.00,59.94,0,60,1.00,0.00,1.00,0,1,0.00,0.00,0,0
1544355391,3006-eth4,1203818.25,1211376.62,2415194.75,1212588,1205022,486.51,469.53,956.04,470,487,0.00,0.00,0,0
1544355391,3007-eth1,0.00,0.00,0.00,0,0,0.00,0.00,0.00,0,0,0.00,0.00,0,0
1544355391,2008-eth1,0.00,0.00,0.00,0,0,0.00,0.00,0.00,0,0,0.00,0.00,0,0
1544355391,2002-eth2,0.00,0.00,0.00,0,0,0.00,0.00,0.00,0,0,0.00,0.00,0,0
1544355391,2003-eth1,469238.78,6527.47,475766.25,6534,469708,161.84,98.90,260.74,99,162,0.00,0.00,0,0
1544355391,3008-eth4,1217972.00,1203314.75,2421286.75,1204518,1219190,613.39,610.39,1223.78,611,614,0.00,0.00,0,0
1544355391,1004-eth4,0.00,0.00,0.00,0,0,0.00,0.00,0.00,0,0,0.00,0.00,0,0
1544355391,3006-eth1,0.00,0.00,0.00,0,0,0.00,0.00,0.00,0,0,0.00,0.00,0,0
1544355391,1004-eth3,0.00,0.00,0.00,0,0,0.00,0.00,0.00,0,0,0.00,0.00,0,0
1544355391,1002-eth2,59.94,0.00,59.94,0,60,1.00,0.00,1.00,0,1,0.00,0.00,0,0
1544355391,3004-eth3,32191.81,725328.69,757520.50,726054,32224,341.66,350.65,692.31,351,342,0.00,0.00,0,0
1544355391,2003-eth3,1219668.38,495474.53,1715142.88,495970,1220888,507.49,559.44,1066.93,560,508,0.00,0.00,0,0
1544355391,2005-eth1,0.00,0.00,0.00,0,0,0.00,0.00,0.00,0,0,0.00,0.00,0,0
1544355391,3002-eth3,1216831.25,1218603.38,2435434.75,1219822,1218048,815.18,798.20,1613.39,799,816,0.00,0.00,0,0
1544355391,3006-eth3,1211442.62,1203818.25,2415260.75,1205022,1212654,470.53,486.51,957.04,487,471,0.00,0.00,0,0
1544355391,2001-eth1,6527.47,469238.78,475766.25,469708,6534,98.90,161.84,260.74,162,99,0.00,0.00,0,0
1544355391,3005-eth2,0.00,0.00,0.00,0,0,0.00,0.00,0.00,0,0,0.00,0.00,0,0
1544355391,2001-eth2,0.00,0.00,0.00,0,0,0.00,0.00,0.00,0,0,0.00,0.00,0,0
1544355391,3007-eth2,59.94,0.00,59.94,0,60,1.00,0.00,1.00,0,1,0.00,0.00,0,0
1544355391,1001-eth1,469238.78,6527.47,475766.25,6534,469708,161.84,98.90,260.74,99,162,0.00,0.00,0,0
1544355391,3007-eth4,1222024.00,1219065.00,2441089.00,1220284,1223246,806.19,805.19,1611.39,806,807,0.00,0.00,0,0
1544355391,2003-eth2,0.00,59.94,59.94,60,0,0.00,1.00,1.00,1,0,0.00,0.00,0,0
1544355391,3007-eth3,1219124.88,1221958.12,2441083.00,1223180,1220344,806.19,805.19,1611.39,806,807,0.00,0.00,0,0
1544355391,1002-eth1,0.00,0.00,0.00,0,0,0.00,0.00,0.00,0,0,0.00,0.00,0,0
1544355391,2002-eth3,0.00,0.00,0.00,0,0,0.00,0.00,0.00,0,0,0.00,0.00,0,0
1544355391,2007-eth2,0.00,0.00,0.00,0,0,0.00,0.00,0.00,0,0,0.00,0.00,0,0
1544355391,total,23078724.00,23443104.00,46521828.00,23466546,23101802,14420.58,14477.52,28898.10,14492,14435,0.00,0.00,0,0
1544355392,3003-eth3,1220851.12,461236.78,1682088.00,461698,1222072,646.35,632.37,1278.72,633,647,0.00,0.00,0,0
1544355392,2002-eth1,0.00,59.94,59.94,60,0,0.00,1.00,1.00,1,0,0.00,0.00,0,0
1544355392,lo,8039.96,8039.96,16079.92,8048,8048,78.92,78.92,157.84,79,79,0.00,0.00,0,0
1544355392,3005-eth3,1219378.62,1214841.25,2434219.75,1216056,1220598,722.28,719.28,1441.56,720,723,0.00,0.00,0,0
1544355392,2005-eth3,0.00,0.00,0.00,0,0,0.00,0.00,0.00,0,0,0.00,0.00,0,0
1544355392,3004-eth4,28002.00,1218717.38,1246719.38,1219936,28030,414.59,439.56,854.15,440,415,0.00,0.00,0,0
1544355392,1004-eth2,0.00,0.00,0.00,0,0,0.00,0.00,0.00,0,0,0.00,0.00,0,0
1544355392,2004-eth4,32867.13,494047.97,526915.12,494542,32900,349.65,274.73,624.38,275,350,0.00,0.00,0,0
1544355392,1001-eth2,9158.84,341934.06,351092.91,342276,9168,138.86,117.88,256.74,118,139,0.00,0.00,0,0
1544355392,1003-eth3,59.94,0.00,59.94,0,60,1.00,0.00,1.00,0,1,0.00,0.00,0,0
1544355392,2002-eth4,59.94,0.00,59.94,0,60,1.00,0.00,1.00,0,1,0.00,0.00,0,0
1544355392,1001-eth4,59.94,59.94,119.88,60,60,1.00,1.00,2.00,1,1,0.00,0.00,0,0
1544355392,3001-eth2,0.00,59.94,59.94,60,0,0.00,1.00,1.00,1,0,0.00,0.00,0,0
1544355392,1004-eth1,0.00,59.94,59.94,60,0,0.00,1.00,1.00,1,0,0.00,0.00,0,0
1544355392,3005-eth4,1216353.62,1219576.50,2435930.25,1220796,1217570,720.28,725.27,1445.55,726,721,0.00,0.00,0,0
1544355392,1003-eth2,59.94,0.00,59.94,0,60,1.00,0.00,1.00,0,1,0.00,0.00,0,0
1544355392,3008-eth1,0.00,0.00,0.00,0,0,0.00,0.00,0.00,0,0,0.00,0.00,0,0
1544355392,1002-eth3,0.00,0.00,0.00,0,0,0.00,0.00,0.00,0,0,0.00,0.00,0,0
1544355392,2006-eth1,0.00,59.94,59.94,60,0,0.00,1.00,1.00,1,0,0.00,0.00,0,0
1544355392,3003-eth1,367978.03,1222569.50,1590547.50,1223792,368346,512.49,551.45,1063.94,552,513,0.00,0.00,0,0
1544355392,2001-eth3,59.94,59.94,119.88,60,60,1.00,1.00,2.00,1,1,0.00,0.00,0,0
1544355392,2008-eth2,0.00,0.00,0.00,0,0,0.00,0.00,0.00,0,0,0.00,0.00,0,0
1544355392,2008-eth3,0.00,0.00,0.00,0,0,0.00,0.00,0.00,0,0,0.00,0.00,0,0
1544355392,1001-eth3,59.94,0.00,59.94,0,60,1.00,0.00,1.00,0,1,0.00,0.00,0,0
1544355392,2007-eth4,0.00,0.00,0.00,0,0,0.00,0.00,0.00,0,0,0.00,0.00,0,0
1544355392,2004-eth2,0.00,0.00,0.00,0,0,0.00,0.00,0.00,0,0,0.00,0.00,0,0
1544355392,3002-eth1,9098.90,341994.00,351092.91,342336,9108,137.86,118.88,256.74,119,138,0.00,0.00,0,0
1544355392,3004-eth1,1219718.38,26043.96,1245762.25,26070,1220938,420.58,394.61,815.18,395,421,0.00,0.00,0,0
1544355392,2006-eth3,0.00,0.00,0.00,0,0,0.00,0.00,0.00,0,0,0.00,0.00,0,0
1544355392,3004-eth2,494047.97,32867.13,526915.12,32900,494542,274.73,349.65,624.38,350,275,0.00,0.00,0,0
1544355392,3001-eth3,1214255.75,1221686.38,2435942.00,1222908,1215470,754.25,757.24,1511.49,758,755,0.00,0.00,0,0
1544355392,2003-eth4,26043.96,1219718.38,1245762.25,1220938,26070,394.61,420.58,815.18,421,395,0.00,0.00,0,0
1544355392,2008-eth4,0.00,0.00,0.00,0,0,0.00,0.00,0.00,0,0,0.00,0.00,0,0
1544355392,3008-eth3,1209628.38,1223896.12,2433524.50,1225120,1210838,618.38,615.38,1233.77,616,619,0.00,0.00,0,0
1544355392,2005-eth2,0.00,0.00,0.00,0,0,0.00,0.00,0.00,0,0,0.00,0.00,0,0
1544355392,2006-eth4,0.00,0.00,0.00,0,0,0.00,0.00,0.00,0,0,0.00,0.00,0,0
1544355392,3006-eth2,0.00,0.00,0.00,0,0,0.00,0.00,0.00,0,0,0.00,0.00,0,0
1544355392,1003-eth4,59.94,0.00,59.94,0,60,1.00,0.00,1.00,0,1,0.00,0.00,0,0
1544355392,2006-eth2,0.00,0.00,0.00,0,0,0.00,0.00,0.00,0,0,0.00,0.00,0,0
1544355392,3001-eth1,59.94,59.94,119.88,60,60,1.00,1.00,2.00,1,1,0.00,0.00,0,0
1544355392,3008-eth2,0.00,0.00,0.00,0,0,0.00,0.00,0.00,0,0,0.00,0.00,0,0
1544355392,2004-eth3,494047.97,32867.13,526915.12,32900,494542,274.73,349.65,624.38,350,275,0.00,0.00,0,0
1544355392,3001-eth4,1218595.50,1214453.62,2433049.00,1215668,1219814,754.25,757.24,1511.49,758,755,0.00,0.00,0,0
1544355392,1003-eth1,59.94,0.00,59.94,0,60,1.00,0.00,1.00,0,1,0.00,0.00,0,0
1544355392,3002-eth2,0.00,59.94,59.94,60,0,0.00,1.00,1.00,1,0,0.00,0.00,0,0
1544355392,2005-eth4,0.00,0.00,0.00,0,0,0.00,0.00,0.00,0,0,0.00,0.00,0,0
1544355392,3003-eth2,32867.13,494047.97,526915.12,494542,32900,349.65,274.73,624.38,275,350,0.00,0.00,0,0
1544355392,2007-eth1,59.94,59.94,119.88,60,60,1.00,1.00,2.00,1,1,0.00,0.00,0,0
1544355392,1002-eth4,59.94,0.00,59.94,0,60,1.00,0.00,1.00,0,1,0.00,0.00,0,0
1544355392,3002-eth4,1211478.50,806113.94,2017592.50,806920,1212690,668.33,663.34,1331.67,664,669,0.00,0.00,0,0
1544355392,2007-eth3,0.00,0.00,0.00,0,0,0.00,0.00,0.00,0,0,0.00,0.00,0,0
1544355392,3005-eth1,0.00,0.00,0.00,0,0,0.00,0.00,0.00,0,0,0.00,0.00,0,0
1544355392,2001-eth4,341994.00,9098.90,351092.91,9108,342336,118.88,137.86,256.74,138,119,0.00,0.00,0,0
1544355392,3003-eth4,1232319.75,395366.66,1627686.38,395762,1233552,655.34,686.31,1341.66,687,656,0.00,0.00,0,0
1544355392,2004-eth1,0.00,59.94,59.94,60,0,0.00,1.00,1.00,1,0,0.00,0.00,0,0
1544355392,3006-eth4,1211524.50,1215992.00,2427516.50,1217208,1212736,559.44,539.46,1098.90,540,560,0.00,0.00,0,0
1544355392,3007-eth1,0.00,0.00,0.00,0,0,0.00,0.00,0.00,0,0,0.00,0.00,0,0
1544355392,2008-eth1,0.00,59.94,59.94,60,0,0.00,1.00,1.00,1,0,0.00,0.00,0,0
1544355392,2002-eth2,59.88,0.00,59.88,0,60,1.00,0.00,1.00,0,1,0.00,0.00,0,0
1544355392,2003-eth1,341592.81,9149.70,350742.53,9168,342276,117.76,138.72,256.49,139,118,0.00,0.00,0,0
1544355392,3008-eth4,1219718.62,1208223.62,2427942.25,1210640,1222158,613.77,614.77,1228.54,616,615,0.00,0.00,0,0
1544355392,1004-eth4,0.00,0.00,0.00,0,0,0.00,0.00,0.00,0,0,0.00,0.00,0,0
1544355392,3006-eth1,0.00,0.00,0.00,0,0,0.00,0.00,0.00,0,0,0.00,0.00,0,0
1544355392,1004-eth3,0.00,0.00,0.00,0,0,0.00,0.00,0.00,0,0,0.00,0.00,0,0
1544355392,1002-eth2,0.00,0.00,0.00,0,0,0.00,0.00,0.00,0,0,0.00,0.00,0,0
1544355392,3004-eth3,34790.42,497021.97,531812.38,498016,34860,369.26,295.41,664.67,296,370,0.00,0.00,0,0
1544355392,2003-eth3,1221349.38,367610.78,1588960.12,368346,1223792,550.90,511.98,1062.87,513,552,0.00,0.00,0,0
1544355392,2005-eth1,0.00,59.88,59.88,60,0,0.00,1.00,1.00,1,0,0.00,0.00,0,0
1544355392,3002-eth3,1222048.00,1219425.12,2441473.00,1221864,1224492,780.44,806.39,1586.83,808,782,0.00,0.00,0,0
1544355392,3006-eth3,1214712.62,1213403.25,2428115.75,1215830,1217142,537.92,561.88,1099.80,563,539,0.00,0.00,0,0
1544355392,2001-eth1,9149.70,341652.72,350802.41,342336,9168,138.72,118.76,257.49,119,139,0.00,0.00,0,0
1544355392,3005-eth2,0.00,0.00,0.00,0,0,0.00,0.00,0.00,0,0,0.00,0.00,0,0
1544355392,2001-eth2,59.88,59.88,119.76,60,60,1.00,1.00,2.00,1,1,0.00,0.00,0,0
1544355392,3007-eth2,0.00,0.00,0.00,0,0,0.00,0.00,0.00,0,0,0.00,0.00,0,0
1544355392,1001-eth1,341652.72,9149.70,350802.41,9168,342336,118.76,138.72,257.49,139,119,0.00,0.00,0,0
1544355392,3007-eth4,1217782.50,1220870.25,2438652.75,1223312,1220218,803.39,806.39,1609.78,808,805,0.00,0.00,0,0
1544355392,2003-eth2,0.00,0.00,0.00,0,0,0.00,0.00,0.00,0,0,0.00,0.00,0,0
1544355392,3007-eth3,1217848.38,1217848.38,2435696.75,1220284,1220284,804.39,804.39,1608.78,806,806,0.00,0.00,0,0
1544355392,1002-eth1,59.88,59.88,119.76,60,60,1.00,1.00,2.00,1,1,0.00,0.00,0,0
1544355392,2002-eth3,59.88,0.00,59.88,0,60,1.00,0.00,1.00,0,1,0.00,0.00,0,0
1544355392,2007-eth2,0.00,59.76,59.76,60,0,0.00,1.00,1.00,1,0,0.00,0.00,0,0
1544355392,total,22001888.00,21662738.00,43664624.00,21749388,22089894,14376.49,14378.49,28754.98,14436,14434,0.00,0.00,0,0
1544355393,3003-eth3,1220374.50,630502.00,1850876.50,633024,1225256,647.41,637.45,1284.86,640,650,0.00,0.00,0,0
1544355393,2002-eth1,0.00,0.00,0.00,0,0,0.00,0.00,0.00,0,0,0.00,0.00,0,0
1544355393,lo,8382.47,8382.47,16764.94,8416,8416,87.65,87.65,175.30,88,88,0.00,0.00,0,0
1544355393,3005-eth3,1224059.75,1218747.00,2442806.75,1223622,1228956,715.14,700.20,1415.34,703,718,0.00,0.00,0,0
1544355393,2005-eth3,0.00,0.00,0.00,0,0,0.00,0.00,0.00,0,0,0.00,0.00,0,0
1544355393,3004-eth4,28175.30,1222484.12,1250659.38,1227374,28288,417.33,441.24,858.57,443,419,0.00,0.00,0,0
1544355393,1004-eth2,0.00,59.76,59.76,60,0,0.00,1.00,1.00,1,0,0.00,0.00,0,0
1544355393,2004-eth4,26131.47,504954.19,531085.69,506974,26236,287.85,264.94,552.79,266,289,0.00,0.00,0,0
1544355393,1001-eth2,7691.24,402992.03,410683.28,404604,7722,116.53,140.44,256.97,141,117,0.00,0.00,0,0
1544355393,1003-eth3,0.00,0.00,0.00,0,0,0.00,0.00,0.00,0,0,0.00,0.00,0,0
1544355393,2002-eth4,0.00,59.76,59.76,60,0,0.00,1.00,1.00,1,0,0.00,0.00,0,0
1544355393,1001-eth4,0.00,0.00,0.00,0,0,0.00,0.00,0.00,0,0,0.00,0.00,0,0
1544355393,3001-eth2,59.76,0.00,59.76,0,60,1.00,0.00,1.00,0,1,0.00,0.00,0,0
1544355393,1004-eth1,0.00,0.00,0.00,0,0,0.00,0.00,0.00,0,0,0.00,0.00,0,0
1544355393,3005-eth4,1217304.88,1220978.12,2438283.00,1225862,1222174,700.20,712.15,1412.35,715,703,0.00,0.00,0,0
1544355393,1003-eth2,0.00,0.00,0.00,0,0,0.00,0.00,0.00,0,0,0.00,0.00,0,0
1544355393,3008-eth1,0.00,0.00,0.00,0,0,0.00,0.00,0.00,0,0,0.00,0.00,0,0
1544355393,1002-eth3,0.00,0.00,0.00,0,0,0.00,0.00,0.00,0,0,0.00,0.00,0,0
1544355393,2006-eth1,0.00,0.00,0.00,0,0,0.00,0.00,0.00,0,0,0.00,0.00,0,0
1544355393,3003-eth1,429095.62,1222974.12,1652069.75,1227866,430812,535.86,545.82,1081.67,548,538,0.00,0.00,0,0
1544355393,2001-eth3,0.00,0.00,0.00,0,0,0.00,0.00,0.00,0,0,0.00,0.00,0,0
1544355393,2008-eth2,59.76,0.00,59.76,0,60,1.00,0.00,1.00,0,1,0.00,0.00,0,0
1544355393,2008-eth3,59.76,0.00,59.76,0,60,1.00,0.00,1.00,0,1,0.00,0.00,0,0
1544355393,1001-eth3,0.00,0.00,0.00,0,0,0.00,0.00,0.00,0,0,0.00,0.00,0,0
1544355393,2007-eth4,0.00,0.00,0.00,0,0,0.00,0.00,0.00,0,0,0.00,0.00,0,0
1544355393,2004-eth2,59.76,0.00,59.76,0,60,1.00,0.00,1.00,0,1,0.00,0.00,0,0
1544355393,3002-eth1,7751.00,402932.28,410683.28,404544,7782,117.53,139.44,256.97,140,118,0.00,0.00,0,0
1544355393,3004-eth1,1220591.62,26223.11,1246814.75,26328,1225474,422.31,397.41,819.72,399,424,0.00,0.00,0,0
1544355393,2006-eth3,0.00,0.00,0.00,0,0,0.00,0.00,0.00,0,0,0.00,0.00,0,0
1544355393,3004-eth2,504954.19,26131.47,531085.69,26236,506974,264.94,287.85,552.79,289,266,0.00,0.00,0,0
1544355393,3001-eth3,1221906.38,1224790.88,2446697.25,1229690,1226794,769.92,769.92,1539.84,773,773,0.00,0.00,0,0
1544355393,2003-eth4,26223.11,1220591.62,1246814.75,1225474,26328,397.41,422.31,819.72,424,399,0.00,0.00,0,0
1544355393,2008-eth4,59.76,0.00,59.76,0,60,1.00,0.00,1.00,0,1,0.00,0.00,0,0
1544355393,3008-eth3,1214733.12,1223255.00,2437988.00,1228148,1219592,617.53,615.54,1233.07,618,620,0.00,0.00,0,0
1544355393,2005-eth2,0.00,0.00,0.00,0,0,0.00,0.00,0.00,0,0,0.00,0.00,0,0
1544355393,2006-eth4,0.00,0.00,0.00,0,0,0.00,0.00,0.00,0,0,0.00,0.00,0,0
1544355393,3006-eth2,0.00,0.00,0.00,0,0,0.00,0.00,0.00,0,0,0.00,0.00,0,0
1544355393,1003-eth4,0.00,59.76,59.76,60,0,0.00,1.00,1.00,1,0,0.00,0.00,0,0
1544355393,2006-eth2,0.00,0.00,0.00,0,0,0.00,0.00,0.00,0,0,0.00,0.00,0,0
1544355393,3001-eth1,0.00,0.00,0.00,0,0,0.00,0.00,0.00,0,0,0.00,0.00,0,0
1544355393,3008-eth2,0.00,59.76,59.76,60,0,0.00,1.00,1.00,1,0,0.00,0.00,0,0
1544355393,2004-eth3,504954.19,26071.71,531025.94,26176,506974,264.94,286.85,551.79,288,266,0.00,0.00,0,0
1544355393,3001-eth4,1221906.38,1218956.25,2440862.50,1223832,1226794,769.92,768.92,1538.84,772,773,0.00,0.00,0,0
1544355393,1003-eth1,0.00,0.00,0.00,0,0,0.00,0.00,0.00,0,0,0.00,0.00,0,0
1544355393,3002-eth2,59.76,0.00,59.76,0,60,1.00,0.00,1.00,0,1,0.00,0.00,0,0
1544355393,2005-eth4,0.00,0.00,0.00,0,0,0.00,0.00,0.00,0,0,0.00,0.00,0,0
1544355393,3003-eth2,26019.88,503950.28,529970.19,506974,26176,286.28,264.41,550.70,266,288,0.00,0.00,0,0
1544355393,2007-eth1,0.00,0.00,0.00,0,0,0.00,0.00,0.00,0,0,0.00,0.00,0,0
1544355393,1002-eth4,0.00,0.00,0.00,0,0,0.00,0.00,0.00,0,0,0.00,0.00,0,0
1544355393,3002-eth4,1212980.12,872902.56,2085882.75,878140,1220258,691.85,685.88,1377.73,690,696,0.00,0.00,0,0
1544355393,2007-eth3,0.00,0.00,0.00,0,0,0.00,0.00,0.00,0,0,0.00,0.00,0,0
1544355393,3005-eth1,0.00,0.00,0.00,0,0,0.00,0.00,0.00,0,0,0.00,0.00,0,0
1544355393,2001-eth4,401731.88,7727.90,409459.78,7782,404544,139.03,117.18,256.21,118,140,0.00,0.00,0,0
1544355393,3003-eth4,1226937.50,454423.03,1681360.50,457604,1235526,681.23,709.04,1390.27,714,686,0.00,0.00,0,0
1544355393,2004-eth1,0.00,0.00,0.00,0,0,0.00,0.00,0.00,0,0,0.00,0.00,0,0
1544355393,3006-eth4,1215890.75,1210266.12,2426157.00,1218738,1224402,644.49,624.63,1269.12,629,649,0.00,0.00,0,0
1544355393,3007-eth1,0.00,0.00,0.00,0,0,0.00,0.00,0.00,0,0,0.00,0.00,0,0
1544355393,2008-eth1,59.58,0.00,59.58,0,60,0.99,0.00,0.99,0,1,0.00,0.00,0,0
1544355393,2002-eth2,0.00,0.00,0.00,0,0,0.00,0.00,0.00,0,0,0.00,0.00,0,0
1544355393,2003-eth1,402190.84,7675.94,409866.81,7722,404604,140.16,116.30,256.46,117,141,0.00,0.00,0,0
1544355393,3008-eth4,1217813.12,1212318.12,2430131.25,1219592,1225120,612.33,616.30,1228.63,620,616,0.00,0.00,0,0
1544355393,1004-eth4,0.00,59.64,59.64,60,0,0.00,0.99,0.99,1,0,0.00,0.00,0,0
1544355393,3006-eth1,0.00,0.00,0.00,0,0,0.00,0.00,0.00,0,0,0.00,0.00,0,0
1544355393,1004-eth3,0.00,0.00,0.00,0,0,0.00,0.00,0.00,0,0,0.00,0.00,0,0
1544355393,1002-eth2,0.00,59.64,59.64,60,0,0.00,0.99,0.99,1,0,0.00,0.00,0,0
1544355393,3004-eth3,28027.83,504334.00,532361.81,507360,28196,307.16,282.31,589.46,284,309,0.00,0.00,0,0
1544355393,2003-eth3,1220542.75,428242.53,1648785.25,430812,1227866,544.73,534.79,1079.52,538,548,0.00,0.00,0,0
1544355393,2005-eth1,0.00,0.00,0.00,0,0,0.00,0.00,0.00,0,0,0.00,0.00,0,0
1544355393,3002-eth3,1219226.62,1220530.75,2439757.50,1227854,1226542,830.02,806.16,1636.18,811,835,0.00,0.00,0,0
1544355393,3006-eth3,1211534.75,1217099.38,2428634.25,1224402,1218804,626.24,645.13,1271.37,649,630,0.00,0.00,0,0
1544355393,2001-eth1,7675.94,402131.22,409807.16,404544,7722,116.30,139.17,255.47,140,117,0.00,0.00,0,0
1544355393,3005-eth2,0.00,0.00,0.00,0,0,0.00,0.00,0.00,0,0,0.00,0.00,0,0
1544355393,2001-eth2,0.00,0.00,0.00,0,0,0.00,0.00,0.00,0,0,0.00,0.00,0,0
1544355393,3007-eth2,0.00,59.64,59.64,60,0,0.00,0.99,0.99,1,0,0.00,0.00,0,0
1544355393,1001-eth1,402131.22,7675.94,409807.16,7722,404544,139.17,116.30,255.47,117,140,0.00,0.00,0,0
1544355393,3007-eth4,1222101.38,1222035.75,2444137.25,1229368,1229434,808.15,807.16,1615.31,812,813,0.00,0.00,0,0
1544355393,2003-eth2,59.64,0.00,59.64,0,60,0.99,0.00,0.99,0,1,0.00,0.00,0,0
1544355393,3007-eth3,1221970.12,1222101.38,2444071.50,1229434,1229302,806.16,808.15,1614.31,813,811,0.00,0.00,0,0
1544355393,1002-eth1,0.00,0.00,0.00,0,0,0.00,0.00,0.00,0,0,0.00,0.00,0,0
1544355393,2002-eth3,0.00,59.64,59.64,60,0,0.00,0.99,0.99,1,0,0.00,0.00,0,0
1544355393,2007-eth2,0.00,0.00,0.00,0,0,0.00,0.00,0.00,0,0,0.00,0.00,0,0
1544355393,total,22348698.00,22317428.00,44666128.00,22406698,22438092,14529.88,14514.94,29044.82,14573,14588,0.00,0.00,0,0
1544355394,3003-eth3,1215033.88,571838.69,1786872.62,574126,1219894,712.15,688.25,1400.40,691,715,0.00,0.00,0,0
1544355394,2002-eth1,0.00,0.00,0.00,0,0,0.00,0.00,0.00,0,0,0.00,0.00,0,0
1544355394,lo,99575.70,99575.70,199151.41,99974,99974,299.80,299.80,599.60,301,301,0.00,0.00,0,0
1544355394,3005-eth3,1213434.25,1208055.88,2421490.00,1212888,1218288,685.26,669.32,1354.58,672,688,0.00,0.00,0,0
1544355394,2005-eth3,59.76,0.00,59.76,0,60,1.00,0.00,1.00,0,1,0.00,0.00,0,0
1544355394,3004-eth4,27786.85,1215075.75,1242862.62,1219936,27898,411.35,438.25,849.60,440,413,0.00,0.00,0,0
1544355394,1004-eth2,59.76,0.00,59.76,0,60,1.00,0.00,1.00,0,1,0.00,0.00,0,0
1544355394,2004-eth4,29310.76,411079.69,440390.44,412724,29428,314.74,241.04,555.78,242,316,0.00,0.00,0,0
1544355394,1001-eth2,9466.14,557850.62,567316.75,560082,9504,143.43,192.23,335.66,193,144,0.00,0.00,0,0
1544355394,1003-eth3,0.00,0.00,0.00,0,0,0.00,0.00,0.00,0,0,0.00,0.00,0,0
1544355394,2002-eth4,0.00,0.00,0.00,0,0,0.00,0.00,0.00,0,0,0.00,0.00,0,0
1544355394,1001-eth4,0.00,0.00,0.00,0,0,0.00,0.00,0.00,0,0,0.00,0.00,0,0
1544355394,3001-eth2,0.00,0.00,0.00,0,0,0.00,0.00,0.00,0,0,0.00,0.00,0,0
1544355394,1004-eth1,59.76,0.00,59.76,0,60,1.00,0.00,1.00,0,1,0.00,0.00,0,0
1544355394,3005-eth4,1208121.50,1213368.50,2421490.00,1218222,1212954,670.32,684.26,1354.58,687,673,0.00,0.00,0,0
1544355394,1003-eth2,0.00,0.00,0.00,0,0,0.00,0.00,0.00,0,0,0.00,0.00,0,0
1544355394,3008-eth1,0.00,59.76,59.76,60,0,0.00,1.00,1.00,1,0,0.00,0.00,0,0
1544355394,1002-eth3,0.00,59.76,59.76,60,0,0.00,1.00,1.00,1,0,0.00,0.00,0,0
1544355394,2006-eth1,0.00,0.00,0.00,0,0,0.00,0.00,0.00,0,0,0.00,0.00,0,0
1544355394,3003-eth1,583685.25,1211898.50,1795583.75,1216746,586020,583.67,530.88,1114.54,533,586,0.00,0.00,0,0
1544355394,2001-eth3,0.00,0.00,0.00,0,0,0.00,0.00,0.00,0,0,0.00,0.00,0,0
1544355394,2008-eth2,0.00,59.76,59.76,60,0,0.00,1.00,1.00,1,0,0.00,0.00,0,0
1544355394,2008-eth3,0.00,0.00,0.00,0,0,0.00,0.00,0.00,0,0,0.00,0.00,0,0
1544355394,1001-eth3,0.00,59.76,59.76,60,0,0.00,1.00,1.00,1,0,0.00,0.00,0,0
1544355394,2007-eth4,59.76,0.00,59.76,0,60,1.00,0.00,1.00,0,1,0.00,0.00,0,0
1544355394,2004-eth2,0.00,59.76,59.76,60,0,0.00,1.00,1.00,1,0,0.00,0.00,0,0
1544355394,3002-eth1,9466.14,557850.62,567316.75,560082,9504,143.43,192.23,335.66,193,144,0.00,0.00,0,0
1544355394,3004-eth1,1213123.50,25834.66,1238958.25,25938,1217976,418.33,391.43,809.76,393,420,0.00,0.00,0,0
1544355394,2006-eth3,59.76,59.76,119.52,60,60,1.00,1.00,1.99,1,1,0.00,0.00,0,0
1544355394,3004-eth2,411079.69,29310.76,440390.44,29428,412724,241.04,314.74,555.78,316,242,0.00,0.00,0,0
1544355394,3001-eth3,1211551.88,1211354.62,2422906.50,1216200,1216398,787.85,784.86,1572.71,788,791,0.00,0.00,0,0
1544355394,2003-eth4,25834.66,1213123.50,1238958.25,1217976,25938,391.43,418.33,809.76,420,393,0.00,0.00,0,0
1544355394,2008-eth4,0.00,0.00,0.00,0,0,0.00,0.00,0.00,0,0,0.00,0.00,0,0
1544355394,3008-eth3,1204185.25,1214806.75,2418992.00,1219666,1209002,654.38,662.35,1316.73,665,657,0.00,0.00,0,0
1544355394,2005-eth2,59.76,0.00,59.76,0,60,1.00,0.00,1.00,0,1,0.00,0.00,0,0
1544355394,2006-eth4,59.76,59.76,119.52,60,60,1.00,1.00,1.99,1,1,0.00,0.00,0,0
1544355394,3006-eth2,59.76,59.76,119.52,60,60,1.00,1.00,1.99,1,1,0.00,0.00,0,0
1544355394,1003-eth4,0.00,0.00,0.00,0,0,0.00,0.00,0.00,0,0,0.00,0.00,0,0
1544355394,2006-eth2,59.76,59.76,119.52,60,60,1.00,1.00,1.99,1,1,0.00,0.00,0,0
1544355394,3001-eth1,0.00,0.00,0.00,0,0,0.00,0.00,0.00,0,0,0.00,0.00,0,0
1544355394,3008-eth2,0.00,0.00,0.00,0,0,0.00,0.00,0.00,0,0,0.00,0.00,0,0
1544355394,2004-eth3,411079.69,29310.76,440390.44,29428,412724,241.04,314.74,555.78,316,242,0.00,0.00,0,0
1544355394,3001-eth4,1211223.12,1209978.12,2421201.25,1214818,1216068,782.87,785.86,1568.73,789,786,0.00,0.00,0,0
1544355394,1003-eth1,0.00,0.00,0.00,0,0,0.00,0.00,0.00,0,0,0.00,0.00,0,0
1544355394,3002-eth2,0.00,0.00,0.00,0,0,0.00,0.00,0.00,0,0,0.00,0.00,0,0
1544355394,2005-eth4,59.88,59.88,119.76,60,60,1.00,1.00,2.00,1,1,0.00,0.00,0,0
1544355394,3003-eth2,29369.26,411900.22,441269.47,412724,29428,315.37,241.52,556.89,242,316,0.00,0.00,0,0
1544355394,2007-eth1,0.00,0.00,0.00,0,0,0.00,0.00,0.00,0,0,0.00,0.00,0,0
1544355394,1002-eth4,0.00,59.88,59.88,60,0,0.00,1.00,1.00,1,0,0.00,0.00,0,0
1544355394,3002-eth4,1206852.38,783105.81,1989958.12,784672,1209266,659.68,654.69,1314.37,656,661,0.00,0.00,0,0
1544355394,2007-eth3,59.88,0.00,59.88,0,60,1.00,0.00,1.00,0,1,0.00,0.00,0,0
1544355394,3005-eth1,0.00,59.88,59.88,60,0,0.00,1.00,1.00,1,0,0.00,0.00,0,0
1544355394,2001-eth4,558964.06,9485.03,568449.12,9504,560082,192.61,143.71,336.33,144,193,0.00,0.00,0,0
1544355394,3003-eth4,1226968.12,613756.50,1840724.62,614984,1229422,745.51,778.44,1523.95,780,747,0.00,0.00,0,0
1544355394,2004-eth1,0.00,0.00,0.00,0,0,0.00,0.00,0.00,0,0,0.00,0.00,0,0
1544355394,3006-eth4,1213413.25,1208030.00,2421443.25,1210446,1215840,649.70,633.73,1283.43,635,651,0.00,0.00,0,0
1544355394,3007-eth1,0.00,59.88,59.88,60,0,0.00,1.00,1.00,1,0,0.00,0.00,0,0
1544355394,2008-eth1,0.00,0.00,0.00,0,0,0.00,0.00,0.00,0,0,0.00,0.00,0,0
1544355394,2002-eth2,0.00,59.94,59.94,60,0,0.00,1.00,1.00,1,0,0.00,0.00,0,0
1544355394,2003-eth1,559522.50,9494.51,569017.00,9504,560082,192.81,143.86,336.66,144,193,0.00,0.00,0,0
1544355394,3008-eth4,1218447.62,1210885.12,2429332.75,1212096,1219666,664.34,659.34,1323.68,660,665,0.00,0.00,0,0
1544355394,1004-eth4,59.94,0.00,59.94,0,60,1.00,0.00,1.00,0,1,0.00,0.00,0,0
1544355394,3006-eth1,59.94,59.94,119.88,60,60,1.00,1.00,2.00,1,1,0.00,0.00,0,0
1544355394,1004-eth3,59.94,59.94,119.88,60,60,1.00,1.00,2.00,1,1,0.00,0.00,0,0
1544355394,1002-eth2,0.00,0.00,0.00,0,0,0.00,0.00,0.00,0,0,0.00,0.00,0,0
1544355394,3004-eth3,31356.64,414269.75,445626.38,414684,31388,335.66,261.74,597.40,262,336,0.00,0.00,0,0
1544355394,2003-eth3,1215530.50,585434.56,1800965.12,586020,1216746,532.47,585.41,1117.88,586,533,0.00,0.00,0,0
1544355394,2005-eth1,59.94,0.00,59.94,0,60,1.00,0.00,1.00,0,1,0.00,0.00,0,0
1544355394,3002-eth3,1216879.12,1217552.50,2434431.75,1218770,1218096,750.25,804.20,1554.45,805,751,0.00,0.00,0,0
1544355394,3006-eth3,1209230.75,1214565.50,2423796.25,1215780,1210440,634.37,649.35,1283.72,650,635,0.00,0.00,0,0
1544355394,2001-eth1,9494.51,559522.50,569017.00,560082,9504,143.86,192.81,336.66,193,144,0.00,0.00,0,0
1544355394,3005-eth2,59.94,59.94,119.88,60,60,1.00,1.00,2.00,1,1,0.00,0.00,0,0
1544355394,2001-eth2,0.00,0.00,0.00,0,0,0.00,0.00,0.00,0,0,0.00,0.00,0,0
1544355394,3007-eth2,0.00,0.00,0.00,0,0,0.00,0.00,0.00,0,0,0.00,0.00,0,0
1544355394,1001-eth1,559522.50,9494.51,569017.00,9504,560082,192.81,143.86,336.66,144,193,0.00,0.00,0,0
1544355394,3007-eth4,1216040.00,1216040.00,2432080.00,1217256,1217256,803.20,803.20,1606.39,804,804,0.00,0.00,0,0
1544355394,2003-eth2,0.00,0.00,0.00,0,0,0.00,0.00,0.00,0,0,0.00,0.00,0,0
1544355394,3007-eth3,1216040.00,1215974.00,2432014.00,1217190,1217256,803.20,802.20,1605.39,803,804,0.00,0.00,0,0
1544355394,1002-eth1,0.00,0.00,0.00,0,0,0.00,0.00,0.00,0,0,0.00,0.00,0,0
1544355394,2002-eth3,0.00,0.00,0.00,0,0,0.00,0.00,0.00,0,0,0.00,0.00,0,0
1544355394,2007-eth2,59.94,0.00,59.94,0,60,1.00,0.00,1.00,0,1,0.00,0.00,0,0
1544355394,total,22807062.00,22699770.00,45506832.00,22722470,22829868,15138.86,15148.85,30287.71,15164,15154,0.00,0.00,0,0
1544355395,3003-eth3,1221025.00,485960.06,1706985.00,486446,1222246,678.32,634.37,1312.69,635,679,0.00,0.00,0,0
1544355395,2002-eth1,59.94,0.00,59.94,0,60,1.00,0.00,1.00,0,1,0.00,0.00,0,0
1544355395,lo,6133.87,6133.87,12267.73,6140,6140,59.94,59.94,119.88,60,60,0.00,0.00,0,0
1544355395,3005-eth3,1218185.88,1213588.50,2431774.25,1214802,1219404,704.30,700.30,1404.60,701,705,0.00,0.00,0,0
1544355395,2005-eth3,0.00,59.94,59.94,60,0,0.00,1.00,1.00,1,0,0.00,0.00,0,0
1544355395,3004-eth4,28002.00,1221676.38,1249678.38,1222898,28030,414.59,440.56,855.14,441,415,0.00,0.00,0,0
1544355395,1004-eth2,0.00,0.00,0.00,0,0,0.00,0.00,0.00,0,0,0.00,0.00,0,0
1544355395,2004-eth4,11076.92,537428.56,548505.50,537966,11088,167.83,186.81,354.65,187,168,0.00,0.00,0,0
1544355395,1001-eth2,10813.19,469238.78,480051.97,469708,10824,163.84,161.84,325.67,162,164,0.00,0.00,0,0
1544355395,1003-eth3,0.00,59.94,59.94,60,0,0.00,1.00,1.00,1,0,0.00,0.00,0,0
1544355395,2002-eth4,0.00,0.00,0.00,0,0,0.00,0.00,0.00,0,0,0.00,0.00,0,0
1544355395,1001-eth4,0.00,0.00,0.00,0,0,0.00,0.00,0.00,0,0,0.00,0.00,0,0
1544355395,3001-eth2,0.00,0.00,0.00,0,0,0.00,0.00,0.00,0,0,0.00,0.00,0,0
1544355395,1004-eth1,0.00,0.00,0.00,0,0,0.00,0.00,0.00,0,0,0.00,0.00,0,0
1544355395,3005-eth4,1213516.50,1221216.88,2434733.25,1222438,1214730,699.30,706.29,1405.59,707,700,0.00,0.00,0,0
1544355395,1003-eth2,0.00,0.00,0.00,0,0,0.00,0.00,0.00,0,0,0.00,0.00,0,0
1544355395,3008-eth1,59.94,0.00,59.94,0,60,1.00,0.00,1.00,0,1,0.00,0.00,0,0
1544355395,1002-eth3,59.94,0.00,59.94,0,60,1.00,0.00,1.00,0,1,0.00,0.00,0,0
1544355395,2006-eth1,59.94,0.00,59.94,0,60,1.00,0.00,1.00,0,1,0.00,0.00,0,0
1544355395,3003-eth1,495342.66,1221984.00,1717326.75,1223206,495838,557.44,586.41,1143.86,587,558,0.00,0.00,0,0
1544355395,2001-eth3,0.00,0.00,0.00,0,0,0.00,0.00,0.00,0,0,0.00,0.00,0,0
1544355395,2008-eth2,0.00,0.00,0.00,0,0,0.00,0.00,0.00,0,0,0.00,0.00,0,0
1544355395,2008-eth3,0.00,59.94,59.94,60,0,0.00,1.00,1.00,1,0,0.00,0.00,0,0
1544355395,1001-eth3,0.00,0.00,0.00,0,0,0.00,0.00,0.00,0,0,0.00,0.00,0,0
1544355395,2007-eth4,0.00,59.94,59.94,60,0,0.00,1.00,1.00,1,0,0.00,0.00,0,0
1544355395,2004-eth2,0.00,0.00,0.00,0,0,0.00,0.00,0.00,0,0,0.00,0.00,0,0
1544355395,3002-eth1,10813.19,469238.78,480051.97,469708,10824,163.84,161.84,325.67,162,164,0.00,0.00,0,0
1544355395,3004-eth1,1219718.38,26043.96,1245762.25,26070,1220938,420.58,394.61,815.18,395,421,0.00,0.00,0,0
1544355395,2006-eth3,0.00,0.00,0.00,0,0,0.00,0.00,0.00,0,0,0.00,0.00,0,0
1544355395,3004-eth2,537428.56,11076.92,548505.50,11088,537966,186.81,167.83,354.65,168,187,0.00,0.00,0,0
1544355395,3001-eth3,1221622.38,1221562.50,2443185.00,1222784,1222844,800.20,799.20,1599.40,800,801,0.00,0.00,0,0
1544355395,2003-eth4,26043.96,1219718.38,1245762.25,1220938,26070,394.61,420.58,815.18,421,395,0.00,0.00,0,0
1544355395,2008-eth4,0.00,59.94,59.94,60,0,0.00,1.00,1.00,1,0,0.00,0.00,0,0
1544355395,3008-eth3,1211274.75,1219700.38,2430975.00,1220920,1212486,665.33,683.32,1348.65,684,666,0.00,0.00,0,0
1544355395,2005-eth2,0.00,59.94,59.94,60,0,0.00,1.00,1.00,1,0,0.00,0.00,0,0
1544355395,2006-eth4,0.00,0.00,0.00,0,0,0.00,0.00,0.00,0,0,0.00,0.00,0,0
1544355395,3006-eth2,0.00,0.00,0.00,0,0,0.00,0.00,0.00,0,0,0.00,0.00,0,0
1544355395,1003-eth4,0.00,0.00,0.00,0,0,0.00,0.00,0.00,0,0,0.00,0.00,0,0
1544355395,2006-eth2,0.00,0.00,0.00,0,0,0.00,0.00,0.00,0,0,0.00,0.00,0,0
1544355395,3001-eth1,0.00,0.00,0.00,0,0,0.00,0.00,0.00,0,0,0.00,0.00,0,0
1544355395,3008-eth2,59.94,0.00,59.94,0,60,1.00,0.00,1.00,0,1,0.00,0.00,0,0
1544355395,2004-eth3,537428.56,11136.86,548565.44,11148,537966,186.81,168.83,355.64,169,187,0.00,0.00,0,0
1544355395,3001-eth4,1218663.38,1221562.50,2440225.75,1222784,1219882,799.20,799.20,1598.40,800,800,0.00,0.00,0,0
1544355395,1003-eth1,0.00,59.94,59.94,60,0,0.00,1.00,1.00,1,0,0.00,0.00,0,0
1544355395,3002-eth2,0.00,0.00,0.00,0,0,0.00,0.00,0.00,0,0,0.00,0.00,0,0
1544355395,2005-eth4,0.00,0.00,0.00,0,0,0.00,0.00,0.00,0,0,0.00,0.00,0,0
1544355395,3003-eth2,11136.86,537428.56,548565.44,537966,11148,168.83,186.81,355.64,187,169,0.00,0.00,0,0
1544355395,2007-eth1,0.00,0.00,0.00,0,0,0.00,0.00,0.00,0,0,0.00,0.00,0,0
1544355395,1002-eth4,0.00,0.00,0.00,0,0,0.00,0.00,0.00,0,0,0.00,0.00,0,0
1544355395,3002-eth4,1208383.62,739370.62,1947754.25,740110,1209592,643.36,638.36,1281.72,639,644,0.00,0.00,0,0
1544355395,2007-eth3,0.00,59.94,59.94,60,0,0.00,1.00,1.00,1,0,0.00,0.00,0,0
1544355395,3005-eth1,59.94,0.00,59.94,0,60,1.00,0.00,1.00,0,1,0.00,0.00,0,0
1544355395,2001-eth4,469238.78,10813.19,480051.97,10824,469708,161.84,163.84,325.67,164,162,0.00,0.00,0,0
1544355395,3003-eth4,1235372.62,504793.22,1740165.88,505298,1236608,811.19,622.38,1433.57,623,812,0.00,0.00,0,0
1544355395,2004-eth1,0.00,0.00,0.00,0,0,0.00,0.00,0.00,0,0,0.00,0.00,0,0
1544355395,3006-eth4,1217590.50,1213444.62,2431035.00,1214658,1218808,651.35,632.37,1283.72,633,652,0.00,0.00,0,0
1544355395,3007-eth1,59.94,0.00,59.94,0,60,1.00,0.00,1.00,0,1,0.00,0.00,0,0
1544355395,2008-eth1,0.00,0.00,0.00,0,0,0.00,0.00,0.00,0,0,0.00,0.00,0,0
1544355395,2002-eth2,0.00,0.00,0.00,0,0,0.00,0.00,0.00,0,0,0.00,0.00,0,0
1544355395,2003-eth1,469238.78,10813.19,480051.97,10824,469708,161.84,163.84,325.67,164,162,0.00,0.00,0,0
1544355395,3008-eth4,1219694.38,1211214.88,2430909.25,1212426,1220914,683.32,664.34,1347.65,665,684,0.00,0.00,0,0
1544355395,1004-eth4,0.00,0.00,0.00,0,0,0.00,0.00,0.00,0,0,0.00,0.00,0,0
1544355395,3006-eth1,0.00,0.00,0.00,0,0,0.00,0.00,0.00,0,0,0.00,0.00,0,0
1544355395,1004-eth3,0.00,0.00,0.00,0,0,0.00,0.00,0.00,0,0,0.00,0.00,0,0
1544355395,1002-eth2,0.00,0.00,0.00,0,0,0.00,0.00,0.00,0,0,0.00,0.00,0,0
1544355395,3004-eth3,13034.97,539386.62,552421.56,539926,13048,187.81,206.79,394.61,207,188,0.00,0.00,0,0
1544355395,2003-eth3,1221984.00,495342.66,1717326.75,495838,1223206,586.41,557.44,1143.86,558,587,0.00,0.00,0,0
1544355395,2005-eth1,0.00,0.00,0.00,0,0,0.00,0.00,0.00,0,0,0.00,0.00,0,0
1544355395,3002-eth3,1222745.25,1219196.88,2441942.00,1220416,1223968,795.20,807.19,1602.40,808,796,0.00,0.00,0,0
1544355395,3006-eth3,1213444.62,1217590.50,2431035.00,1218808,1214658,632.37,651.35,1283.72,652,633,0.00,0.00,0,0
1544355395,2001-eth1,10813.19,469238.78,480051.97,469708,10824,163.84,161.84,325.67,162,164,0.00,0.00,0,0
1544355395,3005-eth2,0.00,0.00,0.00,0,0,0.00,0.00,0.00,0,0,0.00,0.00,0,0
1544355395,2001-eth2,0.00,0.00,0.00,0,0,0.00,0.00,0.00,0,0,0.00,0.00,0,0
1544355395,3007-eth2,59.94,0.00,59.94,0,60,1.00,0.00,1.00,0,1,0.00,0.00,0,0
1544355395,1001-eth1,469238.78,10813.19,480051.97,10824,469708,161.84,163.84,325.67,164,162,0.00,0.00,0,0
1544355395,3007-eth4,1219059.00,1219065.00,2438124.00,1220284,1220278,805.19,805.19,1610.39,806,806,0.00,0.00,0,0
1544355395,2003-eth2,0.00,0.00,0.00,0,0,0.00,0.00,0.00,0,0,0.00,0.00,0,0
1544355395,3007-eth3,1219124.88,1219065.00,2438190.00,1220284,1220344,806.19,805.19,1611.39,806,807,0.00,0.00,0,0
1544355395,1002-eth1,0.00,0.00,0.00,0,0,0.00,0.00,0.00,0,0,0.00,0.00,0,0
1544355395,2002-eth3,0.00,0.00,0.00,0,0,0.00,0.00,0.00,0,0,0.00,0.00,0,0
1544355395,2007-eth2,0.00,0.00,0.00,0,0,0.00,0.00,0.00,0,0,0.00,0.00,0,0
1544355395,total,22607668.00,22395324.00,45002992.00,22417718,22630276,14491.51,14310.69,28802.20,14325,14506,0.00,0.00,0,0
1544355396,3003-eth3,1225970.12,575448.56,1801418.62,576024,1227196,658.34,631.37,1289.71,632,659,0.00,0.00,0,0
1544355396,2002-eth1,0.00,0.00,0.00,0,0,0.00,0.00,0.00,0,0,0.00,0.00,0,0
1544355396,lo,8243.76,8243.76,16487.51,8252,8252,80.92,80.92,161.84,81,81,0.00,0.00,0,0
1544355396,3005-eth3,1225160.88,1217334.75,2442495.50,1218552,1226386,700.30,691.31,1391.61,692,701,0.00,0.00,0,0
1544355396,2005-eth3,0.00,0.00,0.00,0,0,0.00,0.00,0.00,0,0,0.00,0.00,0,0
1544355396,3004-eth4,28265.73,1223188.88,1251454.62,1224412,28294,418.58,441.56,860.14,442,419,0.00,0.00,0,0
1544355396,1004-eth2,0.00,0.00,0.00,0,0,0.00,0.00,0.00,0,0,0.00,0.00,0,0
1544355396,2004-eth4,14307.69,692745.25,707052.94,693438,14322,216.78,238.76,455.54,239,217,0.00,0.00,0,0
1544355396,1001-eth2,10807.19,666113.88,676921.12,666780,10818,163.84,229.77,393.61,230,164,0.00,0.00,0,0
1544355396,1003-eth3,59.94,0.00,59.94,0,60,1.00,0.00,1.00,0,1,0.00,0.00,0,0
1544355396,2002-eth4,59.94,0.00,59.94,0,60,1.00,0.00,1.00,0,1,0.00,0.00,0,0
1544355396,1001-eth4,59.94,59.94,119.88,60,60,1.00,1.00,2.00,1,1,0.00,0.00,0,0
1544355396,3001-eth2,0.00,59.94,59.94,60,0,0.00,1.00,1.00,1,0,0.00,0.00,0,0
1544355396,1004-eth1,0.00,59.94,59.94,60,0,0.00,1.00,1.00,1,0,0.00,0.00,0,0
1544355396,3005-eth4,1217334.75,1223516.50,2440851.25,1224740,1218552,691.31,697.30,1388.61,698,692,0.00,0.00,0,0
1544355396,1003-eth2,59.94,59.94,119.88,60,60,1.00,1.00,2.00,1,1,0.00,0.00,0,0
1544355396,3008-eth1,0.00,0.00,0.00,0,0,0.00,0.00,0.00,0,0,0.00,0.00,0,0
1544355396,1002-eth3,0.00,0.00,0.00,0,0,0.00,0.00,0.00,0,0,0.00,0.00,0,0
1544355396,2006-eth1,0.00,59.94,59.94,60,0,0.00,1.00,1.00,1,0,0.00,0.00,0,0
1544355396,3003-eth1,692421.62,1223690.38,1916112.00,1224914,693114,628.37,568.43,1196.80,569,629,0.00,0.00,0,0
1544355396,2001-eth3,59.94,59.94,119.88,60,60,1.00,1.00,2.00,1,1,0.00,0.00,0,0
1544355396,2008-eth2,0.00,0.00,0.00,0,0,0.00,0.00,0.00,0,0,0.00,0.00,0,0
1544355396,2008-eth3,0.00,0.00,0.00,0,0,0.00,0.00,0.00,0,0,0.00,0.00,0,0
1544355396,1001-eth3,59.94,0.00,59.94,0,60,1.00,0.00,1.00,0,1,0.00,0.00,0,0
1544355396,2007-eth4,0.00,0.00,0.00,0,0,0.00,0.00,0.00,0,0,0.00,0.00,0,0
1544355396,2004-eth2,0.00,0.00,0.00,0,0,0.00,0.00,0.00,0,0,0.00,0.00,0,0
1544355396,3002-eth1,10747.25,666173.88,676921.12,666840,10758,162.84,230.77,393.61,231,163,0.00,0.00,0,0
1544355396,3004-eth1,1221230.75,26307.69,1247538.50,26334,1222452,421.58,398.60,820.18,399,422,0.00,0.00,0,0
1544355396,2006-eth3,0.00,0.00,0.00,0,0,0.00,0.00,0.00,0,0,0.00,0.00,0,0
1544355396,3004-eth2,692745.25,14307.69,707052.94,14322,693438,238.76,216.78,455.54,217,239,0.00,0.00,0,0
1544355396,3001-eth3,1222090.00,1222155.88,2444245.75,1223378,1223312,807.19,808.19,1615.38,809,808,0.00,0.00,0,0
1544355396,2003-eth4,26307.69,1221230.75,1247538.50,1222452,26334,398.60,421.58,820.18,422,399,0.00,0.00,0,0
1544355396,2008-eth4,0.00,0.00,0.00,0,0,0.00,0.00,0.00,0,0,0.00,0.00,0,0
1544355396,3008-eth3,1215818.25,1221212.88,2437031.00,1222434,1217034,668.33,684.32,1352.65,685,669,0.00,0.00,0,0
1544355396,2005-eth2,0.00,0.00,0.00,0,0,0.00,0.00,0.00,0,0,0.00,0.00,0,0
1544355396,2006-eth4,0.00,0.00,0.00,0,0,0.00,0.00,0.00,0,0,0.00,0.00,0,0
1544355396,3006-eth2,0.00,0.00,0.00,0,0,0.00,0.00,0.00,0,0,0.00,0.00,0,0
1544355396,1003-eth4,59.94,0.00,59.94,0,60,1.00,0.00,1.00,0,1,0.00,0.00,0,0
1544355396,2006-eth2,0.00,0.00,0.00,0,0,0.00,0.00,0.00,0,0,0.00,0.00,0,0
1544355396,3001-eth1,59.94,59.94,119.88,60,60,1.00,1.00,2.00,1,1,0.00,0.00,0,0
1544355396,3008-eth2,0.00,0.00,0.00,0,0,0.00,0.00,0.00,0,0,0.00,0.00,0,0
1544355396,2004-eth3,692745.25,14307.69,707052.94,14322,693438,238.76,216.78,455.54,217,239,0.00,0.00,0,0
1544355396,3001-eth4,1223602.38,1222090.00,2445692.25,1223312,1224826,808.19,807.19,1615.38,808,809,0.00,0.00,0,0
1544355396,1003-eth1,0.00,0.00,0.00,0,0,0.00,0.00,0.00,0,0,0.00,0.00,0,0
1544355396,3002-eth2,0.00,59.94,59.94,60,0,0.00,1.00,1.00,1,0,0.00,0.00,0,0
1544355396,2005-eth4,0.00,0.00,0.00,0,0,0.00,0.00,0.00,0,0,0.00,0.00,0,0
1544355396,3003-eth2,14307.69,692745.25,707052.94,693438,14322,216.78,238.76,455.54,239,217,0.00,0.00,0,0
1544355396,2007-eth1,59.94,59.94,119.88,60,60,1.00,1.00,2.00,1,1,0.00,0.00,0,0
1544355396,1002-eth4,59.94,0.00,59.94,0,60,1.00,0.00,1.00,0,1,0.00,0.00,0,0
1544355396,3002-eth4,1214433.62,749958.06,1964391.62,750708,1215648,647.35,645.35,1292.71,646,648,0.00,0.00,0,0
1544355396,2007-eth3,0.00,0.00,0.00,0,0,0.00,0.00,0.00,0,0,0.00,0.00,0,0
1544355396,3005-eth1,0.00,0.00,0.00,0,0,0.00,0.00,0.00,0,0,0.00,0.00,0,0
1544355396,2001-eth4,666173.88,10747.25,676921.12,10758,666840,230.77,162.84,393.61,163,231,0.00,0.00,0,0
1544355396,3003-eth4,1231670.38,691432.56,1923103.00,692124,1232902,733.27,613.39,1346.65,614,734,0.00,0.00,0,0
1544355396,2004-eth1,59.94,59.94,119.88,60,60,1.00,1.00,2.00,1,1,0.00,0.00,0,0
1544355396,3006-eth4,1223112.88,1217520.50,2440633.50,1218738,1224336,647.35,628.37,1275.72,629,648,0.00,0.00,0,0
1544355396,3007-eth1,0.00,0.00,0.00,0,0,0.00,0.00,0.00,0,0,0.00,0.00,0,0
1544355396,2008-eth1,0.00,59.94,59.94,60,0,0.00,1.00,1.00,1,0,0.00,0.00,0,0
1544355396,2002-eth2,59.94,0.00,59.94,0,60,1.00,0.00,1.00,0,1,0.00,0.00,0,0
1544355396,2003-eth1,666113.88,10807.19,676921.12,10818,666780,229.77,163.84,393.61,164,230,0.00,0.00,0,0
1544355396,3008-eth4,1222725.25,1215818.25,2438543.50,1217034,1223948,685.31,668.33,1353.65,669,686,0.00,0.00,0,0
1544355396,1004-eth4,0.00,0.00,0.00,0,0,0.00,0.00,0.00,0,0,0.00,0.00,0,0
1544355396,3006-eth1,0.00,0.00,0.00,0,0,0.00,0.00,0.00,0,0,0.00,0.00,0,0
1544355396,1004-eth3,0.00,0.00,0.00,0,0,0.00,0.00,0.00,0,0,0.00,0.00,0,0
1544355396,1002-eth2,59.94,0.00,59.94,0,60,1.00,0.00,1.00,0,1,0.00,0.00,0,0
1544355396,3004-eth3,16265.73,694703.31,710969.06,695398,16282,236.76,258.74,495.50,259,237,0.00,0.00,0,0
1544355396,2003-eth3,1223690.38,692421.62,1916112.00,693114,1224914,568.43,628.37,1196.80,629,569,0.00,0.00,0,0
1544355396,2005-eth1,0.00,59.94,59.94,60,0,0.00,1.00,1.00,1,0,0.00,0.00,0,0
1544355396,3002-eth3,1222877.12,1225180.88,2448058.00,1226406,1224100,797.20,810.19,1607.39,811,798,0.00,0.00,0,0
1544355396,3006-eth3,1213114.88,1223112.88,2436227.75,1224336,1214328,627.37,647.35,1274.73,648,628,0.00,0.00,0,0
1544355396,2001-eth1,10807.19,666173.88,676981.06,666840,10818,163.84,230.77,394.61,231,164,0.00,0.00,0,0
1544355396,3005-eth2,0.00,0.00,0.00,0,0,0.00,0.00,0.00,0,0,0.00,0.00,0,0
1544355396,2001-eth2,59.94,59.94,119.88,60,60,1.00,1.00,2.00,1,1,0.00,0.00,0,0
1544355396,3007-eth2,0.00,0.00,0.00,0,0,0.00,0.00,0.00,0,0,0.00,0.00,0,0
1544355396,1001-eth1,666173.88,10807.19,676981.06,10818,666840,230.77,163.84,394.61,164,231,0.00,0.00,0,0
1544355396,3007-eth4,1225114.88,1225114.88,2450229.75,1226340,1226340,809.19,809.19,1618.38,810,810,0.00,0.00,0,0
1544355396,2003-eth2,0.00,59.94,59.94,60,0,0.00,1.00,1.00,1,0,0.00,0.00,0,0
1544355396,3007-eth3,1225114.88,1225114.88,2450229.75,1226340,1226340,809.19,809.19,1618.38,810,810,0.00,0.00,0,0
1544355396,1002-eth1,59.94,59.94,119.88,60,60,1.00,1.00,2.00,1,1,0.00,0.00,0,0
1544355396,2002-eth3,59.94,0.00,59.94,0,60,1.00,0.00,1.00,0,1,0.00,0.00,0,0
1544355396,2007-eth2,0.00,59.94,59.94,60,0,0.00,1.00,1.00,1,0,0.00,0.00,0,0
1544355396,total,23770454.00,23990686.00,47761140.00,24014676,23794224,14952.05,14858.14,29810.19,14873,14967,0.00,0.00,0,0
1544355397,3003-eth3,1221456.62,588987.00,1810443.62,589576,1222678,578.42,595.40,1173.83,596,579,0.00,0.00,0,0
1544355397,2002-eth1,0.00,59.94,59.94,60,0,0.00,1.00,1.00,1,0,0.00,0.00,0,0
1544355397,lo,99044.96,99044.96,198089.92,99144,99144,286.71,286.71,573.43,287,287,0.00,0.00,0,0
1544355397,3005-eth3,1223384.62,1212665.38,2436050.00,1213878,1224608,695.30,686.31,1381.62,687,696,0.00,0.00,0,0
1544355397,2005-eth3,0.00,0.00,0.00,0,0,0.00,0.00,0.00,0,0,0.00,0.00,0,0
1544355397,3004-eth4,28523.48,1224635.38,1253158.88,1225860,28552,422.58,441.56,864.14,442,423,0.00,0.00,0,0
1544355397,1004-eth2,0.00,59.94,59.94,60,0,0.00,1.00,1.00,1,0,0.00,0.00,0,0
1544355397,2004-eth4,14829.17,703194.81,718024.00,703898,14844,224.78,243.76,468.53,244,225,0.00,0.00,0,0
1544355397,1001-eth2,12263.74,448585.44,460849.16,449034,12276,185.81,155.84,341.66,156,186,0.00,0.00,0,0
1544355397,1003-eth3,0.00,0.00,0.00,0,0,0.00,0.00,0.00,0,0,0.00,0.00,0,0
1544355397,2002-eth4,0.00,59.94,59.94,60,0,0.00,1.00,1.00,1,0,0.00,0.00,0,0
1544355397,1001-eth4,0.00,0.00,0.00,0,0,0.00,0.00,0.00,0,0,0.00,0.00,0,0
1544355397,3001-eth2,59.94,0.00,59.94,0,60,1.00,0.00,1.00,0,1,0.00,0.00,0,0
1544355397,1004-eth1,0.00,0.00,0.00,0,0,0.00,0.00,0.00,0,0,0.00,0.00,0,0
1544355397,3005-eth4,1212731.25,1220425.62,2433157.00,1221646,1213944,687.31,694.31,1381.62,695,688,0.00,0.00,0,0
1544355397,1003-eth2,0.00,0.00,0.00,0,0,0.00,0.00,0.00,0,0,0.00,0.00,0,0
1544355397,3008-eth1,0.00,0.00,0.00,0,0,0.00,0.00,0.00,0,0,0.00,0.00,0,0
1544355397,1002-eth3,0.00,0.00,0.00,0,0,0.00,0.00,0.00,0,0,0.00,0.00,0,0
1544355397,2006-eth1,0.00,0.00,0.00,0,0,0.00,0.00,0.00,0,0,0.00,0.00,0,0
1544355397,3003-eth1,475072.94,1223206.88,1698279.75,1224430,475548,557.44,605.39,1162.84,606,558,0.00,0.00,0,0
1544355397,2001-eth3,0.00,0.00,0.00,0,0,0.00,0.00,0.00,0,0,0.00,0.00,0,0
1544355397,2008-eth2,59.94,0.00,59.94,0,60,1.00,0.00,1.00,0,1,0.00,0.00,0,0
1544355397,2008-eth3,59.94,0.00,59.94,0,60,1.00,0.00,1.00,0,1,0.00,0.00,0,0
1544355397,1001-eth3,0.00,0.00,0.00,0,0,0.00,0.00,0.00,0,0,0.00,0.00,0,0
1544355397,2007-eth4,0.00,0.00,0.00,0,0,0.00,0.00,0.00,0,0,0.00,0.00,0,0
1544355397,2004-eth2,59.94,0.00,59.94,0,60,1.00,0.00,1.00,0,1,0.00,0.00,0,0
1544355397,3002-eth1,12263.74,448525.50,460789.22,448974,12276,185.81,154.85,340.66,155,186,0.00,0.00,0,0
1544355397,3004-eth1,1219820.25,26607.39,1246427.62,26634,1221040,422.58,403.60,826.17,404,423,0.00,0.00,0,0
1544355397,2006-eth3,0.00,0.00,0.00,0,0,0.00,0.00,0.00,0,0,0.00,0.00,0,0
1544355397,3004-eth2,703194.81,14829.17,718024.00,14844,703898,243.76,224.78,468.53,225,244,0.00,0.00,0,0
1544355397,3001-eth3,1220969.12,1223730.25,2444699.25,1224954,1222190,790.21,788.21,1578.42,789,791,0.00,0.00,0,0
1544355397,2003-eth4,26607.39,1219820.25,1246427.62,1221040,26634,403.60,422.58,826.17,423,404,0.00,0.00,0,0
1544355397,2008-eth4,59.94,0.00,59.94,0,60,1.00,0.00,1.00,0,1,0.00,0.00,0,0
1544355397,3008-eth3,1215752.25,1222263.75,2438016.00,1223486,1216968,667.33,678.32,1345.65,679,668,0.00,0.00,0,0
1544355397,2005-eth2,0.00,0.00,0.00,0,0,0.00,0.00,0.00,0,0,0.00,0.00,0,0
1544355397,2006-eth4,0.00,0.00,0.00,0,0,0.00,0.00,0.00,0,0,0.00,0.00,0,0
1544355397,3006-eth2,0.00,0.00,0.00,0,0,0.00,0.00,0.00,0,0,0.00,0.00,0,0
1544355397,1003-eth4,0.00,59.94,59.94,60,0,0.00,1.00,1.00,1,0,0.00,0.00,0,0
1544355397,2006-eth2,0.00,0.00,0.00,0,0,0.00,0.00,0.00,0,0,0.00,0.00,0,0
1544355397,3001-eth1,0.00,0.00,0.00,0,0,0.00,0.00,0.00,0,0,0.00,0.00,0,0
1544355397,3008-eth2,0.00,59.94,59.94,60,0,0.00,1.00,1.00,1,0,0.00,0.00,0,0
1544355397,2004-eth3,703194.81,14769.23,717964.06,14784,703898,243.76,223.78,467.53,224,244,0.00,0.00,0,0
1544355397,3001-eth4,1223730.25,1220969.12,2444699.25,1222190,1224954,788.21,790.21,1578.42,791,789,0.00,0.00,0,0
1544355397,1003-eth1,59.94,0.00,59.94,0,60,1.00,0.00,1.00,0,1,0.00,0.00,0,0
1544355397,3002-eth2,59.94,0.00,59.94,0,60,1.00,0.00,1.00,0,1,0.00,0.00,0,0
1544355397,2005-eth4,0.00,0.00,0.00,0,0,0.00,0.00,0.00,0,0,0.00,0.00,0,0
1544355397,3003-eth2,14769.23,703194.81,717964.06,703898,14784,223.78,243.76,467.53,244,224,0.00,0.00,0,0
1544355397,2007-eth1,0.00,0.00,0.00,0,0,0.00,0.00,0.00,0,0,0.00,0.00,0,0
1544355397,1002-eth4,0.00,0.00,0.00,0,0,0.00,0.00,0.00,0,0,0.00,0.00,0,0
1544355397,3002-eth4,1209820.25,683346.69,1893166.88,684030,1211030,621.38,622.38,1243.76,623,622,0.00,0.00,0,0
1544355397,2007-eth3,0.00,0.00,0.00,0,0,0.00,0.00,0.00,0,0,0.00,0.00,0,0
1544355397,3005-eth1,0.00,0.00,0.00,0,0,0.00,0.00,0.00,0,0,0.00,0.00,0,0
1544355397,2001-eth4,448525.50,12263.74,460789.22,12276,448974,154.85,185.81,340.66,186,155,0.00,0.00,0,0
1544355397,3003-eth4,1225796.25,474677.34,1700473.62,475152,1227022,578.42,551.45,1129.87,552,579,0.00,0.00,0,0
1544355397,2004-eth1,0.00,0.00,0.00,0,0,0.00,0.00,0.00,0,0,0.00,0.00,0,0
1544355397,3006-eth4,1222527.50,1215620.38,2438148.00,1216836,1223750,682.32,665.33,1347.65,666,683,0.00,0.00,0,0
1544355397,3007-eth1,0.00,0.00,0.00,0,0,0.00,0.00,0.00,0,0,0.00,0.00,0,0
1544355397,2008-eth1,59.94,0.00,59.94,0,60,1.00,0.00,1.00,0,1,0.00,0.00,0,0
1544355397,2002-eth2,0.00,0.00,0.00,0,0,0.00,0.00,0.00,0,0,0.00,0.00,0,0
1544355397,2003-eth1,448137.75,12251.50,460389.22,12276,449034,155.69,185.63,341.32,186,156,0.00,0.00,0,0
1544355397,3008-eth4,1222554.88,1211582.88,2434137.75,1214006,1225000,678.64,665.67,1344.31,667,680,0.00,0.00,0,0
1544355397,1004-eth4,0.00,59.88,59.88,60,0,0.00,1.00,1.00,1,0,0.00,0.00,0,0
1544355397,3006-eth1,0.00,0.00,0.00,0,0,0.00,0.00,0.00,0,0,0.00,0.00,0,0
1544355397,1004-eth3,0.00,0.00,0.00,0,0,0.00,0.00,0.00,0,0,0.00,0.00,0,0
1544355397,1002-eth2,0.00,59.88,59.88,60,0,0.00,1.00,1.00,1,0,0.00,0.00,0,0
1544355397,3004-eth3,16812.38,704431.19,721243.56,705840,16846,245.51,263.47,508.98,264,246,0.00,0.00,0,0
1544355397,2003-eth3,1221986.00,474598.81,1696584.88,475548,1224430,604.79,556.89,1161.68,558,606,0.00,0.00,0,0
1544355397,2005-eth1,0.00,0.00,0.00,0,0,0.00,0.00,0.00,0,0,0.00,0.00,0,0
1544355397,3002-eth3,1221978.12,1220804.38,2442782.50,1223246,1224422,757.49,805.39,1562.87,807,759,0.00,0.00,0,0
1544355397,3006-eth3,1214275.50,1221307.38,2435583.00,1223750,1216704,662.67,681.64,1344.31,683,664,0.00,0.00,0,0
1544355397,2001-eth1,12251.50,448077.84,460329.34,448974,12276,185.63,154.69,340.32,155,186,0.00,0.00,0,0
1544355397,3005-eth2,0.00,0.00,0.00,0,0,0.00,0.00,0.00,0,0,0.00,0.00,0,0
1544355397,2001-eth2,0.00,0.00,0.00,0,0,0.00,0.00,0.00,0,0,0.00,0.00,0,0
1544355397,3007-eth2,0.00,59.88,59.88,60,0,0.00,1.00,1.00,1,0,0.00,0.00,0,0
1544355397,1001-eth1,448077.84,12251.50,460329.34,12276,448974,154.69,185.63,340.32,186,155,0.00,0.00,0,0
1544355397,3007-eth4,1223892.25,1220870.25,2444762.50,1223312,1226340,808.38,806.39,1614.77,808,810,0.00,0.00,0,0
1544355397,2003-eth2,59.88,0.00,59.88,0,60,1.00,0.00,1.00,0,1,0.00,0.00,0,0
1544355397,3007-eth3,1220870.25,1223892.25,2444762.50,1226340,1223312,806.39,808.38,1614.77,810,808,0.00,0.00,0,0
1544355397,1002-eth1,0.00,0.00,0.00,0,0,0.00,0.00,0.00,0,0,0.00,0.00,0,0
1544355397,2002-eth3,0.00,59.88,59.88,60,0,0.00,1.00,1.00,1,0,0.00,0.00,0,0
1544355397,2007-eth2,0.00,0.00,0.00,0,0,0.00,0.00,0.00,0,0,0.00,0.00,0,0
1544355397,total,22970948.00,22936800.00,45907744.00,22982672,23016890,14703.59,14777.45,29481.04,14807,14733,0.00,0.00,0,0
1544355398,3003-eth3,1221489.00,610471.06,1831960.12,611692,1223932,596.81,600.80,1197.60,602,598,0.00,0.00,0,0
1544355398,2002-eth1,0.00,0.00,0.00,0,0,0.00,0.00,0.00,0,0,0.00,0.00,0,0
1544355398,lo,7566.87,7566.87,15133.73,7582,7582,73.85,73.85,147.70,74,74,0.00,0.00,0,0
1544355398,3005-eth3,1219207.62,1215592.88,2434800.50,1218024,1221646,693.61,682.63,1376.25,684,695,0.00,0.00,0,0
1544355398,2005-eth3,59.88,0.00,59.88,0,60,1.00,0.00,1.00,0,1,0.00,0.00,0,0
1544355398,3004-eth4,28303.39,1223413.25,1251716.62,1225860,28360,419.16,441.12,860.28,442,420,0.00,0.00,0,0
1544355398,1004-eth2,59.88,0.00,59.88,0,60,1.00,0.00,1.00,0,1,0.00,0.00,0,0
1544355398,2004-eth4,14556.89,686141.75,700698.62,687514,14586,220.56,236.53,457.09,237,221,0.00,0.00,0,0
1544355398,1001-eth2,10868.26,573744.50,584612.81,574892,10890,164.67,197.60,362.28,198,165,0.00,0.00,0,0
1544355398,1003-eth3,0.00,0.00,0.00,0,0,0.00,0.00,0.00,0,0,0.00,0.00,0,0
1544355398,2002-eth4,0.00,0.00,0.00,0,0,0.00,0.00,0.00,0,0,0.00,0.00,0,0
1544355398,1001-eth4,0.00,0.00,0.00,0,0,0.00,0.00,0.00,0,0,0.00,0.00,0,0
1544355398,3001-eth2,0.00,0.00,0.00,0,0,0.00,0.00,0.00,0,0,0.00,0.00,0,0
1544355398,1004-eth1,59.88,0.00,59.88,0,60,1.00,0.00,1.00,0,1,0.00,0.00,0,0
1544355398,3005-eth4,1215527.00,1222229.62,2437756.50,1224674,1217958,681.64,695.61,1377.25,697,683,0.00,0.00,0,0
1544355398,1003-eth2,0.00,0.00,0.00,0,0,0.00,0.00,0.00,0,0,0.00,0.00,0,0
1544355398,3008-eth1,0.00,59.88,59.88,60,0,0.00,1.00,1.00,1,0,0.00,0.00,0,0
1544355398,1002-eth3,0.00,59.88,59.88,60,0,0.00,1.00,1.00,1,0,0.00,0.00,0,0
1544355398,2006-eth1,0.00,0.00,0.00,0,0,0.00,0.00,0.00,0,0,0.00,0.00,0,0
1544355398,3003-eth1,600133.75,1221069.88,1821203.62,1223512,601334,597.80,590.82,1188.62,592,599,0.00,0.00,0,0
1544355398,2001-eth3,0.00,0.00,0.00,0,0,0.00,0.00,0.00,0,0,0.00,0.00,0,0
1544355398,2008-eth2,0.00,59.88,59.88,60,0,0.00,1.00,1.00,1,0,0.00,0.00,0,0
1544355398,2008-eth3,0.00,0.00,0.00,0,0,0.00,0.00,0.00,0,0,0.00,0.00,0,0
1544355398,1001-eth3,0.00,59.88,59.88,60,0,0.00,1.00,1.00,1,0,0.00,0.00,0,0
1544355398,2007-eth4,59.88,0.00,59.88,0,60,1.00,0.00,1.00,0,1,0.00,0.00,0,0
1544355398,2004-eth2,0.00,59.88,59.88,60,0,0.00,1.00,1.00,1,0,0.00,0.00,0,0
1544355398,3002-eth1,10928.14,573744.50,584672.69,574892,10950,165.67,197.60,363.27,198,166,0.00,0.00,0,0
1544355398,3004-eth1,1221499.00,26389.22,1247888.25,26442,1223942,422.16,400.20,822.36,401,423,0.00,0.00,0,0
1544355398,2006-eth3,59.88,0.00,59.88,0,60,1.00,0.00,1.00,0,1,0.00,0.00,0,0
1544355398,3004-eth2,686141.75,14556.89,700698.62,14586,687514,236.53,220.56,457.09,221,237,0.00,0.00,0,0
1544355398,3001-eth3,1219487.00,1219289.50,2438776.50,1221728,1221926,785.43,782.44,1567.86,784,787,0.00,0.00,0,0
1544355398,2003-eth4,26389.22,1221499.00,1247888.25,1223942,26442,400.20,422.16,822.36,423,401,0.00,0.00,0,0
1544355398,2008-eth4,0.00,0.00,0.00,0,0,0.00,0.00,0.00,0,0,0.00,0.00,0,0
1544355398,3008-eth3,1209940.12,1220385.25,2430325.50,1222826,1212360,662.67,667.66,1330.34,669,664,0.00,0.00,0,0
1544355398,2005-eth2,59.88,0.00,59.88,0,60,1.00,0.00,1.00,0,1,0.00,0.00,0,0
1544355398,2006-eth4,59.88,59.88,119.76,60,60,1.00,1.00,2.00,1,1,0.00,0.00,0,0
1544355398,3006-eth2,59.88,59.88,119.76,60,60,1.00,1.00,2.00,1,1,0.00,0.00,0,0
1544355398,1003-eth4,0.00,0.00,0.00,0,0,0.00,0.00,0.00,0,0,0.00,0.00,0,0
1544355398,2006-eth2,59.88,59.88,119.76,60,60,1.00,1.00,2.00,1,1,0.00,0.00,0,0
1544355398,3001-eth1,0.00,0.00,0.00,0,0,0.00,0.00,0.00,0,0,0.00,0.00,0,0
1544355398,3008-eth2,0.00,0.00,0.00,0,0,0.00,0.00,0.00,0,0,0.00,0.00,0,0
1544355398,2004-eth3,686141.75,14556.89,700698.62,14586,687514,236.53,220.56,457.09,221,237,0.00,0.00,0,0
1544355398,3001-eth4,1219223.62,1219487.00,2438710.75,1221926,1221662,781.44,785.43,1566.87,787,783,0.00,0.00,0,0
1544355398,1003-eth1,0.00,0.00,0.00,0,0,0.00,0.00,0.00,0,0,0.00,0.00,0,0
1544355398,3002-eth2,0.00,0.00,0.00,0,0,0.00,0.00,0.00,0,0,0.00,0.00,0,0
1544355398,2005-eth4,59.88,59.88,119.76,60,60,1.00,1.00,2.00,1,1,0.00,0.00,0,0
1544355398,3003-eth2,14556.89,686141.75,700698.62,687514,14586,220.56,236.53,457.09,237,221,0.00,0.00,0,0
1544355398,2007-eth1,0.00,0.00,0.00,0,0,0.00,0.00,0.00,0,0,0.00,0.00,0,0
1544355398,1002-eth4,0.00,59.88,59.88,60,0,0.00,1.00,1.00,1,0,0.00,0.00,0,0
1544355398,3002-eth4,1210002.00,766880.25,1976882.25,768414,1212422,641.72,649.70,1291.42,651,643,0.00,0.00,0,0
1544355398,2007-eth3,59.88,0.00,59.88,0,60,1.00,0.00,1.00,0,1,0.00,0.00,0,0
1544355398,3005-eth1,0.00,59.88,59.88,60,0,0.00,1.00,1.00,1,0,0.00,0.00,0,0
1544355398,2001-eth4,573744.50,10928.14,584672.69,10950,574892,197.60,165.67,363.27,166,198,0.00,0.00,0,0
1544355398,3003-eth4,1221728.62,600067.88,1821796.50,601268,1224172,600.80,596.81,1197.60,598,602,0.00,0.00,0,0
1544355398,2004-eth1,0.00,0.00,0.00,0,0,0.00,0.00,0.00,0,0,0.00,0.00,0,0
1544355398,3006-eth4,1218543.00,1210071.88,2428614.75,1212492,1220980,683.63,664.67,1348.30,666,685,0.00,0.00,0,0
1544355398,3007-eth1,0.00,59.88,59.88,60,0,0.00,1.00,1.00,1,0,0.00,0.00,0,0
1544355398,2008-eth1,0.00,0.00,0.00,0,0,0.00,0.00,0.00,0,0,0.00,0.00,0,0
1544355398,2002-eth2,0.00,59.94,59.94,60,0,0.00,1.00,1.00,1,0,0.00,0.00,0,0
1544355398,2003-eth1,574317.69,10879.12,585196.81,10890,574892,197.80,164.84,362.64,165,198,0.00,0.00,0,0
1544355398,3008-eth4,1221670.38,1215554.50,2437224.75,1216770,1222892,669.33,664.34,1333.67,665,670,0.00,0.00,0,0
1544355398,1004-eth4,59.94,0.00,59.94,0,60,1.00,0.00,1.00,0,1,0.00,0.00,0,0
1544355398,3006-eth1,59.94,59.94,119.88,60,60,1.00,1.00,2.00,1,1,0.00,0.00,0,0
1544355398,1004-eth3,59.94,59.94,119.88,60,60,1.00,1.00,2.00,1,1,0.00,0.00,0,0
1544355398,1002-eth2,0.00,0.00,0.00,0,0,0.00,0.00,0.00,0,0,0.00,0.00,0,0
1544355398,3004-eth3,16571.43,688827.19,705398.62,689516,16588,241.76,257.74,499.50,258,242,0.00,0.00,0,0
1544355398,2003-eth3,1222289.75,600733.31,1823023.00,601334,1223512,591.41,598.40,1189.81,599,592,0.00,0.00,0,0
1544355398,2005-eth1,59.94,0.00,59.94,0,60,1.00,0.00,1.00,0,1,0.00,0.00,0,0
1544355398,3002-eth3,1222291.75,1222155.88,2444447.50,1223378,1223514,832.17,808.19,1640.36,809,833,0.00,0.00,0,0
1544355398,3006-eth3,1211340.75,1219766.25,2431107.00,1220986,1212552,666.33,684.32,1350.65,685,667,0.00,0.00,0,0
1544355398,2001-eth1,10879.12,574317.69,585196.81,574892,10890,164.84,197.80,362.64,198,165,0.00,0.00,0,0
1544355398,3005-eth2,0.00,59.94,59.94,60,0,0.00,1.00,1.00,1,0,0.00,0.00,0,0
1544355398,2001-eth2,0.00,0.00,0.00,0,0,0.00,0.00,0.00,0,0,0.00,0.00,0,0
1544355398,3007-eth2,0.00,0.00,0.00,0,0,0.00,0.00,0.00,0,0,0.00,0.00,0,0
1544355398,1001-eth1,574317.69,10879.12,585196.81,10890,574892,197.80,164.84,362.64,165,198,0.00,0.00,0,0
1544355398,3007-eth4,1222090.00,1222155.88,2444245.75,1223378,1223312,807.19,808.19,1615.38,809,808,0.00,0.00,0,0
1544355398,2003-eth2,0.00,0.00,0.00,0,0,0.00,0.00,0.00,0,0,0.00,0.00,0,0
1544355398,3007-eth3,1222155.88,1222090.00,2444245.75,1223312,1223378,808.19,807.19,1615.38,808,809,0.00,0.00,0,0
1544355398,1002-eth1,0.00,0.00,0.00,0,0,0.00,0.00,0.00,0,0,0.00,0.00,0,0
1544355398,2002-eth3,0.00,0.00,0.00,0,0,0.00,0.00,0.00,0,0,0.00,0.00,0,0
1544355398,2007-eth2,59.94,0.00,59.94,0,60,1.00,0.00,1.00,0,1,0.00,0.00,0,0
1544355398,total,23349682.00,23548074.00,46897760.00,23571622,23373032,14685.32,14710.29,29395.61,14725,14700,0.00,0.00,0,0
1544355399,3003-eth3,1222709.38,605162.88,1827872.12,605768,1223932,597.40,599.40,1196.80,600,598,0.00,0.00,0,0
1544355399,2002-eth1,0.00,0.00,0.00,0,0,0.00,0.00,0.00,0,0,0.00,0.00,0,0
1544355399,lo,6133.87,6133.87,12267.73,6140,6140,59.94,59.94,119.88,60,60,0.00,0.00,0,0
1544355399,3005-eth3,1224169.88,1218785.25,2442955.00,1220004,1225394,707.29,713.29,1420.58,714,708,0.00,0.00,0,0
1544355399,2005-eth3,0.00,59.94,59.94,60,0,0.00,1.00,1.00,1,0,0.00,0.00,0,0
1544355399,3004-eth4,28331.67,1223188.88,1251520.50,1224412,28360,419.58,441.56,861.14,442,420,0.00,0.00,0,0
1544355399,1004-eth2,0.00,0.00,0.00,0,0,0.00,0.00,0.00,0,0,0.00,0.00,0,0
1544355399,2004-eth4,14241.76,663154.88,677396.62,663818,14256,215.78,228.77,444.56,229,216,0.00,0.00,0,0
1544355399,1001-eth2,11274.73,500341.69,511616.41,500842,11286,170.83,172.83,343.66,173,171,0.00,0.00,0,0
1544355399,1003-eth3,0.00,59.94,59.94,60,0,0.00,1.00,1.00,1,0,0.00,0.00,0,0
1544355399,2002-eth4,0.00,0.00,0.00,0,0,0.00,0.00,0.00,0,0,0.00,0.00,0,0
1544355399,1001-eth4,0.00,0.00,0.00,0,0,0.00,0.00,0.00,0,0,0.00,0.00,0,0
1544355399,3001-eth2,0.00,0.00,0.00,0,0,0.00,0.00,0.00,0,0,0.00,0.00,0,0
1544355399,1004-eth1,0.00,0.00,0.00,0,0,0.00,0.00,0.00,0,0,0.00,0.00,0,0
1544355399,3005-eth4,1218911.12,1224241.75,2443153.00,1225466,1220130,715.28,708.29,1423.58,709,716,0.00,0.00,0,0
1544355399,1003-eth2,0.00,0.00,0.00,0,0,0.00,0.00,0.00,0,0,0.00,0.00,0,0
1544355399,3008-eth1,59.94,0.00,59.94,0,60,1.00,0.00,1.00,0,1,0.00,0.00,0,0
1544355399,1002-eth3,59.94,0.00,59.94,0,60,1.00,0.00,1.00,0,1,0.00,0.00,0,0
1544355399,2006-eth1,59.94,0.00,59.94,0,60,1.00,0.00,1.00,0,1,0.00,0.00,0,0
1544355399,3003-eth1,526775.25,1223298.75,1750074.00,1224522,527302,573.43,584.42,1157.84,585,574,0.00,0.00,0,0
1544355399,2001-eth3,0.00,0.00,0.00,0,0,0.00,0.00,0.00,0,0,0.00,0.00,0,0
1544355399,2008-eth2,0.00,0.00,0.00,0,0,0.00,0.00,0.00,0,0,0.00,0.00,0,0
1544355399,2008-eth3,0.00,59.94,59.94,60,0,0.00,1.00,1.00,1,0,0.00,0.00,0,0
1544355399,1001-eth3,0.00,0.00,0.00,0,0,0.00,0.00,0.00,0,0,0.00,0.00,0,0
1544355399,2007-eth4,0.00,59.94,59.94,60,0,0.00,1.00,1.00,1,0,0.00,0.00,0,0
1544355399,2004-eth2,0.00,0.00,0.00,0,0,0.00,0.00,0.00,0,0,0.00,0.00,0,0
1544355399,3002-eth1,11274.73,500341.69,511616.41,500842,11286,170.83,172.83,343.66,173,171,0.00,0.00,0,0
1544355399,3004-eth1,1221230.75,26373.63,1247604.38,26400,1222452,421.58,399.60,821.18,400,422,0.00,0.00,0,0
1544355399,2006-eth3,0.00,59.94,59.94,60,0,0.00,1.00,1.00,1,0,0.00,0.00,0,0
1544355399,3004-eth2,663154.88,14241.76,677396.62,14256,663818,228.77,215.78,444.56,216,229,0.00,0.00,0,0
1544355399,3001-eth3,1221688.38,1224389.62,2446078.00,1225614,1222910,801.20,798.20,1599.40,799,802,0.00,0.00,0,0
1544355399,2003-eth4,26373.63,1221230.75,1247604.38,1222452,26400,399.60,421.58,821.18,422,400,0.00,0.00,0,0
1544355399,2008-eth4,0.00,59.94,59.94,60,0,0.00,1.00,1.00,1,0,0.00,0.00,0,0
1544355399,3008-eth3,1215350.62,1224233.75,2439584.50,1225458,1216566,661.34,664.34,1325.67,665,662,0.00,0.00,0,0
1544355399,2005-eth2,0.00,59.94,59.94,60,0,0.00,1.00,1.00,1,0,0.00,0.00,0,0
1544355399,2006-eth4,0.00,0.00,0.00,0,0,0.00,0.00,0.00,0,0,0.00,0.00,0,0
1544355399,3006-eth2,0.00,0.00,0.00,0,0,0.00,0.00,0.00,0,0,0.00,0.00,0,0
1544355399,1003-eth4,0.00,0.00,0.00,0,0,0.00,0.00,0.00,0,0,0.00,0.00,0,0
1544355399,2006-eth2,0.00,0.00,0.00,0,0,0.00,0.00,0.00,0,0,0.00,0.00,0,0
1544355399,3001-eth1,0.00,0.00,0.00,0,0,0.00,0.00,0.00,0,0,0.00,0.00,0,0
1544355399,3008-eth2,59.94,0.00,59.94,0,60,1.00,0.00,1.00,0,1,0.00,0.00,0,0
1544355399,2004-eth3,663154.88,14301.70,677456.56,14316,663818,228.77,216.78,445.55,217,229,0.00,0.00,0,0
1544355399,3001-eth4,1224515.50,1221628.38,2446144.00,1222850,1225740,800.20,800.20,1600.40,801,801,0.00,0.00,0,0
1544355399,1003-eth1,0.00,0.00,0.00,0,0,0.00,0.00,0.00,0,0,0.00,0.00,0,0
1544355399,3002-eth2,0.00,0.00,0.00,0,0,0.00,0.00,0.00,0,0,0.00,0.00,0,0
1544355399,2005-eth4,0.00,0.00,0.00,0,0,0.00,0.00,0.00,0,0,0.00,0.00,0,0
1544355399,3003-eth2,14301.70,663154.88,677456.56,663818,14316,216.78,228.77,445.55,229,217,0.00,0.00,0,0
1544355399,2007-eth1,0.00,0.00,0.00,0,0,0.00,0.00,0.00,0,0,0.00,0.00,0,0
1544355399,1002-eth4,0.00,0.00,0.00,0,0,0.00,0.00,0.00,0,0,0.00,0.00,0,0
1544355399,3002-eth4,1213906.12,770605.44,1984511.50,771376,1215120,639.36,651.35,1290.71,652,640,0.00,0.00,0,0
1544355399,2007-eth3,0.00,59.94,59.94,60,0,0.00,1.00,1.00,1,0,0.00,0.00,0,0
1544355399,3005-eth1,59.94,0.00,59.94,0,60,1.00,0.00,1.00,0,1,0.00,0.00,0,0
1544355399,2001-eth4,500341.69,11274.73,511616.41,11286,500842,172.83,170.83,343.66,171,173,0.00,0.00,0,0
1544355399,3003-eth4,1221564.50,526781.25,1748345.75,527308,1222786,580.42,573.43,1153.85,574,581,0.00,0.00,0,0
1544355399,2004-eth1,0.00,0.00,0.00,0,0,0.00,0.00,0.00,0,0,0.00,0.00,0,0
1544355399,3006-eth4,1222725.25,1215752.25,2438477.50,1216968,1223948,685.31,667.33,1352.65,668,686,0.00,0.00,0,0
1544355399,3007-eth1,59.94,0.00,59.94,0,60,1.00,0.00,1.00,0,1,0.00,0.00,0,0
1544355399,2008-eth1,0.00,0.00,0.00,0,0,0.00,0.00,0.00,0,0,0.00,0.00,0,0
1544355399,2002-eth2,0.00,0.00,0.00,0,0,0.00,0.00,0.00,0,0,0.00,0.00,0,0
1544355399,2003-eth1,500341.69,11274.73,511616.41,11286,500842,172.83,170.83,343.66,171,173,0.00,0.00,0,0
1544355399,3008-eth4,1224227.75,1215422.62,2439650.50,1216638,1225452,664.34,662.34,1326.67,663,665,0.00,0.00,0,0
1544355399,1004-eth4,0.00,0.00,0.00,0,0,0.00,0.00,0.00,0,0,0.00,0.00,0,0
1544355399,3006-eth1,0.00,0.00,0.00,0,0,0.00,0.00,0.00,0,0,0.00,0.00,0,0
1544355399,1004-eth3,0.00,0.00,0.00,0,0,0.00,0.00,0.00,0,0,0.00,0.00,0,0
1544355399,1002-eth2,0.00,0.00,0.00,0,0,0.00,0.00,0.00,0,0,0.00,0.00,0,0
1544355399,3004-eth3,16199.80,665112.88,681312.69,665778,16216,235.76,248.75,484.52,249,236,0.00,0.00,0,0
1544355399,2003-eth3,1223298.75,526775.25,1750074.00,527302,1224522,584.42,573.43,1157.84,574,585,0.00,0.00,0,0
1544355399,2005-eth1,0.00,0.00,0.00,0,0,0.00,0.00,0.00,0,0,0.00,0.00,0,0
1544355399,3002-eth3,1221288.75,1225114.88,2446403.75,1226340,1222510,773.23,809.19,1582.42,810,774,0.00,0.00,0,0
1544355399,3006-eth3,1215752.25,1224171.88,2439924.25,1225396,1216968,667.33,685.31,1352.65,686,668,0.00,0.00,0,0
1544355399,2001-eth1,11274.73,500341.69,511616.41,500842,11286,170.83,172.83,343.66,173,171,0.00,0.00,0,0
1544355399,3005-eth2,59.94,0.00,59.94,0,60,1.00,0.00,1.00,0,1,0.00,0.00,0,0
1544355399,2001-eth2,0.00,0.00,0.00,0,0,0.00,0.00,0.00,0,0,0.00,0.00,0,0
1544355399,3007-eth2,59.94,0.00,59.94,0,60,1.00,0.00,1.00,0,1,0.00,0.00,0,0
1544355399,1001-eth1,500341.69,11274.73,511616.41,11286,500842,172.83,170.83,343.66,171,173,0.00,0.00,0,0
1544355399,3007-eth4,1225174.88,1225049.00,2450223.75,1226274,1226400,810.19,808.19,1618.38,809,811,0.00,0.00,0,0
1544355399,2003-eth2,0.00,0.00,0.00,0,0,0.00,0.00,0.00,0,0,0.00,0.00,0,0
1544355399,3007-eth3,1225108.88,1222090.00,2447198.75,1223312,1226334,809.19,807.19,1616.38,808,810,0.00,0.00,0,0
1544355399,1002-eth1,0.00,0.00,0.00,0,0,0.00,0.00,0.00,0,0,0.00,0.00,0,0
1544355399,2002-eth3,0.00,0.00,0.00,0,0,0.00,0.00,0.00,0,0,0.00,0.00,0,0
1544355399,2007-eth2,0.00,0.00,0.00,0,0,0.00,0.00,0.00,0,0,0.00,0.00,0,0
1544355399,total,23035620.00,23125724.00,46161344.00,23148850,23058654,14535.46,14606.39,29141.86,14621,14550,0.00,0.00,0,0
1544355400,3003-eth3,1215668.38,609370.62,1825039.00,609980,1216884,600.40,597.40,1197.80,598,601,0.00,0.00,0,0
1544355400,2002-eth1,59.94,0.00,59.94,0,60,1.00,0.00,1.00,0,1,0.00,0.00,0,0
1544355400,lo,99304.70,99304.70,198609.39,99404,99404,289.71,289.71,579.42,290,290,0.00,0.00,0,0
1544355400,3005-eth3,1218719.38,1213262.75,2431982.00,1214476,1219938,712.29,717.28,1429.57,718,713,0.00,0.00,0,0
1544355400,2005-eth3,0.00,0.00,0.00,0,0,0.00,0.00,0.00,0,0,0.00,0.00,0,0
1544355400,3004-eth4,28133.87,1218717.38,1246851.12,1219936,28162,416.58,439.56,856.14,440,417,0.00,0.00,0,0
1544355400,1004-eth2,0.00,0.00,0.00,0,0,0.00,0.00,0.00,0,0,0.00,0.00,0,0
1544355400,2004-eth4,14043.96,645400.62,659444.56,646046,14058,212.79,222.78,435.56,223,213,0.00,0.00,0,0
1544355400,1001-eth2,10675.33,495870.16,506545.47,496366,10686,161.84,170.83,332.67,171,162,0.00,0.00,0,0
1544355400,1003-eth3,0.00,0.00,0.00,0,0,0.00,0.00,0.00,0,0,0.00,0.00,0,0
1544355400,2002-eth4,59.94,0.00,59.94,0,60,1.00,0.00,1.00,0,1,0.00,0.00,0,0
1544355400,1001-eth4,59.94,59.94,119.88,60,60,1.00,1.00,2.00,1,1,0.00,0.00,0,0
1544355400,3001-eth2,0.00,59.94,59.94,60,0,0.00,1.00,1.00,1,0,0.00,0.00,0,0
1544355400,1004-eth1,0.00,59.94,59.94,60,0,0.00,1.00,1.00,1,0,0.00,0.00,0,0
1544355400,3005-eth4,1208659.38,1218719.38,2427378.75,1219938,1209868,713.29,712.29,1425.57,713,714,0.00,0.00,0,0
1544355400,1003-eth2,0.00,59.94,59.94,60,0,0.00,1.00,1.00,1,0,0.00,0.00,0,0
1544355400,3008-eth1,0.00,0.00,0.00,0,0,0.00,0.00,0.00,0,0,0.00,0.00,0,0
1544355400,1002-eth3,0.00,0.00,0.00,0,0,0.00,0.00,0.00,0,0,0.00,0.00,0,0
1544355400,2006-eth1,0.00,0.00,0.00,0,0,0.00,0.00,0.00,0,0,0.00,0.00,0,0
1544355400,3003-eth1,522045.97,1215868.12,1737914.12,1217084,522568,567.43,581.42,1148.85,582,568,0.00,0.00,0,0
1544355400,2001-eth3,59.94,59.94,119.88,60,60,1.00,1.00,2.00,1,1,0.00,0.00,0,0
1544355400,2008-eth2,0.00,0.00,0.00,0,0,0.00,0.00,0.00,0,0,0.00,0.00,0,0
1544355400,2008-eth3,0.00,0.00,0.00,0,0,0.00,0.00,0.00,0,0,0.00,0.00,0,0
1544355400,1001-eth3,59.94,0.00,59.94,0,60,1.00,0.00,1.00,0,1,0.00,0.00,0,0
1544355400,2007-eth4,0.00,0.00,0.00,0,0,0.00,0.00,0.00,0,0,0.00,0.00,0,0
1544355400,2004-eth2,0.00,0.00,0.00,0,0,0.00,0.00,0.00,0,0,0.00,0.00,0,0
1544355400,3002-eth1,10615.38,495930.09,506545.47,496426,10626,160.84,171.83,332.67,172,161,0.00,0.00,0,0
1544355400,3004-eth1,1216759.25,26175.82,1242935.12,26202,1217976,419.58,396.60,816.18,397,420,0.00,0.00,0,0
1544355400,2006-eth3,0.00,0.00,0.00,0,0,0.00,0.00,0.00,0,0,0.00,0.00,0,0
1544355400,3004-eth2,645400.62,14043.96,659444.56,14058,646046,222.78,212.79,435.56,213,223,0.00,0.00,0,0
1544355400,3001-eth3,1213798.25,1216493.50,2430291.75,1217710,1215012,769.23,766.23,1535.46,767,770,0.00,0.00,0,0
1544355400,2003-eth4,26175.82,1216759.25,1242935.12,1217976,26202,396.60,419.58,816.18,420,397,0.00,0.00,0,0
1544355400,2008-eth4,0.00,0.00,0.00,0,0,0.00,0.00,0.00,0,0,0.00,0.00,0,0
1544355400,3008-eth3,1206875.12,1218249.75,2425125.00,1219468,1208082,664.34,661.34,1325.67,662,665,0.00,0.00,0,0
1544355400,2005-eth2,0.00,0.00,0.00,0,0,0.00,0.00,0.00,0,0,0.00,0.00,0,0
1544355400,2006-eth4,0.00,0.00,0.00,0,0,0.00,0.00,0.00,0,0,0.00,0.00,0,0
1544355400,3006-eth2,0.00,0.00,0.00,0,0,0.00,0.00,0.00,0,0,0.00,0.00,0,0
1544355400,1003-eth4,0.00,0.00,0.00,0,0,0.00,0.00,0.00,0,0,0.00,0.00,0,0
1544355400,2006-eth2,0.00,0.00,0.00,0,0,0.00,0.00,0.00,0,0,0.00,0.00,0,0
1544355400,3001-eth1,59.94,59.94,119.88,60,60,1.00,1.00,2.00,1,1,0.00,0.00,0,0
1544355400,3008-eth2,0.00,0.00,0.00,0,0,0.00,0.00,0.00,0,0,0.00,0.00,0,0
1544355400,2004-eth3,645400.62,14043.96,659444.56,14058,646046,222.78,212.79,435.56,213,223,0.00,0.00,0,0
1544355400,3001-eth4,1216559.50,1213798.25,2430357.75,1215012,1217776,767.23,769.23,1536.46,770,768,0.00,0.00,0,0
1544355400,1003-eth1,0.00,59.94,59.94,60,0,0.00,1.00,1.00,1,0,0.00,0.00,0,0
1544355400,3002-eth2,0.00,59.94,59.94,60,0,0.00,1.00,1.00,1,0,0.00,0.00,0,0
1544355400,2005-eth4,0.00,0.00,0.00,0,0,0.00,0.00,0.00,0,0,0.00,0.00,0,0
1544355400,3003-eth2,14043.96,645400.62,659444.56,646046,14058,212.79,222.78,435.56,223,213,0.00,0.00,0,0
1544355400,2007-eth1,59.94,59.94,119.88,60,60,1.00,1.00,2.00,1,1,0.00,0.00,0,0
1544355400,1002-eth4,59.94,0.00,59.94,0,60,1.00,0.00,1.00,0,1,0.00,0.00,0,0
1544355400,3002-eth4,1205424.62,813280.75,2018705.38,814094,1206630,642.36,662.34,1304.70,663,643,0.00,0.00,0,0
1544355400,2007-eth3,0.00,0.00,0.00,0,0,0.00,0.00,0.00,0,0,0.00,0.00,0,0
1544355400,3005-eth1,0.00,0.00,0.00,0,0,0.00,0.00,0.00,0,0,0.00,0.00,0,0
1544355400,2001-eth4,495930.09,10615.38,506545.47,10626,496426,171.83,160.84,332.67,161,172,0.00,0.00,0,0
1544355400,3003-eth4,1212705.38,522045.97,1734751.25,522568,1213918,577.42,567.43,1144.86,568,578,0.00,0.00,0,0
1544355400,2004-eth1,59.94,0.00,59.94,0,60,1.00,0.00,1.00,0,1,0.00,0.00,0,0
1544355400,3006-eth4,1211746.25,1210167.88,2421914.25,1211378,1212958,694.31,692.31,1386.61,693,695,0.00,0.00,0,0
1544355400,3007-eth1,0.00,0.00,0.00,0,0,0.00,0.00,0.00,0,0,0.00,0.00,0,0
1544355400,2008-eth1,0.00,0.00,0.00,0,0,0.00,0.00,0.00,0,0,0.00,0.00,0,0
1544355400,2002-eth2,59.94,0.00,59.94,0,60,1.00,0.00,1.00,0,1,0.00,0.00,0,0
1544355400,2003-eth1,495870.16,10675.33,506545.47,10686,496366,170.83,161.84,332.67,162,171,0.00,0.00,0,0
1544355400,3008-eth4,1218249.75,1205296.75,2423546.50,1206502,1219468,661.34,662.34,1323.68,663,662,0.00,0.00,0,0
1544355400,1004-eth4,0.00,0.00,0.00,0,0,0.00,0.00,0.00,0,0,0.00,0.00,0,0
1544355400,3006-eth1,0.00,0.00,0.00,0,0,0.00,0.00,0.00,0,0,0.00,0.00,0,0
1544355400,1004-eth3,0.00,0.00,0.00,0,0,0.00,0.00,0.00,0,0,0.00,0.00,0,0
1544355400,1002-eth2,59.94,0.00,59.94,0,60,1.00,0.00,1.00,0,1,0.00,0.00,0,0
1544355400,3004-eth3,16002.00,647358.69,663360.69,648006,16018,232.77,242.76,475.52,243,233,0.00,0.00,0,0
1544355400,2003-eth3,1215868.12,522045.97,1737914.12,522568,1217084,581.42,567.43,1148.85,568,582,0.00,0.00,0,0
1544355400,2005-eth1,0.00,59.94,59.94,60,0,0.00,1.00,1.00,1,0,0.00,0.00,0,0
1544355400,3002-eth3,1219522.50,1216040.00,2435562.50,1217256,1220742,790.21,803.20,1593.41,804,791,0.00,0.00,0,0
1544355400,3006-eth3,1207077.00,1214771.25,2421848.25,1215986,1208284,689.31,696.30,1385.61,697,690,0.00,0.00,0,0
1544355400,2001-eth1,10675.33,495930.09,506605.41,496426,10686,161.84,171.83,333.67,172,162,0.00,0.00,0,0
1544355400,3005-eth2,0.00,0.00,0.00,0,0,0.00,0.00,0.00,0,0,0.00,0.00,0,0
1544355400,2001-eth2,59.94,59.94,119.88,60,60,1.00,1.00,2.00,1,1,0.00,0.00,0,0
1544355400,3007-eth2,0.00,0.00,0.00,0,0,0.00,0.00,0.00,0,0,0.00,0.00,0,0
1544355400,1001-eth1,495930.09,10675.33,506605.41,10686,496426,171.83,161.84,333.67,162,172,0.00,0.00,0,0
1544355400,3007-eth4,1214593.50,1213146.88,2427740.25,1214360,1215808,803.20,803.20,1606.39,804,804,0.00,0.00,0,0
1544355400,2003-eth2,0.00,59.94,59.94,60,0,0.00,1.00,1.00,1,0,0.00,0.00,0,0
1544355400,3007-eth3,1214659.38,1216105.88,2430765.25,1217322,1215874,804.20,804.20,1608.39,805,805,0.00,0.00,0,0
1544355400,1002-eth1,59.94,59.94,119.88,60,60,1.00,1.00,2.00,1,1,0.00,0.00,0,0
1544355400,2002-eth3,59.94,0.00,59.94,0,60,1.00,0.00,1.00,0,1,0.00,0.00,0,0
1544355400,2007-eth2,0.00,59.94,59.94,60,0,0.00,1.00,1.00,1,0,0.00,0.00,0,0
1544355400,total,22947972.00,23086404.00,46034376.00,23109490,22970920,14677.32,14736.26,29413.59,14751,14692,0.00,0.00,0,0
1544355401,3003-eth3,1223170.88,611015.00,1834185.88,611626,1224394,604.40,600.40,1204.80,601,605,0.00,0.00,0,0
1544355401,2002-eth1,0.00,59.94,59.94,60,0,0.00,1.00,1.00,1,0,0.00,0.00,0,0
1544355401,lo,7780.22,7780.22,15560.44,7788,7788,75.92,75.92,151.85,76,76,0.00,0.00,0,0
1544355401,3005-eth3,1223202.88,1220507.50,2443710.25,1221728,1224426,780.22,783.22,1563.44,784,781,0.00,0.00,0,0
1544355401,2005-eth3,0.00,0.00,0.00,0,0,0.00,0.00,0.00,0,0,0.00,0.00,0,0
1544355401,3004-eth4,28325.68,1221676.38,1250002.00,1222898,28354,419.58,440.56,860.14,441,420,0.00,0.00,0,0
1544355401,1004-eth2,0.00,59.94,59.94,60,0,0.00,1.00,1.00,1,0,0.00,0.00,0,0
1544355401,2004-eth4,13906.09,638030.00,651936.06,638668,13920,210.79,220.78,431.57,221,211,0.00,0.00,0,0
1544355401,1001-eth2,10153.85,503360.66,513514.50,503864,10164,153.85,174.83,328.67,175,154,0.00,0.00,0,0
1544355401,1003-eth3,59.94,0.00,59.94,0,60,1.00,0.00,1.00,0,1,0.00,0.00,0,0
1544355401,2002-eth4,0.00,59.94,59.94,60,0,0.00,1.00,1.00,1,0,0.00,0.00,0,0
1544355401,1001-eth4,0.00,0.00,0.00,0,0,0.00,0.00,0.00,0,0,0.00,0.00,0,0
1544355401,3001-eth2,59.94,0.00,59.94,0,60,1.00,0.00,1.00,0,1,0.00,0.00,0,0
1544355401,1004-eth1,0.00,0.00,0.00,0,0,0.00,0.00,0.00,0,0,0.00,0.00,0,0
1544355401,3005-eth4,1220507.50,1223202.88,2443710.25,1224426,1221728,783.22,780.22,1563.44,781,784,0.00,0.00,0,0
1544355401,1003-eth2,59.94,0.00,59.94,0,60,1.00,0.00,1.00,0,1,0.00,0.00,0,0
1544355401,3008-eth1,0.00,0.00,0.00,0,0,0.00,0.00,0.00,0,0,0.00,0.00,0,0
1544355401,1002-eth3,0.00,0.00,0.00,0,0,0.00,0.00,0.00,0,0,0.00,0.00,0,0
1544355401,2006-eth1,0.00,59.94,59.94,60,0,0.00,1.00,1.00,1,0,0.00,0.00,0,0
1544355401,3003-eth1,529608.38,1223948.12,1753556.50,1225172,530138,572.43,572.43,1144.86,573,573,0.00,0.00,0,0
1544355401,2001-eth3,0.00,0.00,0.00,0,0,0.00,0.00,0.00,0,0,0.00,0.00,0,0
1544355401,2008-eth2,59.94,0.00,59.94,0,60,1.00,0.00,1.00,0,1,0.00,0.00,0,0
1544355401,2008-eth3,59.94,0.00,59.94,0,60,1.00,0.00,1.00,0,1,0.00,0.00,0,0
1544355401,1001-eth3,0.00,0.00,0.00,0,0,0.00,0.00,0.00,0,0,0.00,0.00,0,0
1544355401,2007-eth4,0.00,0.00,0.00,0,0,0.00,0.00,0.00,0,0,0.00,0.00,0,0
1544355401,2004-eth2,59.94,0.00,59.94,0,60,1.00,0.00,1.00,0,1,0.00,0.00,0,0
1544355401,3002-eth1,10219.78,503300.72,513520.50,503804,10230,154.85,173.83,328.67,174,155,0.00,0.00,0,0
1544355401,3004-eth1,1222677.38,26367.63,1249045.00,26394,1223900,421.58,399.60,821.18,400,422,0.00,0.00,0,0
1544355401,2006-eth3,0.00,0.00,0.00,0,0,0.00,0.00,0.00,0,0,0.00,0.00,0,0
1544355401,3004-eth2,638030.00,13906.09,651936.06,13920,638668,220.78,210.79,431.57,211,221,0.00,0.00,0,0
1544355401,3001-eth3,1223862.12,1223796.25,2447658.50,1225020,1225086,790.21,789.21,1579.42,790,791,0.00,0.00,0,0
1544355401,2003-eth4,26367.63,1222677.38,1249045.00,1223900,26394,399.60,421.58,821.18,422,400,0.00,0.00,0,0
1544355401,2008-eth4,59.94,0.00,59.94,0,60,1.00,0.00,1.00,0,1,0.00,0.00,0,0
1544355401,3008-eth3,1211412.62,1222593.50,2434006.00,1223816,1212624,667.33,683.32,1350.65,684,668,0.00,0.00,0,0
1544355401,2005-eth2,0.00,0.00,0.00,0,0,0.00,0.00,0.00,0,0,0.00,0.00,0,0
1544355401,2006-eth4,0.00,0.00,0.00,0,0,0.00,0.00,0.00,0,0,0.00,0.00,0,0
1544355401,3006-eth2,0.00,0.00,0.00,0,0,0.00,0.00,0.00,0,0,0.00,0.00,0,0
1544355401,1003-eth4,59.94,59.94,119.88,60,60,1.00,1.00,2.00,1,1,0.00,0.00,0,0
1544355401,2006-eth2,0.00,0.00,0.00,0,0,0.00,0.00,0.00,0,0,0.00,0.00,0,0
1544355401,3001-eth1,0.00,0.00,0.00,0,0,0.00,0.00,0.00,0,0,0.00,0.00,0,0
1544355401,3008-eth2,0.00,59.94,59.94,60,0,0.00,1.00,1.00,1,0,0.00,0.00,0,0
1544355401,2004-eth3,638030.00,13846.15,651876.12,13860,638668,220.78,209.79,430.57,210,221,0.00,0.00,0,0
1544355401,3001-eth4,1223730.25,1223862.12,2447592.50,1225086,1224954,788.21,790.21,1578.42,791,789,0.00,0.00,0,0
1544355401,1003-eth1,59.94,0.00,59.94,0,60,1.00,0.00,1.00,0,1,0.00,0.00,0,0
1544355401,3002-eth2,59.94,0.00,59.94,0,60,1.00,0.00,1.00,0,1,0.00,0.00,0,0
1544355401,2005-eth4,0.00,0.00,0.00,0,0,0.00,0.00,0.00,0,0,0.00,0.00,0,0
1544355401,3003-eth2,13846.15,638030.00,651876.12,638668,13860,209.79,220.78,430.57,221,210,0.00,0.00,0,0
1544355401,2007-eth1,0.00,0.00,0.00,0,0,0.00,0.00,0.00,0,0,0.00,0.00,0,0
1544355401,1002-eth4,0.00,0.00,0.00,0,0,0.00,0.00,0.00,0,0,0.00,0.00,0,0
1544355401,3002-eth4,1214961.12,865492.50,2080453.62,866358,1216176,655.34,686.31,1341.66,687,656,0.00,0.00,0,0
1544355401,2007-eth3,0.00,0.00,0.00,0,0,0.00,0.00,0.00,0,0,0.00,0.00,0,0
1544355401,3005-eth1,0.00,0.00,0.00,0,0,0.00,0.00,0.00,0,0,0.00,0.00,0,0
1544355401,2001-eth4,506259.75,10219.78,516479.53,10230,506766,174.83,154.85,329.67,155,175,0.00,0.00,0,0
1544355401,3003-eth4,1224613.38,532699.31,1757312.75,533232,1225838,582.42,575.42,1157.84,576,583,0.00,0.00,0,0
1544355401,2004-eth1,0.00,59.94,59.94,60,0,0.00,1.00,1.00,1,0,0.00,0.00,0,0
1544355401,3006-eth4,1225568.50,1222609.38,2448178.00,1223832,1226794,772.23,771.23,1543.46,772,773,0.00,0.00,0,0
1544355401,3007-eth1,0.00,0.00,0.00,0,0,0.00,0.00,0.00,0,0,0.00,0.00,0,0
1544355401,2008-eth1,59.94,59.94,119.88,60,60,1.00,1.00,2.00,1,1,0.00,0.00,0,0
1544355401,2002-eth2,0.00,0.00,0.00,0,0,0.00,0.00,0.00,0,0,0.00,0.00,0,0
1544355401,2003-eth1,506319.69,10219.78,516539.47,10230,506826,175.82,154.85,330.67,155,176,0.00,0.00,0,0
1544355401,3008-eth4,1222659.38,1215884.12,2438543.50,1217100,1223882,684.32,669.33,1353.65,670,685,0.00,0.00,0,0
1544355401,1004-eth4,0.00,59.94,59.94,60,0,0.00,1.00,1.00,1,0,0.00,0.00,0,0
1544355401,3006-eth1,0.00,0.00,0.00,0,0,0.00,0.00,0.00,0,0,0.00,0.00,0,0
1544355401,1004-eth3,0.00,0.00,0.00,0,0,0.00,0.00,0.00,0,0,0.00,0.00,0,0
1544355401,1002-eth2,0.00,59.94,59.94,60,0,0.00,1.00,1.00,1,0,0.00,0.00,0,0
1544355401,3004-eth3,15864.14,639928.06,655792.25,640568,15880,230.77,239.76,470.53,240,231,0.00,0.00,0,0
1544355401,2003-eth3,1223948.12,532567.44,1756515.50,533100,1225172,572.43,573.43,1145.85,574,573,0.00,0.00,0,0
1544355401,2005-eth1,0.00,0.00,0.00,0,0,0.00,0.00,0.00,0,0,0.00,0.00,0,0
1544355401,3002-eth3,1223202.88,1225180.88,2448383.75,1226406,1224426,780.22,810.19,1590.41,811,781,0.00,0.00,0,0
1544355401,3006-eth3,1223990.00,1222543.50,2446533.50,1223766,1225214,770.23,770.23,1540.46,771,771,0.00,0.00,0,0
1544355401,2001-eth1,10219.78,506259.75,516479.53,506766,10230,154.85,174.83,329.67,175,155,0.00,0.00,0,0
1544355401,3005-eth2,0.00,0.00,0.00,0,0,0.00,0.00,0.00,0,0,0.00,0.00,0,0
1544355401,2001-eth2,0.00,0.00,0.00,0,0,0.00,0.00,0.00,0,0,0.00,0.00,0,0
1544355401,3007-eth2,0.00,59.94,59.94,60,0,0.00,1.00,1.00,1,0,0.00,0.00,0,0
1544355401,1001-eth1,506259.75,10219.78,516479.53,10230,506766,174.83,154.85,329.67,155,175,0.00,0.00,0,0
1544355401,3007-eth4,1224983.00,1222024.00,2447007.00,1223246,1226208,807.19,806.19,1613.39,807,808,0.00,0.00,0,0
1544355401,2003-eth2,59.94,0.00,59.94,0,60,1.00,0.00,1.00,0,1,0.00,0.00,0,0
1544355401,3007-eth3,1224983.00,1221958.12,2446941.25,1223180,1226208,807.19,805.19,1612.39,806,808,0.00,0.00,0,0
1544355401,1002-eth1,0.00,0.00,0.00,0,0,0.00,0.00,0.00,0,0,0.00,0.00,0,0
1544355401,2002-eth3,0.00,59.94,59.94,60,0,0.00,1.00,1.00,1,0,0.00,0.00,0,0
1544355401,2007-eth2,0.00,0.00,0.00,0,0,0.00,0.00,0.00,0,0,0.00,0.00,0,0
1544355401,total,23019384.00,23176426.00,46195808.00,23199602,23042402,14828.17,14906.09,29734.27,14921,14843,0.00,0.00,0,0
1544355402,3003-eth3,1226327.75,611212.81,1837540.50,611824,1227554,608.39,603.40,1211.79,604,609,0.00,0.00,0,0
1544355402,2002-eth1,0.00,0.00,0.00,0,0,0.00,0.00,0.00,0,0,0.00,0.00,0,0
1544355402,lo,7532.47,7532.47,15064.94,7540,7540,72.93,72.93,145.85,73,73,0.00,0.00,0,0
1544355402,3005-eth3,1225114.88,1225114.88,2450229.75,1226340,1226340,809.19,809.19,1618.38,810,810,0.00,0.00,0,0
1544355402,2005-eth3,59.94,0.00,59.94,0,60,1.00,0.00,1.00,0,1,0.00,0.00,0,0
1544355402,3004-eth4,28463.54,1223188.88,1251652.38,1224412,28492,421.58,441.56,863.14,442,422,0.00,0.00,0,0
1544355402,1004-eth2,59.94,0.00,59.94,0,60,1.00,0.00,1.00,0,1,0.00,0.00,0,0
1544355402,2004-eth4,13780.22,636523.50,650303.69,637160,13794,208.79,219.78,428.57,220,209,0.00,0.00,0,0
1544355402,1001-eth2,9824.18,472197.81,482022.00,472670,9834,148.85,162.84,311.69,163,149,0.00,0.00,0,0
1544355402,1003-eth3,0.00,0.00,0.00,0,0,0.00,0.00,0.00,0,0,0.00,0.00,0,0
1544355402,2002-eth4,0.00,0.00,0.00,0,0,0.00,0.00,0.00,0,0,0.00,0.00,0,0
1544355402,1001-eth4,0.00,0.00,0.00,0,0,0.00,0.00,0.00,0,0,0.00,0.00,0,0
1544355402,3001-eth2,0.00,0.00,0.00,0,0,0.00,0.00,0.00,0,0,0.00,0.00,0,0
1544355402,1004-eth1,59.94,0.00,59.94,0,60,1.00,0.00,1.00,0,1,0.00,0.00,0,0
1544355402,3005-eth4,1225114.88,1225114.88,2450229.75,1226340,1226340,809.19,809.19,1618.38,810,810,0.00,0.00,0,0
1544355402,1003-eth2,0.00,0.00,0.00,0,0,0.00,0.00,0.00,0,0,0.00,0.00,0,0
1544355402,3008-eth1,0.00,59.94,59.94,60,0,0.00,1.00,1.00,1,0,0.00,0.00,0,0
1544355402,1002-eth3,0.00,59.94,59.94,60,0,0.00,1.00,1.00,1,0,0.00,0.00,0,0
1544355402,2006-eth1,0.00,0.00,0.00,0,0,0.00,0.00,0.00,0,0,0.00,0.00,0,0
1544355402,3003-eth1,498703.31,1223756.25,1722459.62,1224980,499202,564.44,569.43,1133.87,570,565,0.00,0.00,0,0
1544355402,2001-eth3,0.00,0.00,0.00,0,0,0.00,0.00,0.00,0,0,0.00,0.00,0,0
1544355402,2008-eth2,0.00,59.94,59.94,60,0,0.00,1.00,1.00,1,0,0.00,0.00,0,0
1544355402,2008-eth3,0.00,0.00,0.00,0,0,0.00,0.00,0.00,0,0,0.00,0.00,0,0
1544355402,1001-eth3,0.00,59.94,59.94,60,0,0.00,1.00,1.00,1,0,0.00,0.00,0,0
1544355402,2007-eth4,59.94,0.00,59.94,0,60,1.00,0.00,1.00,0,1,0.00,0.00,0,0
1544355402,2004-eth2,0.00,59.94,59.94,60,0,0.00,1.00,1.00,1,0,0.00,0.00,0,0
1544355402,3002-eth1,9818.18,472197.81,482016.00,472670,9828,148.85,162.84,311.69,163,149,0.00,0.00,0,0
1544355402,3004-eth1,1221290.75,26505.50,1247796.25,26532,1222512,422.58,401.60,824.18,402,423,0.00,0.00,0,0
1544355402,2006-eth3,0.00,0.00,0.00,0,0,0.00,0.00,0.00,0,0,0.00,0.00,0,0
1544355402,3004-eth2,636523.50,13780.22,650303.69,13794,637160,219.78,208.79,428.57,209,220,0.00,0.00,0,0
1544355402,3001-eth3,1222090.00,1222024.00,2444114.00,1223246,1223312,807.19,806.19,1613.39,807,808,0.00,0.00,0,0
1544355402,2003-eth4,26505.50,1221290.75,1247796.25,1222512,26532,401.60,422.58,824.18,423,402,0.00,0.00,0,0
1544355402,2008-eth4,0.00,0.00,0.00,0,0,0.00,0.00,0.00,0,0,0.00,0.00,0,0
1544355402,3008-eth3,1215752.25,1222795.25,2438547.50,1224018,1216968,667.33,686.31,1353.65,687,668,0.00,0.00,0,0
1544355402,2005-eth2,59.94,0.00,59.94,0,60,1.00,0.00,1.00,0,1,0.00,0.00,0,0
1544355402,2006-eth4,59.94,59.94,119.88,60,60,1.00,1.00,2.00,1,1,0.00,0.00,0,0
1544355402,3006-eth2,59.94,59.94,119.88,60,60,1.00,1.00,2.00,1,1,0.00,0.00,0,0
1544355402,1003-eth4,0.00,0.00,0.00,0,0,0.00,0.00,0.00,0,0,0.00,0.00,0,0
1544355402,2006-eth2,0.00,59.94,59.94,60,0,0.00,1.00,1.00,1,0,0.00,0.00,0,0
1544355402,3001-eth1,0.00,0.00,0.00,0,0,0.00,0.00,0.00,0,0,0.00,0.00,0,0
1544355402,3008-eth2,0.00,0.00,0.00,0,0,0.00,0.00,0.00,0,0,0.00,0.00,0,0
1544355402,2004-eth3,636523.50,13780.22,650303.69,13794,637160,219.78,208.79,428.57,209,220,0.00,0.00,0,0
1544355402,3001-eth4,1222024.00,1222090.00,2444114.00,1223312,1223246,806.19,807.19,1613.39,808,807,0.00,0.00,0,0
1544355402,1003-eth1,0.00,0.00,0.00,0,0,0.00,0.00,0.00,0,0,0.00,0.00,0,0
1544355402,3002-eth2,0.00,0.00,0.00,0,0,0.00,0.00,0.00,0,0,0.00,0.00,0,0
1544355402,2005-eth4,59.94,59.94,119.88,60,60,1.00,1.00,2.00,1,1,0.00,0.00,0,0
1544355402,3003-eth2,13780.22,636523.50,650303.69,637160,13794,208.79,219.78,428.57,220,209,0.00,0.00,0,0
1544355402,2007-eth1,0.00,0.00,0.00,0,0,0.00,0.00,0.00,0,0,0.00,0.00,0,0
1544355402,1002-eth4,0.00,59.94,59.94,60,0,0.00,1.00,1.00,1,0,0.00,0.00,0,0
1544355402,3002-eth4,1212457.62,906787.25,2119244.75,907694,1213670,661.34,698.30,1359.64,699,662,0.00,0.00,0,0
1544355402,2007-eth3,59.94,0.00,59.94,0,60,1.00,0.00,1.00,0,1,0.00,0.00,0,0
1544355402,3005-eth1,0.00,59.94,59.94,60,0,0.00,1.00,1.00,1,0,0.00,0.00,0,0
1544355402,2001-eth4,469238.78,9818.18,479056.97,9828,469708,161.84,148.85,310.69,149,162,0.00,0.00,0,0
1544355402,3003-eth4,1222375.62,495612.41,1717988.00,496108,1223598,570.43,561.44,1131.87,562,571,0.00,0.00,0,0
1544355402,2004-eth1,0.00,0.00,0.00,0,0,0.00,0.00,0.00,0,0,0.00,0.00,0,0
1544355402,3006-eth4,1220691.38,1217672.38,2438363.75,1218890,1221912,742.26,740.26,1482.52,741,743,0.00,0.00,0,0
1544355402,3007-eth1,0.00,59.94,59.94,60,0,0.00,1.00,1.00,1,0,0.00,0.00,0,0
1544355402,2008-eth1,0.00,0.00,0.00,0,0,0.00,0.00,0.00,0,0,0.00,0.00,0,0
1544355402,2002-eth2,0.00,59.94,59.94,60,0,0.00,1.00,1.00,1,0,0.00,0.00,0,0
1544355402,2003-eth1,469238.78,9758.24,478997.03,9768,469708,161.84,147.85,309.69,148,162,0.00,0.00,0,0
1544355402,3008-eth4,1222729.25,1215818.25,2438547.50,1217034,1223952,685.31,668.33,1353.65,669,686,0.00,0.00,0,0
1544355402,1004-eth4,59.94,0.00,59.94,0,60,1.00,0.00,1.00,0,1,0.00,0.00,0,0
1544355402,3006-eth1,59.94,59.94,119.88,60,60,1.00,1.00,2.00,1,1,0.00,0.00,0,0
1544355402,1004-eth3,59.94,0.00,59.94,0,60,1.00,0.00,1.00,0,1,0.00,0.00,0,0
1544355402,1002-eth2,0.00,0.00,0.00,0,0,0.00,0.00,0.00,0,0,0.00,0.00,0,0
1544355402,3004-eth3,15738.26,638481.56,654219.81,639120,15754,228.77,239.76,468.53,240,229,0.00,0.00,0,0
1544355402,2003-eth3,1223756.25,495744.28,1719500.50,496240,1224980,569.43,563.44,1132.87,564,570,0.00,0.00,0,0
1544355402,2005-eth1,59.94,0.00,59.94,0,60,1.00,0.00,1.00,0,1,0.00,0.00,0,0
1544355402,3002-eth3,1225502.50,1222155.88,2447658.50,1223378,1226728,771.23,808.19,1579.42,809,772,0.00,0.00,0,0
1544355402,3006-eth3,1219376.62,1223722.25,2443099.00,1224946,1220596,744.26,744.26,1488.51,745,745,0.00,0.00,0,0
1544355402,2001-eth1,9758.24,469238.78,478997.03,469708,9768,147.85,161.84,309.69,162,148,0.00,0.00,0,0
1544355402,3005-eth2,0.00,0.00,0.00,0,0,0.00,0.00,0.00,0,0,0.00,0.00,0,0
1544355402,2001-eth2,0.00,0.00,0.00,0,0,0.00,0.00,0.00,0,0,0.00,0.00,0,0
1544355402,3007-eth2,0.00,0.00,0.00,0,0,0.00,0.00,0.00,0,0,0.00,0.00,0,0
1544355402,1001-eth1,469238.78,9758.24,478997.03,9768,469708,161.84,147.85,309.69,148,162,0.00,0.00,0,0
1544355402,3007-eth4,1222090.00,1225049.00,2447139.00,1226274,1223312,807.19,808.19,1615.38,809,808,0.00,0.00,0,0
1544355402,2003-eth2,0.00,0.00,0.00,0,0,0.00,0.00,0.00,0,0,0.00,0.00,0,0
1544355402,3007-eth3,1222024.00,1225114.88,2447139.00,1226340,1223246,806.19,809.19,1615.38,810,807,0.00,0.00,0,0
1544355402,1002-eth1,0.00,0.00,0.00,0,0,0.00,0.00,0.00,0,0,0.00,0.00,0,0
1544355402,2002-eth3,0.00,0.00,0.00,0,0,0.00,0.00,0.00,0,0,0.00,0.00,0,0
1544355402,2007-eth2,59.94,0.00,59.94,0,60,1.00,0.00,1.00,0,1,0.00,0.00,0,0
1544355402,total,22864224.00,23041200.00,45905424.00,23064240,22887088,14779.22,14874.13,29653.35,14889,14794,0.00,0.00,0,0
1544355403,3003-eth3,1220409.62,605162.88,1825572.50,605768,1221630,606.39,599.40,1205.79,600,607,0.00,0.00,0,0
1544355403,2002-eth1,0.00,0.00,0.00,0,0,0.00,0.00,0.00,0,0,0.00,0.00,0,0
1544355403,lo,98693.31,98693.31,197386.62,98792,98792,289.71,289.71,579.42,290,290,0.00,0.00,0,0
1544355403,3005-eth3,1219124.88,1218999.00,2438124.00,1220218,1220344,806.19,804.20,1610.39,805,807,0.00,0.00,0,0
1544355403,2005-eth3,0.00,59.94,59.94,60,0,0.00,1.00,1.00,1,0,0.00,0.00,0,0
1544355403,3004-eth4,28331.67,1224635.38,1252967.12,1225860,28360,419.58,441.56,861.14,442,420,0.00,0.00,0,0
1544355403,1004-eth2,0.00,0.00,0.00,0,0,0.00,0.00,0.00,0,0,0.00,0.00,0,0
1544355403,2004-eth4,13714.29,636523.50,650237.75,637160,13728,207.79,219.78,427.57,220,208,0.00,0.00,0,0
1544355403,1001-eth2,11870.13,466279.72,478149.88,466746,11882,142.86,160.84,303.70,161,143,0.00,0.00,0,0
1544355403,1003-eth3,0.00,59.94,59.94,60,0,0.00,1.00,1.00,1,0,0.00,0.00,0,0
1544355403,2002-eth4,0.00,0.00,0.00,0,0,0.00,0.00,0.00,0,0,0.00,0.00,0,0
1544355403,1001-eth4,0.00,0.00,0.00,0,0,0.00,0.00,0.00,0,0,0.00,0.00,0,0
1544355403,3001-eth2,0.00,0.00,0.00,0,0,0.00,0.00,0.00,0,0,0.00,0.00,0,0
1544355403,1004-eth1,0.00,0.00,0.00,0,0,0.00,0.00,0.00,0,0,0.00,0.00,0,0
1544355403,3005-eth4,1219124.88,1218999.00,2438124.00,1220218,1220344,806.19,804.20,1610.39,805,807,0.00,0.00,0,0
1544355403,1003-eth2,0.00,0.00,0.00,0,0,0.00,0.00,0.00,0,0,0.00,0.00,0,0
1544355403,3008-eth1,59.94,0.00,59.94,0,60,1.00,0.00,1.00,0,1,0.00,0.00,0,0
1544355403,1002-eth3,59.94,0.00,59.94,0,60,1.00,0.00,1.00,0,1,0.00,0.00,0,0
1544355403,2006-eth1,59.94,0.00,59.94,0,60,1.00,0.00,1.00,0,1,0.00,0.00,0,0
1544355403,3003-eth1,492653.38,1220903.12,1713556.50,1222124,493146,560.44,561.44,1121.88,562,561,0.00,0.00,0,0
1544355403,2001-eth3,0.00,0.00,0.00,0,0,0.00,0.00,0.00,0,0,0.00,0.00,0,0
1544355403,2008-eth2,0.00,0.00,0.00,0,0,0.00,0.00,0.00,0,0,0.00,0.00,0,0
1544355403,2008-eth3,0.00,59.94,59.94,60,0,0.00,1.00,1.00,1,0,0.00,0.00,0,0
1544355403,1001-eth3,0.00,0.00,0.00,0,0,0.00,0.00,0.00,0,0,0.00,0.00,0,0
1544355403,2007-eth4,0.00,59.94,59.94,60,0,0.00,1.00,1.00,1,0,0.00,0.00,0,0
1544355403,2004-eth2,0.00,0.00,0.00,0,0,0.00,0.00,0.00,0,0,0.00,0.00,0,0
1544355403,3002-eth1,11870.13,466279.72,478149.88,466746,11882,142.86,160.84,303.70,161,143,0.00,0.00,0,0
1544355403,3004-eth1,1219718.38,26373.63,1246092.00,26400,1220938,420.58,399.60,820.18,400,421,0.00,0.00,0,0
1544355403,2006-eth3,59.94,59.94,119.88,60,60,1.00,1.00,2.00,1,1,0.00,0.00,0,0
1544355403,3004-eth2,636523.50,13714.29,650237.75,13728,637160,219.78,207.79,427.57,208,220,0.00,0.00,0,0
1544355403,3001-eth3,1219124.88,1220643.38,2439768.25,1221864,1220344,806.19,807.19,1613.39,808,807,0.00,0.00,0,0
1544355403,2003-eth4,26373.63,1219718.38,1246092.00,1220938,26400,399.60,420.58,820.18,421,400,0.00,0.00,0,0
1544355403,2008-eth4,0.00,59.94,59.94,60,0,0.00,1.00,1.00,1,0,0.00,0.00,0,0
1544355403,3008-eth3,1211340.75,1219700.38,2431041.00,1220920,1212552,666.33,683.32,1349.65,684,667,0.00,0.00,0,0
1544355403,2005-eth2,0.00,59.94,59.94,60,0,0.00,1.00,1.00,1,0,0.00,0.00,0,0
1544355403,2006-eth4,0.00,0.00,0.00,0,0,0.00,0.00,0.00,0,0,0.00,0.00,0,0
1544355403,3006-eth2,0.00,0.00,0.00,0,0,0.00,0.00,0.00,0,0,0.00,0.00,0,0
1544355403,1003-eth4,0.00,0.00,0.00,0,0,0.00,0.00,0.00,0,0,0.00,0.00,0,0
1544355403,2006-eth2,59.94,0.00,59.94,0,60,1.00,0.00,1.00,0,1,0.00,0.00,0,0
1544355403,3001-eth1,0.00,0.00,0.00,0,0,0.00,0.00,0.00,0,0,0.00,0.00,0,0
1544355403,3008-eth2,59.94,0.00,59.94,0,60,1.00,0.00,1.00,0,1,0.00,0.00,0,0
1544355403,2004-eth3,636523.50,13714.29,650237.75,13728,637160,219.78,207.79,427.57,208,220,0.00,0.00,0,0
1544355403,3001-eth4,1219190.88,1219065.00,2438255.75,1220284,1220410,807.19,805.19,1612.39,806,808,0.00,0.00,0,0
1544355403,1003-eth1,0.00,0.00,0.00,0,0,0.00,0.00,0.00,0,0,0.00,0.00,0,0
1544355403,3002-eth2,0.00,0.00,0.00,0,0,0.00,0.00,0.00,0,0,0.00,0.00,0,0
1544355403,2005-eth4,0.00,0.00,0.00,0,0,0.00,0.00,0.00,0,0,0.00,0.00,0,0
1544355403,3003-eth2,13714.29,636523.50,650237.75,637160,13728,207.79,219.78,427.57,220,208,0.00,0.00,0,0
1544355403,2007-eth1,0.00,0.00,0.00,0,0,0.00,0.00,0.00,0,0,0.00,0.00,0,0
1544355403,1002-eth4,0.00,0.00,0.00,0,0,0.00,0.00,0.00,0,0,0.00,0.00,0,0
1544355403,3002-eth4,1202883.12,709066.94,1911950.12,709776,1204086,670.33,683.32,1353.65,684,671,0.00,0.00,0,0
1544355403,2007-eth3,0.00,59.94,59.94,60,0,0.00,1.00,1.00,1,0,0.00,0.00,0,0
1544355403,3005-eth1,59.94,0.00,59.94,0,60,1.00,0.00,1.00,0,1,0.00,0.00,0,0
1544355403,2001-eth4,466279.72,11870.13,478149.88,11882,466746,160.84,142.86,303.70,143,161,0.00,0.00,0,0
1544355403,3003-eth4,1220665.38,492587.44,1713252.75,493080,1221886,566.43,559.44,1125.87,560,567,0.00,0.00,0,0
1544355403,2004-eth1,0.00,0.00,0.00,0,0,0.00,0.00,0.00,0,0,0.00,0.00,0,0
1544355403,3006-eth4,1218983.00,1215298.75,2434281.75,1216514,1220202,716.28,704.30,1420.58,705,717,0.00,0.00,0,0
1544355403,3007-eth1,59.94,0.00,59.94,0,60,1.00,0.00,1.00,0,1,0.00,0.00,0,0
1544355403,2008-eth1,0.00,0.00,0.00,0,0,0.00,0.00,0.00,0,0,0.00,0.00,0,0
1544355403,2002-eth2,0.00,0.00,0.00,0,0,0.00,0.00,0.00,0,0,0.00,0.00,0,0
1544355403,2003-eth1,466279.72,11870.13,478149.88,11882,466746,160.84,142.86,303.70,143,161,0.00,0.00,0,0
1544355403,3008-eth4,1219826.25,1211214.88,2431041.00,1212426,1221046,685.31,664.34,1349.65,665,686,0.00,0.00,0,0
1544355403,1004-eth4,0.00,0.00,0.00,0,0,0.00,0.00,0.00,0,0,0.00,0.00,0,0
1544355403,3006-eth1,0.00,0.00,0.00,0,0,0.00,0.00,0.00,0,0,0.00,0.00,0,0
1544355403,1004-eth3,0.00,59.94,59.94,60,0,0.00,1.00,1.00,1,0,0.00,0.00,0,0
1544355403,1002-eth2,0.00,0.00,0.00,0,0,0.00,0.00,0.00,0,0,0.00,0.00,0,0
1544355403,3004-eth3,15672.33,638481.56,654153.88,639120,15688,227.77,239.76,467.53,240,228,0.00,0.00,0,0
1544355403,2003-eth3,1220903.12,492653.38,1713556.50,493146,1222124,561.44,560.44,1121.88,561,562,0.00,0.00,0,0
1544355403,2005-eth1,0.00,0.00,0.00,0,0,0.00,0.00,0.00,0,0,0.00,0.00,0,0
1544355403,3002-eth3,1216691.38,1214847.12,2431538.50,1216062,1217908,769.23,814.19,1583.42,815,770,0.00,0.00,0,0
1544355403,3006-eth3,1210827.25,1215892.12,2426719.25,1217108,1212038,702.30,713.29,1415.58,714,703,0.00,0.00,0,0
1544355403,2001-eth1,11870.13,466279.72,478149.88,466746,11882,142.86,160.84,303.70,161,143,0.00,0.00,0,0
1544355403,3005-eth2,59.94,59.94,119.88,60,60,1.00,1.00,2.00,1,1,0.00,0.00,0,0
1544355403,2001-eth2,0.00,0.00,0.00,0,0,0.00,0.00,0.00,0,0,0.00,0.00,0,0
1544355403,3007-eth2,59.94,0.00,59.94,0,60,1.00,0.00,1.00,0,1,0.00,0.00,0,0
1544355403,1001-eth1,466279.72,11870.13,478149.88,11882,466746,160.84,142.86,303.70,143,161,0.00,0.00,0,0
1544355403,3007-eth4,1219190.88,1215974.00,2435165.00,1217190,1220410,807.19,802.20,1609.39,803,808,0.00,0.00,0,0
1544355403,2003-eth2,0.00,0.00,0.00,0,0,0.00,0.00,0.00,0,0,0.00,0.00,0,0
1544355403,3007-eth3,1219190.88,1217618.38,2436809.25,1218836,1220410,807.19,805.19,1612.39,806,808,0.00,0.00,0,0
1544355403,1002-eth1,0.00,0.00,0.00,0,0,0.00,0.00,0.00,0,0,0.00,0.00,0,0
1544355403,2002-eth3,0.00,0.00,0.00,0,0,0.00,0.00,0.00,0,0,0.00,0.00,0,0
1544355403,2007-eth2,0.00,0.00,0.00,0,0,0.00,0.00,0.00,0,0,0.00,0.00,0,0
1544355403,total,22874444.00,22852052.00,45726500.00,22874904,22897318,14878.12,14939.06,29817.18,14954,14893,0.00,0.00,0,0
1544355404,3003-eth3,1223560.50,612527.50,1836088.00,613140,1224784,610.39,601.40,1211.79,602,611,0.00,0.00,0,0
1544355404,2002-eth1,59.94,0.00,59.94,0,60,1.00,0.00,1.00,0,1,0.00,0.00,0,0
1544355404,lo,8037.96,8037.96,16075.92,8046,8046,78.92,78.92,157.84,79,79,0.00,0.00,0,0
1544355404,3005-eth3,1225114.88,1225180.88,2450295.75,1226406,1226340,809.19,810.19,1619.38,811,810,0.00,0.00,0,0
1544355404,2005-eth3,0.00,0.00,0.00,0,0,0.00,0.00,0.00,0,0,0.00,0.00,0,0
1544355404,3004-eth4,28331.67,1221676.38,1250008.00,1222898,28360,419.58,440.56,860.14,441,420,0.00,0.00,0,0
1544355404,1004-eth2,0.00,0.00,0.00,0,0,0.00,0.00,0.00,0,0,0.00,0.00,0,0
1544355404,2004-eth4,13846.15,649806.19,663652.38,650456,13860,209.79,223.78,433.57,224,210,0.00,0.00,0,0
1544355404,1001-eth2,14461.54,425380.62,439842.16,425806,14476,153.85,154.85,308.69,155,154,0.00,0.00,0,0
1544355404,1003-eth3,0.00,0.00,0.00,0,0,0.00,0.00,0.00,0,0,0.00,0.00,0,0
1544355404,2002-eth4,59.94,0.00,59.94,0,60,1.00,0.00,1.00,0,1,0.00,0.00,0,0
1544355404,1001-eth4,59.94,59.94,119.88,60,60,1.00,1.00,2.00,1,1,0.00,0.00,0,0
1544355404,3001-eth2,0.00,59.94,59.94,60,0,0.00,1.00,1.00,1,0,0.00,0.00,0,0
1544355404,1004-eth1,0.00,59.94,59.94,60,0,0.00,1.00,1.00,1,0,0.00,0.00,0,0
1544355404,3005-eth4,1225114.88,1225114.88,2450229.75,1226340,1226340,809.19,809.19,1618.38,810,810,0.00,0.00,0,0
1544355404,1003-eth2,0.00,59.94,59.94,60,0,0.00,1.00,1.00,1,0,0.00,0.00,0,0
1544355404,3008-eth1,0.00,0.00,0.00,0,0,0.00,0.00,0.00,0,0,0.00,0.00,0,0
1544355404,1002-eth3,0.00,0.00,0.00,0,0,0.00,0.00,0.00,0,0,0.00,0.00,0,0
1544355404,2006-eth1,0.00,0.00,0.00,0,0,0.00,0.00,0.00,0,0,0.00,0.00,0,0
1544355404,3003-eth1,451814.19,1222541.50,1674355.75,1223764,452266,555.44,557.44,1112.89,558,556,0.00,0.00,0,0
1544355404,2001-eth3,59.94,59.94,119.88,60,60,1.00,1.00,2.00,1,1,0.00,0.00,0,0
1544355404,2008-eth2,0.00,0.00,0.00,0,0,0.00,0.00,0.00,0,0,0.00,0.00,0,0
1544355404,2008-eth3,0.00,0.00,0.00,0,0,0.00,0.00,0.00,0,0,0.00,0.00,0,0
1544355404,1001-eth3,59.94,0.00,59.94,0,60,1.00,0.00,1.00,0,1,0.00,0.00,0,0
1544355404,2007-eth4,0.00,0.00,0.00,0,0,0.00,0.00,0.00,0,0,0.00,0.00,0,0
1544355404,2004-eth2,0.00,0.00,0.00,0,0,0.00,0.00,0.00,0,0,0.00,0.00,0,0
1544355404,3002-eth1,14461.54,425440.56,439902.12,425866,14476,153.85,155.84,309.69,156,154,0.00,0.00,0,0
1544355404,3004-eth1,1222677.38,26373.63,1249051.00,26400,1223900,421.58,399.60,821.18,400,422,0.00,0.00,0,0
1544355404,2006-eth3,0.00,0.00,0.00,0,0,0.00,0.00,0.00,0,0,0.00,0.00,0,0
1544355404,3004-eth2,649806.19,13846.15,663652.38,13860,650456,223.78,209.79,433.57,210,224,0.00,0.00,0,0
1544355404,3001-eth3,1225114.88,1225049.00,2450164.00,1226274,1226340,809.19,808.19,1617.38,809,810,0.00,0.00,0,0
1544355404,2003-eth4,26373.63,1222677.38,1249051.00,1223900,26400,399.60,421.58,821.18,422,400,0.00,0.00,0,0
1544355404,2008-eth4,0.00,0.00,0.00,0,0,0.00,0.00,0.00,0,0,0.00,0.00,0,0
1544355404,3008-eth3,1215818.25,1225684.38,2441502.50,1226910,1217034,668.33,686.31,1354.65,687,669,0.00,0.00,0,0
1544355404,2005-eth2,0.00,0.00,0.00,0,0,0.00,0.00,0.00,0,0,0.00,0.00,0,0
1544355404,2006-eth4,0.00,0.00,0.00,0,0,0.00,0.00,0.00,0,0,0.00,0.00,0,0
1544355404,3006-eth2,0.00,0.00,0.00,0,0,0.00,0.00,0.00,0,0,0.00,0.00,0,0
1544355404,1003-eth4,0.00,0.00,0.00,0,0,0.00,0.00,0.00,0,0,0.00,0.00,0,0
1544355404,2006-eth2,0.00,0.00,0.00,0,0,0.00,0.00,0.00,0,0,0.00,0.00,0,0
1544355404,3001-eth1,59.94,59.94,119.88,60,60,1.00,1.00,2.00,1,1,0.00,0.00,0,0
1544355404,3008-eth2,0.00,0.00,0.00,0,0,0.00,0.00,0.00,0,0,0.00,0.00,0,0
1544355404,2004-eth3,649806.19,13906.09,663712.31,13920,650456,223.78,210.79,434.57,211,224,0.00,0.00,0,0
1544355404,3001-eth4,1225114.88,1225114.88,2450229.75,1226340,1226340,809.19,809.19,1618.38,810,810,0.00,0.00,0,0
1544355404,1003-eth1,0.00,59.94,59.94,60,0,0.00,1.00,1.00,1,0,0.00,0.00,0,0
1544355404,3002-eth2,0.00,59.94,59.94,60,0,0.00,1.00,1.00,1,0,0.00,0.00,0,0
1544355404,2005-eth4,0.00,0.00,0.00,0,0,0.00,0.00,0.00,0,0,0.00,0.00,0,0
1544355404,3003-eth2,13906.09,649806.19,663712.31,650456,13920,210.79,223.78,434.57,224,211,0.00,0.00,0,0
1544355404,2007-eth1,59.94,59.94,119.88,60,60,1.00,1.00,2.00,1,1,0.00,0.00,0,0
1544355404,1002-eth4,59.94,0.00,59.94,0,60,1.00,0.00,1.00,0,1,0.00,0.00,0,0
1544355404,3002-eth4,1212193.88,723206.81,1935400.62,723930,1213406,706.29,700.30,1406.59,701,707,0.00,0.00,0,0
1544355404,2007-eth3,0.00,0.00,0.00,0,0,0.00,0.00,0.00,0,0,0.00,0.00,0,0
1544355404,3005-eth1,0.00,0.00,0.00,0,0,0.00,0.00,0.00,0,0,0.00,0.00,0,0
1544355404,2001-eth4,425440.56,14461.54,439902.12,14476,425866,155.84,153.85,309.69,154,156,0.00,0.00,0,0
1544355404,3003-eth4,1222353.62,451820.19,1674173.88,452272,1223576,562.44,555.44,1117.88,556,563,0.00,0.00,0,0
1544355404,2004-eth1,59.94,0.00,59.94,0,60,1.00,0.00,1.00,0,1,0.00,0.00,0,0
1544355404,3006-eth4,1224303.75,1215752.25,2440056.00,1216968,1225528,687.31,667.33,1354.65,668,688,0.00,0.00,0,0
1544355404,3007-eth1,0.00,0.00,0.00,0,0,0.00,0.00,0.00,0,0,0.00,0.00,0,0
1544355404,2008-eth1,0.00,0.00,0.00,0,0,0.00,0.00,0.00,0,0,0.00,0.00,0,0
1544355404,2002-eth2,59.94,0.00,59.94,0,60,1.00,0.00,1.00,0,1,0.00,0.00,0,0
1544355404,2003-eth1,425380.62,14461.54,439842.16,14476,425806,154.85,153.85,308.69,154,155,0.00,0.00,0,0
1544355404,3008-eth4,1225684.38,1215818.25,2441502.50,1217034,1226910,686.31,668.33,1354.65,669,687,0.00,0.00,0,0
1544355404,1004-eth4,0.00,0.00,0.00,0,0,0.00,0.00,0.00,0,0,0.00,0.00,0,0
1544355404,3006-eth1,0.00,0.00,0.00,0,0,0.00,0.00,0.00,0,0,0.00,0.00,0,0
1544355404,1004-eth3,0.00,0.00,0.00,0,0,0.00,0.00,0.00,0,0,0.00,0.00,0,0
1544355404,1002-eth2,59.94,0.00,59.94,0,60,1.00,0.00,1.00,0,1,0.00,0.00,0,0
1544355404,3004-eth3,15804.20,651764.25,667568.44,652416,15820,229.77,243.76,473.53,244,230,0.00,0.00,0,0
1544355404,2003-eth3,1225594.50,451814.19,1677408.62,452266,1226820,559.44,555.44,1114.89,556,560,0.00,0.00,0,0
1544355404,2005-eth1,0.00,59.94,59.94,60,0,0.00,1.00,1.00,1,0,0.00,0.00,0,0
1544355404,3002-eth3,1226829.25,1226561.50,2453390.75,1227788,1228056,835.16,859.14,1694.31,860,836,0.00,0.00,0,0
1544355404,3006-eth3,1215818.25,1222725.25,2438543.50,1223948,1217034,668.33,685.31,1353.65,686,669,0.00,0.00,0,0
1544355404,2001-eth1,14521.48,425440.56,439962.06,425866,14536,154.85,155.84,310.69,156,155,0.00,0.00,0,0
1544355404,3005-eth2,0.00,0.00,0.00,0,0,0.00,0.00,0.00,0,0,0.00,0.00,0,0
1544355404,2001-eth2,59.94,59.94,119.88,60,60,1.00,1.00,2.00,1,1,0.00,0.00,0,0
1544355404,3007-eth2,0.00,0.00,0.00,0,0,0.00,0.00,0.00,0,0,0.00,0.00,0,0
1544355404,1001-eth1,425440.56,14521.48,439962.06,14536,425866,155.84,154.85,310.69,155,156,0.00,0.00,0,0
1544355404,3007-eth4,1224587.50,1224785.25,2449372.75,1226010,1225812,801.20,804.20,1605.39,805,802,0.00,0.00,0,0
1544355404,2003-eth2,0.00,59.94,59.94,60,0,0.00,1.00,1.00,1,0,0.00,0.00,0,0
1544355404,3007-eth3,1224587.50,1224587.50,2449175.00,1225812,1225812,801.20,801.20,1602.40,802,802,0.00,0.00,0,0
1544355404,1002-eth1,59.94,59.94,119.88,60,60,1.00,1.00,2.00,1,1,0.00,0.00,0,0
1544355404,2002-eth3,59.94,0.00,59.94,0,60,1.00,0.00,1.00,0,1,0.00,0.00,0,0
1544355404,2007-eth2,0.00,59.94,59.94,60,0,0.00,1.00,1.00,1,0,0.00,0.00,0,0
1544355404,total,22742740.00,22696724.00,45439464.00,22719420,22765482,14739.26,14774.23,29513.49,14789,14754,0.00,0.00,0,0
1544355405,3003-eth3,1217450.62,608055.94,1825506.50,608664,1218668,605.39,599.40,1204.80,600,606,0.00,0.00,0,0
1544355405,2002-eth1,0.00,59.94,59.94,60,0,0.00,1.00,1.00,1,0,0.00,0.00,0,0
1544355405,lo,7780.22,7780.22,15560.44,7788,7788,75.92,75.92,151.85,76,76,0.00,0.00,0,0
1544355405,3005-eth3,1214461.62,1216040.00,2430501.50,1217256,1215676,801.20,803.20,1604.40,804,802,0.00,0.00,0,0
1544355405,2005-eth3,0.00,0.00,0.00,0,0,0.00,0.00,0.00,0,0,0.00,0.00,0,0
1544355405,3004-eth4,28325.68,1214311.75,1242637.38,1215526,28354,419.58,438.56,858.14,439,420,0.00,0.00,0,0
1544355405,1004-eth2,0.00,59.94,59.94,60,0,0.00,1.00,1.00,1,0,0.00,0.00,0,0
1544355405,2004-eth4,13840.16,660195.81,674036.00,660856,13854,209.79,227.77,437.56,228,210,0.00,0.00,0,0
1544355405,1001-eth2,15554.45,281374.62,296929.09,281656,15570,165.83,142.86,308.69,143,166,0.00,0.00,0,0
1544355405,1003-eth3,59.94,0.00,59.94,0,60,1.00,0.00,1.00,0,1,0.00,0.00,0,0
1544355405,2002-eth4,0.00,59.94,59.94,60,0,0.00,1.00,1.00,1,0,0.00,0.00,0,0
1544355405,1001-eth4,0.00,0.00,0.00,0,0,0.00,0.00,0.00,0,0,0.00,0.00,0,0
1544355405,3001-eth2,59.94,0.00,59.94,0,60,1.00,0.00,1.00,0,1,0.00,0.00,0,0
1544355405,1004-eth1,0.00,0.00,0.00,0,0,0.00,0.00,0.00,0,0,0.00,0.00,0,0
1544355405,3005-eth4,1215974.00,1216105.88,2432080.00,1217322,1217190,802.20,804.20,1606.39,805,803,0.00,0.00,0,0
1544355405,1003-eth2,59.94,0.00,59.94,0,60,1.00,0.00,1.00,0,1,0.00,0.00,0,0
1544355405,3008-eth1,0.00,0.00,0.00,0,0,0.00,0.00,0.00,0,0,0.00,0.00,0,0
1544355405,1002-eth3,0.00,0.00,0.00,0,0,0.00,0.00,0.00,0,0,0.00,0.00,0,0
1544355405,2006-eth1,0.00,59.94,59.94,60,0,0.00,1.00,1.00,1,0,0.00,0.00,0,0
1544355405,3003-eth1,307622.38,1218363.62,1525986.00,1219582,307930,540.46,589.41,1129.87,590,541,0.00,0.00,0,0
1544355405,2001-eth3,0.00,0.00,0.00,0,0,0.00,0.00,0.00,0,0,0.00,0.00,0,0
1544355405,2008-eth2,59.94,0.00,59.94,0,60,1.00,0.00,1.00,0,1,0.00,0.00,0,0
1544355405,2008-eth3,59.94,0.00,59.94,0,60,1.00,0.00,1.00,0,1,0.00,0.00,0,0
1544355405,1001-eth3,0.00,0.00,0.00,0,0,0.00,0.00,0.00,0,0,0.00,0.00,0,0
1544355405,2007-eth4,0.00,0.00,0.00,0,0,0.00,0.00,0.00,0,0,0.00,0.00,0,0
1544355405,2004-eth2,59.94,0.00,59.94,0,60,1.00,0.00,1.00,0,1,0.00,0.00,0,0
1544355405,3002-eth1,15494.51,281314.69,296809.19,281596,15510,164.84,141.86,306.69,142,165,0.00,0.00,0,0
1544355405,3004-eth1,1212353.62,26367.63,1238721.25,26394,1213566,418.58,399.60,818.18,400,419,0.00,0.00,0,0
1544355405,2006-eth3,0.00,0.00,0.00,0,0,0.00,0.00,0.00,0,0,0.00,0.00,0,0
1544355405,3004-eth2,660195.81,13840.16,674036.00,13854,660856,227.77,209.79,437.56,210,228,0.00,0.00,0,0
1544355405,3001-eth3,1216040.00,1216040.00,2432080.00,1217256,1217256,803.20,803.20,1606.39,804,804,0.00,0.00,0,0
1544355405,2003-eth4,26367.63,1212353.62,1238721.25,1213566,26394,399.60,418.58,818.18,419,400,0.00,0.00,0,0
1544355405,2008-eth4,59.94,0.00,59.94,0,60,1.00,0.00,1.00,0,1,0.00,0.00,0,0
1544355405,3008-eth3,1202403.62,1213716.38,2416120.00,1214930,1203606,662.34,680.32,1342.66,681,663,0.00,0.00,0,0
1544355405,2005-eth2,0.00,0.00,0.00,0,0,0.00,0.00,0.00,0,0,0.00,0.00,0,0
1544355405,2006-eth4,0.00,0.00,0.00,0,0,0.00,0.00,0.00,0,0,0.00,0.00,0,0
1544355405,3006-eth2,0.00,0.00,0.00,0,0,0.00,0.00,0.00,0,0,0.00,0.00,0,0
1544355405,1003-eth4,59.94,59.94,119.88,60,60,1.00,1.00,2.00,1,1,0.00,0.00,0,0
1544355405,2006-eth2,0.00,0.00,0.00,0,0,0.00,0.00,0.00,0,0,0.00,0.00,0,0
1544355405,3001-eth1,0.00,0.00,0.00,0,0,0.00,0.00,0.00,0,0,0.00,0.00,0,0
1544355405,3008-eth2,0.00,59.94,59.94,60,0,0.00,1.00,1.00,1,0,0.00,0.00,0,0
1544355405,2004-eth3,660255.75,13780.22,674036.00,13794,660916,228.77,208.79,437.56,209,229,0.00,0.00,0,0
1544355405,3001-eth4,1216040.00,1216040.00,2432080.00,1217256,1217256,803.20,803.20,1606.39,804,804,0.00,0.00,0,0
1544355405,1003-eth1,59.94,0.00,59.94,0,60,1.00,0.00,1.00,0,1,0.00,0.00,0,0
1544355405,3002-eth2,59.94,0.00,59.94,0,60,1.00,0.00,1.00,0,1,0.00,0.00,0,0
1544355405,2005-eth4,0.00,0.00,0.00,0,0,0.00,0.00,0.00,0,0,0.00,0.00,0,0
1544355405,3003-eth2,13780.22,660255.75,674036.00,660916,13794,208.79,228.77,437.56,229,209,0.00,0.00,0,0
1544355405,2007-eth1,0.00,0.00,0.00,0,0,0.00,0.00,0.00,0,0,0.00,0.00,0,0
1544355405,1002-eth4,0.00,0.00,0.00,0,0,0.00,0.00,0.00,0,0,0.00,0.00,0,0
1544355405,3002-eth4,1198515.50,715186.81,1913702.38,715902,1199714,728.27,710.29,1438.56,711,729,0.00,0.00,0,0
1544355405,2007-eth3,0.00,0.00,0.00,0,0,0.00,0.00,0.00,0,0,0.00,0.00,0,0
1544355405,3005-eth1,0.00,0.00,0.00,0,0,0.00,0.00,0.00,0,0,0.00,0.00,0,0
1544355405,2001-eth4,281314.69,15494.51,296809.19,15510,281596,141.86,164.84,306.69,165,142,0.00,0.00,0,0
1544355405,3003-eth4,1216369.62,307556.44,1523926.12,307864,1217586,552.45,539.46,1091.91,540,553,0.00,0.00,0,0
1544355405,2004-eth1,0.00,59.94,59.94,60,0,0.00,1.00,1.00,1,0,0.00,0.00,0,0
1544355405,3006-eth4,1215426.62,1207138.88,2422565.50,1208346,1216642,684.32,668.33,1352.65,669,685,0.00,0.00,0,0
1544355405,3007-eth1,0.00,0.00,0.00,0,0,0.00,0.00,0.00,0,0,0.00,0.00,0,0
1544355405,2008-eth1,59.94,59.94,119.88,60,60,1.00,1.00,2.00,1,1,0.00,0.00,0,0
1544355405,2002-eth2,0.00,0.00,0.00,0,0,0.00,0.00,0.00,0,0,0.00,0.00,0,0
1544355405,2003-eth1,281374.62,15554.45,296929.09,15570,281656,142.86,165.83,308.69,166,143,0.00,0.00,0,0
1544355405,3008-eth4,1213650.38,1202403.62,2416054.00,1203606,1214864,679.32,662.34,1341.66,663,680,0.00,0.00,0,0
1544355405,1004-eth4,0.00,59.94,59.94,60,0,0.00,1.00,1.00,1,0,0.00,0.00,0,0
1544355405,3006-eth1,0.00,0.00,0.00,0,0,0.00,0.00,0.00,0,0,0.00,0.00,0,0
1544355405,1004-eth3,0.00,0.00,0.00,0,0,0.00,0.00,0.00,0,0,0.00,0.00,0,0
1544355405,1002-eth2,0.00,59.94,59.94,60,0,0.00,1.00,1.00,1,0,0.00,0.00,0,0
1544355405,3004-eth3,15798.20,662153.88,677952.06,662816,15814,229.77,247.75,477.52,248,230,0.00,0.00,0,0
1544355405,2003-eth3,1215310.75,307622.38,1522933.12,307930,1216526,587.41,540.46,1127.87,541,588,0.00,0.00,0,0
1544355405,2005-eth1,0.00,0.00,0.00,0,0,0.00,0.00,0.00,0,0,0.00,0.00,0,0
1544355405,3002-eth3,1219278.75,1214103.88,2433382.75,1215318,1220498,896.10,894.11,1790.21,895,897,0.00,0.00,0,0
1544355405,3006-eth3,1207204.88,1214046.00,2421250.75,1215260,1208412,669.33,685.31,1354.65,686,670,0.00,0.00,0,0
1544355405,2001-eth1,15494.51,281314.69,296809.19,281596,15510,164.84,141.86,306.69,142,165,0.00,0.00,0,0
1544355405,3005-eth2,0.00,0.00,0.00,0,0,0.00,0.00,0.00,0,0,0.00,0.00,0,0
1544355405,2001-eth2,0.00,0.00,0.00,0,0,0.00,0.00,0.00,0,0,0.00,0.00,0,0
1544355405,3007-eth2,0.00,59.94,59.94,60,0,0.00,1.00,1.00,1,0,0.00,0.00,0,0
1544355405,1001-eth1,281314.69,15494.51,296809.19,15510,281596,141.86,164.84,306.69,165,142,0.00,0.00,0,0
1544355405,3007-eth4,1215578.50,1216827.25,2432405.75,1218044,1216794,796.20,793.21,1589.41,794,797,0.00,0.00,0,0
1544355405,2003-eth2,59.94,0.00,59.94,0,60,1.00,0.00,1.00,0,1,0.00,0.00,0,0
1544355405,3007-eth3,1215446.62,1215578.50,2431025.00,1216794,1216662,794.21,796.20,1590.41,797,795,0.00,0.00,0,0
1544355405,1002-eth1,0.00,0.00,0.00,0,0,0.00,0.00,0.00,0,0,0.00,0.00,0,0
1544355405,2002-eth3,0.00,59.94,59.94,60,0,0.00,1.00,1.00,1,0,0.00,0.00,0,0
1544355405,2007-eth2,0.00,0.00,0.00,0,0,0.00,0.00,0.00,0,0,0.00,0.00,0,0
1544355405,total,22036738.00,21867132.00,43903868.00,21888998,22058774,14758.24,14762.24,29520.48,14777,14773,0.00,0.00,0,0
1544355406,3003-eth3,1217384.62,605031.00,1822415.62,605636,1218602,604.40,597.40,1201.80,598,605,0.00,0.00,0,0
1544355406,2002-eth1,0.00,0.00,0.00,0,0,0.00,0.00,0.00,0,0,0.00,0.00,0,0
1544355406,lo,98793.21,98793.21,197586.42,98892,98892,287.71,287.71,575.42,288,288,0.00,0.00,0,0
1544355406,3005-eth3,1216040.00,1215974.00,2432014.00,1217190,1217256,803.20,802.20,1605.39,803,804,0.00,0.00,0,0
1544355406,2005-eth3,59.94,0.00,59.94,0,60,1.00,0.00,1.00,0,1,0.00,0.00,0,0
1544355406,3004-eth4,28101.90,1218619.38,1246721.38,1219838,28130,416.58,438.56,855.14,439,417,0.00,0.00,0,0
1544355406,1004-eth2,59.94,0.00,59.94,0,60,1.00,0.00,1.00,0,1,0.00,0.00,0,0
1544355406,2004-eth4,13978.02,683928.06,697906.12,684612,13992,211.79,236.76,448.55,237,212,0.00,0.00,0,0
1544355406,1001-eth2,16433.57,343718.28,360151.84,344062,16450,174.83,166.83,341.66,167,175,0.00,0.00,0,0
1544355406,1003-eth3,0.00,0.00,0.00,0,0,0.00,0.00,0.00,0,0,0.00,0.00,0,0
1544355406,2002-eth4,0.00,0.00,0.00,0,0,0.00,0.00,0.00,0,0,0.00,0.00,0,0
1544355406,1001-eth4,0.00,0.00,0.00,0,0,0.00,0.00,0.00,0,0,0.00,0.00,0,0
1544355406,3001-eth2,0.00,0.00,0.00,0,0,0.00,0.00,0.00,0,0,0.00,0.00,0,0
1544355406,1004-eth1,59.94,0.00,59.94,0,60,1.00,0.00,1.00,0,1,0.00,0.00,0,0
1544355406,3005-eth4,1215974.00,1216040.00,2432014.00,1217256,1217190,802.20,803.20,1605.39,804,803,0.00,0.00,0,0
1544355406,1003-eth2,0.00,0.00,0.00,0,0,0.00,0.00,0.00,0,0,0.00,0.00,0,0
1544355406,3008-eth1,0.00,59.94,59.94,60,0,0.00,1.00,1.00,1,0,0.00,0.00,0,0
1544355406,1002-eth3,0.00,59.94,59.94,60,0,0.00,1.00,1.00,1,0,0.00,0.00,0,0
1544355406,2006-eth1,0.00,0.00,0.00,0,0,0.00,0.00,0.00,0,0,0.00,0.00,0,0
1544355406,3003-eth1,369960.06,1217083.00,1587043.00,1218300,370330,564.44,575.42,1139.86,576,565,0.00,0.00,0,0
1544355406,2001-eth3,0.00,0.00,0.00,0,0,0.00,0.00,0.00,0,0,0.00,0.00,0,0
1544355406,2008-eth2,0.00,59.94,59.94,60,0,0.00,1.00,1.00,1,0,0.00,0.00,0,0
1544355406,2008-eth3,0.00,0.00,0.00,0,0,0.00,0.00,0.00,0,0,0.00,0.00,0,0
1544355406,1001-eth3,0.00,59.94,59.94,60,0,0.00,1.00,1.00,1,0,0.00,0.00,0,0
1544355406,2007-eth4,59.94,0.00,59.94,0,60,1.00,0.00,1.00,0,1,0.00,0.00,0,0
1544355406,2004-eth2,0.00,59.94,59.94,60,0,0.00,1.00,1.00,1,0,0.00,0.00,0,0
1544355406,3002-eth1,16493.51,343718.28,360211.81,344062,16510,175.82,166.83,342.66,167,176,0.00,0.00,0,0
1544355406,3004-eth1,1216819.25,26241.76,1243061.00,26268,1218036,420.58,397.60,818.18,398,421,0.00,0.00,0,0
1544355406,2006-eth3,0.00,0.00,0.00,0,0,0.00,0.00,0.00,0,0,0.00,0.00,0,0
1544355406,3004-eth2,683928.06,13978.02,697906.12,13992,684612,236.76,211.79,448.55,212,237,0.00,0.00,0,0
1544355406,3001-eth3,1216040.00,1216105.88,2432146.00,1217322,1217256,803.20,804.20,1607.39,805,804,0.00,0.00,0,0
1544355406,2003-eth4,26241.76,1216819.25,1243061.00,1218036,26268,397.60,420.58,818.18,421,398,0.00,0.00,0,0
1544355406,2008-eth4,0.00,0.00,0.00,0,0,0.00,0.00,0.00,0,0,0.00,0.00,0,0
1544355406,3008-eth3,1215554.50,1219700.38,2435254.75,1220920,1216770,664.34,683.32,1347.65,684,665,0.00,0.00,0,0
1544355406,2005-eth2,59.94,0.00,59.94,0,60,1.00,0.00,1.00,0,1,0.00,0.00,0,0
1544355406,2006-eth4,0.00,59.94,59.94,60,0,0.00,1.00,1.00,1,0,0.00,0.00,0,0
1544355406,3006-eth2,59.94,0.00,59.94,0,60,1.00,0.00,1.00,0,1,0.00,0.00,0,0
1544355406,1003-eth4,0.00,0.00,0.00,0,0,0.00,0.00,0.00,0,0,0.00,0.00,0,0
1544355406,2006-eth2,0.00,59.94,59.94,60,0,0.00,1.00,1.00,1,0,0.00,0.00,0,0
1544355406,3001-eth1,0.00,0.00,0.00,0,0,0.00,0.00,0.00,0,0,0.00,0.00,0,0
1544355406,3008-eth2,0.00,0.00,0.00,0,0,0.00,0.00,0.00,0,0,0.00,0.00,0,0
1544355406,2004-eth3,683868.12,13978.02,697846.19,13992,684552,235.76,211.79,447.55,212,236,0.00,0.00,0,0
1544355406,3001-eth4,1216040.00,1216040.00,2432080.00,1217256,1217256,803.20,803.20,1606.39,804,804,0.00,0.00,0,0
1544355406,1003-eth1,0.00,0.00,0.00,0,0,0.00,0.00,0.00,0,0,0.00,0.00,0,0
1544355406,3002-eth2,0.00,0.00,0.00,0,0,0.00,0.00,0.00,0,0,0.00,0.00,0,0
1544355406,2005-eth4,59.94,59.94,119.88,60,60,1.00,1.00,2.00,1,1,0.00,0.00,0,0
1544355406,3003-eth2,13978.02,683868.12,697846.19,684552,13992,211.79,235.76,447.55,236,212,0.00,0.00,0,0
1544355406,2007-eth1,0.00,0.00,0.00,0,0,0.00,0.00,0.00,0,0,0.00,0.00,0,0
1544355406,1002-eth4,0.00,0.00,0.00,0,0,0.00,0.00,0.00,0,0,0.00,0.00,0,0
1544355406,3002-eth4,1202519.50,686713.31,1889232.88,687400,1203722,753.25,695.30,1448.55,696,754,0.00,0.00,0,0
1544355406,2007-eth3,0.00,0.00,0.00,0,0,0.00,0.00,0.00,0,0,0.00,0.00,0,0
1544355406,3005-eth1,0.00,59.94,59.94,60,0,0.00,1.00,1.00,1,0,0.00,0.00,0,0
1544355406,2001-eth4,343718.28,16493.51,360211.81,16510,344062,166.83,175.82,342.66,176,167,0.00,0.00,0,0
1544355406,3003-eth4,1218971.00,369894.12,1588865.12,370264,1220190,580.42,563.44,1143.86,564,581,0.00,0.00,0,0
1544355406,2004-eth1,0.00,0.00,0.00,0,0,0.00,0.00,0.00,0,0,0.00,0.00,0,0
1544355406,3006-eth4,1218511.50,1211742.25,2430253.75,1212954,1219730,687.31,672.33,1359.64,673,688,0.00,0.00,0,0
1544355406,3007-eth1,0.00,0.00,0.00,0,0,0.00,0.00,0.00,0,0,0.00,0.00,0,0
1544355406,2008-eth1,0.00,0.00,0.00,0,0,0.00,0.00,0.00,0,0,0.00,0.00,0,0
1544355406,2002-eth2,0.00,59.94,59.94,60,0,0.00,1.00,1.00,1,0,0.00,0.00,0,0
1544355406,2003-eth1,343718.28,16433.57,360151.84,16450,344062,166.83,174.83,341.66,175,167,0.00,0.00,0,0
1544355406,3008-eth4,1219766.25,1215620.38,2435386.75,1216836,1220986,684.32,665.33,1349.65,666,685,0.00,0.00,0,0
1544355406,1004-eth4,59.94,0.00,59.94,0,60,1.00,0.00,1.00,0,1,0.00,0.00,0,0
1544355406,3006-eth1,59.94,59.94,119.88,60,60,1.00,1.00,2.00,1,1,0.00,0.00,0,0
1544355406,1004-eth3,59.94,0.00,59.94,0,60,1.00,0.00,1.00,0,1,0.00,0.00,0,0
1544355406,1002-eth2,0.00,0.00,0.00,0,0,0.00,0.00,0.00,0,0,0.00,0.00,0,0
1544355406,3004-eth3,15838.16,685728.31,701566.44,686414,15854,230.77,254.75,485.51,255,231,0.00,0.00,0,0
1544355406,2003-eth3,1217083.00,369960.06,1587043.00,370330,1218300,575.42,564.44,1139.86,565,576,0.00,0.00,0,0
1544355406,2005-eth1,59.94,0.00,59.94,0,60,1.00,0.00,1.00,0,1,0.00,0.00,0,0
1544355406,3002-eth3,1229172.88,1218799.25,2447972.00,1220018,1230402,1067.93,926.07,1994.01,927,1069,0.00,0.00,0,0
1544355406,3006-eth3,1211670.38,1219832.25,2431502.50,1221052,1212882,671.33,685.31,1356.64,686,672,0.00,0.00,0,0
1544355406,2001-eth1,16433.57,343718.28,360151.84,344062,16450,174.83,166.83,341.66,167,175,0.00,0.00,0,0
1544355406,3005-eth2,0.00,0.00,0.00,0,0,0.00,0.00,0.00,0,0,0.00,0.00,0,0
1544355406,2001-eth2,0.00,0.00,0.00,0,0,0.00,0.00,0.00,0,0,0.00,0.00,0,0
1544355406,3007-eth2,0.00,0.00,0.00,0,0,0.00,0.00,0.00,0,0,0.00,0.00,0,0
1544355406,1001-eth1,343718.28,16433.57,360151.84,16450,344062,166.83,174.83,341.66,175,167,0.00,0.00,0,0
1544355406,3007-eth4,1215974.00,1216105.88,2432080.00,1217322,1217190,802.20,804.20,1606.39,805,803,0.00,0.00,0,0
1544355406,2003-eth2,0.00,0.00,0.00,0,0,0.00,0.00,0.00,0,0,0.00,0.00,0,0
1544355406,3007-eth3,1216105.88,1218999.00,2435105.00,1220218,1217322,804.20,804.20,1608.39,805,805,0.00,0.00,0,0
1544355406,1002-eth1,0.00,0.00,0.00,0,0,0.00,0.00,0.00,0,0,0.00,0.00,0,0
1544355406,2002-eth3,0.00,0.00,0.00,0,0,0.00,0.00,0.00,0,0,0.00,0.00,0,0
1544355406,2007-eth2,0.00,0.00,0.00,0,0,0.00,0.00,0.00,0,0,0.00,0.00,0,0
1544355406,total,22479490.00,22356770.00,44836260.00,22379126,22501968,15357.64,15181.82,30539.46,15197,15373,0.00,0.00,0,0
1544355407,3003-eth3,1224617.38,608121.88,1832739.25,608730,1225842,604.40,600.40,1204.80,601,605,0.00,0.00,0,0
1544355407,2002-eth1,0.00,0.00,0.00,0,0,0.00,0.00,0.00,0,0,0.00,0.00,0,0
1544355407,lo,3070.93,3070.93,6141.86,3074,3074,29.97,29.97,59.94,30,30,0.00,0.00,0,0
1544355407,3005-eth3,1222090.00,1225114.88,2447204.75,1226340,1223312,807.19,809.19,1616.38,810,808,0.00,0.00,0,0
1544355407,2005-eth3,0.00,0.00,0.00,0,0,0.00,0.00,0.00,0,0,0.00,0.00,0,0
1544355407,3004-eth4,28331.67,1224635.38,1252967.12,1225860,28360,419.58,441.56,861.14,442,420,0.00,0.00,0,0
1544355407,1004-eth2,41.96,0.00,41.96,0,42,1.00,0.00,1.00,0,1,0.00,0.00,0,0
1544355407,2004-eth4,14241.76,712012.00,726253.75,712724,14256,215.78,245.75,461.54,246,216,0.00,0.00,0,0
1544355407,1001-eth2,17630.37,402895.12,420525.50,403298,17648,187.81,164.84,352.65,165,188,0.00,0.00,0,0
1544355407,1003-eth3,0.00,0.00,0.00,0,0,0.00,0.00,0.00,0,0,0.00,0.00,0,0
1544355407,2002-eth4,0.00,41.96,41.96,42,0,0.00,1.00,1.00,1,0,0.00,0.00,0,0
1544355407,1001-eth4,0.00,0.00,0.00,0,0,0.00,0.00,0.00,0,0,0.00,0.00,0,0
1544355407,3001-eth2,0.00,0.00,0.00,0,0,0.00,0.00,0.00,0,0,0.00,0.00,0,0
1544355407,1004-eth1,0.00,41.96,41.96,42,0,0.00,1.00,1.00,1,0,0.00,0.00,0,0
1544355407,3005-eth4,1225114.88,1225114.88,2450229.75,1226340,1226340,809.19,809.19,1618.38,810,810,0.00,0.00,0,0
1544355407,1003-eth2,0.00,0.00,0.00,0,0,0.00,0.00,0.00,0,0,0.00,0.00,0,0
1544355407,3008-eth1,0.00,0.00,0.00,0,0,0.00,0.00,0.00,0,0,0.00,0.00,0,0
1544355407,1002-eth3,0.00,0.00,0.00,0,0,0.00,0.00,0.00,0,0,0.00,0.00,0,0
1544355407,2006-eth1,0.00,0.00,0.00,0,0,0.00,0.00,0.00,0,0,0.00,0.00,0,0
1544355407,3003-eth1,429268.75,1226006.00,1655274.75,1227232,429698,564.44,609.39,1173.83,610,565,0.00,0.00,0,0
1544355407,2001-eth3,0.00,0.00,0.00,0,0,0.00,0.00,0.00,0,0,0.00,0.00,0,0
1544355407,2008-eth2,0.00,0.00,0.00,0,0,0.00,0.00,0.00,0,0,0.00,0.00,0,0
1544355407,2008-eth3,0.00,0.00,0.00,0,0,0.00,0.00,0.00,0,0,0.00,0.00,0,0
1544355407,1001-eth3,0.00,0.00,0.00,0,0,0.00,0.00,0.00,0,0,0.00,0.00,0,0
1544355407,2007-eth4,0.00,0.00,0.00,0,0,0.00,0.00,0.00,0,0,0.00,0.00,0,0
1544355407,2004-eth2,0.00,41.96,41.96,42,0,0.00,1.00,1.00,1,0,0.00,0.00,0,0
1544355407,3002-eth1,17630.37,402895.12,420525.50,403298,17648,187.81,164.84,352.65,165,188,0.00,0.00,0,0
1544355407,3004-eth1,1219718.38,26373.63,1246092.00,26400,1220938,420.58,399.60,820.18,400,421,0.00,0.00,0,0
1544355407,2006-eth3,59.94,59.94,119.88,60,60,1.00,1.00,2.00,1,1,0.00,0.00,0,0
1544355407,3004-eth2,712012.00,14241.76,726253.75,14256,712724,245.75,215.78,461.54,216,246,0.00,0.00,0,0
1544355407,3001-eth3,1225049.00,1222090.00,2447139.00,1223312,1226274,808.19,807.19,1615.38,808,809,0.00,0.00,0,0
1544355407,2003-eth4,26373.63,1219718.38,1246092.00,1220938,26400,399.60,420.58,820.18,421,400,0.00,0.00,0,0
1544355407,2008-eth4,0.00,0.00,0.00,0,0,0.00,0.00,0.00,0,0,0.00,0.00,0,0
1544355407,3008-eth3,1215818.25,1222725.25,2438543.50,1223948,1217034,668.33,685.31,1353.65,686,669,0.00,0.00,0,0
1544355407,2005-eth2,0.00,0.00,0.00,0,0,0.00,0.00,0.00,0,0,0.00,0.00,0,0
1544355407,2006-eth4,59.94,0.00,59.94,0,60,1.00,0.00,1.00,0,1,0.00,0.00,0,0
1544355407,3006-eth2,0.00,59.94,59.94,60,0,0.00,1.00,1.00,1,0,0.00,0.00,0,0
1544355407,1003-eth4,0.00,0.00,0.00,0,0,0.00,0.00,0.00,0,0,0.00,0.00,0,0
1544355407,2006-eth2,59.94,0.00,59.94,0,60,1.00,0.00,1.00,0,1,0.00,0.00,0,0
1544355407,3001-eth1,0.00,0.00,0.00,0,0,0.00,0.00,0.00,0,0,0.00,0.00,0,0
1544355407,3008-eth2,0.00,0.00,0.00,0,0,0.00,0.00,0.00,0,0,0.00,0.00,0,0
1544355407,2004-eth3,712053.94,14241.76,726295.75,14256,712766,246.75,215.78,462.54,216,247,0.00,0.00,0,0
1544355407,3001-eth4,1222155.88,1225114.88,2447270.75,1226340,1223378,808.19,809.19,1617.38,810,809,0.00,0.00,0,0
1544355407,1003-eth1,0.00,0.00,0.00,0,0,0.00,0.00,0.00,0,0,0.00,0.00,0,0
1544355407,3002-eth2,41.96,0.00,41.96,0,42,1.00,0.00,1.00,0,1,0.00,0.00,0,0
1544355407,2005-eth4,0.00,0.00,0.00,0,0,0.00,0.00,0.00,0,0,0.00,0.00,0,0
1544355407,3003-eth2,14241.76,712053.94,726295.75,712766,14256,215.78,246.75,462.54,247,216,0.00,0.00,0,0
1544355407,2007-eth1,0.00,0.00,0.00,0,0,0.00,0.00,0.00,0,0,0.00,0.00,0,0
1544355407,1002-eth4,0.00,59.94,59.94,60,0,0.00,1.00,1.00,1,0,0.00,0.00,0,0
1544355407,3002-eth4,1206479.50,834125.88,2040605.50,834960,1207686,658.34,671.33,1329.67,672,659,0.00,0.00,0,0
1544355407,2007-eth3,59.94,59.94,119.88,60,60,1.00,1.00,2.00,1,1,0.00,0.00,0,0
1544355407,3005-eth1,0.00,0.00,0.00,0,0,0.00,0.00,0.00,0,0,0.00,0.00,0,0
1544355407,2001-eth4,402895.12,17630.37,420525.50,17648,403298,164.84,187.81,352.65,188,165,0.00,0.00,0,0
1544355407,3003-eth4,1223884.12,429268.75,1653152.88,429698,1225108,571.43,564.44,1135.86,565,572,0.00,0.00,0,0
1544355407,2004-eth1,0.00,0.00,0.00,0,0,0.00,0.00,0.00,0,0,0.00,0.00,0,0
1544355407,3006-eth4,1223120.88,1216411.62,2439532.50,1217628,1224344,691.31,677.32,1368.63,678,692,0.00,0.00,0,0
1544355407,3007-eth1,59.94,59.94,119.88,60,60,1.00,1.00,2.00,1,1,0.00,0.00,0,0
1544355407,2008-eth1,0.00,0.00,0.00,0,0,0.00,0.00,0.00,0,0,0.00,0.00,0,0
1544355407,2002-eth2,41.96,0.00,41.96,0,42,1.00,0.00,1.00,0,1,0.00,0.00,0,0
1544355407,2003-eth1,402895.12,17630.37,420525.50,17648,403298,164.84,187.81,352.65,188,165,0.00,0.00,0,0
1544355407,3008-eth4,1222725.25,1215818.25,2438543.50,1217034,1223948,685.31,668.33,1353.65,669,686,0.00,0.00,0,0
1544355407,1004-eth4,0.00,0.00,0.00,0,0,0.00,0.00,0.00,0,0,0.00,0.00,0,0
1544355407,3006-eth1,0.00,0.00,0.00,0,0,0.00,0.00,0.00,0,0,0.00,0.00,0,0
1544355407,1004-eth3,0.00,59.94,59.94,60,0,0.00,1.00,1.00,1,0,0.00,0.00,0,0
1544355407,1002-eth2,0.00,0.00,0.00,0,0,0.00,0.00,0.00,0,0,0.00,0.00,0,0
1544355407,3004-eth3,16199.80,713970.06,730169.88,714684,16216,235.76,265.73,501.50,266,236,0.00,0.00,0,0
1544355407,2003-eth3,1226006.00,429268.75,1655274.75,429698,1227232,609.39,564.44,1173.83,565,610,0.00,0.00,0,0
1544355407,2005-eth1,0.00,0.00,0.00,0,0,0.00,0.00,0.00,0,0,0.00,0.00,0,0
1544355407,3002-eth3,1230197.88,1224151.88,2454349.75,1225376,1231428,952.05,847.15,1799.20,848,953,0.00,0.00,0,0
1544355407,3006-eth3,1216411.62,1223186.88,2439598.50,1224410,1217628,677.32,692.31,1369.63,693,678,0.00,0.00,0,0
1544355407,2001-eth1,17630.37,402895.12,420525.50,403298,17648,187.81,164.84,352.65,165,188,0.00,0.00,0,0
1544355407,3005-eth2,59.94,59.94,119.88,60,60,1.00,1.00,2.00,1,1,0.00,0.00,0,0
1544355407,2001-eth2,0.00,0.00,0.00,0,0,0.00,0.00,0.00,0,0,0.00,0.00,0,0
1544355407,3007-eth2,0.00,0.00,0.00,0,0,0.00,0.00,0.00,0,0,0.00,0.00,0,0
1544355407,1001-eth1,402895.12,17630.37,420525.50,17648,403298,164.84,187.81,352.65,188,165,0.00,0.00,0,0
1544355407,3007-eth4,1222084.00,1222024.00,2444108.00,1223246,1223306,807.19,806.19,1613.39,807,808,0.00,0.00,0,0
1544355407,2003-eth2,0.00,0.00,0.00,0,0,0.00,0.00,0.00,0,0,0.00,0.00,0,0
1544355407,3007-eth3,1222090.00,1222090.00,2444180.00,1223312,1223312,807.19,807.19,1614.39,808,808,0.00,0.00,0,0
1544355407,1002-eth1,0.00,0.00,0.00,0,0,0.00,0.00,0.00,0,0,0.00,0.00,0,0
1544355407,2002-eth3,0.00,0.00,0.00,0,0,0.00,0.00,0.00,0,0,0.00,0.00,0,0
1544355407,2007-eth2,59.94,0.00,59.94,0,60,1.00,0.00,1.00,0,1,0.00,0.00,0,0
1544355407,total,22765480.00,22873074.00,45638556.00,22895946,22788244,15026.97,14978.02,30005.00,14993,15042,0.00,0.00,0,0
1544355408,3003-eth3,1222973.00,612527.50,1835500.50,613140,1224196,601.40,601.40,1202.80,602,602,0.00,0.00,0,0
1544355408,2002-eth1,0.00,0.00,0.00,0,0,0.00,0.00,0.00,0,0,0.00,0.00,0,0
1544355408,lo,0.00,0.00,0.00,0,0,0.00,0.00,0.00,0,0,0.00,0.00,0,0
1544355408,3005-eth3,1222090.00,1222090.00,2444180.00,1223312,1223312,807.19,807.19,1614.39,808,808,0.00,0.00,0,0
1544355408,2005-eth3,0.00,0.00,0.00,0,0,0.00,0.00,0.00,0,0,0.00,0.00,0,0
1544355408,3004-eth4,28331.67,1221676.38,1250008.00,1222898,28360,419.58,440.56,860.14,441,420,0.00,0.00,0,0
1544355408,1004-eth2,41.96,41.96,83.92,42,42,1.00,1.00,2.00,1,1,0.00,0.00,0,0
1544355408,2004-eth4,14373.63,738643.38,753017.00,739382,14388,217.78,254.75,472.53,255,218,0.00,0.00,0,0
1544355408,1001-eth2,7860.14,347534.47,355394.62,347882,7868,113.89,180.82,294.71,181,114,0.00,0.00,0,0
1544355408,1003-eth3,0.00,0.00,0.00,0,0,0.00,0.00,0.00,0,0,0.00,0.00,0,0
1544355408,2002-eth4,41.96,41.96,83.92,42,42,1.00,1.00,2.00,1,1,0.00,0.00,0,0
1544355408,1001-eth4,0.00,0.00,0.00,0,0,0.00,0.00,0.00,0,0,0.00,0.00,0,0
1544355408,3001-eth2,0.00,0.00,0.00,0,0,0.00,0.00,0.00,0,0,0.00,0.00,0,0
1544355408,1004-eth1,41.96,41.96,83.92,42,42,1.00,1.00,2.00,1,1,0.00,0.00,0,0
1544355408,3005-eth4,1220577.50,1222024.00,2442601.50,1223246,1221798,806.19,806.19,1612.39,807,807,0.00,0.00,0,0
1544355408,1003-eth2,0.00,0.00,0.00,0,0,0.00,0.00,0.00,0,0,0.00,0.00,0,0
1544355408,3008-eth1,0.00,0.00,0.00,0,0,0.00,0.00,0.00,0,0,0.00,0.00,0,0
1544355408,1002-eth3,0.00,0.00,0.00,0,0,0.00,0.00,0.00,0,0,0.00,0.00,0,0
1544355408,2006-eth1,0.00,0.00,0.00,0,0,0.00,0.00,0.00,0,0,0.00,0.00,0,0
1544355408,3003-eth1,373908.09,1220028.00,1593936.12,1221248,374282,580.42,561.44,1141.86,562,581,0.00,0.00,0,0
1544355408,2001-eth3,0.00,0.00,0.00,0,0,0.00,0.00,0.00,0,0,0.00,0.00,0,0
1544355408,2008-eth2,0.00,0.00,0.00,0,0,0.00,0.00,0.00,0,0,0.00,0.00,0,0
1544355408,2008-eth3,0.00,0.00,0.00,0,0,0.00,0.00,0.00,0,0,0.00,0.00,0,0
1544355408,1001-eth3,0.00,0.00,0.00,0,0,0.00,0.00,0.00,0,0,0.00,0.00,0,0
1544355408,2007-eth4,0.00,0.00,0.00,0,0,0.00,0.00,0.00,0,0,0.00,0.00,0,0
1544355408,2004-eth2,41.96,41.96,83.92,42,42,1.00,1.00,2.00,1,1,0.00,0.00,0,0
1544355408,3002-eth1,7860.14,347534.47,355394.62,347882,7868,113.89,180.82,294.71,181,114,0.00,0.00,0,0
1544355408,3004-eth1,1222677.38,26373.63,1249051.00,26400,1223900,421.58,399.60,821.18,400,422,0.00,0.00,0,0
1544355408,2006-eth3,0.00,0.00,0.00,0,0,0.00,0.00,0.00,0,0,0.00,0.00,0,0
1544355408,3004-eth2,738643.38,14373.63,753017.00,14388,739382,254.75,217.78,472.53,218,255,0.00,0.00,0,0
1544355408,3001-eth3,1220577.50,1222090.00,2442667.50,1223312,1221798,806.19,807.19,1613.39,808,807,0.00,0.00,0,0
1544355408,2003-eth4,26373.63,1222677.38,1249051.00,1223900,26400,399.60,421.58,821.18,422,400,0.00,0.00,0,0
1544355408,2008-eth4,0.00,0.00,0.00,0,0,0.00,0.00,0.00,0,0,0.00,0.00,0,0
1544355408,3008-eth3,1211280.75,1222725.25,2434006.00,1223948,1212492,665.33,685.31,1350.65,686,666,0.00,0.00,0,0
1544355408,2005-eth2,0.00,0.00,0.00,0,0,0.00,0.00,0.00,0,0,0.00,0.00,0,0
1544355408,2006-eth4,0.00,0.00,0.00,0,0,0.00,0.00,0.00,0,0,0.00,0.00,0,0
1544355408,3006-eth2,0.00,0.00,0.00,0,0,0.00,0.00,0.00,0,0,0.00,0.00,0,0
1544355408,1003-eth4,0.00,0.00,0.00,0,0,0.00,0.00,0.00,0,0,0.00,0.00,0,0
1544355408,2006-eth2,0.00,0.00,0.00,0,0,0.00,0.00,0.00,0,0,0.00,0.00,0,0
1544355408,3001-eth1,0.00,0.00,0.00,0,0,0.00,0.00,0.00,0,0,0.00,0.00,0,0
1544355408,3008-eth2,0.00,0.00,0.00,0,0,0.00,0.00,0.00,0,0,0.00,0.00,0,0
1544355408,2004-eth3,738685.31,14415.58,753100.94,14430,739424,255.74,218.78,474.53,219,256,0.00,0.00,0,0
1544355408,3001-eth4,1222024.00,1222024.00,2444048.00,1223246,1223246,806.19,806.19,1612.39,807,807,0.00,0.00,0,0
1544355408,1003-eth1,0.00,0.00,0.00,0,0,0.00,0.00,0.00,0,0,0.00,0.00,0,0
1544355408,3002-eth2,41.96,41.96,83.92,42,42,1.00,1.00,2.00,1,1,0.00,0.00,0,0
1544355408,2005-eth4,0.00,0.00,0.00,0,0,0.00,0.00,0.00,0,0,0.00,0.00,0,0
1544355408,3003-eth2,14415.58,738685.31,753100.94,739424,14430,218.78,255.74,474.53,256,219,0.00,0.00,0,0
1544355408,2007-eth1,0.00,0.00,0.00,0,0,0.00,0.00,0.00,0,0,0.00,0.00,0,0
1544355408,1002-eth4,0.00,0.00,0.00,0,0,0.00,0.00,0.00,0,0,0.00,0.00,0,0
1544355408,3002-eth4,1212797.25,899290.75,2112088.00,900190,1214010,688.31,694.31,1382.62,695,689,0.00,0.00,0,0
1544355408,2007-eth3,0.00,0.00,0.00,0,0,0.00,0.00,0.00,0,0,0.00,0.00,0,0
1544355408,3005-eth1,0.00,0.00,0.00,0,0,0.00,0.00,0.00,0,0,0.00,0.00,0,0
1544355408,2001-eth4,347534.47,7860.14,355394.62,7868,347882,180.82,113.89,294.71,114,181,0.00,0.00,0,0
1544355408,3003-eth4,1221774.25,373818.19,1595592.50,374192,1222996,595.40,579.42,1174.83,580,596,0.00,0.00,0,0
1544355408,2004-eth1,0.00,0.00,0.00,0,0,0.00,0.00,0.00,0,0,0.00,0.00,0,0
1544355408,3006-eth4,1222659.38,1211280.75,2433940.25,1212492,1223882,684.32,665.33,1349.65,666,685,0.00,0.00,0,0
1544355408,3007-eth1,0.00,0.00,0.00,0,0,0.00,0.00,0.00,0,0,0.00,0.00,0,0
1544355408,2008-eth1,0.00,0.00,0.00,0,0,0.00,0.00,0.00,0,0,0.00,0.00,0,0
1544355408,2002-eth2,41.96,41.96,83.92,42,42,1.00,1.00,2.00,1,1,0.00,0.00,0,0
1544355408,2003-eth1,347534.47,7860.14,355394.62,7868,347882,180.82,113.89,294.71,114,181,0.00,0.00,0,0
1544355408,3008-eth4,1222659.38,1211280.75,2433940.25,1212492,1223882,684.32,665.33,1349.65,666,685,0.00,0.00,0,0
1544355408,1004-eth4,0.00,0.00,0.00,0,0,0.00,0.00,0.00,0,0,0.00,0.00,0,0
1544355408,3006-eth1,0.00,0.00,0.00,0,0,0.00,0.00,0.00,0,0,0.00,0.00,0,0
1544355408,1004-eth3,0.00,0.00,0.00,0,0,0.00,0.00,0.00,0,0,0.00,0.00,0,0
1544355408,1002-eth2,0.00,0.00,0.00,0,0,0.00,0.00,0.00,0,0,0.00,0.00,0,0
1544355408,3004-eth3,16331.67,740601.44,756933.06,741342,16348,237.76,274.73,512.49,275,238,0.00,0.00,0,0
1544355408,2003-eth3,1220028.00,373908.09,1593936.12,374282,1221248,561.44,580.42,1141.86,581,562,0.00,0.00,0,0
1544355408,2005-eth1,0.00,0.00,0.00,0,0,0.00,0.00,0.00,0,0,0.00,0.00,0,0
1544355408,3002-eth3,1225057.00,1220699.38,2445756.25,1221920,1226282,852.15,803.20,1655.34,804,853,0.00,0.00,0,0
1544355408,3006-eth3,1211346.62,1222659.38,2434006.00,1223882,1212558,666.33,684.32,1350.65,685,667,0.00,0.00,0,0
1544355408,2001-eth1,7860.14,347534.47,355394.62,347882,7868,113.89,180.82,294.71,181,114,0.00,0.00,0,0
1544355408,3005-eth2,0.00,0.00,0.00,0,0,0.00,0.00,0.00,0,0,0.00,0.00,0,0
1544355408,2001-eth2,0.00,0.00,0.00,0,0,0.00,0.00,0.00,0,0,0.00,0.00,0,0
1544355408,3007-eth2,0.00,0.00,0.00,0,0,0.00,0.00,0.00,0,0,0.00,0.00,0,0
1544355408,1001-eth1,347534.47,7860.14,355394.62,7868,347882,180.82,113.89,294.71,114,181,0.00,0.00,0,0
1544355408,3007-eth4,1222090.00,1222090.00,2444180.00,1223312,1223312,807.19,807.19,1614.39,808,808,0.00,0.00,0,0
1544355408,2003-eth2,0.00,0.00,0.00,0,0,0.00,0.00,0.00,0,0,0.00,0.00,0,0
1544355408,3007-eth3,1222024.00,1222090.00,2444114.00,1223312,1223246,806.19,807.19,1613.39,808,807,0.00,0.00,0,0
1544355408,1002-eth1,0.00,0.00,0.00,0,0,0.00,0.00,0.00,0,0,0.00,0.00,0,0
1544355408,2002-eth3,0.00,0.00,0.00,0,0,0.00,0.00,0.00,0,0,0.00,0.00,0,0
1544355408,2007-eth2,0.00,0.00,0.00,0,0,0.00,0.00,0.00,0,0,0.00,0.00,0,0
1544355408,total,22540134.00,22684508.00,45224640.00,22707192,22562674,14734.27,14735.27,29469.53,14750,14749,0.00,0.00,0,0
1544355409,3003-eth3,1222577.50,605162.88,1827740.25,605768,1223800,595.40,599.40,1194.81,600,596,0.00,0.00,0,0
1544355409,2002-eth1,0.00,0.00,0.00,0,0,0.00,0.00,0.00,0,0,0.00,0.00,0,0
1544355409,lo,0.00,0.00,0.00,0,0,0.00,0.00,0.00,0,0,0.00,0.00,0,0
1544355409,3005-eth3,1222155.88,1222024.00,2444180.00,1223246,1223378,808.19,806.19,1614.39,807,809,0.00,0.00,0,0
1544355409,2005-eth3,0.00,0.00,0.00,0,0,0.00,0.00,0.00,0,0,0.00,0.00,0,0
1544355409,3004-eth4,28331.67,1223188.88,1251520.50,1224412,28360,419.58,441.56,861.14,442,420,0.00,0.00,0,0
1544355409,1004-eth2,0.00,41.96,41.96,42,0,0.00,1.00,1.00,1,0,0.00,0.00,0,0
1544355409,2004-eth4,14637.36,772705.31,787342.69,773478,14652,221.78,266.73,488.51,267,222,0.00,0.00,0,0
1544355409,1001-eth2,6857.14,371330.69,378187.81,371702,6864,103.90,146.85,250.75,147,104,0.00,0.00,0,0
1544355409,1003-eth3,0.00,0.00,0.00,0,0,0.00,0.00,0.00,0,0,0.00,0.00,0,0
1544355409,2002-eth4,41.96,0.00,41.96,0,42,1.00,0.00,1.00,0,1,0.00,0.00,0,0
1544355409,1001-eth4,0.00,0.00,0.00,0,0,0.00,0.00,0.00,0,0,0.00,0.00,0,0
1544355409,3001-eth2,0.00,0.00,0.00,0,0,0.00,0.00,0.00,0,0,0.00,0.00,0,0
1544355409,1004-eth1,41.96,0.00,41.96,0,42,1.00,0.00,1.00,0,1,0.00,0.00,0,0
1544355409,3005-eth4,1222155.88,1222090.00,2444245.75,1223312,1223378,808.19,807.19,1615.38,808,809,0.00,0.00,0,0
1544355409,1003-eth2,0.00,0.00,0.00,0,0,0.00,0.00,0.00,0,0,0.00,0.00,0,0
1544355409,3008-eth1,0.00,0.00,0.00,0,0,0.00,0.00,0.00,0,0,0.00,0.00,0,0
1544355409,1002-eth3,0.00,0.00,0.00,0,0,0.00,0.00,0.00,0,0,0.00,0.00,0,0
1544355409,2006-eth1,0.00,0.00,0.00,0,0,0.00,0.00,0.00,0,0,0.00,0.00,0,0
1544355409,3003-eth1,397704.31,1226245.75,1623950.12,1227472,398102,546.45,519.48,1065.93,520,547,0.00,0.00,0,0
1544355409,2001-eth3,0.00,0.00,0.00,0,0,0.00,0.00,0.00,0,0,0.00,0.00,0,0
1544355409,2008-eth2,0.00,0.00,0.00,0,0,0.00,0.00,0.00,0,0,0.00,0.00,0,0
1544355409,2008-eth3,0.00,0.00,0.00,0,0,0.00,0.00,0.00,0,0,0.00,0.00,0,0
1544355409,1001-eth3,0.00,0.00,0.00,0,0,0.00,0.00,0.00,0,0,0.00,0.00,0,0
1544355409,2007-eth4,0.00,0.00,0.00,0,0,0.00,0.00,0.00,0,0,0.00,0.00,0,0
1544355409,2004-eth2,41.96,0.00,41.96,0,42,1.00,0.00,1.00,0,1,0.00,0.00,0,0
1544355409,3002-eth1,6857.14,371330.69,378187.81,371702,6864,103.90,146.85,250.75,147,104,0.00,0.00,0,0
1544355409,3004-eth1,1221230.75,26373.63,1247604.38,26400,1222452,421.58,399.60,821.18,400,422,0.00,0.00,0,0
1544355409,2006-eth3,0.00,0.00,0.00,0,0,0.00,0.00,0.00,0,0,0.00,0.00,0,0
1544355409,3004-eth2,772705.31,14637.36,787342.69,14652,773478,266.73,221.78,488.51,222,267,0.00,0.00,0,0
1544355409,3001-eth3,1222155.88,1222155.88,2444311.75,1223378,1223378,808.19,808.19,1616.38,809,809,0.00,0.00,0,0
1544355409,2003-eth4,26373.63,1221230.75,1247604.38,1222452,26400,399.60,421.58,821.18,422,400,0.00,0.00,0,0
1544355409,2008-eth4,0.00,0.00,0.00,0,0,0.00,0.00,0.00,0,0,0.00,0.00,0,0
1544355409,3008-eth3,1215818.25,1224171.88,2439990.00,1225396,1217034,668.33,685.31,1353.65,686,669,0.00,0.00,0,0
1544355409,2005-eth2,0.00,0.00,0.00,0,0,0.00,0.00,0.00,0,0,0.00,0.00,0,0
1544355409,2006-eth4,0.00,0.00,0.00,0,0,0.00,0.00,0.00,0,0,0.00,0.00,0,0
1544355409,3006-eth2,0.00,0.00,0.00,0,0,0.00,0.00,0.00,0,0,0.00,0.00,0,0
1544355409,1003-eth4,0.00,0.00,0.00,0,0,0.00,0.00,0.00,0,0,0.00,0.00,0,0
1544355409,2006-eth2,0.00,0.00,0.00,0,0,0.00,0.00,0.00,0,0,0.00,0.00,0,0
1544355409,3001-eth1,0.00,0.00,0.00,0,0,0.00,0.00,0.00,0,0,0.00,0.00,0,0
1544355409,3008-eth2,0.00,0.00,0.00,0,0,0.00,0.00,0.00,0,0,0.00,0.00,0,0
1544355409,2004-eth3,772705.31,14679.32,787384.62,14694,773478,266.73,222.78,489.51,223,267,0.00,0.00,0,0
1544355409,3001-eth4,1222155.88,1222090.00,2444245.75,1223312,1223378,808.19,807.19,1615.38,808,809,0.00,0.00,0,0
1544355409,1003-eth1,0.00,0.00,0.00,0,0,0.00,0.00,0.00,0,0,0.00,0.00,0,0
1544355409,3002-eth2,0.00,41.96,41.96,42,0,0.00,1.00,1.00,1,0,0.00,0.00,0,0
1544355409,2005-eth4,0.00,0.00,0.00,0,0,0.00,0.00,0.00,0,0,0.00,0.00,0,0
1544355409,3003-eth2,14679.32,772705.31,787384.62,773478,14694,222.78,266.73,489.51,267,223,0.00,0.00,0,0
1544355409,2007-eth1,0.00,0.00,0.00,0,0,0.00,0.00,0.00,0,0,0.00,0.00,0,0
1544355409,1002-eth4,0.00,0.00,0.00,0,0,0.00,0.00,0.00,0,0,0.00,0.00,0,0
1544355409,3002-eth4,1217400.62,898042.00,2115442.50,898940,1218618,692.31,697.30,1389.61,698,693,0.00,0.00,0,0
1544355409,2007-eth3,0.00,0.00,0.00,0,0,0.00,0.00,0.00,0,0,0.00,0.00,0,0
1544355409,3005-eth1,0.00,0.00,0.00,0,0,0.00,0.00,0.00,0,0,0.00,0.00,0,0
1544355409,2001-eth4,371330.69,6857.14,378187.81,6864,371702,146.85,103.90,250.75,104,147,0.00,0.00,0,0
1544355409,3003-eth4,1224018.00,397746.25,1621764.25,398144,1225242,564.44,547.45,1111.89,548,565,0.00,0.00,0,0
1544355409,2004-eth1,0.00,0.00,0.00,0,0,0.00,0.00,0.00,0,0,0.00,0.00,0,0
1544355409,3006-eth4,1222791.25,1215818.25,2438609.50,1217034,1224014,686.31,668.33,1354.65,669,687,0.00,0.00,0,0
1544355409,3007-eth1,0.00,0.00,0.00,0,0,0.00,0.00,0.00,0,0,0.00,0.00,0,0
1544355409,2008-eth1,0.00,0.00,0.00,0,0,0.00,0.00,0.00,0,0,0.00,0.00,0,0
1544355409,2002-eth2,0.00,41.96,41.96,42,0,0.00,1.00,1.00,1,0,0.00,0.00,0,0
1544355409,2003-eth1,371330.69,6857.14,378187.81,6864,371702,146.85,103.90,250.75,104,147,0.00,0.00,0,0
1544355409,3008-eth4,1222725.25,1215752.25,2438477.50,1216968,1223948,685.31,667.33,1352.65,668,686,0.00,0.00,0,0
1544355409,1004-eth4,0.00,0.00,0.00,0,0,0.00,0.00,0.00,0,0,0.00,0.00,0,0
1544355409,3006-eth1,0.00,0.00,0.00,0,0,0.00,0.00,0.00,0,0,0.00,0.00,0,0
1544355409,1004-eth3,0.00,0.00,0.00,0,0,0.00,0.00,0.00,0,0,0.00,0.00,0,0
1544355409,1002-eth2,0.00,0.00,0.00,0,0,0.00,0.00,0.00,0,0,0.00,0.00,0,0
1544355409,3004-eth3,16595.40,774663.38,791258.75,775438,16612,241.76,286.71,528.47,287,242,0.00,0.00,0,0
1544355409,2003-eth3,1226245.75,397704.31,1623950.12,398102,1227472,519.48,546.45,1065.93,547,520,0.00,0.00,0,0
1544355409,2005-eth1,0.00,0.00,0.00,0,0,0.00,0.00,0.00,0,0,0.00,0.00,0,0
1544355409,3002-eth3,1229240.75,1224257.75,2453498.50,1225482,1230470,850.15,796.20,1646.35,797,851,0.00,0.00,0,0
1544355409,3006-eth3,1215884.12,1222791.25,2438675.50,1224014,1217100,669.33,686.31,1355.64,687,670,0.00,0.00,0,0
1544355409,2001-eth1,6857.14,371330.69,378187.81,371702,6864,103.90,146.85,250.75,147,104,0.00,0.00,0,0
1544355409,3005-eth2,0.00,0.00,0.00,0,0,0.00,0.00,0.00,0,0,0.00,0.00,0,0
1544355409,2001-eth2,0.00,0.00,0.00,0,0,0.00,0.00,0.00,0,0,0.00,0.00,0,0
1544355409,3007-eth2,0.00,0.00,0.00,0,0,0.00,0.00,0.00,0,0,0.00,0.00,0,0
1544355409,1001-eth1,371330.69,6857.14,378187.81,6864,371702,146.85,103.90,250.75,104,147,0.00,0.00,0,0
1544355409,3007-eth4,1225114.88,1222221.75,2447336.75,1223444,1226340,809.19,809.19,1618.38,810,810,0.00,0.00,0,0
1544355409,2003-eth2,0.00,0.00,0.00,0,0,0.00,0.00,0.00,0,0,0.00,0.00,0,0
1544355409,3007-eth3,1222221.75,1222090.00,2444311.75,1223312,1223444,809.19,807.19,1616.38,808,810,0.00,0.00,0,0
1544355409,1002-eth1,0.00,0.00,0.00,0,0,0.00,0.00,0.00,0,0,0.00,0.00,0,0
1544355409,2002-eth3,0.00,0.00,0.00,0,0,0.00,0.00,0.00,0,0,0.00,0.00,0,0
1544355409,2007-eth2,0.00,0.00,0.00,0,0,0.00,0.00,0.00,0,0,0.00,0.00,0,0
1544355409,total,22732314.00,22915238.00,45647552.00,22938152,22755046,14544.46,14541.46,29085.91,14556,14559,0.00,0.00,0,0
1544355410,3003-eth3,1222511.50,616999.00,1839510.50,617616,1223734,594.41,603.40,1197.80,604,595,0.00,0.00,0,0
1544355410,2002-eth1,0.00,0.00,0.00,0,0,0.00,0.00,0.00,0,0,0.00,0.00,0,0
1544355410,lo,6403.60,6403.60,12807.19,6410,6410,87.91,87.91,175.82,88,88,0.00,0.00,0,0
1544355410,3005-eth3,1225174.88,1222155.88,2447330.75,1223378,1226400,810.19,808.19,1618.38,809,811,0.00,0.00,0,0
1544355410,2005-eth3,0.00,59.94,59.94,60,0,0.00,1.00,1.00,1,0,0.00,0.00,0,0
1544355410,3004-eth4,28331.67,1221676.38,1250008.00,1222898,28360,419.58,440.56,860.14,441,420,0.00,0.00,0,0
1544355410,1004-eth2,0.00,0.00,0.00,0,0,0.00,0.00,0.00,0,0,0.00,0.00,0,0
1544355410,2004-eth4,15098.90,817090.94,832189.81,817908,15114,228.77,281.72,510.49,282,229,0.00,0.00,0,0
1544355410,1001-eth2,7648.35,337528.47,345176.84,337866,7656,115.88,116.88,232.77,117,116,0.00,0.00,0,0
1544355410,1003-eth3,0.00,59.94,59.94,60,0,0.00,1.00,1.00,1,0,0.00,0.00,0,0
1544355410,2002-eth4,0.00,0.00,0.00,0,0,0.00,0.00,0.00,0,0,0.00,0.00,0,0
1544355410,1001-eth4,0.00,0.00,0.00,0,0,0.00,0.00,0.00,0,0,0.00,0.00,0,0
1544355410,3001-eth2,0.00,0.00,0.00,0,0,0.00,0.00,0.00,0,0,0.00,0.00,0,0
1544355410,1004-eth1,0.00,0.00,0.00,0,0,0.00,0.00,0.00,0,0,0.00,0.00,0,0
1544355410,3005-eth4,1222149.88,1220577.50,2442727.25,1221798,1223372,808.19,806.19,1614.39,807,809,0.00,0.00,0,0
1544355410,1003-eth2,0.00,0.00,0.00,0,0,0.00,0.00,0.00,0,0,0.00,0.00,0,0
1544355410,3008-eth1,59.94,0.00,59.94,0,60,1.00,0.00,1.00,0,1,0.00,0.00,0,0
1544355410,1002-eth3,59.94,0.00,59.94,0,60,1.00,0.00,1.00,0,1,0.00,0.00,0,0
1544355410,2006-eth1,59.94,0.00,59.94,0,60,1.00,0.00,1.00,0,1,0.00,0.00,0,0
1544355410,3003-eth1,363902.09,1220987.00,1584889.12,1222208,364266,516.48,527.47,1043.96,528,517,0.00,0.00,0,0
1544355410,2001-eth3,0.00,0.00,0.00,0,0,0.00,0.00,0.00,0,0,0.00,0.00,0,0
1544355410,2008-eth2,0.00,0.00,0.00,0,0,0.00,0.00,0.00,0,0,0.00,0.00,0,0
1544355410,2008-eth3,0.00,59.94,59.94,60,0,0.00,1.00,1.00,1,0,0.00,0.00,0,0
1544355410,1001-eth3,0.00,0.00,0.00,0,0,0.00,0.00,0.00,0,0,0.00,0.00,0,0
1544355410,2007-eth4,0.00,59.94,59.94,60,0,0.00,1.00,1.00,1,0,0.00,0.00,0,0
1544355410,2004-eth2,0.00,0.00,0.00,0,0,0.00,0.00,0.00,0,0,0.00,0.00,0,0
1544355410,3002-eth1,7648.35,337528.47,345176.84,337866,7656,115.88,116.88,232.77,117,116,0.00,0.00,0,0
1544355410,3004-eth1,1219718.38,26373.63,1246092.00,26400,1220938,420.58,399.60,820.18,400,421,0.00,0.00,0,0
1544355410,2006-eth3,0.00,0.00,0.00,0,0,0.00,0.00,0.00,0,0,0.00,0.00,0,0
1544355410,3004-eth2,817090.94,15098.90,832189.81,15114,817908,281.72,228.77,510.49,229,282,0.00,0.00,0,0
1544355410,3001-eth3,1222084.00,1225049.00,2447133.00,1226274,1223306,807.19,808.19,1615.38,809,808,0.00,0.00,0,0
1544355410,2003-eth4,26373.63,1219718.38,1246092.00,1220938,26400,399.60,420.58,820.18,421,400,0.00,0.00,0,0
1544355410,2008-eth4,0.00,0.00,0.00,0,0,0.00,0.00,0.00,0,0,0.00,0.00,0,0
1544355410,3008-eth3,1215752.25,1219700.38,2435452.50,1220920,1216968,667.33,683.32,1350.65,684,668,0.00,0.00,0,0
1544355410,2005-eth2,0.00,59.94,59.94,60,0,0.00,1.00,1.00,1,0,0.00,0.00,0,0
1544355410,2006-eth4,0.00,0.00,0.00,0,0,0.00,0.00,0.00,0,0,0.00,0.00,0,0
1544355410,3006-eth2,0.00,0.00,0.00,0,0,0.00,0.00,0.00,0,0,0.00,0.00,0,0
1544355410,1003-eth4,0.00,0.00,0.00,0,0,0.00,0.00,0.00,0,0,0.00,0.00,0,0
1544355410,2006-eth2,0.00,0.00,0.00,0,0,0.00,0.00,0.00,0,0,0.00,0.00,0,0
1544355410,3001-eth1,0.00,0.00,0.00,0,0,0.00,0.00,0.00,0,0,0.00,0.00,0,0
1544355410,3008-eth2,0.00,0.00,0.00,0,0,0.00,0.00,0.00,0,0,0.00,0.00,0,0
1544355410,2004-eth3,817090.94,15098.90,832189.81,15114,817908,281.72,228.77,510.49,229,282,0.00,0.00,0,0
1544355410,3001-eth4,1222084.00,1222090.00,2444174.00,1223312,1223306,807.19,807.19,1614.39,808,808,0.00,0.00,0,0
1544355410,1003-eth1,0.00,0.00,0.00,0,0,0.00,0.00,0.00,0,0,0.00,0.00,0,0
1544355410,3002-eth2,0.00,0.00,0.00,0,0,0.00,0.00,0.00,0,0,0.00,0.00,0,0
1544355410,2005-eth4,0.00,0.00,0.00,0,0,0.00,0.00,0.00,0,0,0.00,0.00,0,0
1544355410,3003-eth2,15098.90,817090.94,832189.81,817908,15114,228.77,281.72,510.49,282,229,0.00,0.00,0,0
1544355410,2007-eth1,0.00,0.00,0.00,0,0,0.00,0.00,0.00,0,0,0.00,0.00,0,0
1544355410,1002-eth4,0.00,0.00,0.00,0,0,0.00,0.00,0.00,0,0,0.00,0.00,0,0
1544355410,3002-eth4,1214309.75,878709.31,2093019.00,879588,1215524,689.31,689.31,1378.62,690,690,0.00,0.00,0,0
1544355410,2007-eth3,0.00,0.00,0.00,0,0,0.00,0.00,0.00,0,0,0.00,0.00,0,0
1544355410,3005-eth1,59.94,0.00,59.94,0,60,1.00,0.00,1.00,0,1,0.00,0.00,0,0
1544355410,2001-eth4,337528.47,7648.35,345176.84,7656,337866,116.88,115.88,232.77,116,117,0.00,0.00,0,0
1544355410,3003-eth4,1224601.38,364033.97,1588635.38,364398,1225826,516.48,518.48,1034.97,519,517,0.00,0.00,0,0
1544355410,2004-eth1,0.00,0.00,0.00,0,0,0.00,0.00,0.00,0,0,0.00,0.00,0,0
1544355410,3006-eth4,1223722.25,1218133.88,2441856.25,1219352,1224946,744.26,747.25,1491.51,748,745,0.00,0.00,0,0
1544355410,3007-eth1,0.00,0.00,0.00,0,0,0.00,0.00,0.00,0,0,0.00,0.00,0,0
1544355410,2008-eth1,0.00,0.00,0.00,0,0,0.00,0.00,0.00,0,0,0.00,0.00,0,0
1544355410,2002-eth2,0.00,0.00,0.00,0,0,0.00,0.00,0.00,0,0,0.00,0.00,0,0
1544355410,2003-eth1,337528.47,7648.35,345176.84,7656,337866,116.88,115.88,232.77,116,117,0.00,0.00,0,0
1544355410,3008-eth4,1221272.75,1215818.25,2437091.00,1217034,1222494,685.31,668.33,1353.65,669,686,0.00,0.00,0,0
1544355410,1004-eth4,0.00,0.00,0.00,0,0,0.00,0.00,0.00,0,0,0.00,0.00,0,0
1544355410,3006-eth1,0.00,0.00,0.00,0,0,0.00,0.00,0.00,0,0,0.00,0.00,0,0
1544355410,1004-eth3,0.00,0.00,0.00,0,0,0.00,0.00,0.00,0,0,0.00,0.00,0,0
1544355410,1002-eth2,0.00,0.00,0.00,0,0,0.00,0.00,0.00,0,0,0.00,0.00,0,0
1544355410,3004-eth3,16959.04,822008.00,838967.06,822830,16976,247.75,302.70,550.45,303,248,0.00,0.00,0,0
1544355410,2003-eth3,1220987.00,363902.09,1584889.12,364266,1222208,527.47,516.48,1043.96,517,528,0.00,0.00,0,0
1544355410,2005-eth1,0.00,0.00,0.00,0,0,0.00,0.00,0.00,0,0,0.00,0.00,0,0
1544355410,3002-eth3,1224695.38,1222024.00,2446719.25,1223246,1225920,803.20,806.19,1609.39,807,804,0.00,0.00,0,0
1544355410,3006-eth3,1218002.00,1223854.12,2441856.25,1225078,1219220,745.25,746.25,1491.51,747,746,0.00,0.00,0,0
1544355410,2001-eth1,7648.35,337528.47,345176.84,337866,7656,115.88,116.88,232.77,117,116,0.00,0.00,0,0
1544355410,3005-eth2,0.00,0.00,0.00,0,0,0.00,0.00,0.00,0,0,0.00,0.00,0,0
1544355410,2001-eth2,0.00,0.00,0.00,0,0,0.00,0.00,0.00,0,0,0.00,0.00,0,0
1544355410,3007-eth2,59.94,0.00,59.94,0,60,1.00,0.00,1.00,0,1,0.00,0.00,0,0
1544355410,1001-eth1,337528.47,7648.35,345176.84,7656,337866,116.88,115.88,232.77,116,117,0.00,0.00,0,0
1544355410,3007-eth4,1222090.00,1225049.00,2447139.00,1226274,1223312,807.19,808.19,1615.38,809,808,0.00,0.00,0,0
1544355410,2003-eth2,0.00,0.00,0.00,0,0,0.00,0.00,0.00,0,0,0.00,0.00,0,0
1544355410,3007-eth3,1225043.00,1225049.00,2450092.00,1226274,1226268,808.19,808.19,1616.38,809,809,0.00,0.00,0,0
1544355410,1002-eth1,0.00,0.00,0.00,0,0,0.00,0.00,0.00,0,0,0.00,0.00,0,0
1544355410,2002-eth3,0.00,0.00,0.00,0,0,0.00,0.00,0.00,0,0,0.00,0.00,0,0
1544355410,2007-eth2,0.00,0.00,0.00,0,0,0.00,0.00,0.00,0,0,0.00,0.00,0,0
1544355410,total,22686378.00,22880522.00,45566900.00,22903402,22709064,14637.36,14728.27,29365.64,14743,14652,0.00,0.00,0,0
1544355411,3003-eth3,1222109.88,616933.06,1839043.00,617550,1223332,588.41,602.40,1190.81,603,589,0.00,0.00,0,0
1544355411,2002-eth1,59.94,0.00,59.94,0,60,1.00,0.00,1.00,0,1,0.00,0.00,0,0
1544355411,lo,99664.34,99664.34,199328.67,99764,99764,297.70,297.70,595.40,298,298,0.00,0.00,0,0
1544355411,3005-eth3,1218999.00,1214593.50,2433592.50,1215808,1220218,804.20,803.20,1607.39,804,805,0.00,0.00,0,0
1544355411,2005-eth3,0.00,0.00,0.00,0,0,0.00,0.00,0.00,0,0,0.00,0.00,0,0
1544355411,3004-eth4,28199.80,1221578.50,1249778.25,1222800,28228,417.58,439.56,857.14,440,418,0.00,0.00,0,0
1544355411,1004-eth2,0.00,0.00,0.00,0,0,0.00,0.00,0.00,0,0,0.00,0.00,0,0
1544355411,2004-eth4,15164.84,845234.81,860399.62,846080,15180,229.77,291.71,521.48,292,230,0.00,0.00,0,0
1544355411,1001-eth2,7186.81,358241.78,365428.59,358600,7194,108.89,123.88,232.77,124,109,0.00,0.00,0,0
1544355411,1003-eth3,0.00,0.00,0.00,0,0,0.00,0.00,0.00,0,0,0.00,0.00,0,0
1544355411,2002-eth4,59.94,0.00,59.94,0,60,1.00,0.00,1.00,0,1,0.00,0.00,0,0
1544355411,1001-eth4,0.00,59.94,59.94,60,0,0.00,1.00,1.00,1,0,0.00,0.00,0,0
1544355411,3001-eth2,0.00,59.94,59.94,60,0,0.00,1.00,1.00,1,0,0.00,0.00,0,0
1544355411,1004-eth1,0.00,59.94,59.94,60,0,0.00,1.00,1.00,1,0,0.00,0.00,0,0
1544355411,3005-eth4,1219130.88,1219065.00,2438195.75,1220284,1220350,806.19,805.19,1611.39,806,807,0.00,0.00,0,0
1544355411,1003-eth2,0.00,59.94,59.94,60,0,0.00,1.00,1.00,1,0,0.00,0.00,0,0
1544355411,3008-eth1,0.00,0.00,0.00,0,0,0.00,0.00,0.00,0,0,0.00,0.00,0,0
1544355411,1002-eth3,0.00,0.00,0.00,0,0,0.00,0.00,0.00,0,0,0.00,0.00,0,0
1544355411,2006-eth1,0.00,0.00,0.00,0,0,0.00,0.00,0.00,0,0,0.00,0.00,0,0
1544355411,3003-eth1,384609.41,1219870.12,1604479.62,1221090,384994,523.48,532.47,1055.94,533,524,0.00,0.00,0,0
1544355411,2001-eth3,59.94,59.94,119.88,60,60,1.00,1.00,2.00,1,1,0.00,0.00,0,0
1544355411,2008-eth2,0.00,0.00,0.00,0,0,0.00,0.00,0.00,0,0,0.00,0.00,0,0
1544355411,2008-eth3,0.00,0.00,0.00,0,0,0.00,0.00,0.00,0,0,0.00,0.00,0,0
1544355411,1001-eth3,0.00,0.00,0.00,0,0,0.00,0.00,0.00,0,0,0.00,0.00,0,0
1544355411,2007-eth4,0.00,0.00,0.00,0,0,0.00,0.00,0.00,0,0,0.00,0.00,0,0
1544355411,2004-eth2,0.00,0.00,0.00,0,0,0.00,0.00,0.00,0,0,0.00,0.00,0,0
1544355411,3002-eth1,7186.81,358301.72,365488.53,358660,7194,108.89,124.88,233.77,125,109,0.00,0.00,0,0
1544355411,3004-eth1,1216759.25,26241.76,1243001.00,26268,1217976,419.58,397.60,817.18,398,420,0.00,0.00,0,0
1544355411,2006-eth3,0.00,0.00,0.00,0,0,0.00,0.00,0.00,0,0,0.00,0.00,0,0
1544355411,3004-eth2,845234.81,15164.84,860399.62,15180,846080,291.71,229.77,521.48,230,292,0.00,0.00,0,0
1544355411,3001-eth3,1219065.00,1218999.00,2438064.00,1220218,1220284,805.19,804.20,1609.39,805,806,0.00,0.00,0,0
1544355411,2003-eth4,26241.76,1216759.25,1243001.00,1217976,26268,397.60,419.58,817.18,420,398,0.00,0.00,0,0
1544355411,2008-eth4,0.00,59.94,59.94,60,0,0.00,1.00,1.00,1,0,0.00,0.00,0,0
1544355411,3008-eth3,1206869.12,1216807.25,2423676.50,1218024,1208076,664.34,683.32,1347.65,684,665,0.00,0.00,0,0
1544355411,2005-eth2,0.00,0.00,0.00,0,0,0.00,0.00,0.00,0,0,0.00,0.00,0,0
1544355411,2006-eth4,0.00,0.00,0.00,0,0,0.00,0.00,0.00,0,0,0.00,0.00,0,0
1544355411,3006-eth2,0.00,0.00,0.00,0,0,0.00,0.00,0.00,0,0,0.00,0.00,0,0
1544355411,1003-eth4,0.00,0.00,0.00,0,0,0.00,0.00,0.00,0,0,0.00,0.00,0,0
1544355411,2006-eth2,0.00,0.00,0.00,0,0,0.00,0.00,0.00,0,0,0.00,0.00,0,0
1544355411,3001-eth1,59.94,59.94,119.88,60,60,1.00,1.00,2.00,1,1,0.00,0.00,0,0
1544355411,3008-eth2,59.94,0.00,59.94,0,60,1.00,0.00,1.00,0,1,0.00,0.00,0,0
1544355411,2004-eth3,845234.81,15224.78,860459.56,15240,846080,291.71,230.77,522.48,231,292,0.00,0.00,0,0
1544355411,3001-eth4,1215974.00,1217486.50,2433460.50,1218704,1217190,802.20,803.20,1605.39,804,803,0.00,0.00,0,0
1544355411,1003-eth1,0.00,59.94,59.94,60,0,0.00,1.00,1.00,1,0,0.00,0.00,0,0
1544355411,3002-eth2,0.00,59.94,59.94,60,0,0.00,1.00,1.00,1,0,0.00,0.00,0,0
1544355411,2005-eth4,0.00,0.00,0.00,0,0,0.00,0.00,0.00,0,0,0.00,0.00,0,0
1544355411,3003-eth2,15224.78,845234.81,860459.56,846080,15240,230.77,291.71,522.48,292,231,0.00,0.00,0,0
1544355411,2007-eth1,59.94,0.00,59.94,0,60,1.00,0.00,1.00,0,1,0.00,0.00,0,0
1544355411,1002-eth4,59.94,0.00,59.94,0,60,1.00,0.00,1.00,0,1,0.00,0.00,0,0
1544355411,3002-eth4,1211812.25,891860.19,2103672.50,892752,1213024,695.30,691.31,1386.61,692,696,0.00,0.00,0,0
1544355411,2007-eth3,0.00,0.00,0.00,0,0,0.00,0.00,0.00,0,0,0.00,0.00,0,0
1544355411,3005-eth1,0.00,0.00,0.00,0,0,0.00,0.00,0.00,0,0,0.00,0.00,0,0
1544355411,2001-eth4,358301.72,7186.81,365488.53,7194,358660,124.88,108.89,233.77,109,125,0.00,0.00,0,0
1544355411,3003-eth4,1219800.25,384615.41,1604415.62,385000,1221020,509.49,523.48,1032.97,524,510,0.00,0.00,0,0
1544355411,2004-eth1,59.94,0.00,59.94,0,60,1.00,0.00,1.00,0,1,0.00,0.00,0,0
1544355411,3006-eth4,1214721.25,1216365.62,2431087.00,1217582,1215936,783.22,786.21,1569.43,787,784,0.00,0.00,0,0
1544355411,3007-eth1,0.00,0.00,0.00,0,0,0.00,0.00,0.00,0,0,0.00,0.00,0,0
1544355411,2008-eth1,0.00,0.00,0.00,0,0,0.00,0.00,0.00,0,0,0.00,0.00,0,0
1544355411,2002-eth2,59.88,0.00,59.88,0,60,1.00,0.00,1.00,0,1,0.00,0.00,0,0
1544355411,2003-eth1,357884.25,7179.64,365063.88,7194,358600,123.75,108.78,232.53,109,124,0.00,0.00,0,0
1544355411,3008-eth4,1215527.00,1205539.00,2421066.00,1207950,1217958,681.64,661.68,1343.31,663,683,0.00,0.00,0,0
1544355411,1004-eth4,0.00,0.00,0.00,0,0,0.00,0.00,0.00,0,0,0.00,0.00,0,0
1544355411,3006-eth1,0.00,0.00,0.00,0,0,0.00,0.00,0.00,0,0,0.00,0.00,0,0
1544355411,1004-eth3,0.00,0.00,0.00,0,0,0.00,0.00,0.00,0,0,0.00,0.00,0,0
1544355411,1002-eth2,59.88,0.00,59.88,0,60,1.00,0.00,1.00,0,1,0.00,0.00,0,0
1544355411,3004-eth3,17105.79,843391.25,860497.00,845078,17140,249.50,310.38,559.88,311,250,0.00,0.00,0,0
1544355411,2003-eth3,1218652.75,384225.56,1602878.25,384994,1221090,531.94,522.95,1054.89,524,533,0.00,0.00,0,0
1544355411,2005-eth1,0.00,0.00,0.00,0,0,0.00,0.00,0.00,0,0,0.00,0.00,0,0
1544355411,3002-eth3,1215287.50,1217716.62,2433004.00,1220152,1217718,809.38,802.40,1611.78,804,811,0.00,0.00,0,0
1544355411,3006-eth3,1216596.88,1219487.00,2436084.00,1221926,1219030,785.43,785.43,1570.86,787,787,0.00,0.00,0,0
1544355411,2001-eth1,7179.64,357944.12,365123.75,358660,7194,108.78,124.75,233.53,125,109,0.00,0.00,0,0
1544355411,3005-eth2,0.00,0.00,0.00,0,0,0.00,0.00,0.00,0,0,0.00,0.00,0,0
1544355411,2001-eth2,0.00,59.88,59.88,60,0,0.00,1.00,1.00,1,0,0.00,0.00,0,0
1544355411,3007-eth2,0.00,0.00,0.00,0,0,0.00,0.00,0.00,0,0,0.00,0.00,0,0
1544355411,1001-eth1,357944.12,7179.64,365123.75,7194,358660,124.75,108.78,233.53,109,125,0.00,0.00,0,0
1544355411,3007-eth4,1217848.38,1217782.50,2435630.75,1220218,1220284,804.39,803.39,1607.78,805,806,0.00,0.00,0,0
1544355411,2003-eth2,0.00,59.88,59.88,60,0,0.00,1.00,1.00,1,0,0.00,0.00,0,0
1544355411,3007-eth3,1217914.25,1217848.38,2435762.50,1220284,1220350,805.39,804.39,1609.78,806,807,0.00,0.00,0,0
1544355411,1002-eth1,59.88,0.00,59.88,0,60,1.00,0.00,1.00,0,1,0.00,0.00,0,0
1544355411,2002-eth3,59.88,0.00,59.88,0,60,1.00,0.00,1.00,0,1,0.00,0.00,0,0
1544355411,2007-eth2,0.00,59.88,59.88,60,0,0.00,1.00,1.00,1,0,0.00,0.00,0,0
1544355411,total,22825382.00,23089046.00,45914428.00,23135224,22871032,14928.14,15025.95,29954.09,15056,14958,0.00,0.00,0,0
1544355412,3003-eth3,1220764.50,631229.56,1851994.12,632492,1223206,585.83,608.78,1194.61,610,587,0.00,0.00,0,0
1544355412,2002-eth1,0.00,59.88,59.88,60,0,0.00,1.00,1.00,1,0,0.00,0.00,0,0
1544355412,lo,7772.46,7772.46,15544.91,7788,7788,75.85,75.85,151.70,76,76,0.00,0.00,0,0
1544355412,3005-eth3,1222048.00,1220405.25,2442453.25,1222846,1224492,780.44,777.45,1557.88,779,782,0.00,0.00,0,0
1544355412,2005-eth3,0.00,0.00,0.00,0,0,0.00,0.00,0.00,0,0,0.00,0.00,0,0
1544355412,3004-eth4,26968.06,1223554.88,1250523.00,1226002,27022,406.19,428.14,834.33,429,407,0.00,0.00,0,0
1544355412,1004-eth2,0.00,0.00,0.00,0,0,0.00,0.00,0.00,0,0,0.00,0.00,0,0
1544355412,2004-eth4,15604.79,891688.62,907293.44,893472,15636,236.53,307.39,543.91,308,237,0.00,0.00,0,0
1544355412,1001-eth2,7634.73,350520.97,358155.69,351222,7650,115.77,121.76,237.52,122,116,0.00,0.00,0,0
1544355412,1003-eth3,59.88,0.00,59.88,0,60,1.00,0.00,1.00,0,1,0.00,0.00,0,0
1544355412,2002-eth4,0.00,0.00,0.00,0,0,0.00,0.00,0.00,0,0,0.00,0.00,0,0
1544355412,1001-eth4,59.88,0.00,59.88,0,60,1.00,0.00,1.00,0,1,0.00,0.00,0,0
1544355412,3001-eth2,0.00,0.00,0.00,0,0,0.00,0.00,0.00,0,0,0.00,0.00,0,0
1544355412,1004-eth1,0.00,0.00,0.00,0,0,0.00,0.00,0.00,0,0,0.00,0.00,0,0
1544355412,3005-eth4,1221916.25,1221916.25,2443832.50,1224360,1224360,778.44,778.44,1556.89,780,780,0.00,0.00,0,0
1544355412,1003-eth2,59.88,0.00,59.88,0,60,1.00,0.00,1.00,0,1,0.00,0.00,0,0
1544355412,3008-eth1,0.00,0.00,0.00,0,0,0.00,0.00,0.00,0,0,0.00,0.00,0,0
1544355412,1002-eth3,0.00,0.00,0.00,0,0,0.00,0.00,0.00,0,0,0.00,0.00,0,0
1544355412,2006-eth1,0.00,59.88,59.88,60,0,0.00,1.00,1.00,1,0,0.00,0.00,0,0
1544355412,3003-eth1,376874.25,1222922.25,1599796.50,1225368,377628,520.96,530.94,1051.90,532,522,0.00,0.00,0,0
1544355412,2001-eth3,0.00,0.00,0.00,0,0,0.00,0.00,0.00,0,0,0.00,0.00,0,0
1544355412,2008-eth2,59.88,0.00,59.88,0,60,1.00,0.00,1.00,0,1,0.00,0.00,0,0
1544355412,2008-eth3,59.88,0.00,59.88,0,60,1.00,0.00,1.00,0,1,0.00,0.00,0,0
1544355412,1001-eth3,59.88,0.00,59.88,0,60,1.00,0.00,1.00,0,1,0.00,0.00,0,0
1544355412,2007-eth4,0.00,0.00,0.00,0,0,0.00,0.00,0.00,0,0,0.00,0.00,0,0
1544355412,2004-eth2,0.00,0.00,0.00,0,0,0.00,0.00,0.00,0,0,0.00,0.00,0,0
1544355412,3002-eth1,7574.85,350461.09,358035.94,351162,7590,114.77,120.76,235.53,121,115,0.00,0.00,0,0
1544355412,3004-eth1,1222968.12,26538.92,1249507.00,26592,1225414,422.16,402.20,824.35,403,423,0.00,0.00,0,0
1544355412,2006-eth3,0.00,0.00,0.00,0,0,0.00,0.00,0.00,0,0,0.00,0.00,0,0
1544355412,3004-eth2,891688.62,15604.79,907293.44,15636,893472,307.39,236.53,543.91,237,308,0.00,0.00,0,0
1544355412,3001-eth3,1223892.25,1221002.00,2444894.25,1223444,1226340,808.38,808.38,1616.77,810,810,0.00,0.00,0,0
1544355412,2003-eth4,26538.92,1222968.12,1249507.00,1225414,26592,402.20,422.16,824.35,423,403,0.00,0.00,0,0
1544355412,2008-eth4,59.88,0.00,59.88,0,60,1.00,0.00,1.00,0,1,0.00,0.00,0,0
1544355412,3008-eth3,1214539.00,1224395.25,2438934.25,1226844,1216968,666.67,684.63,1351.30,686,668,0.00,0.00,0,0
1544355412,2005-eth2,0.00,0.00,0.00,0,0,0.00,0.00,0.00,0,0,0.00,0.00,0,0
1544355412,2006-eth4,0.00,0.00,0.00,0,0,0.00,0.00,0.00,0,0,0.00,0.00,0,0
1544355412,3006-eth2,0.00,0.00,0.00,0,0,0.00,0.00,0.00,0,0,0.00,0.00,0,0
1544355412,1003-eth4,59.88,59.88,119.76,60,60,1.00,1.00,2.00,1,1,0.00,0.00,0,0
1544355412,2006-eth2,0.00,0.00,0.00,0,0,0.00,0.00,0.00,0,0,0.00,0.00,0,0
1544355412,3001-eth1,0.00,0.00,0.00,0,0,0.00,0.00,0.00,0,0,0.00,0.00,0,0
1544355412,3008-eth2,0.00,59.88,59.88,60,0,0.00,1.00,1.00,1,0,0.00,0.00,0,0
1544355412,2004-eth3,891748.50,15544.91,907293.44,15576,893532,308.38,235.53,543.91,236,309,0.00,0.00,0,0
1544355412,3001-eth4,1223958.12,1220936.12,2444894.25,1223378,1226406,809.38,807.39,1616.77,809,811,0.00,0.00,0,0
1544355412,1003-eth1,59.88,0.00,59.88,0,60,1.00,0.00,1.00,0,1,0.00,0.00,0,0
1544355412,3002-eth2,0.00,0.00,0.00,0,0,0.00,0.00,0.00,0,0,0.00,0.00,0,0
1544355412,2005-eth4,0.00,0.00,0.00,0,0,0.00,0.00,0.00,0,0,0.00,0.00,0,0
1544355412,3003-eth2,15544.91,891748.50,907293.44,893532,15576,235.53,308.38,543.91,309,236,0.00,0.00,0,0
1544355412,2007-eth1,0.00,59.88,59.88,60,0,0.00,1.00,1.00,1,0,0.00,0.00,0,0
1544355412,1002-eth4,0.00,0.00,0.00,0,0,0.00,0.00,0.00,0,0,0.00,0.00,0,0
1544355412,3002-eth4,1216317.38,879343.31,2095660.75,881102,1218750,693.61,689.62,1383.23,691,695,0.00,0.00,0,0
1544355412,2007-eth3,0.00,0.00,0.00,0,0,0.00,0.00,0.00,0,0,0.00,0.00,0,0
1544355412,3005-eth1,0.00,0.00,0.00,0,0,0.00,0.00,0.00,0,0,0.00,0.00,0,0
1544355412,2001-eth4,350811.19,7582.42,358393.62,7590,351162,120.88,114.89,235.76,115,121,0.00,0.00,0,0
1544355412,3003-eth4,1223214.88,377382.62,1600597.50,377760,1224438,517.48,523.48,1040.96,524,518,0.00,0.00,0,0
1544355412,2004-eth1,0.00,59.94,59.94,60,0,0.00,1.00,1.00,1,0,0.00,0.00,0,0
1544355412,3006-eth4,1225114.88,1225180.88,2450295.75,1226406,1226340,809.19,810.19,1619.38,811,810,0.00,0.00,0,0
1544355412,3007-eth1,0.00,0.00,0.00,0,0,0.00,0.00,0.00,0,0,0.00,0.00,0,0
1544355412,2008-eth1,59.94,59.94,119.88,60,60,1.00,1.00,2.00,1,1,0.00,0.00,0,0
1544355412,2002-eth2,0.00,0.00,0.00,0,0,0.00,0.00,0.00,0,0,0.00,0.00,0,0
1544355412,2003-eth1,350871.12,7642.36,358513.50,7650,351222,121.88,115.88,237.76,116,122,0.00,0.00,0,0
1544355412,3008-eth4,1225684.38,1215818.25,2441502.50,1217034,1226910,686.31,668.33,1354.65,669,687,0.00,0.00,0,0
1544355412,1004-eth4,0.00,59.94,59.94,60,0,0.00,1.00,1.00,1,0,0.00,0.00,0,0
1544355412,3006-eth1,0.00,0.00,0.00,0,0,0.00,0.00,0.00,0,0,0.00,0.00,0,0
1544355412,1004-eth3,0.00,0.00,0.00,0,0,0.00,0.00,0.00,0,0,0.00,0.00,0,0
1544355412,1002-eth2,0.00,59.94,59.94,60,0,0.00,1.00,1.00,1,0,0.00,0.00,0,0
1544355412,3004-eth3,16147.85,893068.94,909216.81,893962,16164,241.76,312.69,554.45,313,242,0.00,0.00,0,0
1544355412,2003-eth3,1224143.88,377250.75,1601394.62,377628,1225368,531.47,521.48,1052.95,522,532,0.00,0.00,0,0
1544355412,2005-eth1,0.00,59.94,59.94,60,0,0.00,1.00,1.00,1,0,0.00,0.00,0,0
1544355412,3002-eth3,1223206.88,1225114.88,2448321.75,1226340,1224430,802.20,809.19,1611.39,810,803,0.00,0.00,0,0
1544355412,3006-eth3,1225180.88,1225114.88,2450295.75,1226340,1226406,810.19,809.19,1619.38,810,811,0.00,0.00,0,0
1544355412,2001-eth1,7642.36,350811.19,358453.56,351162,7650,115.88,120.88,236.76,121,116,0.00,0.00,0,0
1544355412,3005-eth2,0.00,0.00,0.00,0,0,0.00,0.00,0.00,0,0,0.00,0.00,0,0
1544355412,2001-eth2,59.94,0.00,59.94,0,60,1.00,0.00,1.00,0,1,0.00,0.00,0,0
1544355412,3007-eth2,0.00,59.94,59.94,60,0,0.00,1.00,1.00,1,0,0.00,0.00,0,0
1544355412,1001-eth1,350811.19,7642.36,358453.56,7650,351162,120.88,115.88,236.76,116,121,0.00,0.00,0,0
1544355412,3007-eth4,1225180.88,1222221.75,2447402.75,1223444,1226406,810.19,809.19,1619.38,810,811,0.00,0.00,0,0
1544355412,2003-eth2,59.94,0.00,59.94,0,60,1.00,0.00,1.00,0,1,0.00,0.00,0,0
1544355412,3007-eth3,1225114.88,1222155.88,2447270.75,1223378,1226340,809.19,808.19,1617.38,809,810,0.00,0.00,0,0
1544355412,1002-eth1,0.00,59.94,59.94,60,0,0.00,1.00,1.00,1,0,0.00,0.00,0,0
1544355412,2002-eth3,0.00,0.00,0.00,0,0,0.00,0.00,0.00,0,0,0.00,0.00,0,0
1544355412,2007-eth2,0.00,0.00,0.00,0,0,0.00,0.00,0.00,0,0,0.00,0.00,0,0
1544355412,total,22920220.00,23210084.00,46130304.00,23233294,22943140,14786.21,14904.10,29690.31,14919,14801,0.00,0.00,0,0
1544355413,3003-eth3,1223166.88,640671.38,1863838.25,641312,1224390,582.42,611.39,1193.81,612,583,0.00,0.00,0,0
1544355413,2002-eth1,0.00,0.00,0.00,0,0,0.00,0.00,0.00,0,0,0.00,0.00,0,0
1544355413,lo,6959.04,6959.04,13918.08,6966,6966,67.93,67.93,135.86,68,68,0.00,0.00,0,0
1544355413,3005-eth3,1222139.88,1218327.75,2440467.50,1219546,1223362,720.28,728.27,1448.55,729,721,0.00,0.00,0,0
1544355413,2005-eth3,0.00,0.00,0.00,0,0,0.00,0.00,0.00,0,0,0.00,0.00,0,0
1544355413,3004-eth4,26433.57,1222677.38,1249110.88,1223900,26460,400.60,421.58,822.18,422,401,0.00,0.00,0,0
1544355413,1004-eth2,59.94,59.94,119.88,60,60,1.00,1.00,2.00,1,1,0.00,0.00,0,0
1544355413,2004-eth4,15692.31,926701.31,942393.62,927628,15708,237.76,320.68,558.44,321,238,0.00,0.00,0,0
1544355413,1001-eth2,7846.15,321220.78,329066.94,321542,7854,118.88,110.89,229.77,111,119,0.00,0.00,0,0
1544355413,1003-eth3,0.00,0.00,0.00,0,0,0.00,0.00,0.00,0,0,0.00,0.00,0,0
1544355413,2002-eth4,0.00,59.94,59.94,60,0,0.00,1.00,1.00,1,0,0.00,0.00,0,0
1544355413,1001-eth4,0.00,0.00,0.00,0,0,0.00,0.00,0.00,0,0,0.00,0.00,0,0
1544355413,3001-eth2,59.94,0.00,59.94,0,60,1.00,0.00,1.00,0,1,0.00,0.00,0,0
1544355413,1004-eth1,59.94,0.00,59.94,0,60,1.00,0.00,1.00,0,1,0.00,0.00,0,0
1544355413,3005-eth4,1219840.25,1222139.88,2441980.00,1223362,1221060,729.27,720.28,1449.55,721,730,0.00,0.00,0,0
1544355413,1003-eth2,0.00,0.00,0.00,0,0,0.00,0.00,0.00,0,0,0.00,0.00,0,0
1544355413,3008-eth1,0.00,59.94,59.94,60,0,0.00,1.00,1.00,1,0,0.00,0.00,0,0
1544355413,1002-eth3,0.00,0.00,0.00,0,0,0.00,0.00,0.00,0,0,0.00,0.00,0,0
1544355413,2006-eth1,0.00,0.00,0.00,0,0,0.00,0.00,0.00,0,0,0.00,0.00,0,0
1544355413,3003-eth1,347594.41,1224401.62,1571996.00,1225626,347942,510.49,535.46,1045.95,536,511,0.00,0.00,0,0
1544355413,2001-eth3,0.00,0.00,0.00,0,0,0.00,0.00,0.00,0,0,0.00,0.00,0,0
1544355413,2008-eth2,0.00,59.94,59.94,60,0,0.00,1.00,1.00,1,0,0.00,0.00,0,0
1544355413,2008-eth3,0.00,0.00,0.00,0,0,0.00,0.00,0.00,0,0,0.00,0.00,0,0
1544355413,1001-eth3,0.00,59.94,59.94,60,0,0.00,1.00,1.00,1,0,0.00,0.00,0,0
1544355413,2007-eth4,59.94,0.00,59.94,0,60,1.00,0.00,1.00,0,1,0.00,0.00,0,0
1544355413,2004-eth2,59.64,59.64,119.28,60,60,0.99,0.99,1.99,1,1,0.00,0.00,0,0
1544355413,3002-eth1,7866.80,319624.25,327491.06,321542,7914,119.28,110.34,229.62,111,120,0.00,0.00,0,0
1544355413,3004-eth1,1216660.00,26242.54,1242902.62,26400,1223960,420.48,397.61,818.09,400,423,0.00,0.00,0,0
1544355413,2006-eth3,0.00,0.00,0.00,0,0,0.00,0.00,0.00,0,0,0.00,0.00,0,0
1544355413,3004-eth2,922095.44,15614.31,937709.75,15708,927628,319.09,236.58,555.67,238,321,0.00,0.00,0,0
1544355413,3001-eth3,1216081.50,1218960.25,2435041.75,1226274,1223378,804.17,804.17,1608.35,809,809,0.00,0.00,0,0
1544355413,2003-eth4,26216.48,1221334.62,1247551.12,1229884,26400,397.22,422.05,819.27,425,400,0.00,0.00,0,0
1544355413,2008-eth4,0.00,0.00,0.00,0,0,0.00,0.00,0.00,0,0,0.00,0.00,0,0
1544355413,3008-eth3,1208639.50,1221388.25,2430027.75,1229938,1217100,665.34,684.21,1349.55,689,670,0.00,0.00,0,0
1544355413,2005-eth2,0.00,0.00,0.00,0,0,0.00,0.00,0.00,0,0,0.00,0.00,0,0
1544355413,2006-eth4,0.00,59.58,59.58,60,0,0.00,0.99,0.99,1,0,0.00,0.00,0,0
1544355413,3006-eth2,59.58,0.00,59.58,0,60,0.99,0.00,0.99,0,1,0.00,0.00,0,0
1544355413,1003-eth4,0.00,0.00,0.00,0,0,0.00,0.00,0.00,0,0,0.00,0.00,0,0
1544355413,2006-eth2,0.00,59.58,59.58,60,0,0.00,0.99,0.99,1,0,0.00,0.00,0,0
1544355413,3001-eth1,0.00,0.00,0.00,0,0,0.00,0.00,0.00,0,0,0.00,0.00,0,0
1544355413,3008-eth2,0.00,0.00,0.00,0,0,0.00,0.00,0.00,0,0,0.00,0.00,0,0
1544355413,2004-eth3,927003.00,15664.35,942667.31,15774,933492,319.76,237.34,557.10,239,322,0.00,0.00,0,0
1544355413,3001-eth4,1223829.25,1220887.75,2444717.00,1229434,1232396,808.34,807.35,1615.69,813,814,0.00,0.00,0,0
1544355413,1003-eth1,0.00,0.00,0.00,0,0,0.00,0.00,0.00,0,0,0.00,0.00,0,0
1544355413,3002-eth2,59.58,0.00,59.58,0,60,0.99,0.00,0.99,0,1,0.00,0.00,0,0
1544355413,2005-eth4,59.58,59.58,119.17,60,60,0.99,0.99,1.99,1,1,0.00,0.00,0,0
1544355413,3003-eth2,15664.35,927003.00,942667.31,933492,15774,237.34,319.76,557.10,322,239,0.00,0.00,0,0
1544355413,2007-eth1,0.00,0.00,0.00,0,0,0.00,0.00,0.00,0,0,0.00,0.00,0,0
1544355413,1002-eth4,0.00,0.00,0.00,0,0,0.00,0.00,0.00,0,0,0.00,0.00,0,0
1544355413,3002-eth4,1213016.88,860401.19,2073418.12,866424,1221508,688.18,683.22,1371.40,688,693,0.00,0.00,0,0
1544355413,2007-eth3,0.00,0.00,0.00,0,0,0.00,0.00,0.00,0,0,0.00,0.00,0,0
1544355413,3005-eth1,0.00,0.00,0.00,0,0,0.00,0.00,0.00,0,0,0.00,0.00,0,0
1544355413,2001-eth4,319306.84,7924.53,327231.38,7980,321542,110.23,120.16,230.39,121,111,0.00,0.00,0,0
1544355413,3003-eth4,1219918.62,345719.97,1565638.50,348140,1228458,509.43,510.43,1019.86,514,513,0.00,0.00,0,0
1544355413,2004-eth1,0.00,0.00,0.00,0,0,0.00,0.00,0.00,0,0,0.00,0.00,0,0
1544355413,3006-eth4,1220881.88,1222325.75,2443207.50,1230882,1229428,807.35,807.35,1614.70,813,813,0.00,0.00,0,0
1544355413,3007-eth1,0.00,0.00,0.00,0,0,0.00,0.00,0.00,0,0,0.00,0.00,0,0
1544355413,2008-eth1,0.00,0.00,0.00,0,0,0.00,0.00,0.00,0,0,0.00,0.00,0,0
1544355413,2002-eth2,0.00,59.58,59.58,60,0,0.00,0.99,0.99,1,0,0.00,0.00,0,0
1544355413,2003-eth1,319306.84,7864.95,327171.81,7920,321542,110.23,119.17,229.39,120,111,0.00,0.00,0,0
1544355413,3008-eth4,1221322.75,1208574.00,2429896.75,1217034,1229872,683.22,664.35,1347.57,669,688,0.00,0.00,0,0
1544355413,1004-eth4,59.58,0.00,59.58,0,60,0.99,0.00,0.99,0,1,0.00,0.00,0,0
1544355413,3006-eth1,59.58,59.58,119.17,60,60,0.99,0.99,1.99,1,1,0.00,0.00,0,0
1544355413,1004-eth3,59.58,0.00,59.58,0,60,0.99,0.00,0.99,0,1,0.00,0.00,0,0
1544355413,1002-eth2,0.00,0.00,0.00,0,0,0.00,0.00,0.00,0,0,0.00,0.00,0,0
1544355413,3004-eth3,15723.93,927003.00,942726.94,933492,15834,238.33,319.76,558.09,322,240,0.00,0.00,0,0
1544355413,2003-eth3,1223054.62,345523.34,1568578.00,347942,1231616,535.25,507.45,1042.70,511,539,0.00,0.00,0,0
1544355413,2005-eth1,59.58,0.00,59.58,0,60,0.99,0.00,0.99,0,1,0.00,0.00,0,0
1544355413,3002-eth3,1223436.00,1220822.25,2444258.25,1229368,1232000,802.38,806.36,1608.74,812,808,0.00,0.00,0,0
1544355413,3006-eth3,1220881.88,1223829.25,2444711.00,1232396,1229428,807.35,808.34,1615.69,814,813,0.00,0.00,0,0
1544355413,2001-eth1,7864.95,319306.84,327171.81,321542,7920,119.17,110.23,229.39,111,120,0.00,0.00,0,0
1544355413,3005-eth2,0.00,0.00,0.00,0,0,0.00,0.00,0.00,0,0,0.00,0.00,0,0
1544355413,2001-eth2,0.00,0.00,0.00,0,0,0.00,0.00,0.00,0,0,0.00,0.00,0,0
1544355413,3007-eth2,0.00,0.00,0.00,0,0,0.00,0.00,0.00,0,0,0.00,0.00,0,0
1544355413,1001-eth1,319306.84,7864.95,327171.81,7920,321542,110.23,119.17,229.39,120,111,0.00,0.00,0,0
1544355413,3007-eth4,1219179.75,1220421.12,2439600.75,1228964,1227714,759.68,756.70,1516.39,762,765,0.00,0.00,0,0
1544355413,2003-eth2,0.00,0.00,0.00,0,0,0.00,0.00,0.00,0,0,0.00,0.00,0,0
1544355413,3007-eth3,1220617.62,1217741.88,2438359.50,1226266,1229162,759.68,759.68,1519.36,765,765,0.00,0.00,0,0
1544355413,1002-eth1,0.00,0.00,0.00,0,0,0.00,0.00,0.00,0,0,0.00,0.00,0,0
1544355413,2002-eth3,0.00,59.58,59.58,60,0,0.00,0.99,0.99,1,0,0.00,0.00,0,0
1544355413,2007-eth2,0.00,0.00,0.00,0,0,0.00,0.00,0.00,0,0,0.00,0.00,0,0
1544355413,total,22770676.00,23063872.00,45834548.00,23225318,22930070,14489.57,14617.68,29107.25,14720,14591,0.00,0.00,0,0
1544355414,3003-eth3,1220258.25,656137.06,1876395.25,660730,1228800,579.94,616.68,1196.62,621,584,0.00,0.00,0,0
1544355414,2002-eth1,0.00,0.00,0.00,0,0,0.00,0.00,0.00,0,0,0.00,0.00,0,0
1544355414,lo,98454.82,98454.82,196909.64,99144,99144,286.99,286.99,573.98,289,289,0.00,0.00,0,0
1544355414,3005-eth3,1220415.12,1217676.25,2438091.50,1226200,1228958,756.70,758.69,1515.39,764,762,0.00,0.00,0,0
1544355414,2005-eth3,59.58,59.58,119.17,60,60,0.99,0.99,1.99,1,1,0.00,0.00,0,0
1544355414,3004-eth4,26347.57,1222778.50,1249126.12,1231338,26532,399.21,422.05,821.25,425,402,0.00,0.00,0,0
1544355414,1004-eth2,0.00,0.00,0.00,0,0,0.00,0.00,0.00,0,0,0.00,0.00,0,0
1544355414,2004-eth4,16021.85,943475.69,959497.50,950080,16134,239.32,329.69,569.02,332,241,0.00,0.00,0,0
1544355414,1001-eth2,7012.91,336955.31,343968.22,339314,7062,106.26,116.19,222.44,117,107,0.00,0.00,0,0
1544355414,1003-eth3,0.00,59.58,59.58,60,0,0.00,0.99,0.99,1,0,0.00,0.00,0,0
1544355414,2002-eth4,0.00,0.00,0.00,0,0,0.00,0.00,0.00,0,0,0.00,0.00,0,0
1544355414,1001-eth4,0.00,0.00,0.00,0,0,0.00,0.00,0.00,0,0,0.00,0.00,0,0
1544355414,3001-eth2,0.00,0.00,0.00,0,0,0.00,0.00,0.00,0,0,0.00,0.00,0,0
1544355414,1004-eth1,0.00,0.00,0.00,0,0,0.00,0.00,0.00,0,0,0.00,0.00,0,0
1544355414,3005-eth4,1214663.38,1221990.12,2436653.50,1230544,1223166,756.70,758.69,1515.39,764,762,0.00,0.00,0,0
1544355414,1003-eth2,0.00,0.00,0.00,0,0,0.00,0.00,0.00,0,0,0.00,0.00,0,0
1544355414,3008-eth1,0.00,0.00,0.00,0,0,0.00,0.00,0.00,0,0,0.00,0.00,0,0
1544355414,1002-eth3,59.58,59.58,119.17,60,60,0.99,0.99,1.99,1,1,0.00,0.00,0,0
1544355414,2006-eth1,59.58,0.00,59.58,0,60,0.99,0.00,0.99,0,1,0.00,0.00,0,0
1544355414,3003-eth1,363302.88,1219922.50,1583225.38,1228462,365846,515.39,531.28,1046.67,535,519,0.00,0.00,0,0
1544355414,2001-eth3,0.00,0.00,0.00,0,0,0.00,0.00,0.00,0,0,0.00,0.00,0,0
1544355414,2008-eth2,0.00,0.00,0.00,0,0,0.00,0.00,0.00,0,0,0.00,0.00,0,0
1544355414,2008-eth3,0.00,59.58,59.58,60,0,0.00,0.99,0.99,1,0,0.00,0.00,0,0
1544355414,1001-eth3,0.00,0.00,0.00,0,0,0.00,0.00,0.00,0,0,0.00,0.00,0,0
1544355414,2007-eth4,0.00,0.00,0.00,0,0,0.00,0.00,0.00,0,0,0.00,0.00,0,0
1544355414,2004-eth2,0.00,0.00,0.00,0,0,0.00,0.00,0.00,0,0,0.00,0.00,0,0
1544355414,3002-eth1,7054.95,338975.03,346029.97,339314,7062,106.89,116.88,223.78,117,107,0.00,0.00,0,0
1544355414,3004-eth1,1230107.88,26505.50,1256613.38,26532,1231338,424.58,401.60,826.17,402,425,0.00,0.00,0,0
1544355414,2006-eth3,59.94,59.94,119.88,60,60,1.00,1.00,2.00,1,1,0.00,0.00,0,0
1544355414,3004-eth2,949130.88,16117.88,965248.75,16134,950080,331.67,240.76,572.43,241,332,0.00,0.00,0,0
1544355414,3001-eth3,1228199.88,1228074.00,2456273.75,1229302,1229428,812.19,810.19,1622.38,811,813,0.00,0.00,0,0
1544355414,2003-eth4,26505.50,1224189.88,1250695.38,1225414,26532,401.60,422.58,824.18,423,402,0.00,0.00,0,0
1544355414,2008-eth4,0.00,0.00,0.00,0,0,0.00,0.00,0.00,0,0,0.00,0.00,0,0
1544355414,3008-eth3,1215752.25,1222725.25,2438477.50,1223948,1216968,667.33,685.31,1352.65,686,668,0.00,0.00,0,0
1544355414,2005-eth2,59.94,59.94,119.88,60,60,1.00,1.00,2.00,1,1,0.00,0.00,0,0
1544355414,2006-eth4,59.94,0.00,59.94,0,60,1.00,0.00,1.00,0,1,0.00,0.00,0,0
1544355414,3006-eth2,0.00,59.94,59.94,60,0,0.00,1.00,1.00,1,0,0.00,0.00,0,0
1544355414,1003-eth4,0.00,0.00,0.00,0,0,0.00,0.00,0.00,0,0,0.00,0.00,0,0
1544355414,2006-eth2,59.94,0.00,59.94,0,60,1.00,0.00,1.00,0,1,0.00,0.00,0,0
1544355414,3001-eth1,0.00,0.00,0.00,0,0,0.00,0.00,0.00,0,0,0.00,0.00,0,0
1544355414,3008-eth2,0.00,0.00,0.00,0,0,0.00,0.00,0.00,0,0,0.00,0.00,0,0
1544355414,2004-eth3,943212.81,16051.95,959264.75,16068,944156,329.67,239.76,569.43,240,330,0.00,0.00,0,0
1544355414,3001-eth4,1222149.88,1222090.00,2444239.75,1223312,1223372,808.19,807.19,1615.38,808,809,0.00,0.00,0,0
1544355414,1003-eth1,0.00,0.00,0.00,0,0,0.00,0.00,0.00,0,0,0.00,0.00,0,0
1544355414,3002-eth2,0.00,0.00,0.00,0,0,0.00,0.00,0.00,0,0,0.00,0.00,0,0
1544355414,2005-eth4,0.00,0.00,0.00,0,0,0.00,0.00,0.00,0,0,0.00,0.00,0,0
1544355414,3003-eth2,16051.95,943212.81,959264.75,944156,16068,239.76,329.67,569.43,330,240,0.00,0.00,0,0
1544355414,2007-eth1,0.00,0.00,0.00,0,0,0.00,0.00,0.00,0,0,0.00,0.00,0,0
1544355414,1002-eth4,0.00,59.94,59.94,60,0,0.00,1.00,1.00,1,0,0.00,0.00,0,0
1544355414,3002-eth4,1215035.00,903762.25,2118797.25,904666,1216250,700.30,696.30,1396.60,697,701,0.00,0.00,0,0
1544355414,2007-eth3,59.94,59.94,119.88,60,60,1.00,1.00,2.00,1,1,0.00,0.00,0,0
1544355414,3005-eth1,59.94,59.94,119.88,60,60,1.00,1.00,2.00,1,1,0.00,0.00,0,0
1544355414,2001-eth4,338975.03,6989.01,345964.03,6996,339314,116.88,105.89,222.78,106,117,0.00,0.00,0,0
1544355414,3003-eth4,1224535.50,365988.03,1590523.50,366354,1225760,515.48,518.48,1033.97,519,516,0.00,0.00,0,0
1544355414,2004-eth1,0.00,0.00,0.00,0,0,0.00,0.00,0.00,0,0,0.00,0.00,0,0
1544355414,3006-eth4,1222090.00,1220511.50,2442601.50,1221732,1223312,807.19,805.19,1612.39,806,808,0.00,0.00,0,0
1544355414,3007-eth1,59.94,59.94,119.88,60,60,1.00,1.00,2.00,1,1,0.00,0.00,0,0
1544355414,2008-eth1,0.00,0.00,0.00,0,0,0.00,0.00,0.00,0,0,0.00,0.00,0,0
1544355414,2002-eth2,0.00,0.00,0.00,0,0,0.00,0.00,0.00,0,0,0.00,0.00,0,0
1544355414,2003-eth1,338975.03,6989.01,345964.03,6996,339314,116.88,105.89,222.78,106,117,0.00,0.00,0,0
1544355414,3008-eth4,1222725.25,1215818.25,2438543.50,1217034,1223948,685.31,668.33,1353.65,669,686,0.00,0.00,0,0
1544355414,1004-eth4,0.00,0.00,0.00,0,0,0.00,0.00,0.00,0,0,0.00,0.00,0,0
1544355414,3006-eth1,0.00,0.00,0.00,0,0,0.00,0.00,0.00,0,0,0.00,0.00,0,0
1544355414,1004-eth3,0.00,59.94,59.94,60,0,0.00,1.00,1.00,1,0,0.00,0.00,0,0
1544355414,1002-eth2,0.00,0.00,0.00,0,0,0.00,0.00,0.00,0,0,0.00,0.00,0,0
1544355414,3004-eth3,16051.95,943212.81,959264.75,944156,16068,239.76,329.67,569.43,330,240,0.00,0.00,0,0
1544355414,2003-eth3,1221250.75,365480.53,1586731.25,365846,1222472,531.47,518.48,1049.95,519,532,0.00,0.00,0,0
1544355414,2005-eth1,0.00,0.00,0.00,0,0,0.00,0.00,0.00,0,0,0.00,0.00,0,0
1544355414,3002-eth3,1220048.00,1222090.00,2442138.00,1223312,1221268,820.18,807.19,1627.37,808,821,0.00,0.00,0,0
1544355414,3006-eth3,1222090.00,1222090.00,2444180.00,1223312,1223312,807.19,807.19,1614.39,808,808,0.00,0.00,0,0
1544355414,2001-eth1,6989.01,338975.03,345964.03,339314,6996,105.89,116.88,222.78,117,106,0.00,0.00,0,0
1544355414,3005-eth2,59.94,59.94,119.88,60,60,1.00,1.00,2.00,1,1,0.00,0.00,0,0
1544355414,2001-eth2,0.00,0.00,0.00,0,0,0.00,0.00,0.00,0,0,0.00,0.00,0,0
1544355414,3007-eth2,59.94,0.00,59.94,0,60,1.00,0.00,1.00,0,1,0.00,0.00,0,0
1544355414,1001-eth1,338975.03,6989.01,345964.03,6996,339314,116.88,105.89,222.78,106,117,0.00,0.00,0,0
1544355414,3007-eth4,1218185.88,1224439.62,2442625.50,1225664,1219404,704.30,711.29,1415.58,712,705,0.00,0.00,0,0
1544355414,2003-eth2,0.00,0.00,0.00,0,0,0.00,0.00,0.00,0,0,0.00,0.00,0,0
1544355414,3007-eth3,1221474.50,1216415.62,2437890.25,1217632,1222696,710.29,699.30,1409.59,700,711,0.00,0.00,0,0
1544355414,1002-eth1,0.00,0.00,0.00,0,0,0.00,0.00,0.00,0,0,0.00,0.00,0,0
1544355414,2002-eth3,0.00,0.00,0.00,0,0,0.00,0.00,0.00,0,0,0.00,0.00,0,0
1544355414,2007-eth2,59.94,0.00,59.94,0,60,1.00,0.00,1.00,0,1,0.00,0.00,0,0
1544355414,total,23057796.00,23457326.00,46515124.00,23480782,23080854,14775.23,14906.09,29681.32,14921,14790,0.00,0.00,0,0
1544355415,3003-eth3,1217370.62,562095.94,1779466.62,562658,1218588,578.42,604.40,1182.82,605,579,0.00,0.00,0,0
1544355415,2002-eth1,59.94,0.00,59.94,0,60,1.00,0.00,1.00,0,1,0.00,0.00,0,0
1544355415,lo,7368.63,7368.63,14737.26,7376,7376,71.93,71.93,143.86,72,72,0.00,0.00,0,0
1544355415,3005-eth3,1214919.12,1214985.00,2429904.25,1216200,1216134,786.21,787.21,1573.43,788,787,0.00,0.00,0,0
1544355415,2005-eth3,0.00,0.00,0.00,0,0,0.00,0.00,0.00,0,0,0.00,0.00,0,0
1544355415,3004-eth4,26241.76,1213800.25,1240042.00,1215014,26268,397.60,418.58,816.18,419,398,0.00,0.00,0,0
1544355415,1004-eth2,0.00,0.00,0.00,0,0,0.00,0.00,0.00,0,0,0.00,0.00,0,0
1544355415,2004-eth4,24415.59,536393.62,560809.19,536930,24440,259.74,280.72,540.46,281,260,0.00,0.00,0,0
1544355415,1001-eth2,7318.68,390791.22,398109.91,391182,7326,110.89,134.87,245.75,135,111,0.00,0.00,0,0
1544355415,1003-eth3,0.00,0.00,0.00,0,0,0.00,0.00,0.00,0,0,0.00,0.00,0,0
1544355415,2002-eth4,59.94,0.00,59.94,0,60,1.00,0.00,1.00,0,1,0.00,0.00,0,0
1544355415,1001-eth4,0.00,59.94,59.94,60,0,0.00,1.00,1.00,1,0,0.00,0.00,0,0
1544355415,3001-eth2,0.00,59.94,59.94,60,0,0.00,1.00,1.00,1,0,0.00,0.00,0,0
1544355415,1004-eth1,0.00,59.94,59.94,60,0,0.00,1.00,1.00,1,0,0.00,0.00,0,0
1544355415,3005-eth4,1215051.00,1219456.62,2434507.50,1220676,1216266,788.21,789.21,1577.42,790,789,0.00,0.00,0,0
1544355415,1003-eth2,0.00,59.94,59.94,60,0,0.00,1.00,1.00,1,0,0.00,0.00,0,0
1544355415,3008-eth1,59.94,0.00,59.94,0,60,1.00,0.00,1.00,0,1,0.00,0.00,0,0
1544355415,1002-eth3,0.00,0.00,0.00,0,0,0.00,0.00,0.00,0,0,0.00,0.00,0,0
1544355415,2006-eth1,0.00,0.00,0.00,0,0,0.00,0.00,0.00,0,0,0.00,0.00,0,0
1544355415,3003-eth1,417092.91,1216251.75,1633344.75,1217468,417510,533.47,521.48,1054.95,522,534,0.00,0.00,0,0
1544355415,2001-eth3,0.00,59.94,59.94,60,0,0.00,1.00,1.00,1,0,0.00,0.00,0,0
1544355415,2008-eth2,0.00,0.00,0.00,0,0,0.00,0.00,0.00,0,0,0.00,0.00,0,0
1544355415,2008-eth3,0.00,0.00,0.00,0,0,0.00,0.00,0.00,0,0,0.00,0.00,0,0
1544355415,1001-eth3,0.00,0.00,0.00,0,0,0.00,0.00,0.00,0,0,0.00,0.00,0,0
1544355415,2007-eth4,0.00,59.94,59.94,60,0,0.00,1.00,1.00,1,0,0.00,0.00,0,0
1544355415,2004-eth2,0.00,0.00,0.00,0,0,0.00,0.00,0.00,0,0,0.00,0.00,0,0
1544355415,3002-eth1,7318.68,390851.16,398169.84,391242,7326,110.89,135.86,246.75,136,111,0.00,0.00,0,0
1544355415,3004-eth1,1216759.25,26241.76,1243001.00,26268,1217976,419.58,397.60,817.18,398,420,0.00,0.00,0,0
1544355415,2006-eth3,0.00,0.00,0.00,0,0,0.00,0.00,0.00,0,0,0.00,0.00,0,0
1544355415,3004-eth2,536393.62,24415.59,560809.19,24440,536930,280.72,259.74,540.46,260,281,0.00,0.00,0,0
1544355415,3001-eth3,1216040.00,1216040.00,2432080.00,1217256,1217256,803.20,803.20,1606.39,804,804,0.00,0.00,0,0
1544355415,2003-eth4,26241.76,1216759.25,1243001.00,1217976,26268,397.60,419.58,817.18,420,398,0.00,0.00,0,0
1544355415,2008-eth4,0.00,59.94,59.94,60,0,0.00,1.00,1.00,1,0,0.00,0.00,0,0
1544355415,3008-eth3,1206803.25,1219634.38,2426437.75,1220854,1208010,663.34,682.32,1345.65,683,664,0.00,0.00,0,0
1544355415,2005-eth2,0.00,0.00,0.00,0,0,0.00,0.00,0.00,0,0,0.00,0.00,0,0
1544355415,2006-eth4,0.00,0.00,0.00,0,0,0.00,0.00,0.00,0,0,0.00,0.00,0,0
1544355415,3006-eth2,0.00,0.00,0.00,0,0,0.00,0.00,0.00,0,0,0.00,0.00,0,0
1544355415,1003-eth4,0.00,0.00,0.00,0,0,0.00,0.00,0.00,0,0,0.00,0.00,0,0
1544355415,2006-eth2,0.00,0.00,0.00,0,0,0.00,0.00,0.00,0,0,0.00,0.00,0,0
1544355415,3001-eth1,59.94,0.00,59.94,0,60,1.00,0.00,1.00,0,1,0.00,0.00,0,0
1544355415,3008-eth2,59.94,0.00,59.94,0,60,1.00,0.00,1.00,0,1,0.00,0.00,0,0
1544355415,2004-eth3,536393.62,24475.53,560869.12,24500,536930,280.72,260.74,541.46,261,281,0.00,0.00,0,0
1544355415,3001-eth4,1215974.00,1219065.00,2435039.00,1220284,1217190,802.20,805.19,1607.39,806,803,0.00,0.00,0,0
1544355415,1003-eth1,0.00,59.94,59.94,60,0,0.00,1.00,1.00,1,0,0.00,0.00,0,0
1544355415,3002-eth2,0.00,59.94,59.94,60,0,0.00,1.00,1.00,1,0,0.00,0.00,0,0
1544355415,2005-eth4,0.00,0.00,0.00,0,0,0.00,0.00,0.00,0,0,0.00,0.00,0,0
1544355415,3003-eth2,24475.53,536393.62,560869.12,536930,24500,260.74,280.72,541.46,281,261,0.00,0.00,0,0
1544355415,2007-eth1,59.94,0.00,59.94,0,60,1.00,0.00,1.00,0,1,0.00,0.00,0,0
1544355415,1002-eth4,59.94,0.00,59.94,0,60,1.00,0.00,1.00,0,1,0.00,0.00,0,0
1544355415,3002-eth4,1211812.25,888967.06,2100779.25,889856,1213024,695.30,691.31,1386.61,692,696,0.00,0.00,0,0
1544355415,2007-eth3,0.00,0.00,0.00,0,0,0.00,0.00,0.00,0,0,0.00,0.00,0,0
1544355415,3005-eth1,0.00,0.00,0.00,0,0,0.00,0.00,0.00,0,0,0.00,0.00,0,0
1544355415,2001-eth4,390851.16,7318.68,398169.84,7326,391242,135.86,110.89,246.75,111,136,0.00,0.00,0,0
1544355415,3003-eth4,1213420.62,429856.16,1643276.75,430286,1214634,500.50,550.45,1050.95,551,501,0.00,0.00,0,0
1544355415,2004-eth1,59.94,0.00,59.94,0,60,1.00,0.00,1.00,0,1,0.00,0.00,0,0
1544355415,3006-eth4,1216105.88,1219065.00,2435171.00,1220284,1217322,804.20,805.19,1609.39,806,805,0.00,0.00,0,0
1544355415,3007-eth1,0.00,0.00,0.00,0,0,0.00,0.00,0.00,0,0,0.00,0.00,0,0
1544355415,2008-eth1,0.00,0.00,0.00,0,0,0.00,0.00,0.00,0,0,0.00,0.00,0,0
1544355415,2002-eth2,59.94,0.00,59.94,0,60,1.00,0.00,1.00,0,1,0.00,0.00,0,0
1544355415,2003-eth1,390791.22,7318.68,398109.91,7326,391182,134.87,110.89,245.75,111,135,0.00,0.00,0,0
1544355415,3008-eth4,1215521.00,1205539.00,2421060.00,1207950,1217952,681.64,661.68,1343.31,663,683,0.00,0.00,0,0
1544355415,1004-eth4,0.00,0.00,0.00,0,0,0.00,0.00,0.00,0,0,0.00,0.00,0,0
1544355415,3006-eth1,0.00,0.00,0.00,0,0,0.00,0.00,0.00,0,0,0.00,0.00,0,0
1544355415,1004-eth3,0.00,0.00,0.00,0,0,0.00,0.00,0.00,0,0,0.00,0.00,0,0
1544355415,1002-eth2,59.88,0.00,59.88,0,60,1.00,0.00,1.00,0,1,0.00,0.00,0,0
1544355415,3004-eth3,24391.22,535858.31,560249.50,536930,24440,259.48,280.44,539.92,281,260,0.00,0.00,0,0
1544355415,2003-eth3,1215038.00,416676.66,1631714.62,417510,1217468,520.96,532.93,1053.89,534,522,0.00,0.00,0,0
1544355415,2005-eth1,0.00,0.00,0.00,0,0,0.00,0.00,0.00,0,0,0.00,0.00,0,0
1544355415,3002-eth3,1217321.38,1217848.38,2435169.75,1220284,1219756,796.41,804.39,1600.80,806,798,0.00,0.00,0,0
1544355415,3006-eth3,1217782.50,1214826.38,2432608.75,1217256,1220218,803.39,802.40,1605.79,804,805,0.00,0.00,0,0
1544355415,2001-eth1,7311.38,390461.09,397772.47,391242,7326,110.78,135.73,246.51,136,111,0.00,0.00,0,0
1544355415,3005-eth2,0.00,0.00,0.00,0,0,0.00,0.00,0.00,0,0,0.00,0.00,0,0
1544355415,2001-eth2,0.00,59.88,59.88,60,0,0.00,1.00,1.00,1,0,0.00,0.00,0,0
1544355415,3007-eth2,0.00,0.00,0.00,0,0,0.00,0.00,0.00,0,0,0.00,0.00,0,0
1544355415,1001-eth1,390461.09,7311.38,397772.47,7326,391242,135.73,110.78,246.51,111,136,0.00,0.00,0,0
1544355415,3007-eth4,1207053.88,1216251.50,2423305.50,1218684,1209468,684.63,692.61,1377.25,694,686,0.00,0.00,0,0
1544355415,2003-eth2,0.00,59.88,59.88,60,0,0.00,1.00,1.00,1,0,0.00,0.00,0,0
1544355415,3007-eth3,1216251.50,1207119.75,2423371.25,1209534,1218684,692.61,685.63,1378.24,687,694,0.00,0.00,0,0
1544355415,1002-eth1,59.88,0.00,59.88,0,60,1.00,0.00,1.00,0,1,0.00,0.00,0,0
1544355415,2002-eth3,59.88,0.00,59.88,0,60,1.00,0.00,1.00,0,1,0.00,0.00,0,0
1544355415,2007-eth2,0.00,59.88,59.88,60,0,0.00,1.00,1.00,1,0,0.00,0.00,0,0
1544355415,total,22236500.00,22185398.00,44421896.00,22229768,22280972,14503.99,14630.74,29134.73,14660,14533,0.00,0.00,0,0
