1544352460,3003-eth3,0.00,0.00,0.00,0,0,0.00,0.00,0.00,0,0,0.00,0.00,0,0
1544352460,2002-eth1,0.00,0.00,0.00,0,0,0.00,0.00,0.00,0,0,0.00,0.00,0,0
1544352460,lo,0.00,0.00,0.00,0,0,0.00,0.00,0.00,0,0,0.00,0.00,0,0
1544352460,3005-eth3,0.00,0.00,0.00,0,0,0.00,0.00,0.00,0,0,0.00,0.00,0,0
1544352460,2005-eth3,0.00,0.00,0.00,0,0,0.00,0.00,0.00,0,0,0.00,0.00,0,0
1544352460,3004-eth4,0.00,0.00,0.00,0,0,0.00,0.00,0.00,0,0,0.00,0.00,0,0
1544352460,1004-eth2,0.00,0.00,0.00,0,0,0.00,0.00,0.00,0,0,0.00,0.00,0,0
1544352460,2004-eth4,0.00,0.00,0.00,0,0,0.00,0.00,0.00,0,0,0.00,0.00,0,0
1544352460,1001-eth2,0.00,0.00,0.00,0,0,0.00,0.00,0.00,0,0,0.00,0.00,0,0
1544352460,1003-eth3,0.00,0.00,0.00,0,0,0.00,0.00,0.00,0,0,0.00,0.00,0,0
1544352460,2002-eth4,0.00,0.00,0.00,0,0,0.00,0.00,0.00,0,0,0.00,0.00,0,0
1544352460,1001-eth4,0.00,0.00,0.00,0,0,0.00,0.00,0.00,0,0,0.00,0.00,0,0
1544352460,3001-eth2,0.00,0.00,0.00,0,0,0.00,0.00,0.00,0,0,0.00,0.00,0,0
1544352460,1004-eth1,0.00,0.00,0.00,0,0,0.00,0.00,0.00,0,0,0.00,0.00,0,0
1544352460,3005-eth4,0.00,0.00,0.00,0,0,0.00,0.00,0.00,0,0,0.00,0.00,0,0
1544352460,1003-eth2,0.00,0.00,0.00,0,0,0.00,0.00,0.00,0,0,0.00,0.00,0,0
1544352460,3008-eth1,0.00,0.00,0.00,0,0,0.00,0.00,0.00,0,0,0.00,0.00,0,0
1544352460,1002-eth3,0.00,0.00,0.00,0,0,0.00,0.00,0.00,0,0,0.00,0.00,0,0
1544352460,2006-eth1,0.00,0.00,0.00,0,0,0.00,0.00,0.00,0,0,0.00,0.00,0,0
1544352460,3003-eth1,0.00,0.00,0.00,0,0,0.00,0.00,0.00,0,0,0.00,0.00,0,0
1544352460,2001-eth3,0.00,0.00,0.00,0,0,0.00,0.00,0.00,0,0,0.00,0.00,0,0
1544352460,2008-eth2,0.00,0.00,0.00,0,0,0.00,0.00,0.00,0,0,0.00,0.00,0,0
1544352460,2008-eth3,0.00,0.00,0.00,0,0,0.00,0.00,0.00,0,0,0.00,0.00,0,0
1544352460,1001-eth3,0.00,0.00,0.00,0,0,0.00,0.00,0.00,0,0,0.00,0.00,0,0
1544352460,2007-eth4,0.00,0.00,0.00,0,0,0.00,0.00,0.00,0,0,0.00,0.00,0,0
1544352460,2004-eth2,0.00,0.00,0.00,0,0,0.00,0.00,0.00,0,0,0.00,0.00,0,0
1544352460,3002-eth1,0.00,0.00,0.00,0,0,0.00,0.00,0.00,0,0,0.00,0.00,0,0
1544352460,3004-eth1,0.00,0.00,0.00,0,0,0.00,0.00,0.00,0,0,0.00,0.00,0,0
1544352460,2006-eth3,0.00,0.00,0.00,0,0,0.00,0.00,0.00,0,0,0.00,0.00,0,0
1544352460,3004-eth2,0.00,0.00,0.00,0,0,0.00,0.00,0.00,0,0,0.00,0.00,0,0
1544352460,3001-eth3,0.00,0.00,0.00,0,0,0.00,0.00,0.00,0,0,0.00,0.00,0,0
1544352460,2003-eth4,0.00,0.00,0.00,0,0,0.00,0.00,0.00,0,0,0.00,0.00,0,0
1544352460,2008-eth4,0.00,0.00,0.00,0,0,0.00,0.00,0.00,0,0,0.00,0.00,0,0
1544352460,3008-eth3,0.00,0.00,0.00,0,0,0.00,0.00,0.00,0,0,0.00,0.00,0,0
1544352460,2005-eth2,0.00,0.00,0.00,0,0,0.00,0.00,0.00,0,0,0.00,0.00,0,0
1544352460,2006-eth4,0.00,0.00,0.00,0,0,0.00,0.00,0.00,0,0,0.00,0.00,0,0
1544352460,3006-eth2,0.00,0.00,0.00,0,0,0.00,0.00,0.00,0,0,0.00,0.00,0,0
1544352460,1003-eth4,0.00,0.00,0.00,0,0,0.00,0.00,0.00,0,0,0.00,0.00,0,0
1544352460,2006-eth2,0.00,0.00,0.00,0,0,0.00,0.00,0.00,0,0,0.00,0.00,0,0
1544352460,3001-eth1,0.00,0.00,0.00,0,0,0.00,0.00,0.00,0,0,0.00,0.00,0,0
1544352460,3008-eth2,0.00,0.00,0.00,0,0,0.00,0.00,0.00,0,0,0.00,0.00,0,0
1544352460,2004-eth3,0.00,0.00,0.00,0,0,0.00,0.00,0.00,0,0,0.00,0.00,0,0
1544352460,3001-eth4,0.00,0.00,0.00,0,0,0.00,0.00,0.00,0,0,0.00,0.00,0,0
1544352460,1003-eth1,0.00,0.00,0.00,0,0,0.00,0.00,0.00,0,0,0.00,0.00,0,0
1544352460,3002-eth2,0.00,0.00,0.00,0,0,0.00,0.00,0.00,0,0,0.00,0.00,0,0
1544352460,2005-eth4,0.00,0.00,0.00,0,0,0.00,0.00,0.00,0,0,0.00,0.00,0,0
1544352460,3003-eth2,0.00,0.00,0.00,0,0,0.00,0.00,0.00,0,0,0.00,0.00,0,0
1544352460,2007-eth1,0.00,0.00,0.00,0,0,0.00,0.00,0.00,0,0,0.00,0.00,0,0
1544352460,1002-eth4,0.00,0.00,0.00,0,0,0.00,0.00,0.00,0,0,0.00,0.00,0,0
1544352460,3002-eth4,0.00,0.00,0.00,0,0,0.00,0.00,0.00,0,0,0.00,0.00,0,0
1544352460,2007-eth3,0.00,0.00,0.00,0,0,0.00,0.00,0.00,0,0,0.00,0.00,0,0
1544352460,3005-eth1,0.00,0.00,0.00,0,0,0.00,0.00,0.00,0,0,0.00,0.00,0,0
1544352460,2001-eth4,0.00,0.00,0.00,0,0,0.00,0.00,0.00,0,0,0.00,0.00,0,0
1544352460,3003-eth4,0.00,0.00,0.00,0,0,0.00,0.00,0.00,0,0,0.00,0.00,0,0
1544352460,2004-eth1,0.00,0.00,0.00,0,0,0.00,0.00,0.00,0,0,0.00,0.00,0,0
1544352460,3006-eth4,0.00,0.00,0.00,0,0,0.00,0.00,0.00,0,0,0.00,0.00,0,0
1544352460,3007-eth1,0.00,0.00,0.00,0,0,0.00,0.00,0.00,0,0,0.00,0.00,0,0
1544352460,2008-eth1,0.00,0.00,0.00,0,0,0.00,0.00,0.00,0,0,0.00,0.00,0,0
1544352460,2002-eth2,0.00,0.00,0.00,0,0,0.00,0.00,0.00,0,0,0.00,0.00,0,0
1544352460,2003-eth1,0.00,0.00,0.00,0,0,0.00,0.00,0.00,0,0,0.00,0.00,0,0
1544352460,3008-eth4,0.00,0.00,0.00,0,0,0.00,0.00,0.00,0,0,0.00,0.00,0,0
1544352460,1004-eth4,0.00,0.00,0.00,0,0,0.00,0.00,0.00,0,0,0.00,0.00,0,0
1544352460,3006-eth1,0.00,0.00,0.00,0,0,0.00,0.00,0.00,0,0,0.00,0.00,0,0
1544352460,1004-eth3,0.00,0.00,0.00,0,0,0.00,0.00,0.00,0,0,0.00,0.00,0,0
1544352460,1002-eth2,0.00,0.00,0.00,0,0,0.00,0.00,0.00,0,0,0.00,0.00,0,0
1544352460,3004-eth3,0.00,0.00,0.00,0,0,0.00,0.00,0.00,0,0,0.00,0.00,0,0
1544352460,2003-eth3,0.00,0.00,0.00,0,0,0.00,0.00,0.00,0,0,0.00,0.00,0,0
1544352460,2005-eth1,0.00,0.00,0.00,0,0,0.00,0.00,0.00,0,0,0.00,0.00,0,0
1544352460,3002-eth3,0.00,0.00,0.00,0,0,0.00,0.00,0.00,0,0,0.00,0.00,0,0
1544352460,3006-eth3,0.00,0.00,0.00,0,0,0.00,0.00,0.00,0,0,0.00,0.00,0,0
1544352460,2001-eth1,0.00,0.00,0.00,0,0,0.00,0.00,0.00,0,0,0.00,0.00,0,0
1544352460,3005-eth2,0.00,0.00,0.00,0,0,0.00,0.00,0.00,0,0,0.00,0.00,0,0
1544352460,2001-eth2,0.00,0.00,0.00,0,0,0.00,0.00,0.00,0,0,0.00,0.00,0,0
1544352460,3007-eth2,0.00,0.00,0.00,0,0,0.00,0.00,0.00,0,0,0.00,0.00,0,0
1544352460,1001-eth1,0.00,0.00,0.00,0,0,0.00,0.00,0.00,0,0,0.00,0.00,0,0
1544352460,3007-eth4,0.00,0.00,0.00,0,0,0.00,0.00,0.00,0,0,0.00,0.00,0,0
1544352460,2003-eth2,0.00,0.00,0.00,0,0,0.00,0.00,0.00,0,0,0.00,0.00,0,0
1544352460,3007-eth3,0.00,0.00,0.00,0,0,0.00,0.00,0.00,0,0,0.00,0.00,0,0
1544352460,1002-eth1,0.00,0.00,0.00,0,0,0.00,0.00,0.00,0,0,0.00,0.00,0,0
1544352460,2002-eth3,0.00,0.00,0.00,0,0,0.00,0.00,0.00,0,0,0.00,0.00,0,0
1544352460,2007-eth2,0.00,0.00,0.00,0,0,0.00,0.00,0.00,0,0,0.00,0.00,0,0
1544352460,total,0.00,0.00,0.00,0,0,0.00,0.00,0.00,0,0,0.00,0.00,0,0
1544352461,3003-eth3,1216415.25,812656.69,2029071.88,814282,1218848,778.44,707.58,1486.03,709,780,0.00,0.00,0,0
1544352461,2002-eth1,0.00,4009.98,4009.98,4018,0,0.00,40.92,40.92,41,0,0.00,0.00,0,0
1544352461,lo,67393.22,67393.22,134786.44,67528,67528,626.75,626.75,1253.49,628,628,0.00,0.00,0,0
1544352461,3005-eth3,1187618.75,631383.25,1819002.00,632646,1189994,368.26,370.26,738.52,371,369,0.00,0.00,0,0
1544352461,2005-eth3,13237.53,621107.81,634345.31,622350,13264,200.60,214.57,415.17,215,201,0.00,0.00,0,0
1544352461,3004-eth4,23720.56,217273.45,240994.02,217708,23768,247.50,181.64,429.14,182,248,0.00,0.00,0,0
1544352461,1004-eth2,7297.41,9291.42,16588.82,9310,7312,74.85,94.81,169.66,95,75,0.00,0.00,0,0
1544352461,2004-eth4,20568.86,9780.44,30349.30,9800,20610,256.49,99.80,356.29,100,257,0.00,0.00,0,0
1544352461,1001-eth2,13489.02,564876.25,578365.31,566006,13516,184.63,194.61,379.24,195,185,0.00,0.00,0,0
1544352461,1003-eth3,1194852.38,25952.10,1220804.38,26004,1197242,412.18,393.21,805.39,394,413,0.00,0.00,0,0
1544352461,2002-eth4,22596.81,792626.75,815223.56,794212,22642,312.38,273.45,585.83,274,313,0.00,0.00,0,0
1544352461,1001-eth4,59.88,244708.59,244768.47,245198,60,1.00,138.72,139.72,139,1,0.00,0.00,0,0
1544352461,3001-eth2,16532.94,792626.75,809159.69,794212,16566,250.50,273.45,523.95,274,251,0.00,0.00,0,0
1544352461,1004-eth1,2113.77,0.00,2113.77,0,2118,21.96,0.00,21.96,0,22,0.00,0.00,0,0
1544352461,3005-eth4,1205127.75,1200463.12,2405591.00,1202864,1207538,567.86,562.87,1130.74,564,569,0.00,0.00,0,0
1544352461,1003-eth2,0.00,7237.53,7237.53,7252,0,0.00,73.85,73.85,74,0,0.00,0.00,0,0
1544352461,3008-eth1,11834.33,3520.96,15355.29,3528,11858,120.76,35.93,156.69,36,121,0.00,0.00,0,0
1544352461,1002-eth3,0.00,59.88,59.88,60,0,0.00,1.00,1.00,1,0,0.00,0.00,0,0
1544352461,2006-eth1,25952.10,1194852.38,1220804.38,1197242,26004,393.21,412.18,805.39,413,394,0.00,0.00,0,0
1544352461,3003-eth1,786902.19,61277.45,848179.69,61400,788476,317.37,690.62,1007.98,692,318,0.00,0.00,0,0
1544352461,2001-eth3,809584.88,18706.59,828291.44,18744,811204,333.33,241.52,574.85,242,334,0.00,0.00,0,0
1544352461,2008-eth2,9291.42,9351.30,18642.71,9370,9310,94.81,95.81,190.62,96,95,0.00,0.00,0,0
1544352461,2008-eth3,5868.26,12616.77,18485.03,12642,5880,59.88,128.74,188.62,129,60,0.00,0.00,0,0
1544352461,1001-eth3,59.94,59.94,119.88,60,60,1.00,1.00,2.00,1,1,0.00,0.00,0,0
1544352461,2007-eth4,3524.48,11846.15,15370.63,11858,3528,35.96,120.88,156.84,121,36,0.00,0.00,0,0
1544352461,2004-eth2,9300.70,7304.70,16605.39,7312,9310,94.91,74.93,169.83,75,95,0.00,0.00,0,0
1544352461,3002-eth1,9300.70,2937.06,12237.76,2940,9310,94.91,29.97,124.88,30,95,0.00,0.00,0,0
1544352461,3004-eth1,605678.31,787748.25,1393426.62,788536,606284,653.35,318.68,972.03,319,654,0.00,0.00,0,0
1544352461,2006-eth3,1196046.00,25978.02,1222024.00,26004,1197242,412.59,393.61,806.19,394,413,0.00,0.00,0,0
1544352461,3004-eth2,9790.21,20589.41,30379.62,20610,9800,99.90,256.74,356.64,257,100,0.00,0.00,0,0
1544352461,3001-eth3,1226377.62,91300.70,1317678.38,91392,1227604,521.48,529.47,1050.95,530,522,0.00,0.00,0,0
1544352461,2003-eth4,787748.25,605678.31,1393426.62,606284,788536,318.68,653.35,972.03,654,319,0.00,0.00,0,0
1544352461,2008-eth4,35964.04,1193087.00,1229051.00,1194280,36000,495.50,411.59,907.09,412,496,0.00,0.00,0,0
1544352461,3008-eth3,39422.58,1221414.62,1260837.25,1222636,39462,530.47,525.47,1055.94,526,531,0.00,0.00,0,0
1544352461,2005-eth2,59.94,0.00,59.94,0,60,1.00,0.00,1.00,0,1,0.00,0.00,0,0
1544352461,2006-eth4,0.00,0.00,0.00,0,0,0.00,0.00,0.00,0,0,0.00,0.00,0,0
1544352461,3006-eth2,0.00,0.00,0.00,0,0,0.00,0.00,0.00,0,0,0.00,0.00,0,0
1544352461,1003-eth4,29208.79,1193087.00,1222295.75,1194280,29238,426.57,411.59,838.16,412,427,0.00,0.00,0,0
1544352461,2006-eth2,0.00,59.94,59.94,60,0,0.00,1.00,1.00,1,0,0.00,0.00,0,0
1544352461,3001-eth1,18631.37,807434.56,826065.94,808242,18650,240.76,332.67,573.43,333,241,0.00,0.00,0,0
1544352461,3008-eth2,1193087.00,35964.04,1229051.00,36000,1194280,411.59,495.50,907.09,496,412,0.00,0.00,0,0
1544352461,2004-eth3,5678.32,24309.69,29988.01,24334,5684,57.94,294.71,352.65,295,58,0.00,0.00,0,0
1544352461,3001-eth4,1221342.75,849060.94,2070403.62,849910,1222564,727.27,722.28,1449.55,723,728,0.00,0.00,0,0
1544352461,1003-eth1,4013.99,0.00,4013.99,0,4018,40.96,0.00,40.96,0,41,0.00,0.00,0,0
1544352461,3002-eth2,793418.62,22619.38,816038.00,22642,794212,273.73,312.69,586.41,313,274,0.00,0.00,0,0
1544352461,2005-eth4,621728.31,13054.95,634783.25,13068,622350,214.79,197.80,412.59,198,215,0.00,0.00,0,0
1544352461,3003-eth2,24309.69,5678.32,29988.01,5684,24334,294.71,57.94,352.65,58,295,0.00,0.00,0,0
1544352461,2007-eth1,244953.05,59.94,245013.00,60,245198,138.86,1.00,139.86,1,139,0.00,0.00,0,0
1544352461,1002-eth4,14941.06,7636.36,22577.42,7644,14956,156.84,77.92,234.77,78,157,0.00,0.00,0,0
1544352461,3002-eth4,35248.75,1221436.62,1256685.38,1222658,35284,489.51,496.50,986.01,497,490,0.00,0.00,0,0
1544352461,2007-eth3,16251.75,244953.05,261204.80,245198,16268,169.83,138.86,308.69,139,170,0.00,0.00,0,0
1544352461,3005-eth1,621728.31,13184.82,634913.12,13198,622350,214.79,199.80,414.59,200,215,0.00,0.00,0,0
1544352461,2001-eth4,2937.06,9300.70,12237.76,9310,2940,29.97,94.91,124.88,95,30,0.00,0.00,0,0
1544352461,3003-eth4,35766.23,1219456.62,1255222.75,1220676,35802,492.51,505.49,998.00,506,493,0.00,0.00,0,0
1544352461,2004-eth1,7244.76,0.00,7244.76,0,7252,73.93,0.00,73.93,0,74,0.00,0.00,0,0
1544352461,3006-eth4,1221040.00,1217618.38,2438658.50,1218836,1222261,789.21,805.19,1594.41,806,790,0.00,0.00,0,0
1544352461,3007-eth1,244953.05,16251.75,261204.80,16268,245198,138.86,169.83,308.69,170,139,0.00,0.00,0,0
1544352461,2008-eth1,1193087.00,29208.79,1222295.75,29238,1194280,411.59,426.57,838.16,427,412,0.00,0.00,0,0
1544352461,2002-eth2,0.00,2115.88,2115.88,2118,0,0.00,21.98,21.98,22,0,0.00,0.00,0,0
1544352461,2003-eth1,561920.19,13489.02,575409.19,13516,563044,193.61,184.63,378.24,185,194,0.00,0.00,0,0
1544352461,3008-eth4,1220451.12,1217782.50,2438233.50,1220218,1222892,800.40,803.39,1603.79,805,802,0.00,0.00,0,0
1544352461,1004-eth4,9351.30,9291.42,18642.71,9310,9370,95.81,94.81,190.62,95,96,0.00,0.00,0,0
1544352461,3006-eth1,13041.92,621107.81,634149.69,622350,13068,197.60,214.57,412.18,215,198,0.00,0.00,0,0
1544352461,1004-eth3,59.94,0.00,59.94,0,60,1.00,0.00,1.00,0,1,0.00,0.00,0,0
1544352461,1002-eth2,4759.24,59.94,4819.18,60,4764,48.95,1.00,49.95,1,49,0.00,0.00,0,0
1544352461,3004-eth3,1229423.62,618261.75,1847685.38,618880,1230653,741.26,787.21,1528.47,788,742,0.00,0.00,0,0
1544352461,2003-eth3,61338.66,787688.31,849027.00,788476,61400,691.31,317.68,1008.99,318,692,0.00,0.00,0,0
1544352461,2005-eth1,59.94,59.94,119.88,60,60,1.00,1.00,2.00,1,1,0.00,0.00,0,0
1544352461,3002-eth3,1221736.25,819660.38,2041396.62,820480,1222958,670.33,671.33,1341.66,672,671,0.00,0.00,0,0
1544352461,3006-eth3,1204563.50,640209.81,1844773.25,640850,1205768,607.39,604.40,1211.79,605,608,0.00,0.00,0,0
1544352461,2001-eth1,13442.56,807494.50,820937.06,808302,13456,183.82,333.67,517.48,334,184,0.00,0.00,0,0
1544352461,3005-eth2,25978.02,1193087.00,1219065.00,1194280,26004,393.61,411.59,805.19,412,394,0.00,0.00,0,0
1544352461,2001-eth2,14881.12,2997.00,17878.12,3000,14896,155.84,30.97,186.81,31,156,0.00,0.00,0,0
1544352461,3007-eth2,12629.37,5874.13,18503.50,5880,12642,128.87,59.94,188.81,60,129,0.00,0.00,0,0
1544352461,1001-eth1,807494.50,13442.56,820937.06,13456,808302,333.67,183.82,517.48,184,334,0.00,0.00,0,0
1544352461,3007-eth4,37338.66,1220239.75,1257578.50,1221460,37376,511.49,513.49,1024.98,514,512,0.00,0.00,0,0
1544352461,2003-eth2,59.94,4759.24,4819.18,4764,60,1.00,48.95,49.95,49,1,0.00,0.00,0,0
1544352461,3007-eth3,1219683.38,271326.69,1491010.00,271598,1220903,510.49,538.46,1048.95,539,511,0.00,0.00,0,0
1544352461,1002-eth1,2899.10,14881.12,17780.22,14896,2902,29.97,155.84,185.81,156,30,0.00,0.00,0,0
1544352461,2002-eth3,790459.56,16549.45,807009.00,16566,791250,272.73,250.75,523.48,251,273,0.00,0.00,0,0
1544352461,2007-eth2,7440.56,14941.06,22381.62,14956,7448,75.92,156.84,232.77,157,76,0.00,0.00,0,0
1544352461,total,26580748.00,26504566.00,53085316.00,26531070,26607329,21329.67,21303.70,42633.37,21325,21351,0.00,0.00,0,0
1544352462,3003-eth3,1223226.75,152565.44,1375792.25,152718,1224450,854.15,470.53,1324.68,471,855,0.00,0.00,0,0
1544352462,2002-eth1,0.00,3878.12,3878.12,3882,0,0.00,39.96,39.96,40,0,0.00,0.00,0,0
1544352462,lo,65716.29,65716.29,131432.58,65782,65782,300.70,300.70,601.40,301,301,0.00,0.00,0,0
1544352462,3005-eth3,1191542.50,618773.25,1810315.75,619392,1192734,366.63,367.63,734.27,368,367,0.00,0.00,0,0
1544352462,2005-eth3,12989.01,605420.62,618409.62,606026,13002,196.80,208.79,405.59,209,197,0.00,0.00,0,0
1544352462,3004-eth4,18631.37,163776.23,182407.59,163940,18650,194.81,141.86,336.66,142,195,0.00,0.00,0,0
1544352462,1004-eth2,5776.22,3976.02,9752.25,3980,5782,58.94,40.96,99.90,41,59,0.00,0.00,0,0
1544352462,2004-eth4,18507.49,7734.27,26241.76,7742,18526,241.76,78.92,320.68,79,242,0.00,0.00,0,0
1544352462,1001-eth2,14531.47,500341.69,514873.16,500842,14546,200.80,172.83,373.63,173,201,0.00,0.00,0,0
1544352462,1003-eth3,1193087.00,25846.15,1218933.12,25872,1194280,411.59,391.61,803.20,392,412,0.00,0.00,0,0
1544352462,2002-eth4,19886.12,697216.81,717102.94,697914,19906,272.73,240.76,513.49,241,273,0.00,0.00,0,0
1544352462,1001-eth4,0.00,308803.22,308803.22,309112,0,0.00,163.84,163.84,164,0,0.00,0.00,0,0
1544352462,3001-eth2,14169.83,697216.81,711386.62,697914,14184,214.79,240.76,455.54,241,215,0.00,0.00,0,0
1544352462,1004-eth1,1958.04,0.00,1958.04,0,1960,19.98,0.00,19.98,0,20,0.00,0.00,0,0
1544352462,3005-eth4,1203438.62,1204423.62,2407862.25,1205628,1204642,568.43,561.44,1129.87,562,569,0.00,0.00,0,0
1544352462,1003-eth2,0.00,7794.21,7794.21,7802,0,0.00,79.92,79.92,80,0,0.00,0.00,0,0
1544352462,3008-eth1,7892.11,1958.04,9850.15,1960,7900,80.92,19.98,100.90,20,81,0.00,0.00,0,0
1544352462,1002-eth3,59.94,0.00,59.94,0,60,1.00,0.00,1.00,0,1,0.00,0.00,0,0
1544352462,2006-eth1,25846.15,1193087.00,1218933.12,1194280,25872,391.61,411.59,803.20,412,392,0.00,0.00,0,0
1544352462,3003-eth1,126845.16,56459.54,183304.70,56516,126972,80.92,646.35,727.27,647,81,0.00,0.00,0,0
1544352462,2001-eth3,809204.81,26485.52,835690.31,26512,810014,337.66,329.67,667.33,330,338,0.00,0.00,0,0
1544352462,2008-eth2,7734.27,3916.08,11650.35,3920,7742,78.92,39.96,118.88,40,79,0.00,0.00,0,0
1544352462,2008-eth3,3916.08,9692.31,13608.39,9702,3920,39.96,98.90,138.86,99,40,0.00,0.00,0,0
1544352462,1001-eth3,0.00,0.00,0.00,0,0,0.00,0.00,0.00,0,0,0.00,0.00,0,0
1544352462,2007-eth4,1958.04,7892.11,9850.15,7900,1960,19.98,80.92,100.90,81,20,0.00,0.00,0,0
1544352462,2004-eth2,3976.02,5776.22,9752.25,5782,3980,40.96,58.94,99.90,59,41,0.00,0.00,0,0
1544352462,3002-eth1,7832.17,2017.98,9850.15,2020,7840,79.92,20.98,100.90,21,80,0.00,0.00,0,0
1544352462,3004-eth1,540251.75,126785.22,667037.00,126912,540792,597.40,79.92,677.32,80,598,0.00,0.00,0,0
1544352462,2006-eth3,1193087.00,25846.15,1218933.12,25872,1194280,411.59,391.61,803.20,392,412,0.00,0.00,0,0
1544352462,3004-eth2,7734.27,18507.49,26241.76,18526,7742,78.92,241.76,320.68,242,79,0.00,0.00,0,0
1544352462,3001-eth3,1231920.12,59066.93,1290987.00,59126,1233152,627.37,628.37,1255.74,629,628,0.00,0.00,0,0
1544352462,2003-eth4,126785.22,540251.75,667037.00,540792,126912,79.92,597.40,677.32,598,80,0.00,0.00,0,0
1544352462,2008-eth4,31720.28,1193146.88,1224867.12,1194340,31752,451.55,412.59,864.14,413,452,0.00,0.00,0,0
1544352462,3008-eth3,33936.07,1218673.38,1252609.38,1219892,33970,475.52,497.50,973.03,498,476,0.00,0.00,0,0
1544352462,2005-eth2,0.00,59.94,59.94,60,0,0.00,1.00,1.00,1,0,0.00,0.00,0,0
1544352462,2006-eth4,0.00,0.00,0.00,0,0,0.00,0.00,0.00,0,0,0.00,0.00,0,0
1544352462,3006-eth2,0.00,0.00,0.00,0,0,0.00,0.00,0.00,0,0,0.00,0.00,0,0
1544352462,1003-eth4,29822.18,1193087.00,1222909.12,1194280,29852,432.57,411.59,844.16,412,433,0.00,0.00,0,0
1544352462,2006-eth2,0.00,0.00,0.00,0,0,0.00,0.00,0.00,0,0,0.00,0.00,0,0
1544352462,3001-eth1,26485.52,809204.81,835690.31,810014,26512,329.67,337.66,667.33,338,330,0.00,0.00,0,0
1544352462,3008-eth2,1193146.88,31720.28,1224867.12,31752,1194340,412.59,451.55,864.14,452,413,0.00,0.00,0,0
1544352462,2004-eth3,3878.12,20405.60,24283.72,20426,3882,39.96,260.74,300.70,261,40,0.00,0.00,0,0
1544352462,3001-eth4,1217272.75,890301.75,2107574.50,891192,1218490,806.19,799.20,1605.39,800,807,0.00,0.00,0,0
1544352462,1003-eth1,3878.12,0.00,3878.12,0,3882,39.96,0.00,39.96,0,40,0.00,0.00,0,0
1544352462,3002-eth2,697216.81,19886.12,717102.94,19906,697914,240.76,272.73,513.49,273,241,0.00,0.00,0,0
1544352462,2005-eth4,605420.62,12989.01,618409.62,13002,606026,208.79,196.80,405.59,197,209,0.00,0.00,0,0
1544352462,3003-eth2,20405.60,3878.12,24283.72,3882,20426,260.74,39.96,300.70,40,261,0.00,0.00,0,0
1544352462,2007-eth1,308803.22,0.00,308803.22,0,309112,163.84,0.00,163.84,0,164,0.00,0.00,0,0
1544352462,1002-eth4,19786.21,3916.08,23702.30,3920,19806,208.79,39.96,248.75,40,209,0.00,0.00,0,0
1544352462,3002-eth4,33910.09,1223144.88,1257055.00,1224368,33944,475.52,499.50,975.03,500,476,0.00,0.00,0,0
1544352462,2007-eth3,21744.26,308803.22,330547.47,309112,21766,228.77,163.84,392.61,164,229,0.00,0.00,0,0
1544352462,3005-eth1,605420.62,12989.01,618409.62,13002,606026,208.79,196.80,405.59,197,209,0.00,0.00,0,0
1544352462,2001-eth4,2017.98,7832.17,9850.15,7840,2020,20.98,79.92,100.90,80,21,0.00,0.00,0,0
1544352462,3003-eth4,33574.43,1223144.88,1256719.38,1224368,33608,470.53,499.50,970.03,500,471,0.00,0.00,0,0
1544352462,2004-eth1,7794.21,0.00,7794.21,0,7802,79.92,0.00,79.92,0,80,0.00,0.00,0,0
1544352462,3006-eth4,1221232.75,1219238.75,2440471.50,1220458,1222454,794.21,808.19,1602.40,809,795,0.00,0.00,0,0
1544352462,3007-eth1,308803.22,21744.26,330547.47,21766,309112,163.84,228.77,392.61,229,164,0.00,0.00,0,0
1544352462,2008-eth1,1193087.00,29822.18,1222909.12,29852,1194280,411.59,432.57,844.16,433,412,0.00,0.00,0,0
1544352462,2002-eth2,0.00,1958.04,1958.04,1960,0,0.00,19.98,19.98,20,0,0.00,0.00,0,0
1544352462,2003-eth1,500341.69,14531.47,514873.16,14546,500842,172.83,200.80,373.63,201,173,0.00,0.00,0,0
1544352462,3008-eth4,1222160.88,1219196.88,2441357.75,1220416,1223383,806.19,807.19,1613.39,808,807,0.00,0.00,0,0
1544352462,1004-eth4,3916.08,7734.27,11650.35,7742,3920,39.96,78.92,118.88,79,40,0.00,0.00,0,0
1544352462,3006-eth1,12989.01,605420.62,618409.62,606026,13002,196.80,208.79,405.59,209,197,0.00,0.00,0,0
1544352462,1004-eth3,0.00,0.00,0.00,0,0,0.00,0.00,0.00,0,0,0.00,0.00,0,0
1544352462,1002-eth2,1958.04,0.00,1958.04,0,1960,19.98,0.00,19.98,0,20,0.00,0.00,0,0
1544352462,3004-eth3,1228054.00,551050.94,1779105.00,551602,1229282,700.30,712.29,1412.59,713,701,0.00,0.00,0,0
1544352462,2003-eth3,56459.54,126845.16,183304.70,126972,56516,646.35,80.92,727.27,81,647,0.00,0.00,0,0
1544352462,2005-eth1,0.00,0.00,0.00,0,0,0.00,0.00,0.00,0,0,0.00,0.00,0,0
1544352462,3002-eth3,1216601.38,723392.62,1939994.00,724116,1217818,636.36,637.36,1273.73,638,637,0.00,0.00,0,0
1544352462,3006-eth3,1206141.88,637382.62,1843524.50,638020,1207348,609.39,605.39,1214.79,606,610,0.00,0.00,0,0
1544352462,2001-eth1,14591.41,809144.88,823736.31,809954,14606,201.80,336.66,538.46,337,202,0.00,0.00,0,0
1544352462,3005-eth2,25846.15,1193087.00,1218933.12,1194280,25872,391.61,411.59,803.20,412,392,0.00,0.00,0,0
1544352462,2001-eth2,19786.21,1958.04,21744.26,1960,19806,208.79,19.98,228.77,20,209,0.00,0.00,0,0
1544352462,3007-eth2,9692.31,3916.08,13608.39,3920,9702,98.90,39.96,138.86,40,99,0.00,0.00,0,0
1544352462,1001-eth1,809144.88,14591.41,823736.31,14606,809954,336.66,201.80,538.46,202,337,0.00,0.00,0,0
1544352462,3007-eth4,34007.99,1223047.00,1257055.00,1224270,34042,476.52,498.50,975.03,499,477,0.00,0.00,0,0
1544352462,2003-eth2,0.00,1958.04,1958.04,1960,0,0.00,19.98,19.98,20,0,0.00,0.00,0,0
1544352462,3007-eth3,1220135.88,334979.03,1555114.88,335314,1221356,577.42,560.44,1137.86,561,578,0.00,0.00,0,0
1544352462,1002-eth1,1958.04,19786.21,21744.26,19806,1960,19.98,208.79,228.77,209,20,0.00,0.00,0,0
1544352462,2002-eth3,697216.81,14169.83,711386.62,14184,697914,240.76,214.79,455.54,215,241,0.00,0.00,0,0
1544352462,2007-eth2,3916.08,19786.21,23702.30,19806,3920,39.96,208.79,248.75,209,40,0.00,0.00,0,0
1544352462,total,24982778.00,24109150.00,49091928.00,24133258,25007761,20194.81,19850.15,40044.96,19870,20215,0.00,0.00,0,0
1544352463,3003-eth3,1219624.38,30251.75,1249876.12,30282,1220844,816.18,392.61,1208.79,393,817,0.00,0.00,0,0
1544352463,2002-eth1,0.00,3916.08,3916.08,3920,0,0.00,39.96,39.96,40,0,0.00,0.00,0,0
1544352463,lo,7652.35,7652.35,15304.70,7660,7660,74.93,74.93,149.85,75,75,0.00,0.00,0,0
1544352463,3005-eth3,1195684.38,595035.00,1790719.38,595630,1196880,363.64,358.64,722.28,359,364,0.00,0.00,0,0
1544352463,2005-eth3,12725.28,587666.38,600391.62,588254,12738,192.81,202.80,395.60,203,193,0.00,0.00,0,0
1544352463,3004-eth4,31098.90,986917.12,1018016.00,987904,31130,430.57,427.57,858.14,428,431,0.00,0.00,0,0
1544352463,1004-eth2,5874.13,3818.18,9692.31,3822,5880,59.94,38.96,98.90,39,60,0.00,0.00,0,0
1544352463,2004-eth4,18745.26,7734.27,26479.52,7742,18764,245.75,78.92,324.68,79,246,0.00,0.00,0,0
1544352463,1001-eth2,14927.07,1028761.25,1043688.31,1029790,14942,206.79,354.65,561.44,355,207,0.00,0.00,0,0
1544352463,1003-eth3,1193087.00,25978.02,1219065.00,26004,1194280,411.59,393.61,805.19,394,412,0.00,0.00,0,0
1544352463,2002-eth4,20605.39,732785.25,753390.62,733518,20626,283.72,253.75,537.46,254,284,0.00,0.00,0,0
1544352463,1001-eth4,0.00,290713.28,290713.28,291004,0,0.00,152.85,152.85,153,0,0.00,0.00,0,0
1544352463,3001-eth2,14769.23,732725.31,747494.50,733458,14784,223.78,252.75,476.52,253,224,0.00,0.00,0,0
1544352463,1004-eth1,1860.14,0.00,1860.14,0,1862,18.98,0.00,18.98,0,19,0.00,0.00,0,0
1544352463,3005-eth4,1203372.62,1208895.12,2412267.75,1210104,1204576,567.43,563.44,1130.87,564,568,0.00,0.00,0,0
1544352463,1003-eth2,0.00,7832.17,7832.17,7840,0,0.00,79.92,79.92,80,0,0.00,0.00,0,0
1544352463,3008-eth1,7832.17,2017.98,9850.15,2020,7840,79.92,20.98,100.90,21,80,0.00,0.00,0,0
1544352463,1002-eth3,0.00,0.00,0.00,0,0,0.00,0.00,0.00,0,0,0.00,0.00,0,0
1544352463,2006-eth1,25978.02,1193087.00,1219065.00,1194280,26004,393.61,411.59,805.19,412,394,0.00,0.00,0,0
1544352463,3003-eth1,4537.46,28137.86,32675.33,28166,4542,3.00,350.65,353.65,351,3,0.00,0.00,0,0
1544352463,2001-eth3,1195003.00,24029.97,1219033.00,24054,1196198,462.54,305.69,768.23,306,463,0.00,0.00,0,0
1544352463,2008-eth2,7734.27,3818.18,11552.45,3822,7742,78.92,38.96,117.88,39,79,0.00,0.00,0,0
1544352463,2008-eth3,3818.18,9692.31,13510.49,9702,3822,38.96,98.90,137.86,99,39,0.00,0.00,0,0
1544352463,1001-eth3,0.00,0.00,0.00,0,0,0.00,0.00,0.00,0,0,0.00,0.00,0,0
1544352463,2007-eth4,2017.98,7832.17,9850.15,7840,2020,20.98,79.92,100.90,80,21,0.00,0.00,0,0
1544352463,2004-eth2,3818.18,5874.13,9692.31,5880,3822,38.96,59.94,98.90,60,39,0.00,0.00,0,0
1544352463,3002-eth1,7892.11,1958.04,9850.15,1960,7900,80.92,19.98,100.90,20,81,0.00,0.00,0,0
1544352463,3004-eth1,1040014.00,4537.46,1044551.50,4542,1041054,478.52,3.00,481.52,3,479,0.00,0.00,0,0
1544352463,2006-eth3,1193087.00,26037.96,1219124.88,26064,1194280,411.59,394.61,806.19,395,412,0.00,0.00,0,0
1544352463,3004-eth2,7734.27,18745.26,26479.52,18764,7742,78.92,245.75,324.68,246,79,0.00,0.00,0,0
1544352463,3001-eth3,1224931.12,112709.30,1337640.38,112822,1226156,521.48,528.47,1049.95,529,522,0.00,0.00,0,0
1544352463,2003-eth4,4537.46,1040014.00,1044551.50,1041054,4542,3.00,478.52,481.52,479,3,0.00,0.00,0,0
1544352463,2008-eth4,31912.09,1193087.00,1224999.00,1194280,31944,454.55,411.59,866.13,412,455,0.00,0.00,0,0
1544352463,3008-eth3,33810.19,1217226.75,1251037.00,1218444,33844,473.53,497.50,971.03,498,474,0.00,0.00,0,0
1544352463,2005-eth2,0.00,0.00,0.00,0,0,0.00,0.00,0.00,0,0,0.00,0.00,0,0
1544352463,2006-eth4,0.00,59.94,59.94,60,0,0.00,1.00,1.00,1,0,0.00,0.00,0,0
1544352463,3006-eth2,59.94,0.00,59.94,0,60,1.00,0.00,1.00,0,1,0.00,0.00,0,0
1544352463,1003-eth4,29894.11,1193087.00,1222981.00,1194280,29924,433.57,411.59,845.15,412,434,0.00,0.00,0,0
1544352463,2006-eth2,0.00,0.00,0.00,0,0,0.00,0.00,0.00,0,0,0.00,0.00,0,0
1544352463,3001-eth1,24029.97,1195003.00,1219033.00,1196198,24054,305.69,462.54,768.23,463,306,0.00,0.00,0,0
1544352463,3008-eth2,1193087.00,31912.09,1224999.00,31944,1194280,411.59,454.55,866.13,455,412,0.00,0.00,0,0
1544352463,2004-eth3,3818.18,20665.34,24483.52,20686,3822,38.96,265.73,304.70,266,39,0.00,0.00,0,0
1544352463,3001-eth4,1219930.12,917728.31,2137658.50,918646,1221150,834.17,842.16,1676.32,843,835,0.00,0.00,0,0
1544352463,1003-eth1,3916.08,0.00,3916.08,0,3920,39.96,0.00,39.96,0,40,0.00,0.00,0,0
1544352463,3002-eth2,732785.25,20605.39,753390.62,20626,733518,253.75,283.72,537.46,284,254,0.00,0.00,0,0
1544352463,2005-eth4,587666.38,12785.21,600451.56,12798,588254,202.80,193.81,396.60,194,203,0.00,0.00,0,0
1544352463,3003-eth2,20665.34,3818.18,24483.52,3822,20686,265.73,38.96,304.70,39,266,0.00,0.00,0,0
1544352463,2007-eth1,290713.28,0.00,290713.28,0,291004,152.85,0.00,152.85,0,153,0.00,0.00,0,0
1544352463,1002-eth4,16875.12,3976.02,20851.15,3980,16892,177.82,40.96,218.78,41,178,0.00,0.00,0,0
1544352463,3002-eth4,33970.03,1215714.38,1249684.38,1216930,34004,476.52,496.50,973.03,497,477,0.00,0.00,0,0
1544352463,2007-eth3,18893.11,290653.34,309546.47,290944,18912,198.80,151.85,350.65,152,199,0.00,0.00,0,0
1544352463,3005-eth1,587666.38,12725.28,600391.62,12738,588254,202.80,192.81,395.60,193,203,0.00,0.00,0,0
1544352463,2001-eth4,1958.04,7892.11,9850.15,7900,1960,19.98,80.92,100.90,81,20,0.00,0.00,0,0
1544352463,3003-eth4,33448.55,1218477.50,1251926.12,1219696,33482,468.53,495.50,964.04,496,469,0.00,0.00,0,0
1544352463,2004-eth1,7832.17,0.00,7832.17,0,7840,79.92,0.00,79.92,0,80,0.00,0.00,0,0
1544352463,3006-eth4,1218579.50,1219041.00,2437620.50,1220260,1219798,798.20,805.19,1603.40,806,799,0.00,0.00,0,0
1544352463,3007-eth1,290653.34,18893.11,309546.47,18912,290944,151.85,198.80,350.65,199,152,0.00,0.00,0,0
1544352463,2008-eth1,1193087.00,29894.11,1222981.00,29924,1194280,411.59,433.57,845.15,434,412,0.00,0.00,0,0
1544352463,2002-eth2,0.00,1860.14,1860.14,1862,0,0.00,18.98,18.98,19,0,0.00,0.00,0,0
1544352463,2003-eth1,1028761.25,14927.07,1043688.31,14942,1029790,354.65,206.79,561.44,207,355,0.00,0.00,0,0
1544352463,3008-eth4,1218861.12,1218999.00,2437860.25,1220218,1220080,802.20,804.20,1606.39,805,803,0.00,0.00,0,0
1544352463,1004-eth4,3818.18,7734.27,11552.45,7742,3822,38.96,78.92,117.88,79,39,0.00,0.00,0,0
1544352463,3006-eth1,12785.21,587666.38,600451.56,588254,12798,193.81,202.80,396.60,203,194,0.00,0.00,0,0
1544352463,1004-eth3,0.00,0.00,0.00,0,0,0.00,0.00,0.00,0,0,0.00,0.00,0,0
1544352463,1002-eth2,1958.04,0.00,1958.04,0,1960,19.98,0.00,19.98,0,20,0.00,0.00,0,0
1544352463,3004-eth3,1223650.38,1063378.62,2287029.00,1064442,1224874,808.19,830.17,1638.36,831,809,0.00,0.00,0,0
1544352463,2003-eth3,28137.86,4537.46,32675.33,4542,28166,350.65,3.00,353.65,3,351,0.00,0.00,0,0
1544352463,2005-eth1,0.00,0.00,0.00,0,0,0.00,0.00,0.00,0,0,0.00,0.00,0,0
1544352463,3002-eth3,1216925.12,758901.12,1975826.25,759660,1218142,641.36,649.35,1290.71,650,642,0.00,0.00,0,0
1544352463,3006-eth3,1206399.62,637316.69,1843716.38,637954,1207606,613.39,604.40,1217.78,605,614,0.00,0.00,0,0
1544352463,2001-eth1,14927.07,1195003.00,1209930.12,1196198,14942,206.79,462.54,669.33,463,207,0.00,0.00,0,0
1544352463,3005-eth2,26037.96,1193087.00,1219124.88,1194280,26064,394.61,411.59,806.19,412,395,0.00,0.00,0,0
1544352463,2001-eth2,16935.06,1958.04,18893.11,1960,16952,178.82,19.98,198.80,20,179,0.00,0.00,0,0
1544352463,3007-eth2,9692.31,3818.18,13510.49,3822,9702,98.90,38.96,137.86,39,99,0.00,0.00,0,0
1544352463,1001-eth1,1195003.00,14927.07,1209930.12,14942,1196198,462.54,206.79,669.33,207,463,0.00,0.00,0,0
1544352463,3007-eth4,34041.96,1215616.38,1249658.38,1216832,34076,477.52,495.50,973.03,496,478,0.00,0.00,0,0
1544352463,2003-eth2,0.00,1958.04,1958.04,1960,0,0.00,19.98,19.98,20,0,0.00,0.00,0,0
1544352463,3007-eth3,1218257.75,316961.06,1535218.88,317278,1219476,557.44,550.45,1107.89,551,558,0.00,0.00,0,0
1544352463,1002-eth1,1958.04,16935.06,18893.11,16952,1960,19.98,178.82,198.80,179,20,0.00,0.00,0,0
1544352463,2002-eth3,732725.31,14769.23,747494.50,14784,733458,252.75,223.78,476.52,224,253,0.00,0.00,0,0
1544352463,2007-eth2,3976.02,16875.12,20851.15,16892,3980,40.96,177.82,218.78,178,41,0.00,0.00,0,0
1544352463,total,26439064.00,26839648.00,53278712.00,26866486,26465502,19955.05,19646.35,39601.40,19666,19975,0.00,0.00,0,0
1544352464,3003-eth3,1221248.75,73934.07,1295182.88,74008,1222470,532.47,419.58,952.05,420,533,0.00,0.00,0,0
1544352464,2002-eth1,59.94,3916.08,3976.02,3920,60,1.00,39.96,40.96,40,1,0.00,0.00,0,0
1544352464,lo,7420.58,7420.58,14841.16,7428,7428,72.93,72.93,145.85,73,73,0.00,0.00,0,0
1544352464,3005-eth3,1195966.12,612681.31,1808647.38,613294,1197162,367.63,362.64,730.27,363,368,0.00,0.00,0,0
1544352464,2005-eth3,12989.01,602521.50,615510.50,603124,13002,196.80,208.79,405.59,209,197,0.00,0.00,0,0
1544352464,3004-eth4,33480.52,1223144.88,1256625.38,1224368,33514,468.53,499.50,968.03,500,469,0.00,0.00,0,0
1544352464,1004-eth2,5874.13,3916.08,9790.21,3920,5880,59.94,39.96,99.90,40,60,0.00,0.00,0,0
1544352464,2004-eth4,22535.46,7832.17,30367.63,7840,22558,302.70,79.92,382.62,80,303,0.00,0.00,0,0
1544352464,1001-eth2,18619.38,685440.56,704059.94,686126,18638,262.74,237.76,500.50,238,263,0.00,0.00,0,0
1544352464,1003-eth3,1194593.50,26367.63,1220961.12,26394,1195788,412.59,399.60,812.19,400,413,0.00,0.00,0,0
1544352464,2002-eth4,16357.64,580235.75,596593.44,580816,16374,218.78,199.80,418.58,200,219,0.00,0.00,0,0
1544352464,1001-eth4,0.00,521788.22,521788.22,522310,0,0.00,234.77,234.77,235,0,0.00,0.00,0,0
1544352464,3001-eth2,10483.52,580295.75,590779.25,580876,10494,158.84,200.80,359.64,201,159,0.00,0.00,0,0
1544352464,1004-eth1,1958.04,59.94,2017.98,60,1960,19.98,1.00,20.98,1,20,0.00,0.00,0,0
1544352464,3005-eth4,1204813.25,1209224.75,2414038.00,1210434,1206018,567.43,568.43,1135.86,569,568,0.00,0.00,0,0
1544352464,1003-eth2,59.94,7832.17,7892.11,7840,60,1.00,79.92,80.92,80,1,0.00,0.00,0,0
1544352464,3008-eth1,7832.17,1958.04,9790.21,1960,7840,79.92,19.98,99.90,20,80,0.00,0.00,0,0
1544352464,1002-eth3,0.00,0.00,0.00,0,0,0.00,0.00,0.00,0,0,0.00,0.00,0,0
1544352464,2006-eth1,26367.63,1194593.50,1220961.12,1195788,26394,399.60,412.59,812.19,413,400,0.00,0.00,0,0
1544352464,3003-eth1,47494.51,21830.17,69324.68,21852,47542,18.98,301.70,320.68,302,19,0.00,0.00,0,0
1544352464,2001-eth3,1207234.75,29244.76,1236479.50,29274,1208442,472.53,384.62,857.14,385,473,0.00,0.00,0,0
1544352464,2008-eth2,7892.11,3916.08,11808.19,3920,7900,80.92,39.96,120.88,40,81,0.00,0.00,0,0
1544352464,2008-eth3,3976.02,9850.15,13826.17,9860,3980,40.96,100.90,141.86,101,41,0.00,0.00,0,0
1544352464,1001-eth3,0.00,0.00,0.00,0,0,0.00,0.00,0.00,0,0,0.00,0.00,0,0
1544352464,2007-eth4,1958.04,7832.17,9790.21,7840,1960,19.98,79.92,99.90,80,20,0.00,0.00,0,0
1544352464,2004-eth2,3916.08,5874.13,9790.21,5880,3920,39.96,59.94,99.90,60,40,0.00,0.00,0,0
1544352464,3002-eth1,7636.36,1958.04,9594.41,1960,7644,77.92,19.98,97.90,20,78,0.00,0.00,0,0
1544352464,3004-eth1,686633.38,47494.51,734127.88,47542,687320,255.74,18.98,274.73,19,256,0.00,0.00,0,0
1544352464,2006-eth3,1194593.50,26307.69,1220901.12,26334,1195788,412.59,398.60,811.19,399,413,0.00,0.00,0,0
1544352464,3004-eth2,7832.17,22535.46,30367.63,22558,7840,79.92,302.70,382.62,303,80,0.00,0.00,0,0
1544352464,3001-eth3,1239622.38,62621.38,1302243.75,62684,1240862,678.32,673.33,1351.65,674,679,0.00,0.00,0,0
1544352464,2003-eth4,47494.51,686633.38,734127.88,687320,47542,18.98,255.74,274.73,256,19,0.00,0.00,0,0
1544352464,2008-eth4,32181.82,1194533.50,1226715.38,1195728,32214,458.54,411.59,870.13,412,459,0.00,0.00,0,0
1544352464,3008-eth3,33876.12,1221632.38,1255508.50,1222854,33910,474.53,498.50,973.03,499,475,0.00,0.00,0,0
1544352464,2005-eth2,0.00,0.00,0.00,0,0,0.00,0.00,0.00,0,0,0.00,0.00,0,0
1544352464,2006-eth4,59.94,0.00,59.94,0,60,1.00,0.00,1.00,0,1,0.00,0.00,0,0
1544352464,3006-eth2,0.00,59.94,59.94,60,0,0.00,1.00,1.00,1,0,0.00,0.00,0,0
1544352464,1003-eth4,30223.78,1194593.50,1224817.25,1195788,30254,438.56,412.59,851.15,413,439,0.00,0.00,0,0
1544352464,2006-eth2,59.94,0.00,59.94,0,60,1.00,0.00,1.00,0,1,0.00,0.00,0,0
1544352464,3001-eth1,29244.76,1207234.75,1236479.50,1208442,29274,384.62,472.53,857.14,473,385,0.00,0.00,0,0
1544352464,3008-eth2,1194533.50,32181.82,1226715.38,32214,1195728,411.59,458.54,870.13,459,412,0.00,0.00,0,0
1544352464,2004-eth3,3916.08,24493.51,28409.59,24518,3920,39.96,322.68,362.64,323,40,0.00,0.00,0,0
1544352464,3001-eth4,1221452.62,561172.81,1782625.38,561734,1222674,637.36,590.41,1227.77,591,638,0.00,0.00,0,0
1544352464,1003-eth1,3916.08,59.94,3976.02,60,3920,39.96,1.00,40.96,1,40,0.00,0.00,0,0
1544352464,3002-eth2,580235.75,16357.64,596593.44,16374,580816,199.80,218.78,418.58,219,200,0.00,0.00,0,0
1544352464,2005-eth4,602461.56,12989.01,615450.56,13002,603064,207.79,196.80,404.60,197,208,0.00,0.00,0,0
1544352464,3003-eth2,24493.51,3916.08,28409.59,3920,24518,322.68,39.96,362.64,40,323,0.00,0.00,0,0
1544352464,2007-eth1,521788.22,0.00,521788.22,0,522310,234.77,0.00,234.77,0,235,0.00,0.00,0,0
1544352464,1002-eth4,18261.74,3916.08,22177.82,3920,18280,199.80,39.96,239.76,40,200,0.00,0.00,0,0
1544352464,3002-eth4,34205.80,1224395.62,1258601.38,1225620,34240,479.52,497.50,977.02,498,480,0.00,0.00,0,0
1544352464,2007-eth3,20219.78,521848.16,542067.94,522370,20240,219.78,235.76,455.54,236,220,0.00,0.00,0,0
1544352464,3005-eth1,602521.50,12989.01,615510.50,13002,603124,208.79,196.80,405.59,197,209,0.00,0.00,0,0
1544352464,2001-eth4,1958.04,7636.36,9594.41,7644,1960,19.98,77.92,97.90,78,20,0.00,0.00,0,0
1544352464,3003-eth4,34271.73,1221632.38,1255904.12,1222854,34306,480.52,498.50,979.02,499,481,0.00,0.00,0,0
1544352464,2004-eth1,7832.17,59.94,7892.11,60,7840,79.92,1.00,80.92,1,80,0.00,0.00,0,0
1544352464,3006-eth4,1218903.12,1222090.00,2440993.00,1223312,1220122,803.20,807.19,1610.39,808,804,0.00,0.00,0,0
1544352464,3007-eth1,521848.16,20219.78,542067.94,20240,522370,235.76,219.78,455.54,220,236,0.00,0.00,0,0
1544352464,2008-eth1,1194593.50,30223.78,1224817.25,30254,1195788,412.59,438.56,851.15,439,413,0.00,0.00,0,0
1544352464,2002-eth2,59.94,1958.04,2017.98,1960,60,1.00,19.98,20.98,20,1,0.00,0.00,0,0
1544352464,2003-eth1,685440.56,18619.38,704059.94,18638,686126,237.76,262.74,500.50,263,238,0.00,0.00,0,0
1544352464,3008-eth4,1221562.50,1220643.38,2442205.75,1221864,1222784,799.20,807.19,1606.39,808,800,0.00,0.00,0,0
1544352464,1004-eth4,3916.08,7892.11,11808.19,7900,3920,39.96,80.92,120.88,81,40,0.00,0.00,0,0
1544352464,3006-eth1,12989.01,602461.56,615450.56,603064,13002,196.80,207.79,404.60,208,197,0.00,0.00,0,0
1544352464,1004-eth3,0.00,59.94,59.94,60,0,0.00,1.00,1.00,1,0,0.00,0.00,0,0
1544352464,1002-eth2,1958.04,0.00,1958.04,0,1960,19.98,0.00,19.98,0,20,0.00,0.00,0,0
1544352464,3004-eth3,1219380.62,712281.75,1931662.38,712994,1220600,635.36,644.36,1279.72,645,636,0.00,0.00,0,0
1544352464,2003-eth3,21830.17,47494.51,69324.68,47542,21852,301.70,18.98,320.68,19,302,0.00,0.00,0,0
1544352464,2005-eth1,0.00,0.00,0.00,0,0,0.00,0.00,0.00,0,0,0.00,0.00,0,0
1544352464,3002-eth3,1222379.62,606609.44,1828989.00,607216,1223602,592.41,599.40,1191.81,600,593,0.00,0.00,0,0
1544352464,3006-eth3,1209100.88,628505.50,1837606.50,629134,1210310,610.39,602.40,1212.79,603,611,0.00,0.00,0,0
1544352464,2001-eth1,18619.38,1210193.88,1228813.25,1211404,18638,262.74,473.53,736.26,474,263,0.00,0.00,0,0
1544352464,3005-eth2,26307.69,1194593.50,1220901.12,1195788,26334,398.60,412.59,811.19,413,399,0.00,0.00,0,0
1544352464,2001-eth2,18261.74,1958.04,20219.78,1960,18280,199.80,19.98,219.78,20,200,0.00,0.00,0,0
1544352464,3007-eth2,9850.15,3976.02,13826.17,3980,9860,100.90,40.96,141.86,41,101,0.00,0.00,0,0
1544352464,1001-eth1,1210193.88,18619.38,1228813.25,18638,1211404,473.53,262.74,736.26,263,474,0.00,0.00,0,0
1544352464,3007-eth4,33806.20,1224591.50,1258397.62,1225816,33840,474.53,499.50,974.03,500,475,0.00,0.00,0,0
1544352464,2003-eth2,0.00,1958.04,1958.04,1960,0,0.00,19.98,19.98,20,0,0.00,0.00,0,0
1544352464,3007-eth3,1223420.62,547898.12,1771318.75,548446,1224644,586.41,630.37,1216.78,631,587,0.00,0.00,0,0
1544352464,1002-eth1,1958.04,18261.74,20219.78,18280,1960,19.98,199.80,219.78,200,20,0.00,0.00,0,0
1544352464,2002-eth3,580295.75,10483.52,590779.25,10494,580876,200.80,158.84,359.64,159,201,0.00,0.00,0,0
1544352464,2007-eth2,3916.08,18261.74,22177.82,18280,3920,39.96,199.80,239.76,200,40,0.00,0.00,0,0
1544352464,total,26095250.00,26100818.00,52196068.00,26126918,26121344,19503.50,19514.49,39017.98,19534,19523,0.00,0.00,0,0
1544352465,3003-eth3,1220971.00,700091.94,1921063.00,700792,1222192,439.56,635.36,1074.93,636,440,0.00,0.00,0,0
1544352465,2002-eth1,0.00,3916.08,3916.08,3920,0,0.00,39.96,39.96,40,0,0.00,0.00,0,0
1544352465,lo,65432.57,65432.57,130865.14,65498,65498,297.70,297.70,595.40,298,298,0.00,0.00,0,0
1544352465,3005-eth3,1197484.50,615442.56,1812927.12,616058,1198682,368.63,360.64,729.27,361,369,0.00,0.00,0,0
1544352465,2005-eth3,13114.89,602461.56,615576.44,603064,13128,198.80,207.79,406.59,208,199,0.00,0.00,0,0
1544352465,3004-eth4,29650.35,1088409.62,1118060.00,1089498,29680,410.59,452.55,863.14,453,411,0.00,0.00,0,0
1544352465,1004-eth2,5874.13,3916.08,9790.21,3920,5880,59.94,39.96,99.90,40,60,0.00,0.00,0,0
1544352465,2004-eth4,22601.40,7892.11,30493.51,7900,22624,303.70,80.92,384.62,81,304,0.00,0.00,0,0
1544352465,1001-eth2,18745.26,559522.50,578267.75,560082,18764,264.74,192.81,457.54,193,265,0.00,0.00,0,0
1544352465,1003-eth3,1199005.00,26043.96,1225049.00,26070,1200204,413.59,394.61,808.19,395,414,0.00,0.00,0,0
1544352465,2002-eth4,16391.61,555116.88,571508.50,555672,16408,219.78,191.81,411.59,192,220,0.00,0.00,0,0
1544352465,1001-eth4,59.94,521054.97,521114.91,521576,60,1.00,179.82,180.82,180,1,0.00,0.00,0,0
1544352465,3001-eth2,10615.38,555116.88,565732.31,555672,10626,160.84,191.81,352.65,192,161,0.00,0.00,0,0
1544352465,1004-eth1,1920.08,0.00,1920.08,0,1922,19.98,0.00,19.98,0,20,0.00,0.00,0,0
1544352465,3005-eth4,1209027.00,1210407.62,2419434.75,1211618,1210236,565.43,564.44,1129.87,565,566,0.00,0.00,0,0
1544352465,1003-eth2,0.00,7832.17,7832.17,7840,0,0.00,79.92,79.92,80,0,0.00,0.00,0,0
1544352465,3008-eth1,7832.17,1958.04,9790.21,1960,7840,79.92,19.98,99.90,20,80,0.00,0.00,0,0
1544352465,1002-eth3,0.00,59.94,59.94,60,0,0.00,1.00,1.00,1,0,0.00,0.00,0,0
1544352465,2006-eth1,26043.96,1199005.00,1225049.00,1200204,26070,394.61,413.59,808.19,414,395,0.00,0.00,0,0
1544352465,3003-eth1,673544.50,25390.61,698935.06,25416,674218,232.77,355.64,588.41,356,233,0.00,0.00,0,0
1544352465,2001-eth3,1201964.12,23208.79,1225172.88,23232,1203166,414.59,351.65,766.23,352,415,0.00,0.00,0,0
1544352465,2008-eth2,7734.27,3976.02,11710.29,3980,7742,78.92,40.96,119.88,41,79,0.00,0.00,0,0
1544352465,2008-eth3,3916.08,9692.31,13608.39,9702,3920,39.96,98.90,138.86,99,40,0.00,0.00,0,0
1544352465,1001-eth3,59.94,59.94,119.88,60,60,1.00,1.00,2.00,1,1,0.00,0.00,0,0
1544352465,2007-eth4,1958.04,7832.17,9790.21,7840,1960,19.98,79.92,99.90,80,20,0.00,0.00,0,0
1544352465,2004-eth2,3916.08,5874.13,9790.21,5880,3920,39.96,59.94,99.90,60,40,0.00,0.00,0,0
1544352465,3002-eth1,7832.17,1958.04,9790.21,1960,7840,79.92,19.98,99.90,20,80,0.00,0.00,0,0
1544352465,3004-eth1,564329.69,673604.44,1237934.12,674278,564894,265.73,233.77,499.50,234,266,0.00,0.00,0,0
1544352465,2006-eth3,1199005.00,26043.96,1225049.00,26070,1200204,413.59,394.61,808.19,395,414,0.00,0.00,0,0
1544352465,3004-eth2,7892.11,22601.40,30493.51,22624,7900,80.92,303.70,384.62,304,81,0.00,0.00,0,0
1544352465,3001-eth3,1230125.88,32439.56,1262565.50,32472,1231356,556.44,445.55,1002.00,446,557,0.00,0.00,0,0
1544352465,2003-eth4,673604.44,564329.69,1237934.12,564894,674278,233.77,265.73,499.50,266,234,0.00,0.00,0,0
1544352465,2008-eth4,31918.08,1199005.00,1230923.12,1200204,31950,454.55,413.59,868.13,414,455,0.00,0.00,0,0
1544352465,3008-eth3,33942.06,1221632.38,1255574.50,1222854,33976,475.52,498.50,974.03,499,476,0.00,0.00,0,0
1544352465,2005-eth2,59.94,0.00,59.94,0,60,1.00,0.00,1.00,0,1,0.00,0.00,0,0
1544352465,2006-eth4,0.00,0.00,0.00,0,0,0.00,0.00,0.00,0,0,0.00,0.00,0,0
1544352465,3006-eth2,0.00,0.00,0.00,0,0,0.00,0.00,0.00,0,0,0.00,0.00,0,0
1544352465,1003-eth4,29960.04,1199005.00,1228965.12,1200204,29990,434.57,413.59,848.15,414,435,0.00,0.00,0,0
1544352465,2006-eth2,0.00,0.00,0.00,0,0,0.00,0.00,0.00,0,0,0.00,0.00,0,0
1544352465,3001-eth1,23208.79,1201964.12,1225172.88,1203166,23232,351.65,414.59,766.23,415,352,0.00,0.00,0,0
1544352465,3008-eth2,1199005.00,31918.08,1230923.12,31950,1200204,413.59,454.55,868.13,455,414,0.00,0.00,0,0
1544352465,2004-eth3,3916.08,24559.44,28475.53,24584,3920,39.96,323.68,363.64,324,40,0.00,0.00,0,0
1544352465,3001-eth4,1223134.88,29046.95,1252181.88,29076,1224358,792.21,393.61,1185.81,394,793,0.00,0.00,0,0
1544352465,1003-eth1,3916.08,0.00,3916.08,0,3920,39.96,0.00,39.96,0,40,0.00,0.00,0,0
1544352465,3002-eth2,555116.88,16391.61,571508.50,16408,555672,191.81,219.78,411.59,220,192,0.00,0.00,0,0
1544352465,2005-eth4,602521.50,13054.95,615576.44,13068,603124,208.79,197.80,406.59,198,209,0.00,0.00,0,0
1544352465,3003-eth2,24559.44,3916.08,28475.53,3920,24584,323.68,39.96,363.64,40,324,0.00,0.00,0,0
1544352465,2007-eth1,521054.97,59.94,521114.91,60,521576,179.82,1.00,180.82,1,180,0.00,0.00,0,0
1544352465,1002-eth4,12415.58,3916.08,16331.67,3920,12428,168.83,39.96,208.79,40,169,0.00,0.00,0,0
1544352465,3002-eth4,33976.02,1221632.38,1255608.38,1222854,34010,476.52,498.50,975.03,499,477,0.00,0.00,0,0
1544352465,2007-eth3,14313.69,521054.97,535368.62,521576,14328,187.81,179.82,367.63,180,188,0.00,0.00,0,0
1544352465,3005-eth1,602461.56,13114.89,615576.44,13128,603064,207.79,198.80,406.59,199,208,0.00,0.00,0,0
1544352465,2001-eth4,1958.04,7832.17,9790.21,7840,1960,19.98,79.92,99.90,80,20,0.00,0.00,0,0
1544352465,3003-eth4,34379.62,1221674.38,1256054.00,1222896,34414,482.52,499.50,982.02,500,483,0.00,0.00,0,0
1544352465,2004-eth1,7832.17,0.00,7832.17,0,7840,79.92,0.00,79.92,0,80,0.00,0.00,0,0
1544352465,3006-eth4,1222024.00,1224983.00,2447007.00,1226208,1223246,806.19,807.19,1613.39,808,807,0.00,0.00,0,0
1544352465,3007-eth1,521054.97,14313.69,535368.62,14328,521576,179.82,187.81,367.63,188,180,0.00,0.00,0,0
1544352465,2008-eth1,1199005.00,29960.04,1228965.12,29990,1200204,413.59,434.57,848.15,435,414,0.00,0.00,0,0
1544352465,2002-eth2,0.00,1920.08,1920.08,1922,0,0.00,19.98,19.98,20,0,0.00,0.00,0,0
1544352465,2003-eth1,559522.50,18745.26,578267.75,18764,560082,192.81,264.74,457.54,265,193,0.00,0.00,0,0
1544352465,3008-eth4,1218801.25,1225049.00,2443850.25,1226274,1220020,801.20,808.19,1609.39,809,802,0.00,0.00,0,0
1544352465,1004-eth4,3976.02,7734.27,11710.29,7742,3980,40.96,78.92,119.88,79,41,0.00,0.00,0,0
1544352465,3006-eth1,13054.95,602521.50,615576.44,603124,13068,197.80,208.79,406.59,209,198,0.00,0.00,0,0
1544352465,1004-eth3,0.00,0.00,0.00,0,0,0.00,0.00,0.00,0,0,0.00,0.00,0,0
1544352465,1002-eth2,2017.98,59.94,2077.92,60,2020,20.98,1.00,21.98,1,21,0.00,0.00,0,0
1544352465,3004-eth3,1220861.12,586028.00,1806889.12,586614,1222082,591.41,594.41,1185.81,595,592,0.00,0.00,0,0
1544352465,2003-eth3,25390.61,673544.50,698935.06,674218,25416,355.64,232.77,588.41,233,356,0.00,0.00,0,0
1544352465,2005-eth1,59.94,59.94,119.88,60,60,1.00,1.00,2.00,1,1,0.00,0.00,0,0
1544352465,3002-eth3,1218299.75,581424.56,1799724.38,582006,1219518,574.43,590.41,1164.84,591,575,0.00,0.00,0,0
1544352465,3006-eth3,1211928.12,622653.38,1834581.50,623276,1213140,609.39,601.40,1210.79,602,610,0.00,0.00,0,0
1544352465,2001-eth1,18685.31,1199065.00,1217750.25,1200264,18704,263.74,414.59,678.32,415,264,0.00,0.00,0,0
1544352465,3005-eth2,26043.96,1199005.00,1225049.00,1200204,26070,394.61,413.59,808.19,414,395,0.00,0.00,0,0
1544352465,2001-eth2,12355.64,2017.98,14373.63,2020,12368,167.83,20.98,188.81,21,168,0.00,0.00,0,0
1544352465,3007-eth2,9692.31,3916.08,13608.39,3920,9702,98.90,39.96,138.86,40,99,0.00,0.00,0,0
1544352465,1001-eth1,1199065.00,18685.31,1217750.25,18704,1200264,414.59,263.74,678.32,264,415,0.00,0.00,0,0
1544352465,3007-eth4,34403.60,1221534.50,1255938.12,1222756,34438,482.52,497.50,980.02,498,483,0.00,0.00,0,0
1544352465,2003-eth2,59.94,2017.98,2077.92,2020,60,1.00,20.98,21.98,21,1,0.00,0.00,0,0
1544352465,3007-eth3,1221778.25,547692.31,1769470.62,548240,1223000,539.46,583.42,1122.88,584,540,0.00,0.00,0,0
1544352465,1002-eth1,2017.98,12355.64,14373.63,12368,2020,20.98,167.83,188.81,168,21,0.00,0.00,0,0
1544352465,2002-eth3,555116.88,10615.38,565732.31,10626,555672,191.81,160.84,352.65,161,192,0.00,0.00,0,0
1544352465,2007-eth2,3916.08,12415.58,16331.67,12428,3920,39.96,168.83,208.79,169,40,0.00,0.00,0,0
1544352465,total,27079434.00,26868788.00,53948220.00,26895656,27106512,19587.41,19446.55,39033.97,19466,19607,0.00,0.00,0,0
1544352466,3003-eth3,1222235.50,1175545.00,2397780.50,1177896,1224680,499.00,798.40,1297.41,800,500,0.00,0.00,0,0
1544352466,2002-eth1,0.00,3874.25,3874.25,3882,0,0.00,39.92,39.92,40,0,0.00,0.00,0,0
1544352466,lo,7361.28,7361.28,14722.56,7376,7376,71.86,71.86,143.71,72,72,0.00,0.00,0,0
1544352466,3005-eth3,1188537.00,592954.12,1781491.12,594140,1190914,360.28,357.29,717.56,358,361,0.00,0.00,0,0
1544352466,2005-eth3,12646.71,585568.88,598215.56,586740,12672,191.62,201.60,393.21,202,192,0.00,0.00,0,0
1544352466,3004-eth4,18397.21,528261.50,546658.69,529318,18434,240.52,258.48,499.00,259,241,0.00,0.00,0,0
1544352466,1004-eth2,5928.14,3972.06,9900.20,3980,5940,60.88,40.92,101.80,41,61,0.00,0.00,0,0
1544352466,2004-eth4,26968.06,7726.55,34694.61,7742,27022,287.43,78.84,366.27,79,288,0.00,0.00,0,0
1544352466,1001-eth2,22996.01,394015.97,417012.00,394804,23042,246.51,145.71,392.22,146,247,0.00,0.00,0,0
1544352466,1003-eth3,1191896.25,25952.10,1217848.38,26004,1194280,411.18,393.21,804.39,394,412,0.00,0.00,0,0
1544352466,2002-eth4,24550.90,473311.38,497862.28,474258,24600,261.48,208.58,470.06,209,262,0.00,0.00,0,0
1544352466,1001-eth4,0.00,1039558.94,1039558.94,1041638,0,0.00,358.28,358.28,359,0,0.00,0.00,0,0
1544352466,3001-eth2,18840.32,473311.38,492151.72,474258,18878,203.59,208.58,412.18,209,204,0.00,0.00,0,0
1544352466,1004-eth1,1956.09,0.00,1956.09,0,1960,19.96,0.00,19.96,0,20,0.00,0.00,0,0
1544352466,3005-eth4,1202237.50,1201842.38,2404080.00,1204246,1204642,567.86,561.88,1129.74,563,569,0.00,0.00,0,0
1544352466,1003-eth2,0.00,7786.43,7786.43,7802,0,0.00,79.84,79.84,80,0,0.00,0.00,0,0
1544352466,3008-eth1,7884.23,1956.09,9840.32,1960,7900,80.84,19.96,100.80,20,81,0.00,0.00,0,0
1544352466,1002-eth3,0.00,0.00,0.00,0,0,0.00,0.00,0.00,0,0,0.00,0.00,0,0
1544352466,2006-eth1,25952.10,1191896.25,1217848.38,1194280,26004,393.21,411.18,804.39,412,394,0.00,0.00,0,0
1544352466,3003-eth1,1149059.88,41544.91,1190604.88,41628,1151358,397.21,517.96,915.17,519,398,0.00,0.00,0,0
1544352466,2001-eth3,1166994.00,43421.16,1210415.25,43508,1169328,406.19,574.85,981.04,576,407,0.00,0.00,0,0
1544352466,2008-eth2,7824.35,3912.18,11736.53,3920,7840,79.84,39.92,119.76,40,80,0.00,0.00,0,0
1544352466,2008-eth3,3908.28,9770.69,13678.96,9800,3920,39.88,99.70,139.58,100,40,0.00,0.00,0,0
1544352466,1001-eth3,0.00,0.00,0.00,0,0,0.00,0.00,0.00,0,0,0.00,0.00,0,0
1544352466,2007-eth4,1954.14,7876.37,9830.51,7900,1960,19.94,80.76,100.70,81,20,0.00,0.00,0,0
1544352466,2004-eth2,3968.10,5922.23,9890.33,5940,3980,40.88,60.82,101.69,61,41,0.00,0.00,0,0
1544352466,3002-eth1,7816.55,2013.96,9830.51,2020,7840,79.76,20.94,100.70,21,80,0.00,0.00,0,0
1544352466,3004-eth1,411649.06,1150807.62,1562456.62,1154260,412884,396.81,396.81,793.62,398,398,0.00,0.00,0,0
1544352466,2006-eth3,1193661.00,26123.63,1219784.62,26202,1197242,411.76,395.81,807.58,397,413,0.00,0.00,0,0
1544352466,3004-eth2,7816.55,27038.88,34855.43,27120,7840,79.76,288.14,367.90,289,80,0.00,0.00,0,0
1544352466,3001-eth3,1223788.62,125353.94,1349142.62,125730,1227460,452.64,455.63,908.28,457,454,0.00,0.00,0,0
1544352466,2003-eth4,1150807.62,411649.06,1562456.62,412884,1154260,396.81,396.81,793.62,398,398,0.00,0.00,0,0
1544352466,2008-eth4,31986.04,1193720.88,1225706.88,1197302,32082,455.63,412.76,868.39,414,457,0.00,0.00,0,0
1544352466,3008-eth3,33802.59,1219196.38,1252999.00,1222854,33904,473.58,497.51,971.09,499,475,0.00,0.00,0,0
1544352466,2005-eth2,0.00,0.00,0.00,0,0,0.00,0.00,0.00,0,0,0.00,0.00,0,0
1544352466,2006-eth4,0.00,0.00,0.00,0,0,0.00,0.00,0.00,0,0,0.00,0.00,0,0
1544352466,3006-eth2,0.00,0.00,0.00,0,0,0.00,0.00,0.00,0,0,0.00,0.00,0,0
1544352466,1003-eth4,30091.72,1193661.00,1223752.75,1197242,30182,436.69,411.76,848.45,413,438,0.00,0.00,0,0
1544352466,2006-eth2,0.00,59.82,59.82,60,0,0.00,1.00,1.00,1,0,0.00,0.00,0,0
1544352466,3001-eth1,43377.87,1168783.62,1212161.50,1172290,43508,574.28,406.78,981.06,408,576,0.00,0.00,0,0
1544352466,3008-eth2,1193720.88,31986.04,1225706.88,32082,1197302,412.76,455.63,868.39,457,414,0.00,0.00,0,0
1544352466,2004-eth3,3968.10,28933.20,32901.30,29020,3980,40.88,307.08,347.96,308,41,0.00,0.00,0,0
1544352466,3001-eth4,1223641.12,559800.62,1783441.62,561480,1227312,797.61,598.21,1395.81,600,800,0.00,0.00,0,0
1544352466,1003-eth1,3968.10,0.00,3968.10,0,3980,40.88,0.00,40.88,0,41,0.00,0.00,0,0
1544352466,3002-eth2,472839.50,24624.13,497463.62,24698,474258,208.37,262.21,470.59,263,209,0.00,0.00,0,0
1544352466,2005-eth4,587938.19,12699.90,600638.06,12738,589702,202.39,192.42,394.82,193,203,0.00,0.00,0,0
1544352466,3003-eth2,28933.20,3968.10,32901.30,3980,29020,307.08,40.88,347.96,41,308,0.00,0.00,0,0
1544352466,2007-eth1,1041475.56,0.00,1041475.56,0,1044600,358.92,0.00,358.92,0,360,0.00,0.00,0,0
1544352466,1002-eth4,28123.63,3908.28,32031.90,3920,28208,406.78,39.88,446.66,40,408,0.00,0.00,0,0
1544352466,3002-eth4,34203.39,1222149.50,1256353.00,1225816,34306,479.56,498.50,978.07,500,481,0.00,0.00,0,0
1544352466,2007-eth3,30077.77,1041475.56,1071553.38,1044600,30168,426.72,358.92,785.64,360,428,0.00,0.00,0,0
1544352466,3005-eth1,587938.19,12699.90,600638.06,12738,589702,202.39,192.42,394.82,193,203,0.00,0.00,0,0
1544352466,2001-eth4,2013.96,7816.55,9830.51,7840,2020,20.94,79.76,100.70,80,21,0.00,0.00,0,0
1544352466,3003-eth4,34394.82,1222149.50,1256544.38,1225816,34498,482.55,498.50,981.06,500,484,0.00,0.00,0,0
1544352466,2004-eth1,7876.37,0.00,7876.37,0,7900,80.76,0.00,80.76,0,81,0.00,0.00,0,0
1544352466,3006-eth4,1222606.25,1222672.00,2445278.25,1226340,1226274,806.58,807.58,1614.16,810,809,0.00,0.00,0,0
1544352466,3007-eth1,1041475.56,30077.77,1071553.38,30168,1044600,358.92,426.72,785.64,428,360,0.00,0.00,0,0
1544352466,2008-eth1,1193661.00,30091.72,1223752.75,30182,1197242,411.76,436.69,848.45,438,413,0.00,0.00,0,0
1544352466,2002-eth2,0.00,1954.14,1954.14,1960,0,0.00,19.94,19.94,20,0,0.00,0.00,0,0
1544352466,2003-eth1,395132.59,23070.79,418203.41,23140,396318,146.56,247.26,393.82,248,147,0.00,0.00,0,0
1544352466,3008-eth4,1222211.38,1219587.25,2441798.50,1223246,1225878,800.60,804.59,1605.18,807,803,0.00,0.00,0,0
1544352466,1004-eth4,3908.28,7816.55,11724.83,7840,3920,39.88,79.76,119.64,80,40,0.00,0.00,0,0
1544352466,3006-eth1,12699.90,587938.19,600638.06,589702,12738,192.42,202.39,394.82,203,193,0.00,0.00,0,0
1544352466,1004-eth3,59.82,0.00,59.82,0,60,1.00,0.00,1.00,0,1,0.00,0.00,0,0
1544352466,1002-eth2,1954.14,0.00,1954.14,0,1960,19.94,0.00,19.94,0,20,0.00,0.00,0,0
1544352466,3004-eth3,1223308.12,422374.88,1645683.00,423642,1226978,545.36,559.32,1104.69,561,547,0.00,0.00,0,0
1544352466,2003-eth3,41601.20,1150867.38,1192468.62,1154320,41726,518.44,397.81,916.25,399,520,0.00,0.00,0,0
1544352466,2005-eth1,0.00,0.00,0.00,0,0,0.00,0.00,0.00,0,0,0.00,0.00,0,0
1544352466,3002-eth3,1224265.25,499160.53,1723425.75,500658,1227938,603.19,607.18,1210.37,609,605,0.00,0.00,0,0
1544352466,3006-eth3,1209972.12,646546.38,1856518.50,648486,1213602,615.15,609.17,1224.33,611,617,0.00,0.00,0,0
1544352466,2001-eth1,23130.61,1168723.88,1191854.50,1172230,23200,248.26,405.78,654.04,407,249,0.00,0.00,0,0
1544352466,3005-eth2,26123.63,1193661.00,1219784.62,1197242,26202,395.81,411.76,807.58,413,397,0.00,0.00,0,0
1544352466,2001-eth2,28123.63,1954.14,30077.77,1960,28208,406.78,19.94,426.72,20,408,0.00,0.00,0,0
1544352466,3007-eth2,9770.69,3908.28,13678.96,3920,9800,99.70,39.88,139.58,40,100,0.00,0.00,0,0
1544352466,1001-eth1,1168723.88,23130.61,1191854.50,23200,1172230,405.78,248.26,654.04,249,407,0.00,0.00,0,0
1544352466,3007-eth4,33850.45,1223700.88,1257551.38,1227372,33952,474.58,500.50,975.07,502,476,0.00,0.00,0,0
1544352466,2003-eth2,0.00,1954.14,1954.14,1960,0,0.00,19.94,19.94,20,0,0.00,0.00,0,0
1544352466,3007-eth3,1225724.88,1070462.62,2296187.50,1073674,1229402,766.70,754.74,1521.44,757,769,0.00,0.00,0,0
1544352466,1002-eth1,1954.14,28123.63,30077.77,28208,1960,19.94,406.78,426.72,408,20,0.00,0.00,0,0
1544352466,2002-eth3,472839.50,18821.54,491661.03,18878,474258,208.37,203.39,411.76,204,209,0.00,0.00,0,0
1544352466,2007-eth2,3908.28,28123.63,32031.90,28208,3920,39.88,406.78,446.66,408,40,0.00,0.00,0,0
1544352466,total,28507730.00,29114904.00,57622636.00,29202248,28593254,21227.32,21427.72,42655.04,21492,21291,0.00,0.00,0,0
1544352467,3003-eth3,1226357.38,827710.62,2054067.88,829366,1228810,670.66,673.65,1344.31,675,672,0.00,0.00,0,0
1544352467,2002-eth1,0.00,3814.37,3814.37,3822,0,0.00,38.92,38.92,39,0,0.00,0.00,0,0
1544352467,lo,6950.10,6950.10,13900.20,6964,6964,67.86,67.86,135.73,68,68,0.00,0.00,0,0
1544352467,3005-eth3,1202399.25,643010.00,1845409.25,644296,1204804,373.25,371.26,744.51,372,374,0.00,0.00,0,0
1544352467,2005-eth3,13502.99,632932.12,646435.12,634198,13530,204.59,218.56,423.15,219,205,0.00,0.00,0,0
1544352467,3004-eth4,15399.20,364197.62,379596.81,364926,15430,194.61,202.59,397.21,203,195,0.00,0.00,0,0
1544352467,1004-eth2,5868.26,3912.18,9780.44,3920,5880,59.88,39.92,99.80,40,60,0.00,0.00,0,0
1544352467,2004-eth4,24053.89,7824.35,31878.24,7840,24102,252.50,79.84,332.34,80,253,0.00,0.00,0,0
1544352467,1001-eth2,20141.72,334836.34,354978.06,335506,20182,212.57,168.66,381.24,169,213,0.00,0.00,0,0
1544352467,1003-eth3,1200764.50,26281.44,1227046.00,26334,1203166,414.17,398.20,812.38,399,415,0.00,0.00,0,0
1544352467,2002-eth4,26754.49,500437.12,527191.62,501438,26808,302.40,225.55,527.94,226,303,0.00,0.00,0,0
1544352467,1001-eth4,0.00,817846.31,817846.31,819482,0,0.00,283.43,283.43,284,0,0.00,0.00,0,0
1544352467,3001-eth2,20924.15,500377.25,521301.41,501378,20966,242.51,224.55,467.07,225,243,0.00,0.00,0,0
1544352467,1004-eth1,1956.09,0.00,1956.09,0,1960,19.96,0.00,19.96,0,20,0.00,0.00,0,0
1544352467,3005-eth4,1210842.38,1215177.62,2426020.00,1217608,1213264,566.87,566.87,1133.73,568,568,0.00,0.00,0,0
1544352467,1003-eth2,0.00,7726.55,7726.55,7742,0,0.00,78.84,78.84,79,0,0.00,0.00,0,0
1544352467,3008-eth1,7824.35,2015.97,9840.32,2020,7840,79.84,20.96,100.80,21,80,0.00,0.00,0,0
1544352467,1002-eth3,59.88,0.00,59.88,0,60,1.00,0.00,1.00,0,1,0.00,0.00,0,0
1544352467,2006-eth1,26281.44,1200764.50,1227046.00,1203166,26334,398.20,414.17,812.38,415,399,0.00,0.00,0,0
1544352467,3003-eth1,801495.06,41660.68,843155.69,41744,803098,276.45,528.94,805.39,530,277,0.00,0.00,0,0
1544352467,2001-eth3,1227904.25,31439.12,1259343.38,31502,1230360,475.05,403.19,878.24,404,476,0.00,0.00,0,0
1544352467,2008-eth2,7824.35,3912.18,11736.53,3920,7840,79.84,39.92,119.76,40,80,0.00,0.00,0,0
1544352467,2008-eth3,3916.08,9790.21,13706.29,9800,3920,39.96,99.90,139.86,100,40,0.00,0.00,0,0
1544352467,1001-eth3,0.00,0.00,0.00,0,0,0.00,0.00,0.00,0,0,0.00,0.00,0,0
1544352467,2007-eth4,2017.98,7832.17,9850.15,7840,2020,20.98,79.92,100.90,80,21,0.00,0.00,0,0
1544352467,2004-eth2,3916.08,5874.13,9790.21,5880,3920,39.96,59.94,99.90,60,40,0.00,0.00,0,0
1544352467,3002-eth1,7794.21,1958.04,9752.25,1960,7802,79.92,19.98,99.90,20,80,0.00,0.00,0,0
1544352467,3004-eth1,353240.78,799336.69,1152577.50,800136,353594,464.54,275.72,740.26,276,465,0.00,0.00,0,0
1544352467,2006-eth3,1199005.00,26169.83,1225174.88,26196,1200204,413.59,396.60,810.19,397,414,0.00,0.00,0,0
1544352467,3004-eth2,7734.27,23980.02,31714.29,24004,7742,78.92,251.75,330.67,252,79,0.00,0.00,0,0
1544352467,3001-eth3,1223073.00,28219.78,1251292.75,28248,1224296,427.57,427.57,855.14,428,428,0.00,0.00,0,0
1544352467,2003-eth4,799336.69,353240.78,1152577.50,353594,800136,275.72,464.54,740.26,465,276,0.00,0.00,0,0
1544352467,2008-eth4,31984.02,1199005.00,1230989.00,1200204,32016,455.54,413.59,869.13,414,456,0.00,0.00,0,0
1544352467,3008-eth3,34007.99,1221632.38,1255640.38,1222854,34042,476.52,498.50,975.03,499,477,0.00,0.00,0,0
1544352467,2005-eth2,0.00,59.94,59.94,60,0,0.00,1.00,1.00,1,0,0.00,0.00,0,0
1544352467,2006-eth4,0.00,59.94,59.94,60,0,0.00,1.00,1.00,1,0,0.00,0.00,0,0
1544352467,3006-eth2,59.94,0.00,59.94,0,60,1.00,0.00,1.00,0,1,0.00,0.00,0,0
1544352467,1003-eth4,30025.97,1199005.00,1229031.00,1200204,30056,435.56,413.59,849.15,414,436,0.00,0.00,0,0
1544352467,2006-eth2,0.00,0.00,0.00,0,0,0.00,0.00,0.00,0,0,0.00,0.00,0,0
1544352467,3001-eth1,31470.53,1226171.88,1257642.38,1227398,31502,403.60,474.53,878.12,475,404,0.00,0.00,0,0
1544352467,3008-eth2,1199005.00,31984.02,1230989.00,32016,1200204,413.59,455.54,869.13,456,414,0.00,0.00,0,0
1544352467,2004-eth3,3916.08,25900.10,29816.19,25926,3920,39.96,271.73,311.69,272,40,0.00,0.00,0,0
1544352467,3001-eth4,1226727.25,459880.12,1686607.50,460340,1227954,636.36,595.40,1231.77,596,637,0.00,0.00,0,0
1544352467,1003-eth1,3720.28,0.00,3720.28,0,3724,37.96,0.00,37.96,0,38,0.00,0.00,0,0
1544352467,3002-eth2,500937.06,26683.32,527620.38,26710,501438,225.77,301.70,527.47,302,226,0.00,0.00,0,0
1544352467,2005-eth4,630605.44,13510.49,644115.88,13524,631236,217.78,204.80,422.58,205,218,0.00,0.00,0,0
1544352467,3003-eth2,25900.10,3916.08,29816.19,3920,25926,271.73,39.96,311.69,40,272,0.00,0.00,0,0
1544352467,2007-eth1,815704.31,0.00,815704.31,0,816520,282.72,0.00,282.72,0,283,0.00,0.00,0,0
1544352467,1002-eth4,19080.92,3976.02,23056.94,3980,19100,269.73,40.96,310.69,41,270,0.00,0.00,0,0
1544352467,3002-eth4,33806.20,1223047.00,1256853.12,1224270,33840,474.53,498.50,973.03,499,475,0.00,0.00,0,0
1544352467,2007-eth3,21098.90,815644.38,836743.25,816460,21120,290.71,281.72,572.43,282,291,0.00,0.00,0,0
1544352467,3005-eth1,630605.44,13450.55,644055.94,13464,631236,217.78,203.80,421.58,204,218,0.00,0.00,0,0
1544352467,2001-eth4,1958.04,7794.21,9752.25,7802,1960,19.98,79.92,99.90,80,20,0.00,0.00,0,0
1544352467,3003-eth4,34073.93,1220185.88,1254259.75,1221406,34108,477.52,498.50,976.02,499,478,0.00,0.00,0,0
1544352467,2004-eth1,7636.36,0.00,7636.36,0,7644,77.92,0.00,77.92,0,78,0.00,0.00,0,0
1544352467,3006-eth4,1224917.12,1222155.88,2447073.00,1223378,1226142,806.19,808.19,1614.39,809,807,0.00,0.00,0,0
1544352467,3007-eth1,815644.38,21098.90,836743.25,21120,816460,281.72,290.71,572.43,291,282,0.00,0.00,0,0
1544352467,2008-eth1,1199005.00,30025.97,1229031.00,30056,1200204,413.59,435.56,849.15,436,414,0.00,0.00,0,0
1544352467,2002-eth2,0.00,1958.04,1958.04,1960,0,0.00,19.98,19.98,20,0,0.00,0.00,0,0
1544352467,2003-eth1,333658.34,20063.94,353722.28,20084,333992,167.83,211.79,379.62,212,168,0.00,0.00,0,0
1544352467,3008-eth4,1221820.25,1225180.88,2447001.00,1226406,1223042,803.20,810.19,1613.39,811,804,0.00,0.00,0,0
1544352467,1004-eth4,3916.08,7832.17,11748.25,7840,3920,39.96,79.92,119.88,80,40,0.00,0.00,0,0
1544352467,3006-eth1,13510.49,630605.44,644115.88,631236,13524,204.80,217.78,422.58,218,205,0.00,0.00,0,0
1544352467,1004-eth3,0.00,0.00,0.00,0,0,0.00,0.00,0.00,0,0,0.00,0.00,0,0
1544352467,1002-eth2,1958.04,0.00,1958.04,0,1960,19.98,0.00,19.98,0,20,0.00,0.00,0,0
1544352467,3004-eth3,1220229.75,360757.25,1580987.00,361118,1221450,578.42,578.42,1156.84,579,579,0.00,0.00,0,0
1544352467,2003-eth3,41604.40,799336.69,840941.06,800136,41646,528.47,275.72,804.20,276,529,0.00,0.00,0,0
1544352467,2005-eth1,0.00,0.00,0.00,0,0,0.00,0.00,0.00,0,0,0.00,0.00,0,0
1544352467,3002-eth3,1220287.75,526987.00,1747274.75,527514,1221508,640.36,620.38,1260.74,621,641,0.00,0.00,0,0
1544352467,3006-eth3,1208765.25,619628.38,1828393.62,620248,1209974,605.39,599.40,1204.80,600,606,0.00,0.00,0,0
1544352467,2001-eth1,20063.94,1226171.88,1246235.75,1227398,20084,211.79,474.53,686.31,475,212,0.00,0.00,0,0
1544352467,3005-eth2,26169.83,1199005.00,1225174.88,1200204,26196,396.60,413.59,810.19,414,397,0.00,0.00,0,0
1544352467,2001-eth2,19140.86,1958.04,21098.90,1960,19160,270.73,19.98,290.71,20,271,0.00,0.00,0,0
1544352467,3007-eth2,9790.21,3916.08,13706.29,3920,9800,99.90,39.96,139.86,40,100,0.00,0.00,0,0
1544352467,1001-eth1,1226171.88,20063.94,1246235.75,20084,1227398,474.53,211.79,686.31,212,475,0.00,0.00,0,0
1544352467,3007-eth4,34271.73,1221632.38,1255904.12,1222854,34306,480.52,498.50,979.02,499,481,0.00,0.00,0,0
1544352467,2003-eth2,0.00,1958.04,1958.04,1960,0,0.00,19.98,19.98,20,0,0.00,0.00,0,0
1544352467,3007-eth3,1218773.25,839058.94,2057832.25,839898,1219992,647.35,680.32,1327.67,681,648,0.00,0.00,0,0
1544352467,1002-eth1,1958.04,19140.86,21098.90,19160,1960,19.98,270.73,290.71,271,20,0.00,0.00,0,0
1544352467,2002-eth3,500877.12,20945.05,521822.19,20966,501378,224.78,242.76,467.53,243,225,0.00,0.00,0,0
1544352467,2007-eth2,3976.02,19080.92,23056.94,19100,3980,40.96,269.73,310.69,270,41,0.00,0.00,0,0
1544352467,total,27503212.00,27166862.00,54670076.00,27194028,27530714,20421.58,20491.51,40913.09,20512,20442,0.00,0.00,0,0
1544352468,3003-eth3,1218257.75,944006.00,2162263.75,944950,1219476,705.29,714.29,1419.58,715,706,0.00,0.00,0,0
1544352468,2002-eth1,59.94,3916.08,3976.02,3920,60,1.00,39.96,40.96,40,1,0.00,0.00,0,0
1544352468,lo,64589.41,64589.41,129178.83,64654,64654,300.70,300.70,601.40,301,301,0.00,0.00,0,0
1544352468,3005-eth3,1187352.62,639312.69,1826665.38,639952,1188540,368.63,371.63,740.26,372,369,0.00,0.00,0,0
1544352468,2005-eth3,13252.75,629152.88,642405.62,629782,13266,200.80,217.78,418.58,218,201,0.00,0.00,0,0
1544352468,3004-eth4,16073.93,389746.25,405820.19,390136,16090,204.80,211.79,416.58,212,205,0.00,0.00,0,0
1544352468,1004-eth2,5874.13,3916.08,9790.21,3920,5880,59.94,39.96,99.90,40,60,0.00,0.00,0,0
1544352468,2004-eth4,18193.81,7832.17,26025.97,7840,18212,225.77,79.92,305.69,80,226,0.00,0.00,0,0
1544352468,1001-eth2,14179.82,427418.59,441598.41,427846,14194,184.82,185.81,370.63,186,185,0.00,0.00,0,0
1544352468,1003-eth3,1193087.00,25906.09,1218993.00,25932,1194280,411.59,392.61,804.20,393,412,0.00,0.00,0,0
1544352468,2002-eth4,19918.08,743774.25,763692.31,744518,19938,272.73,266.73,539.46,267,273,0.00,0.00,0,0
1544352468,1001-eth4,0.00,902969.06,902969.06,903872,0,0.00,311.69,311.69,312,0,0.00,0.00,0,0
1544352468,3001-eth2,14043.96,743834.19,757878.12,744578,14058,212.79,267.73,480.52,268,213,0.00,0.00,0,0
1544352468,1004-eth1,1958.04,59.94,2017.98,60,1960,19.98,1.00,20.98,1,20,0.00,0.00,0,0
1544352468,3005-eth4,1200407.62,1199886.12,2400293.75,1201086,1201608,566.43,558.44,1124.88,559,567,0.00,0.00,0,0
1544352468,1003-eth2,0.00,7824.35,7824.35,7840,0,0.00,79.84,79.84,80,0,0.00,0.00,0,0
1544352468,3008-eth1,7824.35,1956.09,9780.44,1960,7840,79.84,19.96,99.80,20,80,0.00,0.00,0,0
1544352468,1002-eth3,0.00,0.00,0.00,0,0,0.00,0.00,0.00,0,0,0.00,0.00,0,0
1544352468,2006-eth1,25880.24,1191896.25,1217776.50,1194280,25932,392.22,411.18,803.39,412,393,0.00,0.00,0,0
1544352468,3003-eth1,916848.31,33972.06,950820.38,34040,918682,316.37,475.05,791.42,476,317,0.00,0.00,0,0
1544352468,2001-eth3,1214960.12,29321.36,1244281.50,29380,1217390,454.09,433.13,887.23,434,455,0.00,0.00,0,0
1544352468,2008-eth2,7884.23,3912.18,11796.41,3920,7900,80.84,39.92,120.76,40,81,0.00,0.00,0,0
1544352468,2008-eth3,3972.06,9840.32,13812.38,9860,3980,40.92,100.80,141.72,101,41,0.00,0.00,0,0
1544352468,1001-eth3,0.00,0.00,0.00,0,0,0.00,0.00,0.00,0,0,0.00,0.00,0,0
1544352468,2007-eth4,1956.09,7824.35,9780.44,7840,1960,19.96,79.84,99.80,80,20,0.00,0.00,0,0
1544352468,2004-eth2,3912.18,5868.26,9780.44,5880,3920,39.92,59.88,99.80,60,40,0.00,0.00,0,0
1544352468,3002-eth1,7726.55,1956.09,9682.63,1960,7742,78.84,19.96,98.80,20,79,0.00,0.00,0,0
1544352468,3004-eth1,444782.44,916848.31,1361630.75,918682,445672,455.09,316.37,771.46,317,456,0.00,0.00,0,0
1544352468,2006-eth3,1191956.12,25820.36,1217776.50,25872,1194340,412.18,391.22,803.39,392,413,0.00,0.00,0,0
1544352468,3004-eth2,7824.35,18175.65,26000.00,18212,7840,79.84,225.55,305.39,226,80,0.00,0.00,0,0
1544352468,3001-eth3,1216399.25,174023.95,1390423.25,174372,1218832,454.09,469.06,923.15,470,455,0.00,0.00,0,0
1544352468,2003-eth4,916848.31,444782.44,1361630.75,445672,918682,316.37,455.09,771.46,456,317,0.00,0.00,0,0
1544352468,2008-eth4,31748.50,1191896.25,1223644.75,1194280,31812,452.10,411.18,863.27,412,453,0.00,0.00,0,0
1544352468,3008-eth3,33644.71,1216012.00,1249656.75,1218444,33712,471.06,497.01,968.06,498,472,0.00,0.00,0,0
1544352468,2005-eth2,0.00,0.00,0.00,0,0,0.00,0.00,0.00,0,0,0.00,0.00,0,0
1544352468,2006-eth4,59.88,0.00,59.88,0,60,1.00,0.00,1.00,0,1,0.00,0.00,0,0
1544352468,3006-eth2,0.00,59.88,59.88,60,0,0.00,1.00,1.00,1,0,0.00,0.00,0,0
1544352468,1003-eth4,29732.54,1191956.12,1221688.62,1194340,29792,431.14,412.18,843.31,413,432,0.00,0.00,0,0
1544352468,2006-eth2,59.88,0.00,59.88,0,60,1.00,0.00,1.00,0,1,0.00,0.00,0,0
1544352468,3001-eth1,29321.36,1214960.12,1244281.50,1217390,29380,433.13,454.09,887.23,455,434,0.00,0.00,0,0
1544352468,3008-eth2,1191896.25,31748.50,1223644.75,31812,1194280,411.18,452.10,863.27,453,412,0.00,0.00,0,0
1544352468,2004-eth3,3912.18,20131.74,24043.91,20172,3920,39.92,245.51,285.43,246,40,0.00,0.00,0,0
1544352468,3001-eth4,1222359.38,1215692.62,2438052.00,1218124,1224804,719.56,804.39,1523.95,806,721,0.00,0.00,0,0
1544352468,1003-eth1,3912.18,59.88,3972.06,60,3920,39.92,1.00,40.92,1,40,0.00,0.00,0,0
1544352468,3002-eth2,743031.94,19898.21,762930.19,19938,744518,266.47,272.46,538.92,273,267,0.00,0.00,0,0
1544352468,2005-eth4,628465.06,13239.52,641704.62,13266,629722,216.57,200.60,417.17,201,217,0.00,0.00,0,0
1544352468,3003-eth2,20131.74,3912.18,24043.91,3920,20172,245.51,39.92,285.43,40,246,0.00,0.00,0,0
1544352468,2007-eth1,902067.88,0.00,902067.88,0,903872,311.38,0.00,311.38,0,312,0.00,0.00,0,0
1544352468,1002-eth4,22882.24,3912.18,26794.41,3920,22928,327.35,39.92,367.27,40,328,0.00,0.00,0,0
1544352468,3002-eth4,33974.05,1214403.25,1248377.25,1216832,34042,476.05,495.01,971.06,496,477,0.00,0.00,0,0
1544352468,2007-eth3,24838.32,902127.75,926966.06,903932,24888,347.31,312.38,659.68,313,348,0.00,0.00,0,0
1544352468,3005-eth1,628524.94,13239.52,641764.50,13266,629782,217.56,200.60,418.16,201,218,0.00,0.00,0,0
1544352468,2001-eth4,1956.09,7726.55,9682.63,7742,1960,19.96,78.84,98.80,79,20,0.00,0.00,0,0
1544352468,3003-eth4,33942.12,1217359.38,1251301.38,1219794,34010,476.05,496.01,972.06,497,477,0.00,0.00,0,0
1544352468,2004-eth1,7824.35,0.00,7824.35,0,7840,79.84,0.00,79.84,0,80,0.00,0.00,0,0
1544352468,3006-eth4,1214293.50,1217848.38,2432141.75,1220284,1216722,794.41,804.39,1598.80,806,796,0.00,0.00,0,0
1544352468,3007-eth1,902127.75,24838.32,926966.06,24888,903932,312.38,347.31,659.68,348,313,0.00,0.00,0,0
1544352468,2008-eth1,1191956.12,29732.54,1221688.62,29792,1194340,412.18,431.14,843.31,432,413,0.00,0.00,0,0
1544352468,2002-eth2,59.88,1956.09,2015.97,1960,60,1.00,19.96,20.96,20,1,0.00,0.00,0,0
1544352468,2003-eth1,426992.03,14165.67,441157.69,14194,427846,185.63,184.63,370.26,185,186,0.00,0.00,0,0
1544352468,3008-eth4,1214628.75,1217716.62,2432345.50,1220152,1217058,799.40,802.40,1601.80,804,801,0.00,0.00,0,0
1544352468,1004-eth4,3912.18,7884.23,11796.41,7900,3920,39.92,80.84,120.76,81,40,0.00,0.00,0,0
1544352468,3006-eth1,13239.52,628465.06,641704.62,629722,13266,200.60,216.57,417.17,217,201,0.00,0.00,0,0
1544352468,1004-eth3,0.00,59.88,59.88,60,0,0.00,1.00,1.00,1,0,0.00,0.00,0,0
1544352468,1002-eth2,1956.09,0.00,1956.09,0,1960,19.96,0.00,19.96,0,20,0.00,0.00,0,0
1544352468,3004-eth3,1217744.50,453081.84,1670826.38,453988,1220180,594.81,580.84,1175.65,582,596,0.00,0.00,0,0
1544352468,2003-eth3,33972.06,916848.31,950820.38,918682,34040,475.05,316.37,791.42,317,476,0.00,0.00,0,0
1544352468,2005-eth1,0.00,0.00,0.00,0,0,0.00,0.00,0.00,0,0,0.00,0.00,0,0
1544352468,3002-eth3,1216389.25,769181.69,1985570.88,770720,1218822,643.71,662.67,1306.39,664,645,0.00,0.00,0,0
1544352468,3006-eth3,1204608.88,633724.56,1838333.38,634992,1207018,603.79,602.79,1206.59,604,605,0.00,0.00,0,0
1544352468,2001-eth1,14165.67,1220872.25,1235038.00,1223314,14194,184.63,456.09,640.72,457,185,0.00,0.00,0,0
1544352468,3005-eth2,25820.36,1191956.12,1217776.50,1194340,25872,391.22,412.18,803.39,413,392,0.00,0.00,0,0
1544352468,2001-eth2,22882.24,1956.09,24838.32,1960,22928,327.35,19.96,347.31,20,328,0.00,0.00,0,0
1544352468,3007-eth2,9840.32,3972.06,13812.38,3980,9860,100.80,40.92,141.72,41,101,0.00,0.00,0,0
1544352468,1001-eth1,1220872.25,14165.67,1235038.00,14194,1223314,456.09,184.63,640.72,185,457,0.00,0.00,0,0
1544352468,3007-eth4,33968.07,1217457.12,1251425.12,1219892,34036,476.05,497.01,973.05,498,477,0.00,0.00,0,0
1544352468,2003-eth2,0.00,1956.09,1956.09,1960,0,0.00,19.96,19.96,20,0,0.00,0.00,0,0
1544352468,3007-eth3,1215788.50,928151.75,2143940.25,930008,1218220,707.58,706.59,1414.17,708,709,0.00,0.00,0,0
1544352468,1002-eth1,1956.09,22882.24,24838.32,22928,1960,19.96,327.35,347.31,328,20,0.00,0.00,0,0
1544352468,2002-eth3,743091.81,14029.94,757121.75,14058,744578,267.47,212.57,480.04,213,268,0.00,0.00,0,0
1544352468,2007-eth2,3912.18,22882.24,26794.41,22928,3920,39.92,327.35,367.27,328,40,0.00,0.00,0,0
1544352468,total,28459530.00,29627750.00,58087280.00,29687004,28516448,20990.02,21202.60,42192.62,21245,21032,0.00,0.00,0,0
1544352469,3003-eth3,1221636.75,906079.88,2127716.50,907892,1224080,686.63,700.60,1387.23,702,688,0.00,0.00,0,0
1544352469,2002-eth1,0.00,3814.37,3814.37,3822,0,0.00,38.92,38.92,39,0,0.00,0.00,0,0
1544352469,lo,6568.86,6568.86,13137.72,6582,6582,62.87,62.87,125.75,63,63,0.00,0.00,0,0
1544352469,3005-eth3,1197141.75,628295.44,1825437.12,629552,1199536,359.28,367.27,726.55,368,360,0.00,0.00,0,0
1544352469,2005-eth3,12719.28,618769.25,631488.50,619388,12732,192.81,213.79,406.59,214,193,0.00,0.00,0,0
1544352469,3004-eth4,15540.46,358643.38,374183.81,359002,15556,196.80,200.80,397.60,201,197,0.00,0.00,0,0
1544352469,1004-eth2,5874.13,3916.08,9790.21,3920,5880,59.94,39.96,99.90,40,60,0.00,0.00,0,0
1544352469,2004-eth4,17001.00,7962.04,24963.04,7970,17018,218.78,81.92,300.70,82,219,0.00,0.00,0,0
1544352469,1001-eth2,12917.08,424461.56,437378.62,424886,12930,176.82,162.84,339.66,163,177,0.00,0.00,0,0
1544352469,1003-eth3,1193216.88,26109.89,1219326.75,26136,1194410,413.59,395.60,809.19,396,414,0.00,0.00,0,0
1544352469,2002-eth4,22131.87,784541.50,806673.38,785326,22154,306.69,270.73,577.42,271,307,0.00,0.00,0,0
1544352469,1001-eth4,0.00,533804.38,533804.38,534872,0,0.00,183.63,183.63,184,0,0.00,0.00,0,0
1544352469,3001-eth2,16339.32,783758.50,800097.81,785326,16372,247.50,270.46,517.96,271,248,0.00,0.00,0,0
1544352469,1004-eth1,1956.09,0.00,1956.09,0,1960,19.96,0.00,19.96,0,20,0.00,0.00,0,0
1544352469,3005-eth4,1204996.00,1210578.88,2415575.00,1213000,1207406,565.87,562.87,1128.74,564,567,0.00,0.00,0,0
1544352469,1003-eth2,59.94,7734.27,7794.21,7742,60,1.00,78.92,79.92,79,1,0.00,0.00,0,0
1544352469,3008-eth1,7832.17,1958.04,9790.21,1960,7840,79.92,19.98,99.90,20,80,0.00,0.00,0,0
1544352469,1002-eth3,0.00,59.94,59.94,60,0,0.00,1.00,1.00,1,0,0.00,0.00,0,0
1544352469,2006-eth1,26109.89,1193216.88,1219326.75,1194410,26136,395.60,413.59,809.19,414,396,0.00,0.00,0,0
1544352469,3003-eth1,880743.25,33666.34,914409.62,33700,881624,303.70,481.52,785.21,482,304,0.00,0.00,0,0
1544352469,2001-eth3,1226036.00,20703.30,1246739.25,20724,1227262,450.55,313.69,764.24,314,451,0.00,0.00,0,0
1544352469,2008-eth2,7832.17,3916.08,11748.25,3920,7840,79.92,39.96,119.88,40,80,0.00,0.00,0,0
1544352469,2008-eth3,3986.01,9860.14,13846.15,9870,3990,40.96,100.90,141.86,101,41,0.00,0.00,0,0
1544352469,1001-eth3,0.00,0.00,0.00,0,0,0.00,0.00,0.00,0,0,0.00,0.00,0,0
1544352469,2007-eth4,1958.04,7832.17,9790.21,7840,1960,19.98,79.92,99.90,80,20,0.00,0.00,0,0
1544352469,2004-eth2,3916.08,5874.13,9790.21,5880,3920,39.96,59.94,99.90,60,40,0.00,0.00,0,0
1544352469,3002-eth1,7804.20,1958.04,9762.24,1960,7812,79.92,19.98,99.90,20,80,0.00,0.00,0,0
1544352469,3004-eth1,443382.62,880743.25,1324125.88,881624,443826,449.55,303.70,753.25,304,450,0.00,0.00,0,0
1544352469,2006-eth3,1193087.00,26109.89,1219196.88,26136,1194280,411.59,395.60,807.19,396,412,0.00,0.00,0,0
1544352469,3004-eth2,7962.04,17001.00,24963.04,17018,7970,81.92,218.78,300.70,219,82,0.00,0.00,0,0
1544352469,3001-eth3,1224189.88,27234.77,1251424.62,27262,1225414,422.58,412.59,835.16,413,423,0.00,0.00,0,0
1544352469,2003-eth4,880743.25,443382.62,1324125.88,443826,881624,303.70,449.55,753.25,450,304,0.00,0.00,0,0
1544352469,2008-eth4,31984.02,1193087.00,1225071.00,1194280,32016,455.54,411.59,867.13,412,456,0.00,0.00,0,0
1544352469,3008-eth3,33876.12,1221632.38,1255508.50,1222854,33910,474.53,498.50,973.03,499,475,0.00,0.00,0,0
1544352469,2005-eth2,59.94,0.00,59.94,0,60,1.00,0.00,1.00,0,1,0.00,0.00,0,0
1544352469,2006-eth4,0.00,69.93,69.93,70,0,0.00,1.00,1.00,1,0,0.00,0.00,0,0
1544352469,3006-eth2,69.93,0.00,69.93,0,70,1.00,0.00,1.00,0,1,0.00,0.00,0,0
1544352469,1003-eth4,30025.97,1193087.00,1223112.88,1194280,30056,435.56,411.59,847.15,412,436,0.00,0.00,0,0
1544352469,2006-eth2,0.00,0.00,0.00,0,0,0.00,0.00,0.00,0,0,0.00,0.00,0,0
1544352469,3001-eth1,20703.30,1226036.00,1246739.25,1227262,20724,313.69,450.55,764.24,451,314,0.00,0.00,0,0
1544352469,3008-eth2,1193087.00,31984.02,1225071.00,32016,1194280,411.59,455.54,867.13,456,412,0.00,0.00,0,0
1544352469,2004-eth3,3916.08,18791.21,22707.29,18810,3920,39.96,236.76,276.72,237,40,0.00,0.00,0,0
1544352469,3001-eth4,1226335.75,958867.19,2185202.75,959826,1227562,652.35,720.28,1372.63,721,653,0.00,0.00,0,0
1544352469,1003-eth1,3818.18,0.00,3818.18,0,3822,38.96,0.00,38.96,0,39,0.00,0.00,0,0
1544352469,3002-eth2,784541.50,22131.87,806673.38,22154,785326,270.73,306.69,577.42,307,271,0.00,0.00,0,0
1544352469,2005-eth4,618829.19,12729.27,631558.44,12742,619448,214.79,192.81,407.59,193,215,0.00,0.00,0,0
1544352469,3003-eth2,18791.21,3916.08,22707.29,3920,18810,236.76,39.96,276.72,40,237,0.00,0.00,0,0
1544352469,2007-eth1,534337.69,0.00,534337.69,0,534872,183.82,0.00,183.82,0,184,0.00,0.00,0,0
1544352469,1002-eth4,15520.48,3916.08,19436.56,3920,15536,215.78,39.96,255.74,40,216,0.00,0.00,0,0
1544352469,3002-eth4,33910.09,1221604.38,1255514.50,1222826,33944,475.52,498.50,974.03,499,476,0.00,0.00,0,0
1544352469,2007-eth3,17478.52,534337.69,551816.19,534872,17496,235.76,183.82,419.58,184,236,0.00,0.00,0,0
1544352469,3005-eth1,618769.25,12719.28,631488.50,12732,619388,213.79,192.81,406.59,193,214,0.00,0.00,0,0
1544352469,2001-eth4,1958.04,7804.20,9762.24,7812,1960,19.98,79.92,99.90,80,20,0.00,0.00,0,0
1544352469,3003-eth4,33976.02,1221534.50,1255510.50,1222756,34010,476.52,497.50,974.03,498,477,0.00,0.00,0,0
1544352469,2004-eth1,7734.27,59.94,7794.21,60,7742,78.92,1.00,79.92,1,79,0.00,0.00,0,0
1544352469,3006-eth4,1221232.75,1222090.00,2443322.75,1223312,1222454,794.21,807.19,1601.40,808,795,0.00,0.00,0,0
1544352469,3007-eth1,534337.69,17478.52,551816.19,17496,534872,183.82,235.76,419.58,236,184,0.00,0.00,0,0
1544352469,2008-eth1,1193087.00,30025.97,1223112.88,30056,1194280,411.59,435.56,847.15,436,412,0.00,0.00,0,0
1544352469,2002-eth2,0.00,1958.04,1958.04,1960,0,0.00,19.98,19.98,20,0,0.00,0.00,0,0
1544352469,2003-eth1,424461.56,12917.08,437378.62,12930,424886,162.84,176.82,339.66,177,163,0.00,0.00,0,0
1544352469,3008-eth4,1223206.88,1219196.88,2442403.75,1220416,1224430,802.20,807.19,1609.39,808,803,0.00,0.00,0,0
1544352469,1004-eth4,3916.08,7832.17,11748.25,7840,3920,39.96,79.92,119.88,80,40,0.00,0.00,0,0
1544352469,3006-eth1,12729.27,618829.19,631558.44,619448,12742,192.81,214.79,407.59,215,193,0.00,0.00,0,0
1544352469,1004-eth3,0.00,0.00,0.00,0,0,0.00,0.00,0.00,0,0,0.00,0.00,0,0
1544352469,1002-eth2,1958.04,0.00,1958.04,0,1960,19.98,0.00,19.98,0,20,0.00,0.00,0,0
1544352469,3004-eth3,1221023.00,450835.19,1671858.12,451286,1222244,559.44,562.44,1121.88,563,560,0.00,0.00,0,0
1544352469,2003-eth3,33666.34,880743.25,914409.62,881624,33700,481.52,303.70,785.21,304,482,0.00,0.00,0,0
1544352469,2005-eth1,0.00,0.00,0.00,0,0,0.00,0.00,0.00,0,0,0.00,0.00,0,0
1544352469,3002-eth3,1220615.38,810717.31,2031332.75,811528,1221836,653.35,667.33,1320.68,668,654,0.00,0.00,0,0
1544352469,3006-eth3,1209430.62,678743.25,1888173.88,679422,1210640,615.38,618.38,1233.77,619,616,0.00,0.00,0,0
1544352469,2001-eth1,12917.08,1226105.88,1239023.00,1227332,12930,176.82,451.55,628.37,452,177,0.00,0.00,0,0
1544352469,3005-eth2,26109.89,1193087.00,1219196.88,1194280,26136,395.60,411.59,807.19,412,396,0.00,0.00,0,0
1544352469,2001-eth2,15520.48,2027.97,17548.45,2030,15536,215.78,20.98,236.76,21,216,0.00,0.00,0,0
1544352469,3007-eth2,9860.14,3986.01,13846.15,3990,9870,100.90,40.96,141.86,41,101,0.00,0.00,0,0
1544352469,1001-eth1,1226105.88,12917.08,1239023.00,12930,1227332,451.55,176.82,628.37,177,452,0.00,0.00,0,0
1544352469,3007-eth4,34271.73,1224591.50,1258863.12,1225816,34306,480.52,499.50,980.02,500,481,0.00,0.00,0,0
1544352469,2003-eth2,0.00,1958.04,1958.04,1960,0,0.00,19.98,19.98,20,0,0.00,0.00,0,0
1544352469,3007-eth3,1223760.25,560847.19,1784607.50,561408,1224984,591.41,585.41,1176.82,586,592,0.00,0.00,0,0
1544352469,1002-eth1,2027.97,15520.48,17548.45,15536,2030,20.98,215.78,236.76,216,21,0.00,0.00,0,0
1544352469,2002-eth3,784541.50,16355.64,800897.12,16372,785326,270.73,247.75,518.48,248,271,0.00,0.00,0,0
1544352469,2007-eth2,3916.08,15520.48,19436.56,15536,3920,39.96,215.78,255.74,216,40,0.00,0.00,0,0
1544352469,total,27715746.00,28091216.00,55806964.00,28119306,27743460,19778.22,19978.02,39756.24,19998,19798,0.00,0.00,0,0
1544352470,3003-eth3,1223450.62,920333.69,2143784.25,921254,1224674,696.30,706.29,1402.60,707,697,0.00,0.00,0,0
1544352470,2002-eth1,0.00,3916.08,3916.08,3920,0,0.00,39.96,39.96,40,0,0.00,0.00,0,0
1544352470,lo,0.00,0.00,0.00,0,0,0.00,0.00,0.00,0,0,0.00,0.00,0,0
1544352470,3005-eth3,1188509.50,639378.62,1827888.12,640018,1189698,362.64,372.63,735.26,373,363,0.00,0.00,0,0
1544352470,2005-eth3,12891.11,629290.75,642181.81,629920,12904,193.81,219.78,413.59,220,194,0.00,0.00,0,0
1544352470,3004-eth4,15480.52,364561.44,380041.97,364926,15496,195.80,202.80,398.60,203,196,0.00,0.00,0,0
1544352470,1004-eth2,5874.13,3916.08,9790.21,3920,5880,59.94,39.96,99.90,40,60,0.00,0.00,0,0
1544352470,2004-eth4,16997.00,7832.17,24829.17,7840,17014,218.78,79.92,298.70,80,219,0.00,0.00,0,0
1544352470,1001-eth2,13080.92,442607.41,455688.31,443050,13094,178.82,152.85,331.67,153,179,0.00,0.00,0,0
1544352470,1003-eth3,1199005.00,26109.89,1225114.88,26136,1200204,413.59,395.60,809.19,396,414,0.00,0.00,0,0
1544352470,2002-eth4,22027.97,762315.69,784343.69,763078,22050,304.70,262.74,567.43,263,305,0.00,0.00,0,0
1544352470,1001-eth4,0.00,529932.06,529932.06,530462,0,0.00,182.82,182.82,183,0,0.00,0.00,0,0
1544352470,3001-eth2,16153.85,762315.69,778469.56,763078,16170,244.76,262.74,507.49,263,245,0.00,0.00,0,0
1544352470,1004-eth1,1958.04,0.00,1958.04,0,1960,19.98,0.00,19.98,0,20,0.00,0.00,0,0
1544352470,3005-eth4,1209093.00,1209027.00,2418120.00,1210236,1210302,566.43,565.43,1131.87,566,567,0.00,0.00,0,0
1544352470,1003-eth2,0.00,7832.17,7832.17,7840,0,0.00,79.92,79.92,80,0,0.00,0.00,0,0
1544352470,3008-eth1,7832.17,1958.04,9790.21,1960,7840,79.92,19.98,99.90,20,80,0.00,0.00,0,0
1544352470,1002-eth3,0.00,0.00,0.00,0,0,0.00,0.00,0.00,0,0,0.00,0.00,0,0
1544352470,2006-eth1,26109.89,1199005.00,1225114.88,1200204,26136,395.60,413.59,809.19,414,396,0.00,0.00,0,0
1544352470,3003-eth1,894091.94,33830.17,927922.12,33864,894986,308.69,483.52,792.21,484,309,0.00,0.00,0,0
1544352470,2001-eth3,1013966.06,19978.02,1033944.06,19998,1014980,349.65,302.70,652.35,303,350,0.00,0.00,0,0
1544352470,2008-eth2,7832.17,3916.08,11748.25,3920,7840,79.92,39.96,119.88,40,80,0.00,0.00,0,0
1544352470,2008-eth3,3916.08,9790.21,13706.29,9800,3920,39.96,99.90,139.86,100,40,0.00,0.00,0,0
1544352470,1001-eth3,0.00,0.00,0.00,0,0,0.00,0.00,0.00,0,0,0.00,0.00,0,0
1544352470,2007-eth4,1958.04,7832.17,9790.21,7840,1960,19.98,79.92,99.90,80,20,0.00,0.00,0,0
1544352470,2004-eth2,3916.08,5874.13,9790.21,5880,3920,39.96,59.94,99.90,60,40,0.00,0.00,0,0
1544352470,3002-eth1,7832.17,1958.04,9790.21,1960,7840,79.92,19.98,99.90,20,80,0.00,0.00,0,0
1544352470,3004-eth1,461398.62,894091.94,1355490.50,894986,461860,437.56,308.69,746.25,309,438,0.00,0.00,0,0
1544352470,2006-eth3,1199005.00,26109.89,1225114.88,26136,1200204,413.59,395.60,809.19,396,414,0.00,0.00,0,0
1544352470,3004-eth2,7832.17,16997.00,24829.17,17014,7840,79.92,218.78,298.70,219,80,0.00,0.00,0,0
1544352470,3001-eth3,1221568.50,245606.41,1467174.88,245852,1222790,470.53,477.52,948.05,478,471,0.00,0.00,0,0
1544352470,2003-eth4,894091.94,461398.62,1355490.50,461860,894986,308.69,437.56,746.25,438,309,0.00,0.00,0,0
1544352470,2008-eth4,31984.02,1199005.00,1230989.00,1200204,32016,455.54,413.59,869.13,414,456,0.00,0.00,0,0
1544352470,3008-eth3,33942.06,1224591.50,1258533.50,1225816,33976,475.52,499.50,975.03,500,476,0.00,0.00,0,0
1544352470,2005-eth2,0.00,0.00,0.00,0,0,0.00,0.00,0.00,0,0,0.00,0.00,0,0
1544352470,2006-eth4,0.00,0.00,0.00,0,0,0.00,0.00,0.00,0,0,0.00,0.00,0,0
1544352470,3006-eth2,0.00,0.00,0.00,0,0,0.00,0.00,0.00,0,0,0.00,0.00,0,0
1544352470,1003-eth4,30025.97,1199005.00,1229031.00,1200204,30056,435.56,413.59,849.15,414,436,0.00,0.00,0,0
1544352470,2006-eth2,0.00,0.00,0.00,0,0,0.00,0.00,0.00,0,0,0.00,0.00,0,0
1544352470,3001-eth1,19978.02,1013966.06,1033944.06,1014980,19998,302.70,349.65,652.35,350,303,0.00,0.00,0,0
1544352470,3008-eth2,1199005.00,31984.02,1230989.00,32016,1200204,413.59,455.54,869.13,456,414,0.00,0.00,0,0
1544352470,2004-eth3,3916.08,18955.04,22871.13,18974,3920,39.96,238.76,278.72,239,40,0.00,0.00,0,0
1544352470,3001-eth4,1224291.75,707084.94,1931376.62,707792,1225516,621.38,631.37,1252.75,632,622,0.00,0.00,0,0
1544352470,1003-eth1,3916.08,0.00,3916.08,0,3920,39.96,0.00,39.96,0,40,0.00,0.00,0,0
1544352470,3002-eth2,762315.69,22027.97,784343.69,22050,763078,262.74,304.70,567.43,305,263,0.00,0.00,0,0
1544352470,2005-eth4,629290.75,12891.11,642181.81,12904,629920,219.78,193.81,413.59,194,220,0.00,0.00,0,0
1544352470,3003-eth2,18955.04,3916.08,22871.13,3920,18974,238.76,39.96,278.72,40,239,0.00,0.00,0,0
1544352470,2007-eth1,529932.06,0.00,529932.06,0,530462,182.82,0.00,182.82,0,183,0.00,0.00,0,0
1544352470,1002-eth4,14729.27,3916.08,18645.36,3920,14744,203.80,39.96,243.76,40,204,0.00,0.00,0,0
1544352470,3002-eth4,34139.86,1224591.50,1258731.25,1225816,34174,478.52,499.50,978.02,500,479,0.00,0.00,0,0
1544352470,2007-eth3,16687.31,529932.06,546619.38,530462,16704,223.78,182.82,406.59,183,224,0.00,0.00,0,0
1544352470,3005-eth1,629290.75,12891.11,642181.81,12904,629920,219.78,193.81,413.59,194,220,0.00,0.00,0,0
1544352470,2001-eth4,1958.04,7832.17,9790.21,7840,1960,19.98,79.92,99.90,80,20,0.00,0.00,0,0
1544352470,3003-eth4,34073.93,1224591.50,1258665.38,1225816,34108,477.52,499.50,977.02,500,478,0.00,0.00,0,0
1544352470,2004-eth1,7832.17,0.00,7832.17,0,7840,79.92,0.00,79.92,0,80,0.00,0.00,0,0
1544352470,3006-eth4,1225242.75,1224068.00,2449310.75,1225292,1226468,789.21,811.19,1600.40,812,790,0.00,0.00,0,0
1544352470,3007-eth1,529932.06,16687.31,546619.38,16704,530462,182.82,223.78,406.59,224,183,0.00,0.00,0,0
1544352470,2008-eth1,1199005.00,30025.97,1229031.00,30056,1200204,413.59,435.56,849.15,436,414,0.00,0.00,0,0
1544352470,2002-eth2,0.00,1958.04,1958.04,1960,0,0.00,19.98,19.98,20,0,0.00,0.00,0,0
1544352470,2003-eth1,442607.41,13080.92,455688.31,13094,443050,152.85,178.82,331.67,179,153,0.00,0.00,0,0
1544352470,3008-eth4,1224587.50,1225049.00,2449636.50,1226274,1225812,801.20,808.19,1609.39,809,802,0.00,0.00,0,0
1544352470,1004-eth4,3916.08,7832.17,11748.25,7840,3920,39.96,79.92,119.88,80,40,0.00,0.00,0,0
1544352470,3006-eth1,12891.11,629290.75,642181.81,629920,12904,193.81,219.78,413.59,220,194,0.00,0.00,0,0
1544352470,1004-eth3,0.00,0.00,0.00,0,0,0.00,0.00,0.00,0,0,0.00,0.00,0,0
1544352470,1002-eth2,1958.04,0.00,1958.04,0,1960,19.98,0.00,19.98,0,20,0.00,0.00,0,0
1544352470,3004-eth3,1223680.38,469046.97,1692727.38,469516,1224904,546.45,553.45,1099.90,554,547,0.00,0.00,0,0
1544352470,2003-eth3,33830.17,894091.94,927922.12,894986,33864,483.52,308.69,792.21,309,484,0.00,0.00,0,0
1544352470,2005-eth1,0.00,0.00,0.00,0,0,0.00,0.00,0.00,0,0,0.00,0.00,0,0
1544352470,3002-eth3,1224757.25,788623.38,2013380.62,789412,1225982,650.35,661.34,1311.69,662,651,0.00,0.00,0,0
1544352470,3006-eth3,1211176.88,612201.81,1823378.62,612814,1212388,617.38,618.38,1235.76,619,618,0.00,0.00,0,0
1544352470,2001-eth1,13080.92,1008048.00,1021128.88,1009056,13094,178.82,347.65,526.47,348,179,0.00,0.00,0,0
1544352470,3005-eth2,26109.89,1199005.00,1225114.88,1200204,26136,395.60,413.59,809.19,414,396,0.00,0.00,0,0
1544352470,2001-eth2,14729.27,1958.04,16687.31,1960,14744,203.80,19.98,223.78,20,204,0.00,0.00,0,0
1544352470,3007-eth2,9790.21,3916.08,13706.29,3920,9800,99.90,39.96,139.86,40,100,0.00,0.00,0,0
1544352470,1001-eth1,1008048.00,13080.92,1021128.88,13094,1009056,347.65,178.82,526.47,179,348,0.00,0.00,0,0
1544352470,3007-eth4,34205.80,1224591.50,1258797.25,1225816,34240,479.52,499.50,979.02,500,480,0.00,0.00,0,0
1544352470,2003-eth2,0.00,1958.04,1958.04,1960,0,0.00,19.98,19.98,20,0,0.00,0.00,0,0
1544352470,3007-eth3,1224943.12,556305.69,1781248.75,556862,1226168,587.41,582.42,1169.83,583,588,0.00,0.00,0,0
1544352470,1002-eth1,1958.04,14729.27,16687.31,14744,1960,19.98,203.80,223.78,204,20,0.00,0.00,0,0
1544352470,2002-eth3,762315.69,16153.85,778469.56,16170,763078,262.74,244.76,507.49,245,263,0.00,0.00,0,0
1544352470,2007-eth2,3916.08,14729.27,18645.36,14744,3920,39.96,203.80,243.76,204,40,0.00,0.00,0,0
1544352470,total,27334818.00,27641328.00,54976144.00,27668968,27362152,19457.54,19630.37,39087.91,19650,19477,0.00,0.00,0,0
1544352471,3003-eth3,1223582.50,912903.12,2136485.50,913816,1224806,698.30,703.30,1401.60,704,699,0.00,0.00,0,0
1544352471,2002-eth1,0.00,3916.08,3916.08,3920,0,0.00,39.96,39.96,40,0,0.00,0.00,0,0
1544352471,lo,0.00,0.00,0.00,0,0,0.00,0.00,0.00,0,0,0.00,0.00,0,0
1544352471,3005-eth3,1207522.50,428705.31,1636227.88,429134,1208730,368.63,358.64,727.27,359,369,0.00,0.00,0,0
1544352471,2005-eth3,19148.85,418881.12,438029.97,419300,19168,203.80,209.79,413.59,210,204,0.00,0.00,0,0
1544352471,3004-eth4,15480.52,371992.03,387472.53,372364,15496,195.80,205.79,401.60,206,196,0.00,0.00,0,0
1544352471,1004-eth2,5874.13,3916.08,9790.21,3920,5880,59.94,39.96,99.90,40,60,0.00,0.00,0,0
1544352471,2004-eth4,16799.20,7832.17,24631.37,7840,16816,215.78,79.92,295.70,80,216,0.00,0.00,0,0
1544352471,1001-eth2,12883.12,509218.78,522101.91,509728,12896,175.82,175.82,351.65,176,176,0.00,0.00,0,0
1544352471,1003-eth3,1199005.00,26109.89,1225114.88,26136,1200204,413.59,395.60,809.19,396,414,0.00,0.00,0,0
1544352471,2002-eth4,19522.48,688339.69,707862.19,689028,19542,266.73,237.76,504.50,238,267,0.00,0.00,0,0
1544352471,1001-eth4,0.00,547686.31,547686.31,548234,0,0.00,188.81,188.81,189,0,0.00,0.00,0,0
1544352471,3001-eth2,13648.35,688339.69,701988.00,689028,13662,206.79,237.76,444.56,238,207,0.00,0.00,0,0
1544352471,1004-eth1,1958.04,0.00,1958.04,0,1960,19.98,0.00,19.98,0,20,0.00,0.00,0,0
1544352471,3005-eth4,1208829.25,1207184.88,2416014.00,1208392,1210038,562.44,559.44,1121.88,560,563,0.00,0.00,0,0
1544352471,1003-eth2,0.00,7832.17,7832.17,7840,0,0.00,79.92,79.92,80,0,0.00,0.00,0,0
1544352471,3008-eth1,7832.17,1958.04,9790.21,1960,7840,79.92,19.98,99.90,20,80,0.00,0.00,0,0
1544352471,1002-eth3,0.00,0.00,0.00,0,0,0.00,0.00,0.00,0,0,0.00,0.00,0,0
1544352471,2006-eth1,26109.89,1199005.00,1225114.88,1200204,26136,395.60,413.59,809.19,414,396,0.00,0.00,0,0
1544352471,3003-eth1,886661.38,33632.37,920293.75,33666,887548,305.69,480.52,786.21,481,306,0.00,0.00,0,0
1544352471,2001-eth3,1052433.62,20967.03,1073400.62,20988,1053486,362.64,317.68,680.32,318,363,0.00,0.00,0,0
1544352471,2008-eth2,7832.17,3916.08,11748.25,3920,7840,79.92,39.96,119.88,40,80,0.00,0.00,0,0
1544352471,2008-eth3,3916.08,9790.21,13706.29,9800,3920,39.96,99.90,139.86,100,40,0.00,0.00,0,0
1544352471,1001-eth3,0.00,0.00,0.00,0,0,0.00,0.00,0.00,0,0,0.00,0.00,0,0
1544352471,2007-eth4,1958.04,7832.17,9790.21,7840,1960,19.98,79.92,99.90,80,20,0.00,0.00,0,0
1544352471,2004-eth2,3916.08,5874.13,9790.21,5880,3920,39.96,59.94,99.90,60,40,0.00,0.00,0,0
1544352471,3002-eth1,7832.17,1958.04,9790.21,1960,7840,79.92,19.98,99.90,20,80,0.00,0.00,0,0
1544352471,3004-eth1,528010.00,886661.38,1414671.38,887548,528538,460.54,305.69,766.23,306,461,0.00,0.00,0,0
1544352471,2006-eth3,1199005.00,26109.89,1225114.88,26136,1200204,413.59,395.60,809.19,396,414,0.00,0.00,0,0
1544352471,3004-eth2,7832.17,16799.20,24631.37,16816,7840,79.92,215.78,295.70,216,80,0.00,0.00,0,0
1544352471,3001-eth3,1224193.88,26703.30,1250897.12,26730,1225418,422.58,404.60,827.17,405,423,0.00,0.00,0,0
1544352471,2003-eth4,886661.38,528010.00,1414671.38,528538,887548,305.69,460.54,766.23,461,306,0.00,0.00,0,0
1544352471,2008-eth4,31984.02,1199005.00,1230989.00,1200204,32016,455.54,413.59,869.13,414,456,0.00,0.00,0,0
1544352471,3008-eth3,33942.06,1221632.38,1255574.50,1222854,33976,475.52,498.50,974.03,499,476,0.00,0.00,0,0
1544352471,2005-eth2,0.00,0.00,0.00,0,0,0.00,0.00,0.00,0,0,0.00,0.00,0,0
1544352471,2006-eth4,0.00,0.00,0.00,0,0,0.00,0.00,0.00,0,0,0.00,0.00,0,0
1544352471,3006-eth2,0.00,0.00,0.00,0,0,0.00,0.00,0.00,0,0,0.00,0.00,0,0
1544352471,1003-eth4,30025.97,1199005.00,1229031.00,1200204,30056,435.56,413.59,849.15,414,436,0.00,0.00,0,0
1544352471,2006-eth2,0.00,0.00,0.00,0,0,0.00,0.00,0.00,0,0,0.00,0.00,0,0
1544352471,3001-eth1,20967.03,1052433.62,1073400.62,1053486,20988,317.68,362.64,680.32,363,318,0.00,0.00,0,0
1544352471,3008-eth2,1199005.00,31984.02,1230989.00,32016,1200204,413.59,455.54,869.13,456,414,0.00,0.00,0,0
1544352471,2004-eth3,3916.08,18757.24,22673.33,18776,3920,39.96,235.76,275.72,236,40,0.00,0.00,0,0
1544352471,3001-eth4,1223039.00,636463.56,1859502.50,637100,1224262,602.40,613.39,1215.78,614,603,0.00,0.00,0,0
1544352471,1003-eth1,3916.08,0.00,3916.08,0,3920,39.96,0.00,39.96,0,40,0.00,0.00,0,0
1544352471,3002-eth2,688339.69,19522.48,707862.19,19542,689028,237.76,266.73,504.50,267,238,0.00,0.00,0,0
1544352471,2005-eth4,418881.12,19148.85,438029.97,19168,419300,209.79,203.80,413.59,204,210,0.00,0.00,0,0
1544352471,3003-eth2,18757.24,3916.08,22673.33,3920,18776,235.76,39.96,275.72,40,236,0.00,0.00,0,0
1544352471,2007-eth1,547686.31,0.00,547686.31,0,548234,188.81,0.00,188.81,0,189,0.00,0.00,0,0
1544352471,1002-eth4,15916.08,3916.08,19832.17,3920,15932,221.78,39.96,261.74,40,222,0.00,0.00,0,0
1544352471,3002-eth4,34271.73,1223144.88,1257416.62,1224368,34306,480.52,499.50,980.02,500,481,0.00,0.00,0,0
1544352471,2007-eth3,17874.13,547686.31,565560.44,548234,17892,241.76,188.81,430.57,189,242,0.00,0.00,0,0
1544352471,3005-eth1,418881.12,19148.85,438029.97,19168,419300,209.79,203.80,413.59,204,210,0.00,0.00,0,0
1544352471,2001-eth4,1958.04,7832.17,9790.21,7840,1960,19.98,79.92,99.90,80,20,0.00,0.00,0,0
1544352471,3003-eth4,34073.93,1221632.38,1255706.38,1222854,34108,477.52,498.50,976.02,499,478,0.00,0.00,0,0
1544352471,2004-eth1,7832.17,0.00,7832.17,0,7840,79.92,0.00,79.92,0,80,0.00,0.00,0,0
1544352471,3006-eth4,1223071.00,1223454.62,2446525.50,1224678,1224294,778.22,826.17,1604.40,827,779,0.00,0.00,0,0
1544352471,3007-eth1,547686.31,17874.13,565560.44,17892,548234,188.81,241.76,430.57,242,189,0.00,0.00,0,0
1544352471,2008-eth1,1199005.00,30025.97,1229031.00,30056,1200204,413.59,435.56,849.15,436,414,0.00,0.00,0,0
1544352471,2002-eth2,0.00,1958.04,1958.04,1960,0,0.00,19.98,19.98,20,0,0.00,0.00,0,0
1544352471,2003-eth1,509218.78,12883.12,522101.91,12896,509728,175.82,175.82,351.65,176,176,0.00,0.00,0,0
1544352471,3008-eth4,1224587.50,1225114.88,2449702.25,1226340,1225812,801.20,809.19,1610.39,810,802,0.00,0.00,0,0
1544352471,1004-eth4,3916.08,7832.17,11748.25,7840,3920,39.96,79.92,119.88,80,40,0.00,0.00,0,0
1544352471,3006-eth1,19148.85,418881.12,438029.97,419300,19168,203.80,209.79,413.59,210,204,0.00,0.00,0,0
1544352471,1004-eth3,0.00,0.00,0.00,0,0,0.00,0.00,0.00,0,0,0.00,0.00,0,0
1544352471,1002-eth2,1958.04,0.00,1958.04,0,1960,19.98,0.00,19.98,0,20,0.00,0.00,0,0
1544352471,3004-eth3,1223492.50,535658.38,1759150.88,536194,1224716,565.43,576.42,1141.86,577,566,0.00,0.00,0,0
1544352471,2003-eth3,33632.37,886661.38,920293.75,887548,33666,480.52,305.69,786.21,306,481,0.00,0.00,0,0
1544352471,2005-eth1,0.00,0.00,0.00,0,0,0.00,0.00,0.00,0,0,0.00,0.00,0,0
1544352471,3002-eth3,1224885.12,714779.25,1939664.38,715494,1226110,630.37,638.36,1268.73,639,631,0.00,0.00,0,0
1544352471,3006-eth3,1203010.00,485141.72,1688151.75,486112,1205416,620.76,606.79,1227.54,608,622,0.00,0.00,0,0
1544352471,2001-eth1,12870.26,1052894.25,1065764.50,1055000,12896,175.65,363.27,538.92,364,176,0.00,0.00,0,0
1544352471,3005-eth2,26083.83,1197808.38,1223892.25,1200204,26136,395.21,413.17,808.38,414,396,0.00,0.00,0,0
1544352471,2001-eth2,15900.20,1956.09,17856.29,1960,15932,221.56,19.96,241.52,20,222,0.00,0.00,0,0
1544352471,3007-eth2,9780.44,3912.18,13692.62,3920,9800,99.80,39.92,139.72,40,100,0.00,0.00,0,0
1544352471,1001-eth1,1052894.25,12870.26,1065764.50,12896,1055000,363.27,175.65,538.92,176,364,0.00,0.00,0,0
1544352471,3007-eth4,34237.53,1221924.12,1256161.75,1224368,34306,480.04,499.00,979.04,500,481,0.00,0.00,0,0
1544352471,2003-eth2,0.00,1956.09,1956.09,1960,0,0.00,19.96,19.96,20,0,0.00,0.00,0,0
1544352471,3007-eth3,1223984.12,573618.75,1797602.88,574766,1226432,590.82,589.82,1180.64,591,592,0.00,0.00,0,0
1544352471,1002-eth1,1956.09,15966.07,17922.16,15998,1960,19.96,222.55,242.51,223,20,0.00,0.00,0,0
1544352471,2002-eth3,690608.81,13634.73,704243.56,13662,691990,238.52,206.59,445.11,207,239,0.00,0.00,0,0
1544352471,2007-eth2,3912.18,15966.07,19878.24,15998,3920,39.92,222.55,262.48,223,40,0.00,0.00,0,0
1544352471,total,27002850.00,26668026.00,53670876.00,26721362,27056854,19384.23,19521.96,38906.19,19561,19423,0.00,0.00,0,0
1544352472,3003-eth3,1222295.50,903057.94,2125353.25,904864,1224740,696.61,698.60,1395.21,700,698,0.00,0.00,0,0
1544352472,2002-eth1,0.00,3912.18,3912.18,3920,0,0.00,39.92,39.92,40,0,0.00,0.00,0,0
1544352472,lo,5800.40,5800.40,11600.80,5812,5812,76.85,76.85,153.69,77,77,0.00,0.00,0,0
1544352472,3005-eth3,1206812.38,623712.56,1830525.00,624960,1209226,452.10,451.10,903.19,452,453,0.00,0.00,0,0
1544352472,2005-eth3,26548.90,613437.12,639986.06,614664,26602,282.44,295.41,577.84,296,283,0.00,0.00,0,0
1544352472,3004-eth4,15465.07,376021.97,391487.03,376774,15496,195.61,206.59,402.20,207,196,0.00,0.00,0,0
1544352472,1004-eth2,5868.26,3912.18,9780.44,3920,5880,59.88,39.92,99.80,40,60,0.00,0.00,0,0
1544352472,2004-eth4,18495.01,7824.35,26319.36,7840,18532,241.52,79.84,321.36,80,242,0.00,0.00,0,0
1544352472,1001-eth2,14582.83,411093.81,425676.66,411916,14612,201.60,141.72,343.31,142,202,0.00,0.00,0,0
1544352472,1003-eth3,1194852.38,26017.96,1220870.25,26070,1197242,412.18,394.21,806.39,395,413,0.00,0.00,0,0
1544352472,2002-eth4,21413.17,711301.44,732714.56,712724,21456,295.41,245.51,540.92,246,296,0.00,0.00,0,0
1544352472,1001-eth4,0.00,578211.56,578211.56,579368,0,0.00,199.60,199.60,200,0,0.00,0.00,0,0
1544352472,3001-eth2,15544.91,711301.44,726846.31,712724,15576,235.53,245.51,481.04,246,236,0.00,0.00,0,0
1544352472,1004-eth1,2015.97,0.00,2015.97,0,2020,20.96,0.00,20.96,0,21,0.00,0.00,0,0
1544352472,3005-eth4,1205127.75,1206375.25,2411503.00,1208788,1207538,567.86,564.87,1132.73,566,569,0.00,0.00,0,0
1544352472,1003-eth2,0.00,7824.35,7824.35,7840,0,0.00,79.84,79.84,80,0,0.00,0.00,0,0
1544352472,3008-eth1,7824.35,1956.09,9780.44,1960,7840,79.84,19.96,99.80,20,80,0.00,0.00,0,0
1544352472,1002-eth3,0.00,0.00,0.00,0,0,0.00,0.00,0.00,0,0,0.00,0.00,0,0
1544352472,2006-eth1,26017.96,1194852.38,1220870.25,1197242,26070,394.21,412.18,806.39,413,395,0.00,0.00,0,0
1544352472,3003-eth1,876908.19,35311.38,912219.56,35382,878662,302.40,505.99,808.38,507,303,0.00,0.00,0,0
1544352472,2001-eth3,990816.38,22461.08,1013277.50,22506,992798,342.32,340.32,682.63,341,343,0.00,0.00,0,0
1544352472,2008-eth2,7824.35,3912.18,11736.53,3920,7840,79.84,39.92,119.76,40,80,0.00,0.00,0,0
1544352472,2008-eth3,3912.18,9780.44,13692.62,9800,3920,39.92,99.80,139.72,100,40,0.00,0.00,0,0
1544352472,1001-eth3,59.88,59.88,119.76,60,60,1.00,1.00,2.00,1,1,0.00,0.00,0,0
1544352472,2007-eth4,1956.09,7824.35,9780.44,7840,1960,19.96,79.84,99.80,80,20,0.00,0.00,0,0
1544352472,2004-eth2,3912.18,5868.26,9780.44,5880,3920,39.92,59.88,99.80,60,40,0.00,0.00,0,0
1544352472,3002-eth1,7824.35,1956.09,9780.44,1960,7840,79.84,19.96,99.80,20,80,0.00,0.00,0,0
1544352472,3004-eth1,429866.28,876968.06,1306834.38,878722,430726,426.15,303.39,729.54,304,427,0.00,0.00,0,0
1544352472,2006-eth3,1194852.38,26017.96,1220870.25,26070,1197242,412.18,394.21,806.39,395,413,0.00,0.00,0,0
1544352472,3004-eth2,7824.35,18495.01,26319.36,18532,7840,79.84,241.52,321.36,242,80,0.00,0.00,0,0
1544352472,3001-eth3,1221395.25,118249.51,1339644.75,118486,1223838,442.12,434.13,876.25,435,443,0.00,0.00,0,0
1544352472,2003-eth4,876968.06,429866.28,1306834.38,430726,878722,303.39,426.15,729.54,427,304,0.00,0.00,0,0
1544352472,2008-eth4,31886.23,1194852.38,1226738.50,1197242,31950,454.09,412.18,866.27,413,455,0.00,0.00,0,0
1544352472,3008-eth3,33776.45,1218968.12,1252744.50,1221406,33844,473.05,498.00,971.06,499,474,0.00,0.00,0,0
1544352472,2005-eth2,0.00,0.00,0.00,0,0,0.00,0.00,0.00,0,0,0.00,0.00,0,0
1544352472,2006-eth4,0.00,0.00,0.00,0,0,0.00,0.00,0.00,0,0,0.00,0.00,0,0
1544352472,3006-eth2,0.00,0.00,0.00,0,0,0.00,0.00,0.00,0,0,0.00,0.00,0,0
1544352472,1003-eth4,29930.14,1194852.38,1224782.50,1197242,29990,434.13,412.18,846.31,413,435,0.00,0.00,0,0
1544352472,2006-eth2,0.00,0.00,0.00,0,0,0.00,0.00,0.00,0,0,0.00,0.00,0,0
1544352472,3001-eth1,22461.08,990816.38,1013277.50,992798,22506,340.32,342.32,682.63,343,341,0.00,0.00,0,0
1544352472,3008-eth2,1194852.38,31886.23,1226738.50,31950,1197242,412.18,454.09,866.27,455,413,0.00,0.00,0,0
1544352472,2004-eth3,3912.18,20451.10,24363.27,20492,3920,39.92,261.48,301.40,262,40,0.00,0.00,0,0
1544352472,3001-eth4,1220447.12,778902.19,1999349.38,780460,1222888,646.71,656.69,1303.39,658,648,0.00,0.00,0,0
1544352472,1003-eth1,3912.18,0.00,3912.18,0,3920,39.92,0.00,39.92,0,40,0.00,0.00,0,0
1544352472,3002-eth2,711301.44,21413.17,732714.56,21456,712724,245.51,295.41,540.92,296,246,0.00,0.00,0,0
1544352472,2005-eth4,613437.12,26548.90,639986.06,26602,614664,295.41,282.44,577.84,283,296,0.00,0.00,0,0
1544352472,3003-eth2,20451.10,3912.18,24363.27,3920,20492,261.48,39.92,301.40,40,262,0.00,0.00,0,0
1544352472,2007-eth1,578211.56,0.00,578211.56,0,579368,199.60,0.00,199.60,0,200,0.00,0.00,0,0
1544352472,1002-eth4,15762.48,3912.18,19674.65,3920,15794,219.56,39.92,259.48,40,220,0.00,0.00,0,0
1544352472,3002-eth4,34039.92,1217457.12,1251497.00,1219892,34108,477.05,497.01,974.05,498,478,0.00,0.00,0,0
1544352472,2007-eth3,17658.68,578211.56,595870.25,579368,17694,238.52,199.60,438.12,200,239,0.00,0.00,0,0
1544352472,3005-eth1,613437.12,26548.90,639986.06,26602,614664,295.41,282.44,577.84,283,296,0.00,0.00,0,0
1544352472,2001-eth4,1956.09,7824.35,9780.44,7840,1960,19.96,79.84,99.80,80,20,0.00,0.00,0,0
1544352472,3003-eth4,33974.05,1218968.12,1252942.12,1221406,34042,476.05,498.00,974.05,499,477,0.00,0.00,0,0
1544352472,2004-eth1,7824.35,0.00,7824.35,0,7840,79.84,0.00,79.84,0,80,0.00,0.00,0,0
1544352472,3006-eth4,1228600.88,1222321.38,2450922.25,1224766,1231058,1054.89,963.07,2017.96,965,1057,0.00,0.00,0,0
1544352472,3007-eth1,578211.56,17658.68,595870.25,17694,579368,199.60,238.52,438.12,239,200,0.00,0.00,0,0
1544352472,2008-eth1,1194852.38,29930.14,1224782.50,29990,1197242,412.18,434.13,846.31,435,413,0.00,0.00,0,0
1544352472,2002-eth2,0.00,2015.97,2015.97,2020,0,0.00,20.96,20.96,21,0,0.00,0.00,0,0
1544352472,2003-eth1,411093.81,14582.83,425676.66,14612,411916,141.72,201.60,343.31,202,142,0.00,0.00,0,0
1544352472,3008-eth4,1217782.50,1220804.38,2438587.00,1223246,1220218,803.39,805.39,1608.78,807,805,0.00,0.00,0,0
1544352472,1004-eth4,3912.18,7824.35,11736.53,7840,3920,39.92,79.84,119.76,80,40,0.00,0.00,0,0
1544352472,3006-eth1,26548.90,613437.12,639986.06,614664,26602,282.44,295.41,577.84,296,283,0.00,0.00,0,0
1544352472,1004-eth3,0.00,0.00,0.00,0,0,0.00,0.00,0.00,0,0,0.00,0.00,0,0
1544352472,1002-eth2,2015.97,59.88,2075.85,60,2020,20.96,1.00,21.96,1,21,0.00,0.00,0,0
1544352472,3004-eth3,1220493.00,437507.00,1658000.00,438382,1222934,537.92,541.92,1079.84,543,539,0.00,0.00,0,0
1544352472,2003-eth3,35311.38,876908.19,912219.56,878662,35382,505.99,302.40,808.38,303,507,0.00,0.00,0,0
1544352472,2005-eth1,59.88,59.88,119.76,60,60,1.00,1.00,2.00,1,1,0.00,0.00,0,0
1544352472,3002-eth3,1221431.12,737582.88,1959014.00,739058,1223874,639.72,643.71,1283.43,645,641,0.00,0.00,0,0
1544352472,3006-eth3,1197061.00,599850.19,1796911.12,600450,1198258,682.32,672.33,1354.65,673,683,0.00,0.00,0,0
1544352472,2001-eth1,14597.40,990293.75,1004891.12,991284,14612,201.80,341.66,543.46,342,202,0.00,0.00,0,0
1544352472,3005-eth2,26043.96,1196046.00,1222090.00,1197242,26070,394.61,412.59,807.19,413,395,0.00,0.00,0,0
1544352472,2001-eth2,15718.28,2017.98,17736.26,2020,15734,218.78,20.98,239.76,21,219,0.00,0.00,0,0
1544352472,3007-eth2,9790.21,3916.08,13706.29,3920,9800,99.90,39.96,139.86,40,100,0.00,0.00,0,0
1544352472,1001-eth1,990293.75,14597.40,1004891.12,14612,991284,341.66,201.80,543.46,202,342,0.00,0.00,0,0
1544352472,3007-eth4,34205.80,1218673.38,1252879.12,1219892,34240,479.52,497.50,977.02,498,480,0.00,0.00,0,0
1544352472,2003-eth2,59.94,2017.98,2077.92,2020,60,1.00,20.98,21.98,21,1,0.00,0.00,0,0
1544352472,3007-eth3,1220211.88,605096.94,1825308.75,605702,1221432,603.40,598.40,1201.80,599,604,0.00,0.00,0,0
1544352472,1002-eth1,2017.98,15652.35,17670.33,15668,2020,20.98,217.78,238.76,218,21,0.00,0.00,0,0
1544352472,2002-eth3,709052.94,15560.44,724613.44,15576,709762,244.76,235.76,480.52,236,245,0.00,0.00,0,0
1544352472,2007-eth2,3916.08,15712.29,19628.37,15728,3920,39.96,218.78,258.74,219,40,0.00,0.00,0,0
1544352472,total,27188218.00,27361674.00,54549892.00,27389034,27215406,20415.58,20413.59,40829.17,20434,20436,0.00,0.00,0,0
1544352473,3003-eth3,1211680.38,891992.06,2103672.50,892884,1212892,693.31,693.31,1386.61,694,694,0.00,0.00,0,0
1544352473,2002-eth1,0.00,3976.02,3976.02,3980,0,0.00,40.96,40.96,41,0,0.00,0.00,0,0
1544352473,lo,64949.05,64949.05,129898.10,65014,65014,307.69,307.69,615.38,308,308,0.00,0.00,0,0
1544352473,3005-eth3,1201690.38,550227.81,1751918.12,550778,1202892,443.56,424.58,868.13,425,444,0.00,0.00,0,0
1544352473,2005-eth3,23282.72,539612.38,562895.12,540152,23306,276.72,263.74,540.46,264,277,0.00,0.00,0,0
1544352473,3004-eth4,15546.45,395664.34,411210.81,396060,15562,196.80,213.79,410.59,214,197,0.00,0.00,0,0
1544352473,1004-eth2,5934.07,3976.02,9910.09,3980,5940,60.94,40.96,101.90,41,61,0.00,0.00,0,0
1544352473,2004-eth4,16667.33,7832.17,24499.50,7840,16684,213.79,79.92,293.71,80,214,0.00,0.00,0,0
1544352473,1001-eth2,12811.19,547686.31,560497.50,548234,12824,174.83,188.81,363.64,189,175,0.00,0.00,0,0
1544352473,1003-eth3,1190127.88,25912.09,1216040.00,25938,1191318,410.59,392.61,803.20,393,411,0.00,0.00,0,0
1544352473,2002-eth4,20247.75,791906.12,812153.88,792698,20268,277.72,272.73,550.45,273,278,0.00,0.00,0,0
1544352473,1001-eth4,59.94,563994.00,564053.94,564558,60,1.00,194.81,195.80,195,1,0.00,0.00,0,0
1544352473,3001-eth2,14433.57,791906.12,806339.69,792698,14448,218.78,272.73,491.51,273,219,0.00,0.00,0,0
1544352473,1004-eth1,1958.04,0.00,1958.04,0,1960,19.98,0.00,19.98,0,20,0.00,0.00,0,0
1544352473,3005-eth4,1200743.25,1204291.75,2405035.00,1205496,1201944,571.43,559.44,1130.87,560,572,0.00,0.00,0,0
1544352473,1003-eth2,0.00,7892.11,7892.11,7900,0,0.00,80.92,80.92,81,0,0.00,0.00,0,0
1544352473,3008-eth1,7832.17,1958.04,9790.21,1960,7840,79.92,19.98,99.90,20,80,0.00,0.00,0,0
1544352473,1002-eth3,0.00,0.00,0.00,0,0,0.00,0.00,0.00,0,0,0.00,0.00,0,0
1544352473,2006-eth1,25912.09,1190127.88,1216040.00,1191318,25938,392.61,410.59,803.20,411,393,0.00,0.00,0,0
1544352473,3003-eth1,866008.00,33362.64,899370.62,33396,866874,299.70,476.52,776.22,477,300,0.00,0.00,0,0
1544352473,2001-eth3,1114639.38,21362.64,1136002.00,21384,1115754,384.62,323.68,708.29,324,385,0.00,0.00,0,0
1544352473,2008-eth2,7832.17,3976.02,11808.19,3980,7840,79.92,40.96,120.88,41,80,0.00,0.00,0,0
1544352473,2008-eth3,3916.08,9692.31,13608.39,9702,3920,39.96,98.90,138.86,99,40,0.00,0.00,0,0
1544352473,1001-eth3,0.00,0.00,0.00,0,0,0.00,0.00,0.00,0,0,0.00,0.00,0,0
1544352473,2007-eth4,1958.04,7832.17,9790.21,7840,1960,19.98,79.92,99.90,80,20,0.00,0.00,0,0
1544352473,2004-eth2,3976.02,5934.07,9910.09,5940,3980,40.96,60.94,101.90,61,41,0.00,0.00,0,0
1544352473,3002-eth1,7832.17,1958.04,9790.21,1960,7840,79.92,19.98,99.90,20,80,0.00,0.00,0,0
1544352473,3004-eth1,566279.75,865948.06,1432227.75,866814,566846,470.53,298.70,769.23,299,471,0.00,0.00,0,0
1544352473,2006-eth3,1190127.88,25912.09,1216040.00,25938,1191318,410.59,392.61,803.20,393,411,0.00,0.00,0,0
1544352473,3004-eth2,7832.17,16667.33,24499.50,16684,7840,79.92,213.79,293.71,214,80,0.00,0.00,0,0
1544352473,3001-eth3,1215716.38,263294.72,1479011.00,263558,1216932,469.53,482.52,952.05,483,470,0.00,0.00,0,0
1544352473,2003-eth4,865948.06,566279.75,1432227.75,566846,866814,298.70,470.53,769.23,471,299,0.00,0.00,0,0
1544352473,2008-eth4,31688.31,1190187.88,1221876.12,1191378,31720,451.55,411.59,863.14,412,452,0.00,0.00,0,0
1544352473,3008-eth3,33706.29,1218673.38,1252379.62,1219892,33740,472.53,497.50,970.03,498,473,0.00,0.00,0,0
1544352473,2005-eth2,0.00,0.00,0.00,0,0,0.00,0.00,0.00,0,0,0.00,0.00,0,0
1544352473,2006-eth4,0.00,0.00,0.00,0,0,0.00,0.00,0.00,0,0,0.00,0.00,0,0
1544352473,3006-eth2,0.00,0.00,0.00,0,0,0.00,0.00,0.00,0,0,0.00,0.00,0,0
1544352473,1003-eth4,29888.11,1190127.88,1220016.00,1191318,29918,433.57,410.59,844.16,411,434,0.00,0.00,0,0
1544352473,2006-eth2,0.00,59.94,59.94,60,0,0.00,1.00,1.00,1,0,0.00,0.00,0,0
1544352473,3001-eth1,21362.64,1114639.38,1136002.00,1115754,21384,323.68,384.62,708.29,385,324,0.00,0.00,0,0
1544352473,3008-eth2,1190187.88,31688.31,1221876.12,31720,1191378,411.59,451.55,863.14,452,412,0.00,0.00,0,0
1544352473,2004-eth3,3976.02,18625.38,22601.40,18644,3980,40.96,233.77,274.73,234,41,0.00,0.00,0,0
1544352473,3001-eth4,1215810.25,701364.62,1917174.88,702066,1217026,624.38,632.37,1256.74,633,625,0.00,0.00,0,0
1544352473,1003-eth1,3976.02,0.00,3976.02,0,3980,40.96,0.00,40.96,0,41,0.00,0.00,0,0
1544352473,3002-eth2,791906.12,20247.75,812153.88,20268,792698,272.73,277.72,550.45,278,273,0.00,0.00,0,0
1544352473,2005-eth4,539612.38,23282.72,562895.12,23306,540152,263.74,276.72,540.46,277,264,0.00,0.00,0,0
1544352473,3003-eth2,18625.38,3976.02,22601.40,3980,18644,233.77,40.96,274.73,41,234,0.00,0.00,0,0
1544352473,2007-eth1,563994.00,59.94,564053.94,60,564558,194.81,1.00,195.80,1,195,0.00,0.00,0,0
1544352473,1002-eth4,16443.56,3916.08,20359.64,3920,16460,229.77,39.96,269.73,40,230,0.00,0.00,0,0
1544352473,3002-eth4,34007.99,1218673.38,1252681.38,1219892,34042,476.52,497.50,974.03,498,477,0.00,0.00,0,0
1544352473,2007-eth3,18401.60,563994.00,582395.62,564558,18420,249.75,194.81,444.56,195,250,0.00,0.00,0,0
1544352473,3005-eth1,539612.38,23282.72,562895.12,23306,540152,263.74,276.72,540.46,277,264,0.00,0.00,0,0
1544352473,2001-eth4,1958.04,7832.17,9790.21,7840,1960,19.98,79.92,99.90,80,20,0.00,0.00,0,0
1544352473,3003-eth4,33936.07,1221632.38,1255568.50,1222854,33970,475.52,498.50,974.03,499,476,0.00,0.00,0,0
1544352473,2004-eth1,7892.11,0.00,7892.11,0,7900,80.92,0.00,80.92,0,81,0.00,0.00,0,0
1544352473,3006-eth4,1224289.75,1218225.75,2442515.50,1219444,1225514,972.03,959.04,1931.07,960,973,0.00,0.00,0,0
1544352473,3007-eth1,563994.00,18401.60,582395.62,18420,564558,194.81,249.75,444.56,250,195,0.00,0.00,0,0
1544352473,2008-eth1,1190127.88,29888.11,1220016.00,29918,1191318,410.59,433.57,844.16,434,411,0.00,0.00,0,0
1544352473,2002-eth2,0.00,1956.09,1956.09,1960,0,0.00,19.96,19.96,20,0,0.00,0.00,0,0
1544352473,2003-eth1,547139.75,12798.40,559938.12,12824,548234,188.62,174.65,363.27,175,189,0.00,0.00,0,0
1544352473,3008-eth4,1217650.75,1214892.25,2432543.00,1217322,1220086,801.40,803.39,1604.79,805,803,0.00,0.00,0,0
1544352473,1004-eth4,3972.06,7824.35,11796.41,7840,3980,40.92,79.84,120.76,80,41,0.00,0.00,0,0
1544352473,3006-eth1,23259.48,539073.88,562333.38,540152,23306,276.45,263.47,539.92,264,277,0.00,0.00,0,0
1544352473,1004-eth3,59.88,0.00,59.88,0,60,1.00,0.00,1.00,0,1,0.00,0.00,0,0
1544352473,1002-eth2,1956.09,0.00,1956.09,0,1960,19.96,0.00,19.96,0,20,0.00,0.00,0,0
1544352473,3004-eth3,1217545.00,573421.19,1790966.12,574568,1219980,580.84,586.83,1167.66,588,582,0.00,0.00,0,0
1544352473,2003-eth3,33329.34,865143.75,898473.06,866874,33396,476.05,299.40,775.45,300,477,0.00,0.00,0,0
1544352473,2005-eth1,0.00,0.00,0.00,0,0,0.00,0.00,0.00,0,0,0.00,0.00,0,0
1544352473,3002-eth3,1217495.00,817199.62,2034694.62,818834,1219930,667.66,667.66,1335.33,669,669,0.00,0.00,0,0
1544352473,3006-eth3,1193750.50,452628.75,1646379.25,453534,1196138,681.64,617.76,1299.40,619,683,0.00,0.00,0,0
1544352473,2001-eth1,12738.52,1113586.88,1126325.38,1115814,12764,173.65,385.23,558.88,386,174,0.00,0.00,0,0
1544352473,3005-eth2,25886.23,1188940.12,1214826.38,1191318,25938,392.22,410.18,802.40,411,393,0.00,0.00,0,0
1544352473,2001-eth2,16427.15,1956.09,18383.23,1960,16460,229.54,19.96,249.50,20,230,0.00,0.00,0,0
1544352473,3007-eth2,9682.63,3912.18,13594.81,3920,9702,98.80,39.92,138.72,40,99,0.00,0.00,0,0
1544352473,1001-eth1,1113586.88,12738.52,1126325.38,12764,1115814,385.23,173.65,558.88,174,386,0.00,0.00,0,0
1544352473,3007-eth4,34039.92,1217457.12,1251497.00,1219892,34108,477.05,497.01,974.05,498,478,0.00,0.00,0,0
1544352473,2003-eth2,0.00,1956.09,1956.09,1960,0,0.00,19.96,19.96,20,0,0.00,0.00,0,0
1544352473,3007-eth3,1215774.50,589646.75,1805421.25,590826,1218206,597.80,591.82,1189.62,593,599,0.00,0.00,0,0
1544352473,1002-eth1,1956.09,16427.15,18383.23,16460,1960,19.96,229.54,249.50,230,20,0.00,0.00,0,0
1544352473,2002-eth3,791115.81,14419.16,805534.94,14448,792698,272.46,218.56,491.02,219,273,0.00,0.00,0,0
1544352473,2007-eth2,3912.18,16427.15,20339.32,16460,3920,39.92,229.54,269.46,230,40,0.00,0.00,0,0
1544352473,total,27603714.00,27868122.00,55471832.00,27923858,27658920,20558.88,20579.84,41138.72,20621,20600,0.00,0.00,0,0
1544352474,3003-eth3,1219135.75,876519.00,2095654.75,878272,1221574,692.61,690.62,1383.23,692,694,0.00,0.00,0,0
1544352474,2002-eth1,0.00,3912.18,3912.18,3920,0,0.00,39.92,39.92,40,0,0.00,0.00,0,0
1544352474,lo,7566.87,7566.87,15133.73,7582,7582,73.85,73.85,147.70,74,74,0.00,0.00,0,0
1544352474,3005-eth3,1194383.25,581002.00,1775385.25,582164,1196772,361.28,373.25,734.53,374,362,0.00,0.00,0,0
1544352474,2005-eth3,12712.58,570660.69,583373.25,571802,12738,192.61,216.57,409.18,217,193,0.00,0.00,0,0
1544352474,3004-eth4,15992.02,432253.50,448245.53,433118,16024,203.59,226.55,430.14,227,204,0.00,0.00,0,0
1544352474,1004-eth2,5868.26,3912.18,9780.44,3920,5880,59.88,39.92,99.80,40,60,0.00,0.00,0,0
1544352474,2004-eth4,16776.45,7824.35,24600.80,7840,16810,215.57,79.84,295.41,80,216,0.00,0.00,0,0
1544352474,1001-eth2,12804.39,425874.25,438678.66,426726,12830,174.65,146.71,321.36,147,175,0.00,0.00,0,0
1544352474,1003-eth3,1194852.38,26083.83,1220936.12,26136,1197242,412.18,395.21,807.39,396,413,0.00,0.00,0,0
1544352474,2002-eth4,19101.80,514682.66,533784.44,515712,19140,260.48,178.64,439.12,179,261,0.00,0.00,0,0
1544352474,1001-eth4,0.00,541287.44,541287.44,542370,0,0.00,187.62,187.62,188,0,0.00,0.00,0,0
1544352474,3001-eth2,13173.65,514622.78,527796.44,515652,13200,199.60,177.64,377.25,178,200,0.00,0.00,0,0
1544352474,1004-eth1,1956.09,0.00,1956.09,0,1960,19.96,0.00,19.96,0,20,0.00,0.00,0,0
1544352474,3005-eth4,1205127.75,1207754.50,2412882.25,1210170,1207538,567.86,563.87,1131.74,565,569,0.00,0.00,0,0
1544352474,1003-eth2,0.00,7824.35,7824.35,7840,0,0.00,79.84,79.84,80,0,0.00,0.00,0,0
1544352474,3008-eth1,7884.23,1918.16,9802.40,1922,7900,80.84,19.96,100.80,20,81,0.00,0.00,0,0
1544352474,1002-eth3,59.88,0.00,59.88,0,60,1.00,0.00,1.00,0,1,0.00,0.00,0,0
1544352474,2006-eth1,26083.83,1194852.38,1220936.12,1197242,26136,395.21,412.18,807.39,413,396,0.00,0.00,0,0
1544352474,3003-eth1,850303.44,33005.99,883309.38,33072,852004,293.41,471.06,764.47,472,294,0.00,0.00,0,0
1544352474,2001-eth3,967161.69,20347.31,987509.00,20388,969096,334.33,308.38,642.71,309,335,0.00,0.00,0,0
1544352474,2008-eth2,7824.35,3912.18,11736.53,3920,7840,79.84,39.92,119.76,40,80,0.00,0.00,0,0
1544352474,2008-eth3,3912.18,9780.44,13692.62,9800,3920,39.92,99.80,139.72,100,40,0.00,0.00,0,0
1544352474,1001-eth3,0.00,0.00,0.00,0,0,0.00,0.00,0.00,0,0,0.00,0.00,0,0
1544352474,2007-eth4,1918.16,7884.23,9802.40,7900,1922,19.96,80.84,100.80,81,20,0.00,0.00,0,0
1544352474,2004-eth2,3912.18,5868.26,9780.44,5880,3920,39.92,59.88,99.80,60,40,0.00,0.00,0,0
1544352474,3002-eth1,7786.43,2015.97,9802.40,2020,7802,79.84,20.96,100.80,21,80,0.00,0.00,0,0
1544352474,3004-eth1,444119.78,850303.44,1294423.25,852004,445008,423.15,293.41,716.57,294,424,0.00,0.00,0,0
1544352474,2006-eth3,1194852.38,26143.71,1220996.00,26196,1197242,412.18,396.21,808.38,397,413,0.00,0.00,0,0
1544352474,3004-eth2,7824.35,16776.45,24600.80,16810,7840,79.84,215.57,295.41,216,80,0.00,0.00,0,0
1544352474,3001-eth3,1220012.00,26544.91,1246556.88,26598,1222452,421.16,402.20,823.35,403,422,0.00,0.00,0,0
1544352474,2003-eth4,850303.44,444119.78,1294423.25,445008,852004,293.41,423.15,716.57,424,294,0.00,0.00,0,0
1544352474,2008-eth4,31952.10,1194852.38,1226804.38,1197242,32016,455.09,412.18,867.27,413,456,0.00,0.00,0,0
1544352474,3008-eth3,33876.25,1220413.25,1254289.50,1222854,33944,475.05,498.00,973.05,499,476,0.00,0.00,0,0
1544352474,2005-eth2,0.00,59.88,59.88,60,0,0.00,1.00,1.00,1,0,0.00,0.00,0,0
1544352474,2006-eth4,0.00,0.00,0.00,0,0,0.00,0.00,0.00,0,0,0.00,0.00,0,0
1544352474,3006-eth2,0.00,0.00,0.00,0,0,0.00,0.00,0.00,0,0,0.00,0.00,0,0
1544352474,1003-eth4,29996.01,1194852.38,1224848.38,1197242,30056,435.13,412.18,847.31,413,436,0.00,0.00,0,0
1544352474,2006-eth2,0.00,0.00,0.00,0,0,0.00,0.00,0.00,0,0,0.00,0.00,0,0
1544352474,3001-eth1,20347.31,967161.69,987509.00,969096,20388,308.38,334.33,642.71,335,309,0.00,0.00,0,0
1544352474,3008-eth2,1194852.38,31952.10,1226804.38,32016,1197242,412.18,455.09,867.27,456,413,0.00,0.00,0,0
1544352474,2004-eth3,3912.18,18732.54,22644.71,18770,3920,39.92,235.53,275.45,236,40,0.00,0.00,0,0
1544352474,3001-eth4,1218660.75,524744.50,1743405.25,525794,1221098,575.85,571.86,1147.70,573,577,0.00,0.00,0,0
1544352474,1003-eth1,3912.18,0.00,3912.18,0,3920,39.92,0.00,39.92,0,40,0.00,0.00,0,0
1544352474,3002-eth2,514682.66,19101.80,533784.44,19140,515712,178.64,260.48,439.12,261,179,0.00,0.00,0,0
1544352474,2005-eth4,570660.69,12712.58,583373.25,12738,571802,216.57,192.61,409.18,193,217,0.00,0.00,0,0
1544352474,3003-eth2,18732.54,3912.18,22644.71,3920,18770,235.53,39.92,275.45,40,236,0.00,0.00,0,0
1544352474,2007-eth1,541287.44,0.00,541287.44,0,542370,187.62,0.00,187.62,0,188,0.00,0.00,0,0
1544352474,1002-eth4,15209.58,3972.06,19181.64,3980,15240,211.58,40.92,252.50,41,212,0.00,0.00,0,0
1544352474,3002-eth4,34273.45,1220357.38,1254630.75,1222798,34342,481.04,498.00,979.04,499,482,0.00,0.00,0,0
1544352474,2007-eth3,17323.35,541227.56,558550.94,542310,17358,233.53,186.63,420.16,187,234,0.00,0.00,0,0
1544352474,3005-eth1,570660.69,12712.58,583373.25,12738,571802,216.57,192.61,409.18,193,217,0.00,0.00,0,0
1544352474,2001-eth4,2015.97,7786.43,9802.40,7802,2020,20.96,79.84,100.80,80,21,0.00,0.00,0,0
1544352474,3003-eth4,33974.05,1217457.12,1251431.12,1219892,34042,476.05,497.01,973.05,498,477,0.00,0.00,0,0
1544352474,2004-eth1,7824.35,0.00,7824.35,0,7840,79.84,0.00,79.84,0,80,0.00,0.00,0,0
1544352474,3006-eth4,1227814.38,1221982.12,2449796.50,1224426,1230270,1064.87,779.44,1844.31,781,1067,0.00,0.00,0,0
1544352474,3007-eth1,541227.56,17323.35,558550.94,17358,542310,186.63,233.53,420.16,234,187,0.00,0.00,0,0
1544352474,2008-eth1,1194852.38,29996.01,1224848.38,30056,1197242,412.18,435.13,847.31,436,413,0.00,0.00,0,0
1544352474,2002-eth2,0.00,1958.04,1958.04,1960,0,0.00,19.98,19.98,20,0,0.00,0.00,0,0
1544352474,2003-eth1,426299.72,12817.18,439116.91,12830,426726,146.85,174.83,321.68,175,147,0.00,0.00,0,0
1544352474,3008-eth4,1221622.38,1222155.88,2443778.25,1223378,1222844,800.20,808.19,1608.39,809,801,0.00,0.00,0,0
1544352474,1004-eth4,3916.08,7832.17,11748.25,7840,3920,39.96,79.92,119.88,80,40,0.00,0.00,0,0
1544352474,3006-eth1,12725.28,571230.81,583956.06,571802,12738,192.81,216.78,409.59,217,193,0.00,0.00,0,0
1544352474,1004-eth3,0.00,0.00,0.00,0,0,0.00,0.00,0.00,0,0,0.00,0.00,0,0
1544352474,1002-eth2,1958.04,0.00,1958.04,0,1960,19.98,0.00,19.98,0,20,0.00,0.00,0,0
1544352474,3004-eth3,1222437.62,452739.28,1675176.88,453192,1223660,549.45,547.45,1096.90,548,550,0.00,0.00,0,0
1544352474,2003-eth3,33038.96,851152.88,884191.81,852004,33072,471.53,293.71,765.23,294,472,0.00,0.00,0,0
1544352474,2005-eth1,0.00,0.00,0.00,0,0,0.00,0.00,0.00,0,0,0.00,0.00,0,0
1544352474,3002-eth3,1221912.12,541552.44,1763464.62,542094,1223134,585.41,578.42,1163.84,579,586,0.00,0.00,0,0
1544352474,3006-eth3,1210477.50,597534.50,1808012.00,598132,1211688,587.41,593.41,1180.82,594,588,0.00,0.00,0,0
1544352474,2001-eth1,12877.12,968067.94,980945.06,969036,12890,175.82,333.67,509.49,334,176,0.00,0.00,0,0
1544352474,3005-eth2,26169.83,1196046.00,1222215.88,1197242,26196,396.60,412.59,809.19,413,397,0.00,0.00,0,0
1544352474,2001-eth2,15284.72,1958.04,17242.76,1960,15300,212.79,19.98,232.77,20,213,0.00,0.00,0,0
1544352474,3007-eth2,9790.21,3916.08,13706.29,3920,9800,99.90,39.96,139.86,40,100,0.00,0.00,0,0
1544352474,1001-eth1,968067.94,12877.12,980945.06,12890,969036,333.67,175.82,509.49,176,334,0.00,0.00,0,0
1544352474,3007-eth4,34139.86,1224493.50,1258633.38,1225718,34174,478.52,498.50,977.02,499,479,0.00,0.00,0,0
1544352474,2003-eth2,0.00,1958.04,1958.04,1960,0,0.00,19.98,19.98,20,0,0.00,0.00,0,0
1544352474,3007-eth3,1219618.38,568075.94,1787694.38,568644,1220838,594.41,585.41,1179.82,586,595,0.00,0.00,0,0
1544352474,1002-eth1,1958.04,15284.72,17242.76,15300,1960,19.98,212.79,232.77,213,20,0.00,0.00,0,0
1544352474,2002-eth3,515136.88,13186.81,528323.69,13200,515652,177.82,199.80,377.62,200,178,0.00,0.00,0,0
1544352474,2007-eth2,3976.02,15224.78,19200.80,15240,3980,40.96,211.79,252.75,212,41,0.00,0.00,0,0
1544352474,total,26521188.00,26124434.00,52645620.00,26150558,26547708,19308.69,19105.89,38414.59,19125,19328,0.00,0.00,0,0
1544352475,3003-eth3,1220095.88,864046.00,2084141.88,864910,1221316,689.31,686.31,1375.62,687,690,0.00,0.00,0,0
1544352475,2002-eth1,0.00,3916.08,3916.08,3920,0,0.00,39.96,39.96,40,0,0.00,0.00,0,0
1544352475,lo,6699.30,6699.30,13398.60,6706,6706,64.94,64.94,129.87,65,65,0.00,0.00,0,0
1544352475,3005-eth3,1192545.50,612615.38,1805160.88,613228,1193738,359.64,361.64,721.28,362,360,0.00,0.00,0,0
1544352475,2005-eth3,12395.60,602521.50,614917.12,603124,12408,187.81,208.79,396.60,209,188,0.00,0.00,0,0
1544352475,3004-eth4,16239.76,466583.44,482823.19,467050,16256,207.79,236.76,444.56,237,208,0.00,0.00,0,0
1544352475,1004-eth2,5776.22,3818.18,9594.41,3822,5782,58.94,38.96,97.90,39,59,0.00,0.00,0,0
1544352475,2004-eth4,19404.60,7734.27,27138.86,7742,19424,255.74,78.92,334.67,79,256,0.00,0.00,0,0
1544352475,1001-eth2,15586.41,390851.16,406437.56,391242,15602,216.78,135.86,352.65,136,217,0.00,0.00,0,0
1544352475,1003-eth3,1193087.00,25906.09,1218993.00,25932,1194280,411.59,392.61,804.20,393,412,0.00,0.00,0,0
1544352475,2002-eth4,20379.62,686827.19,707206.81,687514,20400,279.72,236.76,516.48,237,280,0.00,0.00,0,0
1544352475,1001-eth4,0.00,526973.06,526973.06,527500,0,0.00,181.82,181.82,182,0,0.00,0.00,0,0
1544352475,3001-eth2,14505.50,686827.19,701332.69,687514,14520,219.78,236.76,456.54,237,220,0.00,0.00,0,0
1544352475,1004-eth1,1958.04,0.00,1958.04,0,1960,19.98,0.00,19.98,0,20,0.00,0.00,0,0
1544352475,3005-eth4,1203366.62,1205936.12,2409302.75,1207142,1204570,567.43,562.44,1129.87,563,568,0.00,0.00,0,0
1544352475,1003-eth2,0.00,7636.36,7636.36,7644,0,0.00,77.92,77.92,78,0,0.00,0.00,0,0
1544352475,3008-eth1,7538.46,1958.04,9496.50,1960,7546,76.92,19.98,96.90,20,77,0.00,0.00,0,0
1544352475,1002-eth3,0.00,0.00,0.00,0,0,0.00,0.00,0.00,0,0,0.00,0.00,0,0
1544352475,2006-eth1,25906.09,1193087.00,1218993.00,1194280,25932,392.61,411.59,804.20,412,393,0.00,0.00,0,0
1544352475,3003-eth1,837804.19,35478.52,873282.75,35514,838642,288.71,508.49,797.20,509,289,0.00,0.00,0,0
1544352475,2001-eth3,917764.25,23802.20,941566.44,23826,918682,316.68,360.64,677.32,361,317,0.00,0.00,0,0
1544352475,2008-eth2,7794.21,3818.18,11612.39,3822,7802,79.92,38.96,118.88,39,80,0.00,0.00,0,0
1544352475,2008-eth3,3878.12,9752.25,13630.37,9762,3882,39.96,99.90,139.86,100,40,0.00,0.00,0,0
1544352475,1001-eth3,0.00,0.00,0.00,0,0,0.00,0.00,0.00,0,0,0.00,0.00,0,0
1544352475,2007-eth4,1958.04,7538.46,9496.50,7546,1960,19.98,76.92,96.90,77,20,0.00,0.00,0,0
1544352475,2004-eth2,3818.18,5776.22,9594.41,5782,3822,38.96,58.94,97.90,59,39,0.00,0.00,0,0
1544352475,3002-eth1,7832.17,1860.14,9692.31,1862,7840,79.92,18.98,98.90,19,80,0.00,0.00,0,0
1544352475,3004-eth1,408725.28,837804.19,1246529.50,838642,409134,406.59,288.71,695.30,289,407,0.00,0.00,0,0
1544352475,2006-eth3,1193146.88,25846.15,1218993.00,25872,1194340,412.59,391.61,804.20,392,413,0.00,0.00,0,0
1544352475,3004-eth2,7734.27,19404.60,27138.86,19424,7742,78.92,255.74,334.67,256,79,0.00,0.00,0,0
1544352475,3001-eth3,1222751.25,224827.17,1447578.50,225052,1223974,466.53,469.53,936.06,470,467,0.00,0.00,0,0
1544352475,2003-eth4,837804.19,408725.28,1246529.50,409134,838642,288.71,406.59,695.30,407,289,0.00,0.00,0,0
1544352475,2008-eth4,31584.42,1193087.00,1224671.38,1194280,31616,450.55,411.59,862.14,412,451,0.00,0.00,0,0
1544352475,3008-eth3,33680.32,1221338.75,1255019.00,1222560,33714,472.53,495.50,968.03,496,473,0.00,0.00,0,0
1544352475,2005-eth2,0.00,0.00,0.00,0,0,0.00,0.00,0.00,0,0,0.00,0.00,0,0
1544352475,2006-eth4,59.94,59.94,119.88,60,60,1.00,1.00,2.00,1,1,0.00,0.00,0,0
1544352475,3006-eth2,59.94,59.94,119.88,60,60,1.00,1.00,2.00,1,1,0.00,0.00,0,0
1544352475,1003-eth4,29566.43,1193087.00,1222653.38,1194280,29596,429.57,411.59,841.16,412,430,0.00,0.00,0,0
1544352475,2006-eth2,59.94,0.00,59.94,0,60,1.00,0.00,1.00,0,1,0.00,0.00,0,0
1544352475,3001-eth1,23802.20,917764.25,941566.44,918682,23826,360.64,316.68,677.32,317,361,0.00,0.00,0,0
1544352475,3008-eth2,1193087.00,31584.42,1224671.38,31616,1194280,411.59,450.55,862.14,451,412,0.00,0.00,0,0
1544352475,2004-eth3,3916.08,21264.74,25180.82,21286,3920,39.96,274.73,314.69,275,40,0.00,0.00,0,0
1544352475,3001-eth4,1220227.75,886205.81,2106433.50,887092,1221448,691.31,693.31,1384.62,694,692,0.00,0.00,0,0
1544352475,1003-eth1,3916.08,0.00,3916.08,0,3920,39.96,0.00,39.96,0,40,0.00,0.00,0,0
1544352475,3002-eth2,686827.19,20379.62,707206.81,20400,687514,236.76,279.72,516.48,280,237,0.00,0.00,0,0
1544352475,2005-eth4,602461.56,12455.54,614917.12,12468,603064,207.79,188.81,396.60,189,208,0.00,0.00,0,0
1544352475,3003-eth2,21264.74,3916.08,25180.82,3920,21286,274.73,39.96,314.69,40,275,0.00,0.00,0,0
1544352475,2007-eth1,526973.06,0.00,526973.06,0,527500,181.82,0.00,181.82,0,182,0.00,0.00,0,0
1544352475,1002-eth4,16047.95,3818.18,19866.13,3822,16064,223.78,38.96,262.74,39,224,0.00,0.00,0,0
1544352475,3002-eth4,33844.16,1224591.50,1258435.62,1225816,33878,474.53,499.50,974.03,500,475,0.00,0.00,0,0
1544352475,2007-eth3,17810.19,527033.00,544843.19,527560,17828,241.76,182.82,424.58,183,242,0.00,0.00,0,0
1544352475,3005-eth1,602521.50,12395.60,614917.12,12408,603124,208.79,187.81,396.60,188,209,0.00,0.00,0,0
1544352475,2001-eth4,1860.14,7832.17,9692.31,7840,1862,18.98,79.92,98.90,80,19,0.00,0.00,0,0
1544352475,3003-eth4,34139.86,1224395.62,1258535.50,1225620,34174,478.52,497.50,976.02,498,479,0.00,0.00,0,0
1544352475,2004-eth1,7636.36,0.00,7636.36,0,7644,77.92,0.00,77.92,0,78,0.00,0.00,0,0
1544352475,3006-eth4,1223266.75,1218933.12,2442199.75,1220152,1224490,803.20,803.20,1606.39,804,804,0.00,0.00,0,0
1544352475,3007-eth1,527033.00,17810.19,544843.19,17828,527560,182.82,241.76,424.58,242,183,0.00,0.00,0,0
1544352475,2008-eth1,1193087.00,29566.43,1222653.38,29596,1194280,411.59,429.57,841.16,430,412,0.00,0.00,0,0
1544352475,2002-eth2,0.00,1958.04,1958.04,1960,0,0.00,19.98,19.98,20,0,0.00,0.00,0,0
1544352475,2003-eth1,390851.16,15586.41,406437.56,15602,391242,135.86,216.78,352.65,217,136,0.00,0.00,0,0
1544352475,3008-eth4,1221694.38,1219196.88,2440891.25,1220416,1222916,801.20,807.19,1608.39,808,802,0.00,0.00,0,0
1544352475,1004-eth4,3818.18,7794.21,11612.39,7802,3822,38.96,79.92,118.88,80,39,0.00,0.00,0,0
1544352475,3006-eth1,12455.54,602461.56,614917.12,603064,12468,188.81,207.79,396.60,208,189,0.00,0.00,0,0
1544352475,1004-eth3,0.00,59.94,59.94,60,0,0.00,1.00,1.00,1,0,0.00,0.00,0,0
1544352475,1002-eth2,1958.04,0.00,1958.04,0,1960,19.98,0.00,19.98,0,20,0.00,0.00,0,0
1544352475,3004-eth3,1224737.25,417230.78,1641968.12,417648,1225962,540.46,535.46,1075.92,536,541,0.00,0.00,0,0
1544352475,2003-eth3,35478.52,837804.19,873282.75,838642,35514,508.49,288.71,797.20,289,509,0.00,0.00,0,0
1544352475,2005-eth1,0.00,0.00,0.00,0,0,0.00,0.00,0.00,0,0,0.00,0.00,0,0
1544352475,3002-eth3,1219734.25,713003.00,1932737.38,713716,1220954,640.36,633.37,1273.73,634,641,0.00,0.00,0,0
1544352475,3006-eth3,1206597.38,672627.38,1879224.88,673300,1207804,616.38,613.39,1229.77,614,617,0.00,0.00,0,0
1544352475,2001-eth1,15586.41,917764.25,933350.69,918682,15602,216.78,316.68,533.47,317,217,0.00,0.00,0,0
1544352475,3005-eth2,25846.15,1193146.88,1218993.00,1194340,25872,391.61,412.59,804.20,413,392,0.00,0.00,0,0
1544352475,2001-eth2,16047.95,1860.14,17908.09,1862,16064,223.78,18.98,242.76,19,224,0.00,0.00,0,0
1544352475,3007-eth2,9752.25,3878.12,13630.37,3882,9762,99.90,39.96,139.86,40,100,0.00,0.00,0,0
1544352475,1001-eth1,917764.25,15586.41,933350.69,15602,918682,316.68,216.78,533.47,217,317,0.00,0.00,0,0
1544352475,3007-eth4,33938.06,1220185.88,1254123.88,1221406,33972,476.52,498.50,975.03,499,477,0.00,0.00,0,0
1544352475,2003-eth2,0.00,1958.04,1958.04,1960,0,0.00,19.98,19.98,20,0,0.00,0.00,0,0
1544352475,3007-eth3,1220669.38,553214.81,1773884.12,553768,1221890,588.41,579.42,1167.83,580,589,0.00,0.00,0,0
1544352475,1002-eth1,1860.14,16047.95,17908.09,16064,1862,18.98,223.78,242.76,224,19,0.00,0.00,0,0
1544352475,2002-eth3,686827.19,14505.50,701332.69,14520,687514,236.76,219.78,456.54,220,237,0.00,0.00,0,0
1544352475,2007-eth2,3818.18,16047.95,19866.13,16064,3822,38.96,223.78,262.74,224,39,0.00,0.00,0,0
1544352475,total,26690664.00,27108066.00,53798732.00,27135174,26717354,19547.45,19646.35,39193.81,19666,19567,0.00,0.00,0,0
1544352476,3003-eth3,1216741.25,850631.38,2067372.62,851482,1217958,682.32,680.32,1362.64,681,683,0.00,0.00,0,0
1544352476,2002-eth1,59.94,3916.08,3976.02,3920,60,1.00,39.96,40.96,40,1,0.00,0.00,0,0
1544352476,lo,65788.21,65788.21,131576.42,65854,65854,314.69,314.69,629.37,315,315,0.00,0.00,0,0
1544352476,3005-eth3,1191368.62,633460.56,1824829.25,634094,1192560,363.64,370.63,734.27,371,364,0.00,0.00,0,0
1544352476,2005-eth3,13114.89,623174.81,636289.75,623798,13128,198.80,214.79,413.59,215,199,0.00,0.00,0,0
1544352476,3004-eth4,16465.54,493378.62,509844.16,493872,16482,211.79,247.75,459.54,248,212,0.00,0.00,0,0
1544352476,1004-eth2,5580.42,3916.08,9496.50,3920,5586,56.94,39.96,96.90,40,57,0.00,0.00,0,0
1544352476,2004-eth4,15746.25,7892.11,23638.36,7900,15762,200.80,80.92,281.72,81,201,0.00,0.00,0,0
1544352476,1001-eth2,12025.97,509218.78,521244.78,509728,12038,162.84,175.82,338.66,176,163,0.00,0.00,0,0
1544352476,1003-eth3,1187228.75,26043.96,1213272.75,26070,1188416,410.59,394.61,805.19,395,411,0.00,0.00,0,0
1544352476,2002-eth4,19984.02,740155.88,760139.88,740896,20004,273.73,255.74,529.47,256,274,0.00,0.00,0,0
1544352476,1001-eth4,0.00,649806.19,649806.19,650456,0,0.00,223.78,223.78,224,0,0.00,0.00,0,0
1544352476,3001-eth2,14109.89,740215.81,754325.69,740956,14124,213.79,256.74,470.53,257,214,0.00,0.00,0,0
1544352476,1004-eth1,1958.04,59.94,2017.98,60,1960,19.98,1.00,20.98,1,20,0.00,0.00,0,0
1544352476,3005-eth4,1197388.62,1204357.62,2401746.25,1205562,1198586,564.44,560.44,1124.88,561,565,0.00,0.00,0,0
1544352476,1003-eth2,59.94,7832.17,7892.11,7840,60,1.00,79.92,80.92,80,1,0.00,0.00,0,0
1544352476,3008-eth1,7636.36,1958.04,9594.41,1960,7644,77.92,19.98,97.90,20,78,0.00,0.00,0,0
1544352476,1002-eth3,0.00,59.94,59.94,60,0,0.00,1.00,1.00,1,0,0.00,0.00,0,0
1544352476,2006-eth1,26043.96,1187228.75,1213272.75,1188416,26070,394.61,410.59,805.19,411,395,0.00,0.00,0,0
1544352476,3003-eth1,824521.50,31456.54,855978.06,31488,825346,284.72,447.55,732.27,448,285,0.00,0.00,0,0
1544352476,2001-eth3,1159025.00,21560.44,1180585.50,21582,1160184,399.60,326.67,726.27,327,400,0.00,0.00,0,0
1544352476,2008-eth2,7538.46,3916.08,11454.55,3920,7546,76.92,39.96,116.88,40,77,0.00,0.00,0,0
1544352476,2008-eth3,3916.08,9496.50,13412.59,9506,3920,39.96,96.90,136.86,97,40,0.00,0.00,0,0
1544352476,1001-eth3,59.94,59.94,119.88,60,60,1.00,1.00,2.00,1,1,0.00,0.00,0,0
1544352476,2007-eth4,1958.04,7636.36,9594.41,7644,1960,19.98,77.92,97.90,78,20,0.00,0.00,0,0
1544352476,2004-eth2,3916.08,5580.42,9496.50,5586,3920,39.96,56.94,96.90,57,40,0.00,0.00,0,0
1544352476,3002-eth1,7832.17,1958.04,9790.21,1960,7840,79.92,19.98,99.90,20,80,0.00,0.00,0,0
1544352476,3004-eth1,526751.25,824581.44,1351332.75,825406,527278,441.56,285.71,727.27,286,442,0.00,0.00,0,0
1544352476,2006-eth3,1187168.88,26043.96,1213212.88,26070,1188356,409.59,394.61,804.20,395,410,0.00,0.00,0,0
1544352476,3004-eth2,7892.11,15746.25,23638.36,15762,7900,80.92,200.80,281.72,201,81,0.00,0.00,0,0
1544352476,3001-eth3,1216771.25,321028.97,1537800.25,321350,1217988,485.51,502.50,988.01,503,486,0.00,0.00,0,0
1544352476,2003-eth4,824581.44,526751.25,1351332.75,527278,825406,285.71,441.56,727.27,442,286,0.00,0.00,0,0
1544352476,2008-eth4,31918.08,1187168.88,1219087.00,1188356,31950,454.55,409.59,864.14,410,455,0.00,0.00,0,0
1544352476,3008-eth3,33876.12,1215518.50,1249394.62,1216734,33910,474.53,494.51,969.03,495,475,0.00,0.00,0,0
1544352476,2005-eth2,59.94,0.00,59.94,0,60,1.00,0.00,1.00,0,1,0.00,0.00,0,0
1544352476,2006-eth4,0.00,0.00,0.00,0,0,0.00,0.00,0.00,0,0,0.00,0.00,0,0
1544352476,3006-eth2,0.00,0.00,0.00,0,0,0.00,0.00,0.00,0,0,0.00,0.00,0,0
1544352476,1003-eth4,29960.04,1187228.75,1217188.88,1188416,29990,434.57,410.59,845.15,411,435,0.00,0.00,0,0
1544352476,2006-eth2,0.00,0.00,0.00,0,0,0.00,0.00,0.00,0,0,0.00,0.00,0,0
1544352476,3001-eth1,21560.44,1159025.00,1180585.50,1160184,21582,326.67,399.60,726.27,400,327,0.00,0.00,0,0
1544352476,3008-eth2,1187168.88,31918.08,1219087.00,31950,1188356,409.59,454.55,864.14,455,410,0.00,0.00,0,0
1544352476,2004-eth3,3818.18,17900.10,21718.28,17918,3822,38.96,222.78,261.74,223,39,0.00,0.00,0,0
1544352476,3001-eth4,1215540.50,668857.19,1884397.62,669526,1216756,620.38,622.38,1242.76,623,621,0.00,0.00,0,0
1544352476,1003-eth1,3916.08,59.94,3976.02,60,3920,39.96,1.00,40.96,1,40,0.00,0.00,0,0
1544352476,3002-eth2,740155.88,19984.02,760139.88,20004,740896,255.74,273.73,529.47,274,256,0.00,0.00,0,0
1544352476,2005-eth4,623234.81,13054.95,636289.75,13068,623858,215.78,197.80,413.59,198,216,0.00,0.00,0,0
1544352476,3003-eth2,17900.10,3818.18,21718.28,3822,17918,222.78,38.96,261.74,39,223,0.00,0.00,0,0
1544352476,2007-eth1,649806.19,0.00,649806.19,0,650456,223.78,0.00,223.78,0,224,0.00,0.00,0,0
1544352476,1002-eth4,17426.57,3916.08,21342.66,3920,17444,244.76,39.96,284.72,40,245,0.00,0.00,0,0
1544352476,3002-eth4,34073.93,1209796.25,1243870.12,1211006,34108,477.52,494.51,972.03,495,478,0.00,0.00,0,0
1544352476,2007-eth3,19128.87,649806.19,668935.06,650456,19148,261.74,223.78,485.51,224,262,0.00,0.00,0,0
1544352476,3005-eth1,623174.81,13114.89,636289.75,13128,623798,214.79,198.80,413.59,199,215,0.00,0.00,0,0
1544352476,2001-eth4,1958.04,7832.17,9790.21,7840,1960,19.98,79.92,99.90,80,20,0.00,0.00,0,0
1544352476,3003-eth4,33844.16,1212755.25,1246599.38,1213968,33878,474.53,495.50,970.03,496,475,0.00,0.00,0,0
1544352476,2004-eth1,7832.17,59.94,7892.11,60,7840,79.92,1.00,80.92,1,80,0.00,0.00,0,0
1544352476,3006-eth4,1214853.12,1216105.88,2430959.00,1217322,1216068,785.21,804.20,1589.41,805,786,0.00,0.00,0,0
1544352476,3007-eth1,649806.19,19128.87,668935.06,19148,650456,223.78,261.74,485.51,262,224,0.00,0.00,0,0
1544352476,2008-eth1,1187228.75,29960.04,1217188.88,29990,1188416,410.59,434.57,845.15,435,411,0.00,0.00,0,0
1544352476,2002-eth2,59.94,1958.04,2017.98,1960,60,1.00,19.98,20.98,20,1,0.00,0.00,0,0
1544352476,2003-eth1,509218.78,12025.97,521244.78,12038,509728,175.82,162.84,338.66,163,176,0.00,0.00,0,0
1544352476,3008-eth4,1218471.50,1213212.88,2431684.50,1214426,1219690,796.20,804.20,1600.40,805,797,0.00,0.00,0,0
1544352476,1004-eth4,3916.08,7538.46,11454.55,7546,3920,39.96,76.92,116.88,77,40,0.00,0.00,0,0
1544352476,3006-eth1,13054.95,623234.81,636289.75,623858,13068,197.80,215.78,413.59,216,198,0.00,0.00,0,0
1544352476,1004-eth3,0.00,0.00,0.00,0,0,0.00,0.00,0.00,0,0,0.00,0.00,0,0
1544352476,1002-eth2,2015.97,59.88,2075.85,60,2020,20.96,1.00,21.96,1,21,0.00,0.00,0,0
1544352476,3004-eth3,1213012.00,534926.19,1747938.12,535996,1215438,577.84,572.85,1150.70,574,579,0.00,0.00,0,0
1544352476,2003-eth3,31425.15,823698.62,855123.75,825346,31488,447.11,284.43,731.54,285,448,0.00,0.00,0,0
1544352476,2005-eth1,59.88,59.88,119.76,60,60,1.00,1.00,2.00,1,1,0.00,0.00,0,0
1544352476,3002-eth3,1213814.38,765566.88,1979381.25,767098,1216242,655.69,651.70,1307.39,653,657,0.00,0.00,0,0
1544352476,3006-eth3,1201850.38,638191.62,1840042.00,639468,1204254,605.79,604.79,1210.58,606,607,0.00,0.00,0,0
1544352476,2001-eth1,12013.97,1157868.25,1169882.25,1160184,12038,162.67,399.20,561.88,400,163,0.00,0.00,0,0
1544352476,3005-eth2,26017.96,1185984.12,1212002.00,1188356,26070,394.21,409.18,803.39,410,395,0.00,0.00,0,0
1544352476,2001-eth2,17349.30,2015.97,19365.27,2020,17384,243.51,20.96,264.47,21,244,0.00,0.00,0,0
1544352476,3007-eth2,9487.03,3912.18,13399.20,3920,9506,96.81,39.92,136.73,40,97,0.00,0.00,0,0
1544352476,1001-eth1,1157868.25,12013.97,1169882.25,12038,1160184,399.20,162.67,561.88,163,400,0.00,0.00,0,0
1544352476,3007-eth4,33942.12,1214305.38,1248247.50,1216734,34010,476.05,494.01,970.06,495,477,0.00,0.00,0,0
1544352476,2003-eth2,59.88,2015.97,2075.85,2020,60,1.00,20.96,21.96,21,1,0.00,0.00,0,0
1544352476,3007-eth3,1217744.50,675373.25,1893117.88,676724,1220180,627.74,620.76,1248.50,622,629,0.00,0.00,0,0
1544352476,1002-eth1,2015.97,17349.30,19365.27,17384,2020,20.96,243.51,264.47,244,21,0.00,0.00,0,0
1544352476,2002-eth3,739477.06,14095.81,753572.88,14124,740956,256.49,213.57,470.06,214,257,0.00,0.00,0,0
1544352476,2007-eth2,3912.18,17409.18,21321.36,17444,3920,39.92,244.51,284.43,245,40,0.00,0.00,0,0
1544352476,total,27717448.00,28313510.00,56030956.00,28370136,27772882,19928.14,20069.86,39998.01,20110,19968,0.00,0.00,0,0
1544352477,3003-eth3,1215263.50,839403.19,2054666.75,841082,1217694,677.64,675.65,1353.29,677,679,0.00,0.00,0,0
1544352477,2002-eth1,0.00,3972.06,3972.06,3980,0,0.00,40.92,40.92,41,0,0.00,0.00,0,0
1544352477,lo,8107.78,8107.78,16215.57,8124,8124,79.84,79.84,159.68,80,80,0.00,0.00,0,0
1544352477,3005-eth3,1193267.50,622515.00,1815782.50,623760,1195654,366.27,367.27,733.53,368,367,0.00,0.00,0,0
1544352477,2005-eth3,12910.18,612239.56,625149.69,613464,12936,195.61,211.58,407.19,212,196,0.00,0.00,0,0
1544352477,3004-eth4,17475.05,569548.94,587023.94,570688,17510,226.55,271.46,498.00,272,227,0.00,0.00,0,0
1544352477,1004-eth2,5928.14,3874.25,9802.40,3882,5940,60.88,39.92,100.80,40,61,0.00,0.00,0,0
1544352477,2004-eth4,15696.61,7628.74,23325.35,7644,15728,199.60,77.84,277.45,78,200,0.00,0.00,0,0
1544352477,1001-eth2,11942.12,425874.25,437816.38,426726,11966,161.68,146.71,308.38,147,162,0.00,0.00,0,0
1544352477,1003-eth3,1185984.12,25886.23,1211870.25,25938,1188356,409.18,392.22,801.40,393,410,0.00,0.00,0,0
1544352477,2002-eth4,17526.95,455435.16,472962.09,456346,17562,236.53,156.69,393.21,157,237,0.00,0.00,0,0
1544352477,1001-eth4,59.88,474682.66,474742.53,475632,60,1.00,163.67,164.67,164,1,0.00,0.00,0,0
1544352477,3001-eth2,11718.56,455435.16,467153.72,456346,11742,177.64,156.69,334.33,157,178,0.00,0.00,0,0
1544352477,1004-eth1,2015.97,0.00,2015.97,0,2020,20.96,0.00,20.96,0,21,0.00,0.00,0,0
1544352477,3005-eth4,1196325.38,1206177.62,2402503.00,1208590,1198718,565.87,561.88,1127.74,563,567,0.00,0.00,0,0
1544352477,1003-eth2,0.00,7786.43,7786.43,7802,0,0.00,79.84,79.84,80,0,0.00,0.00,0,0
1544352477,3008-eth1,7628.74,1956.09,9584.83,1960,7644,77.84,19.96,97.80,20,78,0.00,0.00,0,0
1544352477,1002-eth3,0.00,0.00,0.00,0,0,0.00,0.00,0.00,0,0,0.00,0.00,0,0
1544352477,2006-eth1,25886.23,1185984.12,1211870.25,1188356,25938,392.22,409.18,801.40,410,393,0.00,0.00,0,0
1544352477,3003-eth1,813379.25,30235.53,843614.81,30296,815006,281.44,430.14,711.58,431,282,0.00,0.00,0,0
1544352477,2001-eth3,900556.94,17850.30,918407.19,17886,902358,310.38,270.46,580.84,271,311,0.00,0.00,0,0
1544352477,2008-eth2,7824.35,3874.25,11698.60,3882,7840,79.84,39.92,119.76,40,80,0.00,0.00,0,0
1544352477,2008-eth3,3814.37,9682.63,13497.01,9702,3822,38.92,98.80,137.72,99,39,0.00,0.00,0,0
1544352477,1001-eth3,0.00,0.00,0.00,0,0,0.00,0.00,0.00,0,0,0.00,0.00,0,0
1544352477,2007-eth4,1956.09,7628.74,9584.83,7644,1960,19.96,77.84,97.80,78,20,0.00,0.00,0,0
1544352477,2004-eth2,3874.25,5928.14,9802.40,5940,3882,39.92,60.88,100.80,61,40,0.00,0.00,0,0
1544352477,3002-eth1,7824.35,1956.09,9780.44,1960,7840,79.84,19.96,99.80,20,80,0.00,0.00,0,0
1544352477,3004-eth1,442407.19,813319.38,1255726.62,814946,443292,397.21,280.44,677.64,281,398,0.00,0.00,0,0
1544352477,2006-eth3,1185984.12,25886.23,1211870.25,25938,1188356,409.18,392.22,801.40,393,410,0.00,0.00,0,0
1544352477,3004-eth2,7628.74,15696.61,23325.35,15728,7644,77.84,199.60,277.45,200,78,0.00,0.00,0,0
1544352477,3001-eth3,1217049.88,26544.91,1243594.88,26598,1219484,420.16,402.20,822.36,403,421,0.00,0.00,0,0
1544352477,2003-eth4,813319.38,442407.19,1255726.62,443292,814946,280.44,397.21,677.64,398,281,0.00,0.00,0,0
1544352477,2008-eth4,31558.88,1186044.00,1217602.88,1188416,31622,450.10,410.18,860.28,411,451,0.00,0.00,0,0
1544352477,3008-eth3,33574.85,1220217.62,1253792.50,1222658,33642,471.06,496.01,967.07,497,472,0.00,0.00,0,0
1544352477,2005-eth2,0.00,0.00,0.00,0,0,0.00,0.00,0.00,0,0,0.00,0.00,0,0
1544352477,2006-eth4,0.00,0.00,0.00,0,0,0.00,0.00,0.00,0,0,0.00,0.00,0,0
1544352477,3006-eth2,0.00,0.00,0.00,0,0,0.00,0.00,0.00,0,0,0.00,0.00,0,0
1544352477,1003-eth4,29760.48,1185984.12,1215744.50,1188356,29820,432.14,409.18,841.32,410,433,0.00,0.00,0,0
1544352477,2006-eth2,0.00,59.88,59.88,60,0,0.00,1.00,1.00,1,0,0.00,0.00,0,0
1544352477,3001-eth1,17850.30,900556.94,918407.19,902358,17886,270.46,310.38,580.84,311,271,0.00,0.00,0,0
1544352477,3008-eth2,1186044.00,31558.88,1217602.88,31622,1188416,410.18,450.10,860.28,451,411,0.00,0.00,0,0
1544352477,2004-eth3,3972.06,17652.70,21624.75,17688,3980,40.92,219.56,260.48,220,41,0.00,0.00,0,0
1544352477,3001-eth4,1217211.62,446417.19,1663628.75,447310,1219646,553.89,545.91,1099.80,547,555,0.00,0.00,0,0
1544352477,1003-eth1,3972.06,0.00,3972.06,0,3980,40.92,0.00,40.92,0,41,0.00,0.00,0,0
1544352477,3002-eth2,455435.16,17526.95,472962.09,17562,456346,156.69,236.53,393.21,237,157,0.00,0.00,0,0
1544352477,2005-eth4,612239.56,12910.18,625149.69,12936,613464,211.58,195.61,407.19,196,212,0.00,0.00,0,0
1544352477,3003-eth2,17652.70,3972.06,21624.75,3980,17688,219.56,40.92,260.48,41,220,0.00,0.00,0,0
1544352477,2007-eth1,474682.66,59.88,474742.53,60,475632,163.67,1.00,164.67,1,164,0.00,0.00,0,0
1544352477,1002-eth4,13792.42,3716.57,17508.98,3724,13820,189.62,37.92,227.54,38,190,0.00,0.00,0,0
1544352477,3002-eth4,34171.66,1216012.00,1250183.62,1218444,34240,479.04,497.01,976.05,498,480,0.00,0.00,0,0
1544352477,2007-eth3,15748.50,474682.66,490431.16,475632,15780,209.58,163.67,373.25,164,210,0.00,0.00,0,0
1544352477,3005-eth1,612239.56,12910.18,625149.69,12936,613464,211.58,195.61,407.19,196,212,0.00,0.00,0,0
1544352477,2001-eth4,1956.09,7824.35,9780.44,7840,1960,19.96,79.84,99.80,80,20,0.00,0.00,0,0
1544352477,3003-eth4,33772.46,1218870.25,1252642.75,1221308,33840,474.05,497.01,971.06,498,475,0.00,0.00,0,0
1544352477,2004-eth1,7786.43,0.00,7786.43,0,7802,79.84,0.00,79.84,0,80,0.00,0.00,0,0
1544352477,3006-eth4,1213970.12,1211870.25,2425840.50,1214294,1216398,789.42,801.40,1590.82,803,791,0.00,0.00,0,0
1544352477,3007-eth1,474682.66,15748.50,490431.16,15780,475632,163.67,209.58,373.25,210,164,0.00,0.00,0,0
1544352477,2008-eth1,1185984.12,29760.48,1215744.50,29820,1188356,409.18,432.14,841.32,433,410,0.00,0.00,0,0
1544352477,2002-eth2,0.00,2015.97,2015.97,2020,0,0.00,20.96,20.96,21,0,0.00,0.00,0,0
1544352477,2003-eth1,425874.25,11942.12,437816.38,11966,426726,146.71,161.68,308.38,162,147,0.00,0.00,0,0
1544352477,3008-eth4,1217453.12,1211870.25,2429323.50,1214294,1219888,798.40,801.40,1599.80,803,800,0.00,0.00,0,0
1544352477,1004-eth4,3874.25,7824.35,11698.60,7840,3882,39.92,79.84,119.76,80,40,0.00,0.00,0,0
1544352477,3006-eth1,12910.18,612239.56,625149.69,613464,12936,195.61,211.58,407.19,212,196,0.00,0.00,0,0
1544352477,1004-eth3,59.94,0.00,59.94,0,60,1.00,0.00,1.00,0,1,0.00,0.00,0,0
1544352477,1002-eth2,1762.24,0.00,1762.24,0,1764,17.98,0.00,17.98,0,18,0.00,0.00,0,0
1544352477,3004-eth3,1216975.00,452607.41,1669582.50,453060,1218192,554.45,545.45,1099.90,546,555,0.00,0.00,0,0
1544352477,2003-eth3,30265.73,814191.81,844457.56,815006,30296,430.57,281.72,712.29,282,431,0.00,0.00,0,0
1544352477,2005-eth1,0.00,0.00,0.00,0,0,0.00,0.00,0.00,0,0,0.00,0.00,0,0
1544352477,3002-eth3,1220773.25,482305.72,1703079.00,482788,1221994,568.43,557.44,1125.87,558,569,0.00,0.00,0,0
1544352477,3006-eth3,1200092.00,628439.56,1828531.50,629068,1201292,605.39,601.40,1206.79,602,606,0.00,0.00,0,0
1544352477,2001-eth1,11894.11,901516.50,913410.62,902418,11906,160.84,311.69,472.53,312,161,0.00,0.00,0,0
1544352477,3005-eth2,25912.09,1187168.88,1213081.00,1188356,25938,392.61,409.59,802.20,410,393,0.00,0.00,0,0
1544352477,2001-eth2,13806.19,1958.04,15764.24,1960,13820,189.81,19.98,209.79,20,190,0.00,0.00,0,0
1544352477,3007-eth2,9692.31,3818.18,13510.49,3822,9702,98.90,38.96,137.86,39,99,0.00,0.00,0,0
1544352477,1001-eth1,901516.50,11894.11,913410.62,11906,902418,311.69,160.84,472.53,161,312,0.00,0.00,0,0
1544352477,3007-eth4,34041.96,1215616.38,1249658.38,1216832,34076,477.52,495.50,973.03,496,478,0.00,0.00,0,0
1544352477,2003-eth2,0.00,1762.24,1762.24,1764,0,0.00,17.98,17.98,18,0,0.00,0.00,0,0
1544352477,3007-eth3,1215011.00,501464.56,1716475.62,501966,1216226,568.43,562.44,1130.87,563,569,0.00,0.00,0,0
1544352477,1002-eth1,1958.04,13806.19,15764.24,13820,1960,19.98,189.81,209.79,190,20,0.00,0.00,0,0
1544352477,2002-eth3,455890.12,11730.27,467620.41,11742,456346,156.84,177.82,334.67,178,157,0.00,0.00,0,0
1544352477,2007-eth2,3720.28,13806.19,17526.47,13820,3724,37.96,189.81,227.77,190,38,0.00,0.00,0,0
1544352477,total,26034548.00,25629200.00,51663744.00,25654828,26060582,18518.48,18601.40,37119.88,18620,18537,0.00,0.00,0,0
1544352478,3003-eth3,1221466.62,801840.19,2023306.75,802642,1222688,666.33,664.34,1330.67,665,667,0.00,0.00,0,0
1544352478,2002-eth1,0.00,3916.08,3916.08,3920,0,0.00,39.96,39.96,40,0,0.00,0.00,0,0
1544352478,lo,7896.10,7896.10,15792.21,7904,7904,76.92,76.92,153.85,77,77,0.00,0.00,0,0
1544352478,3005-eth3,1190383.62,618401.62,1808785.25,619020,1191574,370.63,361.64,732.27,362,371,0.00,0.00,0,0
1544352478,2005-eth3,13120.88,608379.62,621500.50,608988,13134,198.80,209.79,408.59,210,199,0.00,0.00,0,0
1544352478,3004-eth4,18579.42,638437.56,657017.00,639076,18598,242.76,297.70,540.46,298,243,0.00,0.00,0,0
1544352478,1004-eth2,5874.13,3916.08,9790.21,3920,5880,59.94,39.96,99.90,40,60,0.00,0.00,0,0
1544352478,2004-eth4,19760.24,7832.17,27592.41,7840,19780,260.74,79.92,340.66,80,261,0.00,0.00,0,0
1544352478,1001-eth2,15784.22,291630.38,307414.59,291922,15800,219.78,100.90,320.68,101,220,0.00,0.00,0,0
1544352478,1003-eth3,1196046.00,25912.09,1221958.12,25938,1197242,412.59,392.61,805.19,393,413,0.00,0.00,0,0
1544352478,2002-eth4,20109.89,645460.56,665570.44,646106,20130,275.72,223.78,499.50,224,276,0.00,0.00,0,0
1544352478,1001-eth4,0.00,584767.25,584767.25,585352,0,0.00,202.80,202.80,203,0,0.00,0.00,0,0
1544352478,3001-eth2,14175.82,645400.62,659576.44,646046,14190,214.79,222.78,437.56,223,215,0.00,0.00,0,0
1544352478,1004-eth1,1958.04,0.00,1958.04,0,1960,19.98,0.00,19.98,0,20,0.00,0.00,0,0
1544352478,3005-eth4,1206068.00,1203174.88,2409242.75,1204378,1207274,564.44,564.44,1128.87,565,565,0.00,0.00,0,0
1544352478,1003-eth2,0.00,7734.27,7734.27,7742,0,0.00,78.92,78.92,79,0,0.00,0.00,0,0
1544352478,3008-eth1,7892.11,2017.98,9910.09,2020,7900,80.92,20.98,101.90,21,81,0.00,0.00,0,0
1544352478,1002-eth3,59.94,0.00,59.94,0,60,1.00,0.00,1.00,0,1,0.00,0.00,0,0
1544352478,2006-eth1,25912.09,1196046.00,1221958.12,1197242,25938,392.61,412.59,805.19,413,393,0.00,0.00,0,0
1544352478,3003-eth1,775664.38,33302.70,808967.06,33336,776440,267.73,475.52,743.26,476,268,0.00,0.00,0,0
1544352478,2001-eth3,876397.62,24983.02,901380.62,25008,877274,303.70,378.62,682.32,379,304,0.00,0.00,0,0
1544352478,2008-eth2,7832.17,3916.08,11748.25,3920,7840,79.92,39.96,119.88,40,80,0.00,0.00,0,0
1544352478,2008-eth3,3916.08,9790.21,13706.29,9800,3920,39.96,99.90,139.86,100,40,0.00,0.00,0,0
1544352478,1001-eth3,0.00,0.00,0.00,0,0,0.00,0.00,0.00,0,0,0.00,0.00,0,0
1544352478,2007-eth4,2017.98,7892.11,9910.09,7900,2020,20.98,80.92,101.90,81,21,0.00,0.00,0,0
1544352478,2004-eth2,3916.08,5874.13,9790.21,5880,3920,39.96,59.94,99.90,60,40,0.00,0.00,0,0
1544352478,3002-eth1,7892.11,2017.98,9910.09,2020,7900,80.92,20.98,101.90,21,81,0.00,0.00,0,0
1544352478,3004-eth1,307322.69,775664.38,1082987.00,776440,307630,338.66,267.73,606.39,268,339,0.00,0.00,0,0
1544352478,2006-eth3,1196046.00,25972.03,1222018.00,25998,1197242,412.59,393.61,806.19,394,413,0.00,0.00,0,0
1544352478,3004-eth2,7832.17,19760.24,27592.41,19780,7840,79.92,260.74,340.66,261,80,0.00,0.00,0,0
1544352478,3001-eth3,1224395.62,238109.89,1462505.50,238348,1225620,469.53,473.53,943.06,474,470,0.00,0.00,0,0
1544352478,2003-eth4,775664.38,307322.69,1082987.00,307630,776440,267.73,338.66,606.39,339,268,0.00,0.00,0,0
1544352478,2008-eth4,31688.31,1196046.00,1227734.25,1197242,31720,451.55,412.59,864.14,413,452,0.00,0.00,0,0
1544352478,3008-eth3,33910.09,1220185.88,1254096.00,1221406,33944,475.52,498.50,974.03,499,476,0.00,0.00,0,0
1544352478,2005-eth2,0.00,59.94,59.94,60,0,0.00,1.00,1.00,1,0,0.00,0.00,0,0
1544352478,2006-eth4,0.00,0.00,0.00,0,0,0.00,0.00,0.00,0,0,0.00,0.00,0,0
1544352478,3006-eth2,0.00,0.00,0.00,0,0,0.00,0.00,0.00,0,0,0.00,0.00,0,0
1544352478,1003-eth4,29730.27,1196046.00,1225776.25,1197242,29760,431.57,412.59,844.16,413,432,0.00,0.00,0,0
1544352478,2006-eth2,0.00,0.00,0.00,0,0,0.00,0.00,0.00,0,0,0.00,0.00,0,0
1544352478,3001-eth1,24983.02,876397.62,901380.62,877274,25008,378.62,303.70,682.32,304,379,0.00,0.00,0,0
1544352478,3008-eth2,1196046.00,31688.31,1227734.25,31720,1197242,412.59,451.55,864.14,452,413,0.00,0.00,0,0
1544352478,2004-eth3,3916.08,21620.38,25536.46,21642,3920,39.96,279.72,319.68,280,40,0.00,0.00,0,0
1544352478,3001-eth4,1218959.12,949726.31,2168685.25,950676,1220178,716.28,713.29,1429.57,714,717,0.00,0.00,0,0
1544352478,1003-eth1,3916.08,0.00,3916.08,0,3920,39.96,0.00,39.96,0,40,0.00,0.00,0,0
1544352478,3002-eth2,645460.56,20109.89,665570.44,20130,646106,223.78,275.72,499.50,276,224,0.00,0.00,0,0
1544352478,2005-eth4,608379.62,13120.88,621500.50,13134,608988,209.79,198.80,408.59,199,210,0.00,0.00,0,0
1544352478,3003-eth2,21620.38,3916.08,25536.46,3920,21642,279.72,39.96,319.68,40,280,0.00,0.00,0,0
1544352478,2007-eth1,587726.31,0.00,587726.31,0,588314,203.80,0.00,203.80,0,204,0.00,0.00,0,0
1544352478,1002-eth4,16971.03,3976.02,20947.05,3980,16988,237.76,40.96,278.72,41,238,0.00,0.00,0,0
1544352478,3002-eth4,34133.87,1221632.38,1255766.25,1222854,34168,478.52,498.50,977.02,499,479,0.00,0.00,0,0
1544352478,2007-eth3,18989.01,587666.38,606655.38,588254,19008,258.74,202.80,461.54,203,259,0.00,0.00,0,0
1544352478,3005-eth1,608379.62,13120.88,621500.50,13134,608988,209.79,198.80,408.59,199,210,0.00,0.00,0,0
1544352478,2001-eth4,2017.98,7892.11,9910.09,7900,2020,20.98,80.92,101.90,81,21,0.00,0.00,0,0
1544352478,3003-eth4,34007.99,1221534.50,1255542.50,1222756,34042,476.52,497.50,974.03,498,477,0.00,0.00,0,0
1544352478,2004-eth1,7734.27,0.00,7734.27,0,7742,78.92,0.00,78.92,0,79,0.00,0.00,0,0
1544352478,3006-eth4,1221562.50,1222090.00,2443652.50,1223312,1222784,799.20,807.19,1606.39,808,800,0.00,0.00,0,0
1544352478,3007-eth1,587666.38,18989.01,606655.38,19008,588254,202.80,258.74,461.54,259,203,0.00,0.00,0,0
1544352478,2008-eth1,1196046.00,29928.07,1225974.00,29958,1197242,412.59,434.57,847.15,435,413,0.00,0.00,0,0
1544352478,2002-eth2,0.00,1958.04,1958.04,1960,0,0.00,19.98,19.98,20,0,0.00,0.00,0,0
1544352478,2003-eth1,291630.38,15784.22,307414.59,15800,291922,100.90,219.78,320.68,220,101,0.00,0.00,0,0
1544352478,3008-eth4,1221820.25,1222155.88,2443976.00,1223378,1223042,803.20,808.19,1611.39,809,804,0.00,0.00,0,0
1544352478,1004-eth4,3916.08,7832.17,11748.25,7840,3920,39.96,79.92,119.88,80,40,0.00,0.00,0,0
1544352478,3006-eth1,13120.88,608379.62,621500.50,608988,13134,198.80,209.79,408.59,210,199,0.00,0.00,0,0
1544352478,1004-eth3,0.00,0.00,0.00,0,0,0.00,0.00,0.00,0,0,0.00,0.00,0,0
1544352478,1002-eth2,1958.04,0.00,1958.04,0,1960,19.98,0.00,19.98,0,20,0.00,0.00,0,0
1544352478,3004-eth3,1219998.00,318069.94,1538068.00,318388,1221218,512.49,501.50,1013.99,502,513,0.00,0.00,0,0
1544352478,2003-eth3,33434.57,775664.38,809098.94,776440,33468,477.52,267.73,745.25,268,478,0.00,0.00,0,0
1544352478,2005-eth1,0.00,0.00,0.00,0,0,0.00,0.00,0.00,0,0,0.00,0.00,0,0
1544352478,3002-eth3,1218877.12,671684.31,1890561.50,672356,1220096,627.37,621.38,1248.75,622,628,0.00,0.00,0,0
1544352478,3006-eth3,1209035.00,625546.50,1834581.50,626172,1210244,609.39,601.40,1210.79,602,610,0.00,0.00,0,0
1544352478,2001-eth1,15844.16,876337.69,892181.81,877214,15860,220.78,302.70,523.48,303,221,0.00,0.00,0,0
1544352478,3005-eth2,26169.83,1196046.00,1222215.88,1197242,26196,396.60,412.59,809.19,413,397,0.00,0.00,0,0
1544352478,2001-eth2,17162.84,1958.04,19120.88,1960,17180,240.76,19.98,260.74,20,241,0.00,0.00,0,0
1544352478,3007-eth2,9790.21,3916.08,13706.29,3920,9800,99.90,39.96,139.86,40,100,0.00,0.00,0,0
1544352478,1001-eth1,876337.69,15844.16,892181.81,15860,877214,302.70,220.78,523.48,221,303,0.00,0.00,0,0
1544352478,3007-eth4,34139.86,1224591.50,1258731.25,1225816,34174,478.52,499.50,978.02,500,479,0.00,0.00,0,0
1544352478,2003-eth2,0.00,1958.04,1958.04,1960,0,0.00,19.98,19.98,20,0,0.00,0.00,0,0
1544352478,3007-eth3,1223039.00,613974.06,1837013.00,614588,1224262,602.40,601.40,1203.80,602,603,0.00,0.00,0,0
1544352478,1002-eth1,1958.04,17162.84,19120.88,17180,1960,19.98,240.76,260.74,241,20,0.00,0.00,0,0
1544352478,2002-eth3,645400.62,14175.82,659576.44,14190,646046,222.78,214.79,437.56,215,223,0.00,0.00,0,0
1544352478,2007-eth2,3976.02,17102.90,21078.92,17120,3980,40.96,239.76,280.72,240,41,0.00,0.00,0,0
1544352478,total,26355438.00,26833258.00,53188692.00,26860090,26381792,19513.49,19629.37,39142.86,19649,19533,0.00,0.00,0,0
1544352479,3003-eth3,1213287.50,764055.94,1977343.38,765584,1215714,647.70,650.70,1298.40,652,649,0.00,0.00,0,0
1544352479,2002-eth1,0.00,3912.18,3912.18,3920,0,0.00,39.92,39.92,40,0,0.00,0.00,0,0
1544352479,lo,63658.68,63658.68,127317.37,63786,63786,295.41,295.41,590.82,296,296,0.00,0.00,0,0
1544352479,3005-eth3,1197531.00,578568.88,1776099.88,579726,1199926,365.27,358.28,723.55,359,366,0.00,0.00,0,0
1544352479,2005-eth3,12383.23,567892.25,580275.44,569028,12408,187.62,196.61,384.23,197,188,0.00,0.00,0,0
1544352479,3004-eth4,18562.88,676033.94,694596.81,677386,18600,243.51,308.38,551.90,309,244,0.00,0.00,0,0
1544352479,1004-eth2,5672.65,3814.37,9487.03,3822,5684,57.88,38.92,96.81,39,58,0.00,0.00,0,0
1544352479,2004-eth4,14544.91,7628.74,22173.65,7644,14574,182.63,77.84,260.48,78,183,0.00,0.00,0,0
1544352479,1001-eth2,10730.54,408137.75,418868.28,408954,10752,143.71,140.72,284.43,141,144,0.00,0.00,0,0
1544352479,1003-eth3,1187429.12,25880.24,1213309.38,25932,1189804,409.18,392.22,801.40,393,410,0.00,0.00,0,0
1544352479,2002-eth4,20393.21,766022.00,786415.19,767554,20434,280.44,264.47,544.91,265,281,0.00,0.00,0,0
1544352479,1001-eth4,0.00,699477.06,699477.06,700876,0,0.00,241.52,241.52,242,0,0.00,0.00,0,0
1544352479,3001-eth2,14622.75,766022.00,780644.75,767554,14652,221.56,264.47,486.03,265,222,0.00,0.00,0,0
1544352479,1004-eth1,1858.28,0.00,1858.28,0,1862,18.96,0.00,18.96,0,19,0.00,0.00,0,0
1544352479,3005-eth4,1198225.62,1210974.12,2409199.75,1213396,1200622,572.85,568.86,1141.72,570,574,0.00,0.00,0,0
1544352479,1003-eth2,0.00,7824.35,7824.35,7840,0,0.00,79.84,79.84,80,0,0.00,0.00,0,0
1544352479,3008-eth1,7726.55,1956.09,9682.63,1960,7742,78.84,19.96,98.80,20,79,0.00,0.00,0,0
1544352479,1002-eth3,0.00,0.00,0.00,0,0,0.00,0.00,0.00,0,0,0.00,0.00,0,0
1544352479,2006-eth1,25880.24,1187429.12,1213309.38,1189804,25932,392.22,409.18,801.40,410,393,0.00,0.00,0,0
1544352479,3003-eth1,737906.19,28165.67,766071.88,28222,739382,254.49,398.20,652.69,399,255,0.00,0.00,0,0
1544352479,2001-eth3,1104658.75,20682.63,1125341.38,20724,1106868,381.24,313.37,694.61,314,382,0.00,0.00,0,0
1544352479,2008-eth2,7590.82,3814.37,11405.19,3822,7606,77.84,38.92,116.77,39,78,0.00,0.00,0,0
1544352479,2008-eth3,3874.25,9546.91,13421.16,9566,3882,39.92,97.80,137.72,98,40,0.00,0.00,0,0
1544352479,1001-eth3,0.00,0.00,0.00,0,0,0.00,0.00,0.00,0,0,0.00,0.00,0,0
1544352479,2007-eth4,1956.09,7726.55,9682.63,7742,1960,19.96,78.84,98.80,79,20,0.00,0.00,0,0
1544352479,2004-eth2,3814.37,5672.65,9487.03,5684,3822,38.92,57.88,96.81,58,39,0.00,0.00,0,0
1544352479,3002-eth1,7726.55,1858.28,9584.83,1862,7742,78.84,18.96,97.80,19,79,0.00,0.00,0,0
1544352479,3004-eth1,423485.03,737906.19,1161391.25,739382,424332,373.25,254.49,627.74,255,374,0.00,0.00,0,0
1544352479,2006-eth3,1187489.00,25820.36,1213309.38,25872,1189864,410.18,391.22,801.40,392,411,0.00,0.00,0,0
1544352479,3004-eth2,7628.74,14544.91,22173.65,14574,7644,77.84,182.63,260.48,183,78,0.00,0.00,0,0
1544352479,3001-eth3,1214515.00,554305.38,1768820.38,555414,1216944,534.93,581.84,1116.77,583,536,0.00,0.00,0,0
1544352479,2003-eth4,737906.19,423485.03,1161391.25,424332,739382,254.49,373.25,627.74,374,255,0.00,0.00,0,0
1544352479,2008-eth4,31748.50,1187429.12,1219177.62,1189804,31812,452.10,409.18,861.28,410,453,0.00,0.00,0,0
1544352479,3008-eth3,33710.58,1217359.38,1251069.88,1219794,33778,472.06,496.01,968.06,497,473,0.00,0.00,0,0
1544352479,2005-eth2,0.00,0.00,0.00,0,0,0.00,0.00,0.00,0,0,0.00,0.00,0,0
1544352479,2006-eth4,59.88,59.88,119.76,60,60,1.00,1.00,2.00,1,1,0.00,0.00,0,0
1544352479,3006-eth2,59.88,59.88,119.76,60,60,1.00,1.00,2.00,1,1,0.00,0.00,0,0
1544352479,1003-eth4,29732.54,1187429.12,1217161.75,1189804,29792,431.14,409.18,840.32,410,432,0.00,0.00,0,0
1544352479,2006-eth2,59.88,0.00,59.88,0,60,1.00,0.00,1.00,0,1,0.00,0.00,0,0
1544352479,3001-eth1,20682.63,1104658.75,1125341.38,1106868,20724,313.37,381.24,694.61,382,314,0.00,0.00,0,0
1544352479,3008-eth2,1187429.12,31748.50,1219177.62,31812,1189804,409.18,452.10,861.28,453,410,0.00,0.00,0,0
1544352479,2004-eth3,3716.57,16598.80,20315.37,16632,3724,37.92,203.59,241.52,204,38,0.00,0.00,0,0
1544352479,3001-eth4,1215034.00,697576.88,1912610.88,698972,1217464,630.74,628.74,1259.48,630,632,0.00,0.00,0,0
1544352479,1003-eth1,3912.18,0.00,3912.18,0,3920,39.92,0.00,39.92,0,40,0.00,0.00,0,0
1544352479,3002-eth2,766022.00,20393.21,786415.19,20434,767554,264.47,280.44,544.91,281,265,0.00,0.00,0,0
1544352479,2005-eth4,567832.38,12443.11,580275.44,12468,568968,195.61,188.62,384.23,189,196,0.00,0.00,0,0
1544352479,3003-eth2,16598.80,3716.57,20315.37,3724,16632,203.59,37.92,241.52,38,204,0.00,0.00,0,0
1544352479,2007-eth1,696521.00,0.00,696521.00,0,697914,240.52,0.00,240.52,0,241,0.00,0.00,0,0
1544352479,1002-eth4,17678.64,3814.37,21493.01,3822,17714,248.50,38.92,287.43,39,249,0.00,0.00,0,0
1544352479,3002-eth4,33844.31,1214403.25,1248247.50,1216832,33912,475.05,495.01,970.06,496,476,0.00,0.00,0,0
1544352479,2007-eth3,19654.35,697216.81,716871.12,697914,19674,268.73,240.76,509.49,241,269,0.00,0.00,0,0
1544352479,3005-eth1,568459.56,12395.60,580855.19,12408,569028,196.80,187.81,384.62,188,197,0.00,0.00,0,0
1544352479,2001-eth4,1860.14,7734.27,9594.41,7742,1862,18.98,78.92,97.90,79,19,0.00,0.00,0,0
1544352479,3003-eth4,33812.19,1215714.38,1249526.50,1216930,33846,474.53,496.50,971.03,497,475,0.00,0.00,0,0
1544352479,2004-eth1,7832.17,0.00,7832.17,0,7840,79.92,0.00,79.92,0,80,0.00,0.00,0,0
1544352479,3006-eth4,1215968.12,1214527.50,2430495.50,1215742,1217184,802.20,802.20,1604.40,803,803,0.00,0.00,0,0
1544352479,3007-eth1,697216.81,19654.35,716871.12,19674,697914,240.76,268.73,509.49,269,241,0.00,0.00,0,0
1544352479,2008-eth1,1188615.38,29564.44,1218179.88,29594,1189804,409.59,428.57,838.16,429,410,0.00,0.00,0,0
1544352479,2002-eth2,0.00,1860.14,1860.14,1862,0,0.00,18.98,18.98,19,0,0.00,0.00,0,0
1544352479,2003-eth1,408545.47,10741.26,419286.72,10752,408954,140.86,143.86,284.72,144,141,0.00,0.00,0,0
1544352479,3008-eth4,1215578.50,1214527.50,2430106.00,1215742,1216794,796.20,802.20,1598.40,803,797,0.00,0.00,0,0
1544352479,1004-eth4,3818.18,7598.40,11416.58,7606,3822,38.96,77.92,116.88,78,39,0.00,0.00,0,0
1544352479,3006-eth1,12455.54,568399.62,580855.19,568968,12468,188.81,195.80,384.62,196,189,0.00,0.00,0,0
1544352479,1004-eth3,0.00,59.94,59.94,60,0,0.00,1.00,1.00,1,0,0.00,0.00,0,0
1544352479,1002-eth2,1958.04,0.00,1958.04,0,1960,19.98,0.00,19.98,0,20,0.00,0.00,0,0
1544352479,3004-eth3,1216651.38,434853.16,1651504.50,435288,1217868,549.45,539.46,1088.91,540,550,0.00,0.00,0,0
1544352479,2003-eth3,28061.94,738643.38,766705.31,739382,28090,396.60,254.75,651.35,255,397,0.00,0.00,0,0
1544352479,2005-eth1,0.00,0.00,0.00,0,0,0.00,0.00,0.00,0,0,0.00,0.00,0,0
1544352479,3002-eth3,1215482.50,793029.00,2008511.50,793822,1216698,663.34,662.34,1325.67,663,664,0.00,0.00,0,0
1544352479,3006-eth3,1202191.88,649086.94,1851278.75,649736,1203394,615.38,607.39,1222.78,608,616,0.00,0.00,0,0
1544352479,2001-eth1,10741.26,1108721.25,1119462.62,1109830,10752,143.86,382.62,526.47,383,144,0.00,0.00,0,0
1544352479,3005-eth2,25648.35,1188675.38,1214323.75,1189864,25674,388.61,410.59,799.20,411,389,0.00,0.00,0,0
1544352479,2001-eth2,17564.44,1860.14,19424.58,1862,17582,246.75,18.98,265.73,19,247,0.00,0.00,0,0
1544352479,3007-eth2,9556.44,3878.12,13434.57,3882,9566,97.90,39.96,137.86,40,98,0.00,0.00,0,0
1544352479,1001-eth1,1108721.25,10741.26,1119462.62,10752,1109830,382.62,143.86,526.47,144,383,0.00,0.00,0,0
1544352479,3007-eth4,33970.03,1215518.50,1249488.50,1216734,34004,476.52,494.51,971.03,495,477,0.00,0.00,0,0
1544352479,2003-eth2,0.00,1958.04,1958.04,1960,0,0.00,19.98,19.98,20,0,0.00,0.00,0,0
1544352479,3007-eth3,1213246.75,723392.62,1936639.38,724116,1214460,629.37,637.36,1266.73,638,630,0.00,0.00,0,0
1544352479,1002-eth1,1860.14,17564.44,19424.58,17582,1862,18.98,246.75,265.73,247,19,0.00,0.00,0,0
1544352479,2002-eth3,766787.25,14637.36,781424.62,14652,767554,264.74,221.78,486.51,222,265,0.00,0.00,0,0
1544352479,2007-eth2,3818.18,17564.44,21382.62,17582,3822,38.96,246.75,285.71,247,39,0.00,0.00,0,0
1544352479,total,27300818.00,28206880.00,55507696.00,28235086,27328118,19657.34,19839.16,39496.50,19859,19677,0.00,0.00,0,0
1544352480,3003-eth3,1220417.62,776721.31,1997138.88,777498,1221638,650.35,656.34,1306.69,657,651,0.00,0.00,0,0
1544352480,2002-eth1,59.94,3818.18,3878.12,3822,60,1.00,38.96,39.96,39,1,0.00,0.00,0,0
1544352480,lo,7780.22,7780.22,15560.44,7788,7788,75.92,75.92,151.85,76,76,0.00,0.00,0,0
1544352480,3005-eth3,1194921.12,635039.00,1829960.12,635674,1196116,373.63,372.63,746.25,373,374,0.00,0.00,0,0
1544352480,2005-eth3,13642.36,624687.31,638329.69,625312,13656,206.79,215.78,422.58,216,207,0.00,0.00,0,0
1544352480,3004-eth4,19794.21,743418.62,763212.81,744162,19814,261.74,332.67,594.41,333,262,0.00,0.00,0,0
1544352480,1004-eth2,5874.13,3818.18,9692.31,3822,5880,59.94,38.96,98.90,39,60,0.00,0.00,0,0
1544352480,2004-eth4,12943.06,7696.30,20639.36,7704,12956,157.84,78.92,236.76,79,158,0.00,0.00,0,0
1544352480,1001-eth2,9124.88,457462.56,466587.44,457920,9134,118.88,158.84,277.72,159,119,0.00,0.00,0,0
1544352480,1003-eth3,1193146.88,25978.02,1219124.88,26004,1194340,412.59,393.61,806.19,394,413,0.00,0.00,0,0
1544352480,2002-eth4,15666.33,460361.66,476028.00,460822,15682,208.79,158.84,367.63,159,209,0.00,0.00,0,0
1544352480,1001-eth4,0.00,516583.44,516583.44,517100,0,0.00,177.82,177.82,178,0,0.00,0.00,0,0
1544352480,3001-eth2,9890.11,460421.59,470311.69,460882,9900,149.85,159.84,309.69,160,150,0.00,0.00,0,0
1544352480,1004-eth1,1958.04,59.94,2017.98,60,1960,19.98,1.00,20.98,1,20,0.00,0.00,0,0
1544352480,3005-eth4,1203438.62,1207316.75,2410755.25,1208524,1204642,568.43,561.44,1129.87,562,569,0.00,0.00,0,0
1544352480,1003-eth2,59.94,7734.27,7794.21,7742,60,1.00,78.92,79.92,79,1,0.00,0.00,0,0
1544352480,3008-eth1,7832.17,1860.14,9692.31,1862,7840,79.92,18.98,98.90,19,80,0.00,0.00,0,0
1544352480,1002-eth3,0.00,59.94,59.94,60,0,0.00,1.00,1.00,1,0,0.00,0.00,0,0
1544352480,2006-eth1,25978.02,1193146.88,1219124.88,1194340,26004,393.61,412.59,806.19,413,394,0.00,0.00,0,0
1544352480,3003-eth1,750479.56,25522.48,776002.00,25548,751230,258.74,357.64,616.38,358,259,0.00,0.00,0,0
1544352480,2001-eth3,976945.06,15032.97,991978.06,15048,977922,336.66,227.77,564.44,228,337,0.00,0.00,0,0
1544352480,2008-eth2,7832.17,3818.18,11650.35,3822,7840,79.92,38.96,118.88,39,80,0.00,0.00,0,0
1544352480,2008-eth3,3818.18,9790.21,13608.39,9800,3822,38.96,99.90,138.86,100,39,0.00,0.00,0,0
1544352480,1001-eth3,0.00,59.94,59.94,60,0,0.00,1.00,1.00,1,0,0.00,0.00,0,0
1544352480,2007-eth4,1860.14,7832.17,9692.31,7840,1862,18.98,79.92,98.90,80,19,0.00,0.00,0,0
1544352480,2004-eth2,3818.18,5874.13,9692.31,5880,3822,38.96,59.94,98.90,60,39,0.00,0.00,0,0
1544352480,3002-eth1,7734.27,1958.04,9692.31,1960,7742,78.92,19.98,98.90,20,79,0.00,0.00,0,0
1544352480,3004-eth1,471902.12,750479.56,1222381.62,751230,472374,377.62,258.74,636.36,259,378,0.00,0.00,0,0
1544352480,2006-eth3,1193087.00,25978.02,1219065.00,26004,1194280,411.59,393.61,805.19,394,412,0.00,0.00,0,0
1544352480,3004-eth2,7696.30,12943.06,20639.36,12956,7704,78.92,157.84,236.76,158,79,0.00,0.00,0,0
1544352480,3001-eth3,1218271.75,26571.43,1244843.25,26598,1219490,420.58,402.60,823.18,403,421,0.00,0.00,0,0
1544352480,2003-eth4,750479.56,471902.12,1222381.62,472374,751230,258.74,377.62,636.36,378,259,0.00,0.00,0,0
1544352480,2008-eth4,31852.15,1193087.00,1224939.12,1194280,31884,453.55,411.59,865.13,412,454,0.00,0.00,0,0
1544352480,3008-eth3,33712.29,1221632.38,1255344.75,1222854,33746,472.53,498.50,971.03,499,473,0.00,0.00,0,0
1544352480,2005-eth2,59.94,0.00,59.94,0,60,1.00,0.00,1.00,0,1,0.00,0.00,0,0
1544352480,2006-eth4,0.00,0.00,0.00,0,0,0.00,0.00,0.00,0,0,0.00,0.00,0,0
1544352480,3006-eth2,0.00,0.00,0.00,0,0,0.00,0.00,0.00,0,0,0.00,0.00,0,0
1544352480,1003-eth4,29894.11,1193146.88,1223041.00,1194340,29924,433.57,412.59,846.15,413,434,0.00,0.00,0,0
1544352480,2006-eth2,0.00,0.00,0.00,0,0,0.00,0.00,0.00,0,0,0.00,0.00,0,0
1544352480,3001-eth1,15032.97,976945.06,991978.06,977922,15048,227.77,336.66,564.44,337,228,0.00,0.00,0,0
1544352480,3008-eth2,1193087.00,31852.15,1224939.12,31884,1194280,411.59,453.55,865.13,454,412,0.00,0.00,0,0
1544352480,2004-eth3,3818.18,14803.20,18621.38,14818,3822,38.96,176.82,215.78,177,39,0.00,0.00,0,0
1544352480,3001-eth4,1218351.62,378763.25,1597114.88,379142,1219570,531.47,522.48,1053.95,523,532,0.00,0.00,0,0
1544352480,1003-eth1,3818.18,59.94,3878.12,60,3822,38.96,1.00,39.96,1,39,0.00,0.00,0,0
1544352480,3002-eth2,460361.66,15666.33,476028.00,15682,460822,158.84,208.79,367.63,209,159,0.00,0.00,0,0
1544352480,2005-eth4,624747.25,13582.42,638329.69,13596,625372,216.78,205.79,422.58,206,217,0.00,0.00,0,0
1544352480,3003-eth2,14803.20,3818.18,18621.38,3822,14818,176.82,38.96,215.78,39,177,0.00,0.00,0,0
1544352480,2007-eth1,516583.44,0.00,516583.44,0,517100,177.82,0.00,177.82,0,178,0.00,0.00,0,0
1544352480,1002-eth4,13702.30,3916.08,17618.38,3920,13716,188.81,39.96,228.77,40,189,0.00,0.00,0,0
1544352480,3002-eth4,34041.96,1218575.50,1252617.38,1219794,34076,477.52,496.50,974.03,497,478,0.00,0.00,0,0
1544352480,2007-eth3,15698.30,516643.38,532341.69,517160,15714,208.79,178.82,387.61,179,209,0.00,0.00,0,0
1544352480,3005-eth1,624687.31,13642.36,638329.69,13656,625312,215.78,206.79,422.58,207,216,0.00,0.00,0,0
1544352480,2001-eth4,1958.04,7734.27,9692.31,7742,1960,19.98,78.92,98.90,79,20,0.00,0.00,0,0
1544352480,3003-eth4,33976.02,1218477.50,1252453.62,1219696,34010,476.52,495.50,972.03,496,477,0.00,0.00,0,0
1544352480,2004-eth1,7734.27,59.94,7794.21,60,7742,78.92,1.00,79.92,1,79,0.00,0.00,0,0
1544352480,3006-eth4,1220313.75,1219065.00,2439378.75,1220284,1221534,802.20,805.19,1607.39,806,803,0.00,0.00,0,0
1544352480,3007-eth1,516643.38,15698.30,532341.69,15714,517160,178.82,208.79,387.61,209,179,0.00,0.00,0,0
1544352480,2008-eth1,1193146.88,29894.11,1223041.00,29924,1194340,412.59,433.57,846.15,434,413,0.00,0.00,0,0
1544352480,2002-eth2,59.94,1958.04,2017.98,1960,60,1.00,19.98,20.98,20,1,0.00,0.00,0,0
1544352480,2003-eth1,457462.56,9124.88,466587.44,9134,457920,158.84,118.88,277.72,119,159,0.00,0.00,0,0
1544352480,3008-eth4,1218537.50,1219065.00,2437602.50,1220284,1219756,797.20,805.19,1602.40,806,798,0.00,0.00,0,0
1544352480,1004-eth4,3818.18,7832.17,11650.35,7840,3822,38.96,79.92,118.88,80,39,0.00,0.00,0,0
1544352480,3006-eth1,13582.42,624747.25,638329.69,625372,13596,205.79,216.78,422.58,217,206,0.00,0.00,0,0
1544352480,1004-eth3,0.00,0.00,0.00,0,0,0.00,0.00,0.00,0,0,0.00,0.00,0,0
1544352480,1002-eth2,2017.98,59.94,2077.92,60,2020,20.98,1.00,21.98,1,21,0.00,0.00,0,0
1544352480,3004-eth3,1223558.50,483842.16,1707400.62,484326,1224782,566.43,558.44,1124.88,559,567,0.00,0.00,0,0
1544352480,2003-eth3,25522.48,750479.56,776002.00,751230,25548,357.64,258.74,616.38,259,358,0.00,0.00,0,0
1544352480,2005-eth1,59.94,0.00,59.94,0,60,1.00,0.00,1.00,0,1,0.00,0.00,0,0
1544352480,3002-eth3,1219021.00,486669.34,1705690.38,487156,1220240,563.44,557.44,1120.88,558,564,0.00,0.00,0,0
1544352480,3006-eth3,1205482.50,595824.19,1801306.75,596420,1206688,599.40,589.41,1188.81,590,600,0.00,0.00,0,0
1544352480,2001-eth1,9124.88,973986.06,983110.94,974960,9134,118.88,335.66,454.55,336,119,0.00,0.00,0,0
1544352480,3005-eth2,25978.02,1193087.00,1219065.00,1194280,26004,393.61,411.59,805.19,412,394,0.00,0.00,0,0
1544352480,2001-eth2,13642.36,2017.98,15660.34,2020,13656,187.81,20.98,208.79,21,188,0.00,0.00,0,0
1544352480,3007-eth2,9790.21,3818.18,13608.39,3822,9800,99.90,38.96,138.86,39,100,0.00,0.00,0,0
1544352480,1001-eth1,973986.06,9124.88,983110.94,9134,974960,335.66,118.88,454.55,119,336,0.00,0.00,0,0
1544352480,3007-eth4,34041.96,1224493.50,1258535.50,1225718,34076,477.52,498.50,976.02,499,478,0.00,0.00,0,0
1544352480,2003-eth2,59.94,2017.98,2077.92,2020,60,1.00,20.98,21.98,21,1,0.00,0.00,0,0
1544352480,3007-eth3,1221186.88,544403.62,1765590.50,544948,1222408,574.43,577.42,1151.85,578,575,0.00,0.00,0,0
1544352480,1002-eth1,2017.98,13642.36,15660.34,13656,2020,20.98,187.81,208.79,188,21,0.00,0.00,0,0
1544352480,2002-eth3,460421.59,9890.11,470311.69,9900,460882,159.84,149.85,309.69,150,160,0.00,0.00,0,0
1544352480,2007-eth2,3916.08,13702.30,17618.38,13716,3920,39.96,188.81,228.77,189,40,0.00,0.00,0,0
1544352480,total,26267764.00,25948576.00,52216340.00,25974524,26294032,18258.74,18375.62,36634.37,18394,18277,0.00,0.00,0,0
1544352481,3003-eth3,1223768.25,738385.62,1962153.88,739124,1224992,635.36,645.35,1280.72,646,636,0.00,0.00,0,0
1544352481,2002-eth1,0.00,3976.02,3976.02,3980,0,0.00,40.96,40.96,41,0,0.00,0.00,0,0
1544352481,lo,7780.22,7780.22,15560.44,7788,7788,75.92,75.92,151.85,76,76,0.00,0.00,0,0
1544352481,3005-eth3,1191896.12,609590.44,1801486.50,610200,1193088,371.63,359.64,731.27,360,372,0.00,0.00,0,0
1544352481,2005-eth3,12989.01,599502.50,612491.50,600102,13002,196.80,206.79,403.60,207,197,0.00,0.00,0,0
1544352481,3004-eth4,26331.67,424905.09,451236.78,425330,26358,282.72,284.72,567.43,285,283,0.00,0.00,0,0
1544352481,1004-eth2,5934.07,3976.02,9910.09,3980,5940,60.94,40.96,101.90,41,61,0.00,0.00,0,0
1544352481,2004-eth4,19502.50,7832.17,27334.67,7840,19522,256.74,79.92,336.66,80,257,0.00,0.00,0,0
1544352481,1001-eth2,15646.35,247178.83,262825.19,247426,15662,217.78,84.92,302.70,85,218,0.00,0.00,0,0
1544352481,1003-eth3,1196046.00,26109.89,1222155.88,26136,1197242,412.59,395.60,808.19,396,413,0.00,0.00,0,0
1544352481,2002-eth4,20115.88,649806.19,669922.12,650456,20136,275.72,223.78,499.50,224,276,0.00,0.00,0,0
1544352481,1001-eth4,59.94,615810.19,615870.12,616426,60,1.00,212.79,213.79,213,1,0.00,0.00,0,0
1544352481,3001-eth2,14301.70,649806.19,664107.94,650456,14316,216.78,223.78,440.56,224,217,0.00,0.00,0,0
1544352481,1004-eth1,2017.98,0.00,2017.98,0,2020,20.98,0.00,20.98,0,21,0.00,0.00,0,0
1544352481,3005-eth4,1206133.88,1204951.12,2411085.00,1206156,1207340,565.43,569.43,1134.87,570,566,0.00,0.00,0,0
1544352481,1003-eth2,0.00,7892.11,7892.11,7900,0,0.00,80.92,80.92,81,0,0.00,0.00,0,0
1544352481,3008-eth1,7832.17,1958.04,9790.21,1960,7840,79.92,19.98,99.90,20,80,0.00,0.00,0,0
1544352481,1002-eth3,0.00,0.00,0.00,0,0,0.00,0.00,0.00,0,0,0.00,0.00,0,0
1544352481,2006-eth1,26109.89,1196046.00,1222155.88,1197242,26136,395.60,412.59,808.19,413,396,0.00,0.00,0,0
1544352481,3003-eth1,712071.94,37328.67,749400.62,37366,712784,246.75,453.55,700.30,454,247,0.00,0.00,0,0
1544352481,2001-eth3,862989.06,24527.47,887516.50,24552,863852,297.70,371.63,669.33,372,298,0.00,0.00,0,0
1544352481,2008-eth2,7832.17,3976.02,11808.19,3980,7840,79.92,40.96,120.88,41,80,0.00,0.00,0,0
1544352481,2008-eth3,3916.08,9790.21,13706.29,9800,3920,39.96,99.90,139.86,100,40,0.00,0.00,0,0
1544352481,1001-eth3,59.94,0.00,59.94,0,60,1.00,0.00,1.00,0,1,0.00,0.00,0,0
1544352481,2007-eth4,1958.04,7832.17,9790.21,7840,1960,19.98,79.92,99.90,80,20,0.00,0.00,0,0
1544352481,2004-eth2,3976.02,5934.07,9910.09,5940,3980,40.96,60.94,101.90,61,41,0.00,0.00,0,0
1544352481,3002-eth1,7734.27,1958.04,9692.31,1960,7742,78.92,19.98,98.90,20,79,0.00,0.00,0,0
1544352481,3004-eth1,266903.09,712071.94,978975.06,712784,267170,300.70,246.75,547.45,247,301,0.00,0.00,0,0
1544352481,2006-eth3,1196046.00,26109.89,1222155.88,26136,1197242,412.59,395.60,808.19,396,413,0.00,0.00,0,0
1544352481,3004-eth2,7832.17,19502.50,27334.67,19522,7840,79.92,256.74,336.66,257,80,0.00,0.00,0,0
1544352481,3001-eth3,1224253.75,118301.70,1342555.50,118420,1225478,445.55,433.57,879.12,434,446,0.00,0.00,0,0
1544352481,2003-eth4,712071.94,266903.09,978975.06,267170,712784,246.75,300.70,547.45,301,247,0.00,0.00,0,0
1544352481,2008-eth4,31984.02,1196105.88,1228090.00,1197302,32016,455.54,413.59,869.13,414,456,0.00,0.00,0,0
1544352481,3008-eth3,33942.06,1221632.38,1255574.50,1222854,33976,475.52,498.50,974.03,499,476,0.00,0.00,0,0
1544352481,2005-eth2,0.00,0.00,0.00,0,0,0.00,0.00,0.00,0,0,0.00,0.00,0,0
1544352481,2006-eth4,0.00,0.00,0.00,0,0,0.00,0.00,0.00,0,0,0.00,0.00,0,0
1544352481,3006-eth2,0.00,0.00,0.00,0,0,0.00,0.00,0.00,0,0,0.00,0.00,0,0
1544352481,1003-eth4,30085.91,1196046.00,1226131.88,1197242,30116,436.56,412.59,849.15,413,437,0.00,0.00,0,0
1544352481,2006-eth2,0.00,59.94,59.94,60,0,0.00,1.00,1.00,1,0,0.00,0.00,0,0
1544352481,3001-eth1,24527.47,862989.06,887516.50,863852,24552,371.63,297.70,669.33,298,372,0.00,0.00,0,0
1544352481,3008-eth2,1196105.88,31984.02,1228090.00,32016,1197302,413.59,455.54,869.13,456,414,0.00,0.00,0,0
1544352481,2004-eth3,3976.02,21460.54,25436.56,21482,3980,40.96,276.72,317.68,277,41,0.00,0.00,0,0
1544352481,3001-eth4,1221212.88,869832.19,2091045.00,870702,1222434,684.32,686.31,1370.63,687,685,0.00,0.00,0,0
1544352481,1003-eth1,3976.02,0.00,3976.02,0,3980,40.96,0.00,40.96,0,41,0.00,0.00,0,0
1544352481,3002-eth2,649806.19,20115.88,669922.12,20136,650456,223.78,275.72,499.50,276,224,0.00,0.00,0,0
1544352481,2005-eth4,599502.50,12989.01,612491.50,13002,600102,206.79,196.80,403.60,197,207,0.00,0.00,0,0
1544352481,3003-eth2,21460.54,3976.02,25436.56,3980,21482,276.72,40.96,317.68,41,277,0.00,0.00,0,0
1544352481,2007-eth1,615810.19,59.94,615870.12,60,616426,212.79,1.00,213.79,1,213,0.00,0.00,0,0
1544352481,1002-eth4,16675.32,3916.08,20591.41,3920,16692,233.77,39.96,273.73,40,234,0.00,0.00,0,0
1544352481,3002-eth4,34205.80,1221534.50,1255740.25,1222756,34240,479.52,497.50,977.02,498,480,0.00,0.00,0,0
1544352481,2007-eth3,18633.37,615810.19,634443.56,616426,18652,253.75,212.79,466.53,213,254,0.00,0.00,0,0
1544352481,3005-eth1,599502.50,12989.01,612491.50,13002,600102,206.79,196.80,403.60,197,207,0.00,0.00,0,0
1544352481,2001-eth4,1958.04,7734.27,9692.31,7742,1960,19.98,78.92,98.90,79,20,0.00,0.00,0,0
1544352481,3003-eth4,34199.80,1224591.50,1258791.25,1225816,34234,479.52,499.50,979.02,500,480,0.00,0.00,0,0
1544352481,2004-eth1,7892.11,0.00,7892.11,0,7900,80.92,0.00,80.92,0,81,0.00,0.00,0,0
1544352481,3006-eth4,1222090.00,1222155.88,2444245.75,1223378,1223312,807.19,808.19,1615.38,809,808,0.00,0.00,0,0
1544352481,3007-eth1,615810.19,18633.37,634443.56,18652,616426,212.79,253.75,466.53,254,213,0.00,0.00,0,0
1544352481,2008-eth1,1196046.00,30085.91,1226131.88,30116,1197242,412.59,436.56,849.15,437,413,0.00,0.00,0,0
1544352481,2002-eth2,0.00,2017.98,2017.98,2020,0,0.00,20.98,20.98,21,0,0.00,0.00,0,0
1544352481,2003-eth1,247178.83,15646.35,262825.19,15662,247426,84.92,217.78,302.70,218,85,0.00,0.00,0,0
1544352481,3008-eth4,1224851.12,1222155.88,2447007.00,1223378,1226076,805.19,808.19,1613.39,809,806,0.00,0.00,0,0
1544352481,1004-eth4,3976.02,7832.17,11808.19,7840,3980,40.96,79.92,120.88,80,41,0.00,0.00,0,0
1544352481,3006-eth1,12989.01,599502.50,612491.50,600102,13002,196.80,206.79,403.60,207,197,0.00,0.00,0,0
1544352481,1004-eth3,59.94,0.00,59.94,0,60,1.00,0.00,1.00,0,1,0.00,0.00,0,0
1544352481,1002-eth2,1958.04,0.00,1958.04,0,1960,19.98,0.00,19.98,0,20,0.00,0.00,0,0
1544352481,3004-eth3,1223150.88,285402.59,1508553.50,285688,1224374,494.51,503.50,998.00,504,495,0.00,0.00,0,0
1544352481,2003-eth3,37328.67,712071.94,749400.62,712784,37366,453.55,246.75,700.30,247,454,0.00,0.00,0,0
1544352481,2005-eth1,0.00,59.94,59.94,60,0,0.00,1.00,1.00,1,0,0.00,0.00,0,0
1544352481,3002-eth3,1224225.75,676179.81,1900405.62,676856,1225450,620.38,623.38,1243.76,624,621,0.00,0.00,0,0
1544352481,3006-eth3,1209166.88,634489.50,1843656.38,635124,1210376,611.39,605.39,1216.78,606,612,0.00,0.00,0,0
1544352481,2001-eth1,15586.41,863049.00,878635.38,863912,15602,216.78,298.70,515.48,299,217,0.00,0.00,0,0
1544352481,3005-eth2,26109.89,1196046.00,1222155.88,1197242,26136,395.60,412.59,808.19,413,396,0.00,0.00,0,0
1544352481,2001-eth2,16675.32,1958.04,18633.37,1960,16692,233.77,19.98,253.75,20,234,0.00,0.00,0,0
1544352481,3007-eth2,9790.21,3916.08,13706.29,3920,9800,99.90,39.96,139.86,40,100,0.00,0.00,0,0
1544352481,1001-eth1,863049.00,15586.41,878635.38,15602,863912,298.70,216.78,515.48,217,299,0.00,0.00,0,0
1544352481,3007-eth4,34107.89,1223144.88,1257252.75,1224368,34142,478.52,499.50,978.02,500,479,0.00,0.00,0,0
1544352481,2003-eth2,0.00,1958.04,1958.04,1960,0,0.00,19.98,19.98,20,0,0.00,0.00,0,0
1544352481,3007-eth3,1222643.38,640737.25,1863380.62,641378,1223866,596.40,612.39,1208.79,613,597,0.00,0.00,0,0
1544352481,1002-eth1,1958.04,16675.32,18633.37,16692,1960,19.98,233.77,253.75,234,20,0.00,0.00,0,0
1544352481,2002-eth3,649806.19,14301.70,664107.94,14316,650456,223.78,216.78,440.56,217,224,0.00,0.00,0,0
1544352481,2007-eth2,3916.08,16675.32,20591.41,16692,3920,39.96,233.77,273.73,234,40,0.00,0.00,0,0
1544352481,total,26192040.00,26173850.00,52365892.00,26200024,26218232,19314.69,19416.58,38731.27,19436,19334,0.00,0.00,0,0
1544352482,3003-eth3,1221001.00,510943.06,1731944.12,511454,1222222,629.37,618.38,1247.75,619,630,0.00,0.00,0,0
1544352482,2002-eth1,0.00,3916.08,3916.08,3920,0,0.00,39.96,39.96,40,0,0.00,0.00,0,0
1544352482,lo,64509.49,64509.49,129018.98,64574,64574,294.71,294.71,589.41,295,295,0.00,0.00,0,0
1544352482,3005-eth3,1200575.50,627344.69,1827920.12,627972,1201776,371.63,365.63,737.26,366,372,0.00,0.00,0,0
1544352482,2005-eth3,13186.81,617256.75,630443.56,617874,13200,199.80,212.79,412.59,213,200,0.00,0.00,0,0
1544352482,3004-eth4,27552.45,451502.50,479054.97,451954,27580,289.71,292.71,582.42,293,290,0.00,0.00,0,0
1544352482,1004-eth2,5874.13,3916.08,9790.21,3920,5880,59.94,39.96,99.90,40,60,0.00,0.00,0,0
1544352482,2004-eth4,15276.72,7832.17,23108.89,7840,15292,192.81,79.92,272.73,80,193,0.00,0.00,0,0
1544352482,1001-eth2,11300.70,219100.91,230401.61,219320,11312,151.85,75.92,227.77,76,152,0.00,0.00,0,0
1544352482,1003-eth3,1190127.88,25912.09,1216040.00,25938,1191318,410.59,392.61,803.20,393,411,0.00,0.00,0,0
1544352482,2002-eth4,22621.38,726867.12,749488.56,727594,22644,313.69,251.75,565.43,252,314,0.00,0.00,0,0
1544352482,1001-eth4,0.00,658883.12,658883.12,659542,0,0.00,273.73,273.73,274,0,0.00,0.00,0,0
1544352482,3001-eth2,16747.25,726807.19,743554.44,727534,16764,253.75,250.75,504.50,251,254,0.00,0.00,0,0
1544352482,1004-eth1,1958.04,0.00,1958.04,0,1960,19.98,0.00,19.98,0,20,0.00,0.00,0,0
1544352482,3005-eth4,1200215.88,1213342.75,2413558.50,1214556,1201416,563.44,565.43,1128.87,566,564,0.00,0.00,0,0
1544352482,1003-eth2,0.00,7832.17,7832.17,7840,0,0.00,79.92,79.92,80,0,0.00,0.00,0,0
1544352482,3008-eth1,7892.11,2017.98,9910.09,2020,7900,80.92,20.98,101.90,21,81,0.00,0.00,0,0
1544352482,1002-eth3,59.94,0.00,59.94,0,60,1.00,0.00,1.00,0,1,0.00,0.00,0,0
1544352482,2006-eth1,25912.09,1190127.88,1216040.00,1191318,25938,392.61,410.59,803.20,411,393,0.00,0.00,0,0
1544352482,3003-eth1,484767.25,32979.02,517746.28,33012,485252,221.78,381.62,603.40,382,222,0.00,0.00,0,0
1544352482,2001-eth3,877984.06,27456.54,905440.56,27484,878862,349.65,347.65,697.30,348,350,0.00,0.00,0,0
1544352482,2008-eth2,7832.17,3916.08,11748.25,3920,7840,79.92,39.96,119.88,40,80,0.00,0.00,0,0
1544352482,2008-eth3,3916.08,9790.21,13706.29,9800,3920,39.96,99.90,139.86,100,40,0.00,0.00,0,0
1544352482,1001-eth3,0.00,0.00,0.00,0,0,0.00,0.00,0.00,0,0,0.00,0.00,0,0
1544352482,2007-eth4,2017.98,7892.11,9910.09,7900,2020,20.98,80.92,101.90,81,21,0.00,0.00,0,0
1544352482,2004-eth2,3916.08,5874.13,9790.21,5880,3920,39.96,59.94,99.90,60,40,0.00,0.00,0,0
1544352482,3002-eth1,7892.11,2017.98,9910.09,2020,7900,80.92,20.98,101.90,21,81,0.00,0.00,0,0
1544352482,3004-eth1,238821.19,484767.25,723588.44,485252,239060,285.71,221.78,507.49,222,286,0.00,0.00,0,0
1544352482,2006-eth3,1190127.88,25972.03,1216099.88,25998,1191318,410.59,393.61,804.20,394,411,0.00,0.00,0,0
1544352482,3004-eth2,7832.17,15276.72,23108.89,15292,7840,79.92,192.81,272.73,193,80,0.00,0.00,0,0
1544352482,3001-eth3,1220479.50,917696.31,2138176.00,918614,1221700,629.37,718.28,1347.65,719,630,0.00,0.00,0,0
1544352482,2003-eth4,484767.25,238821.19,723588.44,239060,485252,221.78,285.71,507.49,286,222,0.00,0.00,0,0
1544352482,2008-eth4,31786.21,1190127.88,1221914.12,1191318,31818,452.55,410.59,863.14,411,453,0.00,0.00,0,0
1544352482,3008-eth3,33912.09,1223186.88,1257098.88,1224410,33946,475.52,500.50,976.02,501,476,0.00,0.00,0,0
1544352482,2005-eth2,0.00,59.94,59.94,60,0,0.00,1.00,1.00,1,0,0.00,0.00,0,0
1544352482,2006-eth4,0.00,0.00,0.00,0,0,0.00,0.00,0.00,0,0,0.00,0.00,0,0
1544352482,3006-eth2,0.00,0.00,0.00,0,0,0.00,0.00,0.00,0,0,0.00,0.00,0,0
1544352482,1003-eth4,29828.17,1190127.88,1219956.12,1191318,29858,432.57,410.59,843.16,411,433,0.00,0.00,0,0
1544352482,2006-eth2,0.00,0.00,0.00,0,0,0.00,0.00,0.00,0,0,0.00,0.00,0,0
1544352482,3001-eth1,27456.54,877984.06,905440.56,878862,27484,347.65,349.65,697.30,350,348,0.00,0.00,0,0
1544352482,3008-eth2,1190127.88,31786.21,1221914.12,31818,1191318,410.59,452.55,863.14,453,411,0.00,0.00,0,0
1544352482,2004-eth3,3916.08,17234.77,21150.85,17252,3920,39.96,212.79,252.75,213,40,0.00,0.00,0,0
1544352482,3001-eth4,1219766.25,892321.69,2112088.00,893214,1220986,684.32,698.30,1382.62,699,685,0.00,0.00,0,0
1544352482,1003-eth1,3916.08,0.00,3916.08,0,3920,39.96,0.00,39.96,0,40,0.00,0.00,0,0
1544352482,3002-eth2,726867.12,22621.38,749488.56,22644,727594,251.75,313.69,565.43,314,252,0.00,0.00,0,0
1544352482,2005-eth4,617256.75,13186.81,630443.56,13200,617874,212.79,199.80,412.59,200,213,0.00,0.00,0,0
1544352482,3003-eth2,17234.77,3916.08,21150.85,3920,17252,212.79,39.96,252.75,40,213,0.00,0.00,0,0
1544352482,2007-eth1,658883.12,0.00,658883.12,0,659542,273.73,0.00,273.73,0,274,0.00,0.00,0,0
1544352482,1002-eth4,23988.01,3976.02,27964.04,3980,24012,275.72,40.96,316.68,41,276,0.00,0.00,0,0
1544352482,3002-eth4,34067.93,1223144.88,1257212.88,1224368,34102,477.52,499.50,977.02,500,478,0.00,0.00,0,0
1544352482,2007-eth3,26005.99,658823.19,684829.19,659482,26032,296.70,272.73,569.43,273,297,0.00,0.00,0,0
1544352482,3005-eth1,617256.75,13186.81,630443.56,13200,617874,212.79,199.80,412.59,200,213,0.00,0.00,0,0
1544352482,2001-eth4,2017.98,7892.11,9910.09,7900,2020,20.98,80.92,101.90,81,21,0.00,0.00,0,0
1544352482,3003-eth4,34073.93,1223144.88,1257218.88,1224368,34108,477.52,499.50,977.02,500,478,0.00,0.00,0,0
1544352482,2004-eth1,7832.17,0.00,7832.17,0,7840,79.92,0.00,79.92,0,80,0.00,0.00,0,0
1544352482,3006-eth4,1221826.25,1216105.88,2437932.25,1217322,1223048,803.20,804.20,1607.39,805,804,0.00,0.00,0,0
1544352482,3007-eth1,658823.19,26005.99,684829.19,26032,659482,272.73,296.70,569.43,297,273,0.00,0.00,0,0
1544352482,2008-eth1,1190127.88,29828.17,1219956.12,29858,1191318,410.59,432.57,843.16,433,411,0.00,0.00,0,0
1544352482,2002-eth2,0.00,1958.04,1958.04,1960,0,0.00,19.98,19.98,20,0,0.00,0.00,0,0
1544352482,2003-eth1,219100.91,11300.70,230401.61,11312,219320,75.92,151.85,227.77,152,76,0.00,0.00,0,0
1544352482,3008-eth4,1221496.50,1216147.88,2437644.50,1217364,1222718,798.20,805.19,1603.40,806,799,0.00,0.00,0,0
1544352482,1004-eth4,3916.08,7832.17,11748.25,7840,3920,39.96,79.92,119.88,80,40,0.00,0.00,0,0
1544352482,3006-eth1,13186.81,617256.75,630443.56,617874,13200,199.80,212.79,412.59,213,200,0.00,0.00,0,0
1544352482,1004-eth3,0.00,0.00,0.00,0,0,0.00,0.00,0.00,0,0,0.00,0.00,0,0
1544352482,1002-eth2,1958.04,0.00,1958.04,0,1960,19.98,0.00,19.98,0,20,0.00,0.00,0,0
1544352482,3004-eth3,1221236.75,258541.47,1479778.25,258800,1222458,487.51,495.50,983.02,496,488,0.00,0.00,0,0
1544352482,2003-eth3,32979.02,484767.25,517746.28,485252,33012,381.62,221.78,603.40,222,382,0.00,0.00,0,0
1544352482,2005-eth1,0.00,0.00,0.00,0,0,0.00,0.00,0.00,0,0,0.00,0.00,0,0
1544352482,3002-eth3,1219560.50,753049.00,1972609.50,753802,1220780,637.36,648.35,1285.71,649,638,0.00,0.00,0,0
1544352482,3006-eth3,1202853.12,622455.56,1825308.75,623078,1204056,603.40,598.40,1201.80,599,604,0.00,0.00,0,0
1544352482,2001-eth1,11360.64,877924.12,889284.75,878802,11372,152.85,348.65,501.50,349,153,0.00,0.00,0,0
1544352482,3005-eth2,25972.03,1190127.88,1216099.88,1191318,25998,393.61,410.59,804.20,411,394,0.00,0.00,0,0
1544352482,2001-eth2,24047.95,1958.04,26005.99,1960,24072,276.72,19.98,296.70,20,277,0.00,0.00,0,0
1544352482,3007-eth2,9790.21,3916.08,13706.29,3920,9800,99.90,39.96,139.86,40,100,0.00,0.00,0,0
1544352482,1001-eth1,877924.12,11360.64,889284.75,11372,878802,348.65,152.85,501.50,153,349,0.00,0.00,0,0
1544352482,3007-eth4,34007.99,1218673.38,1252681.38,1219892,34042,476.52,497.50,974.03,498,477,0.00,0.00,0,0
1544352482,2003-eth2,0.00,1958.04,1958.04,1960,0,0.00,19.98,19.98,20,0,0.00,0.00,0,0
1544352482,3007-eth3,1221330.75,684999.00,1906329.75,685684,1222552,655.34,669.33,1324.68,670,656,0.00,0.00,0,0
1544352482,1002-eth1,1958.04,24047.95,26005.99,24072,1960,19.98,276.72,296.70,277,20,0.00,0.00,0,0
1544352482,2002-eth3,726807.19,16747.25,743554.44,16764,727534,250.75,253.75,504.50,254,251,0.00,0.00,0,0
1544352482,2007-eth2,3976.02,23988.01,27964.04,24012,3980,40.96,275.72,316.68,276,41,0.00,0.00,0,0
1544352482,total,26005600.00,26724242.00,52729840.00,26750966,26031604,19807.19,20023.98,39831.17,20044,19827,0.00,0.00,0,0
1544352483,3003-eth3,1221684.38,456761.25,1678445.62,457218,1222906,624.38,608.39,1232.77,609,625,0.00,0.00,0,0
1544352483,2002-eth1,0.00,3916.08,3916.08,3920,0,0.00,39.96,39.96,40,0,0.00,0.00,0,0
1544352483,lo,8641.36,8641.36,17282.72,8650,8650,91.91,91.91,183.82,92,92,0.00,0.00,0,0
1544352483,3005-eth3,1193073.00,612879.12,1805952.12,613492,1194266,367.63,365.63,733.27,366,368,0.00,0.00,0,0
1544352483,2005-eth3,12725.28,602521.50,615246.75,603124,12738,192.81,208.79,401.60,209,193,0.00,0.00,0,0
1544352483,3004-eth4,30933.07,534689.31,565622.38,535224,30964,325.67,347.65,673.33,348,326,0.00,0.00,0,0
1544352483,1004-eth2,5874.13,3916.08,9790.21,3920,5880,59.94,39.96,99.90,40,60,0.00,0.00,0,0
1544352483,2004-eth4,10535.46,7832.17,18367.63,7840,10546,120.88,79.92,200.80,80,121,0.00,0.00,0,0
1544352483,1001-eth2,6619.38,765274.75,771894.12,766040,6626,80.92,263.74,344.66,264,81,0.00,0.00,0,0
1544352483,1003-eth3,1196046.00,26235.77,1222281.75,26262,1197242,412.59,397.60,810.19,398,413,0.00,0.00,0,0
1544352483,2002-eth4,14703.30,617256.75,631960.06,617874,14718,193.81,212.79,406.59,213,194,0.00,0.00,0,0
1544352483,1001-eth4,0.00,345824.19,345824.19,346170,0,0.00,176.82,176.82,177,0,0.00,0.00,0,0
1544352483,3001-eth2,8769.23,617256.75,626026.00,617874,8778,132.87,212.79,345.65,213,133,0.00,0.00,0,0
1544352483,1004-eth1,1958.04,0.00,1958.04,0,1960,19.98,0.00,19.98,0,20,0.00,0.00,0,0
1544352483,3005-eth4,1206457.62,1206463.62,2412921.25,1207670,1207664,570.43,570.43,1140.86,571,571,0.00,0.00,0,0
1544352483,1003-eth2,0.00,7832.17,7832.17,7840,0,0.00,79.92,79.92,80,0,0.00,0.00,0,0
1544352483,3008-eth1,7832.17,1958.04,9790.21,1960,7840,79.92,19.98,99.90,20,80,0.00,0.00,0,0
1544352483,1002-eth3,0.00,0.00,0.00,0,0,0.00,0.00,0.00,0,0,0.00,0.00,0,0
1544352483,2006-eth1,26235.77,1196046.00,1222281.75,1197242,26262,397.60,412.59,810.19,413,398,0.00,0.00,0,0
1544352483,3003-eth1,430519.50,31866.13,462385.62,31898,430950,210.79,348.65,559.44,349,211,0.00,0.00,0,0
1544352483,2001-eth3,1100643.38,17882.12,1118525.50,17900,1101744,435.56,202.80,638.36,203,436,0.00,0.00,0,0
1544352483,2008-eth2,7892.11,3916.08,11808.19,3920,7900,80.92,39.96,120.88,40,81,0.00,0.00,0,0
1544352483,2008-eth3,3976.02,9850.15,13826.17,9860,3980,40.96,100.90,141.86,101,41,0.00,0.00,0,0
1544352483,1001-eth3,0.00,0.00,0.00,0,0,0.00,0.00,0.00,0,0,0.00,0.00,0,0
1544352483,2007-eth4,1958.04,7832.17,9790.21,7840,1960,19.98,79.92,99.90,80,20,0.00,0.00,0,0
1544352483,2004-eth2,3916.08,5874.13,9790.21,5880,3920,39.96,59.94,99.90,60,40,0.00,0.00,0,0
1544352483,3002-eth1,7832.17,1958.04,9790.21,1960,7840,79.92,19.98,99.90,20,80,0.00,0.00,0,0
1544352483,3004-eth1,788563.44,430519.50,1219083.00,430950,789352,511.49,210.79,722.28,211,512,0.00,0.00,0,0
1544352483,2006-eth3,1196105.88,26175.82,1222281.75,26202,1197302,413.59,396.60,810.19,397,414,0.00,0.00,0,0
1544352483,3004-eth2,7832.17,10535.46,18367.63,10546,7840,79.92,120.88,200.80,121,80,0.00,0.00,0,0
1544352483,3001-eth3,1222677.38,39670.33,1262347.62,39710,1223900,421.58,422.58,844.16,423,422,0.00,0.00,0,0
1544352483,2003-eth4,430519.50,788563.44,1219083.00,789352,430950,210.79,511.49,722.28,512,211,0.00,0.00,0,0
1544352483,2008-eth4,32109.89,1196046.00,1228155.88,1197242,32142,457.54,412.59,870.13,413,458,0.00,0.00,0,0
1544352483,3008-eth3,33918.08,1221674.38,1255592.50,1222896,33952,475.52,499.50,975.03,500,476,0.00,0.00,0,0
1544352483,2005-eth2,0.00,0.00,0.00,0,0,0.00,0.00,0.00,0,0,0.00,0.00,0,0
1544352483,2006-eth4,59.94,59.94,119.88,60,60,1.00,1.00,2.00,1,1,0.00,0.00,0,0
1544352483,3006-eth2,59.94,59.94,119.88,60,60,1.00,1.00,2.00,1,1,0.00,0.00,0,0
1544352483,1003-eth4,30091.91,1196046.00,1226137.88,1197242,30122,436.56,412.59,849.15,413,437,0.00,0.00,0,0
1544352483,2006-eth2,59.94,0.00,59.94,0,60,1.00,0.00,1.00,0,1,0.00,0.00,0,0
1544352483,3001-eth1,17882.12,1100643.38,1118525.50,1101744,17900,202.80,435.56,638.36,436,203,0.00,0.00,0,0
1544352483,3008-eth2,1196046.00,32109.89,1228155.88,32142,1197242,412.59,457.54,870.13,458,413,0.00,0.00,0,0
1544352483,2004-eth3,3916.08,12493.51,16409.59,12506,3920,39.96,140.86,180.82,141,40,0.00,0.00,0,0
1544352483,3001-eth4,1222845.25,270795.22,1493640.38,271066,1224068,513.49,508.49,1021.98,509,514,0.00,0.00,0,0
1544352483,1003-eth1,3916.08,0.00,3916.08,0,3920,39.96,0.00,39.96,0,40,0.00,0.00,0,0
1544352483,3002-eth2,617256.75,14703.30,631960.06,14718,617874,212.79,193.81,406.59,194,213,0.00,0.00,0,0
1544352483,2005-eth4,602461.56,12785.21,615246.75,12798,603064,207.79,193.81,401.60,194,208,0.00,0.00,0,0
1544352483,3003-eth2,12493.51,3916.08,16409.59,3920,12506,140.86,39.96,180.82,40,141,0.00,0.00,0,0
1544352483,2007-eth1,345824.19,0.00,345824.19,0,346170,176.82,0.00,176.82,0,177,0.00,0.00,0,0
1544352483,1002-eth4,19034.96,3916.08,22951.05,3920,19054,200.80,39.96,240.76,40,201,0.00,0.00,0,0
1544352483,3002-eth4,34205.80,1221632.38,1255838.25,1222854,34240,479.52,498.50,978.02,499,480,0.00,0.00,0,0
1544352483,2007-eth3,20993.01,345824.19,366817.19,346170,21014,220.78,176.82,397.60,177,221,0.00,0.00,0,0
1544352483,3005-eth1,602521.50,12725.28,615246.75,12738,603124,208.79,192.81,401.60,193,209,0.00,0.00,0,0
1544352483,2001-eth4,1958.04,7832.17,9790.21,7840,1960,19.98,79.92,99.90,80,20,0.00,0.00,0,0
1544352483,3003-eth4,34073.93,1218673.38,1252747.25,1219892,34108,477.52,497.50,975.03,498,478,0.00,0.00,0,0
1544352483,2004-eth1,7832.17,0.00,7832.17,0,7840,79.92,0.00,79.92,0,80,0.00,0.00,0,0
1544352483,3006-eth4,1221622.38,1222090.00,2443712.25,1223312,1222844,800.20,807.19,1607.39,808,801,0.00,0.00,0,0
1544352483,3007-eth1,345824.19,20993.01,366817.19,21014,346170,176.82,220.78,397.60,221,177,0.00,0.00,0,0
1544352483,2008-eth1,1196046.00,30091.91,1226137.88,30122,1197242,412.59,436.56,849.15,437,413,0.00,0.00,0,0
1544352483,2002-eth2,0.00,1958.04,1958.04,1960,0,0.00,19.98,19.98,20,0,0.00,0.00,0,0
1544352483,2003-eth1,765274.75,6619.38,771894.12,6626,766040,263.74,80.92,344.66,81,264,0.00,0.00,0,0
1544352483,3008-eth4,1218795.25,1222131.88,2440927.25,1223354,1220014,801.20,808.19,1609.39,809,802,0.00,0.00,0,0
1544352483,1004-eth4,3916.08,7892.11,11808.19,7900,3920,39.96,80.92,120.88,81,40,0.00,0.00,0,0
1544352483,3006-eth1,12785.21,602461.56,615246.75,603064,12798,193.81,207.79,401.60,208,194,0.00,0.00,0,0
1544352483,1004-eth3,0.00,59.94,59.94,60,0,0.00,1.00,1.00,1,0,0.00,0.00,0,0
1544352483,1002-eth2,1958.04,0.00,1958.04,0,1960,19.98,0.00,19.98,0,20,0.00,0.00,0,0
1544352483,3004-eth3,1223442.62,811758.25,2035200.88,812570,1224666,652.35,758.24,1410.59,759,653,0.00,0.00,0,0
1544352483,2003-eth3,31866.13,430519.50,462385.62,430950,31898,348.65,210.79,559.44,211,349,0.00,0.00,0,0
1544352483,2005-eth1,0.00,0.00,0.00,0,0,0.00,0.00,0.00,0,0,0.00,0.00,0,0
1544352483,3002-eth3,1220139.88,643564.44,1863704.38,644208,1221360,602.40,611.39,1213.79,612,603,0.00,0.00,0,0
1544352483,3006-eth3,1209490.50,664014.00,1873504.50,664678,1210700,616.38,614.39,1230.77,615,617,0.00,0.00,0,0
1544352483,2001-eth1,6619.38,1100643.38,1107262.75,1101744,6626,80.92,435.56,516.48,436,81,0.00,0.00,0,0
1544352483,3005-eth2,26175.82,1196105.88,1222281.75,1197302,26202,396.60,413.59,810.19,414,397,0.00,0.00,0,0
1544352483,2001-eth2,19034.96,1958.04,20993.01,1960,19054,200.80,19.98,220.78,20,201,0.00,0.00,0,0
1544352483,3007-eth2,9850.15,3976.02,13826.17,3980,9860,100.90,40.96,141.86,41,101,0.00,0.00,0,0
1544352483,1001-eth1,1100643.38,6619.38,1107262.75,6626,1101744,435.56,80.92,516.48,81,436,0.00,0.00,0,0
1544352483,3007-eth4,34199.80,1218673.38,1252873.12,1219892,34234,479.52,497.50,977.02,498,480,0.00,0.00,0,0
1544352483,2003-eth2,0.00,1958.04,1958.04,1960,0,0.00,19.98,19.98,20,0,0.00,0.00,0,0
1544352483,3007-eth3,1222347.62,372107.91,1594455.62,372480,1223570,586.41,575.42,1161.84,576,587,0.00,0.00,0,0
1544352483,1002-eth1,1958.04,19034.96,20993.01,19054,1960,19.98,200.80,220.78,201,20,0.00,0.00,0,0
1544352483,2002-eth3,617256.75,8769.23,626026.00,8778,617874,212.79,132.87,345.65,133,213,0.00,0.00,0,0
1544352483,2007-eth2,3916.08,19034.96,22951.05,19054,3920,39.96,200.80,240.76,201,40,0.00,0.00,0,0
1544352483,total,26487248.00,25874920.00,52362168.00,25900794,26513734,18705.30,18902.10,37607.39,18921,18724,0.00,0.00,0,0
1544352484,3003-eth3,1223185.62,578950.12,1802135.75,580108,1225632,652.69,648.70,1301.40,650,654,0.00,0.00,0,0
1544352484,2002-eth1,59.88,3814.37,3874.25,3822,60,1.00,38.92,39.92,39,1,0.00,0.00,0,0
1544352484,lo,8686.63,8686.63,17373.25,8704,8704,85.83,85.83,171.66,86,86,0.00,0.00,0,0
1544352484,3005-eth3,1196552.88,623960.12,1820513.00,625208,1198946,372.26,367.27,739.52,368,373,0.00,0.00,0,0
1544352484,2005-eth3,12772.46,613684.62,626457.12,614912,12798,193.61,211.58,405.19,212,194,0.00,0.00,0,0
1544352484,3004-eth4,37255.49,637063.88,674319.38,638338,37330,403.19,396.21,799.40,397,404,0.00,0.00,0,0
1544352484,1004-eth2,5868.26,3912.18,9780.44,3920,5880,59.88,39.92,99.80,40,60,0.00,0.00,0,0
1544352484,2004-eth4,14972.06,7786.43,22758.48,7802,15002,188.62,79.84,268.46,80,189,0.00,0.00,0,0
1544352484,1001-eth2,11059.88,275107.78,286167.69,275658,11082,148.70,95.81,244.51,96,149,0.00,0.00,0,0
1544352484,1003-eth3,1197868.25,26215.57,1224083.88,26268,1200264,414.17,397.21,811.38,398,415,0.00,0.00,0,0
1544352484,2002-eth4,20624.75,641800.44,662425.19,643084,20666,284.43,221.56,505.99,222,285,0.00,0.00,0,0
1544352484,1001-eth4,0.00,519423.16,519423.16,520462,0,0.00,206.59,206.59,207,0,0.00,0.00,0,0
1544352484,3001-eth2,14952.10,641860.31,656812.38,643144,14982,226.55,222.55,449.10,223,227,0.00,0.00,0,0
1544352484,1004-eth1,1858.28,59.88,1918.16,60,1862,18.96,1.00,19.96,1,19,0.00,0.00,0,0
1544352484,3005-eth4,1208125.75,1210097.88,2418223.50,1212518,1210542,569.86,577.84,1147.70,579,571,0.00,0.00,0,0
1544352484,1003-eth2,59.88,7726.55,7786.43,7742,60,1.00,78.84,79.84,79,1,0.00,0.00,0,0
1544352484,3008-eth1,7824.35,1956.09,9780.44,1960,7840,79.84,19.96,99.80,20,80,0.00,0.00,0,0
1544352484,1002-eth3,0.00,59.88,59.88,60,0,0.00,1.00,1.00,1,0,0.00,0.00,0,0
1544352484,2006-eth1,26215.57,1197868.25,1224083.88,1200264,26268,397.21,414.17,811.38,415,398,0.00,0.00,0,0
1544352484,3003-eth1,552866.31,39471.06,592337.31,39550,553972,253.49,450.10,703.59,451,254,0.00,0.00,0,0
1544352484,2001-eth3,804916.19,27508.98,832425.19,27564,806526,306.39,325.35,631.74,326,307,0.00,0.00,0,0
1544352484,2008-eth2,7726.55,3912.18,11638.72,3920,7742,78.84,39.92,118.76,40,79,0.00,0.00,0,0
1544352484,2008-eth3,3912.18,9682.63,13594.81,9702,3920,39.92,98.80,138.72,99,40,0.00,0.00,0,0
1544352484,1001-eth3,0.00,59.88,59.88,60,0,0.00,1.00,1.00,1,0,0.00,0.00,0,0
1544352484,2007-eth4,1956.09,7824.35,9780.44,7840,1960,19.96,79.84,99.80,80,20,0.00,0.00,0,0
1544352484,2004-eth2,3912.18,5868.26,9780.44,5880,3920,39.92,59.88,99.80,60,40,0.00,0.00,0,0
1544352484,3002-eth1,7628.74,1956.09,9584.83,1960,7644,77.84,19.96,97.80,20,78,0.00,0.00,0,0
1544352484,3004-eth1,301562.88,552866.31,854429.19,553972,302166,377.25,253.49,630.74,254,378,0.00,0.00,0,0
1544352484,2006-eth3,1197808.38,26215.57,1224024.00,26268,1200204,413.17,397.21,810.38,398,414,0.00,0.00,0,0
1544352484,3004-eth2,7786.43,14972.06,22758.48,15002,7802,79.84,188.62,268.46,189,80,0.00,0.00,0,0
1544352484,3001-eth3,1223696.62,42778.45,1266475.12,42864,1226144,455.09,455.09,910.18,456,456,0.00,0.00,0,0
1544352484,2003-eth4,552866.31,301562.88,854429.19,302166,553972,253.49,377.25,630.74,378,254,0.00,0.00,0,0
1544352484,2008-eth4,32083.83,1197808.38,1229892.25,1200204,32148,457.09,413.17,870.26,414,458,0.00,0.00,0,0
1544352484,3008-eth3,33908.18,1223369.25,1257277.50,1225816,33976,475.05,499.00,974.05,500,476,0.00,0.00,0,0
1544352484,2005-eth2,59.88,0.00,59.88,0,60,1.00,0.00,1.00,0,1,0.00,0.00,0,0
1544352484,2006-eth4,0.00,0.00,0.00,0,0,0.00,0.00,0.00,0,0,0.00,0.00,0,0
1544352484,3006-eth2,0.00,0.00,0.00,0,0,0.00,0.00,0.00,0,0,0.00,0.00,0,0
1544352484,1003-eth4,30157.84,1199065.00,1229222.75,1200264,30188,437.56,414.59,852.15,415,438,0.00,0.00,0,0
1544352484,2006-eth2,0.00,0.00,0.00,0,0,0.00,0.00,0.00,0,0,0.00,0.00,0,0
1544352484,3001-eth1,27536.46,805720.31,833256.75,806526,27564,325.67,306.69,632.37,307,326,0.00,0.00,0,0
1544352484,3008-eth2,1199005.00,32115.88,1231120.88,32148,1200204,413.59,457.54,871.13,458,414,0.00,0.00,0,0
1544352484,2004-eth3,3916.08,16945.05,20861.14,16962,3920,39.96,208.79,248.75,209,40,0.00,0.00,0,0
1544352484,3001-eth4,1223304.75,392317.69,1615622.38,392710,1224528,596.40,574.43,1170.83,575,597,0.00,0.00,0,0
1544352484,1003-eth1,3818.18,59.94,3878.12,60,3822,38.96,1.00,39.96,1,39,0.00,0.00,0,0
1544352484,3002-eth2,642441.56,20645.36,663086.94,20666,643084,221.78,284.72,506.49,285,222,0.00,0.00,0,0
1544352484,2005-eth4,613744.50,12712.58,626457.12,12738,614972,212.57,192.61,405.19,193,213,0.00,0.00,0,0
1544352484,3003-eth2,16928.14,3912.18,20840.32,3920,16962,208.58,39.92,248.50,40,209,0.00,0.00,0,0
1544352484,2007-eth1,519423.16,0.00,519423.16,0,520462,206.59,0.00,206.59,0,207,0.00,0.00,0,0
1544352484,1002-eth4,24137.72,3912.18,28049.90,3920,24186,255.49,39.92,295.41,40,256,0.00,0.00,0,0
1544352484,3002-eth4,33976.05,1223173.62,1257149.75,1225620,34044,477.05,497.01,974.05,498,478,0.00,0.00,0,0
1544352484,2007-eth3,26033.93,519483.06,545517.00,520522,26086,274.45,207.58,482.04,208,275,0.00,0.00,0,0
1544352484,3005-eth1,613684.62,12772.46,626457.12,12798,614912,211.58,193.61,405.19,194,212,0.00,0.00,0,0
1544352484,2001-eth4,1956.09,7628.74,9584.83,7644,1960,19.96,77.84,97.80,78,20,0.00,0.00,0,0
1544352484,3003-eth4,33908.18,1223369.25,1257277.50,1225816,33976,475.05,499.00,974.05,500,476,0.00,0.00,0,0
1544352484,2004-eth1,7726.55,59.88,7786.43,60,7742,78.84,1.00,79.84,1,79,0.00,0.00,0,0
1544352484,3006-eth4,1221393.25,1220936.12,2442329.50,1223378,1223836,792.42,807.39,1599.80,809,794,0.00,0.00,0,0
1544352484,3007-eth1,519483.06,26033.93,545517.00,26086,520522,207.58,274.45,482.04,275,208,0.00,0.00,0,0
1544352484,2008-eth1,1197868.25,30127.75,1227996.00,30188,1200264,414.17,437.13,851.30,438,415,0.00,0.00,0,0
1544352484,2002-eth2,59.88,1858.28,1918.16,1862,60,1.00,18.96,19.96,19,1,0.00,0.00,0,0
1544352484,2003-eth1,275107.78,11059.88,286167.69,11082,275658,95.81,148.70,244.51,149,96,0.00,0.00,0,0
1544352484,3008-eth4,1220756.50,1223934.12,2444690.75,1226382,1223198,805.39,809.38,1614.77,811,807,0.00,0.00,0,0
1544352484,1004-eth4,3912.18,7726.55,11638.72,7742,3920,39.92,78.84,118.76,79,40,0.00,0.00,0,0
1544352484,3006-eth1,12712.58,613744.50,626457.12,614972,12738,192.61,212.57,405.19,213,193,0.00,0.00,0,0
1544352484,1004-eth3,0.00,0.00,0.00,0,0,0.00,0.00,0.00,0,0,0.00,0.00,0,0
1544352484,1002-eth2,2015.97,0.00,2015.97,0,2020,20.96,0.00,20.96,0,21,0.00,0.00,0,0
1544352484,3004-eth3,1236676.62,330878.25,1567554.88,331540,1239150,673.65,698.60,1372.26,700,675,0.00,0.00,0,0
1544352484,2003-eth3,39471.06,552866.31,592337.31,553972,39550,450.10,253.49,703.59,254,451,0.00,0.00,0,0
1544352484,2005-eth1,59.88,0.00,59.88,0,60,1.00,0.00,1.00,0,1,0.00,0.00,0,0
1544352484,3002-eth3,1221752.50,668147.75,1889900.25,669484,1224196,600.80,620.76,1221.56,622,602,0.00,0.00,0,0
1544352484,3006-eth3,1208223.62,676620.75,1884844.38,677974,1210640,614.77,617.76,1232.53,619,616,0.00,0.00,0,0
1544352484,2001-eth1,11059.88,804916.19,815976.06,806526,11082,148.70,306.39,455.09,307,149,0.00,0.00,0,0
1544352484,3005-eth2,26215.57,1197808.38,1224024.00,1200204,26268,397.21,413.17,810.38,414,398,0.00,0.00,0,0
1544352484,2001-eth2,24077.85,2015.97,26093.81,2020,24126,254.49,20.96,275.45,21,255,0.00,0.00,0,0
1544352484,3007-eth2,9682.63,3912.18,13594.81,3920,9702,98.80,39.92,138.72,40,99,0.00,0.00,0,0
1544352484,1001-eth1,804916.19,11059.88,815976.06,11082,806526,306.39,148.70,455.09,149,307,0.00,0.00,0,0
1544352484,3007-eth4,33876.25,1223271.50,1257147.75,1225718,33944,475.05,498.00,973.05,499,476,0.00,0.00,0,0
1544352484,2003-eth2,0.00,2015.97,2015.97,2020,0,0.00,20.96,20.96,21,0,0.00,0.00,0,0
1544352484,3007-eth3,1222678.62,545614.81,1768293.50,546706,1225124,617.76,603.79,1221.56,605,619,0.00,0.00,0,0
1544352484,1002-eth1,2015.97,24077.85,26093.81,24126,2020,20.96,254.49,275.45,255,21,0.00,0.00,0,0
1544352484,2002-eth3,641860.31,14952.10,656812.38,14982,643144,222.55,226.55,449.10,227,223,0.00,0.00,0,0
1544352484,2007-eth2,3912.18,24137.72,28049.90,24186,3920,39.92,255.49,295.41,256,40,0.00,0.00,0,0
1544352484,total,25678996.00,25145038.00,50824032.00,25195328,25730354,19410.18,19523.95,38934.13,19563,19449,0.00,0.00,0,0
1544352485,3003-eth3,1216139.88,653508.50,1869648.38,654162,1217356,687.31,696.30,1383.62,697,688,0.00,0.00,0,0
1544352485,2002-eth1,0.00,3916.08,3916.08,3920,0,0.00,39.96,39.96,40,0,0.00,0.00,0,0
1544352485,lo,65762.24,65762.24,131524.48,65828,65828,311.69,311.69,623.38,312,312,0.00,0.00,0,0
1544352485,3005-eth3,1188871.12,616629.38,1805500.50,617246,1190060,369.63,378.62,748.25,379,370,0.00,0.00,0,0
1544352485,2005-eth3,12395.60,605420.62,617816.19,606026,12408,187.81,208.79,396.60,209,188,0.00,0.00,0,0
1544352485,3004-eth4,25634.37,507134.88,532769.25,507642,25660,331.67,324.68,656.34,325,332,0.00,0.00,0,0
1544352485,1004-eth2,5934.07,3916.08,9850.15,3920,5940,60.94,39.96,100.90,40,61,0.00,0.00,0,0
1544352485,2004-eth4,25908.09,7832.17,33740.26,7840,25934,314.69,79.92,394.61,80,315,0.00,0.00,0,0
1544352485,1001-eth2,21954.05,306425.59,328379.62,306732,21976,274.73,105.89,380.62,106,275,0.00,0.00,0,0
1544352485,1003-eth3,1187168.88,25648.35,1212817.25,25674,1188356,409.59,388.61,798.20,389,410,0.00,0.00,0,0
1544352485,2002-eth4,19300.70,618835.19,638135.88,619454,19320,223.78,214.79,438.56,215,224,0.00,0.00,0,0
1544352485,1001-eth4,59.94,632331.69,632391.62,632964,60,1.00,309.69,310.69,310,1,0.00,0.00,0,0
1544352485,3001-eth2,13486.51,618835.19,632321.69,619454,13500,164.84,214.79,379.62,215,165,0.00,0.00,0,0
1544352485,1004-eth1,2017.98,0.00,2017.98,0,2020,20.98,0.00,20.98,0,21,0.00,0.00,0,0
1544352485,3005-eth4,1195460.62,1202189.88,2397650.50,1203392,1196656,579.42,571.43,1150.85,572,580,0.00,0.00,0,0
1544352485,1003-eth2,0.00,7892.11,7892.11,7900,0,0.00,80.92,80.92,81,0,0.00,0.00,0,0
1544352485,3008-eth1,7832.17,1958.04,9790.21,1960,7840,79.92,19.98,99.90,20,80,0.00,0.00,0,0
1544352485,1002-eth3,0.00,0.00,0.00,0,0,0.00,0.00,0.00,0,0,0.00,0.00,0,0
1544352485,2006-eth1,25648.35,1187168.88,1212817.25,1188356,25674,388.61,409.59,798.20,410,389,0.00,0.00,0,0
1544352485,3003-eth1,627656.38,48703.30,676359.69,48752,628284,304.70,558.44,863.14,559,305,0.00,0.00,0,0
1544352485,2001-eth3,938757.25,47186.82,985944.06,47234,939696,415.58,544.46,960.04,545,416,0.00,0.00,0,0
1544352485,2008-eth2,7832.17,3976.02,11808.19,3980,7840,79.92,40.96,120.88,41,80,0.00,0.00,0,0
1544352485,2008-eth3,3916.08,9790.21,13706.29,9800,3920,39.96,99.90,139.86,100,40,0.00,0.00,0,0
1544352485,1001-eth3,59.94,0.00,59.94,0,60,1.00,0.00,1.00,0,1,0.00,0.00,0,0
1544352485,2007-eth4,1958.04,7832.17,9790.21,7840,1960,19.98,79.92,99.90,80,20,0.00,0.00,0,0
1544352485,2004-eth2,3916.08,5934.07,9850.15,5940,3920,39.96,60.94,100.90,61,40,0.00,0.00,0,0
1544352485,3002-eth1,7734.27,1958.04,9692.31,1960,7742,78.92,19.98,98.90,20,79,0.00,0.00,0,0
1544352485,3004-eth1,331216.78,627656.38,958873.12,628284,331548,369.63,304.70,674.33,305,370,0.00,0.00,0,0
1544352485,2006-eth3,1187168.88,25648.35,1212817.25,25674,1188356,409.59,388.61,798.20,389,410,0.00,0.00,0,0
1544352485,3004-eth2,7832.17,25908.09,33740.26,25934,7840,79.92,314.69,394.61,315,80,0.00,0.00,0,0
1544352485,3001-eth3,1218757.25,1063778.25,2282535.50,1064842,1219976,823.18,880.12,1703.30,881,824,0.00,0.00,0,0
1544352485,2003-eth4,627656.38,331216.78,958873.12,331548,628284,304.70,369.63,674.33,370,305,0.00,0.00,0,0
1544352485,2008-eth4,31522.48,1187228.75,1218751.25,1188416,31554,448.55,410.59,859.14,411,449,0.00,0.00,0,0
1544352485,3008-eth3,33678.32,1215714.38,1249392.62,1216930,33712,471.53,496.50,968.03,497,472,0.00,0.00,0,0
1544352485,2005-eth2,0.00,0.00,0.00,0,0,0.00,0.00,0.00,0,0,0.00,0.00,0,0
1544352485,2006-eth4,0.00,0.00,0.00,0,0,0.00,0.00,0.00,0,0,0.00,0.00,0,0
1544352485,3006-eth2,0.00,0.00,0.00,0,0,0.00,0.00,0.00,0,0,0.00,0.00,0,0
1544352485,1003-eth4,29624.38,1187168.88,1216793.25,1188356,29654,429.57,409.59,839.16,410,430,0.00,0.00,0,0
1544352485,2006-eth2,0.00,59.94,59.94,60,0,0.00,1.00,1.00,1,0,0.00,0.00,0,0
1544352485,3001-eth1,47186.82,938757.25,985944.06,939696,47234,544.46,415.58,960.04,416,545,0.00,0.00,0,0
1544352485,3008-eth2,1187228.75,31522.48,1218751.25,31554,1188416,410.59,448.55,859.14,449,411,0.00,0.00,0,0
1544352485,2004-eth3,3976.02,27866.13,31842.16,27894,3980,40.96,334.67,375.62,335,41,0.00,0.00,0,0
1544352485,3001-eth4,1216233.75,645618.38,1861852.25,646264,1217450,688.31,695.30,1383.62,696,689,0.00,0.00,0,0
1544352485,1003-eth1,3916.08,0.00,3916.08,0,3920,39.96,0.00,39.96,0,40,0.00,0.00,0,0
1544352485,3002-eth2,618835.19,19300.70,638135.88,19320,619454,214.79,223.78,438.56,224,215,0.00,0.00,0,0
1544352485,2005-eth4,605420.62,12395.60,617816.19,12408,606026,208.79,187.81,396.60,188,209,0.00,0.00,0,0
1544352485,3003-eth2,27866.13,3976.02,31842.16,3980,27894,334.67,40.96,375.62,41,335,0.00,0.00,0,0
1544352485,2007-eth1,632331.69,59.94,632391.62,60,632964,309.69,1.00,310.69,1,310,0.00,0.00,0,0
1544352485,1002-eth4,33026.97,3916.08,36943.06,3920,33060,349.65,39.96,389.61,40,350,0.00,0.00,0,0
1544352485,3002-eth4,34073.93,1215616.38,1249690.38,1216832,34108,477.52,495.50,973.03,496,478,0.00,0.00,0,0
1544352485,2007-eth3,34985.02,632331.69,667316.69,632964,35020,369.63,309.69,679.32,310,370,0.00,0.00,0,0
1544352485,3005-eth1,605420.62,12395.60,617816.19,12408,606026,208.79,187.81,396.60,188,209,0.00,0.00,0,0
1544352485,2001-eth4,1958.04,7734.27,9692.31,7742,1960,19.98,78.92,98.90,79,20,0.00,0.00,0,0
1544352485,3003-eth4,33706.29,1215714.38,1249420.62,1216930,33740,472.53,496.50,969.03,497,473,0.00,0.00,0,0
1544352485,2004-eth1,7892.11,0.00,7892.11,0,7900,80.92,0.00,80.92,0,81,0.00,0.00,0,0
1544352485,3006-eth4,1216101.88,1213146.88,2429248.75,1214360,1217318,782.22,803.20,1585.41,804,783,0.00,0.00,0,0
1544352485,3007-eth1,632331.69,34985.02,667316.69,35020,632964,309.69,369.63,679.32,370,310,0.00,0.00,0,0
1544352485,2008-eth1,1187168.88,29624.38,1216793.25,29654,1188356,409.59,429.57,839.16,430,410,0.00,0.00,0,0
1544352485,2002-eth2,0.00,2017.98,2017.98,2020,0,0.00,20.98,20.98,21,0,0.00,0.00,0,0
1544352485,2003-eth1,306425.59,21954.05,328379.62,21976,306732,105.89,274.73,380.62,275,106,0.00,0.00,0,0
1544352485,3008-eth4,1210993.00,1213057.00,2424050.00,1214270,1212204,793.21,802.20,1595.40,803,794,0.00,0.00,0,0
1544352485,1004-eth4,3976.02,7832.17,11808.19,7840,3980,40.96,79.92,120.88,80,41,0.00,0.00,0,0
1544352485,3006-eth1,12395.60,605420.62,617816.19,606026,12408,187.81,208.79,396.60,209,188,0.00,0.00,0,0
1544352485,1004-eth3,59.94,0.00,59.94,0,60,1.00,0.00,1.00,0,1,0.00,0.00,0,0
1544352485,1002-eth2,1958.04,59.94,2017.98,60,1960,19.98,1.00,20.98,1,20,0.00,0.00,0,0
1544352485,3004-eth3,1227388.62,349019.00,1576407.62,349368,1228616,690.31,621.38,1311.69,622,691,0.00,0.00,0,0
1544352485,2003-eth3,48703.30,627656.38,676359.69,628284,48752,558.44,304.70,863.14,305,559,0.00,0.00,0,0
1544352485,2005-eth1,0.00,59.94,59.94,60,0,0.00,1.00,1.00,1,0,0.00,0.00,0,0
1544352485,3002-eth3,1216467.62,645076.94,1861544.50,645722,1217684,589.41,612.39,1201.80,613,590,0.00,0.00,0,0
1544352485,3006-eth3,1200751.25,706821.19,1907572.50,707528,1201952,615.38,627.37,1242.76,628,616,0.00,0.00,0,0
1544352485,2001-eth1,21894.11,938817.19,960711.31,939756,21916,273.73,416.58,690.31,417,274,0.00,0.00,0,0
1544352485,3005-eth2,25648.35,1187168.88,1212817.25,1188356,25674,388.61,409.59,798.20,410,389,0.00,0.00,0,0
1544352485,2001-eth2,33026.97,1958.04,34985.02,1960,33060,349.65,19.98,369.63,20,350,0.00,0.00,0,0
1544352485,3007-eth2,9790.21,3916.08,13706.29,3920,9800,99.90,39.96,139.86,40,100,0.00,0.00,0,0
1544352485,1001-eth1,938817.19,21894.11,960711.31,21916,939756,416.58,273.73,690.31,274,417,0.00,0.00,0,0
1544352485,3007-eth4,33744.26,1212755.25,1246499.50,1213968,33778,472.53,495.50,968.03,496,473,0.00,0.00,0,0
1544352485,2003-eth2,59.94,1958.04,2017.98,1960,60,1.00,19.98,20.98,20,1,0.00,0.00,0,0
1544352485,3007-eth3,1213212.88,658285.75,1871498.50,658944,1214426,702.30,703.30,1405.59,704,703,0.00,0.00,0,0
1544352485,1002-eth1,1958.04,33026.97,34985.02,33060,1960,19.98,349.65,369.63,350,20,0.00,0.00,0,0
1544352485,2002-eth3,618835.19,13486.51,632321.69,13500,619454,214.79,164.84,379.62,165,215,0.00,0.00,0,0
1544352485,2007-eth2,3916.08,33026.97,36943.06,33060,3920,39.96,349.65,389.61,350,40,0.00,0.00,0,0
1544352485,total,26332544.00,27185396.00,53517940.00,27212580,26358876,21577.42,21731.27,43308.69,21753,21599,0.00,0.00,0,0
1544352486,3003-eth3,1216237.75,625035.00,1841272.75,625660,1217454,673.33,681.32,1354.65,682,674,0.00,0.00,0,0
1544352486,2002-eth1,0.00,3780.22,3780.22,3784,0,0.00,38.96,38.96,39,0,0.00,0.00,0,0
1544352486,lo,9816.18,9816.18,19632.37,9826,9826,94.91,94.91,189.81,95,95,0.00,0.00,0,0
1544352486,3005-eth3,1191500.50,652991.00,1844491.50,653644,1192692,365.63,381.62,747.25,382,366,0.00,0.00,0,0
1544352486,2005-eth3,12659.34,642441.56,655100.94,643084,12672,191.81,221.78,413.59,222,192,0.00,0.00,0,0
1544352486,3004-eth4,25238.76,543360.62,568599.44,543904,25264,343.66,303.70,647.35,304,344,0.00,0.00,0,0
1544352486,1004-eth2,5944.06,3976.02,9920.08,3980,5950,60.94,40.96,101.90,41,61,0.00,0.00,0,0
1544352486,2004-eth4,12493.51,7832.17,20325.68,7840,12506,129.87,79.92,209.79,80,130,0.00,0.00,0,0
1544352486,1001-eth2,8517.48,815850.19,824367.62,816666,8526,88.91,306.69,395.60,307,89,0.00,0.00,0,0
1544352486,1003-eth3,1190127.88,25780.22,1215908.12,25806,1191318,410.59,390.61,801.20,391,411,0.00,0.00,0,0
1544352486,2002-eth4,27746.25,520141.88,547888.12,520662,27774,292.71,253.75,546.45,254,293,0.00,0.00,0,0
1544352486,1001-eth4,0.00,668621.38,668621.38,669290,0,0.00,311.69,311.69,312,0,0.00,0.00,0,0
1544352486,3001-eth2,22067.93,520081.94,542149.88,520602,22090,234.77,252.75,487.51,253,235,0.00,0.00,0,0
1544352486,1004-eth1,1958.04,0.00,1958.04,0,1960,19.98,0.00,19.98,0,20,0.00,0.00,0,0
1544352486,3005-eth4,1203702.38,1204621.38,2408323.75,1205826,1204906,572.43,564.44,1136.86,565,573,0.00,0.00,0,0
1544352486,1003-eth2,0.00,7636.36,7636.36,7644,0,0.00,77.92,77.92,78,0,0.00,0.00,0,0
1544352486,3008-eth1,7962.04,2017.98,9980.02,2020,7970,81.92,20.98,102.90,21,82,0.00,0.00,0,0
1544352486,1002-eth3,129.87,0.00,129.87,0,130,2.00,0.00,2.00,0,2,0.00,0.00,0,0
1544352486,2006-eth1,25780.22,1190127.88,1215908.12,1191318,25806,390.61,410.59,801.20,411,391,0.00,0.00,0,0
1544352486,3003-eth1,599056.94,33060.94,632117.88,33094,599656,287.71,374.63,662.34,375,288,0.00,0.00,0,0
1544352486,2001-eth3,1211964.12,35748.25,1247712.38,35784,1213176,478.52,383.62,862.14,384,479,0.00,0.00,0,0
1544352486,2008-eth2,7902.10,3916.08,11818.18,3920,7910,80.92,39.96,120.88,40,81,0.00,0.00,0,0
1544352486,2008-eth3,3916.08,9790.21,13706.29,9800,3920,39.96,99.90,139.86,100,40,0.00,0.00,0,0
1544352486,1001-eth3,0.00,0.00,0.00,0,0,0.00,0.00,0.00,0,0,0.00,0.00,0,0
1544352486,2007-eth4,2017.98,7962.04,9980.02,7970,2020,20.98,81.92,102.90,82,21,0.00,0.00,0,0
1544352486,2004-eth2,3976.02,5944.06,9920.08,5950,3980,40.96,60.94,101.90,61,41,0.00,0.00,0,0
1544352486,3002-eth1,7832.17,2017.98,9850.15,2020,7840,79.92,20.98,100.90,21,80,0.00,0.00,0,0
1544352486,3004-eth1,838365.69,599056.94,1437422.62,599656,839204,571.43,287.71,859.14,288,572,0.00,0.00,0,0
1544352486,2006-eth3,1190127.88,25840.16,1215968.12,25866,1191318,410.59,391.61,802.20,392,411,0.00,0.00,0,0
1544352486,3004-eth2,7832.17,12493.51,20325.68,12506,7840,79.92,129.87,209.79,130,80,0.00,0.00,0,0
1544352486,3001-eth3,1233668.38,56995.01,1290663.38,57052,1234902,610.39,609.39,1219.78,610,611,0.00,0.00,0,0
1544352486,2003-eth4,599056.94,838365.69,1437422.62,839204,599656,287.71,571.43,859.14,572,288,0.00,0.00,0,0
1544352486,2008-eth4,31654.35,1190127.88,1221782.25,1191318,31686,450.55,410.59,861.14,411,451,0.00,0.00,0,0
1544352486,3008-eth3,33870.13,1215714.38,1249584.50,1216930,33904,474.53,496.50,971.03,497,475,0.00,0.00,0,0
1544352486,2005-eth2,0.00,129.87,129.87,130,0,0.00,2.00,2.00,2,0,0.00,0.00,0,0
1544352486,2006-eth4,0.00,0.00,0.00,0,0,0.00,0.00,0.00,0,0,0.00,0.00,0,0
1544352486,3006-eth2,0.00,0.00,0.00,0,0,0.00,0.00,0.00,0,0,0.00,0.00,0,0
1544352486,1003-eth4,29696.30,1190127.88,1219824.25,1191318,29726,430.57,410.59,841.16,411,431,0.00,0.00,0,0
1544352486,2006-eth2,0.00,0.00,0.00,0,0,0.00,0.00,0.00,0,0,0.00,0.00,0,0
1544352486,3001-eth1,35748.25,1211964.12,1247712.38,1213176,35784,383.62,478.52,862.14,479,384,0.00,0.00,0,0
1544352486,3008-eth2,1190127.88,31654.35,1221782.25,31686,1191318,410.59,450.55,861.14,451,411,0.00,0.00,0,0
1544352486,2004-eth3,3916.08,14255.75,18171.83,14270,3920,39.96,147.85,187.81,148,40,0.00,0.00,0,0
1544352486,3001-eth4,1218209.88,483210.81,1701420.62,483694,1219428,587.41,602.40,1189.81,603,588,0.00,0.00,0,0
1544352486,1003-eth1,3780.22,0.00,3780.22,0,3784,38.96,0.00,38.96,0,39,0.00,0.00,0,0
1544352486,3002-eth2,520141.88,27746.25,547888.12,27774,520662,253.75,292.71,546.45,293,254,0.00,0.00,0,0
1544352486,2005-eth4,642441.56,12659.34,655100.94,12672,643084,221.78,191.81,413.59,192,222,0.00,0.00,0,0
1544352486,3003-eth2,14255.75,3916.08,18171.83,3920,14270,147.85,39.96,187.81,40,148,0.00,0.00,0,0
1544352486,2007-eth1,668621.38,0.00,668621.38,0,669290,311.69,0.00,311.69,0,312,0.00,0.00,0,0
1544352486,1002-eth4,34993.01,3976.02,38969.03,3980,35028,373.63,40.96,414.59,41,374,0.00,0.00,0,0
1544352486,3002-eth4,33744.26,1218673.38,1252417.62,1219892,33778,473.53,497.50,971.03,498,474,0.00,0.00,0,0
1544352486,2007-eth3,37080.92,668561.44,705642.38,669230,37118,395.60,310.69,706.29,311,396,0.00,0.00,0,0
1544352486,3005-eth1,642441.56,12659.34,655100.94,12672,643084,221.78,191.81,413.59,192,222,0.00,0.00,0,0
1544352486,2001-eth4,2017.98,7832.17,9850.15,7840,2020,20.98,79.92,100.90,80,21,0.00,0.00,0,0
1544352486,3003-eth4,33810.19,1218477.50,1252287.75,1219696,33844,473.53,495.50,969.03,496,474,0.00,0.00,0,0
1544352486,2004-eth1,7636.36,0.00,7636.36,0,7644,77.92,0.00,77.92,0,78,0.00,0.00,0,0
1544352486,3006-eth4,1219914.12,1216175.88,2436090.00,1217392,1221134,774.23,805.19,1579.42,806,775,0.00,0.00,0,0
1544352486,3007-eth1,668561.44,37080.92,705642.38,37118,669230,310.69,395.60,706.29,396,311,0.00,0.00,0,0
1544352486,2008-eth1,1190127.88,29696.30,1219824.25,29726,1191318,410.59,430.57,841.16,431,411,0.00,0.00,0,0
1544352486,2002-eth2,0.00,1958.04,1958.04,1960,0,0.00,19.98,19.98,20,0,0.00,0.00,0,0
1544352486,2003-eth1,815850.19,8517.48,824367.62,8526,816666,306.69,88.91,395.60,89,307,0.00,0.00,0,0
1544352486,3008-eth4,1218669.38,1216105.88,2434775.25,1217322,1219888,799.20,804.20,1603.40,805,800,0.00,0.00,0,0
1544352486,1004-eth4,3916.08,7902.10,11818.18,7910,3920,39.96,80.92,120.88,81,40,0.00,0.00,0,0
1544352486,3006-eth1,12659.34,642441.56,655100.94,643084,12672,191.81,221.78,413.59,222,192,0.00,0.00,0,0
1544352486,1004-eth3,0.00,0.00,0.00,0,0,0.00,0.00,0.00,0,0,0.00,0.00,0,0
1544352486,1002-eth2,2027.97,0.00,2027.97,0,2030,20.98,0.00,20.98,0,21,0.00,0.00,0,0
1544352486,3004-eth3,1230929.12,855908.12,2086837.25,856764,1232160,845.15,837.16,1682.32,838,846,0.00,0.00,0,0
1544352486,2003-eth3,33060.94,599056.94,632117.88,599656,33094,374.63,287.71,662.34,288,375,0.00,0.00,0,0
1544352486,2005-eth1,0.00,0.00,0.00,0,0,0.00,0.00,0.00,0,0,0.00,0.00,0,0
1544352486,3002-eth3,1216907.12,546059.94,1762967.12,546606,1218124,665.33,646.35,1311.69,647,666,0.00,0.00,0,0
1544352486,3006-eth3,1203446.62,711296.75,1914743.25,712008,1204650,612.39,629.37,1241.76,630,613,0.00,0.00,0,0
1544352486,2001-eth1,8647.35,1211904.12,1220551.50,1213116,8656,90.91,477.52,568.43,478,91,0.00,0.00,0,0
1544352486,3005-eth2,25840.16,1190127.88,1215968.12,1191318,25866,391.61,410.59,802.20,411,392,0.00,0.00,0,0
1544352486,2001-eth2,35062.94,1958.04,37020.98,1960,35098,374.63,19.98,394.61,20,375,0.00,0.00,0,0
1544352486,3007-eth2,9790.21,3916.08,13706.29,3920,9800,99.90,39.96,139.86,40,100,0.00,0.00,0,0
1544352486,1001-eth1,1211904.12,8647.35,1220551.50,8656,1213116,477.52,90.91,568.43,91,478,0.00,0.00,0,0
1544352486,3007-eth4,33744.26,1217226.75,1250971.12,1218444,33778,472.53,497.50,970.03,498,473,0.00,0.00,0,0
1544352486,2003-eth2,0.00,2027.97,2027.97,2030,0,0.00,20.98,20.98,21,0,0.00,0.00,0,0
1544352486,3007-eth3,1219238.75,694539.50,1913778.25,695234,1220458,720.28,704.30,1424.58,705,721,0.00,0.00,0,0
1544352486,1002-eth1,1958.04,35062.94,37020.98,35098,1960,19.98,374.63,394.61,375,20,0.00,0.00,0,0
1544352486,2002-eth3,520081.94,22067.93,542149.88,22090,520602,252.75,234.77,487.51,235,253,0.00,0.00,0,0
1544352486,2007-eth2,3976.02,34993.01,38969.03,35028,3980,40.96,373.63,414.59,374,41,0.00,0.00,0,0
1544352486,total,27738100.00,27881662.00,55619760.00,27909542,27765838,21023.98,21116.88,42140.86,21138,21045,0.00,0.00,0,0
1544352487,3003-eth3,1221894.25,580041.94,1801936.12,581202,1224338,685.63,643.71,1329.34,645,687,0.00,0.00,0,0
1544352487,2002-eth1,0.00,3912.18,3912.18,3920,0,0.00,39.92,39.92,40,0,0.00,0.00,0,0
1544352487,lo,6950.10,6950.10,13900.20,6964,6964,67.86,67.86,135.73,68,68,0.00,0.00,0,0
1544352487,3005-eth3,1192145.75,693461.12,1885606.88,694848,1194530,371.26,391.22,762.48,392,372,0.00,0.00,0,0
1544352487,2005-eth3,13041.92,683245.50,696287.44,684612,13068,197.60,236.53,434.13,237,198,0.00,0.00,0,0
1544352487,3004-eth4,23830.34,619738.56,643568.88,620978,23878,322.36,308.38,630.74,309,323,0.00,0.00,0,0
1544352487,1004-eth2,5868.26,3912.18,9780.44,3920,5880,59.88,39.92,99.80,40,60,0.00,0.00,0,0
1544352487,2004-eth4,21333.33,7824.35,29157.69,7840,21376,223.55,79.84,303.39,80,224,0.00,0.00,0,0
1544352487,1001-eth2,17323.35,134473.06,151796.41,134742,17358,182.63,66.87,249.50,67,183,0.00,0.00,0,0
1544352487,1003-eth3,1191896.25,26215.57,1218111.75,26268,1194280,411.18,397.21,808.38,398,412,0.00,0.00,0,0
1544352487,2002-eth4,21219.56,287600.81,308820.38,288176,21262,223.55,131.74,355.29,132,224,0.00,0.00,0,0
1544352487,1001-eth4,0.00,502942.12,502942.12,503948,0,0.00,241.52,241.52,242,0,0.00,0.00,0,0
1544352487,3001-eth2,15291.42,287600.81,302892.22,288176,15322,162.67,131.74,294.41,132,163,0.00,0.00,0,0
1544352487,1004-eth1,1956.09,0.00,1956.09,0,1960,19.96,0.00,19.96,0,20,0.00,0.00,0,0
1544352487,3005-eth4,1202231.62,1205193.62,2407425.25,1207604,1204636,567.86,568.86,1136.73,570,569,0.00,0.00,0,0
1544352487,1003-eth2,0.00,7824.35,7824.35,7840,0,0.00,79.84,79.84,80,0,0.00,0.00,0,0
1544352487,3008-eth1,7824.35,1956.09,9780.44,1960,7840,79.84,19.96,99.80,20,80,0.00,0.00,0,0
1544352487,1002-eth3,0.00,0.00,0.00,0,0,0.00,0.00,0.00,0,0,0.00,0.00,0,0
1544352487,2006-eth1,26215.57,1191896.25,1218111.75,1194280,26268,397.21,411.18,808.38,412,398,0.00,0.00,0,0
1544352487,3003-eth1,553850.31,31926.15,585776.44,31990,554958,246.51,394.21,640.72,395,247,0.00,0.00,0,0
1544352487,2001-eth3,909580.88,27802.40,937383.25,27858,911400,447.11,353.29,800.40,354,448,0.00,0.00,0,0
1544352487,2008-eth2,7884.23,3912.18,11796.41,3920,7900,80.84,39.92,120.76,40,81,0.00,0.00,0,0
1544352487,2008-eth3,3976.02,9850.15,13826.17,9860,3980,40.96,100.90,141.86,101,41,0.00,0.00,0,0
1544352487,1001-eth3,0.00,0.00,0.00,0,0,0.00,0.00,0.00,0,0,0.00,0.00,0,0
1544352487,2007-eth4,1958.04,7832.17,9790.21,7840,1960,19.98,79.92,99.90,80,20,0.00,0.00,0,0
1544352487,2004-eth2,3916.08,5874.13,9790.21,5880,3920,39.96,59.94,99.90,60,40,0.00,0.00,0,0
1544352487,3002-eth1,7794.21,1958.04,9752.25,1960,7802,79.92,19.98,99.90,20,80,0.00,0.00,0,0
1544352487,3004-eth1,147266.73,554403.62,701670.38,554958,147414,258.74,246.75,505.49,247,259,0.00,0.00,0,0
1544352487,2006-eth3,1193146.88,26241.76,1219388.62,26268,1194340,412.59,397.60,810.19,398,413,0.00,0.00,0,0
1544352487,3004-eth2,7832.17,21354.65,29186.81,21376,7840,79.92,223.78,303.70,224,80,0.00,0.00,0,0
1544352487,3001-eth3,1227466.62,402027.97,1629494.50,402430,1228694,650.35,606.39,1256.74,607,651,0.00,0.00,0,0
1544352487,2003-eth4,554403.62,147266.73,701670.38,147414,554958,246.75,258.74,505.49,259,247,0.00,0.00,0,0
1544352487,2008-eth4,32175.82,1193087.00,1225262.75,1194280,32208,458.54,411.59,870.13,412,459,0.00,0.00,0,0
1544352487,3008-eth3,33810.19,1220185.88,1253996.00,1221406,33844,473.53,498.50,972.03,499,474,0.00,0.00,0,0
1544352487,2005-eth2,0.00,0.00,0.00,0,0,0.00,0.00,0.00,0,0,0.00,0.00,0,0
1544352487,2006-eth4,59.94,59.94,119.88,60,60,1.00,1.00,2.00,1,1,0.00,0.00,0,0
1544352487,3006-eth2,59.94,59.94,119.88,60,60,1.00,1.00,2.00,1,1,0.00,0.00,0,0
1544352487,1003-eth4,30157.84,1193087.00,1223244.75,1194280,30188,437.56,411.59,849.15,412,438,0.00,0.00,0,0
1544352487,2006-eth2,59.94,0.00,59.94,0,60,1.00,0.00,1.00,0,1,0.00,0.00,0,0
1544352487,3001-eth1,27830.17,910489.56,938319.69,911400,27858,353.65,447.55,801.20,448,354,0.00,0.00,0,0
1544352487,3008-eth2,1193087.00,32175.82,1225262.75,32208,1194280,411.59,458.54,870.13,459,412,0.00,0.00,0,0
1544352487,2004-eth3,3916.08,23312.69,27228.77,23336,3920,39.96,243.76,283.72,244,40,0.00,0.00,0,0
1544352487,3001-eth4,1221980.00,611744.25,1833724.38,612356,1223202,698.30,729.27,1427.57,730,699,0.00,0.00,0,0
1544352487,1003-eth1,3916.08,0.00,3916.08,0,3920,39.96,0.00,39.96,0,40,0.00,0.00,0,0
1544352487,3002-eth2,287888.12,21240.76,309128.88,21262,288176,131.87,223.78,355.64,224,132,0.00,0.00,0,0
1544352487,2005-eth4,683868.12,13114.89,696983.06,13128,684552,235.76,198.80,434.57,199,236,0.00,0.00,0,0
1544352487,3003-eth2,23312.69,3916.08,27228.77,3920,23336,243.76,39.96,283.72,40,244,0.00,0.00,0,0
1544352487,2007-eth1,503444.56,0.00,503444.56,0,503948,241.76,0.00,241.76,0,242,0.00,0.00,0,0
1544352487,1002-eth4,18163.84,3916.08,22079.92,3920,18182,248.75,39.96,288.71,40,249,0.00,0.00,0,0
1544352487,3002-eth4,34205.80,1223047.00,1257252.75,1224270,34240,479.52,498.50,978.02,499,480,0.00,0.00,0,0
1544352487,2007-eth3,20121.88,503444.56,523566.44,503948,20142,268.73,241.76,510.49,242,269,0.00,0.00,0,0
1544352487,3005-eth1,683928.06,13054.95,696983.06,13068,684612,236.76,197.80,434.57,198,237,0.00,0.00,0,0
1544352487,2001-eth4,1958.04,7794.21,9752.25,7802,1960,19.98,79.92,99.90,80,20,0.00,0.00,0,0
1544352487,3003-eth4,33952.05,1220227.75,1254179.88,1221448,33986,476.52,499.50,976.02,500,477,0.00,0.00,0,0
1544352487,2004-eth1,7832.17,0.00,7832.17,0,7840,79.92,0.00,79.92,0,80,0.00,0.00,0,0
1544352487,3006-eth4,1219518.50,1219196.88,2438715.25,1220416,1220738,768.23,807.19,1575.42,808,769,0.00,0.00,0,0
1544352487,3007-eth1,503444.56,20121.88,523566.44,20142,503948,241.76,268.73,510.49,269,242,0.00,0.00,0,0
1544352487,2008-eth1,1193087.00,30157.84,1223244.75,30188,1194280,411.59,437.56,849.15,438,412,0.00,0.00,0,0
1544352487,2002-eth2,0.00,1958.04,1958.04,1960,0,0.00,19.98,19.98,20,0,0.00,0.00,0,0
1544352487,2003-eth1,134607.39,17340.66,151948.06,17358,134742,66.93,182.82,249.75,183,67,0.00,0.00,0,0
1544352487,3008-eth4,1221956.12,1219130.88,2441087.00,1220350,1223178,805.19,806.19,1611.39,807,806,0.00,0.00,0,0
1544352487,1004-eth4,3916.08,7892.11,11808.19,7900,3920,39.96,80.92,120.88,81,40,0.00,0.00,0,0
1544352487,3006-eth1,13114.89,683868.12,696983.06,684552,13128,198.80,235.76,434.57,236,199,0.00,0.00,0,0
1544352487,1004-eth3,0.00,59.94,59.94,60,0,0.00,1.00,1.00,1,0,0.00,0.00,0,0
1544352487,1002-eth2,1958.04,0.00,1958.04,0,1960,19.98,0.00,19.98,0,20,0.00,0.00,0,0
1544352487,3004-eth3,1228837.25,163222.78,1392060.00,163386,1230066,618.38,500.50,1118.88,501,619,0.00,0.00,0,0
1544352487,2003-eth3,31958.04,554403.62,586361.62,554958,31990,394.61,246.75,641.36,247,395,0.00,0.00,0,0
1544352487,2005-eth1,0.00,0.00,0.00,0,0,0.00,0.00,0.00,0,0,0.00,0.00,0,0
1544352487,3002-eth3,1222451.62,314261.75,1536713.38,314576,1223674,541.46,531.47,1072.93,532,542,0.00,0.00,0,0
1544352487,3006-eth3,1206135.88,712871.12,1919007.00,713584,1207342,609.39,631.37,1240.76,632,610,0.00,0.00,0,0
1544352487,2001-eth1,17340.66,910489.56,927830.19,911400,17358,182.82,447.55,630.37,448,183,0.00,0.00,0,0
1544352487,3005-eth2,26241.76,1193146.88,1219388.62,1194340,26268,397.60,412.59,810.19,413,398,0.00,0.00,0,0
1544352487,2001-eth2,18223.78,1958.04,20181.82,1960,18242,249.75,19.98,269.73,20,250,0.00,0.00,0,0
1544352487,3007-eth2,9850.15,3976.02,13826.17,3980,9860,100.90,40.96,141.86,41,101,0.00,0.00,0,0
1544352487,1001-eth1,910489.56,17340.66,927830.19,17358,911400,447.55,182.82,630.37,183,448,0.00,0.00,0,0
1544352487,3007-eth4,34073.93,1221632.38,1255706.38,1222854,34108,477.52,498.50,976.02,499,478,0.00,0.00,0,0
1544352487,2003-eth2,0.00,1958.04,1958.04,1960,0,0.00,19.98,19.98,20,0,0.00,0.00,0,0
1544352487,3007-eth3,1220477.50,529686.31,1750163.88,530216,1221698,656.34,639.36,1295.70,640,657,0.00,0.00,0,0
1544352487,1002-eth1,1958.04,18223.78,20181.82,18242,1960,19.98,249.75,269.73,250,20,0.00,0.00,0,0
1544352487,2002-eth3,287888.12,15306.69,303194.81,15322,288176,131.87,162.84,294.71,163,132,0.00,0.00,0,0
1544352487,2007-eth2,3916.08,18163.84,22079.92,18182,3920,39.96,248.75,288.71,249,40,0.00,0.00,0,0
1544352487,total,24951704.00,24561866.00,49513572.00,24586428,24976656,19581.42,19538.46,39119.88,19558,19601,0.00,0.00,0,0
1544352488,3003-eth3,1216375.62,483826.19,1700201.88,484310,1217592,611.39,602.40,1213.79,603,612,0.00,0.00,0,0
1544352488,2002-eth1,59.94,3916.08,3976.02,3920,60,1.00,39.96,40.96,40,1,0.00,0.00,0,0
1544352488,lo,64333.67,64333.67,128667.34,64398,64398,297.70,297.70,595.40,298,298,0.00,0.00,0,0
1544352488,3005-eth3,1192357.62,710989.00,1903346.75,711700,1193550,378.62,405.59,784.22,406,379,0.00,0.00,0,0
1544352488,2005-eth3,13114.89,700175.81,713290.75,700876,13128,198.80,241.76,440.56,242,199,0.00,0.00,0,0
1544352488,3004-eth4,23386.61,662769.25,686155.88,663432,23410,315.68,315.68,631.37,316,316,0.00,0.00,0,0
1544352488,1004-eth2,5874.13,3916.08,9790.21,3920,5880,59.94,39.96,99.90,40,60,0.00,0.00,0,0
1544352488,2004-eth4,28491.51,7892.11,36383.62,7900,28520,299.70,80.92,380.62,81,300,0.00,0.00,0,0
1544352488,1001-eth2,24575.43,278349.66,302925.09,278628,24600,259.74,140.86,400.60,141,260,0.00,0.00,0,0
1544352488,1003-eth3,1187228.75,25972.03,1213200.88,25998,1188416,410.59,393.61,804.20,394,411,0.00,0.00,0,0
1544352488,2002-eth4,24655.35,549017.00,573672.31,549566,24680,259.74,274.73,534.47,275,260,0.00,0.00,0,0
1544352488,1001-eth4,0.00,571168.88,571168.88,571740,0,0.00,237.76,237.76,238,0,0.00,0.00,0,0
1544352488,3001-eth2,18781.22,549076.94,567858.19,549626,18800,199.80,275.72,475.52,276,200,0.00,0.00,0,0
1544352488,1004-eth1,1958.04,59.94,2017.98,60,1960,19.98,1.00,20.98,1,20,0.00,0.00,0,0
1544352488,3005-eth4,1190551.50,1205280.75,2395832.25,1206486,1191742,570.43,574.43,1144.86,575,571,0.00,0.00,0,0
1544352488,1003-eth2,59.94,7832.17,7892.11,7840,60,1.00,79.92,80.92,80,1,0.00,0.00,0,0
1544352488,3008-eth1,7832.17,1958.04,9790.21,1960,7840,79.92,19.98,99.90,20,80,0.00,0.00,0,0
1544352488,1002-eth3,0.00,59.94,59.94,60,0,0.00,1.00,1.00,1,0,0.00,0.00,0,0
1544352488,2006-eth1,25972.03,1187228.75,1213200.88,1188416,25998,393.61,410.59,804.20,411,394,0.00,0.00,0,0
1544352488,3003-eth1,457608.41,38269.73,495878.12,38308,458066,204.80,457.54,662.34,458,205,0.00,0.00,0,0
1544352488,2001-eth3,833150.88,34901.10,868052.00,34936,833984,371.63,435.56,807.19,436,372,0.00,0.00,0,0
1544352488,2008-eth2,7832.17,3916.08,11748.25,3920,7840,79.92,39.96,119.88,40,80,0.00,0.00,0,0
1544352488,2008-eth3,3916.08,9790.21,13706.29,9800,3920,39.96,99.90,139.86,100,40,0.00,0.00,0,0
1544352488,1001-eth3,0.00,59.94,59.94,60,0,0.00,1.00,1.00,1,0,0.00,0.00,0,0
1544352488,2007-eth4,1958.04,7832.17,9790.21,7840,1960,19.98,79.92,99.90,80,20,0.00,0.00,0,0
1544352488,2004-eth2,3916.08,5874.13,9790.21,5880,3920,39.96,59.94,99.90,60,40,0.00,0.00,0,0
1544352488,3002-eth1,7832.17,1958.04,9790.21,1960,7840,79.92,19.98,99.90,20,80,0.00,0.00,0,0
1544352488,3004-eth1,290085.94,457608.41,747694.31,458066,290376,318.68,204.80,523.48,205,319,0.00,0.00,0,0
1544352488,2006-eth3,1185656.38,25912.09,1211568.50,25938,1186842,408.59,392.61,801.20,393,409,0.00,0.00,0,0
1544352488,3004-eth2,7892.11,28491.51,36383.62,28520,7900,80.92,299.70,380.62,300,81,0.00,0.00,0,0
1544352488,3001-eth3,1228147.88,383492.53,1611640.38,383876,1229376,748.25,601.40,1349.65,602,749,0.00,0.00,0,0
1544352488,2003-eth4,457608.41,290085.94,747694.31,290376,458066,204.80,318.68,523.48,319,205,0.00,0.00,0,0
1544352488,2008-eth4,31786.21,1187168.88,1218955.12,1188356,31818,452.55,409.59,862.14,410,453,0.00,0.00,0,0
1544352488,3008-eth3,33876.12,1212755.25,1246631.38,1213968,33910,474.53,495.50,970.03,496,475,0.00,0.00,0,0
1544352488,2005-eth2,59.94,0.00,59.94,0,60,1.00,0.00,1.00,0,1,0.00,0.00,0,0
1544352488,2006-eth4,0.00,0.00,0.00,0,0,0.00,0.00,0.00,0,0,0.00,0.00,0,0
1544352488,3006-eth2,0.00,0.00,0.00,0,0,0.00,0.00,0.00,0,0,0.00,0.00,0,0
1544352488,1003-eth4,29828.17,1187228.75,1217057.00,1188416,29858,432.57,410.59,843.16,411,433,0.00,0.00,0,0
1544352488,2006-eth2,0.00,0.00,0.00,0,0,0.00,0.00,0.00,0,0,0.00,0.00,0,0
1544352488,3001-eth1,34901.10,833150.88,868052.00,833984,34936,435.56,371.63,807.19,372,436,0.00,0.00,0,0
1544352488,3008-eth2,1187168.88,31786.21,1218955.12,31818,1188356,409.59,452.55,862.14,453,410,0.00,0.00,0,0
1544352488,2004-eth3,3916.08,30449.55,34365.64,30480,3920,39.96,319.68,359.64,320,40,0.00,0.00,0,0
1544352488,3001-eth4,1222068.00,772965.06,1995033.00,773738,1223290,809.19,824.18,1633.37,825,810,0.00,0.00,0,0
1544352488,1003-eth1,3916.08,59.94,3976.02,60,3920,39.96,1.00,40.96,1,40,0.00,0.00,0,0
1544352488,3002-eth2,549017.00,24655.35,573672.31,24680,549566,274.73,259.74,534.47,260,275,0.00,0.00,0,0
1544352488,2005-eth4,700235.81,13054.95,713290.75,13068,700936,242.76,197.80,440.56,198,243,0.00,0.00,0,0
1544352488,3003-eth2,30449.55,3916.08,34365.64,3920,30480,319.68,39.96,359.64,40,320,0.00,0.00,0,0
1544352488,2007-eth1,571168.88,0.00,571168.88,0,571740,237.76,0.00,237.76,0,238,0.00,0.00,0,0
1544352488,1002-eth4,18157.84,3916.08,22073.93,3920,18176,255.74,39.96,295.70,40,256,0.00,0.00,0,0
1544352488,3002-eth4,33810.19,1212755.25,1246565.50,1213968,33844,473.53,495.50,969.03,496,474,0.00,0.00,0,0
1544352488,2007-eth3,20115.88,571228.81,591344.69,571800,20136,275.72,238.76,514.49,239,276,0.00,0.00,0,0
1544352488,3005-eth1,700175.81,13114.89,713290.75,13128,700876,241.76,198.80,440.56,199,242,0.00,0.00,0,0
1544352488,2001-eth4,1958.04,7832.17,9790.21,7840,1960,19.98,79.92,99.90,80,20,0.00,0.00,0,0
1544352488,3003-eth4,34049.95,1215756.25,1249806.25,1216972,34084,477.52,497.50,975.03,498,478,0.00,0.00,0,0
1544352488,2004-eth1,7832.17,59.94,7892.11,60,7840,79.92,1.00,80.92,1,80,0.00,0.00,0,0
1544352488,3006-eth4,1216026.00,1214593.50,2430619.50,1215808,1217242,759.24,803.20,1562.44,804,760,0.00,0.00,0,0
1544352488,3007-eth1,571228.81,20115.88,591344.69,20136,571800,238.76,275.72,514.49,276,239,0.00,0.00,0,0
1544352488,2008-eth1,1187228.75,29828.17,1217057.00,29858,1188416,410.59,432.57,843.16,433,411,0.00,0.00,0,0
1544352488,2002-eth2,59.94,1958.04,2017.98,1960,60,1.00,19.98,20.98,20,1,0.00,0.00,0,0
1544352488,2003-eth1,278349.66,24575.43,302925.09,24600,278628,140.86,259.74,400.60,260,141,0.00,0.00,0,0
1544352488,3008-eth4,1215578.50,1213146.88,2428725.25,1214360,1216794,796.20,803.20,1599.40,804,797,0.00,0.00,0,0
1544352488,1004-eth4,3916.08,7832.17,11748.25,7840,3920,39.96,79.92,119.88,80,40,0.00,0.00,0,0
1544352488,3006-eth1,13054.95,700235.81,713290.75,700936,13068,197.80,242.76,440.56,243,198,0.00,0.00,0,0
1544352488,1004-eth3,0.00,0.00,0.00,0,0,0.00,0.00,0.00,0,0,0.00,0.00,0,0
1544352488,1002-eth2,1958.04,0.00,1958.04,0,1960,19.98,0.00,19.98,0,20,0.00,0.00,0,0
1544352488,3004-eth3,1221720.38,305520.50,1527240.75,305826,1222942,634.37,552.45,1186.81,553,635,0.00,0.00,0,0
1544352488,2003-eth3,38269.73,457608.41,495878.12,458066,38308,457.54,204.80,662.34,205,458,0.00,0.00,0,0
1544352488,2005-eth1,59.94,0.00,59.94,0,60,1.00,0.00,1.00,0,1,0.00,0.00,0,0
1544352488,3002-eth3,1217832.25,574995.00,1792827.25,575570,1219050,644.36,668.33,1312.69,669,645,0.00,0.00,0,0
1544352488,3006-eth3,1201604.38,734965.06,1936569.50,735700,1202806,606.39,637.36,1243.76,638,607,0.00,0.00,0,0
1544352488,2001-eth1,24575.43,833150.88,857726.31,833984,24600,259.74,371.63,631.37,372,260,0.00,0.00,0,0
1544352488,3005-eth2,25912.09,1185656.38,1211568.50,1186842,25938,392.61,408.59,801.20,409,393,0.00,0.00,0,0
1544352488,2001-eth2,18157.84,1958.04,20115.88,1960,18176,255.74,19.98,275.72,20,256,0.00,0.00,0,0
1544352488,3007-eth2,9790.21,3916.08,13706.29,3920,9800,99.90,39.96,139.86,40,100,0.00,0.00,0,0
1544352488,1001-eth1,833150.88,24575.43,857726.31,24600,833984,371.63,259.74,631.37,260,372,0.00,0.00,0,0
1544352488,3007-eth4,34067.93,1212755.25,1246823.25,1213968,34102,477.52,495.50,973.03,496,478,0.00,0.00,0,0
1544352488,2003-eth2,0.00,1958.04,1958.04,1960,0,0.00,19.98,19.98,20,0,0.00,0.00,0,0
1544352488,3007-eth3,1217518.50,597278.75,1814797.25,597876,1218736,650.35,633.37,1283.72,634,651,0.00,0.00,0,0
1544352488,1002-eth1,1958.04,18157.84,20115.88,18176,1960,19.98,255.74,275.72,256,20,0.00,0.00,0,0
1544352488,2002-eth3,549076.94,18781.22,567858.19,18800,549626,275.72,199.80,475.52,200,276,0.00,0.00,0,0
1544352488,2007-eth2,3916.08,18157.84,22073.93,18176,3920,39.96,255.74,295.70,256,40,0.00,0.00,0,0
1544352488,total,25610716.00,25825590.00,51436304.00,25851414,25636326,20740.26,20718.28,41458.54,20739,20761,0.00,0.00,0,0
1544352489,3003-eth3,1222883.12,491672.34,1714555.50,492164,1224106,600.40,589.41,1189.81,590,601,0.00,0.00,0,0
1544352489,2002-eth1,0.00,3916.08,3916.08,3920,0,0.00,39.96,39.96,40,0,0.00,0.00,0,0
1544352489,lo,7780.22,7780.22,15560.44,7788,7788,75.92,75.92,151.85,76,76,0.00,0.00,0,0
1544352489,3005-eth3,1196199.88,622745.25,1818945.12,623368,1197396,353.65,383.62,737.26,384,354,0.00,0.00,0,0
1544352489,2005-eth3,13348.65,612261.75,625610.44,612874,13362,184.82,224.78,409.59,225,185,0.00,0.00,0,0
1544352489,3004-eth4,24909.09,749698.31,774607.44,750448,24934,338.66,339.66,678.32,340,339,0.00,0.00,0,0
1544352489,1004-eth2,5934.07,3916.08,9850.15,3920,5940,60.94,39.96,100.90,40,61,0.00,0.00,0,0
1544352489,2004-eth4,18255.74,7832.17,26087.91,7840,18274,190.81,79.92,270.73,80,191,0.00,0.00,0,0
1544352489,1001-eth2,14399.60,542567.44,556967.06,543110,14414,151.85,242.76,394.61,243,152,0.00,0.00,0,0
1544352489,1003-eth3,1197492.50,25978.02,1223470.62,26004,1198690,412.59,393.61,806.19,394,413,0.00,0.00,0,0
1544352489,2002-eth4,30007.99,475494.53,505502.50,475970,30038,316.68,212.79,529.47,213,317,0.00,0.00,0,0
1544352489,1001-eth4,59.94,478115.91,478175.84,478594,60,1.00,164.84,165.83,165,1,0.00,0.00,0,0
1544352489,3001-eth2,24133.87,475494.53,499628.38,475970,24158,256.74,212.79,469.53,213,257,0.00,0.00,0,0
1544352489,1004-eth1,2017.98,0.00,2017.98,0,2020,20.98,0.00,20.98,0,21,0.00,0.00,0,0
1544352489,3005-eth4,1215406.62,1208763.25,2424170.00,1209972,1216622,574.43,561.44,1135.86,562,575,0.00,0.00,0,0
1544352489,1003-eth2,0.00,7892.11,7892.11,7900,0,0.00,80.92,80.92,81,0,0.00,0.00,0,0
1544352489,3008-eth1,7832.17,1958.04,9790.21,1960,7840,79.92,19.98,99.90,20,80,0.00,0.00,0,0
1544352489,1002-eth3,0.00,0.00,0.00,0,0,0.00,0.00,0.00,0,0,0.00,0.00,0,0
1544352489,2006-eth1,25978.02,1197492.50,1223470.62,1198690,26004,393.61,412.59,806.19,413,394,0.00,0.00,0,0
1544352489,3003-eth1,465358.66,25720.28,491078.94,25746,465824,190.81,313.69,504.50,314,191,0.00,0.00,0,0
1544352489,2001-eth3,1036991.06,20445.55,1057436.62,20466,1038028,413.59,262.74,676.32,263,414,0.00,0.00,0,0
1544352489,2008-eth2,7832.17,3976.02,11808.19,3980,7840,79.92,40.96,120.88,41,80,0.00,0.00,0,0
1544352489,2008-eth3,3916.08,9790.21,13706.29,9800,3920,39.96,99.90,139.86,100,40,0.00,0.00,0,0
1544352489,1001-eth3,59.94,0.00,59.94,0,60,1.00,0.00,1.00,0,1,0.00,0.00,0,0
1544352489,2007-eth4,1958.04,7832.17,9790.21,7840,1960,19.98,79.92,99.90,80,20,0.00,0.00,0,0
1544352489,2004-eth2,3916.08,5934.07,9850.15,5940,3920,39.96,60.94,100.90,61,40,0.00,0.00,0,0
1544352489,3002-eth1,7832.17,1958.04,9790.21,1960,7840,79.92,19.98,99.90,20,80,0.00,0.00,0,0
1544352489,3004-eth1,551930.06,465358.66,1017288.75,465824,552482,384.62,190.81,575.42,191,385,0.00,0.00,0,0
1544352489,2006-eth3,1199005.00,25978.02,1224983.00,26004,1200204,413.59,393.61,807.19,394,414,0.00,0.00,0,0
1544352489,3004-eth2,7832.17,18255.74,26087.91,18274,7840,79.92,190.81,270.73,191,80,0.00,0.00,0,0
1544352489,3001-eth3,1233284.75,147030.97,1380315.75,147178,1234518,586.41,408.59,995.01,409,587,0.00,0.00,0,0
1544352489,2003-eth4,465358.66,551930.06,1017288.75,552482,465824,190.81,384.62,575.42,385,191,0.00,0.00,0,0
1544352489,2008-eth4,31852.15,1197552.50,1229404.62,1198750,31884,453.55,413.59,867.13,414,454,0.00,0.00,0,0
1544352489,3008-eth3,33876.12,1224591.50,1258467.62,1225816,33910,474.53,499.50,974.03,500,475,0.00,0.00,0,0
1544352489,2005-eth2,0.00,0.00,0.00,0,0,0.00,0.00,0.00,0,0,0.00,0.00,0,0
1544352489,2006-eth4,0.00,0.00,0.00,0,0,0.00,0.00,0.00,0,0,0.00,0.00,0,0
1544352489,3006-eth2,0.00,0.00,0.00,0,0,0.00,0.00,0.00,0,0,0.00,0.00,0,0
1544352489,1003-eth4,29894.11,1197492.50,1227386.62,1198690,29924,433.57,412.59,846.15,413,434,0.00,0.00,0,0
1544352489,2006-eth2,0.00,59.94,59.94,60,0,0.00,1.00,1.00,1,0,0.00,0.00,0,0
1544352489,3001-eth1,20445.55,1036991.06,1057436.62,1038028,20466,262.74,413.59,676.32,414,263,0.00,0.00,0,0
1544352489,3008-eth2,1197552.50,31852.15,1229404.62,31884,1198750,413.59,453.55,867.13,454,414,0.00,0.00,0,0
1544352489,2004-eth3,3976.02,20213.79,24189.81,20234,3980,40.96,210.79,251.75,211,41,0.00,0.00,0,0
1544352489,3001-eth4,1233168.88,523124.88,1756293.75,523648,1234402,816.18,813.19,1629.37,814,817,0.00,0.00,0,0
1544352489,1003-eth1,3916.08,0.00,3916.08,0,3920,39.96,0.00,39.96,0,40,0.00,0.00,0,0
1544352489,3002-eth2,475494.53,30007.99,505502.50,30038,475970,212.79,316.68,529.47,317,213,0.00,0.00,0,0
1544352489,2005-eth4,612261.75,13348.65,625610.44,13362,612874,224.78,184.82,409.59,185,225,0.00,0.00,0,0
1544352489,3003-eth2,20213.79,3976.02,24189.81,3980,20234,210.79,40.96,251.75,41,211,0.00,0.00,0,0
1544352489,2007-eth1,478115.91,59.94,478175.84,60,478594,164.84,1.00,165.83,1,165,0.00,0.00,0,0
1544352489,1002-eth4,13998.00,3916.08,17914.09,3920,14012,192.81,39.96,232.77,40,193,0.00,0.00,0,0
1544352489,3002-eth4,34073.93,1224591.50,1258665.38,1225816,34108,477.52,499.50,977.02,500,478,0.00,0.00,0,0
1544352489,2007-eth3,15896.10,478115.91,494012.00,478594,15912,211.79,164.84,376.62,165,212,0.00,0.00,0,0
1544352489,3005-eth1,612261.75,13348.65,625610.44,13362,612874,224.78,184.82,409.59,185,225,0.00,0.00,0,0
1544352489,2001-eth4,1958.04,7832.17,9790.21,7840,1960,19.98,79.92,99.90,80,20,0.00,0.00,0,0
1544352489,3003-eth4,34265.73,1224591.50,1258857.12,1225816,34300,480.52,499.50,980.02,500,481,0.00,0.00,0,0
1544352489,2004-eth1,7892.11,0.00,7892.11,0,7900,80.92,0.00,80.92,0,81,0.00,0.00,0,0
1544352489,3006-eth4,1223986.00,1222217.88,2446203.75,1223440,1225210,748.25,811.19,1559.44,812,749,0.00,0.00,0,0
1544352489,3007-eth1,478115.91,15896.10,494012.00,15912,478594,164.84,211.79,376.62,212,165,0.00,0.00,0,0
1544352489,2008-eth1,1197492.50,29894.11,1227386.62,29924,1198690,412.59,433.57,846.15,434,413,0.00,0.00,0,0
1544352489,2002-eth2,0.00,2017.98,2017.98,2020,0,0.00,20.98,20.98,21,0,0.00,0.00,0,0
1544352489,2003-eth1,542567.44,14399.60,556967.06,14414,543110,242.76,151.85,394.61,152,243,0.00,0.00,0,0
1544352489,3008-eth4,1224719.38,1223536.50,2448255.75,1224760,1225944,803.20,807.19,1610.39,808,804,0.00,0.00,0,0
1544352489,1004-eth4,3976.02,7832.17,11808.19,7840,3980,40.96,79.92,120.88,80,41,0.00,0.00,0,0
1544352489,3006-eth1,13348.65,612261.75,625610.44,612874,13362,184.82,224.78,409.59,225,185,0.00,0.00,0,0
1544352489,1004-eth3,59.94,0.00,59.94,0,60,1.00,0.00,1.00,0,1,0.00,0.00,0,0
1544352489,1002-eth2,2017.98,59.94,2077.92,60,2020,20.98,1.00,21.98,1,21,0.00,0.00,0,0
1544352489,3004-eth3,1227964.12,569007.00,1796971.12,569576,1229192,710.29,643.36,1353.65,644,711,0.00,0.00,0,0
1544352489,2003-eth3,25720.28,465358.66,491078.94,465824,25746,313.69,190.81,504.50,191,314,0.00,0.00,0,0
1544352489,2005-eth1,0.00,59.94,59.94,60,0,0.00,1.00,1.00,1,0,0.00,0.00,0,0
1544352489,3002-eth3,1223986.00,501736.28,1725722.38,502238,1225210,618.38,610.39,1228.77,611,619,0.00,0.00,0,0
1544352489,3006-eth3,1208869.12,708337.69,1917206.88,709046,1210078,626.37,650.35,1276.72,651,627,0.00,0.00,0,0
1544352489,2001-eth1,14339.66,1037051.00,1051390.62,1038088,14354,150.85,414.59,565.43,415,151,0.00,0.00,0,0
1544352489,3005-eth2,25978.02,1199005.00,1224983.00,1200204,26004,393.61,413.59,807.19,414,394,0.00,0.00,0,0
1544352489,2001-eth2,13938.06,2017.98,15956.04,2020,13952,191.81,20.98,212.79,21,192,0.00,0.00,0,0
1544352489,3007-eth2,9790.21,3916.08,13706.29,3920,9800,99.90,39.96,139.86,40,100,0.00,0.00,0,0
1544352489,1001-eth1,1037051.00,14339.66,1051390.62,14354,1038088,414.59,150.85,565.43,151,415,0.00,0.00,0,0
1544352489,3007-eth4,34271.73,1224591.50,1258863.12,1225816,34306,480.52,499.50,980.02,500,481,0.00,0.00,0,0
1544352489,2003-eth2,59.94,2017.98,2077.92,2020,60,1.00,20.98,21.98,21,1,0.00,0.00,0,0
1544352489,3007-eth3,1221057.00,504555.47,1725612.38,505060,1222278,550.45,565.43,1115.88,566,551,0.00,0.00,0,0
1544352489,1002-eth1,2017.98,13938.06,15956.04,13952,2020,20.98,191.81,212.79,192,21,0.00,0.00,0,0
1544352489,2002-eth3,475494.53,24133.87,499628.38,24158,475970,212.79,256.74,469.53,257,213,0.00,0.00,0,0
1544352489,2007-eth2,3916.08,13998.00,17914.09,14012,3920,39.96,192.81,232.77,193,40,0.00,0.00,0,0
1544352489,total,26063764.00,25841636.00,51905400.00,25867476,26089828,19414.59,19356.64,38771.23,19376,19434,0.00,0.00,0,0
1544352490,3003-eth3,1220329.75,545916.12,1766245.75,546462,1221550,561.44,578.42,1139.86,579,562,0.00,0.00,0,0
1544352490,2002-eth1,0.00,3976.02,3976.02,3980,0,0.00,40.96,40.96,41,0,0.00,0.00,0,0
1544352490,lo,7368.63,7368.63,14737.26,7376,7376,71.93,71.93,143.86,72,72,0.00,0.00,0,0
1544352490,3005-eth3,1201096.88,456189.81,1657286.75,456646,1202298,362.64,358.64,721.28,359,363,0.00,0.00,0,0
1544352490,2005-eth3,18311.69,446233.78,464545.47,446680,18330,194.81,207.79,402.60,208,195,0.00,0.00,0,0
1544352490,3004-eth4,23920.08,764229.81,788149.88,764994,23944,323.68,340.66,664.34,341,324,0.00,0.00,0,0
1544352490,1004-eth2,5874.13,3976.02,9850.15,3980,5880,59.94,40.96,100.90,41,60,0.00,0.00,0,0
1544352490,2004-eth4,31234.77,7832.17,39066.93,7840,31266,341.66,79.92,421.58,80,342,0.00,0.00,0,0
1544352490,1001-eth2,27258.74,230681.33,257940.06,230912,27286,300.70,119.88,420.58,120,301,0.00,0.00,0,0
1544352490,1003-eth3,1193087.00,26109.89,1219196.88,26136,1194280,411.59,395.60,807.19,396,412,0.00,0.00,0,0
1544352490,2002-eth4,19804.20,448403.59,468207.81,448852,19824,249.75,240.76,490.51,241,250,0.00,0.00,0,0
1544352490,1001-eth4,0.00,703194.81,703194.81,703898,0,0.00,243.76,243.76,244,0,0.00,0.00,0,0
1544352490,3001-eth2,13990.01,448343.66,462333.69,448792,14004,190.81,239.76,430.57,240,191,0.00,0.00,0,0
1544352490,1004-eth1,1958.04,0.00,1958.04,0,1960,19.98,0.00,19.98,0,20,0.00,0.00,0,0
1544352490,3005-eth4,1203043.00,1208895.12,2411938.25,1210104,1204246,562.44,563.44,1125.87,564,563,0.00,0.00,0,0
1544352490,1003-eth2,0.00,7832.17,7832.17,7840,0,0.00,79.92,79.92,80,0,0.00,0.00,0,0
1544352490,3008-eth1,7892.11,2017.98,9910.09,2020,7900,80.92,20.98,101.90,21,81,0.00,0.00,0,0
1544352490,1002-eth3,59.94,0.00,59.94,0,60,1.00,0.00,1.00,0,1,0.00,0.00,0,0
1544352490,2006-eth1,26109.89,1193087.00,1219196.88,1194280,26136,395.60,411.59,807.19,412,396,0.00,0.00,0,0
1544352490,3003-eth1,519542.47,38447.55,557990.00,38486,520062,178.82,460.54,639.36,461,179,0.00,0.00,0,0
1544352490,2001-eth3,881796.25,36925.07,918721.31,36962,882678,341.66,466.53,808.19,467,342,0.00,0.00,0,0
1544352490,2008-eth2,7832.17,3916.08,11748.25,3920,7840,79.92,39.96,119.88,40,80,0.00,0.00,0,0
1544352490,2008-eth3,3916.08,9790.21,13706.29,9800,3920,39.96,99.90,139.86,100,40,0.00,0.00,0,0
1544352490,1001-eth3,0.00,0.00,0.00,0,0,0.00,0.00,0.00,0,0,0.00,0.00,0,0
1544352490,2007-eth4,2017.98,7892.11,9910.09,7900,2020,20.98,80.92,101.90,81,21,0.00,0.00,0,0
1544352490,2004-eth2,3976.02,5874.13,9850.15,5880,3980,40.96,59.94,100.90,60,41,0.00,0.00,0,0
1544352490,3002-eth1,7832.17,2017.98,9850.15,2020,7840,79.92,20.98,100.90,21,80,0.00,0.00,0,0
1544352490,3004-eth1,239912.09,519542.47,759454.56,520062,240152,259.74,178.82,438.56,179,260,0.00,0.00,0,0
1544352490,2006-eth3,1193087.00,26169.83,1219256.75,26196,1194280,411.59,396.60,808.19,397,412,0.00,0.00,0,0
1544352490,3004-eth2,7832.17,31234.77,39066.93,31266,7840,79.92,341.66,421.58,342,80,0.00,0.00,0,0
1544352490,3001-eth3,1222739.25,639562.44,1862301.75,640202,1223962,746.25,660.34,1406.59,661,747,0.00,0.00,0,0
1544352490,2003-eth4,519542.47,239912.09,759454.56,240152,520062,178.82,259.74,438.56,260,179,0.00,0.00,0,0
1544352490,2008-eth4,31984.02,1193087.00,1225071.00,1194280,32016,455.54,411.59,867.13,412,456,0.00,0.00,0,0
1544352490,3008-eth3,34002.00,1218673.38,1252675.38,1219892,34036,476.52,497.50,974.03,498,477,0.00,0.00,0,0
1544352490,2005-eth2,0.00,59.94,59.94,60,0,0.00,1.00,1.00,1,0,0.00,0.00,0,0
1544352490,2006-eth4,0.00,0.00,0.00,0,0,0.00,0.00,0.00,0,0,0.00,0.00,0,0
1544352490,3006-eth2,0.00,0.00,0.00,0,0,0.00,0.00,0.00,0,0,0.00,0.00,0,0
1544352490,1003-eth4,30085.91,1193087.00,1223172.88,1194280,30116,436.56,411.59,848.15,412,437,0.00,0.00,0,0
1544352490,2006-eth2,0.00,0.00,0.00,0,0,0.00,0.00,0.00,0,0,0.00,0.00,0,0
1544352490,3001-eth1,36925.07,881796.25,918721.31,882678,36962,466.53,341.66,808.19,342,467,0.00,0.00,0,0
1544352490,3008-eth2,1193087.00,31984.02,1225071.00,32016,1194280,411.59,455.54,867.13,456,412,0.00,0.00,0,0
1544352490,2004-eth3,3916.08,33132.87,37048.95,33166,3920,39.96,360.64,400.60,361,40,0.00,0.00,0,0
1544352490,3001-eth4,1228461.62,593324.69,1821786.25,593918,1229690,772.23,722.28,1494.51,723,773,0.00,0.00,0,0
1544352490,1003-eth1,3976.02,0.00,3976.02,0,3980,40.96,0.00,40.96,0,41,0.00,0.00,0,0
1544352490,3002-eth2,448403.59,19804.20,468207.81,19824,448852,240.76,249.75,490.51,250,241,0.00,0.00,0,0
1544352490,2005-eth4,446233.78,18311.69,464545.47,18330,446680,207.79,194.81,402.60,195,208,0.00,0.00,0,0
1544352490,3003-eth2,33132.87,3916.08,37048.95,3920,33166,360.64,39.96,400.60,40,361,0.00,0.00,0,0
1544352490,2007-eth1,703194.81,0.00,703194.81,0,703898,243.76,0.00,243.76,0,244,0.00,0.00,0,0
1544352490,1002-eth4,17498.50,3976.02,21474.53,3980,17516,245.75,40.96,286.71,41,246,0.00,0.00,0,0
1544352490,3002-eth4,34133.87,1221632.38,1255766.25,1222854,34168,478.52,498.50,977.02,499,479,0.00,0.00,0,0
1544352490,2007-eth3,19516.48,703134.88,722651.38,703838,19536,266.73,242.76,509.49,243,267,0.00,0.00,0,0
1544352490,3005-eth1,446233.78,18311.69,464545.47,18330,446680,207.79,194.81,402.60,195,208,0.00,0.00,0,0
1544352490,2001-eth4,2017.98,7832.17,9850.15,7840,2020,20.98,79.92,100.90,80,21,0.00,0.00,0,0
1544352490,3003-eth4,34205.80,1221632.38,1255838.25,1222854,34240,479.52,498.50,978.02,499,480,0.00,0.00,0,0
1544352490,2004-eth1,7832.17,0.00,7832.17,0,7840,79.92,0.00,79.92,0,80,0.00,0.00,0,0
1544352490,3006-eth4,1222143.88,1220127.88,2442271.75,1221348,1223366,742.26,821.18,1563.44,822,743,0.00,0.00,0,0
1544352490,3007-eth1,703134.88,19516.48,722651.38,19536,703838,242.76,266.73,509.49,267,243,0.00,0.00,0,0
1544352490,2008-eth1,1193087.00,30085.91,1223172.88,30116,1194280,411.59,436.56,848.15,437,412,0.00,0.00,0,0
1544352490,2002-eth2,0.00,1958.04,1958.04,1960,0,0.00,19.98,19.98,20,0,0.00,0.00,0,0
1544352490,2003-eth1,230681.33,27258.74,257940.06,27286,230912,119.88,300.70,420.58,301,120,0.00,0.00,0,0
1544352490,3008-eth4,1221760.25,1219196.88,2440957.00,1220416,1222982,802.20,807.19,1609.39,808,803,0.00,0.00,0,0
1544352490,1004-eth4,3916.08,7832.17,11748.25,7840,3920,39.96,79.92,119.88,80,40,0.00,0.00,0,0
1544352490,3006-eth1,18311.69,446233.78,464545.47,446680,18330,194.81,207.79,402.60,208,195,0.00,0.00,0,0
1544352490,1004-eth3,0.00,0.00,0.00,0,0,0.00,0.00,0.00,0,0,0.00,0.00,0,0
1544352490,1002-eth2,1958.04,0.00,1958.04,0,1960,19.98,0.00,19.98,0,20,0.00,0.00,0,0
1544352490,3004-eth3,1222651.38,256000.00,1478651.38,256256,1223874,568.43,503.50,1071.93,504,569,0.00,0.00,0,0
1544352490,2003-eth3,38447.55,519542.47,557990.00,520062,38486,460.54,178.82,639.36,179,461,0.00,0.00,0,0
1544352490,2005-eth1,0.00,0.00,0.00,0,0,0.00,0.00,0.00,0,0,0.00,0.00,0,0
1544352490,3002-eth3,1220139.88,474585.44,1694725.38,475060,1221360,655.34,637.36,1292.71,638,656,0.00,0.00,0,0
1544352490,3006-eth3,1201816.25,522449.56,1724265.75,522972,1203018,626.37,617.38,1243.76,618,627,0.00,0.00,0,0
1544352490,2001-eth1,27318.68,881736.31,909055.00,882618,27346,301.70,340.66,642.36,341,302,0.00,0.00,0,0
1544352490,3005-eth2,26169.83,1193087.00,1219256.75,1194280,26196,396.60,411.59,808.19,412,397,0.00,0.00,0,0
1544352490,2001-eth2,17498.50,1958.04,19456.54,1960,17516,245.75,19.98,265.73,20,246,0.00,0.00,0,0
1544352490,3007-eth2,9790.21,3916.08,13706.29,3920,9800,99.90,39.96,139.86,40,100,0.00,0.00,0,0
1544352490,1001-eth1,881736.31,27318.68,909055.00,27346,882618,340.66,301.70,642.36,302,341,0.00,0.00,0,0
1544352490,3007-eth4,34139.86,1218673.38,1252813.25,1219892,34174,478.52,497.50,976.02,498,479,0.00,0.00,0,0
1544352490,2003-eth2,0.00,1958.04,1958.04,1960,0,0.00,19.98,19.98,20,0,0.00,0.00,0,0
1544352490,3007-eth3,1222189.88,729442.56,1951632.38,730172,1223412,633.37,641.36,1274.73,642,634,0.00,0.00,0,0
1544352490,1002-eth1,1958.04,17498.50,19456.54,17516,1960,19.98,245.75,265.73,246,20,0.00,0.00,0,0
1544352490,2002-eth3,448343.66,13990.01,462333.69,14004,448792,239.76,190.81,430.57,191,240,0.00,0.00,0,0
1544352490,2007-eth2,3976.02,17498.50,21474.53,17516,3980,40.96,245.75,286.71,246,41,0.00,0.00,0,0
1544352490,total,25317376.00,25281134.00,50598508.00,25306414,25342692,20200.80,20174.83,40375.63,20195,20221,0.00,0.00,0,0
1544352491,3003-eth3,1216783.25,523624.38,1740407.62,524148,1218000,551.45,569.43,1120.88,570,552,0.00,0.00,0,0
1544352491,2002-eth1,0.00,3916.08,3916.08,3920,0,0.00,39.96,39.96,40,0,0.00,0.00,0,0
1544352491,lo,64191.81,64191.81,128383.62,64256,64256,295.70,295.70,591.41,296,296,0.00,0.00,0,0
1544352491,3005-eth3,1188747.25,613286.75,1802034.00,613900,1189936,416.58,437.56,854.15,438,417,0.00,0.00,0,0
1544352491,2005-eth3,23288.71,603060.94,626349.69,603664,23312,247.75,282.72,530.47,283,248,0.00,0.00,0,0
1544352491,3004-eth4,23096.90,719746.25,742843.19,720466,23120,311.69,324.68,636.36,325,312,0.00,0.00,0,0
1544352491,1004-eth2,5776.22,3916.08,9692.31,3920,5782,58.94,39.96,98.90,40,59,0.00,0.00,0,0
1544352491,2004-eth4,10239.76,7734.27,17974.03,7742,10250,116.88,78.92,195.80,79,117,0.00,0.00,0,0
1544352491,1001-eth2,6421.58,581035.00,587456.56,581616,6428,77.92,255.74,333.67,256,78,0.00,0.00,0,0
1544352491,1003-eth3,1187168.88,25912.09,1213081.00,25938,1188356,409.59,392.61,802.20,393,410,0.00,0.00,0,0
1544352491,2002-eth4,14835.17,392703.31,407538.47,393096,14850,195.80,163.84,359.64,164,196,0.00,0.00,0,0
1544352491,1001-eth4,0.00,645400.62,645400.62,646046,0,0.00,222.78,222.78,223,0,0.00,0.00,0,0
1544352491,3001-eth2,8901.10,392703.31,401604.41,393096,8910,134.87,163.84,298.70,164,135,0.00,0.00,0,0
1544352491,1004-eth1,1958.04,0.00,1958.04,0,1960,19.98,0.00,19.98,0,20,0.00,0.00,0,0
1544352491,3005-eth4,1197514.50,1191404.62,2388919.25,1192596,1198712,566.43,561.44,1127.87,562,567,0.00,0.00,0,0
1544352491,1003-eth2,0.00,7734.27,7734.27,7742,0,0.00,78.92,78.92,79,0,0.00,0.00,0,0
1544352491,3008-eth1,7734.27,1860.14,9594.41,1862,7742,78.92,18.98,97.90,19,79,0.00,0.00,0,0
1544352491,1002-eth3,0.00,0.00,0.00,0,0,0.00,0.00,0.00,0,0,0.00,0.00,0,0
1544352491,2006-eth1,25912.09,1187168.88,1213081.00,1188356,25938,392.61,409.59,802.20,410,393,0.00,0.00,0,0
1544352491,3003-eth1,497382.62,18929.07,516311.69,18948,497880,171.83,257.74,429.57,258,172,0.00,0.00,0,0
1544352491,2001-eth3,1216309.75,17664.34,1233974.00,17682,1217526,478.52,267.73,746.25,268,479,0.00,0.00,0,0
1544352491,2008-eth2,7794.21,3916.08,11710.29,3920,7802,79.92,39.96,119.88,40,80,0.00,0.00,0,0
1544352491,2008-eth3,3976.02,9752.25,13728.27,9762,3980,40.96,99.90,140.86,100,41,0.00,0.00,0,0
1544352491,1001-eth3,0.00,0.00,0.00,0,0,0.00,0.00,0.00,0,0,0.00,0.00,0,0
1544352491,2007-eth4,1860.14,7734.27,9594.41,7742,1862,18.98,78.92,97.90,79,19,0.00,0.00,0,0
1544352491,2004-eth2,3916.08,5776.22,9692.31,5782,3920,39.96,58.94,98.90,59,40,0.00,0.00,0,0
1544352491,3002-eth1,7794.21,1958.04,9752.25,1960,7802,79.92,19.98,99.90,20,80,0.00,0.00,0,0
1544352491,3004-eth1,591584.44,497382.62,1088967.12,497880,592176,415.58,171.83,587.41,172,416,0.00,0.00,0,0
1544352491,2006-eth3,1187168.88,25912.09,1213081.00,25938,1188356,409.59,392.61,802.20,393,410,0.00,0.00,0,0
1544352491,3004-eth2,7734.27,10239.76,17974.03,10250,7742,78.92,116.88,195.80,117,79,0.00,0.00,0,0
1544352491,3001-eth3,1216515.50,199242.77,1415758.25,199442,1217732,525.47,432.57,958.04,433,526,0.00,0.00,0,0
1544352491,2003-eth4,497382.62,591584.44,1088967.12,592176,497880,171.83,415.58,587.41,416,172,0.00,0.00,0,0
1544352491,2008-eth4,31748.25,1187168.88,1218917.12,1188356,31780,452.55,409.59,862.14,410,453,0.00,0.00,0,0
1544352491,3008-eth3,33416.59,1215616.38,1249033.00,1216832,33450,468.53,495.50,964.04,496,469,0.00,0.00,0,0
1544352491,2005-eth2,0.00,0.00,0.00,0,0,0.00,0.00,0.00,0,0,0.00,0.00,0,0
1544352491,2006-eth4,59.94,59.94,119.88,60,60,1.00,1.00,2.00,1,1,0.00,0.00,0,0
1544352491,3006-eth2,59.94,59.94,119.88,60,60,1.00,1.00,2.00,1,1,0.00,0.00,0,0
1544352491,1003-eth4,29730.27,1187168.88,1216899.12,1188356,29760,431.57,409.59,841.16,410,432,0.00,0.00,0,0
1544352491,2006-eth2,0.00,0.00,0.00,0,0,0.00,0.00,0.00,0,0,0.00,0.00,0,0
1544352491,3001-eth1,17664.34,1216309.75,1233974.00,1217526,17682,267.73,478.52,746.25,479,268,0.00,0.00,0,0
1544352491,3008-eth2,1187168.88,31748.25,1218917.12,31780,1188356,409.59,452.55,862.14,453,410,0.00,0.00,0,0
1544352491,2004-eth3,3916.08,12355.64,16271.73,12368,3920,39.96,138.86,178.82,139,40,0.00,0.00,0,0
1544352491,3001-eth4,1226549.50,469166.84,1695716.38,469636,1227776,743.26,621.38,1364.64,622,744,0.00,0.00,0,0
1544352491,1003-eth1,3916.08,0.00,3916.08,0,3920,39.96,0.00,39.96,0,40,0.00,0.00,0,0
1544352491,3002-eth2,392703.31,14835.17,407538.47,14850,393096,163.84,195.80,359.64,196,164,0.00,0.00,0,0
1544352491,2005-eth4,603001.00,23348.65,626349.69,23372,603604,281.72,248.75,530.47,249,282,0.00,0.00,0,0
1544352491,3003-eth2,12355.64,3916.08,16271.73,3920,12368,138.86,39.96,178.82,40,139,0.00,0.00,0,0
1544352491,2007-eth1,645400.62,0.00,645400.62,0,646046,222.78,0.00,222.78,0,223,0.00,0.00,0,0
1544352491,1002-eth4,18917.08,3916.08,22833.17,3920,18936,267.73,39.96,307.69,40,268,0.00,0.00,0,0
1544352491,3002-eth4,34073.93,1212657.38,1246731.25,1213870,34108,477.52,494.51,972.03,495,478,0.00,0.00,0,0
1544352491,2007-eth3,20875.12,645400.62,666275.75,646046,20896,287.71,222.78,510.49,223,288,0.00,0.00,0,0
1544352491,3005-eth1,603060.94,23288.71,626349.69,23312,603664,282.72,247.75,530.47,248,283,0.00,0.00,0,0
1544352491,2001-eth4,1958.04,7794.21,9752.25,7802,1960,19.98,79.92,99.90,80,20,0.00,0.00,0,0
1544352491,3003-eth4,34073.93,1212755.25,1246829.25,1213968,34108,477.52,495.50,973.03,496,478,0.00,0.00,0,0
1544352491,2004-eth1,7734.27,0.00,7734.27,0,7742,78.92,0.00,78.92,0,79,0.00,0.00,0,0
1544352491,3006-eth4,1218050.00,1214205.88,2432255.75,1215420,1219268,1008.99,941.06,1950.05,942,1010,0.00,0.00,0,0
1544352491,3007-eth1,645400.62,20875.12,666275.75,20896,646046,222.78,287.71,510.49,288,223,0.00,0.00,0,0
1544352491,2008-eth1,1187168.88,29730.27,1216899.12,29760,1188356,409.59,431.57,841.16,432,410,0.00,0.00,0,0
1544352491,2002-eth2,0.00,1958.04,1958.04,1960,0,0.00,19.98,19.98,20,0,0.00,0.00,0,0
1544352491,2003-eth1,581035.00,6421.58,587456.56,6428,581616,255.74,77.92,333.67,78,256,0.00,0.00,0,0
1544352491,3008-eth4,1209588.50,1212949.12,2422537.50,1214162,1210798,793.21,800.20,1593.41,801,794,0.00,0.00,0,0
1544352491,1004-eth4,3916.08,7794.21,11710.29,7802,3920,39.96,79.92,119.88,80,40,0.00,0.00,0,0
1544352491,3006-eth1,23348.65,603001.00,626349.69,603604,23372,248.75,281.72,530.47,282,249,0.00,0.00,0,0
1544352491,1004-eth3,0.00,0.00,0.00,0,0,0.00,0.00,0.00,0,0,0.00,0.00,0,0
1544352491,1002-eth2,1958.04,0.00,1958.04,0,1960,19.98,0.00,19.98,0,20,0.00,0.00,0,0
1544352491,3004-eth3,1215706.38,606947.06,1822653.38,607554,1216922,664.34,648.35,1312.69,649,665,0.00,0.00,0,0
1544352491,2003-eth3,18929.07,497382.62,516311.69,497880,18948,257.74,171.83,429.57,172,258,0.00,0.00,0,0
1544352491,2005-eth1,0.00,0.00,0.00,0,0,0.00,0.00,0.00,0,0,0.00,0.00,0,0
1544352491,3002-eth3,1216451.62,418945.06,1635396.62,419364,1217668,568.43,561.44,1129.87,562,569,0.00,0.00,0,0
1544352491,3006-eth3,1190977.00,700915.12,1891892.12,701616,1192168,694.31,691.31,1385.61,692,695,0.00,0.00,0,0
1544352491,2001-eth1,6421.58,1219268.75,1225690.38,1220488,6428,77.92,479.52,557.44,480,78,0.00,0.00,0,0
1544352491,3005-eth2,25912.09,1187168.88,1213081.00,1188356,25938,392.61,409.59,802.20,410,393,0.00,0.00,0,0
1544352491,2001-eth2,18977.02,1958.04,20935.07,1960,18996,268.73,19.98,288.71,20,269,0.00,0.00,0,0
1544352491,3007-eth2,9752.25,3976.02,13728.27,3980,9762,99.90,40.96,140.86,41,100,0.00,0.00,0,0
1544352491,1001-eth1,1219268.75,6421.58,1225690.38,6428,1220488,479.52,77.92,557.44,78,480,0.00,0.00,0,0
1544352491,3007-eth4,34049.95,1212797.25,1246847.12,1214010,34084,477.52,496.50,974.03,497,478,0.00,0.00,0,0
1544352491,2003-eth2,0.00,1958.04,1958.04,1960,0,0.00,19.98,19.98,20,0,0.00,0.00,0,0
1544352491,3007-eth3,1215324.75,671618.38,1886943.12,672290,1216540,617.38,620.38,1237.76,621,618,0.00,0.00,0,0
1544352491,1002-eth1,1958.04,18977.02,20935.07,18996,1960,19.98,268.73,288.71,269,20,0.00,0.00,0,0
1544352491,2002-eth3,392703.31,8901.10,401604.41,8910,393096,163.84,134.87,298.70,135,164,0.00,0.00,0,0
1544352491,2007-eth2,3916.08,18917.08,22833.17,18936,3920,39.96,267.73,307.69,268,40,0.00,0.00,0,0
1544352491,total,26571186.00,26496144.00,53067332.00,26522640,26597756,19762.24,19591.41,39353.65,19611,19782,0.00,0.00,0,0
1544352492,3003-eth3,1214193.62,543860.31,1758054.00,544948,1216622,573.85,576.85,1150.70,578,575,0.00,0.00,0,0
1544352492,2002-eth1,59.88,3912.18,3972.06,3920,60,1.00,39.92,40.92,40,1,0.00,0.00,0,0
1544352492,lo,4784.43,4784.43,9568.86,4794,4794,46.91,46.91,93.81,47,47,0.00,0.00,0,0
1544352492,3005-eth3,1206626.75,606630.75,1813257.50,607844,1209040,435.13,433.13,868.26,434,436,0.00,0.00,0,0
1544352492,2005-eth3,24796.41,596289.44,621085.88,597482,24846,264.47,276.45,540.92,277,265,0.00,0.00,0,0
1544352492,3004-eth4,23239.52,725037.94,748277.44,726488,23286,314.37,327.35,641.72,328,315,0.00,0.00,0,0
1544352492,1004-eth2,5672.65,3912.18,9584.83,3920,5684,57.88,39.92,97.80,40,58,0.00,0.00,0,0
1544352492,2004-eth4,21526.95,7824.35,29351.30,7840,21570,288.42,79.84,368.26,80,289,0.00,0.00,0,0
1544352492,1001-eth2,17810.38,68642.72,86453.09,68780,17846,250.50,32.93,283.43,33,251,0.00,0.00,0,0
1544352492,1003-eth3,1188940.12,26143.71,1215083.88,26196,1191318,410.18,396.21,806.39,397,411,0.00,0.00,0,0
1544352492,2002-eth4,13772.46,448209.59,461982.06,449106,13800,179.64,156.69,336.33,157,180,0.00,0.00,0,0
1544352492,1001-eth4,0.00,737906.19,737906.19,739382,0,0.00,254.49,254.49,255,0,0.00,0.00,0,0
1544352492,3001-eth2,7904.19,448269.47,456173.66,449166,7920,119.76,157.68,277.45,158,120,0.00,0.00,0,0
1544352492,1004-eth1,1956.09,59.88,2015.97,60,1960,19.96,1.00,20.96,1,20,0.00,0.00,0,0
1544352492,3005-eth4,1199281.50,1207820.38,2407101.75,1210236,1201680,566.87,564.87,1131.74,566,568,0.00,0.00,0,0
1544352492,1003-eth2,0.00,7824.35,7824.35,7840,0,0.00,79.84,79.84,80,0,0.00,0.00,0,0
1544352492,3008-eth1,7628.74,1956.09,9584.83,1960,7644,77.84,19.96,97.80,20,78,0.00,0.00,0,0
1544352492,1002-eth3,0.00,0.00,0.00,0,0,0.00,0.00,0.00,0,0,0.00,0.00,0,0
1544352492,2006-eth1,26143.71,1188940.12,1215083.88,1191318,26196,396.21,410.18,806.39,411,397,0.00,0.00,0,0
1544352492,3003-eth1,517578.84,30568.86,548147.75,30630,518614,178.64,434.13,612.77,435,179,0.00,0.00,0,0
1544352492,2001-eth3,868632.75,28323.35,896956.12,28380,870370,308.38,429.14,737.52,430,309,0.00,0.00,0,0
1544352492,2008-eth2,7628.74,3912.18,11540.92,3920,7644,77.84,39.92,117.76,40,78,0.00,0.00,0,0
1544352492,2008-eth3,3912.18,9487.03,13399.20,9506,3920,39.92,96.81,136.73,97,40,0.00,0.00,0,0
1544352492,1001-eth3,0.00,0.00,0.00,0,0,0.00,0.00,0.00,0,0,0.00,0.00,0,0
1544352492,2007-eth4,1956.09,7628.74,9584.83,7644,1960,19.96,77.84,97.80,78,20,0.00,0.00,0,0
1544352492,2004-eth2,3912.18,5672.65,9584.83,5684,3920,39.92,57.88,97.80,58,40,0.00,0.00,0,0
1544352492,3002-eth1,7824.35,1858.28,9682.63,1862,7840,79.84,18.96,98.80,19,80,0.00,0.00,0,0
1544352492,3004-eth1,79385.23,517578.84,596964.06,518614,79544,195.61,178.64,374.25,179,196,0.00,0.00,0,0
1544352492,2006-eth3,1189000.00,26083.83,1215083.88,26136,1191378,411.18,395.21,806.39,396,412,0.00,0.00,0,0
1544352492,3004-eth2,7824.35,21526.95,29351.30,21570,7840,79.84,288.42,368.26,289,80,0.00,0.00,0,0
1544352492,3001-eth3,1216768.50,621047.94,1837816.38,622290,1219202,678.64,607.78,1286.43,609,680,0.00,0.00,0,0
1544352492,2003-eth4,517578.84,79385.23,596964.06,79544,518614,178.64,195.61,374.25,196,179,0.00,0.00,0,0
1544352492,2008-eth4,31854.29,1188940.12,1220794.50,1191318,31918,454.09,410.18,864.27,411,455,0.00,0.00,0,0
1544352492,3008-eth3,33810.38,1220217.62,1254028.00,1222658,33878,474.05,496.01,970.06,497,475,0.00,0.00,0,0
1544352492,2005-eth2,0.00,0.00,0.00,0,0,0.00,0.00,0.00,0,0,0.00,0.00,0,0
1544352492,2006-eth4,0.00,0.00,0.00,0,0,0.00,0.00,0.00,0,0,0.00,0.00,0,0
1544352492,3006-eth2,0.00,0.00,0.00,0,0,0.00,0.00,0.00,0,0,0.00,0.00,0,0
1544352492,1003-eth4,29996.01,1189000.00,1218996.00,1191378,30056,435.13,411.18,846.31,412,436,0.00,0.00,0,0
1544352492,2006-eth2,59.88,0.00,59.88,0,60,1.00,0.00,1.00,0,1,0.00,0.00,0,0
1544352492,3001-eth1,28323.35,868632.75,896956.12,870370,28380,429.14,308.38,737.52,309,430,0.00,0.00,0,0
1544352492,3008-eth2,1188940.12,31854.29,1220794.50,31918,1191318,410.18,454.09,864.27,455,411,0.00,0.00,0,0
1544352492,2004-eth3,3912.18,23678.64,27590.82,23726,3920,39.92,310.38,350.30,311,40,0.00,0.00,0,0
1544352492,3001-eth4,1220778.50,693279.44,1914057.88,694666,1223220,695.61,607.78,1303.39,609,697,0.00,0.00,0,0
1544352492,1003-eth1,3912.18,59.88,3972.06,60,3920,39.92,1.00,40.92,1,40,0.00,0.00,0,0
1544352492,3002-eth2,448209.59,13772.46,461982.06,13800,449106,156.69,179.64,336.33,180,157,0.00,0.00,0,0
1544352492,2005-eth4,596289.44,24796.41,621085.88,24846,597482,276.45,264.47,540.92,265,277,0.00,0.00,0,0
1544352492,3003-eth2,23678.64,3912.18,27590.82,3920,23726,310.38,39.92,350.30,40,311,0.00,0.00,0,0
1544352492,2007-eth1,737906.19,0.00,737906.19,0,739382,254.49,0.00,254.49,0,255,0.00,0.00,0,0
1544352492,1002-eth4,18337.33,3814.37,22151.70,3822,18374,258.48,38.92,297.41,39,259,0.00,0.00,0,0
1544352492,3002-eth4,34007.98,1217457.12,1251465.12,1219892,34076,477.05,497.01,974.05,498,478,0.00,0.00,0,0
1544352492,2007-eth3,20195.61,737966.06,758161.69,739442,20236,277.45,255.49,532.93,256,278,0.00,0.00,0,0
1544352492,3005-eth1,596289.44,24796.41,621085.88,24846,597482,276.45,264.47,540.92,265,277,0.00,0.00,0,0
1544352492,2001-eth4,1858.28,7824.35,9682.63,7840,1862,18.96,79.84,98.80,80,19,0.00,0.00,0,0
1544352492,3003-eth4,34105.79,1214501.00,1248606.88,1216930,34174,478.04,496.01,974.05,497,479,0.00,0.00,0,0
1544352492,2004-eth1,7824.35,0.00,7824.35,0,7840,79.84,0.00,79.84,0,80,0.00,0.00,0,0
1544352492,3006-eth4,1225022.00,1215032.00,2440054.00,1217462,1227472,913.17,963.07,1876.25,965,915,0.00,0.00,0,0
1544352492,3007-eth1,737966.06,20195.61,758161.69,20236,739442,255.49,277.45,532.93,278,256,0.00,0.00,0,0
1544352492,2008-eth1,1189000.00,29996.01,1218996.00,30056,1191378,411.18,435.13,846.31,436,412,0.00,0.00,0,0
1544352492,2002-eth2,59.88,1956.09,2015.97,1960,60,1.00,19.96,20.96,20,1,0.00,0.00,0,0
1544352492,2003-eth1,68642.72,17810.38,86453.09,17846,68780,32.93,250.50,283.43,251,33,0.00,0.00,0,0
1544352492,3008-eth4,1217584.88,1217980.12,2435565.00,1220416,1220020,800.40,806.39,1606.79,808,802,0.00,0.00,0,0
1544352492,1004-eth4,3912.18,7628.74,11540.92,7644,3920,39.92,77.84,117.76,78,40,0.00,0.00,0,0
1544352492,3006-eth1,24796.41,596289.44,621085.88,597482,24846,264.47,276.45,540.92,277,265,0.00,0.00,0,0
1544352492,1004-eth3,0.00,59.88,59.88,60,0,0.00,1.00,1.00,1,0,0.00,0.00,0,0
1544352492,1002-eth2,1954.14,0.00,1954.14,0,1960,19.94,0.00,19.94,0,20,0.00,0.00,0,0
1544352492,3004-eth3,1215036.88,94943.17,1309980.12,95228,1218682,451.65,432.70,884.35,434,453,0.00,0.00,0,0
1544352492,2003-eth3,30538.38,517062.81,547601.19,518614,30630,433.70,178.46,612.16,179,435,0.00,0.00,0,0
1544352492,2005-eth1,0.00,0.00,0.00,0,0,0.00,0.00,0.00,0,0,0.00,0.00,0,0
1544352492,3002-eth3,1217178.50,474017.94,1691196.38,475440,1220830,549.35,554.34,1103.69,556,551,0.00,0.00,0,0
1544352492,3006-eth3,1192002.00,641244.25,1833246.25,643168,1195578,698.90,681.95,1380.86,684,701,0.00,0.00,0,0
1544352492,2001-eth1,17792.62,864813.56,882606.19,867408,17846,250.25,307.08,557.33,308,251,0.00,0.00,0,0
1544352492,3005-eth2,26057.83,1190767.75,1216825.50,1194340,26136,394.82,411.76,806.58,413,396,0.00,0.00,0,0
1544352492,2001-eth2,18384.85,1856.43,20241.28,1862,18440,259.22,18.94,278.17,19,260,0.00,0.00,0,0
1544352492,3007-eth2,9575.27,3908.28,13483.55,3920,9604,97.71,39.88,137.59,40,98,0.00,0.00,0,0
1544352492,1001-eth1,864813.56,17792.62,882606.19,17846,867408,307.08,250.25,557.33,251,308,0.00,0.00,0,0
1544352492,3007-eth4,34000.00,1217655.00,1251655.00,1221308,34102,476.57,496.51,973.08,498,478,0.00,0.00,0,0
1544352492,2003-eth2,0.00,1954.14,1954.14,1960,0,0.00,19.94,19.94,20,0,0.00,0.00,0,0
1544352492,3007-eth3,1215156.50,763294.12,1978450.62,765584,1218802,650.05,650.05,1300.10,652,652,0.00,0.00,0,0
1544352492,1002-eth1,1856.43,18384.85,20241.28,18440,1862,18.94,259.22,278.17,260,19,0.00,0.00,0,0
1544352492,2002-eth3,447822.53,7962.11,455784.66,7986,449166,157.53,120.64,278.17,121,158,0.00,0.00,0,0
1544352492,2007-eth2,3810.57,18384.85,22195.41,18440,3822,38.88,259.22,298.11,260,39,0.00,0.00,0,0
1544352492,total,25190736.00,25367096.00,50557832.00,25443198,25266308,19643.07,19603.19,39246.26,19662,19702,0.00,0.00,0,0
1544352493,3003-eth3,1223391.25,558706.62,1782097.88,559824,1225838,581.84,582.83,1164.67,584,583,0.00,0.00,0,0
1544352493,2002-eth1,0.00,3912.18,3912.18,3920,0,0.00,39.92,39.92,40,0,0.00,0.00,0,0
1544352493,lo,375.25,375.25,750.50,376,376,3.99,3.99,7.98,4,4,0.00,0.00,0,0
1544352493,3005-eth3,1194946.12,424399.22,1619345.38,425248,1197336,365.27,343.31,708.58,344,366,0.00,0.00,0,0
1544352493,2005-eth3,13077.84,414518.97,427596.81,415348,13104,193.61,193.61,387.23,194,194,0.00,0.00,0,0
1544352493,3004-eth4,23105.79,711604.81,734710.62,713028,23152,311.38,321.36,632.73,322,312,0.00,0.00,0,0
1544352493,1004-eth2,5770.46,3814.37,9584.83,3822,5782,58.88,38.92,97.80,39,59,0.00,0.00,0,0
1544352493,2004-eth4,9471.06,7726.55,17197.61,7742,9490,104.79,78.84,183.63,79,105,0.00,0.00,0,0
1544352493,1001-eth2,5558.88,568363.31,573922.19,569500,5570,64.87,225.55,290.42,226,65,0.00,0.00,0,0
1544352493,1003-eth3,1194852.38,25952.10,1220804.38,26004,1197242,412.18,393.21,805.39,394,413,0.00,0.00,0,0
1544352493,2002-eth4,16143.71,411093.81,427237.53,411916,16176,215.57,141.72,357.29,142,216,0.00,0.00,0,0
1544352493,1001-eth4,0.00,619596.81,619596.81,620836,0,0.00,213.57,213.57,214,0,0.00,0.00,0,0
1544352493,3001-eth2,10275.45,411093.81,421369.28,411916,10296,155.69,141.72,297.41,142,156,0.00,0.00,0,0
1544352493,1004-eth1,1956.09,0.00,1956.09,0,1960,19.96,0.00,19.96,0,20,0.00,0.00,0,0
1544352493,3005-eth4,1204732.62,1207886.25,2412618.75,1210302,1207142,561.88,565.87,1127.74,567,563,0.00,0.00,0,0
1544352493,1003-eth2,0.00,7628.74,7628.74,7644,0,0.00,77.84,77.84,78,0,0.00,0.00,0,0
1544352493,3008-eth1,7530.94,1956.09,9487.03,1960,7546,76.85,19.96,96.81,20,77,0.00,0.00,0,0
1544352493,1002-eth3,0.00,0.00,0.00,0,0,0.00,0.00,0.00,0,0,0.00,0.00,0,0
1544352493,2006-eth1,25952.10,1194852.38,1220804.38,1197242,26004,393.21,412.18,805.39,413,394,0.00,0.00,0,0
1544352493,3003-eth1,532359.31,18483.04,550842.31,18520,533424,183.63,251.50,435.13,252,184,0.00,0.00,0,0
1544352493,2001-eth3,1182047.88,16335.33,1198383.25,16368,1184412,437.13,247.50,684.63,248,438,0.00,0.00,0,0
1544352493,2008-eth2,7726.55,3814.37,11540.92,3822,7742,78.84,38.92,117.76,39,79,0.00,0.00,0,0
1544352493,2008-eth3,3814.37,9682.63,13497.01,9702,3822,38.92,98.80,137.72,99,39,0.00,0.00,0,0
1544352493,1001-eth3,0.00,0.00,0.00,0,0,0.00,0.00,0.00,0,0,0.00,0.00,0,0
1544352493,2007-eth4,1956.09,7530.94,9487.03,7546,1960,19.96,76.85,96.81,77,20,0.00,0.00,0,0
1544352493,2004-eth2,3814.37,5770.46,9584.83,5782,3822,38.92,58.88,97.80,59,39,0.00,0.00,0,0
1544352493,3002-eth1,7824.35,1956.09,9780.44,1960,7840,79.84,19.96,99.80,20,80,0.00,0.00,0,0
1544352493,3004-eth1,579429.19,532359.31,1111788.50,533424,580588,393.21,183.63,576.85,184,394,0.00,0.00,0,0
1544352493,2006-eth3,1194852.38,25952.10,1220804.38,26004,1197242,412.18,393.21,805.39,394,413,0.00,0.00,0,0
1544352493,3004-eth2,7726.55,9471.06,17197.61,9490,7742,78.84,104.79,183.63,105,79,0.00,0.00,0,0
1544352493,3001-eth3,1224487.00,183217.56,1407704.62,183584,1226936,467.07,455.09,922.16,456,468,0.00,0.00,0,0
1544352493,2003-eth4,532359.31,579429.19,1111788.50,580588,533424,183.63,393.21,576.85,394,184,0.00,0.00,0,0
1544352493,2008-eth4,31624.75,1194852.38,1226477.12,1197242,31688,451.10,412.18,863.27,413,452,0.00,0.00,0,0
1544352493,3008-eth3,33646.71,1221630.75,1255277.50,1224074,33714,472.06,496.01,968.06,497,473,0.00,0.00,0,0
1544352493,2005-eth2,0.00,0.00,0.00,0,0,0.00,0.00,0.00,0,0,0.00,0.00,0,0
1544352493,2006-eth4,0.00,0.00,0.00,0,0,0.00,0.00,0.00,0,0,0.00,0.00,0,0
1544352493,3006-eth2,0.00,0.00,0.00,0,0,0.00,0.00,0.00,0,0,0.00,0.00,0,0
1544352493,1003-eth4,29668.66,1194852.38,1224521.00,1197242,29728,431.14,412.18,843.31,413,432,0.00,0.00,0,0
1544352493,2006-eth2,0.00,0.00,0.00,0,0,0.00,0.00,0.00,0,0,0.00,0.00,0,0
1544352493,3001-eth1,16335.33,1182047.88,1198383.25,1184412,16368,247.50,437.13,684.63,438,248,0.00,0.00,0,0
1544352493,3008-eth2,1194852.38,31624.75,1226477.12,31688,1197242,412.18,451.10,863.27,452,413,0.00,0.00,0,0
1544352493,2004-eth3,3814.37,11231.54,15045.91,11254,3822,38.92,122.75,161.68,123,39,0.00,0.00,0,0
1544352493,3001-eth4,1223375.25,631864.31,1855239.62,633128,1225822,625.75,618.76,1244.51,620,627,0.00,0.00,0,0
1544352493,1003-eth1,3912.18,0.00,3912.18,0,3920,39.92,0.00,39.92,0,40,0.00,0.00,0,0
1544352493,3002-eth2,411093.81,16143.71,427237.53,16176,411916,141.72,215.57,357.29,216,142,0.00,0.00,0,0
1544352493,2005-eth4,414518.97,13077.84,427596.81,13104,415348,193.61,193.61,387.23,194,194,0.00,0.00,0,0
1544352493,3003-eth2,11231.54,3814.37,15045.91,3822,11254,122.75,38.92,161.68,39,123,0.00,0.00,0,0
1544352493,2007-eth1,619596.81,0.00,619596.81,0,620836,213.57,0.00,213.57,0,214,0.00,0.00,0,0
1544352493,1002-eth4,18600.80,3814.37,22415.17,3822,18638,262.48,38.92,301.40,39,263,0.00,0.00,0,0
1544352493,3002-eth4,34237.53,1218968.12,1253205.62,1221406,34306,480.04,498.00,978.04,499,481,0.00,0.00,0,0
1544352493,2007-eth3,20361.28,619596.81,639958.12,620836,20402,280.44,213.57,494.01,214,281,0.00,0.00,0,0
1544352493,3005-eth1,414518.97,13077.84,427596.81,13104,415348,193.61,193.61,387.23,194,194,0.00,0.00,0,0
1544352493,2001-eth4,1956.09,7824.35,9780.44,7840,1960,19.96,79.84,99.80,80,20,0.00,0.00,0,0
1544352493,3003-eth4,33976.05,1221728.62,1255704.62,1224172,34044,477.05,497.01,974.05,498,478,0.00,0.00,0,0
1544352493,2004-eth1,7628.74,0.00,7628.74,0,7644,77.84,0.00,77.84,0,78,0.00,0.00,0,0
1544352493,3006-eth4,1233048.00,1219513.00,2452561.00,1221952,1235514,947.11,812.38,1759.48,814,949,0.00,0.00,0,0
1544352493,3007-eth1,619596.81,20361.28,639958.12,20402,620836,213.57,280.44,494.01,281,214,0.00,0.00,0,0
1544352493,2008-eth1,1194852.38,29668.66,1224521.00,29728,1197242,412.18,431.14,843.31,432,413,0.00,0.00,0,0
1544352493,2002-eth2,0.00,1956.09,1956.09,1960,0,0.00,19.96,19.96,20,0,0.00,0.00,0,0
1544352493,2003-eth1,568363.31,5558.88,573922.19,5570,569500,225.55,64.87,290.42,65,226,0.00,0.00,0,0
1544352493,3008-eth4,1220409.25,1217914.25,2438323.50,1220350,1222850,799.40,805.39,1604.79,807,801,0.00,0.00,0,0
1544352493,1004-eth4,3814.37,7726.55,11540.92,7742,3822,38.92,78.84,117.76,79,39,0.00,0.00,0,0
1544352493,3006-eth1,13077.84,414518.97,427596.81,415348,13104,193.61,193.61,387.23,194,194,0.00,0.00,0,0
1544352493,1004-eth3,0.00,0.00,0.00,0,0,0.00,0.00,0.00,0,0,0.00,0.00,0,0
1544352493,1002-eth2,1860.14,0.00,1860.14,0,1862,18.98,0.00,18.98,0,19,0.00,0.00,0,0
1544352493,3004-eth3,1220521.50,595346.69,1815868.12,595942,1221742,630.37,626.37,1256.74,627,631,0.00,0.00,0,0
1544352493,2003-eth3,18501.50,532891.12,551392.62,533424,18520,251.75,183.82,435.56,184,252,0.00,0.00,0,0
1544352493,2005-eth1,0.00,0.00,0.00,0,0,0.00,0.00,0.00,0,0,0.00,0.00,0,0
1544352493,3002-eth3,1221844.25,437944.06,1659788.25,438382,1223066,540.46,542.46,1082.92,543,541,0.00,0.00,0,0
1544352493,3006-eth3,1204681.38,496737.28,1701418.62,497234,1205886,618.38,600.40,1218.78,601,619,0.00,0.00,0,0
1544352493,2001-eth1,5564.44,1183228.75,1188793.25,1184412,5570,64.94,437.56,502.50,438,65,0.00,0.00,0,0
1544352493,3005-eth2,25978.02,1193087.00,1219065.00,1194280,26004,393.61,411.59,805.19,412,394,0.00,0.00,0,0
1544352493,2001-eth2,18553.45,1958.04,20511.49,1960,18572,261.74,19.98,281.72,20,262,0.00,0.00,0,0
1544352493,3007-eth2,9594.41,3818.18,13412.59,3822,9604,97.90,38.96,136.86,39,98,0.00,0.00,0,0
1544352493,1001-eth1,1183228.75,5564.44,1188793.25,5570,1184412,437.56,64.94,502.50,65,438,0.00,0.00,0,0
1544352493,3007-eth4,33780.22,1221436.62,1255216.88,1222658,33814,474.53,496.50,971.03,497,475,0.00,0.00,0,0
1544352493,2003-eth2,0.00,1860.14,1860.14,1862,0,0.00,18.98,18.98,19,0,0.00,0.00,0,0
1544352493,3007-eth3,1221134.88,646457.56,1867592.50,647104,1222356,617.38,611.39,1228.77,612,618,0.00,0.00,0,0
1544352493,1002-eth1,1958.04,18553.45,20511.49,18572,1960,19.98,261.74,281.72,262,20,0.00,0.00,0,0
1544352493,2002-eth3,411504.50,10219.78,421724.28,10230,411916,141.86,154.85,296.70,155,142,0.00,0.00,0,0
1544352493,2007-eth2,3818.18,18553.45,22371.63,18572,3822,38.96,261.74,300.70,262,39,0.00,0.00,0,0
1544352493,total,26195746.00,25857958.00,52053708.00,25883816,26221942,18566.43,18467.53,37033.97,18486,18585,0.00,0.00,0,0
1544352494,3003-eth3,1220141.88,545916.12,1766058.00,546462,1221362,580.42,578.42,1158.84,579,581,0.00,0.00,0,0
1544352494,2002-eth1,0.00,3916.08,3916.08,3920,0,0.00,39.96,39.96,40,0,0.00,0.00,0,0
1544352494,lo,0.00,0.00,0.00,0,0,0.00,0.00,0.00,0,0,0.00,0.00,0,0
1544352494,3005-eth3,1188867.12,621492.50,1810359.75,622114,1190056,347.65,364.64,712.29,365,348,0.00,0.00,0,0
1544352494,2005-eth3,11670.33,611338.69,623009.00,611950,11682,176.82,210.79,387.61,211,177,0.00,0.00,0,0
1544352494,3004-eth4,22899.10,707812.19,730711.31,708520,22922,308.69,319.68,628.37,320,309,0.00,0.00,0,0
1544352494,1004-eth2,5874.13,3818.18,9692.31,3822,5880,59.94,38.96,98.90,39,60,0.00,0.00,0,0
1544352494,2004-eth4,19074.93,7636.36,26711.29,7644,19094,250.75,77.92,328.67,78,251,0.00,0.00,0,0
1544352494,1001-eth2,15256.74,84365.63,99622.38,84450,15272,211.79,28.97,240.76,29,212,0.00,0.00,0,0
1544352494,1003-eth3,1193087.00,25912.09,1218999.00,25938,1194280,411.59,392.61,804.20,393,412,0.00,0.00,0,0
1544352494,2002-eth4,15170.83,561035.00,576205.81,561596,15186,200.80,193.81,394.61,194,201,0.00,0.00,0,0
1544352494,1001-eth4,0.00,712012.00,712012.00,712724,0,0.00,245.75,245.75,246,0,0.00,0.00,0,0
1544352494,3001-eth2,9296.70,561035.00,570331.69,561596,9306,140.86,193.81,334.67,194,141,0.00,0.00,0,0
1544352494,1004-eth1,1958.04,0.00,1958.04,0,1960,19.98,0.00,19.98,0,20,0.00,0.00,0,0
1544352494,3005-eth4,1203240.75,1203108.88,2406349.75,1204312,1204444,565.43,563.44,1128.87,564,566,0.00,0.00,0,0
1544352494,1003-eth2,0.00,7734.27,7734.27,7742,0,0.00,78.92,78.92,79,0,0.00,0.00,0,0
1544352494,3008-eth1,7734.27,1958.04,9692.31,1960,7742,78.92,19.98,98.90,20,79,0.00,0.00,0,0
1544352494,1002-eth3,0.00,0.00,0.00,0,0,0.00,0.00,0.00,0,0,0.00,0.00,0,0
1544352494,2006-eth1,25912.09,1193087.00,1218999.00,1194280,25938,392.61,411.59,804.20,412,393,0.00,0.00,0,0
1544352494,3003-eth1,519542.47,28523.48,548065.94,28552,520062,178.82,403.60,582.42,404,179,0.00,0.00,0,0
1544352494,2001-eth3,802295.75,24659.34,826955.06,24684,803098,276.72,373.63,650.35,374,277,0.00,0.00,0,0
1544352494,2008-eth2,7832.17,3818.18,11650.35,3822,7840,79.92,38.96,118.88,39,80,0.00,0.00,0,0
1544352494,2008-eth3,3818.18,9692.31,13510.49,9702,3822,38.96,98.90,137.86,99,39,0.00,0.00,0,0
1544352494,1001-eth3,0.00,0.00,0.00,0,0,0.00,0.00,0.00,0,0,0.00,0.00,0,0
1544352494,2007-eth4,1958.04,7734.27,9692.31,7742,1960,19.98,78.92,98.90,79,20,0.00,0.00,0,0
1544352494,2004-eth2,3818.18,5874.13,9692.31,5880,3822,38.96,59.94,98.90,60,39,0.00,0.00,0,0
1544352494,3002-eth1,7832.17,1958.04,9790.21,1960,7840,79.92,19.98,99.90,20,80,0.00,0.00,0,0
1544352494,3004-eth1,95772.23,519542.47,615314.69,520062,95868,201.80,178.82,380.62,179,202,0.00,0.00,0,0
1544352494,2006-eth3,1193087.00,25912.09,1218999.00,25938,1194280,411.59,392.61,804.20,393,412,0.00,0.00,0,0
1544352494,3004-eth2,7636.36,19074.93,26711.29,19094,7644,77.92,250.75,328.67,251,78,0.00,0.00,0,0
1544352494,3001-eth3,1220022.00,754825.19,1974847.25,755580,1221242,644.36,653.35,1297.70,654,645,0.00,0.00,0,0
1544352494,2003-eth4,519542.47,95772.23,615314.69,95868,520062,178.82,201.80,380.62,202,179,0.00,0.00,0,0
1544352494,2008-eth4,31590.41,1193087.00,1224677.38,1194280,31622,450.55,411.59,862.14,412,451,0.00,0.00,0,0
1544352494,3008-eth3,33746.25,1224493.50,1258239.75,1225718,33780,473.53,498.50,972.03,499,474,0.00,0.00,0,0
1544352494,2005-eth2,0.00,0.00,0.00,0,0,0.00,0.00,0.00,0,0,0.00,0.00,0,0
1544352494,2006-eth4,0.00,0.00,0.00,0,0,0.00,0.00,0.00,0,0,0.00,0.00,0,0
1544352494,3006-eth2,0.00,0.00,0.00,0,0,0.00,0.00,0.00,0,0,0.00,0.00,0,0
1544352494,1003-eth4,29730.27,1193087.00,1222817.25,1194280,29760,431.57,411.59,843.16,412,432,0.00,0.00,0,0
1544352494,2006-eth2,0.00,0.00,0.00,0,0,0.00,0.00,0.00,0,0,0.00,0.00,0,0
1544352494,3001-eth1,24659.34,802295.75,826955.06,803098,24684,373.63,276.72,650.35,277,374,0.00,0.00,0,0
1544352494,3008-eth2,1193087.00,31590.41,1224677.38,31622,1194280,411.59,450.55,862.14,451,412,0.00,0.00,0,0
1544352494,2004-eth3,3818.18,20935.07,24753.25,20956,3822,38.96,269.73,308.69,270,39,0.00,0.00,0,0
1544352494,3001-eth4,1224489.50,613182.81,1837672.38,613796,1225714,624.38,589.41,1213.79,590,625,0.00,0.00,0,0
1544352494,1003-eth1,3916.08,0.00,3916.08,0,3920,39.96,0.00,39.96,0,40,0.00,0.00,0,0
1544352494,3002-eth2,561035.00,15170.83,576205.81,15186,561596,193.81,200.80,394.61,201,194,0.00,0.00,0,0
1544352494,2005-eth4,611338.69,11670.33,623009.00,11682,611950,210.79,176.82,387.61,177,211,0.00,0.00,0,0
1544352494,3003-eth2,20935.07,3818.18,24753.25,3822,20956,269.73,38.96,308.69,39,270,0.00,0.00,0,0
1544352494,2007-eth1,712012.00,0.00,712012.00,0,712724,245.75,0.00,245.75,0,246,0.00,0.00,0,0
1544352494,1002-eth4,17234.77,3818.18,21052.95,3822,17252,241.76,38.96,280.72,39,242,0.00,0.00,0,0
1544352494,3002-eth4,34271.73,1224591.50,1258863.12,1225816,34306,480.52,499.50,980.02,500,481,0.00,0.00,0,0
1544352494,2007-eth3,19192.81,712012.00,731204.81,712724,19212,261.74,245.75,507.49,246,262,0.00,0.00,0,0
1544352494,3005-eth1,611338.69,11670.33,623009.00,11682,611950,210.79,176.82,387.61,177,211,0.00,0.00,0,0
1544352494,2001-eth4,1958.04,7832.17,9790.21,7840,1960,19.98,79.92,99.90,80,20,0.00,0.00,0,0
1544352494,3003-eth4,34009.99,1224395.62,1258405.62,1225620,34044,477.52,497.50,975.03,498,478,0.00,0.00,0,0
1544352494,2004-eth1,7734.27,0.00,7734.27,0,7742,78.92,0.00,78.92,0,79,0.00,0.00,0,0
1544352494,3006-eth4,1228307.75,1222807.25,2451115.00,1224030,1229536,1010.99,774.23,1785.21,775,1012,0.00,0.00,0,0
1544352494,3007-eth1,712012.00,19192.81,731204.81,19212,712724,245.75,261.74,507.49,262,246,0.00,0.00,0,0
1544352494,2008-eth1,1193087.00,29730.27,1222817.25,29760,1194280,411.59,431.57,843.16,432,412,0.00,0.00,0,0
1544352494,2002-eth2,0.00,1958.04,1958.04,1960,0,0.00,19.98,19.98,20,0,0.00,0.00,0,0
1544352494,2003-eth1,84365.63,15256.74,99622.38,15272,84450,28.97,211.79,240.76,212,29,0.00,0.00,0,0
1544352494,3008-eth4,1221760.25,1219262.75,2441023.00,1220482,1222982,802.20,808.19,1610.39,809,803,0.00,0.00,0,0
1544352494,1004-eth4,3818.18,7832.17,11650.35,7840,3822,38.96,79.92,118.88,80,39,0.00,0.00,0,0
1544352494,3006-eth1,11670.33,611338.69,623009.00,611950,11682,176.82,210.79,387.61,211,177,0.00,0.00,0,0
1544352494,1004-eth3,0.00,0.00,0.00,0,0,0.00,0.00,0.00,0,0,0.00,0.00,0,0
1544352494,1002-eth2,1860.14,0.00,1860.14,0,1862,18.98,0.00,18.98,0,19,0.00,0.00,0,0
1544352494,3004-eth3,1225640.38,110937.06,1336577.50,111048,1226866,444.56,431.57,876.12,432,445,0.00,0.00,0,0
1544352494,2003-eth3,28523.48,519542.47,548065.94,520062,28552,403.60,178.82,582.42,179,404,0.00,0.00,0,0
1544352494,2005-eth1,0.00,0.00,0.00,0,0,0.00,0.00,0.00,0,0,0.00,0.00,0,0
1544352494,3002-eth3,1225206.88,587474.56,1812681.38,588062,1226432,591.41,594.41,1185.81,595,592,0.00,0.00,0,0
1544352494,3006-eth3,1211136.88,655202.81,1866339.75,655858,1212348,597.40,612.39,1209.79,613,598,0.00,0.00,0,0
1544352494,2001-eth1,15256.74,802295.75,817552.50,803098,15272,211.79,276.72,488.51,277,212,0.00,0.00,0,0
1544352494,3005-eth2,25912.09,1193087.00,1218999.00,1194280,25938,392.61,411.59,804.20,412,393,0.00,0.00,0,0
1544352494,2001-eth2,17234.77,1958.04,19192.81,1960,17252,241.76,19.98,261.74,20,242,0.00,0.00,0,0
1544352494,3007-eth2,9692.31,3818.18,13510.49,3822,9702,98.90,38.96,137.86,39,99,0.00,0.00,0,0
1544352494,1001-eth1,802295.75,15256.74,817552.50,15272,803098,276.72,211.79,488.51,212,277,0.00,0.00,0,0
1544352494,3007-eth4,33976.02,1224493.50,1258469.62,1225718,34010,476.52,498.50,975.03,499,477,0.00,0.00,0,0
1544352494,2003-eth2,0.00,1860.14,1860.14,1862,0,0.00,18.98,18.98,19,0,0.00,0.00,0,0
1544352494,3007-eth3,1220219.88,738319.69,1958539.50,739058,1221440,647.35,644.36,1291.71,645,648,0.00,0.00,0,0
1544352494,1002-eth1,1958.04,17234.77,19192.81,17252,1960,19.98,241.76,261.74,242,20,0.00,0.00,0,0
1544352494,2002-eth3,561035.00,9296.70,570331.69,9306,561596,193.81,140.86,334.67,141,194,0.00,0.00,0,0
1544352494,2007-eth2,3818.18,17234.77,21052.95,17252,3822,38.96,241.76,280.72,242,39,0.00,0.00,0,0
1544352494,total,25338226.00,25668606.00,51006836.00,25694274,25363564,18879.12,18734.27,37613.39,18753,18898,0.00,0.00,0,0
1544352495,3003-eth3,1225272.75,572679.31,1797952.12,573252,1226498,592.41,589.41,1181.82,590,593,0.00,0.00,0,0
1544352495,2002-eth1,0.00,3916.08,3916.08,3920,0,0.00,39.96,39.96,40,0,0.00,0.00,0,0
1544352495,lo,2417.58,2417.58,4835.17,2420,2420,23.98,23.98,47.95,24,24,0.00,0.00,0,0
1544352495,3005-eth3,1198403.62,615706.31,1814110.00,616322,1199602,360.64,364.64,725.27,365,361,0.00,0.00,0,0
1544352495,2005-eth3,12527.47,605420.62,617948.06,606026,12540,189.81,208.79,398.60,209,190,0.00,0.00,0,0
1544352495,3004-eth4,23056.94,718331.69,741388.62,719050,23080,310.69,324.68,635.36,325,311,0.00,0.00,0,0
1544352495,1004-eth2,5874.13,3916.08,9790.21,3920,5880,59.94,39.96,99.90,40,60,0.00,0.00,0,0
1544352495,2004-eth4,8953.05,7892.11,16845.16,7900,8962,96.90,80.92,177.82,81,97,0.00,0.00,0,0
1544352495,1001-eth2,5036.96,624687.31,629724.31,625312,5042,56.94,215.78,272.73,216,57,0.00,0.00,0,0
1544352495,1003-eth3,1196105.88,26175.82,1222281.75,26202,1197302,413.59,396.60,810.19,397,414,0.00,0.00,0,0
1544352495,2002-eth4,16555.45,441094.91,457650.38,441536,16572,221.78,151.85,373.63,152,222,0.00,0.00,0,0
1544352495,1001-eth4,0.00,556563.44,556563.44,557120,0,0.00,191.81,191.81,192,0,0.00,0.00,0,0
1544352495,3001-eth2,10681.32,441094.91,451776.25,441536,10692,161.84,151.85,313.69,152,162,0.00,0.00,0,0
1544352495,1004-eth1,1958.04,0.00,1958.04,0,1960,19.98,0.00,19.98,0,20,0.00,0.00,0,0
1544352495,3005-eth4,1206331.75,1211986.00,2418317.75,1213198,1207538,568.43,566.43,1134.87,567,569,0.00,0.00,0,0
1544352495,1003-eth2,59.94,7832.17,7892.11,7840,60,1.00,79.92,80.92,80,1,0.00,0.00,0,0
1544352495,3008-eth1,7832.17,1958.04,9790.21,1960,7840,79.92,19.98,99.90,20,80,0.00,0.00,0,0
1544352495,1002-eth3,0.00,0.00,0.00,0,0,0.00,0.00,0.00,0,0,0.00,0.00,0,0
1544352495,2006-eth1,26175.82,1196105.88,1222281.75,1197302,26202,396.60,413.59,810.19,414,397,0.00,0.00,0,0
1544352495,3003-eth1,546239.75,18203.80,564443.56,18222,546786,188.81,246.75,435.56,247,189,0.00,0.00,0,0
1544352495,2001-eth3,1181250.75,15164.84,1196415.62,15180,1182432,407.59,229.77,637.36,230,408,0.00,0.00,0,0
1544352495,2008-eth2,7832.17,3916.08,11748.25,3920,7840,79.92,39.96,119.88,40,80,0.00,0.00,0,0
1544352495,2008-eth3,3916.08,9790.21,13706.29,9800,3920,39.96,99.90,139.86,100,40,0.00,0.00,0,0
1544352495,1001-eth3,0.00,0.00,0.00,0,0,0.00,0.00,0.00,0,0,0.00,0.00,0,0
1544352495,2007-eth4,1958.04,7832.17,9790.21,7840,1960,19.98,79.92,99.90,80,20,0.00,0.00,0,0
1544352495,2004-eth2,3916.08,5874.13,9790.21,5880,3920,39.96,59.94,99.90,60,40,0.00,0.00,0,0
1544352495,3002-eth1,7832.17,1958.04,9790.21,1960,7840,79.92,19.98,99.90,20,80,0.00,0.00,0,0
1544352495,3004-eth1,635956.06,546239.75,1182195.88,546786,636592,386.61,188.81,575.42,189,387,0.00,0.00,0,0
1544352495,2006-eth3,1196046.00,26175.82,1222221.75,26202,1197242,412.59,396.60,809.19,397,413,0.00,0.00,0,0
1544352495,3004-eth2,7892.11,8953.05,16845.16,8962,7900,80.92,96.90,177.82,97,81,0.00,0.00,0,0
1544352495,3001-eth3,1224329.75,184847.16,1409176.88,185032,1225554,468.53,455.54,924.08,456,469,0.00,0.00,0,0
1544352495,2003-eth4,546239.75,635956.06,1182195.88,636592,546786,188.81,386.61,575.42,387,189,0.00,0.00,0,0
1544352495,2008-eth4,32049.95,1196046.00,1228095.88,1197242,32082,456.54,412.59,869.13,413,457,0.00,0.00,0,0
1544352495,3008-eth3,33942.06,1221632.38,1255574.50,1222854,33976,475.52,498.50,974.03,499,476,0.00,0.00,0,0
1544352495,2005-eth2,0.00,0.00,0.00,0,0,0.00,0.00,0.00,0,0,0.00,0.00,0,0
1544352495,2006-eth4,0.00,0.00,0.00,0,0,0.00,0.00,0.00,0,0,0.00,0.00,0,0
1544352495,3006-eth2,0.00,0.00,0.00,0,0,0.00,0.00,0.00,0,0,0.00,0.00,0,0
1544352495,1003-eth4,30091.91,1196046.00,1226137.88,1197242,30122,436.56,412.59,849.15,413,437,0.00,0.00,0,0
1544352495,2006-eth2,0.00,0.00,0.00,0,0,0.00,0.00,0.00,0,0,0.00,0.00,0,0
1544352495,3001-eth1,15164.84,1181250.75,1196415.62,1182432,15180,229.77,407.59,637.36,408,230,0.00,0.00,0,0
1544352495,3008-eth2,1196046.00,32049.95,1228095.88,32082,1197242,412.59,456.54,869.13,457,413,0.00,0.00,0,0
1544352495,2004-eth3,3916.08,10911.09,14827.17,10922,3920,39.96,116.88,156.84,117,40,0.00,0.00,0,0
1544352495,3001-eth4,1223496.50,530333.69,1753830.25,530864,1224720,587.41,583.42,1170.83,584,588,0.00,0.00,0,0
1544352495,1003-eth1,3916.08,0.00,3916.08,0,3920,39.96,0.00,39.96,0,40,0.00,0.00,0,0
1544352495,3002-eth2,441094.91,16555.45,457650.38,16572,441536,151.85,221.78,373.63,222,152,0.00,0.00,0,0
1544352495,2005-eth4,605420.62,12527.47,617948.06,12540,606026,208.79,189.81,398.60,190,209,0.00,0.00,0,0
1544352495,3003-eth2,10911.09,3916.08,14827.17,3920,10922,116.88,39.96,156.84,40,117,0.00,0.00,0,0
1544352495,2007-eth1,556563.44,0.00,556563.44,0,557120,191.81,0.00,191.81,0,192,0.00,0.00,0,0
1544352495,1002-eth4,17960.04,3916.08,21876.12,3920,17978,252.75,39.96,292.71,40,253,0.00,0.00,0,0
1544352495,3002-eth4,34271.73,1224591.50,1258863.12,1225816,34306,480.52,499.50,980.02,500,481,0.00,0.00,0,0
1544352495,2007-eth3,19918.08,556563.44,576481.56,557120,19938,272.73,191.81,464.54,192,273,0.00,0.00,0,0
1544352495,3005-eth1,605420.62,12527.47,617948.06,12540,606026,208.79,189.81,398.60,190,209,0.00,0.00,0,0
1544352495,2001-eth4,1958.04,7832.17,9790.21,7840,1960,19.98,79.92,99.90,80,20,0.00,0.00,0,0
1544352495,3003-eth4,34271.73,1221632.38,1255904.12,1222854,34306,480.52,498.50,979.02,499,481,0.00,0.00,0,0
1544352495,2004-eth1,7832.17,59.94,7892.11,60,7840,79.92,1.00,80.92,1,80,0.00,0.00,0,0
1544352495,3006-eth4,1221035.00,1222090.00,2443125.00,1223312,1222256,791.21,807.19,1598.40,808,792,0.00,0.00,0,0
1544352495,3007-eth1,556563.44,19918.08,576481.56,19938,557120,191.81,272.73,464.54,273,192,0.00,0.00,0,0
1544352495,2008-eth1,1196046.00,30091.91,1226137.88,30122,1197242,412.59,436.56,849.15,437,413,0.00,0.00,0,0
1544352495,2002-eth2,0.00,1958.04,1958.04,1960,0,0.00,19.98,19.98,20,0,0.00,0.00,0,0
1544352495,2003-eth1,624687.31,5036.96,629724.31,5042,625312,215.78,56.94,272.73,57,216,0.00,0.00,0,0
1544352495,3008-eth4,1224653.38,1222090.00,2446743.25,1223312,1225878,802.20,807.19,1609.39,808,803,0.00,0.00,0,0
1544352495,1004-eth4,3916.08,7832.17,11748.25,7840,3920,39.96,79.92,119.88,80,40,0.00,0.00,0,0
1544352495,3006-eth1,12527.47,605420.62,617948.06,606026,12540,189.81,208.79,398.60,209,190,0.00,0.00,0,0
1544352495,1004-eth3,0.00,0.00,0.00,0,0,0.00,0.00,0.00,0,0,0.00,0.00,0,0
1544352495,1002-eth2,1958.04,0.00,1958.04,0,1960,19.98,0.00,19.98,0,20,0.00,0.00,0,0
1544352495,3004-eth3,1219288.75,651060.94,1870349.75,651712,1220508,589.41,615.38,1204.80,616,590,0.00,0.00,0,0
1544352495,2003-eth3,18203.80,546239.75,564443.56,546786,18222,246.75,188.81,435.56,189,247,0.00,0.00,0,0
1544352495,2005-eth1,0.00,0.00,0.00,0,0,0.00,0.00,0.00,0,0,0.00,0.00,0,0
1544352495,3002-eth3,1219940.12,467534.47,1687474.62,468002,1221160,555.44,552.45,1107.89,553,556,0.00,0.00,0,0
1544352495,3006-eth3,1209562.50,674337.69,1883900.12,675012,1210772,617.38,617.38,1234.77,618,618,0.00,0.00,0,0
1544352495,2001-eth1,5036.96,1181250.75,1186287.75,1182432,5042,56.94,407.59,464.54,408,57,0.00,0.00,0,0
1544352495,3005-eth2,26175.82,1196046.00,1222221.75,1197242,26202,396.60,412.59,809.19,413,397,0.00,0.00,0,0
1544352495,2001-eth2,17960.04,1958.04,19918.08,1960,17978,252.75,19.98,272.73,20,253,0.00,0.00,0,0
1544352495,3007-eth2,9790.21,3916.08,13706.29,3920,9800,99.90,39.96,139.86,40,100,0.00,0.00,0,0
1544352495,1001-eth1,1181250.75,5036.96,1186287.75,5042,1182432,407.59,56.94,464.54,57,408,0.00,0.00,0,0
1544352495,3007-eth4,34205.80,1221632.38,1255838.25,1222854,34240,479.52,498.50,978.02,499,480,0.00,0.00,0,0
1544352495,2003-eth2,0.00,1958.04,1958.04,1960,0,0.00,19.98,19.98,20,0,0.00,0.00,0,0
1544352495,3007-eth3,1220014.00,582871.12,1802885.12,583454,1221234,600.40,590.41,1190.81,591,601,0.00,0.00,0,0
1544352495,1002-eth1,1958.04,17960.04,19918.08,17978,1960,19.98,252.75,272.73,253,20,0.00,0.00,0,0
1544352495,2002-eth3,441094.91,10681.32,451776.25,10692,441536,151.85,161.84,313.69,162,152,0.00,0.00,0,0
1544352495,2007-eth2,3916.08,17960.04,21876.12,17978,3920,39.96,252.75,292.71,253,40,0.00,0.00,0,0
1544352495,total,26634682.00,26625962.00,53260644.00,26652588,26661316,18268.73,18377.62,36646.35,18396,18287,0.00,0.00,0,0
1544352496,3003-eth3,1219156.88,556239.75,1775396.62,556796,1220376,587.41,581.42,1168.83,582,588,0.00,0.00,0,0
1544352496,2002-eth1,0.00,3916.08,3916.08,3920,0,0.00,39.96,39.96,40,0,0.00,0.00,0,0
1544352496,lo,66867.13,66867.13,133734.27,66934,66934,333.67,333.67,667.33,334,334,0.00,0.00,0,0
1544352496,3005-eth3,1190709.38,597886.12,1788595.50,598484,1191900,353.65,357.64,711.29,358,354,0.00,0.00,0,0
1544352496,2005-eth3,12389.61,587666.38,600055.94,588254,12402,187.81,202.80,390.61,203,188,0.00,0.00,0,0
1544352496,3004-eth4,22799.20,713926.06,736725.31,714640,22822,306.69,323.68,630.37,324,307,0.00,0.00,0,0
1544352496,1004-eth2,5934.07,3916.08,9850.15,3920,5940,60.94,39.96,100.90,40,61,0.00,0.00,0,0
1544352496,2004-eth4,21546.46,7832.17,29378.62,7840,21568,287.71,79.92,367.63,80,288,0.00,0.00,0,0
1544352496,1001-eth2,17690.31,63652.35,81342.66,63716,17708,248.75,21.98,270.73,22,249,0.00,0.00,0,0
1544352496,1003-eth3,1190127.88,25978.02,1216105.88,26004,1191318,410.59,393.61,804.20,394,411,0.00,0.00,0,0
1544352496,2002-eth4,15962.04,506259.75,522221.78,506766,15978,212.79,174.83,387.61,175,213,0.00,0.00,0,0
1544352496,1001-eth4,59.94,694257.75,694317.69,694952,60,1.00,239.76,240.76,240,1,0.00,0.00,0,0
1544352496,3001-eth2,10087.91,506259.75,516347.66,506766,10098,152.85,174.83,327.67,175,153,0.00,0.00,0,0
1544352496,1004-eth1,2017.98,0.00,2017.98,0,2020,20.98,0.00,20.98,0,21,0.00,0.00,0,0
1544352496,3005-eth4,1200347.62,1204357.62,2404705.25,1205562,1201548,565.43,560.44,1125.87,561,566,0.00,0.00,0,0
1544352496,1003-eth2,0.00,7832.17,7832.17,7840,0,0.00,79.92,79.92,80,0,0.00,0.00,0,0
1544352496,3008-eth1,7734.27,1958.04,9692.31,1960,7742,78.92,19.98,98.90,20,79,0.00,0.00,0,0
1544352496,1002-eth3,0.00,59.94,59.94,60,0,0.00,1.00,1.00,1,0,0.00,0.00,0,0
1544352496,2006-eth1,25978.02,1190127.88,1216105.88,1191318,26004,393.61,410.59,804.20,411,394,0.00,0.00,0,0
1544352496,3003-eth1,529932.06,31252.75,561184.81,31284,530462,182.82,444.56,627.37,445,183,0.00,0.00,0,0
1544352496,2001-eth3,757910.12,27824.18,785734.31,27852,758668,261.74,421.58,683.32,422,262,0.00,0.00,0,0
1544352496,2008-eth2,7832.17,3976.02,11808.19,3980,7840,79.92,40.96,120.88,41,80,0.00,0.00,0,0
1544352496,2008-eth3,3916.08,9790.21,13706.29,9800,3920,39.96,99.90,139.86,100,40,0.00,0.00,0,0
1544352496,1001-eth3,59.94,59.94,119.88,60,60,1.00,1.00,2.00,1,1,0.00,0.00,0,0
1544352496,2007-eth4,1958.04,7734.27,9692.31,7742,1960,19.98,78.92,98.90,79,20,0.00,0.00,0,0
1544352496,2004-eth2,3916.08,5934.07,9850.15,5940,3920,39.96,60.94,100.90,61,40,0.00,0.00,0,0
1544352496,3002-eth1,7832.17,1860.14,9692.31,1862,7840,79.92,18.98,98.90,19,80,0.00,0.00,0,0
1544352496,3004-eth1,75256.74,529992.00,605248.75,530522,75332,197.80,183.82,381.62,184,198,0.00,0.00,0,0
1544352496,2006-eth3,1190127.88,25978.02,1216105.88,26004,1191318,410.59,393.61,804.20,394,411,0.00,0.00,0,0
1544352496,3004-eth2,7832.17,21546.46,29378.62,21568,7840,79.92,287.71,367.63,288,80,0.00,0.00,0,0
1544352496,3001-eth3,1217462.62,849382.62,2066845.25,850232,1218680,671.33,683.32,1354.65,684,672,0.00,0.00,0,0
1544352496,2003-eth4,529992.00,75256.74,605248.75,75332,530522,183.82,197.80,381.62,198,184,0.00,0.00,0,0
1544352496,2008-eth4,31852.15,1190127.88,1221980.00,1191318,31884,453.55,410.59,864.14,411,454,0.00,0.00,0,0
1544352496,3008-eth3,36483.52,1084012.00,1120495.50,1085096,36520,481.52,495.50,977.02,496,482,0.00,0.00,0,0
1544352496,2005-eth2,59.94,0.00,59.94,0,60,1.00,0.00,1.00,0,1,0.00,0.00,0,0
1544352496,2006-eth4,0.00,0.00,0.00,0,0,0.00,0.00,0.00,0,0,0.00,0.00,0,0
1544352496,3006-eth2,0.00,0.00,0.00,0,0,0.00,0.00,0.00,0,0,0.00,0.00,0,0
1544352496,1003-eth4,29894.11,1190127.88,1220022.00,1191318,29924,433.57,410.59,844.16,411,434,0.00,0.00,0,0
1544352496,2006-eth2,0.00,59.94,59.94,60,0,0.00,1.00,1.00,1,0,0.00,0.00,0,0
1544352496,3001-eth1,27824.18,757910.12,785734.31,758668,27852,421.58,261.74,683.32,262,422,0.00,0.00,0,0
1544352496,3008-eth2,1190127.88,31852.15,1221980.00,31884,1191318,410.59,453.55,864.14,454,411,0.00,0.00,0,0
1544352496,2004-eth3,3916.08,23504.50,27420.58,23528,3920,39.96,307.69,347.65,308,40,0.00,0.00,0,0
1544352496,3001-eth4,1218745.25,722209.81,1940955.12,722932,1219964,625.37,641.36,1266.73,642,626,0.00,0.00,0,0
1544352496,1003-eth1,3916.08,0.00,3916.08,0,3920,39.96,0.00,39.96,0,40,0.00,0.00,0,0
1544352496,3002-eth2,506259.75,15962.04,522221.78,15978,506766,174.83,212.79,387.61,213,175,0.00,0.00,0,0
1544352496,2005-eth4,587726.31,12329.67,600055.94,12342,588314,203.80,186.81,390.61,187,204,0.00,0.00,0,0
1544352496,3003-eth2,23504.50,3916.08,27420.58,3920,23528,307.69,39.96,347.65,40,308,0.00,0.00,0,0
1544352496,2007-eth1,694257.75,59.94,694317.69,60,694952,239.76,1.00,240.76,1,240,0.00,0.00,0,0
1544352496,1002-eth4,18085.91,3818.18,21904.10,3822,18104,254.75,38.96,293.71,39,255,0.00,0.00,0,0
1544352496,3002-eth4,34107.89,1221632.38,1255740.25,1222854,34142,478.52,498.50,977.02,499,479,0.00,0.00,0,0
1544352496,2007-eth3,19984.02,694257.75,714241.75,694952,20004,273.73,239.76,513.49,240,274,0.00,0.00,0,0
1544352496,3005-eth1,587666.38,12389.61,600055.94,12402,588254,202.80,187.81,390.61,188,203,0.00,0.00,0,0
1544352496,2001-eth4,1860.14,7832.17,9692.31,7840,1862,18.98,79.92,98.90,80,19,0.00,0.00,0,0
1544352496,3003-eth4,34199.80,1221632.38,1255832.25,1222854,34234,479.52,498.50,978.02,499,480,0.00,0.00,0,0
1544352496,2004-eth1,7832.17,0.00,7832.17,0,7840,79.92,0.00,79.92,0,80,0.00,0.00,0,0
1544352496,3006-eth4,1219258.75,1222090.00,2441348.75,1223312,1220478,786.21,807.19,1593.41,808,787,0.00,0.00,0,0
1544352496,3007-eth1,694257.75,19984.02,714241.75,20004,694952,239.76,273.73,513.49,274,240,0.00,0.00,0,0
1544352496,2008-eth1,1190127.88,29894.11,1220022.00,29924,1191318,410.59,433.57,844.16,434,411,0.00,0.00,0,0
1544352496,2002-eth2,0.00,2017.98,2017.98,2020,0,0.00,20.98,20.98,21,0,0.00,0.00,0,0
1544352496,2003-eth1,63652.35,17690.31,81342.66,17708,63716,21.98,248.75,270.73,249,22,0.00,0.00,0,0
1544352496,3008-eth4,1221496.50,1218865.12,2440361.75,1220084,1222718,798.20,813.19,1611.39,814,799,0.00,0.00,0,0
1544352496,1004-eth4,3976.02,7832.17,11808.19,7840,3980,40.96,79.92,120.88,80,41,0.00,0.00,0,0
1544352496,3006-eth1,12329.67,587726.31,600055.94,588314,12342,186.81,203.80,390.61,204,187,0.00,0.00,0,0
1544352496,1004-eth3,59.94,0.00,59.94,0,60,1.00,0.00,1.00,0,1,0.00,0.00,0,0
1544352496,1002-eth2,2017.98,59.94,2077.92,60,2020,20.98,1.00,21.98,1,21,0.00,0.00,0,0
1544352496,3004-eth3,1221138.88,90265.73,1311404.62,90356,1222360,442.56,425.57,868.13,426,443,0.00,0.00,0,0
1544352496,2003-eth3,31252.75,529932.06,561184.81,530462,31284,444.56,182.82,627.37,183,445,0.00,0.00,0,0
1544352496,2005-eth1,59.94,59.94,119.88,60,60,1.00,1.00,2.00,1,1,0.00,0.00,0,0
1544352496,3002-eth3,1221456.62,532633.38,1754090.00,533166,1222678,578.42,574.43,1152.85,575,579,0.00,0.00,0,0
1544352496,3006-eth3,1209760.25,677428.56,1887188.88,678106,1210970,620.38,620.38,1240.76,621,621,0.00,0.00,0,0
1544352496,2001-eth1,17630.37,757970.06,775600.44,758728,17648,247.75,262.74,510.49,263,248,0.00,0.00,0,0
1544352496,3005-eth2,25978.02,1190127.88,1216105.88,1191318,26004,393.61,410.59,804.20,411,394,0.00,0.00,0,0
1544352496,2001-eth2,18025.97,1920.08,19946.05,1922,18044,253.75,19.98,273.73,20,254,0.00,0.00,0,0
1544352496,3007-eth2,9790.21,3916.08,13706.29,3920,9800,99.90,39.96,139.86,40,100,0.00,0.00,0,0
1544352496,1001-eth1,757970.06,17630.37,775600.44,17648,758728,262.74,247.75,510.49,248,263,0.00,0.00,0,0
1544352496,3007-eth4,34073.93,1220185.88,1254259.75,1221406,34108,477.52,498.50,976.02,499,478,0.00,0.00,0,0
1544352496,2003-eth2,59.94,2017.98,2077.92,2020,60,1.00,20.98,21.98,21,1,0.00,0.00,0,0
1544352496,3007-eth3,1219956.12,720499.50,1940455.62,721220,1221176,643.36,637.36,1280.72,638,644,0.00,0.00,0,0
1544352496,1002-eth1,1920.08,18025.97,19946.05,18044,1922,19.98,253.75,273.73,254,20,0.00,0.00,0,0
1544352496,2002-eth3,506259.75,10087.91,516347.66,10098,506766,174.83,152.85,327.67,153,175,0.00,0.00,0,0
1544352496,2007-eth2,3818.18,18085.91,21904.10,18104,3822,38.96,254.75,293.71,255,39,0.00,0.00,0,0
1544352496,total,25088068.00,25420162.00,50508228.00,25445582,25113156,19279.72,19400.60,38680.32,19420,19299,0.00,0.00,0,0
1544352497,3003-eth3,1222577.50,571100.94,1793678.38,571672,1223800,595.40,587.41,1182.82,588,596,0.00,0.00,0,0
1544352497,2002-eth1,0.00,3976.02,3976.02,3980,0,0.00,40.96,40.96,41,0,0.00,0.00,0,0
1544352497,lo,8269.73,8269.73,16539.46,8278,8278,80.92,80.92,161.84,81,81,0.00,0.00,0,0
1544352497,3005-eth3,1193842.25,597862.12,1791704.38,598460,1195036,357.64,357.64,715.28,358,358,0.00,0.00,0,0
1544352497,2005-eth3,12461.54,587666.38,600127.88,588254,12474,188.81,202.80,391.61,203,189,0.00,0.00,0,0
1544352497,3004-eth4,22733.27,725762.25,748495.50,726488,22756,305.69,327.67,633.37,328,306,0.00,0.00,0,0
1544352497,1004-eth2,5874.13,3976.02,9850.15,3980,5880,59.94,40.96,100.90,41,60,0.00,0.00,0,0
1544352497,2004-eth4,9342.66,7832.17,17174.83,7840,9352,102.90,79.92,182.82,80,103,0.00,0.00,0,0
1544352497,1001-eth2,5366.63,649806.19,655172.88,650456,5372,61.94,223.78,285.71,224,62,0.00,0.00,0,0
1544352497,1003-eth3,1184209.88,25780.22,1209990.00,25806,1185394,408.59,390.61,799.20,391,409,0.00,0.00,0,0
1544352497,2002-eth4,14809.19,390791.22,405600.41,391182,14824,195.80,134.87,330.67,135,196,0.00,0.00,0,0
1544352497,1001-eth4,0.00,577336.69,577336.69,577914,0,0.00,199.80,199.80,200,0,0.00,0.00,0,0
1544352497,3001-eth2,9092.91,390791.22,399884.12,391182,9102,137.86,134.87,272.73,135,138,0.00,0.00,0,0
1544352497,1004-eth1,1860.14,0.00,1860.14,0,1862,18.98,0.00,18.98,0,19,0.00,0.00,0,0
1544352497,3005-eth4,1194363.62,1207118.88,2401482.50,1208326,1195558,562.44,558.44,1120.88,559,563,0.00,0.00,0,0
1544352497,1003-eth2,0.00,7892.11,7892.11,7900,0,0.00,80.92,80.92,81,0,0.00,0.00,0,0
1544352497,3008-eth1,7892.11,1920.08,9812.19,1922,7900,80.92,19.98,100.90,20,81,0.00,0.00,0,0
1544352497,1002-eth3,59.94,0.00,59.94,0,60,1.00,0.00,1.00,0,1,0.00,0.00,0,0
1544352497,2006-eth1,25780.22,1184209.88,1209990.00,1185394,25806,390.61,408.59,799.20,409,391,0.00,0.00,0,0
1544352497,3003-eth1,544787.25,18731.27,563518.50,18750,545332,188.81,254.75,443.56,255,189,0.00,0.00,0,0
1544352497,2001-eth3,1159085.00,13780.22,1172865.12,13794,1160244,400.60,208.79,609.39,209,401,0.00,0.00,0,0
1544352497,2008-eth2,7734.27,3916.08,11650.35,3920,7742,78.92,39.96,118.88,40,79,0.00,0.00,0,0
1544352497,2008-eth3,3916.08,9692.31,13608.39,9702,3920,39.96,98.90,138.86,99,40,0.00,0.00,0,0
1544352497,1001-eth3,0.00,0.00,0.00,0,0,0.00,0.00,0.00,0,0,0.00,0.00,0,0
1544352497,2007-eth4,1918.16,7884.23,9802.40,7900,1922,19.96,80.84,100.80,81,20,0.00,0.00,0,0
1544352497,2004-eth2,3976.02,5874.13,9850.15,5880,3980,40.96,59.94,100.90,60,41,0.00,0.00,0,0
1544352497,3002-eth1,7734.27,2017.98,9752.25,2020,7742,78.92,20.98,99.90,21,79,0.00,0.00,0,0
1544352497,3004-eth1,661212.81,544727.31,1205940.12,545272,661874,396.60,187.81,584.42,188,397,0.00,0.00,0,0
1544352497,2006-eth3,1184209.88,25780.22,1209990.00,25806,1185394,408.59,390.61,799.20,391,409,0.00,0.00,0,0
1544352497,3004-eth2,7832.17,9342.66,17174.83,9352,7840,79.92,102.90,182.82,103,80,0.00,0.00,0,0
1544352497,3001-eth3,1221626.38,45772.23,1267398.62,45818,1222848,427.57,408.59,836.16,409,428,0.00,0.00,0,0
1544352497,2003-eth4,544727.31,661212.81,1205940.12,661874,545272,187.81,396.60,584.42,397,188,0.00,0.00,0,0
1544352497,2008-eth4,31654.35,1184269.75,1215924.12,1185454,31686,450.55,409.59,860.14,410,451,0.00,0.00,0,0
1544352497,3008-eth3,47912.09,984040.00,1031952.06,985024,47960,512.49,515.48,1027.97,516,513,0.00,0.00,0,0
1544352497,2005-eth2,0.00,59.94,59.94,60,0,0.00,1.00,1.00,1,0,0.00,0.00,0,0
1544352497,2006-eth4,0.00,0.00,0.00,0,0,0.00,0.00,0.00,0,0,0.00,0.00,0,0
1544352497,3006-eth2,0.00,0.00,0.00,0,0,0.00,0.00,0.00,0,0,0.00,0.00,0,0
1544352497,1003-eth4,29756.24,1184209.88,1213966.12,1185394,29786,431.57,408.59,840.16,409,432,0.00,0.00,0,0
1544352497,2006-eth2,0.00,0.00,0.00,0,0,0.00,0.00,0.00,0,0,0.00,0.00,0,0
1544352497,3001-eth1,13780.22,1159085.00,1172865.12,1160244,13794,208.79,400.60,609.39,401,209,0.00,0.00,0,0
1544352497,3008-eth2,1184269.75,31654.35,1215924.12,31686,1185454,409.59,450.55,860.14,451,410,0.00,0.00,0,0
1544352497,2004-eth3,3976.02,11240.76,15216.78,11252,3980,40.96,121.88,162.84,122,41,0.00,0.00,0,0
1544352497,3001-eth4,1223884.12,423017.00,1646901.12,423440,1225108,549.45,535.46,1084.92,536,550,0.00,0.00,0,0
1544352497,1003-eth1,3976.02,0.00,3976.02,0,3980,40.96,0.00,40.96,0,41,0.00,0.00,0,0
1544352497,3002-eth2,390791.22,14809.19,405600.41,14824,391182,134.87,195.80,330.67,196,135,0.00,0.00,0,0
1544352497,2005-eth4,587666.38,12461.54,600127.88,12474,588254,202.80,188.81,391.61,189,203,0.00,0.00,0,0
1544352497,3003-eth2,11240.76,3976.02,15216.78,3980,11252,121.88,40.96,162.84,41,122,0.00,0.00,0,0
1544352497,2007-eth1,577336.69,0.00,577336.69,0,577914,199.80,0.00,199.80,0,200,0.00,0.00,0,0
1544352497,1002-eth4,16147.85,3916.08,20063.94,3920,16164,225.77,39.96,265.73,40,226,0.00,0.00,0,0
1544352497,3002-eth4,34173.83,1223047.00,1257220.88,1224270,34208,479.52,498.50,978.02,499,480,0.00,0.00,0,0
1544352497,2007-eth3,18263.74,577276.75,595540.50,577854,18282,247.75,198.80,446.55,199,248,0.00,0.00,0,0
1544352497,3005-eth1,587666.38,12461.54,600127.88,12474,588254,202.80,188.81,391.61,189,203,0.00,0.00,0,0
1544352497,2001-eth4,2017.98,7734.27,9752.25,7742,2020,20.98,78.92,99.90,79,21,0.00,0.00,0,0
1544352497,3003-eth4,34205.80,1223144.88,1257350.62,1224368,34240,479.52,499.50,979.02,500,480,0.00,0.00,0,0
1544352497,2004-eth1,7892.11,0.00,7892.11,0,7900,80.92,0.00,80.92,0,81,0.00,0.00,0,0
1544352497,3006-eth4,1222811.25,1222131.88,2444943.00,1223354,1224034,796.20,808.19,1604.40,809,797,0.00,0.00,0,0
1544352497,3007-eth1,577276.75,18263.74,595540.50,18282,577854,198.80,247.75,446.55,248,199,0.00,0.00,0,0
1544352497,2008-eth1,1184209.88,29756.24,1213966.12,29786,1185394,408.59,431.57,840.16,432,409,0.00,0.00,0,0
1544352497,2002-eth2,0.00,1860.14,1860.14,1862,0,0.00,18.98,18.98,19,0,0.00,0.00,0,0
1544352497,2003-eth1,649806.19,5366.63,655172.88,5372,650456,223.78,61.94,285.71,62,224,0.00,0.00,0,0
1544352497,3008-eth4,1219992.00,1224241.75,2444233.75,1225466,1221212,841.16,840.16,1681.32,841,842,0.00,0.00,0,0
1544352497,1004-eth4,3916.08,7734.27,11650.35,7742,3920,39.96,78.92,118.88,79,40,0.00,0.00,0,0
1544352497,3006-eth1,12461.54,587666.38,600127.88,588254,12474,188.81,202.80,391.61,203,189,0.00,0.00,0,0
1544352497,1004-eth3,0.00,0.00,0.00,0,0,0.00,0.00,0.00,0,0,0.00,0.00,0,0
1544352497,1002-eth2,1958.04,0.00,1958.04,0,1960,19.98,0.00,19.98,0,20,0.00,0.00,0,0
1544352497,3004-eth3,1222581.50,676113.88,1898695.38,676790,1223804,617.38,622.38,1239.76,623,618,0.00,0.00,0,0
1544352497,2003-eth3,18731.27,544787.25,563518.50,545332,18750,254.75,188.81,443.56,189,255,0.00,0.00,0,0
1544352497,2005-eth1,0.00,0.00,0.00,0,0,0.00,0.00,0.00,0,0,0.00,0.00,0,0
1544352497,3002-eth3,1223620.38,417230.78,1640851.25,417648,1224844,545.45,535.46,1080.92,536,546,0.00,0.00,0,0
1544352497,3006-eth3,1209628.38,663948.06,1873576.50,664612,1210838,618.38,613.39,1231.77,614,619,0.00,0.00,0,0
1544352497,2001-eth1,5426.57,1159025.00,1164451.62,1160184,5432,62.94,399.60,462.54,400,63,0.00,0.00,0,0
1544352497,3005-eth2,25780.22,1184209.88,1209990.00,1185394,25806,390.61,408.59,799.20,409,391,0.00,0.00,0,0
1544352497,2001-eth2,16147.85,1958.04,18105.89,1960,16164,225.77,19.98,245.75,20,226,0.00,0.00,0,0
1544352497,3007-eth2,9692.31,3916.08,13608.39,3920,9702,98.90,39.96,138.86,40,99,0.00,0.00,0,0
1544352497,1001-eth1,1159025.00,5426.57,1164451.62,5432,1160184,399.60,62.94,462.54,63,400,0.00,0.00,0,0
1544352497,3007-eth4,34205.80,1224493.50,1258699.38,1225718,34240,479.52,498.50,978.02,499,480,0.00,0.00,0,0
1544352497,2003-eth2,0.00,1958.04,1958.04,1960,0,0.00,19.98,19.98,20,0,0.00,0.00,0,0
1544352497,3007-eth3,1223302.75,603650.38,1826953.12,604254,1224526,606.39,598.40,1204.80,599,607,0.00,0.00,0,0
1544352497,1002-eth1,1958.04,16147.85,18105.89,16164,1960,19.98,225.77,245.75,226,20,0.00,0.00,0,0
1544352497,2002-eth3,390791.22,9092.91,399884.12,9102,391182,134.87,137.86,272.73,138,135,0.00,0.00,0,0
1544352497,2007-eth2,3916.08,16147.85,20063.94,16164,3920,39.96,225.77,265.73,226,40,0.00,0.00,0,0
1544352497,total,26491148.00,25972362.00,52463508.00,25998334,26517638,18150.85,18181.82,36332.67,18200,18169,0.00,0.00,0,0
1544352498,3003-eth3,1219282.75,556239.75,1775522.50,556796,1220502,589.41,581.42,1170.83,582,590,0.00,0.00,0,0
1544352498,2002-eth1,0.00,3916.08,3916.08,3920,0,0.00,39.96,39.96,40,0,0.00,0.00,0,0
1544352498,lo,6957.04,6957.04,13914.09,6964,6964,67.93,67.93,135.86,68,68,0.00,0.00,0,0
1544352498,3005-eth3,1198271.75,578421.62,1776693.38,579000,1199470,358.64,347.65,706.29,348,359,0.00,0.00,0,0
1544352498,2005-eth3,12263.74,568399.62,580663.38,568968,12276,185.81,195.80,381.62,196,186,0.00,0.00,0,0
1544352498,3004-eth4,22603.40,746279.75,768883.12,747026,22626,304.70,332.67,637.36,333,305,0.00,0.00,0,0
1544352498,1004-eth2,5678.32,3818.18,9496.50,3822,5684,57.94,38.96,96.90,39,58,0.00,0.00,0,0
1544352498,2004-eth4,20493.51,7636.36,28129.87,7644,20514,272.73,77.92,350.65,78,273,0.00,0.00,0,0
1544352498,1001-eth2,16773.23,100673.33,117446.55,100774,16790,234.77,34.97,269.73,35,235,0.00,0.00,0,0
1544352498,1003-eth3,1167902.12,25384.62,1193286.75,25410,1169070,402.60,384.62,787.21,385,403,0.00,0.00,0,0
1544352498,2002-eth4,16483.52,544787.25,561270.75,545332,16500,220.78,188.81,409.59,189,221,0.00,0.00,0,0
1544352498,1001-eth4,0.00,703134.88,703134.88,703838,0,0.00,242.76,242.76,243,0,0.00,0.00,0,0
1544352498,3001-eth2,10549.45,544727.31,555276.75,545272,10560,159.84,187.81,347.65,188,160,0.00,0.00,0,0
1544352498,1004-eth1,1958.04,0.00,1958.04,0,1960,19.98,0.00,19.98,0,20,0.00,0.00,0,0
1544352498,3005-eth4,1177858.12,1211392.62,2389250.75,1212604,1179036,553.45,557.44,1110.89,558,554,0.00,0.00,0,0
1544352498,1003-eth2,0.00,7832.17,7832.17,7840,0,0.00,79.92,79.92,80,0,0.00,0.00,0,0
1544352498,3008-eth1,7832.17,1958.04,9790.21,1960,7840,79.92,19.98,99.90,20,80,0.00,0.00,0,0
1544352498,1002-eth3,0.00,0.00,0.00,0,0,0.00,0.00,0.00,0,0,0.00,0.00,0,0
1544352498,2006-eth1,25384.62,1167902.12,1193286.75,1169070,25410,384.62,402.60,787.21,403,385,0.00,0.00,0,0
1544352498,3003-eth1,529932.06,30269.73,560201.81,30300,530462,182.82,429.57,612.39,430,183,0.00,0.00,0,0
1544352498,2001-eth3,871866.19,29136.86,901003.00,29166,872738,300.70,441.56,742.26,442,301,0.00,0.00,0,0
1544352498,2008-eth2,7696.30,3818.18,11514.49,3822,7704,78.92,38.96,117.88,39,79,0.00,0.00,0,0
1544352498,2008-eth3,3878.12,9654.35,13532.47,9664,3882,39.96,98.90,138.86,99,40,0.00,0.00,0,0
1544352498,1001-eth3,0.00,0.00,0.00,0,0,0.00,0.00,0.00,0,0,0.00,0.00,0,0
1544352498,2007-eth4,1958.04,7832.17,9790.21,7840,1960,19.98,79.92,99.90,80,20,0.00,0.00,0,0
1544352498,2004-eth2,3818.18,5678.32,9496.50,5684,3822,38.96,57.94,96.90,58,39,0.00,0.00,0,0
1544352498,3002-eth1,7794.21,1958.04,9752.25,1960,7802,79.92,19.98,99.90,20,80,0.00,0.00,0,0
1544352498,3004-eth1,112211.79,529932.06,642143.88,530462,112324,209.79,182.82,392.61,183,210,0.00,0.00,0,0
1544352498,2006-eth3,1167902.12,25444.56,1193346.62,25470,1169070,402.60,385.61,788.21,386,403,0.00,0.00,0,0
1544352498,3004-eth2,7636.36,20493.51,28129.87,20514,7644,77.92,272.73,350.65,273,78,0.00,0.00,0,0
1544352498,3001-eth3,1219510.50,1016403.62,2235914.25,1017420,1220730,724.28,737.26,1461.54,738,725,0.00,0.00,0,0
1544352498,2003-eth4,529932.06,112211.79,642143.88,112324,530462,182.82,209.79,392.61,210,183,0.00,0.00,0,0
1544352498,2008-eth4,31318.68,1167902.12,1199220.75,1169070,31350,445.55,402.60,848.15,403,446,0.00,0.00,0,0
1544352498,3008-eth3,57012.99,932659.38,989672.38,933592,57070,624.38,547.45,1171.83,548,625,0.00,0.00,0,0
1544352498,2005-eth2,0.00,0.00,0.00,0,0,0.00,0.00,0.00,0,0,0.00,0.00,0,0
1544352498,2006-eth4,0.00,59.94,59.94,60,0,0.00,1.00,1.00,1,0,0.00,0.00,0,0
1544352498,3006-eth2,59.94,0.00,59.94,0,60,1.00,0.00,1.00,0,1,0.00,0.00,0,0
1544352498,1003-eth4,29300.70,1167902.12,1197202.88,1169070,29330,424.58,402.60,827.17,403,425,0.00,0.00,0,0
1544352498,2006-eth2,0.00,0.00,0.00,0,0,0.00,0.00,0.00,0,0,0.00,0.00,0,0
1544352498,3001-eth1,29136.86,871866.19,901003.00,872738,29166,441.56,300.70,742.26,301,442,0.00,0.00,0,0
1544352498,3008-eth2,1167902.12,31318.68,1199220.75,31350,1169070,402.60,445.55,848.15,446,403,0.00,0.00,0,0
1544352498,2004-eth3,3720.28,22609.39,26329.67,22632,3724,37.96,294.71,332.67,295,38,0.00,0.00,0,0
1544352498,3001-eth4,1219544.50,846225.81,2065770.25,847072,1220764,681.32,679.32,1360.64,680,682,0.00,0.00,0,0
1544352498,1003-eth1,3916.08,0.00,3916.08,0,3920,39.96,0.00,39.96,0,40,0.00,0.00,0,0
1544352498,3002-eth2,544787.25,16483.52,561270.75,16500,545332,188.81,220.78,409.59,221,189,0.00,0.00,0,0
1544352498,2005-eth4,568399.62,12323.68,580723.31,12336,568968,195.80,186.81,382.62,187,196,0.00,0.00,0,0
1544352498,3003-eth2,22609.39,3720.28,26329.67,3724,22632,294.71,37.96,332.67,38,295,0.00,0.00,0,0
1544352498,2007-eth1,703134.88,0.00,703134.88,0,703838,242.76,0.00,242.76,0,243,0.00,0.00,0,0
1544352498,1002-eth4,20135.87,3976.02,24111.89,3980,20156,285.71,40.96,326.67,41,286,0.00,0.00,0,0
1544352498,3002-eth4,34199.80,1221632.38,1255832.25,1222854,34234,479.52,498.50,978.02,499,480,0.00,0.00,0,0
1544352498,2007-eth3,22093.91,703134.88,725228.81,703838,22116,305.69,242.76,548.45,243,306,0.00,0.00,0,0
1544352498,3005-eth1,568399.62,12263.74,580663.38,12276,568968,195.80,185.81,381.62,186,196,0.00,0.00,0,0
1544352498,2001-eth4,1958.04,7892.11,9850.15,7900,1960,19.98,80.92,100.90,81,20,0.00,0.00,0,0
1544352498,3003-eth4,33944.06,1221534.50,1255478.50,1222756,33978,476.52,497.50,974.03,498,477,0.00,0.00,0,0
1544352498,2004-eth1,7832.17,0.00,7832.17,0,7840,79.92,0.00,79.92,0,80,0.00,0.00,0,0
1544352498,3006-eth4,1220026.00,1219196.88,2439222.75,1220416,1221246,798.20,807.19,1605.39,808,799,0.00,0.00,0,0
1544352498,3007-eth1,703134.88,22093.91,725228.81,22116,703838,242.76,305.69,548.45,306,243,0.00,0.00,0,0
1544352498,2008-eth1,1167902.12,29300.70,1197202.88,29330,1169070,402.60,424.58,827.17,425,403,0.00,0.00,0,0
1544352498,2002-eth2,0.00,1958.04,1958.04,1960,0,0.00,19.98,19.98,20,0,0.00,0.00,0,0
1544352498,2003-eth1,100673.33,16773.23,117446.55,16790,100774,34.97,234.77,269.73,235,35,0.00,0.00,0,0
1544352498,3008-eth4,1229554.50,1217083.00,2446637.50,1218300,1230784,1029.97,947.05,1977.02,948,1031,0.00,0.00,0,0
1544352498,1004-eth4,3818.18,7696.30,11514.49,7704,3822,38.96,78.92,117.88,79,39,0.00,0.00,0,0
1544352498,3006-eth1,12323.68,568399.62,580723.31,568968,12336,186.81,195.80,382.62,196,187,0.00,0.00,0,0
1544352498,1004-eth3,0.00,0.00,0.00,0,0,0.00,0.00,0.00,0,0,0.00,0.00,0,0
1544352498,1002-eth2,1956.09,0.00,1956.09,0,1960,19.96,0.00,19.96,0,20,0.00,0.00,0,0
1544352498,3004-eth3,1220608.88,127117.77,1347726.62,127372,1223050,452.10,437.13,889.22,438,453,0.00,0.00,0,0
1544352498,2003-eth3,30239.52,529403.19,559642.75,530462,30300,429.14,182.63,611.78,183,430,0.00,0.00,0,0
1544352498,2005-eth1,0.00,0.00,0.00,0,0,0.00,0.00,0.00,0,0,0.00,0.00,0,0
1544352498,3002-eth3,1221351.38,570465.06,1791816.38,571606,1223794,594.81,585.83,1180.64,587,596,0.00,0.00,0,0
1544352498,3006-eth3,1205788.50,667752.50,1873541.00,669088,1208200,621.76,614.77,1236.53,616,623,0.00,0.00,0,0
1544352498,2001-eth1,16756.49,870996.06,887752.50,872738,16790,234.53,300.40,534.93,301,235,0.00,0.00,0,0
1544352498,3005-eth2,25419.16,1169692.62,1195111.75,1172032,25470,385.23,403.19,788.42,404,386,0.00,0.00,0,0
1544352498,2001-eth2,20175.65,1956.09,22131.74,1960,20216,286.43,19.96,306.39,20,287,0.00,0.00,0,0
1544352498,3007-eth2,9644.71,3874.25,13518.96,3882,9664,98.80,39.92,138.72,40,99,0.00,0.00,0,0
1544352498,1001-eth1,870996.06,16756.49,887752.50,16790,872738,300.40,234.53,534.93,235,301,0.00,0.00,0,0
1544352498,3007-eth4,33942.12,1220217.62,1254159.75,1222658,34010,476.05,496.01,972.06,497,477,0.00,0.00,0,0
1544352498,2003-eth2,0.00,1956.09,1956.09,1960,0,0.00,19.96,19.96,20,0,0.00,0.00,0,0
1544352498,3007-eth3,1220249.50,728648.75,1948898.25,730106,1222690,643.71,639.72,1283.43,641,645,0.00,0.00,0,0
1544352498,1002-eth1,1956.09,20175.65,22131.74,20216,1960,19.96,286.43,306.39,287,20,0.00,0.00,0,0
1544352498,2002-eth3,544183.62,10538.92,554722.56,10560,545272,187.62,159.68,347.31,160,188,0.00,0.00,0,0
1544352498,2007-eth2,3972.06,20115.77,24087.82,20156,3980,40.92,285.43,326.35,286,41,0.00,0.00,0,0
1544352498,total,25289664.00,25838108.00,51127768.00,25889784,25340242,19606.79,19506.99,39113.77,19546,19646,0.00,0.00,0,0
1544352499,3003-eth3,1218071.88,555684.62,1773756.50,556796,1220508,588.82,580.84,1169.66,582,590,0.00,0.00,0,0
1544352499,2002-eth1,59.88,3912.18,3972.06,3920,60,1.00,39.92,40.92,40,1,0.00,0.00,0,0
1544352499,lo,63391.22,63391.22,126782.44,63518,63518,284.43,284.43,568.86,285,285,0.00,0.00,0,0
1544352499,3005-eth3,1189844.38,585333.38,1775177.75,586504,1192224,358.28,351.30,709.58,352,359,0.00,0.00,0,0
1544352499,2005-eth3,12514.97,575315.38,587830.38,576466,12540,189.62,199.60,389.22,200,190,0.00,0.00,0,0
1544352499,3004-eth4,23265.47,788626.75,811892.25,790204,23312,314.37,349.30,663.67,350,315,0.00,0.00,0,0
1544352499,1004-eth2,5868.26,3814.37,9682.63,3822,5880,59.88,38.92,98.80,39,60,0.00,0.00,0,0
1544352499,2004-eth4,11151.70,7824.35,18976.05,7840,11174,130.74,79.84,210.58,80,131,0.00,0.00,0,0
1544352499,1001-eth2,7239.52,428890.22,436129.75,429748,7254,90.82,148.70,239.52,149,91,0.00,0.00,0,0
1544352499,1003-eth3,1174219.62,25616.77,1199836.38,25668,1176568,406.19,388.22,794.41,389,407,0.00,0.00,0,0
1544352499,2002-eth4,13838.32,387445.12,401283.44,388220,13866,180.64,133.73,314.37,134,181,0.00,0.00,0,0
1544352499,1001-eth4,0.00,656580.88,656580.88,657894,0,0.00,226.55,226.55,227,0,0.00,0.00,0,0
1544352499,3001-eth2,7970.06,387505.00,395475.06,388280,7986,120.76,134.73,255.49,135,121,0.00,0.00,0,0
1544352499,1004-eth1,1956.09,59.88,2015.97,60,1960,19.96,1.00,20.96,1,20,0.00,0.00,0,0
1544352499,3005-eth4,1184297.50,1202892.25,2387189.75,1205298,1186666,558.88,555.89,1114.77,557,560,0.00,0.00,0,0
1544352499,1003-eth2,59.88,7824.35,7884.23,7840,60,1.00,79.84,80.84,80,1,0.00,0.00,0,0
1544352499,3008-eth1,7824.35,1956.09,9780.44,1960,7840,79.84,19.96,99.80,20,80,0.00,0.00,0,0
1544352499,1002-eth3,0.00,0.00,0.00,0,0,0.00,0.00,0.00,0,0,0.00,0.00,0,0
1544352499,2006-eth1,25616.77,1174219.62,1199836.38,1176568,25668,388.22,406.19,794.41,407,389,0.00,0.00,0,0
1544352499,3003-eth1,529403.19,20129.74,549532.94,20170,530462,182.63,276.45,459.08,277,183,0.00,0.00,0,0
1544352499,2001-eth3,986349.31,15544.91,1001894.25,15576,988322,340.32,235.53,575.85,236,341,0.00,0.00,0,0
1544352499,2008-eth2,7824.35,3814.37,11638.72,3822,7840,79.84,38.92,118.76,39,80,0.00,0.00,0,0
1544352499,2008-eth3,3814.37,9780.44,13594.81,9800,3822,38.92,99.80,138.72,100,39,0.00,0.00,0,0
1544352499,1001-eth3,0.00,0.00,0.00,0,0,0.00,0.00,0.00,0,0,0.00,0.00,0,0
1544352499,2007-eth4,1956.09,7824.35,9780.44,7840,1960,19.96,79.84,99.80,80,20,0.00,0.00,0,0
1544352499,2004-eth2,3814.37,5868.26,9682.63,5880,3822,38.92,59.88,98.80,60,39,0.00,0.00,0,0
1544352499,3002-eth1,7726.55,1956.09,9682.63,1960,7742,78.84,19.96,98.80,20,79,0.00,0.00,0,0
1544352499,3004-eth1,439764.47,529403.19,969167.69,530462,440644,313.37,182.63,496.01,183,314,0.00,0.00,0,0
1544352499,2006-eth3,1174219.62,25556.89,1199776.50,25608,1176568,406.19,387.23,793.41,388,407,0.00,0.00,0,0
1544352499,3004-eth2,7824.35,11151.70,18976.05,11174,7840,79.84,130.74,210.58,131,80,0.00,0.00,0,0
1544352499,3001-eth3,1218956.12,50259.48,1269215.62,50360,1221394,427.15,411.18,838.32,412,428,0.00,0.00,0,0
1544352499,2003-eth4,529403.19,439764.47,969167.69,440644,530462,182.63,313.37,496.01,314,183,0.00,0.00,0,0
1544352499,2008-eth4,31425.15,1174159.75,1205584.88,1176508,31488,447.11,405.19,852.30,406,448,0.00,0.00,0,0
1544352499,3008-eth3,53275.45,1146399.25,1199674.62,1148692,53382,689.62,580.84,1270.46,582,691,0.00,0.00,0,0
1544352499,2005-eth2,0.00,0.00,0.00,0,0,0.00,0.00,0.00,0,0,0.00,0.00,0,0
1544352499,2006-eth4,59.88,0.00,59.88,0,60,1.00,0.00,1.00,0,1,0.00,0.00,0,0
1544352499,3006-eth2,0.00,59.88,59.88,60,0,0.00,1.00,1.00,1,0,0.00,0.00,0,0
1544352499,1003-eth4,29469.06,1174219.62,1203688.62,1176568,29528,427.15,406.19,833.33,407,428,0.00,0.00,0,0
1544352499,2006-eth2,59.88,0.00,59.88,0,60,1.00,0.00,1.00,0,1,0.00,0.00,0,0
1544352499,3001-eth1,15544.91,986349.31,1001894.25,988322,15576,235.53,340.32,575.85,341,236,0.00,0.00,0,0
1544352499,3008-eth2,1174159.75,31425.15,1205584.88,31488,1176508,405.19,447.11,852.30,448,406,0.00,0.00,0,0
1544352499,2004-eth3,3912.18,13009.98,16922.16,13036,3920,39.92,149.70,189.62,150,40,0.00,0.00,0,0
1544352499,3001-eth4,1224367.25,368071.88,1592439.12,368808,1226816,530.94,518.96,1049.90,520,532,0.00,0.00,0,0
1544352499,1003-eth1,3912.18,59.88,3972.06,60,3920,39.92,1.00,40.92,1,40,0.00,0.00,0,0
1544352499,3002-eth2,387445.12,13838.32,401283.44,13866,388220,133.73,180.64,314.37,181,134,0.00,0.00,0,0
1544352499,2005-eth4,575255.50,12514.97,587770.50,12540,576406,198.60,189.62,388.22,190,199,0.00,0.00,0,0
1544352499,3003-eth2,13009.98,3912.18,16922.16,3920,13036,149.70,39.92,189.62,40,150,0.00,0.00,0,0
1544352499,2007-eth1,656580.88,0.00,656580.88,0,657894,226.55,0.00,226.55,0,227,0.00,0.00,0,0
1544352499,1002-eth4,15934.13,3912.18,19846.31,3920,15966,222.55,39.92,262.48,40,223,0.00,0.00,0,0
1544352499,3002-eth4,34171.66,1217261.50,1251433.12,1219696,34240,479.04,495.01,974.05,496,480,0.00,0.00,0,0
1544352499,2007-eth3,17890.22,656640.75,674530.94,657954,17926,242.51,227.54,470.06,228,243,0.00,0.00,0,0
1544352499,3005-eth1,575315.38,12514.97,587830.38,12540,576466,199.60,189.62,389.22,190,200,0.00,0.00,0,0
1544352499,2001-eth4,1956.09,7628.74,9584.83,7644,1960,19.96,77.84,97.80,78,20,0.00,0.00,0,0
1544352499,3003-eth4,34039.92,1217359.38,1251399.25,1219794,34108,477.05,496.01,973.05,497,478,0.00,0.00,0,0
1544352499,2004-eth1,7824.35,59.88,7884.23,60,7840,79.84,1.00,80.84,1,80,0.00,0.00,0,0
1544352499,3006-eth4,1216199.62,1217782.50,2433982.00,1220218,1218632,801.40,803.39,1604.79,805,803,0.00,0.00,0,0
1544352499,3007-eth1,656640.75,17890.22,674530.94,17926,657954,227.54,242.51,470.06,243,228,0.00,0.00,0,0
1544352499,2008-eth1,1174219.62,29469.06,1203688.62,29528,1176568,406.19,427.15,833.33,428,407,0.00,0.00,0,0
1544352499,2002-eth2,59.94,1958.04,2017.98,1960,60,1.00,19.98,20.98,20,1,0.00,0.00,0,0
1544352499,2003-eth1,429318.69,7246.75,436565.44,7254,429748,148.85,90.91,239.76,91,149,0.00,0.00,0,0
1544352499,3008-eth4,1233256.75,1220829.25,2454086.00,1222050,1234490,1107.89,1015.98,2123.88,1017,1109,0.00,0.00,0,0
1544352499,1004-eth4,3818.18,7832.17,11650.35,7840,3822,38.96,79.92,118.88,80,39,0.00,0.00,0,0
1544352499,3006-eth1,12527.47,575830.19,588357.69,576406,12540,189.81,198.80,388.61,199,190,0.00,0.00,0,0
1544352499,1004-eth3,0.00,59.94,59.94,60,0,0.00,1.00,1.00,1,0,0.00,0.00,0,0
1544352499,1002-eth2,1958.04,0.00,1958.04,0,1960,19.98,0.00,19.98,0,20,0.00,0.00,0,0
1544352499,3004-eth3,1219874.12,455632.38,1675506.50,456088,1221094,554.45,547.45,1101.90,548,555,0.00,0.00,0,0
1544352499,2003-eth3,20149.85,529932.06,550081.94,530462,20170,276.72,182.82,459.54,183,277,0.00,0.00,0,0
1544352499,2005-eth1,0.00,0.00,0.00,0,0,0.00,0.00,0.00,0,0,0.00,0.00,0,0
1544352499,3002-eth3,1216321.75,414205.81,1630527.50,414620,1217538,544.46,533.47,1077.92,534,545,0.00,0.00,0,0
1544352499,3006-eth3,1206471.50,640341.69,1846813.25,640982,1207678,614.39,606.39,1220.78,607,615,0.00,0.00,0,0
1544352499,2001-eth1,7246.75,990293.75,997540.50,991284,7254,90.91,341.66,432.57,342,91,0.00,0.00,0,0
1544352499,3005-eth2,25582.42,1172433.62,1198016.00,1173606,25608,387.61,405.59,793.21,406,388,0.00,0.00,0,0
1544352499,2001-eth2,15950.05,1958.04,17908.09,1960,15966,222.78,19.98,242.76,20,223,0.00,0.00,0,0
1544352499,3007-eth2,9790.21,3818.18,13608.39,3822,9800,99.90,38.96,138.86,39,100,0.00,0.00,0,0
1544352499,1001-eth1,990293.75,7246.75,997540.50,7254,991284,341.66,90.91,432.57,91,342,0.00,0.00,0,0
1544352499,3007-eth4,34004.00,1218673.38,1252677.38,1219892,34038,477.52,497.50,975.03,498,478,0.00,0.00,0,0
1544352499,2003-eth2,0.00,1958.04,1958.04,1960,0,0.00,19.98,19.98,20,0,0.00,0.00,0,0
1544352499,3007-eth3,1221788.25,683544.50,1905332.75,684228,1223010,627.37,625.37,1252.75,626,628,0.00,0.00,0,0
1544352499,1002-eth1,1958.04,15950.05,17908.09,15966,1960,19.98,222.78,242.76,223,20,0.00,0.00,0,0
1544352499,2002-eth3,387892.12,7978.02,395870.16,7986,388280,134.87,120.88,255.74,121,135,0.00,0.00,0,0
1544352499,2007-eth2,3916.08,15950.05,19866.13,15966,3920,39.96,222.78,262.74,223,40,0.00,0.00,0,0
1544352499,total,25820836.00,25273424.00,51094260.00,25298696,25846656,18595.41,18410.59,37006.00,18429,18614,0.00,0.00,0,0
1544352500,3003-eth3,1218827.25,539932.06,1758759.25,540472,1220046,582.42,575.42,1157.84,576,583,0.00,0.00,0,0
1544352500,2002-eth1,0.00,3818.18,3818.18,3822,0,0.00,38.96,38.96,39,0,0.00,0.00,0,0
1544352500,lo,8191.81,8191.81,16383.62,8200,8200,79.92,79.92,159.84,80,80,0.00,0.00,0,0
1544352500,3005-eth3,1195246.75,580000.00,1775246.75,580580,1196442,356.64,349.65,706.29,350,357,0.00,0.00,0,0
1544352500,2005-eth3,12389.61,569912.12,582301.69,570482,12402,187.81,196.80,384.62,197,188,0.00,0.00,0,0
1544352500,3004-eth4,23656.34,824825.19,848481.56,825650,23680,319.68,360.64,680.32,361,320,0.00,0.00,0,0
1544352500,1004-eth2,5934.07,3916.08,9850.15,3920,5940,60.94,39.96,100.90,40,61,0.00,0.00,0,0
1544352500,2004-eth4,15018.98,7794.21,22813.19,7802,15034,188.81,79.92,268.73,80,189,0.00,0.00,0,0
1544352500,1001-eth2,11162.84,336016.00,347178.84,336352,11174,149.85,115.88,265.73,116,150,0.00,0.00,0,0
1544352500,1003-eth3,1190127.88,26043.96,1216171.88,26070,1191318,410.59,394.61,805.19,395,411,0.00,0.00,0,0
1544352500,2002-eth4,17512.49,426299.72,443812.19,426726,17530,236.76,146.85,383.62,147,237,0.00,0.00,0,0
1544352500,1001-eth4,59.94,713458.56,713518.50,714172,60,1.00,245.75,246.75,246,1,0.00,0.00,0,0
1544352500,3001-eth2,11736.26,426299.72,438035.97,426726,11748,177.82,146.85,324.68,147,178,0.00,0.00,0,0
1544352500,1004-eth1,2017.98,0.00,2017.98,0,2020,20.98,0.00,20.98,0,21,0.00,0.00,0,0
1544352500,3005-eth4,1200215.88,1208895.12,2409111.00,1210104,1201416,563.44,563.44,1126.87,564,564,0.00,0.00,0,0
1544352500,1003-eth2,0.00,7734.27,7734.27,7742,0,0.00,78.92,78.92,79,0,0.00,0.00,0,0
1544352500,3008-eth1,7832.17,1958.04,9790.21,1960,7840,79.92,19.98,99.90,20,80,0.00,0.00,0,0
1544352500,1002-eth3,0.00,59.94,59.94,60,0,0.00,1.00,1.00,1,0,0.00,0.00,0,0
1544352500,2006-eth1,26043.96,1190127.88,1216171.88,1191318,26070,394.61,410.59,805.19,411,395,0.00,0.00,0,0
1544352500,3003-eth1,513624.38,23802.20,537426.56,23826,514138,176.82,331.67,508.49,332,177,0.00,0.00,0,0
1544352500,2001-eth3,1148635.38,23142.86,1171778.25,23166,1149784,395.60,350.65,746.25,351,396,0.00,0.00,0,0
1544352500,2008-eth2,7832.17,3976.02,11808.19,3980,7840,79.92,40.96,120.88,41,80,0.00,0.00,0,0
1544352500,2008-eth3,3916.08,9790.21,13706.29,9800,3920,39.96,99.90,139.86,100,40,0.00,0.00,0,0
1544352500,1001-eth3,59.94,59.94,119.88,60,60,1.00,1.00,2.00,1,1,0.00,0.00,0,0
1544352500,2007-eth4,1958.04,7832.17,9790.21,7840,1960,19.98,79.92,99.90,80,20,0.00,0.00,0,0
1544352500,2004-eth2,3916.08,5934.07,9850.15,5940,3920,39.96,60.94,100.90,61,40,0.00,0.00,0,0
1544352500,3002-eth1,7832.17,1958.04,9790.21,1960,7840,79.92,19.98,99.90,20,80,0.00,0.00,0,0
1544352500,3004-eth1,346757.25,513684.34,860441.56,514198,347104,278.72,177.82,456.54,178,279,0.00,0.00,0,0
1544352500,2006-eth3,1190127.88,26043.96,1216171.88,26070,1191318,410.59,394.61,805.19,395,411,0.00,0.00,0,0
1544352500,3004-eth2,7794.21,15018.98,22813.19,15034,7802,79.92,188.81,268.73,189,80,0.00,0.00,0,0
1544352500,3001-eth3,1217656.38,761860.19,1979516.50,762622,1218874,652.35,650.35,1302.70,651,653,0.00,0.00,0,0
1544352500,2003-eth4,513684.34,346757.25,860441.56,347104,514198,177.82,278.72,456.54,279,178,0.00,0.00,0,0
1544352500,2008-eth4,31918.08,1190127.88,1222046.00,1191318,31950,454.55,410.59,865.13,411,455,0.00,0.00,0,0
1544352500,3008-eth3,38161.84,1217226.75,1255388.62,1218444,38200,539.46,497.50,1036.96,498,540,0.00,0.00,0,0
1544352500,2005-eth2,59.94,0.00,59.94,0,60,1.00,0.00,1.00,0,1,0.00,0.00,0,0
1544352500,2006-eth4,0.00,0.00,0.00,0,0,0.00,0.00,0.00,0,0,0.00,0.00,0,0
1544352500,3006-eth2,0.00,0.00,0.00,0,0,0.00,0.00,0.00,0,0,0.00,0.00,0,0
1544352500,1003-eth4,29960.04,1190127.88,1220088.00,1191318,29990,434.57,410.59,845.15,411,435,0.00,0.00,0,0
1544352500,2006-eth2,0.00,59.94,59.94,60,0,0.00,1.00,1.00,1,0,0.00,0.00,0,0
1544352500,3001-eth1,23142.86,1148635.38,1171778.25,1149784,23166,350.65,395.60,746.25,396,351,0.00,0.00,0,0
1544352500,3008-eth2,1190127.88,31918.08,1222046.00,31950,1191318,410.59,454.55,865.13,455,411,0.00,0.00,0,0
1544352500,2004-eth3,3916.08,16977.02,20893.11,16994,3920,39.96,208.79,248.75,209,40,0.00,0.00,0,0
1544352500,3001-eth4,1218965.12,744237.81,1963202.88,744982,1220184,650.35,646.35,1296.70,647,651,0.00,0.00,0,0
1544352500,1003-eth1,3818.18,0.00,3818.18,0,3822,38.96,0.00,38.96,0,39,0.00,0.00,0,0
1544352500,3002-eth2,426299.72,17512.49,443812.19,17530,426726,146.85,236.76,383.62,237,147,0.00,0.00,0,0
1544352500,2005-eth4,569972.06,12329.67,582301.69,12342,570542,197.80,186.81,384.62,187,198,0.00,0.00,0,0
1544352500,3003-eth2,16977.02,3916.08,20893.11,3920,16994,208.79,39.96,248.75,40,209,0.00,0.00,0,0
1544352500,2007-eth1,713458.56,59.94,713518.50,60,714172,245.75,1.00,246.75,1,246,0.00,0.00,0,0
1544352500,1002-eth4,19932.07,3916.08,23848.15,3920,19952,282.72,39.96,322.68,40,283,0.00,0.00,0,0
1544352500,3002-eth4,34041.96,1221632.38,1255674.38,1222854,34076,477.52,498.50,976.02,499,478,0.00,0.00,0,0
1544352500,2007-eth3,21830.17,713458.56,735288.75,714172,21852,301.70,245.75,547.45,246,302,0.00,0.00,0,0
1544352500,3005-eth1,569912.12,12389.61,582301.69,12402,570482,196.80,187.81,384.62,188,197,0.00,0.00,0,0
1544352500,2001-eth4,1958.04,7832.17,9790.21,7840,1960,19.98,79.92,99.90,80,20,0.00,0.00,0,0
1544352500,3003-eth4,34139.86,1221632.38,1255772.25,1222854,34174,478.52,498.50,977.02,499,479,0.00,0.00,0,0
1544352500,2004-eth1,7734.27,0.00,7734.27,0,7742,78.92,0.00,78.92,0,79,0.00,0.00,0,0
1544352500,3006-eth4,1220379.62,1222024.00,2442403.75,1223246,1221600,803.20,806.19,1609.39,807,804,0.00,0.00,0,0
1544352500,3007-eth1,713458.56,21830.17,735288.75,21852,714172,245.75,301.70,547.45,302,246,0.00,0.00,0,0
1544352500,2008-eth1,1190127.88,29960.04,1220088.00,29990,1191318,410.59,434.57,845.15,435,411,0.00,0.00,0,0
1544352500,2002-eth2,0.00,2017.98,2017.98,2020,0,0.00,20.98,20.98,21,0,0.00,0.00,0,0
1544352500,2003-eth1,336016.00,11162.84,347178.84,11174,336352,115.88,149.85,265.73,150,116,0.00,0.00,0,0
1544352500,3008-eth4,1223214.88,1220457.62,2443672.50,1221678,1224438,846.15,870.13,1716.28,871,847,0.00,0.00,0,0
1544352500,1004-eth4,3976.02,7832.17,11808.19,7840,3980,40.96,79.92,120.88,80,41,0.00,0.00,0,0
1544352500,3006-eth1,12329.67,569972.06,582301.69,570542,12342,186.81,197.80,384.62,198,187,0.00,0.00,0,0
1544352500,1004-eth3,59.94,0.00,59.94,0,60,1.00,0.00,1.00,0,1,0.00,0.00,0,0
1544352500,1002-eth2,2017.98,59.94,2077.92,60,2020,20.98,1.00,21.98,1,21,0.00,0.00,0,0
1544352500,3004-eth3,1222433.62,362521.50,1584955.12,362884,1223656,527.47,517.48,1044.96,518,528,0.00,0.00,0,0
1544352500,2003-eth3,23802.20,513624.38,537426.56,514138,23826,331.67,176.82,508.49,177,332,0.00,0.00,0,0
1544352500,2005-eth1,59.94,59.94,119.88,60,60,1.00,1.00,2.00,1,1,0.00,0.00,0,0
1544352500,3002-eth3,1220006.00,452607.41,1672613.38,453060,1221226,556.44,545.45,1101.90,546,557,0.00,0.00,0,0
1544352500,3006-eth3,1209694.38,656583.44,1866277.75,657240,1210904,619.38,611.39,1230.77,612,620,0.00,0.00,0,0
1544352500,2001-eth1,11102.90,1145736.25,1156839.25,1146882,11114,148.85,395.60,544.46,396,149,0.00,0.00,0,0
1544352500,3005-eth2,26043.96,1190127.88,1216171.88,1191318,26070,394.61,410.59,805.19,411,395,0.00,0.00,0,0
1544352500,2001-eth2,19872.13,2017.98,21890.11,2020,19892,281.72,20.98,302.70,21,282,0.00,0.00,0,0
1544352500,3007-eth2,9790.21,3916.08,13706.29,3920,9800,99.90,39.96,139.86,40,100,0.00,0.00,0,0
1544352500,1001-eth1,1145736.25,11102.90,1156839.25,11114,1146882,395.60,148.85,544.46,149,396,0.00,0.00,0,0
1544352500,3007-eth4,34007.99,1218673.38,1252681.38,1219892,34042,476.52,497.50,974.03,498,477,0.00,0.00,0,0
1544352500,2003-eth2,59.94,2017.98,2077.92,2020,60,1.00,20.98,21.98,21,1,0.00,0.00,0,0
1544352500,3007-eth3,1219758.25,739700.31,1959458.62,740440,1220978,640.36,643.36,1283.72,644,641,0.00,0.00,0,0
1544352500,1002-eth1,2017.98,19872.13,21890.11,19892,2020,20.98,281.72,302.70,282,21,0.00,0.00,0,0
1544352500,2002-eth3,426299.72,11736.26,438035.97,11748,426726,146.85,177.82,324.68,178,147,0.00,0.00,0,0
1544352500,2007-eth2,3916.08,19932.07,23848.15,19952,3920,39.96,282.72,322.68,283,40,0.00,0.00,0,0
1544352500,total,26142276.00,26804680.00,52946960.00,26831484,26168418,19152.85,19194.81,38347.65,19214,19172,0.00,0.00,0,0
1544352501,3003-eth3,1219812.25,523690.31,1743502.50,524214,1221032,575.42,570.43,1145.85,571,576,0.00,0.00,0,0
1544352501,2002-eth1,0.00,3976.02,3976.02,3980,0,0.00,40.96,40.96,41,0,0.00,0.00,0,0
1544352501,lo,7368.63,7368.63,14737.26,7376,7376,71.93,71.93,143.86,72,72,0.00,0.00,0,0
1544352501,3005-eth3,1189041.00,566693.31,1755734.38,567260,1190230,350.65,345.65,696.30,346,351,0.00,0.00,0,0
1544352501,2005-eth3,12000.00,556563.44,568563.44,557120,12012,181.82,191.81,373.63,192,182,0.00,0.00,0,0
1544352501,3004-eth4,24093.91,867904.12,891998.00,868772,24118,326.67,377.62,704.30,378,327,0.00,0.00,0,0
1544352501,1004-eth2,5874.13,3976.02,9850.15,3980,5880,59.94,40.96,100.90,41,60,0.00,0.00,0,0
1544352501,2004-eth4,17122.88,7832.17,24955.04,7840,17140,220.78,79.92,300.70,80,221,0.00,0.00,0,0
1544352501,1001-eth2,13146.85,54775.23,67922.08,54830,13160,179.82,18.98,198.80,19,180,0.00,0.00,0,0
1544352501,1003-eth3,1191574.50,25780.22,1217354.62,25806,1192766,410.59,390.61,801.20,391,411,0.00,0.00,0,0
1544352501,2002-eth4,12995.00,457402.62,470397.62,457860,13008,167.83,157.84,325.67,158,168,0.00,0.00,0,0
1544352501,1001-eth4,0.00,682481.56,682481.56,683164,0,0.00,236.76,236.76,237,0,0.00,0.00,0,0
1544352501,3001-eth2,7180.82,457402.62,464583.44,457860,7188,108.89,157.84,266.73,158,109,0.00,0.00,0,0
1544352501,1004-eth1,1958.04,0.00,1958.04,0,1960,19.98,0.00,19.98,0,20,0.00,0.00,0,0
1544352501,3005-eth4,1201770.25,1202821.25,2404591.50,1204024,1202972,565.43,559.44,1124.88,560,566,0.00,0.00,0,0
1544352501,1003-eth2,0.00,7892.11,7892.11,7900,0,0.00,80.92,80.92,81,0,0.00,0.00,0,0
1544352501,3008-eth1,7892.11,2017.98,9910.09,2020,7900,80.92,20.98,101.90,21,81,0.00,0.00,0,0
1544352501,1002-eth3,59.94,0.00,59.94,0,60,1.00,0.00,1.00,0,1,0.00,0.00,0,0
1544352501,2006-eth1,25780.22,1191574.50,1217354.62,1192766,25806,390.61,410.59,801.20,411,391,0.00,0.00,0,0
1544352501,3003-eth1,497442.56,25324.68,522767.25,25350,497940,172.83,354.65,527.47,355,173,0.00,0.00,0,0
1544352501,2001-eth3,737256.75,22945.05,760201.81,22968,737994,255.74,347.65,603.40,348,256,0.00,0.00,0,0
1544352501,2008-eth2,7832.17,3916.08,11748.25,3920,7840,79.92,39.96,119.88,40,80,0.00,0.00,0,0
1544352501,2008-eth3,3916.08,9790.21,13706.29,9800,3920,39.96,99.90,139.86,100,40,0.00,0.00,0,0
1544352501,1001-eth3,0.00,0.00,0.00,0,0,0.00,0.00,0.00,0,0,0.00,0.00,0,0
1544352501,2007-eth4,2017.98,7892.11,9910.09,7900,2020,20.98,80.92,101.90,81,21,0.00,0.00,0,0
1544352501,2004-eth2,3976.02,5874.13,9850.15,5880,3980,40.96,59.94,100.90,60,41,0.00,0.00,0,0
1544352501,3002-eth1,7832.17,2017.98,9850.15,2020,7840,79.92,20.98,100.90,21,80,0.00,0.00,0,0
1544352501,3004-eth1,64995.01,497382.62,562377.62,497880,65060,173.83,171.83,345.65,172,174,0.00,0.00,0,0
1544352501,2006-eth3,1191574.50,25780.22,1217354.62,25806,1192766,410.59,390.61,801.20,391,411,0.00,0.00,0,0
1544352501,3004-eth2,7832.17,17122.88,24955.04,17140,7840,79.92,220.78,300.70,221,80,0.00,0.00,0,0
1544352501,3001-eth3,1220591.50,343254.75,1563846.25,343598,1221812,521.48,510.49,1031.97,511,522,0.00,0.00,0,0
1544352501,2003-eth4,497382.62,64995.01,562377.62,65060,497880,171.83,173.83,345.65,174,172,0.00,0.00,0,0
1544352501,2008-eth4,31654.35,1191634.38,1223288.75,1192826,31686,450.55,411.59,862.14,412,451,0.00,0.00,0,0
1544352501,3008-eth3,33870.13,1220185.88,1254056.00,1221406,33904,474.53,498.50,973.03,499,475,0.00,0.00,0,0
1544352501,2005-eth2,0.00,59.94,59.94,60,0,0.00,1.00,1.00,1,0,0.00,0.00,0,0
1544352501,2006-eth4,0.00,0.00,0.00,0,0,0.00,0.00,0.00,0,0,0.00,0.00,0,0
1544352501,3006-eth2,0.00,0.00,0.00,0,0,0.00,0.00,0.00,0,0,0.00,0.00,0,0
1544352501,1003-eth4,29756.24,1191574.50,1221330.75,1192766,29786,431.57,410.59,842.16,411,432,0.00,0.00,0,0
1544352501,2006-eth2,0.00,0.00,0.00,0,0,0.00,0.00,0.00,0,0,0.00,0.00,0,0
1544352501,3001-eth1,22945.05,737256.75,760201.81,737994,22968,347.65,255.74,603.40,256,348,0.00,0.00,0,0
1544352501,3008-eth2,1191634.38,31654.35,1223288.75,31686,1192826,411.59,450.55,862.14,451,412,0.00,0.00,0,0
1544352501,2004-eth3,3976.02,19020.98,22997.00,19040,3980,40.96,239.76,280.72,240,41,0.00,0.00,0,0
1544352501,3001-eth4,1217702.38,411180.84,1628883.12,411592,1218920,543.46,531.47,1074.93,532,544,0.00,0.00,0,0
1544352501,1003-eth1,3976.02,0.00,3976.02,0,3980,40.96,0.00,40.96,0,41,0.00,0.00,0,0
1544352501,3002-eth2,457402.62,12995.00,470397.62,13008,457860,157.84,167.83,325.67,168,158,0.00,0.00,0,0
1544352501,2005-eth4,556563.44,12000.00,568563.44,12012,557120,191.81,181.82,373.63,182,192,0.00,0.00,0,0
1544352501,3003-eth2,19020.98,3976.02,22997.00,3980,19040,239.76,40.96,280.72,41,240,0.00,0.00,0,0
1544352501,2007-eth1,682481.56,0.00,682481.56,0,683164,236.76,0.00,236.76,0,237,0.00,0.00,0,0
1544352501,1002-eth4,17630.37,3916.08,21546.46,3920,17648,247.75,39.96,287.71,40,248,0.00,0.00,0,0
1544352501,3002-eth4,34205.80,1218673.38,1252879.12,1219892,34240,479.52,497.50,977.02,498,480,0.00,0.00,0,0
1544352501,2007-eth3,19588.41,682421.62,702010.00,683104,19608,267.73,235.76,503.50,236,268,0.00,0.00,0,0
1544352501,3005-eth1,556563.44,12000.00,568563.44,12012,557120,191.81,181.82,373.63,182,192,0.00,0.00,0,0
1544352501,2001-eth4,2017.98,7832.17,9850.15,7840,2020,20.98,79.92,100.90,80,21,0.00,0.00,0,0
1544352501,3003-eth4,34265.73,1218673.38,1252939.12,1219892,34300,480.52,497.50,978.02,498,481,0.00,0.00,0,0
1544352501,2004-eth1,7892.11,0.00,7892.11,0,7900,80.92,0.00,80.92,0,81,0.00,0.00,0,0
1544352501,3006-eth4,1220577.50,1217618.38,2438195.75,1218836,1221798,806.19,805.19,1611.39,806,807,0.00,0.00,0,0
1544352501,3007-eth1,682421.62,19588.41,702010.00,19608,683104,235.76,267.73,503.50,268,236,0.00,0.00,0,0
1544352501,2008-eth1,1191574.50,29756.24,1221330.75,29786,1192766,410.59,431.57,842.16,432,411,0.00,0.00,0,0
1544352501,2002-eth2,0.00,1958.04,1958.04,1960,0,0.00,19.98,19.98,20,0,0.00,0.00,0,0
1544352501,2003-eth1,54775.23,13146.85,67922.08,13160,54830,18.98,179.82,198.80,180,19,0.00,0.00,0,0
1544352501,3008-eth4,1218735.25,1217618.38,2436353.75,1218836,1219954,800.20,805.19,1605.39,806,801,0.00,0.00,0,0
1544352501,1004-eth4,3916.08,7832.17,11748.25,7840,3920,39.96,79.92,119.88,80,40,0.00,0.00,0,0
1544352501,3006-eth1,12000.00,556563.44,568563.44,557120,12012,181.82,191.81,373.63,192,182,0.00,0.00,0,0
1544352501,1004-eth3,0.00,0.00,0.00,0,0,0.00,0.00,0.00,0,0,0.00,0.00,0,0
1544352501,1002-eth2,1958.04,0.00,1958.04,0,1960,19.98,0.00,19.98,0,20,0.00,0.00,0,0
1544352501,3004-eth3,1219518.50,81256.74,1300775.25,81338,1220738,439.56,420.58,860.14,421,440,0.00,0.00,0,0
1544352501,2003-eth3,25324.68,497442.56,522767.25,497940,25350,354.65,172.83,527.47,173,355,0.00,0.00,0,0
1544352501,2005-eth1,0.00,0.00,0.00,0,0,0.00,0.00,0.00,0,0,0.00,0.00,0,0
1544352501,3002-eth3,1220665.38,483776.25,1704441.62,484260,1221886,566.43,557.44,1123.88,558,567,0.00,0.00,0,0
1544352501,3006-eth3,1205552.50,669932.06,1875484.62,670602,1206758,622.38,616.38,1238.76,617,623,0.00,0.00,0,0
1544352501,2001-eth1,13206.79,737196.81,750403.62,737934,13220,180.82,254.75,435.56,255,181,0.00,0.00,0,0
1544352501,3005-eth2,25780.22,1191574.50,1217354.62,1192766,25806,390.61,410.59,801.20,411,391,0.00,0.00,0,0
1544352501,2001-eth2,17630.37,1958.04,19588.41,1960,17648,247.75,19.98,267.73,20,248,0.00,0.00,0,0
1544352501,3007-eth2,9790.21,3916.08,13706.29,3920,9800,99.90,39.96,139.86,40,100,0.00,0.00,0,0
1544352501,1001-eth1,737196.81,13206.79,750403.62,13220,737934,254.75,180.82,435.56,181,255,0.00,0.00,0,0
1544352501,3007-eth4,34073.93,1223144.88,1257218.88,1224368,34108,477.52,499.50,977.02,500,478,0.00,0.00,0,0
1544352501,2003-eth2,0.00,1958.04,1958.04,1960,0,0.00,19.98,19.98,20,0,0.00,0.00,0,0
1544352501,3007-eth3,1218769.25,708663.38,1927432.62,709372,1219988,625.37,633.37,1258.74,634,626,0.00,0.00,0,0
1544352501,1002-eth1,1958.04,17630.37,19588.41,17648,1960,19.98,247.75,267.73,248,20,0.00,0.00,0,0
1544352501,2002-eth3,457402.62,7180.82,464583.44,7188,457860,157.84,108.89,266.73,109,158,0.00,0.00,0,0
1544352501,2007-eth2,3916.08,17630.37,21546.46,17648,3920,39.96,247.75,287.71,248,40,0.00,0.00,0,0
1544352501,total,24680210.00,24342052.00,49022264.00,24366394,24704890,18087.91,18158.84,36246.75,18177,18106,0.00,0.00,0,0
1544352502,3003-eth3,1212639.38,535394.62,1748034.00,535930,1213852,576.42,572.43,1148.85,573,577,0.00,0.00,0,0
1544352502,2002-eth1,0.00,3916.08,3916.08,3920,0,0.00,39.96,39.96,40,0,0.00,0.00,0,0
1544352502,lo,64839.16,64839.16,129678.33,64904,64904,296.70,296.70,593.41,297,297,0.00,0.00,0,0
1544352502,3005-eth3,1197224.75,591840.19,1789065.00,592432,1198422,364.64,353.65,718.28,354,365,0.00,0.00,0,0
1544352502,2005-eth3,12659.34,581748.25,594407.62,582330,12672,191.81,200.80,392.61,201,192,0.00,0.00,0,0
1544352502,3004-eth4,23896.11,882699.31,906595.44,883582,23920,323.68,382.62,706.29,383,324,0.00,0.00,0,0
1544352502,1004-eth2,5874.13,3916.08,9790.21,3920,5880,59.94,39.96,99.90,40,60,0.00,0.00,0,0
1544352502,2004-eth4,8887.11,7832.17,16719.28,7840,8896,95.90,79.92,175.82,80,96,0.00,0.00,0,0
1544352502,1001-eth2,4971.03,636523.50,641494.50,637160,4976,55.94,219.78,275.72,220,56,0.00,0.00,0,0
1544352502,1003-eth3,1196046.00,26109.89,1222155.88,26136,1197242,412.59,395.60,808.19,396,413,0.00,0.00,0,0
1544352502,2002-eth4,18065.93,417482.53,435548.47,417900,18084,244.76,144.86,389.61,145,245,0.00,0.00,0,0
1544352502,1001-eth4,0.00,701622.38,701622.38,702324,0,0.00,241.76,241.76,242,0,0.00,0.00,0,0
1544352502,3001-eth2,12131.87,417422.59,429554.47,417840,12144,183.82,143.86,327.67,144,184,0.00,0.00,0,0
1544352502,1004-eth1,1958.04,0.00,1958.04,0,1960,19.98,0.00,19.98,0,20,0.00,0.00,0,0
1544352502,3005-eth4,1206068.00,1210605.38,2416673.50,1211816,1207274,564.44,567.43,1131.87,568,565,0.00,0.00,0,0
1544352502,1003-eth2,0.00,7824.35,7824.35,7840,0,0.00,79.84,79.84,80,0,0.00,0.00,0,0
1544352502,3008-eth1,7824.35,1956.09,9780.44,1960,7840,79.84,19.96,99.80,20,80,0.00,0.00,0,0
1544352502,1002-eth3,0.00,0.00,0.00,0,0,0.00,0.00,0.00,0,0,0.00,0.00,0,0
1544352502,2006-eth1,26083.83,1194852.38,1220936.12,1197242,26136,395.21,412.18,807.39,413,396,0.00,0.00,0,0
1544352502,3003-eth1,508710.59,17065.87,525776.44,17100,509728,175.65,229.54,405.19,230,176,0.00,0.00,0,0
1544352502,2001-eth3,1215545.00,17185.63,1232730.62,17220,1217976,419.16,260.48,679.64,261,420,0.00,0.00,0,0
1544352502,2008-eth2,7884.23,3912.18,11796.41,3920,7900,80.84,39.92,120.76,40,81,0.00,0.00,0,0
1544352502,2008-eth3,3972.06,9780.44,13752.50,9800,3980,40.92,99.80,140.72,100,41,0.00,0.00,0,0
1544352502,1001-eth3,0.00,0.00,0.00,0,0,0.00,0.00,0.00,0,0,0.00,0.00,0,0
1544352502,2007-eth4,1958.04,7832.17,9790.21,7840,1960,19.98,79.92,99.90,80,20,0.00,0.00,0,0
1544352502,2004-eth2,3916.08,5874.13,9790.21,5880,3920,39.96,59.94,99.90,60,40,0.00,0.00,0,0
1544352502,3002-eth1,7794.21,1958.04,9752.25,1960,7802,79.92,19.98,99.90,20,80,0.00,0.00,0,0
1544352502,3004-eth1,646677.31,509218.78,1155896.12,509728,647324,373.63,175.82,549.45,176,374,0.00,0.00,0,0
1544352502,2006-eth3,1196046.00,26239.76,1222285.75,26266,1197242,412.59,397.60,810.19,398,413,0.00,0.00,0,0
1544352502,3004-eth2,7832.17,8887.11,16719.28,8896,7840,79.92,95.90,175.82,96,80,0.00,0.00,0,0
1544352502,3001-eth3,1221122.88,436299.72,1657422.62,436736,1222344,551.45,539.46,1090.91,540,552,0.00,0.00,0,0
1544352502,2003-eth4,509218.78,646677.31,1155896.12,647324,509728,175.82,373.63,549.45,374,176,0.00,0.00,0,0
1544352502,2008-eth4,32043.96,1196046.00,1228090.00,1197242,32076,456.54,412.59,869.13,413,457,0.00,0.00,0,0
1544352502,3008-eth3,33942.06,1221702.38,1255644.38,1222924,33976,475.52,499.50,975.03,500,476,0.00,0.00,0,0
1544352502,2005-eth2,0.00,0.00,0.00,0,0,0.00,0.00,0.00,0,0,0.00,0.00,0,0
1544352502,2006-eth4,0.00,59.94,59.94,60,0,0.00,1.00,1.00,1,0,0.00,0.00,0,0
1544352502,3006-eth2,59.94,0.00,59.94,0,60,1.00,0.00,1.00,0,1,0.00,0.00,0,0
1544352502,1003-eth4,29996.01,1194852.38,1224848.38,1197242,30056,435.13,412.18,847.31,413,436,0.00,0.00,0,0
1544352502,2006-eth2,0.00,69.86,69.86,70,0,0.00,1.00,1.00,1,0,0.00,0.00,0,0
1544352502,3001-eth1,17185.63,1215545.00,1232730.62,1217976,17220,260.48,419.16,679.64,420,261,0.00,0.00,0,0
1544352502,3008-eth2,1194852.38,32011.98,1226864.25,32076,1197242,412.18,456.09,868.26,457,413,0.00,0.00,0,0
1544352502,2004-eth3,3912.18,10894.21,14806.39,10916,3920,39.92,116.77,156.69,117,40,0.00,0.00,0,0
1544352502,3001-eth4,1221954.12,593982.06,1815936.12,595170,1224398,625.75,591.82,1217.56,593,627,0.00,0.00,0,0
1544352502,1003-eth1,3912.18,0.00,3912.18,0,3920,39.92,0.00,39.92,0,40,0.00,0.00,0,0
1544352502,3002-eth2,417065.88,18047.90,435113.78,18084,417900,144.71,244.51,389.22,245,145,0.00,0.00,0,0
1544352502,2005-eth4,581167.69,12706.59,593874.25,12732,582330,200.60,192.61,393.21,193,201,0.00,0.00,0,0
1544352502,3003-eth2,10894.21,3912.18,14806.39,3920,10916,116.77,39.92,156.69,40,117,0.00,0.00,0,0
1544352502,2007-eth1,700922.19,0.00,700922.19,0,702324,241.52,0.00,241.52,0,242,0.00,0.00,0,0
1544352502,1002-eth4,19886.23,3972.06,23858.28,3980,19926,282.44,40.92,323.35,41,283,0.00,0.00,0,0
1544352502,3002-eth4,34231.54,1218870.25,1253101.88,1221308,34300,480.04,497.01,977.05,498,481,0.00,0.00,0,0
1544352502,2007-eth3,21902.20,700922.19,722824.38,702324,21946,303.39,241.52,544.91,242,304,0.00,0.00,0,0
1544352502,3005-eth1,581167.69,12646.71,593814.38,12672,582330,200.60,191.62,392.22,192,201,0.00,0.00,0,0
1544352502,2001-eth4,1956.09,7786.43,9742.52,7802,1960,19.96,79.84,99.80,80,20,0.00,0.00,0,0
1544352502,3003-eth4,33974.05,1218968.12,1252942.12,1221406,34042,476.05,498.00,974.05,499,477,0.00,0.00,0,0
1544352502,2004-eth1,7824.35,0.00,7824.35,0,7840,79.84,0.00,79.84,0,80,0.00,0.00,0,0
1544352502,3006-eth4,1219161.75,1220804.38,2439966.25,1223246,1221600,802.40,805.39,1607.78,807,804,0.00,0.00,0,0
1544352502,3007-eth1,700922.19,21902.20,722824.38,21946,702324,241.52,303.39,544.91,304,242,0.00,0.00,0,0
1544352502,2008-eth1,1194852.38,29996.01,1224848.38,30056,1197242,412.18,435.13,847.31,436,413,0.00,0.00,0,0
1544352502,2002-eth2,0.00,1956.09,1956.09,1960,0,0.00,19.96,19.96,20,0,0.00,0.00,0,0
1544352502,2003-eth1,635888.25,4966.07,640854.31,4976,637160,219.56,55.89,275.45,56,220,0.00,0.00,0,0
1544352502,3008-eth4,1220403.25,1220870.25,2441273.50,1223312,1222844,799.40,806.39,1605.79,808,801,0.00,0.00,0,0
1544352502,1004-eth4,3912.18,7884.23,11796.41,7900,3920,39.92,80.84,120.76,81,40,0.00,0.00,0,0
1544352502,3006-eth1,12706.59,581167.69,593874.25,582330,12732,192.61,200.60,393.21,201,193,0.00,0.00,0,0
1544352502,1004-eth3,69.86,0.00,69.86,0,70,1.00,0.00,1.00,0,1,0.00,0.00,0,0
1544352502,1002-eth2,1956.09,0.00,1956.09,0,1960,19.96,0.00,19.96,0,20,0.00,0.00,0,0
1544352502,3004-eth3,1215886.25,662079.88,1877966.12,663404,1218318,621.76,616.77,1238.52,618,623,0.00,0.00,0,0
1544352502,2003-eth3,17065.87,508710.59,525776.44,509728,17100,229.54,175.65,405.19,176,230,0.00,0.00,0,0
1544352502,2005-eth1,0.00,0.00,0.00,0,0,0.00,0.00,0.00,0,0,0.00,0.00,0,0
1544352502,3002-eth3,1217008.00,443353.31,1660361.38,444240,1219442,550.90,542.91,1093.81,544,552,0.00,0.00,0,0
1544352502,3006-eth3,1208283.50,653037.94,1861321.38,654344,1210700,615.77,610.78,1226.55,612,617,0.00,0.00,0,0
1544352502,2001-eth1,4966.07,1218501.00,1223467.12,1220938,4976,55.89,420.16,476.05,421,56,0.00,0.00,0,0
1544352502,3005-eth2,26213.57,1194852.38,1221065.88,1197242,26266,397.21,412.18,809.38,413,398,0.00,0.00,0,0
1544352502,2001-eth2,19946.11,1956.09,21902.20,1960,19986,283.43,19.96,303.39,20,284,0.00,0.00,0,0
1544352502,3007-eth2,9780.44,3972.06,13752.50,3980,9800,99.80,40.92,140.72,41,100,0.00,0.00,0,0
1544352502,1001-eth1,1218501.00,4966.07,1223467.12,4976,1220938,420.16,55.89,476.05,56,421,0.00,0.00,0,0
1544352502,3007-eth4,33876.25,1220483.12,1254359.38,1222924,33944,475.05,499.00,974.05,500,476,0.00,0.00,0,0
1544352502,2003-eth2,0.00,1956.09,1956.09,1960,0,0.00,19.96,19.96,20,0,0.00,0.00,0,0
1544352502,3007-eth3,1220640.75,727071.88,1947712.62,728526,1223082,627.74,637.72,1265.47,639,629,0.00,0.00,0,0
1544352502,1002-eth1,1956.09,19946.11,21902.20,19986,1960,19.96,283.43,303.39,284,20,0.00,0.00,0,0
1544352502,2002-eth3,417006.00,12119.76,429125.75,12144,417840,143.71,183.63,327.35,184,144,0.00,0.00,0,0
1544352502,2007-eth2,3972.06,19886.23,23858.28,19926,3980,40.92,282.44,323.35,283,41,0.00,0.00,0,0
1544352502,total,26875062.00,27412830.00,54287888.00,27467654,26928812,18912.18,19002.00,37914.17,19040,18950,0.00,0.00,0,0
1544352503,3003-eth3,1221061.00,537039.00,1758100.00,537576,1222282,572.43,575.42,1147.85,576,573,0.00,0.00,0,0
1544352503,2002-eth1,59.94,3818.18,3878.12,3822,60,1.00,38.96,39.96,39,1,0.00,0.00,0,0
1544352503,lo,6957.04,6957.04,13914.09,6964,6964,67.93,67.93,135.86,68,68,0.00,0.00,0,0
1544352503,3005-eth3,1194255.75,618335.69,1812591.50,618954,1195450,363.64,360.64,724.28,361,364,0.00,0.00,0,0
1544352503,2005-eth3,12725.28,605480.56,618205.81,606086,12738,192.81,209.79,402.60,210,193,0.00,0.00,0,0
1544352503,3004-eth4,24541.46,937334.69,961876.12,938272,24566,333.67,399.60,733.27,400,334,0.00,0.00,0,0
1544352503,1004-eth2,5776.22,3916.08,9692.31,3920,5782,58.94,39.96,98.90,40,59,0.00,0.00,0,0
1544352503,2004-eth4,20393.61,7636.36,28029.97,7644,20414,270.73,77.92,348.65,78,271,0.00,0.00,0,0
1544352503,1001-eth2,16477.52,114015.98,130493.51,114130,16494,230.77,39.96,270.73,40,231,0.00,0.00,0,0
1544352503,1003-eth3,1196105.88,26169.83,1222275.75,26196,1197302,413.59,396.60,810.19,397,414,0.00,0.00,0,0
1544352503,2002-eth4,13590.41,590625.38,604215.81,591216,13604,177.82,203.80,381.62,204,178,0.00,0.00,0,0
1544352503,1001-eth4,0.00,848193.81,848193.81,849042,0,0.00,292.71,292.71,293,0,0.00,0.00,0,0
1544352503,3001-eth2,7912.09,590685.31,598597.44,591276,7920,119.88,204.80,324.68,205,120,0.00,0.00,0,0
1544352503,1004-eth1,1860.14,59.94,1920.08,60,1862,18.98,1.00,19.98,1,19,0.00,0.00,0,0
1544352503,3005-eth4,1206062.00,1207580.50,2413642.50,1208788,1207268,564.44,565.43,1129.87,566,565,0.00,0.00,0,0
1544352503,1003-eth2,59.94,7636.36,7696.30,7644,60,1.00,77.92,78.92,78,1,0.00,0.00,0,0
1544352503,3008-eth1,7734.27,1958.04,9692.31,1960,7742,78.92,19.98,98.90,20,79,0.00,0.00,0,0
1544352503,1002-eth3,0.00,0.00,0.00,0,0,0.00,0.00,0.00,0,0,0.00,0.00,0,0
1544352503,2006-eth1,26169.83,1196105.88,1222275.75,1197302,26196,396.60,413.59,810.19,414,397,0.00,0.00,0,0
1544352503,3003-eth1,510665.34,28325.68,538991.00,28354,511176,175.82,400.60,576.42,401,176,0.00,0.00,0,0
1544352503,2001-eth3,1083536.50,26637.36,1110173.88,26664,1084620,373.63,403.60,777.22,404,374,0.00,0.00,0,0
1544352503,2008-eth2,7636.36,3916.08,11552.45,3920,7644,77.92,39.96,117.88,40,78,0.00,0.00,0,0
1544352503,2008-eth3,3916.08,9654.35,13570.43,9664,3920,39.96,98.90,138.86,99,40,0.00,0.00,0,0
1544352503,1001-eth3,0.00,0.00,0.00,0,0,0.00,0.00,0.00,0,0,0.00,0.00,0,0
1544352503,2007-eth4,1958.04,7734.27,9692.31,7742,1960,19.98,78.92,98.90,79,20,0.00,0.00,0,0
1544352503,2004-eth2,3916.08,5776.22,9692.31,5782,3920,39.96,58.94,98.90,59,40,0.00,0.00,0,0
1544352503,3002-eth1,7734.27,1958.04,9692.31,1960,7742,78.92,19.98,98.90,20,79,0.00,0.00,0,0
1544352503,3004-eth1,123846.16,510665.34,634511.50,511176,123970,188.81,175.82,364.64,176,189,0.00,0.00,0,0
1544352503,2006-eth3,1196105.88,26109.89,1222215.88,26136,1197302,413.59,395.60,809.19,396,414,0.00,0.00,0,0
1544352503,3004-eth2,7636.36,20393.61,28029.97,20414,7644,77.92,270.73,348.65,271,78,0.00,0.00,0,0
1544352503,3001-eth3,1222117.88,691041.00,1913158.88,691732,1223340,632.37,629.37,1261.74,630,633,0.00,0.00,0,0
1544352503,2003-eth4,510665.34,123846.16,634511.50,123970,511176,175.82,188.81,364.64,189,176,0.00,0.00,0,0
1544352503,2008-eth4,31886.12,1196046.00,1227932.12,1197242,31918,454.55,412.59,867.13,413,455,0.00,0.00,0,0
1544352503,3008-eth3,33844.16,1224493.50,1258337.75,1225718,33878,474.53,498.50,973.03,499,475,0.00,0.00,0,0
1544352503,2005-eth2,0.00,0.00,0.00,0,0,0.00,0.00,0.00,0,0,0.00,0.00,0,0
1544352503,2006-eth4,59.94,0.00,59.94,0,60,1.00,0.00,1.00,0,1,0.00,0.00,0,0
1544352503,3006-eth2,0.00,59.94,59.94,60,0,0.00,1.00,1.00,1,0,0.00,0.00,0,0
1544352503,1003-eth4,29928.07,1196105.88,1226034.00,1197302,29958,434.57,413.59,848.15,414,435,0.00,0.00,0,0
1544352503,2006-eth2,59.94,0.00,59.94,0,60,1.00,0.00,1.00,0,1,0.00,0.00,0,0
1544352503,3001-eth1,26637.36,1083536.50,1110173.88,1084620,26664,403.60,373.63,777.22,374,404,0.00,0.00,0,0
1544352503,3008-eth2,1196046.00,31886.12,1227932.12,31918,1197242,412.59,454.55,867.13,455,413,0.00,0.00,0,0
1544352503,2004-eth3,3916.08,22449.55,26365.63,22472,3920,39.96,291.71,331.67,292,40,0.00,0.00,0,0
1544352503,3001-eth4,1224149.88,669013.00,1893162.88,669682,1225374,597.40,624.38,1221.78,625,598,0.00,0.00,0,0
1544352503,1003-eth1,3818.18,59.94,3878.12,60,3822,38.96,1.00,39.96,1,39,0.00,0.00,0,0
1544352503,3002-eth2,590625.38,13590.41,604215.81,13604,591216,203.80,177.82,381.62,178,204,0.00,0.00,0,0
1544352503,2005-eth4,605420.62,12725.28,618145.88,12738,606026,208.79,192.81,401.60,193,209,0.00,0.00,0,0
1544352503,3003-eth2,22449.55,3916.08,26365.63,3920,22472,291.71,39.96,331.67,40,292,0.00,0.00,0,0
1544352503,2007-eth1,848193.81,0.00,848193.81,0,849042,292.71,0.00,292.71,0,293,0.00,0.00,0,0
1544352503,1002-eth4,17894.11,3916.08,21810.19,3920,17912,251.75,39.96,291.71,40,252,0.00,0.00,0,0
1544352503,3002-eth4,34051.95,1224535.50,1258587.50,1225760,34086,478.52,499.50,978.02,500,479,0.00,0.00,0,0
1544352503,2007-eth3,19734.53,847407.19,867141.75,849102,19774,270.46,293.41,563.87,294,271,0.00,0.00,0,0
1544352503,3005-eth1,604876.25,12712.58,617588.81,12738,606086,209.58,192.61,402.20,193,210,0.00,0.00,0,0
1544352503,2001-eth4,1956.09,7726.55,9682.63,7742,1960,19.96,78.84,98.80,79,20,0.00,0.00,0,0
1544352503,3003-eth4,34107.89,1224591.50,1258699.38,1225816,34142,478.52,499.50,978.02,500,479,0.00,0.00,0,0
1544352503,2004-eth1,7636.36,59.94,7696.30,60,7644,77.92,1.00,78.92,1,78,0.00,0.00,0,0
1544352503,3006-eth4,1221890.12,1222090.00,2443980.00,1223312,1223112,804.20,807.19,1611.39,808,805,0.00,0.00,0,0
1544352503,3007-eth1,848253.75,19754.25,868008.00,19774,849102,293.71,270.73,564.44,271,294,0.00,0.00,0,0
1544352503,2008-eth1,1196105.88,29928.07,1226034.00,29958,1197302,413.59,434.57,848.15,435,414,0.00,0.00,0,0
1544352503,2002-eth2,59.94,1860.14,1920.08,1862,60,1.00,18.98,19.98,19,1,0.00,0.00,0,0
1544352503,2003-eth1,114015.98,16477.52,130493.51,16494,114130,39.96,230.77,270.73,231,40,0.00,0.00,0,0
1544352503,3008-eth4,1224917.12,1222155.88,2447073.00,1223378,1226142,806.19,808.19,1614.39,809,807,0.00,0.00,0,0
1544352503,1004-eth4,3916.08,7636.36,11552.45,7644,3920,39.96,77.92,117.88,78,40,0.00,0.00,0,0
1544352503,3006-eth1,12725.28,605420.62,618145.88,606026,12738,192.81,208.79,401.60,209,193,0.00,0.00,0,0
1544352503,1004-eth3,0.00,59.94,59.94,60,0,0.00,1.00,1.00,1,0,0.00,0.00,0,0
1544352503,1002-eth2,1958.04,0.00,1958.04,0,1960,19.98,0.00,19.98,0,20,0.00,0.00,0,0
1544352503,3004-eth3,1220687.38,140593.41,1361280.75,140734,1221908,457.54,442.56,900.10,443,458,0.00,0.00,0,0
1544352503,2003-eth3,28325.68,510665.34,538991.00,511176,28354,400.60,175.82,576.42,176,401,0.00,0.00,0,0
1544352503,2005-eth1,0.00,0.00,0.00,0,0,0.00,0.00,0.00,0,0,0.00,0.00,0,0
1544352503,3002-eth3,1223081.00,617041.00,1840121.88,617658,1224304,603.40,604.40,1207.79,605,604,0.00,0.00,0,0
1544352503,3006-eth3,1209364.62,658095.94,1867460.62,658754,1210574,614.39,612.39,1226.77,613,615,0.00,0.00,0,0
1544352503,2001-eth1,16477.52,1080577.50,1097055.00,1081658,16494,230.77,372.63,603.40,373,231,0.00,0.00,0,0
1544352503,3005-eth2,26109.89,1196105.88,1222215.88,1197302,26136,395.60,413.59,809.19,414,396,0.00,0.00,0,0
1544352503,2001-eth2,17894.11,1958.04,19852.15,1960,17912,251.75,19.98,271.73,20,252,0.00,0.00,0,0
1544352503,3007-eth2,9654.35,3916.08,13570.43,3920,9664,98.90,39.96,138.86,40,99,0.00,0.00,0,0
1544352503,1001-eth1,1080577.50,16477.52,1097055.00,16494,1081658,372.63,230.77,603.40,231,373,0.00,0.00,0,0
1544352503,3007-eth4,34397.60,1221534.50,1255932.12,1222756,34432,482.52,497.50,980.02,498,483,0.00,0.00,0,0
1544352503,2003-eth2,0.00,1958.04,1958.04,1960,0,0.00,19.98,19.98,20,0,0.00,0.00,0,0
1544352503,3007-eth3,1221268.75,874633.38,2095902.12,875508,1222490,663.34,693.31,1356.64,694,664,0.00,0.00,0,0
1544352503,1002-eth1,1958.04,17894.11,19852.15,17912,1960,19.98,251.75,271.73,252,20,0.00,0.00,0,0
1544352503,2002-eth3,590685.31,7912.09,598597.44,7920,591276,204.80,119.88,324.68,120,205,0.00,0.00,0,0
1544352503,2007-eth2,3916.08,17894.11,21810.19,17912,3920,39.96,251.75,291.71,252,40,0.00,0.00,0,0
1544352503,total,26287636.00,27027944.00,53315580.00,27054972,26313922,19247.75,19438.56,38686.31,19458,19267,0.00,0.00,0,0
1544352504,3003-eth3,1226517.50,526781.25,1753298.75,527308,1227744,567.43,573.43,1140.86,574,568,0.00,0.00,0,0
1544352504,2002-eth1,0.00,3720.28,3720.28,3724,0,0.00,37.96,37.96,38,0,0.00,0.00,0,0
1544352504,lo,7782.22,7782.22,15564.44,7790,7790,75.92,75.92,151.85,76,76,0.00,0.00,0,0
1544352504,3005-eth3,1195510.50,606829.19,1802339.75,607436,1196706,360.64,361.64,722.28,362,361,0.00,0.00,0,0
1544352504,2005-eth3,12521.48,599502.50,612024.00,600102,12534,189.81,206.79,396.60,207,190,0.00,0.00,0,0
1544352504,3004-eth4,24977.02,1003848.19,1028825.19,1004852,25002,340.66,421.58,762.24,422,341,0.00,0.00,0,0
1544352504,1004-eth2,5836.16,3916.08,9752.25,3920,5842,59.94,39.96,99.90,40,60,0.00,0.00,0,0
1544352504,2004-eth4,11328.67,7794.21,19122.88,7802,11340,133.87,79.92,213.79,80,134,0.00,0.00,0,0
1544352504,1001-eth2,7570.43,242773.23,250343.66,243016,7578,95.90,83.92,179.82,84,96,0.00,0.00,0,0
1544352504,1003-eth3,1196046.00,25978.02,1222024.00,26004,1197242,412.59,393.61,806.19,394,413,0.00,0.00,0,0
1544352504,2002-eth4,16095.90,349364.66,365460.56,349714,16112,215.78,120.88,336.66,121,216,0.00,0.00,0,0
1544352504,1001-eth4,59.94,640929.06,640989.00,641570,60,1.00,220.78,221.78,221,1,0.00,0.00,0,0
1544352504,3001-eth2,10417.58,349364.66,359782.22,349714,10428,157.84,120.88,278.72,121,158,0.00,0.00,0,0
1544352504,1004-eth1,2017.98,0.00,2017.98,0,2020,20.98,0.00,20.98,0,21,0.00,0.00,0,0
1544352504,3005-eth4,1206331.75,1209093.00,2415424.75,1210302,1207538,568.43,566.43,1134.87,567,569,0.00,0.00,0,0
1544352504,1003-eth2,0.00,7538.46,7538.46,7546,0,0.00,76.92,76.92,77,0,0.00,0.00,0,0
1544352504,3008-eth1,7734.27,1958.04,9692.31,1960,7742,78.92,19.98,98.90,20,79,0.00,0.00,0,0
1544352504,1002-eth3,0.00,59.94,59.94,60,0,0.00,1.00,1.00,1,0,0.00,0.00,0,0
1544352504,2006-eth1,25978.02,1196046.00,1222024.00,1197242,26004,393.61,412.59,806.19,413,394,0.00,0.00,0,0
1544352504,3003-eth1,500341.69,18633.37,518975.03,18652,500842,172.83,253.75,426.57,254,173,0.00,0.00,0,0
1544352504,2001-eth3,833398.62,16813.19,850211.81,16830,834232,287.71,254.75,542.46,255,288,0.00,0.00,0,0
1544352504,2008-eth2,7734.27,3976.02,11710.29,3980,7742,78.92,40.96,119.88,41,79,0.00,0.00,0,0
1544352504,2008-eth3,3916.08,9692.31,13608.39,9702,3920,39.96,98.90,138.86,99,40,0.00,0.00,0,0
1544352504,1001-eth3,59.94,59.94,119.88,60,60,1.00,1.00,2.00,1,1,0.00,0.00,0,0
1544352504,2007-eth4,1958.04,7734.27,9692.31,7742,1960,19.98,78.92,98.90,79,20,0.00,0.00,0,0
1544352504,2004-eth2,3916.08,5836.16,9752.25,5842,3920,39.96,59.94,99.90,60,40,0.00,0.00,0,0
1544352504,3002-eth1,7734.27,1958.04,9692.31,1960,7742,78.92,19.98,98.90,20,79,0.00,0.00,0,0
1544352504,3004-eth1,251998.02,500401.62,752399.62,500902,252250,223.78,173.83,397.60,174,224,0.00,0.00,0,0
1544352504,2006-eth3,1196046.00,25978.02,1222024.00,26004,1197242,412.59,393.61,806.19,394,413,0.00,0.00,0,0
1544352504,3004-eth2,7794.21,11328.67,19122.88,11340,7802,79.92,133.87,213.79,134,80,0.00,0.00,0,0
1544352504,3001-eth3,1223666.38,73982.02,1297648.38,74056,1224890,436.56,419.58,856.14,420,437,0.00,0.00,0,0
1544352504,2003-eth4,500401.62,251998.02,752399.62,252250,500902,173.83,223.78,397.60,224,174,0.00,0.00,0,0
1544352504,2008-eth4,31754.25,1196046.00,1227800.25,1197242,31786,452.55,412.59,865.13,413,453,0.00,0.00,0,0
1544352504,3008-eth3,33778.22,1221534.50,1255312.75,1222756,33812,473.53,497.50,971.03,498,474,0.00,0.00,0,0
1544352504,2005-eth2,59.94,0.00,59.94,0,60,1.00,0.00,1.00,0,1,0.00,0.00,0,0
1544352504,2006-eth4,0.00,0.00,0.00,0,0,0.00,0.00,0.00,0,0,0.00,0.00,0,0
1544352504,3006-eth2,0.00,0.00,0.00,0,0,0.00,0.00,0.00,0,0,0.00,0.00,0,0
1544352504,1003-eth4,29796.21,1196046.00,1225842.25,1197242,29826,432.57,412.59,845.15,413,433,0.00,0.00,0,0
1544352504,2006-eth2,0.00,59.94,59.94,60,0,0.00,1.00,1.00,1,0,0.00,0.00,0,0
1544352504,3001-eth1,16813.19,833398.62,850211.81,834232,16830,254.75,287.71,542.46,288,255,0.00,0.00,0,0
1544352504,3008-eth2,1196046.00,31754.25,1227800.25,31786,1197242,412.59,452.55,865.13,453,413,0.00,0.00,0,0
1544352504,2004-eth3,3916.08,13188.81,17104.90,13202,3920,39.96,152.85,192.81,153,40,0.00,0.00,0,0
1544352504,3001-eth4,1221316.75,393624.38,1614941.12,394018,1222538,532.47,528.47,1060.94,529,533,0.00,0.00,0,0
1544352504,1003-eth1,3720.28,0.00,3720.28,0,3724,37.96,0.00,37.96,0,38,0.00,0.00,0,0
1544352504,3002-eth2,349364.66,16095.90,365460.56,16112,349714,120.88,215.78,336.66,216,121,0.00,0.00,0,0
1544352504,2005-eth4,599562.44,12461.54,612024.00,12474,600162,207.79,188.81,396.60,189,208,0.00,0.00,0,0
1544352504,3003-eth2,13188.81,3916.08,17104.90,3920,13202,152.85,39.96,192.81,40,153,0.00,0.00,0,0
1544352504,2007-eth1,640929.06,59.94,640989.00,60,641570,220.78,1.00,221.78,1,221,0.00,0.00,0,0
1544352504,1002-eth4,17096.90,3916.08,21012.99,3920,17114,239.76,39.96,279.72,40,240,0.00,0.00,0,0
1544352504,3002-eth4,34141.86,1221534.50,1255676.38,1222756,34176,479.52,497.50,977.02,498,480,0.00,0.00,0,0
1544352504,2007-eth3,18897.10,640929.06,659826.19,641570,18916,257.74,220.78,478.52,221,258,0.00,0.00,0,0
1544352504,3005-eth1,599502.50,12521.48,612024.00,12534,600102,206.79,189.81,396.60,190,207,0.00,0.00,0,0
1544352504,2001-eth4,1958.04,7734.27,9692.31,7742,1960,19.98,78.92,98.90,79,20,0.00,0.00,0,0
1544352504,3003-eth4,34271.73,1221436.62,1255708.38,1222658,34306,480.52,496.50,977.02,497,481,0.00,0.00,0,0
1544352504,2004-eth1,7538.46,0.00,7538.46,0,7546,76.92,0.00,76.92,0,77,0.00,0.00,0,0
1544352504,3006-eth4,1224191.88,1225114.88,2449306.75,1226340,1225416,795.20,809.19,1604.40,810,796,0.00,0.00,0,0
1544352504,3007-eth1,640929.06,18897.10,659826.19,18916,641570,220.78,257.74,478.52,258,221,0.00,0.00,0,0
1544352504,2008-eth1,1196046.00,29796.21,1225842.25,29826,1197242,412.59,432.57,845.15,433,413,0.00,0.00,0,0
1544352504,2002-eth2,0.00,2017.98,2017.98,2020,0,0.00,20.98,20.98,21,0,0.00,0.00,0,0
1544352504,2003-eth1,242773.23,7570.43,250343.66,7578,243016,83.92,95.90,179.82,96,84,0.00,0.00,0,0
1544352504,3008-eth4,1224653.38,1222090.00,2446743.25,1223312,1225878,802.20,807.19,1609.39,808,803,0.00,0.00,0,0
1544352504,1004-eth4,3976.02,7734.27,11710.29,7742,3980,40.96,78.92,119.88,79,41,0.00,0.00,0,0
1544352504,3006-eth1,12461.54,599562.44,612024.00,600162,12474,188.81,207.79,396.60,208,189,0.00,0.00,0,0
1544352504,1004-eth3,59.94,0.00,59.94,0,60,1.00,0.00,1.00,0,1,0.00,0.00,0,0
1544352504,1002-eth2,2017.98,59.94,2077.92,60,2020,20.98,1.00,21.98,1,21,0.00,0.00,0,0
1544352504,3004-eth3,1223216.88,269278.72,1492495.50,269548,1224440,495.50,485.51,981.02,486,496,0.00,0.00,0,0
1544352504,2003-eth3,18633.37,500341.69,518975.03,500842,18652,253.75,172.83,426.57,173,254,0.00,0.00,0,0
1544352504,2005-eth1,59.94,59.94,119.88,60,60,1.00,1.00,2.00,1,1,0.00,0.00,0,0
1544352504,3002-eth3,1223748.25,375870.12,1599618.38,376246,1224972,525.47,522.48,1047.95,523,526,0.00,0.00,0,0
1544352504,3006-eth3,1212653.38,683346.69,1896000.00,684030,1213866,620.38,622.38,1242.76,623,621,0.00,0.00,0,0
1544352504,2001-eth1,7510.49,833458.56,840969.06,834292,7518,94.91,288.71,383.62,289,95,0.00,0.00,0,0
1544352504,3005-eth2,25978.02,1196046.00,1222024.00,1197242,26004,393.61,412.59,806.19,413,394,0.00,0.00,0,0
1544352504,2001-eth2,17036.96,2017.98,19054.95,2020,17054,238.76,20.98,259.74,21,239,0.00,0.00,0,0
1544352504,3007-eth2,9692.31,3916.08,13608.39,3920,9702,98.90,39.96,138.86,40,99,0.00,0.00,0,0
1544352504,1001-eth1,833458.56,7510.49,840969.06,7518,834292,288.71,94.91,383.62,95,289,0.00,0.00,0,0
1544352504,3007-eth4,34073.93,1224591.50,1258665.38,1225816,34108,477.52,499.50,977.02,500,478,0.00,0.00,0,0
1544352504,2003-eth2,59.94,2017.98,2077.92,2020,60,1.00,20.98,21.98,21,1,0.00,0.00,0,0
1544352504,3007-eth3,1222775.25,667170.88,1889946.12,667838,1223998,598.40,618.38,1216.78,619,599,0.00,0.00,0,0
1544352504,1002-eth1,2017.98,17036.96,19054.95,17054,2020,20.98,238.76,259.74,239,21,0.00,0.00,0,0
1544352504,2002-eth3,349364.66,10417.58,359782.22,10428,349714,120.88,157.84,278.72,158,121,0.00,0.00,0,0
1544352504,2007-eth2,3916.08,17096.90,21012.99,17114,3920,39.96,239.76,279.72,240,40,0.00,0.00,0,0
1544352504,total,25080648.00,24660950.00,49741596.00,24685610,25105728,17656.34,17829.17,35485.52,17847,17674,0.00,0.00,0,0
1544352505,3003-eth3,1217178.88,519218.78,1736397.62,519738,1218396,557.44,568.43,1125.87,569,558,0.00,0.00,0,0
1544352505,2002-eth1,0.00,3976.02,3976.02,3980,0,0.00,40.96,40.96,41,0,0.00,0.00,0,0
1544352505,lo,64125.88,64125.88,128251.75,64190,64190,293.71,293.71,587.41,294,294,0.00,0.00,0,0
1544352505,3005-eth3,1190643.38,615838.19,1806481.62,616454,1191834,352.65,366.63,719.28,367,353,0.00,0.00,0,0
1544352505,2005-eth3,12131.87,605420.62,617552.44,606026,12144,183.82,208.79,392.61,209,184,0.00,0.00,0,0
1544352505,3004-eth4,24777.22,1011474.56,1036251.75,1012486,24802,336.66,426.57,763.24,427,337,0.00,0.00,0,0
1544352505,1004-eth2,5874.13,3976.02,9850.15,3980,5880,59.94,40.96,100.90,41,60,0.00,0.00,0,0
1544352505,2004-eth4,14089.91,7832.17,21922.08,7840,14104,174.83,79.92,254.75,80,175,0.00,0.00,0,0
1544352505,1001-eth2,10015.98,433730.28,443746.28,434164,10026,132.87,149.85,282.72,150,133,0.00,0.00,0,0
1544352505,1003-eth3,1190127.88,25582.42,1215710.38,25608,1191318,410.59,387.61,798.20,388,411,0.00,0.00,0,0
1544352505,2002-eth4,18533.47,655724.31,674257.75,656380,18552,251.75,225.77,477.52,226,252,0.00,0.00,0,0
1544352505,1001-eth4,0.00,990293.75,990293.75,991284,0,0.00,341.66,341.66,342,0,0.00,0.00,0,0
1544352505,3001-eth2,12719.28,655724.31,668443.56,656380,12732,192.81,225.77,418.58,226,193,0.00,0.00,0,0
1544352505,1004-eth1,1958.04,0.00,1958.04,0,1960,19.98,0.00,19.98,0,20,0.00,0.00,0,0
1544352505,3005-eth4,1197586.50,1204028.00,2401614.50,1205232,1198784,567.43,555.44,1122.88,556,568,0.00,0.00,0,0
1544352505,1003-eth2,0.00,7892.11,7892.11,7900,0,0.00,80.92,80.92,81,0,0.00,0.00,0,0
1544352505,3008-eth1,7892.11,1958.04,9850.15,1960,7900,80.92,19.98,100.90,20,81,0.00,0.00,0,0
1544352505,1002-eth3,59.94,0.00,59.94,0,60,1.00,0.00,1.00,0,1,0.00,0.00,0,0
1544352505,2006-eth1,25582.42,1190127.88,1215710.38,1191318,25608,387.61,410.59,798.20,411,388,0.00,0.00,0,0
1544352505,3003-eth1,492971.03,21462.54,514433.59,21484,493464,170.83,296.70,467.53,297,171,0.00,0.00,0,0
1544352505,2001-eth3,1216819.25,24461.54,1241280.75,24486,1218036,420.58,370.63,791.21,371,421,0.00,0.00,0,0
1544352505,2008-eth2,7832.17,3916.08,11748.25,3920,7840,79.92,39.96,119.88,40,80,0.00,0.00,0,0
1544352505,2008-eth3,3916.08,9790.21,13706.29,9800,3920,39.96,99.90,139.86,100,40,0.00,0.00,0,0
1544352505,1001-eth3,0.00,0.00,0.00,0,0,0.00,0.00,0.00,0,0,0.00,0.00,0,0
1544352505,2007-eth4,1958.04,7892.11,9850.15,7900,1960,19.98,80.92,100.90,81,20,0.00,0.00,0,0
1544352505,2004-eth2,3976.02,5874.13,9850.15,5880,3980,40.96,59.94,100.90,60,41,0.00,0.00,0,0
1544352505,3002-eth1,7734.27,2017.98,9752.25,2020,7742,78.92,20.98,99.90,21,79,0.00,0.00,0,0
1544352505,3004-eth1,443158.84,492911.09,936069.94,493404,443602,292.71,169.83,462.54,170,293,0.00,0.00,0,0
1544352505,2006-eth3,1190127.88,25582.42,1215710.38,25608,1191318,410.59,387.61,798.20,388,411,0.00,0.00,0,0
1544352505,3004-eth2,7832.17,14089.91,21922.08,14104,7840,79.92,174.83,254.75,175,80,0.00,0.00,0,0
1544352505,3001-eth3,1214367.62,773630.38,1987998.00,774404,1215582,646.35,653.35,1299.70,654,647,0.00,0.00,0,0
1544352505,2003-eth4,492911.09,443158.84,936069.94,443602,493404,169.83,292.71,462.54,293,170,0.00,0.00,0,0
1544352505,2008-eth4,31456.54,1190187.88,1221644.38,1191378,31488,447.55,411.59,859.14,412,448,0.00,0.00,0,0
1544352505,3008-eth3,33804.20,1215714.38,1249518.50,1216930,33838,473.53,496.50,970.03,497,474,0.00,0.00,0,0
1544352505,2005-eth2,0.00,59.94,59.94,60,0,0.00,1.00,1.00,1,0,0.00,0.00,0,0
1544352505,2006-eth4,0.00,0.00,0.00,0,0,0.00,0.00,0.00,0,0,0.00,0.00,0,0
1544352505,3006-eth2,0.00,0.00,0.00,0,0,0.00,0.00,0.00,0,0,0.00,0.00,0,0
1544352505,1003-eth4,29558.44,1190127.88,1219686.38,1191318,29588,428.57,410.59,839.16,411,429,0.00,0.00,0,0
1544352505,2006-eth2,0.00,0.00,0.00,0,0,0.00,0.00,0.00,0,0,0.00,0.00,0,0
1544352505,3001-eth1,24461.54,1216819.25,1241280.75,1218036,24486,370.63,420.58,791.21,421,371,0.00,0.00,0,0
1544352505,3008-eth2,1190187.88,31456.54,1221644.38,31488,1191378,411.59,447.55,859.14,448,412,0.00,0.00,0,0
1544352505,2004-eth3,3976.02,15988.01,19964.04,16004,3980,40.96,193.81,234.77,194,41,0.00,0.00,0,0
1544352505,3001-eth4,1216090.00,985102.94,2201192.75,986088,1217306,716.28,723.28,1439.56,724,717,0.00,0.00,0,0
1544352505,1003-eth1,3976.02,0.00,3976.02,0,3980,40.96,0.00,40.96,0,41,0.00,0.00,0,0
1544352505,3002-eth2,655724.31,18533.47,674257.75,18552,656380,225.77,251.75,477.52,252,226,0.00,0.00,0,0
1544352505,2005-eth4,605420.62,12131.87,617552.44,12144,606026,208.79,183.82,392.61,184,209,0.00,0.00,0,0
1544352505,3003-eth2,15988.01,3976.02,19964.04,3980,16004,193.81,40.96,234.77,41,194,0.00,0.00,0,0
1544352505,2007-eth1,990293.75,0.00,990293.75,0,991284,341.66,0.00,341.66,0,342,0.00,0.00,0,0
1544352505,1002-eth4,22179.82,3916.08,26095.90,3920,22202,316.68,39.96,356.64,40,317,0.00,0.00,0,0
1544352505,3002-eth4,33876.12,1218575.50,1252451.62,1219794,33910,474.53,496.50,971.03,497,475,0.00,0.00,0,0
1544352505,2007-eth3,24137.86,990293.75,1014431.62,991284,24162,336.66,341.66,678.32,342,337,0.00,0.00,0,0
1544352505,3005-eth1,605420.62,12131.87,617552.44,12144,606026,208.79,183.82,392.61,184,209,0.00,0.00,0,0
1544352505,2001-eth4,2017.98,7734.27,9752.25,7742,2020,20.98,78.92,99.90,79,21,0.00,0.00,0,0
1544352505,3003-eth4,34101.90,1215714.38,1249816.25,1216930,34136,478.52,496.50,975.03,497,479,0.00,0.00,0,0
1544352505,2004-eth1,7892.11,0.00,7892.11,0,7900,80.92,0.00,80.92,0,81,0.00,0.00,0,0
1544352505,3006-eth4,1217746.25,1216105.88,2433852.25,1217322,1218964,785.21,804.20,1589.41,805,786,0.00,0.00,0,0
1544352505,3007-eth1,990293.75,24137.86,1014431.62,24162,991284,341.66,336.66,678.32,337,342,0.00,0.00,0,0
1544352505,2008-eth1,1190127.88,29558.44,1219686.38,29588,1191318,410.59,428.57,839.16,429,411,0.00,0.00,0,0
1544352505,2002-eth2,0.00,1958.04,1958.04,1960,0,0.00,19.98,19.98,20,0,0.00,0.00,0,0
1544352505,2003-eth1,433730.28,10015.98,443746.28,10026,434164,149.85,132.87,282.72,133,150,0.00,0.00,0,0
1544352505,3008-eth4,1215644.38,1216105.88,2431750.25,1217322,1216860,797.20,804.20,1601.40,805,798,0.00,0.00,0,0
1544352505,1004-eth4,3916.08,7832.17,11748.25,7840,3920,39.96,79.92,119.88,80,40,0.00,0.00,0,0
1544352505,3006-eth1,12131.87,605420.62,617552.44,606026,12144,183.82,208.79,392.61,209,184,0.00,0.00,0,0
1544352505,1004-eth3,0.00,0.00,0.00,0,0,0.00,0.00,0.00,0,0,0.00,0.00,0,0
1544352505,1002-eth2,1958.04,0.00,1958.04,0,1960,19.98,0.00,19.98,0,20,0.00,0.00,0,0
1544352505,3004-eth3,1222629.38,460103.91,1682733.25,460564,1223852,552.45,549.45,1101.90,550,553,0.00,0.00,0,0
1544352505,2003-eth3,21462.54,492971.03,514433.59,493464,21484,296.70,170.83,467.53,171,297,0.00,0.00,0,0
1544352505,2005-eth1,0.00,0.00,0.00,0,0,0.00,0.00,0.00,0,0,0.00,0.00,0,0
1544352505,3002-eth3,1214821.25,681768.25,1896589.50,682450,1216036,609.39,620.38,1229.77,621,610,0.00,0.00,0,0
1544352505,3006-eth3,1203908.12,709648.38,1913556.50,710358,1205112,619.38,626.37,1245.75,627,620,0.00,0.00,0,0
1544352505,2001-eth1,10075.92,1219718.38,1229794.25,1220938,10086,133.87,420.58,554.45,421,134,0.00,0.00,0,0
1544352505,3005-eth2,25582.42,1190127.88,1215710.38,1191318,25608,387.61,410.59,798.20,411,388,0.00,0.00,0,0
1544352505,2001-eth2,22179.82,1958.04,24137.86,1960,22202,316.68,19.98,336.66,20,317,0.00,0.00,0,0
1544352505,3007-eth2,9790.21,3916.08,13706.29,3920,9800,99.90,39.96,139.86,40,100,0.00,0.00,0,0
1544352505,1001-eth1,1219718.38,10075.92,1229794.25,10086,1220938,420.58,133.87,554.45,134,421,0.00,0.00,0,0
1544352505,3007-eth4,33942.06,1215714.38,1249656.38,1216930,33976,475.52,496.50,972.03,497,476,0.00,0.00,0,0
1544352505,2003-eth2,0.00,1958.04,1958.04,1960,0,0.00,19.98,19.98,20,0,0.00,0.00,0,0
1544352505,3007-eth3,1211416.62,1016403.62,2227820.25,1017420,1212628,689.31,737.26,1426.57,738,690,0.00,0.00,0,0
1544352505,1002-eth1,1958.04,22179.82,24137.86,22202,1960,19.98,316.68,336.66,317,20,0.00,0.00,0,0
1544352505,2002-eth3,655724.31,12719.28,668443.56,12732,656380,225.77,192.81,418.58,193,226,0.00,0.00,0,0
1544352505,2007-eth2,3916.08,22179.82,26095.90,22202,3920,39.96,316.68,356.64,317,40,0.00,0.00,0,0
1544352505,total,27530138.00,29322752.00,56852892.00,29352074,27557668,19887.11,20176.82,40063.94,20197,19907,0.00,0.00,0,0
1544352506,3003-eth3,1220395.62,556239.75,1776635.38,556796,1221616,562.44,581.42,1143.86,582,563,0.00,0.00,0,0
1544352506,2002-eth1,0.00,3916.08,3916.08,3920,0,0.00,39.96,39.96,40,0,0.00,0.00,0,0
1544352506,lo,6905.10,6905.10,13810.19,6912,6912,66.93,66.93,133.87,67,67,0.00,0.00,0,0
1544352506,3005-eth3,1197484.50,679424.62,1876909.12,680104,1198682,368.63,387.61,756.24,388,369,0.00,0.00,0,0
1544352506,2005-eth3,13252.75,669072.94,682325.69,669742,13266,200.80,230.77,431.57,231,201,0.00,0.00,0,0
1544352506,3004-eth4,34009.99,641017.00,675027.00,641658,34044,365.63,380.62,746.25,381,366,0.00,0.00,0,0
1544352506,1004-eth2,5874.13,3916.08,9790.21,3920,5880,59.94,39.96,99.90,40,60,0.00,0.00,0,0
1544352506,2004-eth4,14359.64,7832.17,22191.81,7840,14374,178.82,79.92,258.74,80,179,0.00,0.00,0,0
1544352506,1001-eth2,10443.56,162813.19,173256.75,162976,10454,138.86,55.94,194.81,56,139,0.00,0.00,0,0
1544352506,1003-eth3,1196046.00,26241.76,1222287.75,26268,1197242,412.59,397.60,810.19,398,413,0.00,0.00,0,0
1544352506,2002-eth4,14307.69,552217.81,566525.50,552770,14322,187.81,191.81,379.62,192,188,0.00,0.00,0,0
1544352506,1001-eth4,0.00,821622.38,821622.38,822444,0,0.00,284.72,284.72,285,0,0.00,0.00,0,0
1544352506,3001-eth2,8373.63,552157.88,560531.50,552710,8382,126.87,190.81,317.68,191,127,0.00,0.00,0,0
1544352506,1004-eth1,1958.04,0.00,1958.04,0,1960,19.98,0.00,19.98,0,20,0.00,0.00,0,0
1544352506,3005-eth4,1209356.62,1210539.50,2419896.25,1211750,1210566,570.43,566.43,1136.86,567,571,0.00,0.00,0,0
1544352506,1003-eth2,0.00,7832.17,7832.17,7840,0,0.00,79.92,79.92,80,0,0.00,0.00,0,0
1544352506,3008-eth1,7832.17,2017.98,9850.15,2020,7840,79.92,20.98,100.90,21,80,0.00,0.00,0,0
1544352506,1002-eth3,0.00,0.00,0.00,0,0,0.00,0.00,0.00,0,0,0.00,0.00,0,0
1544352506,2006-eth1,26241.76,1196046.00,1222287.75,1197242,26268,397.60,412.59,810.19,413,398,0.00,0.00,0,0
1544352506,3003-eth1,529932.06,24235.77,554167.88,24260,530462,182.82,289.71,472.53,290,183,0.00,0.00,0,0
1544352506,2001-eth3,1222677.38,20037.96,1242715.38,20058,1223900,421.58,303.70,725.27,304,422,0.00,0.00,0,0
1544352506,2008-eth2,7832.17,3916.08,11748.25,3920,7840,79.92,39.96,119.88,40,80,0.00,0.00,0,0
1544352506,2008-eth3,3916.08,9790.21,13706.29,9800,3920,39.96,99.90,139.86,100,40,0.00,0.00,0,0
1544352506,1001-eth3,0.00,0.00,0.00,0,0,0.00,0.00,0.00,0,0,0.00,0.00,0,0
1544352506,2007-eth4,2017.98,7832.17,9850.15,7840,2020,20.98,79.92,100.90,80,21,0.00,0.00,0,0
1544352506,2004-eth2,3916.08,5874.13,9790.21,5880,3920,39.96,59.94,99.90,60,40,0.00,0.00,0,0
1544352506,3002-eth1,7892.11,1958.04,9850.15,1960,7900,80.92,19.98,100.90,20,81,0.00,0.00,0,0
1544352506,3004-eth1,174647.36,529932.06,704579.44,530462,174822,186.81,182.82,369.63,183,187,0.00,0.00,0,0
1544352506,2006-eth3,1196046.00,26301.70,1222347.62,26328,1197242,412.59,398.60,811.19,399,413,0.00,0.00,0,0
1544352506,3004-eth2,7832.17,14359.64,22191.81,14374,7840,79.92,178.82,258.74,179,80,0.00,0.00,0,0
1544352506,3001-eth3,1220921.12,377250.75,1598171.88,377628,1222142,526.47,521.48,1047.95,522,527,0.00,0.00,0,0
1544352506,2003-eth4,529932.06,174647.36,704579.44,174822,530462,182.82,186.81,369.63,187,183,0.00,0.00,0,0
1544352506,2008-eth4,32175.82,1196046.00,1228221.75,1197242,32208,458.54,412.59,871.13,413,459,0.00,0.00,0,0
1544352506,3008-eth3,34007.99,1223144.88,1257152.88,1224368,34042,476.52,499.50,976.02,500,477,0.00,0.00,0,0
1544352506,2005-eth2,0.00,0.00,0.00,0,0,0.00,0.00,0.00,0,0,0.00,0.00,0,0
1544352506,2006-eth4,0.00,59.94,59.94,60,0,0.00,1.00,1.00,1,0,0.00,0.00,0,0
1544352506,3006-eth2,59.94,0.00,59.94,0,60,1.00,0.00,1.00,0,1,0.00,0.00,0,0
1544352506,1003-eth4,30157.84,1196046.00,1226203.88,1197242,30188,437.56,412.59,850.15,413,438,0.00,0.00,0,0
1544352506,2006-eth2,0.00,0.00,0.00,0,0,0.00,0.00,0.00,0,0,0.00,0.00,0,0
1544352506,3001-eth1,20037.96,1222677.38,1242715.38,1223900,20058,303.70,421.58,725.27,422,304,0.00,0.00,0,0
1544352506,3008-eth2,1196046.00,32175.82,1228221.75,32208,1197242,412.59,458.54,871.13,459,413,0.00,0.00,0,0
1544352506,2004-eth3,3916.08,16377.62,20293.71,16394,3920,39.96,199.80,239.76,200,40,0.00,0.00,0,0
1544352506,3001-eth4,1220191.88,319648.38,1539840.25,319968,1221412,493.51,503.50,997.00,504,494,0.00,0.00,0,0
1544352506,1003-eth1,3916.08,0.00,3916.08,0,3920,39.96,0.00,39.96,0,40,0.00,0.00,0,0
1544352506,3002-eth2,552217.81,14307.69,566525.50,14322,552770,191.81,187.81,379.62,188,192,0.00,0.00,0,0
1544352506,2005-eth4,669072.94,13312.69,682385.62,13326,669742,230.77,201.80,432.57,202,231,0.00,0.00,0,0
1544352506,3003-eth2,16377.62,3916.08,20293.71,3920,16394,199.80,39.96,239.76,40,200,0.00,0.00,0,0
1544352506,2007-eth1,821622.38,0.00,821622.38,0,822444,284.72,0.00,284.72,0,285,0.00,0.00,0,0
1544352506,1002-eth4,17366.63,3976.02,21342.66,3980,17384,243.76,40.96,284.72,41,244,0.00,0.00,0,0
1544352506,3002-eth4,34397.60,1220185.88,1254583.50,1221406,34432,482.52,498.50,981.02,499,483,0.00,0.00,0,0
1544352506,2007-eth3,19384.62,821562.44,840947.06,822384,19404,264.74,283.72,548.45,284,265,0.00,0.00,0,0
1544352506,3005-eth1,669072.94,13252.75,682325.69,13266,669742,230.77,200.80,431.57,201,231,0.00,0.00,0,0
1544352506,2001-eth4,1958.04,7892.11,9850.15,7900,1960,19.98,80.92,100.90,81,20,0.00,0.00,0,0
1544352506,3003-eth4,34139.86,1223144.88,1257284.75,1224368,34174,478.52,499.50,978.02,500,479,0.00,0.00,0,0
1544352506,2004-eth1,7832.17,0.00,7832.17,0,7840,79.92,0.00,79.92,0,80,0.00,0.00,0,0
1544352506,3006-eth4,1220375.62,1219262.75,2439638.50,1220482,1221596,781.22,808.19,1589.41,809,782,0.00,0.00,0,0
1544352506,3007-eth1,821562.44,19384.62,840947.06,19404,822384,283.72,264.74,548.45,265,284,0.00,0.00,0,0
1544352506,2008-eth1,1196046.00,30157.84,1226203.88,30188,1197242,412.59,437.56,850.15,438,413,0.00,0.00,0,0
1544352506,2002-eth2,0.00,1958.04,1958.04,1960,0,0.00,19.98,19.98,20,0,0.00,0.00,0,0
1544352506,2003-eth1,162813.19,10443.56,173256.75,10454,162976,55.94,138.86,194.81,139,56,0.00,0.00,0,0
1544352506,3008-eth4,1224845.25,1222155.88,2447001.00,1223378,1226070,805.19,808.19,1613.39,809,806,0.00,0.00,0,0
1544352506,1004-eth4,3916.08,7832.17,11748.25,7840,3920,39.96,79.92,119.88,80,40,0.00,0.00,0,0
1544352506,3006-eth1,13312.69,669072.94,682385.62,669742,13326,201.80,230.77,432.57,231,202,0.00,0.00,0,0
1544352506,1004-eth3,0.00,0.00,0.00,0,0,0.00,0.00,0.00,0,0,0.00,0.00,0,0
1544352506,1002-eth2,1958.04,0.00,1958.04,0,1960,19.98,0.00,19.98,0,20,0.00,0.00,0,0
1544352506,3004-eth3,1220315.75,200919.09,1421234.75,201120,1221536,451.55,473.53,925.07,474,452,0.00,0.00,0,0
1544352506,2003-eth3,24235.77,529932.06,554167.88,530462,24260,289.71,182.82,472.53,183,290,0.00,0.00,0,0
1544352506,2005-eth1,0.00,0.00,0.00,0,0,0.00,0.00,0.00,0,0,0.00,0.00,0,0
1544352506,3002-eth3,1221318.75,578663.38,1799982.12,579242,1222540,576.42,592.41,1168.83,593,577,0.00,0.00,0,0
1544352506,3006-eth3,1206135.88,686305.69,1892441.62,686992,1207342,609.39,623.38,1232.77,624,610,0.00,0.00,0,0
1544352506,2001-eth1,10443.56,1222677.38,1233120.88,1223900,10454,138.86,421.58,560.44,422,139,0.00,0.00,0,0
1544352506,3005-eth2,26301.70,1196046.00,1222347.62,1197242,26328,398.60,412.59,811.19,413,399,0.00,0.00,0,0
1544352506,2001-eth2,17426.57,1958.04,19384.62,1960,17444,244.76,19.98,264.74,20,245,0.00,0.00,0,0
1544352506,3007-eth2,9790.21,3916.08,13706.29,3920,9800,99.90,39.96,139.86,40,100,0.00,0.00,0,0
1544352506,1001-eth1,1222677.38,10443.56,1233120.88,10454,1223900,421.58,138.86,560.44,139,422,0.00,0.00,0,0
1544352506,3007-eth4,34073.93,1223144.88,1257218.88,1224368,34108,477.52,499.50,977.02,500,478,0.00,0.00,0,0
1544352506,2003-eth2,0.00,1958.04,1958.04,1960,0,0.00,19.98,19.98,20,0,0.00,0.00,0,0
1544352506,3007-eth3,1219362.62,847804.25,2067166.88,848652,1220582,634.37,681.32,1315.68,682,635,0.00,0.00,0,0
1544352506,1002-eth1,1958.04,17426.57,19384.62,17444,1960,19.98,244.76,264.74,245,20,0.00,0.00,0,0
1544352506,2002-eth3,552157.88,8373.63,560531.50,8382,552710,190.81,126.87,317.68,127,191,0.00,0.00,0,0
1544352506,2007-eth2,3976.02,17366.63,21342.66,17384,3980,40.96,243.76,284.72,244,41,0.00,0.00,0,0
1544352506,total,26673360.00,26550878.00,53224236.00,26577428,26700032,18557.44,18822.18,37379.62,18841,18576,0.00,0.00,0,0
1544352507,3003-eth3,1209558.50,359962.06,1569520.50,360322,1210768,539.46,544.46,1083.92,545,540,0.00,0.00,0,0
1544352507,2002-eth1,59.94,3916.08,3976.02,3920,60,1.00,39.96,40.96,40,1,0.00,0.00,0,0
1544352507,lo,7794.21,7794.21,15588.41,7802,7802,76.92,76.92,153.85,77,77,0.00,0.00,0,0
1544352507,3005-eth3,1181236.75,679358.69,1860595.50,680038,1182418,363.64,386.61,750.25,387,364,0.00,0.00,0,0
1544352507,2005-eth3,12791.21,669132.88,681924.12,669802,12804,193.81,231.77,425.57,232,194,0.00,0.00,0,0
1544352507,3004-eth4,33844.16,572563.44,606407.62,573136,33878,356.64,351.65,708.29,352,357,0.00,0.00,0,0
1544352507,1004-eth2,5874.13,3916.08,9790.21,3920,5880,59.94,39.96,99.90,40,60,0.00,0.00,0,0
1544352507,2004-eth4,11656.34,7832.17,19488.51,7840,11668,137.86,79.92,217.78,80,138,0.00,0.00,0,0
1544352507,1001-eth2,7740.26,272423.59,280163.84,272696,7748,97.90,94.91,192.81,95,98,0.00,0.00,0,0
1544352507,1003-eth3,1184269.75,25774.23,1210044.00,25800,1185454,409.59,390.61,800.20,391,410,0.00,0.00,0,0
1544352507,2002-eth4,17478.52,577276.75,594755.25,577854,17496,235.76,198.80,434.57,199,236,0.00,0.00,0,0
1544352507,1001-eth4,0.00,672032.00,672032.00,672704,0,0.00,231.77,231.77,232,0,0.00,0.00,0,0
1544352507,3001-eth2,11604.40,577336.69,588941.06,577914,11616,175.82,199.80,375.62,200,176,0.00,0.00,0,0
1544352507,1004-eth1,1958.04,59.94,2017.98,60,1960,19.98,1.00,20.98,1,20,0.00,0.00,0,0
1544352507,3005-eth4,1194555.50,1194099.88,2388655.50,1195294,1195750,565.43,558.44,1123.88,559,566,0.00,0.00,0,0
1544352507,1003-eth2,59.94,7832.17,7892.11,7840,60,1.00,79.92,80.92,80,1,0.00,0.00,0,0
1544352507,3008-eth1,7832.17,1860.14,9692.31,1862,7840,79.92,18.98,98.90,19,80,0.00,0.00,0,0
1544352507,1002-eth3,0.00,0.00,0.00,0,0,0.00,0.00,0.00,0,0,0.00,0.00,0,0
1544352507,2006-eth1,25774.23,1184269.75,1210044.00,1185454,25800,390.61,409.59,800.20,410,391,0.00,0.00,0,0
1544352507,3003-eth1,333720.28,22845.16,356565.44,22868,334054,146.85,257.74,404.60,258,147,0.00,0.00,0,0
1544352507,2001-eth3,908887.12,19054.95,927942.06,19074,909796,313.69,288.71,602.40,289,314,0.00,0.00,0,0
1544352507,2008-eth2,7892.11,3916.08,11808.19,3920,7900,80.92,39.96,120.88,40,81,0.00,0.00,0,0
1544352507,2008-eth3,3976.02,9752.25,13728.27,9762,3980,40.96,99.90,140.86,100,41,0.00,0.00,0,0
1544352507,1001-eth3,0.00,0.00,0.00,0,0,0.00,0.00,0.00,0,0,0.00,0.00,0,0
1544352507,2007-eth4,1860.14,7832.17,9692.31,7840,1862,18.98,79.92,98.90,80,19,0.00,0.00,0,0
1544352507,2004-eth2,3916.08,5874.13,9790.21,5880,3920,39.96,59.94,99.90,60,40,0.00,0.00,0,0
1544352507,3002-eth1,7734.27,1958.04,9692.31,1960,7742,78.92,19.98,98.90,20,79,0.00,0.00,0,0
1544352507,3004-eth1,285510.50,333720.28,619230.81,334054,285796,233.77,146.85,380.62,147,234,0.00,0.00,0,0
1544352507,2006-eth3,1184269.75,25714.29,1209984.00,25740,1185454,409.59,389.61,799.20,390,410,0.00,0.00,0,0
1544352507,3004-eth2,7832.17,11656.34,19488.51,11668,7840,79.92,137.86,217.78,138,80,0.00,0.00,0,0
1544352507,3001-eth3,1210857.12,341478.53,1552335.75,341820,1212068,505.49,505.49,1010.99,506,506,0.00,0.00,0,0
1544352507,2003-eth4,333720.28,285510.50,619230.81,285796,334054,146.85,233.77,380.62,234,147,0.00,0.00,0,0
1544352507,2008-eth4,31490.51,1184209.88,1215700.38,1185394,31522,448.55,408.59,857.14,409,449,0.00,0.00,0,0
1544352507,3008-eth3,33458.54,1212797.25,1246255.75,1214010,33492,469.53,496.50,966.03,497,470,0.00,0.00,0,0
1544352507,2005-eth2,0.00,0.00,0.00,0,0,0.00,0.00,0.00,0,0,0.00,0.00,0,0
1544352507,2006-eth4,59.94,0.00,59.94,0,60,1.00,0.00,1.00,0,1,0.00,0.00,0,0
1544352507,3006-eth2,0.00,59.94,59.94,60,0,0.00,1.00,1.00,1,0,0.00,0.00,0,0
1544352507,1003-eth4,29630.37,1184269.75,1213900.12,1185454,29660,429.57,409.59,839.16,410,430,0.00,0.00,0,0
1544352507,2006-eth2,59.94,0.00,59.94,0,60,1.00,0.00,1.00,0,1,0.00,0.00,0,0
1544352507,3001-eth1,19054.95,908887.12,927942.06,909796,19074,288.71,313.69,602.40,314,289,0.00,0.00,0,0
1544352507,3008-eth2,1184209.88,31490.51,1215700.38,31522,1185394,408.59,448.55,857.14,449,409,0.00,0.00,0,0
1544352507,2004-eth3,3916.08,13614.39,17530.47,13628,3920,39.96,157.84,197.80,158,40,0.00,0.00,0,0
1544352507,3001-eth4,1210989.00,353446.56,1564435.62,353800,1212200,507.49,511.49,1018.98,512,508,0.00,0.00,0,0
1544352507,1003-eth1,3916.08,59.94,3976.02,60,3920,39.96,1.00,40.96,1,40,0.00,0.00,0,0
1544352507,3002-eth2,577276.75,17478.52,594755.25,17496,577854,198.80,235.76,434.57,236,199,0.00,0.00,0,0
1544352507,2005-eth4,669072.94,12791.21,681864.12,12804,669742,230.77,193.81,424.58,194,231,0.00,0.00,0,0
1544352507,3003-eth2,13614.39,3916.08,17530.47,3920,13628,157.84,39.96,197.80,40,158,0.00,0.00,0,0
1544352507,2007-eth1,672032.00,0.00,672032.00,0,672704,231.77,0.00,231.77,0,232,0.00,0.00,0,0
1544352507,1002-eth4,19048.95,3916.08,22965.04,3920,19068,269.73,39.96,309.69,40,270,0.00,0.00,0,0
1544352507,3002-eth4,33942.06,1212657.38,1246599.38,1213870,33976,475.52,494.51,970.03,495,476,0.00,0.00,0,0
1544352507,2007-eth3,21104.90,672091.94,693196.81,672764,21126,290.71,232.77,523.48,233,291,0.00,0.00,0,0
1544352507,3005-eth1,669132.88,12791.21,681924.12,12804,669802,231.77,193.81,425.57,194,232,0.00,0.00,0,0
1544352507,2001-eth4,1958.04,7734.27,9692.31,7742,1960,19.98,78.92,98.90,79,20,0.00,0.00,0,0
1544352507,3003-eth4,34073.93,1212755.25,1246829.25,1213968,34108,477.52,495.50,973.03,496,478,0.00,0.00,0,0
1544352507,2004-eth1,7832.17,59.94,7892.11,60,7840,79.92,1.00,80.92,1,80,0.00,0.00,0,0
1544352507,3006-eth4,1213660.38,1209990.00,2423650.50,1211200,1214874,767.23,799.20,1566.43,800,768,0.00,0.00,0,0
1544352507,3007-eth1,672091.94,21104.90,693196.81,21126,672764,232.77,290.71,523.48,291,233,0.00,0.00,0,0
1544352507,2008-eth1,1184269.75,29630.37,1213900.12,29660,1185454,409.59,429.57,839.16,430,410,0.00,0.00,0,0
1544352507,2002-eth2,59.94,1958.04,2017.98,1960,60,1.00,19.98,20.98,20,1,0.00,0.00,0,0
1544352507,2003-eth1,272423.59,7740.26,280163.84,7748,272696,94.91,97.90,192.81,98,95,0.00,0.00,0,0
1544352507,3008-eth4,1209528.50,1210032.00,2419560.50,1211242,1210738,792.21,800.20,1592.41,801,793,0.00,0.00,0,0
1544352507,1004-eth4,3916.08,7892.11,11808.19,7900,3920,39.96,80.92,120.88,81,40,0.00,0.00,0,0
1544352507,3006-eth1,12791.21,669072.94,681864.12,669742,12804,193.81,230.77,424.58,231,194,0.00,0.00,0,0
1544352507,1004-eth3,0.00,59.94,59.94,60,0,0.00,1.00,1.00,1,0,0.00,0.00,0,0
1544352507,1002-eth2,1958.04,0.00,1958.04,0,1960,19.98,0.00,19.98,0,20,0.00,0.00,0,0
1544352507,3004-eth3,1209538.50,311470.53,1521009.00,311782,1210748,485.51,510.49,996.00,511,486,0.00,0.00,0,0
1544352507,2003-eth3,22845.16,333720.28,356565.44,334054,22868,257.74,146.85,404.60,147,258,0.00,0.00,0,0
1544352507,2005-eth1,0.00,0.00,0.00,0,0,0.00,0.00,0.00,0,0,0.00,0.00,0,0
1544352507,3002-eth3,1212513.50,603386.62,1815900.12,603990,1213726,574.43,594.41,1168.83,595,575,0.00,0.00,0,0
1544352507,3006-eth3,1197198.88,702283.75,1899482.62,702986,1198396,605.39,624.38,1229.77,625,606,0.00,0.00,0,0
1544352507,2001-eth1,7740.26,905928.12,913668.38,906834,7748,97.90,312.69,410.59,313,98,0.00,0.00,0,0
1544352507,3005-eth2,25714.29,1184269.75,1209984.00,1185454,25740,389.61,409.59,799.20,410,390,0.00,0.00,0,0
1544352507,2001-eth2,19048.95,1958.04,21006.99,1960,19068,269.73,19.98,289.71,20,270,0.00,0.00,0,0
1544352507,3007-eth2,9752.25,3976.02,13728.27,3980,9762,99.90,40.96,140.86,41,100,0.00,0.00,0,0
1544352507,1001-eth1,905928.12,7740.26,913668.38,7748,906834,312.69,97.90,410.59,98,313,0.00,0.00,0,0
1544352507,3007-eth4,33936.07,1212657.38,1246593.50,1213870,33970,475.52,494.51,970.03,495,476,0.00,0.00,0,0
1544352507,2003-eth2,0.00,1958.04,1958.04,1960,0,0.00,19.98,19.98,20,0,0.00,0.00,0,0
1544352507,3007-eth3,1210405.62,698075.94,1908481.62,698774,1211616,586.41,626.37,1212.79,627,587,0.00,0.00,0,0
1544352507,1002-eth1,1958.04,19048.95,21006.99,19068,1960,19.98,269.73,289.71,270,20,0.00,0.00,0,0
1544352507,2002-eth3,577336.69,11604.40,588941.06,11616,577914,199.80,175.82,375.62,176,200,0.00,0.00,0,0
1544352507,2007-eth2,3916.08,19048.95,22965.04,19068,3920,39.96,269.73,309.69,270,40,0.00,0.00,0,0
1544352507,total,25448670.00,25106388.00,50555060.00,25131494,25474118,18065.93,18312.69,36378.62,18331,18084,0.00,0.00,0,0
1544352508,3003-eth3,1221926.12,324896.22,1546822.38,325546,1224370,563.87,543.91,1107.78,545,565,0.00,0.00,0,0
1544352508,2002-eth1,0.00,3912.18,3912.18,3920,0,0.00,39.92,39.92,40,0,0.00,0.00,0,0
1544352508,lo,65111.78,65111.78,130223.55,65242,65242,301.40,301.40,602.79,302,302,0.00,0.00,0,0
1544352508,3005-eth3,1198014.00,671850.31,1869864.38,673194,1200410,366.27,392.22,758.48,393,367,0.00,0.00,0,0
1544352508,2005-eth3,13447.11,661706.62,675153.69,663030,13474,197.60,238.52,436.13,239,198,0.00,0.00,0,0
1544352508,3004-eth4,39968.07,761383.25,801351.31,762906,40048,422.16,440.12,862.28,441,423,0.00,0.00,0,0
1544352508,1004-eth2,5868.26,3912.18,9780.44,3920,5880,59.88,39.92,99.80,40,60,0.00,0.00,0,0
1544352508,2004-eth4,13554.89,7884.23,21439.12,7900,13582,166.67,80.84,247.50,81,167,0.00,0.00,0,0
1544352508,1001-eth2,9702.59,483550.91,493253.50,484518,9722,127.74,166.67,294.41,167,128,0.00,0.00,0,0
1544352508,1003-eth3,1194852.38,26281.44,1221133.75,26334,1197242,412.18,398.20,810.38,399,413,0.00,0.00,0,0
1544352508,2002-eth4,21347.31,783758.50,805105.81,785326,21390,294.41,270.46,564.87,271,295,0.00,0.00,0,0
1544352508,1001-eth4,59.88,1154912.25,1154972.12,1157222,60,1.00,398.20,399.20,399,1,0.00,0.00,0,0
1544352508,3001-eth2,15479.04,783758.50,799237.56,785326,15510,234.53,270.46,504.99,271,235,0.00,0.00,0,0
1544352508,1004-eth1,2015.97,0.00,2015.97,0,2020,20.96,0.00,20.96,0,21,0.00,0.00,0,0
1544352508,3005-eth4,1204996.00,1210842.38,2415838.50,1213264,1207406,565.87,566.87,1132.73,568,567,0.00,0.00,0,0
1544352508,1003-eth2,0.00,7824.35,7824.35,7840,0,0.00,79.84,79.84,80,0,0.00,0.00,0,0
1544352508,3008-eth1,7628.74,1956.09,9584.83,1960,7644,77.84,19.96,97.80,20,78,0.00,0.00,0,0
1544352508,1002-eth3,0.00,59.88,59.88,60,0,0.00,1.00,1.00,1,0,0.00,0.00,0,0
1544352508,2006-eth1,26281.44,1194852.38,1221133.75,1197242,26334,398.20,412.18,810.38,413,399,0.00,0.00,0,0
1544352508,3003-eth1,298572.88,26796.41,325369.28,26850,299170,144.71,308.38,453.09,309,145,0.00,0.00,0,0
1544352508,2001-eth3,1221457.12,24832.34,1246289.50,24882,1223900,421.16,376.25,797.41,377,422,0.00,0.00,0,0
1544352508,2008-eth2,7824.35,3972.06,11796.41,3980,7840,79.84,40.92,120.76,41,80,0.00,0.00,0,0
1544352508,2008-eth3,3912.18,9780.44,13692.62,9800,3920,39.92,99.80,139.72,100,40,0.00,0.00,0,0
1544352508,1001-eth3,59.88,59.88,119.76,60,60,1.00,1.00,2.00,1,1,0.00,0.00,0,0
1544352508,2007-eth4,1956.09,7628.74,9584.83,7644,1960,19.96,77.84,97.80,78,20,0.00,0.00,0,0
1544352508,2004-eth2,3912.18,5868.26,9780.44,5880,3920,39.92,59.88,99.80,60,40,0.00,0.00,0,0
1544352508,3002-eth1,7824.35,1858.28,9682.63,1862,7840,79.84,18.96,98.80,19,80,0.00,0.00,0,0
1544352508,3004-eth1,498808.41,298632.75,797441.12,299230,499806,329.34,145.71,475.05,146,330,0.00,0.00,0,0
1544352508,2006-eth3,1194852.38,26281.44,1221133.75,26334,1197242,412.18,398.20,810.38,399,413,0.00,0.00,0,0
1544352508,3004-eth2,7884.23,13554.89,21439.12,13582,7900,80.84,166.67,247.50,167,81,0.00,0.00,0,0
1544352508,3001-eth3,1220692.62,622361.31,1843054.00,623606,1223134,584.83,605.79,1190.62,607,586,0.00,0.00,0,0
1544352508,2003-eth4,298632.75,498808.41,797441.12,499806,299230,145.71,329.34,475.05,330,146,0.00,0.00,0,0
1544352508,2008-eth4,32149.70,1194852.38,1227002.00,1197242,32214,458.08,412.18,870.26,413,459,0.00,0.00,0,0
1544352508,3008-eth3,33842.32,1220217.62,1254059.88,1222658,33910,474.05,496.01,970.06,497,475,0.00,0.00,0,0
1544352508,2005-eth2,59.88,0.00,59.88,0,60,1.00,0.00,1.00,0,1,0.00,0.00,0,0
1544352508,2006-eth4,0.00,0.00,0.00,0,0,0.00,0.00,0.00,0,0,0.00,0.00,0,0
1544352508,3006-eth2,0.00,0.00,0.00,0,0,0.00,0.00,0.00,0,0,0.00,0.00,0,0
1544352508,1003-eth4,30193.61,1194852.38,1225046.00,1197242,30254,438.12,412.18,850.30,413,439,0.00,0.00,0,0
1544352508,2006-eth2,0.00,59.88,59.88,60,0,0.00,1.00,1.00,1,0,0.00,0.00,0,0
1544352508,3001-eth1,24832.34,1221457.12,1246289.50,1223900,24882,376.25,421.16,797.41,422,377,0.00,0.00,0,0
1544352508,3008-eth2,1194852.38,32149.70,1227002.00,32214,1197242,412.18,458.08,870.26,459,413,0.00,0.00,0,0
1544352508,2004-eth3,3912.18,15510.98,19423.15,15542,3920,39.92,186.63,226.55,187,40,0.00,0.00,0,0
1544352508,3001-eth4,1222359.38,1122071.88,2344431.25,1124316,1224804,719.56,776.45,1496.01,778,721,0.00,0.00,0,0
1544352508,1003-eth1,3912.18,0.00,3912.18,0,3920,39.92,0.00,39.92,0,40,0.00,0.00,0,0
1544352508,3002-eth2,783758.50,21347.31,805105.81,21390,785326,270.46,294.41,564.87,295,271,0.00,0.00,0,0
1544352508,2005-eth4,661766.50,13387.23,675153.69,13414,663090,239.52,196.61,436.13,197,240,0.00,0.00,0,0
1544352508,3003-eth2,15510.98,3912.18,19423.15,3920,15542,186.63,39.92,226.55,40,187,0.00,0.00,0,0
1544352508,2007-eth1,1154912.25,59.88,1154972.12,60,1157222,398.20,1.00,399.20,1,399,0.00,0.00,0,0
1544352508,1002-eth4,23073.85,3814.37,26888.22,3822,23120,330.34,38.92,369.26,39,331,0.00,0.00,0,0
1544352508,3002-eth4,33876.25,1220413.25,1254289.50,1222854,33944,475.05,498.00,973.05,499,476,0.00,0.00,0,0
1544352508,2007-eth3,24872.26,1154912.25,1179784.50,1157222,24922,348.30,398.20,746.51,399,349,0.00,0.00,0,0
1544352508,3005-eth1,661706.62,13447.11,675153.69,13474,663030,238.52,197.60,436.13,198,239,0.00,0.00,0,0
1544352508,2001-eth4,1858.28,7824.35,9682.63,7840,1862,18.96,79.84,98.80,80,19,0.00,0.00,0,0
1544352508,3003-eth4,34039.92,1220413.25,1254453.12,1222854,34108,477.05,498.00,975.05,499,478,0.00,0.00,0,0
1544352508,2004-eth1,7824.35,0.00,7824.35,0,7840,79.84,0.00,79.84,0,80,0.00,0.00,0,0
1544352508,3006-eth4,1220269.50,1221479.12,2441748.50,1223922,1222710,753.49,809.38,1562.87,811,755,0.00,0.00,0,0
1544352508,3007-eth1,1154912.25,24872.26,1179784.50,24922,1157222,398.20,348.30,746.51,349,399,0.00,0.00,0,0
1544352508,2008-eth1,1194852.38,30193.61,1225046.00,30254,1197242,412.18,438.12,850.30,439,413,0.00,0.00,0,0
1544352508,2002-eth2,0.00,2015.97,2015.97,2020,0,0.00,20.96,20.96,21,0,0.00,0.00,0,0
1544352508,2003-eth1,483550.91,9702.59,493253.50,9722,484518,166.67,127.74,294.41,128,167,0.00,0.00,0,0
1544352508,3008-eth4,1220451.12,1220870.25,2441321.50,1223312,1222892,800.40,806.39,1606.79,808,802,0.00,0.00,0,0
1544352508,1004-eth4,3972.06,7824.35,11796.41,7840,3980,40.92,79.84,120.76,80,41,0.00,0.00,0,0
1544352508,3006-eth1,13387.23,661766.50,675153.69,663090,13414,196.61,239.52,436.13,240,197,0.00,0.00,0,0
1544352508,1004-eth3,59.88,0.00,59.88,0,60,1.00,0.00,1.00,0,1,0.00,0.00,0,0
1544352508,1002-eth2,2015.97,59.88,2075.85,60,2020,20.96,1.00,21.96,1,21,0.00,0.00,0,0
1544352508,3004-eth3,1225363.25,530874.25,1756237.62,531936,1227814,589.82,670.66,1260.48,672,591,0.00,0.00,0,0
1544352508,2003-eth3,26796.41,298572.88,325369.28,299170,26850,308.38,144.71,453.09,145,309,0.00,0.00,0,0
1544352508,2005-eth1,59.88,59.88,119.76,60,60,1.00,1.00,2.00,1,1,0.00,0.00,0,0
1544352508,3002-eth3,1220706.62,809908.19,2030614.88,811528,1223148,628.74,666.67,1295.41,668,630,0.00,0.00,0,0
1544352508,3006-eth3,1208091.88,741720.56,1949812.38,743204,1210508,612.77,640.72,1253.49,642,614,0.00,0.00,0,0
1544352508,2001-eth1,9642.71,1221457.12,1231099.88,1223900,9662,126.75,421.16,547.90,422,127,0.00,0.00,0,0
1544352508,3005-eth2,26281.44,1194852.38,1221133.75,1197242,26334,398.20,412.18,810.38,413,399,0.00,0.00,0,0
1544352508,2001-eth2,23013.97,1918.16,24932.14,1922,23060,329.34,19.96,349.30,20,330,0.00,0.00,0,0
1544352508,3007-eth2,9780.44,3912.18,13692.62,3920,9800,99.80,39.92,139.72,40,100,0.00,0.00,0,0
1544352508,1001-eth1,1221457.12,9642.71,1231099.88,9662,1223900,421.16,126.75,547.90,127,422,0.00,0.00,0,0
1544352508,3007-eth4,33744.51,1223369.25,1257113.75,1225816,33812,473.05,499.00,972.06,500,474,0.00,0.00,0,0
1544352508,2003-eth2,59.88,2015.97,2075.85,2020,60,1.00,20.96,21.96,21,1,0.00,0.00,0,0
1544352508,3007-eth3,1221447.12,1180930.12,2402377.25,1183292,1223890,727.54,792.42,1519.96,794,729,0.00,0.00,0,0
1544352508,1002-eth1,1918.16,23013.97,24932.14,23060,1922,19.96,329.34,349.30,330,20,0.00,0.00,0,0
1544352508,2002-eth3,783758.50,15479.04,799237.56,15510,785326,270.46,234.53,504.99,235,271,0.00,0.00,0,0
1544352508,2007-eth2,3814.37,23073.85,26888.22,23120,3822,38.92,330.34,369.26,331,39,0.00,0.00,0,0
1544352508,total,28065364.00,29809176.00,57874540.00,29868794,28121494,20449.10,20917.17,41366.27,20959,20490,0.00,0.00,0,0
1544352509,3003-eth3,1221822.25,382733.28,1604555.50,383116,1223044,565.43,561.44,1126.87,562,566,0.00,0.00,0,0
1544352509,2002-eth1,0.00,3976.02,3976.02,3980,0,0.00,40.96,40.96,41,0,0.00,0.00,0,0
1544352509,lo,7912.09,7912.09,15824.18,7920,7920,77.92,77.92,155.84,78,78,0.00,0.00,0,0
1544352509,3005-eth3,1195574.50,427258.75,1622833.25,427686,1196770,366.63,358.64,725.27,359,367,0.00,0.00,0,0
1544352509,2005-eth3,18499.50,416973.03,435472.53,417390,18518,196.80,202.80,399.60,203,197,0.00,0.00,0,0
1544352509,3004-eth4,45958.04,887280.75,933238.81,888168,46004,485.51,495.50,981.02,496,486,0.00,0.00,0,0
1544352509,1004-eth2,5934.07,3976.02,9910.09,3980,5940,60.94,40.96,101.90,41,61,0.00,0.00,0,0
1544352509,2004-eth4,15540.46,7832.17,23372.63,7840,15556,196.80,79.92,276.72,80,197,0.00,0.00,0,0
1544352509,1001-eth2,11564.44,355282.72,366847.16,355638,11576,155.84,122.88,278.72,123,156,0.00,0.00,0,0
1544352509,1003-eth3,1196046.00,26043.96,1222090.00,26070,1197242,412.59,394.61,807.19,395,413,0.00,0.00,0,0
1544352509,2002-eth4,15434.57,686827.19,702261.75,687514,15450,204.80,236.76,441.56,237,205,0.00,0.00,0,0
1544352509,1001-eth4,0.00,1019884.12,1019884.12,1020904,0,0.00,351.65,351.65,352,0,0.00,0.00,0,0
1544352509,3001-eth2,9620.38,686827.19,696447.56,687514,9630,145.85,236.76,382.62,237,146,0.00,0.00,0,0
1544352509,1004-eth1,1958.04,0.00,1958.04,0,1960,19.98,0.00,19.98,0,20,0.00,0.00,0,0
1544352509,3005-eth4,1206331.75,1203306.75,2409638.50,1204510,1207538,568.43,566.43,1134.87,567,569,0.00,0.00,0,0
1544352509,1003-eth2,0.00,7794.21,7794.21,7802,0,0.00,79.92,79.92,80,0,0.00,0.00,0,0
1544352509,3008-eth1,7794.21,1958.04,9752.25,1960,7802,79.92,19.98,99.90,20,80,0.00,0.00,0,0
1544352509,1002-eth3,0.00,0.00,0.00,0,0,0.00,0.00,0.00,0,0,0.00,0.00,0,0
1544352509,2006-eth1,26043.96,1196046.00,1222090.00,1197242,26070,394.61,412.59,807.19,413,395,0.00,0.00,0,0
1544352509,3003-eth1,353508.50,30105.89,383614.41,30136,353862,161.84,352.65,514.49,353,162,0.00,0.00,0,0
1544352509,2001-eth3,1221290.75,21758.24,1243049.00,21780,1222512,422.58,329.67,752.25,330,423,0.00,0.00,0,0
1544352509,2008-eth2,7832.17,3916.08,11748.25,3920,7840,79.92,39.96,119.88,40,80,0.00,0.00,0,0
1544352509,2008-eth3,3916.08,9790.21,13706.29,9800,3920,39.96,99.90,139.86,100,40,0.00,0.00,0,0
1544352509,1001-eth3,0.00,0.00,0.00,0,0,0.00,0.00,0.00,0,0,0.00,0.00,0,0
1544352509,2007-eth4,1958.04,7794.21,9752.25,7802,1960,19.98,79.92,99.90,80,20,0.00,0.00,0,0
1544352509,2004-eth2,3976.02,5934.07,9910.09,5940,3980,40.96,60.94,101.90,61,41,0.00,0.00,0,0
1544352509,3002-eth1,7832.17,2017.98,9850.15,2020,7840,79.92,20.98,100.90,21,80,0.00,0.00,0,0
1544352509,3004-eth1,371904.09,353448.56,725352.69,353802,372276,299.70,160.84,460.54,161,300,0.00,0.00,0,0
1544352509,2006-eth3,1196046.00,26043.96,1222090.00,26070,1197242,412.59,394.61,807.19,395,413,0.00,0.00,0,0
1544352509,3004-eth2,7832.17,15540.46,23372.63,15556,7840,79.92,196.80,276.72,197,80,0.00,0.00,0,0
1544352509,3001-eth3,1223356.62,470427.59,1693784.25,470898,1224580,541.46,552.45,1093.91,553,542,0.00,0.00,0,0
1544352509,2003-eth4,353448.56,371904.09,725352.69,372276,353802,160.84,299.70,460.54,300,161,0.00,0.00,0,0
1544352509,2008-eth4,31820.18,1196105.88,1227926.12,1197302,31852,453.55,413.59,867.13,414,454,0.00,0.00,0,0
1544352509,3008-eth3,33838.16,1224493.50,1258331.75,1225718,33872,474.53,498.50,973.03,499,475,0.00,0.00,0,0
1544352509,2005-eth2,0.00,0.00,0.00,0,0,0.00,0.00,0.00,0,0,0.00,0.00,0,0
1544352509,2006-eth4,0.00,0.00,0.00,0,0,0.00,0.00,0.00,0,0,0.00,0.00,0,0
1544352509,3006-eth2,0.00,0.00,0.00,0,0,0.00,0.00,0.00,0,0,0.00,0.00,0,0
1544352509,1003-eth4,29922.08,1196046.00,1225968.12,1197242,29952,434.57,412.59,847.15,413,435,0.00,0.00,0,0
1544352509,2006-eth2,0.00,0.00,0.00,0,0,0.00,0.00,0.00,0,0,0.00,0.00,0,0
1544352509,3001-eth1,21758.24,1221290.75,1243049.00,1222512,21780,329.67,422.58,752.25,423,330,0.00,0.00,0,0
1544352509,3008-eth2,1196105.88,31820.18,1227926.12,31852,1197302,413.59,453.55,867.13,454,414,0.00,0.00,0,0
1544352509,2004-eth3,3976.02,17340.66,21316.68,17358,3980,40.96,214.79,255.74,215,41,0.00,0.00,0,0
1544352509,3001-eth4,1222293.75,267766.25,1490060.00,268034,1223516,481.52,484.52,966.03,485,482,0.00,0.00,0,0
1544352509,1003-eth1,3976.02,0.00,3976.02,0,3980,40.96,0.00,40.96,0,41,0.00,0.00,0,0
1544352509,3002-eth2,686827.19,15434.57,702261.75,15450,687514,236.76,204.80,441.56,205,237,0.00,0.00,0,0
1544352509,2005-eth4,416973.03,18499.50,435472.53,18518,417390,202.80,196.80,399.60,197,203,0.00,0.00,0,0
1544352509,3003-eth2,17340.66,3976.02,21316.68,3980,17358,214.79,40.96,255.74,41,215,0.00,0.00,0,0
1544352509,2007-eth1,1019884.12,0.00,1019884.12,0,1020904,351.65,0.00,351.65,0,352,0.00,0.00,0,0
1544352509,1002-eth4,18025.97,3818.18,21844.16,3822,18044,253.75,38.96,292.71,39,254,0.00,0.00,0,0
1544352509,3002-eth4,34271.73,1224591.50,1258863.12,1225816,34306,480.52,499.50,980.02,500,481,0.00,0.00,0,0
1544352509,2007-eth3,19984.02,1019884.12,1039868.19,1020904,20004,273.73,351.65,625.37,352,274,0.00,0.00,0,0
1544352509,3005-eth1,416973.03,18499.50,435472.53,18518,417390,202.80,196.80,399.60,197,203,0.00,0.00,0,0
1544352509,2001-eth4,2017.98,7832.17,9850.15,7840,2020,20.98,79.92,100.90,80,21,0.00,0.00,0,0
1544352509,3003-eth4,34143.86,1221674.38,1255818.25,1222896,34178,479.52,499.50,979.02,500,480,0.00,0.00,0,0
1544352509,2004-eth1,7794.21,0.00,7794.21,0,7802,79.92,0.00,79.92,0,80,0.00,0.00,0,0
1544352509,3006-eth4,1224056.00,1222931.12,2446987.00,1224154,1225280,771.23,822.18,1593.41,823,772,0.00,0.00,0,0
1544352509,3007-eth1,1019884.12,19984.02,1039868.19,20004,1020904,351.65,273.73,625.37,274,352,0.00,0.00,0,0
1544352509,2008-eth1,1196046.00,29922.08,1225968.12,29952,1197242,412.59,434.57,847.15,435,413,0.00,0.00,0,0
1544352509,2002-eth2,0.00,1958.04,1958.04,1960,0,0.00,19.98,19.98,20,0,0.00,0.00,0,0
1544352509,2003-eth1,354928.16,11552.89,366481.06,11576,355638,122.75,155.69,278.44,156,123,0.00,0.00,0,0
1544352509,3008-eth4,1220343.38,1220870.25,2441213.75,1223312,1222784,798.40,806.39,1604.79,808,800,0.00,0.00,0,0
1544352509,1004-eth4,3912.18,7824.35,11736.53,7840,3920,39.92,79.84,119.76,80,40,0.00,0.00,0,0
1544352509,3006-eth1,18481.04,416556.91,435037.94,417390,18518,196.61,202.59,399.20,203,197,0.00,0.00,0,0
1544352509,1004-eth3,0.00,0.00,0.00,0,0,0.00,0.00,0.00,0,0,0.00,0.00,0,0
1544352509,1002-eth2,1858.28,0.00,1858.28,0,1862,18.96,0.00,18.96,0,19,0.00,0.00,0,0
1544352509,3004-eth3,1230692.62,409662.69,1640355.38,410482,1233154,670.66,705.59,1376.25,707,672,0.00,0.00,0,0
1544352509,2003-eth3,30045.86,352803.59,382849.47,353862,30136,351.94,161.52,513.46,162,353,0.00,0.00,0,0
1544352509,2005-eth1,0.00,0.00,0.00,0,0,0.00,0.00,0.00,0,0,0.00,0.00,0,0
1544352509,3002-eth3,1218761.75,711844.50,1930606.25,713980,1222418,595.21,636.09,1231.31,638,597,0.00,0.00,0,0
1544352509,3006-eth3,1202029.88,479804.59,1681834.50,481244,1205636,624.13,620.14,1244.27,622,626,0.00,0.00,0,0
1544352509,2001-eth1,11601.20,1221808.62,1233409.75,1225474,11636,156.53,422.73,579.26,424,157,0.00,0.00,0,0
1544352509,3005-eth2,25992.02,1193661.00,1219653.00,1197242,26070,393.82,411.76,805.58,413,395,0.00,0.00,0,0
1544352509,2001-eth2,17990.03,1954.14,19944.17,1960,18044,253.24,19.94,273.18,20,254,0.00,0.00,0,0
1544352509,3007-eth2,9770.69,3908.28,13678.96,3920,9800,99.70,39.88,139.58,40,100,0.00,0.00,0,0
1544352509,1001-eth1,1221808.62,11601.20,1233409.75,11636,1225474,422.73,156.53,579.26,157,424,0.00,0.00,0,0
1544352509,3007-eth4,34071.79,1219196.38,1253268.25,1222854,34174,477.57,497.51,975.07,499,479,0.00,0.00,0,0
1544352509,2003-eth2,0.00,1856.43,1856.43,1862,0,0.00,18.94,18.94,19,0,0.00,0.00,0,0
1544352509,3007-eth3,1219036.88,1044105.69,2263142.50,1047238,1222694,665.00,748.75,1413.76,751,667,0.00,0.00,0,0
1544352509,1002-eth1,1954.14,17990.03,19944.17,18044,1960,19.94,253.24,273.18,254,20,0.00,0.00,0,0
1544352509,2002-eth3,685457.62,9601.20,695058.81,9630,687514,236.29,145.56,381.85,146,237,0.00,0.00,0,0
1544352509,2007-eth2,3810.57,17990.03,21800.60,18044,3822,38.88,253.24,292.12,254,39,0.00,0.00,0,0
1544352509,total,26869888.00,26919896.00,53789784.00,27000656,26950498,19427.72,19734.80,39162.51,19794,19486,0.00,0.00,0,0
1544352510,3003-eth3,1222299.12,544656.06,1766955.12,546290,1225966,596.21,619.14,1215.35,621,598,0.00,0.00,0,0
1544352510,2002-eth1,0.00,3908.28,3908.28,3920,0,0.00,39.88,39.88,40,0,0.00,0.00,0,0
1544352510,lo,7316.05,7316.05,14632.10,7338,7338,71.78,71.78,143.57,72,72,0.00,0.00,0,0
1544352510,3005-eth3,1205563.38,585419.75,1790983.00,587176,1209180,436.69,426.72,863.41,428,438,0.00,0.00,0,0
1544352510,2005-eth3,24741.78,575088.75,599830.50,576814,24816,263.21,270.19,533.40,271,264,0.00,0.00,0,0
1544352510,3004-eth4,34504.49,658839.50,693344.00,660816,34608,440.68,406.78,847.46,408,442,0.00,0.00,0,0
1544352510,1004-eth2,5862.41,3908.28,9770.69,3920,5880,59.82,39.88,99.70,40,60,0.00,0.00,0,0
1544352510,2004-eth4,12127.62,7816.55,19944.17,7840,12164,145.56,79.76,225.32,80,146,0.00,0.00,0,0
1544352510,1001-eth2,8317.05,459443.66,467760.72,460822,8342,106.68,158.52,265.20,159,107,0.00,0.00,0,0
1544352510,1003-eth3,1196614.12,25992.02,1222606.25,26070,1200204,412.76,393.82,806.58,395,414,0.00,0.00,0,0
1544352510,2002-eth4,19609.17,655986.06,675595.19,657954,19668,268.20,227.32,495.51,228,269,0.00,0.00,0,0
1544352510,1001-eth4,0.00,678628.12,678628.12,680664,0,0.00,242.27,242.27,243,0,0.00,0.00,0,0
1544352510,3001-eth2,13686.94,655926.25,669613.19,657894,13728,207.38,226.32,433.70,227,208,0.00,0.00,0,0
1544352510,1004-eth1,1954.14,0.00,1954.14,0,1960,19.94,0.00,19.94,0,20,0.00,0.00,0,0
1544352510,3005-eth4,1206945.12,1206813.62,2413758.75,1210434,1210566,569.29,567.30,1136.59,569,571,0.00,0.00,0,0
1544352510,1003-eth2,0.00,7816.55,7816.55,7840,0,0.00,79.76,79.76,80,0,0.00,0.00,0,0
1544352510,3008-eth1,7718.84,2013.96,9732.80,2020,7742,78.76,20.94,99.70,21,79,0.00,0.00,0,0
1544352510,1002-eth3,59.82,0.00,59.82,0,60,1.00,0.00,1.00,0,1,0.00,0.00,0,0
1544352510,2006-eth1,25992.02,1196614.12,1222606.25,1200204,26070,393.82,412.76,806.58,414,395,0.00,0.00,0,0
1544352510,3003-eth1,521204.38,25641.08,546845.44,25718,522768,219.34,290.13,509.47,291,220,0.00,0.00,0,0
1544352510,2001-eth3,1223192.38,20803.59,1243996.00,20866,1226862,421.73,267.20,688.93,268,423,0.00,0.00,0,0
1544352510,2008-eth2,7816.55,3908.28,11724.83,3920,7840,79.76,39.88,119.64,40,80,0.00,0.00,0,0
1544352510,2008-eth3,3908.28,9770.69,13678.96,9800,3920,39.88,99.70,139.58,100,40,0.00,0.00,0,0
1544352510,1001-eth3,0.00,0.00,0.00,0,0,0.00,0.00,0.00,0,0,0.00,0.00,0,0
1544352510,2007-eth4,2013.96,7718.84,9732.80,7742,2020,20.94,78.76,99.70,79,21,0.00,0.00,0,0
1544352510,2004-eth2,3908.28,5862.41,9770.69,5880,3920,39.88,59.82,99.70,60,40,0.00,0.00,0,0
1544352510,3002-eth1,7876.37,1954.14,9830.51,1960,7900,80.76,19.94,100.70,20,81,0.00,0.00,0,0
1544352510,3004-eth1,474813.56,521204.38,996017.94,522768,476238,322.03,219.34,541.38,220,323,0.00,0.00,0,0
1544352510,2006-eth3,1196614.12,26051.84,1222666.00,26130,1200204,412.76,394.82,807.58,396,414,0.00,0.00,0,0
1544352510,3004-eth2,7816.55,12127.62,19944.17,12164,7840,79.76,145.56,225.32,146,80,0.00,0.00,0,0
1544352510,3001-eth3,1222484.50,384225.31,1606709.88,385378,1226152,498.50,531.41,1029.91,533,500,0.00,0.00,0,0
1544352510,2003-eth4,521204.38,474813.56,996017.94,476238,522768,219.34,322.03,541.38,323,220,0.00,0.00,0,0
1544352510,2008-eth4,31854.44,1196614.12,1228468.62,1200204,31950,453.64,412.76,866.40,414,455,0.00,0.00,0,0
1544352510,3008-eth3,33874.38,1222051.88,1255926.25,1225718,33976,474.58,497.51,972.08,499,476,0.00,0.00,0,0
1544352510,2005-eth2,0.00,59.82,59.82,60,0,0.00,1.00,1.00,1,0,0.00,0.00,0,0
1544352510,2006-eth4,0.00,59.82,59.82,60,0,0.00,1.00,1.00,1,0,0.00,0.00,0,0
1544352510,3006-eth2,59.82,0.00,59.82,0,60,1.00,0.00,1.00,0,1,0.00,0.00,0,0
1544352510,1003-eth4,29900.30,1196614.12,1226514.50,1200204,29990,433.70,412.76,846.46,414,435,0.00,0.00,0,0
1544352510,2006-eth2,0.00,0.00,0.00,0,0,0.00,0.00,0.00,0,0,0.00,0.00,0,0
1544352510,3001-eth1,20803.59,1223192.38,1243996.00,1226862,20866,267.20,421.73,688.93,423,268,0.00,0.00,0,0
1544352510,3008-eth2,1196614.12,31854.44,1228468.62,31950,1200204,412.76,453.64,866.40,455,414,0.00,0.00,0,0
1544352510,2004-eth3,3908.28,14141.58,18049.85,14184,3920,39.88,166.50,206.38,167,40,0.00,0.00,0,0
1544352510,3001-eth4,1223994.00,358911.28,1582905.25,359988,1227666,499.50,516.45,1015.95,518,501,0.00,0.00,0,0
1544352510,1003-eth1,3908.28,0.00,3908.28,0,3920,39.88,0.00,39.88,0,40,0.00,0.00,0,0
1544352510,3002-eth2,655986.06,19609.17,675595.19,19668,657954,227.32,268.20,495.51,269,228,0.00,0.00,0,0
1544352510,2005-eth4,575088.75,24801.60,599890.31,24876,576814,270.19,264.21,534.40,265,271,0.00,0.00,0,0
1544352510,3003-eth2,14141.58,3908.28,18049.85,3920,14184,166.50,39.88,206.38,40,167,0.00,0.00,0,0
1544352510,2007-eth1,678628.12,0.00,678628.12,0,680664,242.27,0.00,242.27,0,243,0.00,0.00,0,0
1544352510,1002-eth4,20243.27,3968.10,24211.37,3980,20304,239.28,40.88,280.16,41,240,0.00,0.00,0,0
1544352510,3002-eth4,34263.21,1222149.50,1256412.75,1225816,34366,480.56,498.50,979.06,500,482,0.00,0.00,0,0
1544352510,2007-eth3,22159.52,678568.31,700727.81,680604,22226,259.22,241.28,500.50,242,260,0.00,0.00,0,0
1544352510,3005-eth1,575088.75,24741.78,599830.50,24816,576814,270.19,263.21,533.40,264,271,0.00,0.00,0,0
1544352510,2001-eth4,1954.14,7876.37,9830.51,7900,1960,19.94,80.76,100.70,81,20,0.00,0.00,0,0
1544352510,3003-eth4,34179.46,1221996.00,1256175.50,1225662,34282,479.56,497.51,977.07,499,481,0.00,0.00,0,0
1544352510,2004-eth1,7816.55,0.00,7816.55,0,7840,79.76,0.00,79.76,0,80,0.00,0.00,0,0
1544352510,3006-eth4,1231633.12,1223024.88,2454658.00,1226694,1235328,1008.97,952.14,1961.12,955,1012,0.00,0.00,0,0
1544352510,3007-eth1,678568.31,22159.52,700727.81,22226,680604,241.28,259.22,500.50,260,242,0.00,0.00,0,0
1544352510,2008-eth1,1196614.12,29900.30,1226514.50,29990,1200204,412.76,433.70,846.46,435,414,0.00,0.00,0,0
1544352510,2002-eth2,0.00,1954.14,1954.14,1960,0,0.00,19.94,19.94,20,0,0.00,0.00,0,0
1544352510,2003-eth1,459902.22,8325.35,468227.56,8342,460822,158.68,106.79,265.47,107,159,0.00,0.00,0,0
1544352510,3008-eth4,1223622.75,1223892.25,2447515.00,1226340,1226070,804.39,808.38,1612.77,810,806,0.00,0.00,0,0
1544352510,1004-eth4,3912.18,7824.35,11736.53,7840,3920,39.92,79.84,119.76,80,40,0.00,0.00,0,0
1544352510,3006-eth1,24826.35,575662.69,600489.06,576814,24876,264.47,270.46,534.93,271,265,0.00,0.00,0,0
1544352510,1004-eth3,0.00,0.00,0.00,0,0,0.00,0.00,0.00,0,0,0.00,0.00,0,0
1544352510,1002-eth2,1956.09,0.00,1956.09,0,1960,19.96,0.00,19.96,0,20,0.00,0.00,0,0
1544352510,3004-eth3,1235083.88,502099.81,1737183.62,503104,1237554,715.57,684.63,1400.20,686,717,0.00,0.00,0,0
1544352510,2003-eth3,25692.31,522245.78,547938.06,522768,25718,290.71,219.78,510.49,220,291,0.00,0.00,0,0
1544352510,2005-eth1,0.00,0.00,0.00,0,0,0.00,0.00,0.00,0,0,0.00,0.00,0,0
1544352510,3002-eth3,1224805.25,683676.31,1908481.62,684360,1226030,585.41,627.37,1212.79,628,586,0.00,0.00,0,0
1544352510,3006-eth3,1200737.25,692301.69,1893039.00,692994,1201938,691.31,692.31,1383.62,693,692,0.00,0.00,0,0
1544352510,2001-eth1,8333.67,1225636.38,1233970.12,1226862,8342,106.89,422.58,529.47,423,107,0.00,0.00,0,0
1544352510,3005-eth2,26103.90,1199005.00,1225108.88,1200204,26130,395.60,413.59,809.19,414,396,0.00,0.00,0,0
1544352510,2001-eth2,20343.66,1958.04,22301.70,1960,20364,240.76,19.98,260.74,20,241,0.00,0.00,0,0
1544352510,3007-eth2,9790.21,3916.08,13706.29,3920,9800,99.90,39.96,139.86,40,100,0.00,0.00,0,0
1544352510,1001-eth1,1225636.38,8333.67,1233970.12,8342,1226862,422.58,106.89,529.47,107,423,0.00,0.00,0,0
1544352510,3007-eth4,34305.70,1226103.88,1260409.62,1227330,34340,481.52,500.50,982.02,501,482,0.00,0.00,0,0
1544352510,2003-eth2,0.00,1958.04,1958.04,1960,0,0.00,19.98,19.98,20,0,0.00,0.00,0,0
1544352510,3007-eth3,1226217.88,706495.50,1932713.38,707202,1227444,579.42,644.36,1223.78,645,580,0.00,0.00,0,0
1544352510,1002-eth1,1958.04,20343.66,22301.70,20364,1960,19.98,240.76,260.74,241,20,0.00,0.00,0,0
1544352510,2002-eth3,657236.75,13714.29,670951.06,13728,657894,226.77,207.79,434.57,208,227,0.00,0.00,0,0
1544352510,2007-eth2,3976.02,20283.72,24259.74,20304,3980,40.96,239.76,280.72,240,41,0.00,0.00,0,0
1544352510,total,27111714.00,27181480.00,54293192.00,27208660,27138824,19740.26,19869.13,39609.39,19889,19760,0.00,0.00,0,0
1544352511,3003-eth3,1219990.00,352205.81,1572195.88,352558,1221210,576.42,558.44,1134.87,559,577,0.00,0.00,0,0
1544352511,2002-eth1,59.94,3916.08,3976.02,3920,60,1.00,39.96,40.96,40,1,0.00,0.00,0,0
1544352511,lo,64951.05,64951.05,129902.10,65016,65016,305.69,305.69,611.39,306,306,0.00,0.00,0,0
1544352511,3005-eth3,1204773.25,484733.28,1689506.50,485218,1205978,431.57,396.60,828.17,397,432,0.00,0.00,0,0
1544352511,2005-eth3,21884.12,474639.38,496523.50,475114,21906,262.74,243.76,506.49,244,263,0.00,0.00,0,0
1544352511,3004-eth4,21646.35,636699.31,658345.69,637336,21668,289.71,315.68,605.39,316,290,0.00,0.00,0,0
1544352511,1004-eth2,5776.22,3818.18,9594.41,3822,5782,58.94,38.96,97.90,39,59,0.00,0.00,0,0
1544352511,2004-eth4,15956.04,7734.27,23690.31,7742,15972,175.82,78.92,254.75,79,176,0.00,0.00,0,0
1544352511,1001-eth2,12137.86,333116.91,345254.75,333450,12150,136.86,115.88,252.75,116,137,0.00,0.00,0,0
1544352511,1003-eth3,1193146.88,26037.96,1219184.88,26064,1194340,412.59,394.61,807.19,395,413,0.00,0.00,0,0
1544352511,2002-eth4,22761.24,723848.19,746609.44,724572,22784,261.74,249.75,511.49,250,262,0.00,0.00,0,0
1544352511,1001-eth4,0.00,625428.56,625428.56,626054,0,0.00,314.69,314.69,315,0,0.00,0.00,0,0
1544352511,3001-eth2,16887.11,723908.12,740795.25,724632,16904,201.80,250.75,452.55,251,202,0.00,0.00,0,0
1544352511,1004-eth1,1958.04,59.94,2017.98,60,1960,19.98,1.00,20.98,1,20,0.00,0.00,0,0
1544352511,3005-eth4,1200341.75,1208697.38,2409039.00,1209906,1201542,565.43,560.44,1125.87,561,566,0.00,0.00,0,0
1544352511,1003-eth2,0.00,7832.17,7832.17,7840,0,0.00,79.92,79.92,80,0,0.00,0.00,0,0
1544352511,3008-eth1,7832.17,1958.04,9790.21,1960,7840,79.92,19.98,99.90,20,80,0.00,0.00,0,0
1544352511,1002-eth3,0.00,0.00,0.00,0,0,0.00,0.00,0.00,0,0,0.00,0.00,0,0
1544352511,2006-eth1,26037.96,1193146.88,1219184.88,1194340,26064,394.61,412.59,807.19,413,395,0.00,0.00,0,0
1544352511,3003-eth1,325964.03,33534.46,359498.50,33568,326290,160.84,363.64,524.48,364,161,0.00,0.00,0,0
1544352511,2001-eth3,1221836.25,38553.45,1260389.62,38592,1223058,496.50,419.58,916.08,420,497,0.00,0.00,0,0
1544352511,2008-eth2,7794.21,3818.18,11612.39,3822,7802,79.92,38.96,118.88,39,80,0.00,0.00,0,0
1544352511,2008-eth3,3878.12,9654.35,13532.47,9664,3882,39.96,98.90,138.86,99,40,0.00,0.00,0,0
1544352511,1001-eth3,0.00,0.00,0.00,0,0,0.00,0.00,0.00,0,0,0.00,0.00,0,0
1544352511,2007-eth4,1958.04,7832.17,9790.21,7840,1960,19.98,79.92,99.90,80,20,0.00,0.00,0,0
1544352511,2004-eth2,3818.18,5776.22,9594.41,5782,3822,38.96,58.94,97.90,59,39,0.00,0.00,0,0
1544352511,3002-eth1,7832.17,1958.04,9790.21,1960,7840,79.92,19.98,99.90,20,80,0.00,0.00,0,0
1544352511,3004-eth1,352495.50,325964.03,678459.56,326290,352848,321.68,160.84,482.52,161,322,0.00,0.00,0,0
1544352511,2006-eth3,1193146.88,25978.02,1219124.88,26004,1194340,412.59,393.61,806.19,394,413,0.00,0.00,0,0
1544352511,3004-eth2,7734.27,15956.04,23690.31,15972,7742,78.92,175.82,254.75,176,79,0.00,0.00,0,0
1544352511,3001-eth3,1217508.50,629878.12,1847386.62,630508,1218726,562.44,621.38,1183.82,622,563,0.00,0.00,0,0
1544352511,2003-eth4,325964.03,352495.50,678459.56,352848,326290,160.84,321.68,482.52,322,161,0.00,0.00,0,0
1544352511,2008-eth4,31814.19,1193087.00,1224901.12,1194280,31846,453.55,411.59,865.13,412,454,0.00,0.00,0,0
1544352511,3008-eth3,33712.29,1220185.88,1253898.12,1221406,33746,472.53,498.50,971.03,499,473,0.00,0.00,0,0
1544352511,2005-eth2,0.00,0.00,0.00,0,0,0.00,0.00,0.00,0,0,0.00,0.00,0,0
1544352511,2006-eth4,59.94,0.00,59.94,0,60,1.00,0.00,1.00,0,1,0.00,0.00,0,0
1544352511,3006-eth2,0.00,59.94,59.94,60,0,0.00,1.00,1.00,1,0,0.00,0.00,0,0
1544352511,1003-eth4,29894.11,1193146.88,1223041.00,1194340,29924,433.57,412.59,846.15,413,434,0.00,0.00,0,0
1544352511,2006-eth2,59.94,0.00,59.94,0,60,1.00,0.00,1.00,0,1,0.00,0.00,0,0
1544352511,3001-eth1,38553.45,1221836.25,1260389.62,1223058,38592,419.58,496.50,916.08,497,420,0.00,0.00,0,0
1544352511,3008-eth2,1193087.00,31814.19,1224901.12,31846,1194280,411.59,453.55,865.13,454,412,0.00,0.00,0,0
1544352511,2004-eth3,3818.18,17914.09,21732.27,17932,3822,38.96,195.80,234.77,196,39,0.00,0.00,0,0
1544352511,3001-eth4,1217714.38,816737.31,2034451.62,817554,1218932,609.39,672.33,1281.72,673,610,0.00,0.00,0,0
1544352511,1003-eth1,3916.08,59.94,3976.02,60,3920,39.96,1.00,40.96,1,40,0.00,0.00,0,0
1544352511,3002-eth2,723848.19,22761.24,746609.44,22784,724572,249.75,261.74,511.49,262,250,0.00,0.00,0,0
1544352511,2005-eth4,474579.44,21884.12,496463.56,21906,475054,242.76,262.74,505.49,263,243,0.00,0.00,0,0
1544352511,3003-eth2,17914.09,3818.18,21732.27,3822,17932,195.80,38.96,234.77,39,196,0.00,0.00,0,0
1544352511,2007-eth1,625428.56,0.00,625428.56,0,626054,314.69,0.00,314.69,0,315,0.00,0.00,0,0
1544352511,1002-eth4,34247.75,3916.08,38163.84,3920,34282,362.64,39.96,402.60,40,363,0.00,0.00,0,0
1544352511,3002-eth4,34205.80,1220185.88,1254391.62,1221406,34240,479.52,498.50,978.02,499,480,0.00,0.00,0,0
1544352511,2007-eth3,36205.80,625488.50,661694.31,626114,36242,382.62,315.68,698.30,316,383,0.00,0.00,0,0
1544352511,3005-eth1,474639.38,21884.12,496523.50,21906,475114,243.76,262.74,506.49,263,244,0.00,0.00,0,0
1544352511,2001-eth4,1958.04,7832.17,9790.21,7840,1960,19.98,79.92,99.90,80,20,0.00,0.00,0,0
1544352511,3003-eth4,33976.02,1220088.00,1254064.00,1221308,34010,476.52,497.50,974.03,498,477,0.00,0.00,0,0
1544352511,2004-eth1,7832.17,0.00,7832.17,0,7840,79.92,0.00,79.92,0,80,0.00,0.00,0,0
1544352511,3006-eth4,1230787.25,1219390.62,2450178.00,1220610,1232018,939.06,966.03,1905.09,967,940,0.00,0.00,0,0
1544352511,3007-eth1,625488.50,36205.80,661694.31,36242,626114,315.68,382.62,698.30,383,316,0.00,0.00,0,0
1544352511,2008-eth1,1193146.88,29894.11,1223041.00,29924,1194340,412.59,433.57,846.15,434,413,0.00,0.00,0,0
1544352511,2002-eth2,59.94,1958.04,2017.98,1960,60,1.00,19.98,20.98,20,1,0.00,0.00,0,0
1544352511,2003-eth1,333116.91,12137.86,345254.75,12150,333450,115.88,136.86,252.75,137,116,0.00,0.00,0,0
1544352511,3008-eth4,1220181.88,1219065.00,2439246.75,1220284,1221402,800.20,805.19,1605.39,806,801,0.00,0.00,0,0
1544352511,1004-eth4,3818.18,7794.21,11612.39,7802,3822,38.96,79.92,118.88,80,39,0.00,0.00,0,0
1544352511,3006-eth1,21884.12,474579.44,496463.56,475054,21906,262.74,242.76,505.49,243,263,0.00,0.00,0,0
1544352511,1004-eth3,0.00,59.94,59.94,60,0,0.00,1.00,1.00,1,0,0.00,0.00,0,0
1544352511,1002-eth2,1958.04,0.00,1958.04,0,1960,19.98,0.00,19.98,0,20,0.00,0.00,0,0
1544352511,3004-eth3,1229332.75,366407.59,1595740.25,366774,1230562,632.37,532.47,1164.84,533,633,0.00,0.00,0,0
1544352511,2003-eth3,33534.46,325964.03,359498.50,326290,33568,363.64,160.84,524.48,161,364,0.00,0.00,0,0
1544352511,2005-eth1,0.00,0.00,0.00,0,0,0.00,0.00,0.00,0,0,0.00,0.00,0,0
1544352511,3002-eth3,1222577.50,750221.81,1972799.25,750972,1223800,595.40,649.35,1244.76,650,596,0.00,0.00,0,0
1544352511,3006-eth3,1197506.50,695458.56,1892965.12,696154,1198704,703.30,696.30,1399.60,697,704,0.00,0.00,0,0
1544352511,2001-eth1,12137.86,1221836.25,1233974.00,1223058,12150,136.86,496.50,633.37,497,137,0.00,0.00,0,0
1544352511,3005-eth2,25978.02,1193146.88,1219124.88,1194340,26004,393.61,412.59,806.19,413,394,0.00,0.00,0,0
1544352511,2001-eth2,34247.75,1958.04,36205.80,1960,34282,362.64,19.98,382.62,20,363,0.00,0.00,0,0
1544352511,3007-eth2,9654.35,3878.12,13532.47,3882,9664,98.90,39.96,138.86,40,99,0.00,0.00,0,0
1544352511,1001-eth1,1221836.25,12137.86,1233974.00,12150,1223058,496.50,136.86,633.37,137,497,0.00,0.00,0,0
1544352511,3007-eth4,33640.36,1218477.50,1252117.88,1219696,33674,471.53,495.50,967.03,496,472,0.00,0.00,0,0
1544352511,2003-eth2,0.00,1958.04,1958.04,1960,0,0.00,19.98,19.98,20,0,0.00,0.00,0,0
1544352511,3007-eth3,1217256.75,651274.75,1868531.50,651926,1218474,714.29,706.29,1420.58,707,715,0.00,0.00,0,0
1544352511,1002-eth1,1958.04,34247.75,36205.80,34282,1960,19.98,362.64,382.62,363,20,0.00,0.00,0,0
1544352511,2002-eth3,723908.12,16887.11,740795.25,16904,724632,250.75,201.80,452.55,202,251,0.00,0.00,0,0
1544352511,2007-eth2,3916.08,34247.75,38163.84,34282,3920,39.96,362.64,402.60,363,40,0.00,0.00,0,0
1544352511,total,26321462.00,26696016.00,53017480.00,26722712,26347782,20742.26,20893.11,41635.37,20914,20763,0.00,0.00,0,0
1544352512,3003-eth3,1218867.12,462081.94,1680949.12,462544,1220086,594.41,579.42,1173.83,580,595,0.00,0.00,0,0
1544352512,2002-eth1,0.00,3916.08,3916.08,3920,0,0.00,39.96,39.96,40,0,0.00,0.00,0,0
1544352512,lo,7422.58,7422.58,14845.16,7430,7430,72.93,72.93,145.85,73,73,0.00,0.00,0,0
1544352512,3005-eth3,1190681.38,481960.06,1672641.38,482442,1191872,325.67,332.67,658.34,333,326,0.00,0.00,0,0
1544352512,2005-eth3,11166.83,471674.34,482841.19,472146,11178,163.84,176.82,340.66,177,164,0.00,0.00,0,0
1544352512,3004-eth4,23716.29,847051.00,870767.25,847898,23740,320.68,368.63,689.31,369,321,0.00,0.00,0,0
1544352512,1004-eth2,5776.22,3818.18,9594.41,3822,5782,58.94,38.96,97.90,39,59,0.00,0.00,0,0
1544352512,2004-eth4,18819.18,7794.21,26613.39,7802,18838,196.80,79.92,276.72,80,197,0.00,0.00,0,0
1544352512,1001-eth2,14963.04,339568.44,354531.47,339908,14978,157.84,125.87,283.72,126,158,0.00,0.00,0,0
1544352512,1003-eth3,1196046.00,26043.96,1222090.00,26070,1197242,412.59,394.61,807.19,395,413,0.00,0.00,0,0
1544352512,2002-eth4,23434.57,443410.59,466845.16,443854,23458,246.75,230.77,477.52,231,247,0.00,0.00,0,0
1544352512,1001-eth4,59.94,601096.94,601156.88,601698,60,1.00,296.70,297.70,297,1,0.00,0.00,0,0
1544352512,3001-eth2,17560.44,443410.59,460971.03,443854,17578,186.81,230.77,417.58,231,187,0.00,0.00,0,0
1544352512,1004-eth1,2017.98,0.00,2017.98,0,2020,20.98,0.00,20.98,0,21,0.00,0.00,0,0
1544352512,3005-eth4,1209290.75,1205606.38,2414897.25,1206812,1210500,569.43,557.44,1126.87,558,570,0.00,0.00,0,0
1544352512,1003-eth2,59.94,7734.27,7794.21,7742,60,1.00,78.92,79.92,79,1,0.00,0.00,0,0
1544352512,3008-eth1,7832.17,1958.04,9790.21,1960,7840,79.92,19.98,99.90,20,80,0.00,0.00,0,0
1544352512,1002-eth3,0.00,59.94,59.94,60,0,0.00,1.00,1.00,1,0,0.00,0.00,0,0
1544352512,2006-eth1,26043.96,1196046.00,1222090.00,1197242,26070,394.61,412.59,807.19,413,395,0.00,0.00,0,0
1544352512,3003-eth1,435906.09,25554.45,461460.56,25580,436342,182.82,307.69,490.51,308,183,0.00,0.00,0,0
1544352512,2001-eth3,1218097.88,38031.97,1256129.88,38070,1219316,549.45,404.60,954.05,405,550,0.00,0.00,0,0
1544352512,2008-eth2,7734.27,3878.12,11612.39,3882,7742,78.92,39.96,118.88,40,79,0.00,0.00,0,0
1544352512,2008-eth3,3818.18,9692.31,13510.49,9702,3822,38.96,98.90,137.86,99,39,0.00,0.00,0,0
1544352512,1001-eth3,59.94,59.94,119.88,60,60,1.00,1.00,2.00,1,1,0.00,0.00,0,0
1544352512,2007-eth4,1958.04,7832.17,9790.21,7840,1960,19.98,79.92,99.90,80,20,0.00,0.00,0,0
1544352512,2004-eth2,3818.18,5776.22,9594.41,5782,3822,38.96,58.94,97.90,59,39,0.00,0.00,0,0
1544352512,3002-eth1,7832.17,1958.04,9790.21,1960,7840,79.92,19.98,99.90,20,80,0.00,0.00,0,0
1544352512,3004-eth1,348321.69,435966.03,784287.75,436402,348670,257.74,183.82,441.56,184,258,0.00,0.00,0,0
1544352512,2006-eth3,1196046.00,26043.96,1222090.00,26070,1197242,412.59,394.61,807.19,395,413,0.00,0.00,0,0
1544352512,3004-eth2,7794.21,18819.18,26613.39,18838,7802,79.92,196.80,276.72,197,80,0.00,0.00,0,0
1544352512,3001-eth3,1222171.88,700707.31,1922879.12,701408,1223394,567.43,643.36,1210.79,644,568,0.00,0.00,0,0
1544352512,2003-eth4,435966.03,348321.69,784287.75,348670,436402,183.82,257.74,441.56,258,184,0.00,0.00,0,0
1544352512,2008-eth4,31820.18,1196046.00,1227866.12,1197242,31852,453.55,412.59,866.13,413,454,0.00,0.00,0,0
1544352512,3008-eth3,33778.22,1218673.38,1252451.62,1219892,33812,473.53,497.50,971.03,498,474,0.00,0.00,0,0
1544352512,2005-eth2,59.94,0.00,59.94,0,60,1.00,0.00,1.00,0,1,0.00,0.00,0,0
1544352512,2006-eth4,0.00,0.00,0.00,0,0,0.00,0.00,0.00,0,0,0.00,0.00,0,0
1544352512,3006-eth2,0.00,0.00,0.00,0,0,0.00,0.00,0.00,0,0,0.00,0.00,0,0
1544352512,1003-eth4,29862.14,1196046.00,1225908.12,1197242,29892,433.57,412.59,846.15,413,434,0.00,0.00,0,0
1544352512,2006-eth2,0.00,0.00,0.00,0,0,0.00,0.00,0.00,0,0,0.00,0.00,0,0
1544352512,3001-eth1,38031.97,1218097.88,1256129.88,1219316,38070,404.60,549.45,954.05,550,405,0.00,0.00,0,0
1544352512,3008-eth2,1196046.00,31820.18,1227866.12,31852,1197242,412.59,453.55,866.13,454,413,0.00,0.00,0,0
1544352512,2004-eth3,3818.18,20679.32,24497.50,20700,3822,38.96,215.78,254.75,216,39,0.00,0.00,0,0
1544352512,3001-eth4,1219612.38,519232.78,1738845.25,519752,1220832,543.46,609.39,1152.85,610,544,0.00,0.00,0,0
1544352512,1003-eth1,3916.08,0.00,3916.08,0,3920,39.96,0.00,39.96,0,40,0.00,0.00,0,0
1544352512,3002-eth2,443410.59,23434.57,466845.16,23458,443854,230.77,246.75,477.52,247,231,0.00,0.00,0,0
1544352512,2005-eth4,471734.28,11106.89,482841.19,11118,472206,177.82,162.84,340.66,163,178,0.00,0.00,0,0
1544352512,3003-eth2,20679.32,3818.18,24497.50,3822,20700,215.78,38.96,254.75,39,216,0.00,0.00,0,0
1544352512,2007-eth1,601096.94,59.94,601156.88,60,601698,296.70,1.00,297.70,1,297,0.00,0.00,0,0
1544352512,1002-eth4,31020.98,3916.08,34937.06,3920,31052,328.67,39.96,368.63,40,329,0.00,0.00,0,0
1544352512,3002-eth4,34007.99,1218673.38,1252681.38,1219892,34042,476.52,497.50,974.03,498,477,0.00,0.00,0,0
1544352512,2007-eth3,32919.08,601096.94,634016.00,601698,32952,347.65,296.70,644.36,297,348,0.00,0.00,0,0
1544352512,3005-eth1,471674.34,11166.83,482841.19,11178,472146,176.82,163.84,340.66,164,177,0.00,0.00,0,0
1544352512,2001-eth4,1958.04,7832.17,9790.21,7840,1960,19.98,79.92,99.90,80,20,0.00,0.00,0,0
1544352512,3003-eth4,33910.09,1218575.50,1252485.50,1219794,33944,475.52,496.50,972.03,497,476,0.00,0.00,0,0
1544352512,2004-eth1,7734.27,59.94,7794.21,60,7742,78.92,1.00,79.92,1,79,0.00,0.00,0,0
1544352512,3006-eth4,1229029.00,1219370.62,2448399.75,1220590,1230258,1000.00,798.20,1798.20,799,1001,0.00,0.00,0,0
1544352512,3007-eth1,601096.94,32919.08,634016.00,32952,601698,296.70,347.65,644.36,348,297,0.00,0.00,0,0
1544352512,2008-eth1,1196046.00,29862.14,1225908.12,29892,1197242,412.59,433.57,846.15,434,413,0.00,0.00,0,0
1544352512,2002-eth2,0.00,2017.98,2017.98,2020,0,0.00,20.98,20.98,21,0,0.00,0.00,0,0
1544352512,2003-eth1,339568.44,14963.04,354531.47,14978,339908,125.87,157.84,283.72,158,126,0.00,0.00,0,0
1544352512,3008-eth4,1218669.38,1222090.00,2440759.25,1223312,1219888,799.20,807.19,1606.39,808,800,0.00,0.00,0,0
1544352512,1004-eth4,3878.12,7734.27,11612.39,7742,3882,39.96,78.92,118.88,79,40,0.00,0.00,0,0
1544352512,3006-eth1,11106.89,471734.28,482841.19,472206,11118,162.84,177.82,340.66,178,163,0.00,0.00,0,0
1544352512,1004-eth3,0.00,0.00,0.00,0,0,0.00,0.00,0.00,0,0,0.00,0.00,0,0
1544352512,1002-eth2,2017.98,59.94,2077.92,60,2020,20.98,1.00,21.98,1,21,0.00,0.00,0,0
1544352512,3004-eth3,1226733.25,364085.94,1590819.25,364450,1227960,627.37,496.50,1123.88,497,628,0.00,0.00,0,0
1544352512,2003-eth3,25554.45,435906.09,461460.56,436342,25580,307.69,182.82,490.51,183,308,0.00,0.00,0,0
1544352512,2005-eth1,59.94,59.94,119.88,60,60,1.00,1.00,2.00,1,1,0.00,0.00,0,0
1544352512,3002-eth3,1218817.25,469586.44,1688403.62,470056,1220036,625.37,627.37,1252.75,628,626,0.00,0.00,0,0
1544352512,3006-eth3,1208263.75,528301.69,1736565.50,528830,1209472,635.36,618.38,1253.75,619,636,0.00,0.00,0,0
1544352512,2001-eth1,14903.10,1215138.88,1230042.00,1216354,14918,156.84,548.45,705.29,549,157,0.00,0.00,0,0
1544352512,3005-eth2,26043.96,1196046.00,1222090.00,1197242,26070,394.61,412.59,807.19,413,395,0.00,0.00,0,0
1544352512,2001-eth2,30961.04,2017.98,32979.02,2020,30992,327.67,20.98,348.65,21,328,0.00,0.00,0,0
1544352512,3007-eth2,9692.31,3818.18,13510.49,3822,9702,98.90,38.96,137.86,39,99,0.00,0.00,0,0
1544352512,1001-eth1,1215138.88,14903.10,1230042.00,14918,1216354,548.45,156.84,705.29,157,549,0.00,0.00,0,0
1544352512,3007-eth4,33778.22,1218575.50,1252353.62,1219794,33812,473.53,496.50,970.03,497,474,0.00,0.00,0,0
1544352512,2003-eth2,59.94,2017.98,2077.92,2020,60,1.00,20.98,21.98,21,1,0.00,0.00,0,0
1544352512,3007-eth3,1223714.38,627206.81,1850921.12,627834,1224938,707.29,692.31,1399.60,693,708,0.00,0.00,0,0
1544352512,1002-eth1,2017.98,30961.04,32979.02,30992,2020,20.98,327.67,348.65,328,21,0.00,0.00,0,0
1544352512,2002-eth3,443410.59,17560.44,460971.03,17578,443854,230.77,186.81,417.58,187,231,0.00,0.00,0,0
1544352512,2007-eth2,3916.08,31020.98,34937.06,31052,3920,39.96,328.67,368.63,329,40,0.00,0.00,0,0
1544352512,total,25854852.00,25831590.00,51686444.00,25857420,25880706,19977.02,19881.12,39858.14,19901,19997,0.00,0.00,0,0
1544352513,3003-eth3,1223095.88,546095.81,1769191.62,547188,1225542,589.82,588.82,1178.64,590,591,0.00,0.00,0,0
1544352513,2002-eth1,0.00,3972.06,3972.06,3980,0,0.00,40.92,40.92,41,0,0.00,0.00,0,0
1544352513,lo,8772.46,8772.46,17544.91,8790,8790,91.82,91.82,183.63,92,92,0.00,0.00,0,0
1544352513,3005-eth3,1193135.75,628097.81,1821233.62,629354,1195522,364.27,364.27,728.54,365,365,0.00,0.00,0,0
1544352513,2005-eth3,12712.58,618151.69,630864.31,619388,12738,192.61,213.57,406.19,214,193,0.00,0.00,0,0
1544352513,3004-eth4,25542.91,865485.06,891027.94,867216,25594,348.30,375.25,723.55,376,349,0.00,0.00,0,0
1544352513,1004-eth2,5928.14,3972.06,9900.20,3980,5940,60.88,40.92,101.80,41,61,0.00,0.00,0,0
1544352513,2004-eth4,18331.34,7824.35,26155.69,7840,18368,191.62,79.84,271.46,80,192,0.00,0.00,0,0
1544352513,1001-eth2,14419.16,280049.91,294469.06,280610,14448,151.70,148.70,300.40,149,152,0.00,0.00,0,0
1544352513,1003-eth3,1194852.38,26083.83,1220936.12,26136,1197242,412.18,395.21,807.39,396,413,0.00,0.00,0,0
1544352513,2002-eth4,20127.74,453668.69,473796.41,454576,20168,211.58,195.61,407.19,196,212,0.00,0.00,0,0
1544352513,1001-eth4,0.00,634125.75,634125.75,635394,0,0.00,280.44,280.44,281,0,0.00,0.00,0,0
1544352513,3001-eth2,14319.36,453668.69,467988.03,454576,14348,152.69,195.61,348.30,196,153,0.00,0.00,0,0
1544352513,1004-eth1,1956.09,0.00,1956.09,0,1960,19.96,0.00,19.96,0,20,0.00,0.00,0,0
1544352513,3005-eth4,1204798.38,1206441.12,2411239.50,1208854,1207208,562.87,565.87,1128.74,567,564,0.00,0.00,0,0
1544352513,1003-eth2,0.00,7884.23,7884.23,7900,0,0.00,80.84,80.84,81,0,0.00,0.00,0,0
1544352513,3008-eth1,7786.43,1956.09,9742.52,1960,7802,79.84,19.96,99.80,20,80,0.00,0.00,0,0
1544352513,1002-eth3,0.00,0.00,0.00,0,0,0.00,0.00,0.00,0,0,0.00,0.00,0,0
1544352513,2006-eth1,26083.83,1194852.38,1220936.12,1197242,26136,395.21,412.18,807.39,413,396,0.00,0.00,0,0
1544352513,3003-eth1,519808.41,24900.20,544708.62,24950,520848,190.62,301.40,492.02,302,191,0.00,0.00,0,0
1544352513,2001-eth3,914235.56,35367.27,949602.81,35438,916064,430.14,376.25,806.39,377,431,0.00,0.00,0,0
1544352513,2008-eth2,7824.35,3912.18,11736.53,3920,7840,79.84,39.92,119.76,40,80,0.00,0.00,0,0
1544352513,2008-eth3,3912.18,9780.44,13692.62,9800,3920,39.92,99.80,139.72,100,40,0.00,0.00,0,0
1544352513,1001-eth3,0.00,0.00,0.00,0,0,0.00,0.00,0.00,0,0,0.00,0.00,0,0
1544352513,2007-eth4,1956.09,7786.43,9742.52,7802,1960,19.96,79.84,99.80,80,20,0.00,0.00,0,0
1544352513,2004-eth2,3972.06,5928.14,9900.20,5940,3980,40.92,60.88,101.80,61,41,0.00,0.00,0,0
1544352513,3002-eth1,7824.35,2015.97,9840.32,2020,7840,79.84,20.96,100.80,21,80,0.00,0.00,0,0
1544352513,3004-eth1,288612.78,519748.53,808361.31,520788,289190,278.44,189.62,468.06,190,279,0.00,0.00,0,0
1544352513,2006-eth3,1194852.38,26083.83,1220936.12,26136,1197242,412.18,395.21,807.39,396,413,0.00,0.00,0,0
1544352513,3004-eth2,7824.35,18331.34,26155.69,18368,7840,79.84,191.62,271.46,192,80,0.00,0.00,0,0
1544352513,3001-eth3,1226355.38,322960.09,1549315.38,323606,1228808,570.86,607.78,1178.64,609,572,0.00,0.00,0,0
1544352513,2003-eth4,519748.53,288612.78,808361.31,289190,520788,189.62,278.44,468.06,279,190,0.00,0.00,0,0
1544352513,2008-eth4,31952.10,1194912.25,1226864.25,1197302,32016,455.09,413.17,868.26,414,456,0.00,0.00,0,0
1544352513,3008-eth3,33902.20,1223271.50,1257173.62,1225718,33970,475.05,498.00,973.05,499,476,0.00,0.00,0,0
1544352513,2005-eth2,0.00,0.00,0.00,0,0,0.00,0.00,0.00,0,0,0.00,0.00,0,0
1544352513,2006-eth4,0.00,0.00,0.00,0,0,0.00,0.00,0.00,0,0,0.00,0.00,0,0
1544352513,3006-eth2,0.00,0.00,0.00,0,0,0.00,0.00,0.00,0,0,0.00,0.00,0,0
1544352513,1003-eth4,30055.89,1194852.38,1224908.25,1197242,30116,436.13,412.18,848.30,413,437,0.00,0.00,0,0
1544352513,2006-eth2,0.00,59.88,59.88,60,0,0.00,1.00,1.00,1,0,0.00,0.00,0,0
1544352513,3001-eth1,35367.27,914235.56,949602.81,916064,35438,376.25,430.14,806.39,431,377,0.00,0.00,0,0
1544352513,3008-eth2,1194912.25,31952.10,1226864.25,32016,1197302,413.17,455.09,868.26,456,414,0.00,0.00,0,0
1544352513,2004-eth3,3972.06,20287.43,24259.48,20328,3980,40.92,211.58,252.50,212,41,0.00,0.00,0,0
1544352513,3001-eth4,1224139.75,222331.34,1446471.12,222776,1226588,512.97,516.97,1029.94,518,514,0.00,0.00,0,0
1544352513,1003-eth1,3972.06,0.00,3972.06,0,3980,40.92,0.00,40.92,0,41,0.00,0.00,0,0
1544352513,3002-eth2,453668.69,20127.74,473796.41,20168,454576,195.61,211.58,407.19,212,196,0.00,0.00,0,0
1544352513,2005-eth4,618151.69,12712.58,630864.31,12738,619388,213.57,192.61,406.19,193,214,0.00,0.00,0,0
1544352513,3003-eth2,20287.43,3972.06,24259.48,3980,20328,211.58,40.92,252.50,41,212,0.00,0.00,0,0
1544352513,2007-eth1,634125.75,0.00,634125.75,0,635394,280.44,0.00,280.44,0,281,0.00,0.00,0,0
1544352513,1002-eth4,28772.46,3814.37,32586.83,3822,28830,304.39,38.92,343.31,39,305,0.00,0.00,0,0
1544352513,3002-eth4,34105.79,1223369.25,1257475.12,1225816,34174,478.04,499.00,977.05,500,479,0.00,0.00,0,0
1544352513,2007-eth3,30728.54,634125.75,664854.31,635394,30790,324.35,280.44,604.79,281,325,0.00,0.00,0,0
1544352513,3005-eth1,618151.69,12712.58,630864.31,12738,619388,213.57,192.61,406.19,193,214,0.00,0.00,0,0
1544352513,2001-eth4,2015.97,7824.35,9840.32,7840,2020,20.96,79.84,100.80,80,21,0.00,0.00,0,0
1544352513,3003-eth4,34133.73,1223369.25,1257503.00,1225816,34202,479.04,499.00,978.04,500,480,0.00,0.00,0,0
1544352513,2004-eth1,7884.23,0.00,7884.23,0,7900,80.84,0.00,80.84,0,81,0.00,0.00,0,0
1544352513,3006-eth4,1225423.12,1222443.12,2447866.25,1224888,1227874,919.16,786.43,1705.59,788,921,0.00,0.00,0,0
1544352513,3007-eth1,634125.75,30728.54,664854.31,30790,635394,280.44,324.35,604.79,325,281,0.00,0.00,0,0
1544352513,2008-eth1,1194852.38,30055.89,1224908.25,30116,1197242,412.18,436.13,848.30,437,413,0.00,0.00,0,0
1544352513,2002-eth2,0.00,1956.09,1956.09,1960,0,0.00,19.96,19.96,20,0,0.00,0.00,0,0
1544352513,2003-eth1,280049.91,14419.16,294469.06,14448,280610,148.70,151.70,300.40,152,149,0.00,0.00,0,0
1544352513,3008-eth4,1223497.00,1220936.12,2444433.25,1223378,1225944,802.40,807.39,1609.78,809,804,0.00,0.00,0,0
1544352513,1004-eth4,3912.18,7824.35,11736.53,7840,3920,39.92,79.84,119.76,80,40,0.00,0.00,0,0
1544352513,3006-eth1,12712.58,618151.69,630864.31,619388,12738,192.61,213.57,406.19,214,193,0.00,0.00,0,0
1544352513,1004-eth3,59.88,0.00,59.88,0,60,1.00,0.00,1.00,0,1,0.00,0.00,0,0
1544352513,1002-eth2,1858.28,0.00,1858.28,0,1862,18.96,0.00,18.96,0,19,0.00,0.00,0,0
1544352513,3004-eth3,1225377.25,306331.34,1531708.62,306944,1227828,597.80,546.91,1144.71,548,599,0.00,0.00,0,0
1544352513,2003-eth3,24925.08,520327.69,545252.75,520848,24950,301.70,190.81,492.51,191,302,0.00,0.00,0,0
1544352513,2005-eth1,0.00,0.00,0.00,0,0,0.00,0.00,0.00,0,0,0.00,0.00,0,0
1544352513,3002-eth3,1224127.88,480429.59,1704557.50,480910,1225352,589.41,594.41,1183.82,595,590,0.00,0.00,0,0
1544352513,3006-eth3,1210939.12,658161.88,1869101.00,658820,1212150,594.41,613.39,1207.79,614,595,0.00,0.00,0,0
1544352513,2001-eth1,14493.51,915148.88,929642.38,916064,14508,152.85,430.57,583.42,431,153,0.00,0.00,0,0
1544352513,3005-eth2,26109.89,1196046.00,1222155.88,1197242,26136,395.60,412.59,808.19,413,396,0.00,0.00,0,0
1544352513,2001-eth2,28801.20,1958.04,30759.24,1960,28830,304.70,19.98,324.68,20,305,0.00,0.00,0,0
1544352513,3007-eth2,9790.21,3916.08,13706.29,3920,9800,99.90,39.96,139.86,40,100,0.00,0.00,0,0
1544352513,1001-eth1,915148.88,14493.51,929642.38,14508,916064,430.57,152.85,583.42,153,431,0.00,0.00,0,0
1544352513,3007-eth4,34073.93,1224591.50,1258665.38,1225816,34108,477.52,499.50,977.02,500,478,0.00,0.00,0,0
1544352513,2003-eth2,0.00,1860.14,1860.14,1862,0,0.00,18.98,18.98,19,0,0.00,0.00,0,0
1544352513,3007-eth3,1223890.12,660935.06,1884825.25,661596,1225114,678.32,677.32,1355.64,678,679,0.00,0.00,0,0
1544352513,1002-eth1,1958.04,28801.20,30759.24,28830,1960,19.98,304.70,324.68,305,20,0.00,0.00,0,0
1544352513,2002-eth3,454121.88,14333.67,468455.56,14348,454576,195.80,152.85,348.65,153,196,0.00,0.00,0,0
1544352513,2007-eth2,3818.18,28801.20,32619.38,28830,3822,38.96,304.70,343.66,305,39,0.00,0.00,0,0
1544352513,total,25703646.00,25372694.00,51076340.00,25398066,25729348,19498.50,19498.50,38997.00,19518,19518,0.00,0.00,0,0
1544352514,3003-eth3,1215986.00,458525.50,1674511.50,458984,1217202,539.46,547.45,1086.91,548,540,0.00,0.00,0,0
1544352514,2002-eth1,0.00,3916.08,3916.08,3920,0,0.00,39.96,39.96,40,0,0.00,0.00,0,0
1544352514,lo,64921.08,64921.08,129842.16,64986,64986,300.70,300.70,601.40,301,301,0.00,0.00,0,0
1544352514,3005-eth3,1192551.50,612813.19,1805364.62,613426,1193744,359.64,364.64,724.28,365,360,0.00,0.00,0,0
1544352514,2005-eth3,12593.41,602461.56,615054.94,603064,12606,190.81,207.79,398.60,208,191,0.00,0.00,0,0
1544352514,3004-eth4,23986.01,786455.56,810441.56,787242,24010,324.68,348.65,673.33,349,325,0.00,0.00,0,0
1544352514,1004-eth2,5874.13,3916.08,9790.21,3920,5880,59.94,39.96,99.90,40,60,0.00,0.00,0,0
1544352514,2004-eth4,20757.24,7832.17,28589.41,7840,20778,217.78,79.92,297.70,80,218,0.00,0.00,0,0
1544352514,1001-eth2,16781.22,244685.33,261466.55,244930,16798,176.82,112.89,289.71,113,177,0.00,0.00,0,0
1544352514,1003-eth3,1193087.00,25780.22,1218867.12,25806,1194280,411.59,390.61,802.20,391,412,0.00,0.00,0,0
1544352514,2002-eth4,22461.54,557484.50,579946.06,558042,22484,236.76,227.77,464.54,228,237,0.00,0.00,0,0
1544352514,1001-eth4,0.00,764637.38,764637.38,765402,0,0.00,407.59,407.59,408,0,0.00,0.00,0,0
1544352514,3001-eth2,16527.47,557424.56,573952.06,557982,16544,175.82,226.77,402.60,227,176,0.00,0.00,0,0
1544352514,1004-eth1,1958.04,0.00,1958.04,0,1960,19.98,0.00,19.98,0,20,0.00,0.00,0,0
1544352514,3005-eth4,1195942.12,1205804.25,2401746.25,1207010,1197138,564.44,560.44,1124.88,561,565,0.00,0.00,0,0
1544352514,1003-eth2,0.00,7832.17,7832.17,7840,0,0.00,79.92,79.92,80,0,0.00,0.00,0,0
1544352514,3008-eth1,7734.27,2017.98,9752.25,2020,7742,78.92,20.98,99.90,21,79,0.00,0.00,0,0
1544352514,1002-eth3,59.94,0.00,59.94,0,60,1.00,0.00,1.00,0,1,0.00,0.00,0,0
1544352514,2006-eth1,25780.22,1193087.00,1218867.12,1194280,25806,390.61,411.59,802.20,412,391,0.00,0.00,0,0
1544352514,3003-eth1,432217.78,28761.24,460979.03,28790,432650,148.85,348.65,497.50,349,149,0.00,0.00,0,0
1544352514,2001-eth3,961522.50,53680.32,1015202.81,53734,962484,497.50,571.43,1068.93,572,498,0.00,0.00,0,0
1544352514,2008-eth2,7832.17,3916.08,11748.25,3920,7840,79.92,39.96,119.88,40,80,0.00,0.00,0,0
1544352514,2008-eth3,3916.08,9790.21,13706.29,9800,3920,39.96,99.90,139.86,100,40,0.00,0.00,0,0
1544352514,1001-eth3,0.00,0.00,0.00,0,0,0.00,0.00,0.00,0,0,0.00,0.00,0,0
1544352514,2007-eth4,2017.98,7734.27,9752.25,7742,2020,20.98,78.92,99.90,79,21,0.00,0.00,0,0
1544352514,2004-eth2,3916.08,5874.13,9790.21,5880,3920,39.96,59.94,99.90,60,40,0.00,0.00,0,0
1544352514,3002-eth1,7892.11,1860.14,9752.25,1862,7900,80.92,18.98,99.90,19,81,0.00,0.00,0,0
1544352514,3004-eth1,254707.30,432217.78,686925.06,432650,254962,264.74,148.85,413.59,149,265,0.00,0.00,0,0
1544352514,2006-eth3,1193087.00,25840.16,1218927.12,25866,1194280,411.59,391.61,803.20,392,412,0.00,0.00,0,0
1544352514,3004-eth2,7832.17,20757.24,28589.41,20778,7840,79.92,217.78,297.70,218,80,0.00,0.00,0,0
1544352514,3001-eth3,1229326.75,419398.62,1648725.38,419818,1230556,713.29,732.27,1445.55,733,714,0.00,0.00,0,0
1544352514,2003-eth4,432217.78,254707.30,686925.06,254962,432650,148.85,264.74,413.59,265,149,0.00,0.00,0,0
1544352514,2008-eth4,31654.35,1193087.00,1224741.25,1194280,31686,450.55,411.59,862.14,412,451,0.00,0.00,0,0
1544352514,3008-eth3,33810.19,1218673.38,1252483.50,1219892,33844,473.53,497.50,971.03,498,474,0.00,0.00,0,0
1544352514,2005-eth2,0.00,59.94,59.94,60,0,0.00,1.00,1.00,1,0,0.00,0.00,0,0
1544352514,2006-eth4,0.00,59.94,59.94,60,0,0.00,1.00,1.00,1,0,0.00,0.00,0,0
1544352514,3006-eth2,59.94,0.00,59.94,0,60,1.00,0.00,1.00,0,1,0.00,0.00,0,0
1544352514,1003-eth4,29696.30,1193087.00,1222783.25,1194280,29726,430.57,411.59,842.16,412,431,0.00,0.00,0,0
1544352514,2006-eth2,0.00,0.00,0.00,0,0,0.00,0.00,0.00,0,0,0.00,0.00,0,0
1544352514,3001-eth1,53680.32,961522.50,1015202.81,962484,53734,571.43,497.50,1068.93,498,572,0.00,0.00,0,0
1544352514,3008-eth2,1193087.00,31654.35,1224741.25,31686,1194280,411.59,450.55,862.14,451,412,0.00,0.00,0,0
1544352514,2004-eth3,3916.08,22715.29,26631.37,22738,3920,39.96,237.76,277.72,238,40,0.00,0.00,0,0
1544352514,3001-eth4,1220705.38,350081.94,1570787.25,350432,1221926,590.41,625.37,1215.78,626,591,0.00,0.00,0,0
1544352514,1003-eth1,3916.08,0.00,3916.08,0,3920,39.96,0.00,39.96,0,40,0.00,0.00,0,0
1544352514,3002-eth2,557484.50,22461.54,579946.06,22484,558042,227.77,236.76,464.54,237,228,0.00,0.00,0,0
1544352514,2005-eth4,602461.56,12653.35,615114.88,12666,603064,207.79,191.81,399.60,192,208,0.00,0.00,0,0
1544352514,3003-eth2,22715.29,3916.08,26631.37,3920,22738,237.76,39.96,277.72,40,238,0.00,0.00,0,0
1544352514,2007-eth1,764637.38,0.00,764637.38,0,765402,407.59,0.00,407.59,0,408,0.00,0.00,0,0
1544352514,1002-eth4,44671.33,3976.02,48647.36,3980,44716,473.53,40.96,514.49,41,474,0.00,0.00,0,0
1544352514,3002-eth4,34133.87,1218673.38,1252807.25,1219892,34168,478.52,497.50,976.02,498,479,0.00,0.00,0,0
1544352514,2007-eth3,46689.31,764577.44,811266.75,765342,46736,494.51,406.59,901.10,407,495,0.00,0.00,0,0
1544352514,3005-eth1,602461.56,12593.41,615054.94,12606,603064,207.79,190.81,398.60,191,208,0.00,0.00,0,0
1544352514,2001-eth4,1958.04,7892.11,9850.15,7900,1960,19.98,80.92,100.90,81,20,0.00,0.00,0,0
1544352514,3003-eth4,34139.86,1218673.38,1252813.25,1219892,34174,478.52,497.50,976.02,498,479,0.00,0.00,0,0
1544352514,2004-eth1,7832.17,0.00,7832.17,0,7840,79.92,0.00,79.92,0,80,0.00,0.00,0,0
1544352514,3006-eth4,1219390.62,1216105.88,2435496.50,1217322,1220610,788.21,804.20,1592.41,805,789,0.00,0.00,0,0
1544352514,3007-eth1,764577.44,46689.31,811266.75,46736,765342,406.59,494.51,901.10,495,407,0.00,0.00,0,0
1544352514,2008-eth1,1193087.00,29696.30,1222783.25,29726,1194280,411.59,430.57,842.16,431,412,0.00,0.00,0,0
1544352514,2002-eth2,0.00,1958.04,1958.04,1960,0,0.00,19.98,19.98,20,0,0.00,0.00,0,0
1544352514,2003-eth1,244685.33,16781.22,261466.55,16798,244930,112.89,176.82,289.71,177,113,0.00,0.00,0,0
1544352514,3008-eth4,1218663.38,1218999.00,2437662.50,1220218,1219882,799.20,804.20,1603.40,805,800,0.00,0.00,0,0
1544352514,1004-eth4,3916.08,7832.17,11748.25,7840,3920,39.96,79.92,119.88,80,40,0.00,0.00,0,0
1544352514,3006-eth1,12653.35,602461.56,615114.88,603064,12666,191.81,207.79,399.60,208,192,0.00,0.00,0,0
1544352514,1004-eth3,0.00,0.00,0.00,0,0,0.00,0.00,0.00,0,0,0.00,0.00,0,0
1544352514,1002-eth2,1958.04,0.00,1958.04,0,1960,19.98,0.00,19.98,0,20,0.00,0.00,0,0
1544352514,3004-eth3,1219952.12,270861.16,1490813.25,271132,1221172,533.47,509.49,1042.96,510,534,0.00,0.00,0,0
1544352514,2003-eth3,28761.24,435176.84,463938.06,435612,28790,348.65,149.85,498.50,150,349,0.00,0.00,0,0
1544352514,2005-eth1,0.00,0.00,0.00,0,0,0.00,0.00,0.00,0,0,0.00,0.00,0,0
1544352514,3002-eth3,1216479.50,583708.31,1800187.88,584292,1217696,600.40,625.37,1225.77,626,601,0.00,0.00,0,0
1544352514,3006-eth3,1203572.50,671312.69,1874885.12,671984,1204776,614.39,615.38,1229.77,616,615,0.00,0.00,0,0
1544352514,2001-eth1,16781.22,961522.50,978303.75,962484,16798,176.82,497.50,674.33,498,177,0.00,0.00,0,0
1544352514,3005-eth2,25840.16,1193087.00,1218927.12,1194280,25866,391.61,411.59,803.20,412,392,0.00,0.00,0,0
1544352514,2001-eth2,44731.27,1958.04,46689.31,1960,44776,474.53,19.98,494.51,20,475,0.00,0.00,0,0
1544352514,3007-eth2,9790.21,3916.08,13706.29,3920,9800,99.90,39.96,139.86,40,100,0.00,0.00,0,0
1544352514,1001-eth1,961522.50,16781.22,978303.75,16798,962484,497.50,176.82,674.33,177,498,0.00,0.00,0,0
1544352514,3007-eth4,33546.45,1218673.38,1252219.88,1219892,33580,469.53,497.50,967.03,498,470,0.00,0.00,0,0
1544352514,2003-eth2,0.00,1958.04,1958.04,1960,0,0.00,19.98,19.98,20,0,0.00,0.00,0,0
1544352514,3007-eth3,1219330.75,790291.75,2009622.38,791082,1220550,782.22,796.20,1578.42,797,783,0.00,0.00,0,0
1544352514,1002-eth1,1958.04,44731.27,46689.31,44776,1960,19.98,474.53,494.51,475,20,0.00,0.00,0,0
1544352514,2002-eth3,557424.56,16527.47,573952.06,16544,557982,226.77,175.82,402.60,176,227,0.00,0.00,0,0
1544352514,2007-eth2,3976.02,44671.33,48647.36,44716,3980,40.96,473.53,514.49,474,41,0.00,0.00,0,0
1544352514,total,26045794.00,25996190.00,52041984.00,26022186,26071840,20945.06,21158.84,42103.90,21180,20966,0.00,0.00,0,0
1544352515,3003-eth3,1215011.00,563604.44,1778615.38,564168,1216226,568.43,583.42,1151.85,584,569,0.00,0.00,0,0
1544352515,2002-eth1,0.00,3916.08,3916.08,3920,0,0.00,39.96,39.96,40,0,0.00,0.00,0,0
1544352515,lo,5130.87,5130.87,10261.74,5136,5136,50.95,50.95,101.90,51,51,0.00,0.00,0,0
1544352515,3005-eth3,1191164.88,587826.19,1778991.00,588414,1192356,360.64,358.64,719.28,359,361,0.00,0.00,0,0
1544352515,2005-eth3,12197.80,577336.69,589534.50,577914,12210,184.82,199.80,384.62,200,185,0.00,0.00,0,0
1544352515,3004-eth4,24711.29,813086.94,837798.25,813900,24736,335.66,357.64,693.31,358,336,0.00,0.00,0,0
1544352515,1004-eth2,5874.13,3916.08,9790.21,3920,5880,59.94,39.96,99.90,40,60,0.00,0.00,0,0
1544352515,2004-eth4,22199.80,7734.27,29934.07,7742,22222,232.77,78.92,311.69,79,233,0.00,0.00,0,0
1544352515,1001-eth2,18283.72,348115.91,366399.62,348464,18302,192.81,123.88,316.68,124,193,0.00,0.00,0,0
1544352515,1003-eth3,1191574.50,26037.96,1217612.38,26064,1192766,410.59,394.61,805.19,395,411,0.00,0.00,0,0
1544352515,2002-eth4,28787.21,442751.25,471538.47,443194,28816,303.70,220.78,524.48,221,304,0.00,0.00,0,0
1544352515,1001-eth4,0.00,809086.94,809086.94,809896,0,0.00,379.62,379.62,380,0,0.00,0.00,0,0
1544352515,3001-eth2,22913.09,442751.25,465664.34,443194,22936,243.76,220.78,464.54,221,244,0.00,0.00,0,0
1544352515,1004-eth1,1958.04,0.00,1958.04,0,1960,19.98,0.00,19.98,0,20,0.00,0.00,0,0
1544352515,3005-eth4,1209680.38,1204885.12,2414565.50,1206090,1210890,575.42,568.43,1143.86,569,576,0.00,0.00,0,0
1544352515,1003-eth2,0.00,7832.17,7832.17,7840,0,0.00,79.92,79.92,80,0,0.00,0.00,0,0
1544352515,3008-eth1,7832.17,1958.04,9790.21,1960,7840,79.92,19.98,99.90,20,80,0.00,0.00,0,0
1544352515,1002-eth3,0.00,0.00,0.00,0,0,0.00,0.00,0.00,0,0,0.00,0.00,0,0
1544352515,2006-eth1,26037.96,1191574.50,1217612.38,1192766,26064,394.61,410.59,805.19,411,395,0.00,0.00,0,0
1544352515,3003-eth1,537362.62,29604.40,566967.06,29634,537900,185.81,354.65,540.46,355,186,0.00,0.00,0,0
1544352515,2001-eth3,1204943.12,45602.40,1250545.50,45648,1206148,525.47,559.44,1084.92,560,526,0.00,0.00,0,0
1544352515,2008-eth2,7892.11,3916.08,11808.19,3920,7900,80.92,39.96,120.88,40,81,0.00,0.00,0,0
1544352515,2008-eth3,3976.02,9850.15,13826.17,9860,3980,40.96,100.90,141.86,101,41,0.00,0.00,0,0
1544352515,1001-eth3,0.00,0.00,0.00,0,0,0.00,0.00,0.00,0,0,0.00,0.00,0,0
1544352515,2007-eth4,1958.04,7832.17,9790.21,7840,1960,19.98,79.92,99.90,80,20,0.00,0.00,0,0
1544352515,2004-eth2,3916.08,5874.13,9790.21,5880,3920,39.96,59.94,99.90,60,40,0.00,0.00,0,0
1544352515,3002-eth1,7832.17,1958.04,9790.21,1960,7840,79.92,19.98,99.90,20,80,0.00,0.00,0,0
1544352515,3004-eth1,357478.53,537362.62,894841.19,537900,357836,265.73,185.81,451.55,186,266,0.00,0.00,0,0
1544352515,2006-eth3,1191634.38,25978.02,1217612.38,26004,1192826,411.59,393.61,805.19,394,412,0.00,0.00,0,0
1544352515,3004-eth2,7734.27,22199.80,29934.07,22222,7742,78.92,232.77,311.69,233,79,0.00,0.00,0,0
1544352515,3001-eth3,1227790.25,610717.31,1838507.50,611328,1229018,860.14,833.17,1693.31,834,861,0.00,0.00,0,0
1544352515,2003-eth4,537362.62,357478.53,894841.19,357836,537900,185.81,265.73,451.55,266,186,0.00,0.00,0,0
1544352515,2008-eth4,31912.09,1191574.50,1223486.50,1192766,31944,454.55,410.59,865.13,411,455,0.00,0.00,0,0
1544352515,3008-eth3,33744.26,1212657.38,1246401.62,1213870,33778,472.53,494.51,967.03,495,473,0.00,0.00,0,0
1544352515,2005-eth2,0.00,0.00,0.00,0,0,0.00,0.00,0.00,0,0,0.00,0.00,0,0
1544352515,2006-eth4,59.94,0.00,59.94,0,60,1.00,0.00,1.00,0,1,0.00,0.00,0,0
1544352515,3006-eth2,0.00,59.94,59.94,60,0,0.00,1.00,1.00,1,0,0.00,0.00,0,0
1544352515,1003-eth4,29894.11,1191574.50,1221468.62,1192766,29924,433.57,410.59,844.16,411,434,0.00,0.00,0,0
1544352515,2006-eth2,59.94,0.00,59.94,0,60,1.00,0.00,1.00,0,1,0.00,0.00,0,0
1544352515,3001-eth1,45602.40,1204943.12,1250545.50,1206148,45648,559.44,525.47,1084.92,526,560,0.00,0.00,0,0
1544352515,3008-eth2,1191574.50,31912.09,1223486.50,31944,1192766,410.59,454.55,865.13,455,411,0.00,0.00,0,0
1544352515,2004-eth3,3818.18,24157.84,27976.03,24182,3822,38.96,252.75,291.71,253,39,0.00,0.00,0,0
1544352515,3001-eth4,1221776.25,673726.31,1895502.50,674400,1222998,786.21,817.18,1603.40,818,787,0.00,0.00,0,0
1544352515,1003-eth1,3912.18,0.00,3912.18,0,3920,39.92,0.00,39.92,0,40,0.00,0.00,0,0
1544352515,3002-eth2,442309.41,28758.48,471067.88,28816,443194,220.56,303.39,523.95,304,221,0.00,0.00,0,0
1544352515,2005-eth4,576700.62,12185.63,588886.25,12210,577854,198.60,184.63,383.23,185,199,0.00,0.00,0,0
1544352515,3003-eth2,24133.73,3912.18,28045.91,3920,24182,252.50,39.92,292.42,40,253,0.00,0.00,0,0
1544352515,2007-eth1,809790.44,0.00,809790.44,0,811410,380.24,0.00,380.24,0,381,0.00,0.00,0,0
1544352515,1002-eth4,35115.77,3814.37,38930.14,3822,35186,446.11,38.92,485.03,39,447,0.00,0.00,0,0
1544352515,3002-eth4,33810.38,1214501.00,1248311.38,1216930,33878,474.05,496.01,970.06,497,475,0.00,0.00,0,0
1544352515,2007-eth3,37071.86,809790.44,846862.31,811410,37146,466.07,380.24,846.31,381,467,0.00,0.00,0,0
1544352515,3005-eth1,576760.50,12185.63,588946.12,12210,577914,199.60,184.63,384.23,185,200,0.00,0.00,0,0
1544352515,2001-eth4,1858.28,7824.35,9682.63,7840,1862,18.96,79.84,98.80,80,19,0.00,0.00,0,0
1544352515,3003-eth4,34105.79,1214501.00,1248606.88,1216930,34174,478.04,496.01,974.05,497,479,0.00,0.00,0,0
1544352515,2004-eth1,7824.35,0.00,7824.35,0,7840,79.84,0.00,79.84,0,80,0.00,0.00,0,0
1544352515,3006-eth4,1218233.62,1217782.50,2436016.00,1220218,1220670,788.42,803.39,1591.82,805,790,0.00,0.00,0,0
1544352515,3007-eth1,809790.44,37071.86,846862.31,37146,811410,380.24,466.07,846.31,467,381,0.00,0.00,0,0
1544352515,2008-eth1,1191896.25,29864.27,1221760.50,29924,1194280,411.18,433.13,844.31,434,412,0.00,0.00,0,0
1544352515,2002-eth2,0.00,1956.09,1956.09,1960,0,0.00,19.96,19.96,20,0,0.00,0.00,0,0
1544352515,2003-eth1,350724.56,18265.47,368990.03,18302,351426,124.75,192.61,317.37,193,125,0.00,0.00,0,0
1544352515,3008-eth4,1217387.25,1217848.38,2435235.50,1220284,1219822,797.41,804.39,1601.80,806,799,0.00,0.00,0,0
1544352515,1004-eth4,3912.18,7884.23,11796.41,7900,3920,39.92,80.84,120.76,81,40,0.00,0.00,0,0
1544352515,3006-eth1,12185.63,576700.62,588886.25,577854,12210,184.63,198.60,383.23,199,185,0.00,0.00,0,0
1544352515,1004-eth3,0.00,59.88,59.88,60,0,0.00,1.00,1.00,1,0,0.00,0.00,0,0
1544352515,1002-eth2,1956.09,0.00,1956.09,0,1960,19.96,0.00,19.96,0,20,0.00,0.00,0,0
1544352515,3004-eth3,1217934.12,377006.00,1594940.12,377760,1220370,535.93,522.95,1058.88,524,537,0.00,0.00,0,0
1544352515,2003-eth3,29574.85,533870.25,563445.12,534938,29634,354.29,184.63,538.92,185,355,0.00,0.00,0,0
1544352515,2005-eth1,0.00,0.00,0.00,0,0,0.00,0.00,0.00,0,0,0.00,0.00,0,0
1544352515,3002-eth3,1218912.25,471391.22,1690303.50,472334,1221350,607.78,617.76,1225.55,619,609,0.00,0.00,0,0
1544352515,3006-eth3,1205596.88,676620.75,1882217.62,677974,1208008,618.76,617.76,1236.53,619,620,0.00,0.00,0,0
1544352515,2001-eth1,18265.47,1205251.50,1223517.00,1207662,18302,192.61,525.95,718.56,527,193,0.00,0.00,0,0
1544352515,3005-eth2,25952.10,1194912.25,1220864.25,1197302,26004,393.21,413.17,806.39,414,394,0.00,0.00,0,0
1544352515,2001-eth2,35115.77,1858.28,36974.05,1862,35186,446.11,18.96,465.07,19,447,0.00,0.00,0,0
1544352515,3007-eth2,9840.32,3972.06,13812.38,3980,9860,100.80,40.92,141.72,41,101,0.00,0.00,0,0
1544352515,1001-eth1,1205251.50,18265.47,1223517.00,18302,1207662,525.95,192.61,718.56,193,527,0.00,0.00,0,0
1544352515,3007-eth4,33614.77,1219010.00,1252624.75,1221448,33682,471.06,499.00,970.06,500,472,0.00,0.00,0,0
1544352515,2003-eth2,0.00,1956.09,1956.09,1960,0,0.00,19.96,19.96,20,0,0.00,0.00,0,0
1544352515,3007-eth3,1214255.50,835521.00,2049776.50,837192,1216684,838.32,770.46,1608.78,772,840,0.00,0.00,0,0
1544352515,1002-eth1,1858.28,35115.77,36974.05,35186,1862,18.96,446.11,465.07,447,19,0.00,0.00,0,0
1544352515,2002-eth3,445265.47,22984.03,468249.50,23030,446156,221.56,244.51,466.07,245,222,0.00,0.00,0,0
1544352515,2007-eth2,3814.37,35115.77,38930.14,35186,3822,38.92,446.11,485.03,447,39,0.00,0.00,0,0
1544352515,total,26673804.00,27260082.00,53933884.00,27314602,26727150,21302.40,21374.25,42676.65,21417,21345,0.00,0.00,0,0
1544352516,3003-eth3,1223650.75,530590.81,1754241.62,531652,1226098,563.87,572.85,1136.73,574,565,0.00,0.00,0,0
1544352516,2002-eth1,0.00,3912.18,3912.18,3920,0,0.00,39.92,39.92,40,0,0.00,0.00,0,0
1544352516,lo,0.00,0.00,0.00,0,0,0.00,0.00,0.00,0,0,0.00,0.00,0,0
1544352516,3005-eth3,1191690.62,603004.00,1794694.62,604210,1194074,364.27,356.29,720.56,357,365,0.00,0.00,0,0
1544352516,2005-eth3,12646.71,592992.06,605638.75,594178,12672,191.62,204.59,396.21,205,192,0.00,0.00,0,0
1544352516,3004-eth4,23898.21,770694.62,794592.81,772236,23946,324.35,341.32,665.67,342,325,0.00,0.00,0,0
1544352516,1004-eth2,5672.65,3814.37,9487.03,3822,5684,57.88,38.92,96.81,39,58,0.00,0.00,0,0
1544352516,2004-eth4,17572.86,7726.55,25299.40,7742,17608,183.63,78.84,262.48,79,184,0.00,0.00,0,0
1544352516,1001-eth2,13856.29,332802.41,346658.69,333468,13884,145.71,181.64,327.35,182,146,0.00,0.00,0,0
1544352516,1003-eth3,1197808.38,26149.70,1223958.12,26202,1200204,413.17,396.21,809.38,397,414,0.00,0.00,0,0
1544352516,2002-eth4,26690.62,596087.81,622778.44,597280,26744,281.44,251.50,532.93,252,282,0.00,0.00,0,0
1544352516,1001-eth4,0.00,562784.44,562784.44,563910,0,0.00,250.50,250.50,251,0,0.00,0.00,0,0
1544352516,3001-eth2,20920.16,596087.81,617008.00,597280,20962,222.55,251.50,474.05,252,223,0.00,0.00,0,0
1544352516,1004-eth1,1858.28,0.00,1858.28,0,1862,18.96,0.00,18.96,0,19,0.00,0.00,0,0
1544352516,3005-eth4,1207820.38,1205127.75,2412948.25,1207538,1210236,564.87,567.86,1132.73,569,566,0.00,0.00,0,0
1544352516,1003-eth2,0.00,7824.35,7824.35,7840,0,0.00,79.84,79.84,80,0,0.00,0.00,0,0
1544352516,3008-eth1,7824.35,1858.28,9682.63,1862,7840,79.84,18.96,98.80,19,80,0.00,0.00,0,0
1544352516,1002-eth3,0.00,0.00,0.00,0,0,0.00,0.00,0.00,0,0,0.00,0.00,0,0
1544352516,2006-eth1,26149.70,1197808.38,1223958.12,1200204,26202,396.21,413.17,809.38,414,397,0.00,0.00,0,0
1544352516,3003-eth1,504243.53,25956.09,530199.62,26008,505252,173.65,319.36,493.01,320,174,0.00,0.00,0,0
1544352516,2001-eth3,895586.88,23381.24,918968.06,23428,897378,432.14,309.38,741.52,310,433,0.00,0.00,0,0
1544352516,2008-eth2,7530.94,3814.37,11345.31,3822,7546,76.85,38.92,115.77,39,77,0.00,0.00,0,0
1544352516,2008-eth3,3814.37,9487.03,13301.40,9506,3822,38.92,96.81,135.73,97,39,0.00,0.00,0,0
1544352516,1001-eth3,0.00,0.00,0.00,0,0,0.00,0.00,0.00,0,0,0.00,0.00,0,0
1544352516,2007-eth4,1858.28,7824.35,9682.63,7840,1862,18.96,79.84,98.80,80,19,0.00,0.00,0,0
1544352516,2004-eth2,3814.37,5672.65,9487.03,5684,3822,38.92,57.88,96.81,58,39,0.00,0.00,0,0
1544352516,3002-eth1,7726.55,1956.09,9682.63,1960,7742,78.84,19.96,98.80,20,79,0.00,0.00,0,0
1544352516,3004-eth1,342946.12,504243.53,847189.62,505252,343632,335.33,173.65,508.98,174,336,0.00,0.00,0,0
1544352516,2006-eth3,1197808.38,26149.70,1223958.12,26202,1200204,413.17,396.21,809.38,397,414,0.00,0.00,0,0
1544352516,3004-eth2,7726.55,17572.86,25299.40,17608,7742,78.84,183.63,262.48,184,79,0.00,0.00,0,0
1544352516,3001-eth3,1231189.62,212493.02,1443682.62,212918,1233652,601.80,549.90,1151.70,551,603,0.00,0.00,0,0
1544352516,2003-eth4,504243.53,342946.12,847189.62,343632,505252,173.65,335.33,508.98,336,174,0.00,0.00,0,0
1544352516,2008-eth4,32017.96,1197808.38,1229826.38,1200204,32082,456.09,413.17,869.26,414,457,0.00,0.00,0,0
1544352516,3008-eth3,33810.38,1224880.25,1258690.62,1227330,33878,474.05,500.00,974.05,501,475,0.00,0.00,0,0
1544352516,2005-eth2,0.00,0.00,0.00,0,0,0.00,0.00,0.00,0,0,0.00,0.00,0,0
1544352516,2006-eth4,0.00,0.00,0.00,0,0,0.00,0.00,0.00,0,0,0.00,0.00,0,0
1544352516,3006-eth2,0.00,0.00,0.00,0,0,0.00,0.00,0.00,0,0,0.00,0.00,0,0
1544352516,1003-eth4,30061.88,1197808.38,1227870.25,1200204,30122,436.13,413.17,849.30,414,437,0.00,0.00,0,0
1544352516,2006-eth2,0.00,0.00,0.00,0,0,0.00,0.00,0.00,0,0,0.00,0.00,0,0
1544352516,3001-eth1,23381.24,895586.88,918968.06,897378,23428,309.38,432.14,741.52,433,310,0.00,0.00,0,0
1544352516,3008-eth2,1197808.38,32017.96,1229826.38,32082,1200204,413.17,456.09,869.26,457,414,0.00,0.00,0,0
1544352516,2004-eth3,3814.37,19626.75,23441.12,19666,3822,38.92,204.59,243.51,205,39,0.00,0.00,0,0
1544352516,3001-eth4,1233988.00,367399.22,1601387.25,368134,1236456,723.55,725.55,1449.10,727,725,0.00,0.00,0,0
1544352516,1003-eth1,3916.08,0.00,3916.08,0,3920,39.96,0.00,39.96,0,40,0.00,0.00,0,0
1544352516,3002-eth2,596683.31,26717.28,623400.62,26744,597280,251.75,281.72,533.47,282,252,0.00,0.00,0,0
1544352516,2005-eth4,593584.44,12659.34,606243.75,12672,594178,204.80,191.81,396.60,192,205,0.00,0.00,0,0
1544352516,3003-eth2,19646.35,3720.28,23366.63,3724,19666,204.80,37.96,242.76,38,205,0.00,0.00,0,0
1544352516,2007-eth1,561834.19,0.00,561834.19,0,562396,249.75,0.00,249.75,0,250,0.00,0.00,0,0
1544352516,1002-eth4,17268.73,3916.08,21184.82,3920,17286,242.76,39.96,282.72,40,243,0.00,0.00,0,0
1544352516,3002-eth4,33712.29,1223047.00,1256759.25,1224270,33746,472.53,498.50,971.03,499,473,0.00,0.00,0,0
1544352516,2007-eth3,19324.68,561834.19,581158.88,562396,19344,263.74,249.75,513.49,250,264,0.00,0.00,0,0
1544352516,3005-eth1,593584.44,12659.34,606243.75,12672,594178,204.80,191.81,396.60,192,205,0.00,0.00,0,0
1544352516,2001-eth4,1958.04,7734.27,9692.31,7742,1960,19.98,78.92,98.90,79,20,0.00,0.00,0,0
1544352516,3003-eth4,33944.06,1223047.00,1256991.00,1224270,33978,476.52,498.50,975.03,499,477,0.00,0.00,0,0
1544352516,2004-eth1,7832.17,0.00,7832.17,0,7840,79.92,0.00,79.92,0,80,0.00,0.00,0,0
1544352516,3006-eth4,1221298.75,1225114.88,2446413.75,1226340,1222520,795.20,809.19,1604.40,810,796,0.00,0.00,0,0
1544352516,3007-eth1,561834.19,19324.68,581158.88,19344,562396,249.75,263.74,513.49,264,250,0.00,0.00,0,0
1544352516,2008-eth1,1197492.50,30091.91,1227584.50,30122,1198690,412.59,436.56,849.15,437,413,0.00,0.00,0,0
1544352516,2002-eth2,0.00,1860.14,1860.14,1862,0,0.00,18.98,18.98,19,0,0.00,0.00,0,0
1544352516,2003-eth1,330175.84,13870.13,344045.97,13884,330506,180.82,145.85,326.67,146,181,0.00,0.00,0,0
1544352516,3008-eth4,1221892.12,1223536.50,2445428.75,1224760,1223114,804.20,807.19,1611.39,808,805,0.00,0.00,0,0
1544352516,1004-eth4,3818.18,7538.46,11356.64,7546,3822,38.96,76.92,115.88,77,39,0.00,0.00,0,0
1544352516,3006-eth1,12659.34,593584.44,606243.75,594178,12672,191.81,204.80,396.60,205,192,0.00,0.00,0,0
1544352516,1004-eth3,0.00,0.00,0.00,0,0,0.00,0.00,0.00,0,0,0.00,0.00,0,0
1544352516,1002-eth2,1958.04,0.00,1958.04,0,1960,19.98,0.00,19.98,0,20,0.00,0.00,0,0
1544352516,3004-eth3,1222155.88,356549.47,1578705.38,356906,1223378,568.43,580.42,1148.85,581,569,0.00,0.00,0,0
1544352516,2003-eth3,25982.02,504747.28,530729.31,505252,26008,319.68,173.83,493.51,174,320,0.00,0.00,0,0
1544352516,2005-eth1,0.00,0.00,0.00,0,0,0.00,0.00,0.00,0,0,0.00,0.00,0,0
1544352516,3002-eth3,1220603.38,619702.31,1840305.75,620322,1221824,643.36,644.36,1287.71,645,644,0.00,0.00,0,0
1544352516,3006-eth3,1212455.62,658161.88,1870617.38,658820,1213668,617.38,613.39,1230.77,614,618,0.00,0.00,0,0
1544352516,2001-eth1,13870.13,894969.06,908839.19,895864,13884,145.85,431.57,577.42,432,146,0.00,0.00,0,0
1544352516,3005-eth2,26175.82,1194533.50,1220709.38,1195728,26202,396.60,411.59,808.19,412,397,0.00,0.00,0,0
1544352516,2001-eth2,17268.73,1958.04,19226.77,1960,17286,242.76,19.98,262.74,20,243,0.00,0.00,0,0
1544352516,3007-eth2,9496.50,3818.18,13314.69,3822,9506,96.90,38.96,135.86,39,97,0.00,0.00,0,0
1544352516,1001-eth1,894969.06,13870.13,908839.19,13884,895864,431.57,145.85,577.42,146,432,0.00,0.00,0,0
1544352516,3007-eth4,34107.89,1221436.62,1255544.50,1222658,34142,478.52,496.50,975.03,497,479,0.00,0.00,0,0
1544352516,2003-eth2,0.00,1958.04,1958.04,1960,0,0.00,19.98,19.98,20,0,0.00,0.00,0,0
1544352516,3007-eth3,1224551.50,588207.81,1812759.25,588796,1225776,660.34,649.35,1309.69,650,661,0.00,0.00,0,0
1544352516,1002-eth1,1958.04,17268.73,19226.77,17286,1960,19.98,242.76,262.74,243,20,0.00,0.00,0,0
1544352516,2002-eth3,593724.31,20847.15,614571.44,20868,594318,250.75,221.78,472.53,222,251,0.00,0.00,0,0
1544352516,2007-eth2,3916.08,17268.73,21184.82,17286,3920,39.96,242.76,282.72,243,40,0.00,0.00,0,0
1544352516,total,25789314.00,25474586.00,51263896.00,25500060,25815102,19446.55,19524.48,38971.03,19544,19466,0.00,0.00,0,0
1544352517,3003-eth3,1223294.75,519350.66,1742645.38,519870,1224518,562.44,570.43,1132.87,571,563,0.00,0.00,0,0
1544352517,2002-eth1,0.00,3916.08,3916.08,3920,0,0.00,39.96,39.96,40,0,0.00,0.00,0,0
1544352517,lo,187.81,187.81,375.62,188,188,2.00,2.00,4.00,2,2,0.00,0.00,0,0
1544352517,3005-eth3,1198403.62,603738.25,1802141.88,604342,1199602,360.64,358.64,719.28,359,361,0.00,0.00,0,0
1544352517,2005-eth3,12923.08,593584.44,606507.50,594178,12936,195.80,204.80,400.60,205,196,0.00,0.00,0,0
1544352517,3004-eth4,23854.15,755352.69,779206.81,756108,23878,322.68,337.66,660.34,338,323,0.00,0.00,0,0
1544352517,1004-eth2,5874.13,3818.18,9692.31,3822,5880,59.94,38.96,98.90,39,60,0.00,0.00,0,0
1544352517,2004-eth4,25016.98,7832.17,32849.15,7840,25042,262.74,79.92,342.66,80,263,0.00,0.00,0,0
1544352517,1001-eth2,21100.90,233900.11,255001.00,234134,21122,222.78,102.90,325.67,103,223,0.00,0.00,0,0
1544352517,1003-eth3,1196046.00,25978.02,1222024.00,26004,1197242,412.59,393.61,806.19,394,413,0.00,0.00,0,0
1544352517,2002-eth4,27754.25,526387.62,554141.88,526914,27782,292.71,216.78,509.49,217,293,0.00,0.00,0,0
1544352517,1001-eth4,0.00,793748.25,793748.25,794542,0,0.00,278.72,278.72,279,0,0.00,0.00,0,0
1544352517,3001-eth2,21880.12,526387.62,548267.75,526914,21902,232.77,216.78,449.55,217,233,0.00,0.00,0,0
1544352517,1004-eth1,1958.04,0.00,1958.04,0,1960,19.98,0.00,19.98,0,20,0.00,0.00,0,0
1544352517,3005-eth4,1206199.88,1211524.50,2417724.25,1212736,1207406,566.43,559.44,1125.87,560,567,0.00,0.00,0,0
1544352517,1003-eth2,0.00,7832.17,7832.17,7840,0,0.00,79.92,79.92,80,0,0.00,0.00,0,0
1544352517,3008-eth1,7832.17,1958.04,9790.21,1960,7840,79.92,19.98,99.90,20,80,0.00,0.00,0,0
1544352517,1002-eth3,0.00,0.00,0.00,0,0,0.00,0.00,0.00,0,0,0.00,0.00,0,0
1544352517,2006-eth1,25978.02,1196046.00,1222024.00,1197242,26004,393.61,412.59,806.19,413,394,0.00,0.00,0,0
1544352517,3003-eth1,492911.09,33410.59,526321.69,33444,493404,169.83,399.60,569.43,400,170,0.00,0.00,0,0
1544352517,2001-eth3,1027648.38,33866.14,1061514.50,33900,1028676,381.62,435.56,817.18,436,382,0.00,0.00,0,0
1544352517,2008-eth2,7832.17,3818.18,11650.35,3822,7840,79.92,38.96,118.88,39,80,0.00,0.00,0,0
1544352517,2008-eth3,3818.18,9790.21,13608.39,9800,3822,38.96,99.90,138.86,100,39,0.00,0.00,0,0
1544352517,1001-eth3,0.00,0.00,0.00,0,0,0.00,0.00,0.00,0,0,0.00,0.00,0,0
1544352517,2007-eth4,1958.04,7832.17,9790.21,7840,1960,19.98,79.92,99.90,80,20,0.00,0.00,0,0
1544352517,2004-eth2,3818.18,5874.13,9692.31,5880,3822,38.96,59.94,98.90,60,39,0.00,0.00,0,0
1544352517,3002-eth1,7734.27,1958.04,9692.31,1960,7742,78.92,19.98,98.90,20,79,0.00,0.00,0,0
1544352517,3004-eth1,244251.75,492911.09,737162.88,493404,244496,259.74,169.83,429.57,170,260,0.00,0.00,0,0
1544352517,2006-eth3,1196046.00,25978.02,1222024.00,26004,1197242,412.59,393.61,806.19,394,413,0.00,0.00,0,0
1544352517,3004-eth2,7832.17,25016.98,32849.15,25042,7840,79.92,262.74,342.66,263,80,0.00,0.00,0,0
1544352517,3001-eth3,1229472.50,663478.56,1892951.12,664142,1230702,914.09,694.31,1608.39,695,915,0.00,0.00,0,0
1544352517,2003-eth4,492911.09,244251.75,737162.88,244496,493404,169.83,259.74,429.57,260,170,0.00,0.00,0,0
1544352517,2008-eth4,31852.15,1196046.00,1227898.12,1197242,31884,453.55,412.59,866.13,413,454,0.00,0.00,0,0
1544352517,3008-eth3,33942.06,1221632.38,1255574.50,1222854,33976,475.52,498.50,974.03,499,476,0.00,0.00,0,0
1544352517,2005-eth2,0.00,0.00,0.00,0,0,0.00,0.00,0.00,0,0,0.00,0.00,0,0
1544352517,2006-eth4,0.00,0.00,0.00,0,0,0.00,0.00,0.00,0,0,0.00,0.00,0,0
1544352517,3006-eth2,0.00,0.00,0.00,0,0,0.00,0.00,0.00,0,0,0.00,0.00,0,0
1544352517,1003-eth4,29894.11,1196046.00,1225940.12,1197242,29924,433.57,412.59,846.15,413,434,0.00,0.00,0,0
1544352517,2006-eth2,0.00,0.00,0.00,0,0,0.00,0.00,0.00,0,0,0.00,0.00,0,0
1544352517,3001-eth1,33866.14,1027648.38,1061514.50,1028676,33900,435.56,381.62,817.18,382,436,0.00,0.00,0,0
1544352517,3008-eth2,1196046.00,31852.15,1227898.12,31884,1197242,412.59,453.55,866.13,454,413,0.00,0.00,0,0
1544352517,2004-eth3,3916.08,26877.12,30793.21,26904,3920,39.96,281.72,321.68,282,40,0.00,0.00,0,0
1544352517,3001-eth4,1230703.38,574495.50,1805198.88,575070,1231934,738.26,744.26,1482.52,745,739,0.00,0.00,0,0
1544352517,1003-eth1,3916.08,0.00,3916.08,0,3920,39.96,0.00,39.96,0,40,0.00,0.00,0,0
1544352517,3002-eth2,526387.62,27754.25,554141.88,27782,526914,216.78,292.71,509.49,293,217,0.00,0.00,0,0
1544352517,2005-eth4,593584.44,12923.08,606507.50,12936,594178,204.80,195.80,400.60,196,205,0.00,0.00,0,0
1544352517,3003-eth2,26877.12,3916.08,30793.21,3920,26904,281.72,39.96,321.68,40,282,0.00,0.00,0,0
1544352517,2007-eth1,793748.25,0.00,793748.25,0,794542,278.72,0.00,278.72,0,279,0.00,0.00,0,0
1544352517,1002-eth4,20499.50,3916.08,24415.59,3920,20520,291.71,39.96,331.67,40,292,0.00,0.00,0,0
1544352517,3002-eth4,34205.80,1221534.50,1255740.25,1222756,34240,479.52,497.50,977.02,498,480,0.00,0.00,0,0
1544352517,2007-eth3,22457.54,793748.25,816205.81,794542,22480,311.69,278.72,590.41,279,312,0.00,0.00,0,0
1544352517,3005-eth1,593584.44,12923.08,606507.50,12936,594178,204.80,195.80,400.60,196,205,0.00,0.00,0,0
1544352517,2001-eth4,1958.04,7734.27,9692.31,7742,1960,19.98,78.92,98.90,79,20,0.00,0.00,0,0
1544352517,3003-eth4,34271.73,1221534.50,1255806.25,1222756,34306,480.52,497.50,978.02,498,481,0.00,0.00,0,0
1544352517,2004-eth1,7832.17,0.00,7832.17,0,7840,79.92,0.00,79.92,0,80,0.00,0.00,0,0
1544352517,3006-eth4,1223272.75,1220709.38,2443982.00,1221930,1224496,803.20,808.19,1611.39,809,804,0.00,0.00,0,0
1544352517,3007-eth1,793748.25,22457.54,816205.81,22480,794542,278.72,311.69,590.41,312,279,0.00,0.00,0,0
1544352517,2008-eth1,1196046.00,29894.11,1225940.12,29924,1197242,412.59,433.57,846.15,434,413,0.00,0.00,0,0
1544352517,2002-eth2,0.00,1958.04,1958.04,1960,0,0.00,19.98,19.98,20,0,0.00,0.00,0,0
1544352517,2003-eth1,233900.11,21100.90,255001.00,21122,234134,102.90,222.78,325.67,223,103,0.00,0.00,0,0
1544352517,3008-eth4,1221892.12,1225114.88,2447007.00,1226340,1223114,804.20,809.19,1613.39,810,805,0.00,0.00,0,0
1544352517,1004-eth4,3818.18,7832.17,11650.35,7840,3822,38.96,79.92,118.88,80,39,0.00,0.00,0,0
1544352517,3006-eth1,12923.08,593584.44,606507.50,594178,12936,195.80,204.80,400.60,205,196,0.00,0.00,0,0
1544352517,1004-eth3,0.00,0.00,0.00,0,0,0.00,0.00,0.00,0,0,0.00,0.00,0,0
1544352517,1002-eth2,1958.04,0.00,1958.04,0,1960,19.98,0.00,19.98,0,20,0.00,0.00,0,0
1544352517,3004-eth3,1223190.88,260273.73,1483464.62,260534,1224414,518.48,502.50,1020.98,503,519,0.00,0.00,0,0
1544352517,2003-eth3,33410.59,492911.09,526321.69,493404,33444,399.60,169.83,569.43,170,400,0.00,0.00,0,0
1544352517,2005-eth1,0.00,0.00,0.00,0,0,0.00,0.00,0.00,0,0,0.00,0.00,0,0
1544352517,3002-eth3,1220463.62,552761.25,1773224.88,553314,1221684,611.39,616.38,1227.77,617,612,0.00,0.00,0,0
1544352517,3006-eth3,1207720.38,637382.62,1845103.00,638020,1208928,611.39,605.39,1216.78,606,612,0.00,0.00,0,0
1544352517,2001-eth1,21100.90,1027648.38,1048749.25,1028676,21122,222.78,381.62,604.40,382,223,0.00,0.00,0,0
1544352517,3005-eth2,25978.02,1196046.00,1222024.00,1197242,26004,393.61,412.59,806.19,413,394,0.00,0.00,0,0
1544352517,2001-eth2,20499.50,1958.04,22457.54,1960,20520,291.71,19.98,311.69,20,292,0.00,0.00,0,0
1544352517,3007-eth2,9790.21,3818.18,13608.39,3822,9800,99.90,38.96,138.86,39,100,0.00,0.00,0,0
1544352517,1001-eth1,1027648.38,21100.90,1048749.25,21122,1028676,381.62,222.78,604.40,223,382,0.00,0.00,0,0
1544352517,3007-eth4,33878.12,1224493.50,1258371.62,1225718,33912,475.52,498.50,974.03,499,476,0.00,0.00,0,0
1544352517,2003-eth2,0.00,1958.04,1958.04,1960,0,0.00,19.98,19.98,20,0,0.00,0.00,0,0
1544352517,3007-eth3,1221604.38,819990.06,2041594.50,820810,1222826,668.33,676.32,1344.66,677,669,0.00,0.00,0,0
1544352517,1002-eth1,1958.04,20499.50,22457.54,20520,1960,19.98,291.71,311.69,292,20,0.00,0.00,0,0
1544352517,2002-eth3,526387.62,21880.12,548267.75,21902,526914,216.78,232.77,449.55,233,217,0.00,0.00,0,0
1544352517,2007-eth2,3916.08,20499.50,24415.59,20520,3920,39.96,291.71,331.67,292,40,0.00,0.00,0,0
1544352517,total,26199186.00,26566182.00,52765368.00,26592748,26225384,20117.88,20000.00,40117.88,20020,20138,0.00,0.00,0,0
1544352518,3003-eth3,1221390.62,563802.19,1785192.88,564366,1222612,577.42,586.41,1163.84,587,578,0.00,0.00,0,0
1544352518,2002-eth1,0.00,3916.08,3916.08,3920,0,0.00,39.96,39.96,40,0,0.00,0.00,0,0
1544352518,lo,1974.03,1974.03,3948.05,1976,1976,18.98,18.98,37.96,19,19,0.00,0.00,0,0
1544352518,3005-eth3,1195444.62,585984.06,1781428.62,586570,1196640,359.64,352.65,712.29,353,360,0.00,0.00,0,0
1544352518,2005-eth3,12527.47,575830.19,588357.69,576406,12540,189.81,198.80,388.61,199,190,0.00,0.00,0,0
1544352518,3004-eth4,23656.34,737668.38,761324.69,738406,23680,319.68,332.67,652.35,333,320,0.00,0.00,0,0
1544352518,1004-eth2,5874.13,3916.08,9790.21,3920,5880,59.94,39.96,99.90,40,60,0.00,0.00,0,0
1544352518,2004-eth4,17222.78,7832.17,25054.95,7840,17240,179.82,79.92,259.74,80,180,0.00,0.00,0,0
1544352518,1001-eth2,13306.69,317138.88,330445.56,317456,13320,139.86,114.89,254.75,115,140,0.00,0.00,0,0
1544352518,1003-eth3,1199005.00,26241.76,1225246.75,26268,1200204,413.59,397.60,811.19,398,414,0.00,0.00,0,0
1544352518,2002-eth4,26977.02,448343.66,475320.69,448792,27004,285.71,239.76,525.47,240,286,0.00,0.00,0,0
1544352518,1001-eth4,0.00,818603.44,818603.44,819422,0,0.00,282.72,282.72,283,0,0.00,0.00,0,0
1544352518,3001-eth2,21102.90,448343.66,469446.56,448792,21124,225.77,239.76,465.53,240,226,0.00,0.00,0,0
1544352518,1004-eth1,1958.04,69.93,2027.97,70,1960,19.98,1.00,20.98,1,20,0.00,0.00,0,0
1544352518,3005-eth4,1209158.88,1209158.88,2418317.75,1210368,1210368,567.43,567.43,1134.87,568,568,0.00,0.00,0,0
1544352518,1003-eth2,0.00,7832.17,7832.17,7840,0,0.00,79.92,79.92,80,0,0.00,0.00,0,0
1544352518,3008-eth1,7832.17,1958.04,9790.21,1960,7840,79.92,19.98,99.90,20,80,0.00,0.00,0,0
1544352518,1002-eth3,0.00,0.00,0.00,0,0,0.00,0.00,0.00,0,0,0.00,0.00,0,0
1544352518,2006-eth1,26241.76,1199005.00,1225246.75,1200204,26268,397.60,413.59,811.19,414,398,0.00,0.00,0,0
1544352518,3003-eth1,537362.62,25880.12,563242.75,25906,537900,185.81,320.68,506.49,321,186,0.00,0.00,0,0
1544352518,2001-eth3,1132723.25,25544.46,1158267.75,25570,1133856,395.60,344.66,740.26,345,396,0.00,0.00,0,0
1544352518,2008-eth2,7832.17,3916.08,11748.25,3920,7840,79.92,39.96,119.88,40,80,0.00,0.00,0,0
1544352518,2008-eth3,3916.08,9790.21,13706.29,9800,3920,39.96,99.90,139.86,100,40,0.00,0.00,0,0
1544352518,1001-eth3,0.00,0.00,0.00,0,0,0.00,0.00,0.00,0,0,0.00,0.00,0,0
1544352518,2007-eth4,1958.04,7832.17,9790.21,7840,1960,19.98,79.92,99.90,80,20,0.00,0.00,0,0
1544352518,2004-eth2,3916.08,5874.13,9790.21,5880,3920,39.96,59.94,99.90,60,40,0.00,0.00,0,0
1544352518,3002-eth1,7832.17,1958.04,9790.21,1960,7840,79.92,19.98,99.90,20,80,0.00,0.00,0,0
1544352518,3004-eth1,327694.31,537362.62,865056.94,537900,328022,274.73,185.81,460.54,186,275,0.00,0.00,0,0
1544352518,2006-eth3,1199005.00,26241.76,1225246.75,26268,1200204,413.59,397.60,811.19,398,414,0.00,0.00,0,0
1544352518,3004-eth2,7832.17,17222.78,25054.95,17240,7840,79.92,179.82,259.74,180,80,0.00,0.00,0,0
1544352518,3001-eth3,1226805.25,563188.81,1789994.00,563752,1228032,569.43,599.40,1168.83,600,570,0.00,0.00,0,0
1544352518,2003-eth4,537362.62,327694.31,865056.94,328022,537900,185.81,274.73,460.54,275,186,0.00,0.00,0,0
1544352518,2008-eth4,32115.88,1199005.00,1231120.88,1200204,32148,457.54,413.59,871.13,414,458,0.00,0.00,0,0
1544352518,3008-eth3,33876.12,1224591.50,1258467.62,1225816,33910,474.53,499.50,974.03,500,475,0.00,0.00,0,0
1544352518,2005-eth2,0.00,0.00,0.00,0,0,0.00,0.00,0.00,0,0,0.00,0.00,0,0
1544352518,2006-eth4,0.00,0.00,0.00,0,0,0.00,0.00,0.00,0,0,0.00,0.00,0,0
1544352518,3006-eth2,0.00,0.00,0.00,0,0,0.00,0.00,0.00,0,0,0.00,0.00,0,0
1544352518,1003-eth4,30157.84,1199005.00,1229162.88,1200204,30188,437.56,413.59,851.15,414,438,0.00,0.00,0,0
1544352518,2006-eth2,0.00,0.00,0.00,0,0,0.00,0.00,0.00,0,0,0.00,0.00,0,0
1544352518,3001-eth1,25544.46,1132723.25,1158267.75,1133856,25570,344.66,395.60,740.26,396,345,0.00,0.00,0,0
1544352518,3008-eth2,1199005.00,32115.88,1231120.88,32148,1200204,413.59,457.54,871.13,458,414,0.00,0.00,0,0
1544352518,2004-eth3,3916.08,19180.82,23096.90,19200,3920,39.96,199.80,239.76,200,40,0.00,0.00,0,0
1544352518,3001-eth4,1236337.75,429220.78,1665558.50,429650,1237574,724.28,738.26,1462.54,739,725,0.00,0.00,0,0
1544352518,1003-eth1,3916.08,0.00,3916.08,0,3920,39.96,0.00,39.96,0,40,0.00,0.00,0,0
1544352518,3002-eth2,448343.66,26977.02,475320.69,27004,448792,239.76,285.71,525.47,286,240,0.00,0.00,0,0
1544352518,2005-eth4,575830.19,12527.47,588357.69,12540,576406,198.80,189.81,388.61,190,199,0.00,0.00,0,0
1544352518,3003-eth2,19180.82,3916.08,23096.90,3920,19200,199.80,39.96,239.76,40,200,0.00,0.00,0,0
1544352518,2007-eth1,818603.44,0.00,818603.44,0,819422,282.72,0.00,282.72,0,283,0.00,0.00,0,0
1544352518,1002-eth4,20069.93,3916.08,23986.01,3920,20090,284.72,39.96,324.68,40,285,0.00,0.00,0,0
1544352518,3002-eth4,34007.99,1224591.50,1258599.38,1225816,34042,476.52,499.50,976.02,500,477,0.00,0.00,0,0
1544352518,2007-eth3,22027.97,818663.38,840691.31,819482,22050,304.70,283.72,588.41,284,305,0.00,0.00,0,0
1544352518,3005-eth1,575830.19,12527.47,588357.69,12540,576406,198.80,189.81,388.61,190,199,0.00,0.00,0,0
1544352518,2001-eth4,1958.04,7832.17,9790.21,7840,1960,19.98,79.92,99.90,80,20,0.00,0.00,0,0
1544352518,3003-eth4,34271.73,1224591.50,1258863.12,1225816,34306,480.52,499.50,980.02,500,481,0.00,0.00,0,0
1544352518,2004-eth1,7832.17,0.00,7832.17,0,7840,79.92,0.00,79.92,0,80,0.00,0.00,0,0
1544352518,3006-eth4,1221892.12,1224983.00,2446875.25,1226208,1223114,804.20,807.19,1611.39,808,805,0.00,0.00,0,0
1544352518,3007-eth1,818663.38,22027.97,840691.31,22050,819482,283.72,304.70,588.41,305,284,0.00,0.00,0,0
1544352518,2008-eth1,1199005.00,30157.84,1229162.88,30188,1200204,413.59,437.56,851.15,438,414,0.00,0.00,0,0
1544352518,2002-eth2,69.93,1958.04,2027.97,1960,70,1.00,19.98,20.98,20,1,0.00,0.00,0,0
1544352518,2003-eth1,317138.88,13306.69,330445.56,13320,317456,114.89,139.86,254.75,140,115,0.00,0.00,0,0
1544352518,3008-eth4,1224653.38,1222159.88,2446813.25,1223382,1225878,802.20,808.19,1610.39,809,803,0.00,0.00,0,0
1544352518,1004-eth4,3916.08,7832.17,11748.25,7840,3920,39.96,79.92,119.88,80,40,0.00,0.00,0,0
1544352518,3006-eth1,12527.47,575830.19,588357.69,576406,12540,189.81,198.80,388.61,199,190,0.00,0.00,0,0
1544352518,1004-eth3,0.00,0.00,0.00,0,0,0.00,0.00,0.00,0,0,0.00,0.00,0,0
1544352518,1002-eth2,1958.04,0.00,1958.04,0,1960,19.98,0.00,19.98,0,20,0.00,0.00,0,0
1544352518,3004-eth3,1222965.12,343518.50,1566483.50,343862,1224188,531.47,514.49,1045.95,515,532,0.00,0.00,0,0
1544352518,2003-eth3,25880.12,537362.62,563242.75,537900,25906,320.68,185.81,506.49,186,321,0.00,0.00,0,0
1544352518,2005-eth1,0.00,0.00,0.00,0,0,0.00,0.00,0.00,0,0,0.00,0.00,0,0
1544352518,3002-eth3,1226729.25,474519.50,1701248.75,474994,1227956,679.32,636.36,1315.68,637,680,0.00,0.00,0,0
1544352518,3006-eth3,1212521.50,647838.19,1860359.75,648486,1213734,618.38,610.39,1228.77,611,619,0.00,0.00,0,0
1544352518,2001-eth1,13306.69,1132723.25,1146030.00,1133856,13320,139.86,395.60,535.46,396,140,0.00,0.00,0,0
1544352518,3005-eth2,26241.76,1199005.00,1225246.75,1200204,26268,397.60,413.59,811.19,414,398,0.00,0.00,0,0
1544352518,2001-eth2,20069.93,1958.04,22027.97,1960,20090,284.72,19.98,304.70,20,285,0.00,0.00,0,0
1544352518,3007-eth2,9790.21,3916.08,13706.29,3920,9800,99.90,39.96,139.86,40,100,0.00,0.00,0,0
1544352518,1001-eth1,1132723.25,13306.69,1146030.00,13320,1133856,395.60,139.86,535.46,140,396,0.00,0.00,0,0
1544352518,3007-eth4,34205.80,1221632.38,1255838.25,1222854,34240,479.52,498.50,978.02,499,480,0.00,0.00,0,0
1544352518,2003-eth2,0.00,1958.04,1958.04,1960,0,0.00,19.98,19.98,20,0,0.00,0.00,0,0
1544352518,3007-eth3,1224101.88,844977.06,2069079.00,845822,1225326,662.34,682.32,1344.66,683,663,0.00,0.00,0,0
1544352518,1002-eth1,1958.04,20069.93,22027.97,20090,1960,19.98,284.72,304.70,285,20,0.00,0.00,0,0
1544352518,2002-eth3,448343.66,21102.90,469446.56,21124,448792,239.76,225.77,465.53,226,240,0.00,0.00,0,0
1544352518,2007-eth2,3916.08,20069.93,23986.01,20090,3920,39.96,284.72,324.68,285,40,0.00,0.00,0,0
1544352518,total,26503316.00,26663724.00,53167040.00,26690386,26529818,19476.52,19582.42,39058.94,19602,19496,0.00,0.00,0,0
1544352519,3003-eth3,1221456.62,562223.81,1783680.38,562786,1222678,578.42,584.42,1162.84,585,579,0.00,0.00,0,0
1544352519,2002-eth1,59.94,3916.08,3976.02,3920,60,1.00,39.96,40.96,40,1,0.00,0.00,0,0
1544352519,lo,68031.97,68031.97,136063.94,68100,68100,351.65,351.65,703.30,352,352,0.00,0.00,0,0
1544352519,3005-eth3,1195510.50,591836.19,1787346.75,592428,1196706,360.64,353.65,714.29,354,361,0.00,0.00,0,0
1544352519,2005-eth3,12653.35,581748.25,594401.62,582330,12666,191.81,200.80,392.61,201,192,0.00,0.00,0,0
1544352519,3004-eth4,22893.11,703536.50,726429.56,704240,22916,308.69,319.68,628.37,320,309,0.00,0.00,0,0
1544352519,1004-eth2,5874.13,3916.08,9790.21,3920,5880,59.94,39.96,99.90,40,60,0.00,0.00,0,0
1544352519,2004-eth4,16467.53,7892.11,24359.64,7900,16484,171.83,80.92,252.75,81,172,0.00,0.00,0,0
1544352519,1001-eth2,12551.45,349640.38,362191.81,349990,12564,131.87,190.81,322.68,191,132,0.00,0.00,0,0
1544352519,1003-eth3,1196105.88,25978.02,1222084.00,26004,1197302,413.59,393.61,807.19,394,414,0.00,0.00,0,0
1544352519,2002-eth4,23528.47,392839.16,416367.66,393232,23552,247.75,187.81,435.56,188,248,0.00,0.00,0,0
1544352519,1001-eth4,0.00,695704.31,695704.31,696400,0,0.00,239.76,239.76,240,0,0.00,0.00,0,0
1544352519,3001-eth2,17654.35,392899.12,410553.47,393292,17672,187.81,188.81,376.62,189,188,0.00,0.00,0,0
1544352519,1004-eth1,1958.04,59.94,2017.98,60,1960,19.98,1.00,20.98,1,20,0.00,0.00,0,0
1544352519,3005-eth4,1206133.88,1208895.12,2415029.00,1210104,1207340,565.43,563.44,1128.87,564,566,0.00,0.00,0,0
1544352519,1003-eth2,59.94,7832.17,7892.11,7840,60,1.00,79.92,80.92,80,1,0.00,0.00,0,0
1544352519,3008-eth1,7832.17,1958.04,9790.21,1960,7840,79.92,19.98,99.90,20,80,0.00,0.00,0,0
1544352519,1002-eth3,0.00,59.94,59.94,60,0,0.00,1.00,1.00,1,0,0.00,0.00,0,0
1544352519,2006-eth1,25978.02,1196105.88,1222084.00,1197302,26004,393.61,413.59,807.19,414,394,0.00,0.00,0,0
1544352519,3003-eth1,535850.19,25652.35,561502.50,25678,536386,184.82,320.68,505.49,321,185,0.00,0.00,0,0
1544352519,2001-eth3,1045344.69,26139.86,1071484.50,26166,1046390,430.57,356.64,787.21,357,431,0.00,0.00,0,0
1544352519,2008-eth2,7832.17,3916.08,11748.25,3920,7840,79.92,39.96,119.88,40,80,0.00,0.00,0,0
1544352519,2008-eth3,3916.08,9790.21,13706.29,9800,3920,39.96,99.90,139.86,100,40,0.00,0.00,0,0
1544352519,1001-eth3,59.94,59.94,119.88,60,60,1.00,1.00,2.00,1,1,0.00,0.00,0,0
1544352519,2007-eth4,1958.04,7832.17,9790.21,7840,1960,19.98,79.92,99.90,80,20,0.00,0.00,0,0
1544352519,2004-eth2,3916.08,5874.13,9790.21,5880,3920,39.96,59.94,99.90,60,40,0.00,0.00,0,0
1544352519,3002-eth1,7734.27,1958.04,9692.31,1960,7742,78.92,19.98,98.90,20,79,0.00,0.00,0,0
1544352519,3004-eth1,360843.16,535850.19,896693.31,536386,361204,360.64,184.82,545.45,185,361,0.00,0.00,0,0
1544352519,2006-eth3,1196046.00,25978.02,1222024.00,26004,1197242,412.59,393.61,806.19,394,413,0.00,0.00,0,0
1544352519,3004-eth2,7892.11,16467.53,24359.64,16484,7900,80.92,171.83,252.75,172,81,0.00,0.00,0,0
1544352519,3001-eth3,1223944.12,483896.12,1707840.25,484380,1225168,673.33,625.37,1298.70,626,674,0.00,0.00,0,0
1544352519,2003-eth4,535850.19,360843.16,896693.31,361204,536386,184.82,360.64,545.45,361,185,0.00,0.00,0,0
1544352519,2008-eth4,31852.15,1196046.00,1227898.12,1197242,31884,453.55,412.59,866.13,413,454,0.00,0.00,0,0
1544352519,3008-eth3,33942.06,1218673.38,1252615.38,1219892,33976,475.52,497.50,973.03,498,476,0.00,0.00,0,0
1544352519,2005-eth2,59.94,0.00,59.94,0,60,1.00,0.00,1.00,0,1,0.00,0.00,0,0
1544352519,2006-eth4,0.00,0.00,0.00,0,0,0.00,0.00,0.00,0,0,0.00,0.00,0,0
1544352519,3006-eth2,0.00,0.00,0.00,0,0,0.00,0.00,0.00,0,0,0.00,0.00,0,0
1544352519,1003-eth4,29894.11,1196105.88,1226000.00,1197302,29924,433.57,413.59,847.15,414,434,0.00,0.00,0,0
1544352519,2006-eth2,0.00,0.00,0.00,0,0,0.00,0.00,0.00,0,0,0.00,0.00,0,0
1544352519,3001-eth1,26139.86,1045344.69,1071484.50,1046390,26166,356.64,430.57,787.21,431,357,0.00,0.00,0,0
1544352519,3008-eth2,1196046.00,31852.15,1227898.12,31884,1197242,412.59,453.55,866.13,454,413,0.00,0.00,0,0
1544352519,2004-eth3,3916.08,18425.57,22341.66,18444,3920,39.96,191.81,231.77,192,40,0.00,0.00,0,0
1544352519,3001-eth4,1227188.88,356179.84,1583368.62,356536,1228416,643.36,655.34,1298.70,656,644,0.00,0.00,0,0
1544352519,1003-eth1,3916.08,59.94,3976.02,60,3920,39.96,1.00,40.96,1,40,0.00,0.00,0,0
1544352519,3002-eth2,392839.16,23528.47,416367.66,23552,393232,187.81,247.75,435.56,248,188,0.00,0.00,0,0
1544352519,2005-eth4,581808.19,12593.41,594401.62,12606,582390,201.80,190.81,392.61,191,202,0.00,0.00,0,0
1544352519,3003-eth2,18425.57,3916.08,22341.66,3920,18444,191.81,39.96,231.77,40,192,0.00,0.00,0,0
1544352519,2007-eth1,695704.31,0.00,695704.31,0,696400,239.76,0.00,239.76,0,240,0.00,0.00,0,0
1544352519,1002-eth4,21382.62,3916.08,25298.70,3920,21404,304.70,39.96,344.66,40,305,0.00,0.00,0,0
1544352519,3002-eth4,34007.99,1218575.50,1252583.50,1219794,34042,476.52,496.50,973.03,497,477,0.00,0.00,0,0
1544352519,2007-eth3,23280.72,695704.31,718985.06,696400,23304,323.68,239.76,563.44,240,324,0.00,0.00,0,0
1544352519,3005-eth1,581748.25,12653.35,594401.62,12666,582330,200.80,191.81,392.61,192,201,0.00,0.00,0,0
1544352519,2001-eth4,1958.04,7734.27,9692.31,7742,1960,19.98,78.92,98.90,79,20,0.00,0.00,0,0
1544352519,3003-eth4,34205.80,1221632.38,1255838.25,1222854,34240,479.52,498.50,978.02,499,480,0.00,0.00,0,0
1544352519,2004-eth1,7832.17,59.94,7892.11,60,7840,79.92,1.00,80.92,1,80,0.00,0.00,0,0
1544352519,3006-eth4,1217552.50,1219130.88,2436683.50,1220350,1218770,804.20,806.19,1610.39,807,805,0.00,0.00,0,0
1544352519,3007-eth1,695704.31,23280.72,718985.06,23304,696400,239.76,323.68,563.44,324,240,0.00,0.00,0,0
1544352519,2008-eth1,1196105.88,29894.11,1226000.00,29924,1197302,413.59,433.57,847.15,434,414,0.00,0.00,0,0
1544352519,2002-eth2,59.94,1958.04,2017.98,1960,60,1.00,19.98,20.98,20,1,0.00,0.00,0,0
1544352519,2003-eth1,349640.38,12551.45,362191.81,12564,349990,190.81,131.87,322.68,132,191,0.00,0.00,0,0
1544352519,3008-eth4,1218669.38,1222155.88,2440825.25,1223378,1219888,799.20,808.19,1607.39,809,800,0.00,0.00,0,0
1544352519,1004-eth4,3916.08,7832.17,11748.25,7840,3920,39.96,79.92,119.88,80,40,0.00,0.00,0,0
1544352519,3006-eth1,12593.41,581808.19,594401.62,582390,12606,190.81,201.80,392.61,202,191,0.00,0.00,0,0
1544352519,1004-eth3,0.00,0.00,0.00,0,0,0.00,0.00,0.00,0,0,0.00,0.00,0,0
1544352519,1002-eth2,2015.97,59.88,2075.85,60,2020,20.96,1.00,21.96,1,21,0.00,0.00,0,0
1544352519,3004-eth3,1220700.62,377017.97,1597718.62,377772,1223142,595.81,588.82,1184.63,590,597,0.00,0.00,0,0
1544352519,2003-eth3,25724.55,538271.50,563996.00,539348,25776,321.36,185.63,506.99,186,322,0.00,0.00,0,0
1544352519,2005-eth1,59.88,59.88,119.76,60,60,1.00,1.00,2.00,1,1,0.00,0.00,0,0
1544352519,3002-eth3,1220700.62,421552.91,1642253.50,422396,1223142,595.81,584.83,1180.64,586,597,0.00,0.00,0,0
1544352519,3006-eth3,1208289.50,645614.81,1853904.25,646906,1210706,615.77,607.78,1223.55,609,617,0.00,0.00,0,0
1544352519,2001-eth1,12636.73,1047257.50,1059894.25,1049352,12662,132.73,431.14,563.87,432,133,0.00,0.00,0,0
1544352519,3005-eth2,25952.10,1197808.38,1223760.50,1200204,26004,393.21,413.17,806.39,414,394,0.00,0.00,0,0
1544352519,2001-eth2,21301.40,2015.97,23317.37,2020,21344,303.39,20.96,324.35,21,304,0.00,0.00,0,0
1544352519,3007-eth2,9780.44,3912.18,13692.62,3920,9800,99.80,39.92,139.72,40,100,0.00,0.00,0,0
1544352519,1001-eth1,1047257.50,12636.73,1059894.25,12662,1049352,431.14,132.73,563.87,133,432,0.00,0.00,0,0
1544352519,3007-eth4,34105.79,1221924.12,1256030.00,1224368,34174,478.04,499.00,977.05,500,479,0.00,0.00,0,0
1544352519,2003-eth2,59.88,2015.97,2075.85,2020,60,1.00,20.96,21.96,21,1,0.00,0.00,0,0
1544352519,3007-eth3,1224010.00,724331.38,1948341.38,725780,1226458,635.73,640.72,1276.45,642,637,0.00,0.00,0,0
1544352519,1002-eth1,2015.97,21301.40,23317.37,21344,2020,20.96,303.39,324.35,304,21,0.00,0.00,0,0
1544352519,2002-eth3,395463.09,17636.73,413099.81,17672,396254,189.62,187.62,377.25,188,190,0.00,0.00,0,0
1544352519,2007-eth2,3912.18,21361.28,25273.45,21404,3920,39.92,304.39,344.31,305,40,0.00,0.00,0,0
1544352519,total,26040746.00,25896100.00,51936848.00,25947892,26092826,19755.49,19799.40,39554.89,19839,19795,0.00,0.00,0,0
1544352520,3003-eth3,1218955.12,541874.38,1760829.50,543500,1222612,576.27,576.27,1152.54,578,578,0.00,0.00,0,0
1544352520,2002-eth1,0.00,1232.30,1232.30,1236,0,0.00,12.96,12.96,13,0,0.00,0.00,0,0
1544352520,lo,7984.05,7984.05,15968.10,8008,8008,78.76,78.76,157.53,79,79,0.00,0.00,0,0
1544352520,3005-eth3,1191617.12,599647.06,1791264.25,601446,1195192,358.92,357.93,716.85,359,360,0.00,0.00,0,0
1544352520,2005-eth3,12699.90,589447.69,602147.56,591216,12738,192.42,203.39,395.81,204,193,0.00,0.00,0,0
1544352520,3004-eth4,18624.13,725336.00,743960.12,727512,18680,267.20,279.16,546.36,280,268,0.00,0.00,0,0
1544352520,1004-eth2,2404.79,1623.13,4027.92,1628,2412,24.93,16.95,41.87,17,25,0.00,0.00,0,0
1544352520,2004-eth4,19854.44,2931.21,22785.64,2940,19914,228.32,29.91,258.23,30,229,0.00,0.00,0,0
1544352520,1001-eth2,18173.65,202528.95,220702.59,202934,18210,211.58,90.82,302.40,91,212,0.00,0.00,0,0
1544352520,1003-eth3,1191896.25,25952.10,1217848.38,26004,1194280,411.18,393.21,804.39,394,412,0.00,0.00,0,0
1544352520,2002-eth4,22736.53,444479.06,467215.59,445368,22782,246.51,231.54,478.04,232,247,0.00,0.00,0,0
1544352520,1001-eth4,59.88,940497.06,940556.94,942378,60,1.00,324.35,325.35,325,1,0.00,0.00,0,0
1544352520,3001-eth2,20938.12,444479.06,465417.19,445368,20980,228.54,231.54,460.08,232,229,0.00,0.00,0,0
1544352520,1004-eth1,743.77,0.00,743.77,0,746,7.98,0.00,7.98,0,8,0.00,0.00,0,0
1544352520,3005-eth4,1200907.25,1204843.50,2405750.75,1208458,1204510,565.30,559.32,1124.63,561,567,0.00,0.00,0,0
1544352520,1003-eth2,0.00,2795.61,2795.61,2804,0,0.00,28.91,28.91,29,0,0.00,0.00,0,0
1544352520,3008-eth1,3129.74,782.44,3912.18,784,3136,31.94,7.98,39.92,8,32,0.00,0.00,0,0
1544352520,1002-eth3,0.00,0.00,0.00,0,0,0.00,0.00,0.00,0,0,0.00,0.00,0,0
1544352520,2006-eth1,25952.10,1191896.25,1217848.38,1194280,26004,393.21,411.18,804.39,412,394,0.00,0.00,0,0
1544352520,3003-eth1,516127.75,29758.48,545886.25,29818,517160,178.64,383.23,561.88,384,179,0.00,0.00,0,0
1544352520,2001-eth3,1137113.75,35219.56,1172333.38,35290,1139388,413.17,476.05,889.22,477,414,0.00,0.00,0,0
1544352520,2008-eth2,3031.94,1624.75,4656.69,1628,3038,30.94,16.97,47.90,17,31,0.00,0.00,0,0
1544352520,2008-eth3,1564.87,3814.37,5379.24,3822,1568,15.97,38.92,54.89,39,16,0.00,0.00,0,0
1544352520,1001-eth3,0.00,0.00,0.00,0,0,0.00,0.00,0.00,0,0,0.00,0.00,0,0
1544352520,2007-eth4,782.44,3129.74,3912.18,3136,784,7.98,31.94,39.92,32,8,0.00,0.00,0,0
1544352520,2004-eth2,1624.75,2407.19,4031.94,2412,1628,16.97,24.95,41.92,25,17,0.00,0.00,0,0
1544352520,3002-eth1,2738.52,782.44,3520.96,784,2744,27.94,7.98,35.93,8,28,0.00,0.00,0,0
1544352520,3004-eth1,213331.34,516127.75,729459.12,517160,213758,254.49,178.64,433.13,179,255,0.00,0.00,0,0
1544352520,2006-eth3,1191896.25,25952.10,1217848.38,26004,1194280,411.18,393.21,804.39,394,412,0.00,0.00,0,0
1544352520,3004-eth2,2934.13,19874.25,22808.38,19914,2940,29.94,228.54,258.48,229,30,0.00,0.00,0,0
1544352520,3001-eth3,1224594.88,712826.38,1937421.25,714252,1227044,736.53,684.63,1421.16,686,738,0.00,0.00,0,0
1544352520,2003-eth4,516127.75,213331.34,729459.12,213758,517160,178.64,254.49,433.13,255,179,0.00,0.00,0,0
1544352520,2008-eth4,28299.40,1191956.12,1220255.50,1194340,28356,417.17,412.18,829.34,413,418,0.00,0.00,0,0
1544352520,3008-eth3,29081.84,1223141.75,1252223.62,1225588,29140,425.15,453.09,878.24,454,426,0.00,0.00,0,0
1544352520,2005-eth2,0.00,0.00,0.00,0,0,0.00,0.00,0.00,0,0,0.00,0.00,0,0
1544352520,2006-eth4,0.00,0.00,0.00,0,0,0.00,0.00,0.00,0,0,0.00,0.00,0,0
1544352520,3006-eth2,0.00,0.00,0.00,0,0,0.00,0.00,0.00,0,0,0.00,0.00,0,0
1544352520,1003-eth4,27576.85,1191896.25,1219473.12,1194280,27632,410.18,411.18,821.36,412,411,0.00,0.00,0,0
1544352520,2006-eth2,0.00,59.88,59.88,60,0,0.00,1.00,1.00,1,0,0.00,0.00,0,0
1544352520,3001-eth1,35219.56,1137113.75,1172333.38,1139388,35290,476.05,413.17,889.22,414,477,0.00,0.00,0,0
1544352520,3008-eth2,1191956.12,28299.40,1220255.50,28356,1194340,412.18,417.17,829.34,418,413,0.00,0.00,0,0
1544352520,2004-eth3,1624.75,20461.08,22085.83,20502,1628,16.97,234.53,251.50,235,17,0.00,0.00,0,0
1544352520,3001-eth4,1228022.00,602471.06,1830493.12,603676,1230478,761.48,788.42,1549.90,790,763,0.00,0.00,0,0
1544352520,1003-eth1,1233.53,0.00,1233.53,0,1236,12.97,0.00,12.97,0,13,0.00,0.00,0,0
1544352520,3002-eth2,444479.06,22736.53,467215.59,22782,445368,231.54,246.51,478.04,247,232,0.00,0.00,0,0
1544352520,2005-eth4,590035.94,12712.58,602748.50,12738,591216,203.59,192.61,396.21,193,204,0.00,0.00,0,0
1544352520,3003-eth2,20461.08,1624.75,22085.83,1628,20502,234.53,16.97,251.50,17,235,0.00,0.00,0,0
1544352520,2007-eth1,940497.06,59.88,940556.94,60,942378,324.35,1.00,325.35,1,325,0.00,0.00,0,0
1544352520,1002-eth4,19844.31,1564.87,21409.18,1568,19884,293.41,15.97,309.38,16,294,0.00,0.00,0,0
1544352520,3002-eth4,28724.55,1222750.50,1251475.12,1225196,28782,422.16,449.10,871.26,450,423,0.00,0.00,0,0
1544352520,2007-eth3,20606.18,939559.31,960165.50,942378,20668,301.10,324.03,625.12,325,302,0.00,0.00,0,0
1544352520,3005-eth1,589447.69,12699.90,602147.56,12738,591216,203.39,192.42,395.81,193,204,0.00,0.00,0,0
1544352520,2001-eth4,781.66,2735.79,3517.45,2744,784,7.98,27.92,35.89,28,8,0.00,0.00,0,0
1544352520,3003-eth4,29312.06,1218773.62,1248085.75,1222430,29400,429.71,449.65,879.36,451,431,0.00,0.00,0,0
1544352520,2004-eth1,2795.61,0.00,2795.61,0,2804,28.91,0.00,28.91,0,29,0.00,0.00,0,0
1544352520,3006-eth4,1219389.88,1216634.12,2436024.00,1220284,1223048,801.60,803.59,1605.18,806,804,0.00,0.00,0,0
1544352520,3007-eth1,940497.06,20626.75,961123.75,20668,942378,324.35,301.40,625.75,302,325,0.00,0.00,0,0
1544352520,2008-eth1,1191896.25,27576.85,1219473.12,27632,1194280,411.18,410.18,821.36,411,412,0.00,0.00,0,0
1544352520,2002-eth2,0.00,744.51,744.51,746,0,0.00,7.98,7.98,8,0,0.00,0.00,0,0
1544352520,2003-eth1,202528.95,18173.65,220702.59,18210,202934,90.82,211.58,302.40,212,91,0.00,0.00,0,0
1544352520,3008-eth4,1220541.00,1217848.38,2438389.25,1220284,1222982,801.40,804.39,1605.79,806,803,0.00,0.00,0,0
1544352520,1004-eth4,1624.75,3031.94,4656.69,3038,1628,16.97,30.94,47.90,31,17,0.00,0.00,0,0
1544352520,3006-eth1,12712.58,590035.94,602748.50,591216,12738,192.61,203.59,396.21,204,193,0.00,0.00,0,0
1544352520,1004-eth3,59.88,0.00,59.88,0,60,1.00,0.00,1.00,0,1,0.00,0.00,0,0
1544352520,1002-eth2,782.44,0.00,782.44,0,784,7.98,0.00,7.98,0,8,0.00,0.00,0,0
1544352520,3004-eth3,1220435.12,227431.14,1447866.25,227886,1222876,502.00,490.02,992.02,491,503,0.00,0.00,0,0
1544352520,2003-eth3,29660.68,513171.66,542832.38,514198,29720,382.24,177.64,559.88,178,383,0.00,0.00,0,0
1544352520,2005-eth1,0.00,0.00,0.00,0,0,0.00,0.00,0.00,0,0,0.00,0.00,0,0
1544352520,3002-eth3,1215678.62,467606.81,1683285.50,468542,1218110,633.73,625.75,1259.48,627,635,0.00,0.00,0,0
1544352520,3006-eth3,1202179.62,639570.88,1841750.50,640850,1204584,610.78,603.79,1214.57,605,612,0.00,0.00,0,0
1544352520,2001-eth1,18015.97,1134217.62,1152233.62,1136486,18052,209.58,413.17,622.75,414,210,0.00,0.00,0,0
1544352520,3005-eth2,25952.10,1188940.12,1214892.25,1191318,26004,393.21,410.18,803.39,411,394,0.00,0.00,0,0
1544352520,2001-eth2,19844.31,782.44,20626.75,784,19884,293.41,7.98,301.40,8,294,0.00,0.00,0,0
1544352520,3007-eth2,3814.37,1564.87,5379.24,1568,3822,38.92,15.97,54.89,16,39,0.00,0.00,0,0
1544352520,1001-eth1,1134217.62,18015.97,1152233.62,18052,1136486,413.17,209.58,622.75,210,414,0.00,0.00,0,0
1544352520,3007-eth4,28918.16,1215620.75,1244539.00,1218052,28976,423.15,449.10,872.26,450,424,0.00,0.00,0,0
1544352520,2003-eth2,0.00,782.44,782.44,784,0,0.00,7.98,7.98,8,0,0.00,0.00,0,0
1544352520,3007-eth3,1214193.62,963534.94,2177728.50,965462,1216622,705.59,717.56,1423.15,719,707,0.00,0.00,0,0
1544352520,1002-eth1,782.44,19844.31,20626.75,19884,784,7.98,293.41,301.40,294,8,0.00,0.00,0,0
1544352520,2002-eth3,441522.97,20938.12,462461.09,20980,442406,230.54,228.54,459.08,229,231,0.00,0.00,0,0
1544352520,2007-eth2,1564.87,19844.31,21409.18,19884,1568,15.97,293.41,309.38,294,16,0.00,0.00,0,0
1544352520,total,26350882.00,26857388.00,53208272.00,26911102,26403584,19251.50,19322.36,38573.85,19361,19290,0.00,0.00,0,0
1544352521,3003-eth3,1219085.00,565050.94,1784135.88,565616,1220304,586.41,583.42,1169.83,584,587,0.00,0.00,0,0
1544352521,2002-eth1,0.00,0.00,0.00,0,0,0.00,0.00,0.00,0,0,0.00,0.00,0,0
1544352521,lo,7574.43,7574.43,15148.85,7582,7582,73.93,73.93,147.85,74,74,0.00,0.00,0,0
1544352521,3005-eth3,1193998.00,599266.75,1793264.75,599866,1195192,359.64,356.64,716.28,357,360,0.00,0.00,0,0
1544352521,2005-eth3,12395.60,589112.88,601508.50,589702,12408,187.81,202.80,390.61,203,188,0.00,0.00,0,0
1544352521,3004-eth4,14967.03,694257.75,709224.81,694952,14982,226.77,239.76,466.53,240,227,0.00,0.00,0,0
1544352521,1004-eth2,0.00,0.00,0.00,0,0,0.00,0.00,0.00,0,0,0.00,0.00,0,0
1544352521,2004-eth4,8981.02,0.00,8981.02,0,8990,95.90,0.00,95.90,0,96,0.00,0.00,0,0
1544352521,1001-eth2,8921.08,294985.03,303906.09,295280,8930,94.91,107.89,202.80,108,95,0.00,0.00,0,0
1544352521,1003-eth3,1196046.00,26109.89,1222155.88,26136,1197242,412.59,395.60,808.19,396,413,0.00,0.00,0,0
1544352521,2002-eth4,17808.19,349370.62,367178.84,349720,17826,189.81,186.81,376.62,187,190,0.00,0.00,0,0
1544352521,1001-eth4,0.00,793478.56,793478.56,794272,0,0.00,274.73,274.73,275,0,0.00,0.00,0,0
1544352521,3001-eth2,17748.25,349310.69,367058.94,349660,17766,188.81,185.81,374.63,186,189,0.00,0.00,0,0
1544352521,1004-eth1,0.00,0.00,0.00,0,0,0.00,0.00,0.00,0,0,0.00,0.00,0,0
1544352521,3005-eth4,1206199.88,1207646.38,2413846.25,1208854,1207406,566.43,566.43,1132.87,567,567,0.00,0.00,0,0
1544352521,1003-eth2,0.00,0.00,0.00,0,0,0.00,0.00,0.00,0,0,0.00,0.00,0,0
1544352521,3008-eth1,59.94,59.94,119.88,60,60,1.00,1.00,2.00,1,1,0.00,0.00,0,0
1544352521,1002-eth3,59.94,0.00,59.94,0,60,1.00,0.00,1.00,0,1,0.00,0.00,0,0
1544352521,2006-eth1,26109.89,1196046.00,1222155.88,1197242,26136,395.60,412.59,808.19,413,396,0.00,0.00,0,0
1544352521,3003-eth1,538809.19,20327.67,559136.88,20348,539348,185.81,267.73,453.55,268,186,0.00,0.00,0,0
1544352521,2001-eth3,1097340.75,24871.13,1122211.88,24896,1098438,385.61,336.66,722.28,337,386,0.00,0.00,0,0
1544352521,2008-eth2,0.00,0.00,0.00,0,0,0.00,0.00,0.00,0,0,0.00,0.00,0,0
1544352521,2008-eth3,0.00,0.00,0.00,0,0,0.00,0.00,0.00,0,0,0.00,0.00,0,0
1544352521,1001-eth3,0.00,0.00,0.00,0,0,0.00,0.00,0.00,0,0,0.00,0.00,0,0
1544352521,2007-eth4,59.94,59.94,119.88,60,60,1.00,1.00,2.00,1,1,0.00,0.00,0,0
1544352521,2004-eth2,0.00,0.00,0.00,0,0,0.00,0.00,0.00,0,0,0.00,0.00,0,0
1544352521,3002-eth1,59.94,59.94,119.88,60,60,1.00,1.00,2.00,1,1,0.00,0.00,0,0
1544352521,3004-eth1,306391.62,538809.19,845200.81,539348,306698,280.72,185.81,466.53,186,281,0.00,0.00,0,0
1544352521,2006-eth3,1196046.00,26169.83,1222215.88,26196,1197242,412.59,396.60,809.19,397,413,0.00,0.00,0,0
1544352521,3004-eth2,0.00,8981.02,8981.02,8990,0,0.00,95.90,95.90,96,0,0.00,0.00,0,0
1544352521,3001-eth3,1223694.38,249818.19,1473512.50,250068,1224918,526.47,497.50,1023.98,498,527,0.00,0.00,0,0
1544352521,2003-eth4,538809.19,306391.62,845200.81,306698,539348,185.81,280.72,466.53,281,186,0.00,0.00,0,0
1544352521,2008-eth4,26109.89,1196046.00,1222155.88,1197242,26136,395.60,412.59,808.19,413,396,0.00,0.00,0,0
1544352521,3008-eth3,26169.83,1222677.38,1248847.12,1223900,26196,396.60,421.58,818.18,422,397,0.00,0.00,0,0
1544352521,2005-eth2,0.00,59.94,59.94,60,0,0.00,1.00,1.00,1,0,0.00,0.00,0,0
1544352521,2006-eth4,0.00,0.00,0.00,0,0,0.00,0.00,0.00,0,0,0.00,0.00,0,0
1544352521,3006-eth2,0.00,0.00,0.00,0,0,0.00,0.00,0.00,0,0,0.00,0.00,0,0
1544352521,1003-eth4,26109.89,1196046.00,1222155.88,1197242,26136,395.60,412.59,808.19,413,396,0.00,0.00,0,0
1544352521,2006-eth2,0.00,0.00,0.00,0,0,0.00,0.00,0.00,0,0,0.00,0.00,0,0
1544352521,3001-eth1,24871.13,1097340.75,1122211.88,1098438,24896,336.66,385.61,722.28,386,337,0.00,0.00,0,0
1544352521,3008-eth2,1196046.00,26109.89,1222155.88,26136,1197242,412.59,395.60,808.19,396,413,0.00,0.00,0,0
1544352521,2004-eth3,0.00,8981.02,8981.02,8990,0,0.00,95.90,95.90,96,0,0.00,0.00,0,0
1544352521,3001-eth4,1233642.38,404947.06,1638589.50,405352,1234876,697.30,727.27,1424.58,728,698,0.00,0.00,0,0
1544352521,1003-eth1,0.00,0.00,0.00,0,0,0.00,0.00,0.00,0,0,0.00,0.00,0,0
1544352521,3002-eth2,349370.62,17808.19,367178.84,17826,349720,186.81,189.81,376.62,190,187,0.00,0.00,0,0
1544352521,2005-eth4,589112.88,12395.60,601508.50,12408,589702,202.80,187.81,390.61,188,203,0.00,0.00,0,0
1544352521,3003-eth2,8981.02,0.00,8981.02,0,8990,95.90,0.00,95.90,0,96,0.00,0.00,0,0
1544352521,2007-eth1,793478.56,0.00,793478.56,0,794272,274.73,0.00,274.73,0,275,0.00,0.00,0,0
1544352521,1002-eth4,15890.11,59.94,15950.05,60,15906,240.76,1.00,241.76,1,241,0.00,0.00,0,0
1544352521,3002-eth4,26235.77,1222677.38,1248913.12,1223900,26262,397.60,421.58,819.18,422,398,0.00,0.00,0,0
1544352521,2007-eth3,15950.05,793418.62,809368.62,794212,15966,241.76,273.73,515.48,274,242,0.00,0.00,0,0
1544352521,3005-eth1,589112.88,12395.60,601508.50,12408,589702,202.80,187.81,390.61,188,203,0.00,0.00,0,0
1544352521,2001-eth4,59.94,59.94,119.88,60,60,1.00,1.00,2.00,1,1,0.00,0.00,0,0
1544352521,3003-eth4,26241.76,1222677.38,1248919.12,1223900,26268,397.60,421.58,819.18,422,398,0.00,0.00,0,0
1544352521,2004-eth1,0.00,0.00,0.00,0,0,0.00,0.00,0.00,0,0,0.00,0.00,0,0
1544352521,3006-eth4,1220313.75,1222090.00,2442403.75,1223312,1221534,802.20,807.19,1609.39,808,803,0.00,0.00,0,0
1544352521,3007-eth1,793418.62,15950.05,809368.62,15966,794212,273.73,241.76,515.48,242,274,0.00,0.00,0,0
1544352521,2008-eth1,1196046.00,26109.89,1222155.88,26136,1197242,412.59,395.60,808.19,396,413,0.00,0.00,0,0
1544352521,2002-eth2,0.00,0.00,0.00,0,0,0.00,0.00,0.00,0,0,0.00,0.00,0,0
1544352521,2003-eth1,294985.03,8921.08,303906.09,8930,295280,107.89,94.91,202.80,95,108,0.00,0.00,0,0
1544352521,3008-eth4,1224449.62,1222155.88,2446605.50,1223378,1225674,799.20,808.19,1607.39,809,800,0.00,0.00,0,0
1544352521,1004-eth4,0.00,0.00,0.00,0,0,0.00,0.00,0.00,0,0,0.00,0.00,0,0
1544352521,3006-eth1,12395.60,589112.88,601508.50,589702,12408,187.81,202.80,390.61,203,188,0.00,0.00,0,0
1544352521,1004-eth3,0.00,0.00,0.00,0,0,0.00,0.00,0.00,0,0,0.00,0.00,0,0
1544352521,1002-eth2,0.00,0.00,0.00,0,0,0.00,0.00,0.00,0,0,0.00,0.00,0,0
1544352521,3004-eth3,1222307.75,321358.66,1543666.38,321680,1223530,524.48,507.49,1031.97,508,525,0.00,0.00,0,0
1544352521,2003-eth3,20327.67,538809.19,559136.88,539348,20348,267.73,185.81,453.55,186,268,0.00,0.00,0,0
1544352521,2005-eth1,0.00,0.00,0.00,0,0,0.00,0.00,0.00,0,0,0.00,0.00,0,0
1544352521,3002-eth3,1219482.50,375486.53,1594969.12,375862,1220702,606.39,582.42,1188.81,583,607,0.00,0.00,0,0
1544352521,3006-eth3,1209694.38,659542.50,1869236.88,660202,1210904,619.38,612.39,1231.77,613,620,0.00,0.00,0,0
1544352521,2001-eth1,8981.02,1097280.75,1106261.75,1098378,8990,95.90,384.62,480.52,385,96,0.00,0.00,0,0
1544352521,3005-eth2,26169.83,1196046.00,1222215.88,1197242,26196,396.60,412.59,809.19,413,397,0.00,0.00,0,0
1544352521,2001-eth2,15950.05,0.00,15950.05,0,15966,241.76,0.00,241.76,0,242,0.00,0.00,0,0
1544352521,3007-eth2,0.00,0.00,0.00,0,0,0.00,0.00,0.00,0,0,0.00,0.00,0,0
1544352521,1001-eth1,1097280.75,8981.02,1106261.75,8990,1098378,384.62,95.90,480.52,96,385,0.00,0.00,0,0
1544352521,3007-eth4,26373.63,1222677.38,1249051.00,1223900,26400,399.60,421.58,821.18,422,400,0.00,0.00,0,0
1544352521,2003-eth2,0.00,0.00,0.00,0,0,0.00,0.00,0.00,0,0,0.00,0.00,0,0
1544352521,3007-eth3,1218447.62,819726.31,2038173.88,820546,1219666,664.34,672.33,1336.66,673,665,0.00,0.00,0,0
1544352521,1002-eth1,0.00,15950.05,15950.05,15966,0,0.00,241.76,241.76,242,0,0.00,0.00,0,0
1544352521,2002-eth3,349310.69,17748.25,367058.94,17766,349660,185.81,188.81,374.63,189,186,0.00,0.00,0,0
1544352521,2007-eth2,59.94,15890.11,15950.05,15906,60,1.00,240.76,241.76,241,1,0.00,0.00,0,0
1544352521,total,25934542.00,25655296.00,51589836.00,25680950,25960476,17206.79,17283.72,34490.51,17301,17224,0.00,0.00,0,0
1544352522,3003-eth3,1214751.25,559132.88,1773884.12,559692,1215966,586.41,581.42,1167.83,582,587,0.00,0.00,0,0
1544352522,2002-eth1,0.00,0.00,0.00,0,0,0.00,0.00,0.00,0,0,0.00,0.00,0,0
1544352522,lo,63718.29,63718.29,127436.57,63782,63782,293.71,293.71,587.41,294,294,0.00,0.00,0,0
1544352522,3005-eth3,1188139.88,609656.38,1797796.25,610266,1189328,358.64,360.64,719.28,361,359,0.00,0.00,0,0
1544352522,2005-eth3,12527.47,599562.44,612089.94,600162,12540,189.81,207.79,397.60,208,190,0.00,0.00,0,0
1544352522,3004-eth4,14637.36,689786.25,704423.62,690476,14652,221.78,237.76,459.54,238,222,0.00,0.00,0,0
1544352522,1004-eth2,0.00,0.00,0.00,0,0,0.00,0.00,0.00,0,0,0.00,0.00,0,0
1544352522,2004-eth4,11550.45,0.00,11550.45,0,11562,122.88,0.00,122.88,0,123,0.00,0.00,0,0
1544352522,1001-eth2,11550.45,258697.31,270247.75,258956,11562,122.88,149.85,272.73,150,123,0.00,0.00,0,0
1544352522,1003-eth3,1184209.88,25708.29,1209918.12,25734,1185394,408.59,389.61,798.20,390,409,0.00,0.00,0,0
1544352522,2002-eth4,24321.68,279872.12,304193.81,280152,24346,258.74,163.84,422.58,164,259,0.00,0.00,0,0
1544352522,1001-eth4,0.00,827480.56,827480.56,828308,0,0.00,285.71,285.71,286,0,0.00,0.00,0,0
1544352522,3001-eth2,24321.68,279872.12,304193.81,280152,24346,258.74,163.84,422.58,164,259,0.00,0.00,0,0
1544352522,1004-eth1,0.00,0.00,0.00,0,0,0.00,0.00,0.00,0,0,0.00,0.00,0,0
1544352522,3005-eth4,1194423.62,1201266.75,2395690.25,1202468,1195618,563.44,557.44,1120.88,558,564,0.00,0.00,0,0
1544352522,1003-eth2,0.00,0.00,0.00,0,0,0.00,0.00,0.00,0,0,0.00,0.00,0,0
1544352522,3008-eth1,0.00,0.00,0.00,0,0,0.00,0.00,0.00,0,0,0.00,0.00,0,0
1544352522,1002-eth3,0.00,0.00,0.00,0,0,0.00,0.00,0.00,0,0,0.00,0.00,0,0
1544352522,2006-eth1,25708.29,1184209.88,1209918.12,1185394,25734,389.61,408.59,798.20,409,390,0.00,0.00,0,0
1544352522,3003-eth1,532891.12,23088.91,555980.06,23112,533424,183.82,297.70,481.52,298,184,0.00,0.00,0,0
1544352522,2001-eth3,1086177.88,30275.72,1116453.62,30306,1087264,435.56,406.59,842.16,407,436,0.00,0.00,0,0
1544352522,2008-eth2,59.94,0.00,59.94,0,60,1.00,0.00,1.00,0,1,0.00,0.00,0,0
1544352522,2008-eth3,59.94,59.94,119.88,60,60,1.00,1.00,2.00,1,1,0.00,0.00,0,0
1544352522,1001-eth3,0.00,0.00,0.00,0,0,0.00,0.00,0.00,0,0,0.00,0.00,0,0
1544352522,2007-eth4,0.00,0.00,0.00,0,0,0.00,0.00,0.00,0,0,0.00,0.00,0,0
1544352522,2004-eth2,0.00,0.00,0.00,0,0,0.00,0.00,0.00,0,0,0.00,0.00,0,0
1544352522,3002-eth1,0.00,0.00,0.00,0,0,0.00,0.00,0.00,0,0,0.00,0.00,0,0
1544352522,3004-eth1,270235.78,532891.12,803126.88,533424,270506,324.68,183.82,508.49,184,325,0.00,0.00,0,0
1544352522,2006-eth3,1184269.75,25648.35,1209918.12,25674,1185454,409.59,388.61,798.20,389,410,0.00,0.00,0,0
1544352522,3004-eth2,0.00,11550.45,11550.45,11562,0,0.00,122.88,122.88,123,0,0.00,0.00,0,0
1544352522,3001-eth3,1216833.25,530745.25,1747578.50,531276,1218050,740.26,677.32,1417.58,678,741,0.00,0.00,0,0
1544352522,2003-eth4,532891.12,270235.78,803126.88,270506,533424,183.82,324.68,508.49,325,184,0.00,0.00,0,0
1544352522,2008-eth4,25708.29,1190127.88,1215836.25,1191318,25734,389.61,410.59,800.20,411,390,0.00,0.00,0,0
1544352522,3008-eth3,25846.15,1216759.25,1242605.38,1217976,25872,391.61,419.58,811.19,420,392,0.00,0.00,0,0
1544352522,2005-eth2,0.00,0.00,0.00,0,0,0.00,0.00,0.00,0,0,0.00,0.00,0,0
1544352522,2006-eth4,59.94,59.94,119.88,60,60,1.00,1.00,2.00,1,1,0.00,0.00,0,0
1544352522,3006-eth2,59.94,59.94,119.88,60,60,1.00,1.00,2.00,1,1,0.00,0.00,0,0
1544352522,1003-eth4,25648.35,1187168.88,1212817.25,1188356,25674,388.61,409.59,798.20,410,389,0.00,0.00,0,0
1544352522,2006-eth2,59.94,0.00,59.94,0,60,1.00,0.00,1.00,0,1,0.00,0.00,0,0
1544352522,3001-eth1,30275.72,1086177.88,1116453.62,1087264,30306,406.59,435.56,842.16,436,407,0.00,0.00,0,0
1544352522,3008-eth2,1190127.88,25708.29,1215836.25,25734,1191318,410.59,389.61,800.20,390,411,0.00,0.00,0,0
1544352522,2004-eth3,0.00,11550.45,11550.45,11562,0,0.00,122.88,122.88,123,0,0.00,0.00,0,0
1544352522,3001-eth4,1220363.62,673602.44,1893966.12,674276,1221584,715.28,751.25,1466.53,752,716,0.00,0.00,0,0
1544352522,1003-eth1,0.00,0.00,0.00,0,0,0.00,0.00,0.00,0,0,0.00,0.00,0,0
1544352522,3002-eth2,279872.12,24321.68,304193.81,24346,280152,163.84,258.74,422.58,259,164,0.00,0.00,0,0
1544352522,2005-eth4,599502.50,12587.41,612089.94,12600,600102,206.79,190.81,397.60,191,207,0.00,0.00,0,0
1544352522,3003-eth2,11550.45,0.00,11550.45,0,11562,122.88,0.00,122.88,0,123,0.00,0.00,0,0
1544352522,2007-eth1,827480.56,0.00,827480.56,0,828308,285.71,0.00,285.71,0,286,0.00,0.00,0,0
1544352522,1002-eth4,18725.28,0.00,18725.28,0,18744,283.72,0.00,283.72,0,284,0.00,0.00,0,0
1544352522,3002-eth4,26109.89,1216759.25,1242869.12,1217976,26136,395.60,419.58,815.18,420,396,0.00,0.00,0,0
1544352522,2007-eth3,18725.28,827480.56,846205.81,828308,18744,283.72,285.71,569.43,286,284,0.00,0.00,0,0
1544352522,3005-eth1,599562.44,12527.47,612089.94,12540,600162,207.79,189.81,397.60,190,208,0.00,0.00,0,0
1544352522,2001-eth4,0.00,0.00,0.00,0,0,0.00,0.00,0.00,0,0,0.00,0.00,0,0
1544352522,3003-eth4,26175.82,1216759.25,1242935.12,1217976,26202,396.60,419.58,816.18,420,397,0.00,0.00,0,0
1544352522,2004-eth1,0.00,0.00,0.00,0,0,0.00,0.00,0.00,0,0,0.00,0.00,0,0
1544352522,3006-eth4,1212547.50,1215974.00,2428521.50,1217190,1213760,794.21,802.20,1596.40,803,795,0.00,0.00,0,0
1544352522,3007-eth1,827480.56,18725.28,846205.81,18744,828308,285.71,283.72,569.43,284,286,0.00,0.00,0,0
1544352522,2008-eth1,1187168.88,25648.35,1212817.25,25674,1188356,409.59,388.61,798.20,389,410,0.00,0.00,0,0
1544352522,2002-eth2,0.00,0.00,0.00,0,0,0.00,0.00,0.00,0,0,0.00,0.00,0,0
1544352522,2003-eth1,258697.31,11550.45,270247.75,11562,258956,149.85,122.88,272.73,123,150,0.00,0.00,0,0
1544352522,3008-eth4,1212685.38,1218933.12,2431618.50,1220152,1213898,796.20,803.20,1599.40,804,797,0.00,0.00,0,0
1544352522,1004-eth4,0.00,59.94,59.94,60,0,0.00,1.00,1.00,1,0,0.00,0.00,0,0
1544352522,3006-eth1,12587.41,599502.50,612089.94,600102,12600,190.81,206.79,397.60,207,191,0.00,0.00,0,0
1544352522,1004-eth3,0.00,59.94,59.94,60,0,0.00,1.00,1.00,1,0,0.00,0.00,0,0
1544352522,1002-eth2,0.00,0.00,0.00,0,0,0.00,0.00,0.00,0,0,0.00,0.00,0,0
1544352522,3004-eth3,1216277.75,284873.12,1501150.88,285158,1217494,600.40,546.45,1146.85,547,601,0.00,0.00,0,0
1544352522,2003-eth3,23088.91,532891.12,555980.06,533424,23112,297.70,183.82,481.52,184,298,0.00,0.00,0,0
1544352522,2005-eth1,0.00,0.00,0.00,0,0,0.00,0.00,0.00,0,0,0.00,0.00,0,0
1544352522,3002-eth3,1215732.25,305982.03,1521714.38,306288,1216948,622.38,559.44,1181.82,560,623,0.00,0.00,0,0
1544352522,3006-eth3,1203440.62,655005.00,1858445.62,655660,1204644,612.39,609.39,1221.78,610,613,0.00,0.00,0,0
1544352522,2001-eth1,11550.45,1086177.88,1097728.25,1087264,11562,122.88,435.56,558.44,436,123,0.00,0.00,0,0
1544352522,3005-eth2,25648.35,1184269.75,1209918.12,1185454,25674,388.61,409.59,798.20,410,389,0.00,0.00,0,0
1544352522,2001-eth2,18725.28,0.00,18725.28,0,18744,283.72,0.00,283.72,0,284,0.00,0.00,0,0
1544352522,3007-eth2,59.94,59.94,119.88,60,60,1.00,1.00,2.00,1,1,0.00,0.00,0,0
1544352522,1001-eth1,1086177.88,11550.45,1097728.25,11562,1087264,435.56,122.88,558.44,123,436,0.00,0.00,0,0
1544352522,3007-eth4,26301.70,1216759.25,1243061.00,1217976,26328,398.60,419.58,818.18,420,399,0.00,0.00,0,0
1544352522,2003-eth2,0.00,0.00,0.00,0,0,0.00,0.00,0.00,0,0,0.00,0.00,0,0
1544352522,3007-eth3,1216411.62,853722.31,2070133.88,854576,1217628,677.32,683.32,1360.64,684,678,0.00,0.00,0,0
1544352522,1002-eth1,0.00,18725.28,18725.28,18744,0,0.00,283.72,283.72,284,0,0.00,0.00,0,0
1544352522,2002-eth3,279872.12,24321.68,304193.81,24346,280152,163.84,258.74,422.58,259,164,0.00,0.00,0,0
1544352522,2007-eth2,0.00,18725.28,18725.28,18744,0,0.00,283.72,283.72,284,0,0.00,0.00,0,0
1544352522,total,25753588.00,25988626.00,51742212.00,26014614,25779340,18337.66,18314.69,36652.35,18333,18356,0.00,0.00,0,0
1544352523,3003-eth3,1224745.25,541576.44,1766321.75,542118,1225970,584.42,578.42,1162.84,579,585,0.00,0.00,0,0
1544352523,2002-eth1,59.94,0.00,59.94,0,60,1.00,0.00,1.00,0,1,0.00,0.00,0,0
1544352523,lo,7780.22,7780.22,15560.44,7788,7788,75.92,75.92,151.85,76,76,0.00,0.00,0,0
1544352523,3005-eth3,1195774.25,640957.06,1836731.38,641598,1196970,364.64,374.63,739.26,375,365,0.00,0.00,0,0
1544352523,2005-eth3,12917.08,630605.44,643522.50,631236,12930,195.80,217.78,413.59,218,196,0.00,0.00,0,0
1544352523,3004-eth4,15488.51,732725.31,748213.81,733458,15504,234.77,252.75,487.51,253,235,0.00,0.00,0,0
1544352523,1004-eth2,0.00,0.00,0.00,0,0,0.00,0.00,0.00,0,0,0.00,0.00,0,0
1544352523,2004-eth4,16135.86,59.94,16195.80,60,16152,171.83,1.00,172.83,1,172,0.00,0.00,0,0
1544352523,1001-eth2,16135.86,133484.52,149620.39,133618,16152,171.83,71.93,243.76,72,172,0.00,0.00,0,0
1544352523,1003-eth3,1204983.00,26373.63,1231356.62,26400,1206188,416.58,399.60,816.18,400,417,0.00,0.00,0,0
1544352523,2002-eth4,9620.38,391594.41,401214.78,391986,9630,128.87,212.79,341.66,213,129,0.00,0.00,0,0
1544352523,1001-eth4,0.00,814131.88,814131.88,814946,0,0.00,280.72,280.72,281,0,0.00,0.00,0,0
1544352523,3001-eth2,9620.38,391654.34,401274.75,392046,9630,128.87,213.79,342.66,214,129,0.00,0.00,0,0
1544352523,1004-eth1,0.00,59.94,59.94,60,0,0.00,1.00,1.00,1,0,0.00,0.00,0,0
1544352523,3005-eth4,1215274.75,1209290.75,2424565.50,1210500,1216490,572.43,569.43,1141.86,570,573,0.00,0.00,0,0
1544352523,1003-eth2,59.94,0.00,59.94,0,60,1.00,0.00,1.00,0,1,0.00,0.00,0,0
1544352523,3008-eth1,0.00,0.00,0.00,0,0,0.00,0.00,0.00,0,0,0.00,0.00,0,0
1544352523,1002-eth3,0.00,59.94,59.94,60,0,0.00,1.00,1.00,1,0,0.00,0.00,0,0
1544352523,2006-eth1,26373.63,1204983.00,1231356.62,1206188,26400,399.60,416.58,816.18,417,400,0.00,0.00,0,0
1544352523,3003-eth1,515136.88,27146.85,542283.75,27174,515652,177.82,338.66,516.48,339,178,0.00,0.00,0,0
1544352523,2001-eth3,944597.44,31498.50,976095.94,31530,945542,350.65,404.60,755.24,405,351,0.00,0.00,0,0
1544352523,2008-eth2,0.00,0.00,0.00,0,0,0.00,0.00,0.00,0,0,0.00,0.00,0,0
1544352523,2008-eth3,0.00,0.00,0.00,0,0,0.00,0.00,0.00,0,0,0.00,0.00,0,0
1544352523,1001-eth3,0.00,59.94,59.94,60,0,0.00,1.00,1.00,1,0,0.00,0.00,0,0
1544352523,2007-eth4,0.00,0.00,0.00,0,0,0.00,0.00,0.00,0,0,0.00,0.00,0,0
1544352523,2004-eth2,0.00,0.00,0.00,0,0,0.00,0.00,0.00,0,0,0.00,0.00,0,0
1544352523,3002-eth1,0.00,0.00,0.00,0,0,0.00,0.00,0.00,0,0,0.00,0.00,0,0
1544352523,3004-eth1,144495.52,515136.88,659632.38,515652,144640,238.76,177.82,416.58,178,239,0.00,0.00,0,0
1544352523,2006-eth3,1204923.12,26373.63,1231296.75,26400,1206128,415.58,399.60,815.18,400,416,0.00,0.00,0,0
1544352523,3004-eth2,59.94,16135.86,16195.80,16152,60,1.00,171.83,172.83,172,1,0.00,0.00,0,0
1544352523,3001-eth3,1219632.38,323798.22,1543430.62,324122,1220852,572.43,544.46,1116.88,545,573,0.00,0.00,0,0
1544352523,2003-eth4,515136.88,144495.52,659632.38,144640,515652,177.82,238.76,416.58,239,178,0.00,0.00,0,0
1544352523,2008-eth4,26373.63,1199005.00,1225378.62,1200204,26400,399.60,413.59,813.19,414,400,0.00,0.00,0,0
1544352523,3008-eth3,26175.82,1221230.75,1247406.62,1222452,26202,396.60,421.58,818.18,422,397,0.00,0.00,0,0
1544352523,2005-eth2,59.94,0.00,59.94,0,60,1.00,0.00,1.00,0,1,0.00,0.00,0,0
1544352523,2006-eth4,0.00,0.00,0.00,0,0,0.00,0.00,0.00,0,0,0.00,0.00,0,0
1544352523,3006-eth2,0.00,0.00,0.00,0,0,0.00,0.00,0.00,0,0,0.00,0.00,0,0
1544352523,1003-eth4,26373.63,1202024.00,1228397.62,1203226,26400,399.60,415.58,815.18,416,400,0.00,0.00,0,0
1544352523,2006-eth2,0.00,0.00,0.00,0,0,0.00,0.00,0.00,0,0,0.00,0.00,0,0
1544352523,3001-eth1,31498.50,944597.44,976095.94,945542,31530,404.60,350.65,755.24,351,405,0.00,0.00,0,0
1544352523,3008-eth2,1199005.00,26373.63,1225378.62,26400,1200204,413.59,399.60,813.19,400,414,0.00,0.00,0,0
1544352523,2004-eth3,0.00,16135.86,16135.86,16152,0,0.00,171.83,171.83,172,0,0.00,0.00,0,0
1544352523,3001-eth4,1238593.50,504849.16,1743442.62,505354,1239832,838.16,788.21,1626.37,789,839,0.00,0.00,0,0
1544352523,1003-eth1,0.00,59.94,59.94,60,0,0.00,1.00,1.00,1,0,0.00,0.00,0,0
1544352523,3002-eth2,391594.41,9620.38,401214.78,9630,391986,212.79,128.87,341.66,129,213,0.00,0.00,0,0
1544352523,2005-eth4,630665.38,12857.14,643522.50,12870,631296,218.78,194.81,413.59,195,219,0.00,0.00,0,0
1544352523,3003-eth2,16135.86,0.00,16135.86,0,16152,171.83,0.00,171.83,0,172,0.00,0.00,0,0
1544352523,2007-eth1,814131.88,0.00,814131.88,0,814946,280.72,0.00,280.72,0,281,0.00,0.00,0,0
1544352523,1002-eth4,15422.58,0.00,15422.58,0,15438,233.77,0.00,233.77,0,234,0.00,0.00,0,0
1544352523,3002-eth4,26241.76,1221230.75,1247472.50,1222452,26268,397.60,421.58,819.18,422,398,0.00,0.00,0,0
1544352523,2007-eth3,15362.64,814191.81,829554.44,815006,15378,232.77,281.72,514.49,282,233,0.00,0.00,0,0
1544352523,3005-eth1,630605.44,12917.08,643522.50,12930,631236,217.78,195.80,413.59,196,218,0.00,0.00,0,0
1544352523,2001-eth4,0.00,0.00,0.00,0,0,0.00,0.00,0.00,0,0,0.00,0.00,0,0
1544352523,3003-eth4,26505.50,1221230.75,1247736.25,1222452,26532,401.60,421.58,823.18,422,402,0.00,0.00,0,0
1544352523,2004-eth1,0.00,59.94,59.94,60,0,0.00,1.00,1.00,1,0,0.00,0.00,0,0
1544352523,3006-eth4,1221232.75,1225049.00,2446281.75,1226274,1222454,794.21,808.19,1602.40,809,795,0.00,0.00,0,0
1544352523,3007-eth1,814191.81,15362.64,829554.44,15378,815006,281.72,232.77,514.49,233,282,0.00,0.00,0,0
1544352523,2008-eth1,1202024.00,26373.63,1228397.62,26400,1203226,415.58,399.60,815.18,400,416,0.00,0.00,0,0
1544352523,2002-eth2,59.94,0.00,59.94,0,60,1.00,0.00,1.00,0,1,0.00,0.00,0,0
1544352523,2003-eth1,133484.52,16135.86,149620.39,16152,133618,71.93,171.83,243.76,172,72,0.00,0.00,0,0
1544352523,3008-eth4,1224323.75,1222221.75,2446545.50,1223444,1225548,797.20,809.19,1606.39,810,798,0.00,0.00,0,0
1544352523,1004-eth4,0.00,0.00,0.00,0,0,0.00,0.00,0.00,0,0,0.00,0.00,0,0
1544352523,3006-eth1,12857.14,630665.38,643522.50,631296,12870,194.81,218.78,413.59,219,195,0.00,0.00,0,0
1544352523,1004-eth3,0.00,0.00,0.00,0,0,0.00,0.00,0.00,0,0,0.00,0.00,0,0
1544352523,1002-eth2,59.94,59.94,119.88,60,60,1.00,1.00,2.00,1,1,0.00,0.00,0,0
1544352523,3004-eth3,1221688.38,159864.14,1381552.50,160024,1222910,502.50,471.53,974.03,472,503,0.00,0.00,0,0
1544352523,2003-eth3,27146.85,515136.88,542283.75,515652,27174,338.66,177.82,516.48,178,339,0.00,0.00,0,0
1544352523,2005-eth1,59.94,0.00,59.94,0,60,1.00,0.00,1.00,0,1,0.00,0.00,0,0
1544352523,3002-eth3,1223326.75,417836.19,1641162.88,418254,1224550,646.35,610.39,1256.74,611,647,0.00,0.00,0,0
1544352523,3006-eth3,1212257.75,665658.38,1877916.12,666324,1213470,614.39,617.38,1231.77,618,615,0.00,0.00,0,0
1544352523,2001-eth1,16135.86,944597.44,960733.31,945542,16152,171.83,350.65,522.48,351,172,0.00,0.00,0,0
1544352523,3005-eth2,26373.63,1204923.12,1231296.75,1206128,26400,399.60,415.58,815.18,416,400,0.00,0.00,0,0
1544352523,2001-eth2,15362.64,59.94,15422.58,60,15378,232.77,1.00,233.77,1,233,0.00,0.00,0,0
1544352523,3007-eth2,0.00,0.00,0.00,0,0,0.00,0.00,0.00,0,0,0.00,0.00,0,0
1544352523,1001-eth1,944597.44,16135.86,960733.31,16152,945542,350.65,171.83,522.48,172,351,0.00,0.00,0,0
1544352523,3007-eth4,26241.76,1221230.75,1247472.50,1222452,26268,397.60,421.58,819.18,422,398,0.00,0.00,0,0
1544352523,2003-eth2,59.94,59.94,119.88,60,60,1.00,1.00,2.00,1,1,0.00,0.00,0,0
1544352523,3007-eth3,1223836.25,840373.62,2064209.88,841214,1225060,680.32,678.32,1358.64,679,681,0.00,0.00,0,0
1544352523,1002-eth1,59.94,15362.64,15422.58,15378,60,1.00,232.77,233.77,233,1,0.00,0.00,0,0
1544352523,2002-eth3,391654.34,9620.38,401274.75,9630,392046,213.79,128.87,342.66,129,214,0.00,0.00,0,0
1544352523,2007-eth2,0.00,15422.58,15422.58,15438,0,0.00,233.77,233.77,234,0,0.00,0.00,0,0
1544352523,total,25550732.00,25378516.00,50929248.00,25403894,25576282,17711.29,17705.30,35416.58,17723,17729,0.00,0.00,0,0
1544352524,3003-eth3,1216197.88,553280.75,1769478.62,553834,1217414,586.41,580.42,1166.83,581,587,0.00,0.00,0,0
1544352524,2002-eth1,0.00,59.94,59.94,60,0,0.00,1.00,1.00,1,0,0.00,0.00,0,0
1544352524,lo,7780.22,7780.22,15560.44,7788,7788,75.92,75.92,151.85,76,76,0.00,0.00,0,0
1544352524,3005-eth3,1186963.12,654107.94,1841071.00,654762,1188150,362.64,376.62,739.26,377,363,0.00,0.00,0,0
1544352524,2005-eth3,12725.28,643888.12,656613.38,644532,12738,192.81,221.78,414.59,222,193,0.00,0.00,0,0
1544352524,3004-eth4,14769.23,717930.06,732699.31,718648,14784,223.78,247.75,471.53,248,224,0.00,0.00,0,0
1544352524,1004-eth2,59.94,59.94,119.88,60,60,1.00,1.00,2.00,1,1,0.00,0.00,0,0
1544352524,2004-eth4,6395.60,0.00,6395.60,0,6402,96.90,0.00,96.90,0,97,0.00,0.00,0,0
1544352524,1001-eth2,6455.54,396581.44,403036.97,396978,6462,97.90,156.84,254.75,157,98,0.00,0.00,0,0
1544352524,1003-eth3,1187168.88,26043.96,1213212.88,26070,1188356,409.59,394.61,804.20,395,410,0.00,0.00,0,0
1544352524,2002-eth4,10813.19,436689.31,447502.50,437126,10824,163.84,150.85,314.69,151,164,0.00,0.00,0,0
1544352524,1001-eth4,59.94,657236.75,657296.75,657894,60,1.00,226.77,227.77,227,1,0.00,0.00,0,0
1544352524,3001-eth2,10873.13,436689.31,447562.44,437126,10884,164.84,150.85,315.68,151,165,0.00,0.00,0,0
1544352524,1004-eth1,59.94,0.00,59.94,0,60,1.00,0.00,1.00,0,1,0.00,0.00,0,0
1544352524,3005-eth4,1197388.62,1200215.88,2397604.50,1201416,1198586,564.44,563.44,1127.87,564,565,0.00,0.00,0,0
1544352524,1003-eth2,0.00,59.94,59.94,60,0,0.00,1.00,1.00,1,0,0.00,0.00,0,0
1544352524,3008-eth1,0.00,0.00,0.00,0,0,0.00,0.00,0.00,0,0,0.00,0.00,0,0
1544352524,1002-eth3,0.00,0.00,0.00,0,0,0.00,0.00,0.00,0,0,0.00,0.00,0,0
1544352524,2006-eth1,26043.96,1187168.88,1213212.88,1188356,26070,394.61,409.59,804.20,410,395,0.00,0.00,0,0
1544352524,3003-eth1,527033.00,17862.14,544895.12,17880,527560,182.82,270.73,453.55,271,183,0.00,0.00,0,0
1544352524,2001-eth3,1052305.75,22483.52,1074789.25,22506,1053358,382.62,340.66,723.28,341,383,0.00,0.00,0,0
1544352524,2008-eth2,0.00,59.94,59.94,60,0,0.00,1.00,1.00,1,0,0.00,0.00,0,0
1544352524,2008-eth3,0.00,0.00,0.00,0,0,0.00,0.00,0.00,0,0,0.00,0.00,0,0
1544352524,1001-eth3,59.94,0.00,59.94,0,60,1.00,0.00,1.00,0,1,0.00,0.00,0,0
1544352524,2007-eth4,0.00,0.00,0.00,0,0,0.00,0.00,0.00,0,0,0.00,0.00,0,0
1544352524,2004-eth2,59.94,59.94,119.88,60,60,1.00,1.00,2.00,1,1,0.00,0.00,0,0
1544352524,3002-eth1,0.00,0.00,0.00,0,0,0.00,0.00,0.00,0,0,0.00,0.00,0,0
1544352524,3004-eth1,407988.03,527033.00,935021.00,527560,408396,329.67,182.82,512.49,183,330,0.00,0.00,0,0
1544352524,2006-eth3,1187168.88,26043.96,1213212.88,26070,1188356,409.59,394.61,804.20,395,410,0.00,0.00,0,0
1544352524,3004-eth2,0.00,6395.60,6395.60,6402,0,0.00,96.90,96.90,97,0,0.00,0.00,0,0
1544352524,3001-eth3,1218919.12,458805.22,1677724.38,459264,1220138,656.34,639.36,1295.70,640,657,0.00,0.00,0,0
1544352524,2003-eth4,527033.00,407988.03,935021.00,408396,527560,182.82,329.67,512.49,330,183,0.00,0.00,0,0
1544352524,2008-eth4,26043.96,1190187.88,1216231.75,1191378,26070,394.61,411.59,806.19,412,395,0.00,0.00,0,0
1544352524,3008-eth3,25846.15,1222677.38,1248523.50,1223900,25872,391.61,421.58,813.19,422,392,0.00,0.00,0,0
1544352524,2005-eth2,0.00,0.00,0.00,0,0,0.00,0.00,0.00,0,0,0.00,0.00,0,0
1544352524,2006-eth4,0.00,0.00,0.00,0,0,0.00,0.00,0.00,0,0,0.00,0.00,0,0
1544352524,3006-eth2,0.00,0.00,0.00,0,0,0.00,0.00,0.00,0,0,0.00,0.00,0,0
1544352524,1003-eth4,26103.90,1187168.88,1213272.75,1188356,26130,395.60,409.59,805.19,410,396,0.00,0.00,0,0
1544352524,2006-eth2,0.00,59.94,59.94,60,0,0.00,1.00,1.00,1,0,0.00,0.00,0,0
1544352524,3001-eth1,22483.52,1052305.75,1074789.25,1053358,22506,340.66,382.62,723.28,383,341,0.00,0.00,0,0
1544352524,3008-eth2,1190187.88,26043.96,1216231.75,26070,1191378,411.59,394.61,806.19,395,412,0.00,0.00,0,0
1544352524,2004-eth3,59.94,6395.60,6455.54,6402,60,1.00,96.90,97.90,97,1,0.00,0.00,0,0
1544352524,3001-eth4,1232084.00,754507.50,1986591.50,755262,1233316,805.19,714.29,1519.48,715,806,0.00,0.00,0,0
1544352524,1003-eth1,59.94,0.00,59.94,0,60,1.00,0.00,1.00,0,1,0.00,0.00,0,0
1544352524,3002-eth2,436689.31,10813.19,447502.50,10824,437126,150.85,163.84,314.69,164,151,0.00,0.00,0,0
1544352524,2005-eth4,643888.12,12725.28,656613.38,12738,644532,221.78,192.81,414.59,193,222,0.00,0.00,0,0
1544352524,3003-eth2,6395.60,59.94,6455.54,60,6402,96.90,1.00,97.90,1,97,0.00,0.00,0,0
1544352524,2007-eth1,657236.75,59.94,657296.75,60,657894,226.77,1.00,227.77,1,227,0.00,0.00,0,0
1544352524,1002-eth4,16087.91,0.00,16087.91,0,16104,243.76,0.00,243.76,0,244,0.00,0.00,0,0
1544352524,3002-eth4,26373.63,1222677.38,1249051.00,1223900,26400,399.60,421.58,821.18,422,400,0.00,0.00,0,0
1544352524,2007-eth3,16087.91,657236.75,673324.69,657894,16104,243.76,226.77,470.53,227,244,0.00,0.00,0,0
1544352524,3005-eth1,643888.12,12725.28,656613.38,12738,644532,221.78,192.81,414.59,193,222,0.00,0.00,0,0
1544352524,2001-eth4,0.00,0.00,0.00,0,0,0.00,0.00,0.00,0,0,0.00,0.00,0,0
1544352524,3003-eth4,26367.63,1222677.38,1249045.00,1223900,26394,399.60,421.58,821.18,422,400,0.00,0.00,0,0
1544352524,2004-eth1,59.94,0.00,59.94,0,60,1.00,0.00,1.00,0,1,0.00,0.00,0,0
1544352524,3006-eth4,1220705.38,1216105.88,2436811.25,1217322,1221926,786.21,804.20,1590.41,805,787,0.00,0.00,0,0
1544352524,3007-eth1,657236.75,16087.91,673324.69,16104,657894,226.77,243.76,470.53,244,227,0.00,0.00,0,0
1544352524,2008-eth1,1187168.88,26103.90,1213272.75,26130,1188356,409.59,395.60,805.19,396,410,0.00,0.00,0,0
1544352524,2002-eth2,0.00,59.94,59.94,60,0,0.00,1.00,1.00,1,0,0.00,0.00,0,0
1544352524,2003-eth1,396581.44,6455.54,403036.97,6462,396978,156.84,97.90,254.75,98,157,0.00,0.00,0,0
1544352524,3008-eth4,1218669.38,1215974.00,2434643.50,1217190,1219888,799.20,802.20,1601.40,803,800,0.00,0.00,0,0
1544352524,1004-eth4,59.94,0.00,59.94,0,60,1.00,0.00,1.00,0,1,0.00,0.00,0,0
1544352524,3006-eth1,12725.28,643888.12,656613.38,644532,12738,192.81,221.78,414.59,222,193,0.00,0.00,0,0
1544352524,1004-eth3,59.94,0.00,59.94,0,60,1.00,0.00,1.00,0,1,0.00,0.00,0,0
1544352524,1002-eth2,0.00,0.00,0.00,0,0,0.00,0.00,0.00,0,0,0.00,0.00,0,0
1544352524,3004-eth3,1220991.00,422757.25,1643748.25,423180,1222212,571.43,553.45,1124.88,554,572,0.00,0.00,0,0
1544352524,2003-eth3,17862.14,527033.00,544895.12,527560,17880,270.73,182.82,453.55,183,271,0.00,0.00,0,0
1544352524,2005-eth1,0.00,59.94,59.94,60,0,0.00,1.00,1.00,1,0,0.00,0.00,0,0
1544352524,3002-eth3,1219610.38,463062.94,1682673.38,463526,1220830,550.45,550.45,1100.90,551,551,0.00,0.00,0,0
1544352524,3006-eth3,1203380.62,677098.94,1880479.62,677776,1204584,611.39,615.38,1226.77,616,612,0.00,0.00,0,0
1544352524,2001-eth1,6389.22,1052826.38,1059215.62,1054932,6402,96.81,384.23,481.04,385,97,0.00,0.00,0,0
1544352524,3005-eth2,26017.96,1185984.12,1212002.00,1188356,26070,394.21,409.18,803.39,410,395,0.00,0.00,0,0
1544352524,2001-eth2,16071.86,0.00,16071.86,0,16104,243.51,0.00,243.51,0,244,0.00,0.00,0,0
1544352524,3007-eth2,0.00,0.00,0.00,0,0,0.00,0.00,0.00,0,0,0.00,0.00,0,0
1544352524,1001-eth1,1052826.38,6389.22,1059215.62,6402,1054932,384.23,96.81,481.04,97,385,0.00,0.00,0,0
1544352524,3007-eth4,26347.31,1218501.00,1244848.38,1220938,26400,399.20,420.16,819.36,421,400,0.00,0.00,0,0
1544352524,2003-eth2,0.00,0.00,0.00,0,0,0.00,0.00,0.00,0,0,0.00,0.00,0,0
1544352524,3007-eth3,1223794.50,683059.88,1906854.38,684426,1226242,631.74,627.74,1259.48,629,633,0.00,0.00,0,0
1544352524,1002-eth1,0.00,16137.72,16137.72,16170,0,0.00,244.51,244.51,245,0,0.00,0.00,0,0
1544352524,2002-eth3,436253.50,10862.28,447115.78,10884,437126,150.70,164.67,315.37,165,151,0.00,0.00,0,0
1544352524,2007-eth2,0.00,16137.72,16137.72,16170,0,0.00,244.51,244.51,245,0,0.00,0.00,0,0
1544352524,total,25919908.00,26345298.00,52265208.00,26397988,25971748,17292.42,17315.37,34607.79,17350,17327,0.00,0.00,0,0
